time,edge_id,vehicle_count
60.0,-260882327,1
60.0,-49695726,4
60.0,-51362430,2
60.0,-545977624#2,7
60.0,-593847703#3,3
60.0,-593847704#2,9
60.0,-594658757#2,2
60.0,1068234498#0,7
60.0,1068234499#0,6
60.0,1068440001,2
60.0,1068440006#0,5
60.0,1239087513,1
60.0,182334378#0,2
60.0,182336886,1
60.0,196961215#0,9
60.0,196961215#2,2
60.0,196961377#0,14
60.0,196961377#3,5
60.0,232003903#0,2
60.0,241518668#0,3
60.0,244450512#0,1
60.0,244450512#1,1
60.0,244450512#5,2
60.0,268564473#0,5
60.0,288878926#0,2
60.0,30620492#0,5
60.0,30620492#1,4
60.0,336063376#0,3
60.0,353392316#0,2
60.0,484988952#0,1
60.0,48794887#0,8
60.0,49073272#3,1
60.0,49073272#4,1
60.0,49695726,3
60.0,49695733#2,2
60.0,506322841#1,4
60.0,506322841#4,1
60.0,506322851#0,5
60.0,51289045#3,1
60.0,51362429#0,4
60.0,51362431,2
60.0,593842812#2,10
60.0,593844221#0,1
60.0,593849711#0,1
60.0,593849711#2,8
60.0,593849715,1
60.0,593852345#0,9
60.0,593852346,1
60.0,594658762#0,3
60.0,:11510670762_0,1
60.0,:3086736518_0,1
60.0,:619136999_2,1
60.0,:622618230_0,1
60.0,:655375232_0,1
60.0,:656132499_0,1
60.0,:cluster_3208478133_655375293_655375296_9631728504_#1more_11,1
60.0,:cluster_3431431575_4777363357_655375231_6982059025_12,1
60.0,:cluster_619136929_619136942_8,1
60.0,:cluster_623980090_623980094_1,2
60.0,:cluster_623980147_623980152_6,1
60.0,E0,4
80.0,-260882327,1
80.0,-49695726,4
80.0,-51362430,4
80.0,-545977624#2,6
80.0,-593847703#3,3
80.0,-593847704#2,11
80.0,-594658757#2,3
80.0,-E0,1
80.0,1068234498#0,7
80.0,1068234499#0,6
80.0,1068440001,5
80.0,1068440004#1,1
80.0,1068440006#0,8
80.0,1239087513,1
80.0,182336886,1
80.0,196961215#0,16
80.0,196961377#0,16
80.0,196961377#3,11
80.0,196961378#1,2
80.0,196961379#0,1
80.0,232003903#0,2
80.0,241518668#0,1
80.0,244450512#0,1
80.0,244450512#5,2
80.0,268564473#0,7
80.0,288135626#0,2
80.0,288878926#0,4
80.0,30620492#0,7
80.0,30620492#1,2
80.0,314800955,1
80.0,336063376#0,1
80.0,353392316#0,3
80.0,420578931#1,1
80.0,48794887#0,8
80.0,49073272#0,1
80.0,49073272#1,1
80.0,49073272#4,2
80.0,49695726,3
80.0,49695733#2,2
80.0,506322840#0,2
80.0,506322841#1,4
80.0,506322841#3,1
80.0,506322851#0,5
80.0,51289045#3,1
80.0,51289045#5,1
80.0,51362359#0,1
80.0,51362429#0,2
80.0,51362431,4
80.0,593842812#0,2
80.0,593842812#2,8
80.0,593844216#0,4
80.0,593847702#3,1
80.0,593849711#2,11
80.0,593849715,1
80.0,593849721,1
80.0,593852345#0,9
80.0,593852346,1
80.0,594658762#0,1
80.0,:11510670762_0,1
80.0,:2749340167_0,1
80.0,:3086736518_0,1
80.0,:3208478128_0,1
80.0,:3431431576_0,1
80.0,:622618144_4,1
80.0,:655375336_29,1
80.0,:656132498_0,1
80.0,:cluster_3208478133_655375293_655375296_9631728504_#1more_1,5
80.0,:cluster_5372642442_631668976_631668981_631669076_12,4
80.0,:cluster_623980090_623980094_5,1
80.0,:cluster_9383263990_9383263991_9383263992_9383263993_10,2
80.0,:cluster_9383263990_9383263991_9383263992_9383263993_21,1
80.0,E0,8
100.0,-1334905223#2,3
100.0,-260882327,1
100.0,-49073264#1,1
100.0,-49695726,3
100.0,-51362430,5
100.0,-545977624#2,4
100.0,-593847703#3,7
100.0,-593847704#2,14
100.0,-594658757#2,3
100.0,-E0,1
100.0,1068234498#0,5
100.0,1068234499#0,5
100.0,1068440001,5
100.0,1068440004#1,1
100.0,1068440006#0,8
100.0,1239087513,1
100.0,182334378#0,1
100.0,182334379#0,5
100.0,182336886,1
100.0,196961215#0,24
100.0,196961377#0,23
100.0,196961377#3,11
100.0,196961378#1,5
100.0,196961379#0,1
100.0,232003903#0,2
100.0,241518668#0,1
100.0,244450512#1,1
100.0,244450512#5,2
100.0,268564473#0,2
100.0,288135626#0,8
100.0,288878926#0,1
100.0,288878927,2
100.0,30620492#0,4
100.0,30620492#1,3
100.0,314800955,1
100.0,353392316#0,3
100.0,484988952#0,2
100.0,48794887#0,9
100.0,49073272#3,1
100.0,49073272#4,2
100.0,49695726,3
100.0,49695733#2,2
100.0,49695736#0,4
100.0,506322840#0,2
100.0,506322841#1,4
100.0,506322851#0,6
100.0,506322853#0,1
100.0,51289045#3,1
100.0,51362429#0,7
100.0,51362431,5
100.0,51392936#0,1
100.0,593842812#0,1
100.0,593842812#2,3
100.0,593844216#0,3
100.0,593844221#0,1
100.0,593847702#3,1
100.0,593847703#0,5
100.0,593849711#0,2
100.0,593849711#2,7
100.0,593849721,1
100.0,593852345#0,2
100.0,593852346,1
100.0,594658762#0,2
100.0,:11510670762_0,1
100.0,:2444664370_0,1
100.0,:2749340167_0,1
100.0,:3208478121_1,1
100.0,:3208478128_0,1
100.0,:619137000_1,1
100.0,:622618108_1,1
100.0,:655375232_6,1
100.0,:655375233_0,1
100.0,:655375336_29,4
100.0,:655375336_48,1
100.0,:656132498_0,1
100.0,:cluster_2528018119_655375236_16,1
100.0,:cluster_2528018119_655375236_23,1
100.0,:cluster_2528018119_655375236_7,1
100.0,:cluster_3208478133_655375293_655375296_9631728504_#1more_1,3
100.0,:cluster_4374470814_4374470816_656132411_656132475_4,1
100.0,:cluster_5372642442_631668976_631668981_631669076_12,1
100.0,:cluster_623980090_623980094_5,2
100.0,:cluster_623980147_623980152_3,1
100.0,:cluster_9383263990_9383263991_9383263992_9383263993_10,1
100.0,:cluster_9383263990_9383263991_9383263992_9383263993_21,1
100.0,E0,9
120.0,-260882327,1
120.0,-49073264#1,1
120.0,-49695726,3
120.0,-51362430,8
120.0,-545977624#2,4
120.0,-593847703#3,12
120.0,-593847704#2,16
120.0,-594658757#2,3
120.0,-E0,1
120.0,1068234498#0,6
120.0,1068234499#0,5
120.0,1068440001,5
120.0,1068440004#1,1
120.0,1068440006#0,8
120.0,1239087513,1
120.0,182334378#0,5
120.0,182334379#0,7
120.0,182336886,1
120.0,196961215#0,22
120.0,196961215#2,5
120.0,196961377#0,27
120.0,196961377#3,11
120.0,232003903#0,2
120.0,241518668#0,1
120.0,244450512#4,1
120.0,244450512#5,2
120.0,263217603#0,1
120.0,268564473#0,3
120.0,288135626#0,9
120.0,30620492#0,3
120.0,30620492#1,2
120.0,314800955,1
120.0,353392316#0,3
120.0,484988952#0,1
120.0,48794887#0,8
120.0,49073272#1,2
120.0,49073272#3,3
120.0,49073272#4,4
120.0,49073274,1
120.0,49695726,2
120.0,49695733#0,1
120.0,49695733#2,2
120.0,49695736#0,2
120.0,506322840#0,3
120.0,506322841#1,3
120.0,506322841#3,1
120.0,506322851#0,5
120.0,51289045#3,1
120.0,51362359#0,1
120.0,51362429#0,9
120.0,51362431,6
120.0,51392936#0,1
120.0,545977624#0,2
120.0,593842812#0,1
120.0,593842812#2,3
120.0,593844221#0,1
120.0,593847703#0,15
120.0,593849711#0,1
120.0,593849711#2,2
120.0,593849715,1
120.0,593852345#0,5
120.0,594658762#0,3
120.0,:11510670762_0,1
120.0,:3208478128_0,1
120.0,:631668826_0,1
120.0,:655375244_0,1
120.0,:655375336_29,5
120.0,:cluster_2528018119_655375236_16,2
120.0,:cluster_2528018119_655375236_7,1
120.0,:cluster_2664674491_655375287_655375288_3,1
120.0,:cluster_3208478133_655375293_655375296_9631728504_#1more_1,1
120.0,:cluster_4374470814_4374470816_656132411_656132475_6,1
120.0,:cluster_5372642442_631668976_631668981_631669076_12,1
120.0,:cluster_623980147_623980152_6,2
120.0,:cluster_9383263990_9383263991_9383263992_9383263993_10,2
120.0,:cluster_9383263990_9383263991_9383263992_9383263993_21,1
120.0,E0,9
140.0,-1334905223#2,2
140.0,-260882327,2
140.0,-49073264#1,2
140.0,-49695726,3
140.0,-51362430,10
140.0,-545977624#2,7
140.0,-593847703#3,16
140.0,-593847704#2,19
140.0,-594658757#2,3
140.0,-E0,1
140.0,1068234498#0,10
140.0,1068234499#0,6
140.0,1068440001,5
140.0,1068440004#1,1
140.0,1068440006#0,6
140.0,1239087513,1
140.0,182334378#0,9
140.0,182334379#0,5
140.0,182336886,1
140.0,196961215#0,17
140.0,196961215#2,4
140.0,196961377#0,27
140.0,196961377#3,5
140.0,196961379#0,1
140.0,232003903#0,2
140.0,241518668#0,9
140.0,244450512#1,1
140.0,244450512#4,1
140.0,244450512#5,2
140.0,260881642#0,1
140.0,268564473#0,5
140.0,288135626#0,5
140.0,288135628#0,2
140.0,288878926#0,3
140.0,30620492#0,1
140.0,30620492#1,1
140.0,353392316#0,4
140.0,420578931#0,1
140.0,48794887#0,10
140.0,49073272#3,2
140.0,49073272#4,3
140.0,49695726,2
140.0,49695733#2,1
140.0,49695736#0,3
140.0,506322840#0,3
140.0,506322841#1,4
140.0,506322851#0,5
140.0,51289045#3,1
140.0,51362429#0,9
140.0,51362431,6
140.0,51392936#0,1
140.0,593842812#0,1
140.0,593842812#2,4
140.0,593844221#0,2
140.0,593847703#0,17
140.0,593849711#2,3
140.0,593849715,1
140.0,593849718#0,3
140.0,593852345#0,8
140.0,593852346,2
140.0,594658762#0,3
140.0,:11510670762_0,1
140.0,:2444664370_0,1
140.0,:3208478128_0,2
140.0,:622618108_1,1
140.0,:622618112_0,1
140.0,:631668826_0,1
140.0,:655375336_2,2
140.0,:cluster_2664674491_655375287_655375288_3,1
140.0,:cluster_3208478133_655375293_655375296_9631728504_#1more_1,1
140.0,:cluster_3431431575_4777363357_655375231_6982059025_3,1
140.0,:cluster_5372642442_631668976_631668981_631669076_25,1
140.0,:cluster_623980090_623980094_1,2
140.0,:cluster_623980147_623980152_6,1
140.0,E0,9
160.0,-1334905223#2,2
160.0,-260882327,1
160.0,-49073264#1,2
160.0,-49695726,3
160.0,-51362430,7
160.0,-545977624#2,5
160.0,-593847703#3,8
160.0,-593847704#2,21
160.0,-594658757#2,5
160.0,-E0,1
160.0,1068234498#0,14
160.0,1068234499#0,9
160.0,1068440001,3
160.0,1068440004#1,1
160.0,1068440006#0,6
160.0,182334378#0,9
160.0,182334379#0,5
160.0,182336886,1
160.0,196961215#0,21
160.0,196961215#2,8
160.0,196961377#0,18
160.0,196961377#3,6
160.0,196961379#0,1
160.0,232003903#0,2
160.0,241518668#0,4
160.0,244450512#4,3
160.0,244450512#5,2
160.0,259080307#0,1
160.0,260881641,1
160.0,268564473#0,4
160.0,288135626#0,3
160.0,288878926#0,3
160.0,288878927,1
160.0,30620492#0,2
160.0,30620492#1,3
160.0,336063376#0,3
160.0,353392316#0,4
160.0,48794887#0,8
160.0,49073272#3,2
160.0,49073272#4,5
160.0,49695726,2
160.0,49695733#2,1
160.0,49695736#0,3
160.0,506322841#1,4
160.0,506322841#3,1
160.0,506322841#4,1
160.0,506322851#0,6
160.0,51289045#3,1
160.0,51362359#0,1
160.0,51362429#0,9
160.0,51362431,7
160.0,51392936#0,1
160.0,593842812#0,2
160.0,593842812#2,9
160.0,593844221#0,3
160.0,593847702#0,5
160.0,593847702#3,1
160.0,593847703#0,10
160.0,593847704#0,1
160.0,593849711#2,5
160.0,593849718#0,3
160.0,593852345#0,10
160.0,593852346,1
160.0,594658762#0,3
160.0,906806086#0,1
160.0,:2444664370_0,1
160.0,:3208478128_0,2
160.0,:3431431576_0,1
160.0,:619136999_2,1
160.0,:622618108_0,1
160.0,:631668826_0,1
160.0,:655375233_4,1
160.0,:655375241_0,1
160.0,:655375245_0,1
160.0,:656132412_0,1
160.0,:656132414_2,1
160.0,:cluster_2528018119_655375236_2,2
160.0,:cluster_3208478133_655375293_655375296_9631728504_#1more_1,1
160.0,:cluster_3208478133_655375293_655375296_9631728504_#1more_8,5
160.0,:cluster_3431431575_4777363357_655375231_6982059025_3,1
160.0,:cluster_5372642442_631668976_631668981_631669076_12,3
160.0,:cluster_623980090_623980094_1,1
160.0,:cluster_623980090_623980094_5,1
160.0,:cluster_623980147_623980152_3,2
160.0,E0,9
180.0,-1334905223#2,5
180.0,-260882327,2
180.0,-49073264#1,2
180.0,-49695726,5
180.0,-51362430,6
180.0,-545977624#2,4
180.0,-593847704#2,21
180.0,-594658757#2,5
180.0,-E0,1
180.0,1068234498#0,8
180.0,1068234499#0,10
180.0,1068440001,6
180.0,1068440004#1,1
180.0,1068440006#0,6
180.0,182334378#0,9
180.0,182334379#0,4
180.0,182336886,1
180.0,196961215#0,29
180.0,196961215#2,6
180.0,196961377#0,13
180.0,196961377#3,7
180.0,232003903#0,2
180.0,244450512#0,1
180.0,244450512#1,1
180.0,244450512#4,3
180.0,244450512#5,2
180.0,259080307#0,1
180.0,268564473#0,2
180.0,288135626#0,15
180.0,288135628#0,2
180.0,30620492#0,3
180.0,30620492#1,1
180.0,353392316#0,4
180.0,484988952#0,1
180.0,48794887#0,9
180.0,49073272#4,7
180.0,49695726,3
180.0,49695733#2,2
180.0,49695736#0,3
180.0,506322840#0,1
180.0,506322841#1,4
180.0,506322851#0,5
180.0,51289045#3,1
180.0,51362429#0,9
180.0,51362431,8
180.0,51392936#0,1
180.0,593842812#0,3
180.0,593842812#2,14
180.0,593844221#0,3
180.0,593847702#0,3
180.0,593847702#3,1
180.0,593847703#0,3
180.0,593847704#0,2
180.0,593849711#0,1
180.0,593849711#2,7
180.0,593849718#0,3
180.0,593852345#0,13
180.0,593852346,1
180.0,594658762#0,2
180.0,:11510670762_0,1
180.0,:2444664370_0,1
180.0,:3208478128_0,2
180.0,:619136999_2,1
180.0,:622618108_0,1
180.0,:622618144_4,1
180.0,:622618230_0,1
180.0,:656132414_2,1
180.0,:cluster_2528018119_655375236_2,2
180.0,:cluster_2528018119_655375236_22,1
180.0,:cluster_3208478133_655375293_655375296_9631728504_#1more_1,1
180.0,:cluster_3208478133_655375293_655375296_9631728504_#1more_8,5
180.0,:cluster_4374470814_4374470816_656132411_656132475_6,1
180.0,:cluster_5372642442_631668976_631668981_631669076_1,2
180.0,:cluster_5372642442_631668976_631668981_631669076_12,3
180.0,:cluster_623980090_623980094_1,1
180.0,:cluster_623980090_623980094_5,2
180.0,:cluster_623980147_623980152_6,2
180.0,:cluster_9383263990_9383263991_9383263992_9383263993_10,1
180.0,E0,9
200.0,-1334905223#2,1
200.0,-260882327,2
200.0,-49073264#1,2
200.0,-49695726,6
200.0,-51362430,8
200.0,-545977624#2,5
200.0,-593847704#2,21
200.0,-594658757#2,5
200.0,-E0,1
200.0,1068234498#0,15
200.0,1068234499#0,11
200.0,1068440001,8
200.0,1068440006#0,6
200.0,182334378#0,9
200.0,182334379#0,7
200.0,182336886,1
200.0,196961215#0,33
200.0,196961215#2,2
200.0,196961377#0,16
200.0,196961377#3,11
200.0,196961378#1,4
200.0,196961379#0,1
200.0,232003903#0,2
200.0,241518668#0,3
200.0,244450512#4,5
200.0,244450512#5,2
200.0,268564473#0,3
200.0,288135626#0,17
200.0,288135628#0,1
200.0,288878926#0,3
200.0,30620492#0,4
200.0,30620492#1,5
200.0,336063376#0,1
200.0,353392316#0,5
200.0,48794887#0,9
200.0,49073272#4,3
200.0,49695726,3
200.0,49695733#2,2
200.0,49695736#0,3
200.0,506322840#0,1
200.0,506322841#1,4
200.0,506322841#3,1
200.0,506322851#0,5
200.0,51289045#3,1
200.0,51362429#0,9
200.0,51362431,9
200.0,51392936#0,1
200.0,593842812#0,9
200.0,593842812#2,14
200.0,593844221#0,3
200.0,593847702#0,1
200.0,593849711#0,1
200.0,593849711#2,12
200.0,593852345#0,11
200.0,593852346,1
200.0,594658762#0,2
200.0,:11510670762_0,1
200.0,:2444664370_0,1
200.0,:3208478128_0,2
200.0,:622618108_0,1
200.0,:cluster_3208478133_655375293_655375296_9631728504_#1more_1,1
200.0,:cluster_3208478133_655375293_655375296_9631728504_#1more_8,5
200.0,:cluster_5372642442_631668976_631668981_631669076_10,1
200.0,:cluster_5372642442_631668976_631668981_631669076_25,1
200.0,:cluster_619136929_619136942_8,1
200.0,:cluster_623980090_623980094_5,1
200.0,:cluster_623980147_623980152_3,1
200.0,E0,9
220.0,-1334905223#2,3
220.0,-260882327,1
220.0,-49073264#1,2
220.0,-49695726,5
220.0,-51362430,11
220.0,-545977624#2,12
220.0,-593847703#3,3
220.0,-593847704#2,12
220.0,-594658757#2,7
220.0,-E0,1
220.0,1068234498#0,19
220.0,1068234499#0,6
220.0,1068440001,8
220.0,1068440006#0,6
220.0,182334378#0,11
220.0,182334379#0,10
220.0,182336886,1
220.0,196961215#0,34
220.0,196961215#2,1
220.0,196961377#0,23
220.0,196961377#3,11
220.0,196961378#1,1
220.0,196961379#0,1
220.0,232003903#0,2
220.0,241518668#0,3
220.0,244450512#4,6
220.0,244450512#5,2
220.0,261898534,1
220.0,268564473#0,3
220.0,288135626#0,16
220.0,288878926#0,3
220.0,30620492#0,8
220.0,30620492#1,2
220.0,314800955,1
220.0,336063376#0,1
220.0,353392316#0,7
220.0,484988952#0,1
220.0,48794887#0,8
220.0,49073274,1
220.0,49695726,3
220.0,49695733#2,2
220.0,506322840#0,3
220.0,506322841#1,4
220.0,506322851#0,5
220.0,51362429#0,9
220.0,51362431,9
220.0,593842812#0,9
220.0,593842812#2,14
220.0,593844221#0,3
220.0,593847703#0,7
220.0,593849711#0,2
220.0,593849711#2,16
220.0,593849721,1
220.0,593852345#0,10
220.0,593852346,1
220.0,594658762#0,3
220.0,906806086#0,1
220.0,:11510670762_0,1
220.0,:2444664370_0,1
220.0,:3086736518_7,1
220.0,:3208478128_0,2
220.0,:622618108_0,1
220.0,:622618230_6,1
220.0,:655375233_0,1
220.0,:656132499_0,1
220.0,:cluster_2528018119_655375236_23,1
220.0,:cluster_2664674491_655375287_655375288_3,1
220.0,:cluster_3208478133_655375293_655375296_9631728504_#1more_1,1
220.0,:cluster_3208478133_655375293_655375296_9631728504_#1more_8,5
220.0,:cluster_623980090_623980094_1,2
220.0,:cluster_623980147_623980152_6,1
220.0,:cluster_9383263990_9383263991_9383263992_9383263993_10,2
220.0,:cluster_9383263990_9383263991_9383263992_9383263993_21,1
220.0,E0,7
240.0,-1334905223#2,2
240.0,-260882327,1
240.0,-49073264#1,1
240.0,-49695726,4
240.0,-51362430,13
240.0,-545977624#2,18
240.0,-593847703#3,4
240.0,-593847704#2,8
240.0,-594658757#2,7
240.0,-E0,1
240.0,1068234498#0,14
240.0,1068234499#0,11
240.0,1068440001,8
240.0,1068440006#0,6
240.0,182334378#0,13
240.0,182336886,1
240.0,196961215#0,36
240.0,196961215#2,4
240.0,196961377#0,27
240.0,196961377#3,11
240.0,232003903#0,2
240.0,241518668#0,4
240.0,244450512#4,7
240.0,244450512#5,2
240.0,260881642#0,1
240.0,268564473#0,2
240.0,288135626#0,17
240.0,30620492#0,4
240.0,30620492#1,3
240.0,314800955,1
240.0,353392316#0,7
240.0,484988952#0,1
240.0,48794887#0,9
240.0,49073272#1,2
240.0,49695726,3
240.0,49695733#2,2
240.0,506322840#0,2
240.0,506322841#1,4
240.0,506322851#0,5
240.0,51289045#3,1
240.0,51362429#0,9
240.0,51362431,10
240.0,51392936#0,1
240.0,593842812#0,9
240.0,593842812#2,14
240.0,593844221#0,3
240.0,593847702#3,1
240.0,593847703#0,13
240.0,593849711#0,2
240.0,593849711#2,18
240.0,593849715,1
240.0,593849721,1
240.0,593852345#0,13
240.0,593852346,1
240.0,594658762#0,2
240.0,:11510670762_0,1
240.0,:2444664370_0,1
240.0,:2749340167_0,1
240.0,:3208478128_0,2
240.0,:622618015_0,1
240.0,:655375233_0,1
240.0,:655375245_0,1
240.0,:cluster_2528018119_655375236_2,2
240.0,:cluster_2528018119_655375236_22,1
240.0,:cluster_3208478133_655375293_655375296_9631728504_#1more_1,1
240.0,:cluster_3208478133_655375293_655375296_9631728504_#1more_8,5
240.0,:cluster_3431431575_4777363357_655375231_6982059025_3,1
240.0,:cluster_5372642442_631668976_631668981_631669076_12,4
240.0,:cluster_623980090_623980094_5,1
240.0,:cluster_623980147_623980152_6,1
240.0,:cluster_9383263990_9383263991_9383263992_9383263993_10,2
240.0,:cluster_9383263990_9383263991_9383263992_9383263993_21,1
240.0,E0,7
260.0,-1334905223#2,2
260.0,-260882327,1
260.0,-49695726,4
260.0,-51362430,18
260.0,-545977624#2,18
260.0,-593847703#3,4
260.0,-593847704#2,11
260.0,-594658757#2,7
260.0,-E0,1
260.0,1068234498#0,20
260.0,1068234499#0,12
260.0,1068440001,8
260.0,1068440004#1,1
260.0,1068440006#0,6
260.0,182334378#0,10
260.0,182334379#0,7
260.0,196961215#0,36
260.0,196961377#0,27
260.0,196961377#3,11
260.0,196961378#1,5
260.0,196961379#0,1
260.0,232003903#0,4
260.0,244450512#0,2
260.0,244450512#4,7
260.0,244450512#5,2
260.0,261898534,1
260.0,268564473#0,3
260.0,288135626#0,22
260.0,288135628#0,2
260.0,288878926#0,1
260.0,30620492#0,4
260.0,30620492#1,2
260.0,314800955,1
260.0,336063376#0,2
260.0,353392316#0,3
260.0,484988952#0,1
260.0,48794887#0,8
260.0,49073272#0,2
260.0,49073272#3,1
260.0,49073272#4,2
260.0,49695726,3
260.0,49695733#2,1
260.0,506322840#0,3
260.0,506322841#1,4
260.0,506322841#4,1
260.0,506322851#0,5
260.0,51289045#3,1
260.0,51362429#0,9
260.0,51362431,10
260.0,51392936#0,1
260.0,593842812#0,9
260.0,593842812#2,14
260.0,593844221#0,3
260.0,593847702#3,1
260.0,593847703#0,7
260.0,593847704#0,1
260.0,593849711#0,3
260.0,593849711#2,18
260.0,593852345#0,6
260.0,593852346,1
260.0,594658762#0,2
260.0,:11510670762_0,1
260.0,:2444664370_0,1
260.0,:2749340167_2,1
260.0,:3208478128_0,2
260.0,:622618108_1,1
260.0,:622618230_6,1
260.0,:631668826_0,1
260.0,:655375240_7,1
260.0,:655375241_0,1
260.0,:655375245_0,1
260.0,:655375336_9,1
260.0,:656132476_1,1
260.0,:cluster_2528018119_655375236_2,3
260.0,:cluster_3208478133_655375293_655375296_9631728504_#1more_1,1
260.0,:cluster_3208478133_655375293_655375296_9631728504_#1more_11,2
260.0,:cluster_3208478133_655375293_655375296_9631728504_#1more_8,5
260.0,:cluster_5372642442_631668976_631668981_631669076_10,1
260.0,:cluster_5372642442_631668976_631668981_631669076_25,1
260.0,:cluster_623980090_623980094_5,2
260.0,:cluster_623980147_623980152_3,1
260.0,:cluster_9383263990_9383263991_9383263992_9383263993_10,2
260.0,:cluster_9383263990_9383263991_9383263992_9383263993_21,1
260.0,E0,7
280.0,-1334905223#2,1
280.0,-260882327,1
280.0,-49695726,5
280.0,-51362430,19
280.0,-545977624#2,18
280.0,-593847703#3,4
280.0,-593847704#2,14
280.0,-594658757#2,7
280.0,-E0,3
280.0,1068234498#0,26
280.0,1068234499#0,12
280.0,1068440001,8
280.0,1068440004#1,6
280.0,1068440006#0,6
280.0,182334378#0,3
280.0,182334379#0,14
280.0,182336886,1
280.0,196961215#0,35
280.0,196961215#2,1
280.0,196961377#0,27
280.0,196961377#3,11
280.0,196961378#1,2
280.0,196961379#0,1
280.0,232003903#0,3
280.0,244450512#0,2
280.0,244450512#4,7
280.0,244450512#5,2
280.0,268564473#0,2
280.0,288135626#0,21
280.0,288878926#0,1
280.0,30620492#0,4
280.0,30620492#1,1
280.0,353392316#0,2
280.0,48794887#0,9
280.0,49073272#1,1
280.0,49073272#4,4
280.0,49695726,3
280.0,49695733#2,2
280.0,506322840#0,3
280.0,506322841#1,4
280.0,506322851#0,6
280.0,51289045#3,1
280.0,51289045#5,1
280.0,51362429#0,5
280.0,51362431,10
280.0,593842812#0,9
280.0,593842812#2,14
280.0,593844221#0,3
280.0,593849711#0,4
280.0,593849711#2,22
280.0,593849715,1
280.0,593852345#0,3
280.0,593852346,1
280.0,594658762#0,2
280.0,906806086#0,1
280.0,:11510670762_0,1
280.0,:2444664370_0,2
280.0,:3086736518_0,1
280.0,:3086736518_16,1
280.0,:3208478128_0,2
280.0,:622618112_0,1
280.0,:622618144_4,1
280.0,:655375232_1,1
280.0,:655375244_0,1
280.0,:655375245_0,1
280.0,:655375336_9,1
280.0,:656132476_1,1
280.0,:cluster_2528018119_655375236_2,3
280.0,:cluster_3208478133_655375293_655375296_9631728504_#1more_1,1
280.0,:cluster_3208478133_655375293_655375296_9631728504_#1more_11,3
280.0,:cluster_3208478133_655375293_655375296_9631728504_#1more_14,1
280.0,:cluster_3208478133_655375293_655375296_9631728504_#1more_8,5
280.0,:cluster_623980090_623980094_1,2
280.0,:cluster_9383263990_9383263991_9383263992_9383263993_10,1
280.0,E0,10
300.0,-1334905223#2,1
300.0,-260882327,1
300.0,-49695726,3
300.0,-51362430,19
300.0,-545977624#2,18
300.0,-593847703#3,4
300.0,-593847704#2,16
300.0,-594658757#2,7
300.0,-E0,4
300.0,1068234498#0,22
300.0,1068234499#0,15
300.0,1068440001,8
300.0,1068440004#1,9
300.0,1068440006#0,10
300.0,182334379#0,2
300.0,182336886,1
300.0,196961215#0,33
300.0,196961215#2,6
300.0,196961377#0,27
300.0,196961377#3,11
300.0,232003903#0,3
300.0,241518668#0,1
300.0,244450512#0,2
300.0,244450512#4,7
300.0,244450512#5,2
300.0,263217603#0,1
300.0,268564473#0,2
300.0,288135626#0,25
300.0,288135628#0,5
300.0,30620492#0,5
300.0,30620492#1,5
300.0,353392316#0,2
300.0,484988952#0,2
300.0,48794887#0,9
300.0,49073272#1,2
300.0,49073272#4,6
300.0,49695726,2
300.0,49695733#2,1
300.0,506322840#0,1
300.0,506322841#1,4
300.0,506322851#0,6
300.0,506322853#0,1
300.0,51289045#5,1
300.0,51362429#0,4
300.0,51362431,10
300.0,593842812#0,9
300.0,593842812#2,14
300.0,593844221#0,1
300.0,593847703#0,1
300.0,593849711#0,4
300.0,593849711#2,25
300.0,593852345#0,6
300.0,593852346,1
300.0,594658762#0,1
300.0,:11510670762_0,1
300.0,:2444664370_0,1
300.0,:3086736518_16,1
300.0,:3208478128_0,2
300.0,:622618108_8,1
300.0,:622618112_0,1
300.0,:631668826_0,1
300.0,:655375232_0,1
300.0,:655375240_7,1
300.0,:655375244_0,1
300.0,:655375245_0,1
300.0,:655375336_29,2
300.0,:655375336_48,1
300.0,:656132476_1,1
300.0,:656132499_0,1
300.0,:cluster_3208478133_655375293_655375296_9631728504_#1more_11,3
300.0,:cluster_3208478133_655375293_655375296_9631728504_#1more_14,1
300.0,:cluster_3208478133_655375293_655375296_9631728504_#1more_8,5
300.0,:cluster_5372642442_631668976_631668981_631669076_1,1
300.0,:cluster_5372642442_631668976_631668981_631669076_12,3
300.0,:cluster_623980147_623980152_6,2
300.0,E0,14
320.0,-1334905223#2,1
320.0,-260882327,1
320.0,-49695726,3
320.0,-51362430,19
320.0,-545977624#2,18
320.0,-593847703#3,6
320.0,-593847704#2,21
320.0,-594658757#2,9
320.0,-E0,4
320.0,1068234498#0,21
320.0,1068234499#0,14
320.0,1068440001,7
320.0,1068440004#1,9
320.0,1068440006#0,14
320.0,1239087513,1
320.0,1334904386#0,2
320.0,182334378#0,3
320.0,182334379#0,3
320.0,182336886,1
320.0,196961215#0,25
320.0,196961215#2,6
320.0,196961377#0,27
320.0,196961377#3,11
320.0,232003903#0,4
320.0,241518668#0,10
320.0,244450512#0,2
320.0,244450512#4,7
320.0,244450512#5,2
320.0,268564473#0,2
320.0,288135626#0,24
320.0,288878926#0,2
320.0,30620492#0,1
320.0,30620492#1,2
320.0,353392316#0,1
320.0,484988952#0,2
320.0,48794887#0,9
320.0,49073272#0,1
320.0,49073272#4,9
320.0,49695726,3
320.0,49695736#0,1
320.0,506322840#0,1
320.0,506322841#1,4
320.0,506322851#0,6
320.0,506322853#0,1
320.0,51289045#5,1
320.0,51362429#0,3
320.0,51362431,10
320.0,593842812#0,9
320.0,593842812#2,14
320.0,593844216#0,3
320.0,593849711#0,3
320.0,593849711#2,26
320.0,593852345#0,6
320.0,:11510670762_0,1
320.0,:2444664370_0,2
320.0,:2749340167_0,1
320.0,:3208478128_0,2
320.0,:622618108_0,1
320.0,:655375232_0,1
320.0,:655375244_0,1
320.0,:655375245_0,1
320.0,:655375336_28,1
320.0,:656132476_1,1
320.0,:cluster_3208478133_655375293_655375296_9631728504_#1more_14,1
320.0,:cluster_3208478133_655375293_655375296_9631728504_#1more_8,1
320.0,:cluster_5372642442_631668976_631668981_631669076_10,1
320.0,:cluster_5372642442_631668976_631668981_631669076_12,1
320.0,:cluster_623980090_623980094_1,2
320.0,:cluster_623980147_623980152_6,1
320.0,:cluster_9383263990_9383263991_9383263992_9383263993_10,2
320.0,:cluster_9383263990_9383263991_9383263992_9383263993_21,1
320.0,E0,18
340.0,-260882327,1
340.0,-51362430,19
340.0,-545977624#2,16
340.0,-593847703#3,4
340.0,-593847704#2,21
340.0,-594658757#2,11
340.0,-E0,4
340.0,1068234498#0,16
340.0,1068234499#0,17
340.0,1068440001,7
340.0,1068440004#1,9
340.0,1068440006#0,17
340.0,1239087513,1
340.0,182334378#0,3
340.0,182336886,1
340.0,196961215#0,26
340.0,196961215#2,8
340.0,196961377#0,27
340.0,196961377#3,5
340.0,196961378#1,4
340.0,232003903#0,4
340.0,241518668#0,5
340.0,244450512#0,2
340.0,244450512#4,7
340.0,244450512#5,2
340.0,288135626#0,24
340.0,288135628#0,1
340.0,288878926#0,1
340.0,288878927,1
340.0,303647015#0,2
340.0,30620492#1,1
340.0,336063376#0,2
340.0,353392316#0,1
340.0,484988952#0,2
340.0,48794887#0,9
340.0,49073272#4,8
340.0,49695726,2
340.0,49695733#0,1
340.0,49695736#0,5
340.0,506322840#0,1
340.0,506322841#1,2
340.0,506322851#0,5
340.0,51289045#5,2
340.0,51362429#0,9
340.0,51362431,9
340.0,545977624#0,1
340.0,593842812#0,2
340.0,593842812#2,9
340.0,593844216#0,1
340.0,593844221#0,1
340.0,593847703#0,3
340.0,593849711#0,2
340.0,593849711#2,21
340.0,593849718#0,2
340.0,593852345#0,1
340.0,:11510670762_0,1
340.0,:2081945236_0,1
340.0,:2444664370_0,1
340.0,:3139322031_0,1
340.0,:3208478128_0,1
340.0,:3431431576_0,1
340.0,:622618108_0,1
340.0,:622618197_6,1
340.0,:655375233_14,1
340.0,:655375233_5,1
340.0,:655375244_0,1
340.0,:655375245_0,1
340.0,:655375336_29,5
340.0,:656132476_1,1
340.0,:656132498_0,1
340.0,:cluster_3208478133_655375293_655375296_9631728504_#1more_1,3
340.0,:cluster_3431431575_4777363357_655375231_6982059025_12,1
340.0,:cluster_4374470814_4374470816_656132411_656132475_4,1
340.0,:cluster_5372642442_631668976_631668981_631669076_12,3
340.0,:cluster_619136929_619136942_8,1
340.0,:cluster_623980090_623980094_5,1
340.0,:cluster_623980147_623980152_3,1
340.0,:cluster_623980147_623980152_6,1
340.0,E0,19
360.0,-260882327,1
360.0,-51362430,19
360.0,-545977624#2,8
360.0,-593847703#3,3
360.0,-593847704#2,21
360.0,-594658757#2,11
360.0,-E0,4
360.0,1068234498#0,21
360.0,1068234499#0,9
360.0,1068440001,7
360.0,1068440004#1,9
360.0,1068440006#0,16
360.0,1239087513,1
360.0,182334378#0,8
360.0,182334379#0,6
360.0,182336887#0,2
360.0,182336887#2,1
360.0,196961215#0,25
360.0,196961215#2,5
360.0,196961377#0,25
360.0,196961377#3,1
360.0,198001764#0,1
360.0,232003903#0,4
360.0,241518668#0,3
360.0,244450512#0,2
360.0,244450512#4,6
360.0,244450512#5,2
360.0,288135626#0,24
360.0,288878926#0,1
360.0,30620492#1,1
360.0,353392316#0,8
360.0,484988952#0,2
360.0,48794887#0,9
360.0,49073272#4,1
360.0,49695736#0,3
360.0,506322841#1,2
360.0,506322851#0,5
360.0,506322853#0,1
360.0,51362429#0,9
360.0,51362431,10
360.0,593842812#0,2
360.0,593842812#2,12
360.0,593844221#0,2
360.0,593847702#0,3
360.0,593847703#0,3
360.0,593847704#0,2
360.0,593849711#0,2
360.0,593849711#2,22
360.0,593849718#0,2
360.0,:11510670762_0,1
360.0,:2444664370_0,1
360.0,:3208478128_0,2
360.0,:619136999_2,1
360.0,:622618108_0,1
360.0,:6251747844_1,1
360.0,:655375244_0,1
360.0,:655375245_1,1
360.0,:655375336_1,1
360.0,:655375336_29,1
360.0,:656132476_1,1
360.0,:cluster_2528018119_655375236_16,1
360.0,:cluster_2528018119_655375236_7,2
360.0,:cluster_3208478133_655375293_655375296_9631728504_#1more_1,3
360.0,:cluster_4374470814_4374470816_656132411_656132475_6,1
360.0,:cluster_619136929_619136942_8,1
360.0,:cluster_623980090_623980094_1,1
360.0,:cluster_623980147_623980152_14,1
360.0,E0,19
380.0,-260882327,1
380.0,-51362430,19
380.0,-545977624#2,7
380.0,-593847703#3,6
380.0,-593847704#2,21
380.0,-594658757#2,11
380.0,-E0,4
380.0,1068234498#0,21
380.0,1068234499#0,8
380.0,1068440001,5
380.0,1068440006#0,13
380.0,1334904386#0,3
380.0,182334378#0,12
380.0,182334379#0,2
380.0,182336886,1
380.0,182336887#0,2
380.0,196961215#0,26
380.0,196961215#2,4
380.0,196961377#0,16
380.0,196961377#3,11
380.0,198001764#0,1
380.0,232003903#0,4
380.0,241518668#0,5
380.0,244450512#0,2
380.0,244450512#4,6
380.0,244450512#5,2
380.0,288135626#0,23
380.0,288878926#0,1
380.0,303647015#0,1
380.0,30620492#1,1
380.0,353392316#0,10
380.0,484988952#0,2
380.0,48794887#0,9
380.0,506322841#1,2
380.0,506322851#0,4
380.0,506322853#0,1
380.0,51362429#0,9
380.0,51362431,10
380.0,593842812#0,8
380.0,593842812#2,14
380.0,593844221#0,3
380.0,593847702#0,5
380.0,593847703#0,3
380.0,593847704#0,1
380.0,593849711#0,3
380.0,593849711#2,22
380.0,:11510670762_0,1
380.0,:2444664370_0,1
380.0,:3208478128_0,2
380.0,:622618108_0,1
380.0,:655375244_0,1
380.0,:655375245_1,1
380.0,:cluster_3208478133_655375293_655375296_9631728504_#1more_1,3
380.0,:cluster_3208478133_655375293_655375296_9631728504_#1more_8,2
380.0,:cluster_3431431575_4777363357_655375231_6982059025_12,1
380.0,:cluster_3431431575_4777363357_655375231_6982059025_3,1
380.0,:cluster_5372642442_631668976_631668981_631669076_12,4
380.0,:cluster_623980090_623980094_1,2
380.0,E0,19
400.0,-260882327,2
400.0,-51362430,15
400.0,-545977624#2,12
400.0,-593847703#3,6
400.0,-593847704#2,12
400.0,-594658757#2,11
400.0,-E0,4
400.0,1068234498#0,21
400.0,1068234499#0,9
400.0,1068440001,6
400.0,1068440006#0,13
400.0,1334904386#0,3
400.0,182334378#0,13
400.0,182334379#0,2
400.0,182336887#0,2
400.0,182336887#2,1
400.0,196961215#0,24
400.0,196961215#2,5
400.0,196961377#0,20
400.0,196961377#3,11
400.0,198001764#0,1
400.0,232003903#0,4
400.0,241518668#0,2
400.0,244450512#0,2
400.0,244450512#4,6
400.0,244450512#5,2
400.0,288135626#0,26
400.0,30620492#1,1
400.0,336063376#0,1
400.0,353392316#0,10
400.0,484988952#0,2
400.0,48794887#0,4
400.0,506322841#1,2
400.0,506322851#0,5
400.0,506322853#0,1
400.0,51362429#0,9
400.0,51362431,10
400.0,593842812#0,9
400.0,593842812#2,14
400.0,593844221#0,3
400.0,593847703#0,6
400.0,593849711#0,1
400.0,593849711#2,23
400.0,:11510670762_0,1
400.0,:2081945236_2,1
400.0,:2444664370_0,1
400.0,:3086736518_7,1
400.0,:3208478128_0,2
400.0,:622618108_0,1
400.0,:655375233_0,1
400.0,:655375244_0,1
400.0,:655375245_1,1
400.0,:cluster_2528018119_655375236_2,1
400.0,:cluster_2528018119_655375236_22,1
400.0,:cluster_3208478133_655375293_655375296_9631728504_#1more_1,3
400.0,:cluster_3208478133_655375293_655375296_9631728504_#1more_8,5
400.0,:cluster_5372642442_631668976_631668981_631669076_12,2
400.0,:cluster_623980090_623980094_1,3
400.0,:cluster_623980147_623980152_6,1
400.0,E0,19
420.0,-51362430,18
420.0,-545977624#2,18
420.0,-593847703#3,6
420.0,-593847704#2,5
420.0,-594658757#2,11
420.0,-E0,5
420.0,1068234498#0,21
420.0,1068234499#0,8
420.0,1068440001,6
420.0,1068440004#1,3
420.0,1068440006#0,13
420.0,1334904386#0,1
420.0,182334378#0,7
420.0,182334379#0,4
420.0,182336887#0,3
420.0,182336887#2,1
420.0,196961215#0,28
420.0,196961377#0,27
420.0,196961377#3,8
420.0,198001764#0,1
420.0,232003903#0,3
420.0,244450512#0,2
420.0,244450512#4,6
420.0,244450512#5,2
420.0,288135626#0,26
420.0,288135628#0,2
420.0,288878926#0,3
420.0,303647015#0,3
420.0,30620492#1,1
420.0,336063376#0,2
420.0,353392316#0,3
420.0,49073272#1,1
420.0,49073272#3,1
420.0,506322841#1,2
420.0,506322851#0,6
420.0,506322853#0,1
420.0,51362429#0,9
420.0,51362431,10
420.0,593842812#0,9
420.0,593842812#2,14
420.0,593844221#0,3
420.0,593847703#0,16
420.0,593849711#0,1
420.0,593849711#2,23
420.0,593849718#0,2
420.0,:11510670762_0,1
420.0,:2444664370_0,1
420.0,:3208478128_0,2
420.0,:622618108_1,1
420.0,:622618197_6,1
420.0,:622618230_6,1
420.0,:655375233_0,1
420.0,:655375245_1,1
420.0,:655375336_9,1
420.0,:656132476_1,1
420.0,:cluster_2528018119_655375236_7,1
420.0,:cluster_3208478133_655375293_655375296_9631728504_#1more_1,3
420.0,:cluster_3208478133_655375293_655375296_9631728504_#1more_14,1
420.0,:cluster_3208478133_655375293_655375296_9631728504_#1more_8,5
420.0,:cluster_5372642442_631668976_631668981_631669076_10,2
420.0,:cluster_5372642442_631668976_631668981_631669076_12,2
420.0,:cluster_5372642442_631668976_631668981_631669076_25,1
420.0,:cluster_623980090_623980094_1,3
420.0,:cluster_623980147_623980152_14,1
420.0,E0,19
440.0,-51362430,18
440.0,-545977624#2,18
440.0,-593847703#3,7
440.0,-593847704#2,9
440.0,-594658757#2,11
440.0,-E0,6
440.0,1068234498#0,21
440.0,1068234499#0,10
440.0,1068440001,6
440.0,1068440004#1,7
440.0,1068440006#0,13
440.0,1334904386#0,1
440.0,182334379#0,6
440.0,182336887#0,3
440.0,196961215#0,28
440.0,196961215#2,5
440.0,196961377#0,27
440.0,196961377#3,1
440.0,198001764#0,1
440.0,232003903#0,3
440.0,244450512#0,2
440.0,244450512#4,6
440.0,244450512#5,2
440.0,288135626#0,24
440.0,288135628#0,1
440.0,30620492#1,1
440.0,49073272#4,2
440.0,506322841#1,2
440.0,506322851#0,5
440.0,506322853#0,1
440.0,51362429#0,9
440.0,51362431,10
440.0,593842812#0,9
440.0,593842812#2,14
440.0,593844221#0,3
440.0,593847703#0,12
440.0,593847704#0,1
440.0,593849711#0,1
440.0,593849711#2,23
440.0,593849718#0,3
440.0,:11510670762_0,1
440.0,:2081945236_2,1
440.0,:2444664370_0,1
440.0,:3086736518_14,2
440.0,:3208478128_0,2
440.0,:622618112_0,1
440.0,:622618197_0,1
440.0,:655375245_1,1
440.0,:655375336_38,1
440.0,:656132476_1,1
440.0,:cluster_2528018119_655375236_2,2
440.0,:cluster_2528018119_655375236_22,1
440.0,:cluster_3208478133_655375293_655375296_9631728504_#1more_1,3
440.0,:cluster_3208478133_655375293_655375296_9631728504_#1more_14,1
440.0,:cluster_3208478133_655375293_655375296_9631728504_#1more_8,5
440.0,:cluster_5372642442_631668976_631668981_631669076_12,1
440.0,:cluster_623980090_623980094_1,1
440.0,:cluster_623980147_623980152_14,1
440.0,E0,19
460.0,-51362430,18
460.0,-545977624#2,18
460.0,-593847703#3,7
460.0,-593847704#2,9
460.0,-594658757#2,12
460.0,1068234498#0,18
460.0,1068234499#0,13
460.0,1068440001,6
460.0,1068440004#1,8
460.0,1068440006#0,13
460.0,1239087513,1
460.0,1334904386#0,1
460.0,182334379#0,6
460.0,182336887#0,2
460.0,182336887#2,1
460.0,196961215#0,24
460.0,196961215#2,4
460.0,196961377#0,22
460.0,196961377#3,4
460.0,198001764#0,1
460.0,232003903#0,3
460.0,241518668#0,3
460.0,244450512#0,2
460.0,244450512#4,6
460.0,244450512#5,2
460.0,288135626#0,22
460.0,288135628#0,4
460.0,288878926#0,2
460.0,30620492#1,1
460.0,336063376#0,1
460.0,49073272#3,1
460.0,49073272#4,2
460.0,49695736#0,4
460.0,506322841#1,2
460.0,506322851#0,4
460.0,506322853#0,1
460.0,51362429#0,9
460.0,51362431,10
460.0,593842812#0,9
460.0,593842812#2,14
460.0,593844221#0,1
460.0,593847703#0,5
460.0,593847704#0,6
460.0,593849711#0,1
460.0,593849711#2,23
460.0,:2081945236_2,1
460.0,:2444664370_0,1
460.0,:3208478128_0,2
460.0,:619136999_2,1
460.0,:622618230_6,1
460.0,:655375245_1,1
460.0,:655375336_28,1
460.0,:655375336_29,1
460.0,:656132476_1,1
460.0,:cluster_2528018119_655375236_2,3
460.0,:cluster_3208478133_655375293_655375296_9631728504_#1more_14,1
460.0,:cluster_3208478133_655375293_655375296_9631728504_#1more_8,3
460.0,:cluster_5372642442_631668976_631668981_631669076_12,3
460.0,:cluster_623980090_623980094_1,1
460.0,:cluster_623980147_623980152_6,1
460.0,E0,19
480.0,-51362430,18
480.0,-545977624#2,18
480.0,-593847703#3,7
480.0,-593847704#2,9
480.0,-594658757#2,13
480.0,1068234498#0,18
480.0,1068234499#0,14
480.0,1068440001,5
480.0,1068440004#1,8
480.0,1068440006#0,13
480.0,1239087513,1
480.0,1334904386#0,3
480.0,182334379#0,11
480.0,182336887#0,1
480.0,196961215#0,22
480.0,196961215#2,4
480.0,196961377#0,16
480.0,196961377#3,11
480.0,198001764#0,1
480.0,232003903#0,4
480.0,241518668#0,11
480.0,244450512#0,2
480.0,244450512#4,6
480.0,244450512#5,2
480.0,288135626#0,21
480.0,30620492#1,1
480.0,49073272#4,3
480.0,49695736#0,6
480.0,506322841#1,2
480.0,506322853#0,1
480.0,51289045#3,1
480.0,51362429#0,9
480.0,51362431,10
480.0,593842812#0,9
480.0,593842812#2,10
480.0,593849711#0,1
480.0,593849711#2,22
480.0,:11510670762_0,1
480.0,:1926948273_0,1
480.0,:2444664370_0,1
480.0,:3208478128_0,2
480.0,:655375232_6,1
480.0,:655375245_1,1
480.0,:655375336_48,1
480.0,:656132476_1,1
480.0,:cluster_2528018119_655375236_2,1
480.0,:cluster_3208478133_655375293_655375296_9631728504_#1more_1,4
480.0,:cluster_3431431575_4777363357_655375231_6982059025_12,1
480.0,:cluster_5372642442_631668976_631668981_631669076_12,3
480.0,:cluster_623980090_623980094_1,1
480.0,E0,20
500.0,-260882327,1
500.0,-51362430,18
500.0,-545977624#2,15
500.0,-593847703#3,8
500.0,-593847704#2,9
500.0,-594658757#2,13
500.0,1068234498#0,18
500.0,1068234499#0,9
500.0,1068440001,5
500.0,1068440004#1,8
500.0,1068440006#0,13
500.0,1239087513,1
500.0,182334378#0,1
500.0,182334379#0,3
500.0,182336886,1
500.0,182336887#0,3
500.0,182336887#2,1
500.0,196961215#0,23
500.0,196961215#2,5
500.0,196961377#0,22
500.0,196961377#3,11
500.0,198001764#0,1
500.0,232003903#0,4
500.0,241518668#0,4
500.0,244450512#0,2
500.0,244450512#4,6
500.0,244450512#5,2
500.0,288135626#0,21
500.0,288135628#0,11
500.0,303647015#0,3
500.0,336063376#0,2
500.0,353392316#0,3
500.0,49695736#0,9
500.0,506322841#1,2
500.0,506322853#0,1
500.0,51362429#0,9
500.0,51362431,10
500.0,593842812#0,1
500.0,593842812#2,7
500.0,593844221#0,1
500.0,593847703#0,7
500.0,593849711#2,15
500.0,:11510670762_0,1
500.0,:2444664370_0,1
500.0,:3208478128_0,2
500.0,:655375232_6,1
500.0,:655375233_0,1
500.0,:655375245_1,1
500.0,:655375336_29,5
500.0,:656132476_1,1
500.0,:cluster_2528018119_655375236_16,3
500.0,:cluster_2528018119_655375236_7,3
500.0,:cluster_3208478133_655375293_655375296_9631728504_#1more_1,3
500.0,:cluster_3431431575_4777363357_655375231_6982059025_12,1
500.0,:cluster_3431431575_4777363357_655375231_6982059025_3,1
500.0,:cluster_4374470814_4374470816_656132411_656132475_6,1
500.0,:cluster_5372642442_631668976_631668981_631669076_1,1
500.0,:cluster_5372642442_631668976_631668981_631669076_12,3
500.0,:cluster_623980090_623980094_1,1
500.0,:cluster_623980147_623980152_6,1
500.0,E0,20
520.0,-51362430,18
520.0,-545977624#2,8
520.0,-593847703#3,11
520.0,-593847704#2,9
520.0,-594658757#2,13
520.0,1068234498#0,18
520.0,1068234499#0,4
520.0,1068440001,5
520.0,1068440004#1,8
520.0,1068440006#0,9
520.0,1239087513,1
520.0,1334904386#0,4
520.0,182334378#0,7
520.0,182334379#0,12
520.0,182336887#0,3
520.0,182336887#2,1
520.0,196961215#0,22
520.0,196961215#2,7
520.0,196961377#0,26
520.0,196961377#3,5
520.0,232003903#0,4
520.0,244450512#0,2
520.0,244450512#4,6
520.0,244450512#5,2
520.0,288135626#0,20
520.0,30620492#1,1
520.0,336063376#0,2
520.0,353392316#0,3
520.0,506322841#1,2
520.0,506322853#0,1
520.0,51362429#0,9
520.0,51362431,10
520.0,51392846#0,1
520.0,593842812#0,1
520.0,593842812#2,12
520.0,593844221#0,2
520.0,593847703#0,16
520.0,593849711#0,1
520.0,593849711#2,7
520.0,593849718#0,3
520.0,:11510670762_0,1
520.0,:2081945236_0,1
520.0,:2444664370_0,1
520.0,:2749340167_2,1
520.0,:3208478128_0,2
520.0,:622618197_6,1
520.0,:655375233_0,1
520.0,:655375245_1,1
520.0,:655375336_1,1
520.0,:655375336_29,1
520.0,:cluster_2528018119_655375236_6,1
520.0,:cluster_3208478133_655375293_655375296_9631728504_#1more_1,2
520.0,:cluster_4374470814_4374470816_656132411_656132475_6,1
520.0,:cluster_5372642442_631668976_631668981_631669076_12,2
520.0,:cluster_623980090_623980094_1,2
520.0,E0,19
540.0,-51362430,18
540.0,-593847703#3,16
540.0,-593847704#2,9
540.0,-594658757#2,14
540.0,1068234498#0,15
540.0,1068234499#0,6
540.0,1068440001,4
540.0,1068440004#1,8
540.0,1068440006#0,7
540.0,1334904386#0,6
540.0,182334378#0,7
540.0,182334379#0,1
540.0,182336886,1
540.0,182336887#0,1
540.0,182336887#2,1
540.0,196961215#0,24
540.0,196961215#2,5
540.0,196961377#0,26
540.0,232003903#0,4
540.0,241518668#0,4
540.0,244450512#0,2
540.0,244450512#4,6
540.0,244450512#5,2
540.0,259080307#0,1
540.0,288135626#0,13
540.0,288135628#0,1
540.0,288878926#0,2
540.0,30620492#1,1
540.0,353392316#0,2
540.0,506322841#1,2
540.0,506322853#0,1
540.0,51362429#0,9
540.0,51362431,10
540.0,593842812#0,6
540.0,593842812#2,14
540.0,593844221#0,3
540.0,593847703#0,17
540.0,593849711#2,7
540.0,593849718#0,1
540.0,:11510670762_0,1
540.0,:1926948273_2,1
540.0,:2444664370_0,1
540.0,:3086736518_9,1
540.0,:3139322031_0,1
540.0,:3208478128_0,2
540.0,:655375233_4,1
540.0,:655375245_1,1
540.0,:cluster_3208478133_655375293_655375296_9631728504_#1more_1,2
540.0,:cluster_3208478133_655375293_655375296_9631728504_#1more_8,2
540.0,:cluster_4374470814_4374470816_656132411_656132475_6,1
540.0,:cluster_5372642442_631668976_631668981_631669076_12,4
540.0,:cluster_623980090_623980094_1,3
540.0,E0,19
560.0,-51362430,14
560.0,-593847703#3,6
560.0,-593847704#2,9
560.0,-594658757#2,14
560.0,1068234498#0,14
560.0,1068234499#0,10
560.0,1068440001,6
560.0,1068440004#1,8
560.0,1068440006#0,7
560.0,1334904386#0,6
560.0,182334378#0,7
560.0,182336887#0,2
560.0,182336887#2,1
560.0,196961215#0,28
560.0,196961215#2,4
560.0,196961377#0,19
560.0,196961377#3,7
560.0,198001764#0,1
560.0,232003903#0,4
560.0,241518668#0,1
560.0,244450512#0,2
560.0,244450512#4,6
560.0,244450512#5,2
560.0,288135626#0,14
560.0,288878926#0,1
560.0,336063376#0,3
560.0,506322841#1,2
560.0,506322853#0,1
560.0,51362429#0,9
560.0,51362431,10
560.0,593842812#0,7
560.0,593842812#2,14
560.0,593844221#0,3
560.0,593847702#0,3
560.0,593847703#0,14
560.0,593847704#0,2
560.0,593849711#2,7
560.0,:11510670762_0,1
560.0,:2444664370_0,1
560.0,:3086736518_9,1
560.0,:3139322031_0,1
560.0,:3208478128_0,2
560.0,:619136999_2,1
560.0,:655375233_5,2
560.0,:655375245_1,1
560.0,:cluster_2528018119_655375236_2,2
560.0,:cluster_2528018119_655375236_22,1
560.0,:cluster_3208478133_655375293_655375296_9631728504_#1more_1,2
560.0,:cluster_3208478133_655375293_655375296_9631728504_#1more_8,5
560.0,:cluster_3431431575_4777363357_655375231_6982059025_3,1
560.0,:cluster_5372642442_631668976_631668981_631669076_10,1
560.0,:cluster_5372642442_631668976_631668981_631669076_25,1
560.0,:cluster_623980090_623980094_1,1
560.0,:cluster_623980147_623980152_14,1
560.0,:cluster_623980147_623980152_9,1
560.0,E0,19
580.0,-51362429#1,1
580.0,-51362430,14
580.0,-593847704#2,9
580.0,-594658757#2,14
580.0,1068234498#0,12
580.0,1068234499#0,10
580.0,1068440001,6
580.0,1068440004#1,8
580.0,1068440006#0,7
580.0,182334378#0,7
580.0,182334379#0,5
580.0,182336886,1
580.0,182336887#0,3
580.0,196961215#0,27
580.0,196961215#2,2
580.0,196961377#0,18
580.0,196961377#3,11
580.0,232003903#0,4
580.0,241518668#0,2
580.0,244450512#0,2
580.0,244450512#4,6
580.0,244450512#5,2
580.0,288135626#0,15
580.0,288135628#0,2
580.0,288878926#0,2
580.0,303647015#0,5
580.0,506322841#1,2
580.0,506322853#0,1
580.0,51362429#0,9
580.0,51362431,10
580.0,593842812#0,7
580.0,593842812#2,14
580.0,593844221#0,3
580.0,593847702#0,4
580.0,593847703#0,7
580.0,593847704#0,1
580.0,593849711#0,1
580.0,593849711#2,7
580.0,:11510670762_0,1
580.0,:1926948273_0,1
580.0,:2081945236_0,1
580.0,:2444664370_0,1
580.0,:3208478128_0,2
580.0,:622618108_6,1
580.0,:622618230_0,1
580.0,:655375245_1,1
580.0,:cluster_2528018119_655375236_2,3
580.0,:cluster_3208478133_655375293_655375296_9631728504_#1more_1,2
580.0,:cluster_3208478133_655375293_655375296_9631728504_#1more_8,5
580.0,:cluster_5372642442_631668976_631668981_631669076_12,1
580.0,:cluster_623980090_623980094_1,2
580.0,E0,19
600.0,-51362430,14
600.0,-593847704#2,9
600.0,-593847705,1
600.0,-594658757#2,16
600.0,1068234498#0,11
600.0,1068234499#0,11
600.0,1068440001,6
600.0,1068440006#0,7
600.0,182334378#0,7
600.0,182334379#0,5
600.0,182336887#0,3
600.0,182336887#2,1
600.0,196961215#0,22
600.0,196961215#2,5
600.0,196961377#0,25
600.0,196961377#3,8
600.0,198001764#0,1
600.0,232003903#0,4
600.0,241518668#0,3
600.0,244450512#0,2
600.0,244450512#4,6
600.0,244450512#5,2
600.0,288135626#0,16
600.0,288135628#0,3
600.0,30620492#1,1
600.0,336063376#0,2
600.0,506322841#1,2
600.0,506322853#0,1
600.0,51362429#0,9
600.0,51362431,10
600.0,593842812#0,7
600.0,593842812#2,14
600.0,593844221#0,3
600.0,593847702#0,5
600.0,593847704#0,2
600.0,593849711#2,7
600.0,593849718#0,2
600.0,:11510670762_0,1
600.0,:2444664370_0,1
600.0,:3139322031_0,1
600.0,:3208478128_0,2
600.0,:622618197_6,1
600.0,:655375245_1,1
600.0,:655375336_6,2
600.0,:cluster_2528018119_655375236_2,3
600.0,:cluster_3208478133_655375293_655375296_9631728504_#1more_1,2
600.0,:cluster_3208478133_655375293_655375296_9631728504_#1more_8,5
600.0,:cluster_5372642442_631668976_631668981_631669076_1,2
600.0,:cluster_623980090_623980094_1,1
600.0,:cluster_623980147_623980152_15,1
600.0,:cluster_623980147_623980152_6,1
600.0,E0,15
620.0,-51362430,14
620.0,-593847704#2,3
620.0,-594658757#2,18
620.0,1068234498#0,11
620.0,1068234499#0,12
620.0,1068440001,6
620.0,1068440006#0,7
620.0,182334378#0,7
620.0,182334379#0,2
620.0,182336886,1
620.0,182336887#0,3
620.0,196961215#0,16
620.0,196961215#2,3
620.0,196961377#0,26
620.0,196961377#3,2
620.0,232003903#0,4
620.0,241518668#0,1
620.0,244450512#0,2
620.0,244450512#4,6
620.0,244450512#5,2
620.0,288135626#0,15
620.0,288135628#0,1
620.0,288878926#0,2
620.0,30620492#1,1
620.0,336063376#0,1
620.0,506322841#1,2
620.0,506322853#0,1
620.0,51289045#3,1
620.0,51362429#0,9
620.0,51362431,10
620.0,593842812#0,7
620.0,593842812#2,14
620.0,593844221#0,3
620.0,593847703#0,4
620.0,593849711#2,7
620.0,593849718#0,3
620.0,:11510670762_0,1
620.0,:1926948273_0,1
620.0,:2444664370_0,1
620.0,:3086736518_7,1
620.0,:3208478128_0,2
620.0,:622618108_6,1
620.0,:622618197_0,1
620.0,:622618230_6,1
620.0,:655375233_0,1
620.0,:655375245_1,1
620.0,:cluster_3208478133_655375293_655375296_9631728504_#1more_1,2
620.0,:cluster_3208478133_655375293_655375296_9631728504_#1more_8,5
620.0,:cluster_5372642442_631668976_631668981_631669076_1,1
620.0,:cluster_623980090_623980094_1,2
620.0,E0,15
640.0,-51362430,14
640.0,-593847703#3,3
640.0,-594658757#2,18
640.0,1068234498#0,11
640.0,1068234499#0,7
640.0,1068440001,6
640.0,1068440006#0,7
640.0,182334378#0,11
640.0,182334379#0,2
640.0,182336887#0,3
640.0,182336887#2,1
640.0,196961215#0,11
640.0,196961215#2,6
640.0,196961377#0,25
640.0,196961377#3,1
640.0,198001764#0,1
640.0,232003903#0,4
640.0,241518668#0,1
640.0,244450512#0,2
640.0,244450512#4,6
640.0,244450512#5,2
640.0,288135626#0,14
640.0,288878926#0,2
640.0,506322841#1,2
640.0,506322853#0,1
640.0,51362429#0,9
640.0,51362431,9
640.0,593842812#0,7
640.0,593842812#2,14
640.0,593844221#0,3
640.0,593847703#0,9
640.0,593849711#2,7
640.0,594658757#0,1
640.0,:11510670762_0,1
640.0,:2081945236_2,1
640.0,:3139322031_0,1
640.0,:3208478128_0,2
640.0,:619136999_2,1
640.0,:655375245_1,1
640.0,:cluster_3208478133_655375293_655375296_9631728504_#1more_1,2
640.0,:cluster_3208478133_655375293_655375296_9631728504_#1more_8,5
640.0,:cluster_3431431575_4777363357_655375231_6982059025_3,1
640.0,:cluster_623980090_623980094_1,1
640.0,:cluster_623980147_623980152_6,1
640.0,E0,15
660.0,-51362430,14
660.0,-593847703#3,3
660.0,-594658757#2,18
660.0,-E0,1
660.0,1068234498#0,8
660.0,1068234499#0,9
660.0,1068440001,6
660.0,1068440004#1,3
660.0,1068440006#0,7
660.0,182334378#0,5
660.0,182334379#0,1
660.0,182336886,1
660.0,182336887#0,2
660.0,196961215#0,10
660.0,196961215#2,6
660.0,196961377#0,16
660.0,196961377#3,11
660.0,232003903#0,3
660.0,244450512#0,2
660.0,244450512#4,6
660.0,244450512#5,2
660.0,288135626#0,14
660.0,506322841#1,2
660.0,506322853#0,1
660.0,51362429#0,6
660.0,51362431,10
660.0,593842812#0,7
660.0,593842812#2,14
660.0,593844221#0,3
660.0,593847703#0,5
660.0,593849711#2,7
660.0,:11510670762_0,1
660.0,:1926948273_0,1
660.0,:2444664370_0,1
660.0,:3086736518_1,1
660.0,:3086736518_16,1
660.0,:3208478128_0,2
660.0,:655375232_1,1
660.0,:655375245_1,1
660.0,:655375336_39,1
660.0,:655375336_9,1
660.0,:cluster_2528018119_655375236_2,2
660.0,:cluster_2528018119_655375236_22,1
660.0,:cluster_3208478133_655375293_655375296_9631728504_#1more_1,2
660.0,:cluster_3208478133_655375293_655375296_9631728504_#1more_14,1
660.0,:cluster_3208478133_655375293_655375296_9631728504_#1more_8,5
660.0,:cluster_623980147_623980152_9,1
660.0,E0,15
680.0,-51362430,14
680.0,-593847703#3,3
680.0,-594658757#2,17
680.0,-E0,5
680.0,1068234498#0,6
680.0,1068234499#0,9
680.0,1068440001,6
680.0,1068440004#1,6
680.0,1068440006#0,9
680.0,182334378#0,1
680.0,182334379#0,6
680.0,182336887#0,2
680.0,182336887#2,1
680.0,196961215#0,6
680.0,196961215#2,1
680.0,196961377#0,20
680.0,196961377#3,11
680.0,198001764#0,1
680.0,232003903#0,3
680.0,241518668#0,1
680.0,244450512#0,2
680.0,244450512#4,6
680.0,244450512#5,2
680.0,288135626#0,14
680.0,288878926#0,2
680.0,303647015#0,1
680.0,506322841#1,2
680.0,51362429#0,5
680.0,51362431,10
680.0,593842812#0,7
680.0,593842812#2,14
680.0,593844221#0,3
680.0,593847703#0,1
680.0,593849711#0,1
680.0,593849711#2,7
680.0,668037874,1
680.0,:11510670762_0,1
680.0,:1926948273_0,1
680.0,:2081945236_2,1
680.0,:2444664370_0,1
680.0,:3208478128_0,2
680.0,:622618230_0,1
680.0,:655375232_11,1
680.0,:655375245_1,1
680.0,:cluster_2528018119_655375236_22,1
680.0,:cluster_3208478133_655375293_655375296_9631728504_#1more_1,2
680.0,:cluster_3208478133_655375293_655375296_9631728504_#1more_14,1
680.0,:cluster_3208478133_655375293_655375296_9631728504_#1more_8,5
680.0,:cluster_3431431575_4777363357_655375231_6982059025_3,1
680.0,:cluster_5372642442_631668976_631668981_631669076_1,2
680.0,:cluster_5372642442_631668976_631668981_631669076_12,2
680.0,:cluster_623980090_623980094_1,1
680.0,:cluster_623980147_623980152_14,1
680.0,:cluster_623980147_623980152_6,1
680.0,E0,20
700.0,-51362430,14
700.0,-593847703#3,4
700.0,-594658757#2,18
700.0,-E0,5
700.0,1068234498#0,6
700.0,1068234499#0,6
700.0,1068440001,6
700.0,1068440004#1,6
700.0,1068440006#0,10
700.0,1239087513,1
700.0,182334378#0,2
700.0,182334379#0,3
700.0,182336887#0,1
700.0,182336887#2,1
700.0,196961215#0,2
700.0,196961215#2,4
700.0,196961377#0,26
700.0,196961377#3,6
700.0,198001764#0,1
700.0,232003903#0,3
700.0,244450512#0,2
700.0,244450512#4,6
700.0,244450512#5,2
700.0,288135626#0,16
700.0,288135628#0,3
700.0,288878926#0,3
700.0,30620492#1,1
700.0,49695736#0,1
700.0,506322841#1,2
700.0,51362429#0,9
700.0,51362431,10
700.0,593842812#0,7
700.0,593842812#2,14
700.0,593844221#0,1
700.0,593847703#0,1
700.0,593849711#2,4
700.0,593849718#0,3
700.0,668037874,1
700.0,:2444664370_0,1
700.0,:3086736518_1,1
700.0,:3208478128_0,2
700.0,:619136999_2,1
700.0,:655375232_6,1
700.0,:655375233_0,1
700.0,:655375245_1,1
700.0,:655375336_47,1
700.0,:cluster_2528018119_655375236_16,1
700.0,:cluster_2528018119_655375236_6,1
700.0,:cluster_3208478133_655375293_655375296_9631728504_#1more_14,1
700.0,:cluster_3208478133_655375293_655375296_9631728504_#1more_8,3
700.0,E0,20
720.0,-51362430,14
720.0,-593847703#3,10
720.0,-594658757#2,21
720.0,-E0,5
720.0,1068234498#0,6
720.0,1068234499#0,5
720.0,1068440001,5
720.0,1068440004#1,6
720.0,1068440006#0,10
720.0,1239087513,1
720.0,182334378#0,2
720.0,182334379#0,1
720.0,182336887#0,1
720.0,182336887#2,1
720.0,196961377#0,18
720.0,196961377#3,7
720.0,198001764#0,1
720.0,232003903#0,4
720.0,244450512#0,2
720.0,244450512#4,6
720.0,244450512#5,2
720.0,288135626#0,11
720.0,288878926#0,6
720.0,49695736#0,1
720.0,506322841#1,2
720.0,51289045#3,1
720.0,51362429#0,9
720.0,51362431,10
720.0,593842812#0,5
720.0,593842812#2,7
720.0,593847703#0,8
720.0,593849718#0,3
720.0,668037874,1
720.0,:11510670762_0,1
720.0,:2749340167_2,1
720.0,:3208478128_0,2
720.0,:619136999_2,1
720.0,:655375245_1,1
720.0,:655375336_29,3
720.0,:655375336_47,1
720.0,:656132498_0,2
720.0,:cluster_2528018119_655375236_23,1
720.0,:cluster_2528018119_655375236_6,1
720.0,:cluster_3208478133_655375293_655375296_9631728504_#1more_1,4
720.0,:cluster_5372642442_631668976_631668981_631669076_1,1
720.0,E0,20
740.0,-51362430,14
740.0,-593847703#3,9
740.0,-594658757#2,22
740.0,-E0,5
740.0,1068234498#0,3
740.0,1068234499#0,5
740.0,1068440001,5
740.0,1068440004#1,6
740.0,1068440006#0,10
740.0,1239087513,1
740.0,182334378#0,2
740.0,182334379#0,6
740.0,182336886,1
740.0,182336887#0,1
740.0,182336887#2,1
740.0,196961377#0,15
740.0,196961377#3,7
740.0,198001764#0,1
740.0,232003903#0,4
740.0,244450512#0,2
740.0,244450512#4,6
740.0,244450512#5,2
740.0,288135626#0,7
740.0,288878926#0,2
740.0,49695736#0,3
740.0,506322841#1,2
740.0,51362429#0,9
740.0,51362431,10
740.0,593842812#2,2
740.0,593844221#0,2
740.0,593847702#0,2
740.0,593847703#0,8
740.0,593847704#0,2
740.0,593849711#0,1
740.0,593849718#0,2
740.0,668037874,1
740.0,:11510670762_0,1
740.0,:2444664370_0,1
740.0,:3086736518_19,1
740.0,:3208478128_0,2
740.0,:619136999_2,1
740.0,:622618197_6,1
740.0,:622618230_6,1
740.0,:655375233_4,2
740.0,:655375245_1,1
740.0,:655375336_29,3
740.0,:cluster_2528018119_655375236_16,2
740.0,:cluster_2528018119_655375236_6,1
740.0,:cluster_3208478133_655375293_655375296_9631728504_#1more_1,3
740.0,E0,20
760.0,-51362430,14
760.0,-593847703#3,3
760.0,-594658757#2,23
760.0,-E0,5
760.0,1068234499#0,8
760.0,1068440001,5
760.0,1068440004#1,6
760.0,1068440006#0,7
760.0,1239087513,1
760.0,1334904386#0,1
760.0,182334378#0,3
760.0,182334379#0,3
760.0,182336886,1
760.0,182336887#0,1
760.0,196961377#0,19
760.0,196961377#3,10
760.0,232003903#0,4
760.0,244450512#0,2
760.0,244450512#4,6
760.0,244450512#5,2
760.0,288135626#0,2
760.0,49695736#0,3
760.0,506322841#1,2
760.0,51362429#0,9
760.0,51362431,10
760.0,593842812#2,2
760.0,593844221#0,2
760.0,593847702#0,4
760.0,593847703#0,4
760.0,593847704#0,2
760.0,668037874,1
760.0,:11510670762_0,1
760.0,:1926948273_0,1
760.0,:2081945236_1,1
760.0,:2444664370_0,1
760.0,:3086736518_9,1
760.0,:3208478128_0,2
760.0,:655375233_4,1
760.0,:655375245_1,1
760.0,:655375336_2,1
760.0,:cluster_2528018119_655375236_2,2
760.0,:cluster_3208478133_655375293_655375296_9631728504_#1more_1,3
760.0,:cluster_5372642442_631668976_631668981_631669076_12,2
760.0,E0,20
780.0,-51362430,9
780.0,-594658757#2,24
780.0,-E0,5
780.0,1068234499#0,9
780.0,1068440001,5
780.0,1068440004#1,4
780.0,1068440006#0,7
780.0,1334904386#0,1
780.0,182334378#0,3
780.0,182334379#0,7
780.0,182336887#0,1
780.0,182336887#2,1
780.0,196961377#0,25
780.0,196961377#3,11
780.0,198001764#0,1
780.0,232003903#0,4
780.0,244450512#0,2
780.0,244450512#4,6
780.0,244450512#5,2
780.0,288135626#0,3
780.0,49695736#0,3
780.0,506322841#1,2
780.0,51362429#0,9
780.0,51362431,10
780.0,593842812#2,2
780.0,593844221#0,3
780.0,593847702#0,1
780.0,593847704#0,1
780.0,668037874,1
780.0,:11510670762_0,1
780.0,:2444664370_0,1
780.0,:2749340167_2,1
780.0,:3208478128_0,2
780.0,:655375233_9,2
780.0,:655375245_1,1
780.0,:cluster_3208478133_655375293_655375296_9631728504_#1more_1,3
780.0,:cluster_3208478133_655375293_655375296_9631728504_#1more_8,5
780.0,E0,20
800.0,-51362430,8
800.0,-593847703#3,3
800.0,-593847705,1
800.0,-594658757#2,24
800.0,-E0,5
800.0,1068234499#0,5
800.0,1068440001,6
800.0,1068440006#0,7
800.0,182334378#0,3
800.0,182334379#0,4
800.0,182336886,1
800.0,182336887#0,1
800.0,182336887#2,1
800.0,196961377#0,26
800.0,196961377#3,9
800.0,198001764#0,1
800.0,232003903#0,4
800.0,244450512#0,2
800.0,244450512#4,6
800.0,244450512#5,2
800.0,288135626#0,3
800.0,288135628#0,3
800.0,30620492#1,1
800.0,506322841#1,2
800.0,51362429#0,9
800.0,51362431,10
800.0,593842812#2,2
800.0,593844221#0,3
800.0,593847702#0,1
800.0,593849718#0,1
800.0,668037874,1
800.0,:11510670762_0,1
800.0,:2444664370_0,1
800.0,:3208478128_0,2
800.0,:622618197_6,1
800.0,:655375233_11,1
800.0,:655375245_1,1
800.0,:cluster_2528018119_655375236_6,1
800.0,:cluster_3208478133_655375293_655375296_9631728504_#1more_1,3
800.0,:cluster_3208478133_655375293_655375296_9631728504_#1more_8,5
800.0,:cluster_5372642442_631668976_631668981_631669076_1,3
800.0,:cluster_655375246_655375489_3,1
800.0,E0,20
820.0,-51362430,8
820.0,-593847703#3,9
820.0,-593847705,1
820.0,-594658757#2,24
820.0,1068234499#0,2
820.0,1068440001,6
820.0,1068440006#0,7
820.0,182334378#0,3
820.0,182336886,1
820.0,182336887#0,1
820.0,182336887#2,1
820.0,196961377#0,24
820.0,196961377#3,4
820.0,232003903#0,4
820.0,244450512#0,2
820.0,244450512#4,6
820.0,244450512#5,2
820.0,506322841#1,3
820.0,51362429#0,9
820.0,51362431,10
820.0,593842812#2,2
820.0,593844221#0,3
820.0,593847704#0,5
820.0,593849718#0,3
820.0,668037874,1
820.0,:11510670762_0,1
820.0,:1926948273_0,1
820.0,:3208478128_0,2
820.0,:619136999_2,1
820.0,:622618197_0,1
820.0,:655375233_11,1
820.0,:655375245_1,1
820.0,:cluster_2528018119_655375236_23,1
820.0,:cluster_2528018119_655375236_6,1
820.0,:cluster_3208478133_655375293_655375296_9631728504_#1more_1,3
820.0,:cluster_3208478133_655375293_655375296_9631728504_#1more_8,5
820.0,E0,20
840.0,-51362430,8
840.0,-593847703#3,13
840.0,-594658757#2,24
840.0,-E0,1
840.0,1068440001,6
840.0,1068440006#0,7
840.0,182334378#0,2
840.0,182336887#2,1
840.0,196961377#0,15
840.0,196961377#3,6
840.0,232003903#0,3
840.0,244450512#0,2
840.0,244450512#4,6
840.0,244450512#5,2
840.0,506322841#1,2
840.0,51362429#0,9
840.0,51362431,10
840.0,593842812#2,2
840.0,593844221#0,3
840.0,593847704#0,2
840.0,593849718#0,3
840.0,668037874,1
840.0,:11510670762_0,1
840.0,:2081945236_0,1
840.0,:2749340167_2,1
840.0,:3208478128_0,2
840.0,:619136999_2,1
840.0,:622618197_0,1
840.0,:655375245_1,1
840.0,:cluster_3208478133_655375293_655375296_9631728504_#1more_1,3
840.0,:cluster_3208478133_655375293_655375296_9631728504_#1more_11,2
840.0,:cluster_3208478133_655375293_655375296_9631728504_#1more_14,1
840.0,:cluster_3208478133_655375293_655375296_9631728504_#1more_8,5
840.0,E0,20
860.0,-51362430,8
860.0,-593847703#3,10
860.0,-594658757#2,25
860.0,-E0,1
860.0,1068440001,5
860.0,1068440006#0,7
860.0,1239087513,1
860.0,182334378#0,2
860.0,182336887#2,1
860.0,196961377#0,11
860.0,196961377#3,10
860.0,198001764#0,1
860.0,232003903#0,3
860.0,244450512#0,2
860.0,244450512#4,6
860.0,244450512#5,2
860.0,30620492#1,1
860.0,49695736#0,4
860.0,506322841#1,2
860.0,506322841#3,1
860.0,51362429#0,9
860.0,51362431,10
860.0,593842812#2,2
860.0,593844221#0,1
860.0,593847702#0,1
860.0,668037874,1
860.0,:11510670762_0,1
860.0,:3208478128_0,2
860.0,:619136999_2,1
860.0,:655375233_4,2
860.0,:655375245_1,1
860.0,:655375336_47,1
860.0,:655375336_48,1
860.0,:cluster_3208478133_655375293_655375296_9631728504_#1more_11,2
860.0,:cluster_3208478133_655375293_655375296_9631728504_#1more_14,1
860.0,:cluster_3208478133_655375293_655375296_9631728504_#1more_8,3
860.0,E0,20
880.0,-51362430,8
880.0,-594658757#2,25
880.0,-E0,1
880.0,1068440001,5
880.0,1068440006#0,7
880.0,1239087513,1
880.0,182334378#0,2
880.0,182334379#0,2
880.0,182336887#0,1
880.0,182336887#2,1
880.0,196961377#0,11
880.0,196961377#3,11
880.0,198001764#0,1
880.0,232003903#0,4
880.0,244450512#0,2
880.0,244450512#4,6
880.0,244450512#5,2
880.0,30620492#1,1
880.0,506322841#1,2
880.0,51289045#3,1
880.0,51362429#0,9
880.0,51362431,10
880.0,593842812#2,1
880.0,593844216#0,1
880.0,593844221#0,1
880.0,593847702#0,4
880.0,593847704#0,2
880.0,668037874,1
880.0,:11510670762_0,1
880.0,:2081945236_2,1
880.0,:3086736518_9,1
880.0,:3208478128_0,2
880.0,:655375233_5,2
880.0,:655375245_1,1
880.0,:655375336_28,1
880.0,:655375336_47,1
880.0,:655375336_48,1
880.0,:cluster_3208478133_655375293_655375296_9631728504_#1more_8,1
880.0,:cluster_4374470814_4374470816_656132411_656132475_4,1
880.0,E0,20
900.0,-51362430,8
900.0,-594658757#2,25
900.0,-E0,1
900.0,1068440001,5
900.0,1068440006#0,7
900.0,1239087513,1
900.0,182334378#0,2
900.0,182336887#0,2
900.0,196961377#0,11
900.0,196961377#3,11
900.0,198001764#0,1
900.0,232003903#0,4
900.0,244450512#0,2
900.0,244450512#4,6
900.0,244450512#5,2
900.0,30620492#1,1
900.0,49695736#0,1
900.0,506322841#1,2
900.0,51362429#0,9
900.0,51362431,10
900.0,593842812#2,1
900.0,593844221#0,1
900.0,593847704#0,1
900.0,668037874,1
900.0,:11510670762_0,1
900.0,:3208478128_0,2
900.0,:622618108_6,1
900.0,:655375245_1,1
900.0,:655375336_28,1
900.0,:655375336_47,1
900.0,:cluster_3208478133_655375293_655375296_9631728504_#1more_8,1
900.0,E0,20
920.0,-51362430,8
920.0,-594658757#2,25
920.0,-E0,1
920.0,1068440001,5
920.0,1068440006#0,6
920.0,1239087513,1
920.0,1334904386#0,1
920.0,182334378#0,2
920.0,182334379#0,1
920.0,182336887#0,2
920.0,182336887#2,1
920.0,196961377#0,11
920.0,196961377#3,6
920.0,198001764#0,2
920.0,232003903#0,4
920.0,244450512#0,2
920.0,244450512#4,6
920.0,244450512#5,2
920.0,30620492#1,1
920.0,506322841#1,2
920.0,51362429#0,9
920.0,51362431,10
920.0,593842812#2,1
920.0,593844221#0,1
920.0,593849718#0,3
920.0,668037874,1
920.0,:11510670762_0,1
920.0,:3208478128_0,2
920.0,:655375245_1,1
920.0,:655375336_1,1
920.0,:655375336_28,1
920.0,:655375336_47,1
920.0,:cluster_3208478133_655375293_655375296_9631728504_#1more_8,1
920.0,E0,19
940.0,-51362430,4
940.0,-594658757#2,25
940.0,1068440001,5
940.0,1068440006#0,6
940.0,1334904386#0,1
940.0,182334378#0,2
940.0,182336887#0,2
940.0,182336887#2,1
940.0,196961377#0,4
940.0,196961377#3,5
940.0,198001764#0,1
940.0,232003903#0,4
940.0,244450512#0,2
940.0,244450512#4,6
940.0,244450512#5,2
940.0,506322841#1,2
940.0,51362429#0,7
940.0,51362431,9
940.0,593842812#2,1
940.0,593844221#0,1
940.0,593847704#0,1
940.0,593849718#0,3
940.0,594658757#0,1
940.0,668037874,1
940.0,:11510670762_0,1
940.0,:2081945236_2,1
940.0,:3086736518_0,1
940.0,:3208478128_0,2
940.0,:619136999_2,1
940.0,:655375232_0,1
940.0,:655375245_1,1
940.0,:655375336_1,1
940.0,:655375336_28,1
940.0,:655375336_47,1
940.0,:656132414_2,1
940.0,:cluster_3208478133_655375293_655375296_9631728504_#1more_8,5
940.0,E0,19
960.0,-51362430,4
960.0,-594658757#2,25
960.0,1068440001,6
960.0,1068440006#0,7
960.0,1334904386#0,1
960.0,182334378#0,2
960.0,182336887#0,1
960.0,182336887#2,1
960.0,196961377#3,10
960.0,232003903#0,4
960.0,244450512#1,3
960.0,244450512#4,5
960.0,244450512#5,2
960.0,30620492#1,1
960.0,506322841#1,2
960.0,506322841#3,1
960.0,51362429#0,9
960.0,51362431,9
960.0,593842812#2,1
960.0,593844221#0,1
960.0,668037874,1
960.0,:11510670762_0,1
960.0,:3208478128_0,2
960.0,:655375336_1,1
960.0,:655375336_28,1
960.0,:655375336_47,1
960.0,:cluster_3208478133_655375293_655375296_9631728504_#1more_8,5
960.0,E0,20
980.0,-51362430,4
980.0,-594658757#2,24
980.0,1068440001,6
980.0,1068440006#0,7
980.0,1334904386#0,1
980.0,182334378#0,2
980.0,182336887#2,1
980.0,196961377#0,1
980.0,196961377#3,10
980.0,232003903#0,4
980.0,244450512#1,1
980.0,244450512#4,7
980.0,244450512#5,2
980.0,303647015#0,1
980.0,51362429#0,9
980.0,51362431,9
980.0,593842812#2,1
980.0,593844221#0,1
980.0,:11510670762_0,1
980.0,:3208478128_0,2
980.0,:655375336_1,1
980.0,:655375336_28,1
980.0,:655375336_47,1
980.0,:cluster_3208478133_655375293_655375296_9631728504_#1more_8,5
980.0,E0,20
1000.0,-51362430,4
1000.0,-594658757#2,24
1000.0,1068440001,6
1000.0,1068440006#0,7
1000.0,182334378#0,1
1000.0,196961377#0,1
1000.0,196961377#3,8
1000.0,232003903#0,3
1000.0,244450512#4,8
1000.0,244450512#5,2
1000.0,303647015#0,1
1000.0,51362429#0,9
1000.0,51362431,9
1000.0,593842812#2,1
1000.0,593844221#0,1
1000.0,593849718#0,2
1000.0,:11510670762_0,1
1000.0,:3208478128_0,2
1000.0,:655375336_1,1
1000.0,:655375336_28,1
1000.0,:655375336_47,1
1000.0,:cluster_3208478133_655375293_655375296_9631728504_#1more_11,3
1000.0,:cluster_3208478133_655375293_655375296_9631728504_#1more_14,1
1000.0,:cluster_3208478133_655375293_655375296_9631728504_#1more_8,5
1000.0,E0,20
1020.0,-51362430,4
1020.0,-594658757#2,25
1020.0,1068440001,6
1020.0,1068440006#0,7
1020.0,1334904386#0,1
1020.0,182334378#0,1
1020.0,196961377#3,2
1020.0,232003903#0,4
1020.0,244450512#4,8
1020.0,244450512#5,2
1020.0,51289045#5,1
1020.0,51362429#0,9
1020.0,51362431,9
1020.0,593842812#2,1
1020.0,593844221#0,1
1020.0,593849718#0,3
1020.0,:11510670762_0,1
1020.0,:3208478128_0,2
1020.0,:655375336_47,1
1020.0,:cluster_3208478133_655375293_655375296_9631728504_#1more_11,3
1020.0,:cluster_3208478133_655375293_655375296_9631728504_#1more_8,5
1020.0,E0,20
1040.0,-51362430,4
1040.0,-594658757#2,25
1040.0,1068440001,6
1040.0,1068440006#0,7
1040.0,1334904386#0,1
1040.0,182334378#0,1
1040.0,232003903#0,4
1040.0,244450512#4,8
1040.0,244450512#5,2
1040.0,51362429#0,9
1040.0,51362431,9
1040.0,593842812#2,1
1040.0,593844221#0,1
1040.0,:11510670762_0,1
1040.0,:3208478128_0,2
1040.0,:655375336_47,1
1040.0,:cluster_3208478133_655375293_655375296_9631728504_#1more_11,3
1040.0,:cluster_3208478133_655375293_655375296_9631728504_#1more_8,5
1040.0,E0,20
1060.0,-51362430,4
1060.0,-594658757#2,25
1060.0,1068440001,6
1060.0,1068440006#0,7
1060.0,1334904386#0,1
1060.0,182334378#0,1
1060.0,232003903#0,4
1060.0,244450512#4,8
1060.0,244450512#5,2
1060.0,51362429#0,9
1060.0,51362431,9
1060.0,593842812#2,1
1060.0,593844221#0,1
1060.0,:11510670762_0,1
1060.0,:3208478128_0,2
1060.0,:655375336_47,1
1060.0,:cluster_3208478133_655375293_655375296_9631728504_#1more_11,3
1060.0,:cluster_3208478133_655375293_655375296_9631728504_#1more_8,5
1060.0,E0,20
1080.0,-51362430,4
1080.0,-594658757#2,25
1080.0,1068440001,6
1080.0,1068440006#0,7
1080.0,182334378#0,1
1080.0,232003903#0,3
1080.0,244450512#4,8
1080.0,244450512#5,2
1080.0,303647015#0,1
1080.0,51362429#0,9
1080.0,51362431,9
1080.0,593842812#2,1
1080.0,593844221#0,1
1080.0,:11510670762_0,1
1080.0,:3208478128_0,2
1080.0,:655375336_47,1
1080.0,:cluster_3208478133_655375293_655375296_9631728504_#1more_11,3
1080.0,:cluster_3208478133_655375293_655375296_9631728504_#1more_14,1
1080.0,:cluster_3208478133_655375293_655375296_9631728504_#1more_8,5
1080.0,E0,20
1100.0,-51362430,4
1100.0,-594658757#2,25
1100.0,1068440001,6
1100.0,1068440006#0,7
1100.0,182334378#0,1
1100.0,232003903#0,3
1100.0,244450512#4,8
1100.0,244450512#5,2
1100.0,51362429#0,9
1100.0,51362431,9
1100.0,593842812#2,1
1100.0,593844221#0,1
1100.0,:11510670762_0,1
1100.0,:3208478128_0,2
1100.0,:655375336_47,1
1100.0,:cluster_3208478133_655375293_655375296_9631728504_#1more_11,3
1100.0,:cluster_3208478133_655375293_655375296_9631728504_#1more_14,1
1100.0,:cluster_3208478133_655375293_655375296_9631728504_#1more_8,5
1100.0,E0,20
1120.0,-51362430,4
1120.0,-594658757#2,25
1120.0,1068440001,6
1120.0,1068440006#0,7
1120.0,182334378#0,1
1120.0,232003903#0,3
1120.0,244450512#4,8
1120.0,244450512#5,2
1120.0,51362429#0,9
1120.0,51362431,9
1120.0,593842812#2,1
1120.0,593844221#0,1
1120.0,:11510670762_0,1
1120.0,:3208478128_0,2
1120.0,:655375336_47,1
1120.0,:cluster_3208478133_655375293_655375296_9631728504_#1more_11,3
1120.0,:cluster_3208478133_655375293_655375296_9631728504_#1more_14,1
1120.0,:cluster_3208478133_655375293_655375296_9631728504_#1more_8,5
1120.0,E0,20
1140.0,-51362430,4
1140.0,-594658757#2,25
1140.0,1068440001,6
1140.0,1068440006#0,7
1140.0,182334378#0,1
1140.0,232003903#0,3
1140.0,244450512#4,8
1140.0,244450512#5,2
1140.0,51362429#0,9
1140.0,51362431,9
1140.0,593842812#2,1
1140.0,593844221#0,1
1140.0,:11510670762_0,1
1140.0,:3208478128_0,2
1140.0,:655375336_47,1
1140.0,:cluster_3208478133_655375293_655375296_9631728504_#1more_11,3
1140.0,:cluster_3208478133_655375293_655375296_9631728504_#1more_14,1
1140.0,:cluster_3208478133_655375293_655375296_9631728504_#1more_8,5
1140.0,E0,20
1160.0,-51362430,4
1160.0,-594658757#2,25
1160.0,1068440001,6
1160.0,1068440006#0,7
1160.0,182334378#0,1
1160.0,232003903#0,3
1160.0,244450512#4,8
1160.0,244450512#5,2
1160.0,49695736#0,1
1160.0,51362429#0,9
1160.0,51362431,9
1160.0,593844221#0,1
1160.0,:11510670762_0,1
1160.0,:3208478128_0,2
1160.0,:655375336_47,1
1160.0,:cluster_3208478133_655375293_655375296_9631728504_#1more_11,3
1160.0,:cluster_3208478133_655375293_655375296_9631728504_#1more_14,1
1160.0,:cluster_3208478133_655375293_655375296_9631728504_#1more_8,5
1160.0,E0,20
1180.0,-51362430,4
1180.0,-594658757#2,25
1180.0,1068440001,5
1180.0,1068440006#0,7
1180.0,1239087513,1
1180.0,1334904386#0,1
1180.0,182334378#0,1
1180.0,232003903#0,3
1180.0,244450512#4,7
1180.0,244450512#5,2
1180.0,303647015#0,1
1180.0,49695736#0,1
1180.0,51362429#0,9
1180.0,51362431,9
1180.0,593844221#0,1
1180.0,:11510670762_0,1
1180.0,:3208478128_0,2
1180.0,:655375336_47,1
1180.0,:cluster_3208478133_655375293_655375296_9631728504_#1more_11,3
1180.0,:cluster_3208478133_655375293_655375296_9631728504_#1more_14,1
1180.0,:cluster_3208478133_655375293_655375296_9631728504_#1more_8,3
1180.0,E0,20
1200.0,-51362430,3
1200.0,-594658757#2,25
1200.0,1068440001,3
1200.0,1068440006#0,7
1200.0,1334904386#0,2
1200.0,182334378#0,1
1200.0,182334379#0,1
1200.0,232003903#0,4
1200.0,244450512#4,7
1200.0,244450512#5,2
1200.0,51289045#4,1
1200.0,51362429#0,9
1200.0,51362431,9
1200.0,545977624#0,3
1200.0,593844221#0,1
1200.0,:11510670762_0,1
1200.0,:3208478128_0,2
1200.0,:655375336_28,1
1200.0,:655375336_47,1
1200.0,:cluster_3208478133_655375293_655375296_9631728504_#1more_8,5
1200.0,E0,20
1220.0,-594658757#2,25
1220.0,1068440001,6
1220.0,1068440006#0,6
1220.0,1334904386#0,2
1220.0,182334378#0,1
1220.0,232003903#0,4
1220.0,244450512#4,7
1220.0,244450512#5,2
1220.0,51362429#0,9
1220.0,51362431,9
1220.0,593844221#0,1
1220.0,:11510670762_0,1
1220.0,:3208478128_0,2
1220.0,:655375336_28,1
1220.0,:655375336_47,1
1220.0,:cluster_3208478133_655375293_655375296_9631728504_#1more_8,5
1220.0,E0,19
1240.0,-594658757#2,25
1240.0,1068440001,6
1240.0,1068440006#0,6
1240.0,182334378#0,1
1240.0,232003903#0,4
1240.0,244450512#4,7
1240.0,244450512#5,2
1240.0,303647015#0,2
1240.0,51362429#0,9
1240.0,51362431,8
1240.0,593844221#0,1
1240.0,594658757#0,1
1240.0,:11510670762_0,1
1240.0,:3208478128_0,2
1240.0,:655375336_28,1
1240.0,:655375336_47,1
1240.0,:cluster_3208478133_655375293_655375296_9631728504_#1more_8,5
1240.0,E0,19
1260.0,-594658757#2,25
1260.0,1068440001,6
1260.0,1068440006#0,6
1260.0,182334378#0,1
1260.0,232003903#0,3
1260.0,244450512#4,7
1260.0,244450512#5,2
1260.0,51362429#0,8
1260.0,51362431,8
1260.0,593844221#0,1
1260.0,:11510670762_0,1
1260.0,:3208478128_0,2
1260.0,:655375233_0,1
1260.0,:655375336_28,1
1260.0,:655375336_47,1
1260.0,:cluster_3208478133_655375293_655375296_9631728504_#1more_11,1
1260.0,:cluster_3208478133_655375293_655375296_9631728504_#1more_14,1
1260.0,:cluster_3208478133_655375293_655375296_9631728504_#1more_8,5
1260.0,E0,20
1280.0,-594658757#2,25
1280.0,1068440001,6
1280.0,1068440006#0,6
1280.0,182334378#0,1
1280.0,232003903#0,3
1280.0,244450512#4,7
1280.0,244450512#5,2
1280.0,51362429#0,9
1280.0,51362431,8
1280.0,593844221#0,1
1280.0,:11510670762_0,1
1280.0,:3208478128_0,2
1280.0,:655375336_28,1
1280.0,:655375336_47,1
1280.0,:cluster_2528018119_655375236_21,1
1280.0,:cluster_3208478133_655375293_655375296_9631728504_#1more_11,1
1280.0,:cluster_3208478133_655375293_655375296_9631728504_#1more_14,1
1280.0,:cluster_3208478133_655375293_655375296_9631728504_#1more_8,5
1280.0,E0,20
1300.0,-594658757#2,24
1300.0,1068440001,6
1300.0,1068440006#0,6
1300.0,182334378#0,1
1300.0,232003903#0,4
1300.0,244450512#4,7
1300.0,244450512#5,2
1300.0,51362429#0,9
1300.0,51362431,8
1300.0,593844221#0,1
1300.0,:11510670762_0,1
1300.0,:3208478128_0,2
1300.0,:3208478132_0,1
1300.0,:655375336_28,1
1300.0,:655375336_47,1
1300.0,:cluster_3208478133_655375293_655375296_9631728504_#1more_11,1
1300.0,:cluster_3208478133_655375293_655375296_9631728504_#1more_8,5
1300.0,E0,20
1320.0,-594658757#2,25
1320.0,1068440001,6
1320.0,1068440006#0,6
1320.0,182334378#0,1
1320.0,232003903#0,3
1320.0,244450512#4,7
1320.0,244450512#5,2
1320.0,51362429#0,9
1320.0,51362431,8
1320.0,593844221#0,1
1320.0,:11510670762_0,1
1320.0,:3208478128_0,2
1320.0,:655375336_47,1
1320.0,:cluster_3208478133_655375293_655375296_9631728504_#1more_11,1
1320.0,:cluster_3208478133_655375293_655375296_9631728504_#1more_14,1
1320.0,:cluster_3208478133_655375293_655375296_9631728504_#1more_8,5
1320.0,E0,20
1340.0,-594658757#2,25
1340.0,1068440001,6
1340.0,1068440006#0,6
1340.0,182334378#0,1
1340.0,232003903#0,3
1340.0,244450512#4,7
1340.0,244450512#5,2
1340.0,51362429#0,9
1340.0,51362431,8
1340.0,593844221#0,1
1340.0,:11510670762_0,1
1340.0,:3208478128_0,2
1340.0,:655375336_47,1
1340.0,:cluster_3208478133_655375293_655375296_9631728504_#1more_11,1
1340.0,:cluster_3208478133_655375293_655375296_9631728504_#1more_14,1
1340.0,:cluster_3208478133_655375293_655375296_9631728504_#1more_8,5
1340.0,E0,20
1360.0,-594658757#2,25
1360.0,1068440001,6
1360.0,1068440006#0,6
1360.0,182334378#0,1
1360.0,232003903#0,3
1360.0,244450512#4,7
1360.0,244450512#5,2
1360.0,303647015#0,1
1360.0,51362429#0,9
1360.0,51362431,8
1360.0,593844221#0,1
1360.0,:11510670762_0,1
1360.0,:3208478128_0,2
1360.0,:655375336_47,1
1360.0,:cluster_3208478133_655375293_655375296_9631728504_#1more_11,1
1360.0,:cluster_3208478133_655375293_655375296_9631728504_#1more_14,1
1360.0,:cluster_3208478133_655375293_655375296_9631728504_#1more_8,5
1360.0,E0,20
1380.0,-594658757#2,25
1380.0,1068440001,6
1380.0,1068440006#0,6
1380.0,182334378#0,1
1380.0,232003903#0,3
1380.0,244450512#4,7
1380.0,244450512#5,2
1380.0,51362429#0,9
1380.0,51362431,8
1380.0,593844221#0,1
1380.0,:11510670762_0,1
1380.0,:3208478128_0,2
1380.0,:655375336_47,1
1380.0,:cluster_3208478133_655375293_655375296_9631728504_#1more_11,1
1380.0,:cluster_3208478133_655375293_655375296_9631728504_#1more_14,1
1380.0,:cluster_3208478133_655375293_655375296_9631728504_#1more_8,5
1380.0,E0,20
1400.0,-594658757#2,25
1400.0,1068440001,6
1400.0,1068440006#0,6
1400.0,182334378#0,1
1400.0,232003903#0,3
1400.0,244450512#4,7
1400.0,244450512#5,2
1400.0,303647015#0,2
1400.0,51362429#0,9
1400.0,51362431,8
1400.0,593844221#0,1
1400.0,:11510670762_0,1
1400.0,:3208478128_0,2
1400.0,:655375336_47,1
1400.0,:cluster_3208478133_655375293_655375296_9631728504_#1more_11,1
1400.0,:cluster_3208478133_655375293_655375296_9631728504_#1more_14,1
1400.0,:cluster_3208478133_655375293_655375296_9631728504_#1more_8,5
1400.0,E0,20
1420.0,-594658757#2,25
1420.0,1068440001,6
1420.0,1068440006#0,6
1420.0,182334378#0,1
1420.0,232003903#0,3
1420.0,244450512#4,7
1420.0,244450512#5,2
1420.0,51362429#0,9
1420.0,51362431,8
1420.0,593844221#0,1
1420.0,:11510670762_0,1
1420.0,:3208478128_0,2
1420.0,:655375336_47,1
1420.0,:cluster_3208478133_655375293_655375296_9631728504_#1more_11,1
1420.0,:cluster_3208478133_655375293_655375296_9631728504_#1more_14,1
1420.0,:cluster_3208478133_655375293_655375296_9631728504_#1more_8,5
1420.0,E0,20
1440.0,-594658757#2,25
1440.0,1068440001,6
1440.0,1068440006#0,6
1440.0,182334378#0,1
1440.0,232003903#0,3
1440.0,244450512#4,7
1440.0,244450512#5,2
1440.0,51362429#0,9
1440.0,51362431,8
1440.0,593844221#0,1
1440.0,:11510670762_0,1
1440.0,:3208478128_0,2
1440.0,:655375336_47,1
1440.0,:cluster_3208478133_655375293_655375296_9631728504_#1more_11,1
1440.0,:cluster_3208478133_655375293_655375296_9631728504_#1more_14,1
1440.0,:cluster_3208478133_655375293_655375296_9631728504_#1more_8,5
1440.0,E0,20
1460.0,-594658757#2,25
1460.0,1068440001,6
1460.0,1068440006#0,6
1460.0,182334378#0,1
1460.0,232003903#0,3
1460.0,244450512#4,7
1460.0,244450512#5,2
1460.0,51362429#0,9
1460.0,51362431,8
1460.0,593844221#0,1
1460.0,:11510670762_0,1
1460.0,:3208478128_0,2
1460.0,:655375336_47,1
1460.0,:cluster_3208478133_655375293_655375296_9631728504_#1more_11,1
1460.0,:cluster_3208478133_655375293_655375296_9631728504_#1more_14,1
1460.0,:cluster_3208478133_655375293_655375296_9631728504_#1more_8,5
1460.0,E0,20
1480.0,-594658757#2,25
1480.0,1068440001,6
1480.0,1068440006#0,6
1480.0,182334378#0,1
1480.0,232003903#0,3
1480.0,244450512#4,6
1480.0,244450512#5,2
1480.0,303647015#0,1
1480.0,51362429#0,9
1480.0,51362431,8
1480.0,593844221#0,1
1480.0,:11510670762_0,1
1480.0,:3208478128_0,2
1480.0,:655375336_47,1
1480.0,:cluster_3208478133_655375293_655375296_9631728504_#1more_11,1
1480.0,:cluster_3208478133_655375293_655375296_9631728504_#1more_14,1
1480.0,:cluster_3208478133_655375293_655375296_9631728504_#1more_8,5
1480.0,E0,20
1500.0,-594658757#2,25
1500.0,1068440001,5
1500.0,1068440006#0,6
1500.0,1239087513,1
1500.0,182334378#0,1
1500.0,232003903#0,4
1500.0,244450512#4,5
1500.0,244450512#5,2
1500.0,51362429#0,9
1500.0,51362431,8
1500.0,593844221#0,1
1500.0,:11510670762_0,1
1500.0,:655375336_47,1
1500.0,:cluster_3208478133_655375293_655375296_9631728504_#1more_11,1
1500.0,:cluster_3208478133_655375293_655375296_9631728504_#1more_14,1
1500.0,:cluster_3208478133_655375293_655375296_9631728504_#1more_15,2
1500.0,:cluster_3208478133_655375293_655375296_9631728504_#1more_8,4
1500.0,E0,20
1520.0,-594658757#2,25
1520.0,1068440001,5
1520.0,1068440006#0,6
1520.0,1239087513,1
1520.0,1334904386#0,1
1520.0,182334378#0,1
1520.0,232003903#0,4
1520.0,244450512#4,3
1520.0,244450512#5,2
1520.0,51362429#0,9
1520.0,51362431,8
1520.0,593844216#0,1
1520.0,593844221#0,1
1520.0,:11510670762_0,1
1520.0,:3208478128_0,2
1520.0,:655375336_28,1
1520.0,:655375336_47,1
1520.0,:cluster_3208478133_655375293_655375296_9631728504_#1more_14,1
1520.0,:cluster_3208478133_655375293_655375296_9631728504_#1more_8,2
1520.0,E0,19
1540.0,-594658757#2,25
1540.0,1068440001,3
1540.0,1068440006#0,6
1540.0,1334904386#0,1
1540.0,182334378#0,1
1540.0,232003903#0,4
1540.0,244450512#4,3
1540.0,244450512#5,2
1540.0,51362429#0,9
1540.0,51362431,8
1540.0,545977624#0,1
1540.0,593844221#0,1
1540.0,:11510670762_0,1
1540.0,:3208478128_0,2
1540.0,:655375336_28,1
1540.0,:655375336_47,1
1540.0,:cluster_3208478133_655375293_655375296_9631728504_#1more_8,5
1540.0,E0,19
1560.0,-594658757#2,25
1560.0,1068440001,3
1560.0,1068440006#0,6
1560.0,182334378#0,1
1560.0,232003903#0,4
1560.0,244450512#4,3
1560.0,244450512#5,2
1560.0,303647015#0,1
1560.0,51362429#0,8
1560.0,51362431,7
1560.0,593844221#0,1
1560.0,593847701,1
1560.0,:11510670762_0,1
1560.0,:3208478128_0,2
1560.0,:655375336_28,1
1560.0,:655375336_47,1
1560.0,:cluster_3208478133_655375293_655375296_9631728504_#1more_8,5
1560.0,E0,19
1580.0,-594658757#2,25
1580.0,1068440001,3
1580.0,1068440006#0,5
1580.0,182334378#0,1
1580.0,232003903#0,3
1580.0,244450512#4,3
1580.0,244450512#5,2
1580.0,51362429#0,9
1580.0,51362431,7
1580.0,593844221#0,1
1580.0,:11510670762_0,1
1580.0,:3208478128_0,2
1580.0,:655375336_28,1
1580.0,:655375336_47,1
1580.0,:cluster_3208478133_655375293_655375296_9631728504_#1more_11,1
1580.0,:cluster_3208478133_655375293_655375296_9631728504_#1more_14,1
1580.0,:cluster_3208478133_655375293_655375296_9631728504_#1more_8,5
1580.0,E0,20
1600.0,-594658757#2,24
1600.0,1068440001,3
1600.0,1068440006#0,5
1600.0,232003903#0,3
1600.0,244450512#4,3
1600.0,244450512#5,2
1600.0,303647015#0,1
1600.0,51362429#0,9
1600.0,51362431,7
1600.0,593844221#0,1
1600.0,:11510670762_0,1
1600.0,:3208478128_0,2
1600.0,:655375336_28,1
1600.0,:655375336_47,1
1600.0,:cluster_3208478133_655375293_655375296_9631728504_#1more_11,2
1600.0,:cluster_3208478133_655375293_655375296_9631728504_#1more_14,1
1600.0,:cluster_3208478133_655375293_655375296_9631728504_#1more_8,5
1600.0,E0,20
1620.0,-594658757#2,24
1620.0,1068440001,3
1620.0,1068440006#0,5
1620.0,232003903#0,3
1620.0,244450512#4,3
1620.0,244450512#5,2
1620.0,51362429#0,9
1620.0,51362431,7
1620.0,593844221#0,1
1620.0,:11510670762_0,1
1620.0,:3208478128_0,2
1620.0,:655375336_28,1
1620.0,:655375336_47,1
1620.0,:cluster_3208478133_655375293_655375296_9631728504_#1more_11,2
1620.0,:cluster_3208478133_655375293_655375296_9631728504_#1more_14,1
1620.0,:cluster_3208478133_655375293_655375296_9631728504_#1more_8,5
1620.0,E0,20
1640.0,-594658757#2,25
1640.0,1068440001,3
1640.0,1068440006#0,5
1640.0,232003903#0,3
1640.0,244450512#4,3
1640.0,244450512#5,2
1640.0,51362429#0,9
1640.0,51362431,7
1640.0,593844221#0,1
1640.0,:11510670762_0,1
1640.0,:3208478128_0,2
1640.0,:655375336_47,1
1640.0,:cluster_3208478133_655375293_655375296_9631728504_#1more_11,2
1640.0,:cluster_3208478133_655375293_655375296_9631728504_#1more_14,1
1640.0,:cluster_3208478133_655375293_655375296_9631728504_#1more_8,5
1640.0,E0,20
1660.0,-594658757#2,25
1660.0,1068440001,3
1660.0,1068440006#0,5
1660.0,232003903#0,3
1660.0,244450512#4,3
1660.0,244450512#5,2
1660.0,51362429#0,9
1660.0,51362431,7
1660.0,593844221#0,1
1660.0,:11510670762_0,1
1660.0,:3208478128_0,2
1660.0,:655375336_47,1
1660.0,:cluster_3208478133_655375293_655375296_9631728504_#1more_11,2
1660.0,:cluster_3208478133_655375293_655375296_9631728504_#1more_14,1
1660.0,:cluster_3208478133_655375293_655375296_9631728504_#1more_8,5
1660.0,E0,20
1680.0,-594658757#2,25
1680.0,1068440001,3
1680.0,1068440006#0,5
1680.0,232003903#0,3
1680.0,244450512#4,3
1680.0,244450512#5,2
1680.0,303647015#0,1
1680.0,51362429#0,9
1680.0,51362431,7
1680.0,593844221#0,1
1680.0,:11510670762_0,1
1680.0,:3208478128_0,2
1680.0,:655375336_47,1
1680.0,:cluster_3208478133_655375293_655375296_9631728504_#1more_11,2
1680.0,:cluster_3208478133_655375293_655375296_9631728504_#1more_14,1
1680.0,:cluster_3208478133_655375293_655375296_9631728504_#1more_8,5
1680.0,E0,20
1700.0,-594658757#2,25
1700.0,1068440001,3
1700.0,1068440006#0,5
1700.0,232003903#0,3
1700.0,244450512#4,3
1700.0,244450512#5,2
1700.0,303647015#0,1
1700.0,51362429#0,9
1700.0,51362431,7
1700.0,593844221#0,1
1700.0,:11510670762_0,1
1700.0,:3208478128_0,2
1700.0,:655375336_47,1
1700.0,:cluster_3208478133_655375293_655375296_9631728504_#1more_11,2
1700.0,:cluster_3208478133_655375293_655375296_9631728504_#1more_14,1
1700.0,:cluster_3208478133_655375293_655375296_9631728504_#1more_8,5
1700.0,E0,20
1720.0,-594658757#2,25
1720.0,1068440001,3
1720.0,1068440006#0,5
1720.0,232003903#0,3
1720.0,244450512#4,3
1720.0,244450512#5,2
1720.0,51362429#0,9
1720.0,51362431,7
1720.0,593844221#0,1
1720.0,:11510670762_0,1
1720.0,:3208478128_0,2
1720.0,:655375336_47,1
1720.0,:cluster_3208478133_655375293_655375296_9631728504_#1more_11,2
1720.0,:cluster_3208478133_655375293_655375296_9631728504_#1more_14,1
1720.0,:cluster_3208478133_655375293_655375296_9631728504_#1more_8,5
1720.0,E0,20
1740.0,-594658757#2,25
1740.0,1068440001,3
1740.0,1068440006#0,5
1740.0,232003903#0,3
1740.0,244450512#4,3
1740.0,244450512#5,2
1740.0,51362429#0,9
1740.0,51362431,7
1740.0,593844221#0,1
1740.0,:11510670762_0,1
1740.0,:3208478128_0,2
1740.0,:655375336_47,1
1740.0,:cluster_3208478133_655375293_655375296_9631728504_#1more_11,2
1740.0,:cluster_3208478133_655375293_655375296_9631728504_#1more_14,1
1740.0,:cluster_3208478133_655375293_655375296_9631728504_#1more_8,5
1740.0,E0,20
1760.0,-594658757#2,25
1760.0,1068440001,3
1760.0,1068440006#0,5
1760.0,232003903#0,3
1760.0,244450512#4,3
1760.0,244450512#5,2
1760.0,303647015#0,1
1760.0,51362429#0,9
1760.0,51362431,7
1760.0,593844221#0,1
1760.0,:11510670762_0,1
1760.0,:3208478128_0,2
1760.0,:655375336_47,1
1760.0,:cluster_3208478133_655375293_655375296_9631728504_#1more_11,2
1760.0,:cluster_3208478133_655375293_655375296_9631728504_#1more_14,1
1760.0,:cluster_3208478133_655375293_655375296_9631728504_#1more_8,5
1760.0,E0,20
1780.0,-594658757#2,25
1780.0,1068440001,3
1780.0,1068440006#0,5
1780.0,232003903#0,3
1780.0,244450512#4,3
1780.0,244450512#5,2
1780.0,51362429#0,9
1780.0,51362431,7
1780.0,593844221#0,1
1780.0,:11510670762_0,1
1780.0,:3208478128_0,2
1780.0,:655375336_47,1
1780.0,:cluster_3208478133_655375293_655375296_9631728504_#1more_11,2
1780.0,:cluster_3208478133_655375293_655375296_9631728504_#1more_14,1
1780.0,:cluster_3208478133_655375293_655375296_9631728504_#1more_8,5
1780.0,E0,20
1800.0,-594658757#2,25
1800.0,1068440001,3
1800.0,1068440006#0,5
1800.0,232003903#0,3
1800.0,244450512#4,3
1800.0,244450512#5,2
1800.0,51362429#0,9
1800.0,51362431,7
1800.0,593844221#0,1
1800.0,:11510670762_0,1
1800.0,:3208478128_0,2
1800.0,:655375336_47,1
1800.0,:cluster_3208478133_655375293_655375296_9631728504_#1more_11,2
1800.0,:cluster_3208478133_655375293_655375296_9631728504_#1more_14,1
1800.0,:cluster_3208478133_655375293_655375296_9631728504_#1more_8,5
1800.0,E0,20
1820.0,-260882327,1
1820.0,-594658757#2,25
1820.0,1068440001,3
1820.0,1068440006#0,5
1820.0,1334904386#0,1
1820.0,232003903#0,3
1820.0,244450512#4,2
1820.0,244450512#5,2
1820.0,51362429#0,9
1820.0,51362431,7
1820.0,593844221#0,1
1820.0,:11510670762_0,1
1820.0,:3208478128_0,1
1820.0,:6251747844_1,1
1820.0,:655375336_47,1
1820.0,:cluster_3208478133_655375293_655375296_9631728504_#1more_11,2
1820.0,:cluster_3208478133_655375293_655375296_9631728504_#1more_14,1
1820.0,:cluster_3208478133_655375293_655375296_9631728504_#1more_15,1
1820.0,:cluster_3208478133_655375293_655375296_9631728504_#1more_8,4
1820.0,E0,19
1840.0,-594658757#2,25
1840.0,1068440001,2
1840.0,1068440006#0,5
1840.0,1239087513,1
1840.0,1334904386#0,1
1840.0,232003903#0,4
1840.0,244450512#5,3
1840.0,51362429#0,9
1840.0,51362431,7
1840.0,593844216#0,1
1840.0,593844221#0,1
1840.0,:11510670762_0,1
1840.0,:655375336_47,1
1840.0,:cluster_3208478133_655375293_655375296_9631728504_#1more_11,1
1840.0,:cluster_3208478133_655375293_655375296_9631728504_#1more_14,1
1840.0,:cluster_3208478133_655375293_655375296_9631728504_#1more_15,2
1840.0,:cluster_3208478133_655375293_655375296_9631728504_#1more_8,4
1840.0,E0,19
1860.0,-594658757#2,25
1860.0,1068440001,2
1860.0,1068440006#0,5
1860.0,232003903#0,4
1860.0,244450512#5,3
1860.0,303647015#0,1
1860.0,51289045#1,1
1860.0,51362429#0,9
1860.0,51362431,6
1860.0,593844216#0,1
1860.0,593844221#0,1
1860.0,:11510670762_0,1
1860.0,:655375336_28,2
1860.0,:655375336_47,1
1860.0,:cluster_3208478133_655375293_655375296_9631728504_#1more_15,1
1860.0,:cluster_3208478133_655375293_655375296_9631728504_#1more_8,3
1860.0,E0,19
1880.0,-594658757#2,25
1880.0,1068440006#0,5
1880.0,232003903#0,4
1880.0,244450512#5,3
1880.0,51362429#0,9
1880.0,51362431,6
1880.0,545977624#0,1
1880.0,593844221#0,1
1880.0,:11510670762_0,1
1880.0,:655375336_28,2
1880.0,:655375336_47,1
1880.0,:cluster_3208478133_655375293_655375296_9631728504_#1more_15,1
1880.0,:cluster_3208478133_655375293_655375296_9631728504_#1more_8,5
1880.0,E0,20
1900.0,-594658757#2,24
1900.0,1068440006#0,5
1900.0,232003903#0,3
1900.0,244450512#5,3
1900.0,303647015#0,1
1900.0,51362429#0,9
1900.0,51362431,6
1900.0,593844221#0,1
1900.0,:11510670762_0,1
1900.0,:655375336_28,2
1900.0,:655375336_47,1
1900.0,:cluster_3208478133_655375293_655375296_9631728504_#1more_11,1
1900.0,:cluster_3208478133_655375293_655375296_9631728504_#1more_14,1
1900.0,:cluster_3208478133_655375293_655375296_9631728504_#1more_15,1
1900.0,:cluster_3208478133_655375293_655375296_9631728504_#1more_8,5
1900.0,E0,20
1920.0,-594658757#2,24
1920.0,1068440006#0,3
1920.0,232003903#0,3
1920.0,244450512#5,3
1920.0,51362429#0,9
1920.0,51362431,6
1920.0,593844221#0,1
1920.0,:11510670762_0,1
1920.0,:655375336_1,1
1920.0,:655375336_28,2
1920.0,:655375336_47,1
1920.0,:cluster_3208478133_655375293_655375296_9631728504_#1more_11,1
1920.0,:cluster_3208478133_655375293_655375296_9631728504_#1more_14,1
1920.0,:cluster_3208478133_655375293_655375296_9631728504_#1more_15,1
1920.0,:cluster_3208478133_655375293_655375296_9631728504_#1more_8,5
1920.0,E0,20
1940.0,-594658757#2,25
1940.0,1068440006#0,2
1940.0,232003903#0,3
1940.0,244450512#5,3
1940.0,51362429#0,9
1940.0,51362431,6
1940.0,593844221#0,1
1940.0,:11510670762_0,1
1940.0,:655375336_1,2
1940.0,:655375336_28,1
1940.0,:655375336_47,1
1940.0,:cluster_3208478133_655375293_655375296_9631728504_#1more_11,1
1940.0,:cluster_3208478133_655375293_655375296_9631728504_#1more_14,1
1940.0,:cluster_3208478133_655375293_655375296_9631728504_#1more_8,5
1940.0,E0,20
1960.0,-594658757#2,25
1960.0,1068440006#0,2
1960.0,1239087513,1
1960.0,232003903#0,3
1960.0,244450512#5,3
1960.0,51362429#0,9
1960.0,51362431,6
1960.0,593844221#0,1
1960.0,:655375336_1,2
1960.0,:655375336_28,2
1960.0,:655375336_47,1
1960.0,:cluster_3208478133_655375293_655375296_9631728504_#1more_11,1
1960.0,:cluster_3208478133_655375293_655375296_9631728504_#1more_14,1
1960.0,:cluster_3208478133_655375293_655375296_9631728504_#1more_8,4
1960.0,E0,20
1980.0,-594658757#2,25
1980.0,1068440006#0,2
1980.0,1239087513,1
1980.0,232003903#0,3
1980.0,244450512#5,3
1980.0,51362429#0,9
1980.0,51362431,6
1980.0,593844216#0,1
1980.0,593844221#0,1
1980.0,:655375336_1,2
1980.0,:655375336_28,2
1980.0,:655375336_47,1
1980.0,:cluster_3208478133_655375293_655375296_9631728504_#1more_14,1
1980.0,:cluster_3208478133_655375293_655375296_9631728504_#1more_8,4
1980.0,E0,20
2000.0,-594658757#2,25
2000.0,1068440006#0,2
2000.0,1239087513,1
2000.0,232003903#0,3
2000.0,244450512#5,3
2000.0,303647015#0,1
2000.0,51362429#0,9
2000.0,51362431,6
2000.0,593844221#0,1
2000.0,:655375336_1,2
2000.0,:655375336_28,2
2000.0,:655375336_47,1
2000.0,:cluster_3208478133_655375293_655375296_9631728504_#1more_14,1
2000.0,:cluster_3208478133_655375293_655375296_9631728504_#1more_8,4
2000.0,E0,20
2020.0,-594658757#2,25
2020.0,1068440006#0,2
2020.0,1239087513,1
2020.0,232003903#0,3
2020.0,244450512#5,2
2020.0,51362429#0,9
2020.0,51362431,6
2020.0,593844221#0,1
2020.0,:655375336_1,2
2020.0,:655375336_28,2
2020.0,:655375336_47,1
2020.0,:cluster_3208478133_655375293_655375296_9631728504_#1more_14,1
2020.0,:cluster_3208478133_655375293_655375296_9631728504_#1more_15,1
2020.0,:cluster_3208478133_655375293_655375296_9631728504_#1more_8,4
2020.0,E0,20
2040.0,-594658757#2,25
2040.0,1068440006#0,2
2040.0,1239087513,1
2040.0,232003903#0,4
2040.0,244450512#5,2
2040.0,51362429#0,9
2040.0,51362431,6
2040.0,593844221#0,1
2040.0,:655375336_1,2
2040.0,:655375336_28,2
2040.0,:655375336_47,1
2040.0,:cluster_3208478133_655375293_655375296_9631728504_#1more_14,1
2040.0,:cluster_3208478133_655375293_655375296_9631728504_#1more_15,1
2040.0,:cluster_3208478133_655375293_655375296_9631728504_#1more_8,4
2040.0,E0,20
2060.0,-594658757#2,25
2060.0,1068440006#0,2
2060.0,1239087513,1
2060.0,232003903#0,3
2060.0,244450512#5,2
2060.0,51362429#0,9
2060.0,51362431,6
2060.0,593844221#0,1
2060.0,:655375336_1,2
2060.0,:655375336_28,2
2060.0,:655375336_47,1
2060.0,:cluster_3208478133_655375293_655375296_9631728504_#1more_14,2
2060.0,:cluster_3208478133_655375293_655375296_9631728504_#1more_15,1
2060.0,:cluster_3208478133_655375293_655375296_9631728504_#1more_8,4
2060.0,E0,20
2080.0,-594658757#2,25
2080.0,1068440006#0,2
2080.0,1239087513,1
2080.0,232003903#0,3
2080.0,244450512#5,2
2080.0,51362429#0,9
2080.0,51362431,6
2080.0,593844221#0,1
2080.0,:655375336_1,2
2080.0,:655375336_28,2
2080.0,:655375336_47,1
2080.0,:cluster_3208478133_655375293_655375296_9631728504_#1more_14,2
2080.0,:cluster_3208478133_655375293_655375296_9631728504_#1more_15,1
2080.0,:cluster_3208478133_655375293_655375296_9631728504_#1more_8,4
2080.0,E0,20
2100.0,-594658757#2,25
2100.0,1068440006#0,2
2100.0,1239087513,1
2100.0,232003903#0,3
2100.0,244450512#5,2
2100.0,303647015#0,1
2100.0,51362429#0,9
2100.0,51362431,6
2100.0,593844221#0,1
2100.0,:655375336_1,2
2100.0,:655375336_28,2
2100.0,:655375336_47,1
2100.0,:cluster_3208478133_655375293_655375296_9631728504_#1more_14,2
2100.0,:cluster_3208478133_655375293_655375296_9631728504_#1more_15,1
2100.0,:cluster_3208478133_655375293_655375296_9631728504_#1more_8,4
2100.0,E0,20
2120.0,-594658757#2,25
2120.0,1068440006#0,2
2120.0,1239087513,1
2120.0,232003903#0,3
2120.0,244450512#5,2
2120.0,51362429#0,9
2120.0,51362431,6
2120.0,593844221#0,1
2120.0,:655375336_1,2
2120.0,:655375336_28,2
2120.0,:655375336_47,1
2120.0,:cluster_3208478133_655375293_655375296_9631728504_#1more_14,2
2120.0,:cluster_3208478133_655375293_655375296_9631728504_#1more_15,1
2120.0,:cluster_3208478133_655375293_655375296_9631728504_#1more_8,4
2120.0,E0,20
2140.0,-594658757#2,25
2140.0,1068440006#0,2
2140.0,1239087513,1
2140.0,232003903#0,3
2140.0,244450512#5,2
2140.0,51362429#0,9
2140.0,51362431,6
2140.0,593844221#0,1
2140.0,:655375336_1,2
2140.0,:655375336_28,2
2140.0,:655375336_47,1
2140.0,:cluster_3208478133_655375293_655375296_9631728504_#1more_14,2
2140.0,:cluster_3208478133_655375293_655375296_9631728504_#1more_15,1
2140.0,:cluster_3208478133_655375293_655375296_9631728504_#1more_8,4
2140.0,E0,19
2160.0,-594658757#2,25
2160.0,1068440006#0,2
2160.0,1239087513,1
2160.0,232003903#0,3
2160.0,244450512#5,2
2160.0,51362429#0,9
2160.0,51362431,5
2160.0,593844221#0,1
2160.0,594658760#0,1
2160.0,:655375336_1,2
2160.0,:655375336_28,2
2160.0,:655375336_47,1
2160.0,:cluster_3208478133_655375293_655375296_9631728504_#1more_14,2
2160.0,:cluster_3208478133_655375293_655375296_9631728504_#1more_15,1
2160.0,:cluster_3208478133_655375293_655375296_9631728504_#1more_8,4
2160.0,E0,19
2180.0,-594658757#2,25
2180.0,1068440006#0,2
2180.0,1239087513,1
2180.0,232003903#0,3
2180.0,244450512#5,2
2180.0,51362429#0,8
2180.0,51362431,5
2180.0,593844221#0,1
2180.0,593847701,1
2180.0,:655375336_1,2
2180.0,:655375336_28,2
2180.0,:655375336_47,1
2180.0,:cluster_3208478133_655375293_655375296_9631728504_#1more_14,2
2180.0,:cluster_3208478133_655375293_655375296_9631728504_#1more_15,1
2180.0,:cluster_3208478133_655375293_655375296_9631728504_#1more_8,4
2180.0,E0,19
2200.0,-594658757#2,24
2200.0,1068440006#0,3
2200.0,1239087513,1
2200.0,232003903#0,3
2200.0,244450512#5,2
2200.0,303647015#0,1
2200.0,51362429#0,7
2200.0,51362431,5
2200.0,593844221#0,1
2200.0,:655375232_0,1
2200.0,:655375336_1,2
2200.0,:655375336_28,2
2200.0,:655375336_47,1
2200.0,:cluster_3208478133_655375293_655375296_9631728504_#1more_14,2
2200.0,:cluster_3208478133_655375293_655375296_9631728504_#1more_15,1
2200.0,:cluster_3208478133_655375293_655375296_9631728504_#1more_8,4
2200.0,E0,20
2220.0,-594658757#2,24
2220.0,1068440006#0,4
2220.0,1239087513,1
2220.0,232003903#0,3
2220.0,244450512#5,2
2220.0,51362429#0,9
2220.0,51362431,5
2220.0,593844221#0,1
2220.0,:655375336_1,2
2220.0,:655375336_28,2
2220.0,:655375336_47,1
2220.0,:cluster_3208478133_655375293_655375296_9631728504_#1more_14,2
2220.0,:cluster_3208478133_655375293_655375296_9631728504_#1more_15,1
2220.0,:cluster_3208478133_655375293_655375296_9631728504_#1more_8,4
2220.0,E0,20
2240.0,-594658757#2,25
2240.0,1068440006#0,3
2240.0,1239087513,1
2240.0,1334904386#0,2
2240.0,232003903#0,3
2240.0,244450512#5,2
2240.0,51362429#0,9
2240.0,51362431,5
2240.0,:655375336_28,2
2240.0,:655375336_47,1
2240.0,:cluster_3208478133_655375293_655375296_9631728504_#1more_14,2
2240.0,:cluster_3208478133_655375293_655375296_9631728504_#1more_15,1
2240.0,:cluster_3208478133_655375293_655375296_9631728504_#1more_8,4
2240.0,E0,20
2260.0,-594658757#2,25
2260.0,1068440006#0,3
2260.0,1334904386#0,2
2260.0,232003903#0,4
2260.0,244450512#5,2
2260.0,303647015#0,1
2260.0,51362429#0,9
2260.0,51362431,5
2260.0,593844221#0,1
2260.0,:655375336_28,2
2260.0,:655375336_47,1
2260.0,:cluster_3208478133_655375293_655375296_9631728504_#1more_14,2
2260.0,:cluster_3208478133_655375293_655375296_9631728504_#1more_15,1
2260.0,:cluster_3208478133_655375293_655375296_9631728504_#1more_8,3
2260.0,E0,20
2280.0,-594658757#2,25
2280.0,1068440006#0,3
2280.0,1334904386#0,2
2280.0,232003903#0,4
2280.0,244450512#5,2
2280.0,51362429#0,9
2280.0,51362431,5
2280.0,593844221#0,1
2280.0,:655375336_28,2
2280.0,:655375336_47,1
2280.0,:cluster_3208478133_655375293_655375296_9631728504_#1more_14,2
2280.0,:cluster_3208478133_655375293_655375296_9631728504_#1more_15,1
2280.0,:cluster_3208478133_655375293_655375296_9631728504_#1more_8,3
2280.0,E0,20
2300.0,-594658757#2,25
2300.0,1068440006#0,3
2300.0,232003903#0,4
2300.0,244450512#5,2
2300.0,51362429#0,9
2300.0,51362431,5
2300.0,593844221#0,1
2300.0,:655375336_28,2
2300.0,:655375336_47,1
2300.0,:cluster_3208478133_655375293_655375296_9631728504_#1more_14,2
2300.0,:cluster_3208478133_655375293_655375296_9631728504_#1more_15,1
2300.0,:cluster_3208478133_655375293_655375296_9631728504_#1more_8,3
2300.0,:cluster_655375246_655375489_3,2
2300.0,E0,20
2320.0,-594658757#2,25
2320.0,1068440006#0,3
2320.0,232003903#0,4
2320.0,244450512#5,1
2320.0,303647015#0,1
2320.0,51362429#0,9
2320.0,51362431,5
2320.0,593844221#0,1
2320.0,:655375336_28,2
2320.0,:655375336_47,1
2320.0,:cluster_3208478133_655375293_655375296_9631728504_#1more_14,2
2320.0,:cluster_3208478133_655375293_655375296_9631728504_#1more_15,1
2320.0,:cluster_3208478133_655375293_655375296_9631728504_#1more_8,3
2320.0,E0,20
2340.0,-594658757#2,25
2340.0,1068440006#0,3
2340.0,232003903#0,4
2340.0,244450512#5,1
2340.0,51362429#0,9
2340.0,51362431,5
2340.0,593844221#0,1
2340.0,:655375336_28,2
2340.0,:655375336_47,1
2340.0,:cluster_3208478133_655375293_655375296_9631728504_#1more_14,2
2340.0,:cluster_3208478133_655375293_655375296_9631728504_#1more_15,1
2340.0,:cluster_3208478133_655375293_655375296_9631728504_#1more_8,3
2340.0,E0,20
2360.0,-594658757#2,25
2360.0,1068440006#0,3
2360.0,232003903#0,4
2360.0,244450512#5,1
2360.0,51362429#0,9
2360.0,51362431,5
2360.0,593844221#0,1
2360.0,:655375336_28,2
2360.0,:655375336_47,1
2360.0,:cluster_3208478133_655375293_655375296_9631728504_#1more_14,2
2360.0,:cluster_3208478133_655375293_655375296_9631728504_#1more_15,1
2360.0,:cluster_3208478133_655375293_655375296_9631728504_#1more_8,3
2360.0,E0,20
2380.0,-594658757#2,25
2380.0,1068440006#0,3
2380.0,232003903#0,4
2380.0,244450512#5,1
2380.0,51362429#0,9
2380.0,51362431,5
2380.0,593844221#0,1
2380.0,:655375336_28,2
2380.0,:655375336_47,1
2380.0,:cluster_3208478133_655375293_655375296_9631728504_#1more_14,2
2380.0,:cluster_3208478133_655375293_655375296_9631728504_#1more_15,1
2380.0,:cluster_3208478133_655375293_655375296_9631728504_#1more_8,3
2380.0,E0,20
2400.0,-594658757#2,25
2400.0,1068440006#0,3
2400.0,232003903#0,4
2400.0,244450512#5,1
2400.0,51362429#0,9
2400.0,51362431,5
2400.0,593844221#0,1
2400.0,:655375336_28,2
2400.0,:655375336_47,1
2400.0,:cluster_3208478133_655375293_655375296_9631728504_#1more_14,2
2400.0,:cluster_3208478133_655375293_655375296_9631728504_#1more_15,1
2400.0,:cluster_3208478133_655375293_655375296_9631728504_#1more_8,3
2400.0,E0,20
2420.0,-594658757#2,25
2420.0,1068440006#0,3
2420.0,232003903#0,4
2420.0,244450512#5,1
2420.0,303647015#0,1
2420.0,51362429#0,9
2420.0,51362431,5
2420.0,593844221#0,1
2420.0,:655375336_28,2
2420.0,:655375336_47,1
2420.0,:cluster_3208478133_655375293_655375296_9631728504_#1more_14,2
2420.0,:cluster_3208478133_655375293_655375296_9631728504_#1more_15,1
2420.0,:cluster_3208478133_655375293_655375296_9631728504_#1more_8,3
2420.0,E0,20
2440.0,-594658757#2,25
2440.0,1068440006#0,3
2440.0,232003903#0,4
2440.0,244450512#5,1
2440.0,51362429#0,9
2440.0,51362431,5
2440.0,593844221#0,1
2440.0,:655375336_28,2
2440.0,:655375336_47,1
2440.0,:cluster_3208478133_655375293_655375296_9631728504_#1more_14,2
2440.0,:cluster_3208478133_655375293_655375296_9631728504_#1more_15,1
2440.0,:cluster_3208478133_655375293_655375296_9631728504_#1more_8,3
2440.0,E0,19
2460.0,-594658757#2,25
2460.0,1068440006#0,3
2460.0,232003903#0,4
2460.0,244450512#5,1
2460.0,51362429#0,9
2460.0,51362431,4
2460.0,593844221#0,1
2460.0,594658760#0,1
2460.0,:655375336_28,2
2460.0,:655375336_47,1
2460.0,:cluster_3208478133_655375293_655375296_9631728504_#1more_14,2
2460.0,:cluster_3208478133_655375293_655375296_9631728504_#1more_15,1
2460.0,:cluster_3208478133_655375293_655375296_9631728504_#1more_8,3
2460.0,E0,19
2480.0,-594658757#2,25
2480.0,1068440006#0,3
2480.0,232003903#0,4
2480.0,244450512#5,1
2480.0,51362429#0,9
2480.0,51362431,4
2480.0,593844221#0,1
2480.0,:655375336_28,2
2480.0,:655375336_47,1
2480.0,:cluster_3208478133_655375293_655375296_9631728504_#1more_14,2
2480.0,:cluster_3208478133_655375293_655375296_9631728504_#1more_15,1
2480.0,:cluster_3208478133_655375293_655375296_9631728504_#1more_8,3
2480.0,E0,19
2500.0,-594658757#2,25
2500.0,1068440006#0,3
2500.0,232003903#0,4
2500.0,244450512#5,1
2500.0,51362429#0,9
2500.0,51362431,4
2500.0,593844221#0,1
2500.0,:655375336_28,2
2500.0,:655375336_47,1
2500.0,:cluster_3208478133_655375293_655375296_9631728504_#1more_14,2
2500.0,:cluster_3208478133_655375293_655375296_9631728504_#1more_15,1
2500.0,:cluster_3208478133_655375293_655375296_9631728504_#1more_8,3
2500.0,E0,19
2520.0,-594658757#2,24
2520.0,1068440006#0,3
2520.0,232003903#0,4
2520.0,244450512#5,1
2520.0,51362429#0,9
2520.0,51362431,4
2520.0,593844221#0,1
2520.0,:655375336_28,2
2520.0,:655375336_47,1
2520.0,:cluster_3208478133_655375293_655375296_9631728504_#1more_14,2
2520.0,:cluster_3208478133_655375293_655375296_9631728504_#1more_15,1
2520.0,:cluster_3208478133_655375293_655375296_9631728504_#1more_8,3
2520.0,E0,20
2540.0,-594658757#2,24
2540.0,1068440006#0,3
2540.0,232003903#0,4
2540.0,244450512#5,1
2540.0,51362429#0,9
2540.0,51362431,4
2540.0,593844221#0,2
2540.0,:655375336_28,2
2540.0,:655375336_47,1
2540.0,:cluster_3208478133_655375293_655375296_9631728504_#1more_14,2
2540.0,:cluster_3208478133_655375293_655375296_9631728504_#1more_8,3
2540.0,E0,20
2560.0,-594658757#2,25
2560.0,1068440006#0,3
2560.0,232003903#0,2
2560.0,244450512#5,1
2560.0,51289045#1,1
2560.0,51289045#3,2
2560.0,51362429#0,9
2560.0,51362431,4
2560.0,593844221#0,1
2560.0,:3208478132_0,1
2560.0,:655375336_26,1
2560.0,:655375336_28,1
2560.0,:655375336_47,1
2560.0,:cluster_3208478133_655375293_655375296_9631728504_#1more_14,1
2560.0,:cluster_3208478133_655375293_655375296_9631728504_#1more_8,2
2560.0,E0,20
2580.0,-260882327,1
2580.0,-594658757#2,25
2580.0,1068440006#0,3
2580.0,232003903#0,1
2580.0,244450512#5,1
2580.0,51289045#5,1
2580.0,51362429#0,9
2580.0,51362431,4
2580.0,593844221#0,1
2580.0,:6251747844_1,1
2580.0,:655375336_26,1
2580.0,:655375336_28,1
2580.0,:655375336_47,1
2580.0,:cluster_3208478133_655375293_655375296_9631728504_#1more_8,2
2580.0,E0,20
2600.0,-594658757#2,25
2600.0,1068440006#0,1
2600.0,232003903#0,1
2600.0,244450512#5,1
2600.0,51362429#0,9
2600.0,51362431,4
2600.0,593844221#0,1
2600.0,:655375336_1,1
2600.0,:655375336_26,1
2600.0,:655375336_28,1
2600.0,:655375336_47,1
2600.0,:cluster_3208478133_655375293_655375296_9631728504_#1more_8,2
2600.0,E0,20
2620.0,-594658757#2,25
2620.0,1068440006#0,1
2620.0,232003903#0,1
2620.0,303647015#0,1
2620.0,51362429#0,9
2620.0,51362431,4
2620.0,593844221#0,1
2620.0,:655375336_1,1
2620.0,:655375336_26,1
2620.0,:655375336_28,1
2620.0,:655375336_47,1
2620.0,:cluster_3208478133_655375293_655375296_9631728504_#1more_8,2
2620.0,E0,20
2640.0,-594658757#2,25
2640.0,1068440006#0,1
2640.0,232003903#0,1
2640.0,51362429#0,9
2640.0,51362431,4
2640.0,593844221#0,1
2640.0,:655375336_1,1
2640.0,:655375336_26,1
2640.0,:655375336_28,1
2640.0,:655375336_47,1
2640.0,:cluster_3208478133_655375293_655375296_9631728504_#1more_11,1
2640.0,:cluster_3208478133_655375293_655375296_9631728504_#1more_8,2
2640.0,E0,20
2660.0,-594658757#2,25
2660.0,1068440006#0,1
2660.0,232003903#0,3
2660.0,51362429#0,9
2660.0,51362431,4
2660.0,593844216#0,1
2660.0,593844221#0,1
2660.0,:655375336_1,1
2660.0,:655375336_26,1
2660.0,:655375336_28,1
2660.0,:655375336_47,1
2660.0,:656132499_1,1
2660.0,:cluster_3208478133_655375293_655375296_9631728504_#1more_8,2
2660.0,:cluster_4374470814_4374470816_656132411_656132475_4,2
2660.0,E0,20
2680.0,-594658757#2,25
2680.0,1068440006#0,1
2680.0,232003903#0,3
2680.0,51362429#0,9
2680.0,51362431,4
2680.0,593844221#0,1
2680.0,:655375336_1,1
2680.0,:655375336_26,1
2680.0,:655375336_28,1
2680.0,:655375336_47,1
2680.0,:cluster_3208478133_655375293_655375296_9631728504_#1more_8,2
2680.0,E0,20
2700.0,-594658757#2,25
2700.0,1068440006#0,1
2700.0,232003903#0,3
2700.0,51362429#0,9
2700.0,51362431,4
2700.0,593844221#0,1
2700.0,:655375336_1,1
2700.0,:655375336_26,1
2700.0,:655375336_28,1
2700.0,:655375336_47,1
2700.0,:cluster_3208478133_655375293_655375296_9631728504_#1more_8,2
2700.0,E0,20
2720.0,-594658757#2,25
2720.0,1068440006#0,1
2720.0,232003903#0,2
2720.0,51362429#0,9
2720.0,51362431,4
2720.0,593844216#0,2
2720.0,593844221#0,1
2720.0,:3208478132_0,1
2720.0,:655375336_1,1
2720.0,:655375336_26,1
2720.0,:655375336_28,1
2720.0,:655375336_47,1
2720.0,:cluster_3208478133_655375293_655375296_9631728504_#1more_11,1
2720.0,:cluster_3208478133_655375293_655375296_9631728504_#1more_14,3
2720.0,:cluster_3208478133_655375293_655375296_9631728504_#1more_8,2
2720.0,E0,20
2740.0,-260882327,1
2740.0,-594658757#2,25
2740.0,1068440006#0,1
2740.0,232003903#0,2
2740.0,51289045#5,1
2740.0,51362429#0,9
2740.0,51362431,4
2740.0,545977624#0,2
2740.0,593844216#0,1
2740.0,593844221#0,1
2740.0,:6251747844_1,1
2740.0,:655375336_1,1
2740.0,:655375336_26,1
2740.0,:655375336_28,1
2740.0,:655375336_47,1
2740.0,:cluster_3208478133_655375293_655375296_9631728504_#1more_8,2
2740.0,E0,19
2760.0,-594658757#2,25
2760.0,1068440006#0,1
2760.0,232003903#0,2
2760.0,51362429#0,8
2760.0,51362431,4
2760.0,545977624#0,1
2760.0,593844221#0,1
2760.0,:3086736518_0,1
2760.0,:655375336_1,1
2760.0,:655375336_26,1
2760.0,:655375336_28,1
2760.0,:655375336_47,1
2760.0,:cluster_3208478133_655375293_655375296_9631728504_#1more_8,2
2760.0,E0,19
2780.0,-594658757#2,25
2780.0,1068440006#0,1
2780.0,232003903#0,2
2780.0,303647015#0,1
2780.0,51362429#0,9
2780.0,51362431,3
2780.0,593844221#0,1
2780.0,:655375336_1,1
2780.0,:655375336_26,1
2780.0,:655375336_28,1
2780.0,:655375336_47,1
2780.0,:cluster_3208478133_655375293_655375296_9631728504_#1more_8,2
2780.0,E0,20
2800.0,-594658757#2,25
2800.0,1068440006#0,1
2800.0,232003903#0,2
2800.0,51289045#3,1
2800.0,51362429#0,9
2800.0,51362431,3
2800.0,593844216#0,3
2800.0,593844221#0,1
2800.0,:2664674480_0,1
2800.0,:655375336_1,1
2800.0,:655375336_26,1
2800.0,:655375336_28,1
2800.0,:655375336_47,1
2800.0,:cluster_3208478133_655375293_655375296_9631728504_#1more_8,2
2800.0,E0,20
2820.0,-594658757#2,24
2820.0,1068440006#0,1
2820.0,232003903#0,2
2820.0,303647015#0,1
2820.0,51362429#0,9
2820.0,51362431,3
2820.0,545977624#0,1
2820.0,593844216#0,1
2820.0,593844221#0,1
2820.0,:655375336_1,1
2820.0,:655375336_26,1
2820.0,:655375336_28,1
2820.0,:655375336_47,1
2820.0,:cluster_3208478133_655375293_655375296_9631728504_#1more_8,2
2820.0,E0,20
2840.0,-594658757#2,24
2840.0,1068440006#0,1
2840.0,232003903#0,2
2840.0,51362429#0,9
2840.0,51362431,3
2840.0,593844221#0,1
2840.0,:655375336_1,1
2840.0,:655375336_26,1
2840.0,:655375336_28,1
2840.0,:655375336_47,1
2840.0,:cluster_3208478133_655375293_655375296_9631728504_#1more_8,2
2840.0,E0,20
2860.0,-594658757#2,25
2860.0,1068440006#0,1
2860.0,1334904386#0,3
2860.0,232003903#0,1
2860.0,51362429#0,9
2860.0,51362431,3
2860.0,593844216#0,1
2860.0,:655375336_47,1
2860.0,:cluster_3208478133_655375293_655375296_9631728504_#1more_11,2
2860.0,:cluster_3208478133_655375293_655375296_9631728504_#1more_25,1
2860.0,:cluster_3208478133_655375293_655375296_9631728504_#1more_8,2
2860.0,E0,20
2880.0,-594658757#2,25
2880.0,1068440006#0,1
2880.0,1334904386#0,5
2880.0,232003903#0,2
2880.0,51362429#0,9
2880.0,51362431,3
2880.0,545977624#0,2
2880.0,593844216#0,1
2880.0,:6251747844_1,1
2880.0,:655375336_47,1
2880.0,:cluster_4374470814_4374470816_656132411_656132475_4,1
2880.0,E0,20
2900.0,-594658757#2,25
2900.0,1068440006#0,1
2900.0,1334904386#0,5
2900.0,232003903#0,2
2900.0,51362429#0,9
2900.0,51362431,3
2900.0,:655375336_47,1
2900.0,E0,20
2920.0,-594658757#2,25
2920.0,1334904386#0,5
2920.0,232003903#0,2
2920.0,303647015#0,1
2920.0,51362429#0,9
2920.0,51362431,3
2920.0,:655375336_47,1
2920.0,E0,20
2940.0,-594658757#2,25
2940.0,303647015#0,4
2940.0,51289045#1,1
2940.0,51289045#3,1
2940.0,51362429#0,9
2940.0,51362431,3
2940.0,:655375336_47,1
2940.0,E0,20
2960.0,-594658757#2,25
2960.0,51362429#0,9
2960.0,51362431,3
2960.0,:655375336_47,1
2960.0,E0,20
2980.0,-594658757#2,25
2980.0,51362429#0,9
2980.0,51362431,3
2980.0,:655375336_47,1
2980.0,E0,20
3000.0,-594658757#2,25
3000.0,51362429#0,9
3000.0,51362431,3
3000.0,:655375336_47,1
3000.0,E0,20
3020.0,-594658757#2,25
3020.0,51362429#0,9
3020.0,51362431,3
3020.0,:655375336_47,1
3020.0,E0,20
3040.0,-594658757#2,25
3040.0,1334904386#0,1
3040.0,51362429#0,9
3040.0,51362431,3
3040.0,:655375336_47,1
3040.0,E0,19
3060.0,-594658757#2,25
3060.0,1334904386#0,1
3060.0,51362429#0,8
3060.0,51362431,3
3060.0,:655375232_1,1
3060.0,:655375336_47,1
3060.0,E0,19
3080.0,-594658757#2,25
3080.0,51362429#0,9
3080.0,51362431,2
3080.0,594658760#0,1
3080.0,:655375336_47,1
3080.0,:cluster_655375246_655375489_3,1
3080.0,E0,20
3100.0,-594658757#2,25
3100.0,51362429#0,9
3100.0,51362431,2
3100.0,:655375336_47,1
3100.0,E0,20
3120.0,-594658757#2,24
3120.0,303647015#0,1
3120.0,51362429#0,9
3120.0,51362431,2
3120.0,:655375336_47,1
3120.0,E0,20
3140.0,-594658757#2,24
3140.0,51362429#0,9
3140.0,51362431,2
3140.0,:655375336_47,1
3140.0,E0,20
3160.0,-594658757#2,25
3160.0,51362429#0,9
3160.0,51362431,2
3160.0,E0,20
3180.0,-594658757#2,25
3180.0,51362429#0,9
3180.0,51362431,2
3180.0,E0,20
3200.0,-594658757#2,25
3200.0,51362429#0,9
3200.0,51362431,2
3200.0,E0,20
3220.0,-594658757#2,25
3220.0,51362429#0,9
3220.0,51362431,2
3220.0,E0,20
3240.0,-594658757#2,25
3240.0,51362429#0,9
3240.0,51362431,2
3240.0,E0,20
3260.0,-594658757#2,25
3260.0,51362429#0,9
3260.0,51362431,2
3260.0,E0,20
3280.0,-594658757#2,25
3280.0,51362429#0,9
3280.0,51362431,2
3280.0,E0,20
3300.0,-594658757#2,25
3300.0,51362429#0,9
3300.0,51362431,2
3300.0,E0,20
3320.0,-594658757#2,25
3320.0,51362429#0,9
3320.0,51362431,2
3320.0,E0,20
3340.0,-594658757#2,25
3340.0,51362429#0,9
3340.0,51362431,2
3340.0,E0,20
3360.0,-594658757#2,25
3360.0,51362429#0,9
3360.0,51362431,2
3360.0,E0,19
3380.0,-594658757#2,25
3380.0,51362429#0,9
3380.0,51362431,1
3380.0,594658760#0,1
3380.0,E0,20
3400.0,-594658757#2,25
3400.0,51362429#0,9
3400.0,51362431,1
3400.0,E0,20
3420.0,-594658757#2,24
3420.0,303647015#0,1
3420.0,51362429#0,9
3420.0,51362431,1
3420.0,E0,20
3440.0,-594658757#2,24
3440.0,51362429#0,9
3440.0,51362431,1
3440.0,E0,20
3460.0,-594658757#2,24
3460.0,51362429#0,9
3460.0,51362431,1
3460.0,E0,20
3480.0,-594658757#2,24
3480.0,51362429#0,9
3480.0,51362431,1
3480.0,E0,20
3500.0,-594658757#2,24
3500.0,51362429#0,9
3500.0,51362431,1
3500.0,E0,20
3520.0,-594658757#2,24
3520.0,51362429#0,9
3520.0,51362431,1
3520.0,E0,20
3540.0,-594658757#2,24
3540.0,51362429#0,9
3540.0,51362431,1
3540.0,E0,20
3560.0,-594658757#2,24
3560.0,51362429#0,9
3560.0,51362431,1
3560.0,E0,20
3580.0,-594658757#2,24
3580.0,51362429#0,9
3580.0,51362431,1
3580.0,E0,20
3600.0,-594658757#2,24
3600.0,51362429#0,9
3600.0,51362431,1
3600.0,E0,20
3620.0,-594658757#2,24
3620.0,51362429#0,9
3620.0,51362431,1
3620.0,E0,20
3640.0,-594658757#2,24
3640.0,51362429#0,9
3640.0,51362431,1
3640.0,E0,20
3660.0,-594658757#2,24
3660.0,51362429#0,9
3660.0,51362431,1
3660.0,E0,19
3680.0,-594658757#2,24
3680.0,51362429#0,8
3680.0,594658760#0,1
3680.0,E0,20
3700.0,-594658757#2,24
3700.0,51362429#0,9
3700.0,E0,20
3720.0,-594658757#2,24
3720.0,51362429#0,9
3720.0,E0,20
3740.0,-594658757#2,23
3740.0,51362429#0,9
3740.0,E0,20
3760.0,-594658757#2,24
3760.0,51362429#0,9
3760.0,E0,20
3780.0,-594658757#2,24
3780.0,51362429#0,9
3780.0,E0,20
3800.0,-594658757#2,24
3800.0,51362429#0,9
3800.0,E0,20
3820.0,-594658757#2,24
3820.0,51362429#0,9
3820.0,E0,20
3840.0,-594658757#2,24
3840.0,51362429#0,9
3840.0,E0,20
3860.0,-594658757#2,24
3860.0,51362429#0,9
3860.0,E0,20
3880.0,-594658757#2,24
3880.0,51362429#0,9
3880.0,E0,20
3900.0,-594658757#2,24
3900.0,51362429#0,9
3900.0,E0,20
3920.0,-594658757#2,24
3920.0,51362429#0,9
3920.0,E0,20
3940.0,-594658757#2,24
3940.0,51362429#0,9
3940.0,E0,20
3960.0,-594658757#2,24
3960.0,1334904386#0,1
3960.0,51362429#0,9
3960.0,E0,19
3980.0,-594658757#2,24
3980.0,1334904386#0,1
3980.0,51362429#0,8
3980.0,593847701,1
3980.0,E0,19
4000.0,-594658757#2,24
4000.0,1334904386#0,1
4000.0,51362429#0,8
4000.0,:655375232_0,1
4000.0,E0,20
4020.0,-594658757#2,24
4020.0,1068440006#0,1
4020.0,303647015#0,1
4020.0,51362429#0,9
4020.0,E0,20
4040.0,-594658757#2,23
4040.0,1068440006#0,1
4040.0,303647015#0,1
4040.0,51362429#0,9
4040.0,E0,20
4060.0,-594658757#2,23
4060.0,1068440006#0,1
4060.0,51362429#0,9
4060.0,:655375336_6,1
4060.0,E0,19
4080.0,-594658757#2,24
4080.0,1068440006#0,1
4080.0,51362429#0,9
4080.0,E0,19
4100.0,-594658757#2,24
4100.0,1068440006#0,2
4100.0,51362429#0,9
4100.0,E0,20
4120.0,-594658757#2,24
4120.0,1068440006#0,2
4120.0,51362429#0,9
4120.0,E0,20
4140.0,-594658757#2,24
4140.0,1068440006#0,2
4140.0,51362429#0,9
4140.0,E0,20
4160.0,-594658757#2,24
4160.0,1068440006#0,2
4160.0,51362429#0,9
4160.0,E0,20
4180.0,-594658757#2,24
4180.0,1068440006#0,2
4180.0,51362429#0,9
4180.0,E0,20
4200.0,-594658757#2,24
4200.0,1068440006#0,2
4200.0,51362429#0,9
4200.0,E0,20
4220.0,-594658757#2,24
4220.0,1068440006#0,2
4220.0,51362429#0,9
4220.0,E0,20
4240.0,-594658757#2,24
4240.0,1068440006#0,2
4240.0,51362429#0,9
4240.0,E0,20
4260.0,-594658757#2,24
4260.0,1068440006#0,2
4260.0,51362429#0,9
4260.0,E0,20
4280.0,-594658757#2,24
4280.0,1068440006#0,2
4280.0,51362429#0,9
4280.0,E0,20
4300.0,-594658757#2,24
4300.0,1068440006#0,2
4300.0,51362429#0,9
4300.0,E0,20
4320.0,-594658757#2,24
4320.0,1068440006#0,2
4320.0,51362429#0,9
4320.0,E0,20
4340.0,-594658757#2,23
4340.0,1068440006#0,1
4340.0,303647015#0,1
4340.0,51362429#0,9
4340.0,E0,20
4360.0,-594658757#2,23
4360.0,1068440006#0,1
4360.0,51362429#0,9
4360.0,E0,20
4380.0,-594658757#2,24
4380.0,51362429#0,9
4380.0,:655375336_1,1
4380.0,E0,19
4400.0,-594658757#2,24
4400.0,1334904386#0,1
4400.0,51362429#0,8
4400.0,E0,20
4420.0,-594658757#2,24
4420.0,1068440006#0,1
4420.0,1334904386#0,1
4420.0,51362429#0,9
4420.0,E0,20
4440.0,-594658757#2,24
4440.0,1068440006#0,1
4440.0,303647015#0,1
4440.0,51362429#0,9
4440.0,E0,20
4460.0,-594658757#2,24
4460.0,1334904386#0,1
4460.0,51362429#0,9
4460.0,E0,20
4480.0,-594658757#2,24
4480.0,1334904386#0,1
4480.0,51362429#0,9
4480.0,E0,20
4500.0,-594658757#2,24
4500.0,1334904386#0,1
4500.0,51362429#0,9
4500.0,E0,20
4520.0,-594658757#2,24
4520.0,303647015#0,2
4520.0,51362429#0,9
4520.0,E0,20
4540.0,-594658757#2,24
4540.0,51362429#0,9
4540.0,E0,20
4560.0,-594658757#2,24
4560.0,51362429#0,9
4560.0,E0,20
4580.0,-594658757#2,24
4580.0,51362429#0,9
4580.0,E0,20
4600.0,-594658757#2,24
4600.0,51362429#0,9
4600.0,E0,20
4620.0,-594658757#2,24
4620.0,51362429#0,9
4620.0,E0,20
4640.0,-594658757#2,23
4640.0,303647015#0,1
4640.0,51362429#0,9
4640.0,E0,20
4660.0,-594658757#2,23
4660.0,51362429#0,9
4660.0,E0,20
4680.0,-594658757#2,24
4680.0,51362429#0,9
4680.0,E0,19
4700.0,-594658757#2,24
4700.0,51362429#0,9
4700.0,E0,19
4720.0,-594658757#2,24
4720.0,51362429#0,9
4720.0,E0,20
4740.0,-594658757#2,24
4740.0,51362429#0,9
4740.0,E0,20
4760.0,-594658757#2,24
4760.0,51362429#0,9
4760.0,E0,20
4780.0,-594658757#2,24
4780.0,51362429#0,9
4780.0,E0,20
4800.0,-594658757#2,24
4800.0,51362429#0,9
4800.0,E0,20
4820.0,-594658757#2,24
4820.0,51362429#0,9
4820.0,E0,20
4840.0,-594658757#2,24
4840.0,51362429#0,9
4840.0,E0,20
4860.0,-594658757#2,24
4860.0,51362429#0,9
4860.0,E0,20
4880.0,-594658757#2,24
4880.0,51362429#0,9
4880.0,E0,20
4900.0,-594658757#2,24
4900.0,51362429#0,9
4900.0,E0,20
4920.0,-594658757#2,24
4920.0,51362429#0,9
4920.0,E0,20
4940.0,-594658757#2,24
4940.0,51362429#0,9
4940.0,E0,20
4960.0,-594658757#2,23
4960.0,51362429#0,9
4960.0,E0,20
4980.0,-594658757#2,24
4980.0,51362429#0,9
4980.0,:655375336_6,1
4980.0,E0,18
5000.0,-594658757#2,25
5000.0,51362429#0,9
5000.0,E0,18
5020.0,-594658757#2,25
5020.0,51362429#0,8
5020.0,E0,19
5040.0,-594658757#2,25
5040.0,51362429#0,8
5040.0,E0,20
5060.0,-594658757#2,25
5060.0,51362429#0,9
5060.0,E0,20
5080.0,-594658757#2,25
5080.0,51362429#0,9
5080.0,E0,20
5100.0,-594658757#2,25
5100.0,51362429#0,9
5100.0,E0,20
5120.0,-594658757#2,25
5120.0,51362429#0,9
5120.0,E0,20
5140.0,-594658757#2,25
5140.0,51362429#0,9
5140.0,E0,20
5160.0,-594658757#2,25
5160.0,51362429#0,9
5160.0,E0,20
5180.0,-594658757#2,25
5180.0,51362429#0,9
5180.0,E0,20
5200.0,-594658757#2,25
5200.0,51362429#0,9
5200.0,E0,20
5220.0,-594658757#2,25
5220.0,51362429#0,9
5220.0,E0,20
5240.0,-594658757#2,25
5240.0,51362429#0,9
5240.0,E0,20
5260.0,-594658757#2,24
5260.0,303647015#0,1
5260.0,51362429#0,9
5260.0,E0,20
5280.0,-594658757#2,24
5280.0,1334904386#0,1
5280.0,51362429#0,9
5280.0,E0,19
5300.0,-594658757#2,24
5300.0,303647015#0,1
5300.0,51362429#0,9
5300.0,E0,19
5320.0,-594658757#2,24
5320.0,51362429#0,9
5320.0,E0,19
5340.0,-594658757#2,24
5340.0,51362429#0,8
5340.0,E0,20
5360.0,-594658757#2,24
5360.0,51362429#0,9
5360.0,E0,20
5380.0,-594658757#2,24
5380.0,51362429#0,9
5380.0,E0,20
5400.0,-594658757#2,24
5400.0,51362429#0,9
5400.0,E0,20
5420.0,-594658757#2,24
5420.0,51362429#0,9
5420.0,E0,20
5440.0,-594658757#2,24
5440.0,51362429#0,9
5440.0,E0,20
5460.0,-594658757#2,24
5460.0,51362429#0,9
5460.0,E0,20
5480.0,-594658757#2,24
5480.0,51362429#0,9
5480.0,E0,20
5500.0,-594658757#2,24
5500.0,51362429#0,9
5500.0,E0,20
5520.0,-594658757#2,24
5520.0,51362429#0,9
5520.0,E0,20
5540.0,-594658757#2,24
5540.0,51362429#0,9
5540.0,E0,20
5560.0,-594658757#2,23
5560.0,303647015#0,1
5560.0,51362429#0,9
5560.0,E0,20
5580.0,-594658757#2,23
5580.0,51362429#0,9
5580.0,E0,20
5600.0,-594658757#2,23
5600.0,1334904386#0,1
5600.0,51362429#0,9
5600.0,:655375336_6,1
5600.0,E0,18
5620.0,-594658757#2,24
5620.0,303647015#0,1
5620.0,51362429#0,9
5620.0,E0,18
5640.0,-594658757#2,24
5640.0,51362429#0,8
5640.0,593847701,1
5640.0,E0,18
5660.0,-594658757#2,24
5660.0,51362429#0,8
5660.0,:655375232_1,1
5660.0,E0,19
5680.0,-594658757#2,24
5680.0,51362429#0,8
5680.0,E0,20
5700.0,-594658757#2,24
5700.0,51362429#0,8
5700.0,E0,20
5720.0,-594658757#2,24
5720.0,51362429#0,8
5720.0,E0,20
5740.0,-594658757#2,24
5740.0,51362429#0,8
5740.0,E0,20
5760.0,-594658757#2,24
5760.0,51362429#0,8
5760.0,E0,20
5780.0,-594658757#2,24
5780.0,51362429#0,8
5780.0,E0,20
5800.0,-594658757#2,24
5800.0,51362429#0,8
5800.0,E0,20
5820.0,-594658757#2,24
5820.0,51362429#0,8
5820.0,E0,20
5840.0,-594658757#2,24
5840.0,51362429#0,8
5840.0,E0,20
5860.0,-594658757#2,23
5860.0,303647015#0,1
5860.0,51362429#0,8
5860.0,E0,20
5880.0,-594658757#2,23
5880.0,51362429#0,8
5880.0,E0,20
5900.0,-594658757#2,24
5900.0,51362429#0,8
5900.0,E0,19
5920.0,-594658757#2,24
5920.0,51362429#0,8
5920.0,E0,19
5940.0,-594658757#2,24
5940.0,51362429#0,8
5940.0,E0,19
5960.0,-594658757#2,24
5960.0,51362429#0,8
5960.0,E0,19
5980.0,-594658757#2,24
5980.0,1068440006#0,1
5980.0,51362429#0,6
5980.0,E0,20
6000.0,-594658757#2,24
6000.0,51362429#0,6
6000.0,:655375336_1,1
6000.0,E0,20
6020.0,-594658757#2,24
6020.0,1334904386#0,1
6020.0,51362429#0,6
6020.0,E0,20
6040.0,-594658757#2,24
6040.0,1334904386#0,1
6040.0,51362429#0,6
6040.0,E0,20
6060.0,-594658757#2,24
6060.0,1334904386#0,1
6060.0,51362429#0,6
6060.0,E0,20
6080.0,-594658757#2,24
6080.0,303647015#0,1
6080.0,51362429#0,6
6080.0,E0,20
6100.0,-594658757#2,24
6100.0,51362429#0,6
6100.0,E0,20
6120.0,-594658757#2,24
6120.0,51362429#0,6
6120.0,E0,20
6140.0,-594658757#2,24
6140.0,51362429#0,6
6140.0,E0,20
6160.0,-594658757#2,24
6160.0,51362429#0,6
6160.0,E0,20
6180.0,-594658757#2,23
6180.0,303647015#0,1
6180.0,51362429#0,6
6180.0,E0,20
6200.0,-594658757#2,24
6200.0,51362429#0,6
6200.0,E0,19
6220.0,-594658757#2,24
6220.0,51362429#0,5
6220.0,:3086736518_0,1
6220.0,E0,19
6240.0,-594658757#2,24
6240.0,51362429#0,5
6240.0,E0,20
6260.0,-594658757#2,24
6260.0,51362429#0,5
6260.0,E0,20
6280.0,-594658757#2,24
6280.0,51362429#0,5
6280.0,E0,20
6300.0,-594658757#2,24
6300.0,51362429#0,5
6300.0,E0,20
6320.0,-594658757#2,24
6320.0,51362429#0,5
6320.0,E0,20
6340.0,-594658757#2,24
6340.0,51362429#0,5
6340.0,E0,20
6360.0,-594658757#2,24
6360.0,51362429#0,5
6360.0,E0,20
6380.0,-594658757#2,24
6380.0,51362429#0,5
6380.0,E0,20
6400.0,-594658757#2,24
6400.0,51362429#0,5
6400.0,E0,20
6420.0,-594658757#2,24
6420.0,51362429#0,5
6420.0,E0,20
6440.0,-594658757#2,24
6440.0,51362429#0,5
6440.0,E0,20
6460.0,-594658757#2,24
6460.0,51362429#0,5
6460.0,E0,20
6480.0,-594658757#2,23
6480.0,303647015#0,1
6480.0,51362429#0,5
6480.0,E0,20
6500.0,-594658757#2,23
6500.0,51362429#0,5
6500.0,E0,19
6520.0,-594658757#2,24
6520.0,51362429#0,4
6520.0,593847701,1
6520.0,E0,19
6540.0,-594658757#2,24
6540.0,51362429#0,4
6540.0,E0,20
6560.0,-594658757#2,24
6560.0,51362429#0,4
6560.0,E0,20
6580.0,-594658757#2,24
6580.0,51362429#0,4
6580.0,E0,20
6600.0,-594658757#2,24
6600.0,51362429#0,4
6600.0,E0,20
6620.0,-594658757#2,24
6620.0,51362429#0,4
6620.0,E0,20
6640.0,-594658757#2,24
6640.0,51362429#0,4
6640.0,E0,20
6660.0,-594658757#2,24
6660.0,51362429#0,4
6660.0,E0,20
6680.0,-594658757#2,24
6680.0,51362429#0,4
6680.0,E0,20
6700.0,-594658757#2,24
6700.0,51362429#0,4
6700.0,E0,20
6720.0,-594658757#2,24
6720.0,51362429#0,4
6720.0,E0,20
6740.0,-594658757#2,24
6740.0,51362429#0,4
6740.0,E0,20
6760.0,-594658757#2,24
6760.0,51362429#0,4
6760.0,E0,20
6780.0,-594658757#2,23
6780.0,303647015#0,1
6780.0,51362429#0,4
6780.0,E0,20
6800.0,-594658757#2,23
6800.0,51362429#0,4
6800.0,E0,20
6820.0,-594658757#2,24
6820.0,51362429#0,4
6820.0,E0,19
6840.0,-594658757#2,24
6840.0,51362429#0,3
6840.0,E0,20
6860.0,-594658757#2,24
6860.0,51362429#0,3
6860.0,E0,20
6880.0,-594658757#2,24
6880.0,51362429#0,3
6880.0,E0,20
6900.0,-594658757#2,24
6900.0,51362429#0,3
6900.0,E0,20
6920.0,-594658757#2,24
6920.0,51362429#0,3
6920.0,E0,20
6940.0,-594658757#2,24
6940.0,51362429#0,3
6940.0,E0,20
6960.0,-594658757#2,24
6960.0,51362429#0,3
6960.0,E0,20
6980.0,-594658757#2,24
6980.0,51362429#0,3
6980.0,E0,20
7000.0,-594658757#2,24
7000.0,51362429#0,3
7000.0,E0,20
7020.0,-594658757#2,24
7020.0,51362429#0,3
7020.0,E0,20
7040.0,-594658757#2,24
7040.0,51362429#0,3
7040.0,E0,20
7060.0,-594658757#2,24
7060.0,51362429#0,3
7060.0,E0,20
7080.0,-594658757#2,24
7080.0,51362429#0,3
7080.0,E0,20
7100.0,-594658757#2,23
7100.0,51362429#0,3
7100.0,E0,20
7120.0,-594658757#2,23
7120.0,1334904386#0,1
7120.0,51362429#0,3
7120.0,E0,19
7140.0,-594658757#2,23
7140.0,303647015#0,1
7140.0,51362429#0,2
7140.0,E0,20
7160.0,-594658757#2,23
7160.0,51362429#0,2
7160.0,E0,20
7180.0,-594658757#2,24
7180.0,51362429#0,2
7180.0,E0,19
7200.0,-594658757#2,24
7200.0,51362429#0,2
7200.0,E0,19
7220.0,-594658757#2,24
7220.0,51362429#0,2
7220.0,E0,19
7240.0,-594658757#2,24
7240.0,51362429#0,1
7240.0,E0,20
7260.0,-594658757#2,24
7260.0,51362429#0,1
7260.0,E0,20
7280.0,-594658757#2,24
7280.0,51362429#0,1
7280.0,E0,20
7300.0,-594658757#2,24
7300.0,51362429#0,1
7300.0,E0,20
7320.0,-594658757#2,24
7320.0,51362429#0,1
7320.0,E0,20
7340.0,-594658757#2,24
7340.0,51362429#0,1
7340.0,E0,20
7360.0,-594658757#2,24
7360.0,51362429#0,1
7360.0,E0,20
7380.0,-594658757#2,24
7380.0,51362429#0,1
7380.0,E0,20
7400.0,-594658757#2,23
7400.0,303647015#0,1
7400.0,51362429#0,1
7400.0,E0,20
7420.0,-594658757#2,23
7420.0,51362429#0,1
7420.0,E0,20
7440.0,-594658757#2,23
7440.0,51362429#0,1
7440.0,E0,20
7460.0,-594658757#2,24
7460.0,51362429#0,1
7460.0,E0,19
7480.0,-594658757#2,24
7480.0,E0,20
7500.0,-594658757#2,24
7500.0,E0,20
7520.0,-594658757#2,24
7520.0,E0,20
7540.0,-594658757#2,24
7540.0,E0,20
7560.0,-594658757#2,24
7560.0,E0,20
7580.0,-594658757#2,24
7580.0,E0,20
7600.0,-594658757#2,24
7600.0,E0,20
7620.0,-594658757#2,24
7620.0,E0,20
7640.0,-594658757#2,24
7640.0,E0,20
7660.0,-594658757#2,24
7660.0,E0,20
7680.0,-594658757#2,24
7680.0,E0,20
7700.0,-594658757#2,23
7700.0,303647015#0,1
7700.0,E0,20
7720.0,-594658757#2,23
7720.0,E0,20
7740.0,-594658757#2,23
7740.0,E0,20
7760.0,-594658757#2,23
7760.0,1334904386#0,1
7760.0,E0,19
7780.0,-594658757#2,23
7780.0,1334904386#0,1
7780.0,E0,19
7800.0,-594658757#2,23
7800.0,1334904386#0,1
7800.0,E0,19
7820.0,-594658757#2,23
7820.0,:cluster_655375246_655375489_3,1
7820.0,E0,19
7840.0,-594658757#2,23
7840.0,E0,19
7860.0,-594658757#2,23
7860.0,E0,19
7880.0,-594658757#2,23
7880.0,E0,19
7900.0,-594658757#2,23
7900.0,E0,19
7920.0,-594658757#2,23
7920.0,E0,19
7940.0,-594658757#2,23
7940.0,E0,19
7960.0,-594658757#2,23
7960.0,E0,19
7980.0,-594658757#2,23
7980.0,E0,19
8000.0,-594658757#2,22
8000.0,303647015#0,1
8000.0,E0,19
8020.0,-594658757#2,22
8020.0,E0,19
8040.0,-594658757#2,22
8040.0,E0,19
8060.0,-594658757#2,22
8060.0,E0,19
8080.0,-594658757#2,22
8080.0,1334904386#0,1
8080.0,E0,18
8100.0,-594658757#2,22
8100.0,1334904386#0,1
8100.0,E0,18
8120.0,-594658757#2,22
8120.0,1334904386#0,1
8120.0,E0,18
8140.0,-594658757#2,22
8140.0,303647015#0,1
8140.0,E0,18
8160.0,-594658757#2,22
8160.0,E0,18
8180.0,-594658757#2,22
8180.0,E0,18
8200.0,-594658757#2,22
8200.0,E0,18
8220.0,-594658757#2,22
8220.0,E0,18
8240.0,-594658757#2,22
8240.0,E0,18
8260.0,-594658757#2,22
8260.0,E0,18
8280.0,-594658757#2,22
8280.0,E0,18
8300.0,-594658757#2,22
8300.0,E0,18
8320.0,-594658757#2,21
8320.0,E0,18
8340.0,-594658757#2,21
8340.0,E0,18
8360.0,-594658757#2,21
8360.0,E0,18
8380.0,-594658757#2,21
8380.0,1334904386#0,1
8380.0,E0,17
8400.0,-594658757#2,21
8400.0,1334904386#0,1
8400.0,E0,17
8420.0,-594658757#2,21
8420.0,1334904386#0,1
8420.0,E0,17
8440.0,-594658757#2,21
8440.0,1334904386#0,1
8440.0,E0,17
8460.0,-594658757#2,21
8460.0,303647015#0,1
8460.0,E0,17
8480.0,-594658757#2,21
8480.0,E0,17
8500.0,-594658757#2,21
8500.0,E0,17
8520.0,-594658757#2,21
8520.0,E0,17
8540.0,-594658757#2,21
8540.0,E0,17
8560.0,-594658757#2,21
8560.0,E0,17
8580.0,-594658757#2,21
8580.0,E0,17
8600.0,-594658757#2,21
8600.0,E0,17
8620.0,-594658757#2,20
8620.0,303647015#0,1
8620.0,E0,17
8640.0,-594658757#2,20
8640.0,E0,17
8660.0,-594658757#2,20
8660.0,E0,17
8680.0,-594658757#2,20
8680.0,1334904386#0,1
8680.0,E0,16
8700.0,-594658757#2,22
8700.0,1334904386#0,1
8700.0,E0,14
8720.0,-594658757#2,22
8720.0,303647015#0,1
8720.0,E0,14
8740.0,-594658757#2,22
8740.0,E0,14
8760.0,-594658757#2,22
8760.0,E0,14
8780.0,-594658757#2,22
8780.0,E0,14
8800.0,-594658757#2,22
8800.0,E0,14
8820.0,-594658757#2,22
8820.0,E0,14
8840.0,-594658757#2,22
8840.0,E0,14
8860.0,-594658757#2,22
8860.0,E0,14
8880.0,-594658757#2,22
8880.0,E0,14
8900.0,-594658757#2,22
8900.0,E0,14
8920.0,-594658757#2,21
8920.0,303647015#0,1
8920.0,E0,14
8940.0,-594658757#2,21
8940.0,E0,14
8960.0,-594658757#2,21
8960.0,E0,14
8980.0,-594658757#2,21
8980.0,E0,14
9000.0,-594658757#2,21
9000.0,1334904386#0,1
9000.0,E0,13
9020.0,-594658757#2,23
9020.0,:655375336_6,1
9020.0,:cluster_655375246_655375489_3,1
9020.0,E0,10
9040.0,-594658757#2,24
9040.0,E0,10
9060.0,-594658757#2,24
9060.0,E0,10
9080.0,-594658757#2,24
9080.0,E0,10
9100.0,-594658757#2,24
9100.0,E0,10
9120.0,-594658757#2,24
9120.0,E0,10
9140.0,-594658757#2,24
9140.0,E0,10
9160.0,-594658757#2,24
9160.0,E0,10
9180.0,-594658757#2,24
9180.0,E0,10
9200.0,-594658757#2,24
9200.0,E0,10
9220.0,-594658757#2,23
9220.0,303647015#0,1
9220.0,E0,10
9240.0,-594658757#2,23
9240.0,E0,10
9260.0,-594658757#2,23
9260.0,E0,10
9280.0,-594658757#2,23
9280.0,E0,10
9300.0,-594658757#2,23
9300.0,E0,10
9320.0,-594658757#2,23
9320.0,E0,10
9340.0,-594658757#2,24
9340.0,:cluster_655375246_655375489_3,1
9340.0,E0,8
9360.0,-594658757#2,24
9360.0,E0,8
9380.0,-594658757#2,24
9380.0,E0,8
9400.0,-594658757#2,24
9400.0,E0,8
9420.0,-594658757#2,24
9420.0,E0,8
9440.0,-594658757#2,24
9440.0,E0,8
9460.0,-594658757#2,24
9460.0,E0,8
9480.0,-594658757#2,24
9480.0,E0,8
9500.0,-594658757#2,24
9500.0,E0,8
9520.0,-594658757#2,24
9520.0,E0,8
9540.0,-594658757#2,23
9540.0,E0,8
9560.0,-594658757#2,23
9560.0,E0,8
9580.0,-594658757#2,23
9580.0,E0,8
9600.0,-594658757#2,23
9600.0,E0,8
9620.0,-594658757#2,23
9620.0,E0,8
9640.0,-594658757#2,23
9640.0,1334904386#0,1
9640.0,E0,7
9660.0,-594658757#2,24
9660.0,1334904386#0,1
9660.0,E0,6
9680.0,-594658757#2,24
9680.0,1334904386#0,1
9680.0,E0,6
9700.0,-594658757#2,24
9700.0,1334904386#0,1
9700.0,E0,6
9720.0,-594658757#2,24
9720.0,:cluster_655375246_655375489_3,1
9720.0,E0,6
9740.0,-594658757#2,24
9740.0,E0,6
9760.0,-594658757#2,24
9760.0,E0,6
9780.0,-594658757#2,24
9780.0,E0,6
9800.0,-594658757#2,24
9800.0,E0,6
9820.0,-594658757#2,24
9820.0,E0,6
9840.0,-594658757#2,23
9840.0,303647015#0,1
9840.0,E0,6
9860.0,-594658757#2,23
9860.0,E0,6
9880.0,-594658757#2,24
9880.0,E0,5
9900.0,-594658757#2,24
9900.0,E0,5
9920.0,-594658757#2,24
9920.0,E0,5
9940.0,-594658757#2,24
9940.0,E0,5
9960.0,-594658757#2,24
9960.0,E0,5
9980.0,-594658757#2,24
9980.0,E0,5
10000.0,-594658757#2,24
10000.0,E0,5
10020.0,-594658757#2,24
10020.0,E0,5
10040.0,-594658757#2,24
10040.0,E0,5
10060.0,-594658757#2,24
10060.0,E0,5
10080.0,-594658757#2,24
10080.0,E0,5
10100.0,-594658757#2,24
10100.0,E0,5
10120.0,-594658757#2,24
10120.0,E0,5
10140.0,-594658757#2,23
10140.0,303647015#0,1
10140.0,E0,5
10160.0,-594658757#2,23
10160.0,E0,5
10180.0,-594658757#2,23
10180.0,1334904386#0,1
10180.0,E0,4
10200.0,-594658757#2,24
10200.0,303647015#0,1
10200.0,E0,3
10220.0,-594658757#2,24
10220.0,E0,3
10240.0,-594658757#2,24
10240.0,E0,3
10260.0,-594658757#2,24
10260.0,E0,3
10280.0,-594658757#2,24
10280.0,E0,3
10300.0,-594658757#2,24
10300.0,E0,3
10320.0,-594658757#2,24
10320.0,E0,3
10340.0,-594658757#2,24
10340.0,E0,3
10360.0,-594658757#2,24
10360.0,E0,3
10380.0,-594658757#2,24
10380.0,E0,3
10400.0,-594658757#2,24
10400.0,E0,3
10420.0,-594658757#2,24
10420.0,E0,3
10440.0,-594658757#2,23
10440.0,303647015#0,1
10440.0,E0,3
10460.0,-594658757#2,23
10460.0,E0,3
10480.0,-594658757#2,23
10480.0,E0,3
10500.0,-594658757#2,23
10500.0,1334904386#0,1
10500.0,E0,2
10520.0,-594658757#2,23
10520.0,303647015#0,1
10520.0,E0,2
10540.0,-594658757#2,23
10540.0,E0,2
10560.0,-594658757#2,23
10560.0,E0,2
10580.0,-594658757#2,23
10580.0,E0,2
10600.0,-594658757#2,23
10600.0,E0,2
10620.0,-594658757#2,23
10620.0,E0,2
10640.0,-594658757#2,23
10640.0,E0,2
10660.0,-594658757#2,23
10660.0,E0,2
10680.0,-594658757#2,23
10680.0,E0,2
10700.0,-594658757#2,23
10700.0,E0,2
10720.0,-594658757#2,23
10720.0,E0,2
10740.0,-594658757#2,22
10740.0,303647015#0,1
10740.0,E0,2
10760.0,-594658757#2,22
10760.0,E0,2
10780.0,-594658757#2,22
10780.0,E0,2
10800.0,-594658757#2,22
10800.0,1334904386#0,1
10800.0,E0,1
10820.0,-594658757#2,22
10820.0,1334904386#0,1
10820.0,E0,1
10840.0,-594658757#2,23
10840.0,:cluster_655375246_655375489_3,1
10860.0,-594658757#2,23
10880.0,-594658757#2,23
10900.0,-594658757#2,23
10920.0,-594658757#2,23
10940.0,-594658757#2,23
10960.0,-594658757#2,23
10980.0,-594658757#2,23
11000.0,-594658757#2,23
11020.0,-594658757#2,23
11040.0,-594658757#2,23
11060.0,-594658757#2,22
11060.0,303647015#0,1
11080.0,-594658757#2,22
11100.0,-594658757#2,22
11120.0,-594658757#2,22
11140.0,-594658757#2,22
11160.0,-594658757#2,22
11180.0,-594658757#2,22
11200.0,-594658757#2,22
11220.0,-594658757#2,22
11240.0,-594658757#2,22
11260.0,-594658757#2,22
11280.0,-594658757#2,22
11300.0,-594658757#2,22
11320.0,-594658757#2,22
11340.0,-594658757#2,22
11360.0,-594658757#2,21
11360.0,303647015#0,1
11380.0,-594658757#2,21
11400.0,-594658757#2,21
11420.0,-594658757#2,21
11440.0,-594658757#2,21
11460.0,-594658757#2,21
11480.0,-594658757#2,21
11500.0,-594658757#2,21
11520.0,-594658757#2,21
11540.0,-594658757#2,21
11560.0,-594658757#2,21
11580.0,-594658757#2,21
11600.0,-594658757#2,21
11620.0,-594658757#2,21
11640.0,-594658757#2,21
11660.0,-594658757#2,20
11660.0,303647015#0,1
11680.0,-594658757#2,20
11700.0,-594658757#2,20
11720.0,-594658757#2,20
11740.0,-594658757#2,20
11760.0,-594658757#2,20
11780.0,-594658757#2,20
11800.0,-594658757#2,20
11820.0,-594658757#2,20
11840.0,-594658757#2,20
11860.0,-594658757#2,20
11880.0,-594658757#2,20
11900.0,-594658757#2,20
11920.0,-594658757#2,20
11940.0,-594658757#2,20
11960.0,-594658757#2,19
11960.0,303647015#0,1
11980.0,-594658757#2,19
12000.0,-594658757#2,19
12020.0,-594658757#2,19
12040.0,-594658757#2,19
12060.0,-594658757#2,19
12080.0,-594658757#2,19
12100.0,-594658757#2,19
12120.0,-594658757#2,19
12140.0,-594658757#2,19
12160.0,-594658757#2,19
12180.0,-594658757#2,19
12200.0,-594658757#2,19
12220.0,-594658757#2,19
12240.0,-594658757#2,19
12260.0,-594658757#2,19
12280.0,-594658757#2,18
12280.0,303647015#0,1
12300.0,-594658757#2,18
12320.0,-594658757#2,18
12340.0,-594658757#2,18
12360.0,-594658757#2,18
12380.0,-594658757#2,18
12400.0,-594658757#2,18
12420.0,-594658757#2,18
12440.0,-594658757#2,18
12460.0,-594658757#2,18
12480.0,-594658757#2,18
12500.0,-594658757#2,18
12520.0,-594658757#2,18
12540.0,-594658757#2,18
12560.0,-594658757#2,18
12580.0,-594658757#2,17
12580.0,303647015#0,1
12600.0,-594658757#2,17
12620.0,-594658757#2,17
12640.0,-594658757#2,17
12660.0,-594658757#2,17
12680.0,-594658757#2,17
12700.0,-594658757#2,17
12720.0,-594658757#2,17
12740.0,-594658757#2,17
12760.0,-594658757#2,17
12780.0,-594658757#2,17
12800.0,-594658757#2,17
12820.0,-594658757#2,17
12840.0,-594658757#2,17
12860.0,-594658757#2,17
12880.0,-594658757#2,16
12880.0,303647015#0,1
12900.0,-594658757#2,16
12920.0,-594658757#2,16
12940.0,-594658757#2,16
12960.0,-594658757#2,16
12980.0,-594658757#2,16
13000.0,-594658757#2,16
13020.0,-594658757#2,16
13040.0,-594658757#2,16
13060.0,-594658757#2,16
13080.0,-594658757#2,16
13100.0,-594658757#2,16
13120.0,-594658757#2,16
13140.0,-594658757#2,16
13160.0,-594658757#2,16
13180.0,-594658757#2,16
13200.0,-594658757#2,15
13220.0,-594658757#2,15
13240.0,-594658757#2,15
13260.0,-594658757#2,15
13280.0,-594658757#2,15
13300.0,-594658757#2,15
13320.0,-594658757#2,15
13340.0,-594658757#2,15
13360.0,-594658757#2,15
13380.0,-594658757#2,15
13400.0,-594658757#2,15
13420.0,-594658757#2,15
13440.0,-594658757#2,15
13460.0,-594658757#2,15
13480.0,-594658757#2,15
13500.0,-594658757#2,14
13500.0,303647015#0,1
13520.0,-594658757#2,14
13540.0,-594658757#2,14
13560.0,-594658757#2,14
13580.0,-594658757#2,14
13600.0,-594658757#2,14
13620.0,-594658757#2,14
13640.0,-594658757#2,14
13660.0,-594658757#2,14
13680.0,-594658757#2,14
13700.0,-594658757#2,14
13720.0,-594658757#2,14
13740.0,-594658757#2,14
13760.0,-594658757#2,14
13780.0,-594658757#2,14
13800.0,-594658757#2,13
13800.0,303647015#0,1
13820.0,-594658757#2,13
13840.0,-594658757#2,13
13860.0,-594658757#2,13
13880.0,-594658757#2,13
13900.0,-594658757#2,13
13920.0,-594658757#2,13
13940.0,-594658757#2,13
13960.0,-594658757#2,13
13980.0,-594658757#2,13
14000.0,-594658757#2,13
14020.0,-594658757#2,13
14040.0,-594658757#2,13
14060.0,-594658757#2,13
14080.0,-594658757#2,13
14100.0,-594658757#2,12
14100.0,303647015#0,1
14120.0,-594658757#2,12
14140.0,-594658757#2,12
14160.0,-594658757#2,12
14180.0,-594658757#2,12
14200.0,-594658757#2,12
14220.0,-594658757#2,12
14240.0,-594658757#2,12
14260.0,-594658757#2,12
14280.0,-594658757#2,12
14300.0,-594658757#2,12
14320.0,-594658757#2,12
14340.0,-594658757#2,12
14360.0,-594658757#2,12
14380.0,-594658757#2,12
14400.0,-594658757#2,12
14420.0,-594658757#2,11
14440.0,-594658757#2,11
14460.0,-594658757#2,11
14480.0,-594658757#2,11
14500.0,-594658757#2,11
14520.0,-594658757#2,11
14540.0,-594658757#2,11
14560.0,-594658757#2,11
14580.0,-594658757#2,11
14600.0,-594658757#2,11
14620.0,-594658757#2,11
14640.0,-594658757#2,11
14660.0,-594658757#2,11
14680.0,-594658757#2,11
14700.0,-594658757#2,11
14720.0,-594658757#2,10
14720.0,303647015#0,1
14740.0,-594658757#2,10
14760.0,-594658757#2,10
14780.0,-594658757#2,10
14800.0,-594658757#2,10
14820.0,-594658757#2,10
14840.0,-594658757#2,10
14860.0,-594658757#2,10
14880.0,-594658757#2,10
14900.0,-594658757#2,10
14920.0,-594658757#2,10
14940.0,-594658757#2,10
14960.0,-594658757#2,10
14980.0,-594658757#2,10
15000.0,-594658757#2,10
15020.0,-594658757#2,9
15020.0,303647015#0,1
15040.0,-594658757#2,9
15060.0,-594658757#2,9
15080.0,-594658757#2,9
15100.0,-594658757#2,9
15120.0,-594658757#2,9
15140.0,-594658757#2,9
15160.0,-594658757#2,9
15180.0,-594658757#2,9
15200.0,-594658757#2,9
15220.0,-594658757#2,9
15240.0,-594658757#2,9
15260.0,-594658757#2,9
15280.0,-594658757#2,9
15300.0,-594658757#2,9
15320.0,-594658757#2,8
15320.0,303647015#0,1
15340.0,-594658757#2,8
15360.0,-594658757#2,8
15380.0,-594658757#2,8
15400.0,-594658757#2,8
15420.0,-594658757#2,8
15440.0,-594658757#2,8
15460.0,-594658757#2,8
15480.0,-594658757#2,8
15500.0,-594658757#2,8
15520.0,-594658757#2,8
15540.0,-594658757#2,8
15560.0,-594658757#2,8
15580.0,-594658757#2,8
15600.0,-594658757#2,8
15620.0,-594658757#2,8
15640.0,-594658757#2,7
15660.0,-594658757#2,7
15680.0,-594658757#2,7
15700.0,-594658757#2,7
15720.0,-594658757#2,7
15740.0,-594658757#2,7
15760.0,-594658757#2,7
15780.0,-594658757#2,7
15800.0,-594658757#2,7
15820.0,-594658757#2,7
15840.0,-594658757#2,7
15860.0,-594658757#2,7
15880.0,-594658757#2,7
15900.0,-594658757#2,7
15920.0,-594658757#2,7
15940.0,-594658757#2,6
15940.0,303647015#0,1
15960.0,-594658757#2,6
15980.0,-594658757#2,6
16000.0,-594658757#2,6
16020.0,-594658757#2,6
16040.0,-594658757#2,6
16060.0,-594658757#2,6
16080.0,-594658757#2,6
16100.0,-594658757#2,6
16120.0,-594658757#2,6
16140.0,-594658757#2,6
16160.0,-594658757#2,6
16180.0,-594658757#2,6
16200.0,-594658757#2,6
16220.0,-594658757#2,6
16240.0,-594658757#2,5
16240.0,303647015#0,1
16260.0,-594658757#2,5
16280.0,-594658757#2,5
16300.0,-594658757#2,5
16320.0,-594658757#2,5
16340.0,-594658757#2,5
16360.0,-594658757#2,5
16380.0,-594658757#2,5
16400.0,-594658757#2,5
16420.0,-594658757#2,5
16440.0,-594658757#2,5
16460.0,-594658757#2,5
16480.0,-594658757#2,5
16500.0,-594658757#2,5
16520.0,-594658757#2,5
16540.0,-594658757#2,4
16540.0,303647015#0,1
16560.0,-594658757#2,4
16580.0,-594658757#2,4
16600.0,-594658757#2,4
16620.0,-594658757#2,4
16640.0,-594658757#2,4
16660.0,-594658757#2,4
16680.0,-594658757#2,4
16700.0,-594658757#2,4
16720.0,-594658757#2,4
16740.0,-594658757#2,4
16760.0,-594658757#2,4
16780.0,-594658757#2,4
16800.0,-594658757#2,4
16820.0,-594658757#2,4
16840.0,-594658757#2,4
16860.0,-594658757#2,3
16880.0,-594658757#2,3
16900.0,-594658757#2,3
16920.0,-594658757#2,3
16940.0,-594658757#2,3
16960.0,-594658757#2,3
16980.0,-594658757#2,3
17000.0,-594658757#2,3
17020.0,-594658757#2,3
17040.0,-594658757#2,3
17060.0,-594658757#2,3
17080.0,-594658757#2,3
17100.0,-594658757#2,3
17120.0,-594658757#2,3
17140.0,-594658757#2,3
17160.0,-594658757#2,2
17180.0,-594658757#2,2
17200.0,-594658757#2,2
17220.0,-594658757#2,2
17240.0,-594658757#2,2
17260.0,-594658757#2,2
17280.0,-594658757#2,2
17300.0,-594658757#2,2
17320.0,-594658757#2,2
17340.0,-594658757#2,2
17360.0,-594658757#2,2
17380.0,-594658757#2,2
17400.0,-594658757#2,2
17420.0,-594658757#2,2
17440.0,-594658757#2,2
17460.0,-594658757#2,1
17460.0,303647015#0,1
17480.0,-594658757#2,1
17500.0,-594658757#2,1
17520.0,-594658757#2,1
17540.0,-594658757#2,1
17560.0,-594658757#2,1
17580.0,-594658757#2,1
17600.0,-594658757#2,1
17620.0,-594658757#2,1
17640.0,-594658757#2,1
17660.0,-594658757#2,1
