time,edge_id,vehicle_count
60.0,-360018417,5
60.0,-51362429#1,1
60.0,-51362430,7
60.0,-593847703#3,8
60.0,-E0,18
60.0,1068234498#0,22
60.0,1068234499#0,2
60.0,1068440001,4
60.0,1068440004#1,18
60.0,1068440006#0,2
60.0,1334905223#0,2
60.0,182334378#0,18
60.0,196961377#0,5
60.0,244450512#1,2
60.0,260881642#0,3
60.0,263217603#0,1
60.0,288135626#0,3
60.0,288135628#0,1
60.0,300077497#0,3
60.0,30620492#0,14
60.0,30620492#1,5
60.0,314800955,1
60.0,484988951#0,4
60.0,48794887#0,1
60.0,49695736#0,1
60.0,506322842#0,4
60.0,506322844#0,6
60.0,506322846#2,12
60.0,51362429#0,9
60.0,593844221#0,1
60.0,593847704#0,1
60.0,593847705,1
60.0,593849711#2,8
60.0,594658760#0,2
60.0,594658762#0,11
60.0,668037874,1
60.0,:2444664370_0,1
60.0,:655375232_11,1
60.0,:656132414_2,1
60.0,:cluster11510670762_4554226152_0,1
60.0,:cluster619136880_619136881_cluster_4510442270_5296993511_5296993513_619136931_#1more_12,1
60.0,:cluster655375228_655375240_0,1
60.0,:cluster655375336_end_0_655375336_end_1_655375336_end_10_655375336_end_11_#8more_10,2
60.0,:cluster655375336_end_0_655375336_end_1_655375336_end_10_655375336_end_11_#8more_25,2
60.0,:cluster_2528018119_655375236_3,1
60.0,:cluster_3208478133_655375293_655375296_9631728504_#1more_8,3
60.0,:cluster_5372642442_631668976_631668981_631669076_22,3
60.0,:cluster_5372642442_631668976_631668981_631669076_26,1
60.0,:cluster_5372642442_631668976_631668981_631669076_45,1
60.0,:cluster_9383263990_9383263991_9383263992_9383263993_13,1
60.0,E0,1
80.0,-360018417,5
80.0,-51362429#1,1
80.0,-51362430,8
80.0,-593847703#3,2
80.0,-E0,19
80.0,1068234498#0,16
80.0,1068234499#0,10
80.0,1068440001,2
80.0,1068440004#1,25
80.0,1068440006#0,3
80.0,1334905223#0,2
80.0,182334378#0,22
80.0,196961377#0,10
80.0,238526531#0,5
80.0,244450512#1,2
80.0,260881642#0,2
80.0,263217603#0,1
80.0,288135626#0,3
80.0,288135628#0,1
80.0,30620492#0,18
80.0,30620492#1,5
80.0,35274074#0,2
80.0,484988951#0,4
80.0,48794887#0,1
80.0,49073226#2,2
80.0,49695736#0,10
80.0,506322840#0,1
80.0,506322842#0,7
80.0,506322844#0,6
80.0,506322846#2,11
80.0,51362429#0,13
80.0,51392936#0,1
80.0,593844221#0,1
80.0,593847702#0,2
80.0,593847704#0,1
80.0,593847705,1
80.0,593849711#2,11
80.0,594658760#0,3
80.0,594658762#0,8
80.0,668037874,2
80.0,:655375232_8,1
80.0,:655375233_2,1
80.0,:655375233_4,1
80.0,:655375238_6,1
80.0,:656132414_2,1
80.0,:cluster655375228_655375240_0,1
80.0,:cluster655375228_655375240_2,1
80.0,:cluster655375336_end_0_655375336_end_1_655375336_end_10_655375336_end_11_#8more_10,2
80.0,:cluster655375336_end_0_655375336_end_1_655375336_end_10_655375336_end_11_#8more_25,2
80.0,:cluster_2038168688_655375573_3,1
80.0,:cluster_2664674491_655375287_655375288_5,1
80.0,:cluster_3208478133_655375293_655375296_9631728504_#1more_8,2
80.0,:cluster_5372642442_631668976_631668981_631669076_22,1
80.0,:cluster_5372642442_631668976_631668981_631669076_26,1
80.0,:cluster_5372642442_631668976_631668981_631669076_45,2
80.0,:cluster_9383263990_9383263991_9383263992_9383263993_13,1
80.0,E0,1
100.0,-300077497#5,1
100.0,-300077497#8,1
100.0,-35274074#2,3
100.0,-360018417,1
100.0,-51362430,6
100.0,-593847703#3,5
100.0,-594658757#2,1
100.0,-E0,19
100.0,1068234498#0,21
100.0,1068234499#0,7
100.0,1068440001,4
100.0,1068440004#1,23
100.0,1068440006#0,3
100.0,1334904386#0,2
100.0,182334378#0,18
100.0,186602412#0,1
100.0,196961377#0,12
100.0,238526531#0,6
100.0,244450512#1,2
100.0,260881642#0,3
100.0,263217603#0,2
100.0,263217604#0,1
100.0,288135626#0,3
100.0,288135628#0,1
100.0,288878926#0,3
100.0,300077497#0,2
100.0,30620492#0,18
100.0,30620492#1,5
100.0,35274074#0,1
100.0,484988951#0,4
100.0,48794887#0,1
100.0,49073226#2,1
100.0,49073272#1,1
100.0,49073272#4,3
100.0,49695736#0,8
100.0,506322842#0,5
100.0,506322844#0,3
100.0,506322846#0,5
100.0,506322846#2,4
100.0,506322851#0,2
100.0,51362429#0,15
100.0,593844221#0,1
100.0,593847702#0,6
100.0,593847704#0,1
100.0,593847705,1
100.0,593849711#2,14
100.0,593849718#0,2
100.0,594658760#0,4
100.0,594658762#0,9
100.0,668037874,3
100.0,:1973482489_3,1
100.0,:2444664370_0,1
100.0,:3208478121_0,1
100.0,:655375233_8,4
100.0,:655375238_5,1
100.0,:655375239_5,1
100.0,:656132414_2,1
100.0,:cluster11510670762_4554226152_0,1
100.0,:cluster619136880_619136881_cluster_4510442270_5296993511_5296993513_619136931_#1more_12,1
100.0,:cluster619136880_619136881_cluster_4510442270_5296993511_5296993513_619136931_#1more_8,1
100.0,:cluster655375336_end_0_655375336_end_1_655375336_end_10_655375336_end_11_#8more_12,3
100.0,:cluster655375336_end_0_655375336_end_1_655375336_end_10_655375336_end_11_#8more_25,4
100.0,:cluster_2038168688_655375573_17,1
100.0,:cluster_2038168688_655375573_21,1
100.0,:cluster_2528018119_655375236_12,2
100.0,:cluster_2528018119_655375236_20,1
100.0,:cluster_2528018119_655375236_28,1
100.0,:cluster_2528018119_655375236_32,1
100.0,:cluster_2664674491_655375287_655375288_5,1
100.0,:cluster_3208478133_655375293_655375296_9631728504_#1more_8,3
100.0,:cluster_5372642442_631668976_631668981_631669076_36,1
100.0,:cluster_5372642442_631668976_631668981_631669076_47,2
100.0,:cluster_623980147_623980152_4,1
100.0,:cluster_9383263990_9383263991_9383263992_9383263993_7,1
100.0,E0,2
120.0,-300077497#5,10
120.0,-35274074#2,9
120.0,-51362430,8
120.0,-593847703#3,7
120.0,-594658757#2,3
120.0,-E0,19
120.0,1068234498#0,28
120.0,1068234499#0,10
120.0,1068440001,6
120.0,1068440004#1,25
120.0,182334378#0,19
120.0,196961377#0,19
120.0,232003903#0,2
120.0,244450512#1,2
120.0,260881642#0,2
120.0,263217603#0,2
120.0,263217604#0,1
120.0,288135628#0,1
120.0,288878926#0,5
120.0,300077497#0,9
120.0,303647015#0,2
120.0,30620492#0,18
120.0,30620492#1,5
120.0,35274074#0,1
120.0,484988951#0,4
120.0,48794887#0,2
120.0,49073272#3,1
120.0,49073272#4,1
120.0,49695736#0,7
120.0,506322842#0,6
120.0,506322844#0,2
120.0,506322846#0,2
120.0,506322846#2,5
120.0,506322851#0,4
120.0,506322853#0,2
120.0,51362429#0,16
120.0,51392936#0,1
120.0,593844221#0,2
120.0,593847702#0,8
120.0,593847705,1
120.0,593849711#2,17
120.0,594658760#0,2
120.0,594658762#0,14
120.0,668037874,1
120.0,:2444664370_0,2
120.0,:655375238_1,1
120.0,:655375239_5,1
120.0,:656132414_2,1
120.0,:cluster11510670762_4554226152_0,1
120.0,:cluster3086736522_655375108_655375247_655375401_#1more_11,1
120.0,:cluster619136880_619136881_cluster_4510442270_5296993511_5296993513_619136931_#1more_12,1
120.0,:cluster622618015_622618108_622618112_622618144_#2more_39,1
120.0,:cluster655375336_end_0_655375336_end_1_655375336_end_10_655375336_end_11_#8more_16,1
120.0,:cluster655375336_end_0_655375336_end_1_655375336_end_10_655375336_end_11_#8more_18,1
120.0,:cluster655375336_end_0_655375336_end_1_655375336_end_10_655375336_end_11_#8more_47,1
120.0,:cluster_2038168688_655375573_17,1
120.0,:cluster_2038168688_655375573_30,1
120.0,:cluster_2528018119_655375236_12,2
120.0,:cluster_2528018119_655375236_20,1
120.0,:cluster_2528018119_655375236_28,1
120.0,:cluster_3208478133_655375293_655375296_9631728504_#1more_8,5
120.0,:cluster_5372642442_631668976_631668981_631669076_47,1
120.0,E0,1
140.0,-300077497#5,9
140.0,-35274074#2,11
140.0,-360018417,5
140.0,-51362430,13
140.0,-593847703#3,11
140.0,-E0,18
140.0,1068234498#0,36
140.0,1068234499#0,10
140.0,1068440001,6
140.0,1068440004#1,33
140.0,182334378#0,21
140.0,196961377#0,18
140.0,244450512#1,2
140.0,263217603#0,1
140.0,263217604#0,1
140.0,288135626#0,1
140.0,288135628#0,1
140.0,288878926#0,5
140.0,300077497#0,9
140.0,303647015#0,3
140.0,30620492#0,18
140.0,30620492#1,5
140.0,314800955,1
140.0,35274074#0,4
140.0,360018417,1
140.0,484988951#0,4
140.0,48794887#0,2
140.0,49073272#4,2
140.0,49695736#0,10
140.0,506322840#0,1
140.0,506322842#0,6
140.0,506322844#0,6
140.0,506322846#0,4
140.0,506322846#2,6
140.0,506322851#0,2
140.0,506322851#2,1
140.0,506322853#0,4
140.0,51362429#0,13
140.0,51362430,3
140.0,593847702#0,8
140.0,593847703#0,1
140.0,593847705,1
140.0,593849711#2,18
140.0,594658760#0,2
140.0,594658762#0,18
140.0,668037874,1
140.0,:2444664370_0,2
140.0,:3086736518_0,1
140.0,:3086736518_6,1
140.0,:655375232_2,2
140.0,:655375233_0,1
140.0,:655375238_1,1
140.0,:656132414_2,1
140.0,:cluster11510670762_4554226152_0,2
140.0,:cluster619136880_619136881_cluster_4510442270_5296993511_5296993513_619136931_#1more_12,1
140.0,:cluster619136880_619136881_cluster_4510442270_5296993511_5296993513_619136931_#1more_8,1
140.0,:cluster655375228_655375240_0,1
140.0,:cluster655375228_655375240_13,1
140.0,:cluster655375336_end_0_655375336_end_1_655375336_end_10_655375336_end_11_#8more_12,1
140.0,:cluster655375336_end_0_655375336_end_1_655375336_end_10_655375336_end_11_#8more_40,1
140.0,:cluster_2038168688_655375573_24,1
140.0,:cluster_2038168688_655375573_3,1
140.0,:cluster_2528018119_655375236_17,2
140.0,E0,1
160.0,-300077497#5,3
160.0,-35274074#2,11
160.0,-360018417,5
160.0,-51362429#1,1
160.0,-51362430,15
160.0,-593847703#3,17
160.0,-593847704#2,2
160.0,-594658757#2,4
160.0,-E0,19
160.0,1068234498#0,24
160.0,1068234499#0,12
160.0,1068440001,10
160.0,1068440004#1,33
160.0,1334904386#0,4
160.0,1334905223#0,2
160.0,182334378#0,13
160.0,186602412#0,3
160.0,196961377#0,23
160.0,196961377#3,1
160.0,238526531#0,3
160.0,244450512#1,2
160.0,288135626#0,7
160.0,288135628#0,1
160.0,300077497#0,3
160.0,30620492#0,18
160.0,30620492#1,5
160.0,35274074#0,4
160.0,484988951#0,4
160.0,48794887#0,2
160.0,49695736#0,10
160.0,506322840#0,1
160.0,506322842#0,9
160.0,506322844#0,6
160.0,506322846#0,5
160.0,506322846#2,12
160.0,506322853#0,7
160.0,51362429#0,13
160.0,51392936#0,1
160.0,593847702#0,8
160.0,593847703#0,5
160.0,593847705,1
160.0,593849711#0,1
160.0,593849711#2,14
160.0,594658760#0,3
160.0,594658762#0,16
160.0,668037874,1
160.0,:1973482489_3,1
160.0,:2444664370_0,1
160.0,:3086736518_0,1
160.0,:3086736518_6,1
160.0,:655375232_11,1
160.0,:655375232_2,2
160.0,:655375232_6,2
160.0,:cluster11510670762_4554226152_0,2
160.0,:cluster619136880_619136881_cluster_4510442270_5296993511_5296993513_619136931_#1more_12,1
160.0,:cluster619136880_619136881_cluster_4510442270_5296993511_5296993513_619136931_#1more_8,1
160.0,:cluster655375228_655375240_0,1
160.0,:cluster655375336_end_0_655375336_end_1_655375336_end_10_655375336_end_11_#8more_12,2
160.0,:cluster_2038168688_655375573_23,1
160.0,:cluster_2038168688_655375573_3,1
160.0,:cluster_2528018119_655375236_17,1
160.0,:cluster_2528018119_655375236_19,1
160.0,:cluster_2528018119_655375236_3,1
160.0,:cluster_5372642442_631668976_631668981_631669076_22,1
160.0,:cluster_5372642442_631668976_631668981_631669076_45,2
160.0,E0,2
180.0,-300077497#5,2
180.0,-35274074#2,9
180.0,-360018417,5
180.0,-51362429#1,1
180.0,-51362430,18
180.0,-593847703#3,11
180.0,-594658757#2,9
180.0,-E0,19
180.0,1068234498#0,21
180.0,1068234499#0,12
180.0,1068440001,10
180.0,1068440004#1,33
180.0,1068440006#0,3
180.0,1334904386#0,6
180.0,1334905223#0,2
180.0,182334378#0,12
180.0,186602412#0,5
180.0,196961377#0,26
180.0,238526531#0,9
180.0,244450512#1,2
180.0,263217603#0,1
180.0,288135626#0,11
180.0,288135628#0,1
180.0,300077497#0,2
180.0,300077497#6,4
180.0,30620492#0,18
180.0,30620492#1,5
180.0,35274074#0,2
180.0,484988951#0,3
180.0,48794887#0,1
180.0,49073226#2,4
180.0,49695736#0,10
180.0,506322840#0,1
180.0,506322842#0,13
180.0,506322844#0,6
180.0,506322846#0,4
180.0,506322846#2,19
180.0,506322853#0,7
180.0,51362429#0,16
180.0,593847702#0,8
180.0,593847705,1
180.0,593849711#2,13
180.0,594658760#0,3
180.0,594658762#0,14
180.0,668037874,4
180.0,:1973482489_3,1
180.0,:2444664370_0,2
180.0,:3086736518_0,1
180.0,:3086736518_4,1
180.0,:3086736518_6,1
180.0,:655375232_2,2
180.0,:655375232_8,1
180.0,:655375233_4,4
180.0,:cluster11510670762_4554226152_0,2
180.0,:cluster655375336_end_0_655375336_end_1_655375336_end_10_655375336_end_11_#8more_40,1
180.0,:cluster_3431431575_4777363357_655375231_6982059025_5,1
180.0,:cluster_5372642442_631668976_631668981_631669076_45,2
180.0,E0,1
200.0,-1334905223#2,2
200.0,-300077497#5,6
200.0,-35274074#2,11
200.0,-51362429#1,5
200.0,-51362430,19
200.0,-593847703#3,13
200.0,-594658757#2,11
200.0,-E0,19
200.0,1068234498#0,25
200.0,1068234499#0,9
200.0,1068440001,10
200.0,1068440004#1,27
200.0,1068440006#0,2
200.0,1239087514,1
200.0,182334378#0,18
200.0,186602412#0,3
200.0,196961377#0,29
200.0,232003903#0,1
200.0,244450512#1,2
200.0,263217603#0,2
200.0,263217604#0,2
200.0,288135626#0,12
200.0,288135628#0,1
200.0,300077497#0,6
200.0,300077497#6,4
200.0,303647015#0,6
200.0,30620492#0,18
200.0,30620492#1,5
200.0,314800955,1
200.0,35274074#0,3
200.0,484988951#0,4
200.0,48794887#0,1
200.0,49073226#2,5
200.0,49073272#4,5
200.0,49695736#0,3
200.0,506322840#0,2
200.0,506322842#0,5
200.0,506322844#0,2
200.0,506322846#0,6
200.0,506322846#2,4
200.0,506322848#0,1
200.0,506322851#0,3
200.0,506322853#0,7
200.0,51362429#0,17
200.0,51362430,1
200.0,593847704#0,1
200.0,593847705,1
200.0,593849711#2,15
200.0,593849718#0,4
200.0,594658760#0,3
200.0,594658762#0,19
200.0,668037874,4
200.0,:1973482489_4,1
200.0,:2444664370_0,3
200.0,:3086736518_0,1
200.0,:3086736518_6,1
200.0,:655375232_2,2
200.0,:655375233_4,1
200.0,:655375233_8,6
200.0,:655375238_6,1
200.0,:655375239_6,1
200.0,:655375241_0,2
200.0,:cluster11510670762_4554226152_0,2
200.0,:cluster3086736522_655375108_655375247_655375401_#1more_8,1
200.0,:cluster_2038168688_655375573_17,1
200.0,:cluster_2038168688_655375573_21,1
200.0,:cluster_2038168688_655375573_9,1
200.0,:cluster_2528018119_655375236_12,2
200.0,:cluster_2528018119_655375236_20,1
200.0,:cluster_3431431575_4777363357_655375231_6982059025_3,1
200.0,:cluster_5372642442_631668976_631668981_631669076_33,1
200.0,:cluster_9383263990_9383263991_9383263992_9383263993_7,1
200.0,E0,2
220.0,-1334905223#2,1
220.0,-300077497#5,8
220.0,-35274074#2,12
220.0,-360018417,2
220.0,-51362429#1,4
220.0,-51362430,19
220.0,-593847703#3,15
220.0,-594658757#2,5
220.0,-E0,19
220.0,1068234498#0,32
220.0,1068234499#0,9
220.0,1068440001,10
220.0,1068440004#1,29
220.0,182334378#0,22
220.0,196961377#0,23
220.0,196961377#3,2
220.0,244450512#1,2
220.0,263217603#0,2
220.0,263217604#0,4
220.0,288135626#0,11
220.0,288135628#0,1
220.0,300077497#0,6
220.0,303647015#0,4
220.0,30620492#0,18
220.0,30620492#1,5
220.0,35274074#0,8
220.0,484988951#0,5
220.0,48794887#0,2
220.0,49073226#2,7
220.0,49073272#4,1
220.0,506322842#0,4
220.0,506322844#0,6
220.0,506322846#0,1
220.0,506322846#2,2
220.0,506322851#0,5
220.0,506322851#2,2
220.0,506322853#0,11
220.0,51362429#0,17
220.0,51362430,4
220.0,593847705,1
220.0,593849711#2,16
220.0,593849718#0,1
220.0,594658760#0,2
220.0,594658762#0,24
220.0,668037874,4
220.0,:1973482489_4,1
220.0,:2444664370_0,3
220.0,:3086736518_0,1
220.0,:3086736518_6,1
220.0,:619136999_2,1
220.0,:655375232_2,2
220.0,:655375233_4,1
220.0,:655375233_8,7
220.0,:655375238_1,1
220.0,:655375239_3,1
220.0,:cluster11510670762_4554226152_0,2
220.0,:cluster3086736522_655375108_655375247_655375401_#1more_11,2
220.0,:cluster_2528018119_655375236_29,2
220.0,:cluster_5372642442_631668976_631668981_631669076_36,1
220.0,:cluster_5372642442_631668976_631668981_631669076_47,1
220.0,E0,1
240.0,-300077497#5,6
240.0,-35274074#2,12
240.0,-360018417,5
240.0,-51362429#1,4
240.0,-51362430,19
240.0,-593847703#3,17
240.0,-E0,19
240.0,1068234498#0,30
240.0,1068234499#0,14
240.0,1068440001,5
240.0,1068440004#1,33
240.0,1334905223#0,2
240.0,182334378#0,22
240.0,196961377#0,20
240.0,238526531#0,1
240.0,244450512#1,2
240.0,260881642#0,3
240.0,263217603#0,1
240.0,288135626#0,13
240.0,288135628#0,1
240.0,300077497#6,3
240.0,303647015#0,5
240.0,30620492#0,18
240.0,30620492#1,5
240.0,35274074#0,2
240.0,360843888,1
240.0,484988951#0,5
240.0,48794887#0,2
240.0,49073226#2,7
240.0,49695736#0,2
240.0,506322842#0,5
240.0,506322844#0,6
240.0,506322846#0,8
240.0,506322846#2,3
240.0,506322853#0,18
240.0,51362429#0,16
240.0,51362430,4
240.0,593844221#0,1
240.0,593849711#2,16
240.0,594658757#0,1
240.0,594658760#0,3
240.0,594658762#0,23
240.0,668037874,4
240.0,:2444664370_0,1
240.0,:3086736518_0,1
240.0,:3086736518_6,1
240.0,:655375232_2,3
240.0,:655375233_0,1
240.0,:655375233_4,1
240.0,:655375233_8,7
240.0,:655375238_0,1
240.0,:cluster11510670762_4554226152_0,1
240.0,:cluster3086736522_655375108_655375247_655375401_#1more_17,1
240.0,:cluster622618015_622618108_622618112_622618144_#2more_49,2
240.0,:cluster655375228_655375240_0,2
240.0,:cluster_2038168688_655375573_24,1
240.0,:cluster_2038168688_655375573_3,2
240.0,:cluster_2664674491_655375287_655375288_5,1
240.0,:cluster_3208478133_655375293_655375296_9631728504_#1more_8,5
240.0,:cluster_5372642442_631668976_631668981_631669076_45,3
240.0,E0,2
260.0,-300077497#5,3
260.0,-35274074#2,11
260.0,-360018417,5
260.0,-51362429#1,4
260.0,-51362430,17
260.0,-593847703#3,18
260.0,-E0,19
260.0,1068234498#0,23
260.0,1068234499#0,15
260.0,1068440001,4
260.0,1068440004#1,33
260.0,1334905223#0,2
260.0,182334378#0,21
260.0,186602412#0,4
260.0,196961377#0,26
260.0,232003903#0,1
260.0,238526531#0,9
260.0,244450512#1,3
260.0,260881642#0,3
260.0,263217603#0,1
260.0,288135626#0,12
260.0,288135628#0,1
260.0,300077497#6,5
260.0,30620492#0,18
260.0,30620492#1,5
260.0,360843888,2
260.0,484988951#0,5
260.0,48794887#0,1
260.0,49073226#2,7
260.0,49695736#0,7
260.0,506322840#0,1
260.0,506322842#0,8
260.0,506322844#0,6
260.0,506322846#0,6
260.0,506322846#2,4
260.0,506322853#0,18
260.0,51362429#0,15
260.0,51362430,2
260.0,593849711#2,16
260.0,594658757#0,1
260.0,594658760#0,3
260.0,594658762#0,19
260.0,668037874,4
260.0,:1973482489_8,1
260.0,:2444664370_0,1
260.0,:3086736518_0,2
260.0,:3086736518_6,1
260.0,:655375232_2,5
260.0,:655375233_0,1
260.0,:655375233_4,1
260.0,:655375233_8,7
260.0,:656132414_2,1
260.0,:cluster655375228_655375240_0,1
260.0,:cluster655375228_655375240_2,1
260.0,:cluster655375336_end_0_655375336_end_1_655375336_end_10_655375336_end_11_#8more_10,2
260.0,:cluster655375336_end_0_655375336_end_1_655375336_end_10_655375336_end_11_#8more_25,2
260.0,:cluster_2528018119_655375236_17,1
260.0,:cluster_3208478133_655375293_655375296_9631728504_#1more_8,3
260.0,:cluster_5372642442_631668976_631668981_631669076_45,2
260.0,E0,2
280.0,-300077497#5,4
280.0,-300077497#8,1
280.0,-35274074#2,12
280.0,-360018417,1
280.0,-51362429#1,8
280.0,-51362430,10
280.0,-593847703#3,21
280.0,-E0,19
280.0,1068234498#0,27
280.0,1068234499#0,9
280.0,1068440001,3
280.0,1068440004#1,33
280.0,182334378#0,22
280.0,182334379#0,1
280.0,186602412#0,5
280.0,196961377#0,27
280.0,232003903#0,1
280.0,238526531#0,8
280.0,244450512#1,2
280.0,260881642#0,4
280.0,263217603#0,1
280.0,263217604#0,1
280.0,288135626#0,13
280.0,288135628#0,1
280.0,300077497#0,2
280.0,300077497#6,5
280.0,30620492#0,18
280.0,30620492#1,5
280.0,314800955,1
280.0,360843888,2
280.0,484988951#0,4
280.0,48794887#0,1
280.0,49073226#2,7
280.0,49073272#4,3
280.0,49695736#0,8
280.0,506322842#0,9
280.0,506322844#0,1
280.0,506322846#0,3
280.0,506322846#2,2
280.0,506322848#0,4
280.0,506322853#0,18
280.0,51362429#0,16
280.0,51362430,1
280.0,593847702#0,1
280.0,593849711#2,12
280.0,594658757#0,1
280.0,594658760#0,4
280.0,594658762#0,22
280.0,668037874,4
280.0,:2444664370_0,1
280.0,:3086736518_0,2
280.0,:3086736518_6,1
280.0,:3208478121_0,1
280.0,:655375232_2,5
280.0,:655375232_6,1
280.0,:655375232_8,1
280.0,:655375233_0,1
280.0,:655375233_4,2
280.0,:655375233_8,6
280.0,:655375238_5,1
280.0,:655375239_5,1
280.0,:656132414_2,1
280.0,:cluster11510670762_4554226152_0,1
280.0,:cluster655375336_end_0_655375336_end_1_655375336_end_10_655375336_end_11_#8more_10,2
280.0,:cluster655375336_end_0_655375336_end_1_655375336_end_10_655375336_end_11_#8more_25,3
280.0,:cluster_2038168688_655375573_21,1
280.0,:cluster_2528018119_655375236_12,2
280.0,:cluster_2528018119_655375236_20,1
280.0,:cluster_2528018119_655375236_28,1
280.0,:cluster_2528018119_655375236_33,1
280.0,:cluster_2528018119_655375236_8,1
280.0,:cluster_3208478133_655375293_655375296_9631728504_#1more_8,2
280.0,:cluster_3431431575_4777363357_655375231_6982059025_5,1
280.0,:cluster_9383263990_9383263991_9383263992_9383263993_7,1
280.0,E0,1
300.0,-1334905223#2,1
300.0,-300077497#5,10
300.0,-35274074#2,12
300.0,-51362429#1,9
300.0,-51362430,10
300.0,-593847703#3,22
300.0,-594658757#2,1
300.0,-E0,19
300.0,1068234498#0,31
300.0,1068234499#0,11
300.0,1068440001,6
300.0,1068440004#1,32
300.0,1334904386#0,3
300.0,182334378#0,20
300.0,182334379#0,1
300.0,196961377#0,27
300.0,232003903#0,1
300.0,238526531#0,7
300.0,244450512#1,3
300.0,260881642#0,2
300.0,263217604#0,2
300.0,288135626#0,11
300.0,288135628#0,1
300.0,300077497#0,7
300.0,300077497#6,5
300.0,30620492#0,18
300.0,30620492#1,5
300.0,35274074#0,1
300.0,360843888,2
300.0,484988951#0,5
300.0,48794887#0,1
300.0,49073226#2,8
300.0,49695736#0,5
300.0,506322842#0,12
300.0,506322844#0,3
300.0,506322846#0,1
300.0,506322846#2,4
300.0,506322851#0,1
300.0,506322853#0,18
300.0,51362429#0,17
300.0,593844221#0,2
300.0,593847702#0,5
300.0,593847703#0,1
300.0,593849711#2,15
300.0,594658757#0,1
300.0,594658760#0,4
300.0,594658762#0,28
300.0,668037874,4
300.0,:2444664370_0,2
300.0,:3086736518_0,2
300.0,:3086736518_4,1
300.0,:3086736518_6,1
300.0,:655375232_2,5
300.0,:655375232_6,1
300.0,:655375233_8,3
300.0,:655375238_1,1
300.0,:655375238_5,1
300.0,:655375241_0,1
300.0,:cluster11510670762_4554226152_0,1
300.0,:cluster_2038168688_655375573_30,1
300.0,:cluster_2528018119_655375236_12,2
300.0,:cluster_2528018119_655375236_20,1
300.0,:cluster_2528018119_655375236_25,1
300.0,:cluster_3208478133_655375293_655375296_9631728504_#1more_8,4
300.0,:cluster_3431431575_4777363357_655375231_6982059025_3,1
300.0,:cluster_5372642442_631668976_631668981_631669076_33,2
300.0,E0,1
320.0,-300077497#5,11
320.0,-35274074#2,12
320.0,-360018417,5
320.0,-51362429#1,9
320.0,-51362430,14
320.0,-593847703#3,24
320.0,-E0,19
320.0,1068234498#0,35
320.0,1068234499#0,13
320.0,1068440001,7
320.0,1068440004#1,23
320.0,1334904386#0,3
320.0,182334378#0,18
320.0,182334379#0,1
320.0,196961377#0,20
320.0,238526531#0,7
320.0,244450512#1,3
320.0,244450512#4,1
320.0,244450512#5,1
320.0,263217604#0,2
320.0,288135626#0,10
320.0,300077497#0,7
320.0,303647015#0,1
320.0,30620492#0,18
320.0,30620492#1,5
320.0,35274074#0,4
320.0,484988951#0,5
320.0,49073226#2,8
320.0,49073272#4,2
320.0,49695736#0,2
320.0,506322842#0,10
320.0,506322844#0,6
320.0,506322846#0,1
320.0,506322846#2,3
320.0,506322851#0,3
320.0,506322853#0,19
320.0,51362429#0,17
320.0,51362430,1
320.0,593844221#0,1
320.0,593847702#0,18
320.0,593849711#2,16
320.0,594658757#0,1
320.0,594658760#0,4
320.0,594658762#0,26
320.0,668037874,4
320.0,:1973482489_4,1
320.0,:2444664370_0,2
320.0,:3086736518_0,2
320.0,:3086736518_4,1
320.0,:3086736518_6,1
320.0,:655375232_2,5
320.0,:655375232_6,1
320.0,:655375238_6,1
320.0,:656132414_2,1
320.0,:cluster11510670762_4554226152_0,2
320.0,:cluster655375228_655375240_0,1
320.0,:cluster655375228_655375240_2,1
320.0,:cluster655375336_end_0_655375336_end_1_655375336_end_10_655375336_end_11_#8more_10,2
320.0,:cluster655375336_end_0_655375336_end_1_655375336_end_10_655375336_end_11_#8more_25,3
320.0,:cluster_2038168688_655375573_23,1
320.0,:cluster_2038168688_655375573_30,1
320.0,:cluster_2038168688_655375573_6,2
320.0,:cluster_3208478133_655375293_655375296_9631728504_#1more_8,1
320.0,:cluster_3431431575_4777363357_655375231_6982059025_3,1
340.0,-300077497#5,11
340.0,-35274074#2,11
340.0,-360018417,5
340.0,-51362429#1,7
340.0,-51362430,17
340.0,-593847703#3,24
340.0,-593847704#2,1
340.0,-594658757#2,2
340.0,-E0,19
340.0,1068234498#0,24
340.0,1068234499#0,16
340.0,1068440001,9
340.0,1068440004#1,31
340.0,1334904386#0,6
340.0,1334905223#0,1
340.0,182334378#0,13
340.0,186602412#0,2
340.0,196961377#0,22
340.0,238526531#0,12
340.0,244450512#1,3
340.0,244450512#4,1
340.0,244450512#5,2
340.0,263217603#0,1
340.0,288135626#0,13
340.0,288878926#0,4
340.0,300077497#6,2
340.0,30620492#0,18
340.0,30620492#1,5
340.0,35274074#0,4
340.0,484988951#0,5
340.0,49073226#2,4
340.0,49695736#0,7
340.0,506322840#0,1
340.0,506322842#0,10
340.0,506322844#0,6
340.0,506322846#0,4
340.0,506322846#2,5
340.0,506322851#2,3
340.0,506322853#0,19
340.0,51362429#0,17
340.0,51362430,1
340.0,593847702#0,18
340.0,593849711#2,16
340.0,594658757#0,2
340.0,594658760#0,4
340.0,594658762#0,17
340.0,668037874,3
340.0,:2444664370_0,1
340.0,:3086736518_0,2
340.0,:3086736518_4,1
340.0,:3086736518_6,1
340.0,:655375232_2,5
340.0,:655375232_6,1
340.0,:655375238_3,1
340.0,:cluster11510670762_4554226152_0,2
340.0,:cluster619136880_619136881_cluster_4510442270_5296993511_5296993513_619136931_#1more_12,1
340.0,:cluster619136880_619136881_cluster_4510442270_5296993511_5296993513_619136931_#1more_8,1
340.0,:cluster655375228_655375240_0,1
340.0,:cluster655375228_655375240_13,1
340.0,:cluster655375336_end_0_655375336_end_1_655375336_end_10_655375336_end_11_#8more_10,1
340.0,:cluster655375336_end_0_655375336_end_1_655375336_end_10_655375336_end_11_#8more_12,1
340.0,:cluster_2038168688_655375573_23,1
340.0,:cluster_2038168688_655375573_30,1
340.0,:cluster_2038168688_655375573_6,2
340.0,:cluster_3431431575_4777363357_655375231_6982059025_3,2
340.0,:cluster_5372642442_631668976_631668981_631669076_45,2
340.0,:cluster_9383263990_9383263991_9383263992_9383263993_19,1
360.0,-300077497#5,8
360.0,-35274074#2,11
360.0,-360018417,5
360.0,-51362430,19
360.0,-593847703#3,27
360.0,-594658757#2,5
360.0,-E0,19
360.0,1068234498#0,18
360.0,1068234499#0,17
360.0,1068440001,9
360.0,1068440004#1,33
360.0,1068440006#0,1
360.0,1334904386#0,10
360.0,182334378#0,9
360.0,186602412#0,5
360.0,196961377#0,25
360.0,238526531#0,19
360.0,244450512#1,3
360.0,244450512#5,3
360.0,263217603#0,1
360.0,288135626#0,13
360.0,288878926#0,8
360.0,300077497#6,4
360.0,30620492#0,17
360.0,30620492#1,5
360.0,484988951#0,3
360.0,49073226#2,5
360.0,49695736#0,7
360.0,506322840#0,2
360.0,506322842#0,10
360.0,506322844#0,6
360.0,506322846#0,5
360.0,506322846#2,6
360.0,506322851#2,3
360.0,506322853#0,19
360.0,51362429#0,11
360.0,593847702#0,18
360.0,593847703#0,10
360.0,593849711#2,16
360.0,594658757#0,2
360.0,594658760#0,4
360.0,594658762#0,9
360.0,668037874,5
360.0,:1973482489_3,1
360.0,:2444664370_0,1
360.0,:3086736518_0,1
360.0,:3086736518_4,1
360.0,:3086736518_6,1
360.0,:655375233_0,1
360.0,:cluster11510670762_4554226152_0,2
360.0,:cluster655375228_655375240_13,1
360.0,:cluster655375336_end_0_655375336_end_1_655375336_end_10_655375336_end_11_#8more_12,1
360.0,:cluster655375336_end_0_655375336_end_1_655375336_end_10_655375336_end_11_#8more_40,2
360.0,:cluster_3431431575_4777363357_655375231_6982059025_3,1
360.0,:cluster_3431431575_4777363357_655375231_6982059025_7,2
360.0,:cluster_5372642442_631668976_631668981_631669076_22,1
360.0,:cluster_5372642442_631668976_631668981_631669076_45,2
360.0,:cluster_623980147_623980152_9,1
380.0,-1334905223#2,1
380.0,-300077497#5,15
380.0,-300077497#8,1
380.0,-35274074#2,12
380.0,-51362429#1,3
380.0,-51362430,19
380.0,-593847703#3,25
380.0,-594658757#2,7
380.0,-E0,19
380.0,1068234498#0,20
380.0,1068234499#0,15
380.0,1068440001,9
380.0,1068440004#1,33
380.0,1068440006#0,1
380.0,1239087514,1
380.0,1334904386#0,1
380.0,182334378#0,16
380.0,186602412#0,4
380.0,196961377#0,27
380.0,238526531#0,16
380.0,244450512#1,3
380.0,244450512#5,3
380.0,263217603#0,1
380.0,263217604#0,1
380.0,288135626#0,12
380.0,288878926#0,13
380.0,300077497#0,6
380.0,300077497#6,4
380.0,303647015#0,7
380.0,30620492#0,18
380.0,30620492#1,5
380.0,484988951#0,4
380.0,49073226#2,7
380.0,49073272#4,5
380.0,506322842#0,8
380.0,506322844#0,2
380.0,506322846#0,1
380.0,506322846#2,2
380.0,506322851#0,2
380.0,506322851#2,4
380.0,506322853#0,19
380.0,51362429#0,15
380.0,593847703#0,11
380.0,593849711#2,10
380.0,593849718#0,8
380.0,594658757#0,2
380.0,594658760#0,4
380.0,594658762#0,9
380.0,668037874,3
380.0,:2444664370_0,2
380.0,:3086736518_0,1
380.0,:3086736518_6,1
380.0,:655375232_8,1
380.0,:655375233_4,2
380.0,:655375239_5,1
380.0,:655375241_0,2
380.0,:cluster11510670762_4554226152_0,2
380.0,:cluster3086736522_655375108_655375247_655375401_#1more_8,3
380.0,:cluster622618015_622618108_622618112_622618144_#2more_31,6
380.0,:cluster_2038168688_655375573_30,1
380.0,:cluster_2528018119_655375236_12,2
380.0,:cluster_2528018119_655375236_20,1
380.0,:cluster_2528018119_655375236_8,1
380.0,:cluster_9383263990_9383263991_9383263992_9383263993_7,1
400.0,-1334905223#2,1
400.0,-300077497#5,18
400.0,-35274074#2,12
400.0,-360018417,2
400.0,-51362429#1,6
400.0,-51362430,19
400.0,-593847703#3,24
400.0,-594658757#2,3
400.0,-E0,19
400.0,1068234498#0,26
400.0,1068234499#0,11
400.0,1068440001,9
400.0,1068440004#1,33
400.0,1239087514,1
400.0,1334904386#0,1
400.0,182334378#0,21
400.0,196961377#0,23
400.0,238526531#0,14
400.0,244450512#1,3
400.0,244450512#5,3
400.0,263217603#0,1
400.0,263217604#0,2
400.0,288135626#0,12
400.0,288878926#0,13
400.0,300077497#0,8
400.0,303647015#0,4
400.0,30620492#0,18
400.0,30620492#1,5
400.0,35274074#0,3
400.0,484988951#0,5
400.0,49073226#2,8
400.0,49073272#4,1
400.0,506322842#0,8
400.0,506322844#0,6
400.0,506322846#2,2
400.0,506322848#0,1
400.0,506322851#2,6
400.0,506322853#0,18
400.0,51362429#0,15
400.0,593847702#0,1
400.0,593847703#0,11
400.0,593849711#2,15
400.0,594658757#0,2
400.0,594658760#0,4
400.0,594658762#0,9
400.0,668037874,4
400.0,:2444664370_0,2
400.0,:3086736518_0,1
400.0,:3086736518_6,1
400.0,:619136999_2,1
400.0,:655375238_1,1
400.0,:655375238_6,1
400.0,:655375239_3,1
400.0,:cluster11510670762_4554226152_0,2
400.0,:cluster3086736522_655375108_655375247_655375401_#1more_11,2
400.0,:cluster_2038168688_655375573_30,1
400.0,:cluster_2528018119_655375236_29,1
420.0,-300077497#5,18
420.0,-35274074#2,12
420.0,-360018417,5
420.0,-51362429#1,6
420.0,-51362430,19
420.0,-593847703#3,24
420.0,-593847704#2,1
420.0,-E0,19
420.0,1068234498#0,26
420.0,1068234499#0,14
420.0,1068440001,6
420.0,1068440004#1,21
420.0,1239087514,1
420.0,1334904386#0,1
420.0,1334905223#0,2
420.0,182334378#0,23
420.0,196961377#0,20
420.0,238526531#0,16
420.0,244450512#1,2
420.0,260881642#0,3
420.0,263217603#0,1
420.0,288135626#0,11
420.0,288878926#0,11
420.0,300077497#0,7
420.0,300077497#6,3
420.0,303647015#0,4
420.0,30620492#0,18
420.0,30620492#1,5
420.0,360843888,1
420.0,484988951#0,4
420.0,49073226#2,8
420.0,506322840#0,1
420.0,506322842#0,8
420.0,506322844#0,7
420.0,506322846#0,4
420.0,506322846#2,2
420.0,506322848#0,1
420.0,506322851#2,5
420.0,506322853#0,19
420.0,51362429#0,16
420.0,51362430,2
420.0,593844221#0,1
420.0,593847702#0,13
420.0,593847703#0,2
420.0,593849711#0,1
420.0,593849711#2,16
420.0,594658757#0,2
420.0,594658760#0,5
420.0,594658762#0,3
420.0,668037874,4
420.0,:2444664370_0,1
420.0,:3086736518_0,1
420.0,:3086736518_6,1
420.0,:655375238_0,1
420.0,:cluster11510670762_4554226152_0,1
420.0,:cluster655375228_655375240_0,1
420.0,:cluster_2038168688_655375573_3,1
420.0,:cluster_2038168688_655375573_30,1
420.0,:cluster_2038168688_655375573_6,2
420.0,:cluster_2528018119_655375236_3,2
420.0,:cluster_2664674491_655375287_655375288_5,1
420.0,:cluster_3208478133_655375293_655375296_9631728504_#1more_16,1
420.0,:cluster_3208478133_655375293_655375296_9631728504_#1more_8,3
420.0,:cluster_5372642442_631668976_631668981_631669076_45,2
440.0,-300077497#5,18
440.0,-35274074#2,12
440.0,-360018417,5
440.0,-51362429#1,6
440.0,-51362430,16
440.0,-593847703#3,24
440.0,-E0,19
440.0,1068234498#0,23
440.0,1068234499#0,14
440.0,1068440001,7
440.0,1068440004#1,27
440.0,1334904386#0,1
440.0,182334378#0,22
440.0,186602412#0,5
440.0,196961377#0,26
440.0,238526531#0,24
440.0,244450512#1,2
440.0,260881642#0,4
440.0,288135626#0,11
440.0,288878926#0,5
440.0,300077497#0,3
440.0,300077497#6,4
440.0,30620492#0,18
440.0,30620492#1,5
440.0,35274074#0,3
440.0,360843888,1
440.0,484988951#0,5
440.0,49073226#2,8
440.0,506322842#0,8
440.0,506322844#0,7
440.0,506322846#0,2
440.0,506322846#2,2
440.0,506322848#0,1
440.0,506322851#2,5
440.0,506322853#0,19
440.0,51362429#0,17
440.0,51362430,1
440.0,593844221#0,1
440.0,593847702#0,13
440.0,593849711#2,16
440.0,594658757#0,2
440.0,594658760#0,5
440.0,668037874,4
440.0,:2444664370_0,1
440.0,:3086736518_0,1
440.0,:3086736518_6,1
440.0,:655375238_1,1
440.0,:cluster11510670762_4554226152_0,1
440.0,:cluster619136880_619136881_cluster_4510442270_5296993511_5296993513_619136931_#1more_12,1
440.0,:cluster655375336_end_0_655375336_end_1_655375336_end_10_655375336_end_11_#8more_12,2
440.0,:cluster655375336_end_0_655375336_end_1_655375336_end_10_655375336_end_11_#8more_25,2
440.0,:cluster_2038168688_655375573_23,1
440.0,:cluster_2038168688_655375573_3,1
440.0,:cluster_2038168688_655375573_30,1
440.0,:cluster_2038168688_655375573_6,2
440.0,:cluster_3208478133_655375293_655375296_9631728504_#1more_16,1
440.0,:cluster_3208478133_655375293_655375296_9631728504_#1more_8,3
440.0,:cluster_5372642442_631668976_631668981_631669076_22,2
440.0,:cluster_5372642442_631668976_631668981_631669076_45,1
460.0,-300077497#5,19
460.0,-300077497#8,1
460.0,-35274074#2,12
460.0,-360018417,1
460.0,-51362429#1,6
460.0,-51362430,16
460.0,-593847703#3,24
460.0,-594658757#2,3
460.0,-E0,19
460.0,1068234498#0,23
460.0,1068234499#0,12
460.0,1068440001,6
460.0,1068440004#1,33
460.0,1239087514,1
460.0,182334378#0,20
460.0,186602412#0,3
460.0,196961377#0,28
460.0,238526531#0,26
460.0,244450512#1,2
460.0,260881642#0,3
460.0,263217604#0,2
460.0,288135626#0,13
460.0,288878926#0,5
460.0,300077497#0,2
460.0,300077497#6,4
460.0,303647015#0,1
460.0,30620492#0,18
460.0,30620492#1,5
460.0,35274074#0,4
460.0,360843888,1
460.0,484988951#0,3
460.0,49073226#2,8
460.0,49073272#4,3
460.0,49695736#0,1
460.0,506322842#0,8
460.0,506322844#0,3
460.0,506322846#0,2
460.0,506322846#2,3
460.0,506322848#0,1
460.0,506322851#2,5
460.0,506322853#0,19
460.0,51362429#0,9
460.0,51362430,1
460.0,593844221#0,1
460.0,593847702#0,5
460.0,593847703#0,4
460.0,593847704#0,1
460.0,593849711#2,16
460.0,593849718#0,2
460.0,594658757#0,2
460.0,594658760#0,5
460.0,668037874,4
460.0,:1973482489_8,1
460.0,:2444664370_0,1
460.0,:3086736518_0,2
460.0,:3208478121_0,1
460.0,:655375232_2,1
460.0,:655375233_0,3
460.0,:655375238_5,1
460.0,:655375239_5,1
460.0,:cluster11510670762_4554226152_0,1
460.0,:cluster622618015_622618108_622618112_622618144_#2more_29,1
460.0,:cluster622618015_622618108_622618112_622618144_#2more_31,5
460.0,:cluster655375336_end_0_655375336_end_1_655375336_end_10_655375336_end_11_#8more_10,2
460.0,:cluster655375336_end_0_655375336_end_1_655375336_end_10_655375336_end_11_#8more_25,2
460.0,:cluster_2038168688_655375573_30,1
460.0,:cluster_2038168688_655375573_6,2
460.0,:cluster_2038168688_655375573_9,1
460.0,:cluster_2528018119_655375236_12,2
460.0,:cluster_2528018119_655375236_32,1
460.0,:cluster_2664674491_655375287_655375288_5,1
460.0,:cluster_3208478133_655375293_655375296_9631728504_#1more_8,2
460.0,:cluster_3431431575_4777363357_655375231_6982059025_5,1
480.0,-300077497#5,26
480.0,-300077497#8,1
480.0,-35274074#2,12
480.0,-51362429#1,9
480.0,-51362430,12
480.0,-593847703#3,25
480.0,-594658757#2,2
480.0,-E0,19
480.0,1068234498#0,31
480.0,1068234499#0,12
480.0,1068440001,3
480.0,1068440004#1,33
480.0,1068440006#0,1
480.0,182334378#0,21
480.0,196961377#0,28
480.0,238526531#0,24
480.0,244450512#1,3
480.0,260881642#0,1
480.0,263217604#0,2
480.0,288135626#0,11
480.0,288878926#0,5
480.0,300077497#0,6
480.0,300077497#6,4
480.0,30620492#0,18
480.0,30620492#1,5
480.0,35274074#0,5
480.0,360843888,1
480.0,484988951#0,2
480.0,49073226#2,10
480.0,49073272#3,2
480.0,49695736#0,3
480.0,506322840#0,1
480.0,506322842#0,8
480.0,506322844#0,2
480.0,506322846#2,3
480.0,506322848#0,1
480.0,506322851#2,5
480.0,506322853#0,19
480.0,51362429#0,14
480.0,593844221#0,1
480.0,593847703#0,8
480.0,593849711#2,12
480.0,594658757#0,2
480.0,594658760#0,5
480.0,668037874,4
480.0,:2444664370_0,2
480.0,:3086736518_0,1
480.0,:655375238_1,1
480.0,:655375238_5,1
480.0,:656132414_2,1
480.0,:cluster11510670762_4554226152_0,2
480.0,:cluster3086736522_655375108_655375247_655375401_#1more_11,1
480.0,:cluster622618015_622618108_622618112_622618144_#2more_39,1
480.0,:cluster655375336_end_0_655375336_end_1_655375336_end_10_655375336_end_11_#8more_12,1
480.0,:cluster655375336_end_0_655375336_end_1_655375336_end_10_655375336_end_11_#8more_40,2
480.0,:cluster_2038168688_655375573_30,1
480.0,:cluster_2038168688_655375573_6,2
480.0,:cluster_2528018119_655375236_12,2
480.0,:cluster_2528018119_655375236_20,1
480.0,:cluster_2528018119_655375236_32,1
480.0,:cluster_3208478133_655375293_655375296_9631728504_#1more_8,3
480.0,:cluster_3431431575_4777363357_655375231_6982059025_5,1
500.0,-1334905223#2,1
500.0,-300077497#5,27
500.0,-300077497#8,1
500.0,-35274074#2,11
500.0,-360018417,5
500.0,-51362429#1,9
500.0,-51362430,13
500.0,-593847703#3,25
500.0,-E0,19
500.0,1068234498#0,39
500.0,1068234499#0,12
500.0,1068440001,8
500.0,1068440004#1,34
500.0,1239087514,1
500.0,1334904386#0,2
500.0,182334378#0,24
500.0,196961377#0,20
500.0,196961377#3,1
500.0,238526531#0,22
500.0,244450512#1,3
500.0,244450512#5,1
500.0,263217604#0,2
500.0,288135626#0,11
500.0,288878926#0,5
500.0,300077497#0,9
500.0,303647015#0,2
500.0,30620492#0,18
500.0,30620492#1,5
500.0,35274074#0,8
500.0,360018417,1
500.0,484988951#0,4
500.0,49073226#2,11
500.0,49073272#4,2
500.0,49695736#0,1
500.0,506322842#0,8
500.0,506322844#0,5
500.0,506322846#2,2
500.0,506322848#0,1
500.0,506322851#2,5
500.0,506322853#0,19
500.0,51362429#0,15
500.0,593844221#0,2
500.0,593847703#0,5
500.0,593849711#2,15
500.0,594658757#0,2
500.0,594658760#0,4
500.0,668037874,4
500.0,:2444664370_0,2
500.0,:3086736518_0,1
500.0,:3208478121_3,1
500.0,:655375238_1,1
500.0,:cluster11510670762_4554226152_0,2
500.0,:cluster3086736522_655375108_655375247_655375401_#1more_11,1
500.0,:cluster_2038168688_655375573_23,1
500.0,:cluster_2038168688_655375573_3,1
500.0,:cluster_2038168688_655375573_30,1
500.0,:cluster_2038168688_655375573_6,2
500.0,:cluster_2528018119_655375236_3,1
500.0,:cluster_3208478133_655375293_655375296_9631728504_#1more_8,2
520.0,-300077497#5,27
520.0,-300077497#8,1
520.0,-35274074#2,12
520.0,-360018417,5
520.0,-51362429#1,9
520.0,-51362430,18
520.0,-593847703#3,25
520.0,-593847704#2,2
520.0,-594658757#2,3
520.0,-E0,19
520.0,1068234498#0,28
520.0,1068234499#0,15
520.0,1068440001,9
520.0,1068440004#1,22
520.0,1334904386#0,3
520.0,182334378#0,18
520.0,186602412#0,2
520.0,196961377#0,21
520.0,196961377#3,2
520.0,238526531#0,25
520.0,244450512#1,3
520.0,244450512#4,2
520.0,244450512#5,1
520.0,288135626#0,16
520.0,300077497#0,7
520.0,300077497#6,2
520.0,30620492#0,18
520.0,30620492#1,5
520.0,35274074#0,3
520.0,484988951#0,5
520.0,49073226#2,11
520.0,49695736#0,5
520.0,506322842#0,8
520.0,506322844#0,5
520.0,506322846#0,9
520.0,506322846#2,3
520.0,506322848#0,1
520.0,506322851#2,5
520.0,506322853#0,19
520.0,51362429#0,15
520.0,593847702#0,10
520.0,593849711#2,15
520.0,594658757#0,2
520.0,594658760#0,3
520.0,668037874,3
520.0,:1973482489_3,1
520.0,:2444664370_0,1
520.0,:3086736518_0,1
520.0,:655375233_8,2
520.0,:655375238_1,1
520.0,:cluster11510670762_4554226152_0,2
520.0,:cluster619136880_619136881_cluster_4510442270_5296993511_5296993513_619136931_#1more_12,1
520.0,:cluster619136880_619136881_cluster_4510442270_5296993511_5296993513_619136931_#1more_8,1
520.0,:cluster622618015_622618108_622618112_622618144_#2more_49,1
520.0,:cluster655375336_end_0_655375336_end_1_655375336_end_10_655375336_end_11_#8more_12,2
520.0,:cluster_2038168688_655375573_23,1
520.0,:cluster_2038168688_655375573_24,1
520.0,:cluster_2038168688_655375573_3,1
520.0,:cluster_5372642442_631668976_631668981_631669076_26,1
520.0,:cluster_5372642442_631668976_631668981_631669076_45,2
540.0,-300077497#5,27
540.0,-300077497#8,1
540.0,-35274074#2,11
540.0,-360018417,5
540.0,-51362429#1,9
540.0,-51362430,19
540.0,-593847703#3,25
540.0,-594658757#2,6
540.0,-E0,18
540.0,1068234498#0,24
540.0,1068234499#0,17
540.0,1068440001,9
540.0,1068440004#1,27
540.0,1334904386#0,8
540.0,182334378#0,14
540.0,186602412#0,5
540.0,196961377#0,25
540.0,238526531#0,31
540.0,244450512#1,3
540.0,244450512#5,3
540.0,288135626#0,15
540.0,300077497#6,2
540.0,30620492#0,18
540.0,30620492#1,5
540.0,35274074#0,4
540.0,484988951#0,3
540.0,49073226#2,11
540.0,49695736#0,5
540.0,506322842#0,8
540.0,506322844#0,5
540.0,506322846#0,10
540.0,506322846#2,2
540.0,506322848#0,1
540.0,506322851#2,5
540.0,506322853#0,19
540.0,51362429#0,16
540.0,593847702#0,12
540.0,593849711#2,15
540.0,594658757#0,2
540.0,594658760#0,3
540.0,668037874,3
540.0,:1973482489_3,1
540.0,:2444664370_0,1
540.0,:3086736518_0,1
540.0,:3086736518_6,1
540.0,:655375238_3,1
540.0,:655375238_6,1
540.0,:cluster11510670762_4554226152_0,2
540.0,:cluster655375336_end_0_655375336_end_1_655375336_end_10_655375336_end_11_#8more_40,2
540.0,:cluster_2038168688_655375573_23,1
540.0,:cluster_3431431575_4777363357_655375231_6982059025_5,1
560.0,-1334905223#2,2
560.0,-300077497#5,27
560.0,-300077497#8,4
560.0,-35274074#2,12
560.0,-51362429#1,9
560.0,-51362430,19
560.0,-593847703#3,25
560.0,-594658757#2,11
560.0,-E0,18
560.0,1068234498#0,25
560.0,1068234499#0,16
560.0,1068440001,9
560.0,1068440004#1,33
560.0,1334904386#0,2
560.0,182334378#0,13
560.0,186602412#0,4
560.0,196961377#0,27
560.0,238526531#0,24
560.0,244450512#1,3
560.0,244450512#5,3
560.0,263217604#0,1
560.0,288135626#0,13
560.0,300077497#0,5
560.0,300077497#6,4
560.0,303647015#0,6
560.0,30620492#0,18
560.0,30620492#1,5
560.0,35274074#0,5
560.0,484988951#0,3
560.0,49073226#2,10
560.0,49073272#4,4
560.0,506322840#0,2
560.0,506322842#0,7
560.0,506322844#0,5
560.0,506322846#0,5
560.0,506322846#2,2
560.0,506322851#2,5
560.0,506322853#0,19
560.0,51362429#0,10
560.0,593847703#0,2
560.0,593847704#0,1
560.0,593849711#2,15
560.0,593849718#0,6
560.0,594658757#0,1
560.0,594658760#0,3
560.0,668037874,1
560.0,:1973482489_8,1
560.0,:2444664370_0,1
560.0,:3086736518_0,2
560.0,:655375232_2,4
560.0,:655375233_0,1
560.0,:655375238_1,1
560.0,:655375241_0,1
560.0,:cluster11510670762_4554226152_0,2
560.0,:cluster3086736522_655375108_655375247_655375401_#1more_8,2
560.0,:cluster655375336_end_0_655375336_end_1_655375336_end_10_655375336_end_11_#8more_40,1
560.0,:cluster_2038168688_655375573_30,1
560.0,:cluster_2528018119_655375236_12,1
560.0,:cluster_2528018119_655375236_29,1
560.0,:cluster_3431431575_4777363357_655375231_6982059025_5,1
560.0,:cluster_623980147_623980152_9,1
580.0,-300077497#5,27
580.0,-300077497#8,4
580.0,-35274074#2,12
580.0,-360018417,2
580.0,-51362429#1,8
580.0,-51362430,19
580.0,-593847703#3,25
580.0,-594658757#2,6
580.0,-E0,19
580.0,1068234498#0,32
580.0,1068234499#0,11
580.0,1068440001,9
580.0,1068440004#1,33
580.0,1334904386#0,2
580.0,182334378#0,17
580.0,186602412#0,3
580.0,196961377#0,23
580.0,238526531#0,24
580.0,244450512#1,3
580.0,244450512#5,3
580.0,263217604#0,1
580.0,288135626#0,13
580.0,288878926#0,7
580.0,300077497#0,5
580.0,300077497#6,1
580.0,303647015#0,5
580.0,30620492#0,18
580.0,30620492#1,5
580.0,35274074#0,10
580.0,484988951#0,3
580.0,49073226#2,3
580.0,49073272#4,1
580.0,506322842#0,7
580.0,506322844#0,5
580.0,506322846#2,3
580.0,506322851#2,5
580.0,506322853#0,18
580.0,51362429#0,11
580.0,593847703#0,5
580.0,593847705,1
580.0,593849711#2,15
580.0,593849718#0,1
580.0,594658757#0,1
580.0,594658760#0,2
580.0,668037874,2
580.0,:2444664370_0,1
580.0,:619136999_2,1
580.0,:655375232_2,1
580.0,:655375238_0,1
580.0,:655375239_3,1
580.0,:cluster11510670762_4554226152_0,2
580.0,:cluster3086736522_655375108_655375247_655375401_#1more_11,2
580.0,:cluster655375336_end_0_655375336_end_1_655375336_end_10_655375336_end_11_#8more_39,1
580.0,:cluster655375336_end_0_655375336_end_1_655375336_end_10_655375336_end_11_#8more_40,1
580.0,:cluster655375336_end_0_655375336_end_1_655375336_end_10_655375336_end_11_#8more_6,1
580.0,:cluster_2038168688_655375573_30,1
580.0,:cluster_2528018119_655375236_12,1
580.0,:cluster_2528018119_655375236_29,1
580.0,:cluster_3431431575_4777363357_655375231_6982059025_3,1
580.0,:cluster_3431431575_4777363357_655375231_6982059025_5,1
580.0,:cluster_623980147_623980152_4,1
600.0,-300077497#5,25
600.0,-300077497#8,4
600.0,-35274074#2,11
600.0,-360018417,5
600.0,-51362430,19
600.0,-593847703#3,21
600.0,-593847704#2,1
600.0,-594658757#2,1
600.0,-E0,20
600.0,1068234498#0,33
600.0,1068234499#0,13
600.0,1068440001,6
600.0,1068440004#1,33
600.0,1239087514,1
600.0,1334904386#0,3
600.0,182334378#0,20
600.0,196961377#0,20
600.0,232003903#0,1
600.0,238526531#0,25
600.0,244450512#1,3
600.0,260881642#0,4
600.0,288135626#0,11
600.0,288878926#0,11
600.0,300077497#0,5
600.0,300077497#6,2
600.0,303647015#0,5
600.0,30620492#0,18
600.0,30620492#1,5
600.0,35274074#0,2
600.0,360843888,1
600.0,484988951#0,4
600.0,49073226#2,5
600.0,506322842#0,7
600.0,506322844#0,5
600.0,506322846#0,4
600.0,506322846#2,2
600.0,506322851#2,4
600.0,506322853#0,19
600.0,51362429#0,14
600.0,51362430,1
600.0,593844221#0,3
600.0,593847702#0,1
600.0,593847705,1
600.0,593849711#0,1
600.0,593849711#2,15
600.0,594658757#0,1
600.0,594658760#0,2
600.0,668037874,2
600.0,:2444664370_0,1
600.0,:3086736518_7,1
600.0,:655375232_2,1
600.0,:655375233_2,1
600.0,:655375238_0,1
600.0,:cluster11510670762_4554226152_0,1
600.0,:cluster622618015_622618108_622618112_622618144_#2more_45,1
600.0,:cluster_2038168688_655375573_23,1
600.0,:cluster_2038168688_655375573_3,1
600.0,:cluster_2038168688_655375573_30,1
600.0,:cluster_2038168688_655375573_6,2
600.0,:cluster_2528018119_655375236_17,2
600.0,:cluster_3208478133_655375293_655375296_9631728504_#1more_16,1
600.0,:cluster_3208478133_655375293_655375296_9631728504_#1more_8,1
600.0,:cluster_3431431575_4777363357_655375231_6982059025_3,2
600.0,:cluster_5372642442_631668976_631668981_631669076_45,1
620.0,-300077497#5,23
620.0,-300077497#8,4
620.0,-35274074#2,12
620.0,-360018417,5
620.0,-51362430,12
620.0,-593847703#3,25
620.0,-593847704#2,1
620.0,-594658757#2,1
620.0,-E0,20
620.0,1068234498#0,34
620.0,1068234499#0,13
620.0,1068440001,8
620.0,1068440004#1,23
620.0,1334904386#0,3
620.0,182334378#0,20
620.0,186602412#0,4
620.0,196961377#0,22
620.0,232003903#0,1
620.0,238526531#0,26
620.0,244450512#1,2
620.0,260881642#0,2
620.0,288135626#0,11
620.0,288878926#0,9
620.0,300077497#6,3
620.0,30620492#0,18
620.0,30620492#1,5
620.0,35274074#0,1
620.0,360843888,1
620.0,484988951#0,5
620.0,49073226#2,3
620.0,506322842#0,7
620.0,506322844#0,5
620.0,506322846#0,6
620.0,506322846#2,3
620.0,506322851#2,4
620.0,506322853#0,19
620.0,51362429#0,16
620.0,593844221#0,4
620.0,593847702#0,8
620.0,593847704#0,1
620.0,593847705,1
620.0,593849711#0,1
620.0,593849711#2,15
620.0,594658757#0,1
620.0,594658760#0,2
620.0,:1973482489_8,1
620.0,:2444664370_0,1
620.0,:655375232_2,1
620.0,:655375233_8,4
620.0,:656132414_2,1
620.0,:cluster11510670762_4554226152_0,2
620.0,:cluster_2038168688_655375573_3,2
620.0,:cluster_2664674491_655375287_655375288_5,1
620.0,:cluster_3208478133_655375293_655375296_9631728504_#1more_8,3
640.0,-300077497#5,27
640.0,-300077497#8,3
640.0,-35274074#2,12
640.0,-360018417,1
640.0,-51362430,16
640.0,-593847703#3,27
640.0,-594658757#2,1
640.0,-E0,20
640.0,1068234498#0,34
640.0,1068234499#0,9
640.0,1068440001,7
640.0,1068440004#1,25
640.0,182334378#0,20
640.0,186602412#0,5
640.0,196961377#0,22
640.0,232003903#0,1
640.0,238526531#0,25
640.0,244450512#1,2
640.0,260881642#0,4
640.0,288135626#0,11
640.0,288878926#0,9
640.0,300077497#6,3
640.0,303647015#0,3
640.0,30620492#0,18
640.0,30620492#1,5
640.0,360843888,1
640.0,484988951#0,4
640.0,49073226#2,3
640.0,49073272#4,3
640.0,49695736#0,4
640.0,506322842#0,5
640.0,506322844#0,2
640.0,506322846#0,4
640.0,506322846#2,2
640.0,506322851#2,4
640.0,506322853#0,19
640.0,51362429#0,17
640.0,593844221#0,1
640.0,593847702#0,6
640.0,593847704#0,1
640.0,593847705,1
640.0,593849711#2,15
640.0,593849718#0,4
640.0,594658757#0,1
640.0,594658760#0,2
640.0,:1973482489_3,1
640.0,:2444664370_0,1
640.0,:3208478121_0,1
640.0,:655375232_2,1
640.0,:655375239_5,1
640.0,:cluster622618015_622618108_622618112_622618144_#2more_31,4
640.0,:cluster655375336_end_0_655375336_end_1_655375336_end_10_655375336_end_11_#8more_12,2
640.0,:cluster655375336_end_0_655375336_end_1_655375336_end_10_655375336_end_11_#8more_25,1
640.0,:cluster655375336_end_0_655375336_end_1_655375336_end_10_655375336_end_11_#8more_40,1
640.0,:cluster_2528018119_655375236_12,2
640.0,:cluster_2528018119_655375236_20,1
640.0,:cluster_2528018119_655375236_32,1
640.0,:cluster_3208478133_655375293_655375296_9631728504_#1more_8,3
640.0,:cluster_9383263990_9383263991_9383263992_9383263993_7,1
660.0,-300077497#5,27
660.0,-300077497#8,4
660.0,-35274074#2,12
660.0,-51362430,14
660.0,-593847703#3,29
660.0,-594658757#2,4
660.0,-E0,19
660.0,1068234498#0,34
660.0,1068234499#0,8
660.0,1068440001,7
660.0,1068440004#1,32
660.0,1334904386#0,1
660.0,182334378#0,14
660.0,186602412#0,1
660.0,196961377#0,22
660.0,232003903#0,1
660.0,238526531#0,25
660.0,244450512#1,3
660.0,260881642#0,2
660.0,288135626#0,11
660.0,288878926#0,9
660.0,300077497#0,5
660.0,300077497#6,3
660.0,30620492#0,18
660.0,30620492#1,4
660.0,35274074#0,1
660.0,360843888,1
660.0,484988951#0,4
660.0,49073226#2,3
660.0,49695736#0,1
660.0,506322842#0,4
660.0,506322844#0,5
660.0,506322846#2,3
660.0,506322851#2,4
660.0,506322853#0,17
660.0,51362429#0,13
660.0,593844221#0,1
660.0,593847703#0,1
660.0,593849711#2,15
660.0,594658757#0,1
660.0,594658760#0,2
660.0,668037874,1
660.0,:2444664370_0,2
660.0,:3086736518_0,1
660.0,:3086736518_6,1
660.0,:655375232_2,2
660.0,:655375233_0,1
660.0,:655375238_1,1
660.0,:656132414_2,1
660.0,:cluster11510670762_4554226152_0,2
660.0,:cluster3086736522_655375108_655375247_655375401_#1more_11,1
660.0,:cluster619136880_619136881_cluster_4510442270_5296993511_5296993513_619136931_#1more_8,1
660.0,:cluster622618015_622618108_622618112_622618144_#2more_39,1
660.0,:cluster655375336_end_0_655375336_end_1_655375336_end_10_655375336_end_11_#8more_12,2
660.0,:cluster655375336_end_0_655375336_end_1_655375336_end_10_655375336_end_11_#8more_40,2
660.0,:cluster_2528018119_655375236_12,2
660.0,:cluster_2528018119_655375236_20,1
660.0,:cluster_3208478133_655375293_655375296_9631728504_#1more_8,3
680.0,-300077497#5,25
680.0,-300077497#8,4
680.0,-35274074#2,12
680.0,-360018417,5
680.0,-51362429#1,1
680.0,-51362430,15
680.0,-593847703#3,31
680.0,-594658757#2,1
680.0,-E0,19
680.0,1068234498#0,35
680.0,1068234499#0,11
680.0,1068440001,10
680.0,1068440004#1,32
680.0,1334904386#0,4
680.0,182334378#0,16
680.0,196961377#0,19
680.0,196961377#3,1
680.0,238526531#0,25
680.0,244450512#1,3
680.0,244450512#5,1
680.0,288135626#0,9
680.0,288878926#0,9
680.0,300077497#0,7
680.0,303647015#0,4
680.0,30620492#0,16
680.0,30620492#1,5
680.0,35274074#0,3
680.0,484988951#0,2
680.0,49073226#2,6
680.0,49073272#4,2
680.0,49695736#0,3
680.0,506322842#0,4
680.0,506322844#0,5
680.0,506322846#0,1
680.0,506322846#2,3
680.0,506322851#2,3
680.0,506322853#0,14
680.0,51362429#0,11
680.0,51362430,1
680.0,593844221#0,1
680.0,593847703#0,3
680.0,593847704#0,1
680.0,593847705,1
680.0,593849711#2,13
680.0,594658760#0,2
680.0,:2444664370_0,2
680.0,:2749340167_0,1
680.0,:655375232_2,2
680.0,:655375232_4,1
680.0,:cluster11510670762_4554226152_0,2
680.0,:cluster3086736522_655375108_655375247_655375401_#1more_11,1
680.0,:cluster619136880_619136881_cluster_4510442270_5296993511_5296993513_619136931_#1more_12,1
680.0,:cluster655375336_end_0_655375336_end_1_655375336_end_10_655375336_end_11_#8more_19,1
680.0,:cluster_2038168688_655375573_23,1
680.0,:cluster_2038168688_655375573_3,1
680.0,:cluster_2038168688_655375573_6,1
680.0,:cluster_3431431575_4777363357_655375231_6982059025_5,1
700.0,-300077497#5,24
700.0,-300077497#8,4
700.0,-35274074#2,12
700.0,-360018417,5
700.0,-51362429#1,2
700.0,-51362430,19
700.0,-593847703#3,27
700.0,-593847704#2,3
700.0,-594658757#2,1
700.0,-E0,19
700.0,1068234498#0,35
700.0,1068234499#0,12
700.0,1068440001,10
700.0,1068440004#1,33
700.0,1334904386#0,4
700.0,182334378#0,17
700.0,186602412#0,3
700.0,196961377#0,20
700.0,238526531#0,25
700.0,244450512#1,3
700.0,244450512#5,1
700.0,288135626#0,9
700.0,288878926#0,3
700.0,300077497#0,2
700.0,300077497#6,2
700.0,30620492#0,18
700.0,30620492#1,5
700.0,35274074#0,2
700.0,484988951#0,4
700.0,49073226#2,9
700.0,49695736#0,4
700.0,506322842#0,4
700.0,506322844#0,5
700.0,506322846#0,5
700.0,506322846#2,2
700.0,506322853#0,17
700.0,51362429#0,13
700.0,593847704#0,1
700.0,593847705,1
700.0,593849711#0,1
700.0,593849711#2,13
700.0,594658760#0,2
700.0,:1973482489_3,1
700.0,:2444664370_0,1
700.0,:2749340167_0,1
700.0,:3086736518_3,1
700.0,:655375232_2,2
700.0,:655375233_4,3
700.0,:655375238_6,1
700.0,:cluster11510670762_4554226152_0,2
700.0,:cluster622618015_622618108_622618112_622618144_#2more_26,1
700.0,:cluster655375336_end_0_655375336_end_1_655375336_end_10_655375336_end_11_#8more_10,1
700.0,:cluster655375336_end_0_655375336_end_1_655375336_end_10_655375336_end_11_#8more_40,2
720.0,-300077497#5,26
720.0,-300077497#8,1
720.0,-35274074#2,11
720.0,-360018417,5
720.0,-51362429#1,6
720.0,-51362430,19
720.0,-593847703#3,24
720.0,-594658757#2,5
720.0,-E0,19
720.0,1068234498#0,36
720.0,1068234499#0,12
720.0,1068440001,10
720.0,1068440004#1,27
720.0,1334904386#0,8
720.0,182334378#0,13
720.0,186602412#0,5
720.0,196961377#0,20
720.0,238526531#0,25
720.0,244450512#1,3
720.0,244450512#5,1
720.0,288135626#0,9
720.0,288878926#0,1
720.0,300077497#6,2
720.0,30620492#0,18
720.0,30620492#1,5
720.0,35274074#0,2
720.0,484988951#0,3
720.0,49073226#2,9
720.0,49695736#0,4
720.0,506322842#0,4
720.0,506322844#0,5
720.0,506322846#0,2
720.0,506322846#2,3
720.0,506322853#0,17
720.0,51362429#0,14
720.0,593847702#0,2
720.0,593847704#0,5
720.0,593847705,1
720.0,593849711#2,16
720.0,594658760#0,2
720.0,:2444664370_0,1
720.0,:2749340167_0,1
720.0,:655375232_2,2
720.0,:655375233_8,4
720.0,:655375238_2,1
720.0,:655375238_5,1
720.0,:cluster11510670762_4554226152_0,2
720.0,:cluster655375336_end_0_655375336_end_1_655375336_end_10_655375336_end_11_#8more_10,1
720.0,:cluster655375336_end_0_655375336_end_1_655375336_end_10_655375336_end_11_#8more_40,1
720.0,:cluster_3431431575_4777363357_655375231_6982059025_7,1
740.0,-300077497#5,27
740.0,-300077497#8,4
740.0,-35274074#2,12
740.0,-51362429#1,6
740.0,-51362430,19
740.0,-593847703#3,27
740.0,-594658757#2,9
740.0,-E0,19
740.0,1068234498#0,36
740.0,1068234499#0,6
740.0,1068440001,10
740.0,1068440004#1,21
740.0,1334904386#0,5
740.0,182334378#0,7
740.0,196961377#0,20
740.0,238526531#0,24
740.0,244450512#1,3
740.0,244450512#5,1
740.0,288135626#0,7
740.0,288878926#0,1
740.0,300077497#0,5
740.0,300077497#6,2
740.0,303647015#0,8
740.0,30620492#0,18
740.0,30620492#1,5
740.0,35274074#0,2
740.0,484988951#0,4
740.0,49073226#2,10
740.0,49073272#4,4
740.0,506322842#0,2
740.0,506322844#0,5
740.0,506322846#2,3
740.0,506322853#0,17
740.0,51362429#0,16
740.0,51362430,1
740.0,593847702#0,4
740.0,593847704#0,5
740.0,593847705,1
740.0,593849711#2,18
740.0,593849718#0,4
740.0,594658760#0,2
740.0,:2444664370_0,2
740.0,:2749340167_0,1
740.0,:655375232_2,2
740.0,:655375238_5,1
740.0,:cluster11510670762_4554226152_0,2
740.0,:cluster622618015_622618108_622618112_622618144_#2more_31,3
740.0,:cluster655375336_end_0_655375336_end_1_655375336_end_10_655375336_end_11_#8more_10,1
740.0,:cluster655375336_end_0_655375336_end_1_655375336_end_10_655375336_end_11_#8more_40,1
740.0,:cluster_2038168688_655375573_30,1
740.0,:cluster_2528018119_655375236_12,1
740.0,:cluster_2528018119_655375236_29,2
760.0,-300077497#5,27
760.0,-300077497#8,4
760.0,-35274074#2,12
760.0,-51362429#1,6
760.0,-51362430,19
760.0,-593847703#3,27
760.0,-594658757#2,4
760.0,-E0,18
760.0,1068234498#0,36
760.0,1068234499#0,7
760.0,1068440001,10
760.0,1068440004#1,21
760.0,1334904386#0,6
760.0,182334378#0,11
760.0,196961377#0,16
760.0,196961377#3,3
760.0,238526531#0,24
760.0,244450512#1,3
760.0,244450512#5,1
760.0,288135626#0,3
760.0,288878926#0,1
760.0,300077497#0,12
760.0,303647015#0,5
760.0,30620492#0,18
760.0,30620492#1,5
760.0,35274074#0,2
760.0,484988951#0,5
760.0,49073226#2,10
760.0,49073264#0,2
760.0,49073272#4,1
760.0,506322842#0,2
760.0,506322844#0,5
760.0,506322846#2,2
760.0,506322853#0,11
760.0,51362429#0,15
760.0,593847702#0,4
760.0,593849711#2,18
760.0,593849718#0,1
760.0,594658760#0,2
760.0,:2749340167_0,1
760.0,:3086736518_0,1
760.0,:3086736518_6,1
760.0,:3208478121_0,1
760.0,:619136999_2,1
760.0,:655375232_2,2
760.0,:655375233_0,1
760.0,:655375238_1,1
760.0,:655375238_5,1
760.0,:cluster11510670762_4554226152_0,2
760.0,:cluster3086736522_655375108_655375247_655375401_#1more_11,2
760.0,:cluster619136880_619136881_cluster_4510442270_5296993511_5296993513_619136931_#1more_12,1
760.0,:cluster619136880_619136881_cluster_4510442270_5296993511_5296993513_619136931_#1more_8,1
760.0,:cluster619136899_619136900_cluster_619136929_619136942_6,2
760.0,:cluster622618015_622618108_622618112_622618144_#2more_39,1
760.0,:cluster_2038168688_655375573_30,1
760.0,:cluster_2528018119_655375236_29,1
780.0,-300077497#5,24
780.0,-300077497#8,4
780.0,-35274074#2,12
780.0,-360018417,5
780.0,-49073264#1,2
780.0,-51362429#1,6
780.0,-51362430,19
780.0,-593847703#3,28
780.0,-593847704#2,1
780.0,-594658757#2,1
780.0,-E0,18
780.0,1068234498#0,35
780.0,1068234499#0,10
780.0,1068440001,6
780.0,1068440004#1,21
780.0,1334904386#0,7
780.0,182334378#0,10
780.0,196961377#0,13
780.0,196961377#3,5
780.0,238526531#0,25
780.0,244450512#1,2
780.0,260881642#0,3
780.0,300077497#0,14
780.0,303647015#0,4
780.0,30620492#0,18
780.0,30620492#1,5
780.0,484988951#0,4
780.0,49073226#2,10
780.0,506322842#0,2
780.0,506322844#0,5
780.0,506322846#0,1
780.0,506322846#2,3
780.0,506322853#0,11
780.0,51362429#0,12
780.0,51362430,1
780.0,593844221#0,1
780.0,593847702#0,4
780.0,593847703#0,5
780.0,593847705,1
780.0,593849711#2,18
780.0,594658760#0,2
780.0,:2749340167_0,1
780.0,:3086736518_6,1
780.0,:655375232_2,2
780.0,:655375238_1,1
780.0,:655375238_5,1
780.0,:cluster622618015_622618108_622618112_622618144_#2more_49,1
780.0,:cluster_2038168688_655375573_30,1
780.0,:cluster_2038168688_655375573_6,1
780.0,:cluster_2528018119_655375236_17,2
780.0,:cluster_2528018119_655375236_3,1
780.0,:cluster_2664674491_655375287_655375288_5,1
780.0,:cluster_3208478133_655375293_655375296_9631728504_#1more_8,5
800.0,-300077497#5,24
800.0,-300077497#8,3
800.0,-35274074#2,11
800.0,-360018417,5
800.0,-49073264#1,2
800.0,-51362429#1,8
800.0,-51362430,15
800.0,-593847703#3,29
800.0,-594658757#2,1
800.0,-E0,20
800.0,1068234498#0,35
800.0,1068234499#0,10
800.0,1068440001,9
800.0,1068440004#1,21
800.0,1068440006#0,3
800.0,1334904386#0,7
800.0,182334378#0,9
800.0,196961377#0,13
800.0,238526531#0,25
800.0,244450512#1,2
800.0,260881642#0,3
800.0,288878926#0,2
800.0,300077497#0,16
800.0,30620492#0,18
800.0,30620492#1,5
800.0,35274074#0,2
800.0,484988951#0,5
800.0,49073226#2,7
800.0,49695736#0,1
800.0,506322842#0,2
800.0,506322844#0,5
800.0,506322846#2,2
800.0,506322853#0,11
800.0,51362429#0,12
800.0,593844221#0,1
800.0,593847702#0,4
800.0,593847705,1
800.0,593849711#0,1
800.0,593849711#2,12
800.0,:2749340167_0,1
800.0,:3086736518_6,1
800.0,:655375232_2,2
800.0,:655375233_4,2
800.0,:655375238_1,1
800.0,:655375238_2,1
800.0,:655375238_5,1
800.0,:cluster11510670762_4554226152_0,1
800.0,:cluster_2038168688_655375573_30,1
800.0,:cluster_2038168688_655375573_6,1
800.0,:cluster_3208478133_655375293_655375296_9631728504_#1more_8,5
800.0,:cluster_3431431575_4777363357_655375231_6982059025_3,1
800.0,:cluster_623980147_623980152_9,1
820.0,-300077497#5,26
820.0,-300077497#8,4
820.0,-35274074#2,12
820.0,-360018417,1
820.0,-49073264#1,2
820.0,-51362429#1,4
820.0,-51362430,18
820.0,-593847703#3,28
820.0,-594658757#2,1
820.0,-E0,20
820.0,1068234498#0,35
820.0,1068234499#0,7
820.0,1068440001,9
820.0,1068440004#1,19
820.0,182334378#0,7
820.0,196961377#0,13
820.0,232003903#0,2
820.0,238526531#0,24
820.0,244450512#1,2
820.0,260881642#0,3
820.0,288878926#0,9
820.0,300077497#0,18
820.0,303647015#0,4
820.0,30620492#0,18
820.0,30620492#1,5
820.0,484988951#0,5
820.0,49073226#2,4
820.0,49073272#1,1
820.0,49073272#4,3
820.0,506322842#0,2
820.0,506322844#0,4
820.0,506322846#0,3
820.0,506322853#0,11
820.0,51362429#0,12
820.0,593847705,1
820.0,593849711#2,15
820.0,593849718#0,3
820.0,:2749340167_0,1
820.0,:3086736518_4,1
820.0,:3086736518_6,1
820.0,:3208478121_0,1
820.0,:655375232_2,2
820.0,:655375233_4,1
820.0,:655375233_8,2
820.0,:655375238_1,1
820.0,:655375238_5,1
820.0,:cluster11510670762_4554226152_0,1
820.0,:cluster3086736522_655375108_655375247_655375401_#1more_8,3
820.0,:cluster655375336_end_0_655375336_end_1_655375336_end_10_655375336_end_11_#8more_10,1
820.0,:cluster655375336_end_0_655375336_end_1_655375336_end_10_655375336_end_11_#8more_12,1
820.0,:cluster655375336_end_0_655375336_end_1_655375336_end_10_655375336_end_11_#8more_25,2
820.0,:cluster655375336_end_0_655375336_end_1_655375336_end_10_655375336_end_11_#8more_47,1
820.0,:cluster_2038168688_655375573_25,1
820.0,:cluster_2528018119_655375236_12,1
820.0,:cluster_2528018119_655375236_29,1
820.0,:cluster_2664674491_655375287_655375288_5,1
820.0,:cluster_3208478133_655375293_655375296_9631728504_#1more_8,4
820.0,:cluster_3431431575_4777363357_655375231_6982059025_3,2
820.0,:cluster_623980147_623980152_4,1
840.0,-300077497#5,27
840.0,-300077497#8,4
840.0,-35274074#2,11
840.0,-51362430,18
840.0,-593847703#3,28
840.0,-594658757#2,3
840.0,-E0,20
840.0,1068234498#0,35
840.0,1068234499#0,4
840.0,1068440001,7
840.0,1068440004#1,14
840.0,1334904386#0,2
840.0,182334378#0,1
840.0,186602412#0,2
840.0,196961377#0,13
840.0,232003903#0,2
840.0,238526531#0,24
840.0,244450512#1,3
840.0,260881642#0,2
840.0,288878926#0,13
840.0,300077497#0,19
840.0,300077497#6,5
840.0,30620492#0,18
840.0,30620492#1,5
840.0,35274074#0,2
840.0,484988951#0,5
840.0,49073226#2,7
840.0,49073272#3,1
840.0,506322842#0,1
840.0,506322844#0,5
840.0,506322846#0,1
840.0,506322853#0,8
840.0,51362429#0,12
840.0,593844221#0,1
840.0,593847705,1
840.0,593849711#2,16
840.0,668037874,1
840.0,:2749340167_0,1
840.0,:3086736518_4,1
840.0,:3086736518_6,1
840.0,:655375232_2,2
840.0,:655375233_4,1
840.0,:655375233_8,7
840.0,:cluster11510670762_4554226152_0,2
840.0,:cluster3086736522_655375108_655375247_655375401_#1more_11,1
840.0,:cluster619136880_619136881_cluster_4510442270_5296993511_5296993513_619136931_#1more_8,1
840.0,:cluster619136899_619136900_cluster_619136929_619136942_6,1
840.0,:cluster622618015_622618108_622618112_622618144_#2more_17,2
840.0,:cluster655375336_end_0_655375336_end_1_655375336_end_10_655375336_end_11_#8more_10,1
840.0,:cluster655375336_end_0_655375336_end_1_655375336_end_10_655375336_end_11_#8more_12,2
840.0,:cluster655375336_end_0_655375336_end_1_655375336_end_10_655375336_end_11_#8more_25,2
840.0,:cluster655375336_end_0_655375336_end_1_655375336_end_10_655375336_end_11_#8more_47,1
840.0,:cluster_2038168688_655375573_25,1
840.0,:cluster_2528018119_655375236_12,1
840.0,:cluster_2528018119_655375236_29,1
840.0,:cluster_3208478133_655375293_655375296_9631728504_#1more_8,2
860.0,-300077497#5,27
860.0,-300077497#8,4
860.0,-35274074#2,12
860.0,-360018417,4
860.0,-51362430,17
860.0,-593847703#3,28
860.0,-594658757#2,3
860.0,-E0,20
860.0,1068234498#0,35
860.0,1068234499#0,4
860.0,1068440001,9
860.0,1068440004#1,14
860.0,1334904386#0,3
860.0,196961377#0,8
860.0,196961377#3,5
860.0,238526531#0,24
860.0,244450512#1,3
860.0,288135626#0,1
860.0,288878926#0,13
860.0,300077497#0,14
860.0,300077497#6,2
860.0,303647015#0,2
860.0,30620492#0,18
860.0,30620492#1,5
860.0,360018417,1
860.0,484988951#0,5
860.0,49073226#2,7
860.0,49073272#4,1
860.0,49695736#0,3
860.0,506322844#0,5
860.0,506322853#0,5
860.0,51362429#0,12
860.0,51362430,3
860.0,593847705,1
860.0,593849711#2,17
860.0,:2749340167_0,1
860.0,:3086736518_4,1
860.0,:3086736518_6,1
860.0,:619136999_0,1
860.0,:655375232_2,2
860.0,:655375233_4,1
860.0,:655375233_8,7
860.0,:655375238_1,1
860.0,:655375239_3,1
860.0,:cluster11510670762_4554226152_0,2
860.0,:cluster655375336_end_0_655375336_end_1_655375336_end_10_655375336_end_11_#8more_25,2
860.0,:cluster_2038168688_655375573_23,1
860.0,:cluster_2038168688_655375573_30,1
860.0,:cluster_2038168688_655375573_6,1
880.0,-300077497#5,27
880.0,-300077497#8,4
880.0,-35274074#2,12
880.0,-360018417,5
880.0,-51362430,18
880.0,-593847703#3,28
880.0,-593847704#2,1
880.0,-594658757#2,3
880.0,-E0,20
880.0,1068234498#0,33
880.0,1068234499#0,5
880.0,1068440001,9
880.0,1068440004#1,14
880.0,1334904386#0,3
880.0,186602412#0,1
880.0,196961377#0,7
880.0,196961377#3,6
880.0,238526531#0,26
880.0,244450512#1,3
880.0,288878926#0,7
880.0,300077497#0,6
880.0,300077497#6,3
880.0,30620492#0,18
880.0,30620492#1,5
880.0,35274074#0,1
880.0,484988951#0,4
880.0,49073226#2,7
880.0,49695736#0,5
880.0,506322844#0,5
880.0,506322846#0,2
880.0,506322853#0,5
880.0,51362429#0,12
880.0,51362430,1
880.0,593849711#0,2
880.0,593849711#2,19
880.0,:2749340167_0,1
880.0,:3086736518_4,1
880.0,:3086736518_6,1
880.0,:655375232_2,3
880.0,:655375233_0,2
880.0,:655375233_4,1
880.0,:655375233_8,7
880.0,:655375238_0,1
880.0,:cluster11510670762_4554226152_0,2
880.0,:cluster622618015_622618108_622618112_622618144_#2more_26,1
880.0,:cluster_2038168688_655375573_3,1
880.0,:cluster_2038168688_655375573_30,1
880.0,:cluster_2038168688_655375573_6,2
880.0,:cluster_3431431575_4777363357_655375231_6982059025_5,1
900.0,-300077497#5,25
900.0,-300077497#8,4
900.0,-35274074#2,12
900.0,-360018417,5
900.0,-51362429#1,4
900.0,-51362430,19
900.0,-593847701,1
900.0,-593847703#3,28
900.0,-594658757#2,3
900.0,-E0,20
900.0,1068234498#0,33
900.0,1068234499#0,5
900.0,1068440001,9
900.0,1068440004#1,14
900.0,1334904386#0,3
900.0,186602412#0,2
900.0,196961377#0,7
900.0,196961377#3,3
900.0,238526531#0,26
900.0,244450512#1,3
900.0,288878926#0,5
900.0,300077497#0,6
900.0,300077497#6,4
900.0,30620492#0,18
900.0,30620492#1,5
900.0,484988951#0,4
900.0,49073226#2,8
900.0,49695736#0,5
900.0,506322844#0,5
900.0,506322853#0,5
900.0,51362429#0,13
900.0,593849711#0,1
900.0,593849711#2,13
900.0,:1973482489_3,1
900.0,:2749340167_0,1
900.0,:3086736518_4,1
900.0,:3086736518_6,1
900.0,:655375232_2,3
900.0,:655375232_6,2
900.0,:655375233_0,2
900.0,:655375233_4,2
900.0,:655375233_8,7
900.0,:cluster11510670762_4554226152_0,2
900.0,:cluster_2038168688_655375573_30,1
900.0,:cluster_2038168688_655375573_6,2
920.0,-300077497#5,26
920.0,-300077497#8,2
920.0,-35274074#2,12
920.0,-51362429#1,4
920.0,-51362430,19
920.0,-593847703#3,27
920.0,-594658757#2,3
920.0,-E0,20
920.0,1068234498#0,36
920.0,1068234499#0,3
920.0,1068440001,9
920.0,1068440004#1,14
920.0,196961377#0,7
920.0,196961377#3,3
920.0,238526531#0,25
920.0,244450512#1,3
920.0,288878926#0,5
920.0,300077497#0,11
920.0,300077497#6,4
920.0,303647015#0,2
920.0,30620492#0,18
920.0,30620492#1,5
920.0,484988951#0,3
920.0,49073226#2,9
920.0,49073272#4,5
920.0,506322840#0,1
920.0,506322844#0,4
920.0,506322853#0,5
920.0,51362429#0,16
920.0,593849711#2,14
920.0,:2749340167_0,1
920.0,:3086736518_4,1
920.0,:3086736518_6,1
920.0,:655375232_2,3
920.0,:655375232_6,2
920.0,:655375232_8,1
920.0,:655375233_0,2
920.0,:655375233_4,3
920.0,:655375233_8,7
920.0,:655375238_5,1
920.0,:655375239_5,1
920.0,:cluster11510670762_4554226152_0,2
920.0,:cluster_2038168688_655375573_30,1
920.0,:cluster_2038168688_655375573_6,2
920.0,:cluster_2528018119_655375236_12,1
920.0,:cluster_2528018119_655375236_29,1
920.0,:cluster_3431431575_4777363357_655375231_6982059025_5,1
940.0,-300077497#5,27
940.0,-300077497#8,4
940.0,-35274074#2,12
940.0,-51362429#1,4
940.0,-51362430,19
940.0,-593847703#3,27
940.0,-E0,20
940.0,1068234498#0,36
940.0,1068234499#0,2
940.0,1068440001,9
940.0,1068440004#1,14
940.0,1334905223#0,1
940.0,196961377#0,4
940.0,196961377#3,7
940.0,238526531#0,25
940.0,244450512#1,3
940.0,288878926#0,5
940.0,300077497#0,12
940.0,300077497#6,1
940.0,303647015#0,3
940.0,30620492#0,18
940.0,30620492#1,5
940.0,484988951#0,4
940.0,49073226#2,9
940.0,49073272#4,1
940.0,506322844#0,5
940.0,51362429#0,17
940.0,593849711#2,14
940.0,668037874,1
940.0,:2749340167_0,1
940.0,:3086736518_4,1
940.0,:3086736518_6,1
940.0,:655375232_2,3
940.0,:655375232_6,2
940.0,:655375232_8,1
940.0,:655375233_0,2
940.0,:655375233_4,3
940.0,:655375233_8,7
940.0,:655375238_6,1
940.0,:655375239_3,1
940.0,:cluster11510670762_4554226152_0,2
940.0,:cluster619136880_619136881_cluster_4510442270_5296993511_5296993513_619136931_#1more_12,1
940.0,:cluster619136880_619136881_cluster_4510442270_5296993511_5296993513_619136931_#1more_8,1
940.0,:cluster_2038168688_655375573_30,1
940.0,:cluster_2038168688_655375573_6,2
960.0,-300077497#5,27
960.0,-300077497#8,4
960.0,-35274074#2,12
960.0,-51362429#1,4
960.0,-51362430,17
960.0,-593847703#3,27
960.0,-593847704#2,1
960.0,-E0,20
960.0,1068234498#0,36
960.0,1068234499#0,2
960.0,1068440001,5
960.0,1068440004#1,14
960.0,196961377#0,3
960.0,196961377#3,10
960.0,238526531#0,25
960.0,244450512#1,2
960.0,260881642#0,4
960.0,288878926#0,3
960.0,300077497#0,4
960.0,30620492#0,18
960.0,30620492#1,5
960.0,35274074#0,3
960.0,484988951#0,4
960.0,49073226#2,9
960.0,49695736#0,3
960.0,506322844#0,6
960.0,506322846#0,3
960.0,51362429#0,17
960.0,593844221#0,1
960.0,593849711#2,14
960.0,:2749340167_0,1
960.0,:3086736518_4,1
960.0,:3086736518_6,1
960.0,:655375232_2,3
960.0,:655375232_6,2
960.0,:655375232_8,1
960.0,:655375233_0,2
960.0,:655375233_4,3
960.0,:655375233_8,7
960.0,:cluster11510670762_4554226152_0,1
960.0,:cluster622618015_622618108_622618112_622618144_#2more_2,1
960.0,:cluster622618015_622618108_622618112_622618144_#2more_26,1
960.0,:cluster_2038168688_655375573_3,1
960.0,:cluster_2038168688_655375573_30,1
960.0,:cluster_2038168688_655375573_6,2
960.0,:cluster_3208478133_655375293_655375296_9631728504_#1more_8,3
980.0,-300077497#5,24
980.0,-300077497#8,4
980.0,-35274074#2,11
980.0,-51362429#1,4
980.0,-51362430,12
980.0,-593847703#3,30
980.0,-E0,20
980.0,1068234498#0,36
980.0,1068234499#0,2
980.0,1068440001,9
980.0,1068440004#1,14
980.0,186602412#0,4
980.0,196961377#0,3
980.0,196961377#3,5
980.0,238526531#0,25
980.0,244450512#1,2
980.0,260881642#0,3
980.0,300077497#6,4
980.0,30620492#0,17
980.0,30620492#1,5
980.0,484988951#0,4
980.0,49073226#2,9
980.0,49695736#0,3
980.0,506322844#0,7
980.0,506322846#0,3
980.0,51362429#0,17
980.0,593844221#0,1
980.0,593849711#2,14
980.0,:1973482489_8,1
980.0,:2749340167_0,1
980.0,:3086736518_4,1
980.0,:3086736518_6,1
980.0,:655375232_2,3
980.0,:655375232_6,2
980.0,:655375232_8,1
980.0,:655375233_0,2
980.0,:655375233_4,3
980.0,:655375233_8,7
980.0,:cluster11510670762_4554226152_0,1
980.0,:cluster622618015_622618108_622618112_622618144_#2more_49,4
980.0,:cluster_2038168688_655375573_30,1
980.0,:cluster_2038168688_655375573_6,2
980.0,:cluster_2664674491_655375287_655375288_5,1
980.0,:cluster_3208478133_655375293_655375296_9631728504_#1more_8,5
1000.0,-300077497#5,26
1000.0,-300077497#8,2
1000.0,-35274074#2,12
1000.0,-51362429#1,7
1000.0,-51362430,18
1000.0,-593847703#3,30
1000.0,-E0,20
1000.0,1068234498#0,36
1000.0,1068234499#0,1
1000.0,1068440001,9
1000.0,1068440004#1,14
1000.0,186602412#0,2
1000.0,196961377#0,3
1000.0,196961377#3,3
1000.0,238526531#0,25
1000.0,244450512#1,2
1000.0,260881642#0,3
1000.0,263217604#0,2
1000.0,300077497#0,2
1000.0,300077497#6,4
1000.0,30620492#0,18
1000.0,30620492#1,5
1000.0,484988951#0,4
1000.0,49073226#2,9
1000.0,506322844#0,3
1000.0,506322846#0,1
1000.0,51362429#0,17
1000.0,593844221#0,1
1000.0,593849711#2,10
1000.0,:1973482489_8,1
1000.0,:2749340167_0,1
1000.0,:3086736518_4,1
1000.0,:3086736518_6,1
1000.0,:655375232_11,1
1000.0,:655375232_2,3
1000.0,:655375232_6,2
1000.0,:655375232_8,1
1000.0,:655375233_0,2
1000.0,:655375233_4,3
1000.0,:655375233_8,7
1000.0,:655375238_5,1
1000.0,:655375239_5,1
1000.0,:cluster11510670762_4554226152_0,1
1000.0,:cluster_2528018119_655375236_32,1
1000.0,:cluster_2528018119_655375236_8,1
1000.0,:cluster_2664674491_655375287_655375288_5,1
1000.0,:cluster_3208478133_655375293_655375296_9631728504_#1more_8,5
1020.0,-300077497#5,27
1020.0,-300077497#8,4
1020.0,-35274074#2,11
1020.0,-51362429#1,8
1020.0,-51362430,19
1020.0,-593847703#3,29
1020.0,-E0,20
1020.0,1068234498#0,36
1020.0,1068234499#0,1
1020.0,1068440001,7
1020.0,1068440004#1,14
1020.0,196961377#0,3
1020.0,196961377#3,3
1020.0,238526531#0,24
1020.0,244450512#1,2
1020.0,260881642#0,2
1020.0,263217604#0,2
1020.0,300077497#6,4
1020.0,30620492#0,18
1020.0,30620492#1,5
1020.0,35274074#0,2
1020.0,484988951#0,4
1020.0,49073226#2,9
1020.0,49695736#0,3
1020.0,506322844#0,5
1020.0,51362429#0,17
1020.0,593844221#0,1
1020.0,593849711#2,10
1020.0,:2749340167_0,1
1020.0,:3086736518_4,1
1020.0,:3086736518_6,1
1020.0,:655375232_2,3
1020.0,:655375232_6,2
1020.0,:655375232_8,1
1020.0,:655375233_0,2
1020.0,:655375233_4,5
1020.0,:655375233_8,7
1020.0,:655375238_2,1
1020.0,:655375238_6,1
1020.0,:cluster11510670762_4554226152_0,2
1020.0,:cluster655375336_end_0_655375336_end_1_655375336_end_10_655375336_end_11_#8more_25,1
1020.0,:cluster_2038168688_655375573_25,1
1020.0,:cluster_2528018119_655375236_20,1
1020.0,:cluster_2528018119_655375236_32,1
1040.0,-300077497#5,27
1040.0,-300077497#8,4
1040.0,-35274074#2,12
1040.0,-51362429#1,6
1040.0,-51362430,17
1040.0,-593847703#3,29
1040.0,-E0,20
1040.0,1068234498#0,36
1040.0,1068234499#0,1
1040.0,1068440001,9
1040.0,1068440004#1,14
1040.0,196961377#3,6
1040.0,238526531#0,24
1040.0,244450512#1,2
1040.0,263217604#0,2
1040.0,288878926#0,4
1040.0,300077497#0,2
1040.0,30620492#0,18
1040.0,30620492#1,5
1040.0,35274074#0,1
1040.0,484988951#0,4
1040.0,49073226#2,4
1040.0,49695736#0,3
1040.0,506322844#0,5
1040.0,506322846#0,1
1040.0,51362429#0,17
1040.0,593849711#2,10
1040.0,:2749340167_0,1
1040.0,:3086736518_4,1
1040.0,:3086736518_6,1
1040.0,:655375232_2,3
1040.0,:655375232_6,2
1040.0,:655375232_8,1
1040.0,:655375233_0,2
1040.0,:655375233_4,5
1040.0,:655375233_8,7
1040.0,:655375238_2,1
1040.0,:655375238_6,1
1040.0,:cluster11510670762_4554226152_0,2
1040.0,:cluster_2038168688_655375573_23,1
1040.0,:cluster_2038168688_655375573_3,1
1040.0,:cluster_3431431575_4777363357_655375231_6982059025_3,2
1040.0,:cluster_623980147_623980152_9,1
1060.0,-300077497#5,25
1060.0,-300077497#8,4
1060.0,-35274074#2,11
1060.0,-51362430,19
1060.0,-593847703#3,31
1060.0,-E0,20
1060.0,1068234498#0,32
1060.0,1068234499#0,1
1060.0,1068440001,9
1060.0,1068440004#1,14
1060.0,186602412#0,3
1060.0,196961377#3,5
1060.0,238526531#0,27
1060.0,244450512#1,2
1060.0,288878926#0,5
1060.0,30620492#0,18
1060.0,30620492#1,5
1060.0,484988951#0,4
1060.0,49073226#2,4
1060.0,49695736#0,3
1060.0,506322844#0,5
1060.0,506322846#0,2
1060.0,51362429#0,17
1060.0,593849711#0,1
1060.0,593849711#2,10
1060.0,594658757#0,1
1060.0,594658760#0,1
1060.0,:1973482489_3,1
1060.0,:2749340167_0,1
1060.0,:3086736518_4,1
1060.0,:3086736518_6,1
1060.0,:655375232_2,3
1060.0,:655375232_6,2
1060.0,:655375232_8,1
1060.0,:655375233_0,2
1060.0,:655375233_4,5
1060.0,:655375233_8,7
1060.0,:655375238_2,1
1060.0,:655375238_3,1
1060.0,:cluster11510670762_4554226152_0,2
1060.0,:cluster622618015_622618108_622618112_622618144_#2more_2,1
1060.0,:cluster622618015_622618108_622618112_622618144_#2more_26,1
1060.0,:cluster_2038168688_655375573_23,1
1060.0,:cluster_3431431575_4777363357_655375231_6982059025_3,1
1060.0,:cluster_5372642442_631668976_631668981_631669076_22,1
1060.0,:cluster_623980147_623980152_4,1
1080.0,-300077497#5,24
1080.0,-300077497#8,3
1080.0,-35274074#2,11
1080.0,-51362430,19
1080.0,-593847703#3,32
1080.0,-E0,20
1080.0,1068234498#0,31
1080.0,1068234499#0,2
1080.0,1068440001,9
1080.0,1068440004#1,14
1080.0,182334378#0,1
1080.0,186602412#0,2
1080.0,196961377#3,3
1080.0,238526531#0,28
1080.0,244450512#1,2
1080.0,288878926#0,9
1080.0,30620492#0,18
1080.0,30620492#1,5
1080.0,484988951#0,4
1080.0,49695736#0,3
1080.0,506322844#0,5
1080.0,51362429#0,16
1080.0,593847703#0,2
1080.0,593847704#0,1
1080.0,593849711#0,2
1080.0,593849711#2,10
1080.0,594658757#0,1
1080.0,594658760#0,1
1080.0,:2749340167_0,1
1080.0,:3086736518_0,1
1080.0,:3086736518_4,1
1080.0,:655375232_2,2
1080.0,:655375232_6,2
1080.0,:655375232_8,1
1080.0,:655375233_0,2
1080.0,:655375233_4,5
1080.0,:655375233_8,7
1080.0,:655375238_3,1
1080.0,:655375238_5,1
1080.0,:cluster11510670762_4554226152_0,2
1080.0,:cluster622618015_622618108_622618112_622618144_#2more_49,1
1080.0,:cluster_5372642442_631668976_631668981_631669076_22,1
1100.0,-1334905223#2,1
1100.0,-300077497#5,25
1100.0,-300077497#8,2
1100.0,-35274074#2,11
1100.0,-51362429#1,2
1100.0,-51362430,19
1100.0,-593847703#3,33
1100.0,-E0,20
1100.0,1068234498#0,32
1100.0,1068440001,9
1100.0,1068440004#1,14
1100.0,196961377#3,3
1100.0,238526531#0,25
1100.0,244450512#1,2
1100.0,288878926#0,9
1100.0,300077497#0,4
1100.0,300077497#6,1
1100.0,30620492#0,18
1100.0,30620492#1,5
1100.0,484988951#0,4
1100.0,506322844#0,4
1100.0,51362429#0,17
1100.0,51362430,1
1100.0,593847703#0,1
1100.0,593847704#0,1
1100.0,593849711#2,6
1100.0,594658757#0,1
1100.0,594658760#0,1
1100.0,:2749340167_0,1
1100.0,:3086736518_0,1
1100.0,:3086736518_4,1
1100.0,:655375232_11,1
1100.0,:655375232_2,2
1100.0,:655375232_6,3
1100.0,:655375232_8,1
1100.0,:655375233_0,2
1100.0,:655375233_4,5
1100.0,:655375233_8,7
1100.0,:655375238_5,2
1100.0,:655375239_5,1
1100.0,:655375241_0,1
1100.0,:cluster11510670762_4554226152_0,2
1100.0,:cluster_2038168688_655375573_8,1
1100.0,:cluster_2528018119_655375236_29,1
1120.0,-300077497#5,27
1120.0,-300077497#8,4
1120.0,-35274074#2,12
1120.0,-51362430,19
1120.0,-593847703#3,32
1120.0,-E0,20
1120.0,1068234498#0,32
1120.0,1068440001,9
1120.0,1068440004#1,14
1120.0,196961377#3,3
1120.0,238526531#0,25
1120.0,244450512#1,2
1120.0,288878926#0,9
1120.0,300077497#6,1
1120.0,30620492#0,18
1120.0,30620492#1,5
1120.0,35274074#0,3
1120.0,484988951#0,5
1120.0,49073226#2,4
1120.0,506322844#0,5
1120.0,51362429#0,17
1120.0,593847703#0,1
1120.0,593849711#2,5
1120.0,593849718#0,1
1120.0,594658757#0,1
1120.0,594658760#0,1
1120.0,:2749340167_0,1
1120.0,:3086736518_0,1
1120.0,:3086736518_4,1
1120.0,:655375232_2,2
1120.0,:655375232_6,3
1120.0,:655375232_8,1
1120.0,:655375233_0,2
1120.0,:655375233_4,6
1120.0,:655375233_8,7
1120.0,:655375239_3,1
1120.0,:cluster11510670762_4554226152_0,2
1140.0,-300077497#5,26
1140.0,-300077497#8,4
1140.0,-35274074#2,12
1140.0,-51362430,16
1140.0,-593847703#3,33
1140.0,-E0,20
1140.0,1068234498#0,31
1140.0,1068440001,7
1140.0,1068440004#1,9
1140.0,196961377#3,2
1140.0,238526531#0,26
1140.0,244450512#1,3
1140.0,260881642#0,3
1140.0,288878926#0,7
1140.0,300077497#0,1
1140.0,30620492#0,18
1140.0,30620492#1,5
1140.0,484988951#0,5
1140.0,49073226#2,4
1140.0,506322844#0,6
1140.0,506322846#0,3
1140.0,51362429#0,17
1140.0,593844221#0,1
1140.0,593847702#0,7
1140.0,593847703#0,2
1140.0,593849711#2,5
1140.0,594658757#0,1
1140.0,594658760#0,1
1140.0,:2749340167_0,1
1140.0,:3086736518_0,1
1140.0,:3086736518_4,1
1140.0,:655375232_2,2
1140.0,:655375232_6,3
1140.0,:655375232_8,1
1140.0,:655375233_4,6
1140.0,:655375233_8,5
1140.0,:cluster11510670762_4554226152_0,1
1140.0,:cluster622618015_622618108_622618112_622618144_#2more_2,1
1140.0,:cluster622618015_622618108_622618112_622618144_#2more_26,1
1140.0,:cluster_3208478133_655375293_655375296_9631728504_#1more_8,5
1140.0,:cluster_5372642442_631668976_631668981_631669076_26,1
1160.0,-300077497#5,26
1160.0,-300077497#8,3
1160.0,-35274074#2,11
1160.0,-51362430,16
1160.0,-593847703#3,34
1160.0,-593847704#2,6
1160.0,-E0,20
1160.0,1068234498#0,35
1160.0,1068440001,6
1160.0,1068440004#1,8
1160.0,186602412#0,1
1160.0,196961377#3,1
1160.0,238526531#0,27
1160.0,244450512#1,2
1160.0,260881642#0,4
1160.0,300077497#0,1
1160.0,30620492#0,18
1160.0,30620492#1,5
1160.0,484988951#0,5
1160.0,49073226#2,4
1160.0,49695736#0,2
1160.0,506322844#0,6
1160.0,506322846#0,1
1160.0,51362429#0,17
1160.0,593844221#0,1
1160.0,593847702#0,7
1160.0,593849711#2,5
1160.0,594658757#0,1
1160.0,594658760#0,1
1160.0,:2749340167_0,1
1160.0,:3086736518_0,1
1160.0,:3086736518_4,1
1160.0,:655375232_2,2
1160.0,:655375232_6,3
1160.0,:655375232_8,1
1160.0,:655375233_4,6
1160.0,:655375233_8,6
1160.0,:655375238_2,1
1160.0,:cluster11510670762_4554226152_0,1
1160.0,:cluster622618015_622618108_622618112_622618144_#2more_26,1
1160.0,:cluster622618015_622618108_622618112_622618144_#2more_49,1
1160.0,:cluster_3208478133_655375293_655375296_9631728504_#1more_8,5
1180.0,-300077497#5,27
1180.0,-300077497#8,4
1180.0,-35274074#2,11
1180.0,-51362430,18
1180.0,-593847703#3,34
1180.0,-E0,19
1180.0,1068234498#0,35
1180.0,1068440001,7
1180.0,1068440004#1,8
1180.0,186602412#0,1
1180.0,238526531#0,24
1180.0,244450512#1,2
1180.0,260881642#0,3
1180.0,263217604#0,1
1180.0,300077497#0,2
1180.0,30620492#0,18
1180.0,30620492#1,5
1180.0,35274074#0,1
1180.0,484988951#0,5
1180.0,49073226#2,4
1180.0,506322844#0,4
1180.0,506322848#0,1
1180.0,51362429#0,13
1180.0,593844221#0,1
1180.0,593849711#2,5
1180.0,593849718#0,3
1180.0,594658757#0,1
1180.0,594658760#0,1
1180.0,:2749340167_0,1
1180.0,:3086736518_0,3
1180.0,:3086736518_4,1
1180.0,:3086736518_6,1
1180.0,:655375232_2,2
1180.0,:655375232_6,3
1180.0,:655375232_8,1
1180.0,:655375233_0,2
1180.0,:655375233_4,6
1180.0,:655375233_8,6
1180.0,:655375238_3,1
1180.0,:655375238_5,1
1180.0,:cluster11510670762_4554226152_0,1
1180.0,:cluster622618015_622618108_622618112_622618144_#2more_31,4
1180.0,:cluster_2664674491_655375287_655375288_5,1
1180.0,:cluster_3208478133_655375293_655375296_9631728504_#1more_8,5
1180.0,:cluster_9383263990_9383263991_9383263992_9383263993_7,1
1200.0,-300077497#5,27
1200.0,-300077497#8,4
1200.0,-35274074#2,11
1200.0,-51362429#1,1
1200.0,-51362430,17
1200.0,-593847703#3,34
1200.0,-E0,19
1200.0,1068234498#0,35
1200.0,1068440001,9
1200.0,1068440004#1,8
1200.0,1068440006#0,1
1200.0,238526531#0,24
1200.0,244450512#1,3
1200.0,260881642#0,2
1200.0,263217604#0,3
1200.0,300077497#0,1
1200.0,30620492#0,18
1200.0,30620492#1,5
1200.0,35274074#0,1
1200.0,484988951#0,3
1200.0,49073226#2,4
1200.0,506322844#0,5
1200.0,51362429#0,15
1200.0,593849711#2,3
1200.0,594658757#0,1
1200.0,594658760#0,1
1200.0,:2749340167_0,1
1200.0,:3086736518_0,3
1200.0,:3086736518_4,1
1200.0,:3086736518_6,1
1200.0,:655375232_2,2
1200.0,:655375232_6,3
1200.0,:655375232_8,1
1200.0,:655375233_0,2
1200.0,:655375233_4,6
1200.0,:655375233_8,6
1200.0,:655375238_1,1
1200.0,:655375238_3,1
1200.0,:655375238_5,1
1200.0,:cluster11510670762_4554226152_0,1
1200.0,:cluster655375336_end_0_655375336_end_1_655375336_end_10_655375336_end_11_#8more_25,2
1200.0,:cluster_3208478133_655375293_655375296_9631728504_#1more_8,4
1200.0,:cluster_3431431575_4777363357_655375231_6982059025_5,1
1220.0,-300077497#5,27
1220.0,-300077497#8,4
1220.0,-35274074#2,11
1220.0,-51362429#1,2
1220.0,-51362430,19
1220.0,-593847701,1
1220.0,-593847703#3,30
1220.0,-E0,19
1220.0,1068234498#0,36
1220.0,1068440001,8
1220.0,1068440004#1,8
1220.0,1068440006#0,1
1220.0,238526531#0,24
1220.0,244450512#1,3
1220.0,263217604#0,3
1220.0,300077497#0,2
1220.0,30620492#0,18
1220.0,30620492#1,5
1220.0,484988951#0,4
1220.0,49073226#2,8
1220.0,49695736#0,5
1220.0,506322844#0,5
1220.0,51362429#0,17
1220.0,594658757#0,1
1220.0,594658760#0,1
1220.0,:2749340167_0,1
1220.0,:3086736518_0,3
1220.0,:3086736518_4,2
1220.0,:3086736518_6,1
1220.0,:655375232_2,2
1220.0,:655375232_6,3
1220.0,:655375232_8,1
1220.0,:655375233_0,2
1220.0,:655375233_4,5
1220.0,:655375233_8,6
1220.0,:655375238_1,1
1220.0,:655375238_3,1
1220.0,:655375238_5,1
1220.0,:cluster11510670762_4554226152_0,2
1220.0,:cluster_2038168688_655375573_23,1
1220.0,:cluster_3431431575_4777363357_655375231_6982059025_3,1
1240.0,-300077497#5,25
1240.0,-300077497#8,4
1240.0,-35274074#2,11
1240.0,-51362429#1,2
1240.0,-51362430,19
1240.0,-593847701,1
1240.0,-593847703#3,30
1240.0,-E0,19
1240.0,1068234498#0,33
1240.0,1068440001,8
1240.0,1068440004#1,8
1240.0,1068440006#0,1
1240.0,186602412#0,1
1240.0,238526531#0,26
1240.0,244450512#1,3
1240.0,244450512#4,1
1240.0,300077497#0,2
1240.0,30620492#0,18
1240.0,30620492#1,5
1240.0,484988951#0,4
1240.0,49073226#2,9
1240.0,49695736#0,5
1240.0,506322844#0,5
1240.0,51362429#0,17
1240.0,594658757#0,1
1240.0,594658760#0,3
1240.0,:2749340167_0,1
1240.0,:3086736518_0,3
1240.0,:3086736518_4,2
1240.0,:3086736518_6,1
1240.0,:655375232_2,2
1240.0,:655375232_6,3
1240.0,:655375232_8,1
1240.0,:655375233_0,2
1240.0,:655375233_4,5
1240.0,:655375233_8,6
1240.0,:655375238_1,1
1240.0,:655375238_3,1
1240.0,:655375238_5,1
1240.0,:cluster11510670762_4554226152_0,2
1240.0,:cluster_2528018119_655375236_17,2
1240.0,:cluster_5372642442_631668976_631668981_631669076_22,1
1260.0,-300077497#5,25
1260.0,-300077497#8,4
1260.0,-35274074#2,11
1260.0,-51362429#1,2
1260.0,-51362430,19
1260.0,-593847701,1
1260.0,-593847703#3,32
1260.0,-E0,19
1260.0,1068234498#0,33
1260.0,1068234499#0,1
1260.0,1068440001,8
1260.0,1068440004#1,8
1260.0,232003903#0,1
1260.0,238526531#0,26
1260.0,244450512#1,3
1260.0,244450512#5,1
1260.0,300077497#0,2
1260.0,30620492#0,18
1260.0,30620492#1,5
1260.0,484988951#0,4
1260.0,49073226#2,9
1260.0,49695736#0,5
1260.0,506322844#0,5
1260.0,51362429#0,17
1260.0,594658757#0,1
1260.0,594658760#0,3
1260.0,:2749340167_0,1
1260.0,:3086736518_0,3
1260.0,:3086736518_4,2
1260.0,:3086736518_6,1
1260.0,:655375232_2,2
1260.0,:655375232_6,3
1260.0,:655375232_8,1
1260.0,:655375233_0,2
1260.0,:655375233_4,5
1260.0,:655375233_8,6
1260.0,:655375238_1,1
1260.0,:655375238_3,1
1260.0,:655375238_5,1
1260.0,:cluster11510670762_4554226152_0,2
1280.0,-300077497#5,27
1280.0,-300077497#8,4
1280.0,-35274074#2,11
1280.0,-51362429#1,2
1280.0,-51362430,19
1280.0,-593847701,1
1280.0,-593847703#3,32
1280.0,-E0,19
1280.0,1068234498#0,33
1280.0,1068440001,8
1280.0,1068440004#1,8
1280.0,238526531#0,26
1280.0,244450512#1,3
1280.0,244450512#5,1
1280.0,288878926#0,6
1280.0,300077497#0,6
1280.0,30620492#0,17
1280.0,30620492#1,5
1280.0,35274074#0,1
1280.0,484988951#0,5
1280.0,49073226#2,2
1280.0,506322844#0,5
1280.0,51362429#0,16
1280.0,594658757#0,1
1280.0,594658760#0,3
1280.0,:2749340167_0,1
1280.0,:3086736518_0,3
1280.0,:3086736518_4,2
1280.0,:3086736518_6,1
1280.0,:655375232_2,3
1280.0,:655375232_6,3
1280.0,:655375232_8,1
1280.0,:655375233_0,2
1280.0,:655375233_4,5
1280.0,:655375233_8,6
1280.0,:655375238_1,1
1280.0,:655375238_3,1
1280.0,:cluster11510670762_4554226152_0,2
1280.0,:cluster_2528018119_655375236_29,1
1280.0,:cluster_623980147_623980152_4,1
1300.0,-300077497#5,27
1300.0,-300077497#8,4
1300.0,-35274074#2,12
1300.0,-51362430,19
1300.0,-593847701,1
1300.0,-593847703#3,33
1300.0,-E0,19
1300.0,1068234498#0,33
1300.0,1068440001,8
1300.0,1068440004#1,8
1300.0,238526531#0,25
1300.0,244450512#1,3
1300.0,244450512#5,1
1300.0,288878926#0,10
1300.0,300077497#0,1
1300.0,30620492#0,18
1300.0,30620492#1,5
1300.0,35274074#0,8
1300.0,484988951#0,4
1300.0,506322844#0,5
1300.0,51362429#0,17
1300.0,594658757#0,1
1300.0,594658760#0,3
1300.0,:2749340167_0,1
1300.0,:3086736518_0,3
1300.0,:3086736518_4,2
1300.0,:3086736518_6,1
1300.0,:655375232_2,4
1300.0,:655375232_6,3
1300.0,:655375232_8,1
1300.0,:655375233_0,2
1300.0,:655375233_4,5
1300.0,:655375233_8,6
1300.0,:cluster11510670762_4554226152_0,2
1300.0,:cluster_623980147_623980152_4,1
1320.0,-300077497#5,26
1320.0,-300077497#8,4
1320.0,-35274074#2,12
1320.0,-51362430,16
1320.0,-593847701,1
1320.0,-593847703#3,34
1320.0,-593847704#2,2
1320.0,-E0,19
1320.0,1068234498#0,32
1320.0,1068440001,6
1320.0,1068440004#1,8
1320.0,238526531#0,25
1320.0,244450512#1,3
1320.0,260881642#0,3
1320.0,288878926#0,9
1320.0,30620492#0,18
1320.0,30620492#1,5
1320.0,484988951#0,4
1320.0,49695736#0,1
1320.0,506322844#0,5
1320.0,506322846#0,7
1320.0,51362429#0,17
1320.0,51362430,1
1320.0,593844221#0,3
1320.0,594658757#0,1
1320.0,594658760#0,3
1320.0,:1973482489_3,1
1320.0,:2749340167_0,1
1320.0,:3086736518_0,3
1320.0,:3086736518_4,2
1320.0,:3086736518_6,1
1320.0,:655375232_2,4
1320.0,:655375232_6,3
1320.0,:655375232_8,1
1320.0,:655375233_0,2
1320.0,:655375233_4,5
1320.0,:655375233_8,6
1320.0,:656132414_2,1
1320.0,:cluster_3208478133_655375293_655375296_9631728504_#1more_8,2
1320.0,:cluster_5372642442_631668976_631668981_631669076_45,1
1340.0,-300077497#5,26
1340.0,-300077497#8,3
1340.0,-35274074#2,11
1340.0,-51362430,13
1340.0,-593847701,1
1340.0,-593847703#3,35
1340.0,-593847704#2,4
1340.0,-E0,19
1340.0,1068234498#0,32
1340.0,1068440001,8
1340.0,1068440004#1,8
1340.0,186602412#0,5
1340.0,238526531#0,26
1340.0,244450512#1,2
1340.0,260881642#0,4
1340.0,288878926#0,2
1340.0,30620492#0,18
1340.0,30620492#1,5
1340.0,484988951#0,5
1340.0,49695736#0,3
1340.0,506322844#0,5
1340.0,506322846#0,1
1340.0,51362429#0,17
1340.0,593844221#0,2
1340.0,594658757#0,1
1340.0,594658760#0,3
1340.0,:1973482489_8,1
1340.0,:2749340167_0,1
1340.0,:3086736518_0,3
1340.0,:3086736518_4,2
1340.0,:3086736518_6,1
1340.0,:655375232_2,4
1340.0,:655375232_6,3
1340.0,:655375232_8,1
1340.0,:655375233_0,2
1340.0,:655375233_4,5
1340.0,:655375233_8,6
1340.0,:655375238_2,1
1340.0,:cluster11510670762_4554226152_0,1
1340.0,:cluster655375336_end_0_655375336_end_1_655375336_end_10_655375336_end_11_#8more_25,1
1340.0,:cluster_3208478133_655375293_655375296_9631728504_#1more_8,3
1360.0,-300077497#5,27
1360.0,-300077497#8,3
1360.0,-35274074#2,11
1360.0,-51362430,15
1360.0,-593847701,1
1360.0,-593847703#3,35
1360.0,-E0,19
1360.0,1068234498#0,32
1360.0,1068440001,9
1360.0,1068440004#1,8
1360.0,238526531#0,25
1360.0,244450512#1,3
1360.0,260881642#0,3
1360.0,288878926#0,2
1360.0,300077497#0,2
1360.0,30620492#0,18
1360.0,30620492#1,5
1360.0,484988951#0,5
1360.0,506322844#0,5
1360.0,51362429#0,17
1360.0,593844221#0,2
1360.0,594658757#0,1
1360.0,594658760#0,3
1360.0,:2749340167_0,1
1360.0,:3086736518_0,3
1360.0,:3086736518_4,2
1360.0,:3086736518_6,1
1360.0,:655375232_2,4
1360.0,:655375232_6,3
1360.0,:655375232_8,1
1360.0,:655375233_0,2
1360.0,:655375233_4,5
1360.0,:655375233_8,6
1360.0,:655375238_3,1
1360.0,:655375238_5,1
1360.0,:cluster11510670762_4554226152_0,1
1360.0,:cluster_2528018119_655375236_20,1
1360.0,:cluster_2528018119_655375236_32,1
1360.0,:cluster_3208478133_655375293_655375296_9631728504_#1more_8,5
1380.0,-300077497#5,27
1380.0,-300077497#8,4
1380.0,-35274074#2,11
1380.0,-51362430,18
1380.0,-593847701,1
1380.0,-593847703#3,35
1380.0,-E0,19
1380.0,1068234498#0,34
1380.0,1068440001,9
1380.0,1068440004#1,8
1380.0,238526531#0,25
1380.0,244450512#1,2
1380.0,260881642#0,2
1380.0,288878926#0,2
1380.0,300077497#0,3
1380.0,30620492#0,18
1380.0,30620492#1,5
1380.0,484988951#0,5
1380.0,506322844#0,5
1380.0,51362429#0,17
1380.0,593844221#0,2
1380.0,594658760#0,2
1380.0,:2749340167_0,1
1380.0,:3086736518_0,3
1380.0,:3086736518_4,2
1380.0,:3086736518_6,1
1380.0,:655375232_2,4
1380.0,:655375232_6,3
1380.0,:655375232_8,1
1380.0,:655375233_0,2
1380.0,:655375233_4,5
1380.0,:655375233_8,6
1380.0,:655375238_1,1
1380.0,:655375238_3,1
1380.0,:655375238_5,1
1380.0,:cluster11510670762_4554226152_0,1
1380.0,:cluster_3208478133_655375293_655375296_9631728504_#1more_8,5
1400.0,-300077497#5,27
1400.0,-300077497#8,4
1400.0,-35274074#2,11
1400.0,-51362430,19
1400.0,-593847701,1
1400.0,-593847703#3,35
1400.0,-E0,19
1400.0,1068234498#0,35
1400.0,1068440001,8
1400.0,1068440004#1,8
1400.0,238526531#0,25
1400.0,244450512#1,2
1400.0,288878926#0,2
1400.0,300077497#0,3
1400.0,30620492#0,18
1400.0,30620492#1,5
1400.0,484988951#0,5
1400.0,49695736#0,5
1400.0,506322844#0,5
1400.0,51362429#0,17
1400.0,594658760#0,2
1400.0,:2749340167_0,1
1400.0,:3086736518_0,3
1400.0,:3086736518_4,2
1400.0,:3086736518_6,1
1400.0,:655375232_2,4
1400.0,:655375232_6,3
1400.0,:655375232_8,1
1400.0,:655375233_0,2
1400.0,:655375233_4,5
1400.0,:655375233_8,6
1400.0,:655375238_1,1
1400.0,:655375238_3,1
1400.0,:655375238_5,1
1400.0,:cluster11510670762_4554226152_0,2
1400.0,:cluster655375336_end_0_655375336_end_1_655375336_end_10_655375336_end_11_#8more_25,2
1420.0,-300077497#5,27
1420.0,-300077497#8,4
1420.0,-35274074#2,11
1420.0,-51362430,19
1420.0,-593847701,1
1420.0,-593847703#3,35
1420.0,-E0,19
1420.0,1068234498#0,36
1420.0,1068234499#0,1
1420.0,1068440001,8
1420.0,1068440004#1,8
1420.0,238526531#0,25
1420.0,244450512#1,2
1420.0,300077497#0,3
1420.0,30620492#0,18
1420.0,30620492#1,5
1420.0,484988951#0,5
1420.0,49695736#0,7
1420.0,506322844#0,5
1420.0,51362429#0,17
1420.0,594658760#0,2
1420.0,:2749340167_0,1
1420.0,:3086736518_0,3
1420.0,:3086736518_4,2
1420.0,:3086736518_6,1
1420.0,:655375232_2,4
1420.0,:655375232_6,3
1420.0,:655375232_8,1
1420.0,:655375233_0,2
1420.0,:655375233_4,5
1420.0,:655375233_8,6
1420.0,:655375238_1,1
1420.0,:655375238_3,1
1420.0,:655375238_5,1
1420.0,:cluster11510670762_4554226152_0,2
1440.0,-300077497#5,27
1440.0,-300077497#8,4
1440.0,-35274074#2,11
1440.0,-51362430,19
1440.0,-593847701,1
1440.0,-593847703#3,35
1440.0,-E0,19
1440.0,1068234498#0,36
1440.0,1068234499#0,1
1440.0,1068440001,8
1440.0,1068440004#1,8
1440.0,238526531#0,25
1440.0,244450512#1,2
1440.0,300077497#0,3
1440.0,30620492#0,18
1440.0,30620492#1,5
1440.0,484988951#0,5
1440.0,49695736#0,7
1440.0,506322844#0,5
1440.0,51362429#0,17
1440.0,593847702#0,1
1440.0,594658760#0,2
1440.0,:2749340167_0,1
1440.0,:3086736518_0,3
1440.0,:3086736518_4,2
1440.0,:3086736518_6,1
1440.0,:655375232_2,4
1440.0,:655375232_6,3
1440.0,:655375232_8,1
1440.0,:655375233_0,2
1440.0,:655375233_4,5
1440.0,:655375233_8,5
1440.0,:655375238_1,1
1440.0,:655375238_3,1
1440.0,:655375238_5,1
1440.0,:cluster11510670762_4554226152_0,2
1460.0,-300077497#5,27
1460.0,-300077497#8,4
1460.0,-35274074#2,11
1460.0,-51362430,19
1460.0,-593847701,1
1460.0,-593847703#3,35
1460.0,-E0,19
1460.0,1068234498#0,36
1460.0,1068440001,8
1460.0,1068440004#1,6
1460.0,238526531#0,25
1460.0,244450512#1,2
1460.0,300077497#0,9
1460.0,30620492#0,18
1460.0,30620492#1,5
1460.0,484988951#0,5
1460.0,506322844#0,5
1460.0,51362429#0,17
1460.0,593849718#0,3
1460.0,594658760#0,2
1460.0,:2749340167_0,1
1460.0,:3086736518_0,3
1460.0,:3086736518_4,2
1460.0,:3086736518_6,1
1460.0,:655375232_2,4
1460.0,:655375232_6,3
1460.0,:655375232_8,1
1460.0,:655375233_0,2
1460.0,:655375233_4,5
1460.0,:655375233_8,4
1460.0,:655375238_1,1
1460.0,:655375238_3,1
1460.0,:655375238_5,1
1460.0,:cluster11510670762_4554226152_0,2
1460.0,:cluster622618015_622618108_622618112_622618144_#2more_31,1
1460.0,:cluster_2528018119_655375236_12,1
1460.0,:cluster_2528018119_655375236_20,1
1480.0,-300077497#5,27
1480.0,-300077497#8,4
1480.0,-35274074#2,11
1480.0,-51362430,19
1480.0,-593847701,1
1480.0,-593847703#3,35
1480.0,-E0,18
1480.0,1068234498#0,36
1480.0,1068440001,8
1480.0,1068440004#1,6
1480.0,238526531#0,25
1480.0,244450512#1,2
1480.0,300077497#0,11
1480.0,30620492#0,18
1480.0,30620492#1,5
1480.0,484988951#0,5
1480.0,506322844#0,5
1480.0,51362429#0,17
1480.0,593847703#0,1
1480.0,594658760#0,2
1480.0,:2749340167_0,1
1480.0,:3086736518_0,3
1480.0,:3086736518_4,2
1480.0,:3086736518_6,1
1480.0,:655375232_2,4
1480.0,:655375232_6,3
1480.0,:655375232_8,1
1480.0,:655375233_0,1
1480.0,:655375233_4,5
1480.0,:655375233_8,4
1480.0,:655375238_1,1
1480.0,:655375238_3,1
1480.0,:655375238_5,1
1480.0,:cluster11510670762_4554226152_0,2
1480.0,:cluster622618015_622618108_622618112_622618144_#2more_39,1
1500.0,-300077497#5,27
1500.0,-300077497#8,4
1500.0,-35274074#2,11
1500.0,-51362430,17
1500.0,-593847701,1
1500.0,-593847703#3,35
1500.0,-E0,18
1500.0,1068234498#0,36
1500.0,1068440001,3
1500.0,1068440004#1,6
1500.0,1068440006#0,2
1500.0,238526531#0,25
1500.0,244450512#1,2
1500.0,260881642#0,3
1500.0,300077497#0,13
1500.0,30620492#0,18
1500.0,30620492#1,5
1500.0,484988951#0,4
1500.0,49695736#0,3
1500.0,506322844#0,5
1500.0,51362429#0,15
1500.0,593847703#0,1
1500.0,594658760#0,2
1500.0,:2749340167_0,1
1500.0,:3086736518_0,3
1500.0,:3086736518_4,2
1500.0,:3086736518_6,1
1500.0,:655375232_2,2
1500.0,:655375232_6,1
1500.0,:655375232_8,1
1500.0,:655375233_0,2
1500.0,:655375233_4,5
1500.0,:655375233_8,4
1500.0,:655375238_1,1
1500.0,:655375238_3,1
1500.0,:655375238_5,1
1500.0,:656132414_2,1
1500.0,:cluster11510670762_4554226152_0,1
1500.0,:cluster655375336_end_0_655375336_end_1_655375336_end_10_655375336_end_11_#8more_25,2
1500.0,:cluster_2528018119_655375236_3,2
1500.0,:cluster_2664674491_655375287_655375288_5,1
1500.0,:cluster_3208478133_655375293_655375296_9631728504_#1more_8,2
1520.0,-300077497#5,27
1520.0,-300077497#8,4
1520.0,-35274074#2,11
1520.0,-51362429#1,3
1520.0,-51362430,11
1520.0,-593847703#3,34
1520.0,-E0,19
1520.0,1068234498#0,36
1520.0,1068440001,6
1520.0,1068440004#1,6
1520.0,1068440006#0,1
1520.0,232003903#0,1
1520.0,238526531#0,25
1520.0,244450512#1,2
1520.0,260881642#0,3
1520.0,300077497#0,16
1520.0,30620492#0,18
1520.0,30620492#1,5
1520.0,484988951#0,4
1520.0,49695736#0,6
1520.0,506322844#0,5
1520.0,51362429#0,15
1520.0,593844221#0,1
1520.0,593847704#0,1
1520.0,594658760#0,2
1520.0,:2749340167_0,1
1520.0,:3086736518_0,3
1520.0,:3086736518_4,2
1520.0,:3086736518_6,1
1520.0,:655375232_2,2
1520.0,:655375232_6,1
1520.0,:655375233_0,2
1520.0,:655375233_4,4
1520.0,:655375233_8,4
1520.0,:655375238_1,1
1520.0,:655375238_3,1
1520.0,:655375238_5,1
1520.0,:cluster11510670762_4554226152_0,1
1520.0,:cluster_2664674491_655375287_655375288_5,1
1520.0,:cluster_3208478133_655375293_655375296_9631728504_#1more_8,5
1540.0,-300077497#5,27
1540.0,-300077497#8,4
1540.0,-35274074#2,11
1540.0,-51362429#1,3
1540.0,-51362430,9
1540.0,-593847703#3,29
1540.0,-E0,19
1540.0,1068234498#0,36
1540.0,1068440001,7
1540.0,1068440004#1,6
1540.0,232003903#0,2
1540.0,238526531#0,25
1540.0,244450512#1,2
1540.0,260881642#0,4
1540.0,288878926#0,1
1540.0,300077497#0,18
1540.0,30620492#0,18
1540.0,30620492#1,5
1540.0,484988951#0,4
1540.0,49073226#2,2
1540.0,49695736#0,4
1540.0,506322844#0,5
1540.0,51362429#0,15
1540.0,593844221#0,1
1540.0,593847704#0,1
1540.0,594658760#0,2
1540.0,:2749340167_0,1
1540.0,:3086736518_0,3
1540.0,:3086736518_4,1
1540.0,:3086736518_6,1
1540.0,:655375232_2,2
1540.0,:655375232_6,1
1540.0,:655375232_8,2
1540.0,:655375233_0,2
1540.0,:655375233_4,2
1540.0,:655375233_8,4
1540.0,:655375238_1,1
1540.0,:655375238_3,1
1540.0,:655375238_5,1
1540.0,:cluster11510670762_4554226152_0,1
1540.0,:cluster_2528018119_655375236_20,2
1540.0,:cluster_3208478133_655375293_655375296_9631728504_#1more_8,5
1540.0,:cluster_3431431575_4777363357_655375231_6982059025_3,2
1540.0,:cluster_623980147_623980152_9,1
1560.0,-300077497#5,27
1560.0,-300077497#8,4
1560.0,-35274074#2,11
1560.0,-51362430,7
1560.0,-593847703#3,29
1560.0,-E0,19
1560.0,1068234498#0,36
1560.0,1068440001,9
1560.0,1068440004#1,4
1560.0,232003903#0,2
1560.0,238526531#0,25
1560.0,244450512#1,3
1560.0,260881642#0,2
1560.0,288878926#0,6
1560.0,300077497#0,24
1560.0,30620492#0,18
1560.0,30620492#1,5
1560.0,484988951#0,4
1560.0,49073226#2,4
1560.0,506322844#0,5
1560.0,51362429#0,15
1560.0,593844221#0,1
1560.0,594658760#0,2
1560.0,:2749340167_0,1
1560.0,:3086736518_0,3
1560.0,:3086736518_4,1
1560.0,:3086736518_6,1
1560.0,:655375232_2,2
1560.0,:655375232_6,1
1560.0,:655375232_8,1
1560.0,:655375233_0,2
1560.0,:655375233_4,2
1560.0,:655375233_8,6
1560.0,:655375238_1,1
1560.0,:655375238_3,1
1560.0,:655375238_5,1
1560.0,:cluster11510670762_4554226152_0,1
1560.0,:cluster622618015_622618108_622618112_622618144_#2more_42,1
1560.0,:cluster_3208478133_655375293_655375296_9631728504_#1more_8,5
1580.0,-300077497#5,23
1580.0,-300077497#8,4
1580.0,-35274074#2,11
1580.0,-49073264#1,1
1580.0,-51362430,7
1580.0,-593847703#3,31
1580.0,-E0,19
1580.0,1068234498#0,36
1580.0,1068440001,9
1580.0,1068440004#1,4
1580.0,238526531#0,25
1580.0,244450512#1,3
1580.0,288878926#0,6
1580.0,300077497#0,24
1580.0,30620492#0,17
1580.0,30620492#1,5
1580.0,484988951#0,4
1580.0,49073226#2,4
1580.0,506322844#0,5
1580.0,51362429#0,15
1580.0,51362430,2
1580.0,594658760#0,2
1580.0,:2749340167_0,1
1580.0,:3086736518_0,3
1580.0,:3086736518_4,1
1580.0,:3086736518_6,1
1580.0,:655375232_2,2
1580.0,:655375232_6,1
1580.0,:655375232_8,1
1580.0,:655375233_0,2
1580.0,:655375233_4,2
1580.0,:655375233_8,6
1580.0,:655375238_1,1
1580.0,:655375238_3,1
1580.0,:655375238_5,1
1580.0,:cluster11510670762_4554226152_0,1
1580.0,:cluster655375336_end_0_655375336_end_1_655375336_end_10_655375336_end_11_#8more_25,2
1580.0,:cluster_2528018119_655375236_19,1
1580.0,:cluster_2528018119_655375236_31,1
1580.0,:cluster_3208478133_655375293_655375296_9631728504_#1more_8,4
1600.0,-300077497#5,21
1600.0,-300077497#8,4
1600.0,-35274074#2,11
1600.0,-49073264#1,1
1600.0,-51362430,7
1600.0,-593847703#3,32
1600.0,-E0,19
1600.0,1068234498#0,36
1600.0,1068440001,8
1600.0,1068440004#1,4
1600.0,1239087514,1
1600.0,232003903#0,1
1600.0,238526531#0,25
1600.0,244450512#1,3
1600.0,288878926#0,1
1600.0,300077497#0,24
1600.0,30620492#0,17
1600.0,30620492#1,5
1600.0,484988951#0,5
1600.0,49073226#2,4
1600.0,49695736#0,6
1600.0,506322844#0,5
1600.0,51362429#0,14
1600.0,51362430,2
1600.0,593849711#0,1
1600.0,594658760#0,2
1600.0,:2749340167_0,1
1600.0,:3086736518_0,3
1600.0,:3086736518_4,1
1600.0,:3086736518_6,1
1600.0,:655375232_2,3
1600.0,:655375232_6,1
1600.0,:655375232_8,1
1600.0,:655375233_0,2
1600.0,:655375233_4,2
1600.0,:655375233_8,6
1600.0,:655375238_1,1
1600.0,:655375238_3,1
1600.0,:655375238_5,1
1600.0,:cluster11510670762_4554226152_0,2
1620.0,-300077497#5,25
1620.0,-35274074#2,11
1620.0,-49073264#1,1
1620.0,-51362430,7
1620.0,-593847703#3,33
1620.0,-E0,19
1620.0,1068234498#0,36
1620.0,1068440001,8
1620.0,1068440004#1,4
1620.0,182334378#0,1
1620.0,238526531#0,25
1620.0,244450512#1,3
1620.0,300077497#0,23
1620.0,30620492#0,18
1620.0,30620492#1,5
1620.0,484988951#0,5
1620.0,49073226#2,4
1620.0,49695736#0,6
1620.0,506322844#0,5
1620.0,51362429#0,14
1620.0,51362430,4
1620.0,594658760#0,2
1620.0,:2749340167_0,1
1620.0,:3086736518_0,3
1620.0,:3086736518_4,1
1620.0,:3086736518_6,1
1620.0,:655375232_2,3
1620.0,:655375232_6,1
1620.0,:655375232_8,1
1620.0,:655375233_0,2
1620.0,:655375233_4,2
1620.0,:655375233_8,6
1620.0,:655375238_1,1
1620.0,:655375238_3,1
1620.0,:655375238_6,1
1620.0,:cluster11510670762_4554226152_0,2
1640.0,-300077497#5,27
1640.0,-300077497#8,4
1640.0,-35274074#2,12
1640.0,-49073264#1,1
1640.0,-51362429#1,3
1640.0,-51362430,7
1640.0,-593847703#3,27
1640.0,-E0,19
1640.0,1068234498#0,34
1640.0,1068440001,8
1640.0,1068440004#1,4
1640.0,182334378#0,1
1640.0,238526531#0,24
1640.0,244450512#1,3
1640.0,300077497#0,22
1640.0,300077497#6,1
1640.0,30620492#0,18
1640.0,30620492#1,5
1640.0,35274074#0,4
1640.0,484988951#0,5
1640.0,49073226#2,4
1640.0,49695736#0,4
1640.0,506322844#0,4
1640.0,51362429#0,14
1640.0,51362430,4
1640.0,594658760#0,2
1640.0,:2749340167_0,1
1640.0,:3086736518_0,3
1640.0,:3086736518_4,2
1640.0,:3086736518_6,1
1640.0,:655375232_2,3
1640.0,:655375232_6,1
1640.0,:655375232_8,2
1640.0,:655375233_0,2
1640.0,:655375233_4,3
1640.0,:655375233_8,6
1640.0,:655375238_6,1
1640.0,:cluster11510670762_4554226152_0,2
1640.0,:cluster_2038168688_655375573_9,1
1660.0,-1334905223#2,1
1660.0,-300077497#5,27
1660.0,-300077497#8,4
1660.0,-35274074#2,12
1660.0,-51362429#1,4
1660.0,-51362430,7
1660.0,-593847703#3,27
1660.0,-E0,19
1660.0,1068234498#0,34
1660.0,1068440001,8
1660.0,1068440004#1,4
1660.0,182334378#0,1
1660.0,238526531#0,25
1660.0,244450512#1,3
1660.0,263217604#0,1
1660.0,300077497#0,17
1660.0,300077497#6,1
1660.0,30620492#0,18
1660.0,30620492#1,5
1660.0,35274074#0,11
1660.0,484988951#0,5
1660.0,49073226#2,6
1660.0,506322844#0,5
1660.0,51362429#0,14
1660.0,51362430,4
1660.0,594658760#0,2
1660.0,:2749340167_0,1
1660.0,:3086736518_0,3
1660.0,:3086736518_4,1
1660.0,:3086736518_6,1
1660.0,:655375232_2,3
1660.0,:655375232_6,1
1660.0,:655375232_8,1
1660.0,:655375233_0,2
1660.0,:655375233_4,2
1660.0,:655375233_8,6
1660.0,:655375238_6,1
1660.0,:cluster11510670762_4554226152_0,2
1660.0,:cluster_2528018119_655375236_32,1
1680.0,-300077497#5,21
1680.0,-300077497#8,4
1680.0,-35274074#2,12
1680.0,-51362429#1,3
1680.0,-51362430,5
1680.0,-593847703#3,31
1680.0,-E0,19
1680.0,1068234498#0,36
1680.0,1068440001,3
1680.0,1068440004#1,4
1680.0,182334378#0,3
1680.0,238526531#0,26
1680.0,244450512#1,3
1680.0,260881642#0,4
1680.0,300077497#0,10
1680.0,30620492#0,18
1680.0,30620492#1,5
1680.0,35274074#0,7
1680.0,484988951#0,5
1680.0,49073226#2,7
1680.0,49695736#0,3
1680.0,506322844#0,5
1680.0,506322846#0,8
1680.0,51362429#0,14
1680.0,51362430,4
1680.0,594658760#0,2
1680.0,:2749340167_0,1
1680.0,:3086736518_0,3
1680.0,:3086736518_4,1
1680.0,:3086736518_6,1
1680.0,:655375232_2,3
1680.0,:655375232_6,1
1680.0,:655375232_8,1
1680.0,:655375233_0,2
1680.0,:655375233_4,2
1680.0,:655375233_8,6
1680.0,:655375238_6,1
1680.0,:656132414_2,1
1680.0,:cluster11510670762_4554226152_0,1
1680.0,:cluster655375336_end_0_655375336_end_1_655375336_end_10_655375336_end_11_#8more_25,2
1680.0,:cluster_2038168688_655375573_24,1
1680.0,:cluster_2038168688_655375573_3,2
1680.0,:cluster_2038168688_655375573_6,1
1680.0,:cluster_3208478133_655375293_655375296_9631728504_#1more_8,2
1700.0,-300077497#5,23
1700.0,-35274074#2,12
1700.0,-51362429#1,3
1700.0,-593847703#3,31
1700.0,-E0,19
1700.0,1068234498#0,36
1700.0,1068440001,1
1700.0,1068440004#1,4
1700.0,182334378#0,3
1700.0,186602412#0,6
1700.0,238526531#0,26
1700.0,244450512#1,1
1700.0,260881642#0,3
1700.0,300077497#0,5
1700.0,30620492#0,18
1700.0,30620492#1,5
1700.0,35274074#0,2
1700.0,484988951#0,4
1700.0,49073226#2,8
1700.0,49695736#0,11
1700.0,506322844#0,5
1700.0,506322846#0,13
1700.0,51362429#0,17
1700.0,593844221#0,1
1700.0,594658760#0,2
1700.0,:1973482489_3,1
1700.0,:2749340167_0,1
1700.0,:3086736518_0,3
1700.0,:3086736518_4,1
1700.0,:3086736518_6,1
1700.0,:655375232_2,3
1700.0,:655375232_6,1
1700.0,:655375232_8,1
1700.0,:655375233_0,2
1700.0,:655375233_4,2
1700.0,:655375233_8,6
1700.0,:655375238_1,1
1700.0,:655375238_5,2
1700.0,:655375244_1,1
1700.0,:cluster_2038168688_655375573_23,1
1700.0,:cluster_2038168688_655375573_3,1
1700.0,:cluster_2664674491_655375287_655375288_5,1
1700.0,:cluster_3208478133_655375293_655375296_9631728504_#1more_8,4
1720.0,-300077497#5,26
1720.0,-300077497#8,2
1720.0,-35274074#2,12
1720.0,-51362429#1,3
1720.0,-593847703#3,31
1720.0,-E0,19
1720.0,1068234498#0,36
1720.0,1068440004#1,5
1720.0,182334378#0,3
1720.0,186602412#0,4
1720.0,238526531#0,25
1720.0,300077497#0,3
1720.0,30620492#0,18
1720.0,30620492#1,5
1720.0,35274074#0,4
1720.0,484988951#0,5
1720.0,49073226#2,8
1720.0,49695736#0,7
1720.0,506322844#0,2
1720.0,506322846#0,11
1720.0,51362429#0,17
1720.0,593844221#0,1
1720.0,594658760#0,1
1720.0,:1973482489_8,1
1720.0,:2749340167_0,1
1720.0,:3086736518_0,3
1720.0,:3086736518_4,1
1720.0,:3086736518_6,1
1720.0,:655375232_2,3
1720.0,:655375232_6,1
1720.0,:655375232_8,1
1720.0,:655375233_0,2
1720.0,:655375233_4,2
1720.0,:655375233_8,6
1720.0,:655375238_1,1
1720.0,:655375239_5,1
1720.0,:cluster_2528018119_655375236_20,1
1720.0,:cluster_2528018119_655375236_32,1
1720.0,:cluster_3208478133_655375293_655375296_9631728504_#1more_8,5
1720.0,:cluster_9383263990_9383263991_9383263992_9383263993_7,1
1740.0,-300077497#5,27
1740.0,-300077497#8,4
1740.0,-35274074#2,11
1740.0,-51362429#1,1
1740.0,-593847703#3,28
1740.0,-E0,19
1740.0,1068234498#0,36
1740.0,1068440004#1,5
1740.0,182334378#0,3
1740.0,186602412#0,4
1740.0,238526531#0,25
1740.0,288878926#0,3
1740.0,300077497#0,7
1740.0,300077497#6,1
1740.0,30620492#0,18
1740.0,30620492#1,5
1740.0,35274074#0,8
1740.0,484988951#0,5
1740.0,49073226#2,4
1740.0,506322844#0,6
1740.0,506322846#0,4
1740.0,51362429#0,17
1740.0,593844221#0,1
1740.0,594658760#0,1
1740.0,:1973482489_3,1
1740.0,:2749340167_0,1
1740.0,:3086736518_0,3
1740.0,:3086736518_4,1
1740.0,:3086736518_6,1
1740.0,:655375232_2,3
1740.0,:655375232_6,1
1740.0,:655375232_8,1
1740.0,:655375233_0,2
1740.0,:655375233_4,5
1740.0,:655375233_8,6
1740.0,:655375238_6,1
1740.0,:cluster_2528018119_655375236_20,1
1740.0,:cluster_3208478133_655375293_655375296_9631728504_#1more_8,5
1740.0,:cluster_3431431575_4777363357_655375231_6982059025_3,2
1740.0,:cluster_623980147_623980152_9,1
1760.0,-300077497#5,23
1760.0,-300077497#8,4
1760.0,-35274074#2,12
1760.0,-593847703#3,30
1760.0,-E0,19
1760.0,1068234498#0,36
1760.0,1068440004#1,5
1760.0,182334378#0,3
1760.0,186602412#0,3
1760.0,238526531#0,24
1760.0,288878926#0,10
1760.0,300077497#0,1
1760.0,30620492#0,18
1760.0,30620492#1,5
1760.0,35274074#0,11
1760.0,484988951#0,5
1760.0,49073226#2,1
1760.0,506322844#0,6
1760.0,51362429#0,17
1760.0,593844221#0,1
1760.0,593847702#0,2
1760.0,594658760#0,1
1760.0,:2749340167_0,1
1760.0,:3086736518_0,3
1760.0,:3086736518_4,2
1760.0,:3086736518_6,1
1760.0,:655375232_2,3
1760.0,:655375232_6,1
1760.0,:655375232_8,1
1760.0,:655375233_0,2
1760.0,:655375233_4,3
1760.0,:655375233_8,4
1760.0,:655375238_6,1
1760.0,:cluster_2038168688_655375573_23,1
1760.0,:cluster_2038168688_655375573_24,1
1760.0,:cluster_2038168688_655375573_3,1
1760.0,:cluster_2038168688_655375573_6,1
1760.0,:cluster_2528018119_655375236_17,2
1760.0,:cluster_3208478133_655375293_655375296_9631728504_#1more_8,5
1760.0,:cluster_623980147_623980152_4,1
1780.0,-300077497#5,22
1780.0,-300077497#8,4
1780.0,-35274074#2,12
1780.0,-593847703#3,32
1780.0,-E0,19
1780.0,1068234498#0,33
1780.0,1068440004#1,5
1780.0,182334378#0,3
1780.0,186602412#0,2
1780.0,238526531#0,26
1780.0,288878926#0,6
1780.0,30620492#0,18
1780.0,30620492#1,5
1780.0,35274074#0,1
1780.0,484988951#0,5
1780.0,49695736#0,5
1780.0,506322844#0,6
1780.0,506322846#0,11
1780.0,51362429#0,17
1780.0,593847702#0,2
1780.0,593847704#0,1
1780.0,593849711#0,1
1780.0,594658760#0,1
1780.0,:1973482489_8,1
1780.0,:2749340167_0,1
1780.0,:3086736518_0,3
1780.0,:3086736518_4,2
1780.0,:655375232_2,3
1780.0,:655375232_6,1
1780.0,:655375232_8,1
1780.0,:655375233_0,2
1780.0,:655375233_4,3
1780.0,:655375233_8,4
1780.0,:cluster622618015_622618108_622618112_622618144_#2more_0,1
1780.0,:cluster655375336_end_0_655375336_end_1_655375336_end_10_655375336_end_11_#8more_25,1
1780.0,:cluster_2038168688_655375573_3,2
1780.0,:cluster_2528018119_655375236_17,1
1780.0,:cluster_5372642442_631668976_631668981_631669076_45,1
1800.0,-300077497#5,25
1800.0,-35274074#2,11
1800.0,-593847703#3,34
1800.0,-E0,18
1800.0,1068234498#0,34
1800.0,1068440004#1,5
1800.0,1068440006#0,1
1800.0,182334378#0,2
1800.0,186602412#0,5
1800.0,238526531#0,27
1800.0,288878926#0,4
1800.0,30620492#0,18
1800.0,30620492#1,5
1800.0,484988951#0,5
1800.0,49695736#0,6
1800.0,506322844#0,6
1800.0,506322846#0,7
1800.0,51362429#0,16
1800.0,593847702#0,2
1800.0,593847703#0,2
1800.0,593847704#0,1
1800.0,594658760#0,1
1800.0,:1973482489_3,1
1800.0,:2749340167_0,1
1800.0,:3086736518_0,2
1800.0,:3086736518_4,2
1800.0,:3086736518_6,1
1800.0,:655375232_2,4
1800.0,:655375232_8,1
1800.0,:655375233_0,1
1800.0,:655375233_4,3
1800.0,:655375233_8,4
1800.0,:655375238_2,1
1800.0,:cluster655375336_end_0_655375336_end_1_655375336_end_10_655375336_end_11_#8more_5,1
1820.0,-300077497#5,27
1820.0,-300077497#8,4
1820.0,-35274074#2,12
1820.0,-593847703#3,34
1820.0,-E0,19
1820.0,1068234498#0,34
1820.0,1068440004#1,5
1820.0,186602412#0,5
1820.0,238526531#0,25
1820.0,263217604#0,1
1820.0,288878926#0,4
1820.0,300077497#0,6
1820.0,30620492#0,18
1820.0,30620492#1,5
1820.0,484988951#0,2
1820.0,49073226#2,2
1820.0,506322844#0,4
1820.0,506322846#0,1
1820.0,51362429#0,16
1820.0,51362430,2
1820.0,593847703#0,2
1820.0,593847704#0,2
1820.0,594658760#0,1
1820.0,:2749340167_0,1
1820.0,:3086736518_0,2
1820.0,:3086736518_4,2
1820.0,:3086736518_6,1
1820.0,:655375232_2,5
1820.0,:655375233_0,2
1820.0,:655375233_4,3
1820.0,:655375233_8,4
1820.0,:655375238_5,1
1820.0,:655375241_0,1
1820.0,:cluster655375336_end_0_655375336_end_1_655375336_end_10_655375336_end_11_#8more_31,1
1820.0,:cluster_3431431575_4777363357_655375231_6982059025_7,2
1840.0,-300077497#5,27
1840.0,-300077497#8,4
1840.0,-35274074#2,12
1840.0,-51362429#1,2
1840.0,-593847703#3,31
1840.0,-E0,19
1840.0,1068234498#0,34
1840.0,1068440004#1,5
1840.0,238526531#0,25
1840.0,263217604#0,1
1840.0,288878926#0,4
1840.0,300077497#0,5
1840.0,30620492#0,18
1840.0,30620492#1,5
1840.0,484988951#0,5
1840.0,49073226#2,4
1840.0,506322844#0,5
1840.0,51362429#0,17
1840.0,51362430,2
1840.0,593847702#0,2
1840.0,593847703#0,2
1840.0,593849718#0,1
1840.0,593852345#0,1
1840.0,594658760#0,1
1840.0,:2749340167_0,1
1840.0,:3086736518_0,2
1840.0,:3086736518_4,1
1840.0,:3086736518_6,1
1840.0,:655375232_2,5
1840.0,:655375232_8,2
1840.0,:655375233_0,2
1840.0,:655375233_2,1
1840.0,:655375233_4,2
1840.0,:655375233_8,2
1840.0,:655375238_1,1
1840.0,:655375238_5,1
1860.0,-300077497#5,22
1860.0,-300077497#8,4
1860.0,-35274074#2,12
1860.0,-51362429#1,7
1860.0,-593847703#3,29
1860.0,-E0,19
1860.0,1068234498#0,35
1860.0,1068440004#1,3
1860.0,182334378#0,1
1860.0,196961215#2,1
1860.0,238526531#0,26
1860.0,288878926#0,2
1860.0,300077497#0,7
1860.0,30620492#0,18
1860.0,30620492#1,5
1860.0,360843888,1
1860.0,484988951#0,5
1860.0,49073226#2,4
1860.0,506322844#0,5
1860.0,51362429#0,17
1860.0,51362430,2
1860.0,593847702#0,6
1860.0,593847703#0,2
1860.0,593849711#0,1
1860.0,594658760#0,1
1860.0,:2749340167_0,1
1860.0,:3086736518_0,2
1860.0,:3086736518_6,1
1860.0,:655375232_2,5
1860.0,:655375233_8,2
1860.0,:655375238_1,1
1860.0,:655375238_5,1
1860.0,:cluster_2528018119_655375236_17,1
1860.0,:cluster_2528018119_655375236_31,1
1860.0,:cluster_3431431575_4777363357_655375231_6982059025_3,3
1880.0,-300077497#5,23
1880.0,-300077497#8,2
1880.0,-35274074#2,12
1880.0,-51362429#1,6
1880.0,-593847703#3,30
1880.0,-E0,19
1880.0,1068234498#0,35
1880.0,1068440004#1,1
1880.0,196961215#2,1
1880.0,232003903#0,1
1880.0,238526531#0,26
1880.0,300077497#0,9
1880.0,30620492#0,18
1880.0,30620492#1,4
1880.0,360843888,1
1880.0,484988951#0,5
1880.0,49073226#2,8
1880.0,506322844#0,5
1880.0,51362429#0,17
1880.0,51362430,2
1880.0,593847702#0,11
1880.0,594658760#0,1
1880.0,:2749340167_0,1
1880.0,:3086736518_0,2
1880.0,:3086736518_6,1
1880.0,:655375232_2,5
1880.0,:655375238_1,1
1880.0,:655375238_5,2
1900.0,-300077497#5,27
1900.0,-300077497#8,4
1900.0,-35274074#2,12
1900.0,-51362429#1,6
1900.0,-593847703#3,30
1900.0,-E0,19
1900.0,1068234498#0,35
1900.0,1068440004#1,1
1900.0,196961215#2,1
1900.0,232003903#0,1
1900.0,238526531#0,26
1900.0,300077497#0,8
1900.0,30620492#0,17
1900.0,30620492#1,5
1900.0,35274074#0,1
1900.0,360843888,1
1900.0,484988951#0,5
1900.0,49073226#2,8
1900.0,49073272#1,1
1900.0,506322844#0,3
1900.0,51362429#0,17
1900.0,51362430,2
1900.0,593847702#0,3
1900.0,593849718#0,2
1900.0,594658760#0,1
1900.0,:2749340167_0,1
1900.0,:3086736518_0,2
1900.0,:3086736518_6,1
1900.0,:655375232_2,5
1900.0,:655375238_6,1
1900.0,:cluster622618015_622618108_622618112_622618144_#2more_29,1
1900.0,:cluster622618015_622618108_622618112_622618144_#2more_31,4
1920.0,-300077497#5,27
1920.0,-300077497#8,4
1920.0,-35274074#2,12
1920.0,-51362429#1,6
1920.0,-593847703#3,30
1920.0,-E0,19
1920.0,1068234498#0,35
1920.0,1068440004#1,1
1920.0,196961215#2,1
1920.0,232003903#0,1
1920.0,238526531#0,26
1920.0,30620492#0,18
1920.0,30620492#1,5
1920.0,35274074#0,9
1920.0,360843888,1
1920.0,484988951#0,2
1920.0,49073226#2,8
1920.0,49073272#3,2
1920.0,506322844#0,5
1920.0,51362429#0,14
1920.0,51362430,1
1920.0,593847703#0,8
1920.0,593847705,1
1920.0,594658760#0,1
1920.0,:2749340167_0,1
1920.0,:3086736518_0,2
1920.0,:3086736518_6,1
1920.0,:655375232_2,2
1920.0,:655375233_0,1
1920.0,:655375238_6,1
1920.0,:cluster_3431431575_4777363357_655375231_6982059025_5,1
1920.0,:cluster_623980090_623980094_0,1
1940.0,-300077497#5,26
1940.0,-300077497#8,4
1940.0,-35274074#2,11
1940.0,-51362429#1,6
1940.0,-593847703#3,29
1940.0,-E0,19
1940.0,1068234498#0,35
1940.0,1068440004#1,1
1940.0,196961215#2,2
1940.0,238526531#0,26
1940.0,244450512#5,1
1940.0,300077497#0,2
1940.0,30620492#0,18
1940.0,30620492#1,5
1940.0,35274074#0,6
1940.0,360018417,1
1940.0,484988951#0,4
1940.0,49073226#2,10
1940.0,506322844#0,5
1940.0,506322846#0,1
1940.0,51362429#0,15
1940.0,51362430,1
1940.0,593847703#0,3
1940.0,593847705,1
1940.0,594658760#0,1
1940.0,:2749340167_0,1
1940.0,:3086736518_0,2
1940.0,:3086736518_6,1
1940.0,:3208478121_3,1
1940.0,:655375232_2,2
1940.0,:655375233_4,2
1940.0,:cluster_2038168688_655375573_23,1
1940.0,:cluster_2038168688_655375573_3,1
1940.0,:cluster_2038168688_655375573_6,1
1940.0,:cluster_2528018119_655375236_3,2
1960.0,-300077497#5,24
1960.0,-300077497#8,4
1960.0,-35274074#2,11
1960.0,-51362429#1,10
1960.0,-593847703#3,25
1960.0,-E0,19
1960.0,1068234498#0,35
1960.0,1068440004#1,1
1960.0,186602412#0,3
1960.0,196961215#2,2
1960.0,196961377#3,2
1960.0,238526531#0,26
1960.0,244450512#5,1
1960.0,300077497#0,5
1960.0,30620492#0,18
1960.0,30620492#1,5
1960.0,35274074#0,1
1960.0,484988951#0,4
1960.0,49073226#2,10
1960.0,506322844#0,5
1960.0,506322846#0,7
1960.0,51362429#0,17
1960.0,593847704#0,2
1960.0,593847705,1
1960.0,594658760#0,1
1960.0,:2749340167_0,1
1960.0,:3086736518_0,2
1960.0,:3086736518_6,1
1960.0,:655375232_2,2
1960.0,:655375238_1,1
1960.0,:cluster_3431431575_4777363357_655375231_6982059025_3,1
1980.0,-300077497#5,27
1980.0,-300077497#8,1
1980.0,-35274074#2,10
1980.0,-51362429#1,8
1980.0,-593847703#3,25
1980.0,-E0,19
1980.0,1068234498#0,35
1980.0,186602412#0,4
1980.0,238526531#0,26
1980.0,244450512#5,1
1980.0,288878926#0,7
1980.0,300077497#0,3
1980.0,30620492#0,18
1980.0,30620492#1,5
1980.0,484988951#0,4
1980.0,49073226#2,5
1980.0,506322844#0,5
1980.0,506322846#0,3
1980.0,51362429#0,17
1980.0,593847702#0,1
1980.0,593847704#0,2
1980.0,593847705,1
1980.0,:1973482489_8,1
1980.0,:2749340167_0,1
1980.0,:3086736518_0,2
1980.0,:3086736518_6,1
1980.0,:655375232_2,2
1980.0,:655375238_1,1
1980.0,:655375238_2,1
1980.0,:cluster_3431431575_4777363357_655375231_6982059025_3,2
1980.0,:cluster_623980147_623980152_9,1
2000.0,-300077497#5,27
2000.0,-300077497#8,4
2000.0,-35274074#2,11
2000.0,-51362429#1,1
2000.0,-593847703#3,25
2000.0,-E0,19
2000.0,1068234498#0,35
2000.0,186602412#0,2
2000.0,238526531#0,24
2000.0,244450512#5,1
2000.0,288878926#0,13
2000.0,30620492#0,18
2000.0,30620492#1,5
2000.0,35274074#0,4
2000.0,484988951#0,4
2000.0,49073226#2,6
2000.0,49073272#3,1
2000.0,506322844#0,5
2000.0,51362429#0,17
2000.0,593847704#0,2
2000.0,593847705,1
2000.0,:2749340167_0,1
2000.0,:3086736518_0,2
2000.0,:3086736518_6,1
2000.0,:655375232_2,2
2000.0,:655375238_2,1
2000.0,:655375238_3,1
2000.0,:cluster_3431431575_4777363357_655375231_6982059025_3,3
2020.0,-300077497#5,27
2020.0,-300077497#8,4
2020.0,-35274074#2,11
2020.0,-51362429#1,1
2020.0,-593847703#3,25
2020.0,-E0,19
2020.0,1068234498#0,35
2020.0,238526531#0,24
2020.0,244450512#5,1
2020.0,288878926#0,13
2020.0,30620492#0,18
2020.0,30620492#1,5
2020.0,35274074#0,4
2020.0,484988951#0,3
2020.0,49073226#2,8
2020.0,49073272#3,2
2020.0,506322844#0,5
2020.0,51362429#0,11
2020.0,593847703#0,6
2020.0,593847704#0,1
2020.0,:2749340167_0,1
2020.0,:3086736518_0,1
2020.0,:619137000_0,1
2020.0,:655375232_2,1
2020.0,:655375233_0,3
2020.0,:655375238_2,1
2020.0,:655375238_3,1
2020.0,:cluster_3431431575_4777363357_655375231_6982059025_3,1
2020.0,:cluster_3431431575_4777363357_655375231_6982059025_5,1
2040.0,-300077497#5,26
2040.0,-300077497#8,4
2040.0,-35274074#2,11
2040.0,-51362429#1,1
2040.0,-593847703#3,26
2040.0,-E0,19
2040.0,1068234498#0,33
2040.0,238526531#0,26
2040.0,288878926#0,11
2040.0,300077497#0,6
2040.0,30620492#0,18
2040.0,30620492#1,5
2040.0,360018417,3
2040.0,484988951#0,4
2040.0,49073226#2,8
2040.0,506322844#0,5
2040.0,506322846#0,4
2040.0,51362429#0,12
2040.0,51362430,1
2040.0,593849711#0,1
2040.0,:2749340167_0,1
2040.0,:3086736518_0,1
2040.0,:655375238_2,1
2040.0,:655375238_3,1
2040.0,:cluster_2528018119_655375236_3,1
2040.0,:cluster_3431431575_4777363357_655375231_6982059025_3,1
2060.0,-300077497#5,27
2060.0,-300077497#8,3
2060.0,-35274074#2,11
2060.0,-51362429#1,8
2060.0,-593847703#3,17
2060.0,-E0,19
2060.0,1068234498#0,32
2060.0,1068234499#0,1
2060.0,186602412#0,4
2060.0,196961377#3,1
2060.0,238526531#0,26
2060.0,288135626#0,3
2060.0,288878926#0,5
2060.0,300077497#0,3
2060.0,30620492#0,18
2060.0,30620492#1,5
2060.0,484988951#0,3
2060.0,49073226#2,9
2060.0,506322844#0,5
2060.0,506322846#0,1
2060.0,51362429#0,15
2060.0,:2749340167_0,1
2060.0,:3086736518_0,1
2060.0,:655375232_8,2
2060.0,:655375238_1,1
2060.0,:655375238_3,1
2060.0,:655375238_5,1
2060.0,:cluster622618015_622618108_622618112_622618144_#2more_49,2
2060.0,:cluster_2038168688_655375573_23,1
2060.0,:cluster_2038168688_655375573_3,1
2060.0,:cluster_3431431575_4777363357_655375231_6982059025_3,1
2060.0,:cluster_3431431575_4777363357_655375231_6982059025_7,1
2080.0,-300077497#5,27
2080.0,-300077497#8,4
2080.0,-35274074#2,11
2080.0,-51362429#1,8
2080.0,-593847703#3,17
2080.0,-E0,19
2080.0,1068234498#0,34
2080.0,186602412#0,3
2080.0,238526531#0,25
2080.0,288878926#0,5
2080.0,300077497#0,5
2080.0,30620492#0,18
2080.0,30620492#1,5
2080.0,484988951#0,4
2080.0,49073226#2,11
2080.0,506322844#0,5
2080.0,51362429#0,16
2080.0,:2749340167_0,1
2080.0,:3086736518_0,1
2080.0,:655375238_1,1
2080.0,:655375238_3,1
2080.0,:655375238_5,1
2080.0,:cluster_2528018119_655375236_12,1
2080.0,:cluster_2528018119_655375236_29,1
2080.0,:cluster_3431431575_4777363357_655375231_6982059025_3,2
2080.0,:cluster_9383263990_9383263991_9383263992_9383263993_7,1
2100.0,-300077497#5,27
2100.0,-300077497#8,4
2100.0,-35274074#2,11
2100.0,-51362429#1,8
2100.0,-593847703#3,17
2100.0,-E0,18
2100.0,1068234498#0,37
2100.0,238526531#0,25
2100.0,288878926#0,5
2100.0,300077497#0,7
2100.0,30620492#0,18
2100.0,30620492#1,5
2100.0,484988951#0,3
2100.0,49073226#2,11
2100.0,506322844#0,5
2100.0,51362429#0,16
2100.0,:2749340167_0,1
2100.0,:3086736518_0,1
2100.0,:3086736518_6,1
2100.0,:655375238_1,1
2100.0,:655375238_3,1
2100.0,:655375238_5,1
2100.0,:cluster_3431431575_4777363357_655375231_6982059025_3,2
2100.0,:cluster_3431431575_4777363357_655375231_6982059025_5,1
2120.0,-300077497#5,26
2120.0,-300077497#8,4
2120.0,-35274074#2,11
2120.0,-51362429#1,8
2120.0,-593847703#3,18
2120.0,-E0,18
2120.0,1068234498#0,38
2120.0,238526531#0,25
2120.0,288878926#0,5
2120.0,300077497#0,7
2120.0,30620492#0,18
2120.0,30620492#1,5
2120.0,484988951#0,3
2120.0,49073226#2,11
2120.0,506322844#0,5
2120.0,51362429#0,10
2120.0,593847703#0,3
2120.0,:2749340167_0,1
2120.0,:3086736518_6,1
2120.0,:655375232_2,4
2120.0,:655375233_0,2
2120.0,:655375238_1,1
2120.0,:655375238_3,1
2120.0,:655375238_5,1
2120.0,:cluster_3431431575_4777363357_655375231_6982059025_3,2
2120.0,:cluster_3431431575_4777363357_655375231_6982059025_5,1
2140.0,-300077497#5,26
2140.0,-300077497#8,4
2140.0,-35274074#2,11
2140.0,-51362429#1,8
2140.0,-593847703#3,18
2140.0,-E0,19
2140.0,1068234498#0,39
2140.0,1068234499#0,1
2140.0,238526531#0,25
2140.0,300077497#0,10
2140.0,30620492#0,18
2140.0,30620492#1,5
2140.0,484988951#0,4
2140.0,49073226#2,11
2140.0,506322844#0,5
2140.0,51362429#0,12
2140.0,593847704#0,2
2140.0,593849711#0,1
2140.0,:2749340167_0,1
2140.0,:3086736518_0,2
2140.0,:655375232_2,1
2140.0,:655375238_1,1
2140.0,:655375238_3,1
2140.0,:655375238_5,1
2140.0,:cluster_2528018119_655375236_3,1
2140.0,:cluster_3431431575_4777363357_655375231_6982059025_3,2
2160.0,-300077497#5,27
2160.0,-300077497#8,4
2160.0,-35274074#2,11
2160.0,-51362429#1,9
2160.0,-593847703#3,15
2160.0,-E0,19
2160.0,1068234498#0,39
2160.0,1068234499#0,1
2160.0,238526531#0,25
2160.0,300077497#0,6
2160.0,300077497#6,2
2160.0,30620492#0,18
2160.0,30620492#1,5
2160.0,35274074#0,3
2160.0,484988951#0,4
2160.0,49073226#2,11
2160.0,506322844#0,5
2160.0,51362429#0,14
2160.0,593847704#0,3
2160.0,:2749340167_0,1
2160.0,:3086736518_0,2
2160.0,:3086736518_7,1
2160.0,:655375232_2,1
2160.0,:655375238_0,1
2160.0,:cluster_2038168688_655375573_23,1
2160.0,:cluster_3431431575_4777363357_655375231_6982059025_3,2
2180.0,-300077497#5,27
2180.0,-300077497#8,4
2180.0,-35274074#2,12
2180.0,-51362429#1,9
2180.0,-593847703#3,15
2180.0,-E0,19
2180.0,1068234498#0,39
2180.0,186602412#0,1
2180.0,238526531#0,24
2180.0,300077497#0,6
2180.0,300077497#6,4
2180.0,30620492#0,18
2180.0,30620492#1,5
2180.0,35274074#0,3
2180.0,484988951#0,3
2180.0,49073226#2,11
2180.0,506322844#0,5
2180.0,51362429#0,16
2180.0,593847704#0,4
2180.0,:2749340167_0,1
2180.0,:3086736518_0,2
2180.0,:655375232_2,1
2180.0,:cluster_3431431575_4777363357_655375231_6982059025_3,2
2200.0,-300077497#5,27
2200.0,-300077497#8,4
2200.0,-35274074#2,12
2200.0,-51362429#1,9
2200.0,-593847703#3,15
2200.0,-E0,19
2200.0,1068234498#0,39
2200.0,238526531#0,24
2200.0,263217604#0,1
2200.0,288878926#0,1
2200.0,300077497#0,4
2200.0,300077497#6,1
2200.0,30620492#0,17
2200.0,30620492#1,5
2200.0,35274074#0,3
2200.0,484988951#0,4
2200.0,49073226#2,9
2200.0,49073272#1,2
2200.0,49073272#3,1
2200.0,506322844#0,5
2200.0,51362429#0,17
2200.0,593849718#0,1
2200.0,:2749340167_0,1
2200.0,:3086736518_0,2
2200.0,:655375232_2,1
2200.0,:655375238_6,1
2200.0,:655375239_3,1
2200.0,:cluster_3431431575_4777363357_655375231_6982059025_3,2
2200.0,:cluster_623980147_623980152_4,1
2220.0,-300077497#5,19
2220.0,-300077497#8,4
2220.0,-35274074#2,12
2220.0,-51362429#1,9
2220.0,-593847703#3,20
2220.0,-E0,18
2220.0,1068234498#0,38
2220.0,182334378#0,1
2220.0,238526531#0,25
2220.0,288878926#0,6
2220.0,30620492#0,17
2220.0,30620492#1,5
2220.0,360018417,3
2220.0,484988951#0,4
2220.0,49073226#2,5
2220.0,506322842#0,1
2220.0,506322844#0,5
2220.0,506322846#0,7
2220.0,51362429#0,13
2220.0,593847703#0,1
2220.0,593849711#0,1
2220.0,594658757#0,1
2220.0,:2749340167_0,1
2220.0,:3086736518_0,1
2220.0,:3086736518_6,1
2220.0,:655375232_2,4
2220.0,:655375233_0,2
2220.0,:cluster655375336_end_0_655375336_end_1_655375336_end_10_655375336_end_11_#8more_6,1
2220.0,:cluster_2528018119_655375236_19,1
2240.0,-300077497#5,20
2240.0,-35274074#2,12
2240.0,-51362429#1,7
2240.0,-593847703#3,21
2240.0,-E0,19
2240.0,1068234498#0,37
2240.0,182334378#0,1
2240.0,186602412#0,4
2240.0,196961377#3,1
2240.0,232003903#0,2
2240.0,238526531#0,26
2240.0,288878926#0,5
2240.0,300077497#0,3
2240.0,30620492#0,18
2240.0,30620492#1,5
2240.0,484988951#0,3
2240.0,506322842#0,1
2240.0,506322844#0,5
2240.0,51362429#0,11
2240.0,593847703#0,5
2240.0,594658757#0,1
2240.0,:1973482489_8,1
2240.0,:2749340167_0,1
2240.0,:3086736518_0,1
2240.0,:3086736518_6,1
2240.0,:655375232_2,1
2240.0,:655375238_5,2
2240.0,:cluster622618015_622618108_622618112_622618144_#2more_49,2
2240.0,:cluster_3431431575_4777363357_655375231_6982059025_3,2
2240.0,:cluster_3431431575_4777363357_655375231_6982059025_5,1
2260.0,-300077497#5,24
2260.0,-300077497#8,1
2260.0,-35274074#2,11
2260.0,-51362429#1,1
2260.0,-593847703#3,16
2260.0,-E0,19
2260.0,1068234498#0,38
2260.0,182334378#0,1
2260.0,232003903#0,2
2260.0,238526531#0,25
2260.0,288878926#0,8
2260.0,300077497#6,1
2260.0,30620492#0,18
2260.0,30620492#1,5
2260.0,35274074#0,2
2260.0,484988951#0,3
2260.0,49073226#2,6
2260.0,506322844#0,2
2260.0,506322846#0,1
2260.0,51362429#0,14
2260.0,593847703#0,5
2260.0,594658757#0,1
2260.0,:2749340167_0,1
2260.0,:3086736518_0,1
2260.0,:3086736518_6,1
2260.0,:655375232_2,1
2260.0,:655375232_8,1
2260.0,:655375233_4,3
2260.0,:655375238_1,1
2260.0,:655375238_5,1
2260.0,:655375239_5,1
2260.0,:cluster_3431431575_4777363357_655375231_6982059025_5,1
2280.0,-300077497#5,27
2280.0,-300077497#8,4
2280.0,-35274074#2,9
2280.0,-51362429#1,4
2280.0,-593847703#3,15
2280.0,-E0,19
2280.0,1068234498#0,38
2280.0,182334378#0,1
2280.0,232003903#0,2
2280.0,238526531#0,24
2280.0,263217604#0,1
2280.0,288135626#0,1
2280.0,288878926#0,8
2280.0,300077497#6,3
2280.0,30620492#0,18
2280.0,30620492#1,5
2280.0,35274074#0,3
2280.0,484988951#0,4
2280.0,49073226#2,7
2280.0,506322844#0,4
2280.0,51362429#0,16
2280.0,593847702#0,1
2280.0,593847703#0,5
2280.0,594658757#0,1
2280.0,:2749340167_0,1
2280.0,:3086736518_0,1
2280.0,:3086736518_6,1
2280.0,:655375232_2,1
2280.0,:655375238_3,1
2300.0,-300077497#5,24
2300.0,-300077497#8,4
2300.0,-35274074#2,5
2300.0,-51362429#1,4
2300.0,-593847703#3,16
2300.0,-E0,19
2300.0,1068234498#0,38
2300.0,1068234499#0,1
2300.0,182334378#0,1
2300.0,238526531#0,21
2300.0,263217604#0,1
2300.0,288878926#0,8
2300.0,300077497#0,2
2300.0,300077497#6,1
2300.0,30620492#0,18
2300.0,30620492#1,5
2300.0,484988951#0,4
2300.0,49073226#2,7
2300.0,506322844#0,5
2300.0,51362429#0,17
2300.0,51362430,2
2300.0,593847702#0,1
2300.0,593847703#0,1
2300.0,594658757#0,1
2300.0,:2749340167_0,1
2300.0,:3086736518_0,1
2300.0,:3086736518_6,1
2300.0,:655375232_2,1
2300.0,:655375238_3,1
2300.0,:655375239_3,1
2300.0,:cluster_2038168688_655375573_23,1
2300.0,:cluster_2038168688_655375573_24,1
2300.0,:cluster_2038168688_655375573_3,1
2300.0,:cluster_2528018119_655375236_17,1
2300.0,:cluster_2528018119_655375236_19,1
2300.0,:cluster_2528018119_655375236_3,2
2320.0,-300077497#5,23
2320.0,-300077497#8,4
2320.0,-35274074#2,1
2320.0,-51362429#1,4
2320.0,-593847703#3,18
2320.0,-E0,19
2320.0,1068234498#0,32
2320.0,1068234499#0,1
2320.0,182334378#0,2
2320.0,186602412#0,2
2320.0,238526531#0,24
2320.0,244450512#4,1
2320.0,288878926#0,2
2320.0,300077497#0,2
2320.0,300077497#6,3
2320.0,30620492#0,18
2320.0,30620492#1,5
2320.0,35274074#0,2
2320.0,484988951#0,5
2320.0,49073226#2,7
2320.0,506322844#0,5
2320.0,51362429#0,15
2320.0,51362430,1
2320.0,593847702#0,1
2320.0,593849711#0,1
2320.0,594658757#0,1
2320.0,:1973482489_8,1
2320.0,:2749340167_0,1
2320.0,:3086736518_0,1
2320.0,:3086736518_6,1
2320.0,:655375232_2,2
2320.0,:655375233_0,1
2320.0,:655375238_1,1
2320.0,:cluster622618015_622618108_622618112_622618144_#2more_0,1
2320.0,:cluster_5372642442_631668976_631668981_631669076_45,3
2340.0,-300077497#5,25
2340.0,-35274074#2,1
2340.0,-51362429#1,4
2340.0,-593847703#3,19
2340.0,-E0,19
2340.0,1068234498#0,30
2340.0,1068234499#0,1
2340.0,182334378#0,1
2340.0,238526531#0,29
2340.0,244450512#5,1
2340.0,288135626#0,1
2340.0,300077497#0,1
2340.0,300077497#6,3
2340.0,30620492#0,18
2340.0,30620492#1,5
2340.0,484988951#0,2
2340.0,49073226#2,7
2340.0,506322844#0,5
2340.0,506322846#0,3
2340.0,51362429#0,12
2340.0,593847702#0,1
2340.0,593847703#0,10
2340.0,593847704#0,1
2340.0,594658757#0,1
2340.0,:2749340167_0,1
2340.0,:3086736518_0,1
2340.0,:655375232_2,3
2340.0,:655375238_1,1
2340.0,:655375238_5,1
2340.0,:cluster655375336_end_0_655375336_end_1_655375336_end_10_655375336_end_11_#8more_6,1
2340.0,:cluster_3431431575_4777363357_655375231_6982059025_7,1
2360.0,-1334905223#2,1
2360.0,-300077497#5,27
2360.0,-300077497#8,3
2360.0,-35274074#2,6
2360.0,-51362429#1,4
2360.0,-593847703#3,17
2360.0,-E0,19
2360.0,1068234498#0,36
2360.0,182334378#0,1
2360.0,186602412#0,1
2360.0,238526531#0,19
2360.0,244450512#5,1
2360.0,263217604#0,2
2360.0,300077497#0,1
2360.0,300077497#6,4
2360.0,30620492#0,18
2360.0,30620492#1,5
2360.0,35274074#0,2
2360.0,484988951#0,4
2360.0,49073226#2,9
2360.0,49073272#3,1
2360.0,506322840#0,1
2360.0,506322844#0,4
2360.0,51362429#0,13
2360.0,51362430,1
2360.0,593847703#0,7
2360.0,593847704#0,1
2360.0,594658757#0,1
2360.0,:2749340167_0,1
2360.0,:3086736518_0,1
2360.0,:3086736518_4,1
2360.0,:655375232_2,3
2360.0,:655375233_4,2
2360.0,:655375239_5,1
2360.0,:655375241_0,1
2360.0,:cluster_2038168688_655375573_25,1
2380.0,-300077497#5,27
2380.0,-300077497#8,4
2380.0,-35274074#2,11
2380.0,-51362429#1,8
2380.0,-593847703#3,14
2380.0,-E0,19
2380.0,1068234498#0,37
2380.0,182334378#0,1
2380.0,238526531#0,14
2380.0,244450512#5,1
2380.0,263217604#0,4
2380.0,300077497#6,1
2380.0,30620492#0,18
2380.0,30620492#1,5
2380.0,35274074#0,2
2380.0,484988951#0,4
2380.0,49073226#2,9
2380.0,49073272#3,1
2380.0,506322844#0,7
2380.0,51362429#0,15
2380.0,593847702#0,1
2380.0,593847703#0,7
2380.0,593849718#0,1
2380.0,594658757#0,1
2380.0,:2749340167_0,1
2380.0,:3086736518_0,1
2380.0,:655375232_2,3
2380.0,:655375238_3,1
2380.0,:655375239_3,1
2380.0,:cluster_3431431575_4777363357_655375231_6982059025_3,1
2400.0,-300077497#5,20
2400.0,-300077497#8,4
2400.0,-35274074#2,4
2400.0,-51362429#1,8
2400.0,-593847703#3,21
2400.0,-E0,19
2400.0,1068234498#0,32
2400.0,182334378#0,1
2400.0,238526531#0,16
2400.0,288135626#0,3
2400.0,300077497#0,7
2400.0,300077497#6,2
2400.0,30620492#0,18
2400.0,30620492#1,5
2400.0,360018417,1
2400.0,360843888,1
2400.0,484988951#0,4
2400.0,49073226#2,10
2400.0,506322844#0,7
2400.0,506322846#0,2
2400.0,51362429#0,16
2400.0,51362430,1
2400.0,593847702#0,1
2400.0,594658757#0,1
2400.0,594658760#0,1
2400.0,:2749340167_0,1
2400.0,:3086736518_0,1
2400.0,:655375232_2,3
2400.0,:cluster3086736522_655375108_655375247_655375401_#1more_17,2
2400.0,:cluster_5372642442_631668976_631668981_631669076_26,1
2400.0,:cluster_5372642442_631668976_631668981_631669076_45,1
2420.0,-300077497#5,22
2420.0,-35274074#2,4
2420.0,-51362429#1,8
2420.0,-593847703#3,21
2420.0,-E0,18
2420.0,1068234498#0,26
2420.0,1068234499#0,3
2420.0,182334378#0,1
2420.0,238526531#0,23
2420.0,300077497#0,3
2420.0,300077497#6,2
2420.0,30620492#0,18
2420.0,30620492#1,5
2420.0,360843888,3
2420.0,484988951#0,5
2420.0,49073226#2,10
2420.0,506322844#0,7
2420.0,506322846#0,2
2420.0,51362429#0,16
2420.0,593847702#0,1
2420.0,593849711#0,1
2420.0,594658757#0,1
2420.0,594658760#0,1
2420.0,:2749340167_0,1
2420.0,:3086736518_0,1
2420.0,:3086736518_6,1
2420.0,:655375232_2,3
2420.0,:655375238_1,1
2420.0,:655375238_5,2
2420.0,:cluster_2038168688_655375573_23,1
2420.0,:cluster_5372642442_631668976_631668981_631669076_22,1
2420.0,:cluster_5372642442_631668976_631668981_631669076_45,2
2440.0,-300077497#5,25
2440.0,-300077497#8,2
2440.0,-35274074#2,7
2440.0,-51362429#1,8
2440.0,-593847703#3,21
2440.0,-E0,18
2440.0,1068234498#0,25
2440.0,1068234499#0,1
2440.0,182334378#0,1
2440.0,186602412#0,2
2440.0,238526531#0,19
2440.0,263217604#0,2
2440.0,288878926#0,3
2440.0,300077497#0,2
2440.0,300077497#6,2
2440.0,30620492#0,18
2440.0,30620492#1,5
2440.0,35274074#0,4
2440.0,360843888,3
2440.0,484988951#0,3
2440.0,49073226#2,7
2440.0,49073264#0,1
2440.0,506322844#0,3
2440.0,506322848#0,2
2440.0,51362429#0,12
2440.0,593847703#0,6
2440.0,593847704#0,1
2440.0,594658757#0,1
2440.0,594658760#0,1
2440.0,:2749340167_0,1
2440.0,:3086736518_0,2
2440.0,:655375232_2,2
2440.0,:655375239_5,1
2440.0,:cluster_2038168688_655375573_8,1
2440.0,:cluster_2038168688_655375573_9,1
2440.0,:cluster_2528018119_655375236_12,1
2440.0,:cluster_2528018119_655375236_29,1
2440.0,:cluster_3431431575_4777363357_655375231_6982059025_5,1
2440.0,:cluster_623980147_623980152_4,1
2440.0,:cluster_9383263990_9383263991_9383263992_9383263993_7,2
2460.0,-1334905223#2,3
2460.0,-300077497#5,27
2460.0,-300077497#8,4
2460.0,-35274074#2,10
2460.0,-49073264#1,1
2460.0,-51362429#1,2
2460.0,-593847703#3,19
2460.0,-E0,20
2460.0,1068234498#0,32
2460.0,238526531#0,10
2460.0,263217604#0,4
2460.0,288878926#0,10
2460.0,300077497#0,4
2460.0,300077497#6,5
2460.0,30620492#0,18
2460.0,30620492#1,5
2460.0,35274074#0,4
2460.0,360843888,3
2460.0,484988951#0,4
2460.0,49073226#2,5
2460.0,506322840#0,2
2460.0,506322844#0,5
2460.0,51362429#0,14
2460.0,593847703#0,6
2460.0,594658757#0,1
2460.0,594658760#0,1
2460.0,:2749340167_0,1
2460.0,:3086736518_0,2
2460.0,:655375232_2,2
2460.0,:655375233_4,2
2460.0,:655375241_0,1
2460.0,:cluster622618015_622618108_622618112_622618144_#2more_39,1
2460.0,:cluster_2038168688_655375573_25,1
2460.0,:cluster_3431431575_4777363357_655375231_6982059025_3,3
2480.0,-300077497#5,27
2480.0,-300077497#8,4
2480.0,-35274074#2,10
2480.0,-51362429#1,4
2480.0,-593847703#3,15
2480.0,-E0,20
2480.0,1068234498#0,39
2480.0,238526531#0,9
2480.0,244450512#4,2
2480.0,244450512#5,1
2480.0,263217604#0,4
2480.0,288878926#0,13
2480.0,300077497#0,2
2480.0,300077497#6,1
2480.0,30620492#0,18
2480.0,30620492#1,5
2480.0,484988951#0,3
2480.0,49073226#2,7
2480.0,506322844#0,7
2480.0,506322846#0,1
2480.0,51362429#0,14
2480.0,593847703#0,2
2480.0,593847704#0,1
2480.0,594658757#0,1
2480.0,594658760#0,1
2480.0,:2749340167_0,1
2480.0,:3086736518_0,2
2480.0,:655375232_2,2
2480.0,:655375238_3,1
2480.0,:cluster_2038168688_655375573_23,1
2480.0,:cluster_2038168688_655375573_3,1
2480.0,:cluster_2038168688_655375573_6,1
2480.0,:cluster_2528018119_655375236_3,2
2480.0,:cluster_3431431575_4777363357_655375231_6982059025_5,1
2480.0,E1,1
2500.0,-300077497#5,23
2500.0,-300077497#8,4
2500.0,-35274074#2,7
2500.0,-51362429#1,4
2500.0,-593847703#3,19
2500.0,-E0,20
2500.0,1068234498#0,28
2500.0,1068234499#0,3
2500.0,186602412#0,3
2500.0,238526531#0,14
2500.0,244450512#4,2
2500.0,244450512#5,3
2500.0,288135626#0,4
2500.0,288878926#0,7
2500.0,300077497#0,3
2500.0,300077497#6,2
2500.0,30620492#0,18
2500.0,30620492#1,5
2500.0,35274074#0,2
2500.0,484988951#0,3
2500.0,49073226#2,7
2500.0,506322844#0,7
2500.0,51362429#0,16
2500.0,593847704#0,1
2500.0,593849711#0,2
2500.0,594658757#0,2
2500.0,594658760#0,1
2500.0,:1973482489_3,1
2500.0,:2749340167_0,1
2500.0,:3086736518_0,2
2500.0,:655375232_2,2
2500.0,:655375238_6,1
2500.0,:cluster_2664674491_655375287_655375288_1,1
2500.0,:cluster_3431431575_4777363357_655375231_6982059025_5,1
2500.0,:cluster_5372642442_631668976_631668981_631669076_22,1
2500.0,:cluster_5372642442_631668976_631668981_631669076_45,2
2520.0,-300077497#5,25
2520.0,-35274074#2,6
2520.0,-51362429#1,4
2520.0,-593847703#3,19
2520.0,-E0,19
2520.0,1068234498#0,24
2520.0,1068234499#0,8
2520.0,238526531#0,21
2520.0,244450512#4,2
2520.0,244450512#5,3
2520.0,288135626#0,2
2520.0,288878926#0,5
2520.0,300077497#6,3
2520.0,30620492#0,17
2520.0,30620492#1,5
2520.0,484988951#0,4
2520.0,49073226#2,7
2520.0,506322844#0,7
2520.0,506322846#0,4
2520.0,51362429#0,17
2520.0,593847704#0,1
2520.0,594658757#0,2
2520.0,594658760#0,1
2520.0,:1973482489_8,1
2520.0,:2749340167_0,1
2520.0,:3086736518_0,2
2520.0,:3086736518_6,1
2520.0,:3208478128_0,1
2520.0,:655375232_2,2
2520.0,:655375238_5,2
2520.0,:cluster_2038168688_655375573_23,1
2520.0,:cluster_5372642442_631668976_631668981_631669076_45,1
2540.0,-1334905223#2,1
2540.0,-300077497#5,27
2540.0,-300077497#8,4
2540.0,-35274074#2,11
2540.0,-51362429#1,4
2540.0,-593847703#3,19
2540.0,-E0,19
2540.0,1068234498#0,25
2540.0,1068234499#0,2
2540.0,186602412#0,4
2540.0,238526531#0,8
2540.0,244450512#4,2
2540.0,244450512#5,3
2540.0,263217604#0,2
2540.0,288878926#0,5
2540.0,300077497#0,6
2540.0,300077497#6,4
2540.0,30620492#0,18
2540.0,30620492#1,5
2540.0,484988951#0,3
2540.0,49073226#2,7
2540.0,506322840#0,3
2540.0,506322844#0,6
2540.0,51362429#0,11
2540.0,593847703#0,6
2540.0,593847704#0,2
2540.0,594658757#0,1
2540.0,594658760#0,1
2540.0,:2749340167_0,1
2540.0,:3086736518_0,2
2540.0,:3208478128_0,1
2540.0,:655375232_2,3
2540.0,:655375241_0,1
2540.0,:cluster_2038168688_655375573_25,1
2540.0,:cluster_2038168688_655375573_9,1
2540.0,:cluster_2528018119_655375236_12,1
2540.0,:cluster_2528018119_655375236_29,1
2540.0,:cluster_3431431575_4777363357_655375231_6982059025_5,1
2540.0,:cluster_9383263990_9383263991_9383263992_9383263993_7,1
2560.0,-1334905223#2,1
2560.0,-300077497#5,27
2560.0,-300077497#8,4
2560.0,-35274074#2,12
2560.0,-51362429#1,4
2560.0,-593847703#3,19
2560.0,-E0,19
2560.0,1068234498#0,27
2560.0,182334378#0,1
2560.0,238526531#0,8
2560.0,244450512#4,2
2560.0,244450512#5,3
2560.0,263217604#0,3
2560.0,288878926#0,5
2560.0,300077497#0,7
2560.0,300077497#6,2
2560.0,30620492#0,18
2560.0,30620492#1,5
2560.0,484988951#0,4
2560.0,49073226#2,7
2560.0,49073272#3,1
2560.0,506322844#0,6
2560.0,51362429#0,14
2560.0,593847703#0,8
2560.0,593849718#0,1
2560.0,594658757#0,1
2560.0,594658760#0,1
2560.0,:2749340167_0,1
2560.0,:3086736518_0,1
2560.0,:3208478128_0,1
2560.0,:655375232_2,2
2560.0,:655375238_0,1
2560.0,:655375239_3,1
2580.0,-300077497#5,23
2580.0,-300077497#8,4
2580.0,-35274074#2,10
2580.0,-51362429#1,8
2580.0,-593847703#3,14
2580.0,-E0,19
2580.0,1068234498#0,27
2580.0,1239087514,2
2580.0,182334378#0,1
2580.0,238526531#0,9
2580.0,288135626#0,2
2580.0,288878926#0,3
2580.0,300077497#0,7
2580.0,300077497#6,1
2580.0,30620492#0,18
2580.0,30620492#1,5
2580.0,360018417,1
2580.0,360843888,1
2580.0,484988951#0,4
2580.0,49073226#2,7
2580.0,506322844#0,6
2580.0,51362429#0,16
2580.0,51362430,3
2580.0,593847702#0,1
2580.0,593849711#0,1
2580.0,594658757#0,1
2580.0,594658760#0,2
2580.0,:2749340167_0,1
2580.0,:3086736518_0,1
2580.0,:655375232_2,2
2580.0,:655375232_8,1
2580.0,:655375238_3,1
2580.0,:656132414_3,1
2580.0,:cluster655375336_end_0_655375336_end_1_655375336_end_10_655375336_end_11_#8more_19,1
2580.0,:cluster_2528018119_655375236_17,1
2580.0,:cluster_2528018119_655375236_19,1
2580.0,:cluster_2528018119_655375236_3,1
2580.0,:cluster_5372642442_631668976_631668981_631669076_26,1
2580.0,:cluster_5372642442_631668976_631668981_631669076_45,2
2600.0,-300077497#5,18
2600.0,-300077497#8,4
2600.0,-35274074#2,10
2600.0,-51362429#1,9
2600.0,-593847703#3,20
2600.0,-E0,19
2600.0,1068234498#0,21
2600.0,1068234499#0,3
2600.0,182334378#0,2
2600.0,238526531#0,17
2600.0,300077497#0,2
2600.0,300077497#6,2
2600.0,30620492#0,18
2600.0,30620492#1,5
2600.0,35274074#0,2
2600.0,360843888,1
2600.0,484988951#0,5
2600.0,49073226#2,7
2600.0,506322844#0,6
2600.0,51362429#0,17
2600.0,51362430,4
2600.0,593847702#0,2
2600.0,593849711#0,1
2600.0,594658757#0,1
2600.0,594658760#0,2
2600.0,:2749340167_0,1
2600.0,:3086736518_0,1
2600.0,:655375232_2,2
2600.0,:655375238_1,1
2600.0,:cluster_2038168688_655375573_23,1
2600.0,:cluster_2038168688_655375573_24,1
2600.0,:cluster_2038168688_655375573_3,1
2600.0,:cluster_5372642442_631668976_631668981_631669076_45,2
2620.0,-300077497#5,23
2620.0,-300077497#8,1
2620.0,-35274074#2,12
2620.0,-51362429#1,9
2620.0,-593847703#3,20
2620.0,-E0,18
2620.0,1068234498#0,24
2620.0,1068234499#0,1
2620.0,182334378#0,2
2620.0,186602412#0,2
2620.0,238526531#0,18
2620.0,263217604#0,1
2620.0,300077497#0,4
2620.0,300077497#6,2
2620.0,30620492#0,18
2620.0,30620492#1,5
2620.0,360843888,1
2620.0,484988951#0,5
2620.0,49073226#2,7
2620.0,49073272#1,1
2620.0,49073272#3,1
2620.0,506322844#0,2
2620.0,506322846#0,2
2620.0,51362429#0,17
2620.0,51362430,4
2620.0,594658757#0,1
2620.0,594658760#0,2
2620.0,:1973482489_8,1
2620.0,:2749340167_0,1
2620.0,:3086736518_0,1
2620.0,:3086736518_6,1
2620.0,:655375232_2,2
2620.0,:655375238_1,1
2620.0,:655375238_5,1
2620.0,:655375239_5,1
2620.0,:cluster_2038168688_655375573_9,1
2620.0,:cluster_2528018119_655375236_29,1
2620.0,:cluster_9383263990_9383263991_9383263992_9383263993_7,1
2640.0,-1334905223#2,1
2640.0,-300077497#5,27
2640.0,-300077497#8,3
2640.0,-35274074#2,12
2640.0,-51362429#1,9
2640.0,-593847703#3,20
2640.0,-E0,18
2640.0,1068234498#0,29
2640.0,182334378#0,1
2640.0,238526531#0,18
2640.0,263217604#0,3
2640.0,300077497#0,3
2640.0,300077497#6,2
2640.0,30620492#0,18
2640.0,30620492#1,5
2640.0,35274074#0,3
2640.0,360843888,1
2640.0,484988951#0,4
2640.0,49073226#2,7
2640.0,49073272#3,2
2640.0,506322844#0,3
2640.0,51362429#0,11
2640.0,51362430,4
2640.0,593847703#0,3
2640.0,594658757#0,1
2640.0,594658760#0,2
2640.0,:2749340167_0,1
2640.0,:3086736518_0,2
2640.0,:3086736518_6,1
2640.0,:655375232_2,4
2640.0,:655375238_0,1
2640.0,:cluster655375336_end_0_655375336_end_1_655375336_end_10_655375336_end_11_#8more_5,1
2640.0,:cluster_3431431575_4777363357_655375231_6982059025_5,1
2660.0,-300077497#5,26
2660.0,-300077497#8,3
2660.0,-35274074#2,7
2660.0,-51362429#1,9
2660.0,-593847703#3,21
2660.0,-E0,19
2660.0,1068234498#0,37
2660.0,1068440004#1,1
2660.0,238526531#0,18
2660.0,244450512#5,1
2660.0,263217604#0,3
2660.0,300077497#0,2
2660.0,300077497#6,1
2660.0,30620492#0,18
2660.0,30620492#1,5
2660.0,360018417,1
2660.0,484988951#0,4
2660.0,49073226#2,11
2660.0,506322844#0,7
2660.0,506322846#0,1
2660.0,51362429#0,13
2660.0,51362430,1
2660.0,593847703#0,2
2660.0,593849718#0,1
2660.0,594658757#0,1
2660.0,594658760#0,1
2660.0,:2749340167_0,1
2660.0,:3086736518_0,2
2660.0,:3208478121_3,1
2660.0,:655375232_2,2
2660.0,:655375238_3,1
2660.0,:655375239_3,1
2660.0,:cluster_2038168688_655375573_23,1
2660.0,:cluster_2038168688_655375573_24,1
2660.0,:cluster_2528018119_655375236_3,2
2680.0,-300077497#5,26
2680.0,-300077497#8,3
2680.0,-35274074#2,4
2680.0,-51362429#1,9
2680.0,-593847703#3,18
2680.0,-E0,19
2680.0,1068234498#0,26
2680.0,1068234499#0,2
2680.0,1068440004#1,1
2680.0,186602412#0,3
2680.0,196961377#3,2
2680.0,238526531#0,23
2680.0,244450512#4,1
2680.0,244450512#5,1
2680.0,288135626#0,5
2680.0,288878926#0,4
2680.0,300077497#0,3
2680.0,300077497#6,2
2680.0,30620492#0,18
2680.0,30620492#1,5
2680.0,35274074#0,2
2680.0,484988951#0,3
2680.0,49073226#2,9
2680.0,506322844#0,7
2680.0,51362429#0,15
2680.0,593849711#0,1
2680.0,594658757#0,1
2680.0,594658760#0,3
2680.0,:2749340167_0,1
2680.0,:3086736518_0,2
2680.0,:655375232_2,2
2680.0,:655375233_4,2
2680.0,:655375238_6,1
2680.0,:cluster_5372642442_631668976_631668981_631669076_45,2
2700.0,-300077497#5,27
2700.0,-300077497#8,2
2700.0,-35274074#2,2
2700.0,-51362429#1,4
2700.0,-593847703#3,18
2700.0,-E0,19
2700.0,1068234498#0,19
2700.0,1068234499#0,7
2700.0,1068440004#1,1
2700.0,186602412#0,1
2700.0,238526531#0,30
2700.0,244450512#5,2
2700.0,288135626#0,1
2700.0,288878926#0,8
2700.0,300077497#6,4
2700.0,30620492#0,18
2700.0,30620492#1,5
2700.0,35274074#0,2
2700.0,484988951#0,4
2700.0,49073226#2,6
2700.0,506322844#0,7
2700.0,506322846#0,2
2700.0,51362429#0,16
2700.0,594658757#0,1
2700.0,594658760#0,2
2700.0,:2749340167_0,1
2700.0,:3086736518_0,2
2700.0,:655375232_2,2
2700.0,:655375233_4,2
2700.0,:655375233_8,1
2700.0,:cluster_2038168688_655375573_23,1
2700.0,:cluster_3431431575_4777363357_655375231_6982059025_3,2
2700.0,:cluster_5372642442_631668976_631668981_631669076_22,1
2700.0,:cluster_5372642442_631668976_631668981_631669076_45,1
2700.0,:cluster_623980147_623980152_9,1
2720.0,-1334905223#2,2
2720.0,-300077497#5,27
2720.0,-300077497#8,4
2720.0,-35274074#2,8
2720.0,-593847703#3,18
2720.0,-E0,19
2720.0,1068234498#0,26
2720.0,1068234499#0,1
2720.0,1068440004#1,1
2720.0,186602412#0,2
2720.0,238526531#0,16
2720.0,244450512#5,2
2720.0,263217604#0,2
2720.0,288878926#0,13
2720.0,300077497#0,6
2720.0,300077497#6,4
2720.0,30620492#0,18
2720.0,30620492#1,5
2720.0,35274074#0,2
2720.0,484988951#0,4
2720.0,49073226#2,7
2720.0,506322840#0,2
2720.0,506322844#0,5
2720.0,506322848#0,1
2720.0,51362429#0,17
2720.0,594658757#0,1
2720.0,594658760#0,1
2720.0,:2749340167_0,1
2720.0,:3086736518_0,2
2720.0,:655375232_2,2
2720.0,:655375233_4,2
2720.0,:655375233_8,1
2720.0,:655375241_0,1
2720.0,:cluster_2038168688_655375573_25,1
2720.0,:cluster_2528018119_655375236_12,1
2720.0,:cluster_2528018119_655375236_29,1
2720.0,:cluster_3431431575_4777363357_655375231_6982059025_3,1
2720.0,:cluster_9383263990_9383263991_9383263992_9383263993_7,2
2740.0,-300077497#5,27
2740.0,-300077497#8,4
2740.0,-35274074#2,12
2740.0,-593847703#3,18
2740.0,-E0,18
2740.0,1068234498#0,33
2740.0,1068440004#1,1
2740.0,238526531#0,13
2740.0,244450512#5,2
2740.0,263217604#0,2
2740.0,288878926#0,13
2740.0,300077497#0,7
2740.0,300077497#6,1
2740.0,30620492#0,18
2740.0,30620492#1,5
2740.0,35274074#0,2
2740.0,484988951#0,4
2740.0,49073226#2,8
2740.0,506322844#0,5
2740.0,51362429#0,14
2740.0,594658757#0,1
2740.0,594658760#0,1
2740.0,:2749340167_0,1
2740.0,:3086736518_0,1
2740.0,:3086736518_6,1
2740.0,:655375232_2,3
2740.0,:655375233_0,3
2740.0,:655375233_4,2
2740.0,:655375233_8,1
2740.0,:655375238_0,1
2740.0,:655375239_3,1
2760.0,-300077497#5,27
2760.0,-300077497#8,4
2760.0,-35274074#2,9
2760.0,-593847703#3,18
2760.0,-E0,19
2760.0,1068234498#0,31
2760.0,1068440004#1,1
2760.0,238526531#0,14
2760.0,288135626#0,1
2760.0,288878926#0,11
2760.0,300077497#6,2
2760.0,30620492#0,18
2760.0,30620492#1,5
2760.0,360843888,1
2760.0,484988951#0,3
2760.0,49073226#2,8
2760.0,506322844#0,5
2760.0,506322846#0,2
2760.0,51362429#0,15
2760.0,51362430,2
2760.0,593847705,1
2760.0,593849711#0,1
2760.0,594658757#0,1
2760.0,594658760#0,2
2760.0,:2749340167_0,1
2760.0,:3086736518_0,1
2760.0,:3086736518_6,1
2760.0,:655375232_2,4
2760.0,:655375233_0,3
2760.0,:655375233_4,2
2760.0,:655375233_8,1
2760.0,:655375238_3,1
2760.0,:cluster_3431431575_4777363357_655375231_6982059025_5,1
2760.0,:cluster_5372642442_631668976_631668981_631669076_26,1
2760.0,:cluster_5372642442_631668976_631668981_631669076_45,2
2780.0,-300077497#5,26
2780.0,-300077497#8,4
2780.0,-35274074#2,8
2780.0,-51362429#1,2
2780.0,-593847703#3,15
2780.0,-E0,19
2780.0,1068234498#0,22
2780.0,1068234499#0,1
2780.0,1068440004#1,1
2780.0,238526531#0,22
2780.0,288878926#0,5
2780.0,300077497#6,4
2780.0,30620492#0,18
2780.0,30620492#1,5
2780.0,360843888,1
2780.0,484988951#0,4
2780.0,49073226#2,8
2780.0,506322844#0,5
2780.0,51362429#0,17
2780.0,593847705,1
2780.0,594658757#0,1
2780.0,594658760#0,2
2780.0,:2749340167_0,1
2780.0,:3086736518_0,1
2780.0,:3086736518_4,1
2780.0,:3086736518_6,1
2780.0,:655375232_2,4
2780.0,:655375232_8,1
2780.0,:655375233_0,3
2780.0,:655375233_2,1
2780.0,:655375233_8,1
2780.0,:cluster_2528018119_655375236_17,1
2780.0,:cluster_5372642442_631668976_631668981_631669076_22,1
2780.0,:cluster_5372642442_631668976_631668981_631669076_26,1
2780.0,:cluster_5372642442_631668976_631668981_631669076_45,2
2800.0,-300077497#5,26
2800.0,-300077497#8,4
2800.0,-35274074#2,11
2800.0,-51362429#1,6
2800.0,-593847703#3,13
2800.0,-E0,19
2800.0,1068234498#0,21
2800.0,1068234499#0,1
2800.0,238526531#0,22
2800.0,288878926#0,5
2800.0,300077497#0,1
2800.0,300077497#6,4
2800.0,30620492#0,18
2800.0,30620492#1,5
2800.0,360843888,1
2800.0,484988951#0,4
2800.0,49073226#2,8
2800.0,506322844#0,5
2800.0,506322848#0,1
2800.0,51362429#0,17
2800.0,593847703#0,3
2800.0,593847705,1
2800.0,594658757#0,1
2800.0,594658760#0,2
2800.0,:2749340167_0,1
2800.0,:3086736518_0,1
2800.0,:3086736518_6,1
2800.0,:655375232_2,4
2800.0,:655375233_4,1
2800.0,:655375233_8,1
2800.0,:cluster622618015_622618108_622618112_622618144_#2more_34,2
2800.0,:cluster_2528018119_655375236_12,1
2800.0,:cluster_2528018119_655375236_29,1
2800.0,:cluster_9383263990_9383263991_9383263992_9383263993_7,1
2820.0,-300077497#5,27
2820.0,-300077497#8,4
2820.0,-35274074#2,12
2820.0,-49073264#1,2
2820.0,-51362429#1,6
2820.0,-593847703#3,13
2820.0,-E0,19
2820.0,1068234498#0,25
2820.0,238526531#0,21
2820.0,288878926#0,5
2820.0,300077497#0,4
2820.0,300077497#6,4
2820.0,30620492#0,18
2820.0,30620492#1,4
2820.0,360843888,1
2820.0,484988951#0,4
2820.0,49073226#2,8
2820.0,506322844#0,6
2820.0,51362429#0,17
2820.0,593847703#0,3
2820.0,593847705,1
2820.0,594658757#0,1
2820.0,594658760#0,2
2820.0,:2749340167_0,1
2820.0,:3086736518_0,1
2820.0,:3086736518_6,1
2820.0,:655375232_2,4
2820.0,:655375233_4,1
2820.0,:655375233_8,1
2840.0,-300077497#5,23
2840.0,-300077497#8,4
2840.0,-35274074#2,10
2840.0,-51362429#1,6
2840.0,-593847703#3,15
2840.0,-E0,19
2840.0,1068234498#0,33
2840.0,238526531#0,21
2840.0,244450512#4,1
2840.0,288878926#0,5
2840.0,300077497#0,2
2840.0,300077497#6,1
2840.0,30620492#0,17
2840.0,30620492#1,4
2840.0,484988951#0,4
2840.0,49073226#2,8
2840.0,506322842#0,1
2840.0,506322844#0,6
2840.0,51362429#0,15
2840.0,594658757#0,1
2840.0,594658760#0,2
2840.0,:2749340167_0,1
2840.0,:3086736518_0,2
2840.0,:3086736518_6,1
2840.0,:655375232_2,4
2840.0,:655375233_0,2
2840.0,:655375233_4,1
2840.0,:655375233_8,1
2840.0,:655375238_3,1
2840.0,:cluster_2528018119_655375236_17,2
2840.0,:cluster_2528018119_655375236_3,1
2860.0,-300077497#5,20
2860.0,-300077497#8,4
2860.0,-35274074#2,6
2860.0,-51362429#1,6
2860.0,-593847703#3,20
2860.0,-E0,19
2860.0,1068234498#0,32
2860.0,1068234499#0,1
2860.0,238526531#0,25
2860.0,244450512#5,1
2860.0,288135626#0,2
2860.0,300077497#6,2
2860.0,30620492#0,17
2860.0,30620492#1,5
2860.0,35274074#0,3
2860.0,484988951#0,3
2860.0,49073226#2,8
2860.0,506322842#0,1
2860.0,506322844#0,6
2860.0,51362429#0,12
2860.0,593847705,1
2860.0,593849711#0,1
2860.0,594658757#0,1
2860.0,594658760#0,2
2860.0,:2749340167_0,1
2860.0,:3086736518_0,2
2860.0,:3086736518_6,1
2860.0,:655375232_2,5
2860.0,:655375233_0,3
2860.0,:655375233_4,1
2860.0,:655375233_8,1
2860.0,:655375238_3,1
2860.0,:cluster_3431431575_4777363357_655375231_6982059025_5,1
2860.0,:cluster_5372642442_631668976_631668981_631669076_45,1
2880.0,-300077497#5,24
2880.0,-35274074#2,5
2880.0,-51362429#1,6
2880.0,-593847703#3,17
2880.0,-E0,19
2880.0,1068234498#0,31
2880.0,1068234499#0,3
2880.0,186602412#0,1
2880.0,238526531#0,27
2880.0,244450512#5,1
2880.0,300077497#6,4
2880.0,30620492#0,18
2880.0,30620492#1,5
2880.0,484988951#0,4
2880.0,49073226#2,10
2880.0,506322842#0,1
2880.0,506322844#0,6
2880.0,506322846#0,1
2880.0,51362429#0,16
2880.0,593847705,1
2880.0,594658757#0,1
2880.0,594658760#0,2
2880.0,:1973482489_3,1
2880.0,:2749340167_0,1
2880.0,:3086736518_0,2
2880.0,:3086736518_4,1
2880.0,:3086736518_6,1
2880.0,:3086736518_7,1
2880.0,:655375232_2,5
2880.0,:655375233_0,3
2880.0,:655375233_4,2
2880.0,:655375233_8,1
2900.0,-1334905223#2,1
2900.0,-300077497#5,27
2900.0,-300077497#8,3
2900.0,-35274074#2,11
2900.0,-51362429#1,8
2900.0,-593847703#3,16
2900.0,-E0,19
2900.0,1068234498#0,31
2900.0,186602412#0,1
2900.0,238526531#0,19
2900.0,244450512#5,1
2900.0,263217604#0,1
2900.0,300077497#0,3
2900.0,300077497#6,4
2900.0,30620492#0,18
2900.0,30620492#1,5
2900.0,484988951#0,4
2900.0,49073226#2,9
2900.0,506322844#0,2
2900.0,51362429#0,17
2900.0,593847702#0,1
2900.0,593847703#0,3
2900.0,593847704#0,1
2900.0,593847705,1
2900.0,594658760#0,2
2900.0,:2749340167_0,1
2900.0,:3086736518_0,2
2900.0,:3086736518_6,1
2900.0,:655375232_2,5
2900.0,:655375233_4,2
2900.0,:655375239_5,1
2900.0,:cluster_2038168688_655375573_21,1
2900.0,:cluster_2038168688_655375573_25,1
2900.0,:cluster_623980147_623980152_4,1
2920.0,-300077497#5,27
2920.0,-300077497#8,4
2920.0,-35274074#2,12
2920.0,-51362429#1,4
2920.0,-593847703#3,16
2920.0,-E0,19
2920.0,1068234498#0,33
2920.0,238526531#0,19
2920.0,244450512#5,1
2920.0,263217604#0,1
2920.0,288878926#0,7
2920.0,300077497#0,1
2920.0,300077497#6,2
2920.0,30620492#0,18
2920.0,30620492#1,5
2920.0,484988951#0,4
2920.0,49073226#2,5
2920.0,49073272#3,1
2920.0,506322844#0,5
2920.0,51362429#0,17
2920.0,593847703#0,3
2920.0,593847705,1
2920.0,593852345#0,1
2920.0,594658760#0,2
2920.0,:2749340167_0,1
2920.0,:3086736518_0,2
2920.0,:3086736518_6,1
2920.0,:655375232_2,5
2920.0,:655375233_4,2
2920.0,:655375239_3,1
2920.0,:cluster_2038168688_655375573_30,1
2920.0,:cluster_3431431575_4777363357_655375231_6982059025_3,2
2940.0,-300077497#5,20
2940.0,-300077497#8,4
2940.0,-35274074#2,6
2940.0,-593847703#3,23
2940.0,-E0,19
2940.0,1068234498#0,31
2940.0,238526531#0,20
2940.0,288135626#0,1
2940.0,288878926#0,11
2940.0,300077497#0,3
2940.0,300077497#6,3
2940.0,30620492#0,18
2940.0,30620492#1,5
2940.0,360018417,1
2940.0,484988951#0,4
2940.0,49073226#2,5
2940.0,506322844#0,6
2940.0,51362429#0,17
2940.0,51362430,1
2940.0,593847705,1
2940.0,593849711#0,1
2940.0,593852345#0,1
2940.0,594658757#0,1
2940.0,594658760#0,2
2940.0,:3086736518_0,2
2940.0,:3086736518_6,1
2940.0,:655375232_2,5
2940.0,:655375233_4,2
2940.0,:655375238_3,1
2940.0,:cluster_5372642442_631668976_631668981_631669076_45,3
2940.0,:cluster_9383263990_9383263991_9383263992_9383263993_13,1
2960.0,-300077497#5,21
2960.0,-300077497#8,1
2960.0,-35274074#2,6
2960.0,-593847703#3,23
2960.0,-E0,19
2960.0,1068234498#0,28
2960.0,1068234499#0,1
2960.0,238526531#0,27
2960.0,288878926#0,9
2960.0,300077497#0,1
2960.0,300077497#6,4
2960.0,30620492#0,18
2960.0,30620492#1,5
2960.0,484988951#0,2
2960.0,49073226#2,1
2960.0,506322844#0,6
2960.0,506322846#0,2
2960.0,51362429#0,14
2960.0,593847703#0,8
2960.0,593852345#0,1
2960.0,594658757#0,1
2960.0,594658760#0,2
2960.0,:3086736518_0,1
2960.0,:3086736518_6,1
2960.0,:655375233_0,2
2960.0,:655375233_4,2
2960.0,:655375238_5,1
2960.0,:cluster622618015_622618108_622618112_622618144_#2more_49,1
2960.0,:cluster_2038168688_655375573_3,1
2960.0,:cluster_2528018119_655375236_17,1
2960.0,:cluster_2528018119_655375236_3,1
2960.0,:cluster_3431431575_4777363357_655375231_6982059025_5,1
2960.0,:cluster_5372642442_631668976_631668981_631669076_45,1
2960.0,:cluster_9383263990_9383263991_9383263992_9383263993_13,1
2980.0,-300077497#5,24
2980.0,-300077497#8,1
2980.0,-35274074#2,9
2980.0,-593847703#3,22
2980.0,-E0,19
2980.0,1068234498#0,26
2980.0,186602412#0,3
2980.0,196961215#2,1
2980.0,238526531#0,22
2980.0,263217604#0,1
2980.0,288878926#0,9
2980.0,300077497#0,1
2980.0,300077497#6,4
2980.0,30620492#0,18
2980.0,30620492#1,5
2980.0,35274074#0,1
2980.0,484988951#0,4
2980.0,49073226#2,2
2980.0,506322844#0,3
2980.0,506322848#0,3
2980.0,51362429#0,16
2980.0,593847703#0,10
2980.0,594658757#0,1
2980.0,594658760#0,2
2980.0,:3086736518_0,1
2980.0,:3086736518_4,1
2980.0,:3086736518_6,1
2980.0,:655375233_4,3
2980.0,:655375238_1,1
2980.0,:655375238_5,1
2980.0,:655375239_5,1
2980.0,:cluster_2528018119_655375236_29,1
2980.0,:cluster_9383263990_9383263991_9383263992_9383263993_7,1
3000.0,-1334905223#2,1
3000.0,-300077497#5,27
3000.0,-300077497#8,4
3000.0,-35274074#2,12
3000.0,-51362429#1,3
3000.0,-593847703#3,18
3000.0,-E0,19
3000.0,1068234498#0,27
3000.0,196961215#2,1
3000.0,238526531#0,19
3000.0,263217604#0,2
3000.0,288878926#0,9
3000.0,300077497#0,2
3000.0,300077497#6,4
3000.0,30620492#0,18
3000.0,30620492#1,5
3000.0,35274074#0,2
3000.0,484988951#0,3
3000.0,49073226#2,2
3000.0,506322844#0,4
3000.0,51362429#0,16
3000.0,593847703#0,10
3000.0,593847704#0,1
3000.0,594658757#0,1
3000.0,594658760#0,2
3000.0,:3086736518_0,1
3000.0,:3086736518_6,1
3000.0,:655375233_4,1
3000.0,:cluster622618015_622618108_622618112_622618144_#2more_37,1
3000.0,:cluster_3431431575_4777363357_655375231_6982059025_3,2
3000.0,:cluster_3431431575_4777363357_655375231_6982059025_5,1
3020.0,-300077497#5,24
3020.0,-300077497#8,4
3020.0,-35274074#2,8
3020.0,-593847703#3,20
3020.0,-E0,19
3020.0,1068234498#0,32
3020.0,196961215#2,1
3020.0,238526531#0,19
3020.0,263217604#0,2
3020.0,288878926#0,9
3020.0,300077497#0,2
3020.0,300077497#6,1
3020.0,30620492#0,18
3020.0,30620492#1,5
3020.0,360018417,1
3020.0,484988951#0,4
3020.0,49073226#2,7
3020.0,506322844#0,5
3020.0,51362429#0,17
3020.0,593847703#0,6
3020.0,594658757#0,1
3020.0,594658760#0,2
3020.0,:3086736518_0,1
3020.0,:3086736518_6,1
3020.0,:3208478121_3,1
3020.0,:655375233_4,1
3020.0,:655375238_3,1
3020.0,:655375239_3,1
3020.0,:cluster_2038168688_655375573_23,1
3020.0,:cluster_2038168688_655375573_24,1
3020.0,:cluster_2528018119_655375236_17,1
3020.0,:cluster_2528018119_655375236_3,2
3040.0,-300077497#5,23
3040.0,-300077497#8,4
3040.0,-35274074#2,7
3040.0,-593847703#3,22
3040.0,-E0,19
3040.0,1068234498#0,26
3040.0,1068234499#0,2
3040.0,186602412#0,2
3040.0,196961215#2,1
3040.0,196961377#3,2
3040.0,238526531#0,24
3040.0,244450512#4,1
3040.0,288135626#0,1
3040.0,288878926#0,3
3040.0,300077497#0,6
3040.0,30620492#0,18
3040.0,30620492#1,5
3040.0,35274074#0,2
3040.0,484988951#0,4
3040.0,49073226#2,7
3040.0,49695736#0,1
3040.0,506322844#0,5
3040.0,51362429#0,18
3040.0,593847704#0,1
3040.0,593849711#0,1
3040.0,594658757#0,2
3040.0,:3086736518_0,1
3040.0,:655375233_4,1
3040.0,:655375238_1,1
3040.0,:cluster622618015_622618108_622618112_622618144_#2more_0,1
3040.0,:cluster_2038168688_655375573_3,1
3040.0,:cluster_5372642442_631668976_631668981_631669076_26,1
3040.0,:cluster_5372642442_631668976_631668981_631669076_45,2
3060.0,-300077497#5,24
3060.0,-35274074#2,7
3060.0,-593847703#3,24
3060.0,-E0,18
3060.0,1068234498#0,20
3060.0,1068234499#0,4
3060.0,186602412#0,2
3060.0,196961215#2,1
3060.0,238526531#0,32
3060.0,244450512#5,1
3060.0,288878926#0,1
3060.0,300077497#0,5
3060.0,30620492#0,18
3060.0,30620492#1,5
3060.0,484988951#0,3
3060.0,49073226#2,7
3060.0,49695736#0,1
3060.0,506322844#0,5
3060.0,506322846#0,2
3060.0,51362429#0,13
3060.0,593847703#0,2
3060.0,593847704#0,3
3060.0,594658757#0,2
3060.0,:3086736518_0,1
3060.0,:655375232_2,1
3060.0,:655375233_0,3
3060.0,:655375233_4,1
3060.0,:655375238_1,1
3060.0,:655375238_5,1
3060.0,:cluster_3431431575_4777363357_655375231_6982059025_5,1
3080.0,-1334905223#2,2
3080.0,-300077497#5,27
3080.0,-300077497#8,4
3080.0,-35274074#2,11
3080.0,-593847703#3,25
3080.0,-E0,19
3080.0,1068234498#0,23
3080.0,186602412#0,1
3080.0,196961215#2,1
3080.0,238526531#0,19
3080.0,244450512#5,1
3080.0,263217604#0,1
3080.0,288878926#0,1
3080.0,300077497#0,9
3080.0,30620492#0,18
3080.0,30620492#1,5
3080.0,484988951#0,4
3080.0,49073226#2,7
3080.0,506322840#0,2
3080.0,506322844#0,3
3080.0,51362429#0,15
3080.0,593847703#0,6
3080.0,593847704#0,3
3080.0,594658757#0,1
3080.0,:3086736518_0,1
3080.0,:655375233_4,1
3080.0,:655375238_1,1
3080.0,:655375238_5,1
3080.0,:655375241_0,2
3080.0,:cluster_2038168688_655375573_25,1
3080.0,:cluster_9383263990_9383263991_9383263992_9383263993_7,1
3100.0,-300077497#5,27
3100.0,-300077497#8,4
3100.0,-35274074#2,12
3100.0,-51362429#1,7
3100.0,-593847703#3,16
3100.0,-E0,19
3100.0,1068234498#0,29
3100.0,196961215#2,1
3100.0,238526531#0,19
3100.0,244450512#5,1
3100.0,263217604#0,1
3100.0,288878926#0,1
3100.0,300077497#0,9
3100.0,30620492#0,18
3100.0,30620492#1,5
3100.0,484988951#0,4
3100.0,49073226#2,7
3100.0,49073272#3,1
3100.0,506322844#0,5
3100.0,51362429#0,15
3100.0,593847703#0,6
3100.0,593849718#0,2
3100.0,594658757#0,1
3100.0,:3086736518_0,1
3100.0,:3086736518_4,1
3100.0,:655375232_8,1
3100.0,:655375233_10,1
3100.0,:655375238_1,1
3100.0,:655375238_5,1
3120.0,-300077497#5,20
3120.0,-300077497#8,4
3120.0,-35274074#2,12
3120.0,-51362429#1,7
3120.0,-593847703#3,23
3120.0,-E0,19
3120.0,1068234498#0,28
3120.0,196961215#2,1
3120.0,238526531#0,20
3120.0,288135626#0,2
3120.0,300077497#0,15
3120.0,30620492#0,18
3120.0,30620492#1,5
3120.0,360018417,1
3120.0,360843888,1
3120.0,484988951#0,4
3120.0,49073226#2,8
3120.0,506322844#0,5
3120.0,51362429#0,16
3120.0,51362430,1
3120.0,593847702#0,1
3120.0,594658757#0,1
3120.0,:3086736518_0,1
3120.0,:3086736518_4,1
3120.0,:655375238_1,1
3120.0,:655375238_5,1
3120.0,:cluster_5372642442_631668976_631668981_631669076_22,1
3120.0,:cluster_5372642442_631668976_631668981_631669076_45,2
3140.0,-300077497#5,22
3140.0,-300077497#8,2
3140.0,-35274074#2,12
3140.0,-51362429#1,7
3140.0,-593847703#3,23
3140.0,-E0,18
3140.0,1068234498#0,25
3140.0,1068234499#0,3
3140.0,238526531#0,28
3140.0,288878926#0,3
3140.0,300077497#0,15
3140.0,30620492#0,18
3140.0,30620492#1,5
3140.0,360843888,1
3140.0,484988951#0,5
3140.0,49073226#2,5
3140.0,506322844#0,5
3140.0,51362429#0,16
3140.0,593847702#0,1
3140.0,594658757#0,1
3140.0,:3086736518_0,1
3140.0,:3086736518_4,1
3140.0,:3086736518_6,1
3140.0,:655375238_1,1
3140.0,:655375238_5,1
3140.0,:cluster_5372642442_631668976_631668981_631669076_45,1
3140.0,:cluster_623980147_623980152_4,1
3160.0,-300077497#5,26
3160.0,-300077497#8,1
3160.0,-35274074#2,12
3160.0,-593847703#3,23
3160.0,-E0,18
3160.0,1068234498#0,24
3160.0,1068234499#0,1
3160.0,238526531#0,26
3160.0,288878926#0,10
3160.0,300077497#0,14
3160.0,30620492#0,17
3160.0,30620492#1,5
3160.0,35274074#0,3
3160.0,360843888,1
3160.0,484988951#0,4
3160.0,49073226#2,5
3160.0,49073272#3,1
3160.0,506322844#0,2
3160.0,506322848#0,2
3160.0,51362429#0,13
3160.0,593847703#0,1
3160.0,594658757#0,1
3160.0,:2444664370_0,1
3160.0,:3086736518_0,1
3160.0,:3086736518_4,1
3160.0,:3086736518_6,1
3160.0,:655375232_2,3
3160.0,:655375238_1,1
3160.0,:655375238_5,1
3160.0,:655375239_5,1
3160.0,:cluster_2038168688_655375573_9,1
3160.0,:cluster_2528018119_655375236_29,1
3160.0,:cluster_3431431575_4777363357_655375231_6982059025_3,1
3160.0,:cluster_9383263990_9383263991_9383263992_9383263993_7,1
3180.0,-1334905223#2,1
3180.0,-300077497#5,27
3180.0,-300077497#8,4
3180.0,-35274074#2,11
3180.0,-593847703#3,23
3180.0,-E0,19
3180.0,1068234498#0,31
3180.0,238526531#0,25
3180.0,288878926#0,13
3180.0,300077497#0,13
3180.0,300077497#6,2
3180.0,30620492#0,18
3180.0,30620492#1,5
3180.0,35274074#0,6
3180.0,360843888,1
3180.0,484988951#0,4
3180.0,49073226#2,3
3180.0,49073272#3,1
3180.0,506322840#0,1
3180.0,506322844#0,6
3180.0,51362429#0,13
3180.0,593847703#0,1
3180.0,594658757#0,1
3180.0,:3086736518_0,1
3180.0,:3086736518_4,1
3180.0,:3086736518_6,1
3180.0,:655375232_2,3
3180.0,:655375238_0,1
3180.0,:cluster622618015_622618108_622618112_622618144_#2more_42,1
3200.0,-300077497#5,23
3200.0,-300077497#8,4
3200.0,-35274074#2,12
3200.0,-49073264#1,1
3200.0,-51362429#1,4
3200.0,-593847703#3,16
3200.0,-E0,19
3200.0,1068234498#0,36
3200.0,238526531#0,24
3200.0,244450512#5,1
3200.0,288878926#0,13
3200.0,300077497#0,6
3200.0,30620492#0,18
3200.0,30620492#1,5
3200.0,35274074#0,7
3200.0,360018417,1
3200.0,484988951#0,4
3200.0,49073226#2,3
3200.0,506322844#0,6
3200.0,506322846#0,1
3200.0,51362429#0,14
3200.0,593847704#0,1
3200.0,594658757#0,1
3200.0,:3086736518_0,1
3200.0,:3086736518_4,1
3200.0,:655375232_2,3
3200.0,:655375232_8,1
3200.0,:655375233_2,1
3200.0,:655375233_4,2
3200.0,:655375238_6,1
3200.0,:cluster_2038168688_655375573_23,1
3200.0,:cluster_2038168688_655375573_3,1
3200.0,:cluster_2038168688_655375573_6,1
3200.0,:cluster_2528018119_655375236_17,2
3200.0,:cluster_3431431575_4777363357_655375231_6982059025_3,1
3220.0,-300077497#5,21
3220.0,-300077497#8,4
3220.0,-35274074#2,11
3220.0,-49073264#1,1
3220.0,-51362429#1,4
3220.0,-593847703#3,20
3220.0,-E0,19
3220.0,1068234498#0,32
3220.0,1068234499#0,1
3220.0,186602412#0,3
3220.0,196961377#3,1
3220.0,238526531#0,26
3220.0,244450512#5,1
3220.0,288878926#0,7
3220.0,300077497#6,4
3220.0,30620492#0,18
3220.0,30620492#1,5
3220.0,35274074#0,1
3220.0,484988951#0,4
3220.0,49073226#2,9
3220.0,506322844#0,6
3220.0,506322846#0,8
3220.0,51362429#0,16
3220.0,593847702#0,1
3220.0,593847704#0,1
3220.0,593849711#0,1
3220.0,594658757#0,1
3220.0,:1973482489_3,1
3220.0,:2444664370_0,1
3220.0,:3086736518_0,1
3220.0,:655375232_2,3
3220.0,:cluster622618015_622618108_622618112_622618144_#2more_0,1
3220.0,:cluster_3208478133_655375293_655375296_9631728504_#1more_10,1
3240.0,-300077497#5,24
3240.0,-35274074#2,11
3240.0,-49073264#1,1
3240.0,-51362429#1,4
3240.0,-593847703#3,21
3240.0,-E0,19
3240.0,1068234498#0,32
3240.0,1068234499#0,2
3240.0,186602412#0,5
3240.0,238526531#0,27
3240.0,244450512#5,1
3240.0,288878926#0,5
3240.0,300077497#6,4
3240.0,30620492#0,17
3240.0,30620492#1,5
3240.0,484988951#0,4
3240.0,49073226#2,9
3240.0,506322844#0,6
3240.0,506322846#0,3
3240.0,51362429#0,17
3240.0,51362430,1
3240.0,593847702#0,1
3240.0,593847704#0,1
3240.0,594658757#0,1
3240.0,:1973482489_8,1
3240.0,:3086736518_0,1
3240.0,:655375232_2,3
3260.0,-1334905223#2,1
3260.0,-300077497#5,27
3260.0,-300077497#8,4
3260.0,-35274074#2,12
3260.0,-49073264#1,2
3260.0,-51362429#1,4
3260.0,-593847703#3,22
3260.0,-E0,18
3260.0,1068234498#0,33
3260.0,186602412#0,2
3260.0,238526531#0,25
3260.0,244450512#5,1
3260.0,263217604#0,1
3260.0,288878926#0,5
3260.0,300077497#0,2
3260.0,300077497#6,4
3260.0,30620492#0,18
3260.0,30620492#1,5
3260.0,484988951#0,5
3260.0,49073226#2,9
3260.0,506322844#0,3
3260.0,51362429#0,14
3260.0,593847703#0,1
3260.0,593847704#0,1
3260.0,594658757#0,1
3260.0,:3086736518_0,2
3260.0,:3086736518_6,1
3260.0,:655375232_2,3
3260.0,:655375233_0,1
3280.0,-300077497#5,27
3280.0,-300077497#8,4
3280.0,-35274074#2,11
3280.0,-51362429#1,4
3280.0,-593847703#3,22
3280.0,-E0,19
3280.0,1068234498#0,34
3280.0,238526531#0,25
3280.0,244450512#5,1
3280.0,263217604#0,3
3280.0,288878926#0,5
3280.0,300077497#6,1
3280.0,30620492#0,18
3280.0,30620492#1,5
3280.0,484988951#0,3
3280.0,49073226#2,9
3280.0,506322844#0,5
3280.0,51362429#0,14
3280.0,593847703#0,10
3280.0,593847704#0,1
3280.0,593849718#0,1
3280.0,594658757#0,1
3280.0,:655375238_0,1
3280.0,:655375238_3,1
3280.0,:655375239_3,1
3280.0,E1,1
3300.0,-300077497#5,27
3300.0,-300077497#8,4
3300.0,-35274074#2,4
3300.0,-51362429#1,5
3300.0,-593847703#3,15
3300.0,-E0,19
3300.0,1068234498#0,38
3300.0,238526531#0,25
3300.0,288135626#0,1
3300.0,288878926#0,3
3300.0,300077497#0,7
3300.0,300077497#6,2
3300.0,30620492#0,18
3300.0,30620492#1,5
3300.0,360843888,1
3300.0,49073226#2,10
3300.0,506322844#0,5
3300.0,51362429#0,16
3300.0,51362430,1
3300.0,593847702#0,1
3300.0,593847703#0,1
3300.0,593849711#0,1
3300.0,594658757#0,1
3300.0,594658760#0,2
3300.0,:655375232_8,1
3300.0,:655375233_2,1
3300.0,:655375233_4,3
3300.0,:655375238_3,1
3300.0,:cluster_2528018119_655375236_3,2
3300.0,E1,1
3320.0,-300077497#5,20
3320.0,-300077497#8,4
3320.0,-35274074#2,3
3320.0,-51362429#1,7
3320.0,-593847703#3,18
3320.0,-E0,19
3320.0,1068234498#0,38
3320.0,1068234499#0,1
3320.0,238526531#0,25
3320.0,300077497#0,4
3320.0,300077497#6,4
3320.0,30620492#0,18
3320.0,30620492#1,5
3320.0,35274074#0,3
3320.0,360843888,1
3320.0,49073226#2,11
3320.0,506322844#0,5
3320.0,51362429#0,16
3320.0,593847702#0,2
3320.0,593847704#0,1
3320.0,594658757#0,1
3320.0,594658760#0,2
3320.0,:655375238_6,1
3320.0,:cluster_2038168688_655375573_24,1
3320.0,:cluster_2038168688_655375573_3,1
3320.0,:cluster_2528018119_655375236_17,3
3340.0,-300077497#5,21
3340.0,-300077497#8,1
3340.0,-35274074#2,6
3340.0,-51362429#1,7
3340.0,-593847703#3,21
3340.0,-E0,19
3340.0,1068234498#0,38
3340.0,186602412#0,2
3340.0,238526531#0,21
3340.0,300077497#0,1
3340.0,300077497#6,4
3340.0,30620492#0,18
3340.0,30620492#1,5
3340.0,35274074#0,5
3340.0,360843888,1
3340.0,49073226#2,11
3340.0,49073272#1,1
3340.0,49073272#3,1
3340.0,506322844#0,3
3340.0,506322846#0,2
3340.0,51362429#0,16
3340.0,593847704#0,1
3340.0,594658757#0,1
3340.0,594658760#0,1
3340.0,:1973482489_3,1
3340.0,:655375238_5,2
3340.0,:655375239_5,2
3340.0,:cluster655375336_end_0_655375336_end_1_655375336_end_10_655375336_end_11_#8more_18,1
3340.0,:cluster_2038168688_655375573_8,1
3360.0,-300077497#5,27
3360.0,-300077497#8,3
3360.0,-35274074#2,12
3360.0,-51362429#1,7
3360.0,-593847703#3,21
3360.0,-E0,13
3360.0,1068234498#0,38
3360.0,1068440004#1,1
3360.0,186602412#0,1
3360.0,238526531#0,16
3360.0,263217604#0,2
3360.0,300077497#0,1
3360.0,300077497#6,4
3360.0,30620492#0,18
3360.0,30620492#1,5
3360.0,35274074#0,5
3360.0,360843888,1
3360.0,49073226#2,11
3360.0,49073272#3,2
3360.0,506322844#0,3
3360.0,51362429#0,14
3360.0,593847704#0,6
3360.0,594658757#0,1
3360.0,594658760#0,1
3360.0,:655375232_2,2
3360.0,:cluster622618015_622618108_622618112_622618144_#2more_37,1
3380.0,-300077497#5,27
3380.0,-300077497#8,3
3380.0,-35274074#2,7
3380.0,-51362429#1,7
3380.0,-593847703#3,21
3380.0,-E0,18
3380.0,1068234498#0,38
3380.0,1068440004#1,1
3380.0,238526531#0,16
3380.0,244450512#4,1
3380.0,263217604#0,2
3380.0,288878926#0,4
3380.0,300077497#0,1
3380.0,300077497#6,1
3380.0,30620492#0,18
3380.0,30620492#1,5
3380.0,35274074#0,1
3380.0,360018417,1
3380.0,49073226#2,6
3380.0,49073264#0,1
3380.0,49073272#1,1
3380.0,49073272#3,1
3380.0,506322844#0,5
3380.0,51362429#0,6
3380.0,593847703#0,8
3380.0,594658760#0,1
3380.0,:3208478121_3,1
3380.0,:655375238_3,1
3380.0,:655375239_3,1
3380.0,:cluster_2038168688_655375573_23,1
3380.0,:cluster_2038168688_655375573_24,1
3380.0,:cluster_2038168688_655375573_3,1
3380.0,:cluster_2038168688_655375573_6,1
3380.0,:cluster_2528018119_655375236_3,1
3380.0,:cluster_623980147_623980152_9,1
3400.0,-300077497#5,24
3400.0,-300077497#8,3
3400.0,-35274074#2,4
3400.0,-49073264#1,1
3400.0,-593847703#3,19
3400.0,-E0,19
3400.0,1068234498#0,30
3400.0,1068440004#1,1
3400.0,186602412#0,2
3400.0,196961377#3,3
3400.0,238526531#0,21
3400.0,244450512#5,1
3400.0,288878926#0,5
3400.0,300077497#0,8
3400.0,300077497#6,2
3400.0,30620492#0,18
3400.0,30620492#1,5
3400.0,35274074#0,1
3400.0,49073226#2,4
3400.0,506322844#0,5
3400.0,506322846#0,2
3400.0,51362429#0,6
3400.0,593849711#0,1
3400.0,594658757#0,1
3400.0,594658760#0,2
3400.0,:1973482489_3,1
3400.0,:619136999_3,1
3400.0,:655375233_4,3
3400.0,:655375238_6,1
3400.0,:cluster622618015_622618108_622618112_622618144_#2more_0,1
3400.0,:cluster_2528018119_655375236_17,2
3400.0,:cluster_3431431575_4777363357_655375231_6982059025_3,2
3400.0,:cluster_5372642442_631668976_631668981_631669076_26,1
3400.0,:cluster_5372642442_631668976_631668981_631669076_45,2
3400.0,:cluster_623980147_623980152_4,1
3420.0,-300077497#5,21
3420.0,-300077497#8,3
3420.0,-35274074#2,3
3420.0,-49073264#1,1
3420.0,-51362429#1,1
3420.0,-593847703#3,21
3420.0,-E0,19
3420.0,1068234498#0,24
3420.0,1068440004#1,1
3420.0,186602412#0,2
3420.0,238526531#0,29
3420.0,244450512#5,1
3420.0,288135626#0,2
3420.0,288878926#0,10
3420.0,300077497#6,2
3420.0,30620492#0,18
3420.0,30620492#1,5
3420.0,35274074#0,5
3420.0,49073226#2,3
3420.0,506322844#0,5
3420.0,506322846#0,3
3420.0,51362429#0,6
3420.0,593847702#0,1
3420.0,593849711#0,2
3420.0,594658760#0,1
3420.0,:2444664370_0,1
3420.0,:655375233_8,1
3420.0,:655375238_3,1
3420.0,:cluster655375336_end_0_655375336_end_1_655375336_end_10_655375336_end_11_#8more_19,1
3420.0,:cluster_2038168688_655375573_23,1
3420.0,:cluster_5372642442_631668976_631668981_631669076_45,1
3420.0,:cluster_623980147_623980152_4,1
3440.0,-1334905223#2,1
3440.0,-300077497#5,26
3440.0,-300077497#8,3
3440.0,-35274074#2,9
3440.0,-49073264#1,1
3440.0,-593847703#3,21
3440.0,-E0,19
3440.0,1068234498#0,30
3440.0,1068440004#1,1
3440.0,186602412#0,4
3440.0,238526531#0,16
3440.0,244450512#5,1
3440.0,288878926#0,12
3440.0,300077497#0,3
3440.0,300077497#6,3
3440.0,30620492#0,18
3440.0,30620492#1,5
3440.0,35274074#0,5
3440.0,49073226#2,3
3440.0,49073264#0,1
3440.0,49073272#1,1
3440.0,506322840#0,2
3440.0,506322844#0,2
3440.0,51362429#0,6
3440.0,593847702#0,1
3440.0,593847704#0,1
3440.0,594658760#0,1
3440.0,:655375238_5,1
3440.0,:655375239_5,1
3440.0,:655375241_0,2
3440.0,:cluster_2038168688_655375573_8,1
3440.0,:cluster_2038168688_655375573_9,1
3440.0,:cluster_9383263990_9383263991_9383263992_9383263993_7,1
3460.0,-1334905223#2,1
3460.0,-300077497#5,27
3460.0,-300077497#8,4
3460.0,-35274074#2,11
3460.0,-593847703#3,21
3460.0,-E0,13
3460.0,1068234498#0,37
3460.0,1068440004#1,1
3460.0,238526531#0,13
3460.0,244450512#5,1
3460.0,263217604#0,1
3460.0,288878926#0,12
3460.0,300077497#6,2
3460.0,30620492#0,18
3460.0,30620492#1,5
3460.0,35274074#0,5
3460.0,49073226#2,3
3460.0,49073272#3,2
3460.0,506322844#0,6
3460.0,51362429#0,6
3460.0,593847702#0,1
3460.0,593847704#0,3
3460.0,594658760#0,1
3460.0,:3086736518_6,1
3460.0,:655375238_0,1
3460.0,:655375239_3,1
3460.0,:cluster622618015_622618108_622618112_622618144_#2more_17,1
3460.0,:cluster_2038168688_655375573_8,1
3480.0,-300077497#5,26
3480.0,-300077497#8,4
3480.0,-35274074#2,5
3480.0,-593847703#3,22
3480.0,-E0,17
3480.0,1068234498#0,31
3480.0,1068440004#1,1
3480.0,238526531#0,14
3480.0,288135626#0,3
3480.0,288878926#0,10
3480.0,300077497#6,2
3480.0,30620492#0,18
3480.0,30620492#1,5
3480.0,360018417,3
3480.0,360843888,1
3480.0,49073226#2,3
3480.0,506322844#0,6
3480.0,506322846#0,4
3480.0,51362430,1
3480.0,593847702#0,1
3480.0,593847703#0,6
3480.0,593847704#0,2
3480.0,593849711#0,1
3480.0,594658760#0,1
3480.0,:1973482489_3,1
3480.0,:655375239_3,1
3480.0,:cluster_5372642442_631668976_631668981_631669076_22,2
3480.0,:cluster_5372642442_631668976_631668981_631669076_26,1
3480.0,:cluster_5372642442_631668976_631668981_631669076_45,2
3500.0,-300077497#5,22
3500.0,-300077497#8,3
3500.0,-35274074#2,3
3500.0,-593847703#3,24
3500.0,-E0,19
3500.0,1068234498#0,18
3500.0,1068234499#0,7
3500.0,1068440004#1,1
3500.0,186602412#0,3
3500.0,196961377#3,1
3500.0,238526531#0,21
3500.0,288135626#0,4
3500.0,288878926#0,4
3500.0,300077497#0,6
3500.0,300077497#6,4
3500.0,30620492#0,18
3500.0,30620492#1,5
3500.0,360843888,1
3500.0,49073226#2,4
3500.0,506322844#0,6
3500.0,593847702#0,1
3500.0,593847704#0,2
3500.0,594658760#0,1
3500.0,:655375233_4,2
3500.0,:cluster622618015_622618108_622618112_622618144_#2more_49,2
3500.0,:cluster_2528018119_655375236_17,1
3500.0,:cluster_5372642442_631668976_631668981_631669076_22,2
3500.0,:cluster_5372642442_631668976_631668981_631669076_45,2
3520.0,-300077497#5,24
3520.0,-300077497#8,1
3520.0,-35274074#2,6
3520.0,-593847703#3,19
3520.0,-E0,19
3520.0,1068234498#0,18
3520.0,1068234499#0,5
3520.0,1068440004#1,1
3520.0,238526531#0,18
3520.0,263217604#0,1
3520.0,288135626#0,4
3520.0,288878926#0,4
3520.0,300077497#0,3
3520.0,300077497#6,4
3520.0,30620492#0,18
3520.0,30620492#1,5
3520.0,35274074#0,4
3520.0,360843888,1
3520.0,49073226#2,5
3520.0,49073272#3,1
3520.0,506322844#0,3
3520.0,506322848#0,1
3520.0,593847702#0,1
3520.0,593847704#0,4
3520.0,594658760#0,1
3520.0,:2444664370_0,1
3520.0,:655375238_1,1
3520.0,:655375238_5,1
3520.0,:655375239_5,2
3520.0,:cluster622618015_622618108_622618112_622618144_#2more_29,1
3520.0,:cluster_2038168688_655375573_8,1
3520.0,:cluster_2528018119_655375236_12,1
3520.0,:cluster_2528018119_655375236_29,1
3520.0,:cluster_3431431575_4777363357_655375231_6982059025_3,1
3520.0,:cluster_9383263990_9383263991_9383263992_9383263993_7,2
3540.0,-1334905223#2,1
3540.0,-300077497#5,27
3540.0,-300077497#8,4
3540.0,-35274074#2,12
3540.0,-593847703#3,19
3540.0,-E0,19
3540.0,1068234498#0,25
3540.0,1068234499#0,2
3540.0,238526531#0,13
3540.0,263217604#0,2
3540.0,288878926#0,4
3540.0,300077497#0,10
3540.0,300077497#6,4
3540.0,30620492#0,17
3540.0,30620492#1,4
3540.0,35274074#0,6
3540.0,360843888,1
3540.0,49073226#2,6
3540.0,49073264#0,1
3540.0,49073272#3,2
3540.0,506322844#0,5
3540.0,593847702#0,1
3540.0,593847704#0,2
3540.0,594658760#0,1
3540.0,:2749340167_0,1
3540.0,:cluster622618015_622618108_622618112_622618144_#2more_39,2
3540.0,:cluster_2528018119_655375236_12,1
3540.0,:cluster_2528018119_655375236_29,1
3560.0,-300077497#5,23
3560.0,-300077497#8,4
3560.0,-35274074#2,12
3560.0,-593847703#3,20
3560.0,-E0,15
3560.0,1068234498#0,32
3560.0,182334378#0,1
3560.0,238526531#0,13
3560.0,244450512#5,1
3560.0,263217604#0,2
3560.0,288878926#0,4
3560.0,300077497#0,7
3560.0,300077497#6,2
3560.0,30620492#0,17
3560.0,30620492#1,5
3560.0,35274074#0,2
3560.0,360018417,1
3560.0,49073226#2,6
3560.0,49073272#1,1
3560.0,49073272#3,1
3560.0,506322844#0,5
3560.0,506322846#0,1
3560.0,593847702#0,1
3560.0,593847704#0,2
3560.0,594658760#0,1
3560.0,:3086736518_6,1
3560.0,:3208478121_3,1
3560.0,:655375239_3,1
3560.0,:cluster622618015_622618108_622618112_622618144_#2more_17,1
3560.0,:cluster_2038168688_655375573_23,1
3560.0,:cluster_2038168688_655375573_3,1
3560.0,:cluster_2038168688_655375573_6,1
3560.0,:cluster_2528018119_655375236_17,2
3580.0,-300077497#5,18
3580.0,-300077497#8,4
3580.0,-35274074#2,11
3580.0,-593847703#3,27
3580.0,-E0,15
3580.0,1068234498#0,25
3580.0,1068234499#0,2
3580.0,186602412#0,3
3580.0,196961377#3,3
3580.0,238526531#0,17
3580.0,244450512#5,1
3580.0,288135626#0,1
3580.0,300077497#0,1
3580.0,300077497#6,5
3580.0,30620492#0,18
3580.0,30620492#1,5
3580.0,49073226#2,6
3580.0,506322844#0,5
3580.0,506322846#0,3
3580.0,51362430,1
3580.0,593847702#0,1
3580.0,593847704#0,4
3580.0,594658757#0,1
3580.0,594658760#0,2
3580.0,:2444664370_0,1
3580.0,:619136999_3,1
3580.0,:cluster_5372642442_631668976_631668981_631669076_26,1
3580.0,:cluster_5372642442_631668976_631668981_631669076_45,2
3600.0,-300077497#5,19
3600.0,-35274074#2,11
3600.0,-593847703#3,29
3600.0,-E0,19
3600.0,1068234498#0,24
3600.0,1068234499#0,4
3600.0,182334378#0,1
3600.0,186602412#0,2
3600.0,238526531#0,25
3600.0,244450512#5,1
3600.0,300077497#0,1
3600.0,300077497#6,5
3600.0,30620492#0,18
3600.0,30620492#1,5
3600.0,49073226#2,7
3600.0,506322844#0,5
3600.0,593847702#0,1
3600.0,593847704#0,4
3600.0,594658757#0,1
3600.0,594658760#0,2
3600.0,:cluster_5372642442_631668976_631668981_631669076_45,1
3620.0,-300077497#5,24
3620.0,-300077497#8,1
3620.0,-35274074#2,12
3620.0,-51362429#1,3
3620.0,-593847703#3,22
3620.0,-E0,19
3620.0,1068234498#0,27
3620.0,1068440004#1,1
3620.0,1239087514,1
3620.0,238526531#0,16
3620.0,244450512#5,1
3620.0,288878926#0,5
3620.0,300077497#0,5
3620.0,300077497#6,5
3620.0,30620492#0,18
3620.0,30620492#1,5
3620.0,49073226#2,1
3620.0,49073272#3,1
3620.0,506322840#0,3
3620.0,506322844#0,2
3620.0,506322848#0,2
3620.0,593847704#0,4
3620.0,594658757#0,1
3620.0,:3086736518_4,1
3620.0,:655375232_8,1
3620.0,:655375233_4,1
3620.0,:655375238_5,1
3620.0,:655375239_5,1
3620.0,:655375241_0,3
3620.0,:cluster_3431431575_4777363357_655375231_6982059025_3,1
3620.0,:cluster_623980147_623980152_4,1
3620.0,:cluster_9383263990_9383263991_9383263992_9383263993_7,1
3640.0,-1334905223#2,1
3640.0,-300077497#5,27
3640.0,-35274074#2,12
3640.0,-593847703#3,22
3640.0,-E0,19
3640.0,1068234498#0,33
3640.0,238526531#0,16
3640.0,244450512#5,1
3640.0,263217604#0,2
3640.0,288878926#0,11
3640.0,300077497#0,3
3640.0,300077497#6,2
3640.0,30620492#0,18
3640.0,30620492#1,5
3640.0,49073226#2,3
3640.0,49073272#1,1
3640.0,49073272#3,2
3640.0,506322844#0,6
3640.0,593849718#0,1
3640.0,594658757#0,1
3640.0,:655375233_4,1
3640.0,:655375233_8,1
3640.0,:655375238_0,1
3640.0,:655375239_3,1
3640.0,:cluster622618015_622618108_622618112_622618144_#2more_39,1
3660.0,-300077497#5,21
3660.0,-35274074#2,6
3660.0,-593847703#3,28
3660.0,-E0,17
3660.0,1068234498#0,27
3660.0,238526531#0,17
3660.0,288135626#0,3
3660.0,288878926#0,11
3660.0,300077497#6,3
3660.0,30620492#0,18
3660.0,30620492#1,5
3660.0,360018417,3
3660.0,49073226#2,1
3660.0,506322844#0,6
3660.0,51362430,1
3660.0,593849711#0,2
3660.0,594658757#0,2
3660.0,594658760#0,1
3660.0,:3086736518_6,2
3660.0,:655375233_4,1
3660.0,:655375233_8,1
3660.0,:655375238_3,1
3660.0,:cluster_5372642442_631668976_631668981_631669076_26,1
3660.0,:cluster_5372642442_631668976_631668981_631669076_45,2
3680.0,-300077497#5,20
3680.0,-35274074#2,6
3680.0,-593847703#3,29
3680.0,-E0,14
3680.0,1068234498#0,21
3680.0,1068234499#0,3
3680.0,196961377#3,1
3680.0,238526531#0,24
3680.0,288135626#0,1
3680.0,288878926#0,5
3680.0,300077497#6,4
3680.0,30620492#0,18
3680.0,30620492#1,5
3680.0,49073226#2,2
3680.0,506322844#0,6
3680.0,593847704#0,6
3680.0,594658757#0,2
3680.0,594658760#0,1
3680.0,:655375233_4,1
3680.0,:655375233_8,1
3680.0,:cluster622618015_622618108_622618112_622618144_#2more_49,2
3680.0,:cluster_5372642442_631668976_631668981_631669076_22,1
3680.0,:cluster_5372642442_631668976_631668981_631669076_45,3
3700.0,-300077497#5,20
3700.0,-300077497#8,1
3700.0,-35274074#2,9
3700.0,-593847703#3,29
3700.0,-E0,19
3700.0,1068234498#0,18
3700.0,1068234499#0,2
3700.0,238526531#0,22
3700.0,263217604#0,2
3700.0,288878926#0,5
3700.0,300077497#0,2
3700.0,300077497#6,4
3700.0,30620492#0,18
3700.0,30620492#1,5
3700.0,49073226#2,2
3700.0,506322844#0,2
3700.0,506322848#0,1
3700.0,593847704#0,6
3700.0,594658757#0,2
3700.0,594658760#0,1
3700.0,:655375233_4,1
3700.0,:655375233_8,1
3700.0,:655375238_5,1
3700.0,:655375239_5,1
3700.0,:cluster_2038168688_655375573_8,1
3700.0,:cluster_2038168688_655375573_9,1
3700.0,:cluster_2528018119_655375236_12,1
3700.0,:cluster_2528018119_655375236_29,1
3700.0,:cluster_9383263990_9383263991_9383263992_9383263993_7,1
3720.0,-1334905223#2,1
3720.0,-300077497#5,27
3720.0,-300077497#8,1
3720.0,-35274074#2,12
3720.0,-593847703#3,22
3720.0,-E0,19
3720.0,1068234498#0,18
3720.0,238526531#0,18
3720.0,263217604#0,3
3720.0,288878926#0,5
3720.0,300077497#0,6
3720.0,300077497#6,4
3720.0,30620492#0,18
3720.0,30620492#1,5
3720.0,49073226#2,2
3720.0,506322844#0,3
3720.0,593847702#0,1
3720.0,593847704#0,4
3720.0,594658757#0,2
3720.0,:3086736518_4,1
3720.0,:655375233_4,5
3720.0,:655375241_0,2
3720.0,:cluster622618015_622618108_622618112_622618144_#2more_39,2
3720.0,:cluster655375336_end_0_655375336_end_1_655375336_end_10_655375336_end_11_#8more_16,1
3720.0,:cluster_3431431575_4777363357_655375231_6982059025_3,2
3740.0,-300077497#5,23
3740.0,-300077497#8,1
3740.0,-35274074#2,11
3740.0,-593847703#3,24
3740.0,-E0,19
3740.0,1068234498#0,18
3740.0,238526531#0,18
3740.0,263217604#0,3
3740.0,288878926#0,5
3740.0,300077497#6,1
3740.0,30620492#0,18
3740.0,30620492#1,5
3740.0,49073226#2,7
3740.0,506322844#0,8
3740.0,593847702#0,1
3740.0,593849718#0,1
3740.0,594658757#0,2
3740.0,:655375233_4,2
3740.0,:655375233_8,1
3740.0,:655375238_3,1
3740.0,:655375239_3,1
3740.0,:cluster622618015_622618108_622618112_622618144_#2more_42,1
3740.0,:cluster_2528018119_655375236_17,2
3740.0,E1,1
3760.0,-300077497#5,21
3760.0,-300077497#8,1
3760.0,-35274074#2,6
3760.0,-49073264#1,1
3760.0,-593847703#3,27
3760.0,-E0,18
3760.0,1068234498#0,9
3760.0,1068234499#0,1
3760.0,238526531#0,23
3760.0,244450512#4,2
3760.0,300077497#6,4
3760.0,30620492#0,18
3760.0,30620492#1,5
3760.0,49073226#2,7
3760.0,506322844#0,8
3760.0,593847702#0,1
3760.0,593849711#0,1
3760.0,594658757#0,2
3760.0,594658760#0,1
3760.0,:3086736518_6,1
3760.0,:655375233_4,2
3760.0,:655375233_8,1
3760.0,:cluster_2528018119_655375236_17,1
3760.0,:cluster_5372642442_631668976_631668981_631669076_26,1
3760.0,:cluster_5372642442_631668976_631668981_631669076_45,2
3780.0,-300077497#5,22
3780.0,-35274074#2,6
3780.0,-49073264#1,1
3780.0,-593847703#3,28
3780.0,-E0,13
3780.0,1068234498#0,6
3780.0,1068234499#0,1
3780.0,238526531#0,29
3780.0,244450512#5,2
3780.0,300077497#6,4
3780.0,30620492#0,18
3780.0,30620492#1,5
3780.0,49073226#2,7
3780.0,506322844#0,8
3780.0,593847702#0,1
3780.0,593847704#0,7
3780.0,594658757#0,2
3780.0,594658760#0,1
3780.0,:655375233_4,2
3780.0,:655375233_8,1
3800.0,-1334905223#2,1
3800.0,-300077497#5,26
3800.0,-35274074#2,12
3800.0,-49073264#1,1
3800.0,-593847703#3,28
3800.0,-E0,19
3800.0,1068234498#0,6
3800.0,238526531#0,19
3800.0,244450512#5,2
3800.0,263217604#0,4
3800.0,300077497#0,1
3800.0,300077497#6,4
3800.0,30620492#0,18
3800.0,30620492#1,5
3800.0,49073226#2,7
3800.0,506322844#0,2
3800.0,506322848#0,1
3800.0,593847704#0,7
3800.0,594658757#0,1
3800.0,:655375233_4,2
3800.0,:655375233_8,1
3800.0,:655375238_5,1
3800.0,:655375239_5,2
3800.0,:655375241_0,2
3800.0,:cluster655375336_end_0_655375336_end_1_655375336_end_10_655375336_end_11_#8more_17,1
3800.0,:cluster_623980090_623980094_0,1
3820.0,-300077497#5,27
3820.0,-300077497#8,4
3820.0,-35274074#2,11
3820.0,-51362429#1,2
3820.0,-593847703#3,22
3820.0,-E0,20
3820.0,1068234498#0,6
3820.0,196961215#2,1
3820.0,238526531#0,19
3820.0,244450512#5,2
3820.0,263217604#0,4
3820.0,300077497#6,1
3820.0,30620492#0,18
3820.0,30620492#1,5
3820.0,49073226#2,7
3820.0,49073264#0,1
3820.0,506322844#0,5
3820.0,593847702#0,3
3820.0,593847704#0,1
3820.0,593849718#0,2
3820.0,594658757#0,1
3820.0,:655375233_2,1
3820.0,:655375233_4,3
3820.0,:655375238_3,1
3820.0,:655375239_3,1
3820.0,:cluster622618015_622618108_622618112_622618144_#2more_39,3
3840.0,-300077497#5,21
3840.0,-300077497#8,4
3840.0,-35274074#2,3
3840.0,-49073264#1,1
3840.0,-51362429#1,6
3840.0,-593847703#3,24
3840.0,-E0,20
3840.0,1068234498#0,2
3840.0,182334378#0,1
3840.0,238526531#0,20
3840.0,288878926#0,2
3840.0,300077497#6,2
3840.0,30620492#0,18
3840.0,30620492#1,4
3840.0,360843888,2
3840.0,49073226#2,5
3840.0,506322844#0,5
3840.0,51362430,2
3840.0,593847702#0,4
3840.0,594658757#0,1
3840.0,594658760#0,2
3840.0,:3086736518_4,1
3840.0,:655375238_3,1
3840.0,:cluster_2528018119_655375236_17,1
3840.0,:cluster_5372642442_631668976_631668981_631669076_26,1
3840.0,:cluster_5372642442_631668976_631668981_631669076_45,2
3840.0,:cluster_623980147_623980152_9,1
3860.0,-300077497#5,23
3860.0,-300077497#8,1
3860.0,-35274074#2,2
3860.0,-49073264#1,1
3860.0,-593847703#3,25
3860.0,-E0,20
3860.0,238526531#0,25
3860.0,288878926#0,5
3860.0,300077497#6,4
3860.0,30620492#0,17
3860.0,30620492#1,5
3860.0,360843888,2
3860.0,49073226#2,5
3860.0,506322844#0,5
3860.0,593847702#0,4
3860.0,594658757#0,1
3860.0,594658760#0,2
3860.0,:3086736518_4,1
3860.0,:655375238_5,2
3860.0,:cluster655375336_end_0_655375336_end_1_655375336_end_10_655375336_end_11_#8more_6,1
3860.0,:cluster_3431431575_4777363357_655375231_6982059025_3,1
3860.0,:cluster_623980147_623980152_4,1
3880.0,-300077497#5,27
3880.0,-300077497#8,2
3880.0,-35274074#2,5
3880.0,-49073264#1,1
3880.0,-593847703#3,25
3880.0,-E0,18
3880.0,232003903#0,1
3880.0,238526531#0,16
3880.0,288878926#0,12
3880.0,300077497#6,4
3880.0,30620492#0,18
3880.0,30620492#1,5
3880.0,360843888,2
3880.0,49073272#1,2
3880.0,49073272#3,1
3880.0,506322844#0,2
3880.0,506322848#0,3
3880.0,594658757#0,1
3880.0,594658760#0,2
3880.0,:3086736518_4,1
3880.0,:3086736518_6,2
3880.0,:655375239_5,1
3880.0,:cluster622618015_622618108_622618112_622618144_#2more_29,1
3880.0,:cluster_2038168688_655375573_8,1
3880.0,:cluster_2038168688_655375573_9,1
3880.0,:cluster_9383263990_9383263991_9383263992_9383263993_7,1
3900.0,-1334905223#2,2
3900.0,-300077497#5,27
3900.0,-300077497#8,4
3900.0,-35274074#2,12
3900.0,-593847703#3,25
3900.0,-E0,19
3900.0,232003903#0,1
3900.0,238526531#0,10
3900.0,288878926#0,12
3900.0,300077497#6,4
3900.0,30620492#0,18
3900.0,30620492#1,5
3900.0,360843888,2
3900.0,49073272#1,1
3900.0,49073272#3,3
3900.0,506322844#0,5
3900.0,594658757#0,1
3900.0,594658760#0,2
3900.0,:3086736518_4,1
3900.0,:3086736518_6,2
3900.0,:cluster622618015_622618108_622618112_622618144_#2more_17,1
3920.0,-300077497#5,23
3920.0,-300077497#8,4
3920.0,-35274074#2,6
3920.0,-51362429#1,1
3920.0,-593847703#3,24
3920.0,-E0,19
3920.0,238526531#0,10
3920.0,244450512#4,1
3920.0,244450512#5,1
3920.0,288878926#0,12
3920.0,300077497#6,1
3920.0,30620492#0,18
3920.0,30620492#1,5
3920.0,360018417,2
3920.0,49073272#1,1
3920.0,49073272#3,1
3920.0,506322844#0,5
3920.0,51362430,1
3920.0,594658757#0,1
3920.0,594658760#0,2
3920.0,:3086736518_3,1
3920.0,:3086736518_6,2
3920.0,:655375233_4,2
3920.0,:655375239_3,1
3920.0,:cluster_2528018119_655375236_17,2
3920.0,E1,1
3940.0,-300077497#5,23
3940.0,-300077497#8,4
3940.0,-35274074#2,1
3940.0,-51362429#1,4
3940.0,-593847703#3,24
3940.0,-E0,19
3940.0,196961377#3,3
3940.0,238526531#0,10
3940.0,244450512#5,2
3940.0,288878926#0,6
3940.0,300077497#6,4
3940.0,30620492#0,18
3940.0,30620492#1,5
3940.0,49073226#2,1
3940.0,506322844#0,5
3940.0,593847702#0,1
3940.0,593847704#0,3
3940.0,593849711#0,1
3940.0,594658757#0,1
3940.0,594658760#0,2
3940.0,:619136999_3,1
3940.0,:cluster622618015_622618108_622618112_622618144_#2more_0,1
3960.0,-300077497#5,25
3960.0,-35274074#2,1
3960.0,-593847703#3,26
3960.0,-E0,19
3960.0,238526531#0,10
3960.0,244450512#5,2
3960.0,288878926#0,4
3960.0,300077497#6,4
3960.0,30620492#0,18
3960.0,30620492#1,5
3960.0,49073226#2,5
3960.0,506322844#0,5
3960.0,593847702#0,1
3960.0,593847704#0,3
3960.0,593849711#0,2
3960.0,594658757#0,1
3960.0,594658760#0,2
3980.0,-300077497#5,26
3980.0,-300077497#8,2
3980.0,-35274074#2,7
3980.0,-49073264#1,1
3980.0,-593847703#3,26
3980.0,-E0,14
3980.0,238526531#0,3
3980.0,244450512#5,2
3980.0,263217604#0,1
3980.0,288878926#0,4
3980.0,300077497#6,4
3980.0,30620492#0,18
3980.0,30620492#1,5
3980.0,49073226#2,5
3980.0,506322844#0,4
3980.0,593847704#0,7
3980.0,594658757#0,1
3980.0,594658760#0,2
3980.0,:3086736518_6,1
3980.0,:655375238_5,1
3980.0,:655375239_5,1
3980.0,:cluster_2038168688_655375573_8,1
4000.0,-300077497#5,27
4000.0,-300077497#8,4
4000.0,-35274074#2,9
4000.0,-593847703#3,26
4000.0,-E0,18
4000.0,244450512#5,2
4000.0,263217604#0,3
4000.0,288878926#0,4
4000.0,300077497#6,2
4000.0,30620492#0,18
4000.0,30620492#1,5
4000.0,49073226#2,5
4000.0,49073272#1,1
4000.0,506322844#0,6
4000.0,593847704#0,2
4000.0,593849718#0,2
4000.0,594658757#0,1
4000.0,594658760#0,2
4000.0,:655375239_3,1
4000.0,:cluster622618015_622618108_622618112_622618144_#2more_39,3
4020.0,-300077497#5,19
4020.0,-300077497#8,4
4020.0,-35274074#2,1
4020.0,-593847703#3,28
4020.0,-E0,20
4020.0,182334378#0,2
4020.0,288878926#0,2
4020.0,300077497#6,2
4020.0,30620492#0,18
4020.0,30620492#1,5
4020.0,360018417,1
4020.0,360843888,1
4020.0,49073226#2,5
4020.0,49695736#0,1
4020.0,506322844#0,6
4020.0,51362430,2
4020.0,593849711#0,2
4020.0,594658760#0,1
4020.0,:655375233_2,1
4020.0,:655375233_4,1
4020.0,:655375238_3,1
4020.0,:cluster3086736522_655375108_655375247_655375401_#1more_17,1
4020.0,:cluster655375336_end_0_655375336_end_1_655375336_end_10_655375336_end_11_#8more_21,1
4020.0,:cluster_2528018119_655375236_19,1
4020.0,:cluster_2528018119_655375236_31,1
4040.0,-300077497#5,15
4040.0,-300077497#8,1
4040.0,-51362429#1,7
4040.0,-593847703#3,22
4040.0,-E0,20
4040.0,1068440004#1,1
4040.0,182334378#0,6
4040.0,300077497#6,4
4040.0,30620492#0,18
4040.0,30620492#1,5
4040.0,360843888,2
4040.0,49073226#2,9
4040.0,49695736#0,1
4040.0,506322844#0,6
4040.0,593847702#0,1
4040.0,593849711#0,1
4040.0,:655375238_5,1
4040.0,:cluster655375336_end_0_655375336_end_1_655375336_end_10_655375336_end_11_#8more_21,1
4040.0,:cluster_2528018119_655375236_17,1
4040.0,:cluster_2528018119_655375236_19,1
4060.0,-300077497#5,18
4060.0,-300077497#8,1
4060.0,-51362429#1,6
4060.0,-593847703#3,24
4060.0,-E0,20
4060.0,182334378#0,4
4060.0,232003903#0,1
4060.0,263217604#0,2
4060.0,300077497#6,4
4060.0,30620492#0,18
4060.0,30620492#1,5
4060.0,360843888,2
4060.0,49073226#2,10
4060.0,49073272#1,1
4060.0,506322844#0,2
4060.0,593847702#0,1
4060.0,:655375239_5,1
4060.0,:cluster655375336_end_0_655375336_end_1_655375336_end_10_655375336_end_11_#8more_21,1
4060.0,:cluster655375336_end_0_655375336_end_1_655375336_end_10_655375336_end_11_#8more_6,2
4080.0,-300077497#5,25
4080.0,-51362429#1,5
4080.0,-593847703#3,24
4080.0,-E0,16
4080.0,182334378#0,4
4080.0,232003903#0,1
4080.0,263217604#0,3
4080.0,288878926#0,3
4080.0,300077497#6,4
4080.0,30620492#0,18
4080.0,30620492#1,5
4080.0,360843888,2
4080.0,49073226#2,6
4080.0,49073272#3,2
4080.0,506322844#0,3
4080.0,593847704#0,2
4080.0,:3086736518_6,2
4080.0,:cluster655375336_end_0_655375336_end_1_655375336_end_10_655375336_end_11_#8more_21,1
4080.0,:cluster655375336_end_0_655375336_end_1_655375336_end_10_655375336_end_11_#8more_6,2
4080.0,:cluster_3431431575_4777363357_655375231_6982059025_3,1
4080.0,:cluster_623980147_623980152_9,1
4100.0,-300077497#5,21
4100.0,-593847703#3,26
4100.0,-E0,17
4100.0,182334378#0,4
4100.0,244450512#4,1
4100.0,263217604#0,3
4100.0,288878926#0,10
4100.0,30620492#0,18
4100.0,30620492#1,5
4100.0,360018417,1
4100.0,49073226#2,4
4100.0,506322844#0,5
4100.0,51362430,1
4100.0,593847704#0,2
4100.0,593849718#0,2
4100.0,:3208478121_3,1
4100.0,:3208478128_0,1
4100.0,:cluster622618015_622618108_622618112_622618144_#2more_39,1
4100.0,:cluster655375336_end_0_655375336_end_1_655375336_end_10_655375336_end_11_#8more_6,2
4100.0,:cluster_2528018119_655375236_17,2
4100.0,:cluster_3431431575_4777363357_655375231_6982059025_3,1
4100.0,:cluster_623980147_623980152_4,1
4120.0,-300077497#5,17
4120.0,-593847703#3,30
4120.0,-E0,19
4120.0,182334378#0,1
4120.0,196961377#3,2
4120.0,232003903#0,1
4120.0,244450512#4,1
4120.0,244450512#5,2
4120.0,288878926#0,7
4120.0,30620492#0,18
4120.0,30620492#1,5
4120.0,484988951#0,1
4120.0,49073226#2,3
4120.0,506322844#0,5
4120.0,51362430,1
4120.0,593847704#0,2
4120.0,593849711#0,1
4120.0,594658760#0,2
4120.0,:cluster622618015_622618108_622618112_622618144_#2more_0,1
4120.0,:cluster655375336_end_0_655375336_end_1_655375336_end_10_655375336_end_11_#8more_6,1
4120.0,:cluster_2528018119_655375236_17,1
4120.0,:cluster_2528018119_655375236_31,1
4120.0,:cluster_3208478133_655375293_655375296_9631728504_#1more_10,1
4120.0,:cluster_623980147_623980152_9,1
4140.0,-300077497#5,17
4140.0,-51362429#1,2
4140.0,-593847703#3,25
4140.0,-E0,19
4140.0,232003903#0,1
4140.0,244450512#5,3
4140.0,288878926#0,9
4140.0,30620492#0,18
4140.0,30620492#1,5
4140.0,484988951#0,2
4140.0,49073226#2,1
4140.0,506322844#0,5
4140.0,51362430,1
4140.0,593847704#0,2
4140.0,594658760#0,2
4140.0,:655375232_8,1
4140.0,:655375233_2,1
4140.0,:656132414_3,1
4140.0,:cluster_3431431575_4777363357_655375231_6982059025_3,1
4140.0,:cluster_3431431575_4777363357_655375231_6982059025_7,2
4160.0,-300077497#5,23
4160.0,-300077497#8,1
4160.0,-593847703#3,25
4160.0,-E0,19
4160.0,244450512#5,3
4160.0,263217604#0,1
4160.0,288878926#0,9
4160.0,30620492#0,17
4160.0,30620492#1,5
4160.0,484988951#0,1
4160.0,49073226#2,11
4160.0,49073272#1,1
4160.0,506322844#0,2
4160.0,593847704#0,2
4160.0,594658760#0,2
4160.0,:655375239_6,1
4180.0,-300077497#5,25
4180.0,-593847703#3,25
4180.0,-E0,17
4180.0,244450512#5,3
4180.0,263217604#0,3
4180.0,288878926#0,9
4180.0,30620492#0,18
4180.0,30620492#1,5
4180.0,49073226#2,12
4180.0,49073272#3,1
4180.0,49695736#0,1
4180.0,506322844#0,7
4180.0,593849718#0,2
4180.0,594658760#0,1
4180.0,:3086736518_6,2
4200.0,-300077497#5,22
4200.0,-593847703#3,28
4200.0,-E0,15
4200.0,288878926#0,7
4200.0,30620492#0,18
4200.0,30620492#1,5
4200.0,360018417,1
4200.0,360843888,1
4200.0,49073226#2,12
4200.0,49695736#0,1
4200.0,506322844#0,7
4200.0,51362430,3
4200.0,593847704#0,5
4200.0,593849711#0,2
4200.0,594658760#0,1
4200.0,:cluster3086736522_655375108_655375247_655375401_#1more_17,1
4200.0,:cluster655375336_end_0_655375336_end_1_655375336_end_10_655375336_end_11_#8more_17,1
4220.0,-300077497#5,20
4220.0,-593847703#3,30
4220.0,-E0,19
4220.0,1068440004#1,1
4220.0,288878926#0,1
4220.0,30620492#0,18
4220.0,30620492#1,5
4220.0,360843888,2
4220.0,484988951#0,2
4220.0,49073226#2,13
4220.0,49695736#0,1
4220.0,506322844#0,7
4220.0,593847704#0,5
4220.0,:cluster622618015_622618108_622618112_622618144_#2more_49,1
4240.0,-300077497#5,21
4240.0,-51362429#1,3
4240.0,-593847703#3,22
4240.0,-E0,19
4240.0,1068440004#1,1
4240.0,263217604#0,3
4240.0,288878926#0,1
4240.0,30620492#0,18
4240.0,30620492#1,5
4240.0,360843888,2
4240.0,484988951#0,2
4240.0,49073226#2,13
4240.0,506322844#0,2
4240.0,593847704#0,5
4240.0,:3086736518_3,2
4240.0,:655375232_8,1
4240.0,:655375233_4,3
4240.0,:655375238_5,1
4240.0,:655375239_5,1
4260.0,-300077497#5,25
4260.0,-51362429#1,6
4260.0,-593847703#3,22
4260.0,-E0,19
4260.0,263217604#0,6
4260.0,288878926#0,1
4260.0,30620492#0,18
4260.0,30620492#1,5
4260.0,360843888,2
4260.0,484988951#0,2
4260.0,49073226#2,13
4260.0,506322844#0,3
4260.0,593847702#0,1
4260.0,593847704#0,6
4260.0,:655375238_5,1
4260.0,:cluster622618015_622618108_622618112_622618144_#2more_39,2
4280.0,-300077497#5,22
4280.0,-51362429#1,6
4280.0,-593847703#3,24
4280.0,-E0,18
4280.0,244450512#4,1
4280.0,263217604#0,6
4280.0,288878926#0,1
4280.0,30620492#0,18
4280.0,30620492#1,5
4280.0,484988951#0,2
4280.0,49073226#2,13
4280.0,49073264#0,1
4280.0,49073272#1,1
4280.0,506322844#0,6
4280.0,593847702#0,1
4280.0,:3086736518_6,1
4280.0,:3208478121_3,1
4280.0,:3208478128_0,1
4280.0,:cluster_2528018119_655375236_17,2
4300.0,-300077497#5,22
4300.0,-49073264#1,1
4300.0,-51362429#1,6
4300.0,-593847703#3,26
4300.0,-E0,14
4300.0,196961377#3,2
4300.0,244450512#4,1
4300.0,244450512#5,2
4300.0,30620492#0,18
4300.0,30620492#1,5
4300.0,484988951#0,2
4300.0,49073226#2,13
4300.0,506322844#0,6
4300.0,593847702#0,1
4300.0,593847704#0,4
4300.0,594658760#0,4
4300.0,:cluster_2664674491_655375287_655375288_1,1
4320.0,-300077497#5,21
4320.0,-49073264#1,1
4320.0,-51362429#1,6
4320.0,-593847703#3,27
4320.0,-E0,19
4320.0,244450512#5,3
4320.0,288878926#0,6
4320.0,30620492#0,18
4320.0,30620492#1,5
4320.0,484988951#0,2
4320.0,49073226#2,7
4320.0,506322844#0,6
4320.0,593847702#0,1
4320.0,593847704#0,4
4320.0,594658760#0,4
4320.0,:3208478128_0,1
4340.0,-300077497#5,26
4340.0,-300077497#8,1
4340.0,-49073264#1,1
4340.0,-51362429#1,1
4340.0,-593847703#3,21
4340.0,-E0,19
4340.0,244450512#5,3
4340.0,263217604#0,2
4340.0,288878926#0,12
4340.0,30620492#0,18
4340.0,30620492#1,5
4340.0,49073226#2,6
4340.0,49073272#3,1
4340.0,506322844#0,2
4340.0,593847702#0,2
4340.0,593847704#0,4
4340.0,594658760#0,4
4340.0,:3208478128_0,1
4340.0,:655375233_2,1
4340.0,:655375233_4,2
4340.0,:655375239_5,1
4340.0,:cluster_3431431575_4777363357_655375231_6982059025_3,2
4340.0,:cluster_623980147_623980152_9,1
4360.0,-300077497#5,27
4360.0,-300077497#8,3
4360.0,-51362429#1,2
4360.0,-593847703#3,20
4360.0,-E0,19
4360.0,244450512#5,3
4360.0,263217604#0,3
4360.0,288878926#0,13
4360.0,30620492#0,18
4360.0,30620492#1,5
4360.0,49073226#2,9
4360.0,49073272#3,2
4360.0,506322844#0,5
4360.0,593847702#0,3
4360.0,593849718#0,3
4360.0,594658760#0,4
4360.0,:3208478128_0,1
4380.0,-300077497#5,26
4380.0,-300077497#8,3
4380.0,-51362429#1,2
4380.0,-593847703#3,21
4380.0,-E0,19
4380.0,1068440004#1,2
4380.0,288878926#0,11
4380.0,30620492#0,18
4380.0,30620492#1,5
4380.0,360018417,2
4380.0,360843888,1
4380.0,49073226#2,9
4380.0,506322844#0,5
4380.0,51362430,3
4380.0,593847702#0,3
4380.0,593849711#0,1
4380.0,594658760#0,3
4380.0,:cluster3086736522_655375108_655375247_655375401_#1more_17,1
4380.0,:cluster655375336_end_0_655375336_end_1_655375336_end_10_655375336_end_11_#8more_30,1
4400.0,-300077497#5,26
4400.0,-300077497#8,2
4400.0,-51362429#1,2
4400.0,-593847703#3,22
4400.0,-E0,14
4400.0,1068440004#1,2
4400.0,288878926#0,4
4400.0,30620492#0,18
4400.0,30620492#1,5
4400.0,360843888,2
4400.0,49073226#2,12
4400.0,506322844#0,5
4400.0,593847702#0,3
4400.0,593847704#0,6
4400.0,594658760#0,3
4400.0,:cluster622618015_622618108_622618112_622618144_#2more_49,2
4420.0,-300077497#5,26
4420.0,-300077497#8,4
4420.0,-51362429#1,2
4420.0,-593847703#3,22
4420.0,-E0,18
4420.0,1068440004#1,2
4420.0,288878926#0,4
4420.0,30620492#0,18
4420.0,30620492#1,5
4420.0,360843888,2
4420.0,49073226#2,12
4420.0,49073264#0,1
4420.0,49073272#1,2
4420.0,49695736#0,1
4420.0,506322844#0,4
4420.0,593847704#0,6
4440.0,-300077497#5,27
4440.0,-300077497#8,4
4440.0,-51362429#1,2
4440.0,-593847703#3,20
4440.0,-E0,19
4440.0,1068440004#1,2
4440.0,288878926#0,4
4440.0,30620492#0,18
4440.0,30620492#1,5
4440.0,360843888,2
4440.0,49073226#2,12
4440.0,49073272#3,2
4440.0,506322844#0,8
4440.0,593847704#0,4
4440.0,:3086736518_4,1
4440.0,:655375233_4,2
4440.0,:cluster622618015_622618108_622618112_622618144_#2more_17,1
4440.0,:cluster622618015_622618108_622618112_622618144_#2more_39,2
4460.0,-300077497#5,23
4460.0,-300077497#8,4
4460.0,-51362429#1,8
4460.0,-593847703#3,17
4460.0,-E0,19
4460.0,182334378#0,1
4460.0,244450512#4,1
4460.0,244450512#5,1
4460.0,288878926#0,4
4460.0,30620492#0,17
4460.0,30620492#1,5
4460.0,360018417,1
4460.0,49073226#2,12
4460.0,49073264#0,1
4460.0,49073272#3,1
4460.0,506322844#0,8
4460.0,593847702#0,1
4460.0,:3208478121_3,1
4460.0,:655375233_8,2
4460.0,:cluster_2528018119_655375236_17,2
4480.0,-300077497#5,21
4480.0,-300077497#8,4
4480.0,-49073264#1,1
4480.0,-51362429#1,8
4480.0,-593847703#3,21
4480.0,-E0,19
4480.0,196961377#3,3
4480.0,244450512#5,2
4480.0,30620492#0,18
4480.0,30620492#1,5
4480.0,49073226#2,12
4480.0,506322844#0,8
4480.0,51362430,1
4480.0,593847702#0,3
4500.0,-300077497#5,26
4500.0,-49073264#1,1
4500.0,-51362429#1,8
4500.0,-593847703#3,21
4500.0,-E0,13
4500.0,244450512#5,2
4500.0,30620492#0,18
4500.0,30620492#1,5
4500.0,49073226#2,13
4500.0,506322844#0,8
4500.0,593847702#0,3
4500.0,593847704#0,5
4500.0,:3086736518_6,1
4520.0,-300077497#5,27
4520.0,-300077497#8,4
4520.0,-49073264#1,1
4520.0,-51362429#1,8
4520.0,-593847703#3,21
4520.0,-E0,17
4520.0,244450512#5,2
4520.0,263217604#0,4
4520.0,30620492#0,18
4520.0,30620492#1,5
4520.0,49073226#2,13
4520.0,49073272#3,3
4520.0,593847704#0,6
4540.0,-300077497#5,27
4540.0,-300077497#8,4
4540.0,-51362429#1,8
4540.0,-593847703#3,19
4540.0,-E0,19
4540.0,244450512#5,2
4540.0,263217604#0,4
4540.0,288878926#0,1
4540.0,30620492#0,18
4540.0,30620492#1,5
4540.0,49073226#2,11
4540.0,49073272#3,3
4540.0,593849718#0,3
4540.0,:655375233_4,2
4540.0,:cluster622618015_622618108_622618112_622618144_#2more_37,1
4540.0,:cluster622618015_622618108_622618112_622618144_#2more_39,2
4540.0,:cluster_623980147_623980152_4,1
4560.0,-300077497#5,25
4560.0,-300077497#8,4
4560.0,-51362429#1,9
4560.0,-593847703#3,17
4560.0,-E0,19
4560.0,288878926#0,6
4560.0,30620492#0,14
4560.0,30620492#1,3
4560.0,360018417,4
4560.0,360843888,1
4560.0,49073226#2,6
4560.0,506322844#0,4
4560.0,51362430,2
4560.0,593847704#0,1
4560.0,593849711#0,2
4560.0,594658757#0,1
4560.0,594658760#0,1
4560.0,:2749340167_0,1
4560.0,:655375233_4,2
4560.0,:cluster3086736522_655375108_655375247_655375401_#1more_17,1
4560.0,:cluster_2528018119_655375236_17,1
4560.0,:cluster_9383263990_9383263991_9383263992_9383263993_13,1
4580.0,-300077497#5,25
4580.0,-300077497#8,3
4580.0,-51362429#1,4
4580.0,-593847703#3,18
4580.0,-E0,19
4580.0,1068440004#1,1
4580.0,182334378#0,1
4580.0,196961377#3,2
4580.0,288878926#0,6
4580.0,30620492#0,16
4580.0,30620492#1,4
4580.0,360843888,2
4580.0,49073226#2,4
4580.0,49695736#0,1
4580.0,506322844#0,5
4580.0,593847704#0,1
4580.0,:655375233_4,2
4580.0,:cluster622618015_622618108_622618112_622618144_#2more_49,2
4580.0,:cluster_3431431575_4777363357_655375231_6982059025_3,2
4580.0,:cluster_623980147_623980152_4,1
4580.0,:cluster_9383263990_9383263991_9383263992_9383263993_13,1
4600.0,-300077497#5,27
4600.0,-300077497#8,4
4600.0,-593847703#3,19
4600.0,-E0,15
4600.0,1068440004#1,1
4600.0,182334378#0,1
4600.0,263217604#0,1
4600.0,288878926#0,12
4600.0,30620492#0,17
4600.0,30620492#1,5
4600.0,360843888,2
4600.0,49073226#2,5
4600.0,506322844#0,2
4600.0,593847704#0,3
4600.0,:3086736518_6,2
4600.0,:655375233_4,2
4620.0,-300077497#5,27
4620.0,-300077497#8,4
4620.0,-593847703#3,19
4620.0,-E0,16
4620.0,1068440004#1,1
4620.0,263217604#0,1
4620.0,288878926#0,12
4620.0,30620492#0,18
4620.0,30620492#1,5
4620.0,360843888,2
4620.0,49073226#2,5
4620.0,506322844#0,2
4620.0,593847704#0,5
4620.0,:655375233_4,2
4620.0,:cluster622618015_622618108_622618112_622618144_#2more_37,1
4620.0,:cluster655375336_end_0_655375336_end_1_655375336_end_10_655375336_end_11_#8more_6,1
4640.0,-300077497#5,27
4640.0,-300077497#8,4
4640.0,-593847703#3,19
4640.0,-E0,19
4640.0,1068440004#1,1
4640.0,244450512#4,1
4640.0,244450512#5,1
4640.0,263217604#0,1
4640.0,288878926#0,12
4640.0,30620492#0,18
4640.0,30620492#1,3
4640.0,360018417,1
4640.0,484988951#0,1
4640.0,49073226#2,5
4640.0,506322844#0,2
4640.0,593849718#0,1
4640.0,:655375233_4,2
4640.0,:cluster_9383263990_9383263991_9383263992_9383263993_13,2
4660.0,-300077497#5,25
4660.0,-300077497#8,4
4660.0,-51362429#1,4
4660.0,-593847703#3,14
4660.0,-E0,19
4660.0,1068440004#1,1
4660.0,196961377#3,1
4660.0,244450512#5,2
4660.0,288878926#0,6
4660.0,30620492#0,15
4660.0,30620492#1,4
4660.0,49073226#2,8
4660.0,506322844#0,5
4660.0,593849711#0,2
4660.0,594658757#0,1
4660.0,:655375232_8,1
4660.0,:cluster_2528018119_655375236_17,2
4660.0,:cluster_9383263990_9383263991_9383263992_9383263993_13,1
4680.0,-300077497#5,21
4680.0,-300077497#8,4
4680.0,-51362429#1,5
4680.0,-593847703#3,20
4680.0,-E0,19
4680.0,244450512#5,2
4680.0,288878926#0,4
4680.0,30620492#0,17
4680.0,30620492#1,5
4680.0,49073226#2,8
4680.0,506322844#0,6
4680.0,593847702#0,1
4680.0,594658757#0,1
4700.0,-300077497#5,25
4700.0,-300077497#8,2
4700.0,-51362429#1,5
4700.0,-593847703#3,20
4700.0,-E0,17
4700.0,244450512#5,2
4700.0,263217604#0,1
4700.0,288878926#0,4
4700.0,30620492#0,18
4700.0,30620492#1,5
4700.0,49073226#2,8
4700.0,49073264#0,1
4700.0,506322844#0,1
4700.0,593847704#0,1
4700.0,594658757#0,1
4700.0,:3086736518_6,1
4700.0,:655375238_5,1
4700.0,:655375239_5,1
4720.0,-300077497#5,27
4720.0,-300077497#8,3
4720.0,-51362429#1,5
4720.0,-593847703#3,20
4720.0,-E0,14
4720.0,244450512#5,2
4720.0,263217604#0,1
4720.0,288878926#0,4
4720.0,30620492#0,18
4720.0,30620492#1,5
4720.0,49073226#2,8
4720.0,49073272#1,1
4720.0,593847704#0,1
4720.0,593849711#0,1
4720.0,593849718#0,2
4720.0,594658757#0,1
4720.0,:cluster622618015_622618108_622618112_622618144_#2more_37,1
4720.0,:cluster622618015_622618108_622618112_622618144_#2more_39,1
4740.0,-300077497#5,25
4740.0,-300077497#8,3
4740.0,-49073264#1,1
4740.0,-51362429#1,5
4740.0,-593847703#3,22
4740.0,-E0,19
4740.0,288878926#0,2
4740.0,30620492#0,14
4740.0,30620492#1,2
4740.0,360018417,2
4740.0,49073226#2,8
4740.0,506322842#0,1
4740.0,506322844#0,3
4740.0,51362430,2
4740.0,593849711#0,2
4740.0,594658757#0,1
4740.0,594658760#0,1
4740.0,:2749340167_0,1
4740.0,:cluster_9383263990_9383263991_9383263992_9383263993_13,2
4760.0,-300077497#5,23
4760.0,-300077497#8,1
4760.0,-49073264#1,1
4760.0,-51362429#1,8
4760.0,-593847703#3,17
4760.0,-E0,19
4760.0,30620492#0,15
4760.0,30620492#1,4
4760.0,484988951#0,1
4760.0,49073226#2,8
4760.0,506322842#0,1
4760.0,506322844#0,5
4760.0,593849711#0,1
4760.0,594658757#0,1
4760.0,594658760#0,1
4760.0,:3086736518_3,1
4760.0,:655375232_8,1
4760.0,:655375233_4,2
4760.0,:655375238_5,1
4760.0,:cluster622618015_622618108_622618112_622618144_#2more_49,1
4760.0,:cluster_3431431575_4777363357_655375231_6982059025_7,1
4760.0,:cluster_9383263990_9383263991_9383263992_9383263993_13,1
4780.0,-300077497#5,24
4780.0,-300077497#8,2
4780.0,-49073264#1,1
4780.0,-51362429#1,9
4780.0,-593847703#3,17
4780.0,-E0,19
4780.0,263217604#0,2
4780.0,288878926#0,3
4780.0,30620492#0,17
4780.0,30620492#1,5
4780.0,49073226#2,6
4780.0,506322844#0,1
4780.0,506322846#0,1
4780.0,593847704#0,2
4780.0,594658757#0,1
4780.0,594658760#0,1
4780.0,:655375238_5,1
4780.0,:655375239_5,1
4780.0,:cluster_3431431575_4777363357_655375231_6982059025_3,1
4780.0,:cluster_623980147_623980152_4,1
4800.0,-300077497#5,27
4800.0,-300077497#8,1
4800.0,-51362429#1,3
4800.0,-593847703#3,17
4800.0,-E0,18
4800.0,263217604#0,3
4800.0,288135626#0,1
4800.0,288878926#0,10
4800.0,30620492#0,18
4800.0,30620492#1,5
4800.0,49073226#2,5
4800.0,594658757#0,1
4800.0,594658760#0,1
4800.0,:3086736518_6,1
4800.0,:cluster622618015_622618108_622618112_622618144_#2more_17,1
4800.0,:cluster622618015_622618108_622618112_622618144_#2more_37,1
4800.0,:cluster622618015_622618108_622618112_622618144_#2more_42,1
4800.0,:cluster_3431431575_4777363357_655375231_6982059025_3,2
4820.0,-300077497#5,25
4820.0,-300077497#8,1
4820.0,-49073264#1,1
4820.0,-593847703#3,19
4820.0,-E0,14
4820.0,1068234499#0,1
4820.0,263217604#0,3
4820.0,288878926#0,13
4820.0,30620492#0,18
4820.0,30620492#1,3
4820.0,360018417,1
4820.0,49073226#2,7
4820.0,506322844#0,1
4820.0,593847704#0,4
4820.0,594658757#0,1
4820.0,594658760#0,1
4820.0,:cluster622618015_622618108_622618112_622618144_#2more_39,1
4820.0,:cluster_9383263990_9383263991_9383263992_9383263993_13,1
4840.0,-300077497#5,25
4840.0,-300077497#8,1
4840.0,-49073264#1,1
4840.0,-593847703#3,19
4840.0,-E0,19
4840.0,1068234499#0,1
4840.0,196961377#3,1
4840.0,288878926#0,7
4840.0,30620492#0,12
4840.0,30620492#1,5
4840.0,49073226#2,7
4840.0,506322842#0,1
4840.0,506322844#0,5
4840.0,593847704#0,4
4840.0,593849711#0,1
4840.0,594658757#0,3
4840.0,594658760#0,2
4840.0,:cluster622618015_622618108_622618112_622618144_#2more_0,1
4860.0,-300077497#5,25
4860.0,-49073264#1,1
4860.0,-51362429#1,1
4860.0,-593847703#3,16
4860.0,-E0,19
4860.0,1068234499#0,1
4860.0,288878926#0,5
4860.0,30620492#0,18
4860.0,30620492#1,5
4860.0,49073226#2,7
4860.0,506322842#0,1
4860.0,506322844#0,5
4860.0,593847704#0,4
4860.0,594658757#0,3
4860.0,594658760#0,2
4860.0,:3086736518_4,1
4860.0,:655375232_8,1
4860.0,:655375233_4,1
4880.0,-300077497#5,26
4880.0,-300077497#8,3
4880.0,-49073264#1,1
4880.0,-51362429#1,6
4880.0,-593847703#3,15
4880.0,-E0,19
4880.0,288878926#0,5
4880.0,30620492#0,18
4880.0,30620492#1,5
4880.0,49073226#2,7
4880.0,593847704#0,4
4880.0,594658757#0,3
4880.0,594658760#0,2
4880.0,:655375238_5,1
4880.0,:cluster_5372642442_631668976_631668981_631669076_36,1
4900.0,-300077497#5,27
4900.0,-300077497#8,3
4900.0,-51362429#1,6
4900.0,-593847703#3,15
4900.0,-E0,19
4900.0,1068234499#0,1
4900.0,288878926#0,5
4900.0,30620492#0,18
4900.0,30620492#1,5
4900.0,49073226#2,7
4900.0,593849718#0,3
4900.0,594658757#0,3
4900.0,594658760#0,2
4900.0,:cluster622618015_622618108_622618112_622618144_#2more_39,1
4920.0,-300077497#5,21
4920.0,-300077497#8,3
4920.0,-51362429#1,6
4920.0,-593847703#3,20
4920.0,-E0,13
4920.0,1068234499#0,1
4920.0,182334378#0,1
4920.0,288878926#0,3
4920.0,30620492#0,14
4920.0,30620492#1,3
4920.0,49073226#2,7
4920.0,506322844#0,5
4920.0,593847704#0,6
4920.0,593849711#0,1
4920.0,594658757#0,3
4920.0,594658760#0,2
4920.0,:cluster_9383263990_9383263991_9383263992_9383263993_13,1
4940.0,-300077497#5,23
4940.0,-51362429#1,6
4940.0,-593847703#3,20
4940.0,-E0,18
4940.0,1068234499#0,1
4940.0,232003903#0,1
4940.0,30620492#0,15
4940.0,30620492#1,4
4940.0,49073226#2,7
4940.0,506322844#0,6
4940.0,593847704#0,6
4940.0,594658757#0,2
4940.0,594658760#0,1
4940.0,:655375238_5,1
4940.0,:cluster655375336_end_0_655375336_end_1_655375336_end_10_655375336_end_11_#8more_21,1
4940.0,:cluster_9383263990_9383263991_9383263992_9383263993_13,1
4960.0,-300077497#5,25
4960.0,-51362429#1,6
4960.0,-593847703#3,16
4960.0,-593847705,1
4960.0,-E0,19
4960.0,182334378#0,1
4960.0,232003903#0,1
4960.0,263217604#0,2
4960.0,30620492#0,17
4960.0,30620492#1,5
4960.0,49073226#2,7
4960.0,506322844#0,2
4960.0,593847704#0,6
4960.0,594658757#0,2
4960.0,594658760#0,1
4960.0,:655375233_2,2
4960.0,:655375233_4,1
4960.0,:655375239_5,2
4980.0,-300077497#5,27
4980.0,-300077497#8,2
4980.0,-51362429#1,8
4980.0,-593847703#3,13
4980.0,-E0,19
4980.0,182334378#0,1
4980.0,232003903#0,1
4980.0,263217604#0,2
4980.0,30620492#0,18
4980.0,30620492#1,5
4980.0,49073226#2,7
4980.0,593847702#0,2
4980.0,593847704#0,6
4980.0,594658757#0,2
4980.0,594658760#0,1
4980.0,:cluster622618015_622618108_622618112_622618144_#2more_39,2
5000.0,-300077497#5,24
5000.0,-300077497#8,2
5000.0,-51362429#1,8
5000.0,-593847703#3,15
5000.0,-E0,19
5000.0,182334378#0,1
5000.0,263217604#0,2
5000.0,30620492#0,18
5000.0,30620492#1,3
5000.0,49073226#2,7
5000.0,49073264#0,1
5000.0,49073272#3,1
5000.0,51362430,1
5000.0,593847702#0,2
5000.0,593849718#0,1
5000.0,594658757#0,2
5000.0,594658760#0,1
5000.0,:cluster_2528018119_655375236_17,1
5000.0,:cluster_9383263990_9383263991_9383263992_9383263993_13,2
5020.0,-300077497#5,19
5020.0,-300077497#8,2
5020.0,-49073264#1,1
5020.0,-51362429#1,4
5020.0,-593847703#3,21
5020.0,-E0,13
5020.0,182334378#0,1
5020.0,196961377#3,1
5020.0,244450512#4,1
5020.0,288878926#0,4
5020.0,30620492#0,11
5020.0,30620492#1,4
5020.0,49073226#2,5
5020.0,506322842#0,2
5020.0,506322844#0,5
5020.0,593847702#0,2
5020.0,593847704#0,4
5020.0,593849711#0,1
5020.0,594658757#0,2
5020.0,594658760#0,2
5020.0,:2749340167_0,1
5020.0,:3086736518_6,2
5020.0,:cluster_3431431575_4777363357_655375231_6982059025_3,2
5040.0,-300077497#5,19
5040.0,-49073264#1,1
5040.0,-593847703#3,23
5040.0,-E0,17
5040.0,244450512#5,1
5040.0,288878926#0,9
5040.0,30620492#0,16
5040.0,30620492#1,5
5040.0,49073226#2,4
5040.0,506322842#0,2
5040.0,506322844#0,6
5040.0,593847702#0,2
5040.0,593847704#0,6
5040.0,594658757#0,2
5040.0,594658760#0,2
5040.0,:cluster_623980147_623980152_9,1
5060.0,-300077497#5,22
5060.0,-49073264#1,2
5060.0,-593847703#3,21
5060.0,-E0,19
5060.0,244450512#5,1
5060.0,263217604#0,3
5060.0,288878926#0,13
5060.0,30620492#0,18
5060.0,30620492#1,5
5060.0,49073226#2,1
5060.0,506322846#2,1
5060.0,593847704#0,6
5060.0,594658757#0,2
5060.0,594658760#0,2
5060.0,:3086736515_0,1
5060.0,:655375233_4,2
5060.0,:cluster_5372642442_631668976_631668981_631669076_47,1
5080.0,-300077497#5,22
5080.0,-51362429#1,3
5080.0,-593847703#3,17
5080.0,-E0,19
5080.0,1068234499#0,1
5080.0,244450512#5,1
5080.0,263217604#0,3
5080.0,288878926#0,13
5080.0,30620492#0,18
5080.0,30620492#1,5
5080.0,49073226#2,1
5080.0,593847704#0,2
5080.0,593849711#0,1
5080.0,593849718#0,3
5080.0,594658757#0,2
5080.0,594658760#0,2
5080.0,:cluster622618015_622618108_622618112_622618144_#2more_39,3
5080.0,:cluster_2528018119_655375236_28,1
5100.0,-300077497#5,14
5100.0,-593847703#3,24
5100.0,-E0,20
5100.0,1068234499#0,1
5100.0,182334378#0,1
5100.0,288878926#0,11
5100.0,30620492#0,14
5100.0,30620492#1,3
5100.0,360018417,1
5100.0,49073226#2,4
5100.0,506322844#0,4
5100.0,593847704#0,1
5100.0,593849711#0,1
5100.0,594658757#0,3
5100.0,594658760#0,4
5100.0,:2749340167_0,1
5100.0,:cluster_2528018119_655375236_31,1
5100.0,:cluster_9383263990_9383263991_9383263992_9383263993_13,1
5120.0,-300077497#5,5
5120.0,-593847703#3,31
5120.0,-E0,16
5120.0,1068234499#0,1
5120.0,182334378#0,3
5120.0,288878926#0,5
5120.0,30620492#0,16
5120.0,30620492#1,4
5120.0,49073226#2,4
5120.0,506322844#0,5
5120.0,593847704#0,3
5120.0,594658757#0,3
5120.0,594658760#0,4
5120.0,:3086736518_6,2
5120.0,:cluster622618015_622618108_622618112_622618144_#2more_49,1
5120.0,:cluster_2528018119_655375236_17,1
5120.0,:cluster_9383263990_9383263991_9383263992_9383263993_13,1
5140.0,-300077497#5,6
5140.0,-300077497#8,1
5140.0,-593847703#3,32
5140.0,-E0,16
5140.0,182334378#0,3
5140.0,263217604#0,2
5140.0,288878926#0,5
5140.0,30620492#0,16
5140.0,30620492#1,5
5140.0,49073226#2,4
5140.0,506322844#0,1
5140.0,593847704#0,7
5140.0,594658757#0,3
5140.0,594658760#0,4
5140.0,:655375238_5,1
5140.0,:655375239_5,1
5160.0,-300077497#5,10
5160.0,-593847703#3,32
5160.0,-E0,20
5160.0,182334378#0,3
5160.0,263217604#0,2
5160.0,288878926#0,5
5160.0,30620492#0,18
5160.0,30620492#1,5
5160.0,49073226#2,4
5160.0,593847704#0,5
5160.0,594658757#0,1
5160.0,594658760#0,2
5160.0,:cluster622618015_622618108_622618112_622618144_#2more_39,1
5160.0,:cluster622618015_622618108_622618112_622618144_#2more_42,1
5160.0,:cluster655375336_end_0_655375336_end_1_655375336_end_10_655375336_end_11_#8more_21,1
5180.0,-300077497#5,8
5180.0,-49073264#1,1
5180.0,-51362429#1,2
5180.0,-593847703#3,25
5180.0,-E0,20
5180.0,182334378#0,3
5180.0,263217604#0,2
5180.0,288878926#0,5
5180.0,30620492#0,18
5180.0,30620492#1,3
5180.0,49073226#2,4
5180.0,593847702#0,1
5180.0,593847704#0,1
5180.0,593849718#0,2
5180.0,594658757#0,1
5180.0,594658760#0,2
5180.0,:3086736518_4,1
5180.0,:655375232_8,1
5180.0,:cluster655375336_end_0_655375336_end_1_655375336_end_10_655375336_end_11_#8more_21,1
5180.0,:cluster_3431431575_4777363357_655375231_6982059025_3,1
5180.0,:cluster_9383263990_9383263991_9383263992_9383263993_13,2
5200.0,-49073264#1,1
5200.0,-51362429#1,1
5200.0,-593847701,1
5200.0,-593847703#3,29
5200.0,-E0,20
5200.0,182334378#0,5
5200.0,30620492#0,13
5200.0,30620492#1,5
5200.0,49073226#2,7
5200.0,506322844#0,5
5200.0,593847702#0,1
5200.0,593847704#0,1
5200.0,594658757#0,1
5200.0,594658760#0,4
5200.0,:cluster655375336_end_0_655375336_end_1_655375336_end_10_655375336_end_11_#8more_21,1
5200.0,:cluster_2528018119_655375236_17,2
5220.0,-49073264#1,1
5220.0,-51362429#1,1
5220.0,-593847701,1
5220.0,-593847703#3,31
5220.0,-E0,18
5220.0,182334378#0,5
5220.0,30620492#0,18
5220.0,30620492#1,5
5220.0,49073226#2,7
5220.0,506322844#0,5
5220.0,593847702#0,1
5220.0,593847704#0,1
5220.0,594658757#0,1
5220.0,594658760#0,4
5220.0,:3086736518_6,2
5220.0,:cluster655375336_end_0_655375336_end_1_655375336_end_10_655375336_end_11_#8more_21,1
5240.0,-300077497#5,5
5240.0,-49073264#1,2
5240.0,-51362429#1,1
5240.0,-593847701,1
5240.0,-593847703#3,31
5240.0,-E0,18
5240.0,182334378#0,5
5240.0,30620492#0,18
5240.0,30620492#1,5
5240.0,49073226#2,6
5240.0,593847704#0,1
5240.0,594658757#0,1
5240.0,594658760#0,3
5240.0,:3086736518_6,2
5240.0,:cluster655375336_end_0_655375336_end_1_655375336_end_10_655375336_end_11_#8more_17,1
5240.0,:cluster655375336_end_0_655375336_end_1_655375336_end_10_655375336_end_11_#8more_21,1
5240.0,:cluster_623980147_623980152_4,1
5260.0,-300077497#5,5
5260.0,-593847701,1
5260.0,-593847703#3,31
5260.0,-E0,20
5260.0,182334378#0,5
5260.0,288878926#0,7
5260.0,30620492#0,18
5260.0,30620492#1,5
5260.0,49073272#3,1
5260.0,594658757#0,1
5260.0,594658760#0,3
5260.0,:3086736518_6,2
5260.0,:cluster_623980147_623980152_4,1
5280.0,-593847703#3,23
5280.0,-E0,20
5280.0,182334378#0,6
5280.0,288878926#0,6
5280.0,30620492#0,14
5280.0,30620492#1,4
5280.0,360018417,1
5280.0,506322844#0,5
5280.0,593847702#0,3
5280.0,593847704#0,2
5280.0,593849711#0,2
5280.0,594658757#0,1
5280.0,594658760#0,3
5280.0,:655375232_8,1
5280.0,:655375233_2,1
5280.0,:655375233_4,2
5280.0,:cluster_2528018119_655375236_17,1
5280.0,:cluster_3431431575_4777363357_655375231_6982059025_3,1
5300.0,-593847703#3,24
5300.0,-E0,20
5300.0,182334378#0,6
5300.0,288878926#0,2
5300.0,30620492#0,16
5300.0,30620492#1,5
5300.0,506322844#0,5
5300.0,593847702#0,4
5300.0,593847704#0,2
5300.0,594658757#0,1
5300.0,594658760#0,3
5300.0,:cluster622618015_622618108_622618112_622618144_#2more_49,1
5300.0,:cluster_623980147_623980152_9,1
5320.0,-300077497#5,1
5320.0,-300077497#8,1
5320.0,-593847703#3,24
5320.0,-E0,19
5320.0,182334378#0,6
5320.0,263217604#0,2
5320.0,288878926#0,3
5320.0,30620492#0,16
5320.0,30620492#1,5
5320.0,49073264#0,1
5320.0,49073272#1,3
5320.0,506322844#0,1
5320.0,593847704#0,2
5320.0,594658757#0,1
5320.0,594658760#0,3
5320.0,:3086736518_6,1
5320.0,:655375239_5,2
5340.0,-300077497#5,5
5340.0,-593847703#3,24
5340.0,-E0,13
5340.0,182334378#0,6
5340.0,263217604#0,2
5340.0,288878926#0,3
5340.0,30620492#0,18
5340.0,30620492#1,5
5340.0,49073272#3,3
5340.0,593847704#0,4
5340.0,594658757#0,1
5340.0,594658760#0,3
5340.0,:cluster622618015_622618108_622618112_622618144_#2more_17,1
5340.0,:cluster622618015_622618108_622618112_622618144_#2more_39,2
5360.0,-300077497#5,1
5360.0,-593847703#3,26
5360.0,-E0,19
5360.0,182334378#0,6
5360.0,263217604#0,2
5360.0,288878926#0,3
5360.0,30620492#0,18
5360.0,30620492#1,3
5360.0,360018417,1
5360.0,49073272#3,1
5360.0,506322844#0,1
5360.0,593849718#0,2
5360.0,:3208478121_3,1
5360.0,:cluster655375336_end_0_655375336_end_1_655375336_end_10_655375336_end_11_#8more_21,1
5360.0,:cluster_2528018119_655375236_17,2
5360.0,:cluster_9383263990_9383263991_9383263992_9383263993_13,1
5380.0,-51362429#1,1
5380.0,-593847703#3,21
5380.0,-E0,20
5380.0,182334378#0,6
5380.0,196961377#3,3
5380.0,30620492#0,13
5380.0,30620492#1,5
5380.0,506322844#0,5
5380.0,594658760#0,2
5380.0,:655375232_8,1
5380.0,:655375233_4,3
5400.0,-593847703#3,17
5400.0,-E0,20
5400.0,182334378#0,6
5400.0,30620492#0,16
5400.0,30620492#1,5
5400.0,49073226#2,2
5400.0,506322844#0,7
5400.0,594658760#0,2
5420.0,-300077497#5,3
5420.0,-593847703#3,17
5420.0,-E0,20
5420.0,182334378#0,6
5420.0,263217604#0,3
5420.0,30620492#0,18
5420.0,30620492#1,5
5420.0,49073226#2,2
5420.0,594658760#0,2
5420.0,:655375238_5,1
5440.0,-300077497#5,4
5440.0,-593847703#3,17
5440.0,-E0,14
5440.0,182334378#0,5
5440.0,263217604#0,3
5440.0,30620492#0,18
5440.0,30620492#1,5
5440.0,49073226#2,2
5440.0,593847704#0,3
5440.0,594658760#0,2
5440.0,:cluster622618015_622618108_622618112_622618144_#2more_39,1
5460.0,-593847703#3,21
5460.0,-E0,18
5460.0,30620492#0,14
5460.0,30620492#1,3
5460.0,49073226#2,2
5460.0,506322844#0,4
5460.0,594658760#0,4
5460.0,:cluster3086736522_655375108_655375247_655375401_#1more_14,1
5460.0,:cluster655375336_end_0_655375336_end_1_655375336_end_10_655375336_end_11_#8more_39,1
5460.0,:cluster_9383263990_9383263991_9383263992_9383263993_10,1
5460.0,:cluster_9383263990_9383263991_9383263992_9383263993_13,1
5480.0,-593847703#3,17
5480.0,-E0,19
5480.0,288878926#0,2
5480.0,30620492#0,14
5480.0,30620492#1,4
5480.0,506322842#0,2
5480.0,506322844#0,5
5480.0,594658760#0,5
5480.0,:655375233_4,4
5480.0,:cluster_9383263990_9383263991_9383263992_9383263993_13,1
5500.0,-300077497#8,1
5500.0,-593847703#3,9
5500.0,-E0,19
5500.0,263217604#0,2
5500.0,288878926#0,2
5500.0,30620492#0,17
5500.0,30620492#1,5
5500.0,506322844#0,1
5500.0,506322846#0,2
5500.0,594658760#0,5
5500.0,:655375238_5,1
5500.0,:655375239_5,1
5520.0,-300077497#5,4
5520.0,-593847703#3,9
5520.0,-E0,19
5520.0,263217604#0,2
5520.0,288135626#0,2
5520.0,288878926#0,2
5520.0,30620492#0,18
5520.0,30620492#1,5
5520.0,594658760#0,5
5540.0,-593847703#3,11
5540.0,-E0,13
5540.0,1068234499#0,2
5540.0,263217604#0,2
5540.0,288878926#0,2
5540.0,30620492#0,18
5540.0,30620492#1,3
5540.0,593847704#0,2
5540.0,594658760#0,5
5540.0,:cluster_2528018119_655375236_17,2
5540.0,:cluster_9383263990_9383263991_9383263992_9383263993_13,2
5560.0,-593847703#3,13
5560.0,-E0,16
5560.0,1068234499#0,2
5560.0,30620492#0,13
5560.0,30620492#1,5
5560.0,506322844#0,5
5560.0,593847704#0,2
5560.0,594658757#0,1
5560.0,594658760#0,2
5560.0,:cluster655375336_end_0_655375336_end_1_655375336_end_10_655375336_end_11_#8more_17,1
5580.0,-593847703#3,11
5580.0,-E0,19
5580.0,1068234499#0,2
5580.0,30620492#0,16
5580.0,30620492#1,5
5580.0,506322844#0,7
5580.0,593847704#0,2
5580.0,594658757#0,1
5580.0,594658760#0,2
5580.0,:655375233_4,2
5600.0,-300077497#5,5
5600.0,-593847703#3,3
5600.0,-E0,19
5600.0,263217604#0,2
5600.0,30620492#0,18
5600.0,30620492#1,5
5600.0,593847704#0,2
5600.0,594658757#0,1
5600.0,594658760#0,2
5620.0,-300077497#5,5
5620.0,-593847703#3,3
5620.0,-E0,19
5620.0,263217604#0,2
5620.0,30620492#0,18
5620.0,30620492#1,5
5620.0,593849718#0,2
5620.0,594658757#0,1
5620.0,594658760#0,2
5640.0,-593847703#3,8
5640.0,-E0,15
5640.0,30620492#0,14
5640.0,30620492#1,4
5640.0,506322844#0,4
5640.0,593847704#0,1
5640.0,594658757#0,2
5640.0,594658760#0,3
5640.0,:3086736518_6,1
5640.0,:cluster_9383263990_9383263991_9383263992_9383263993_13,1
5660.0,-593847703#3,8
5660.0,-E0,9
5660.0,30620492#0,15
5660.0,30620492#1,5
5660.0,506322844#0,6
5660.0,593847704#0,3
5660.0,594658757#0,2
5660.0,594658760#0,3
5680.0,-300077497#5,1
5680.0,-300077497#8,2
5680.0,-593847703#3,8
5680.0,-E0,9
5680.0,263217604#0,1
5680.0,30620492#0,18
5680.0,30620492#1,5
5680.0,506322844#0,1
5680.0,593847704#0,3
5680.0,594658757#0,2
5680.0,594658760#0,3
5680.0,:655375239_5,1
5700.0,-300077497#5,5
5700.0,-E0,10
5700.0,263217604#0,1
5700.0,30620492#0,18
5700.0,30620492#1,5
5700.0,593847704#0,1
5700.0,594658757#0,1
5700.0,594658760#0,2
5700.0,:cluster622618015_622618108_622618112_622618144_#2more_39,2
5700.0,:cluster655375336_end_0_655375336_end_1_655375336_end_10_655375336_end_11_#8more_17,1
5720.0,-300077497#5,1
5720.0,-593847703#3,1
5720.0,-E0,13
5720.0,182334378#0,1
5720.0,263217604#0,1
5720.0,30620492#0,18
5720.0,30620492#1,3
5720.0,:cluster655375336_end_0_655375336_end_1_655375336_end_10_655375336_end_11_#8more_17,1
5720.0,:cluster_2528018119_655375236_17,2
5720.0,:cluster_9383263990_9383263991_9383263992_9383263993_13,2
5740.0,-593847703#3,3
5740.0,-E0,12
5740.0,182334378#0,2
5740.0,30620492#0,13
5740.0,30620492#1,4
5740.0,506322844#0,5
5740.0,593847704#0,1
5740.0,594658760#0,1
5740.0,:cluster_9383263990_9383263991_9383263992_9383263993_13,1
5760.0,-593847703#3,3
5760.0,-E0,10
5760.0,30620492#0,16
5760.0,30620492#1,5
5760.0,506322844#0,7
5760.0,593847704#0,2
5760.0,:cluster655375336_end_0_655375336_end_1_655375336_end_10_655375336_end_11_#8more_5,1
5780.0,-300077497#5,4
5780.0,-593847703#3,3
5780.0,-E0,11
5780.0,263217604#0,3
5780.0,30620492#0,18
5780.0,30620492#1,5
5780.0,593847704#0,2
5800.0,-300077497#5,4
5800.0,-E0,11
5800.0,263217604#0,3
5800.0,30620492#0,18
5800.0,30620492#1,5
5800.0,593849718#0,2
5820.0,-593847703#3,3
5820.0,-E0,11
5820.0,182334378#0,1
5820.0,30620492#0,14
5820.0,30620492#1,4
5820.0,506322844#0,5
5820.0,594658757#0,1
5820.0,594658760#0,2
5840.0,-593847703#3,3
5840.0,-E0,11
5840.0,30620492#0,16
5840.0,30620492#1,5
5840.0,506322844#0,5
5840.0,594658757#0,1
5840.0,594658760#0,2
5840.0,:3086736518_6,1
5860.0,-300077497#5,1
5860.0,-300077497#8,1
5860.0,-593847703#3,3
5860.0,-E0,2
5860.0,30620492#0,18
5860.0,30620492#1,5
5860.0,506322844#0,1
5860.0,593847704#0,3
5860.0,594658757#0,1
5860.0,594658760#0,2
5860.0,:655375238_5,1
5860.0,:655375239_5,1
5880.0,-300077497#5,5
5880.0,-593847703#3,3
5880.0,30620492#0,18
5880.0,30620492#1,5
5880.0,593847704#0,1
5880.0,594658757#0,1
5880.0,594658760#0,2
5880.0,:cluster622618015_622618108_622618112_622618144_#2more_39,2
5900.0,-300077497#5,1
5900.0,-593847703#3,2
5900.0,-E0,1
5900.0,30620492#0,18
5900.0,30620492#1,3
5900.0,594658760#0,1
5900.0,:cluster_2528018119_655375236_17,2
5900.0,:cluster_9383263990_9383263991_9383263992_9383263993_13,2
5920.0,-593847703#3,4
5920.0,182334378#0,1
5920.0,30620492#0,12
5920.0,30620492#1,4
5920.0,506322844#0,6
5920.0,:cluster_9383263990_9383263991_9383263992_9383263993_13,1
5940.0,-593847703#3,4
5940.0,182334378#0,1
5940.0,30620492#0,16
5940.0,30620492#1,5
5940.0,506322842#0,1
5940.0,506322844#0,7
5960.0,-300077497#5,3
5960.0,-593847703#3,4
5960.0,-E0,1
5960.0,263217604#0,4
5960.0,30620492#0,18
5960.0,30620492#1,5
5960.0,506322846#2,1
5980.0,-300077497#5,3
5980.0,-593847703#3,4
5980.0,1068234499#0,1
5980.0,263217604#0,4
5980.0,30620492#0,18
5980.0,30620492#1,5
6000.0,-593847703#3,3
6000.0,1068234499#0,1
6000.0,30620492#0,14
6000.0,30620492#1,2
6000.0,360843888,1
6000.0,506322842#0,1
6000.0,506322844#0,5
6000.0,594658757#0,1
6000.0,594658760#0,2
6000.0,:655375233_4,2
6000.0,:cluster_9383263990_9383263991_9383263992_9383263993_13,1
6020.0,1068234499#0,1
6020.0,30620492#0,12
6020.0,30620492#1,5
6020.0,360843888,1
6020.0,506322842#0,1
6020.0,506322844#0,8
6020.0,594658757#0,1
6020.0,594658760#0,1
6040.0,-300077497#8,2
6040.0,-593847703#3,1
6040.0,263217604#0,4
6040.0,30620492#0,18
6040.0,30620492#1,5
6040.0,360843888,1
6040.0,506322844#0,1
6040.0,506322846#0,1
6040.0,594658757#0,1
6040.0,594658760#0,1
6040.0,:655375239_5,1
6060.0,-300077497#5,4
6060.0,-593847703#3,1
6060.0,263217604#0,4
6060.0,288135626#0,1
6060.0,30620492#0,18
6060.0,30620492#1,5
6060.0,360843888,1
6060.0,594658757#0,1
6060.0,594658760#0,1
6080.0,-593847703#3,3
6080.0,-E0,1
6080.0,1068234499#0,1
6080.0,263217604#0,4
6080.0,30620492#0,18
6080.0,30620492#1,3
6080.0,:3208478128_0,1
6080.0,:cluster655375336_end_0_655375336_end_1_655375336_end_10_655375336_end_11_#8more_21,1
6080.0,:cluster_2528018119_655375236_17,1
6080.0,:cluster_2528018119_655375236_31,1
6080.0,:cluster_9383263990_9383263991_9383263992_9383263993_13,2
6100.0,-593847703#3,2
6100.0,1068234499#0,1
6100.0,182334378#0,1
6100.0,244450512#5,1
6100.0,30620492#0,11
6100.0,30620492#1,4
6100.0,506322842#0,2
6100.0,506322844#0,5
6100.0,594658757#0,2
6100.0,594658760#0,2
6100.0,:2749340167_0,1
6100.0,:655375233_4,2
6120.0,-E0,2
6120.0,1068234499#0,1
6120.0,182334378#0,1
6120.0,244450512#5,1
6120.0,30620492#0,14
6120.0,30620492#1,5
6120.0,506322842#0,3
6120.0,506322844#0,7
6140.0,-300077497#5,3
6140.0,-593847703#3,1
6140.0,-E0,1
6140.0,244450512#5,1
6140.0,263217604#0,4
6140.0,30620492#0,18
6140.0,30620492#1,5
6140.0,506322846#2,2
6140.0,:1973482489_4,1
6160.0,-300077497#5,3
6160.0,-593847703#3,1
6160.0,1068234499#0,1
6160.0,244450512#5,1
6160.0,263217604#0,4
6160.0,288135626#0,1
6160.0,30620492#0,18
6160.0,30620492#1,5
6160.0,:2444664370_0,1
6180.0,-593847703#3,4
6180.0,-E0,1
6180.0,1068234499#0,3
6180.0,30620492#0,14
6180.0,30620492#1,4
6180.0,506322844#0,5
6180.0,594658757#0,2
6180.0,594658760#0,1
6180.0,:cluster3086736522_655375108_655375247_655375401_#1more_16,1
6200.0,-593847703#3,4
6200.0,-E0,3
6200.0,1068234499#0,3
6200.0,30620492#0,15
6200.0,30620492#1,5
6200.0,506322844#0,6
6200.0,:cluster655375336_end_0_655375336_end_1_655375336_end_10_655375336_end_11_#8more_21,1
6220.0,-300077497#5,1
6220.0,-300077497#8,1
6220.0,182334378#0,2
6220.0,263217604#0,1
6220.0,30620492#0,18
6220.0,30620492#1,5
6220.0,506322844#0,1
6220.0,:655375238_5,1
6220.0,:655375239_5,1
6220.0,:cluster_2528018119_655375236_9,1
6240.0,-300077497#5,5
6240.0,-E0,2
6240.0,263217604#0,1
6240.0,30620492#0,18
6240.0,30620492#1,5
6260.0,-300077497#5,1
6260.0,-593847703#3,2
6260.0,263217604#0,1
6260.0,30620492#0,18
6260.0,30620492#1,3
6260.0,506322844#0,1
6260.0,:cluster_2528018119_655375236_17,1
6260.0,:cluster_2528018119_655375236_19,1
6260.0,:cluster_9383263990_9383263991_9383263992_9383263993_13,1
6280.0,-593847703#3,4
6280.0,-E0,1
6280.0,30620492#0,12
6280.0,30620492#1,4
6280.0,506322844#0,6
6280.0,594658760#0,1
6280.0,:cluster_9383263990_9383263991_9383263992_9383263993_13,1
6300.0,-593847703#3,4
6300.0,30620492#0,17
6300.0,30620492#1,5
6300.0,506322844#0,7
6320.0,-300077497#5,5
6320.0,263217604#0,2
6320.0,30620492#0,18
6320.0,30620492#1,5
6340.0,-300077497#5,5
6340.0,263217604#0,2
6340.0,30620492#0,18
6340.0,30620492#1,5
6360.0,-593847703#3,5
6360.0,30620492#0,14
6360.0,30620492#1,3
6360.0,506322844#0,4
6360.0,594658757#0,1
6360.0,594658760#0,1
6360.0,:2749340167_0,1
6360.0,:cluster_9383263990_9383263991_9383263992_9383263993_13,1
6380.0,-593847703#3,5
6380.0,30620492#0,13
6380.0,30620492#1,5
6380.0,506322844#0,7
6380.0,:2749340167_0,1
6380.0,:cluster655375336_end_0_655375336_end_1_655375336_end_10_655375336_end_11_#8more_17,1
6380.0,:cluster655375336_end_0_655375336_end_1_655375336_end_10_655375336_end_11_#8more_21,1
6400.0,-300077497#8,1
6400.0,-593847703#3,5
6400.0,-E0,1
6400.0,263217604#0,4
6400.0,30620492#0,17
6400.0,30620492#1,5
6400.0,:655375238_5,1
6400.0,:655375239_5,2
6420.0,-300077497#5,4
6420.0,263217604#0,4
6420.0,30620492#0,18
6420.0,30620492#1,5
6440.0,-593847703#3,2
6440.0,263217604#0,4
6440.0,30620492#0,18
6440.0,30620492#1,3
6440.0,:cluster_2528018119_655375236_17,1
6440.0,:cluster_2528018119_655375236_31,1
6440.0,:cluster_9383263990_9383263991_9383263992_9383263993_13,2
6460.0,-593847703#3,3
6460.0,182334378#0,1
6460.0,30620492#0,12
6460.0,30620492#1,5
6460.0,506322842#0,1
6460.0,506322844#0,5
6460.0,594658757#0,1
6460.0,594658760#0,3
6480.0,-593847703#3,3
6480.0,-E0,2
6480.0,30620492#0,18
6480.0,30620492#1,5
6480.0,506322842#0,1
6480.0,506322844#0,5
6480.0,:cluster655375336_end_0_655375336_end_1_655375336_end_10_655375336_end_11_#8more_17,2
6500.0,-300077497#5,5
6500.0,-593847703#3,3
6500.0,30620492#0,18
6500.0,30620492#1,5
6500.0,:cluster_5372642442_631668976_631668981_631669076_36,1
6520.0,-300077497#5,5
6520.0,1068234499#0,1
6520.0,30620492#0,18
6520.0,30620492#1,5
6520.0,:655375233_4,3
6540.0,-593847703#3,3
6540.0,-E0,1
6540.0,1068234499#0,1
6540.0,182334378#0,1
6540.0,30620492#0,14
6540.0,30620492#1,3
6540.0,506322842#0,1
6540.0,506322844#0,3
6540.0,:cluster_9383263990_9383263991_9383263992_9383263993_13,2
6560.0,-593847703#3,3
6560.0,1068234499#0,1
6560.0,30620492#0,14
6560.0,30620492#1,5
6560.0,506322842#0,1
6560.0,506322844#0,6
6580.0,-300077497#8,1
6580.0,-593847703#3,4
6580.0,263217604#0,2
6580.0,30620492#0,18
6580.0,30620492#1,5
6580.0,506322844#0,1
6580.0,506322846#0,1
6580.0,:655375238_5,1
6580.0,:655375239_5,1
6600.0,-300077497#5,4
6600.0,-593847703#3,4
6600.0,263217604#0,2
6600.0,288135626#0,1
6600.0,30620492#0,18
6600.0,30620492#1,5
6620.0,-593847703#3,5
6620.0,263217604#0,2
6620.0,30620492#0,18
6620.0,30620492#1,3
6620.0,:655375233_4,2
6620.0,:cluster_2528018119_655375236_17,2
6620.0,:cluster_9383263990_9383263991_9383263992_9383263993_13,2
6640.0,-593847703#3,2
6640.0,30620492#0,11
6640.0,30620492#1,4
6640.0,506322844#0,6
6640.0,594658760#0,2
6640.0,:2749340167_0,1
6640.0,:cluster_9383263990_9383263991_9383263992_9383263993_13,1
6660.0,-593847703#3,2
6660.0,30620492#0,16
6660.0,30620492#1,5
6660.0,506322844#0,8
6660.0,594658760#0,1
6680.0,-300077497#5,4
6680.0,-593847703#3,2
6680.0,263217604#0,4
6680.0,30620492#0,18
6680.0,30620492#1,5
6700.0,-300077497#5,4
6700.0,-593847703#3,2
6700.0,263217604#0,4
6700.0,30620492#0,18
6700.0,30620492#1,5
6720.0,-593847703#3,6
6720.0,263217604#0,1
6720.0,30620492#0,14
6720.0,30620492#1,3
6720.0,506322842#0,1
6720.0,506322844#0,2
6720.0,594658757#0,2
6720.0,:2749340167_0,1
6720.0,:cluster3086736522_655375108_655375247_655375401_#1more_16,1
6720.0,:cluster_9383263990_9383263991_9383263992_9383263993_13,2
6740.0,30620492#0,12
6740.0,30620492#1,5
6740.0,506322842#0,1
6740.0,506322844#0,7
6740.0,594658757#0,4
6740.0,:2749340167_0,1
6760.0,-300077497#8,1
6760.0,263217604#0,4
6760.0,30620492#0,17
6760.0,30620492#1,5
6760.0,506322844#0,1
6760.0,506322846#0,1
6760.0,594658757#0,3
6760.0,:655375238_5,1
6760.0,:655375239_5,1
6760.0,:cluster655375336_end_0_655375336_end_1_655375336_end_10_655375336_end_11_#8more_21,1
6780.0,-300077497#5,4
6780.0,-E0,2
6780.0,263217604#0,4
6780.0,288135626#0,1
6780.0,30620492#0,18
6780.0,30620492#1,5
6800.0,-593847703#3,2
6800.0,1068234499#0,1
6800.0,263217604#0,4
6800.0,30620492#0,18
6800.0,30620492#1,3
6800.0,:cluster_2528018119_655375236_17,1
6800.0,:cluster_2528018119_655375236_31,1
6800.0,:cluster_9383263990_9383263991_9383263992_9383263993_13,2
6820.0,-593847703#3,3
6820.0,-E0,1
6820.0,1068234499#0,1
6820.0,30620492#0,13
6820.0,30620492#1,3
6820.0,506322844#0,5
6820.0,594658757#0,2
6820.0,594658760#0,2
6820.0,:cluster_9383263990_9383263991_9383263992_9383263993_13,2
6840.0,-E0,1
6840.0,1068234499#0,1
6840.0,30620492#0,16
6840.0,30620492#1,5
6840.0,506322844#0,7
6840.0,594658757#0,1
6840.0,594658760#0,1
6840.0,:cluster655375336_end_0_655375336_end_1_655375336_end_10_655375336_end_11_#8more_21,1
6860.0,-300077497#5,4
6860.0,-593847703#3,1
6860.0,-E0,2
6860.0,263217604#0,3
6860.0,30620492#0,18
6860.0,30620492#1,5
6880.0,-300077497#5,4
6880.0,-593847703#3,1
6880.0,263217604#0,3
6880.0,30620492#0,18
6880.0,30620492#1,5
6900.0,-593847703#3,3
6900.0,-E0,1
6900.0,30620492#0,14
6900.0,30620492#1,3
6900.0,506322842#0,1
6900.0,506322844#0,2
6900.0,594658760#0,2
6900.0,:2749340167_0,1
6900.0,:cluster3086736522_655375108_655375247_655375401_#1more_14,1
6900.0,:cluster655375336_end_0_655375336_end_1_655375336_end_10_655375336_end_11_#8more_5,1
6900.0,:cluster_9383263990_9383263991_9383263992_9383263993_13,2
6920.0,-593847703#3,3
6920.0,30620492#0,13
6920.0,30620492#1,5
6920.0,506322842#0,1
6920.0,506322844#0,7
6920.0,594658760#0,3
6940.0,-35274074#2,1
6940.0,263217604#0,5
6940.0,30620492#0,15
6940.0,30620492#1,5
6940.0,506322844#0,1
6940.0,506322846#0,2
6940.0,594658760#0,3
6940.0,:655375239_5,1
6940.0,:655375239_6,1
6960.0,-300077497#5,3
6960.0,-E0,3
6960.0,263217604#0,6
6960.0,288135626#0,2
6960.0,30620492#0,18
6960.0,30620492#1,5
6980.0,-593847703#3,1
6980.0,1068234499#0,1
6980.0,182334378#0,2
6980.0,263217604#0,6
6980.0,30620492#0,18
6980.0,30620492#1,3
6980.0,506322844#0,1
6980.0,:cluster_2528018119_655375236_17,1
6980.0,:cluster_9383263990_9383263991_9383263992_9383263993_13,1
7000.0,-593847703#3,2
7000.0,-E0,1
7000.0,1068234499#0,1
7000.0,30620492#0,11
7000.0,30620492#1,4
7000.0,506322844#0,7
7000.0,594658757#0,1
7000.0,594658760#0,5
7000.0,:2749340167_0,1
7020.0,-593847703#3,2
7020.0,1068234499#0,1
7020.0,30620492#0,17
7020.0,30620492#1,5
7020.0,506322844#0,7
7020.0,594658757#0,1
7020.0,594658760#0,5
7040.0,-300077497#5,5
7040.0,-E0,1
7040.0,263217604#0,2
7040.0,30620492#0,18
7040.0,30620492#1,5
7040.0,594658760#0,4
7040.0,:655375233_4,3
7060.0,-300077497#5,5
7060.0,-E0,4
7060.0,263217604#0,2
7060.0,30620492#0,18
7060.0,30620492#1,5
7080.0,-593847703#3,4
7080.0,182334378#0,1
7080.0,30620492#0,14
7080.0,30620492#1,4
7080.0,506322844#0,5
7080.0,594658757#0,1
7080.0,594658760#0,1
7100.0,-593847703#3,4
7100.0,-E0,1
7100.0,30620492#0,15
7100.0,30620492#1,5
7100.0,506322844#0,6
7100.0,594658757#0,1
7100.0,594658760#0,1
7120.0,-300077497#5,1
7120.0,-300077497#8,1
7120.0,-593847703#3,4
7120.0,263217604#0,2
7120.0,30620492#0,18
7120.0,30620492#1,5
7120.0,506322844#0,1
7120.0,594658757#0,1
7120.0,594658760#0,1
7120.0,:655375239_5,1
7140.0,-300077497#5,4
7140.0,-593847703#3,2
7140.0,263217604#0,2
7140.0,30620492#0,18
7140.0,30620492#1,5
7140.0,:655375233_4,2
7140.0,:cluster655375336_end_0_655375336_end_1_655375336_end_10_655375336_end_11_#8more_17,1
7140.0,:cluster655375336_end_0_655375336_end_1_655375336_end_10_655375336_end_11_#8more_21,1
7160.0,-593847703#3,2
7160.0,263217604#0,2
7160.0,30620492#0,18
7160.0,30620492#1,3
7160.0,:cluster_2528018119_655375236_17,2
7160.0,:cluster_9383263990_9383263991_9383263992_9383263993_13,2
7180.0,-593847703#3,4
7180.0,30620492#0,12
7180.0,30620492#1,5
7180.0,506322844#0,6
7180.0,594658757#0,1
7180.0,594658760#0,1
7200.0,-593847703#3,4
7200.0,30620492#0,18
7200.0,30620492#1,5
7200.0,506322844#0,6
7200.0,594658757#0,1
7200.0,594658760#0,1
7220.0,-300077497#5,4
7220.0,-593847703#3,4
7220.0,-E0,1
7220.0,263217604#0,2
7220.0,30620492#0,18
7220.0,30620492#1,5
7220.0,:cluster655375336_end_0_655375336_end_1_655375336_end_10_655375336_end_11_#8more_17,1
7240.0,-300077497#5,4
7240.0,-593847703#3,4
7240.0,263217604#0,2
7240.0,30620492#0,18
7240.0,30620492#1,5
7260.0,-593847703#3,4
7260.0,30620492#0,14
7260.0,30620492#1,3
7260.0,506322842#0,1
7260.0,506322844#0,4
7260.0,594658757#0,1
7260.0,594658760#0,1
7260.0,:cluster_9383263990_9383263991_9383263992_9383263993_13,1
7280.0,-593847703#3,4
7280.0,30620492#0,11
7280.0,30620492#1,4
7280.0,506322842#0,2
7280.0,506322844#0,8
7280.0,594658757#0,1
7280.0,594658760#0,1
7280.0,:2749340167_0,1
7300.0,-300077497#8,1
7300.0,-35274074#2,1
7300.0,-593847703#3,4
7300.0,263217604#0,4
7300.0,30620492#0,16
7300.0,30620492#1,5
7300.0,506322846#0,1
7300.0,594658757#0,1
7300.0,594658760#0,1
7300.0,:655375238_5,1
7300.0,:655375239_5,1
7300.0,:655375239_6,2
7320.0,-300077497#5,4
7320.0,-593847703#3,4
7320.0,263217604#0,6
7320.0,288135626#0,1
7320.0,30620492#0,18
7320.0,30620492#1,5
7320.0,594658757#0,1
7320.0,594658760#0,1
7340.0,-593847703#3,6
7340.0,-E0,2
7340.0,1068234499#0,1
7340.0,263217604#0,6
7340.0,30620492#0,18
7340.0,30620492#1,3
7340.0,506322844#0,1
7340.0,:cluster_2528018119_655375236_17,2
7340.0,:cluster_9383263990_9383263991_9383263992_9383263993_13,1
7360.0,1068234499#0,1
7360.0,244450512#4,1
7360.0,30620492#0,11
7360.0,30620492#1,5
7360.0,506322844#0,6
7360.0,594658757#0,2
7360.0,594658760#0,3
7360.0,:2749340167_0,1
7380.0,1068234499#0,1
7380.0,244450512#5,1
7380.0,30620492#0,17
7380.0,30620492#1,5
7380.0,506322844#0,6
7380.0,594658757#0,2
7380.0,594658760#0,3
7380.0,:2749340167_0,1
7400.0,-300077497#5,5
7400.0,-593847703#3,1
7400.0,244450512#5,1
7400.0,263217604#0,1
7400.0,30620492#0,18
7400.0,30620492#1,5
7400.0,594658757#0,2
7400.0,594658760#0,3
7400.0,:2749340167_0,1
7420.0,-300077497#5,5
7420.0,-593847703#3,1
7420.0,-E0,1
7420.0,244450512#5,1
7420.0,263217604#0,1
7420.0,30620492#0,18
7420.0,30620492#1,5
7420.0,594658757#0,1
7420.0,594658760#0,2
7420.0,:2749340167_0,1
7440.0,-593847703#3,4
7440.0,-E0,2
7440.0,182334378#0,2
7440.0,30620492#0,15
7440.0,30620492#1,4
7440.0,506322844#0,5
7440.0,593844221#0,1
7440.0,594658760#0,1
7460.0,-E0,1
7460.0,182334378#0,2
7460.0,30620492#0,14
7460.0,30620492#1,4
7460.0,506322844#0,7
7460.0,593844221#0,1
7460.0,:cluster_9383263990_9383263991_9383263992_9383263993_13,1
7480.0,-300077497#5,1
7480.0,-300077497#8,1
7480.0,-E0,1
7480.0,263217604#0,3
7480.0,30620492#0,17
7480.0,30620492#1,5
7480.0,506322844#0,1
7480.0,:655375238_5,1
7480.0,:655375239_5,1
7480.0,:cluster655375336_end_0_655375336_end_1_655375336_end_10_655375336_end_11_#8more_30,1
7480.0,:cluster655375336_end_0_655375336_end_1_655375336_end_10_655375336_end_11_#8more_5,1
7500.0,-300077497#5,5
7500.0,263217604#0,3
7500.0,30620492#0,18
7500.0,30620492#1,5
7520.0,-300077497#5,1
7520.0,-593847703#3,2
7520.0,263217604#0,3
7520.0,30620492#0,18
7520.0,30620492#1,3
7520.0,:cluster_2528018119_655375236_17,2
7520.0,:cluster_9383263990_9383263991_9383263992_9383263993_13,2
7540.0,-593847703#3,5
7540.0,30620492#0,13
7540.0,30620492#1,4
7540.0,506322844#0,5
7540.0,594658760#0,3
7540.0,:cluster_9383263990_9383263991_9383263992_9383263993_13,1
7560.0,-593847703#3,1
7560.0,30620492#0,17
7560.0,30620492#1,5
7560.0,506322844#0,6
7560.0,594658760#0,3
7560.0,:655375233_4,4
7580.0,-300077497#5,5
7580.0,263217604#0,1
7580.0,30620492#0,18
7580.0,30620492#1,5
7580.0,594658760#0,3
7600.0,-300077497#5,5
7600.0,-E0,1
7600.0,263217604#0,1
7600.0,30620492#0,18
7600.0,30620492#1,5
7600.0,594658760#0,2
7620.0,-593847703#3,4
7620.0,-E0,2
7620.0,182334378#0,1
7620.0,30620492#0,14
7620.0,30620492#1,4
7620.0,506322844#0,5
7620.0,594658760#0,1
7640.0,-593847703#3,4
7640.0,-E0,1
7640.0,182334378#0,1
7640.0,30620492#0,14
7640.0,30620492#1,5
7640.0,506322844#0,7
7660.0,-300077497#5,1
7660.0,-300077497#8,2
7660.0,-593847703#3,2
7660.0,-E0,1
7660.0,263217604#0,2
7660.0,30620492#0,18
7660.0,30620492#1,5
7660.0,506322844#0,1
7660.0,:655375233_4,2
7660.0,:655375239_5,1
7680.0,-300077497#5,5
7680.0,263217604#0,2
7680.0,30620492#0,18
7680.0,30620492#1,5
7700.0,-300077497#5,1
7700.0,-593847703#3,2
7700.0,263217604#0,2
7700.0,30620492#0,18
7700.0,30620492#1,3
7700.0,:cluster_2528018119_655375236_17,2
7700.0,:cluster_9383263990_9383263991_9383263992_9383263993_13,2
7720.0,-593847703#3,5
7720.0,30620492#0,12
7720.0,30620492#1,5
7720.0,506322842#0,1
7720.0,506322844#0,5
7720.0,594658757#0,1
7720.0,594658760#0,1
7740.0,-593847703#3,5
7740.0,30620492#0,17
7740.0,30620492#1,5
7740.0,506322842#0,1
7740.0,506322844#0,6
7740.0,594658757#0,1
7740.0,594658760#0,1
7760.0,-300077497#5,5
7760.0,-593847703#3,5
7760.0,263217604#0,1
7760.0,30620492#0,18
7760.0,30620492#1,5
7760.0,594658757#0,1
7760.0,594658760#0,1
7760.0,:cluster_5372642442_631668976_631668981_631669076_36,1
7780.0,-300077497#5,5
7780.0,1068234499#0,1
7780.0,263217604#0,1
7780.0,30620492#0,18
7780.0,30620492#1,5
7780.0,594658757#0,1
7780.0,594658760#0,1
7800.0,-593847703#3,4
7800.0,-E0,2
7800.0,1068234499#0,1
7800.0,30620492#0,14
7800.0,30620492#1,4
7800.0,506322844#0,5
7800.0,594658757#0,1
7820.0,-593847703#3,4
7820.0,-E0,1
7820.0,1068234499#0,1
7820.0,30620492#0,15
7820.0,30620492#1,5
7820.0,506322844#0,5
7840.0,-300077497#8,1
7840.0,-593847703#3,5
7840.0,263217604#0,1
7840.0,30620492#0,15
7840.0,30620492#1,5
7840.0,506322844#0,1
7840.0,:655375238_5,1
7840.0,:655375239_5,1
7860.0,-300077497#5,4
7860.0,-593847703#3,5
7860.0,263217604#0,1
7860.0,30620492#0,15
7860.0,30620492#1,5
7880.0,-593847703#3,2
7880.0,263217604#0,1
7880.0,30620492#0,15
7880.0,30620492#1,3
7880.0,:cluster_2528018119_655375236_17,2
7880.0,:cluster_9383263990_9383263991_9383263992_9383263993_13,2
7900.0,-593847703#3,4
7900.0,30620492#0,10
7900.0,30620492#1,4
7900.0,506322844#0,5
7900.0,594658757#0,1
7900.0,:cluster_9383263990_9383263991_9383263992_9383263993_13,1
7920.0,-593847703#3,4
7920.0,30620492#0,7
7920.0,30620492#1,5
7920.0,506322844#0,8
7940.0,-300077497#5,5
7940.0,-593847703#3,4
7940.0,263217604#0,3
7940.0,30620492#0,7
7940.0,30620492#1,5
7960.0,-300077497#5,5
7960.0,-593847703#3,4
7960.0,263217604#0,3
7960.0,30620492#0,7
7960.0,30620492#1,5
7980.0,-593847703#3,3
7980.0,30620492#0,3
7980.0,30620492#1,3
7980.0,506322844#0,5
7980.0,594658757#0,2
7980.0,594658760#0,1
7980.0,:655375233_4,1
7980.0,:cluster_9383263990_9383263991_9383263992_9383263993_13,1
8000.0,-593847703#3,1
8000.0,-E0,2
8000.0,30620492#0,1
8000.0,30620492#1,5
8000.0,506322844#0,6
8000.0,:cluster655375336_end_0_655375336_end_1_655375336_end_10_655375336_end_11_#8more_21,1
8020.0,-300077497#5,1
8020.0,-300077497#8,1
8020.0,-593847703#3,1
8020.0,263217604#0,2
8020.0,30620492#0,1
8020.0,30620492#1,5
8020.0,506322844#0,1
8020.0,:655375239_5,1
8040.0,-300077497#5,4
8040.0,-593847703#3,1
8040.0,263217604#0,2
8040.0,30620492#0,1
8040.0,30620492#1,5
8060.0,-593847703#3,3
8060.0,263217604#0,2
8060.0,30620492#0,1
8060.0,30620492#1,3
8060.0,:cluster_2528018119_655375236_17,2
8060.0,:cluster_9383263990_9383263991_9383263992_9383263993_13,2
8080.0,-593847703#3,1
8080.0,506322844#0,6
8080.0,594658757#0,1
8080.0,594658760#0,1
8080.0,:655375233_4,4
8100.0,-E0,2
8100.0,506322844#0,6
8120.0,-300077497#5,1
8120.0,263217604#0,5
8140.0,-300077497#5,1
8140.0,263217604#0,5
8160.0,-593847703#3,1
8160.0,263217604#0,1
8160.0,360843888,1
8160.0,594658760#0,2
8160.0,:cluster3086736522_655375108_655375247_655375401_#1more_14,1
8180.0,360843888,1
8180.0,594658760#0,4
8180.0,:655375233_4,1
8200.0,-E0,4
8200.0,360843888,1
8220.0,360843888,1
8240.0,244450512#4,1
