time,edge_id,vehicle_count
60.0,-360018417,5
60.0,-51362429#1,1
60.0,-51362430,7
60.0,-593847703#3,11
60.0,-E0,18
60.0,1068234498#0,24
60.0,1068440001,6
60.0,1068440004#1,20
60.0,1068440006#0,2
60.0,1334905223#0,1
60.0,182334378#0,23
60.0,196961377#0,12
60.0,232003903#0,1
60.0,238526531#0,2
60.0,244450512#1,2
60.0,260881642#0,3
60.0,263217603#0,2
60.0,288135626#0,2
60.0,288135628#0,2
60.0,300077497#0,1
60.0,30620492#0,15
60.0,30620492#1,5
60.0,314800955,1
60.0,360843888,1
60.0,484988951#0,4
60.0,48794887#0,4
60.0,49695736#0,4
60.0,506322841#3,1
60.0,506322841#4,1
60.0,506322842#0,8
60.0,506322844#0,5
60.0,506322846#2,11
60.0,506322853#0,1
60.0,51362429#0,9
60.0,593844221#0,1
60.0,593847703#0,1
60.0,593847704#0,1
60.0,593847705,1
60.0,593849711#2,12
60.0,594658760#0,1
60.0,594658762#0,13
60.0,668037874,3
60.0,:655375232_11,1
60.0,:655375232_6,1
60.0,:cluster11510670762_4554226152_0,1
60.0,:cluster619136880_619136881_cluster_4510442270_5296993511_5296993513_619136931_#1more_12,1
60.0,:cluster619136880_619136881_cluster_4510442270_5296993511_5296993513_619136931_#1more_8,1
60.0,:cluster655375228_655375240_0,2
60.0,:cluster655375336_end_0_655375336_end_1_655375336_end_10_655375336_end_11_#8more_12,1
60.0,:cluster655375336_end_0_655375336_end_1_655375336_end_10_655375336_end_11_#8more_25,2
60.0,:cluster_2528018119_655375236_17,1
60.0,:cluster_2528018119_655375236_3,2
60.0,:cluster_2664674491_655375287_655375288_5,1
60.0,:cluster_3208478133_655375293_655375296_9631728504_#1more_8,3
60.0,:cluster_5372642442_631668976_631668981_631669076_22,2
60.0,:cluster_5372642442_631668976_631668981_631669076_26,1
60.0,:cluster_9383263990_9383263991_9383263992_9383263993_19,1
60.0,E0,4
80.0,-360018417,5
80.0,-51362429#1,1
80.0,-51362430,9
80.0,-593847703#3,5
80.0,-594658757#2,2
80.0,-E0,19
80.0,1068234498#0,19
80.0,1068234499#0,5
80.0,1068440001,5
80.0,1068440004#1,27
80.0,1068440006#0,4
80.0,1334904386#0,1
80.0,1334905223#0,1
80.0,182334378#0,17
80.0,196961377#0,19
80.0,232003903#0,1
80.0,238526531#0,8
80.0,244450512#1,2
80.0,260881642#0,3
80.0,263217603#0,2
80.0,288135626#0,4
80.0,288135628#0,2
80.0,300077497#0,2
80.0,30620492#0,18
80.0,30620492#1,5
80.0,314800955,1
80.0,35274074#0,2
80.0,360843888,1
80.0,484988951#0,3
80.0,48794887#0,3
80.0,49073226#2,2
80.0,49695736#0,10
80.0,506322841#3,1
80.0,506322841#4,1
80.0,506322842#0,12
80.0,506322844#0,5
80.0,506322846#2,18
80.0,506322853#0,1
80.0,51289045#5,1
80.0,51362429#0,12
80.0,51392936#0,1
80.0,593844221#0,1
80.0,593847702#0,2
80.0,593847704#0,1
80.0,593847705,1
80.0,593849711#2,16
80.0,594658760#0,2
80.0,594658762#0,13
80.0,668037874,4
80.0,:3086736518_3,1
80.0,:3086736518_7,1
80.0,:655375233_2,1
80.0,:655375233_4,1
80.0,:656132414_2,1
80.0,:cluster11510670762_4554226152_0,1
80.0,:cluster619136880_619136881_cluster_4510442270_5296993511_5296993513_619136931_#1more_12,1
80.0,:cluster655375228_655375240_0,1
80.0,:cluster655375228_655375240_13,1
80.0,:cluster655375336_end_0_655375336_end_1_655375336_end_10_655375336_end_11_#8more_10,1
80.0,:cluster655375336_end_0_655375336_end_1_655375336_end_10_655375336_end_11_#8more_12,3
80.0,:cluster655375336_end_0_655375336_end_1_655375336_end_10_655375336_end_11_#8more_25,1
80.0,:cluster_3208478133_655375293_655375296_9631728504_#1more_8,3
80.0,:cluster_3431431575_4777363357_655375231_6982059025_5,1
80.0,:cluster_5372642442_631668976_631668981_631669076_22,1
80.0,:cluster_5372642442_631668976_631668981_631669076_45,2
80.0,:cluster_9383263990_9383263991_9383263992_9383263993_19,1
80.0,E0,4
100.0,-300077497#8,1
100.0,-35274074#2,3
100.0,-360018417,1
100.0,-51362430,12
100.0,-593847703#3,6
100.0,-594658757#2,6
100.0,-E0,19
100.0,1068234498#0,22
100.0,1068234499#0,7
100.0,1068440001,6
100.0,1068440004#1,23
100.0,1068440006#0,4
100.0,1334904386#0,1
100.0,182334378#0,15
100.0,182334379#0,1
100.0,186602412#0,1
100.0,196961377#0,22
100.0,232003903#0,1
100.0,238526531#0,7
100.0,244450512#1,2
100.0,260881642#0,3
100.0,263217603#0,2
100.0,263217604#0,1
100.0,288135626#0,2
100.0,288135628#0,2
100.0,288878926#0,3
100.0,300077497#0,2
100.0,303647015#0,1
100.0,30620492#0,18
100.0,30620492#1,5
100.0,314800955,1
100.0,35274074#0,2
100.0,360843888,1
100.0,484988951#0,4
100.0,48794887#0,3
100.0,49073226#2,1
100.0,49073272#4,3
100.0,49695736#0,7
100.0,506322841#3,1
100.0,506322841#4,1
100.0,506322842#0,9
100.0,506322844#0,2
100.0,506322846#0,8
100.0,506322846#2,5
100.0,506322848#0,1
100.0,506322851#0,3
100.0,506322853#0,1
100.0,51362429#0,15
100.0,51392936#0,1
100.0,593844221#0,1
100.0,593847702#0,6
100.0,593847704#0,3
100.0,593847705,1
100.0,593849711#2,17
100.0,593849718#0,2
100.0,594658760#0,2
100.0,594658762#0,17
100.0,668037874,3
100.0,:2444664370_0,1
100.0,:3208478121_0,1
100.0,:655375233_8,4
100.0,:655375238_5,1
100.0,:655375239_5,1
100.0,:cluster11510670762_4554226152_0,1
100.0,:cluster619136880_619136881_cluster_4510442270_5296993511_5296993513_619136931_#1more_12,1
100.0,:cluster619136880_619136881_cluster_4510442270_5296993511_5296993513_619136931_#1more_8,1
100.0,:cluster622618015_622618108_622618112_622618144_#2more_31,1
100.0,:cluster655375336_end_0_655375336_end_1_655375336_end_10_655375336_end_11_#8more_10,1
100.0,:cluster655375336_end_0_655375336_end_1_655375336_end_10_655375336_end_11_#8more_12,2
100.0,:cluster655375336_end_0_655375336_end_1_655375336_end_10_655375336_end_11_#8more_25,2
100.0,:cluster_2038168688_655375573_21,1
100.0,:cluster_2038168688_655375573_8,1
100.0,:cluster_2528018119_655375236_12,2
100.0,:cluster_2528018119_655375236_20,2
100.0,:cluster_2528018119_655375236_25,2
100.0,:cluster_2528018119_655375236_33,1
100.0,:cluster_2664674491_655375287_655375288_5,1
100.0,:cluster_3208478133_655375293_655375296_9631728504_#1more_8,3
100.0,:cluster_5372642442_631668976_631668981_631669076_47,1
100.0,:cluster_9383263990_9383263991_9383263992_9383263993_7,1
100.0,E0,4
120.0,-300077497#5,5
120.0,-35274074#2,10
120.0,-51362430,15
120.0,-593847703#3,14
120.0,-594658757#2,7
120.0,-E0,19
120.0,1068234498#0,27
120.0,1068234499#0,8
120.0,1068440001,5
120.0,1068440004#1,27
120.0,1068440006#0,3
120.0,1334904386#0,1
120.0,182334378#0,17
120.0,182334379#0,1
120.0,196961377#0,27
120.0,232003903#0,2
120.0,244450512#1,3
120.0,260881642#0,2
120.0,263217603#0,1
120.0,263217604#0,5
120.0,288135626#0,2
120.0,288135628#0,2
120.0,288878926#0,4
120.0,300077497#0,7
120.0,300077497#6,1
120.0,303647015#0,1
120.0,30620492#0,18
120.0,30620492#1,5
120.0,35274074#0,2
120.0,360843888,1
120.0,484988951#0,4
120.0,48794887#0,4
120.0,49073272#4,1
120.0,49695736#0,1
120.0,506322840#0,1
120.0,506322841#3,1
120.0,506322841#4,1
120.0,506322842#0,9
120.0,506322844#0,3
120.0,506322846#0,4
120.0,506322846#2,3
120.0,506322851#0,4
120.0,506322853#0,4
120.0,51362429#0,16
120.0,593844221#0,2
120.0,593847702#0,8
120.0,593847704#0,1
120.0,593847705,1
120.0,593849711#2,18
120.0,593849718#0,2
120.0,594658762#0,24
120.0,668037874,4
120.0,:2444664370_0,1
120.0,:6251747844_2,1
120.0,:655375238_6,1
120.0,:655375241_0,2
120.0,:656132414_2,1
120.0,:cluster11510670762_4554226152_0,1
120.0,:cluster3086736522_655375108_655375247_655375401_#1more_11,1
120.0,:cluster622618015_622618108_622618112_622618144_#2more_39,2
120.0,:cluster_2038168688_655375573_30,1
120.0,:cluster_2528018119_655375236_12,2
120.0,:cluster_2528018119_655375236_28,1
120.0,:cluster_2528018119_655375236_32,1
120.0,:cluster_3208478133_655375293_655375296_9631728504_#1more_8,5
120.0,:cluster_5372642442_631668976_631668981_631669076_36,2
120.0,:cluster_5372642442_631668976_631668981_631669076_47,1
120.0,E0,3
140.0,-300077497#5,2
140.0,-35274074#2,12
140.0,-360018417,5
140.0,-51362430,14
140.0,-593847703#3,16
140.0,-E0,18
140.0,1068234498#0,31
140.0,1068234499#0,13
140.0,1068440001,8
140.0,1068440004#1,33
140.0,1068440006#0,3
140.0,1334904386#0,1
140.0,182334378#0,16
140.0,182334379#0,1
140.0,196961377#0,20
140.0,244450512#1,3
140.0,244450512#5,1
140.0,263217604#0,5
140.0,288135626#0,4
140.0,288135628#0,1
140.0,288878926#0,4
140.0,300077497#0,4
140.0,303647015#0,7
140.0,30620492#0,18
140.0,30620492#1,5
140.0,314800955,1
140.0,35274074#0,5
140.0,484988951#0,4
140.0,48794887#0,4
140.0,49073272#4,2
140.0,49695736#0,7
140.0,506322841#3,1
140.0,506322841#4,1
140.0,506322842#0,12
140.0,506322844#0,5
140.0,506322846#0,2
140.0,506322846#2,4
140.0,506322853#0,9
140.0,51362429#0,12
140.0,51362430,3
140.0,51392936#0,1
140.0,593847702#0,8
140.0,593847703#0,1
140.0,593849711#2,18
140.0,594658762#0,28
140.0,668037874,4
140.0,:1973482489_4,1
140.0,:2444664370_0,1
140.0,:3086736518_0,1
140.0,:3086736518_6,1
140.0,:655375232_2,3
140.0,:655375233_0,1
140.0,:655375238_6,1
140.0,:656132414_2,1
140.0,:cluster11510670762_4554226152_0,2
140.0,:cluster655375228_655375240_0,1
140.0,:cluster655375228_655375240_2,1
140.0,:cluster655375336_end_0_655375336_end_1_655375336_end_10_655375336_end_11_#8more_12,1
140.0,:cluster655375336_end_0_655375336_end_1_655375336_end_10_655375336_end_11_#8more_40,1
140.0,:cluster_2038168688_655375573_23,1
140.0,:cluster_2038168688_655375573_3,1
140.0,:cluster_2038168688_655375573_6,1
140.0,:cluster_2528018119_655375236_17,2
140.0,E0,3
160.0,-35274074#2,10
160.0,-360018417,5
160.0,-51362429#1,1
160.0,-51362430,18
160.0,-593847703#3,19
160.0,-593847704#2,1
160.0,-594658757#2,3
160.0,-E0,19
160.0,1068234498#0,26
160.0,1068234499#0,18
160.0,1068440001,9
160.0,1068440004#1,33
160.0,1068440006#0,3
160.0,1334904386#0,3
160.0,1334905223#0,1
160.0,182334378#0,15
160.0,186602412#0,3
160.0,196961377#0,22
160.0,238526531#0,5
160.0,244450512#1,3
160.0,244450512#4,1
160.0,244450512#5,1
160.0,263217603#0,2
160.0,288135626#0,3
160.0,288135628#0,1
160.0,300077497#0,1
160.0,300077497#6,5
160.0,30620492#0,17
160.0,30620492#1,5
160.0,314800955,1
160.0,484988951#0,3
160.0,48794887#0,4
160.0,49695736#0,10
160.0,506322840#0,1
160.0,506322841#3,1
160.0,506322841#4,1
160.0,506322842#0,22
160.0,506322844#0,6
160.0,506322846#0,7
160.0,506322846#2,9
160.0,506322853#0,9
160.0,51289045#7,1
160.0,51362429#0,14
160.0,51362430,1
160.0,51392936#0,1
160.0,593847702#0,8
160.0,593847703#0,4
160.0,593847704#0,1
160.0,593847705,1
160.0,593849711#2,14
160.0,593849718#0,1
160.0,594658757#0,1
160.0,594658760#0,3
160.0,594658762#0,22
160.0,668037874,3
160.0,:1973482489_3,1
160.0,:2444664370_0,1
160.0,:655375232_11,1
160.0,:655375232_2,2
160.0,:655375232_6,2
160.0,:cluster11510670762_4554226152_0,2
160.0,:cluster619136880_619136881_cluster_4510442270_5296993511_5296993513_619136931_#1more_12,1
160.0,:cluster619136880_619136881_cluster_4510442270_5296993511_5296993513_619136931_#1more_8,1
160.0,:cluster655375228_655375240_0,2
160.0,:cluster655375336_end_0_655375336_end_1_655375336_end_10_655375336_end_11_#8more_12,2
160.0,:cluster655375336_end_0_655375336_end_1_655375336_end_10_655375336_end_11_#8more_40,1
160.0,:cluster_2528018119_655375236_3,1
160.0,:cluster_3431431575_4777363357_655375231_6982059025_7,1
160.0,:cluster_5372642442_631668976_631668981_631669076_22,1
160.0,:cluster_5372642442_631668976_631668981_631669076_45,2
160.0,E0,3
180.0,-35274074#2,10
180.0,-360018417,5
180.0,-51362430,19
180.0,-593847703#3,11
180.0,-594658757#2,10
180.0,-E0,19
180.0,1068234498#0,20
180.0,1068234499#0,18
180.0,1068440001,9
180.0,1068440004#1,33
180.0,1068440006#0,5
180.0,1334904386#0,5
180.0,1334905223#0,1
180.0,182334378#0,11
180.0,186602412#0,5
180.0,196961377#0,26
180.0,238526531#0,12
180.0,244450512#1,3
180.0,244450512#5,2
180.0,263217603#0,1
180.0,288135626#0,4
180.0,288135628#0,2
180.0,300077497#0,2
180.0,300077497#6,5
180.0,30620492#0,18
180.0,30620492#1,5
180.0,35274074#0,2
180.0,484988951#0,3
180.0,48794887#0,3
180.0,49073226#2,5
180.0,49695736#0,11
180.0,506322841#3,1
180.0,506322841#4,1
180.0,506322842#0,24
180.0,506322844#0,6
180.0,506322846#0,1
180.0,506322846#2,16
180.0,506322853#0,9
180.0,51362429#0,17
180.0,593847702#0,8
180.0,593847704#0,2
180.0,593847705,1
180.0,593849711#2,13
180.0,594658757#0,1
180.0,594658760#0,3
180.0,594658762#0,18
180.0,668037874,3
180.0,:2444664370_0,1
180.0,:3086736518_4,1
180.0,:655375232_2,2
180.0,:655375232_6,1
180.0,:655375232_8,1
180.0,:655375233_4,5
180.0,:cluster11510670762_4554226152_0,2
180.0,:cluster655375228_655375240_13,1
180.0,:cluster_5372642442_631668976_631668981_631669076_45,2
180.0,E0,4
200.0,-300077497#5,5
200.0,-35274074#2,12
200.0,-51362430,19
200.0,-593847703#3,21
200.0,-594658757#2,10
200.0,-E0,19
200.0,1068234498#0,26
200.0,1068234499#0,11
200.0,1068440001,9
200.0,1068440004#1,29
200.0,1068440006#0,4
200.0,1334904386#0,1
200.0,182334378#0,18
200.0,196961377#0,27
200.0,238526531#0,7
200.0,244450512#1,3
200.0,244450512#5,2
200.0,263217603#0,1
200.0,263217604#0,2
200.0,288135626#0,2
200.0,288135628#0,2
200.0,300077497#0,6
200.0,300077497#6,5
200.0,303647015#0,4
200.0,30620492#0,18
200.0,30620492#1,5
200.0,314800955,1
200.0,35274074#0,3
200.0,484988951#0,4
200.0,48794887#0,2
200.0,49073226#2,6
200.0,49073272#4,4
200.0,49695736#0,2
200.0,506322840#0,1
200.0,506322841#4,2
200.0,506322842#0,15
200.0,506322844#0,1
200.0,506322846#0,8
200.0,506322846#2,4
200.0,506322848#0,1
200.0,506322851#0,2
200.0,506322851#2,1
200.0,506322853#0,9
200.0,51362429#0,17
200.0,51362430,1
200.0,51392936#0,1
200.0,593847704#0,2
200.0,593847705,1
200.0,593849711#2,15
200.0,593849718#0,3
200.0,594658757#0,1
200.0,594658760#0,2
200.0,594658762#0,24
200.0,668037874,4
200.0,:2444664370_0,2
200.0,:3086736518_4,1
200.0,:655375232_2,2
200.0,:655375232_6,1
200.0,:655375232_8,2
200.0,:655375233_4,4
200.0,:655375233_8,5
200.0,:655375238_1,1
200.0,:655375239_5,1
200.0,:655375239_6,1
200.0,:655375241_0,1
200.0,:cluster11510670762_4554226152_0,2
200.0,:cluster655375336_end_0_655375336_end_1_655375336_end_10_655375336_end_11_#8more_40,1
200.0,:cluster_2038168688_655375573_12,1
200.0,:cluster_2038168688_655375573_30,1
200.0,:cluster_2528018119_655375236_12,2
200.0,:cluster_2528018119_655375236_20,1
200.0,:cluster_2528018119_655375236_8,2
200.0,:cluster_3208478133_655375293_655375296_9631728504_#1more_10,1
200.0,:cluster_5372642442_631668976_631668981_631669076_33,1
200.0,:cluster_9383263990_9383263991_9383263992_9383263993_7,1
200.0,E0,3
220.0,-300077497#5,8
220.0,-35274074#2,12
220.0,-360018417,2
220.0,-51362430,19
220.0,-593847703#3,26
220.0,-594658757#2,4
220.0,-E0,19
220.0,1068234498#0,31
220.0,1068234499#0,7
220.0,1068440001,9
220.0,1068440004#1,30
220.0,1239087514,1
220.0,1334904386#0,2
220.0,1334905223#0,1
220.0,182334378#0,22
220.0,196961377#0,23
220.0,238526531#0,7
220.0,244450512#1,3
220.0,244450512#5,2
220.0,263217603#0,2
220.0,263217604#0,3
220.0,288135626#0,3
220.0,288135628#0,2
220.0,300077497#0,10
220.0,300077497#6,1
220.0,303647015#0,4
220.0,30620492#0,18
220.0,30620492#1,5
220.0,314800955,1
220.0,35274074#0,6
220.0,484988951#0,4
220.0,48794887#0,4
220.0,49073226#2,6
220.0,49073272#3,1
220.0,49073272#4,1
220.0,506322841#4,2
220.0,506322842#0,15
220.0,506322844#0,5
220.0,506322846#2,5
220.0,506322847#0,1
220.0,506322851#0,7
220.0,506322851#2,2
220.0,506322853#0,13
220.0,51362429#0,18
220.0,51362430,4
220.0,51392936#0,1
220.0,593847705,1
220.0,593849711#2,17
220.0,593849718#0,1
220.0,594658757#0,1
220.0,594658762#0,31
220.0,668037874,4
220.0,:3086736518_4,1
220.0,:619136999_2,1
220.0,:655375232_2,2
220.0,:655375232_6,1
220.0,:655375232_8,2
220.0,:655375233_4,4
220.0,:655375233_8,6
220.0,:655375238_6,1
220.0,:655375239_3,1
220.0,:cluster11510670762_4554226152_0,2
220.0,:cluster3086736522_655375108_655375247_655375401_#1more_11,2
220.0,:cluster655375336_end_0_655375336_end_1_655375336_end_10_655375336_end_11_#8more_42,1
220.0,:cluster655375336_end_0_655375336_end_1_655375336_end_10_655375336_end_11_#8more_47,1
220.0,:cluster_2038168688_655375573_30,1
220.0,:cluster_2528018119_655375236_29,2
220.0,:cluster_2528018119_655375236_33,1
220.0,E0,4
240.0,-300077497#5,5
240.0,-35274074#2,12
240.0,-360018417,5
240.0,-506322847#4,1
240.0,-51362430,19
240.0,-593847703#3,30
240.0,-E0,18
240.0,1068234498#0,28
240.0,1068234499#0,12
240.0,1068440001,5
240.0,1068440004#1,32
240.0,1334904386#0,2
240.0,1334905223#0,1
240.0,182334378#0,23
240.0,196961377#0,19
240.0,232003903#0,2
240.0,238526531#0,8
240.0,244450512#1,3
240.0,260881642#0,3
240.0,263217603#0,2
240.0,288135626#0,2
240.0,288135628#0,2
240.0,300077497#0,3
240.0,300077497#6,3
240.0,303647015#0,4
240.0,30620492#0,18
240.0,30620492#1,5
240.0,35274074#0,3
240.0,360018417,1
240.0,360843888,1
240.0,484988951#0,5
240.0,48794887#0,3
240.0,49073226#2,6
240.0,49695736#0,2
240.0,506322840#0,1
240.0,506322841#4,2
240.0,506322842#0,15
240.0,506322844#0,5
240.0,506322846#0,4
240.0,506322846#2,2
240.0,506322851#2,3
240.0,506322853#0,19
240.0,51362429#0,17
240.0,51362430,6
240.0,593844221#0,1
240.0,593849711#2,17
240.0,594658757#0,1
240.0,594658760#0,2
240.0,594658762#0,27
240.0,668037874,4
240.0,:3086736518_4,1
240.0,:3086736518_6,1
240.0,:655375232_2,3
240.0,:655375232_6,1
240.0,:655375232_8,2
240.0,:655375233_0,1
240.0,:655375233_4,4
240.0,:655375233_8,6
240.0,:cluster11510670762_4554226152_0,1
240.0,:cluster3086736522_655375108_655375247_655375401_#1more_17,1
240.0,:cluster655375228_655375240_0,1
240.0,:cluster655375228_655375240_13,1
240.0,:cluster_2038168688_655375573_23,1
240.0,:cluster_2038168688_655375573_3,1
240.0,:cluster_2038168688_655375573_30,1
240.0,:cluster_2038168688_655375573_6,2
240.0,:cluster_3208478133_655375293_655375296_9631728504_#1more_8,4
240.0,:cluster_5372642442_631668976_631668981_631669076_22,2
240.0,:cluster_5372642442_631668976_631668981_631669076_26,1
240.0,:cluster_5372642442_631668976_631668981_631669076_45,1
240.0,E0,2
240.0,E1,1
260.0,-300077497#5,2
260.0,-35274074#2,12
260.0,-360018417,5
260.0,-51362430,14
260.0,-593847703#3,33
260.0,-E0,18
260.0,1068234498#0,24
260.0,1068234499#0,15
260.0,1068440001,5
260.0,1068440004#1,32
260.0,1334904386#0,2
260.0,1334905223#0,2
260.0,182334378#0,23
260.0,186602412#0,5
260.0,196961377#0,25
260.0,232003903#0,2
260.0,238526531#0,15
260.0,244450512#1,2
260.0,260881642#0,2
260.0,263217603#0,2
260.0,288135628#0,2
260.0,300077497#0,2
260.0,300077497#6,5
260.0,30620492#0,18
260.0,30620492#1,5
260.0,314800955,1
260.0,360843888,2
260.0,484988951#0,4
260.0,48794887#0,4
260.0,49073226#2,6
260.0,49695736#0,9
260.0,506322840#0,1
260.0,506322841#4,1
260.0,506322842#0,15
260.0,506322844#0,5
260.0,506322846#0,4
260.0,506322846#2,2
260.0,506322851#2,3
260.0,506322853#0,19
260.0,51362429#0,16
260.0,51362430,5
260.0,51392936#0,1
260.0,593844221#0,1
260.0,593849711#2,17
260.0,594658757#0,1
260.0,594658760#0,2
260.0,594658762#0,19
260.0,668037874,4
260.0,:1973482489_3,1
260.0,:2444664370_0,1
260.0,:3086736518_0,1
260.0,:3086736518_4,1
260.0,:3086736518_6,1
260.0,:655375232_2,4
260.0,:655375232_6,1
260.0,:655375232_8,2
260.0,:655375233_0,2
260.0,:655375233_4,4
260.0,:655375233_8,6
260.0,:656132414_2,1
260.0,:cluster11510670762_4554226152_0,1
260.0,:cluster622618015_622618108_622618112_622618144_#2more_49,1
260.0,:cluster655375228_655375240_0,2
260.0,:cluster655375336_end_0_655375336_end_1_655375336_end_10_655375336_end_11_#8more_12,1
260.0,:cluster655375336_end_0_655375336_end_1_655375336_end_10_655375336_end_11_#8more_25,1
260.0,:cluster655375336_end_0_655375336_end_1_655375336_end_10_655375336_end_11_#8more_40,1
260.0,:cluster_2038168688_655375573_24,1
260.0,:cluster_2038168688_655375573_6,1
260.0,:cluster_2664674491_655375287_655375288_5,1
260.0,:cluster_3208478133_655375293_655375296_9631728504_#1more_8,2
260.0,:cluster_5372642442_631668976_631668981_631669076_45,2
260.0,:cluster_9383263990_9383263991_9383263992_9383263993_19,1
260.0,E0,3
280.0,-300077497#5,3
280.0,-300077497#8,1
280.0,-35274074#2,12
280.0,-360018417,1
280.0,-51362430,13
280.0,-593847703#3,33
280.0,-593847705,1
280.0,-594658757#2,2
280.0,-E0,19
280.0,1068234498#0,23
280.0,1068234499#0,12
280.0,1068440001,6
280.0,1068440004#1,32
280.0,1334904386#0,1
280.0,182334378#0,19
280.0,186602412#0,5
280.0,196961377#0,27
280.0,232003903#0,2
280.0,238526531#0,17
280.0,244450512#1,3
280.0,260881642#0,3
280.0,263217603#0,2
280.0,288135628#0,2
280.0,300077497#0,5
280.0,300077497#6,5
280.0,303647015#0,2
280.0,30620492#0,18
280.0,30620492#1,5
280.0,314800955,1
280.0,360843888,2
280.0,484988951#0,5
280.0,48794887#0,3
280.0,49073226#2,7
280.0,49073272#4,3
280.0,49695736#0,6
280.0,506322841#4,1
280.0,506322842#0,15
280.0,506322844#0,2
280.0,506322846#2,2
280.0,506322848#0,2
280.0,506322851#2,3
280.0,506322853#0,19
280.0,51362429#0,17
280.0,51362430,3
280.0,51392936#0,1
280.0,593844221#0,1
280.0,593849711#2,15
280.0,594658757#0,1
280.0,594658760#0,2
280.0,594658762#0,22
280.0,668037874,4
280.0,:2444664370_0,1
280.0,:3086736518_0,1
280.0,:3086736518_4,2
280.0,:3086736518_6,1
280.0,:3208478121_0,1
280.0,:655375232_2,4
280.0,:655375232_6,3
280.0,:655375232_8,2
280.0,:655375233_0,2
280.0,:655375233_2,1
280.0,:655375233_4,3
280.0,:655375233_8,6
280.0,:655375238_5,1
280.0,:655375239_5,1
280.0,:cluster11510670762_4554226152_0,1
280.0,:cluster655375336_end_0_655375336_end_1_655375336_end_10_655375336_end_11_#8more_10,1
280.0,:cluster655375336_end_0_655375336_end_1_655375336_end_10_655375336_end_11_#8more_12,1
280.0,:cluster655375336_end_0_655375336_end_1_655375336_end_10_655375336_end_11_#8more_25,2
280.0,:cluster655375336_end_0_655375336_end_1_655375336_end_10_655375336_end_11_#8more_39,1
280.0,:cluster_2528018119_655375236_12,2
280.0,:cluster_2528018119_655375236_20,1
280.0,:cluster_2528018119_655375236_33,1
280.0,:cluster_3208478133_655375293_655375296_9631728504_#1more_8,3
280.0,:cluster_9383263990_9383263991_9383263992_9383263993_7,1
280.0,E0,3
300.0,-300077497#5,11
300.0,-300077497#8,1
300.0,-35274074#2,12
300.0,-51362430,11
300.0,-593847703#3,34
300.0,-593847705,1
300.0,-594658757#2,2
300.0,-E0,19
300.0,1068234498#0,30
300.0,1068234499#0,13
300.0,1068440001,6
300.0,1068440004#1,32
300.0,1334904386#0,1
300.0,182334378#0,21
300.0,196961377#0,27
300.0,232003903#0,2
300.0,238526531#0,17
300.0,244450512#1,3
300.0,260881642#0,2
300.0,263217603#0,1
300.0,288135628#0,1
300.0,300077497#0,12
300.0,300077497#6,5
300.0,303647015#0,1
300.0,30620492#0,18
300.0,30620492#1,5
300.0,360843888,2
300.0,484988951#0,5
300.0,48794887#0,2
300.0,49073226#2,7
300.0,49695736#0,6
300.0,506322841#4,1
300.0,506322842#0,15
300.0,506322844#0,3
300.0,506322846#2,2
300.0,506322851#2,3
300.0,506322853#0,19
300.0,51362429#0,17
300.0,51362430,3
300.0,593844221#0,2
300.0,593847702#0,1
300.0,593849711#2,16
300.0,594658757#0,1
300.0,594658762#0,29
300.0,668037874,4
300.0,:3086736518_0,1
300.0,:3086736518_4,2
300.0,:3086736518_6,1
300.0,:655375232_2,4
300.0,:655375232_6,3
300.0,:655375232_8,2
300.0,:655375233_0,2
300.0,:655375233_4,3
300.0,:655375233_8,6
300.0,:656132414_2,1
300.0,:cluster11510670762_4554226152_0,1
300.0,:cluster3086736522_655375108_655375247_655375401_#1more_11,1
300.0,:cluster655375336_end_0_655375336_end_1_655375336_end_10_655375336_end_11_#8more_13,1
300.0,:cluster655375336_end_0_655375336_end_1_655375336_end_10_655375336_end_11_#8more_18,1
300.0,:cluster655375336_end_0_655375336_end_1_655375336_end_10_655375336_end_11_#8more_39,1
300.0,:cluster_2528018119_655375236_12,2
300.0,:cluster_2528018119_655375236_20,1
300.0,:cluster_3208478133_655375293_655375296_9631728504_#1more_8,3
300.0,E0,3
320.0,-300077497#5,11
320.0,-35274074#2,12
320.0,-360018417,5
320.0,-51362430,16
320.0,-593847703#3,34
320.0,-593847705,1
320.0,-E0,19
320.0,1068234498#0,35
320.0,1068234499#0,13
320.0,1068440001,7
320.0,1068440004#1,32
320.0,1334904386#0,1
320.0,182334378#0,19
320.0,196961377#0,20
320.0,238526531#0,17
320.0,244450512#1,3
320.0,244450512#4,1
320.0,244450512#5,1
320.0,263217603#0,1
320.0,300077497#0,12
320.0,303647015#0,2
320.0,30620492#0,18
320.0,30620492#1,5
320.0,35274074#0,2
320.0,484988951#0,5
320.0,49073226#2,7
320.0,49073272#4,2
320.0,49695736#0,6
320.0,506322842#0,15
320.0,506322844#0,6
320.0,506322846#2,3
320.0,506322851#2,3
320.0,506322853#0,19
320.0,51362429#0,17
320.0,51362430,6
320.0,593844221#0,1
320.0,593847702#0,1
320.0,593849711#2,16
320.0,594658757#0,1
320.0,594658762#0,31
320.0,668037874,4
320.0,:3086736518_0,1
320.0,:3086736518_4,2
320.0,:3086736518_6,1
320.0,:655375232_2,4
320.0,:655375232_6,3
320.0,:655375232_8,2
320.0,:655375233_0,2
320.0,:655375233_4,3
320.0,:655375233_8,6
320.0,:655375238_6,1
320.0,:656132414_3,1
320.0,:cluster11510670762_4554226152_0,2
320.0,:cluster655375228_655375240_0,1
320.0,:cluster655375336_end_0_655375336_end_1_655375336_end_10_655375336_end_11_#8more_12,2
320.0,:cluster655375336_end_0_655375336_end_1_655375336_end_10_655375336_end_11_#8more_18,1
320.0,:cluster655375336_end_0_655375336_end_1_655375336_end_10_655375336_end_11_#8more_25,2
320.0,:cluster655375336_end_0_655375336_end_1_655375336_end_10_655375336_end_11_#8more_39,1
320.0,:cluster_2528018119_655375236_17,1
320.0,E1,1
340.0,-300077497#5,11
340.0,-35274074#2,12
340.0,-360018417,5
340.0,-51362430,17
340.0,-593847703#3,35
340.0,-593847705,1
340.0,-594658757#2,2
340.0,-E0,19
340.0,1068234498#0,28
340.0,1068234499#0,14
340.0,1068440001,9
340.0,1068440004#1,32
340.0,1334904386#0,1
340.0,1334905223#0,2
340.0,182334378#0,17
340.0,186602412#0,1
340.0,196961377#0,22
340.0,238526531#0,21
340.0,244450512#1,3
340.0,244450512#5,2
340.0,263217603#0,1
340.0,288135626#0,2
340.0,288878926#0,3
340.0,300077497#0,4
340.0,30620492#0,18
340.0,30620492#1,5
340.0,35274074#0,2
340.0,484988951#0,5
340.0,49073226#2,2
340.0,49695736#0,9
340.0,506322842#0,15
340.0,506322844#0,6
340.0,506322846#0,3
340.0,506322846#2,2
340.0,506322851#2,3
340.0,506322853#0,19
340.0,51362429#0,17
340.0,51362430,7
340.0,593847702#0,1
340.0,593849711#2,16
340.0,594658757#0,1
340.0,594658762#0,23
340.0,668037874,3
340.0,:1973482489_3,1
340.0,:3086736518_0,1
340.0,:3086736518_4,2
340.0,:3086736518_6,1
340.0,:655375232_2,4
340.0,:655375232_6,3
340.0,:655375232_8,2
340.0,:655375233_0,2
340.0,:655375233_4,3
340.0,:655375233_8,6
340.0,:655375238_6,1
340.0,:cluster11510670762_4554226152_0,2
340.0,:cluster619136880_619136881_cluster_4510442270_5296993511_5296993513_619136931_#1more_12,1
340.0,:cluster619136880_619136881_cluster_4510442270_5296993511_5296993513_619136931_#1more_8,1
340.0,:cluster622618015_622618108_622618112_622618144_#2more_2,1
340.0,:cluster622618015_622618108_622618112_622618144_#2more_45,1
340.0,:cluster655375228_655375240_2,1
340.0,:cluster655375336_end_0_655375336_end_1_655375336_end_10_655375336_end_11_#8more_10,1
340.0,:cluster655375336_end_0_655375336_end_1_655375336_end_10_655375336_end_11_#8more_12,1
340.0,:cluster655375336_end_0_655375336_end_1_655375336_end_10_655375336_end_11_#8more_18,1
340.0,:cluster655375336_end_0_655375336_end_1_655375336_end_10_655375336_end_11_#8more_39,1
340.0,:cluster_2038168688_655375573_23,1
340.0,:cluster_2038168688_655375573_3,1
340.0,:cluster_2038168688_655375573_6,1
340.0,:cluster_5372642442_631668976_631668981_631669076_26,1
340.0,:cluster_5372642442_631668976_631668981_631669076_45,2
340.0,E1,1
360.0,-300077497#5,11
360.0,-35274074#2,10
360.0,-360018417,5
360.0,-51362430,19
360.0,-593847703#3,35
360.0,-593847705,1
360.0,-594658757#2,2
360.0,-E0,19
360.0,1068234498#0,20
360.0,1068234499#0,14
360.0,1068440001,9
360.0,1068440004#1,32
360.0,1334904386#0,1
360.0,1334905223#0,2
360.0,182334378#0,17
360.0,186602412#0,5
360.0,196961377#0,26
360.0,238526531#0,30
360.0,244450512#1,3
360.0,244450512#5,2
360.0,263217603#0,1
360.0,288135626#0,2
360.0,288878926#0,3
360.0,300077497#6,4
360.0,30620492#0,18
360.0,30620492#1,5
360.0,484988951#0,5
360.0,49695736#0,9
360.0,506322842#0,15
360.0,506322844#0,6
360.0,506322846#0,5
360.0,506322846#2,3
360.0,506322851#2,3
360.0,506322853#0,19
360.0,51362429#0,17
360.0,51362430,7
360.0,593847702#0,1
360.0,593849711#2,16
360.0,593849718#0,1
360.0,594658757#0,1
360.0,594658762#0,18
360.0,668037874,4
360.0,:2444664370_0,1
360.0,:3086736518_0,1
360.0,:3086736518_4,2
360.0,:3086736518_6,1
360.0,:655375232_2,4
360.0,:655375232_6,3
360.0,:655375232_8,2
360.0,:655375233_0,2
360.0,:655375233_4,3
360.0,:655375233_8,6
360.0,:cluster11510670762_4554226152_0,2
360.0,:cluster655375228_655375240_2,1
360.0,:cluster655375336_end_0_655375336_end_1_655375336_end_10_655375336_end_11_#8more_10,1
360.0,:cluster655375336_end_0_655375336_end_1_655375336_end_10_655375336_end_11_#8more_12,1
360.0,:cluster655375336_end_0_655375336_end_1_655375336_end_10_655375336_end_11_#8more_18,1
360.0,:cluster655375336_end_0_655375336_end_1_655375336_end_10_655375336_end_11_#8more_39,1
360.0,:cluster_2038168688_655375573_23,1
360.0,:cluster_5372642442_631668976_631668981_631669076_45,1
360.0,E1,1
380.0,-1334905223#2,2
380.0,-300077497#5,16
380.0,-300077497#8,1
380.0,-35274074#2,12
380.0,-51362430,19
380.0,-593847703#3,36
380.0,-593847705,1
380.0,-594658757#2,2
380.0,-E0,19
380.0,1068234498#0,23
380.0,1068234499#0,12
380.0,1068440001,9
380.0,1068440004#1,32
380.0,182334378#0,20
380.0,186602412#0,5
380.0,196961377#0,28
380.0,238526531#0,19
380.0,244450512#1,3
380.0,244450512#5,2
380.0,263217603#0,4
380.0,263217604#0,1
380.0,288135626#0,1
380.0,288878926#0,3
380.0,300077497#0,6
380.0,300077497#6,4
380.0,30620492#0,18
380.0,30620492#1,5
380.0,484988951#0,5
380.0,49073272#4,4
380.0,49695736#0,1
380.0,506322840#0,2
380.0,506322842#0,16
380.0,506322844#0,2
380.0,506322846#2,2
380.0,506322848#0,3
380.0,506322851#2,3
380.0,506322853#0,18
380.0,51362429#0,17
380.0,51362430,7
380.0,593849711#2,16
380.0,594658757#0,1
380.0,594658762#0,24
380.0,668037874,4
380.0,:2444664370_0,1
380.0,:3086736518_0,1
380.0,:3086736518_4,2
380.0,:3086736518_6,1
380.0,:655375232_2,4
380.0,:655375232_6,3
380.0,:655375232_8,2
380.0,:655375233_0,2
380.0,:655375233_4,3
380.0,:655375233_8,6
380.0,:655375239_5,1
380.0,:655375241_0,2
380.0,:cluster11510670762_4554226152_0,2
380.0,:cluster655375336_end_0_655375336_end_1_655375336_end_10_655375336_end_11_#8more_10,1
380.0,:cluster655375336_end_0_655375336_end_1_655375336_end_10_655375336_end_11_#8more_12,1
380.0,:cluster655375336_end_0_655375336_end_1_655375336_end_10_655375336_end_11_#8more_18,1
380.0,:cluster655375336_end_0_655375336_end_1_655375336_end_10_655375336_end_11_#8more_39,1
380.0,:cluster_2038168688_655375573_21,1
380.0,:cluster_2528018119_655375236_12,2
380.0,:cluster_2528018119_655375236_20,1
380.0,:cluster_2528018119_655375236_33,1
380.0,:cluster_9383263990_9383263991_9383263992_9383263993_7,1
400.0,-1334905223#2,1
400.0,-300077497#5,19
400.0,-35274074#2,12
400.0,-360018417,2
400.0,-51362430,19
400.0,-593847703#3,36
400.0,-593847705,1
400.0,-E0,19
400.0,1068234498#0,31
400.0,1068234499#0,9
400.0,1068440001,9
400.0,1068440004#1,32
400.0,182334378#0,25
400.0,196961377#0,23
400.0,196961377#3,1
400.0,238526531#0,19
400.0,244450512#1,3
400.0,244450512#5,2
400.0,263217603#0,1
400.0,263217604#0,2
400.0,288878926#0,3
400.0,300077497#0,9
400.0,300077497#6,1
400.0,303647015#0,2
400.0,30620492#0,18
400.0,30620492#1,5
400.0,35274074#0,3
400.0,484988951#0,5
400.0,49073272#4,1
400.0,506322842#0,17
400.0,506322844#0,5
400.0,506322846#2,3
400.0,506322851#2,2
400.0,506322853#0,19
400.0,51362429#0,17
400.0,51362430,7
400.0,593849711#2,16
400.0,594658757#0,1
400.0,594658762#0,31
400.0,668037874,4
400.0,:2444664370_0,1
400.0,:3086736518_0,1
400.0,:3086736518_4,2
400.0,:3086736518_6,1
400.0,:619136999_2,1
400.0,:655375232_2,4
400.0,:655375232_6,3
400.0,:655375232_8,2
400.0,:655375233_0,2
400.0,:655375233_4,3
400.0,:655375233_8,6
400.0,:655375239_3,1
400.0,:cluster11510670762_4554226152_0,2
400.0,:cluster655375336_end_0_655375336_end_1_655375336_end_10_655375336_end_11_#8more_10,1
400.0,:cluster655375336_end_0_655375336_end_1_655375336_end_10_655375336_end_11_#8more_12,1
400.0,:cluster655375336_end_0_655375336_end_1_655375336_end_10_655375336_end_11_#8more_18,1
400.0,:cluster655375336_end_0_655375336_end_1_655375336_end_10_655375336_end_11_#8more_39,1
400.0,:cluster_2038168688_655375573_30,1
400.0,:cluster_2528018119_655375236_29,1
400.0,:cluster_2528018119_655375236_33,1
420.0,-300077497#5,19
420.0,-35274074#2,12
420.0,-360018417,5
420.0,-51362430,18
420.0,-593847703#3,36
420.0,-593847704#2,1
420.0,-593847705,1
420.0,-E0,19
420.0,1068234498#0,29
420.0,1068234499#0,10
420.0,1068440001,6
420.0,1068440004#1,32
420.0,1239087514,1
420.0,1334905223#0,2
420.0,182334378#0,25
420.0,196961377#0,20
420.0,238526531#0,21
420.0,244450512#1,3
420.0,260881642#0,3
420.0,288135626#0,2
420.0,288878926#0,1
420.0,300077497#0,1
420.0,300077497#6,4
420.0,30620492#0,18
420.0,30620492#1,5
420.0,360843888,1
420.0,484988951#0,5
420.0,506322840#0,1
420.0,506322842#0,18
420.0,506322844#0,5
420.0,506322846#0,3
420.0,506322846#2,2
420.0,506322851#2,2
420.0,506322853#0,19
420.0,51362429#0,17
420.0,51362430,8
420.0,593844221#0,1
420.0,593849711#2,16
420.0,594658757#0,2
420.0,594658762#0,26
420.0,668037874,4
420.0,:3086736518_0,1
420.0,:3086736518_4,2
420.0,:3086736518_6,1
420.0,:655375232_2,4
420.0,:655375232_6,3
420.0,:655375232_8,2
420.0,:655375233_0,2
420.0,:655375233_4,3
420.0,:655375233_8,6
420.0,:655375238_0,1
420.0,:656132414_2,1
420.0,:cluster622618015_622618108_622618112_622618144_#2more_2,1
420.0,:cluster622618015_622618108_622618112_622618144_#2more_26,1
420.0,:cluster655375228_655375240_0,1
420.0,:cluster655375228_655375240_2,1
420.0,:cluster655375336_end_0_655375336_end_1_655375336_end_10_655375336_end_11_#8more_10,1
420.0,:cluster655375336_end_0_655375336_end_1_655375336_end_10_655375336_end_11_#8more_12,1
420.0,:cluster655375336_end_0_655375336_end_1_655375336_end_10_655375336_end_11_#8more_18,1
420.0,:cluster655375336_end_0_655375336_end_1_655375336_end_10_655375336_end_11_#8more_39,1
420.0,:cluster_2038168688_655375573_23,1
420.0,:cluster_2038168688_655375573_3,1
420.0,:cluster_2038168688_655375573_30,1
420.0,:cluster_2038168688_655375573_6,2
420.0,:cluster_2528018119_655375236_33,1
420.0,:cluster_3208478133_655375293_655375296_9631728504_#1more_8,4
420.0,:cluster_5372642442_631668976_631668981_631669076_26,1
420.0,:cluster_5372642442_631668976_631668981_631669076_45,1
420.0,E1,1
440.0,-300077497#5,19
440.0,-35274074#2,12
440.0,-360018417,5
440.0,-51362430,15
440.0,-593847703#3,36
440.0,-593847705,1
440.0,-E0,19
440.0,1068234498#0,27
440.0,1068234499#0,13
440.0,1068440001,7
440.0,1068440004#1,32
440.0,1334905223#0,1
440.0,182334378#0,25
440.0,186602412#0,5
440.0,196961377#0,25
440.0,238526531#0,27
440.0,244450512#1,1
440.0,260881642#0,3
440.0,300077497#0,1
440.0,300077497#6,5
440.0,30620492#0,18
440.0,30620492#1,5
440.0,360843888,1
440.0,484988951#0,5
440.0,506322842#0,18
440.0,506322844#0,5
440.0,506322846#2,2
440.0,506322851#2,2
440.0,506322853#0,19
440.0,51362429#0,17
440.0,51362430,9
440.0,593849711#2,16
440.0,594658757#0,2
440.0,594658762#0,18
440.0,668037874,3
440.0,:3086736518_0,1
440.0,:3086736518_4,2
440.0,:3086736518_6,1
440.0,:655375232_2,4
440.0,:655375232_6,3
440.0,:655375232_8,2
440.0,:655375233_0,2
440.0,:655375233_4,3
440.0,:655375233_8,6
440.0,:656132414_2,1
440.0,:cluster11510670762_4554226152_0,1
440.0,:cluster619136880_619136881_cluster_4510442270_5296993511_5296993513_619136931_#1more_12,1
440.0,:cluster655375228_655375240_0,1
440.0,:cluster655375228_655375240_13,1
440.0,:cluster655375336_end_0_655375336_end_1_655375336_end_10_655375336_end_11_#8more_10,1
440.0,:cluster655375336_end_0_655375336_end_1_655375336_end_10_655375336_end_11_#8more_12,1
440.0,:cluster655375336_end_0_655375336_end_1_655375336_end_10_655375336_end_11_#8more_18,1
440.0,:cluster655375336_end_0_655375336_end_1_655375336_end_10_655375336_end_11_#8more_25,2
440.0,:cluster655375336_end_0_655375336_end_1_655375336_end_10_655375336_end_11_#8more_39,1
440.0,:cluster_2038168688_655375573_30,1
440.0,:cluster_2038168688_655375573_6,2
440.0,:cluster_2528018119_655375236_33,1
440.0,:cluster_2664674491_655375287_655375288_5,1
440.0,:cluster_3208478133_655375293_655375296_9631728504_#1more_8,4
440.0,:cluster_5372642442_631668976_631668981_631669076_45,1
440.0,:cluster_9383263990_9383263991_9383263992_9383263993_19,1
440.0,E1,1
460.0,-300077497#5,20
460.0,-300077497#8,1
460.0,-35274074#2,12
460.0,-360018417,1
460.0,-51362430,15
460.0,-593847703#3,36
460.0,-593847705,1
460.0,-E0,19
460.0,1068234498#0,25
460.0,1068234499#0,11
460.0,1068440001,4
460.0,1068440004#1,32
460.0,182334378#0,25
460.0,182334379#0,1
460.0,196961377#0,27
460.0,238526531#0,27
460.0,244450512#1,2
460.0,260881642#0,3
460.0,263217603#0,1
460.0,288135626#0,2
460.0,300077497#0,4
460.0,300077497#6,5
460.0,30620492#0,17
460.0,30620492#1,5
460.0,360843888,1
460.0,484988951#0,4
460.0,49073272#4,3
460.0,49695736#0,4
460.0,506322842#0,18
460.0,506322844#0,2
460.0,506322846#2,3
460.0,506322851#2,2
460.0,506322853#0,19
460.0,51362429#0,16
460.0,51362430,9
460.0,593844221#0,1
460.0,593847703#0,1
460.0,593849711#2,16
460.0,594658757#0,2
460.0,594658762#0,20
460.0,668037874,4
460.0,:2444664370_0,1
460.0,:3086736518_0,2
460.0,:3086736518_4,2
460.0,:3086736518_6,1
460.0,:3208478121_0,1
460.0,:655375232_2,3
460.0,:655375232_6,3
460.0,:655375232_8,2
460.0,:655375233_0,2
460.0,:655375233_4,3
460.0,:655375233_8,6
460.0,:655375238_5,1
460.0,:655375239_5,2
460.0,:cluster11510670762_4554226152_0,1
460.0,:cluster655375336_end_0_655375336_end_1_655375336_end_10_655375336_end_11_#8more_10,1
460.0,:cluster655375336_end_0_655375336_end_1_655375336_end_10_655375336_end_11_#8more_12,1
460.0,:cluster655375336_end_0_655375336_end_1_655375336_end_10_655375336_end_11_#8more_18,1
460.0,:cluster655375336_end_0_655375336_end_1_655375336_end_10_655375336_end_11_#8more_25,2
460.0,:cluster655375336_end_0_655375336_end_1_655375336_end_10_655375336_end_11_#8more_39,1
460.0,:cluster_2038168688_655375573_30,1
460.0,:cluster_2038168688_655375573_6,2
460.0,:cluster_2038168688_655375573_9,1
460.0,:cluster_2528018119_655375236_12,2
460.0,:cluster_2528018119_655375236_20,1
460.0,:cluster_2528018119_655375236_33,1
460.0,:cluster_2664674491_655375287_655375288_5,1
460.0,:cluster_3208478133_655375293_655375296_9631728504_#1more_8,1
460.0,:cluster_3431431575_4777363357_655375231_6982059025_5,1
460.0,:cluster_9383263990_9383263991_9383263992_9383263993_7,1
480.0,-1334905223#2,1
480.0,-300077497#5,27
480.0,-300077497#8,2
480.0,-35274074#2,12
480.0,-51362430,11
480.0,-593847703#3,36
480.0,-593847705,1
480.0,-E0,19
480.0,1068234498#0,27
480.0,1068234499#0,12
480.0,1068440001,3
480.0,1068440004#1,32
480.0,1068440006#0,1
480.0,182334378#0,25
480.0,182334379#0,2
480.0,196961377#0,27
480.0,238526531#0,25
480.0,244450512#1,3
480.0,260881642#0,3
480.0,263217603#0,1
480.0,300077497#0,10
480.0,300077497#6,5
480.0,30620492#0,18
480.0,30620492#1,5
480.0,360843888,1
480.0,484988951#0,5
480.0,49073226#2,1
480.0,49695736#0,6
480.0,506322842#0,18
480.0,506322844#0,3
480.0,506322846#2,2
480.0,506322848#0,1
480.0,506322851#2,2
480.0,506322853#0,19
480.0,51362429#0,17
480.0,51362430,7
480.0,593847703#0,1
480.0,593849711#2,16
480.0,594658757#0,1
480.0,594658762#0,27
480.0,668037874,4
480.0,:2444664370_0,2
480.0,:3086736518_0,2
480.0,:3086736518_4,2
480.0,:3086736518_6,1
480.0,:655375232_2,3
480.0,:655375232_6,2
480.0,:655375232_8,2
480.0,:655375233_0,2
480.0,:655375233_4,3
480.0,:655375233_8,6
480.0,:655375241_0,1
480.0,:656132414_2,1
480.0,:cluster11510670762_4554226152_0,1
480.0,:cluster655375336_end_0_655375336_end_1_655375336_end_10_655375336_end_11_#8more_10,1
480.0,:cluster655375336_end_0_655375336_end_1_655375336_end_10_655375336_end_11_#8more_12,1
480.0,:cluster655375336_end_0_655375336_end_1_655375336_end_10_655375336_end_11_#8more_18,1
480.0,:cluster655375336_end_0_655375336_end_1_655375336_end_10_655375336_end_11_#8more_25,2
480.0,:cluster655375336_end_0_655375336_end_1_655375336_end_10_655375336_end_11_#8more_39,1
480.0,:cluster_2038168688_655375573_30,1
480.0,:cluster_2038168688_655375573_6,2
480.0,:cluster_2528018119_655375236_12,2
480.0,:cluster_2528018119_655375236_20,1
480.0,:cluster_2528018119_655375236_33,1
500.0,-300077497#5,27
500.0,-300077497#8,2
500.0,-35274074#2,12
500.0,-360018417,4
500.0,-51362429#1,1
500.0,-51362430,12
500.0,-593847703#3,32
500.0,-593847705,1
500.0,-E0,19
500.0,1068234498#0,34
500.0,1068234499#0,12
500.0,1068440001,7
500.0,1068440004#1,32
500.0,182334378#0,25
500.0,182334379#0,2
500.0,196961377#0,19
500.0,232003903#0,1
500.0,238526531#0,25
500.0,244450512#1,3
500.0,244450512#5,1
500.0,300077497#0,11
500.0,30620492#0,18
500.0,30620492#1,4
500.0,35274074#0,4
500.0,484988951#0,5
500.0,49073226#2,4
500.0,49073272#4,3
500.0,49695736#0,5
500.0,506322840#0,1
500.0,506322842#0,18
500.0,506322844#0,7
500.0,506322846#2,3
500.0,506322851#2,2
500.0,506322853#0,19
500.0,51362429#0,17
500.0,51362430,7
500.0,593849711#2,16
500.0,594658757#0,1
500.0,594658762#0,31
500.0,668037874,4
500.0,:2444664370_0,2
500.0,:3086736518_0,2
500.0,:3086736518_4,1
500.0,:3086736518_6,1
500.0,:619136999_2,1
500.0,:655375232_2,3
500.0,:655375232_6,2
500.0,:655375232_8,2
500.0,:655375233_0,2
500.0,:655375233_4,2
500.0,:655375233_8,6
500.0,:655375238_6,1
500.0,:656132414_2,1
500.0,:cluster11510670762_4554226152_0,2
500.0,:cluster655375228_655375240_13,1
500.0,:cluster655375228_655375240_2,1
500.0,:cluster655375336_end_0_655375336_end_1_655375336_end_10_655375336_end_11_#8more_10,1
500.0,:cluster655375336_end_0_655375336_end_1_655375336_end_10_655375336_end_11_#8more_12,1
500.0,:cluster655375336_end_0_655375336_end_1_655375336_end_10_655375336_end_11_#8more_18,1
500.0,:cluster655375336_end_0_655375336_end_1_655375336_end_10_655375336_end_11_#8more_39,1
500.0,:cluster_2038168688_655375573_30,1
500.0,:cluster_2038168688_655375573_6,2
500.0,:cluster_2528018119_655375236_33,1
500.0,:cluster_3431431575_4777363357_655375231_6982059025_3,3
500.0,:cluster_9383263990_9383263991_9383263992_9383263993_13,1
520.0,-300077497#5,27
520.0,-300077497#8,2
520.0,-35274074#2,12
520.0,-360018417,5
520.0,-51362429#1,2
520.0,-51362430,17
520.0,-593847703#3,32
520.0,-593847705,1
520.0,-E0,19
520.0,1068234498#0,31
520.0,1068234499#0,13
520.0,1068440001,9
520.0,1068440004#1,26
520.0,1334905223#0,1
520.0,182334378#0,25
520.0,182334379#0,1
520.0,186602412#0,1
520.0,196961377#0,21
520.0,238526531#0,26
520.0,244450512#1,3
520.0,244450512#5,1
520.0,263217603#0,1
520.0,288135626#0,6
520.0,300077497#0,3
520.0,30620492#0,17
520.0,30620492#1,5
520.0,35274074#0,5
520.0,484988951#0,5
520.0,49073226#2,7
520.0,49695736#0,5
520.0,506322842#0,18
520.0,506322844#0,7
520.0,506322846#0,4
520.0,506322846#2,2
520.0,506322851#2,2
520.0,506322853#0,19
520.0,51362429#0,17
520.0,51362430,8
520.0,593847702#0,6
520.0,593849711#2,16
520.0,594658757#0,1
520.0,594658762#0,22
520.0,668037874,3
520.0,:2444664370_0,1
520.0,:3086736518_0,2
520.0,:3086736518_4,1
520.0,:3086736518_6,1
520.0,:655375232_2,3
520.0,:655375232_6,2
520.0,:655375232_8,1
520.0,:655375233_4,2
520.0,:655375233_8,6
520.0,:655375238_1,1
520.0,:cluster11510670762_4554226152_0,2
520.0,:cluster619136880_619136881_cluster_4510442270_5296993511_5296993513_619136931_#1more_12,1
520.0,:cluster619136880_619136881_cluster_4510442270_5296993511_5296993513_619136931_#1more_8,1
520.0,:cluster655375228_655375240_0,1
520.0,:cluster655375228_655375240_2,1
520.0,:cluster655375336_end_0_655375336_end_1_655375336_end_10_655375336_end_11_#8more_10,1
520.0,:cluster655375336_end_0_655375336_end_1_655375336_end_10_655375336_end_11_#8more_12,1
520.0,:cluster655375336_end_0_655375336_end_1_655375336_end_10_655375336_end_11_#8more_18,1
520.0,:cluster655375336_end_0_655375336_end_1_655375336_end_10_655375336_end_11_#8more_39,1
520.0,:cluster_2038168688_655375573_23,1
520.0,:cluster_2038168688_655375573_3,1
520.0,:cluster_2038168688_655375573_30,1
520.0,:cluster_2038168688_655375573_6,2
520.0,:cluster_2528018119_655375236_3,1
520.0,:cluster_2528018119_655375236_33,1
520.0,:cluster_9383263990_9383263991_9383263992_9383263993_13,1
540.0,-300077497#5,27
540.0,-300077497#8,2
540.0,-35274074#2,10
540.0,-360018417,5
540.0,-51362429#1,2
540.0,-51362430,19
540.0,-593847703#3,32
540.0,-593847705,1
540.0,-E0,19
540.0,1068234498#0,32
540.0,1068234499#0,14
540.0,1068440001,9
540.0,1068440004#1,33
540.0,1334905223#0,1
540.0,182334378#0,25
540.0,182334379#0,1
540.0,186602412#0,5
540.0,196961377#0,25
540.0,238526531#0,26
540.0,244450512#1,3
540.0,244450512#5,1
540.0,263217603#0,2
540.0,288135626#0,6
540.0,300077497#0,1
540.0,300077497#6,4
540.0,30620492#0,18
540.0,30620492#1,5
540.0,35274074#0,1
540.0,484988951#0,5
540.0,49073226#2,7
540.0,49695736#0,5
540.0,506322840#0,1
540.0,506322842#0,18
540.0,506322844#0,7
540.0,506322846#0,4
540.0,506322846#2,3
540.0,506322851#2,2
540.0,506322853#0,19
540.0,51362429#0,17
540.0,51362430,8
540.0,593847702#0,6
540.0,593849711#2,16
540.0,594658757#0,1
540.0,594658762#0,16
540.0,668037874,4
540.0,:1973482489_3,1
540.0,:2444664370_0,1
540.0,:3086736518_0,2
540.0,:3086736518_4,1
540.0,:3086736518_6,1
540.0,:655375232_2,3
540.0,:655375232_6,2
540.0,:655375232_8,1
540.0,:655375233_4,2
540.0,:655375233_8,6
540.0,:cluster11510670762_4554226152_0,2
540.0,:cluster655375336_end_0_655375336_end_1_655375336_end_10_655375336_end_11_#8more_10,1
540.0,:cluster655375336_end_0_655375336_end_1_655375336_end_10_655375336_end_11_#8more_12,1
540.0,:cluster655375336_end_0_655375336_end_1_655375336_end_10_655375336_end_11_#8more_18,1
540.0,:cluster655375336_end_0_655375336_end_1_655375336_end_10_655375336_end_11_#8more_39,1
540.0,:cluster_2038168688_655375573_3,1
540.0,:cluster_2038168688_655375573_30,1
540.0,:cluster_2038168688_655375573_6,2
540.0,:cluster_2528018119_655375236_33,1
540.0,:cluster_9383263990_9383263991_9383263992_9383263993_13,1
560.0,-300077497#5,27
560.0,-300077497#8,4
560.0,-35274074#2,12
560.0,-51362429#1,2
560.0,-51362430,19
560.0,-593847703#3,32
560.0,-593847705,1
560.0,-E0,19
560.0,1068234498#0,35
560.0,1068234499#0,12
560.0,1068440001,9
560.0,1068440004#1,33
560.0,182334378#0,25
560.0,182334379#0,1
560.0,186602412#0,4
560.0,196961377#0,27
560.0,238526531#0,24
560.0,244450512#1,3
560.0,244450512#5,1
560.0,263217603#0,2
560.0,263217604#0,2
560.0,288135626#0,5
560.0,300077497#0,6
560.0,300077497#6,4
560.0,30620492#0,18
560.0,30620492#1,5
560.0,35274074#0,2
560.0,484988951#0,4
560.0,49073226#2,6
560.0,49073272#4,4
560.0,506322842#0,17
560.0,506322844#0,5
560.0,506322846#0,1
560.0,506322846#2,2
560.0,506322847#0,1
560.0,506322851#2,2
560.0,506322853#0,19
560.0,51362429#0,12
560.0,51362430,8
560.0,593847703#0,1
560.0,593847704#0,1
560.0,593849711#2,16
560.0,594658757#0,1
560.0,594658762#0,22
560.0,668037874,3
560.0,:2444664370_0,1
560.0,:3086736518_0,2
560.0,:3086736518_4,1
560.0,:655375232_2,5
560.0,:655375232_6,2
560.0,:655375232_8,1
560.0,:655375233_0,2
560.0,:655375233_4,2
560.0,:655375233_8,6
560.0,:cluster11510670762_4554226152_0,2
560.0,:cluster655375336_end_0_655375336_end_1_655375336_end_10_655375336_end_11_#8more_10,1
560.0,:cluster655375336_end_0_655375336_end_1_655375336_end_10_655375336_end_11_#8more_12,1
560.0,:cluster655375336_end_0_655375336_end_1_655375336_end_10_655375336_end_11_#8more_18,1
560.0,:cluster655375336_end_0_655375336_end_1_655375336_end_10_655375336_end_11_#8more_39,1
560.0,:cluster_2038168688_655375573_30,1
560.0,:cluster_2038168688_655375573_6,1
560.0,:cluster_2528018119_655375236_12,1
560.0,:cluster_2528018119_655375236_29,1
560.0,:cluster_2528018119_655375236_33,1
560.0,:cluster_3431431575_4777363357_655375231_6982059025_5,1
560.0,:cluster_623980147_623980152_9,1
580.0,-300077497#5,27
580.0,-300077497#8,4
580.0,-35274074#2,12
580.0,-360018417,2
580.0,-506322847#4,1
580.0,-51362429#1,1
580.0,-51362430,19
580.0,-593847703#3,32
580.0,-593847705,1
580.0,-E0,20
580.0,1068234498#0,35
580.0,1068234499#0,9
580.0,1068440001,9
580.0,1068440004#1,34
580.0,182334378#0,25
580.0,182334379#0,1
580.0,196961377#0,23
580.0,238526531#0,24
580.0,244450512#1,3
580.0,244450512#5,1
580.0,263217603#0,2
580.0,263217604#0,2
580.0,288135626#0,2
580.0,288878926#0,7
580.0,300077497#0,7
580.0,300077497#6,1
580.0,30620492#0,18
580.0,30620492#1,5
580.0,35274074#0,7
580.0,484988951#0,4
580.0,49073272#4,1
580.0,506322842#0,17
580.0,506322844#0,5
580.0,506322846#2,2
580.0,506322851#2,2
580.0,506322853#0,18
580.0,51362429#0,14
580.0,51362430,5
580.0,593847703#0,1
580.0,593849711#2,15
580.0,593849718#0,1
580.0,594658757#0,1
580.0,594658762#0,29
580.0,668037874,4
580.0,:2444664370_0,1
580.0,:3086736518_0,2
580.0,:3086736518_4,1
580.0,:619136999_2,1
580.0,:655375232_2,5
580.0,:655375232_6,3
580.0,:655375232_8,1
580.0,:655375233_0,2
580.0,:655375233_4,2
580.0,:655375233_8,6
580.0,:655375239_3,1
580.0,:cluster11510670762_4554226152_0,2
580.0,:cluster655375336_end_0_655375336_end_1_655375336_end_10_655375336_end_11_#8more_12,1
580.0,:cluster655375336_end_0_655375336_end_1_655375336_end_10_655375336_end_11_#8more_40,1
580.0,:cluster_2038168688_655375573_30,1
580.0,:cluster_2038168688_655375573_6,1
580.0,:cluster_2528018119_655375236_29,1
580.0,:cluster_2528018119_655375236_33,1
580.0,:cluster_3431431575_4777363357_655375231_6982059025_3,1
580.0,:cluster_3431431575_4777363357_655375231_6982059025_5,1
580.0,:cluster_623980147_623980152_4,1
600.0,-300077497#5,27
600.0,-300077497#8,4
600.0,-35274074#2,12
600.0,-360018417,5
600.0,-51362430,19
600.0,-593847703#3,26
600.0,-593847705,1
600.0,-594658757#2,1
600.0,-E0,20
600.0,1068234498#0,36
600.0,1068234499#0,12
600.0,1068440001,4
600.0,1068440004#1,34
600.0,1334904386#0,1
600.0,1334905223#0,2
600.0,182334378#0,25
600.0,196961377#0,20
600.0,238526531#0,25
600.0,244450512#1,2
600.0,260881642#0,4
600.0,288135626#0,1
600.0,288878926#0,7
600.0,300077497#0,1
600.0,300077497#6,2
600.0,30620492#0,18
600.0,30620492#1,5
600.0,360843888,1
600.0,484988951#0,2
600.0,49073226#2,3
600.0,506322842#0,17
600.0,506322844#0,5
600.0,506322846#0,4
600.0,506322846#2,3
600.0,506322851#2,1
600.0,506322853#0,19
600.0,51362429#0,16
600.0,51362430,1
600.0,593844221#0,1
600.0,593847704#0,2
600.0,593849711#0,2
600.0,593849711#2,15
600.0,594658757#0,1
600.0,594658760#0,1
600.0,594658762#0,27
600.0,668037874,4
600.0,:1973482489_3,1
600.0,:3086736518_0,2
600.0,:3086736518_4,1
600.0,:655375232_2,5
600.0,:655375232_6,3
600.0,:655375232_8,1
600.0,:655375233_0,2
600.0,:655375233_2,3
600.0,:655375233_4,3
600.0,:655375233_8,6
600.0,:cluster11510670762_4554226152_0,1
600.0,:cluster622618015_622618108_622618112_622618144_#2more_45,2
600.0,:cluster655375228_655375240_0,1
600.0,:cluster_2038168688_655375573_23,1
600.0,:cluster_2038168688_655375573_3,1
600.0,:cluster_2038168688_655375573_30,1
600.0,:cluster_2038168688_655375573_6,2
600.0,:cluster_2528018119_655375236_33,1
600.0,:cluster_3208478133_655375293_655375296_9631728504_#1more_8,5
600.0,:cluster_3431431575_4777363357_655375231_6982059025_7,2
600.0,:cluster_5372642442_631668976_631668981_631669076_45,1
600.0,:cluster_623980147_623980152_4,1
600.0,:cluster_9383263990_9383263991_9383263992_9383263993_0,1
620.0,-300077497#5,27
620.0,-300077497#8,4
620.0,-35274074#2,11
620.0,-360018417,5
620.0,-51362430,14
620.0,-593847703#3,26
620.0,-593847705,1
620.0,-594658757#2,1
620.0,-E0,20
620.0,1068234498#0,36
620.0,1068234499#0,13
620.0,1068440001,8
620.0,1068440004#1,34
620.0,1334904386#0,1
620.0,1334905223#0,2
620.0,182334378#0,25
620.0,186602412#0,5
620.0,196961377#0,26
620.0,238526531#0,26
620.0,244450512#1,2
620.0,260881642#0,2
620.0,263217603#0,1
620.0,288878926#0,4
620.0,300077497#6,3
620.0,30620492#0,18
620.0,30620492#1,5
620.0,360843888,1
620.0,484988951#0,4
620.0,506322842#0,17
620.0,506322844#0,5
620.0,506322846#0,1
620.0,506322846#2,2
620.0,506322851#2,1
620.0,506322853#0,19
620.0,51362429#0,17
620.0,593844221#0,1
620.0,593847704#0,3
620.0,593849711#2,15
620.0,593849718#0,1
620.0,594658757#0,1
620.0,594658760#0,1
620.0,594658762#0,19
620.0,668037874,3
620.0,:3086736518_0,2
620.0,:3086736518_4,1
620.0,:655375232_2,5
620.0,:655375232_6,3
620.0,:655375232_8,1
620.0,:655375233_0,2
620.0,:655375233_2,3
620.0,:655375233_4,3
620.0,:655375233_8,6
620.0,:656132414_2,1
620.0,:cluster11510670762_4554226152_0,1
620.0,:cluster622618015_622618108_622618112_622618144_#2more_45,2
620.0,:cluster655375228_655375240_2,1
620.0,:cluster_2038168688_655375573_30,1
620.0,:cluster_2038168688_655375573_6,2
620.0,:cluster_2528018119_655375236_33,1
620.0,:cluster_2664674491_655375287_655375288_5,1
620.0,:cluster_3208478133_655375293_655375296_9631728504_#1more_8,5
640.0,-300077497#5,26
640.0,-300077497#8,4
640.0,-35274074#2,12
640.0,-360018417,1
640.0,-51362430,18
640.0,-593847703#3,30
640.0,-593847705,1
640.0,-594658757#2,3
640.0,-E0,20
640.0,1068234498#0,36
640.0,1068234499#0,7
640.0,1068440001,7
640.0,1068440004#1,34
640.0,182334378#0,21
640.0,186602412#0,2
640.0,196961377#0,28
640.0,238526531#0,25
640.0,244450512#1,3
640.0,260881642#0,3
640.0,263217603#0,1
640.0,288878926#0,4
640.0,300077497#0,1
640.0,300077497#6,3
640.0,303647015#0,1
640.0,30620492#0,18
640.0,30620492#1,5
640.0,360843888,1
640.0,484988951#0,4
640.0,49073272#4,3
640.0,49695736#0,1
640.0,506322842#0,17
640.0,506322844#0,5
640.0,506322846#2,2
640.0,506322851#2,1
640.0,506322853#0,19
640.0,51362429#0,17
640.0,593847704#0,3
640.0,593849711#2,15
640.0,594658757#0,1
640.0,594658760#0,1
640.0,594658762#0,21
640.0,668037874,4
640.0,:1973482489_3,1
640.0,:3086736518_0,2
640.0,:3086736518_4,1
640.0,:3208478121_0,1
640.0,:655375232_2,5
640.0,:655375232_6,3
640.0,:655375232_8,1
640.0,:655375233_0,2
640.0,:655375233_2,3
640.0,:655375233_4,3
640.0,:655375233_8,6
640.0,:cluster11510670762_4554226152_0,1
640.0,:cluster655375336_end_0_655375336_end_1_655375336_end_10_655375336_end_11_#8more_12,2
640.0,:cluster655375336_end_0_655375336_end_1_655375336_end_10_655375336_end_11_#8more_25,1
640.0,:cluster_2528018119_655375236_12,2
640.0,:cluster_2528018119_655375236_20,1
640.0,:cluster_2528018119_655375236_28,1
640.0,:cluster_2528018119_655375236_32,1
640.0,:cluster_3208478133_655375293_655375296_9631728504_#1more_8,4
640.0,:cluster_9383263990_9383263991_9383263992_9383263993_7,1
660.0,-300077497#5,27
660.0,-300077497#8,3
660.0,-35274074#2,11
660.0,-51362430,18
660.0,-593847703#3,32
660.0,-593847705,1
660.0,-594658757#2,5
660.0,-E0,19
660.0,1068234498#0,36
660.0,1068234499#0,6
660.0,1068440001,5
660.0,1068440004#1,34
660.0,1334904386#0,1
660.0,182334378#0,16
660.0,196961377#0,28
660.0,238526531#0,25
660.0,244450512#1,3
660.0,260881642#0,2
660.0,263217603#0,1
660.0,288878926#0,4
660.0,300077497#0,4
660.0,300077497#6,4
660.0,30620492#0,18
660.0,30620492#1,5
660.0,360843888,1
660.0,484988951#0,4
660.0,49073272#4,1
660.0,506322842#0,17
660.0,506322844#0,5
660.0,506322846#2,2
660.0,506322851#2,1
660.0,506322853#0,19
660.0,51362429#0,17
660.0,593844221#0,1
660.0,593847704#0,2
660.0,593849711#2,15
660.0,594658757#0,1
660.0,594658760#0,1
660.0,594658762#0,28
660.0,668037874,4
660.0,:3086736518_0,2
660.0,:3086736518_4,1
660.0,:3086736518_6,1
660.0,:655375232_2,5
660.0,:655375232_6,3
660.0,:655375232_8,1
660.0,:655375233_0,2
660.0,:655375233_2,3
660.0,:655375233_4,3
660.0,:655375233_8,6
660.0,:655375238_2,1
660.0,:655375238_6,1
660.0,:cluster11510670762_4554226152_0,1
660.0,:cluster3086736522_655375108_655375247_655375401_#1more_11,1
660.0,:cluster622618015_622618108_622618112_622618144_#2more_39,1
660.0,:cluster655375336_end_0_655375336_end_1_655375336_end_10_655375336_end_11_#8more_12,3
660.0,:cluster655375336_end_0_655375336_end_1_655375336_end_10_655375336_end_11_#8more_25,2
660.0,:cluster_2528018119_655375236_12,2
660.0,:cluster_2528018119_655375236_20,1
660.0,:cluster_3208478133_655375293_655375296_9631728504_#1more_8,2
680.0,-300077497#5,27
680.0,-300077497#8,3
680.0,-35274074#2,12
680.0,-360018417,5
680.0,-51362430,13
680.0,-593847703#3,32
680.0,-593847705,1
680.0,-594658757#2,3
680.0,-E0,19
680.0,1068234498#0,36
680.0,1068234499#0,6
680.0,1068440001,10
680.0,1068440004#1,34
680.0,1334904386#0,1
680.0,182334378#0,17
680.0,196961377#0,20
680.0,196961377#3,1
680.0,238526531#0,24
680.0,244450512#1,3
680.0,288878926#0,4
680.0,300077497#0,3
680.0,303647015#0,4
680.0,30620492#0,18
680.0,30620492#1,5
680.0,35274074#0,2
680.0,484988951#0,4
680.0,49073226#2,1
680.0,49073272#4,2
680.0,49695736#0,2
680.0,506322840#0,1
680.0,506322842#0,16
680.0,506322844#0,5
680.0,506322846#2,3
680.0,506322851#2,1
680.0,506322853#0,19
680.0,51362429#0,17
680.0,593844221#0,2
680.0,593849711#2,14
680.0,594658757#0,1
680.0,594658760#0,1
680.0,594658762#0,31
680.0,668037874,4
680.0,:3086736518_0,2
680.0,:3086736518_4,1
680.0,:3086736518_6,1
680.0,:3208478128_0,1
680.0,:655375232_2,5
680.0,:655375232_6,3
680.0,:655375232_8,1
680.0,:655375233_0,2
680.0,:655375233_2,3
680.0,:655375233_4,3
680.0,:655375233_8,6
680.0,:655375238_2,1
680.0,:655375238_6,1
680.0,:cluster11510670762_4554226152_0,2
680.0,:cluster3086736522_655375108_655375247_655375401_#1more_11,1
680.0,:cluster655375228_655375240_0,1
680.0,:cluster655375228_655375240_13,1
680.0,:cluster_2038168688_655375573_23,1
680.0,:cluster_2038168688_655375573_30,1
680.0,:cluster_2038168688_655375573_6,2
680.0,:cluster_623980090_623980094_0,1
700.0,-300077497#5,27
700.0,-300077497#8,3
700.0,-35274074#2,12
700.0,-360018417,5
700.0,-51362430,18
700.0,-593847703#3,32
700.0,-593847705,1
700.0,-594658757#2,3
700.0,-E0,19
700.0,1068234498#0,35
700.0,1068234499#0,6
700.0,1068440001,10
700.0,1068440004#1,34
700.0,1334904386#0,1
700.0,1334905223#0,1
700.0,182334378#0,17
700.0,186602412#0,1
700.0,196961215#2,1
700.0,196961377#0,22
700.0,238526531#0,24
700.0,244450512#1,3
700.0,244450512#5,1
700.0,263217603#0,1
700.0,300077497#6,2
700.0,30620492#0,18
700.0,30620492#1,5
700.0,484988951#0,4
700.0,49073226#2,1
700.0,49695736#0,3
700.0,506322842#0,16
700.0,506322844#0,5
700.0,506322846#0,3
700.0,506322846#2,3
700.0,506322851#2,1
700.0,506322853#0,19
700.0,51362429#0,17
700.0,593849711#2,15
700.0,594658757#0,1
700.0,594658760#0,1
700.0,594658762#0,23
700.0,668037874,3
700.0,:1973482489_8,1
700.0,:3086736518_0,2
700.0,:3086736518_4,1
700.0,:3086736518_6,1
700.0,:655375232_2,5
700.0,:655375232_6,3
700.0,:655375232_8,1
700.0,:655375233_0,2
700.0,:655375233_2,3
700.0,:655375233_4,3
700.0,:655375233_8,6
700.0,:655375238_2,1
700.0,:cluster11510670762_4554226152_0,2
700.0,:cluster619136880_619136881_cluster_4510442270_5296993511_5296993513_619136931_#1more_12,1
700.0,:cluster619136880_619136881_cluster_4510442270_5296993511_5296993513_619136931_#1more_8,1
700.0,:cluster622618015_622618108_622618112_622618144_#2more_49,1
700.0,:cluster655375228_655375240_0,1
700.0,:cluster655375336_end_0_655375336_end_1_655375336_end_10_655375336_end_11_#8more_12,2
700.0,:cluster655375336_end_0_655375336_end_1_655375336_end_10_655375336_end_11_#8more_25,1
700.0,:cluster_2038168688_655375573_30,1
700.0,:cluster_2038168688_655375573_6,2
700.0,:cluster_5372642442_631668976_631668981_631669076_45,1
720.0,-300077497#5,27
720.0,-300077497#8,3
720.0,-35274074#2,12
720.0,-360018417,5
720.0,-51362430,19
720.0,-593847703#3,32
720.0,-593847705,1
720.0,-594658757#2,10
720.0,-E0,19
720.0,1068234498#0,34
720.0,1068234499#0,6
720.0,1068440001,10
720.0,1068440004#1,34
720.0,1334904386#0,3
720.0,1334905223#0,2
720.0,182334378#0,13
720.0,186602412#0,1
720.0,196961215#2,1
720.0,196961377#0,26
720.0,238526531#0,26
720.0,244450512#1,3
720.0,244450512#5,1
720.0,300077497#6,2
720.0,30620492#0,18
720.0,30620492#1,5
720.0,484988951#0,4
720.0,49073226#2,1
720.0,49695736#0,4
720.0,506322840#0,1
720.0,506322842#0,17
720.0,506322844#0,5
720.0,506322846#2,3
720.0,506322851#2,1
720.0,506322853#0,19
720.0,51362429#0,17
720.0,593849711#2,15
720.0,594658757#0,1
720.0,594658760#0,1
720.0,594658762#0,17
720.0,668037874,4
720.0,:3086736518_0,2
720.0,:3086736518_4,1
720.0,:3086736518_6,1
720.0,:655375232_2,5
720.0,:655375232_6,3
720.0,:655375232_8,1
720.0,:655375233_0,2
720.0,:655375233_2,3
720.0,:655375233_4,3
720.0,:655375233_8,6
720.0,:655375238_2,1
720.0,:cluster11510670762_4554226152_0,2
720.0,:cluster655375336_end_0_655375336_end_1_655375336_end_10_655375336_end_11_#8more_12,1
720.0,:cluster655375336_end_0_655375336_end_1_655375336_end_10_655375336_end_11_#8more_40,1
720.0,:cluster_2038168688_655375573_30,1
720.0,:cluster_2038168688_655375573_6,2
740.0,-300077497#5,27
740.0,-300077497#8,4
740.0,-35274074#2,12
740.0,-51362430,19
740.0,-593847703#3,32
740.0,-593847705,1
740.0,-594658757#2,15
740.0,-E0,19
740.0,1068234498#0,34
740.0,1068234499#0,2
740.0,1068440001,10
740.0,1068440004#1,34
740.0,1334904386#0,3
740.0,182334378#0,8
740.0,196961215#2,1
740.0,196961377#0,27
740.0,238526531#0,25
740.0,244450512#1,3
740.0,244450512#5,1
740.0,300077497#0,5
740.0,300077497#6,2
740.0,303647015#0,3
740.0,30620492#0,18
740.0,30620492#1,5
740.0,484988951#0,4
740.0,49073226#2,1
740.0,49073272#4,4
740.0,506322840#0,1
740.0,506322842#0,16
740.0,506322844#0,5
740.0,506322846#2,2
740.0,506322851#0,1
740.0,506322851#2,1
740.0,506322853#0,19
740.0,51362429#0,17
740.0,593849711#2,15
740.0,594658757#0,1
740.0,594658760#0,1
740.0,594658762#0,23
740.0,668037874,4
740.0,:3086736518_0,2
740.0,:3086736518_4,1
740.0,:3086736518_6,1
740.0,:655375232_2,5
740.0,:655375232_6,3
740.0,:655375232_8,1
740.0,:655375233_0,2
740.0,:655375233_2,3
740.0,:655375233_4,3
740.0,:655375233_8,6
740.0,:655375238_2,1
740.0,:cluster11510670762_4554226152_0,2
740.0,:cluster655375336_end_0_655375336_end_1_655375336_end_10_655375336_end_11_#8more_40,1
740.0,:cluster_2038168688_655375573_30,1
740.0,:cluster_2038168688_655375573_6,2
740.0,:cluster_2528018119_655375236_12,1
740.0,:cluster_2528018119_655375236_29,2
760.0,-300077497#5,27
760.0,-300077497#8,4
760.0,-35274074#2,12
760.0,-360018417,2
760.0,-51362430,19
760.0,-593847703#3,32
760.0,-593847705,1
760.0,-594658757#2,9
760.0,-E0,19
760.0,1068234498#0,34
760.0,1068440001,10
760.0,1068440004#1,34
760.0,1334904386#0,5
760.0,182334378#0,14
760.0,196961215#2,1
760.0,196961377#0,23
760.0,238526531#0,25
760.0,244450512#1,3
760.0,244450512#5,1
760.0,300077497#0,4
760.0,300077497#6,1
760.0,303647015#0,5
760.0,30620492#0,18
760.0,30620492#1,5
760.0,35274074#0,4
760.0,484988951#0,4
760.0,49073226#2,1
760.0,49073272#4,1
760.0,506322842#0,16
760.0,506322844#0,5
760.0,506322846#2,2
760.0,506322851#2,2
760.0,506322853#0,19
760.0,51362429#0,17
760.0,593849711#2,15
760.0,594658757#0,1
760.0,594658760#0,1
760.0,594658762#0,25
760.0,668037874,4
760.0,:3086736518_0,2
760.0,:3086736518_4,1
760.0,:3086736518_6,1
760.0,:619136999_2,1
760.0,:655375232_2,5
760.0,:655375232_6,3
760.0,:655375232_8,1
760.0,:655375233_0,2
760.0,:655375233_2,3
760.0,:655375233_4,3
760.0,:655375233_8,6
760.0,:655375238_2,1
760.0,:655375239_3,1
760.0,:cluster11510670762_4554226152_0,2
760.0,:cluster3086736522_655375108_655375247_655375401_#1more_11,2
760.0,:cluster_2038168688_655375573_30,1
760.0,:cluster_2038168688_655375573_6,2
780.0,-300077497#5,24
780.0,-300077497#8,4
780.0,-35274074#2,12
780.0,-360018417,5
780.0,-51362430,18
780.0,-593847703#3,32
780.0,-593847705,1
780.0,-594658757#2,4
780.0,-E0,19
780.0,1068234498#0,34
780.0,1068440001,7
780.0,1068440004#1,34
780.0,1334904386#0,7
780.0,1334905223#0,1
780.0,182334378#0,17
780.0,196961215#2,1
780.0,196961377#0,20
780.0,238526531#0,25
780.0,244450512#1,2
780.0,260881642#0,3
780.0,303647015#0,5
780.0,30620492#0,18
780.0,30620492#1,5
780.0,484988951#0,4
780.0,49073226#2,1
780.0,506322840#0,1
780.0,506322842#0,16
780.0,506322844#0,5
780.0,506322846#0,4
780.0,506322846#2,3
780.0,506322851#2,2
780.0,506322853#0,19
780.0,51362429#0,17
780.0,51362430,1
780.0,593844221#0,1
780.0,593849711#2,15
780.0,594658757#0,1
780.0,594658760#0,1
780.0,594658762#0,19
780.0,668037874,4
780.0,:3086736518_0,2
780.0,:3086736518_4,1
780.0,:3086736518_6,1
780.0,:655375232_2,5
780.0,:655375232_6,3
780.0,:655375232_8,1
780.0,:655375233_0,2
780.0,:655375233_2,3
780.0,:655375233_4,3
780.0,:655375233_8,6
780.0,:655375238_2,1
780.0,:cluster655375228_655375240_0,1
780.0,:cluster_2038168688_655375573_30,1
780.0,:cluster_2038168688_655375573_6,2
780.0,:cluster_2528018119_655375236_19,1
780.0,:cluster_3208478133_655375293_655375296_9631728504_#1more_8,5
780.0,:cluster_9383263990_9383263991_9383263992_9383263993_19,1
800.0,-300077497#5,23
800.0,-300077497#8,2
800.0,-35274074#2,12
800.0,-360018417,5
800.0,-51362430,15
800.0,-593847703#3,34
800.0,-594658757#2,4
800.0,-E0,19
800.0,1068234498#0,34
800.0,1068440001,9
800.0,1068440004#1,34
800.0,1334904386#0,7
800.0,1334905223#0,2
800.0,182334378#0,22
800.0,186602412#0,4
800.0,196961377#0,26
800.0,238526531#0,25
800.0,244450512#1,2
800.0,260881642#0,3
800.0,288878926#0,2
800.0,30620492#0,18
800.0,30620492#1,4
800.0,484988951#0,5
800.0,49073226#2,1
800.0,506322842#0,16
800.0,506322844#0,5
800.0,506322846#2,2
800.0,506322851#2,2
800.0,506322853#0,19
800.0,51362429#0,17
800.0,593844221#0,1
800.0,593849711#2,15
800.0,594658760#0,1
800.0,594658762#0,11
800.0,668037874,4
800.0,:3086736518_0,2
800.0,:3086736518_3,1
800.0,:3086736518_6,1
800.0,:655375232_2,5
800.0,:655375232_6,3
800.0,:655375232_8,1
800.0,:655375233_0,2
800.0,:655375233_2,3
800.0,:655375233_4,3
800.0,:655375233_8,6
800.0,:655375238_5,2
800.0,:cluster11510670762_4554226152_0,1
800.0,:cluster655375228_655375240_0,1
800.0,:cluster_2038168688_655375573_30,1
800.0,:cluster_2038168688_655375573_6,2
800.0,:cluster_2664674491_655375287_655375288_5,1
800.0,:cluster_3208478133_655375293_655375296_9631728504_#1more_8,5
800.0,:cluster_9383263990_9383263991_9383263992_9383263993_0,1
820.0,-300077497#5,27
820.0,-300077497#8,4
820.0,-35274074#2,11
820.0,-360018417,2
820.0,-51362430,18
820.0,-593847703#3,33
820.0,-594658757#2,4
820.0,-E0,19
820.0,1068234498#0,34
820.0,1068440001,10
820.0,1068440004#1,34
820.0,182334378#0,20
820.0,196961377#0,27
820.0,238526531#0,25
820.0,244450512#1,2
820.0,260881642#0,3
820.0,263217603#0,2
820.0,288878926#0,3
820.0,303647015#0,5
820.0,30620492#0,17
820.0,30620492#1,5
820.0,484988951#0,5
820.0,49073272#4,3
820.0,506322842#0,16
820.0,506322844#0,4
820.0,506322846#2,2
820.0,506322851#2,2
820.0,506322853#0,19
820.0,51362429#0,17
820.0,593847702#0,4
820.0,593847703#0,1
820.0,593849711#2,15
820.0,594658760#0,1
820.0,594658762#0,8
820.0,668037874,4
820.0,:3086736518_0,2
820.0,:3086736518_3,1
820.0,:3086736518_6,1
820.0,:655375232_2,4
820.0,:655375232_6,3
820.0,:655375232_8,1
820.0,:655375233_0,2
820.0,:655375233_4,3
820.0,:655375233_8,4
820.0,:655375238_2,1
820.0,:cluster11510670762_4554226152_0,1
820.0,:cluster3086736522_655375108_655375247_655375401_#1more_8,2
820.0,:cluster622618015_622618108_622618112_622618144_#2more_31,2
820.0,:cluster655375336_end_0_655375336_end_1_655375336_end_10_655375336_end_11_#8more_10,1
820.0,:cluster655375336_end_0_655375336_end_1_655375336_end_10_655375336_end_11_#8more_12,1
820.0,:cluster655375336_end_0_655375336_end_1_655375336_end_10_655375336_end_11_#8more_25,2
820.0,:cluster655375336_end_0_655375336_end_1_655375336_end_10_655375336_end_11_#8more_6,2
820.0,:cluster_2038168688_655375573_30,1
820.0,:cluster_2038168688_655375573_6,2
820.0,:cluster_3208478133_655375293_655375296_9631728504_#1more_8,4
840.0,-300077497#5,27
840.0,-300077497#8,4
840.0,-35274074#2,12
840.0,-51362430,16
840.0,-593847703#3,33
840.0,-594658757#2,3
840.0,-E0,19
840.0,1068234498#0,34
840.0,1068440001,5
840.0,1068440004#1,32
840.0,182334378#0,22
840.0,196961377#0,27
840.0,232003903#0,2
840.0,238526531#0,24
840.0,244450512#1,3
840.0,260881642#0,2
840.0,263217603#0,2
840.0,263217604#0,1
840.0,288878926#0,3
840.0,300077497#0,4
840.0,30620492#0,18
840.0,30620492#1,5
840.0,484988951#0,5
840.0,49073272#4,2
840.0,49695736#0,5
840.0,506322842#0,16
840.0,506322844#0,7
840.0,506322846#0,1
840.0,506322846#2,2
840.0,506322851#2,2
840.0,506322853#0,19
840.0,51362429#0,17
840.0,593847703#0,1
840.0,593849711#2,15
840.0,593849718#0,2
840.0,594658760#0,1
840.0,594658762#0,8
840.0,668037874,4
840.0,:3086736518_0,2
840.0,:3086736518_3,1
840.0,:3086736518_6,1
840.0,:655375232_2,4
840.0,:655375232_6,3
840.0,:655375232_8,1
840.0,:655375233_0,2
840.0,:655375233_4,2
840.0,:655375233_8,6
840.0,:655375238_2,1
840.0,:656132414_2,1
840.0,:cluster11510670762_4554226152_0,2
840.0,:cluster3086736522_655375108_655375247_655375401_#1more_11,1
840.0,:cluster655375336_end_0_655375336_end_1_655375336_end_10_655375336_end_11_#8more_10,1
840.0,:cluster655375336_end_0_655375336_end_1_655375336_end_10_655375336_end_11_#8more_12,1
840.0,:cluster655375336_end_0_655375336_end_1_655375336_end_10_655375336_end_11_#8more_25,2
840.0,:cluster655375336_end_0_655375336_end_1_655375336_end_10_655375336_end_11_#8more_6,1
840.0,:cluster_2038168688_655375573_24,1
840.0,:cluster_2038168688_655375573_25,1
860.0,-300077497#5,25
860.0,-300077497#8,4
860.0,-35274074#2,12
860.0,-360018417,5
860.0,-51362430,16
860.0,-593847703#3,34
860.0,-594658757#2,5
860.0,-E0,19
860.0,1068234498#0,34
860.0,1068440001,7
860.0,1068440004#1,34
860.0,1068440006#0,1
860.0,1334904386#0,2
860.0,1334905223#0,1
860.0,182334378#0,15
860.0,186602412#0,2
860.0,196961377#0,20
860.0,238526531#0,24
860.0,244450512#1,3
860.0,263217604#0,1
860.0,288878926#0,3
860.0,300077497#0,4
860.0,303647015#0,3
860.0,30620492#0,18
860.0,30620492#1,5
860.0,35274074#0,3
860.0,484988951#0,5
860.0,49073272#4,2
860.0,49695736#0,4
860.0,506322840#0,1
860.0,506322842#0,16
860.0,506322844#0,7
860.0,506322846#2,2
860.0,506322851#2,2
860.0,506322853#0,19
860.0,51362429#0,16
860.0,51362430,3
860.0,593847701,1
860.0,593847703#0,1
860.0,593849711#2,15
860.0,594658760#0,1
860.0,594658762#0,6
860.0,668037874,4
860.0,:3086736518_0,2
860.0,:3086736518_3,1
860.0,:3086736518_6,1
860.0,:655375232_2,3
860.0,:655375232_6,2
860.0,:655375232_8,1
860.0,:655375233_0,1
860.0,:655375233_4,2
860.0,:655375233_8,6
860.0,:655375238_2,1
860.0,:656132414_2,1
860.0,:cluster11510670762_4554226152_0,2
860.0,:cluster655375228_655375240_0,1
860.0,:cluster655375336_end_0_655375336_end_1_655375336_end_10_655375336_end_11_#8more_12,1
860.0,:cluster655375336_end_0_655375336_end_1_655375336_end_10_655375336_end_11_#8more_40,1
860.0,:cluster_2038168688_655375573_23,1
860.0,:cluster_2038168688_655375573_25,1
860.0,:cluster_2528018119_655375236_17,1
860.0,:cluster_9383263990_9383263991_9383263992_9383263993_0,1
880.0,-300077497#5,25
880.0,-300077497#8,4
880.0,-35274074#2,12
880.0,-360018417,5
880.0,-51362430,16
880.0,-593847703#3,36
880.0,-593847704#2,1
880.0,-594658757#2,6
880.0,-E0,19
880.0,1068234498#0,30
880.0,1068440001,9
880.0,1068440004#1,34
880.0,1068440006#0,1
880.0,1239087514,1
880.0,1334904386#0,3
880.0,1334905223#0,1
880.0,182334378#0,19
880.0,186602412#0,1
880.0,196961377#0,22
880.0,238526531#0,27
880.0,244450512#1,3
880.0,300077497#0,4
880.0,30620492#0,18
880.0,30620492#1,5
880.0,35274074#0,2
880.0,484988951#0,3
880.0,49695736#0,4
880.0,506322840#0,1
880.0,506322842#0,16
880.0,506322844#0,7
880.0,506322846#0,2
880.0,506322846#2,3
880.0,506322851#2,2
880.0,506322853#0,18
880.0,51362429#0,15
880.0,51362430,1
880.0,593849711#2,15
880.0,594658760#0,2
880.0,668037874,3
880.0,:1973482489_8,1
880.0,:3086736518_0,3
880.0,:3086736518_3,1
880.0,:3086736518_6,1
880.0,:655375232_2,3
880.0,:655375232_6,1
880.0,:655375232_8,1
880.0,:655375233_0,2
880.0,:655375233_4,2
880.0,:655375233_8,6
880.0,:655375238_2,1
880.0,:cluster11510670762_4554226152_0,2
880.0,:cluster619136880_619136881_cluster_4510442270_5296993511_5296993513_619136931_#1more_12,1
880.0,:cluster619136880_619136881_cluster_4510442270_5296993511_5296993513_619136931_#1more_8,1
880.0,:cluster_2038168688_655375573_24,1
880.0,:cluster_2038168688_655375573_25,1
880.0,:cluster_2038168688_655375573_3,1
880.0,:cluster_3431431575_4777363357_655375231_6982059025_7,1
880.0,:cluster_5372642442_631668976_631668981_631669076_26,1
900.0,-300077497#5,27
900.0,-300077497#8,3
900.0,-35274074#2,11
900.0,-360018417,5
900.0,-51362429#1,4
900.0,-51362430,19
900.0,-593847703#3,34
900.0,-594658757#2,9
900.0,-E0,19
900.0,1068234498#0,33
900.0,1068440001,9
900.0,1068440004#1,34
900.0,1068440006#0,1
900.0,1334904386#0,4
900.0,182334378#0,15
900.0,186602412#0,1
900.0,196961377#0,26
900.0,238526531#0,28
900.0,244450512#1,3
900.0,300077497#0,2
900.0,30620492#0,18
900.0,30620492#1,5
900.0,35274074#0,1
900.0,484988951#0,5
900.0,49073226#2,3
900.0,49695736#0,4
900.0,506322842#0,16
900.0,506322844#0,7
900.0,506322846#0,2
900.0,506322846#2,2
900.0,506322851#2,1
900.0,506322853#0,19
900.0,51362429#0,15
900.0,593849711#2,11
900.0,594658760#0,2
900.0,668037874,4
900.0,:1973482489_3,1
900.0,:3086736518_0,3
900.0,:3086736518_3,1
900.0,:3086736518_6,1
900.0,:655375232_2,3
900.0,:655375232_6,1
900.0,:655375232_8,1
900.0,:655375233_0,2
900.0,:655375233_4,4
900.0,:655375233_8,6
900.0,:655375238_2,1
900.0,:655375238_6,1
900.0,:cluster11510670762_4554226152_0,2
900.0,:cluster655375336_end_0_655375336_end_1_655375336_end_10_655375336_end_11_#8more_12,1
900.0,:cluster655375336_end_0_655375336_end_1_655375336_end_10_655375336_end_11_#8more_40,2
900.0,:cluster_2038168688_655375573_25,1
920.0,-1334905223#2,1
920.0,-300077497#5,27
920.0,-300077497#8,4
920.0,-35274074#2,12
920.0,-51362430,19
920.0,-593847703#3,32
920.0,-594658757#2,17
920.0,-E0,19
920.0,1068234498#0,33
920.0,1068440001,9
920.0,1068440004#1,34
920.0,1068440006#0,1
920.0,1334904386#0,1
920.0,182334378#0,7
920.0,186602412#0,2
920.0,196961377#0,28
920.0,238526531#0,25
920.0,244450512#1,3
920.0,263217604#0,2
920.0,300077497#0,4
920.0,303647015#0,3
920.0,30620492#0,18
920.0,30620492#1,5
920.0,35274074#0,4
920.0,484988951#0,4
920.0,49073226#2,9
920.0,49073272#4,4
920.0,506322842#0,15
920.0,506322844#0,5
920.0,506322846#2,2
920.0,506322848#0,1
920.0,506322851#2,1
920.0,506322853#0,19
920.0,51362429#0,16
920.0,593849711#2,16
920.0,594658760#0,1
920.0,668037874,4
920.0,:3086736518_0,3
920.0,:3086736518_3,1
920.0,:3086736518_6,1
920.0,:655375232_2,3
920.0,:655375232_6,1
920.0,:655375232_8,1
920.0,:655375233_0,2
920.0,:655375233_4,6
920.0,:655375233_8,6
920.0,:655375238_2,1
920.0,:655375241_0,1
920.0,:cluster11510670762_4554226152_0,2
920.0,:cluster3086736522_655375108_655375247_655375401_#1more_8,1
920.0,:cluster655375336_end_0_655375336_end_1_655375336_end_10_655375336_end_11_#8more_12,1
920.0,:cluster655375336_end_0_655375336_end_1_655375336_end_10_655375336_end_11_#8more_40,1
920.0,:cluster_2038168688_655375573_30,1
940.0,-300077497#5,27
940.0,-300077497#8,4
940.0,-35274074#2,12
940.0,-360018417,2
940.0,-51362430,19
940.0,-593847703#3,32
940.0,-594658757#2,18
940.0,-E0,19
940.0,1068234498#0,35
940.0,1068440001,9
940.0,1068440004#1,34
940.0,1068440006#0,1
940.0,1334904386#0,2
940.0,182334378#0,9
940.0,196961377#0,23
940.0,196961377#3,1
940.0,238526531#0,25
940.0,244450512#1,3
940.0,263217604#0,2
940.0,303647015#0,5
940.0,30620492#0,18
940.0,30620492#1,5
940.0,35274074#0,8
940.0,484988951#0,4
940.0,49073226#2,9
940.0,49073272#4,1
940.0,506322842#0,15
940.0,506322844#0,5
940.0,506322846#2,3
940.0,506322848#0,1
940.0,506322851#2,1
940.0,506322853#0,19
940.0,51362429#0,17
940.0,593847702#0,1
940.0,593849711#2,16
940.0,594658760#0,1
940.0,668037874,4
940.0,:3086736518_0,3
940.0,:3086736518_3,1
940.0,:3086736518_6,1
940.0,:619136999_2,1
940.0,:655375232_2,3
940.0,:655375232_6,1
940.0,:655375232_8,1
940.0,:655375233_0,2
940.0,:655375233_4,6
940.0,:655375233_8,6
940.0,:655375238_2,1
940.0,:cluster11510670762_4554226152_0,2
940.0,:cluster3086736522_655375108_655375247_655375401_#1more_11,2
940.0,:cluster655375336_end_0_655375336_end_1_655375336_end_10_655375336_end_11_#8more_40,1
940.0,:cluster_2038168688_655375573_30,1
960.0,-300077497#5,25
960.0,-300077497#8,4
960.0,-35274074#2,12
960.0,-360018417,5
960.0,-51362430,17
960.0,-593847703#3,33
960.0,-594658757#2,13
960.0,-E0,19
960.0,1068234498#0,36
960.0,1068440001,5
960.0,1068440004#1,34
960.0,1334904386#0,3
960.0,182334378#0,15
960.0,196961377#0,20
960.0,232003903#0,1
960.0,238526531#0,25
960.0,244450512#1,2
960.0,260881642#0,3
960.0,288135626#0,1
960.0,303647015#0,5
960.0,30620492#0,18
960.0,30620492#1,5
960.0,360843888,1
960.0,484988951#0,4
960.0,49073226#2,9
960.0,49695736#0,3
960.0,506322842#0,16
960.0,506322844#0,5
960.0,506322846#0,4
960.0,506322846#2,2
960.0,506322848#0,1
960.0,506322851#2,1
960.0,506322853#0,19
960.0,51362429#0,17
960.0,593844221#0,1
960.0,593847702#0,1
960.0,593847704#0,1
960.0,593849711#2,16
960.0,594658760#0,2
960.0,668037874,4
960.0,:3086736518_0,3
960.0,:3086736518_3,1
960.0,:655375232_2,3
960.0,:655375232_6,1
960.0,:655375232_8,1
960.0,:655375233_0,2
960.0,:655375233_4,6
960.0,:655375233_8,6
960.0,:655375238_2,1
960.0,:cluster11510670762_4554226152_0,1
960.0,:cluster622618015_622618108_622618112_622618144_#2more_49,1
960.0,:cluster655375336_end_0_655375336_end_1_655375336_end_10_655375336_end_11_#8more_12,1
960.0,:cluster655375336_end_0_655375336_end_1_655375336_end_10_655375336_end_11_#8more_40,1
960.0,:cluster_2038168688_655375573_3,2
960.0,:cluster_2038168688_655375573_30,1
960.0,:cluster_2038168688_655375573_6,2
960.0,:cluster_2528018119_655375236_17,1
960.0,:cluster_3208478133_655375293_655375296_9631728504_#1more_8,3
960.0,:cluster_5372642442_631668976_631668981_631669076_45,1
980.0,-300077497#5,25
980.0,-300077497#8,3
980.0,-35274074#2,12
980.0,-360018417,5
980.0,-51362430,14
980.0,-593847703#3,34
980.0,-594658757#2,14
980.0,-E0,19
980.0,1068234498#0,37
980.0,1068234499#0,1
980.0,1068440001,7
980.0,1068440004#1,34
980.0,1334904386#0,4
980.0,182334378#0,19
980.0,186602412#0,5
980.0,196961377#0,26
980.0,232003903#0,1
980.0,238526531#0,26
980.0,244450512#1,3
980.0,260881642#0,3
980.0,288135626#0,1
980.0,30620492#0,18
980.0,30620492#1,5
980.0,360843888,1
980.0,484988951#0,4
980.0,49073226#2,9
980.0,49695736#0,3
980.0,506322842#0,16
980.0,506322844#0,5
980.0,506322846#2,2
980.0,506322848#0,1
980.0,506322851#2,1
980.0,506322853#0,19
980.0,51362429#0,17
980.0,593844221#0,1
980.0,593847702#0,1
980.0,593847704#0,1
980.0,593849711#2,16
980.0,594658760#0,2
980.0,668037874,4
980.0,:1973482489_3,1
980.0,:3086736518_0,3
980.0,:3086736518_3,1
980.0,:655375232_2,4
980.0,:655375232_6,1
980.0,:655375232_8,1
980.0,:655375233_0,2
980.0,:655375233_4,6
980.0,:655375233_8,6
980.0,:655375238_5,1
980.0,:cluster11510670762_4554226152_0,1
980.0,:cluster_2038168688_655375573_30,1
980.0,:cluster_2038168688_655375573_6,2
980.0,:cluster_2528018119_655375236_17,1
980.0,:cluster_3208478133_655375293_655375296_9631728504_#1more_8,5
1000.0,-300077497#5,26
1000.0,-300077497#8,4
1000.0,-35274074#2,11
1000.0,-360018417,1
1000.0,-51362429#1,3
1000.0,-51362430,18
1000.0,-593847703#3,35
1000.0,-594658757#2,14
1000.0,-E0,19
1000.0,1068234498#0,37
1000.0,1068440001,7
1000.0,1068440004#1,34
1000.0,182334378#0,21
1000.0,196961377#0,27
1000.0,232003903#0,1
1000.0,238526531#0,25
1000.0,244450512#1,2
1000.0,260881642#0,3
1000.0,300077497#0,3
1000.0,303647015#0,4
1000.0,30620492#0,18
1000.0,30620492#1,5
1000.0,360843888,1
1000.0,484988951#0,4
1000.0,49073226#2,9
1000.0,49073264#0,1
1000.0,49073272#4,3
1000.0,506322842#0,16
1000.0,506322844#0,5
1000.0,506322846#2,3
1000.0,506322851#2,1
1000.0,506322853#0,19
1000.0,51362429#0,18
1000.0,593844221#0,1
1000.0,593847704#0,1
1000.0,593849711#2,11
1000.0,594658760#0,2
1000.0,668037874,3
1000.0,:3086736518_0,3
1000.0,:3086736518_3,1
1000.0,:3208478121_0,1
1000.0,:655375232_11,1
1000.0,:655375232_2,4
1000.0,:655375232_6,2
1000.0,:655375232_8,1
1000.0,:655375233_0,2
1000.0,:655375233_4,6
1000.0,:655375233_8,6
1000.0,:655375238_2,1
1000.0,:656132414_2,1
1000.0,:cluster11510670762_4554226152_0,1
1000.0,:cluster_2038168688_655375573_30,1
1000.0,:cluster_2038168688_655375573_6,2
1000.0,:cluster_2528018119_655375236_12,1
1000.0,:cluster_2528018119_655375236_29,1
1000.0,:cluster_2664674491_655375287_655375288_5,1
1000.0,:cluster_3208478133_655375293_655375296_9631728504_#1more_8,5
1000.0,:cluster_9383263990_9383263991_9383263992_9383263993_7,1
1020.0,-300077497#5,27
1020.0,-300077497#8,4
1020.0,-35274074#2,12
1020.0,-51362429#1,4
1020.0,-51362430,17
1020.0,-593847703#3,35
1020.0,-594658757#2,14
1020.0,-E0,19
1020.0,1068234498#0,37
1020.0,1068440001,6
1020.0,1068440004#1,34
1020.0,182334378#0,17
1020.0,196961377#0,27
1020.0,232003903#0,1
1020.0,238526531#0,24
1020.0,244450512#1,2
1020.0,260881642#0,2
1020.0,300077497#0,4
1020.0,30620492#0,18
1020.0,30620492#1,5
1020.0,360843888,1
1020.0,484988951#0,4
1020.0,49073226#2,9
1020.0,49695736#0,2
1020.0,506322842#0,16
1020.0,506322844#0,4
1020.0,506322846#0,2
1020.0,506322846#2,2
1020.0,506322851#2,1
1020.0,506322853#0,18
1020.0,51362429#0,18
1020.0,593844221#0,1
1020.0,593849711#2,15
1020.0,594658760#0,2
1020.0,668037874,4
1020.0,:3086736518_0,3
1020.0,:3086736518_3,1
1020.0,:655375232_2,4
1020.0,:655375232_6,2
1020.0,:655375232_8,1
1020.0,:655375233_0,2
1020.0,:655375233_4,6
1020.0,:655375233_8,6
1020.0,:655375238_1,1
1020.0,:655375238_5,1
1020.0,:656132414_2,1
1020.0,:cluster11510670762_4554226152_0,2
1020.0,:cluster3086736522_655375108_655375247_655375401_#1more_11,1
1020.0,:cluster622618015_622618108_622618112_622618144_#2more_17,1
1020.0,:cluster622618015_622618108_622618112_622618144_#2more_39,1
1020.0,:cluster655375336_end_0_655375336_end_1_655375336_end_10_655375336_end_11_#8more_10,1
1020.0,:cluster655375336_end_0_655375336_end_1_655375336_end_10_655375336_end_11_#8more_12,1
1020.0,:cluster655375336_end_0_655375336_end_1_655375336_end_10_655375336_end_11_#8more_40,1
1020.0,:cluster_2038168688_655375573_25,1
1020.0,:cluster_2528018119_655375236_20,1
1020.0,:cluster_2528018119_655375236_32,1
1020.0,:cluster_3208478133_655375293_655375296_9631728504_#1more_8,2
1040.0,-300077497#5,27
1040.0,-300077497#8,4
1040.0,-35274074#2,12
1040.0,-360018417,5
1040.0,-51362429#1,2
1040.0,-51362430,16
1040.0,-593847703#3,35
1040.0,-594658757#2,6
1040.0,-E0,19
1040.0,1068234498#0,37
1040.0,1068440001,9
1040.0,1068440004#1,34
1040.0,1334904386#0,2
1040.0,182334378#0,15
1040.0,196961377#0,20
1040.0,238526531#0,24
1040.0,244450512#1,2
1040.0,244450512#5,1
1040.0,288878926#0,4
1040.0,300077497#0,8
1040.0,303647015#0,8
1040.0,30620492#0,18
1040.0,30620492#1,5
1040.0,484988951#0,4
1040.0,49073226#2,4
1040.0,49073272#4,2
1040.0,49695736#0,3
1040.0,506322842#0,16
1040.0,506322844#0,5
1040.0,506322846#2,2
1040.0,506322851#2,1
1040.0,506322853#0,18
1040.0,51362429#0,18
1040.0,51362430,1
1040.0,593847704#0,1
1040.0,593849711#2,16
1040.0,594658760#0,2
1040.0,668037874,4
1040.0,:3086736518_0,3
1040.0,:655375232_2,4
1040.0,:655375232_6,2
1040.0,:655375232_8,1
1040.0,:655375233_0,2
1040.0,:655375233_4,6
1040.0,:655375233_8,6
1040.0,:655375238_1,1
1040.0,:655375238_5,1
1040.0,:cluster11510670762_4554226152_0,2
1040.0,:cluster3086736522_655375108_655375247_655375401_#1more_11,2
1040.0,:cluster655375336_end_0_655375336_end_1_655375336_end_10_655375336_end_11_#8more_10,1
1040.0,:cluster655375336_end_0_655375336_end_1_655375336_end_10_655375336_end_11_#8more_40,2
1040.0,:cluster_2038168688_655375573_25,1
1040.0,:cluster_3431431575_4777363357_655375231_6982059025_3,2
1040.0,:cluster_623980147_623980152_4,1
1060.0,-300077497#5,27
1060.0,-300077497#8,4
1060.0,-35274074#2,12
1060.0,-360018417,5
1060.0,-51362430,19
1060.0,-593847703#3,35
1060.0,-594658757#2,8
1060.0,-E0,19
1060.0,1068234498#0,35
1060.0,1068440001,9
1060.0,1068440004#1,34
1060.0,1334904386#0,7
1060.0,182334378#0,17
1060.0,196961377#0,22
1060.0,238526531#0,26
1060.0,244450512#1,2
1060.0,244450512#5,1
1060.0,288878926#0,5
1060.0,300077497#0,8
1060.0,30620492#0,18
1060.0,30620492#1,5
1060.0,484988951#0,5
1060.0,49073226#2,2
1060.0,49695736#0,3
1060.0,506322842#0,16
1060.0,506322844#0,5
1060.0,506322846#2,3
1060.0,506322853#0,19
1060.0,51362429#0,18
1060.0,593847702#0,1
1060.0,593847704#0,1
1060.0,593849711#0,1
1060.0,593849711#2,16
1060.0,594658760#0,2
1060.0,668037874,3
1060.0,:3086736518_0,3
1060.0,:655375232_2,4
1060.0,:655375232_6,2
1060.0,:655375232_8,1
1060.0,:655375233_0,2
1060.0,:655375233_4,6
1060.0,:655375233_8,6
1060.0,:655375238_1,1
1060.0,:655375238_5,1
1060.0,:cluster11510670762_4554226152_0,2
1060.0,:cluster619136880_619136881_cluster_4510442270_5296993511_5296993513_619136931_#1more_12,1
1060.0,:cluster619136880_619136881_cluster_4510442270_5296993511_5296993513_619136931_#1more_8,1
1060.0,:cluster622618015_622618108_622618112_622618144_#2more_2,1
1060.0,:cluster_2038168688_655375573_25,1
1080.0,-300077497#5,27
1080.0,-300077497#8,4
1080.0,-35274074#2,12
1080.0,-360018417,5
1080.0,-51362430,19
1080.0,-593847703#3,35
1080.0,-593847704#2,1
1080.0,-594658757#2,8
1080.0,-E0,18
1080.0,1068234498#0,35
1080.0,1068440001,9
1080.0,1068440004#1,34
1080.0,1334904386#0,7
1080.0,182334378#0,15
1080.0,196961377#0,26
1080.0,238526531#0,26
1080.0,244450512#1,2
1080.0,244450512#5,1
1080.0,288878926#0,5
1080.0,300077497#0,8
1080.0,30620492#0,18
1080.0,30620492#1,5
1080.0,484988951#0,5
1080.0,49695736#0,3
1080.0,506322842#0,16
1080.0,506322844#0,5
1080.0,506322846#2,2
1080.0,506322853#0,19
1080.0,51362429#0,18
1080.0,593847702#0,1
1080.0,593847704#0,1
1080.0,593849711#2,16
1080.0,594658760#0,2
1080.0,668037874,4
1080.0,:3086736518_0,3
1080.0,:3086736518_6,1
1080.0,:655375232_2,4
1080.0,:655375232_6,2
1080.0,:655375232_8,1
1080.0,:655375233_0,2
1080.0,:655375233_4,6
1080.0,:655375233_8,6
1080.0,:655375238_1,1
1080.0,:655375238_5,1
1080.0,:cluster11510670762_4554226152_0,2
1080.0,:cluster655375336_end_0_655375336_end_1_655375336_end_10_655375336_end_11_#8more_40,3
1080.0,:cluster_2038168688_655375573_25,1
1100.0,-300077497#5,27
1100.0,-300077497#8,4
1100.0,-35274074#2,12
1100.0,-51362429#1,2
1100.0,-51362430,19
1100.0,-593847703#3,35
1100.0,-594658757#2,13
1100.0,-E0,18
1100.0,1068234498#0,35
1100.0,1068440001,9
1100.0,1068440004#1,34
1100.0,1334904386#0,4
1100.0,182334378#0,10
1100.0,196961377#0,28
1100.0,238526531#0,26
1100.0,244450512#1,2
1100.0,244450512#5,1
1100.0,288878926#0,5
1100.0,300077497#0,11
1100.0,303647015#0,6
1100.0,30620492#0,18
1100.0,30620492#1,5
1100.0,484988951#0,5
1100.0,49073272#3,1
1100.0,49073272#4,4
1100.0,506322842#0,16
1100.0,506322844#0,5
1100.0,506322846#2,2
1100.0,506322853#0,19
1100.0,51362429#0,18
1100.0,593847704#0,1
1100.0,593849711#2,13
1100.0,594658760#0,2
1100.0,668037874,4
1100.0,:3086736518_0,3
1100.0,:3086736518_6,1
1100.0,:655375232_11,1
1100.0,:655375232_2,4
1100.0,:655375232_6,2
1100.0,:655375232_8,1
1100.0,:655375233_0,2
1100.0,:655375233_4,6
1100.0,:655375233_8,6
1100.0,:655375238_1,1
1100.0,:655375238_5,1
1100.0,:cluster11510670762_4554226152_0,2
1100.0,:cluster655375336_end_0_655375336_end_1_655375336_end_10_655375336_end_11_#8more_12,1
1100.0,:cluster655375336_end_0_655375336_end_1_655375336_end_10_655375336_end_11_#8more_40,2
1100.0,:cluster_2038168688_655375573_25,1
1120.0,-300077497#5,27
1120.0,-300077497#8,4
1120.0,-35274074#2,12
1120.0,-360018417,2
1120.0,-51362430,19
1120.0,-593847703#3,34
1120.0,-594658757#2,11
1120.0,-E0,18
1120.0,1068234498#0,35
1120.0,1068440001,9
1120.0,1068440004#1,33
1120.0,1334904386#0,5
1120.0,182334378#0,10
1120.0,196961377#0,23
1120.0,196961377#3,1
1120.0,238526531#0,26
1120.0,244450512#1,2
1120.0,244450512#5,1
1120.0,288878926#0,5
1120.0,300077497#0,11
1120.0,303647015#0,6
1120.0,30620492#0,16
1120.0,30620492#1,5
1120.0,484988951#0,5
1120.0,49073226#2,4
1120.0,49073272#3,1
1120.0,49073272#4,1
1120.0,506322842#0,16
1120.0,506322844#0,6
1120.0,506322846#2,3
1120.0,506322853#0,19
1120.0,51362429#0,18
1120.0,593847702#0,4
1120.0,593849711#2,16
1120.0,593849718#0,1
1120.0,594658760#0,2
1120.0,668037874,4
1120.0,:3086736518_0,3
1120.0,:3086736518_4,1
1120.0,:3086736518_6,1
1120.0,:619136999_2,1
1120.0,:655375232_2,4
1120.0,:655375232_6,2
1120.0,:655375232_8,1
1120.0,:655375233_0,2
1120.0,:655375233_4,6
1120.0,:655375233_8,3
1120.0,:655375238_1,1
1120.0,:655375238_5,1
1120.0,:cluster11510670762_4554226152_0,2
1120.0,:cluster3086736522_655375108_655375247_655375401_#1more_11,2
1120.0,:cluster655375336_end_0_655375336_end_1_655375336_end_10_655375336_end_11_#8more_12,2
1120.0,:cluster655375336_end_0_655375336_end_1_655375336_end_10_655375336_end_11_#8more_40,1
1120.0,:cluster_2038168688_655375573_25,1
1140.0,-300077497#5,26
1140.0,-300077497#8,4
1140.0,-35274074#2,12
1140.0,-360018417,5
1140.0,-51362430,19
1140.0,-593847703#3,35
1140.0,-593847704#2,1
1140.0,-594658757#2,8
1140.0,-E0,18
1140.0,1068234498#0,35
1140.0,1068440001,4
1140.0,1068440004#1,32
1140.0,1334904386#0,7
1140.0,182334378#0,17
1140.0,196961377#0,20
1140.0,238526531#0,26
1140.0,244450512#1,3
1140.0,260881642#0,3
1140.0,288878926#0,3
1140.0,300077497#0,11
1140.0,303647015#0,7
1140.0,30620492#0,18
1140.0,30620492#1,5
1140.0,360018417,1
1140.0,484988951#0,5
1140.0,49073226#2,4
1140.0,506322842#0,16
1140.0,506322844#0,7
1140.0,506322846#2,2
1140.0,506322853#0,19
1140.0,51362429#0,18
1140.0,51362430,1
1140.0,593844221#0,1
1140.0,593847702#0,7
1140.0,593847703#0,2
1140.0,593849711#2,17
1140.0,594658760#0,1
1140.0,668037874,4
1140.0,:3086736518_0,3
1140.0,:3086736518_4,1
1140.0,:3086736518_6,1
1140.0,:655375232_2,4
1140.0,:655375232_6,2
1140.0,:655375232_8,1
1140.0,:655375233_4,6
1140.0,:655375233_8,2
1140.0,:655375238_1,1
1140.0,:655375238_5,1
1140.0,:cluster11510670762_4554226152_0,1
1140.0,:cluster622618015_622618108_622618112_622618144_#2more_2,1
1140.0,:cluster622618015_622618108_622618112_622618144_#2more_26,1
1140.0,:cluster_2038168688_655375573_25,1
1140.0,:cluster_3208478133_655375293_655375296_9631728504_#1more_8,5
1160.0,-300077497#5,26
1160.0,-300077497#8,4
1160.0,-35274074#2,12
1160.0,-360018417,5
1160.0,-51362430,15
1160.0,-593847703#3,35
1160.0,-593847704#2,1
1160.0,-594658757#2,9
1160.0,-E0,18
1160.0,1068234498#0,35
1160.0,1068440001,5
1160.0,1068440004#1,32
1160.0,1334904386#0,8
1160.0,182334378#0,21
1160.0,196961377#0,25
1160.0,238526531#0,26
1160.0,244450512#1,2
1160.0,260881642#0,3
1160.0,300077497#0,13
1160.0,30620492#0,18
1160.0,30620492#1,5
1160.0,484988951#0,5
1160.0,49073226#2,4
1160.0,49695736#0,2
1160.0,506322842#0,16
1160.0,506322844#0,7
1160.0,506322846#2,2
1160.0,506322853#0,19
1160.0,51362429#0,18
1160.0,51362430,1
1160.0,593844221#0,1
1160.0,593847702#0,7
1160.0,593849711#0,1
1160.0,593849711#2,17
1160.0,594658760#0,1
1160.0,668037874,4
1160.0,:3086736518_0,3
1160.0,:3086736518_4,1
1160.0,:3086736518_6,1
1160.0,:655375232_2,4
1160.0,:655375232_6,2
1160.0,:655375232_8,1
1160.0,:655375233_4,6
1160.0,:655375233_8,2
1160.0,:655375238_1,1
1160.0,:655375238_5,1
1160.0,:656132414_2,1
1160.0,:cluster11510670762_4554226152_0,1
1160.0,:cluster619136880_619136881_cluster_4510442270_5296993511_5296993513_619136931_#1more_12,1
1160.0,:cluster_2038168688_655375573_25,1
1160.0,:cluster_2664674491_655375287_655375288_5,1
1160.0,:cluster_3208478133_655375293_655375296_9631728504_#1more_8,5
1180.0,-300077497#5,27
1180.0,-300077497#8,4
1180.0,-35274074#2,11
1180.0,-360018417,1
1180.0,-51362429#1,1
1180.0,-51362430,16
1180.0,-593847703#3,35
1180.0,-594658757#2,9
1180.0,-E0,18
1180.0,1068234498#0,35
1180.0,1068440001,9
1180.0,1068440004#1,32
1180.0,1068440006#0,2
1180.0,182334378#0,21
1180.0,196961377#0,27
1180.0,238526531#0,26
1180.0,244450512#1,2
1180.0,260881642#0,3
1180.0,263217604#0,2
1180.0,300077497#0,12
1180.0,300077497#6,1
1180.0,303647015#0,6
1180.0,30620492#0,18
1180.0,30620492#1,5
1180.0,35274074#0,3
1180.0,484988951#0,4
1180.0,49073226#2,4
1180.0,49073272#4,4
1180.0,506322842#0,16
1180.0,506322844#0,5
1180.0,506322853#0,19
1180.0,51362429#0,15
1180.0,51362430,1
1180.0,593844221#0,1
1180.0,593847703#0,4
1180.0,593849711#2,17
1180.0,593849718#0,4
1180.0,594658760#0,1
1180.0,668037874,4
1180.0,:3086736518_0,2
1180.0,:3086736518_4,1
1180.0,:3086736518_6,1
1180.0,:655375232_2,3
1180.0,:655375233_0,2
1180.0,:655375233_4,6
1180.0,:655375233_8,2
1180.0,:655375238_0,1
1180.0,:cluster11510670762_4554226152_0,1
1180.0,:cluster3086736522_655375108_655375247_655375401_#1more_8,2
1180.0,:cluster622618015_622618108_622618112_622618144_#2more_31,3
1180.0,:cluster_2038168688_655375573_25,1
1180.0,:cluster_2664674491_655375287_655375288_5,1
1180.0,:cluster_3208478133_655375293_655375296_9631728504_#1more_8,5
1200.0,-300077497#5,27
1200.0,-300077497#8,4
1200.0,-35274074#2,12
1200.0,-51362429#1,1
1200.0,-51362430,19
1200.0,-593847703#3,35
1200.0,-594658757#2,8
1200.0,-E0,18
1200.0,1068234498#0,35
1200.0,1068440001,9
1200.0,1068440004#1,32
1200.0,1068440006#0,1
1200.0,182334378#0,20
1200.0,196961377#0,27
1200.0,232003903#0,1
1200.0,238526531#0,26
1200.0,244450512#1,3
1200.0,260881642#0,2
1200.0,263217604#0,2
1200.0,300077497#0,5
1200.0,300077497#6,3
1200.0,30620492#0,18
1200.0,30620492#1,5
1200.0,35274074#0,8
1200.0,484988951#0,4
1200.0,49073226#2,5
1200.0,506322842#0,15
1200.0,506322844#0,5
1200.0,506322853#0,19
1200.0,51362429#0,12
1200.0,593847703#0,12
1200.0,593849711#2,13
1200.0,668037874,4
1200.0,:3086736518_0,1
1200.0,:3086736518_4,1
1200.0,:3086736518_6,1
1200.0,:655375232_11,1
1200.0,:655375232_2,1
1200.0,:655375232_6,2
1200.0,:655375233_4,6
1200.0,:655375233_8,2
1200.0,:655375238_6,1
1200.0,:cluster11510670762_4554226152_0,1
1200.0,:cluster3086736522_655375108_655375247_655375401_#1more_11,1
1200.0,:cluster655375336_end_0_655375336_end_1_655375336_end_10_655375336_end_11_#8more_10,1
1200.0,:cluster655375336_end_0_655375336_end_1_655375336_end_10_655375336_end_11_#8more_12,1
1200.0,:cluster655375336_end_0_655375336_end_1_655375336_end_10_655375336_end_11_#8more_25,2
1200.0,:cluster_2038168688_655375573_30,1
1200.0,:cluster_3208478133_655375293_655375296_9631728504_#1more_8,4
1220.0,-300077497#5,27
1220.0,-300077497#8,4
1220.0,-35274074#2,11
1220.0,-360018417,5
1220.0,-51362429#1,6
1220.0,-51362430,19
1220.0,-593847703#3,30
1220.0,-594658757#2,2
1220.0,-E0,19
1220.0,1068234498#0,35
1220.0,1068440001,8
1220.0,1068440004#1,32
1220.0,1068440006#0,3
1220.0,1334904386#0,1
1220.0,182334378#0,18
1220.0,196961377#0,20
1220.0,238526531#0,26
1220.0,244450512#1,3
1220.0,263217604#0,2
1220.0,300077497#0,2
1220.0,300077497#6,1
1220.0,303647015#0,9
1220.0,30620492#0,18
1220.0,30620492#1,5
1220.0,35274074#0,10
1220.0,484988951#0,4
1220.0,49073226#2,7
1220.0,49073272#4,2
1220.0,49695736#0,6
1220.0,506322842#0,15
1220.0,506322844#0,5
1220.0,506322853#0,19
1220.0,51362429#0,12
1220.0,51362430,1
1220.0,593847703#0,6
1220.0,593849711#2,13
1220.0,668037874,4
1220.0,:3086736518_0,1
1220.0,:3086736518_3,1
1220.0,:3086736518_4,1
1220.0,:3086736518_6,1
1220.0,:655375232_2,1
1220.0,:655375232_8,1
1220.0,:655375233_2,1
1220.0,:655375233_4,4
1220.0,:655375233_8,2
1220.0,:cluster11510670762_4554226152_0,2
1220.0,:cluster655375336_end_0_655375336_end_1_655375336_end_10_655375336_end_11_#8more_12,1
1220.0,:cluster655375336_end_0_655375336_end_1_655375336_end_10_655375336_end_11_#8more_40,1
1220.0,:cluster_2038168688_655375573_23,1
1220.0,:cluster_2038168688_655375573_3,1
1220.0,:cluster_2038168688_655375573_30,1
1220.0,:cluster_2038168688_655375573_6,2
1220.0,:cluster_2528018119_655375236_3,2
1240.0,-300077497#5,26
1240.0,-300077497#8,4
1240.0,-35274074#2,12
1240.0,-360018417,5
1240.0,-51362429#1,9
1240.0,-51362430,19
1240.0,-593847703#3,29
1240.0,-594658757#2,6
1240.0,-E0,19
1240.0,1068234498#0,35
1240.0,1068440001,8
1240.0,1068440004#1,26
1240.0,1068440006#0,3
1240.0,1334904386#0,4
1240.0,182334378#0,11
1240.0,186602412#0,2
1240.0,196961377#0,21
1240.0,238526531#0,26
1240.0,244450512#1,3
1240.0,300077497#0,7
1240.0,30620492#0,18
1240.0,30620492#1,5
1240.0,35274074#0,2
1240.0,484988951#0,4
1240.0,49073226#2,7
1240.0,49695736#0,6
1240.0,506322842#0,15
1240.0,506322844#0,5
1240.0,506322846#0,8
1240.0,506322853#0,19
1240.0,51362429#0,14
1240.0,593847702#0,5
1240.0,593847704#0,3
1240.0,593849711#2,15
1240.0,594658757#0,1
1240.0,594658760#0,1
1240.0,668037874,4
1240.0,:1973482489_3,1
1240.0,:3086736518_0,1
1240.0,:3086736518_4,1
1240.0,:3086736518_6,1
1240.0,:655375232_2,1
1240.0,:655375233_8,4
1240.0,:655375238_6,1
1240.0,:cluster11510670762_4554226152_0,2
1240.0,:cluster619136880_619136881_cluster_4510442270_5296993511_5296993513_619136931_#1more_12,2
1240.0,:cluster655375336_end_0_655375336_end_1_655375336_end_10_655375336_end_11_#8more_12,2
1240.0,:cluster655375336_end_0_655375336_end_1_655375336_end_10_655375336_end_11_#8more_40,1
1240.0,:cluster_2038168688_655375573_23,1
1240.0,:cluster_2038168688_655375573_3,1
1240.0,:cluster_2038168688_655375573_6,1
1240.0,:cluster_2528018119_655375236_17,1
1260.0,-300077497#5,25
1260.0,-300077497#8,4
1260.0,-35274074#2,12
1260.0,-360018417,5
1260.0,-51362429#1,9
1260.0,-51362430,19
1260.0,-593847703#3,30
1260.0,-594658757#2,8
1260.0,-E0,19
1260.0,1068234498#0,35
1260.0,1068440001,8
1260.0,1068440004#1,25
1260.0,1334904386#0,5
1260.0,182334378#0,18
1260.0,186602412#0,6
1260.0,196961377#0,26
1260.0,232003903#0,2
1260.0,238526531#0,26
1260.0,244450512#1,3
1260.0,30620492#0,18
1260.0,30620492#1,5
1260.0,35274074#0,4
1260.0,484988951#0,4
1260.0,49073226#2,8
1260.0,49695736#0,6
1260.0,506322842#0,18
1260.0,506322844#0,5
1260.0,506322846#0,10
1260.0,506322853#0,19
1260.0,51362429#0,17
1260.0,593847702#0,15
1260.0,593847704#0,3
1260.0,593849711#2,15
1260.0,594658757#0,1
1260.0,594658760#0,1
1260.0,668037874,4
1260.0,:3086736518_0,1
1260.0,:3086736518_4,1
1260.0,:3086736518_6,1
1260.0,:655375232_2,1
1260.0,:cluster11510670762_4554226152_0,2
1260.0,:cluster655375336_end_0_655375336_end_1_655375336_end_10_655375336_end_11_#8more_47,1
1260.0,:cluster_2038168688_655375573_23,1
1280.0,-300077497#5,27
1280.0,-300077497#8,4
1280.0,-35274074#2,11
1280.0,-51362429#1,9
1280.0,-51362430,19
1280.0,-593847703#3,30
1280.0,-594658757#2,13
1280.0,-E0,19
1280.0,1068234498#0,35
1280.0,1068440001,8
1280.0,1068440004#1,33
1280.0,182334378#0,12
1280.0,186602412#0,4
1280.0,196961377#0,27
1280.0,238526531#0,26
1280.0,244450512#1,3
1280.0,288878926#0,6
1280.0,300077497#0,6
1280.0,303647015#0,4
1280.0,30620492#0,18
1280.0,30620492#1,5
1280.0,35274074#0,4
1280.0,484988951#0,5
1280.0,49073226#2,1
1280.0,49073272#1,1
1280.0,49073272#4,4
1280.0,506322842#0,17
1280.0,506322844#0,4
1280.0,506322846#0,10
1280.0,506322846#2,3
1280.0,506322853#0,19
1280.0,51362429#0,15
1280.0,51362430,2
1280.0,593847704#0,3
1280.0,593849711#2,15
1280.0,593849718#0,6
1280.0,594658757#0,1
1280.0,594658760#0,1
1280.0,668037874,4
1280.0,:1973482489_8,1
1280.0,:3086736518_0,1
1280.0,:3086736518_4,1
1280.0,:3086736518_6,1
1280.0,:655375232_2,2
1280.0,:655375233_0,1
1280.0,:655375238_2,1
1280.0,:cluster11510670762_4554226152_0,2
1280.0,:cluster622618015_622618108_622618112_622618144_#2more_31,1
1280.0,:cluster655375336_end_0_655375336_end_1_655375336_end_10_655375336_end_11_#8more_12,2
1280.0,:cluster655375336_end_0_655375336_end_1_655375336_end_10_655375336_end_11_#8more_40,1
1280.0,:cluster_623980147_623980152_4,1
1300.0,-300077497#5,27
1300.0,-300077497#8,4
1300.0,-35274074#2,11
1300.0,-360018417,2
1300.0,-51362429#1,2
1300.0,-51362430,19
1300.0,-593847703#3,30
1300.0,-594658757#2,10
1300.0,-E0,19
1300.0,1068234498#0,35
1300.0,1068234499#0,2
1300.0,1068440001,8
1300.0,1068440004#1,33
1300.0,1239087514,1
1300.0,1334904386#0,5
1300.0,182334378#0,9
1300.0,186602412#0,3
1300.0,196961377#0,23
1300.0,238526531#0,25
1300.0,244450512#1,3
1300.0,288135626#0,4
1300.0,288878926#0,9
1300.0,303647015#0,4
1300.0,30620492#0,18
1300.0,30620492#1,5
1300.0,35274074#0,10
1300.0,484988951#0,4
1300.0,49073226#2,3
1300.0,49073264#0,1
1300.0,49073272#3,1
1300.0,49073272#4,1
1300.0,506322842#0,16
1300.0,506322844#0,7
1300.0,506322846#0,2
1300.0,506322846#2,3
1300.0,506322851#0,4
1300.0,506322853#0,19
1300.0,51362429#0,11
1300.0,593847703#0,8
1300.0,593847705,1
1300.0,593849711#2,15
1300.0,593849718#0,2
1300.0,594658757#0,1
1300.0,594658760#0,1
1300.0,668037874,4
1300.0,:3086736518_4,1
1300.0,:3086736518_6,1
1300.0,:619136999_2,1
1300.0,:655375238_2,1
1300.0,:655375238_3,1
1300.0,:cluster11510670762_4554226152_0,2
1300.0,:cluster3086736522_655375108_655375247_655375401_#1more_11,2
1300.0,:cluster655375336_end_0_655375336_end_1_655375336_end_10_655375336_end_11_#8more_12,2
1300.0,:cluster655375336_end_0_655375336_end_1_655375336_end_10_655375336_end_11_#8more_40,1
1300.0,:cluster_2038168688_655375573_30,1
1300.0,:cluster_3431431575_4777363357_655375231_6982059025_3,2
1300.0,:cluster_623980147_623980152_4,1
1320.0,-300077497#5,27
1320.0,-300077497#8,4
1320.0,-35274074#2,11
1320.0,-360018417,5
1320.0,-49073264#1,1
1320.0,-51362429#1,1
1320.0,-51362430,15
1320.0,-593847703#3,27
1320.0,-593847704#2,1
1320.0,-594658757#2,11
1320.0,-E0,19
1320.0,1068234498#0,34
1320.0,1068234499#0,7
1320.0,1068440001,6
1320.0,1068440004#1,33
1320.0,1334904386#0,6
1320.0,182334378#0,12
1320.0,196961377#0,20
1320.0,238526531#0,25
1320.0,244450512#1,3
1320.0,260881642#0,3
1320.0,288878926#0,12
1320.0,300077497#0,7
1320.0,303647015#0,5
1320.0,30620492#0,18
1320.0,30620492#1,5
1320.0,35274074#0,2
1320.0,360018417,1
1320.0,484988951#0,3
1320.0,49073226#2,5
1320.0,49695736#0,1
1320.0,506322842#0,16
1320.0,506322844#0,7
1320.0,506322846#0,3
1320.0,506322846#2,5
1320.0,506322851#2,4
1320.0,506322853#0,18
1320.0,51362429#0,13
1320.0,593844221#0,1
1320.0,593847705,1
1320.0,593849711#2,12
1320.0,594658757#0,1
1320.0,594658760#0,1
1320.0,668037874,4
1320.0,:3086736518_4,1
1320.0,:3086736518_6,1
1320.0,:655375233_4,2
1320.0,:655375238_2,1
1320.0,:655375238_3,1
1320.0,:656132414_2,1
1320.0,:cluster11510670762_4554226152_0,1
1320.0,:cluster622618015_622618108_622618112_622618144_#2more_2,1
1320.0,:cluster622618015_622618108_622618112_622618144_#2more_45,1
1320.0,:cluster655375336_end_0_655375336_end_1_655375336_end_10_655375336_end_11_#8more_40,2
1320.0,:cluster_2038168688_655375573_23,1
1320.0,:cluster_2038168688_655375573_3,2
1320.0,:cluster_2038168688_655375573_30,1
1320.0,:cluster_2038168688_655375573_6,2
1320.0,:cluster_3208478133_655375293_655375296_9631728504_#1more_8,4
1320.0,:cluster_3431431575_4777363357_655375231_6982059025_3,1
1320.0,:cluster_3431431575_4777363357_655375231_6982059025_5,1
1320.0,:cluster_5372642442_631668976_631668981_631669076_45,1
1340.0,-300077497#5,26
1340.0,-300077497#8,4
1340.0,-35274074#2,11
1340.0,-360018417,5
1340.0,-49073264#1,1
1340.0,-51362429#1,6
1340.0,-51362430,14
1340.0,-593847703#3,24
1340.0,-593847704#2,4
1340.0,-594658757#2,11
1340.0,-E0,19
1340.0,1068234498#0,33
1340.0,1068234499#0,7
1340.0,1068440001,8
1340.0,1068440004#1,31
1340.0,1334904386#0,8
1340.0,182334378#0,13
1340.0,186602412#0,5
1340.0,196961377#0,26
1340.0,238526531#0,27
1340.0,244450512#1,2
1340.0,260881642#0,3
1340.0,288878926#0,4
1340.0,30620492#0,18
1340.0,30620492#1,5
1340.0,35274074#0,4
1340.0,484988951#0,3
1340.0,49073226#2,8
1340.0,49695736#0,3
1340.0,506322842#0,22
1340.0,506322844#0,7
1340.0,506322846#0,4
1340.0,506322846#2,5
1340.0,506322851#2,4
1340.0,506322853#0,18
1340.0,51362429#0,15
1340.0,593844221#0,1
1340.0,593847704#0,1
1340.0,593847705,1
1340.0,593849711#2,15
1340.0,594658757#0,1
1340.0,594658760#0,1
1340.0,668037874,4
1340.0,:1973482489_8,1
1340.0,:655375233_4,1
1340.0,:655375233_8,2
1340.0,:655375238_2,1
1340.0,:655375238_3,1
1340.0,:cluster11510670762_4554226152_0,1
1340.0,:cluster622618015_622618108_622618112_622618144_#2more_49,1
1340.0,:cluster655375336_end_0_655375336_end_1_655375336_end_10_655375336_end_11_#8more_40,2
1340.0,:cluster_2038168688_655375573_3,1
1340.0,:cluster_2038168688_655375573_30,1
1340.0,:cluster_2038168688_655375573_6,2
1340.0,:cluster_2664674491_655375287_655375288_5,1
1340.0,:cluster_3208478133_655375293_655375296_9631728504_#1more_8,4
1340.0,:cluster_3431431575_4777363357_655375231_6982059025_5,1
1360.0,-300077497#5,26
1360.0,-300077497#8,3
1360.0,-35274074#2,11
1360.0,-360018417,1
1360.0,-49073264#1,1
1360.0,-51362429#1,6
1360.0,-51362430,18
1360.0,-593847703#3,26
1360.0,-594658757#2,11
1360.0,-E0,19
1360.0,1068234498#0,33
1360.0,1068234499#0,5
1360.0,1068440001,8
1360.0,1068440004#1,28
1360.0,1334904386#0,2
1360.0,182334378#0,20
1360.0,182334379#0,1
1360.0,186602412#0,5
1360.0,196961377#0,28
1360.0,238526531#0,26
1360.0,244450512#1,2
1360.0,260881642#0,3
1360.0,263217604#0,2
1360.0,288878926#0,4
1360.0,300077497#0,1
1360.0,303647015#0,5
1360.0,30620492#0,18
1360.0,30620492#1,5
1360.0,35274074#0,1
1360.0,484988951#0,4
1360.0,49073226#2,8
1360.0,49073272#4,3
1360.0,506322842#0,19
1360.0,506322844#0,5
1360.0,506322846#0,6
1360.0,506322851#0,3
1360.0,506322851#2,3
1360.0,506322853#0,19
1360.0,51362429#0,17
1360.0,593844221#0,1
1360.0,593847704#0,1
1360.0,593847705,1
1360.0,593849711#2,16
1360.0,594658757#0,1
1360.0,594658760#0,1
1360.0,668037874,4
1360.0,:3208478121_0,1
1360.0,:655375233_4,1
1360.0,:655375233_8,7
1360.0,:655375238_2,1
1360.0,:655375238_3,1
1360.0,:655375238_5,1
1360.0,:cluster11510670762_4554226152_0,1
1360.0,:cluster3086736522_655375108_655375247_655375401_#1more_8,3
1360.0,:cluster_2038168688_655375573_30,1
1360.0,:cluster_2038168688_655375573_6,2
1360.0,:cluster_2528018119_655375236_32,1
1360.0,:cluster_2664674491_655375287_655375288_5,1
1360.0,:cluster_3208478133_655375293_655375296_9631728504_#1more_8,5
1360.0,:cluster_5372642442_631668976_631668981_631669076_33,2
1360.0,:cluster_9383263990_9383263991_9383263992_9383263993_7,1
1380.0,-300077497#5,27
1380.0,-300077497#8,4
1380.0,-35274074#2,11
1380.0,-51362429#1,6
1380.0,-51362430,17
1380.0,-593847703#3,26
1380.0,-594658757#2,10
1380.0,-E0,18
1380.0,1068234498#0,33
1380.0,1068234499#0,5
1380.0,1068440001,9
1380.0,1068440004#1,33
1380.0,182334378#0,23
1380.0,182334379#0,1
1380.0,196961377#0,28
1380.0,238526531#0,26
1380.0,244450512#1,3
1380.0,260881642#0,3
1380.0,263217604#0,2
1380.0,288135626#0,1
1380.0,288878926#0,4
1380.0,300077497#0,1
1380.0,303647015#0,4
1380.0,30620492#0,18
1380.0,30620492#1,5
1380.0,35274074#0,1
1380.0,484988951#0,4
1380.0,49073226#2,8
1380.0,506322842#0,16
1380.0,506322844#0,5
1380.0,506322846#2,3
1380.0,506322851#0,1
1380.0,506322851#2,8
1380.0,506322853#0,19
1380.0,51362429#0,17
1380.0,593844221#0,1
1380.0,593847705,1
1380.0,593849711#2,16
1380.0,594658757#0,1
1380.0,594658760#0,1
1380.0,668037874,4
1380.0,:3086736518_6,1
1380.0,:655375233_4,1
1380.0,:655375233_8,7
1380.0,:655375238_1,1
1380.0,:655375238_3,1
1380.0,:655375238_5,1
1380.0,:cluster11510670762_4554226152_0,1
1380.0,:cluster3086736522_655375108_655375247_655375401_#1more_11,1
1380.0,:cluster622618015_622618108_622618112_622618144_#2more_17,1
1380.0,:cluster622618015_622618108_622618112_622618144_#2more_39,1
1380.0,:cluster_2038168688_655375573_24,1
1380.0,:cluster_2038168688_655375573_30,1
1380.0,:cluster_2038168688_655375573_6,1
1380.0,:cluster_3208478133_655375293_655375296_9631728504_#1more_8,5
1380.0,:cluster_5372642442_631668976_631668981_631669076_33,1
1380.0,:cluster_5372642442_631668976_631668981_631669076_36,1
1380.0,:cluster_5372642442_631668976_631668981_631669076_47,1
1400.0,-300077497#5,25
1400.0,-300077497#8,4
1400.0,-35274074#2,11
1400.0,-360018417,5
1400.0,-51362429#1,6
1400.0,-51362430,19
1400.0,-593847703#3,27
1400.0,-E0,19
1400.0,1068234498#0,33
1400.0,1068234499#0,8
1400.0,1068440001,8
1400.0,1068440004#1,33
1400.0,182334378#0,24
1400.0,182334379#0,1
1400.0,186602412#0,2
1400.0,196961377#0,20
1400.0,196961377#3,1
1400.0,238526531#0,26
1400.0,244450512#1,3
1400.0,263217604#0,2
1400.0,288878926#0,4
1400.0,300077497#0,1
1400.0,303647015#0,8
1400.0,30620492#0,18
1400.0,30620492#1,5
1400.0,484988951#0,3
1400.0,49073226#2,8
1400.0,49073272#4,2
1400.0,49695736#0,5
1400.0,506322842#0,16
1400.0,506322844#0,5
1400.0,506322851#0,4
1400.0,506322851#2,8
1400.0,506322853#0,19
1400.0,51362429#0,13
1400.0,593849711#2,16
1400.0,594658757#0,1
1400.0,594658760#0,1
1400.0,668037874,4
1400.0,:2444664370_0,1
1400.0,:3086736518_0,1
1400.0,:3086736518_6,1
1400.0,:655375232_2,3
1400.0,:655375233_0,2
1400.0,:655375233_4,1
1400.0,:655375233_8,7
1400.0,:655375238_1,1
1400.0,:655375238_3,1
1400.0,:655375238_5,1
1400.0,:cluster11510670762_4554226152_0,2
1400.0,:cluster3086736522_655375108_655375247_655375401_#1more_11,2
1400.0,:cluster655375336_end_0_655375336_end_1_655375336_end_10_655375336_end_11_#8more_12,1
1400.0,:cluster655375336_end_0_655375336_end_1_655375336_end_10_655375336_end_11_#8more_25,1
1400.0,:cluster655375336_end_0_655375336_end_1_655375336_end_10_655375336_end_11_#8more_40,1
1400.0,:cluster_2038168688_655375573_23,1
1400.0,:cluster_2038168688_655375573_30,1
1420.0,-300077497#5,25
1420.0,-300077497#8,4
1420.0,-35274074#2,11
1420.0,-360018417,5
1420.0,-51362429#1,9
1420.0,-51362430,19
1420.0,-593847703#3,26
1420.0,-594658757#2,5
1420.0,-E0,19
1420.0,1068234498#0,33
1420.0,1068234499#0,9
1420.0,1068440001,8
1420.0,1068440004#1,33
1420.0,1334904386#0,3
1420.0,182334378#0,17
1420.0,186602412#0,1
1420.0,196961377#0,22
1420.0,238526531#0,27
1420.0,244450512#1,3
1420.0,244450512#4,1
1420.0,300077497#0,1
1420.0,303647015#0,1
1420.0,30620492#0,17
1420.0,30620492#1,5
1420.0,484988951#0,3
1420.0,49073226#2,8
1420.0,49695736#0,6
1420.0,506322842#0,16
1420.0,506322844#0,5
1420.0,506322851#0,4
1420.0,506322851#2,8
1420.0,506322853#0,19
1420.0,51362429#0,16
1420.0,593849711#2,12
1420.0,594658757#0,2
1420.0,594658760#0,1
1420.0,:3086736518_0,1
1420.0,:3086736518_6,1
1420.0,:655375232_2,3
1420.0,:655375232_6,1
1420.0,:655375233_0,2
1420.0,:655375233_2,1
1420.0,:655375233_4,2
1420.0,:655375233_8,7
1420.0,:655375238_1,1
1420.0,:655375238_3,1
1420.0,:655375238_5,1
1420.0,:cluster11510670762_4554226152_0,2
1420.0,:cluster619136880_619136881_cluster_4510442270_5296993511_5296993513_619136931_#1more_12,1
1420.0,:cluster619136880_619136881_cluster_4510442270_5296993511_5296993513_619136931_#1more_8,1
1420.0,:cluster622618015_622618108_622618112_622618144_#2more_49,1
1420.0,:cluster655375336_end_0_655375336_end_1_655375336_end_10_655375336_end_11_#8more_40,1
1420.0,:cluster_2038168688_655375573_30,1
1440.0,-300077497#5,27
1440.0,-300077497#8,4
1440.0,-35274074#2,10
1440.0,-360018417,5
1440.0,-51362429#1,9
1440.0,-51362430,19
1440.0,-593847703#3,22
1440.0,-594658757#2,5
1440.0,-E0,19
1440.0,1068234498#0,33
1440.0,1068234499#0,9
1440.0,1068440001,8
1440.0,1068440004#1,33
1440.0,1334904386#0,9
1440.0,182334378#0,16
1440.0,196961377#0,24
1440.0,238526531#0,27
1440.0,244450512#1,3
1440.0,244450512#5,1
1440.0,300077497#6,1
1440.0,30620492#0,18
1440.0,30620492#1,5
1440.0,35274074#0,2
1440.0,484988951#0,4
1440.0,49073226#2,8
1440.0,49695736#0,6
1440.0,506322842#0,16
1440.0,506322844#0,5
1440.0,506322851#0,4
1440.0,506322851#2,8
1440.0,506322853#0,19
1440.0,51362429#0,17
1440.0,593847702#0,1
1440.0,593849711#2,16
1440.0,594658757#0,2
1440.0,594658760#0,1
1440.0,:3086736518_0,1
1440.0,:3086736518_6,1
1440.0,:655375232_2,3
1440.0,:655375232_6,1
1440.0,:655375233_0,2
1440.0,:655375233_4,6
1440.0,:655375233_8,7
1440.0,:655375238_3,1
1440.0,:cluster11510670762_4554226152_0,2
1440.0,:cluster_2038168688_655375573_30,1
1460.0,-300077497#5,27
1460.0,-300077497#8,4
1460.0,-35274074#2,12
1460.0,-51362429#1,9
1460.0,-51362430,19
1460.0,-593847703#3,22
1460.0,-594658757#2,5
1460.0,-E0,19
1460.0,1068234498#0,33
1460.0,1068234499#0,9
1460.0,1068440001,8
1460.0,1068440004#1,33
1460.0,182334378#0,17
1460.0,196961377#0,24
1460.0,238526531#0,25
1460.0,244450512#1,3
1460.0,244450512#5,1
1460.0,300077497#0,6
1460.0,300077497#6,2
1460.0,303647015#0,7
1460.0,30620492#0,18
1460.0,30620492#1,5
1460.0,35274074#0,2
1460.0,484988951#0,4
1460.0,49073226#2,8
1460.0,49073272#4,4
1460.0,506322842#0,15
1460.0,506322844#0,5
1460.0,506322847#0,1
1460.0,506322851#0,4
1460.0,506322851#2,8
1460.0,506322853#0,19
1460.0,51362429#0,17
1460.0,593849711#2,18
1460.0,594658757#0,2
1460.0,594658760#0,1
1460.0,:3086736518_0,1
1460.0,:3086736518_6,1
1460.0,:655375232_2,3
1460.0,:655375232_6,1
1460.0,:655375233_0,2
1460.0,:655375233_4,6
1460.0,:655375233_8,7
1460.0,:cluster11510670762_4554226152_0,2
1460.0,:cluster3086736522_655375108_655375247_655375401_#1more_8,1
1460.0,:cluster655375336_end_0_655375336_end_1_655375336_end_10_655375336_end_11_#8more_10,1
1460.0,:cluster655375336_end_0_655375336_end_1_655375336_end_10_655375336_end_11_#8more_12,1
1460.0,:cluster655375336_end_0_655375336_end_1_655375336_end_10_655375336_end_11_#8more_40,1
1460.0,:cluster_2038168688_655375573_30,1
1480.0,-300077497#5,27
1480.0,-300077497#8,4
1480.0,-35274074#2,12
1480.0,-360018417,2
1480.0,-506322847#4,1
1480.0,-51362429#1,9
1480.0,-51362430,19
1480.0,-593847703#3,22
1480.0,-594658757#2,3
1480.0,-E0,19
1480.0,1068234498#0,33
1480.0,1068234499#0,9
1480.0,1068440001,8
1480.0,1068440004#1,33
1480.0,1334904386#0,6
1480.0,182334378#0,10
1480.0,196961377#0,23
1480.0,238526531#0,25
1480.0,244450512#1,3
1480.0,244450512#5,1
1480.0,303647015#0,4
1480.0,30620492#0,18
1480.0,30620492#1,5
1480.0,35274074#0,7
1480.0,484988951#0,4
1480.0,49073226#2,8
1480.0,49073272#4,1
1480.0,506322842#0,15
1480.0,506322844#0,5
1480.0,506322851#0,4
1480.0,506322851#2,8
1480.0,506322853#0,13
1480.0,51362429#0,17
1480.0,593849711#2,18
1480.0,594658757#0,2
1480.0,594658760#0,1
1480.0,668037874,1
1480.0,:3086736518_0,1
1480.0,:3086736518_6,1
1480.0,:619136999_2,1
1480.0,:655375232_2,3
1480.0,:655375232_6,1
1480.0,:655375233_0,2
1480.0,:655375233_4,6
1480.0,:655375233_8,7
1480.0,:655375238_6,1
1480.0,:cluster11510670762_4554226152_0,2
1480.0,:cluster3086736522_655375108_655375247_655375401_#1more_11,2
1480.0,:cluster619136880_619136881_cluster_4510442270_5296993511_5296993513_619136931_#1more_8,1
1480.0,:cluster619136899_619136900_cluster_619136929_619136942_6,1
1480.0,:cluster655375336_end_0_655375336_end_1_655375336_end_10_655375336_end_11_#8more_10,1
1480.0,:cluster655375336_end_0_655375336_end_1_655375336_end_10_655375336_end_11_#8more_40,1
1480.0,:cluster_2038168688_655375573_30,1
1500.0,-300077497#5,26
1500.0,-300077497#8,4
1500.0,-35274074#2,12
1500.0,-360018417,5
1500.0,-51362429#1,9
1500.0,-51362430,17
1500.0,-593847703#3,22
1500.0,-594658757#2,2
1500.0,-E0,19
1500.0,1068234498#0,32
1500.0,1068234499#0,9
1500.0,1068440001,4
1500.0,1068440004#1,33
1500.0,1334904386#0,10
1500.0,182334378#0,9
1500.0,196961377#0,22
1500.0,238526531#0,26
1500.0,244450512#1,1
1500.0,260881642#0,3
1500.0,288878926#0,2
1500.0,303647015#0,4
1500.0,30620492#0,18
1500.0,30620492#1,5
1500.0,484988951#0,4
1500.0,49073226#2,6
1500.0,49695736#0,1
1500.0,506322842#0,15
1500.0,506322844#0,5
1500.0,506322846#0,4
1500.0,506322851#0,2
1500.0,506322851#2,6
1500.0,506322853#0,17
1500.0,51362429#0,17
1500.0,51362430,1
1500.0,593844221#0,1
1500.0,593849711#2,18
1500.0,594658757#0,2
1500.0,594658760#0,1
1500.0,:1973482489_8,1
1500.0,:3086736518_0,1
1500.0,:3086736518_6,1
1500.0,:655375232_2,4
1500.0,:655375232_6,1
1500.0,:655375233_0,2
1500.0,:655375233_4,6
1500.0,:655375233_8,7
1500.0,:656132414_2,1
1500.0,:cluster11510670762_4554226152_0,2
1500.0,:cluster619136880_619136881_cluster_4510442270_5296993511_5296993513_619136931_#1more_12,1
1500.0,:cluster655375336_end_0_655375336_end_1_655375336_end_10_655375336_end_11_#8more_10,1
1500.0,:cluster655375336_end_0_655375336_end_1_655375336_end_10_655375336_end_11_#8more_12,1
1500.0,:cluster655375336_end_0_655375336_end_1_655375336_end_10_655375336_end_11_#8more_40,1
1500.0,:cluster655375336_end_0_655375336_end_1_655375336_end_10_655375336_end_11_#8more_6,1
1500.0,:cluster_2038168688_655375573_23,1
1500.0,:cluster_2038168688_655375573_3,1
1500.0,:cluster_2038168688_655375573_30,1
1500.0,:cluster_2038168688_655375573_6,2
1500.0,:cluster_2528018119_655375236_17,1
1500.0,:cluster_2664674491_655375287_655375288_5,1
1500.0,:cluster_3208478133_655375293_655375296_9631728504_#1more_8,3
1520.0,-300077497#5,25
1520.0,-300077497#8,4
1520.0,-35274074#2,12
1520.0,-360018417,5
1520.0,-51362429#1,5
1520.0,-51362430,13
1520.0,-593847703#3,23
1520.0,-594658757#2,4
1520.0,-E0,19
1520.0,1068234498#0,32
1520.0,1068234499#0,9
1520.0,1068440001,7
1520.0,1068440004#1,33
1520.0,1334904386#0,12
1520.0,182334378#0,17
1520.0,186602412#0,4
1520.0,196961377#0,23
1520.0,232003903#0,1
1520.0,238526531#0,26
1520.0,244450512#1,2
1520.0,260881642#0,3
1520.0,288878926#0,5
1520.0,30620492#0,18
1520.0,30620492#1,5
1520.0,484988951#0,5
1520.0,49073226#2,4
1520.0,49695736#0,2
1520.0,506322842#0,15
1520.0,506322844#0,5
1520.0,506322851#2,6
1520.0,506322853#0,19
1520.0,51362429#0,17
1520.0,593844221#0,2
1520.0,593849711#2,15
1520.0,594658757#0,2
1520.0,594658760#0,1
1520.0,:1973482489_8,1
1520.0,:3086736518_0,1
1520.0,:3086736518_6,1
1520.0,:655375232_11,1
1520.0,:655375232_2,4
1520.0,:655375232_6,1
1520.0,:655375233_0,2
1520.0,:655375233_4,6
1520.0,:655375233_8,7
1520.0,:cluster11510670762_4554226152_0,1
1520.0,:cluster_2038168688_655375573_30,1
1520.0,:cluster_2038168688_655375573_6,2
1520.0,:cluster_2528018119_655375236_17,1
1520.0,:cluster_2664674491_655375287_655375288_5,1
1520.0,:cluster_3208478133_655375293_655375296_9631728504_#1more_8,5
1520.0,:cluster_3431431575_4777363357_655375231_6982059025_3,1
1520.0,:cluster_623980147_623980152_9,1
1540.0,-300077497#5,26
1540.0,-300077497#8,4
1540.0,-35274074#2,11
1540.0,-360018417,1
1540.0,-51362429#1,4
1540.0,-51362430,16
1540.0,-593847703#3,26
1540.0,-594658757#2,4
1540.0,-E0,19
1540.0,1068234498#0,32
1540.0,1068234499#0,7
1540.0,1068440001,6
1540.0,1068440004#1,33
1540.0,1334904386#0,6
1540.0,182334378#0,17
1540.0,182334379#0,1
1540.0,196961377#0,23
1540.0,232003903#0,1
1540.0,238526531#0,25
1540.0,244450512#1,3
1540.0,260881642#0,3
1540.0,288878926#0,11
1540.0,300077497#0,2
1540.0,303647015#0,5
1540.0,30620492#0,18
1540.0,30620492#1,5
1540.0,484988951#0,5
1540.0,49073226#2,2
1540.0,49073272#4,3
1540.0,49695736#0,1
1540.0,506322842#0,15
1540.0,506322844#0,5
1540.0,506322851#2,6
1540.0,506322853#0,19
1540.0,51362429#0,17
1540.0,593844221#0,1
1540.0,593849711#2,19
1540.0,594658757#0,2
1540.0,594658760#0,1
1540.0,:3086736518_0,1
1540.0,:3086736518_3,1
1540.0,:3086736518_6,1
1540.0,:3208478121_0,1
1540.0,:655375232_2,4
1540.0,:655375232_6,1
1540.0,:655375232_8,1
1540.0,:655375233_0,2
1540.0,:655375233_4,1
1540.0,:655375233_8,7
1540.0,:655375238_2,1
1540.0,:656132414_2,1
1540.0,:cluster11510670762_4554226152_0,1
1540.0,:cluster3086736522_655375108_655375247_655375401_#1more_8,3
1540.0,:cluster_2038168688_655375573_30,1
1540.0,:cluster_2038168688_655375573_6,2
1540.0,:cluster_2528018119_655375236_20,1
1540.0,:cluster_3208478133_655375293_655375296_9631728504_#1more_8,5
1540.0,:cluster_3431431575_4777363357_655375231_6982059025_3,2
1540.0,:cluster_623980147_623980152_4,1
1540.0,:cluster_9383263990_9383263991_9383263992_9383263993_7,1
1560.0,-300077497#5,27
1560.0,-300077497#8,4
1560.0,-35274074#2,12
1560.0,-51362430,16
1560.0,-593847703#3,26
1560.0,-594658757#2,3
1560.0,-E0,19
1560.0,1068234498#0,35
1560.0,1068234499#0,5
1560.0,1068440001,9
1560.0,1068440004#1,29
1560.0,1334904386#0,1
1560.0,182334378#0,22
1560.0,182334379#0,1
1560.0,196961377#0,23
1560.0,232003903#0,1
1560.0,238526531#0,24
1560.0,244450512#1,3
1560.0,260881642#0,2
1560.0,288878926#0,13
1560.0,300077497#0,3
1560.0,303647015#0,6
1560.0,30620492#0,18
1560.0,30620492#1,5
1560.0,484988951#0,5
1560.0,49073226#2,8
1560.0,49073272#1,1
1560.0,506322842#0,15
1560.0,506322844#0,6
1560.0,506322846#0,2
1560.0,506322851#2,6
1560.0,506322853#0,16
1560.0,51362429#0,17
1560.0,593844221#0,1
1560.0,593847702#0,7
1560.0,593849711#2,19
1560.0,594658757#0,1
1560.0,668037874,1
1560.0,:3086736518_0,1
1560.0,:3086736518_6,1
1560.0,:655375232_2,4
1560.0,:655375232_6,1
1560.0,:655375233_0,2
1560.0,:655375233_4,1
1560.0,:655375233_8,4
1560.0,:655375238_1,1
1560.0,:655375238_5,1
1560.0,:cluster11510670762_4554226152_0,1
1560.0,:cluster3086736522_655375108_655375247_655375401_#1more_11,1
1560.0,:cluster619136880_619136881_cluster_4510442270_5296993511_5296993513_619136931_#1more_8,1
1560.0,:cluster619136899_619136900_cluster_619136929_619136942_6,1
1560.0,:cluster_2038168688_655375573_25,1
1560.0,:cluster_3208478133_655375293_655375296_9631728504_#1more_8,5
1580.0,-300077497#5,27
1580.0,-300077497#8,4
1580.0,-35274074#2,12
1580.0,-360018417,3
1580.0,-51362430,19
1580.0,-593847703#3,26
1580.0,-E0,19
1580.0,1068234498#0,35
1580.0,1068234499#0,5
1580.0,1068440001,9
1580.0,1068440004#1,33
1580.0,1334904386#0,1
1580.0,182334378#0,21
1580.0,182334379#0,1
1580.0,186602412#0,2
1580.0,196961377#0,17
1580.0,196961377#3,6
1580.0,238526531#0,24
1580.0,244450512#1,3
1580.0,288878926#0,13
1580.0,300077497#0,3
1580.0,303647015#0,4
1580.0,30620492#0,18
1580.0,30620492#1,5
1580.0,360018417,1
1580.0,484988951#0,5
1580.0,49073226#2,8
1580.0,49073272#4,2
1580.0,506322842#0,15
1580.0,506322844#0,6
1580.0,506322851#2,5
1580.0,506322853#0,14
1580.0,51362429#0,17
1580.0,51362430,1
1580.0,593847702#0,10
1580.0,593849711#2,19
1580.0,594658757#0,1
1580.0,:3086736518_0,1
1580.0,:3086736518_6,1
1580.0,:619136999_2,1
1580.0,:655375232_2,4
1580.0,:655375232_6,1
1580.0,:655375233_0,2
1580.0,:655375233_4,1
1580.0,:655375233_8,1
1580.0,:655375238_1,1
1580.0,:655375238_5,1
1580.0,:cluster11510670762_4554226152_0,1
1580.0,:cluster655375336_end_0_655375336_end_1_655375336_end_10_655375336_end_11_#8more_10,1
1580.0,:cluster655375336_end_0_655375336_end_1_655375336_end_10_655375336_end_11_#8more_12,1
1580.0,:cluster655375336_end_0_655375336_end_1_655375336_end_10_655375336_end_11_#8more_25,2
1580.0,:cluster_2038168688_655375573_25,1
1580.0,:cluster_3208478133_655375293_655375296_9631728504_#1more_8,4
1600.0,-300077497#5,27
1600.0,-300077497#8,4
1600.0,-35274074#2,12
1600.0,-360018417,5
1600.0,-51362430,19
1600.0,-593847703#3,26
1600.0,-593847704#2,4
1600.0,-594658757#2,1
1600.0,-E0,19
1600.0,1068234498#0,35
1600.0,1068234499#0,5
1600.0,1068440001,8
1600.0,1068440004#1,33
1600.0,1334904386#0,2
1600.0,182334378#0,17
1600.0,196961377#0,16
1600.0,196961377#3,6
1600.0,238526531#0,26
1600.0,244450512#1,3
1600.0,288878926#0,7
1600.0,300077497#0,3
1600.0,30620492#0,18
1600.0,30620492#1,5
1600.0,484988951#0,5
1600.0,49073226#2,8
1600.0,49695736#0,6
1600.0,506322842#0,15
1600.0,506322844#0,6
1600.0,506322853#0,19
1600.0,51362429#0,16
1600.0,51362430,1
1600.0,593847702#0,10
1600.0,593849711#0,2
1600.0,593849711#2,19
1600.0,594658757#0,1
1600.0,:3086736518_0,1
1600.0,:3086736518_6,1
1600.0,:655375232_2,4
1600.0,:655375232_6,1
1600.0,:655375233_0,3
1600.0,:655375233_4,1
1600.0,:655375233_8,1
1600.0,:655375238_1,1
1600.0,:655375238_5,1
1600.0,:cluster11510670762_4554226152_0,2
1600.0,:cluster622618015_622618108_622618112_622618144_#2more_26,1
1600.0,:cluster655375336_end_0_655375336_end_1_655375336_end_10_655375336_end_11_#8more_12,3
1600.0,:cluster655375336_end_0_655375336_end_1_655375336_end_10_655375336_end_11_#8more_40,1
1600.0,:cluster_2038168688_655375573_25,1
1620.0,-300077497#5,27
1620.0,-300077497#8,4
1620.0,-35274074#2,12
1620.0,-360018417,5
1620.0,-51362429#1,2
1620.0,-51362430,19
1620.0,-593847703#3,26
1620.0,-594658757#2,9
1620.0,-E0,19
1620.0,1068234498#0,35
1620.0,1068234499#0,5
1620.0,1068440001,8
1620.0,1068440004#1,33
1620.0,1334904386#0,5
1620.0,182334378#0,10
1620.0,196961377#0,16
1620.0,196961377#3,3
1620.0,232003903#0,1
1620.0,238526531#0,26
1620.0,244450512#1,3
1620.0,288878926#0,5
1620.0,300077497#0,3
1620.0,30620492#0,18
1620.0,30620492#1,5
1620.0,484988951#0,5
1620.0,49073226#2,8
1620.0,49695736#0,6
1620.0,506322842#0,15
1620.0,506322844#0,6
1620.0,506322853#0,19
1620.0,51362429#0,17
1620.0,593847702#0,10
1620.0,593849711#0,2
1620.0,593849711#2,16
1620.0,594658757#0,1
1620.0,:3086736518_0,1
1620.0,:3086736518_6,1
1620.0,:655375232_11,1
1620.0,:655375232_2,4
1620.0,:655375232_6,1
1620.0,:655375233_0,3
1620.0,:655375233_4,1
1620.0,:655375233_8,1
1620.0,:655375238_1,1
1620.0,:655375238_5,1
1620.0,:cluster11510670762_4554226152_0,2
1620.0,:cluster655375336_end_0_655375336_end_1_655375336_end_10_655375336_end_11_#8more_40,1
1620.0,:cluster655375336_end_0_655375336_end_1_655375336_end_10_655375336_end_11_#8more_6,1
1620.0,:cluster_2038168688_655375573_25,1
1640.0,-1334905223#2,1
1640.0,-300077497#5,27
1640.0,-300077497#8,4
1640.0,-35274074#2,12
1640.0,-51362429#1,8
1640.0,-51362430,19
1640.0,-593847703#3,21
1640.0,-594658757#2,9
1640.0,-E0,19
1640.0,1068234498#0,35
1640.0,1068440001,8
1640.0,1068440004#1,33
1640.0,1334904386#0,1
1640.0,182334378#0,20
1640.0,196961377#0,16
1640.0,196961377#3,3
1640.0,238526531#0,25
1640.0,244450512#1,3
1640.0,263217604#0,1
1640.0,288878926#0,5
1640.0,300077497#0,9
1640.0,303647015#0,5
1640.0,30620492#0,18
1640.0,30620492#1,5
1640.0,484988951#0,5
1640.0,49073226#2,8
1640.0,49073272#1,1
1640.0,49073272#3,1
1640.0,49073272#4,4
1640.0,506322842#0,15
1640.0,506322844#0,5
1640.0,506322853#0,19
1640.0,51362429#0,17
1640.0,51362430,2
1640.0,593847702#0,1
1640.0,593849711#2,18
1640.0,593849718#0,3
1640.0,594658757#0,1
1640.0,:3086736518_0,1
1640.0,:3086736518_4,1
1640.0,:3086736518_6,1
1640.0,:655375232_2,4
1640.0,:655375232_6,1
1640.0,:655375232_8,1
1640.0,:655375233_0,3
1640.0,:655375233_2,1
1640.0,:655375233_4,1
1640.0,:655375233_8,1
1640.0,:655375238_1,1
1640.0,:655375238_5,1
1640.0,:cluster11510670762_4554226152_0,2
1640.0,:cluster_2038168688_655375573_25,1
1660.0,-300077497#5,27
1660.0,-300077497#8,4
1660.0,-35274074#2,12
1660.0,-360018417,1
1660.0,-51362429#1,11
1660.0,-51362430,19
1660.0,-593847703#3,21
1660.0,-594658757#2,7
1660.0,-E0,19
1660.0,1068234498#0,35
1660.0,1068440001,8
1660.0,1068440004#1,23
1660.0,1334904386#0,2
1660.0,182334378#0,14
1660.0,196961377#0,13
1660.0,196961377#3,6
1660.0,238526531#0,25
1660.0,244450512#1,3
1660.0,263217604#0,1
1660.0,288878926#0,5
1660.0,300077497#0,9
1660.0,303647015#0,4
1660.0,30620492#0,18
1660.0,30620492#1,5
1660.0,484988951#0,5
1660.0,49073226#2,8
1660.0,49073272#3,2
1660.0,49073272#4,1
1660.0,506322842#0,15
1660.0,506322844#0,5
1660.0,506322853#0,13
1660.0,51362429#0,17
1660.0,51362430,4
1660.0,593847702#0,9
1660.0,593847703#0,2
1660.0,593849711#2,19
1660.0,594658757#0,1
1660.0,:3086736518_0,1
1660.0,:3086736518_6,1
1660.0,:655375232_2,4
1660.0,:655375232_6,1
1660.0,:655375233_8,4
1660.0,:655375238_1,1
1660.0,:655375238_5,1
1660.0,:cluster11510670762_4554226152_0,2
1660.0,:cluster3086736522_655375108_655375247_655375401_#1more_11,2
1660.0,:cluster619136880_619136881_cluster_4510442270_5296993511_5296993513_619136931_#1more_12,1
1660.0,:cluster619136880_619136881_cluster_4510442270_5296993511_5296993513_619136931_#1more_8,1
1660.0,:cluster619136899_619136900_cluster_619136929_619136942_6,2
1660.0,:cluster655375336_end_0_655375336_end_1_655375336_end_10_655375336_end_11_#8more_40,1
1660.0,:cluster_2038168688_655375573_25,1
1680.0,-300077497#5,25
1680.0,-300077497#8,4
1680.0,-35274074#2,12
1680.0,-360018417,5
1680.0,-51362429#1,10
1680.0,-51362430,18
1680.0,-593847703#3,22
1680.0,-594658757#2,6
1680.0,-E0,19
1680.0,1068234498#0,35
1680.0,1068440001,4
1680.0,1068440004#1,26
1680.0,1334904386#0,5
1680.0,182334378#0,11
1680.0,196961377#0,10
1680.0,196961377#3,8
1680.0,238526531#0,25
1680.0,244450512#1,3
1680.0,260881642#0,3
1680.0,288878926#0,3
1680.0,300077497#0,11
1680.0,303647015#0,5
1680.0,30620492#0,18
1680.0,30620492#1,5
1680.0,360018417,2
1680.0,360843888,1
1680.0,484988951#0,5
1680.0,49073226#2,8
1680.0,49695736#0,1
1680.0,506322842#0,18
1680.0,506322844#0,5
1680.0,506322853#0,13
1680.0,51362429#0,17
1680.0,51362430,4
1680.0,593844221#0,1
1680.0,593847702#0,14
1680.0,593847704#0,1
1680.0,593849711#0,1
1680.0,593849711#2,19
1680.0,594658757#0,1
1680.0,:3086736518_0,1
1680.0,:655375232_2,4
1680.0,:655375232_6,1
1680.0,:655375238_1,1
1680.0,:655375238_5,1
1680.0,:cluster11510670762_4554226152_0,1
1680.0,:cluster622618015_622618108_622618112_622618144_#2more_26,1
1680.0,:cluster655375336_end_0_655375336_end_1_655375336_end_10_655375336_end_11_#8more_10,2
1680.0,:cluster655375336_end_0_655375336_end_1_655375336_end_10_655375336_end_11_#8more_25,2
1680.0,:cluster_2038168688_655375573_25,1
1680.0,:cluster_2528018119_655375236_17,1
1680.0,:cluster_3208478133_655375293_655375296_9631728504_#1more_8,2
1680.0,:cluster_3431431575_4777363357_655375231_6982059025_3,1
1700.0,-300077497#5,26
1700.0,-300077497#8,4
1700.0,-35274074#2,12
1700.0,-360018417,5
1700.0,-51362429#1,10
1700.0,-51362430,10
1700.0,-593847703#3,23
1700.0,-594658757#2,7
1700.0,-E0,18
1700.0,1068234498#0,35
1700.0,1068440001,6
1700.0,1068440004#1,33
1700.0,1334904386#0,8
1700.0,182334378#0,14
1700.0,196961377#0,10
1700.0,196961377#3,6
1700.0,238526531#0,25
1700.0,244450512#1,2
1700.0,260881642#0,3
1700.0,300077497#0,10
1700.0,30620492#0,18
1700.0,30620492#1,5
1700.0,35274074#0,1
1700.0,360843888,1
1700.0,484988951#0,5
1700.0,49073226#2,8
1700.0,49695736#0,6
1700.0,506322842#0,23
1700.0,506322844#0,5
1700.0,506322853#0,13
1700.0,51362429#0,13
1700.0,51362430,4
1700.0,593844221#0,2
1700.0,593847702#0,14
1700.0,593847703#0,2
1700.0,593847704#0,1
1700.0,593849711#0,2
1700.0,593849711#2,20
1700.0,594658757#0,1
1700.0,:3086736518_0,1
1700.0,:3086736518_6,1
1700.0,:655375232_2,4
1700.0,:655375232_6,1
1700.0,:655375233_0,2
1700.0,:655375238_6,1
1700.0,:cluster11510670762_4554226152_0,1
1700.0,:cluster622618015_622618108_622618112_622618144_#2more_49,2
1700.0,:cluster_2038168688_655375573_25,1
1700.0,:cluster_2664674491_655375287_655375288_5,1
1700.0,:cluster_3208478133_655375293_655375296_9631728504_#1more_8,4
1700.0,:cluster_3431431575_4777363357_655375231_6982059025_3,1
1720.0,-300077497#5,27
1720.0,-300077497#8,4
1720.0,-35274074#2,11
1720.0,-360018417,1
1720.0,-51362429#1,10
1720.0,-51362430,15
1720.0,-593847703#3,23
1720.0,-594658757#2,7
1720.0,-E0,18
1720.0,1068234498#0,35
1720.0,1068440001,6
1720.0,1068440004#1,33
1720.0,1068440006#0,1
1720.0,182334378#0,15
1720.0,196961377#0,10
1720.0,196961377#3,3
1720.0,238526531#0,24
1720.0,244450512#1,1
1720.0,260881642#0,3
1720.0,300077497#0,9
1720.0,300077497#6,1
1720.0,303647015#0,4
1720.0,30620492#0,18
1720.0,30620492#1,4
1720.0,35274074#0,3
1720.0,360843888,1
1720.0,484988951#0,4
1720.0,49073226#2,8
1720.0,49073272#4,3
1720.0,49695736#0,4
1720.0,506322842#0,17
1720.0,506322844#0,5
1720.0,506322846#0,6
1720.0,506322853#0,13
1720.0,51362429#0,12
1720.0,51362430,3
1720.0,593844221#0,2
1720.0,593847702#0,5
1720.0,593847703#0,8
1720.0,593847704#0,1
1720.0,593849711#2,19
1720.0,593849718#0,3
1720.0,594658757#0,1
1720.0,:3086736518_0,1
1720.0,:3086736518_6,1
1720.0,:3208478121_0,1
1720.0,:655375232_2,1
1720.0,:655375232_6,1
1720.0,:655375238_2,1
1720.0,:655375238_6,1
1720.0,:656132414_2,1
1720.0,:cluster3086736522_655375108_655375247_655375401_#1more_8,4
1720.0,:cluster622618015_622618108_622618112_622618144_#2more_31,6
1720.0,:cluster655375336_end_0_655375336_end_1_655375336_end_10_655375336_end_11_#8more_12,1
1720.0,:cluster655375336_end_0_655375336_end_1_655375336_end_10_655375336_end_11_#8more_25,1
1720.0,:cluster655375336_end_0_655375336_end_1_655375336_end_10_655375336_end_11_#8more_40,1
1720.0,:cluster_2038168688_655375573_17,1
1720.0,:cluster_2038168688_655375573_25,1
1720.0,:cluster_2038168688_655375573_30,1
1720.0,:cluster_2528018119_655375236_20,1
1720.0,:cluster_2528018119_655375236_32,1
1720.0,:cluster_2664674491_655375287_655375288_5,1
1720.0,:cluster_3208478133_655375293_655375296_9631728504_#1more_8,3
1720.0,:cluster_3431431575_4777363357_655375231_6982059025_3,1
1720.0,:cluster_3431431575_4777363357_655375231_6982059025_5,1
1740.0,-300077497#5,27
1740.0,-300077497#8,4
1740.0,-35274074#2,12
1740.0,-51362429#1,10
1740.0,-51362430,16
1740.0,-593847703#3,18
1740.0,-594658757#2,7
1740.0,-E0,19
1740.0,1068234498#0,35
1740.0,1068440001,7
1740.0,1068440004#1,33
1740.0,1068440006#0,3
1740.0,1334904386#0,1
1740.0,182334378#0,15
1740.0,186602412#0,1
1740.0,196961377#0,10
1740.0,196961377#3,3
1740.0,232003903#0,2
1740.0,238526531#0,24
1740.0,244450512#1,3
1740.0,260881642#0,2
1740.0,288135626#0,2
1740.0,288878926#0,4
1740.0,300077497#0,8
1740.0,300077497#6,1
1740.0,30620492#0,17
1740.0,30620492#1,5
1740.0,35274074#0,11
1740.0,360843888,1
1740.0,484988951#0,3
1740.0,49073226#2,10
1740.0,506322842#0,16
1740.0,506322844#0,5
1740.0,506322846#2,1
1740.0,506322851#0,4
1740.0,506322853#0,10
1740.0,51362429#0,14
1740.0,593844221#0,2
1740.0,593847703#0,7
1740.0,593849711#2,15
1740.0,593852345#0,1
1740.0,594658757#0,1
1740.0,668037874,1
1740.0,:3086736518_0,1
1740.0,:3086736518_6,1
1740.0,:655375232_2,1
1740.0,:655375232_8,1
1740.0,:655375233_4,4
1740.0,:655375238_1,1
1740.0,:655375238_2,1
1740.0,:cluster11510670762_4554226152_0,1
1740.0,:cluster3086736522_655375108_655375247_655375401_#1more_11,1
1740.0,:cluster619136880_619136881_cluster_4510442270_5296993511_5296993513_619136931_#1more_8,1
1740.0,:cluster619136899_619136900_cluster_619136929_619136942_6,1
1740.0,:cluster622618015_622618108_622618112_622618144_#2more_39,1
1740.0,:cluster655375336_end_0_655375336_end_1_655375336_end_10_655375336_end_11_#8more_31,1
1740.0,:cluster_2038168688_655375573_30,1
1740.0,:cluster_3208478133_655375293_655375296_9631728504_#1more_8,5
1740.0,:cluster_3431431575_4777363357_655375231_6982059025_3,1
1740.0,:cluster_5372642442_631668976_631668981_631669076_33,1
1740.0,:cluster_5372642442_631668976_631668981_631669076_36,1
1760.0,-300077497#5,26
1760.0,-300077497#8,4
1760.0,-35274074#2,12
1760.0,-360018417,2
1760.0,-51362429#1,8
1760.0,-51362430,16
1760.0,-593847703#3,19
1760.0,-E0,19
1760.0,1068234498#0,35
1760.0,1068234499#0,4
1760.0,1068440001,9
1760.0,1068440004#1,29
1760.0,1068440006#0,1
1760.0,1239087514,1
1760.0,1334904386#0,1
1760.0,182334378#0,15
1760.0,196961377#0,5
1760.0,196961377#3,9
1760.0,238526531#0,24
1760.0,244450512#1,3
1760.0,244450512#5,1
1760.0,288878926#0,10
1760.0,300077497#0,3
1760.0,303647015#0,8
1760.0,30620492#0,18
1760.0,30620492#1,5
1760.0,35274074#0,14
1760.0,484988951#0,3
1760.0,49073226#2,5
1760.0,49073272#4,2
1760.0,506322842#0,16
1760.0,506322844#0,5
1760.0,506322853#0,12
1760.0,51362429#0,14
1760.0,51362430,3
1760.0,593844221#0,2
1760.0,593847703#0,4
1760.0,593849711#2,15
1760.0,593852345#0,1
1760.0,594658757#0,1
1760.0,:3086736518_0,1
1760.0,:3086736518_4,1
1760.0,:3086736518_6,1
1760.0,:655375232_2,1
1760.0,:655375233_4,3
1760.0,:655375233_8,4
1760.0,:655375238_2,1
1760.0,:655375238_6,1
1760.0,:cluster11510670762_4554226152_0,1
1760.0,:cluster619136880_619136881_cluster_4510442270_5296993511_5296993513_619136931_#1more_12,1
1760.0,:cluster_2038168688_655375573_23,1
1760.0,:cluster_2038168688_655375573_3,1
1760.0,:cluster_2038168688_655375573_30,1
1760.0,:cluster_2038168688_655375573_6,2
1760.0,:cluster_2528018119_655375236_3,1
1760.0,:cluster_3208478133_655375293_655375296_9631728504_#1more_11,1
1760.0,:cluster_3208478133_655375293_655375296_9631728504_#1more_8,5
1760.0,:cluster_3431431575_4777363357_655375231_6982059025_3,3
1760.0,:cluster_3431431575_4777363357_655375231_6982059025_5,1
1760.0,:cluster_623980147_623980152_9,1
1780.0,-300077497#5,26
1780.0,-300077497#8,4
1780.0,-35274074#2,11
1780.0,-360018417,2
1780.0,-51362429#1,5
1780.0,-51362430,19
1780.0,-593847703#3,19
1780.0,-593847704#2,3
1780.0,-594658757#2,1
1780.0,-E0,19
1780.0,1068234498#0,32
1780.0,1068234499#0,4
1780.0,1068440001,8
1780.0,1068440004#1,31
1780.0,1068440006#0,1
1780.0,1334904386#0,1
1780.0,182334378#0,13
1780.0,186602412#0,2
1780.0,196961377#0,3
1780.0,196961377#3,11
1780.0,238526531#0,27
1780.0,244450512#1,3
1780.0,244450512#5,1
1780.0,288878926#0,7
1780.0,300077497#0,3
1780.0,30620492#0,18
1780.0,30620492#1,5
1780.0,35274074#0,11
1780.0,484988951#0,5
1780.0,49073226#2,7
1780.0,49695736#0,5
1780.0,506322842#0,16
1780.0,506322844#0,5
1780.0,506322846#0,4
1780.0,506322853#0,12
1780.0,51362429#0,16
1780.0,51362430,1
1780.0,593844216#0,1
1780.0,593844221#0,1
1780.0,593849711#0,1
1780.0,593849711#2,15
1780.0,593852345#0,1
1780.0,594658757#0,1
1780.0,:1973482489_3,1
1780.0,:3086736518_0,1
1780.0,:3086736518_4,1
1780.0,:3086736518_6,1
1780.0,:655375232_2,1
1780.0,:655375233_4,3
1780.0,:655375233_8,4
1780.0,:655375238_2,1
1780.0,:655375238_3,1
1780.0,:655375238_6,1
1780.0,:cluster11510670762_4554226152_0,2
1780.0,:cluster622618015_622618108_622618112_622618144_#2more_26,1
1780.0,:cluster655375336_end_0_655375336_end_1_655375336_end_10_655375336_end_11_#8more_12,1
1780.0,:cluster655375336_end_0_655375336_end_1_655375336_end_10_655375336_end_11_#8more_40,1
1780.0,:cluster_2038168688_655375573_23,1
1780.0,:cluster_2038168688_655375573_3,1
1780.0,:cluster_2038168688_655375573_30,1
1780.0,:cluster_2038168688_655375573_6,2
1780.0,:cluster_3208478133_655375293_655375296_9631728504_#1more_8,1
1780.0,:cluster_3431431575_4777363357_655375231_6982059025_3,1
1780.0,:cluster_623980147_623980152_4,1
1800.0,-300077497#5,27
1800.0,-300077497#8,2
1800.0,-35274074#2,11
1800.0,-360018417,2
1800.0,-51362429#1,3
1800.0,-51362430,19
1800.0,-593847703#3,19
1800.0,-594658757#2,3
1800.0,-E0,19
1800.0,1068234498#0,32
1800.0,1068234499#0,4
1800.0,1068440001,8
1800.0,1068440004#1,34
1800.0,1068440006#0,1
1800.0,1334904386#0,4
1800.0,182334378#0,7
1800.0,186602412#0,5
1800.0,196961215#2,1
1800.0,196961377#0,3
1800.0,196961377#3,8
1800.0,238526531#0,27
1800.0,244450512#1,3
1800.0,244450512#5,1
1800.0,288878926#0,7
1800.0,300077497#0,2
1800.0,30620492#0,18
1800.0,30620492#1,5
1800.0,35274074#0,6
1800.0,484988951#0,5
1800.0,49073226#2,8
1800.0,49695736#0,7
1800.0,506322842#0,16
1800.0,506322844#0,5
1800.0,506322846#0,6
1800.0,506322853#0,12
1800.0,51362429#0,15
1800.0,593844216#0,1
1800.0,593849711#0,1
1800.0,593849711#2,15
1800.0,594658757#0,1
1800.0,:3086736518_0,1
1800.0,:3086736518_4,1
1800.0,:3086736518_6,1
1800.0,:655375232_2,2
1800.0,:655375233_0,1
1800.0,:655375233_4,3
1800.0,:655375233_8,4
1800.0,:655375238_1,1
1800.0,:655375238_3,1
1800.0,:655375238_5,1
1800.0,:cluster11510670762_4554226152_0,2
1800.0,:cluster622618015_622618108_622618112_622618144_#2more_49,1
1800.0,:cluster655375336_end_0_655375336_end_1_655375336_end_10_655375336_end_11_#8more_12,1
1800.0,:cluster655375336_end_0_655375336_end_1_655375336_end_10_655375336_end_11_#8more_40,2
1800.0,:cluster_2038168688_655375573_23,1
1800.0,:cluster_2038168688_655375573_30,1
1800.0,:cluster_2038168688_655375573_6,2
1820.0,-1334905223#2,1
1820.0,-300077497#5,27
1820.0,-300077497#8,4
1820.0,-35274074#2,11
1820.0,-51362429#1,3
1820.0,-51362430,19
1820.0,-593847703#3,19
1820.0,-594658757#2,6
1820.0,-E0,19
1820.0,1068234498#0,35
1820.0,1068234499#0,4
1820.0,1068440001,8
1820.0,1068440004#1,34
1820.0,1334904386#0,4
1820.0,182334378#0,1
1820.0,186602412#0,4
1820.0,196961215#2,1
1820.0,196961377#0,3
1820.0,196961377#3,8
1820.0,238526531#0,26
1820.0,244450512#1,3
1820.0,244450512#5,1
1820.0,288878926#0,7
1820.0,300077497#0,8
1820.0,303647015#0,5
1820.0,30620492#0,18
1820.0,30620492#1,5
1820.0,35274074#0,6
1820.0,484988951#0,4
1820.0,49073226#2,8
1820.0,506322842#0,16
1820.0,506322844#0,5
1820.0,506322846#0,2
1820.0,506322853#0,12
1820.0,51362429#0,15
1820.0,593842812#0,1
1820.0,593849711#2,15
1820.0,594658757#0,1
1820.0,:1973482489_8,1
1820.0,:3086736518_0,2
1820.0,:3086736518_4,1
1820.0,:3086736518_6,1
1820.0,:655375232_2,3
1820.0,:655375233_0,2
1820.0,:655375233_4,3
1820.0,:655375233_8,4
1820.0,:655375238_1,1
1820.0,:655375238_3,1
1820.0,:655375238_5,1
1820.0,:cluster11510670762_4554226152_0,2
1820.0,:cluster655375336_end_0_655375336_end_1_655375336_end_10_655375336_end_11_#8more_31,1
1820.0,:cluster_2038168688_655375573_30,1
1820.0,:cluster_2528018119_655375236_20,1
1840.0,-300077497#5,27
1840.0,-300077497#8,4
1840.0,-35274074#2,11
1840.0,-51362429#1,8
1840.0,-51362430,19
1840.0,-593847703#3,19
1840.0,-594658757#2,1
1840.0,-E0,19
1840.0,1068234498#0,37
1840.0,1068234499#0,4
1840.0,1068440001,8
1840.0,1068440004#1,34
1840.0,1334904386#0,4
1840.0,196961215#2,1
1840.0,196961377#0,2
1840.0,196961377#3,11
1840.0,238526531#0,26
1840.0,244450512#1,3
1840.0,244450512#5,1
1840.0,288878926#0,7
1840.0,300077497#0,9
1840.0,303647015#0,4
1840.0,30620492#0,18
1840.0,30620492#1,5
1840.0,35274074#0,6
1840.0,484988951#0,4
1840.0,49073226#2,8
1840.0,506322842#0,16
1840.0,506322844#0,5
1840.0,506322853#0,7
1840.0,51362429#0,17
1840.0,51362430,1
1840.0,593844221#0,1
1840.0,593849711#2,12
1840.0,594658757#0,1
1840.0,668037874,1
1840.0,:3086736518_0,2
1840.0,:3086736518_6,1
1840.0,:655375232_2,3
1840.0,:655375232_8,1
1840.0,:655375233_0,2
1840.0,:655375233_4,3
1840.0,:655375233_8,4
1840.0,:655375238_1,1
1840.0,:655375238_3,1
1840.0,:655375238_5,1
1840.0,:cluster11510670762_4554226152_0,2
1840.0,:cluster3086736522_655375108_655375247_655375401_#1more_11,2
1840.0,:cluster619136880_619136881_cluster_4510442270_5296993511_5296993513_619136931_#1more_12,1
1840.0,:cluster619136880_619136881_cluster_4510442270_5296993511_5296993513_619136931_#1more_8,1
1840.0,:cluster_2038168688_655375573_30,1
1860.0,-300077497#5,27
1860.0,-300077497#8,4
1860.0,-35274074#2,11
1860.0,-51362429#1,10
1860.0,-51362430,19
1860.0,-593847703#3,18
1860.0,-594658757#2,1
1860.0,-E0,19
1860.0,1068234498#0,36
1860.0,1068234499#0,4
1860.0,1068440001,8
1860.0,1068440004#1,32
1860.0,1334904386#0,4
1860.0,196961215#2,1
1860.0,196961377#0,6
1860.0,196961377#3,10
1860.0,238526531#0,26
1860.0,244450512#1,2
1860.0,260881642#0,4
1860.0,288135626#0,1
1860.0,288878926#0,5
1860.0,300077497#0,9
1860.0,30620492#0,18
1860.0,30620492#1,5
1860.0,484988951#0,5
1860.0,49073226#2,8
1860.0,506322842#0,16
1860.0,506322844#0,5
1860.0,506322846#0,6
1860.0,506322853#0,6
1860.0,51362429#0,17
1860.0,51362430,1
1860.0,593844221#0,1
1860.0,593849711#0,1
1860.0,593849711#2,17
1860.0,594658757#0,1
1860.0,:3086736518_0,2
1860.0,:3086736518_6,1
1860.0,:655375232_2,3
1860.0,:655375233_0,2
1860.0,:655375233_4,2
1860.0,:655375233_8,6
1860.0,:655375238_1,1
1860.0,:655375238_3,1
1860.0,:655375238_5,1
1860.0,:cluster11510670762_4554226152_0,2
1860.0,:cluster622618015_622618108_622618112_622618144_#2more_26,1
1860.0,:cluster_2038168688_655375573_30,1
1860.0,:cluster_2664674491_655375287_655375288_5,1
1880.0,-300077497#5,27
1880.0,-300077497#8,4
1880.0,-35274074#2,11
1880.0,-51362429#1,10
1880.0,-51362430,19
1880.0,-593847703#3,18
1880.0,-593847704#2,1
1880.0,-594658757#2,1
1880.0,-E0,19
1880.0,1068234498#0,37
1880.0,1068234499#0,5
1880.0,1068440001,8
1880.0,1068440004#1,32
1880.0,1334904386#0,4
1880.0,186602412#0,5
1880.0,196961215#2,1
1880.0,196961377#0,6
1880.0,196961377#3,8
1880.0,238526531#0,26
1880.0,244450512#1,2
1880.0,260881642#0,4
1880.0,300077497#0,9
1880.0,30620492#0,18
1880.0,30620492#1,5
1880.0,484988951#0,5
1880.0,49073226#2,8
1880.0,506322842#0,16
1880.0,506322844#0,5
1880.0,506322853#0,6
1880.0,51362429#0,17
1880.0,51362430,1
1880.0,593844221#0,1
1880.0,593849711#2,17
1880.0,594658757#0,1
1880.0,:1973482489_8,1
1880.0,:3086736518_0,2
1880.0,:3086736518_6,1
1880.0,:655375232_2,3
1880.0,:655375233_0,2
1880.0,:655375233_4,2
1880.0,:655375233_8,6
1880.0,:655375238_1,1
1880.0,:655375238_3,1
1880.0,:655375238_5,1
1880.0,:cluster11510670762_4554226152_0,2
1880.0,:cluster622618015_622618108_622618112_622618144_#2more_26,1
1880.0,:cluster622618015_622618108_622618112_622618144_#2more_49,2
1880.0,:cluster_2038168688_655375573_30,1
1880.0,:cluster_2664674491_655375287_655375288_5,1
1900.0,-300077497#5,27
1900.0,-300077497#8,4
1900.0,-35274074#2,11
1900.0,-51362429#1,10
1900.0,-51362430,19
1900.0,-593847703#3,18
1900.0,-594658757#2,1
1900.0,-E0,19
1900.0,1068234498#0,37
1900.0,1068234499#0,4
1900.0,1068440001,8
1900.0,1068440004#1,32
1900.0,196961215#2,1
1900.0,196961377#0,6
1900.0,196961377#3,6
1900.0,238526531#0,26
1900.0,244450512#1,2
1900.0,260881642#0,4
1900.0,300077497#0,10
1900.0,303647015#0,4
1900.0,30620492#0,18
1900.0,30620492#1,5
1900.0,484988951#0,5
1900.0,49073226#2,8
1900.0,506322842#0,16
1900.0,506322844#0,5
1900.0,506322853#0,6
1900.0,51362429#0,17
1900.0,51362430,1
1900.0,593844221#0,1
1900.0,593849711#2,17
1900.0,594658757#0,1
1900.0,:3086736518_0,2
1900.0,:3086736518_6,1
1900.0,:655375232_2,3
1900.0,:655375233_0,2
1900.0,:655375233_4,2
1900.0,:655375233_8,6
1900.0,:655375238_1,1
1900.0,:655375238_3,1
1900.0,:655375238_5,1
1900.0,:cluster11510670762_4554226152_0,2
1900.0,:cluster_2038168688_655375573_30,1
1920.0,-300077497#5,27
1920.0,-300077497#8,4
1920.0,-35274074#2,11
1920.0,-51362429#1,10
1920.0,-51362430,19
1920.0,-593847703#3,18
1920.0,-E0,19
1920.0,1068234498#0,37
1920.0,1068234499#0,4
1920.0,1068440001,8
1920.0,1068440004#1,32
1920.0,196961215#2,1
1920.0,196961377#0,6
1920.0,196961377#3,6
1920.0,238526531#0,26
1920.0,244450512#1,2
1920.0,260881642#0,2
1920.0,300077497#0,10
1920.0,30620492#0,18
1920.0,30620492#1,5
1920.0,484988951#0,5
1920.0,49073226#2,8
1920.0,506322842#0,16
1920.0,506322844#0,5
1920.0,506322853#0,4
1920.0,51362429#0,17
1920.0,51362430,1
1920.0,593844221#0,1
1920.0,593849711#2,17
1920.0,594658757#0,1
1920.0,668037874,1
1920.0,:3086736518_0,2
1920.0,:3086736518_6,1
1920.0,:655375232_2,3
1920.0,:655375233_0,2
1920.0,:655375233_4,2
1920.0,:655375233_8,6
1920.0,:655375238_1,1
1920.0,:655375238_3,1
1920.0,:655375238_5,1
1920.0,:cluster11510670762_4554226152_0,2
1920.0,:cluster3086736522_655375108_655375247_655375401_#1more_11,1
1920.0,:cluster619136880_619136881_cluster_4510442270_5296993511_5296993513_619136931_#1more_8,1
1920.0,:cluster_2038168688_655375573_30,1
1940.0,-300077497#5,27
1940.0,-300077497#8,4
1940.0,-35274074#2,11
1940.0,-51362429#1,10
1940.0,-51362430,19
1940.0,-593847703#3,18
1940.0,-E0,19
1940.0,1068234498#0,37
1940.0,1068234499#0,4
1940.0,1068440001,8
1940.0,1068440004#1,32
1940.0,196961215#2,1
1940.0,196961377#0,6
1940.0,196961377#3,11
1940.0,238526531#0,26
1940.0,244450512#1,2
1940.0,300077497#0,10
1940.0,30620492#0,18
1940.0,30620492#1,5
1940.0,484988951#0,5
1940.0,49073226#2,8
1940.0,506322842#0,16
1940.0,506322844#0,5
1940.0,51362429#0,17
1940.0,51362430,1
1940.0,593844221#0,1
1940.0,593849711#2,15
1940.0,594658757#0,1
1940.0,:3086736518_0,2
1940.0,:3086736518_6,1
1940.0,:655375232_2,3
1940.0,:655375232_6,2
1940.0,:655375233_0,2
1940.0,:655375233_4,2
1940.0,:655375233_8,6
1940.0,:655375238_1,1
1940.0,:655375238_3,1
1940.0,:655375238_5,1
1940.0,:cluster11510670762_4554226152_0,2
1940.0,:cluster619136880_619136881_cluster_4510442270_5296993511_5296993513_619136931_#1more_12,1
1940.0,:cluster_2038168688_655375573_30,1
1960.0,-300077497#5,27
1960.0,-300077497#8,4
1960.0,-35274074#2,11
1960.0,-51362429#1,10
1960.0,-51362430,19
1960.0,-593847703#3,18
1960.0,-E0,19
1960.0,1068234498#0,37
1960.0,1068234499#0,4
1960.0,1068440001,8
1960.0,1068440004#1,32
1960.0,196961215#2,1
1960.0,196961377#0,7
1960.0,196961377#3,5
1960.0,238526531#0,26
1960.0,244450512#1,2
1960.0,300077497#0,10
1960.0,30620492#0,18
1960.0,30620492#1,5
1960.0,484988951#0,5
1960.0,49073226#2,8
1960.0,506322842#0,16
1960.0,506322844#0,5
1960.0,51362429#0,17
1960.0,51362430,1
1960.0,593844221#0,1
1960.0,593849711#0,2
1960.0,593849711#2,15
1960.0,594658757#0,1
1960.0,:3086736518_0,2
1960.0,:3086736518_6,1
1960.0,:655375232_2,3
1960.0,:655375232_6,2
1960.0,:655375233_0,2
1960.0,:655375233_4,2
1960.0,:655375233_8,6
1960.0,:655375238_1,1
1960.0,:655375238_3,1
1960.0,:655375238_5,1
1960.0,:cluster11510670762_4554226152_0,2
1960.0,:cluster622618015_622618108_622618112_622618144_#2more_49,2
1960.0,:cluster_2038168688_655375573_30,1
1980.0,-300077497#5,27
1980.0,-300077497#8,4
1980.0,-35274074#2,11
1980.0,-51362429#1,6
1980.0,-51362430,19
1980.0,-593847703#3,18
1980.0,-E0,19
1980.0,1068234498#0,37
1980.0,1068234499#0,4
1980.0,1068440001,8
1980.0,1068440004#1,32
1980.0,196961377#0,7
1980.0,238526531#0,26
1980.0,244450512#1,2
1980.0,288878926#0,6
1980.0,300077497#0,10
1980.0,30620492#0,18
1980.0,30620492#1,5
1980.0,484988951#0,5
1980.0,49073226#2,4
1980.0,506322842#0,16
1980.0,506322844#0,5
1980.0,51362429#0,17
1980.0,51362430,1
1980.0,593844221#0,1
1980.0,593849711#0,1
1980.0,593849711#2,15
1980.0,594658757#0,1
1980.0,:3086736518_0,2
1980.0,:3086736518_6,1
1980.0,:655375232_2,3
1980.0,:655375232_6,2
1980.0,:655375233_0,2
1980.0,:655375233_4,2
1980.0,:655375233_8,6
1980.0,:655375238_1,1
1980.0,:655375238_3,1
1980.0,:655375238_5,1
1980.0,:cluster11510670762_4554226152_0,2
1980.0,:cluster_2038168688_655375573_30,1
1980.0,:cluster_3431431575_4777363357_655375231_6982059025_3,2
1980.0,:cluster_623980147_623980152_9,1
2000.0,-300077497#5,27
2000.0,-300077497#8,4
2000.0,-35274074#2,11
2000.0,-51362430,19
2000.0,-593847703#3,18
2000.0,-E0,19
2000.0,1068234498#0,37
2000.0,1068234499#0,4
2000.0,1068440001,8
2000.0,1068440004#1,32
2000.0,196961377#0,7
2000.0,238526531#0,26
2000.0,244450512#1,2
2000.0,288878926#0,13
2000.0,300077497#0,10
2000.0,30620492#0,18
2000.0,30620492#1,5
2000.0,484988951#0,5
2000.0,49073226#2,5
2000.0,506322842#0,16
2000.0,506322844#0,5
2000.0,51362429#0,17
2000.0,51362430,1
2000.0,593844221#0,1
2000.0,593849711#2,15
2000.0,594658757#0,1
2000.0,:3086736518_0,2
2000.0,:3086736518_6,1
2000.0,:655375232_2,3
2000.0,:655375232_6,2
2000.0,:655375233_0,2
2000.0,:655375233_4,2
2000.0,:655375233_8,6
2000.0,:655375238_1,1
2000.0,:655375238_3,1
2000.0,:655375238_5,1
2000.0,:cluster11510670762_4554226152_0,2
2000.0,:cluster_2038168688_655375573_30,1
2000.0,:cluster_3431431575_4777363357_655375231_6982059025_3,1
2020.0,-300077497#5,27
2020.0,-300077497#8,4
2020.0,-35274074#2,11
2020.0,-51362430,19
2020.0,-593847703#3,18
2020.0,-E0,19
2020.0,1068234498#0,37
2020.0,1068234499#0,4
2020.0,1068440001,8
2020.0,1068440004#1,32
2020.0,196961377#0,2
2020.0,196961377#3,5
2020.0,238526531#0,26
2020.0,244450512#1,2
2020.0,288878926#0,13
2020.0,300077497#0,10
2020.0,30620492#0,18
2020.0,30620492#1,4
2020.0,484988951#0,5
2020.0,49073226#2,6
2020.0,506322842#0,14
2020.0,506322844#0,6
2020.0,51362429#0,17
2020.0,51362430,1
2020.0,593844221#0,1
2020.0,593849711#2,15
2020.0,594658757#0,1
2020.0,:3086736518_0,2
2020.0,:655375232_2,3
2020.0,:655375232_6,2
2020.0,:655375233_0,2
2020.0,:655375233_4,2
2020.0,:655375233_8,6
2020.0,:655375238_1,1
2020.0,:655375238_3,1
2020.0,:655375238_5,1
2020.0,:cluster11510670762_4554226152_0,2
2020.0,:cluster622618015_622618108_622618112_622618144_#2more_39,1
2020.0,:cluster_2038168688_655375573_30,1
2040.0,-300077497#5,27
2040.0,-300077497#8,4
2040.0,-35274074#2,11
2040.0,-51362429#1,3
2040.0,-51362430,19
2040.0,-593847703#3,18
2040.0,-E0,19
2040.0,1068234498#0,37
2040.0,1068234499#0,4
2040.0,1068440001,8
2040.0,1068440004#1,32
2040.0,196961377#3,6
2040.0,238526531#0,25
2040.0,244450512#1,2
2040.0,260881642#0,4
2040.0,288878926#0,11
2040.0,300077497#0,10
2040.0,30620492#0,17
2040.0,30620492#1,5
2040.0,484988951#0,5
2040.0,49073226#2,6
2040.0,506322842#0,14
2040.0,506322844#0,6
2040.0,51362429#0,17
2040.0,51362430,1
2040.0,593844221#0,1
2040.0,593849711#0,1
2040.0,593849711#2,11
2040.0,:3086736518_0,2
2040.0,:655375232_11,1
2040.0,:655375232_2,3
2040.0,:655375232_6,2
2040.0,:655375233_0,2
2040.0,:655375233_4,2
2040.0,:655375233_8,6
2040.0,:655375238_1,1
2040.0,:655375238_3,1
2040.0,:655375238_5,1
2040.0,:cluster11510670762_4554226152_0,2
2040.0,:cluster622618015_622618108_622618112_622618144_#2more_26,1
2040.0,:cluster_2038168688_655375573_30,1
2060.0,-300077497#5,26
2060.0,-300077497#8,4
2060.0,-35274074#2,11
2060.0,-51362429#1,3
2060.0,-51362430,18
2060.0,-593847703#3,18
2060.0,-593847704#2,1
2060.0,-E0,19
2060.0,1068234498#0,37
2060.0,1068234499#0,3
2060.0,1068440001,8
2060.0,1068440004#1,32
2060.0,196961377#3,5
2060.0,238526531#0,25
2060.0,244450512#1,2
2060.0,260881642#0,3
2060.0,288878926#0,5
2060.0,300077497#0,10
2060.0,30620492#0,18
2060.0,30620492#1,5
2060.0,484988951#0,5
2060.0,49073226#2,7
2060.0,49695736#0,1
2060.0,506322842#0,18
2060.0,506322844#0,6
2060.0,51362429#0,17
2060.0,51362430,1
2060.0,593844221#0,1
2060.0,593847704#0,2
2060.0,593849711#2,16
2060.0,:3086736518_0,2
2060.0,:655375232_2,3
2060.0,:655375232_6,2
2060.0,:655375232_8,1
2060.0,:655375233_0,2
2060.0,:655375233_4,1
2060.0,:655375233_8,6
2060.0,:655375238_1,1
2060.0,:655375238_3,1
2060.0,:655375238_5,1
2060.0,:cluster11510670762_4554226152_0,2
2060.0,:cluster622618015_622618108_622618112_622618144_#2more_49,2
2060.0,:cluster_2038168688_655375573_30,1
2080.0,-300077497#5,26
2080.0,-300077497#8,4
2080.0,-35274074#2,11
2080.0,-51362429#1,3
2080.0,-51362430,19
2080.0,-593847703#3,20
2080.0,-E0,19
2080.0,1068234498#0,34
2080.0,1068440001,8
2080.0,1068440004#1,33
2080.0,182334378#0,1
2080.0,196961377#3,3
2080.0,238526531#0,27
2080.0,244450512#1,3
2080.0,260881642#0,3
2080.0,263217604#0,1
2080.0,288878926#0,5
2080.0,300077497#0,11
2080.0,30620492#0,18
2080.0,30620492#1,5
2080.0,484988951#0,5
2080.0,49073226#2,7
2080.0,506322842#0,17
2080.0,506322844#0,5
2080.0,506322846#0,4
2080.0,51362429#0,17
2080.0,51362430,1
2080.0,593844221#0,1
2080.0,593847704#0,2
2080.0,593849711#2,17
2080.0,:3086736518_0,2
2080.0,:655375232_2,3
2080.0,:655375232_6,2
2080.0,:655375232_8,1
2080.0,:655375233_0,2
2080.0,:655375233_4,1
2080.0,:655375233_8,7
2080.0,:655375238_1,1
2080.0,:655375238_3,1
2080.0,:655375238_5,1
2080.0,:cluster11510670762_4554226152_0,1
2080.0,:cluster_2038168688_655375573_30,1
2080.0,:cluster_3208478133_655375293_655375296_9631728504_#1more_8,1
2100.0,-300077497#5,27
2100.0,-300077497#8,4
2100.0,-35274074#2,11
2100.0,-51362429#1,3
2100.0,-51362430,18
2100.0,-593847703#3,20
2100.0,-E0,18
2100.0,1068234498#0,34
2100.0,1068440001,8
2100.0,1068440004#1,33
2100.0,196961377#3,3
2100.0,232003903#0,1
2100.0,238526531#0,24
2100.0,244450512#1,2
2100.0,260881642#0,3
2100.0,263217604#0,1
2100.0,288135626#0,2
2100.0,288878926#0,5
2100.0,300077497#0,7
2100.0,300077497#6,1
2100.0,30620492#0,18
2100.0,30620492#1,5
2100.0,35274074#0,4
2100.0,484988951#0,5
2100.0,49073226#2,7
2100.0,506322842#0,16
2100.0,506322844#0,4
2100.0,506322851#0,2
2100.0,51362429#0,17
2100.0,51362430,1
2100.0,593844221#0,1
2100.0,593849711#2,18
2100.0,:3086736518_0,2
2100.0,:3086736518_6,1
2100.0,:655375232_2,3
2100.0,:655375232_6,2
2100.0,:655375232_8,1
2100.0,:655375233_0,2
2100.0,:655375233_4,1
2100.0,:655375233_8,7
2100.0,:655375238_2,1
2100.0,:655375238_6,1
2100.0,:655375241_0,1
2100.0,:cluster11510670762_4554226152_0,2
2100.0,:cluster622618015_622618108_622618112_622618144_#2more_37,1
2100.0,:cluster622618015_622618108_622618112_622618144_#2more_39,1
2100.0,:cluster_2038168688_655375573_21,1
2100.0,:cluster_3208478133_655375293_655375296_9631728504_#1more_8,1
2100.0,:cluster_9383263990_9383263991_9383263992_9383263993_7,1
2120.0,-300077497#5,27
2120.0,-300077497#8,4
2120.0,-35274074#2,11
2120.0,-51362429#1,4
2120.0,-51362430,18
2120.0,-593847703#3,20
2120.0,-E0,18
2120.0,1068234498#0,35
2120.0,1068234499#0,2
2120.0,1068440001,9
2120.0,1068440004#1,33
2120.0,1068440006#0,2
2120.0,196961377#3,3
2120.0,238526531#0,23
2120.0,244450512#1,2
2120.0,263217604#0,1
2120.0,288878926#0,5
2120.0,300077497#0,2
2120.0,30620492#0,18
2120.0,30620492#1,5
2120.0,35274074#0,7
2120.0,360018417,1
2120.0,484988951#0,3
2120.0,49073226#2,7
2120.0,506322842#0,14
2120.0,506322844#0,7
2120.0,506322846#0,2
2120.0,506322853#0,2
2120.0,51362429#0,13
2120.0,51362430,2
2120.0,593844221#0,1
2120.0,593847703#0,2
2120.0,593849711#2,18
2120.0,:3086736518_0,2
2120.0,:3086736518_6,1
2120.0,:655375232_2,3
2120.0,:655375233_0,2
2120.0,:655375233_4,1
2120.0,:655375233_8,7
2120.0,:655375238_2,1
2120.0,:655375238_3,1
2120.0,:cluster11510670762_4554226152_0,2
2120.0,:cluster_2038168688_655375573_23,1
2120.0,:cluster_2038168688_655375573_3,1
2120.0,:cluster_2038168688_655375573_30,1
2120.0,:cluster_2038168688_655375573_6,2
2120.0,:cluster_2528018119_655375236_3,1
2120.0,:cluster_3208478133_655375293_655375296_9631728504_#1more_8,1
2120.0,:cluster_3431431575_4777363357_655375231_6982059025_5,1
2140.0,-300077497#5,25
2140.0,-300077497#8,4
2140.0,-35274074#2,11
2140.0,-51362429#1,6
2140.0,-51362430,19
2140.0,-593847703#3,22
2140.0,-593847704#2,1
2140.0,-E0,19
2140.0,1068234498#0,33
2140.0,1068234499#0,2
2140.0,1068440001,9
2140.0,1068440004#1,33
2140.0,1239087514,1
2140.0,186602412#0,2
2140.0,196961377#3,3
2140.0,238526531#0,26
2140.0,244450512#1,2
2140.0,300077497#0,2
2140.0,30620492#0,18
2140.0,30620492#1,5
2140.0,35274074#0,2
2140.0,484988951#0,3
2140.0,49073226#2,7
2140.0,506322842#0,16
2140.0,506322844#0,7
2140.0,506322846#0,5
2140.0,506322846#2,2
2140.0,506322853#0,2
2140.0,51362429#0,16
2140.0,593844216#0,1
2140.0,593844221#0,1
2140.0,593849711#2,13
2140.0,594658760#0,1
2140.0,:1973482489_3,1
2140.0,:3086736518_0,2
2140.0,:3086736518_6,1
2140.0,:655375232_11,1
2140.0,:655375232_2,3
2140.0,:655375232_6,2
2140.0,:655375233_0,2
2140.0,:655375233_4,1
2140.0,:655375233_8,7
2140.0,:655375238_2,1
2140.0,:655375238_3,1
2140.0,:655375238_6,1
2140.0,:cluster11510670762_4554226152_0,2
2140.0,:cluster622618015_622618108_622618112_622618144_#2more_49,1
2140.0,:cluster_2038168688_655375573_23,1
2140.0,:cluster_2038168688_655375573_30,1
2140.0,:cluster_2038168688_655375573_6,2
2140.0,:cluster_2528018119_655375236_17,2
2140.0,:cluster_5372642442_631668976_631668981_631669076_45,1
2160.0,-300077497#5,23
2160.0,-300077497#8,4
2160.0,-35274074#2,11
2160.0,-51362429#1,8
2160.0,-51362430,19
2160.0,-593847701,1
2160.0,-593847703#3,24
2160.0,-E0,19
2160.0,1068234498#0,33
2160.0,1068234499#0,2
2160.0,1068440001,9
2160.0,1068440004#1,33
2160.0,186602412#0,5
2160.0,238526531#0,27
2160.0,244450512#1,2
2160.0,30620492#0,18
2160.0,30620492#1,5
2160.0,484988951#0,3
2160.0,49073226#2,8
2160.0,49695736#0,1
2160.0,506322842#0,20
2160.0,506322844#0,7
2160.0,506322846#0,4
2160.0,506322846#2,2
2160.0,506322853#0,2
2160.0,51362429#0,17
2160.0,593844216#0,1
2160.0,593847702#0,4
2160.0,593849711#2,16
2160.0,594658760#0,1
2160.0,:3086736518_0,2
2160.0,:3086736518_6,1
2160.0,:655375232_2,3
2160.0,:655375232_6,2
2160.0,:655375232_8,1
2160.0,:655375233_0,2
2160.0,:655375233_4,1
2160.0,:655375233_8,3
2160.0,:655375238_2,1
2160.0,:655375238_3,1
2160.0,:cluster11510670762_4554226152_0,2
2160.0,:cluster_2038168688_655375573_23,1
2160.0,:cluster_2038168688_655375573_30,1
2160.0,:cluster_2038168688_655375573_6,2
2160.0,:cluster_3431431575_4777363357_655375231_6982059025_7,1
2180.0,-300077497#5,27
2180.0,-300077497#8,4
2180.0,-35274074#2,11
2180.0,-51362429#1,8
2180.0,-51362430,19
2180.0,-593847701,1
2180.0,-593847703#3,24
2180.0,-E0,19
2180.0,1068234498#0,34
2180.0,1068234499#0,3
2180.0,1068440001,9
2180.0,1068440004#1,29
2180.0,186602412#0,3
2180.0,238526531#0,26
2180.0,244450512#1,2
2180.0,263217604#0,2
2180.0,288135626#0,1
2180.0,300077497#0,1
2180.0,30620492#0,18
2180.0,30620492#1,5
2180.0,484988951#0,4
2180.0,49073226#2,9
2180.0,49073272#3,2
2180.0,506322842#0,14
2180.0,506322844#0,3
2180.0,506322846#0,2
2180.0,506322846#2,2
2180.0,506322853#0,2
2180.0,51362429#0,17
2180.0,593844216#0,1
2180.0,593849711#2,18
2180.0,593849718#0,2
2180.0,594658760#0,1
2180.0,:1973482489_4,1
2180.0,:3086736518_0,2
2180.0,:3086736518_6,1
2180.0,:655375232_2,3
2180.0,:655375232_6,2
2180.0,:655375232_8,1
2180.0,:655375233_0,2
2180.0,:655375233_4,1
2180.0,:655375233_8,6
2180.0,:655375238_3,1
2180.0,:655375241_0,1
2180.0,:cluster11510670762_4554226152_0,2
2180.0,:cluster622618015_622618108_622618112_622618144_#2more_31,1
2180.0,:cluster_2038168688_655375573_30,1
2180.0,:cluster_2038168688_655375573_6,2
2180.0,:cluster_5372642442_631668976_631668981_631669076_33,1
2200.0,-300077497#5,27
2200.0,-300077497#8,4
2200.0,-35274074#2,12
2200.0,-51362429#1,8
2200.0,-51362430,19
2200.0,-593847701,1
2200.0,-593847703#3,25
2200.0,-E0,19
2200.0,1068234498#0,34
2200.0,1068234499#0,4
2200.0,1068440001,9
2200.0,1068440004#1,33
2200.0,196961377#0,2
2200.0,238526531#0,25
2200.0,244450512#1,2
2200.0,263217604#0,2
2200.0,288135626#0,1
2200.0,288878926#0,1
2200.0,30620492#0,18
2200.0,30620492#1,5
2200.0,35274074#0,1
2200.0,484988951#0,4
2200.0,49073226#2,8
2200.0,49073272#3,2
2200.0,506322842#0,14
2200.0,506322844#0,5
2200.0,506322846#0,2
2200.0,506322851#0,3
2200.0,506322851#2,1
2200.0,506322853#0,1
2200.0,51362429#0,17
2200.0,593842812#0,1
2200.0,593849711#2,18
2200.0,594658760#0,1
2200.0,:3086736518_0,2
2200.0,:3086736518_6,1
2200.0,:655375232_2,3
2200.0,:655375232_6,2
2200.0,:655375232_8,1
2200.0,:655375233_0,2
2200.0,:655375233_4,1
2200.0,:655375233_8,6
2200.0,:cluster11510670762_4554226152_0,2
2200.0,:cluster_2038168688_655375573_25,1
2220.0,-300077497#5,27
2220.0,-300077497#8,4
2220.0,-35274074#2,12
2220.0,-51362429#1,5
2220.0,-51362430,18
2220.0,-593847701,1
2220.0,-593847703#3,25
2220.0,-593847704#2,1
2220.0,-E0,19
2220.0,1068234498#0,36
2220.0,1068234499#0,5
2220.0,1068440001,5
2220.0,1068440004#1,33
2220.0,186602412#0,2
2220.0,196961377#3,1
2220.0,238526531#0,25
2220.0,244450512#1,2
2220.0,260881642#0,2
2220.0,288878926#0,5
2220.0,30620492#0,18
2220.0,30620492#1,5
2220.0,360018417,2
2220.0,484988951#0,4
2220.0,49073226#2,4
2220.0,49695736#0,2
2220.0,506322842#0,14
2220.0,506322844#0,5
2220.0,506322846#0,1
2220.0,506322853#0,5
2220.0,51362429#0,17
2220.0,593842812#2,1
2220.0,593844221#0,1
2220.0,593849711#2,18
2220.0,594658760#0,3
2220.0,:3086736518_0,2
2220.0,:3086736518_6,1
2220.0,:655375232_2,3
2220.0,:655375232_6,2
2220.0,:655375232_8,1
2220.0,:655375233_0,2
2220.0,:655375233_4,1
2220.0,:655375233_8,6
2220.0,:cluster11510670762_4554226152_0,1
2220.0,:cluster622618015_622618108_622618112_622618144_#2more_2,1
2220.0,:cluster622618015_622618108_622618112_622618144_#2more_26,1
2220.0,:cluster655375336_end_0_655375336_end_1_655375336_end_10_655375336_end_11_#8more_25,1
2220.0,:cluster_2038168688_655375573_25,1
2220.0,:cluster_2664674491_655375287_655375288_5,1
2220.0,:cluster_3208478133_655375293_655375296_9631728504_#1more_8,2
2220.0,:cluster_623980147_623980152_9,1
2240.0,-300077497#5,24
2240.0,-300077497#8,4
2240.0,-35274074#2,12
2240.0,-51362429#1,4
2240.0,-51362430,12
2240.0,-593847701,1
2240.0,-593847703#3,28
2240.0,-E0,19
2240.0,1068234498#0,35
2240.0,1068234499#0,5
2240.0,1068440001,4
2240.0,1068440004#1,33
2240.0,196961377#3,2
2240.0,238526531#0,26
2240.0,244450512#1,3
2240.0,260881642#0,3
2240.0,288878926#0,4
2240.0,30620492#0,18
2240.0,30620492#1,5
2240.0,484988951#0,4
2240.0,49695736#0,10
2240.0,506322842#0,14
2240.0,506322844#0,5
2240.0,506322853#0,5
2240.0,51362429#0,17
2240.0,593842812#2,1
2240.0,593849711#2,17
2240.0,594658760#0,3
2240.0,:3086736518_0,2
2240.0,:3086736518_6,1
2240.0,:655375232_2,3
2240.0,:655375232_6,2
2240.0,:655375232_8,1
2240.0,:655375233_0,2
2240.0,:655375233_4,1
2240.0,:655375233_8,6
2240.0,:cluster11510670762_4554226152_0,1
2240.0,:cluster622618015_622618108_622618112_622618144_#2more_49,2
2240.0,:cluster655375336_end_0_655375336_end_1_655375336_end_10_655375336_end_11_#8more_25,2
2240.0,:cluster_2038168688_655375573_25,1
2240.0,:cluster_2528018119_655375236_17,1
2240.0,:cluster_3208478133_655375293_655375296_9631728504_#1more_8,2
2240.0,:cluster_3431431575_4777363357_655375231_6982059025_3,2
2240.0,:cluster_5372642442_631668976_631668981_631669076_45,1
2260.0,-300077497#5,24
2260.0,-300077497#8,2
2260.0,-35274074#2,12
2260.0,-51362430,7
2260.0,-593847701,1
2260.0,-593847703#3,30
2260.0,-E0,19
2260.0,1068234498#0,35
2260.0,1068234499#0,4
2260.0,1068440001,4
2260.0,1068440004#1,33
2260.0,238526531#0,26
2260.0,244450512#1,2
2260.0,260881642#0,3
2260.0,288878926#0,8
2260.0,300077497#0,3
2260.0,30620492#0,18
2260.0,30620492#1,5
2260.0,484988951#0,4
2260.0,49073226#2,5
2260.0,49695736#0,12
2260.0,506322842#0,14
2260.0,506322844#0,5
2260.0,506322853#0,5
2260.0,51362429#0,17
2260.0,593842812#2,1
2260.0,593849711#2,16
2260.0,594658760#0,3
2260.0,:3086736518_0,2
2260.0,:3086736518_6,1
2260.0,:655375232_2,3
2260.0,:655375232_6,2
2260.0,:655375232_8,1
2260.0,:655375233_0,2
2260.0,:655375233_4,1
2260.0,:655375233_8,6
2260.0,:655375238_5,2
2260.0,:656132414_2,1
2260.0,:cluster655375336_end_0_655375336_end_1_655375336_end_10_655375336_end_11_#8more_25,5
2260.0,:cluster_2038168688_655375573_25,1
2260.0,:cluster_2528018119_655375236_20,1
2260.0,:cluster_2664674491_655375287_655375288_5,1
2260.0,:cluster_3208478133_655375293_655375296_9631728504_#1more_8,2
2260.0,:cluster_9383263990_9383263991_9383263992_9383263993_7,1
2280.0,-1334905223#2,1
2280.0,-300077497#5,27
2280.0,-300077497#8,4
2280.0,-35274074#2,11
2280.0,-51362430,6
2280.0,-593847701,1
2280.0,-593847703#3,30
2280.0,-E0,19
2280.0,1068234498#0,36
2280.0,1068234499#0,4
2280.0,1068440001,7
2280.0,1068440004#1,33
2280.0,182334379#0,1
2280.0,238526531#0,24
2280.0,244450512#1,2
2280.0,260881642#0,3
2280.0,263217604#0,1
2280.0,288878926#0,8
2280.0,300077497#0,6
2280.0,30620492#0,18
2280.0,30620492#1,5
2280.0,35274074#0,2
2280.0,484988951#0,4
2280.0,49073226#2,5
2280.0,49695736#0,9
2280.0,506322842#0,14
2280.0,506322844#0,6
2280.0,506322848#0,1
2280.0,506322853#0,2
2280.0,51362429#0,17
2280.0,593842812#2,1
2280.0,593844221#0,1
2280.0,593849711#2,20
2280.0,594658760#0,3
2280.0,668037874,1
2280.0,:3086736518_0,2
2280.0,:3086736518_6,1
2280.0,:655375232_2,3
2280.0,:655375232_6,2
2280.0,:655375232_8,1
2280.0,:655375233_0,2
2280.0,:655375233_4,1
2280.0,:655375233_8,6
2280.0,:655375238_2,1
2280.0,:655375238_6,1
2280.0,:cluster11510670762_4554226152_0,1
2280.0,:cluster619136880_619136881_cluster_4510442270_5296993511_5296993513_619136931_#1more_8,1
2280.0,:cluster619136899_619136900_cluster_619136929_619136942_6,1
2280.0,:cluster655375336_end_0_655375336_end_1_655375336_end_10_655375336_end_11_#8more_25,2
2280.0,:cluster_2038168688_655375573_25,1
2280.0,:cluster_2528018119_655375236_20,1
2280.0,:cluster_3208478133_655375293_655375296_9631728504_#1more_8,5
2300.0,-300077497#5,24
2300.0,-300077497#8,4
2300.0,-35274074#2,12
2300.0,-51362430,11
2300.0,-593847701,1
2300.0,-593847703#3,32
2300.0,-E0,19
2300.0,1068234498#0,37
2300.0,1068234499#0,4
2300.0,1068440001,7
2300.0,1068440004#1,33
2300.0,182334379#0,1
2300.0,196961377#0,5
2300.0,238526531#0,24
2300.0,244450512#1,2
2300.0,263217604#0,1
2300.0,288878926#0,8
2300.0,300077497#0,3
2300.0,30620492#0,18
2300.0,30620492#1,5
2300.0,35274074#0,6
2300.0,484988951#0,4
2300.0,49073226#2,5
2300.0,49695736#0,9
2300.0,506322842#0,12
2300.0,506322844#0,7
2300.0,51362429#0,17
2300.0,593844221#0,1
2300.0,593849711#2,21
2300.0,594658760#0,3
2300.0,:1973482489_4,1
2300.0,:3086736518_0,2
2300.0,:3086736518_6,1
2300.0,:655375232_2,3
2300.0,:655375232_6,2
2300.0,:655375232_8,1
2300.0,:655375233_0,2
2300.0,:655375233_4,1
2300.0,:655375233_8,6
2300.0,:655375238_2,1
2300.0,:cluster11510670762_4554226152_0,2
2300.0,:cluster_2038168688_655375573_23,1
2300.0,:cluster_2038168688_655375573_3,1
2300.0,:cluster_2038168688_655375573_30,1
2300.0,:cluster_2038168688_655375573_6,2
2300.0,:cluster_2528018119_655375236_17,1
2300.0,:cluster_2528018119_655375236_31,1
2300.0,:cluster_3208478133_655375293_655375296_9631728504_#1more_1,1
2300.0,:cluster_3208478133_655375293_655375296_9631728504_#1more_8,4
2320.0,-300077497#5,24
2320.0,-300077497#8,4
2320.0,-35274074#2,11
2320.0,-51362430,18
2320.0,-593847701,1
2320.0,-593847703#3,33
2320.0,-593847704#2,4
2320.0,-E0,19
2320.0,1068234498#0,35
2320.0,1068234499#0,5
2320.0,1068440001,7
2320.0,1068440004#1,33
2320.0,182334378#0,1
2320.0,186602412#0,2
2320.0,196961377#0,2
2320.0,196961377#3,2
2320.0,238526531#0,26
2320.0,244450512#1,2
2320.0,244450512#4,1
2320.0,288878926#0,1
2320.0,30620492#0,18
2320.0,30620492#1,5
2320.0,35274074#0,3
2320.0,484988951#0,4
2320.0,49073226#2,5
2320.0,49695736#0,9
2320.0,506322842#0,12
2320.0,506322844#0,7
2320.0,506322846#0,3
2320.0,506322846#2,1
2320.0,51362429#0,17
2320.0,593844221#0,1
2320.0,593849711#2,21
2320.0,594658760#0,3
2320.0,:1973482489_8,1
2320.0,:3086736518_0,2
2320.0,:3086736518_6,1
2320.0,:655375232_2,3
2320.0,:655375232_6,2
2320.0,:655375232_8,1
2320.0,:655375233_0,2
2320.0,:655375233_4,1
2320.0,:655375233_8,6
2320.0,:655375238_2,1
2320.0,:655375238_3,1
2320.0,:cluster11510670762_4554226152_0,2
2320.0,:cluster622618015_622618108_622618112_622618144_#2more_2,1
2320.0,:cluster622618015_622618108_622618112_622618144_#2more_26,1
2320.0,:cluster_2038168688_655375573_23,1
2320.0,:cluster_2038168688_655375573_3,1
2320.0,:cluster_2038168688_655375573_30,1
2320.0,:cluster_2038168688_655375573_6,2
2320.0,:cluster_3208478133_655375293_655375296_9631728504_#1more_1,1
2320.0,:cluster_3208478133_655375293_655375296_9631728504_#1more_8,4
2340.0,-300077497#5,26
2340.0,-300077497#8,2
2340.0,-35274074#2,11
2340.0,-51362430,18
2340.0,-593847701,1
2340.0,-593847703#3,34
2340.0,-E0,19
2340.0,1068234498#0,35
2340.0,1068234499#0,5
2340.0,1068440001,8
2340.0,1068440004#1,33
2340.0,186602412#0,3
2340.0,196961377#0,2
2340.0,238526531#0,26
2340.0,244450512#1,2
2340.0,244450512#5,1
2340.0,300077497#6,1
2340.0,30620492#0,17
2340.0,30620492#1,5
2340.0,484988951#0,4
2340.0,49073226#2,5
2340.0,49695736#0,9
2340.0,506322842#0,12
2340.0,506322844#0,7
2340.0,506322846#0,2
2340.0,506322846#2,1
2340.0,51362429#0,17
2340.0,593849711#0,1
2340.0,593849711#2,21
2340.0,594658760#0,3
2340.0,:1973482489_3,1
2340.0,:3086736518_0,2
2340.0,:3086736518_6,1
2340.0,:655375232_2,3
2340.0,:655375232_6,2
2340.0,:655375232_8,1
2340.0,:655375233_0,2
2340.0,:655375233_4,1
2340.0,:655375233_8,6
2340.0,:cluster11510670762_4554226152_0,2
2340.0,:cluster655375336_end_0_655375336_end_1_655375336_end_10_655375336_end_11_#8more_25,2
2340.0,:cluster655375336_end_0_655375336_end_1_655375336_end_10_655375336_end_11_#8more_6,1
2340.0,:cluster_2038168688_655375573_30,1
2340.0,:cluster_2038168688_655375573_6,2
2340.0,:cluster_3208478133_655375293_655375296_9631728504_#1more_1,1
2340.0,:cluster_3208478133_655375293_655375296_9631728504_#1more_8,3
2360.0,-300077497#5,27
2360.0,-300077497#8,3
2360.0,-35274074#2,11
2360.0,-51362429#1,2
2360.0,-51362430,19
2360.0,-593847701,1
2360.0,-593847703#3,32
2360.0,-E0,19
2360.0,1068234498#0,36
2360.0,1068234499#0,5
2360.0,1068440001,8
2360.0,1068440004#1,33
2360.0,186602412#0,2
2360.0,196961377#0,2
2360.0,238526531#0,25
2360.0,244450512#1,2
2360.0,244450512#5,1
2360.0,263217604#0,2
2360.0,300077497#0,6
2360.0,300077497#6,1
2360.0,30620492#0,18
2360.0,30620492#1,5
2360.0,484988951#0,5
2360.0,49073226#2,7
2360.0,49695736#0,7
2360.0,506322842#0,12
2360.0,506322844#0,4
2360.0,506322846#0,1
2360.0,51362429#0,17
2360.0,593844221#0,1
2360.0,593849711#2,18
2360.0,594658760#0,3
2360.0,:3086736518_0,2
2360.0,:3086736518_6,1
2360.0,:655375232_2,3
2360.0,:655375232_6,2
2360.0,:655375232_8,1
2360.0,:655375233_0,2
2360.0,:655375233_4,2
2360.0,:655375233_8,6
2360.0,:655375238_2,1
2360.0,:655375239_5,1
2360.0,:cluster11510670762_4554226152_0,2
2360.0,:cluster_2038168688_655375573_25,1
2360.0,:cluster_2528018119_655375236_12,1
2360.0,:cluster_2528018119_655375236_20,1
2360.0,:cluster_3431431575_4777363357_655375231_6982059025_3,1
2380.0,-300077497#5,27
2380.0,-300077497#8,4
2380.0,-35274074#2,12
2380.0,-51362429#1,2
2380.0,-51362430,19
2380.0,-593847701,1
2380.0,-593847703#3,33
2380.0,-E0,19
2380.0,1068234498#0,36
2380.0,1068234499#0,4
2380.0,1068440001,8
2380.0,1068440004#1,33
2380.0,182334378#0,1
2380.0,196961377#3,2
2380.0,238526531#0,25
2380.0,244450512#1,2
2380.0,244450512#5,1
2380.0,263217604#0,2
2380.0,300077497#0,7
2380.0,30620492#0,18
2380.0,30620492#1,5
2380.0,35274074#0,5
2380.0,484988951#0,5
2380.0,49073226#2,8
2380.0,506322842#0,11
2380.0,506322844#0,6
2380.0,51362429#0,17
2380.0,593844221#0,1
2380.0,593849711#2,21
2380.0,594658760#0,3
2380.0,:3086736518_0,2
2380.0,:3086736518_6,1
2380.0,:655375232_2,3
2380.0,:655375232_6,2
2380.0,:655375232_8,1
2380.0,:655375233_0,2
2380.0,:655375233_4,2
2380.0,:655375233_8,6
2380.0,:655375238_2,1
2380.0,:655375238_6,1
2380.0,:cluster11510670762_4554226152_0,2
2380.0,:cluster_2038168688_655375573_30,1
2380.0,:cluster_2528018119_655375236_12,1
2380.0,:cluster_2528018119_655375236_20,1
2400.0,-300077497#5,24
2400.0,-300077497#8,4
2400.0,-35274074#2,12
2400.0,-51362429#1,2
2400.0,-51362430,19
2400.0,-593847701,1
2400.0,-593847703#3,35
2400.0,-E0,19
2400.0,1068234498#0,35
2400.0,1068234499#0,4
2400.0,1068440001,8
2400.0,1068440004#1,33
2400.0,182334378#0,2
2400.0,238526531#0,26
2400.0,244450512#1,2
2400.0,260881642#0,4
2400.0,300077497#0,1
2400.0,30620492#0,18
2400.0,30620492#1,5
2400.0,35274074#0,5
2400.0,484988951#0,5
2400.0,49073226#2,8
2400.0,506322842#0,11
2400.0,506322844#0,6
2400.0,506322846#0,4
2400.0,51362429#0,17
2400.0,51362430,1
2400.0,593844221#0,1
2400.0,593849711#2,21
2400.0,594658760#0,5
2400.0,:3086736518_0,2
2400.0,:3086736518_6,1
2400.0,:655375232_2,3
2400.0,:655375232_6,2
2400.0,:655375232_8,1
2400.0,:655375233_0,2
2400.0,:655375233_4,2
2400.0,:655375233_8,6
2400.0,:655375238_2,1
2400.0,:655375238_6,1
2400.0,:cluster11510670762_4554226152_0,2
2400.0,:cluster622618015_622618108_622618112_622618144_#2more_49,2
2400.0,:cluster_2038168688_655375573_3,2
2400.0,:cluster_2038168688_655375573_30,1
2400.0,:cluster_2038168688_655375573_6,2
2420.0,-300077497#5,25
2420.0,-300077497#8,2
2420.0,-35274074#2,11
2420.0,-51362429#1,2
2420.0,-51362430,19
2420.0,-593847701,1
2420.0,-593847703#3,35
2420.0,-E0,17
2420.0,1068234498#0,35
2420.0,1068234499#0,4
2420.0,1068440001,8
2420.0,1068440004#1,33
2420.0,182334378#0,2
2420.0,186602412#0,5
2420.0,238526531#0,26
2420.0,244450512#1,3
2420.0,260881642#0,3
2420.0,300077497#6,1
2420.0,30620492#0,18
2420.0,30620492#1,5
2420.0,484988951#0,5
2420.0,49073226#2,8
2420.0,506322842#0,11
2420.0,506322844#0,6
2420.0,506322846#0,5
2420.0,51362429#0,16
2420.0,51362430,1
2420.0,593844221#0,1
2420.0,593847701,1
2420.0,593847703#0,2
2420.0,593847704#0,2
2420.0,593849711#2,21
2420.0,594658760#0,5
2420.0,:1973482489_3,1
2420.0,:3086736518_0,2
2420.0,:3086736518_6,1
2420.0,:655375232_2,2
2420.0,:655375232_6,2
2420.0,:655375232_8,1
2420.0,:655375233_0,1
2420.0,:655375233_4,2
2420.0,:655375233_8,6
2420.0,:655375238_3,1
2420.0,:655375238_5,2
2420.0,:cluster11510670762_4554226152_0,2
2420.0,:cluster_2038168688_655375573_23,1
2420.0,:cluster_2038168688_655375573_30,1
2420.0,:cluster_2038168688_655375573_6,2
2440.0,-300077497#5,27
2440.0,-300077497#8,4
2440.0,-35274074#2,12
2440.0,-51362429#1,2
2440.0,-51362430,19
2440.0,-593847701,1
2440.0,-593847703#3,35
2440.0,-E0,18
2440.0,1068234498#0,35
2440.0,1068234499#0,4
2440.0,1068440001,7
2440.0,1068440004#1,33
2440.0,1068440006#0,2
2440.0,186602412#0,5
2440.0,238526531#0,24
2440.0,244450512#1,2
2440.0,260881642#0,3
2440.0,263217604#0,1
2440.0,288878926#0,3
2440.0,300077497#6,2
2440.0,30620492#0,18
2440.0,30620492#1,5
2440.0,484988951#0,3
2440.0,49073226#2,5
2440.0,506322842#0,11
2440.0,506322844#0,4
2440.0,506322846#0,1
2440.0,506322848#0,1
2440.0,51362429#0,17
2440.0,593847703#0,4
2440.0,593847704#0,2
2440.0,593849711#2,21
2440.0,594658760#0,5
2440.0,:3086736518_0,3
2440.0,:3086736518_6,1
2440.0,:655375232_2,2
2440.0,:655375233_0,2
2440.0,:655375233_4,2
2440.0,:655375233_8,6
2440.0,:cluster11510670762_4554226152_0,1
2440.0,:cluster655375336_end_0_655375336_end_1_655375336_end_10_655375336_end_11_#8more_30,1
2440.0,:cluster655375336_end_0_655375336_end_1_655375336_end_10_655375336_end_11_#8more_39,1
2440.0,:cluster655375336_end_0_655375336_end_1_655375336_end_10_655375336_end_11_#8more_6,1
2440.0,:cluster_2038168688_655375573_24,1
2440.0,:cluster_2038168688_655375573_8,1
2440.0,:cluster_2664674491_655375287_655375288_5,1
2440.0,:cluster_3208478133_655375293_655375296_9631728504_#1more_8,2
2440.0,:cluster_3431431575_4777363357_655375231_6982059025_3,1
2440.0,:cluster_3431431575_4777363357_655375231_6982059025_7,1
2460.0,-300077497#5,27
2460.0,-300077497#8,4
2460.0,-35274074#2,12
2460.0,-51362429#1,3
2460.0,-51362430,14
2460.0,-593847703#3,33
2460.0,-E0,19
2460.0,1068234498#0,37
2460.0,1068234499#0,4
2460.0,1068440001,4
2460.0,1068440004#1,33
2460.0,1068440006#0,8
2460.0,186602412#0,2
2460.0,232003903#0,1
2460.0,238526531#0,24
2460.0,244450512#1,3
2460.0,260881642#0,2
2460.0,263217604#0,1
2460.0,288878926#0,10
2460.0,300077497#0,2
2460.0,300077497#6,2
2460.0,30620492#0,18
2460.0,30620492#1,5
2460.0,484988951#0,4
2460.0,49073226#2,4
2460.0,49695736#0,2
2460.0,506322842#0,11
2460.0,506322844#0,5
2460.0,51362429#0,17
2460.0,593844221#0,1
2460.0,593847703#0,4
2460.0,593849711#2,11
2460.0,594658760#0,4
2460.0,:3086736518_0,3
2460.0,:3086736518_4,1
2460.0,:3086736518_6,1
2460.0,:655375232_2,2
2460.0,:655375233_0,2
2460.0,:655375233_4,3
2460.0,:655375233_8,6
2460.0,:656132414_2,1
2460.0,:cluster11510670762_4554226152_0,1
2460.0,:cluster622618015_622618108_622618112_622618144_#2more_39,2
2460.0,:cluster655375336_end_0_655375336_end_1_655375336_end_10_655375336_end_11_#8more_30,1
2460.0,:cluster655375336_end_0_655375336_end_1_655375336_end_10_655375336_end_11_#8more_39,1
2460.0,:cluster_2038168688_655375573_25,1
2460.0,:cluster_2528018119_655375236_20,1
2460.0,:cluster_3208478133_655375293_655375296_9631728504_#1more_8,3
2460.0,:cluster_3431431575_4777363357_655375231_6982059025_3,1
2480.0,-300077497#5,27
2480.0,-300077497#8,4
2480.0,-35274074#2,12
2480.0,-51362430,14
2480.0,-593847703#3,32
2480.0,-E0,19
2480.0,1068234498#0,37
2480.0,1068234499#0,4
2480.0,1068440001,7
2480.0,1068440004#1,33
2480.0,1068440006#0,7
2480.0,238526531#0,24
2480.0,244450512#1,3
2480.0,263217604#0,1
2480.0,288878926#0,13
2480.0,300077497#0,4
2480.0,30620492#0,18
2480.0,30620492#1,5
2480.0,35274074#0,2
2480.0,484988951#0,4
2480.0,49073226#2,5
2480.0,49695736#0,3
2480.0,506322842#0,11
2480.0,506322844#0,5
2480.0,51362429#0,17
2480.0,51362430,1
2480.0,593844216#0,1
2480.0,593844221#0,1
2480.0,593847702#0,5
2480.0,593849711#2,15
2480.0,594658760#0,2
2480.0,:3086736518_0,3
2480.0,:3086736518_6,1
2480.0,:655375232_2,2
2480.0,:655375233_0,2
2480.0,:655375233_4,3
2480.0,:655375233_8,1
2480.0,:655375238_1,1
2480.0,:656132414_2,1
2480.0,:cluster11510670762_4554226152_0,2
2480.0,:cluster622618015_622618108_622618112_622618144_#2more_39,1
2480.0,:cluster655375336_end_0_655375336_end_1_655375336_end_10_655375336_end_11_#8more_18,1
2480.0,:cluster655375336_end_0_655375336_end_1_655375336_end_10_655375336_end_11_#8more_30,1
2480.0,:cluster655375336_end_0_655375336_end_1_655375336_end_10_655375336_end_11_#8more_39,1
2480.0,:cluster_2038168688_655375573_25,1
2480.0,:cluster_2528018119_655375236_3,2
2480.0,:cluster_3208478133_655375293_655375296_9631728504_#1more_8,1
2480.0,:cluster_3431431575_4777363357_655375231_6982059025_3,1
2500.0,-300077497#5,27
2500.0,-300077497#8,4
2500.0,-35274074#2,12
2500.0,-51362430,17
2500.0,-593847703#3,32
2500.0,-593847704#2,4
2500.0,-E0,19
2500.0,1068234498#0,33
2500.0,1068234499#0,4
2500.0,1068440001,9
2500.0,1068440004#1,32
2500.0,1068440006#0,2
2500.0,1239087514,1
2500.0,232003903#0,1
2500.0,238526531#0,26
2500.0,244450512#1,3
2500.0,288878926#0,7
2500.0,300077497#0,1
2500.0,30620492#0,18
2500.0,30620492#1,5
2500.0,35274074#0,2
2500.0,484988951#0,5
2500.0,49073226#2,6
2500.0,49695736#0,3
2500.0,506322842#0,11
2500.0,506322844#0,5
2500.0,506322846#0,5
2500.0,51362429#0,17
2500.0,51362430,2
2500.0,593844216#0,2
2500.0,593844221#0,1
2500.0,593847702#0,5
2500.0,593847703#0,2
2500.0,593849711#2,15
2500.0,594658760#0,3
2500.0,:2444664370_0,1
2500.0,:3086736518_0,3
2500.0,:3086736518_6,1
2500.0,:655375232_2,2
2500.0,:655375233_4,3
2500.0,:655375233_8,2
2500.0,:655375238_1,1
2500.0,:cluster11510670762_4554226152_0,2
2500.0,:cluster622618015_622618108_622618112_622618144_#2more_2,1
2500.0,:cluster655375336_end_0_655375336_end_1_655375336_end_10_655375336_end_11_#8more_18,1
2500.0,:cluster655375336_end_0_655375336_end_1_655375336_end_10_655375336_end_11_#8more_30,1
2500.0,:cluster655375336_end_0_655375336_end_1_655375336_end_10_655375336_end_11_#8more_39,1
2500.0,:cluster_2038168688_655375573_25,1
2500.0,:cluster_3208478133_655375293_655375296_9631728504_#1more_8,1
2500.0,:cluster_5372642442_631668976_631668981_631669076_26,1
2520.0,-300077497#5,25
2520.0,-300077497#8,4
2520.0,-35274074#2,12
2520.0,-51362430,19
2520.0,-593847703#3,34
2520.0,-E0,19
2520.0,1068234498#0,33
2520.0,1068234499#0,5
2520.0,1068440001,9
2520.0,1068440004#1,34
2520.0,186602412#0,3
2520.0,238526531#0,27
2520.0,244450512#1,3
2520.0,288878926#0,5
2520.0,300077497#0,1
2520.0,30620492#0,18
2520.0,30620492#1,5
2520.0,484988951#0,5
2520.0,49073226#2,6
2520.0,49695736#0,3
2520.0,506322842#0,11
2520.0,506322844#0,5
2520.0,506322846#0,3
2520.0,51362429#0,17
2520.0,51362430,6
2520.0,593844216#0,2
2520.0,593844221#0,1
2520.0,593847702#0,5
2520.0,593847703#0,1
2520.0,593849711#2,15
2520.0,594658760#0,3
2520.0,:1973482489_3,1
2520.0,:3086736518_0,3
2520.0,:3086736518_6,1
2520.0,:655375232_2,2
2520.0,:655375233_4,3
2520.0,:655375233_8,2
2520.0,:cluster11510670762_4554226152_0,2
2520.0,:cluster655375336_end_0_655375336_end_1_655375336_end_10_655375336_end_11_#8more_18,1
2520.0,:cluster655375336_end_0_655375336_end_1_655375336_end_10_655375336_end_11_#8more_30,1
2520.0,:cluster655375336_end_0_655375336_end_1_655375336_end_10_655375336_end_11_#8more_39,1
2520.0,:cluster_2038168688_655375573_25,1
2520.0,:cluster_3208478133_655375293_655375296_9631728504_#1more_8,1
2540.0,-1334905223#2,1
2540.0,-300077497#5,26
2540.0,-300077497#8,2
2540.0,-35274074#2,12
2540.0,-51362430,19
2540.0,-593847703#3,35
2540.0,-E0,19
2540.0,1068234498#0,33
2540.0,1068234499#0,4
2540.0,1068440001,9
2540.0,1068440004#1,34
2540.0,186602412#0,3
2540.0,238526531#0,25
2540.0,244450512#1,3
2540.0,288878926#0,5
2540.0,300077497#0,3
2540.0,30620492#0,18
2540.0,30620492#1,5
2540.0,35274074#0,1
2540.0,484988951#0,3
2540.0,49073226#2,6
2540.0,49695736#0,2
2540.0,506322842#0,11
2540.0,506322844#0,4
2540.0,51362429#0,12
2540.0,51362430,6
2540.0,593844216#0,2
2540.0,593847703#0,1
2540.0,593847705,1
2540.0,593849711#2,16
2540.0,593849718#0,1
2540.0,594658760#0,3
2540.0,:3086736518_0,1
2540.0,:3086736518_6,1
2540.0,:655375232_2,3
2540.0,:655375233_0,2
2540.0,:655375233_4,3
2540.0,:655375233_8,2
2540.0,:655375238_5,1
2540.0,:655375239_5,1
2540.0,:655375241_0,1
2540.0,:cluster11510670762_4554226152_0,2
2540.0,:cluster655375336_end_0_655375336_end_1_655375336_end_10_655375336_end_11_#8more_18,1
2540.0,:cluster655375336_end_0_655375336_end_1_655375336_end_10_655375336_end_11_#8more_30,1
2540.0,:cluster655375336_end_0_655375336_end_1_655375336_end_10_655375336_end_11_#8more_39,1
2540.0,:cluster_2038168688_655375573_25,1
2540.0,:cluster_3431431575_4777363357_655375231_6982059025_5,1
2560.0,-300077497#5,27
2560.0,-300077497#8,4
2560.0,-35274074#2,12
2560.0,-51362429#1,3
2560.0,-51362430,19
2560.0,-593847703#3,35
2560.0,-E0,19
2560.0,1068234498#0,36
2560.0,1068234499#0,4
2560.0,1068440001,9
2560.0,1068440004#1,34
2560.0,1068440006#0,1
2560.0,238526531#0,25
2560.0,244450512#1,3
2560.0,288878926#0,5
2560.0,300077497#0,2
2560.0,30620492#0,18
2560.0,30620492#1,5
2560.0,35274074#0,3
2560.0,484988951#0,5
2560.0,49073226#2,7
2560.0,506322842#0,10
2560.0,506322844#0,5
2560.0,51362429#0,15
2560.0,51362430,1
2560.0,593844216#0,2
2560.0,593847703#0,1
2560.0,593847705,1
2560.0,593849711#2,11
2560.0,594658760#0,3
2560.0,:3086736518_0,1
2560.0,:3086736518_6,1
2560.0,:655375232_2,3
2560.0,:655375232_4,1
2560.0,:655375233_0,2
2560.0,:655375233_4,3
2560.0,:655375233_8,2
2560.0,:655375238_2,1
2560.0,:cluster11510670762_4554226152_0,2
2560.0,:cluster655375336_end_0_655375336_end_1_655375336_end_10_655375336_end_11_#8more_18,1
2560.0,:cluster655375336_end_0_655375336_end_1_655375336_end_10_655375336_end_11_#8more_30,1
2560.0,:cluster655375336_end_0_655375336_end_1_655375336_end_10_655375336_end_11_#8more_39,1
2560.0,:cluster_2038168688_655375573_30,1
2560.0,:cluster_3431431575_4777363357_655375231_6982059025_3,1
2580.0,-300077497#5,27
2580.0,-300077497#8,4
2580.0,-35274074#2,11
2580.0,-51362429#1,8
2580.0,-51362430,18
2580.0,-593847703#3,31
2580.0,-E0,19
2580.0,1068234498#0,37
2580.0,1068234499#0,4
2580.0,1068440001,5
2580.0,1068440004#1,34
2580.0,1068440006#0,1
2580.0,238526531#0,25
2580.0,244450512#1,2
2580.0,260881642#0,3
2580.0,288135626#0,1
2580.0,288878926#0,3
2580.0,300077497#0,1
2580.0,30620492#0,18
2580.0,30620492#1,5
2580.0,484988951#0,4
2580.0,49073226#2,8
2580.0,49695736#0,1
2580.0,506322842#0,10
2580.0,506322844#0,5
2580.0,506322846#0,2
2580.0,51362429#0,17
2580.0,593842812#0,1
2580.0,593844221#0,1
2580.0,593847702#0,2
2580.0,593847703#0,1
2580.0,593847705,1
2580.0,593849711#0,1
2580.0,593849711#2,14
2580.0,594658760#0,3
2580.0,:3086736518_0,1
2580.0,:3086736518_4,1
2580.0,:3086736518_6,1
2580.0,:655375232_2,3
2580.0,:655375232_8,1
2580.0,:655375233_0,1
2580.0,:655375233_8,1
2580.0,:655375238_2,1
2580.0,:655375238_3,1
2580.0,:cluster11510670762_4554226152_0,1
2580.0,:cluster655375336_end_0_655375336_end_1_655375336_end_10_655375336_end_11_#8more_18,1
2580.0,:cluster655375336_end_0_655375336_end_1_655375336_end_10_655375336_end_11_#8more_30,1
2580.0,:cluster655375336_end_0_655375336_end_1_655375336_end_10_655375336_end_11_#8more_31,1
2580.0,:cluster655375336_end_0_655375336_end_1_655375336_end_10_655375336_end_11_#8more_39,1
2580.0,:cluster_2038168688_655375573_23,1
2580.0,:cluster_2038168688_655375573_30,1
2580.0,:cluster_2038168688_655375573_6,2
2580.0,:cluster_2664674491_655375287_655375288_5,1
2580.0,:cluster_3208478133_655375293_655375296_9631728504_#1more_8,4
2580.0,:cluster_4374470814_4374470816_656132411_656132475_5,1
2600.0,-300077497#5,27
2600.0,-300077497#8,4
2600.0,-35274074#2,11
2600.0,-51362429#1,9
2600.0,-51362430,16
2600.0,-593847703#3,31
2600.0,-593847704#2,1
2600.0,-E0,19
2600.0,1068234498#0,37
2600.0,1068234499#0,5
2600.0,1068440001,7
2600.0,1068440004#1,22
2600.0,186602412#0,3
2600.0,232003903#0,2
2600.0,238526531#0,25
2600.0,244450512#1,2
2600.0,260881642#0,2
2600.0,300077497#0,2
2600.0,30620492#0,18
2600.0,30620492#1,5
2600.0,484988951#0,4
2600.0,49073226#2,8
2600.0,49695736#0,2
2600.0,506322842#0,10
2600.0,506322844#0,5
2600.0,51362429#0,17
2600.0,593842812#2,2
2600.0,593847702#0,13
2600.0,593847705,1
2600.0,593849711#2,15
2600.0,594658760#0,3
2600.0,:3086736518_0,1
2600.0,:3086736518_4,1
2600.0,:3086736518_6,1
2600.0,:655375232_2,3
2600.0,:655375233_8,2
2600.0,:655375238_2,1
2600.0,:655375238_3,1
2600.0,:cluster11510670762_4554226152_0,1
2600.0,:cluster655375336_end_0_655375336_end_1_655375336_end_10_655375336_end_11_#8more_18,1
2600.0,:cluster655375336_end_0_655375336_end_1_655375336_end_10_655375336_end_11_#8more_25,3
2600.0,:cluster655375336_end_0_655375336_end_1_655375336_end_10_655375336_end_11_#8more_30,1
2600.0,:cluster655375336_end_0_655375336_end_1_655375336_end_10_655375336_end_11_#8more_39,1
2600.0,:cluster_2038168688_655375573_23,1
2600.0,:cluster_2038168688_655375573_30,1
2600.0,:cluster_2038168688_655375573_6,2
2600.0,:cluster_2664674491_655375287_655375288_5,1
2600.0,:cluster_3208478133_655375293_655375296_9631728504_#1more_8,2
2620.0,-300077497#5,27
2620.0,-300077497#8,4
2620.0,-35274074#2,11
2620.0,-51362429#1,9
2620.0,-51362430,13
2620.0,-593847703#3,31
2620.0,-E0,19
2620.0,1068234498#0,37
2620.0,1068234499#0,4
2620.0,1068440001,4
2620.0,1068440004#1,27
2620.0,186602412#0,1
2620.0,232003903#0,2
2620.0,238526531#0,25
2620.0,244450512#1,2
2620.0,260881642#0,3
2620.0,300077497#0,2
2620.0,30620492#0,18
2620.0,30620492#1,5
2620.0,35274074#0,2
2620.0,484988951#0,4
2620.0,49073226#2,8
2620.0,49073264#0,1
2620.0,49695736#0,7
2620.0,506322842#0,8
2620.0,506322844#0,5
2620.0,506322846#0,2
2620.0,51362429#0,17
2620.0,593842812#2,2
2620.0,593844221#0,1
2620.0,593847702#0,6
2620.0,593847705,1
2620.0,593849711#2,15
2620.0,593849718#0,2
2620.0,594658760#0,3
2620.0,:3086736518_0,1
2620.0,:3086736518_4,1
2620.0,:3086736518_6,1
2620.0,:655375232_2,3
2620.0,:655375238_2,1
2620.0,:655375238_3,1
2620.0,:656132414_2,1
2620.0,:cluster622618015_622618108_622618112_622618144_#2more_31,6
2620.0,:cluster655375336_end_0_655375336_end_1_655375336_end_10_655375336_end_11_#8more_18,1
2620.0,:cluster655375336_end_0_655375336_end_1_655375336_end_10_655375336_end_11_#8more_25,2
2620.0,:cluster655375336_end_0_655375336_end_1_655375336_end_10_655375336_end_11_#8more_30,1
2620.0,:cluster655375336_end_0_655375336_end_1_655375336_end_10_655375336_end_11_#8more_39,1
2620.0,:cluster_2038168688_655375573_30,1
2620.0,:cluster_2038168688_655375573_6,2
2620.0,:cluster_2528018119_655375236_12,1
2620.0,:cluster_2528018119_655375236_20,1
2620.0,:cluster_2528018119_655375236_32,1
2620.0,:cluster_3208478133_655375293_655375296_9631728504_#1more_8,2
2640.0,-300077497#5,27
2640.0,-300077497#8,4
2640.0,-35274074#2,11
2640.0,-51362429#1,9
2640.0,-51362430,8
2640.0,-593847703#3,31
2640.0,-E0,19
2640.0,1068234498#0,37
2640.0,1068234499#0,4
2640.0,1068440001,5
2640.0,1068440004#1,33
2640.0,232003903#0,2
2640.0,238526531#0,25
2640.0,244450512#1,3
2640.0,260881642#0,2
2640.0,288135626#0,1
2640.0,300077497#0,7
2640.0,30620492#0,17
2640.0,30620492#1,5
2640.0,35274074#0,5
2640.0,484988951#0,4
2640.0,49073226#2,8
2640.0,49695736#0,6
2640.0,506322842#0,8
2640.0,506322844#0,5
2640.0,506322851#0,1
2640.0,51362429#0,13
2640.0,593842812#2,2
2640.0,593847703#0,3
2640.0,593849711#2,15
2640.0,594658760#0,3
2640.0,:3086736518_0,1
2640.0,:3086736518_4,1
2640.0,:3086736518_6,1
2640.0,:655375232_2,3
2640.0,:655375233_0,2
2640.0,:655375238_2,1
2640.0,:655375238_3,1
2640.0,:656132414_2,1
2640.0,:cluster11510670762_4554226152_0,2
2640.0,:cluster622618015_622618108_622618112_622618144_#2more_17,1
2640.0,:cluster655375336_end_0_655375336_end_1_655375336_end_10_655375336_end_11_#8more_18,1
2640.0,:cluster655375336_end_0_655375336_end_1_655375336_end_10_655375336_end_11_#8more_25,4
2640.0,:cluster655375336_end_0_655375336_end_1_655375336_end_10_655375336_end_11_#8more_28,1
2640.0,:cluster655375336_end_0_655375336_end_1_655375336_end_10_655375336_end_11_#8more_30,1
2640.0,:cluster655375336_end_0_655375336_end_1_655375336_end_10_655375336_end_11_#8more_39,1
2640.0,:cluster_2038168688_655375573_30,1
2640.0,:cluster_2038168688_655375573_6,2
2640.0,:cluster_2528018119_655375236_12,1
2640.0,:cluster_2528018119_655375236_20,1
2660.0,-300077497#5,27
2660.0,-300077497#8,4
2660.0,-35274074#2,11
2660.0,-51362429#1,9
2660.0,-51362430,13
2660.0,-593847703#3,31
2660.0,-E0,19
2660.0,1068234498#0,37
2660.0,1068234499#0,5
2660.0,1068440001,8
2660.0,1068440004#1,33
2660.0,238526531#0,25
2660.0,244450512#1,3
2660.0,300077497#0,5
2660.0,30620492#0,18
2660.0,30620492#1,5
2660.0,35274074#0,10
2660.0,484988951#0,4
2660.0,49073226#2,8
2660.0,49695736#0,8
2660.0,506322842#0,8
2660.0,506322844#0,5
2660.0,506322851#2,1
2660.0,51362429#0,14
2660.0,51362430,2
2660.0,593844221#0,1
2660.0,593847703#0,4
2660.0,593849711#2,15
2660.0,594658760#0,3
2660.0,:3086736518_0,1
2660.0,:3086736518_4,1
2660.0,:3086736518_6,1
2660.0,:655375238_1,1
2660.0,:655375238_2,1
2660.0,:655375238_3,1
2660.0,:cluster11510670762_4554226152_0,2
2660.0,:cluster655375336_end_0_655375336_end_1_655375336_end_10_655375336_end_11_#8more_18,1
2660.0,:cluster655375336_end_0_655375336_end_1_655375336_end_10_655375336_end_11_#8more_28,1
2660.0,:cluster655375336_end_0_655375336_end_1_655375336_end_10_655375336_end_11_#8more_30,1
2660.0,:cluster655375336_end_0_655375336_end_1_655375336_end_10_655375336_end_11_#8more_39,1
2660.0,:cluster_2038168688_655375573_23,1
2660.0,:cluster_2038168688_655375573_3,1
2660.0,:cluster_2038168688_655375573_30,1
2660.0,:cluster_2038168688_655375573_6,2
2660.0,:cluster_2528018119_655375236_3,2
2660.0,:cluster_3208478133_655375293_655375296_9631728504_#1more_1,1
2680.0,-300077497#5,25
2680.0,-300077497#8,4
2680.0,-35274074#2,11
2680.0,-51362429#1,6
2680.0,-51362430,19
2680.0,-593847703#3,27
2680.0,-593847704#2,1
2680.0,-E0,19
2680.0,1068234498#0,37
2680.0,1068234499#0,5
2680.0,1068440001,8
2680.0,1068440004#1,33
2680.0,186602412#0,2
2680.0,238526531#0,25
2680.0,244450512#1,3
2680.0,288878926#0,3
2680.0,300077497#0,5
2680.0,300077497#6,1
2680.0,30620492#0,18
2680.0,30620492#1,5
2680.0,35274074#0,7
2680.0,484988951#0,4
2680.0,49073226#2,4
2680.0,49695736#0,8
2680.0,506322842#0,8
2680.0,506322844#0,5
2680.0,506322846#0,5
2680.0,506322853#0,1
2680.0,51362429#0,17
2680.0,593844221#0,1
2680.0,593847702#0,1
2680.0,593849711#2,15
2680.0,594658760#0,3
2680.0,:1973482489_3,1
2680.0,:3086736518_0,1
2680.0,:3086736518_4,1
2680.0,:3086736518_6,1
2680.0,:655375233_2,1
2680.0,:655375233_4,3
2680.0,:655375238_2,1
2680.0,:655375238_3,1
2680.0,:655375238_6,1
2680.0,:cluster11510670762_4554226152_0,2
2680.0,:cluster622618015_622618108_622618112_622618144_#2more_2,1
2680.0,:cluster655375336_end_0_655375336_end_1_655375336_end_10_655375336_end_11_#8more_18,1
2680.0,:cluster655375336_end_0_655375336_end_1_655375336_end_10_655375336_end_11_#8more_28,1
2680.0,:cluster655375336_end_0_655375336_end_1_655375336_end_10_655375336_end_11_#8more_30,1
2680.0,:cluster655375336_end_0_655375336_end_1_655375336_end_10_655375336_end_11_#8more_39,1
2680.0,:cluster_2038168688_655375573_3,2
2680.0,:cluster_2038168688_655375573_30,1
2680.0,:cluster_2038168688_655375573_6,2
2680.0,:cluster_2528018119_655375236_17,1
2680.0,:cluster_3208478133_655375293_655375296_9631728504_#1more_1,1
2680.0,:cluster_3431431575_4777363357_655375231_6982059025_3,3
2700.0,-300077497#5,26
2700.0,-300077497#8,3
2700.0,-35274074#2,11
2700.0,-51362430,19
2700.0,-593847703#3,29
2700.0,-E0,19
2700.0,1068234498#0,37
2700.0,1068234499#0,4
2700.0,1068440001,8
2700.0,1068440004#1,30
2700.0,186602412#0,5
2700.0,238526531#0,25
2700.0,244450512#1,3
2700.0,288878926#0,8
2700.0,300077497#6,1
2700.0,30620492#0,18
2700.0,30620492#1,5
2700.0,35274074#0,7
2700.0,484988951#0,4
2700.0,49073226#2,5
2700.0,49695736#0,8
2700.0,506322842#0,8
2700.0,506322844#0,5
2700.0,506322846#0,6
2700.0,506322853#0,1
2700.0,51362429#0,17
2700.0,593844221#0,1
2700.0,593847702#0,1
2700.0,593849711#2,15
2700.0,594658760#0,3
2700.0,:3086736518_0,1
2700.0,:3086736518_4,1
2700.0,:3086736518_6,1
2700.0,:655375233_2,1
2700.0,:655375233_4,2
2700.0,:655375233_8,3
2700.0,:655375238_3,1
2700.0,:655375238_5,1
2700.0,:cluster11510670762_4554226152_0,2
2700.0,:cluster655375336_end_0_655375336_end_1_655375336_end_10_655375336_end_11_#8more_18,1
2700.0,:cluster655375336_end_0_655375336_end_1_655375336_end_10_655375336_end_11_#8more_28,1
2700.0,:cluster655375336_end_0_655375336_end_1_655375336_end_10_655375336_end_11_#8more_30,1
2700.0,:cluster655375336_end_0_655375336_end_1_655375336_end_10_655375336_end_11_#8more_39,1
2700.0,:cluster_2038168688_655375573_23,1
2700.0,:cluster_2038168688_655375573_30,1
2700.0,:cluster_2038168688_655375573_6,2
2700.0,:cluster_3208478133_655375293_655375296_9631728504_#1more_1,1
2700.0,:cluster_3431431575_4777363357_655375231_6982059025_3,2
2700.0,:cluster_623980147_623980152_9,1
2720.0,-300077497#5,27
2720.0,-300077497#8,4
2720.0,-35274074#2,11
2720.0,-51362430,19
2720.0,-593847703#3,30
2720.0,-E0,19
2720.0,1068234498#0,37
2720.0,1068234499#0,2
2720.0,1068440001,8
2720.0,1068440004#1,34
2720.0,186602412#0,4
2720.0,238526531#0,25
2720.0,244450512#1,3
2720.0,288878926#0,13
2720.0,300077497#0,6
2720.0,300077497#6,2
2720.0,30620492#0,18
2720.0,30620492#1,5
2720.0,35274074#0,8
2720.0,484988951#0,4
2720.0,49073226#2,3
2720.0,506322842#0,8
2720.0,506322844#0,5
2720.0,506322853#0,1
2720.0,51362429#0,17
2720.0,593844221#0,1
2720.0,593849711#2,15
2720.0,593852345#0,1
2720.0,594658760#0,3
2720.0,:1973482489_8,1
2720.0,:3086736518_0,1
2720.0,:3086736518_4,1
2720.0,:3086736518_6,1
2720.0,:655375233_2,1
2720.0,:655375233_4,2
2720.0,:655375233_8,3
2720.0,:cluster11510670762_4554226152_0,2
2720.0,:cluster655375336_end_0_655375336_end_1_655375336_end_10_655375336_end_11_#8more_18,1
2720.0,:cluster655375336_end_0_655375336_end_1_655375336_end_10_655375336_end_11_#8more_28,1
2720.0,:cluster655375336_end_0_655375336_end_1_655375336_end_10_655375336_end_11_#8more_30,1
2720.0,:cluster655375336_end_0_655375336_end_1_655375336_end_10_655375336_end_11_#8more_39,1
2720.0,:cluster_2038168688_655375573_24,1
2720.0,:cluster_2038168688_655375573_30,1
2720.0,:cluster_2038168688_655375573_6,1
2720.0,:cluster_2528018119_655375236_20,2
2720.0,:cluster_3208478133_655375293_655375296_9631728504_#1more_1,1
2740.0,-300077497#5,27
2740.0,-300077497#8,4
2740.0,-35274074#2,12
2740.0,-51362430,19
2740.0,-593847703#3,30
2740.0,-E0,18
2740.0,1068234498#0,37
2740.0,1068234499#0,2
2740.0,1068440001,8
2740.0,1068440004#1,34
2740.0,186602412#0,2
2740.0,196961215#2,1
2740.0,196961377#0,1
2740.0,238526531#0,24
2740.0,244450512#1,3
2740.0,288878926#0,13
2740.0,300077497#0,2
2740.0,30620492#0,18
2740.0,30620492#1,5
2740.0,35274074#0,13
2740.0,484988951#0,4
2740.0,49073226#2,3
2740.0,506322842#0,8
2740.0,506322844#0,5
2740.0,51362429#0,13
2740.0,593844221#0,1
2740.0,593849711#2,15
2740.0,593849718#0,1
2740.0,594658760#0,3
2740.0,:3086736518_0,1
2740.0,:3086736518_4,1
2740.0,:3086736518_6,1
2740.0,:655375232_2,3
2740.0,:655375233_0,1
2740.0,:655375233_2,1
2740.0,:655375233_4,2
2740.0,:655375233_8,3
2740.0,:655375238_1,1
2740.0,:cluster11510670762_4554226152_0,2
2740.0,:cluster655375336_end_0_655375336_end_1_655375336_end_10_655375336_end_11_#8more_18,1
2740.0,:cluster655375336_end_0_655375336_end_1_655375336_end_10_655375336_end_11_#8more_28,1
2740.0,:cluster655375336_end_0_655375336_end_1_655375336_end_10_655375336_end_11_#8more_30,1
2740.0,:cluster655375336_end_0_655375336_end_1_655375336_end_10_655375336_end_11_#8more_39,1
2740.0,:cluster_2038168688_655375573_25,1
2740.0,:cluster_3208478133_655375293_655375296_9631728504_#1more_1,1
2760.0,-300077497#5,26
2760.0,-300077497#8,4
2760.0,-35274074#2,12
2760.0,-51362429#1,1
2760.0,-51362430,19
2760.0,-593847703#3,31
2760.0,-593847704#2,1
2760.0,-E0,19
2760.0,1068234498#0,36
2760.0,1068234499#0,2
2760.0,1068440001,8
2760.0,1068440004#1,35
2760.0,196961215#2,1
2760.0,196961377#0,1
2760.0,238526531#0,25
2760.0,244450512#1,2
2760.0,260881642#0,3
2760.0,288878926#0,11
2760.0,30620492#0,18
2760.0,30620492#1,5
2760.0,35274074#0,4
2760.0,484988951#0,3
2760.0,49073226#2,3
2760.0,506322842#0,8
2760.0,506322844#0,5
2760.0,506322846#0,8
2760.0,51362429#0,15
2760.0,593844221#0,1
2760.0,593849711#0,1
2760.0,593849711#2,13
2760.0,594658760#0,3
2760.0,:1973482489_3,1
2760.0,:3086736518_0,2
2760.0,:3086736518_4,1
2760.0,:3086736518_6,1
2760.0,:655375232_11,1
2760.0,:655375232_2,4
2760.0,:655375233_0,2
2760.0,:655375233_2,1
2760.0,:655375233_4,2
2760.0,:655375233_8,3
2760.0,:cluster11510670762_4554226152_0,2
2760.0,:cluster655375336_end_0_655375336_end_1_655375336_end_10_655375336_end_11_#8more_45,1
2760.0,:cluster655375336_end_0_655375336_end_1_655375336_end_10_655375336_end_11_#8more_46,1
2760.0,:cluster_2038168688_655375573_23,1
2760.0,:cluster_2038168688_655375573_25,1
2760.0,:cluster_2038168688_655375573_3,1
2760.0,:cluster_2038168688_655375573_6,1
2760.0,:cluster_2664674491_655375287_655375288_5,1
2760.0,:cluster_3208478133_655375293_655375296_9631728504_#1more_1,1
2780.0,-300077497#5,25
2780.0,-300077497#8,4
2780.0,-35274074#2,12
2780.0,-51362429#1,3
2780.0,-51362430,19
2780.0,-593847703#3,28
2780.0,-593847704#2,4
2780.0,-E0,19
2780.0,1068234498#0,35
2780.0,1068234499#0,2
2780.0,1068440001,8
2780.0,1068440004#1,35
2780.0,186602412#0,5
2780.0,196961215#2,1
2780.0,196961377#0,1
2780.0,238526531#0,26
2780.0,244450512#1,2
2780.0,260881642#0,4
2780.0,288878926#0,5
2780.0,30620492#0,18
2780.0,30620492#1,5
2780.0,484988951#0,4
2780.0,49073226#2,7
2780.0,506322842#0,8
2780.0,506322844#0,5
2780.0,506322846#0,9
2780.0,51362429#0,16
2780.0,593844221#0,1
2780.0,593847702#0,1
2780.0,593849711#2,11
2780.0,594658760#0,2
2780.0,:1973482489_8,1
2780.0,:3086736518_0,2
2780.0,:3086736518_6,1
2780.0,:655375232_2,4
2780.0,:655375233_0,2
2780.0,:655375233_4,4
2780.0,:655375233_8,3
2780.0,:cluster11510670762_4554226152_0,2
2780.0,:cluster655375336_end_0_655375336_end_1_655375336_end_10_655375336_end_11_#8more_45,1
2780.0,:cluster655375336_end_0_655375336_end_1_655375336_end_10_655375336_end_11_#8more_46,1
2780.0,:cluster_2038168688_655375573_25,1
2780.0,:cluster_3208478133_655375293_655375296_9631728504_#1more_1,1
2800.0,-300077497#5,26
2800.0,-300077497#8,4
2800.0,-35274074#2,10
2800.0,-51362429#1,3
2800.0,-51362430,19
2800.0,-593847703#3,27
2800.0,-E0,19
2800.0,1068234498#0,35
2800.0,1068234499#0,2
2800.0,1068440001,8
2800.0,1068440004#1,34
2800.0,186602412#0,6
2800.0,196961215#2,1
2800.0,196961377#0,1
2800.0,238526531#0,25
2800.0,244450512#1,2
2800.0,260881642#0,3
2800.0,288878926#0,5
2800.0,30620492#0,18
2800.0,30620492#1,5
2800.0,484988951#0,4
2800.0,49073226#2,7
2800.0,49073272#3,1
2800.0,506322840#0,1
2800.0,506322842#0,7
2800.0,506322844#0,5
2800.0,506322846#0,2
2800.0,51362429#0,17
2800.0,593844221#0,1
2800.0,593849711#2,11
2800.0,594658760#0,2
2800.0,:1973482489_3,1
2800.0,:3086736518_0,2
2800.0,:3086736518_6,1
2800.0,:655375232_2,4
2800.0,:655375233_0,2
2800.0,:655375233_4,5
2800.0,:655375233_8,4
2800.0,:655375238_2,1
2800.0,:655375238_3,1
2800.0,:cluster11510670762_4554226152_0,2
2800.0,:cluster655375336_end_0_655375336_end_1_655375336_end_10_655375336_end_11_#8more_45,1
2800.0,:cluster655375336_end_0_655375336_end_1_655375336_end_10_655375336_end_11_#8more_46,1
2800.0,:cluster_2038168688_655375573_21,1
2800.0,:cluster_2038168688_655375573_25,1
2800.0,:cluster_2664674491_655375287_655375288_5,1
2800.0,:cluster_3208478133_655375293_655375296_9631728504_#1more_1,1
2820.0,-300077497#5,27
2820.0,-300077497#8,4
2820.0,-35274074#2,11
2820.0,-51362429#1,3
2820.0,-51362430,19
2820.0,-593847703#3,28
2820.0,-E0,19
2820.0,1068234498#0,35
2820.0,1068440001,8
2820.0,1068440004#1,34
2820.0,186602412#0,1
2820.0,196961215#2,1
2820.0,196961377#0,1
2820.0,238526531#0,24
2820.0,244450512#1,3
2820.0,260881642#0,2
2820.0,288878926#0,5
2820.0,30620492#0,18
2820.0,30620492#1,5
2820.0,484988951#0,4
2820.0,49073226#2,7
2820.0,49073272#3,1
2820.0,506322842#0,7
2820.0,506322844#0,5
2820.0,51362429#0,17
2820.0,593844221#0,1
2820.0,593849711#2,11
2820.0,594658760#0,2
2820.0,:3086736518_0,2
2820.0,:3086736518_6,1
2820.0,:655375232_2,4
2820.0,:655375233_0,2
2820.0,:655375233_4,5
2820.0,:655375233_8,4
2820.0,:655375238_3,1
2820.0,:655375238_5,1
2820.0,:cluster11510670762_4554226152_0,2
2820.0,:cluster655375336_end_0_655375336_end_1_655375336_end_10_655375336_end_11_#8more_45,1
2820.0,:cluster655375336_end_0_655375336_end_1_655375336_end_10_655375336_end_11_#8more_46,1
2820.0,:cluster655375336_end_0_655375336_end_1_655375336_end_10_655375336_end_11_#8more_6,1
2820.0,:cluster_2038168688_655375573_25,1
2820.0,:cluster_2038168688_655375573_30,1
2820.0,:cluster_3208478133_655375293_655375296_9631728504_#1more_1,1
2840.0,-300077497#5,27
2840.0,-300077497#8,4
2840.0,-35274074#2,11
2840.0,-51362429#1,3
2840.0,-51362430,19
2840.0,-593847703#3,28
2840.0,-E0,19
2840.0,1068234498#0,35
2840.0,1068440001,8
2840.0,1068440004#1,35
2840.0,196961215#2,1
2840.0,196961377#3,1
2840.0,238526531#0,24
2840.0,244450512#1,3
2840.0,288878926#0,5
2840.0,30620492#0,18
2840.0,30620492#1,5
2840.0,360018417,1
2840.0,484988951#0,4
2840.0,49073226#2,7
2840.0,506322842#0,7
2840.0,506322844#0,5
2840.0,51362429#0,17
2840.0,51362430,1
2840.0,593844221#0,1
2840.0,593849711#2,11
2840.0,594658760#0,2
2840.0,:3086736518_0,2
2840.0,:3086736518_6,1
2840.0,:655375232_2,4
2840.0,:655375233_0,2
2840.0,:655375233_4,5
2840.0,:655375233_8,4
2840.0,:655375238_3,1
2840.0,:655375238_5,1
2840.0,:cluster11510670762_4554226152_0,2
2840.0,:cluster655375336_end_0_655375336_end_1_655375336_end_10_655375336_end_11_#8more_46,1
2840.0,:cluster_2038168688_655375573_25,1
2840.0,:cluster_2038168688_655375573_30,1
2840.0,:cluster_3208478133_655375293_655375296_9631728504_#1more_1,1
2860.0,-300077497#5,25
2860.0,-300077497#8,4
2860.0,-35274074#2,11
2860.0,-51362429#1,3
2860.0,-51362430,19
2860.0,-593847703#3,30
2860.0,-593847704#2,1
2860.0,-E0,19
2860.0,1068234498#0,34
2860.0,1068440001,8
2860.0,1068440004#1,35
2860.0,196961215#2,1
2860.0,196961377#3,1
2860.0,238526531#0,26
2860.0,244450512#1,3
2860.0,30620492#0,18
2860.0,30620492#1,5
2860.0,484988951#0,5
2860.0,49073226#2,7
2860.0,506322842#0,7
2860.0,506322844#0,5
2860.0,51362429#0,17
2860.0,593844221#0,1
2860.0,593849711#2,11
2860.0,594658760#0,2
2860.0,:3086736518_0,2
2860.0,:3086736518_6,1
2860.0,:655375232_2,4
2860.0,:655375233_0,2
2860.0,:655375233_4,5
2860.0,:655375233_8,4
2860.0,:655375238_3,1
2860.0,:655375238_5,1
2860.0,:cluster11510670762_4554226152_0,2
2860.0,:cluster622618015_622618108_622618112_622618144_#2more_49,1
2860.0,:cluster655375336_end_0_655375336_end_1_655375336_end_10_655375336_end_11_#8more_46,1
2860.0,:cluster_2038168688_655375573_25,1
2860.0,:cluster_2038168688_655375573_30,1
2860.0,:cluster_3208478133_655375293_655375296_9631728504_#1more_1,1
2880.0,-300077497#5,25
2880.0,-300077497#8,4
2880.0,-35274074#2,11
2880.0,-51362429#1,7
2880.0,-51362430,19
2880.0,-593847703#3,30
2880.0,-E0,19
2880.0,1068234498#0,34
2880.0,1068440001,8
2880.0,1068440004#1,35
2880.0,196961215#2,1
2880.0,238526531#0,26
2880.0,244450512#1,3
2880.0,30620492#0,18
2880.0,30620492#1,5
2880.0,484988951#0,5
2880.0,49073226#2,7
2880.0,506322842#0,7
2880.0,506322844#0,5
2880.0,51362429#0,17
2880.0,593844221#0,1
2880.0,593849711#2,7
2880.0,594658760#0,2
2880.0,:3086736518_0,2
2880.0,:3086736518_4,1
2880.0,:3086736518_6,1
2880.0,:655375232_2,4
2880.0,:655375232_8,1
2880.0,:655375233_0,2
2880.0,:655375233_4,3
2880.0,:655375233_8,4
2880.0,:655375238_3,1
2880.0,:655375238_5,1
2880.0,:cluster11510670762_4554226152_0,2
2880.0,:cluster655375336_end_0_655375336_end_1_655375336_end_10_655375336_end_11_#8more_46,1
2880.0,:cluster_2038168688_655375573_25,1
2880.0,:cluster_2038168688_655375573_30,1
2880.0,:cluster_3208478133_655375293_655375296_9631728504_#1more_1,1
2900.0,-300077497#5,27
2900.0,-300077497#8,4
2900.0,-35274074#2,8
2900.0,-51362429#1,9
2900.0,-51362430,19
2900.0,-593847703#3,30
2900.0,-E0,19
2900.0,1068234498#0,34
2900.0,1068440001,8
2900.0,1068440004#1,33
2900.0,238526531#0,25
2900.0,244450512#1,3
2900.0,300077497#6,3
2900.0,30620492#0,18
2900.0,30620492#1,5
2900.0,484988951#0,5
2900.0,49073226#2,6
2900.0,506322842#0,7
2900.0,506322844#0,5
2900.0,506322848#0,1
2900.0,51362429#0,17
2900.0,593844221#0,1
2900.0,593847702#0,2
2900.0,593847703#0,2
2900.0,593847704#0,1
2900.0,593849711#2,7
2900.0,594658760#0,2
2900.0,:3086736518_0,2
2900.0,:3086736518_6,1
2900.0,:655375232_2,4
2900.0,:655375233_4,2
2900.0,:655375233_8,2
2900.0,:655375238_3,1
2900.0,:cluster11510670762_4554226152_0,2
2900.0,:cluster622618015_622618108_622618112_622618144_#2more_31,2
2900.0,:cluster655375336_end_0_655375336_end_1_655375336_end_10_655375336_end_11_#8more_46,1
2900.0,:cluster_2038168688_655375573_25,1
2900.0,:cluster_2038168688_655375573_30,1
2900.0,:cluster_3208478133_655375293_655375296_9631728504_#1more_1,1
2900.0,:cluster_623980147_623980152_3,1
2900.0,:cluster_623980147_623980152_9,1
2920.0,-300077497#5,27
2920.0,-300077497#8,4
2920.0,-35274074#2,12
2920.0,-51362429#1,2
2920.0,-51362430,19
2920.0,-593847703#3,30
2920.0,-E0,19
2920.0,1068234498#0,34
2920.0,1068440001,8
2920.0,1068440004#1,28
2920.0,238526531#0,23
2920.0,244450512#1,3
2920.0,288878926#0,8
2920.0,30620492#0,18
2920.0,30620492#1,5
2920.0,484988951#0,5
2920.0,49073226#2,4
2920.0,506322842#0,5
2920.0,506322844#0,5
2920.0,51362429#0,17
2920.0,593844221#0,1
2920.0,593847702#0,2
2920.0,593847703#0,2
2920.0,593847704#0,1
2920.0,593849711#2,7
2920.0,593852345#0,1
2920.0,594658760#0,2
2920.0,:3086736518_0,2
2920.0,:3086736518_6,1
2920.0,:655375232_2,4
2920.0,:655375233_4,2
2920.0,:655375233_8,7
2920.0,:655375239_3,1
2920.0,:cluster11510670762_4554226152_0,2
2920.0,:cluster655375336_end_0_655375336_end_1_655375336_end_10_655375336_end_11_#8more_46,1
2920.0,:cluster_2038168688_655375573_17,1
2920.0,:cluster_2038168688_655375573_30,1
2920.0,:cluster_3208478133_655375293_655375296_9631728504_#1more_1,1
2920.0,:cluster_3431431575_4777363357_655375231_6982059025_3,2
2920.0,:cluster_623980147_623980152_4,1
2940.0,-300077497#5,24
2940.0,-300077497#8,4
2940.0,-35274074#2,12
2940.0,-51362430,19
2940.0,-593847703#3,32
2940.0,-E0,19
2940.0,1068234498#0,32
2940.0,1068440001,8
2940.0,1068440004#1,33
2940.0,238526531#0,24
2940.0,244450512#1,3
2940.0,260881642#0,3
2940.0,288878926#0,11
2940.0,300077497#0,2
2940.0,30620492#0,17
2940.0,30620492#1,4
2940.0,360018417,1
2940.0,484988951#0,5
2940.0,49073226#2,4
2940.0,506322842#0,5
2940.0,506322844#0,5
2940.0,506322846#2,1
2940.0,51362429#0,17
2940.0,593844221#0,1
2940.0,593847702#0,2
2940.0,593849711#0,1
2940.0,593849711#2,7
2940.0,593852345#0,1
2940.0,594658760#0,2
2940.0,:2749340167_0,1
2940.0,:3086736518_0,2
2940.0,:3086736518_6,1
2940.0,:655375232_2,4
2940.0,:655375233_4,2
2940.0,:655375233_8,7
2940.0,:cluster11510670762_4554226152_0,1
2940.0,:cluster655375336_end_0_655375336_end_1_655375336_end_10_655375336_end_11_#8more_46,1
2940.0,:cluster655375336_end_0_655375336_end_1_655375336_end_10_655375336_end_11_#8more_6,1
2940.0,:cluster_2038168688_655375573_30,1
2940.0,:cluster_3208478133_655375293_655375296_9631728504_#1more_1,1
2940.0,:cluster_3208478133_655375293_655375296_9631728504_#1more_8,1
2940.0,:cluster_5372642442_631668976_631668981_631669076_45,1
2960.0,-300077497#5,25
2960.0,-300077497#8,1
2960.0,-35274074#2,12
2960.0,-51362430,18
2960.0,-593847703#3,33
2960.0,-593847704#2,3
2960.0,-E0,19
2960.0,1068234498#0,31
2960.0,1068440001,7
2960.0,1068440004#1,33
2960.0,232003903#0,1
2960.0,238526531#0,26
2960.0,244450512#1,2
2960.0,260881642#0,2
2960.0,288878926#0,8
2960.0,30620492#0,17
2960.0,30620492#1,5
2960.0,484988951#0,4
2960.0,506322842#0,5
2960.0,506322844#0,5
2960.0,506322846#2,1
2960.0,51362429#0,13
2960.0,593844221#0,1
2960.0,593847702#0,2
2960.0,593849711#2,7
2960.0,593852345#0,1
2960.0,594658760#0,2
2960.0,:3086736518_0,3
2960.0,:3086736518_6,1
2960.0,:655375232_2,2
2960.0,:655375233_0,1
2960.0,:655375233_4,2
2960.0,:655375233_8,7
2960.0,:655375238_5,1
2960.0,:cluster11510670762_4554226152_0,2
2960.0,:cluster622618015_622618108_622618112_622618144_#2more_49,1
2960.0,:cluster655375336_end_0_655375336_end_1_655375336_end_10_655375336_end_11_#8more_46,1
2960.0,:cluster_2038168688_655375573_3,1
2960.0,:cluster_2038168688_655375573_30,1
2960.0,:cluster_2038168688_655375573_6,1
2960.0,:cluster_2664674491_655375287_655375288_3,1
2960.0,:cluster_2664674491_655375287_655375288_5,1
2960.0,:cluster_3208478133_655375293_655375296_9631728504_#1more_8,2
2980.0,-300077497#5,26
2980.0,-300077497#8,4
2980.0,-35274074#2,11
2980.0,-51362429#1,3
2980.0,-51362430,17
2980.0,-593847703#3,32
2980.0,-E0,19
2980.0,1068234498#0,30
2980.0,1068440001,9
2980.0,1068440004#1,33
2980.0,186602412#0,1
2980.0,196961215#2,1
2980.0,232003903#0,1
2980.0,238526531#0,25
2980.0,244450512#1,2
2980.0,260881642#0,3
2980.0,288135626#0,1
2980.0,288878926#0,8
2980.0,30620492#0,18
2980.0,30620492#1,5
2980.0,484988951#0,4
2980.0,49073226#2,2
2980.0,506322842#0,5
2980.0,506322844#0,3
2980.0,51289045#3,1
2980.0,51362429#0,15
2980.0,593844221#0,1
2980.0,593849711#2,3
2980.0,593849718#0,2
2980.0,594658760#0,2
2980.0,:3086736518_0,3
2980.0,:3086736518_4,1
2980.0,:3086736518_6,1
2980.0,:655375232_2,2
2980.0,:655375233_0,1
2980.0,:655375233_4,3
2980.0,:655375233_8,7
2980.0,:655375238_2,1
2980.0,:cluster11510670762_4554226152_0,2
2980.0,:cluster655375336_end_0_655375336_end_1_655375336_end_10_655375336_end_11_#8more_46,1
2980.0,:cluster_2038168688_655375573_30,1
2980.0,:cluster_2038168688_655375573_6,1
2980.0,:cluster_2038168688_655375573_8,1
2980.0,:cluster_2664674491_655375287_655375288_5,1
2980.0,:cluster_3208478133_655375293_655375296_9631728504_#1more_8,2
2980.0,:cluster_9383263990_9383263991_9383263992_9383263993_7,1
3000.0,-300077497#5,27
3000.0,-300077497#8,4
3000.0,-35274074#2,11
3000.0,-51362429#1,3
3000.0,-51362430,19
3000.0,-593847703#3,31
3000.0,-E0,19
3000.0,1068234498#0,33
3000.0,1068440001,9
3000.0,1068440004#1,33
3000.0,186602412#0,1
3000.0,196961215#2,1
3000.0,232003903#0,1
3000.0,238526531#0,24
3000.0,244450512#1,3
3000.0,260881642#0,2
3000.0,288878926#0,8
3000.0,30620492#0,18
3000.0,30620492#1,5
3000.0,484988951#0,4
3000.0,49073226#2,2
3000.0,506322842#0,5
3000.0,506322844#0,5
3000.0,51362429#0,16
3000.0,593844221#0,1
3000.0,593849711#2,3
3000.0,594658760#0,2
3000.0,:3086736518_0,3
3000.0,:3086736518_6,1
3000.0,:655375232_2,2
3000.0,:655375233_0,1
3000.0,:655375233_4,3
3000.0,:655375233_8,7
3000.0,:655375238_3,1
3000.0,:655375238_5,1
3000.0,:cluster11510670762_4554226152_0,2
3000.0,:cluster655375336_end_0_655375336_end_1_655375336_end_10_655375336_end_11_#8more_46,1
3000.0,:cluster_2038168688_655375573_25,1
3000.0,:cluster_2528018119_655375236_8,1
3000.0,:cluster_3208478133_655375293_655375296_9631728504_#1more_8,2
3000.0,:cluster_3431431575_4777363357_655375231_6982059025_3,2
3020.0,-300077497#5,27
3020.0,-300077497#8,4
3020.0,-35274074#2,11
3020.0,-51362430,19
3020.0,-593847703#3,32
3020.0,-E0,19
3020.0,1068234498#0,36
3020.0,1068440001,9
3020.0,1068440004#1,33
3020.0,196961215#2,1
3020.0,238526531#0,24
3020.0,244450512#1,3
3020.0,288878926#0,8
3020.0,30620492#0,18
3020.0,30620492#1,5
3020.0,484988951#0,4
3020.0,49073226#2,7
3020.0,506322842#0,5
3020.0,506322844#0,5
3020.0,51362429#0,17
3020.0,51362430,1
3020.0,593844221#0,1
3020.0,593849711#2,3
3020.0,594658760#0,2
3020.0,:3086736518_0,3
3020.0,:3086736518_6,1
3020.0,:655375232_2,2
3020.0,:655375233_0,1
3020.0,:655375233_4,3
3020.0,:655375233_8,7
3020.0,:655375238_3,1
3020.0,:655375238_5,1
3020.0,:cluster11510670762_4554226152_0,2
3020.0,:cluster655375336_end_0_655375336_end_1_655375336_end_10_655375336_end_11_#8more_46,1
3020.0,:cluster_2038168688_655375573_25,1
3020.0,:cluster_3208478133_655375293_655375296_9631728504_#1more_8,2
3040.0,-300077497#5,25
3040.0,-300077497#8,4
3040.0,-35274074#2,11
3040.0,-51362430,19
3040.0,-593847703#3,32
3040.0,-593847704#2,4
3040.0,-E0,18
3040.0,1068234498#0,34
3040.0,1068440001,9
3040.0,1068440004#1,33
3040.0,196961215#2,1
3040.0,238526531#0,26
3040.0,244450512#1,3
3040.0,288878926#0,2
3040.0,30620492#0,18
3040.0,30620492#1,5
3040.0,484988951#0,5
3040.0,49073226#2,7
3040.0,506322842#0,5
3040.0,506322844#0,5
3040.0,51362429#0,17
3040.0,593844221#0,1
3040.0,593847704#0,1
3040.0,593849711#2,3
3040.0,594658760#0,2
3040.0,:3086736518_0,3
3040.0,:3086736518_6,1
3040.0,:655375232_2,2
3040.0,:655375233_0,1
3040.0,:655375233_4,3
3040.0,:655375233_8,7
3040.0,:655375238_3,1
3040.0,:655375238_5,1
3040.0,:cluster11510670762_4554226152_0,2
3040.0,:cluster655375336_end_0_655375336_end_1_655375336_end_10_655375336_end_11_#8more_46,1
3040.0,:cluster_2038168688_655375573_25,1
3040.0,:cluster_2528018119_655375236_17,2
3040.0,:cluster_3208478133_655375293_655375296_9631728504_#1more_8,2
3060.0,-300077497#5,25
3060.0,-300077497#8,4
3060.0,-35274074#2,11
3060.0,-51362430,19
3060.0,-593847703#3,34
3060.0,-E0,19
3060.0,1068234498#0,34
3060.0,1068440001,9
3060.0,1068440004#1,33
3060.0,196961215#2,1
3060.0,238526531#0,26
3060.0,244450512#1,3
3060.0,30620492#0,18
3060.0,30620492#1,5
3060.0,484988951#0,5
3060.0,49073226#2,7
3060.0,506322842#0,5
3060.0,506322844#0,5
3060.0,51362429#0,17
3060.0,593844221#0,1
3060.0,593847704#0,1
3060.0,593849711#2,3
3060.0,:3086736518_0,3
3060.0,:3086736518_6,1
3060.0,:655375232_2,2
3060.0,:655375233_0,1
3060.0,:655375233_4,3
3060.0,:655375233_8,7
3060.0,:655375238_3,1
3060.0,:655375238_5,1
3060.0,:cluster11510670762_4554226152_0,2
3060.0,:cluster655375336_end_0_655375336_end_1_655375336_end_10_655375336_end_11_#8more_13,1
3060.0,:cluster655375336_end_0_655375336_end_1_655375336_end_10_655375336_end_11_#8more_17,1
3060.0,:cluster_2038168688_655375573_25,1
3060.0,:cluster_3208478133_655375293_655375296_9631728504_#1more_8,2
3080.0,-1334905223#2,1
3080.0,-300077497#5,27
3080.0,-300077497#8,4
3080.0,-35274074#2,11
3080.0,-51362429#1,3
3080.0,-51362430,19
3080.0,-593847703#3,35
3080.0,-E0,19
3080.0,1068234498#0,36
3080.0,1068440001,9
3080.0,1068440004#1,33
3080.0,196961215#2,1
3080.0,238526531#0,25
3080.0,244450512#1,3
3080.0,300077497#6,1
3080.0,30620492#0,18
3080.0,30620492#1,5
3080.0,484988951#0,5
3080.0,49073226#2,7
3080.0,506322842#0,5
3080.0,506322844#0,5
3080.0,51362429#0,17
3080.0,593844221#0,1
3080.0,593847704#0,1
3080.0,:3086736518_0,3
3080.0,:3086736518_6,1
3080.0,:655375232_2,2
3080.0,:655375233_0,1
3080.0,:655375233_4,3
3080.0,:655375233_8,7
3080.0,:cluster11510670762_4554226152_0,2
3080.0,:cluster655375336_end_0_655375336_end_1_655375336_end_10_655375336_end_11_#8more_17,1
3080.0,:cluster_2038168688_655375573_25,1
3080.0,:cluster_3208478133_655375293_655375296_9631728504_#1more_8,2
3100.0,-300077497#5,27
3100.0,-300077497#8,4
3100.0,-35274074#2,12
3100.0,-51362429#1,6
3100.0,-51362430,19
3100.0,-593847703#3,31
3100.0,-E0,19
3100.0,1068234498#0,38
3100.0,1068440001,9
3100.0,1068440004#1,33
3100.0,196961215#2,1
3100.0,238526531#0,25
3100.0,244450512#1,3
3100.0,30620492#0,18
3100.0,30620492#1,5
3100.0,484988951#0,5
3100.0,49073226#2,7
3100.0,506322842#0,4
3100.0,506322844#0,5
3100.0,51362429#0,17
3100.0,593844221#0,1
3100.0,593847702#0,4
3100.0,593849718#0,1
3100.0,:3086736518_0,3
3100.0,:3086736518_6,1
3100.0,:655375232_2,2
3100.0,:655375233_0,1
3100.0,:655375233_2,1
3100.0,:655375233_4,2
3100.0,:655375233_8,4
3100.0,:cluster11510670762_4554226152_0,2
3100.0,:cluster655375336_end_0_655375336_end_1_655375336_end_10_655375336_end_11_#8more_17,1
3100.0,:cluster_2038168688_655375573_30,1
3100.0,:cluster_3208478133_655375293_655375296_9631728504_#1more_8,2
3120.0,-300077497#5,24
3120.0,-300077497#8,4
3120.0,-35274074#2,12
3120.0,-51362429#1,6
3120.0,-51362430,19
3120.0,-593847703#3,32
3120.0,-E0,19
3120.0,1068234498#0,37
3120.0,1068440001,9
3120.0,1068440004#1,26
3120.0,182334378#0,1
3120.0,196961215#2,1
3120.0,238526531#0,25
3120.0,244450512#1,2
3120.0,260881642#0,2
3120.0,288135626#0,3
3120.0,300077497#0,1
3120.0,30620492#0,18
3120.0,30620492#1,5
3120.0,484988951#0,5
3120.0,49073226#2,7
3120.0,506322842#0,4
3120.0,506322844#0,5
3120.0,51362429#0,17
3120.0,593844221#0,1
3120.0,593847702#0,9
3120.0,:3086736518_0,3
3120.0,:3086736518_6,1
3120.0,:655375232_2,2
3120.0,:655375233_4,2
3120.0,:655375233_8,7
3120.0,:cluster11510670762_4554226152_0,2
3120.0,:cluster655375336_end_0_655375336_end_1_655375336_end_10_655375336_end_11_#8more_17,1
3120.0,:cluster_2038168688_655375573_30,1
3120.0,:cluster_2528018119_655375236_17,1
3120.0,:cluster_2664674491_655375287_655375288_5,1
3120.0,:cluster_3208478133_655375293_655375296_9631728504_#1more_8,2
3120.0,:cluster_5372642442_631668976_631668981_631669076_22,2
3140.0,-300077497#5,23
3140.0,-300077497#8,2
3140.0,-35274074#2,12
3140.0,-51362429#1,5
3140.0,-51362430,19
3140.0,-593847703#3,34
3140.0,-E0,19
3140.0,1068234498#0,37
3140.0,1068234499#0,7
3140.0,1068440001,9
3140.0,1068440004#1,31
3140.0,182334378#0,2
3140.0,238526531#0,25
3140.0,244450512#1,3
3140.0,260881642#0,3
3140.0,288878926#0,3
3140.0,30620492#0,18
3140.0,30620492#1,5
3140.0,484988951#0,5
3140.0,49073226#2,4
3140.0,506322842#0,4
3140.0,506322844#0,5
3140.0,51362429#0,17
3140.0,593844221#0,1
3140.0,593847702#0,9
3140.0,:3086736518_0,3
3140.0,:3086736518_6,1
3140.0,:655375232_2,2
3140.0,:655375233_4,2
3140.0,:655375233_8,7
3140.0,:655375238_1,1
3140.0,:655375238_5,1
3140.0,:cluster11510670762_4554226152_0,2
3140.0,:cluster655375336_end_0_655375336_end_1_655375336_end_10_655375336_end_11_#8more_17,1
3140.0,:cluster_2038168688_655375573_30,1
3140.0,:cluster_3208478133_655375293_655375296_9631728504_#1more_8,2
3140.0,:cluster_3431431575_4777363357_655375231_6982059025_3,1
3140.0,:cluster_623980147_623980152_4,1
3160.0,-300077497#5,26
3160.0,-300077497#8,3
3160.0,-35274074#2,12
3160.0,-51362430,19
3160.0,-593847703#3,34
3160.0,-E0,19
3160.0,1068234498#0,37
3160.0,1068234499#0,3
3160.0,1068440001,9
3160.0,1068440004#1,33
3160.0,182334378#0,2
3160.0,238526531#0,24
3160.0,244450512#1,2
3160.0,260881642#0,3
3160.0,288878926#0,10
3160.0,300077497#0,2
3160.0,30620492#0,18
3160.0,30620492#1,5
3160.0,35274074#0,1
3160.0,484988951#0,4
3160.0,49073226#2,4
3160.0,49073272#1,1
3160.0,506322842#0,4
3160.0,506322844#0,2
3160.0,51362429#0,12
3160.0,593844221#0,1
3160.0,593847702#0,1
3160.0,593849718#0,3
3160.0,:3086736518_0,3
3160.0,:3086736518_6,1
3160.0,:655375232_2,3
3160.0,:655375233_0,1
3160.0,:655375233_4,2
3160.0,:655375233_8,7
3160.0,:655375238_5,1
3160.0,:655375239_5,1
3160.0,:cluster11510670762_4554226152_0,2
3160.0,:cluster622618015_622618108_622618112_622618144_#2more_31,4
3160.0,:cluster655375336_end_0_655375336_end_1_655375336_end_10_655375336_end_11_#8more_17,1
3160.0,:cluster_2038168688_655375573_25,1
3160.0,:cluster_2528018119_655375236_12,1
3160.0,:cluster_2528018119_655375236_29,1
3160.0,:cluster_3208478133_655375293_655375296_9631728504_#1more_8,2
3160.0,:cluster_3431431575_4777363357_655375231_6982059025_5,1
3180.0,-300077497#5,27
3180.0,-300077497#8,4
3180.0,-35274074#2,12
3180.0,-51362430,19
3180.0,-593847703#3,34
3180.0,-E0,19
3180.0,1068234498#0,37
3180.0,1068440001,9
3180.0,1068440004#1,33
3180.0,182334378#0,2
3180.0,238526531#0,24
3180.0,244450512#1,3
3180.0,260881642#0,2
3180.0,288878926#0,13
3180.0,300077497#0,3
3180.0,300077497#6,3
3180.0,30620492#0,18
3180.0,30620492#1,5
3180.0,35274074#0,1
3180.0,484988951#0,4
3180.0,49073226#2,1
3180.0,49073272#3,2
3180.0,506322842#0,4
3180.0,506322844#0,5
3180.0,51362429#0,12
3180.0,593844221#0,1
3180.0,:3086736518_0,3
3180.0,:3086736518_6,1
3180.0,:655375232_2,4
3180.0,:655375233_0,1
3180.0,:655375233_4,2
3180.0,:655375233_8,7
3180.0,:655375238_0,1
3180.0,:cluster11510670762_4554226152_0,2
3180.0,:cluster655375336_end_0_655375336_end_1_655375336_end_10_655375336_end_11_#8more_17,1
3180.0,:cluster_2038168688_655375573_25,1
3180.0,:cluster_3208478133_655375293_655375296_9631728504_#1more_8,2
3200.0,-300077497#5,26
3200.0,-300077497#8,4
3200.0,-35274074#2,12
3200.0,-51362430,19
3200.0,-593847703#3,30
3200.0,-E0,19
3200.0,1068234498#0,37
3200.0,1068440001,9
3200.0,1068440004#1,33
3200.0,182334378#0,2
3200.0,238526531#0,24
3200.0,244450512#1,3
3200.0,288878926#0,13
3200.0,30620492#0,18
3200.0,30620492#1,5
3200.0,360018417,1
3200.0,484988951#0,4
3200.0,49073226#2,2
3200.0,506322842#0,4
3200.0,506322844#0,6
3200.0,51362429#0,15
3200.0,593844221#0,1
3200.0,593847702#0,3
3200.0,593847703#0,1
3200.0,:3086736518_0,2
3200.0,:3086736518_4,1
3200.0,:3086736518_6,1
3200.0,:3208478121_3,1
3200.0,:655375232_2,4
3200.0,:655375233_0,1
3200.0,:655375233_2,1
3200.0,:655375233_4,1
3200.0,:655375233_8,5
3200.0,:cluster11510670762_4554226152_0,2
3200.0,:cluster655375336_end_0_655375336_end_1_655375336_end_10_655375336_end_11_#8more_17,1
3200.0,:cluster_2038168688_655375573_23,1
3200.0,:cluster_3208478133_655375293_655375296_9631728504_#1more_8,2
3200.0,:cluster_3431431575_4777363357_655375231_6982059025_3,2
3220.0,-300077497#5,26
3220.0,-300077497#8,4
3220.0,-35274074#2,12
3220.0,-51362430,19
3220.0,-593847703#3,30
3220.0,-593847704#2,3
3220.0,-E0,19
3220.0,1068234498#0,35
3220.0,1068440001,9
3220.0,1068440004#1,26
3220.0,182334378#0,2
3220.0,186602412#0,1
3220.0,196961377#3,2
3220.0,238526531#0,25
3220.0,244450512#1,3
3220.0,288878926#0,7
3220.0,30620492#0,18
3220.0,30620492#1,5
3220.0,484988951#0,3
3220.0,49073226#2,6
3220.0,506322842#0,4
3220.0,506322844#0,6
3220.0,51362429#0,16
3220.0,593844221#0,1
3220.0,593847702#0,13
3220.0,593847703#0,1
3220.0,:3086736518_0,2
3220.0,:3086736518_6,1
3220.0,:655375232_2,4
3220.0,:655375233_8,3
3220.0,:655375238_1,1
3220.0,:cluster11510670762_4554226152_0,2
3220.0,:cluster622618015_622618108_622618112_622618144_#2more_2,1
3220.0,:cluster655375336_end_0_655375336_end_1_655375336_end_10_655375336_end_11_#8more_17,1
3220.0,:cluster_3208478133_655375293_655375296_9631728504_#1more_8,2
3220.0,:cluster_3431431575_4777363357_655375231_6982059025_5,1
3220.0,:cluster_5372642442_631668976_631668981_631669076_45,1
3240.0,-300077497#5,26
3240.0,-300077497#8,3
3240.0,-35274074#2,11
3240.0,-51362430,19
3240.0,-593847703#3,31
3240.0,-E0,19
3240.0,1068234498#0,35
3240.0,1068440001,9
3240.0,1068440004#1,29
3240.0,182334378#0,2
3240.0,238526531#0,26
3240.0,244450512#1,3
3240.0,288878926#0,5
3240.0,300077497#0,1
3240.0,30620492#0,18
3240.0,30620492#1,4
3240.0,484988951#0,4
3240.0,49073226#2,6
3240.0,506322842#0,4
3240.0,506322844#0,7
3240.0,506322846#0,1
3240.0,51362429#0,17
3240.0,593844221#0,1
3240.0,593847702#0,18
3240.0,:3086736518_0,2
3240.0,:3086736518_6,1
3240.0,:655375232_2,4
3240.0,:655375238_2,1
3240.0,:cluster11510670762_4554226152_0,2
3240.0,:cluster655375336_end_0_655375336_end_1_655375336_end_10_655375336_end_11_#8more_17,1
3240.0,:cluster_3208478133_655375293_655375296_9631728504_#1more_8,2
3260.0,-300077497#5,27
3260.0,-300077497#8,3
3260.0,-35274074#2,11
3260.0,-51362430,19
3260.0,-593847703#3,31
3260.0,-E0,19
3260.0,1068234498#0,35
3260.0,1068440001,9
3260.0,1068440004#1,33
3260.0,1239087513,1
3260.0,182334378#0,2
3260.0,238526531#0,25
3260.0,244450512#1,3
3260.0,263217604#0,2
3260.0,288878926#0,5
3260.0,30620492#0,17
3260.0,30620492#1,5
3260.0,35274074#0,1
3260.0,484988951#0,4
3260.0,49073226#2,6
3260.0,49073272#3,1
3260.0,506322842#0,3
3260.0,506322844#0,5
3260.0,51362429#0,13
3260.0,593847703#0,2
3260.0,593849718#0,7
3260.0,:3086736515_0,1
3260.0,:3086736518_0,1
3260.0,:3086736518_6,1
3260.0,:655375232_2,4
3260.0,:655375233_0,3
3260.0,:655375238_3,1
3260.0,:655375238_5,1
3260.0,:cluster11510670762_4554226152_0,1
3260.0,:cluster622618015_622618108_622618112_622618144_#2more_31,5
3260.0,:cluster655375336_end_0_655375336_end_1_655375336_end_10_655375336_end_11_#8more_17,1
3260.0,:cluster_2038168688_655375573_30,1
3260.0,:cluster_3208478133_655375293_655375296_9631728504_#1more_8,2
3280.0,-300077497#5,27
3280.0,-300077497#8,4
3280.0,-35274074#2,11
3280.0,-51362430,18
3280.0,-593847703#3,31
3280.0,-E0,19
3280.0,1068234498#0,35
3280.0,1068440001,8
3280.0,1068440004#1,33
3280.0,1239087513,1
3280.0,182334378#0,2
3280.0,238526531#0,25
3280.0,244450512#1,3
3280.0,263217604#0,2
3280.0,288878926#0,5
3280.0,30620492#0,18
3280.0,30620492#1,5
3280.0,35274074#0,1
3280.0,484988951#0,3
3280.0,49073226#2,6
3280.0,49073272#3,1
3280.0,506322842#0,3
3280.0,506322844#0,6
3280.0,51362429#0,15
3280.0,593844221#0,2
3280.0,593847703#0,12
3280.0,:3086736518_0,2
3280.0,:3086736518_6,1
3280.0,:655375238_3,1
3280.0,:655375238_5,1
3280.0,:cluster11510670762_4554226152_0,1
3280.0,:cluster655375336_end_0_655375336_end_1_655375336_end_10_655375336_end_11_#8more_17,1
3280.0,:cluster_2038168688_655375573_30,1
3280.0,:cluster_3208478133_655375293_655375296_9631728504_#1more_8,1
3300.0,-300077497#5,25
3300.0,-300077497#8,4
3300.0,-35274074#2,11
3300.0,-51362429#1,1
3300.0,-51362430,17
3300.0,-593847703#3,27
3300.0,-593847704#2,1
3300.0,-E0,20
3300.0,1068234498#0,35
3300.0,1068440001,5
3300.0,1068440004#1,33
3300.0,182334378#0,2
3300.0,238526531#0,25
3300.0,244450512#1,2
3300.0,260881642#0,3
3300.0,288878926#0,3
3300.0,300077497#0,7
3300.0,30620492#0,18
3300.0,30620492#1,5
3300.0,360018417,1
3300.0,484988951#0,4
3300.0,49073226#2,6
3300.0,49695736#0,5
3300.0,506322842#0,3
3300.0,506322844#0,6
3300.0,506322846#0,1
3300.0,51362429#0,15
3300.0,593844221#0,1
3300.0,593847703#0,3
3300.0,594658757#0,2
3300.0,:3086736518_0,2
3300.0,:3086736518_6,1
3300.0,:655375232_8,1
3300.0,:655375233_4,2
3300.0,:655375238_3,1
3300.0,:655375238_5,1
3300.0,:cluster11510670762_4554226152_0,1
3300.0,:cluster622618015_622618108_622618112_622618144_#2more_2,1
3300.0,:cluster655375336_end_0_655375336_end_1_655375336_end_10_655375336_end_11_#8more_25,2
3300.0,:cluster_2038168688_655375573_30,1
3300.0,:cluster_2528018119_655375236_3,2
3300.0,:cluster_2664674491_655375287_655375288_5,1
3300.0,:cluster_3208478133_655375293_655375296_9631728504_#1more_8,2
3320.0,-300077497#5,24
3320.0,-300077497#8,2
3320.0,-35274074#2,11
3320.0,-51362429#1,5
3320.0,-51362430,12
3320.0,-593847703#3,26
3320.0,-E0,20
3320.0,1068234498#0,35
3320.0,1068440001,4
3320.0,1068440004#1,27
3320.0,182334378#0,2
3320.0,238526531#0,25
3320.0,244450512#1,2
3320.0,260881642#0,3
3320.0,300077497#0,11
3320.0,30620492#0,18
3320.0,30620492#1,5
3320.0,35274074#0,1
3320.0,484988951#0,4
3320.0,49073226#2,7
3320.0,49695736#0,12
3320.0,506322842#0,3
3320.0,506322844#0,6
3320.0,51362429#0,16
3320.0,593844221#0,1
3320.0,593847702#0,2
3320.0,593847704#0,1
3320.0,593849711#0,1
3320.0,594658757#0,2
3320.0,:3086736518_0,2
3320.0,:3086736518_6,1
3320.0,:655375233_8,4
3320.0,:655375238_1,1
3320.0,:655375238_3,1
3320.0,:cluster655375336_end_0_655375336_end_1_655375336_end_10_655375336_end_11_#8more_25,4
3320.0,:cluster_2038168688_655375573_30,1
3320.0,:cluster_2528018119_655375236_31,1
3320.0,:cluster_2664674491_655375287_655375288_5,1
3320.0,:cluster_3208478133_655375293_655375296_9631728504_#1more_8,2
3340.0,-300077497#5,24
3340.0,-300077497#8,4
3340.0,-35274074#2,12
3340.0,-51362429#1,5
3340.0,-51362430,8
3340.0,-593847703#3,26
3340.0,-E0,20
3340.0,1068234498#0,35
3340.0,1068440001,3
3340.0,1068440004#1,25
3340.0,182334378#0,3
3340.0,238526531#0,24
3340.0,244450512#1,2
3340.0,260881642#0,2
3340.0,263217604#0,1
3340.0,300077497#0,8
3340.0,300077497#6,1
3340.0,30620492#0,18
3340.0,30620492#1,5
3340.0,35274074#0,6
3340.0,484988951#0,4
3340.0,49073226#2,7
3340.0,49695736#0,13
3340.0,506322842#0,3
3340.0,506322844#0,4
3340.0,506322846#0,1
3340.0,51362429#0,17
3340.0,593844221#0,1
3340.0,593847702#0,1
3340.0,593847704#0,1
3340.0,593849718#0,6
3340.0,594658757#0,2
3340.0,:3086736518_0,2
3340.0,:3086736518_6,1
3340.0,:655375238_6,1
3340.0,:656132414_2,1
3340.0,:cluster11510670762_4554226152_0,1
3340.0,:cluster622618015_622618108_622618112_622618144_#2more_31,3
3340.0,:cluster622618015_622618108_622618112_622618144_#2more_35,1
3340.0,:cluster655375336_end_0_655375336_end_1_655375336_end_10_655375336_end_11_#8more_25,4
3340.0,:cluster_2038168688_655375573_8,1
3340.0,:cluster_2528018119_655375236_20,1
3340.0,:cluster_2664674491_655375287_655375288_5,1
3340.0,:cluster_3208478133_655375293_655375296_9631728504_#1more_8,5
3360.0,-300077497#5,27
3360.0,-300077497#8,4
3360.0,-35274074#2,12
3360.0,-51362429#1,5
3360.0,-51362430,8
3360.0,-593847703#3,26
3360.0,-E0,20
3360.0,1068234498#0,35
3360.0,1068440001,8
3360.0,1068440004#1,33
3360.0,182334378#0,3
3360.0,196961215#2,1
3360.0,238526531#0,24
3360.0,244450512#1,3
3360.0,260881642#0,1
3360.0,263217604#0,1
3360.0,300077497#0,12
3360.0,300077497#6,1
3360.0,30620492#0,18
3360.0,30620492#1,5
3360.0,35274074#0,9
3360.0,484988951#0,4
3360.0,49073226#2,7
3360.0,49695736#0,7
3360.0,506322842#0,3
3360.0,506322844#0,6
3360.0,51362429#0,15
3360.0,593844221#0,1
3360.0,594658757#0,2
3360.0,:3086736518_6,1
3360.0,:655375232_2,2
3360.0,:655375233_0,2
3360.0,:655375238_6,1
3360.0,:656132414_2,1
3360.0,:cluster11510670762_4554226152_0,1
3360.0,:cluster622618015_622618108_622618112_622618144_#2more_37,1
3360.0,:cluster655375336_end_0_655375336_end_1_655375336_end_10_655375336_end_11_#8more_25,3
3360.0,:cluster_2038168688_655375573_25,1
3360.0,:cluster_2528018119_655375236_20,1
3360.0,:cluster_3208478133_655375293_655375296_9631728504_#1more_8,5
3380.0,-300077497#5,23
3380.0,-300077497#8,4
3380.0,-35274074#2,12
3380.0,-51362429#1,3
3380.0,-51362430,7
3380.0,-593847703#3,28
3380.0,-E0,20
3380.0,1068234498#0,35
3380.0,1068440001,8
3380.0,1068440004#1,33
3380.0,182334378#0,3
3380.0,182334379#0,1
3380.0,238526531#0,24
3380.0,244450512#1,3
3380.0,263217604#0,1
3380.0,288878926#0,5
3380.0,300077497#0,9
3380.0,30620492#0,18
3380.0,30620492#1,5
3380.0,35274074#0,13
3380.0,360018417,1
3380.0,484988951#0,4
3380.0,49073226#2,2
3380.0,49695736#0,13
3380.0,506322842#0,3
3380.0,506322844#0,6
3380.0,506322846#0,1
3380.0,51362429#0,10
3380.0,593847703#0,6
3380.0,593847704#0,1
3380.0,594658757#0,2
3380.0,:3086736518_0,1
3380.0,:655375238_6,1
3380.0,:656132414_2,1
3380.0,:cluster11510670762_4554226152_0,2
3380.0,:cluster_2038168688_655375573_23,1
3380.0,:cluster_2038168688_655375573_25,1
3380.0,:cluster_2038168688_655375573_3,1
3380.0,:cluster_2038168688_655375573_6,1
3380.0,:cluster_2528018119_655375236_17,1
3380.0,:cluster_2528018119_655375236_19,1
3380.0,:cluster_3431431575_4777363357_655375231_6982059025_3,2
3380.0,:cluster_623980147_623980152_9,1
3400.0,-300077497#5,21
3400.0,-300077497#8,4
3400.0,-35274074#2,12
3400.0,-51362430,7
3400.0,-593847703#3,25
3400.0,-593847705,1
3400.0,-E0,20
3400.0,1068234498#0,34
3400.0,1068440001,9
3400.0,1068440004#1,33
3400.0,182334378#0,4
3400.0,186602412#0,3
3400.0,196961377#3,1
3400.0,238526531#0,26
3400.0,244450512#1,3
3400.0,244450512#4,1
3400.0,288878926#0,6
3400.0,300077497#0,7
3400.0,30620492#0,18
3400.0,30620492#1,5
3400.0,35274074#0,8
3400.0,484988951#0,4
3400.0,49695736#0,13
3400.0,506322842#0,3
3400.0,506322844#0,6
3400.0,506322846#0,10
3400.0,51362429#0,11
3400.0,593847704#0,1
3400.0,593849711#0,1
3400.0,594658757#0,2
3400.0,:1973482489_3,1
3400.0,:3086736518_0,1
3400.0,:655375233_2,1
3400.0,:655375233_4,2
3400.0,:655375238_1,1
3400.0,:cluster11510670762_4554226152_0,2
3400.0,:cluster_2038168688_655375573_24,1
3400.0,:cluster_2038168688_655375573_25,1
3400.0,:cluster_2038168688_655375573_3,1
3400.0,:cluster_2038168688_655375573_6,1
3400.0,:cluster_2528018119_655375236_17,2
3400.0,:cluster_623980147_623980152_4,1
3420.0,-300077497#5,23
3420.0,-35274074#2,11
3420.0,-51362429#1,2
3420.0,-51362430,7
3420.0,-593847703#3,22
3420.0,-E0,20
3420.0,1068234498#0,34
3420.0,1068440001,9
3420.0,1068440004#1,31
3420.0,182334378#0,4
3420.0,186602412#0,5
3420.0,238526531#0,26
3420.0,244450512#1,3
3420.0,244450512#5,1
3420.0,288878926#0,5
3420.0,300077497#0,5
3420.0,30620492#0,18
3420.0,30620492#1,5
3420.0,35274074#0,2
3420.0,484988951#0,4
3420.0,49073226#2,2
3420.0,49695736#0,13
3420.0,506322842#0,3
3420.0,506322844#0,6
3420.0,506322846#0,14
3420.0,51362429#0,13
3420.0,593847702#0,1
3420.0,593847704#0,2
3420.0,594658757#0,2
3420.0,:3086736518_0,1
3420.0,:3086736518_4,1
3420.0,:655375233_4,1
3420.0,:655375233_8,2
3420.0,:655375238_2,1
3420.0,:655375238_6,1
3420.0,:cluster11510670762_4554226152_0,2
3420.0,:cluster_2038168688_655375573_25,1
3420.0,:cluster_2038168688_655375573_3,1
3420.0,:cluster_623980147_623980152_9,1
3440.0,-300077497#5,27
3440.0,-300077497#8,3
3440.0,-35274074#2,12
3440.0,-49073264#1,1
3440.0,-51362430,7
3440.0,-593847703#3,22
3440.0,-E0,20
3440.0,1068234498#0,34
3440.0,1068440001,9
3440.0,1068440004#1,26
3440.0,182334378#0,2
3440.0,186602412#0,5
3440.0,238526531#0,26
3440.0,244450512#1,3
3440.0,244450512#5,1
3440.0,263217604#0,2
3440.0,288878926#0,8
3440.0,300077497#0,8
3440.0,30620492#0,18
3440.0,30620492#1,5
3440.0,35274074#0,5
3440.0,484988951#0,4
3440.0,49073226#2,2
3440.0,49695736#0,5
3440.0,506322842#0,1
3440.0,506322844#0,2
3440.0,506322846#0,9
3440.0,51362429#0,15
3440.0,51362430,2
3440.0,593847703#0,1
3440.0,593847704#0,2
3440.0,594658757#0,2
3440.0,:1973482489_8,1
3440.0,:3086736518_0,1
3440.0,:3086736518_4,1
3440.0,:655375233_4,1
3440.0,:655375233_8,7
3440.0,:655375238_6,1
3440.0,:655375239_5,1
3440.0,:cluster11510670762_4554226152_0,2
3440.0,:cluster_2038168688_655375573_30,1
3440.0,:cluster_2528018119_655375236_20,1
3440.0,:cluster_2528018119_655375236_32,1
3460.0,-300077497#5,27
3460.0,-300077497#8,4
3460.0,-35274074#2,12
3460.0,-51362430,7
3460.0,-593847703#3,22
3460.0,-E0,19
3460.0,1068234498#0,34
3460.0,1068440001,9
3460.0,1068440004#1,33
3460.0,182334378#0,2
3460.0,186602412#0,6
3460.0,238526531#0,26
3460.0,244450512#1,3
3460.0,244450512#5,1
3460.0,263217604#0,3
3460.0,288878926#0,8
3460.0,300077497#0,7
3460.0,30620492#0,18
3460.0,30620492#1,5
3460.0,35274074#0,13
3460.0,484988951#0,5
3460.0,49073226#2,2
3460.0,49073264#0,1
3460.0,506322842#0,1
3460.0,506322844#0,5
3460.0,506322846#0,1
3460.0,506322851#0,1
3460.0,51362429#0,16
3460.0,593847703#0,1
3460.0,593849718#0,1
3460.0,594658757#0,2
3460.0,:1973482489_3,1
3460.0,:3086736518_0,1
3460.0,:3086736518_4,1
3460.0,:3086736518_6,1
3460.0,:655375233_4,1
3460.0,:655375233_8,7
3460.0,:655375238_6,1
3460.0,:cluster11510670762_4554226152_0,2
3460.0,:cluster_2038168688_655375573_30,1
3480.0,-300077497#5,19
3480.0,-300077497#8,4
3480.0,-35274074#2,12
3480.0,-49073264#1,1
3480.0,-51362430,7
3480.0,-593847703#3,28
3480.0,-E0,19
3480.0,1068234498#0,34
3480.0,1068440001,4
3480.0,1068440004#1,33
3480.0,182334378#0,1
3480.0,238526531#0,26
3480.0,244450512#1,2
3480.0,260881642#0,3
3480.0,288878926#0,6
3480.0,300077497#0,1
3480.0,30620492#0,18
3480.0,30620492#1,5
3480.0,35274074#0,12
3480.0,360843888,1
3480.0,484988951#0,4
3480.0,49073226#2,2
3480.0,506322842#0,1
3480.0,506322844#0,5
3480.0,506322846#0,4
3480.0,506322853#0,1
3480.0,51362429#0,16
3480.0,51362430,1
3480.0,593844221#0,1
3480.0,593849711#0,1
3480.0,594658757#0,2
3480.0,594658760#0,2
3480.0,:3086736518_4,1
3480.0,:3086736518_6,1
3480.0,:655375232_2,1
3480.0,:655375233_0,2
3480.0,:655375233_4,1
3480.0,:655375233_8,7
3480.0,:655375238_6,1
3480.0,:cluster11510670762_4554226152_0,1
3480.0,:cluster655375336_end_0_655375336_end_1_655375336_end_10_655375336_end_11_#8more_25,2
3480.0,:cluster655375336_end_0_655375336_end_1_655375336_end_10_655375336_end_11_#8more_6,2
3480.0,:cluster_2038168688_655375573_3,2
3480.0,:cluster_2038168688_655375573_30,1
3480.0,:cluster_2038168688_655375573_6,2
3480.0,:cluster_2528018119_655375236_17,1
3480.0,:cluster_2664674491_655375287_655375288_5,1
3480.0,:cluster_3208478133_655375293_655375296_9631728504_#1more_8,3
3500.0,-300077497#5,18
3500.0,-300077497#8,1
3500.0,-35274074#2,11
3500.0,-49073264#1,1
3500.0,-593847703#3,28
3500.0,-E0,19
3500.0,1068234498#0,34
3500.0,1068440001,3
3500.0,1068440004#1,33
3500.0,182334378#0,2
3500.0,186602412#0,5
3500.0,232003903#0,2
3500.0,238526531#0,26
3500.0,244450512#1,2
3500.0,260881642#0,3
3500.0,300077497#6,2
3500.0,30620492#0,18
3500.0,30620492#1,5
3500.0,35274074#0,7
3500.0,360843888,1
3500.0,484988951#0,4
3500.0,49073226#2,4
3500.0,49695736#0,9
3500.0,506322842#0,1
3500.0,506322844#0,5
3500.0,506322846#0,5
3500.0,506322853#0,1
3500.0,51362429#0,17
3500.0,593844221#0,1
3500.0,594658757#0,2
3500.0,594658760#0,2
3500.0,:1973482489_3,1
3500.0,:3086736518_4,1
3500.0,:3086736518_6,1
3500.0,:655375232_2,1
3500.0,:655375232_8,1
3500.0,:655375233_0,2
3500.0,:655375233_2,1
3500.0,:655375233_4,1
3500.0,:655375233_8,7
3500.0,:655375238_5,1
3500.0,:656132414_2,1
3500.0,:cluster11510670762_4554226152_0,1
3500.0,:cluster655375336_end_0_655375336_end_1_655375336_end_10_655375336_end_11_#8more_25,2
3500.0,:cluster_2038168688_655375573_23,1
3500.0,:cluster_2038168688_655375573_24,1
3500.0,:cluster_2038168688_655375573_3,1
3500.0,:cluster_2038168688_655375573_6,1
3500.0,:cluster_2528018119_655375236_17,1
3500.0,:cluster_2664674491_655375287_655375288_5,1
3500.0,:cluster_3208478133_655375293_655375296_9631728504_#1more_8,1
3520.0,-300077497#5,23
3520.0,-300077497#8,1
3520.0,-35274074#2,9
3520.0,-49073264#1,1
3520.0,-51362429#1,3
3520.0,-593847703#3,23
3520.0,-E0,19
3520.0,1068234498#0,34
3520.0,1068440004#1,33
3520.0,182334378#0,2
3520.0,186602412#0,5
3520.0,232003903#0,2
3520.0,238526531#0,24
3520.0,244450512#1,2
3520.0,260881642#0,4
3520.0,300077497#0,2
3520.0,300077497#6,4
3520.0,30620492#0,18
3520.0,30620492#1,5
3520.0,35274074#0,3
3520.0,360843888,1
3520.0,484988951#0,4
3520.0,49073226#2,7
3520.0,49695736#0,12
3520.0,506322844#0,2
3520.0,506322846#0,7
3520.0,506322853#0,1
3520.0,51362429#0,17
3520.0,593847702#0,5
3520.0,593849718#0,1
3520.0,594658757#0,2
3520.0,594658760#0,2
3520.0,:3086736518_6,1
3520.0,:655375232_2,1
3520.0,:655375233_0,2
3520.0,:655375233_4,1
3520.0,:655375233_8,3
3520.0,:655375238_5,1
3520.0,:655375239_5,1
3520.0,:cluster622618015_622618108_622618112_622618144_#2more_31,1
3520.0,:cluster655375336_end_0_655375336_end_1_655375336_end_10_655375336_end_11_#8more_25,3
3520.0,:cluster_2038168688_655375573_8,1
3520.0,:cluster_2528018119_655375236_20,1
3520.0,:cluster_2664674491_655375287_655375288_5,1
3540.0,-300077497#5,27
3540.0,-300077497#8,4
3540.0,-35274074#2,12
3540.0,-51362429#1,3
3540.0,-593847703#3,23
3540.0,-E0,19
3540.0,1068234498#0,33
3540.0,1068440004#1,30
3540.0,182334378#0,2
3540.0,186602412#0,4
3540.0,232003903#0,2
3540.0,238526531#0,22
3540.0,244450512#1,3
3540.0,260881642#0,3
3540.0,263217604#0,1
3540.0,300077497#0,6
3540.0,300077497#6,4
3540.0,30620492#0,18
3540.0,30620492#1,5
3540.0,35274074#0,5
3540.0,360843888,1
3540.0,484988951#0,4
3540.0,49073226#2,7
3540.0,49073272#3,2
3540.0,49695736#0,6
3540.0,506322844#0,3
3540.0,51362429#0,17
3540.0,593847702#0,7
3540.0,593847703#0,2
3540.0,593847705,1
3540.0,593849718#0,1
3540.0,593852345#0,1
3540.0,594658757#0,2
3540.0,594658760#0,1
3540.0,:1973482489_8,1
3540.0,:3086736518_6,1
3540.0,:655375232_2,1
3540.0,:655375238_6,1
3540.0,:cluster619136880_619136881_cluster_4510442270_5296993511_5296993513_619136931_#1more_8,1
3540.0,:cluster622618015_622618108_622618112_622618144_#2more_17,1
3540.0,:cluster655375336_end_0_655375336_end_1_655375336_end_10_655375336_end_11_#8more_18,1
3540.0,:cluster655375336_end_0_655375336_end_1_655375336_end_10_655375336_end_11_#8more_25,1
3540.0,:cluster_2528018119_655375236_20,1
3540.0,:cluster_2528018119_655375236_32,1
3560.0,-300077497#5,23
3560.0,-300077497#8,4
3560.0,-35274074#2,12
3560.0,-51362429#1,3
3560.0,-593847703#3,25
3560.0,-E0,19
3560.0,1068234498#0,33
3560.0,1068440004#1,33
3560.0,182334378#0,2
3560.0,196961215#2,1
3560.0,196961377#0,1
3560.0,238526531#0,23
3560.0,244450512#1,3
3560.0,244450512#4,1
3560.0,263217604#0,1
3560.0,300077497#0,5
3560.0,30620492#0,17
3560.0,30620492#1,5
3560.0,35274074#0,8
3560.0,360018417,1
3560.0,484988951#0,4
3560.0,49073226#2,7
3560.0,49695736#0,4
3560.0,506322844#0,5
3560.0,51362429#0,17
3560.0,51362430,2
3560.0,593847702#0,7
3560.0,593847705,1
3560.0,594658757#0,2
3560.0,594658760#0,1
3560.0,:3086736518_6,1
3560.0,:3208478121_3,1
3560.0,:655375232_2,1
3560.0,:655375238_6,1
3560.0,:cluster_2038168688_655375573_23,1
3560.0,:cluster_2038168688_655375573_24,1
3560.0,:cluster_2038168688_655375573_3,1
3560.0,:cluster_2038168688_655375573_6,1
3560.0,:cluster_2528018119_655375236_17,2
3560.0,:cluster_2528018119_655375236_4,1
3580.0,-300077497#5,19
3580.0,-300077497#8,4
3580.0,-35274074#2,11
3580.0,-51362429#1,3
3580.0,-593847703#3,30
3580.0,-E0,19
3580.0,1068234498#0,31
3580.0,1068234499#0,1
3580.0,1068440004#1,33
3580.0,182334378#0,4
3580.0,182334379#0,1
3580.0,186602412#0,3
3580.0,196961215#2,1
3580.0,196961377#3,2
3580.0,238526531#0,26
3580.0,244450512#1,3
3580.0,244450512#5,1
3580.0,288135626#0,1
3580.0,30620492#0,18
3580.0,30620492#1,5
3580.0,35274074#0,3
3580.0,484988951#0,3
3580.0,49073226#2,7
3580.0,49695736#0,4
3580.0,506322844#0,5
3580.0,506322846#0,10
3580.0,51362429#0,11
3580.0,51362430,1
3580.0,593847702#0,7
3580.0,593847703#0,5
3580.0,593847704#0,1
3580.0,594658757#0,3
3580.0,594658760#0,1
3580.0,:2444664370_0,1
3580.0,:3086736518_0,2
3580.0,:3086736518_6,1
3580.0,:655375232_2,3
3580.0,:655375233_0,2
3580.0,:655375238_3,1
3580.0,:cluster_2038168688_655375573_3,2
3580.0,:cluster_3431431575_4777363357_655375231_6982059025_7,1
3600.0,-300077497#5,24
3600.0,-35274074#2,9
3600.0,-51362429#1,3
3600.0,-593847703#3,30
3600.0,-E0,19
3600.0,1068234498#0,32
3600.0,1068234499#0,3
3600.0,1068440004#1,33
3600.0,182334378#0,4
3600.0,182334379#0,1
3600.0,186602412#0,4
3600.0,196961215#2,1
3600.0,238526531#0,27
3600.0,244450512#1,3
3600.0,244450512#5,1
3600.0,300077497#0,2
3600.0,300077497#6,2
3600.0,30620492#0,18
3600.0,30620492#1,5
3600.0,484988951#0,4
3600.0,49073226#2,10
3600.0,49695736#0,4
3600.0,506322844#0,5
3600.0,506322846#0,8
3600.0,51362429#0,14
3600.0,593847702#0,7
3600.0,593847703#0,2
3600.0,593847704#0,2
3600.0,594658757#0,3
3600.0,594658760#0,1
3600.0,:1973482489_8,1
3600.0,:3086736518_0,2
3600.0,:655375232_2,2
3620.0,-300077497#5,27
3620.0,-300077497#8,3
3620.0,-35274074#2,12
3620.0,-51362429#1,7
3620.0,-593847703#3,24
3620.0,-E0,19
3620.0,1068234498#0,34
3620.0,1068440004#1,33
3620.0,182334378#0,4
3620.0,182334379#0,1
3620.0,186602412#0,4
3620.0,238526531#0,23
3620.0,244450512#1,3
3620.0,244450512#5,1
3620.0,263217604#0,1
3620.0,288878926#0,7
3620.0,300077497#0,5
3620.0,300077497#6,2
3620.0,30620492#0,18
3620.0,30620492#1,5
3620.0,35274074#0,2
3620.0,484988951#0,3
3620.0,49073226#2,3
3620.0,49073272#3,1
3620.0,506322844#0,2
3620.0,506322846#0,1
3620.0,51362429#0,15
3620.0,593847703#0,2
3620.0,593847704#0,2
3620.0,593849718#0,1
3620.0,594658757#0,2
3620.0,594658760#0,1
3620.0,:1973482489_3,1
3620.0,:3086736518_0,2
3620.0,:3086736518_4,1
3620.0,:655375232_2,2
3620.0,:655375239_5,1
3620.0,:655375241_0,1
3620.0,:cluster_2528018119_655375236_29,2
3620.0,:cluster_3431431575_4777363357_655375231_6982059025_3,1
3620.0,:cluster_3431431575_4777363357_655375231_6982059025_5,1
3620.0,:cluster_623980147_623980152_4,1
3640.0,-300077497#5,27
3640.0,-300077497#8,4
3640.0,-35274074#2,12
3640.0,-593847703#3,24
3640.0,-E0,19
3640.0,1068234498#0,35
3640.0,1068440004#1,22
3640.0,182334378#0,4
3640.0,182334379#0,1
3640.0,238526531#0,23
3640.0,244450512#1,3
3640.0,244450512#5,1
3640.0,263217604#0,1
3640.0,288878926#0,13
3640.0,300077497#0,1
3640.0,30620492#0,18
3640.0,30620492#1,5
3640.0,35274074#0,6
3640.0,484988951#0,4
3640.0,49073226#2,6
3640.0,49073272#3,2
3640.0,506322844#0,5
3640.0,51362429#0,17
3640.0,593847702#0,10
3640.0,593847703#0,2
3640.0,593849718#0,1
3640.0,594658757#0,2
3640.0,594658760#0,1
3640.0,:3086736518_0,2
3640.0,:3086736518_4,1
3640.0,:655375232_2,2
3640.0,:655375233_8,1
3640.0,:655375238_0,1
3660.0,-300077497#5,24
3660.0,-300077497#8,4
3660.0,-35274074#2,11
3660.0,-593847703#3,27
3660.0,-E0,18
3660.0,1068234498#0,32
3660.0,1068440004#1,27
3660.0,182334378#0,4
3660.0,238526531#0,24
3660.0,244450512#1,2
3660.0,260881642#0,3
3660.0,288135626#0,1
3660.0,288878926#0,11
3660.0,300077497#0,2
3660.0,30620492#0,18
3660.0,30620492#1,5
3660.0,360018417,2
3660.0,484988951#0,4
3660.0,49073226#2,6
3660.0,506322844#0,5
3660.0,506322846#0,6
3660.0,51362429#0,17
3660.0,51362430,1
3660.0,593847702#0,11
3660.0,593849711#0,1
3660.0,594658757#0,2
3660.0,594658760#0,2
3660.0,:3086736518_0,2
3660.0,:3086736518_4,1
3660.0,:3086736518_6,1
3660.0,:655375232_2,2
3660.0,:cluster_2664674491_655375287_655375288_5,1
3660.0,:cluster_5372642442_631668976_631668981_631669076_26,1
3660.0,:cluster_5372642442_631668976_631668981_631669076_45,1
3680.0,-300077497#5,26
3680.0,-300077497#8,1
3680.0,-35274074#2,11
3680.0,-593847703#3,27
3680.0,-E0,18
3680.0,1068234498#0,34
3680.0,1068234499#0,1
3680.0,1068440004#1,33
3680.0,182334378#0,4
3680.0,186602412#0,4
3680.0,238526531#0,27
3680.0,244450512#1,2
3680.0,260881642#0,3
3680.0,288878926#0,5
3680.0,30620492#0,18
3680.0,30620492#1,5
3680.0,484988951#0,4
3680.0,49073226#2,6
3680.0,506322844#0,5
3680.0,506322846#0,1
3680.0,51362429#0,9
3680.0,593847702#0,11
3680.0,593847703#0,5
3680.0,594658757#0,2
3680.0,594658760#0,2
3680.0,:3086736518_0,1
3680.0,:3086736518_4,1
3680.0,:3086736518_6,1
3680.0,:655375232_2,4
3680.0,:655375233_0,3
3680.0,:655375238_5,1
3680.0,:cluster622618015_622618108_622618112_622618144_#2more_49,2
3680.0,:cluster_2038168688_655375573_23,1
3680.0,:cluster_2664674491_655375287_655375288_5,1
3680.0,:cluster_3431431575_4777363357_655375231_6982059025_5,1
3700.0,-300077497#5,27
3700.0,-300077497#8,4
3700.0,-35274074#2,11
3700.0,-593847703#3,27
3700.0,-E0,19
3700.0,1068234498#0,34
3700.0,1068440004#1,33
3700.0,182334378#0,3
3700.0,186602412#0,2
3700.0,238526531#0,23
3700.0,244450512#1,2
3700.0,260881642#0,2
3700.0,288878926#0,5
3700.0,300077497#0,1
3700.0,30620492#0,18
3700.0,30620492#1,5
3700.0,484988951#0,4
3700.0,49073226#2,7
3700.0,506322844#0,3
3700.0,506322848#0,1
3700.0,51362429#0,12
3700.0,593847702#0,3
3700.0,593847703#0,13
3700.0,593849718#0,3
3700.0,594658757#0,2
3700.0,594658760#0,2
3700.0,:3086736518_0,1
3700.0,:3086736518_4,1
3700.0,:3086736518_6,1
3700.0,:655375232_2,1
3700.0,:655375238_2,1
3700.0,:655375238_3,1
3700.0,:cluster622618015_622618108_622618112_622618144_#2more_31,5
3700.0,:cluster655375336_end_0_655375336_end_1_655375336_end_10_655375336_end_11_#8more_39,1
3700.0,:cluster_2664674491_655375287_655375288_5,1
3700.0,:cluster_9383263990_9383263991_9383263992_9383263993_7,1
3720.0,-300077497#5,27
3720.0,-300077497#8,4
3720.0,-35274074#2,11
3720.0,-51362429#1,3
3720.0,-593847703#3,21
3720.0,-E0,19
3720.0,1068234498#0,34
3720.0,1068440004#1,33
3720.0,232003903#0,2
3720.0,238526531#0,21
3720.0,244450512#1,3
3720.0,260881642#0,3
3720.0,288878926#0,5
3720.0,300077497#6,1
3720.0,30620492#0,18
3720.0,30620492#1,5
3720.0,484988951#0,3
3720.0,49073226#2,7
3720.0,506322844#0,5
3720.0,506322848#0,2
3720.0,51362429#0,13
3720.0,593847702#0,1
3720.0,593847703#0,13
3720.0,594658757#0,2
3720.0,594658760#0,2
3720.0,:3086736518_0,1
3720.0,:3086736518_6,1
3720.0,:655375232_2,1
3720.0,:655375233_4,2
3720.0,:655375238_2,1
3720.0,:655375238_3,1
3720.0,:cluster655375336_end_0_655375336_end_1_655375336_end_10_655375336_end_11_#8more_39,1
3720.0,:cluster655375336_end_0_655375336_end_1_655375336_end_10_655375336_end_11_#8more_6,1
3720.0,:cluster_3431431575_4777363357_655375231_6982059025_3,1
3720.0,:cluster_3431431575_4777363357_655375231_6982059025_5,1
3740.0,-300077497#5,24
3740.0,-300077497#8,4
3740.0,-35274074#2,11
3740.0,-51362429#1,5
3740.0,-593847703#3,23
3740.0,-E0,19
3740.0,1068234498#0,34
3740.0,1068440004#1,23
3740.0,238526531#0,21
3740.0,244450512#1,3
3740.0,288878926#0,5
3740.0,300077497#0,2
3740.0,30620492#0,18
3740.0,30620492#1,5
3740.0,484988951#0,4
3740.0,49073226#2,8
3740.0,506322844#0,5
3740.0,506322848#0,2
3740.0,51362429#0,15
3740.0,51362430,3
3740.0,593847702#0,7
3740.0,593847703#0,8
3740.0,594658757#0,2
3740.0,594658760#0,2
3740.0,:3086736518_0,1
3740.0,:3086736518_6,1
3740.0,:655375232_2,1
3740.0,:655375233_8,4
3740.0,:655375238_2,1
3740.0,:655375238_3,1
3740.0,:cluster655375336_end_0_655375336_end_1_655375336_end_10_655375336_end_11_#8more_39,1
3740.0,:cluster_2528018119_655375236_17,1
3740.0,:cluster_2528018119_655375236_3,2
3760.0,-300077497#5,24
3760.0,-300077497#8,4
3760.0,-35274074#2,11
3760.0,-51362429#1,5
3760.0,-593847703#3,24
3760.0,-E0,19
3760.0,1068234498#0,26
3760.0,1068440004#1,26
3760.0,238526531#0,26
3760.0,244450512#1,3
3760.0,300077497#0,9
3760.0,30620492#0,18
3760.0,30620492#1,5
3760.0,35274074#0,3
3760.0,484988951#0,4
3760.0,49073226#2,8
3760.0,506322844#0,5
3760.0,506322848#0,2
3760.0,51362429#0,16
3760.0,51362430,2
3760.0,593847702#0,12
3760.0,593849711#0,1
3760.0,594658757#0,2
3760.0,594658760#0,2
3760.0,:3086736518_0,1
3760.0,:3086736518_6,1
3760.0,:655375232_2,1
3760.0,:655375238_2,1
3760.0,:655375238_3,1
3760.0,:cluster655375336_end_0_655375336_end_1_655375336_end_10_655375336_end_11_#8more_39,1
3760.0,:cluster_5372642442_631668976_631668981_631669076_22,1
3760.0,:cluster_5372642442_631668976_631668981_631669076_26,1
3760.0,:cluster_5372642442_631668976_631668981_631669076_45,1
3780.0,-300077497#5,26
3780.0,-300077497#8,2
3780.0,-35274074#2,11
3780.0,-51362429#1,5
3780.0,-593847703#3,25
3780.0,-E0,19
3780.0,1068234498#0,25
3780.0,1068234499#0,1
3780.0,1068440004#1,33
3780.0,186602412#0,1
3780.0,238526531#0,30
3780.0,244450512#1,3
3780.0,288135626#0,2
3780.0,300077497#0,5
3780.0,300077497#6,1
3780.0,30620492#0,18
3780.0,30620492#1,5
3780.0,35274074#0,2
3780.0,484988951#0,4
3780.0,49073226#2,8
3780.0,506322844#0,5
3780.0,506322846#0,2
3780.0,506322848#0,2
3780.0,51362429#0,13
3780.0,51362430,1
3780.0,593847702#0,12
3780.0,593847703#0,1
3780.0,593847704#0,1
3780.0,594658757#0,2
3780.0,594658760#0,2
3780.0,:1973482489_8,1
3780.0,:3086736518_0,1
3780.0,:3086736518_6,1
3780.0,:655375232_2,3
3780.0,:655375233_0,2
3780.0,:655375238_6,1
3780.0,:cluster655375336_end_0_655375336_end_1_655375336_end_10_655375336_end_11_#8more_39,1
3800.0,-1334905223#2,1
3800.0,-300077497#5,27
3800.0,-300077497#8,4
3800.0,-35274074#2,12
3800.0,-49073264#1,1
3800.0,-51362429#1,5
3800.0,-593847703#3,25
3800.0,-E0,19
3800.0,1068234498#0,30
3800.0,1068440004#1,33
3800.0,186602412#0,1
3800.0,238526531#0,24
3800.0,244450512#1,3
3800.0,300077497#0,2
3800.0,300077497#6,1
3800.0,30620492#0,18
3800.0,30620492#1,5
3800.0,35274074#0,8
3800.0,484988951#0,4
3800.0,49073226#2,11
3800.0,506322840#0,2
3800.0,506322844#0,4
3800.0,51362429#0,13
3800.0,593847701,1
3800.0,593847703#0,8
3800.0,593847704#0,2
3800.0,593849718#0,6
3800.0,594658757#0,2
3800.0,594658760#0,2
3800.0,:3086736518_0,1
3800.0,:655375232_2,1
3800.0,:655375241_0,2
3800.0,:cluster655375336_end_0_655375336_end_1_655375336_end_10_655375336_end_11_#8more_39,1
3800.0,:cluster_2528018119_655375236_29,1
3820.0,-300077497#5,27
3820.0,-300077497#8,4
3820.0,-35274074#2,12
3820.0,-51362429#1,6
3820.0,-593847703#3,19
3820.0,-E0,20
3820.0,1068234498#0,36
3820.0,1068440004#1,33
3820.0,238526531#0,24
3820.0,244450512#1,3
3820.0,300077497#6,1
3820.0,30620492#0,18
3820.0,30620492#1,5
3820.0,35274074#0,8
3820.0,484988951#0,3
3820.0,49073226#2,11
3820.0,49073272#3,1
3820.0,506322844#0,5
3820.0,51362429#0,14
3820.0,593847701,1
3820.0,593847703#0,6
3820.0,593849718#0,1
3820.0,594658757#0,2
3820.0,594658760#0,2
3820.0,:3086736518_0,1
3820.0,:3086736518_4,1
3820.0,:655375232_2,1
3820.0,:655375232_8,1
3820.0,:655375233_2,1
3820.0,:655375233_4,2
3820.0,:655375239_3,1
3840.0,-300077497#5,22
3840.0,-300077497#8,4
3840.0,-35274074#2,12
3840.0,-51362429#1,9
3840.0,-593847703#3,20
3840.0,-E0,20
3840.0,1068234498#0,33
3840.0,1068440004#1,28
3840.0,238526531#0,25
3840.0,244450512#1,1
3840.0,260881642#0,3
3840.0,288135626#0,3
3840.0,288878926#0,2
3840.0,300077497#0,5
3840.0,30620492#0,18
3840.0,30620492#1,5
3840.0,360018417,1
3840.0,484988951#0,4
3840.0,49073226#2,9
3840.0,506322844#0,5
3840.0,506322846#0,8
3840.0,51362429#0,16
3840.0,593847701,1
3840.0,593847702#0,1
3840.0,593847704#0,1
3840.0,594658757#0,2
3840.0,594658760#0,1
3840.0,:3086736518_0,1
3840.0,:655375232_2,1
3840.0,:655375233_4,2
3840.0,:655375233_8,5
3840.0,:cluster_2528018119_655375236_17,1
3840.0,:cluster_2664674491_655375287_655375288_5,1
3840.0,:cluster_5372642442_631668976_631668981_631669076_22,3
3860.0,-300077497#5,23
3860.0,-35274074#2,12
3860.0,-51362429#1,5
3860.0,-593847703#3,22
3860.0,-E0,20
3860.0,1068234498#0,32
3860.0,1068234499#0,7
3860.0,1068440004#1,29
3860.0,186602412#0,5
3860.0,238526531#0,26
3860.0,244450512#1,3
3860.0,260881642#0,4
3860.0,288878926#0,5
3860.0,300077497#0,1
3860.0,30620492#0,16
3860.0,30620492#1,5
3860.0,484988951#0,4
3860.0,49073226#2,4
3860.0,506322844#0,5
3860.0,506322846#0,3
3860.0,51362429#0,17
3860.0,593847701,1
3860.0,593847702#0,1
3860.0,593847704#0,1
3860.0,594658757#0,2
3860.0,594658760#0,1
3860.0,:1973482489_3,1
3860.0,:3086736518_0,1
3860.0,:655375232_2,1
3860.0,:655375233_4,2
3860.0,:655375233_8,6
3860.0,:655375238_1,1
3860.0,:655375238_5,2
3860.0,:cluster622618015_622618108_622618112_622618144_#2more_49,1
3860.0,:cluster_2038168688_655375573_3,1
3860.0,:cluster_3431431575_4777363357_655375231_6982059025_3,2
3860.0,:cluster_623980147_623980152_9,1
3880.0,-300077497#5,27
3880.0,-300077497#8,2
3880.0,-35274074#2,11
3880.0,-593847703#3,22
3880.0,-E0,19
3880.0,1068234498#0,34
3880.0,1068234499#0,3
3880.0,1068440004#1,34
3880.0,186602412#0,3
3880.0,238526531#0,26
3880.0,244450512#1,2
3880.0,260881642#0,4
3880.0,263217604#0,1
3880.0,288878926#0,12
3880.0,300077497#0,2
3880.0,30620492#0,17
3880.0,30620492#1,5
3880.0,35274074#0,2
3880.0,484988951#0,4
3880.0,49073226#2,4
3880.0,49073272#3,1
3880.0,506322844#0,2
3880.0,51362429#0,15
3880.0,593847704#0,1
3880.0,594658757#0,2
3880.0,594658760#0,1
3880.0,:3086736518_0,1
3880.0,:3086736518_6,1
3880.0,:655375232_2,3
3880.0,:655375233_0,1
3880.0,:655375233_4,2
3880.0,:655375233_8,6
3880.0,:655375238_5,1
3880.0,:655375239_5,1
3880.0,:cluster_2528018119_655375236_12,1
3880.0,:cluster_2528018119_655375236_29,1
3880.0,:cluster_623980147_623980152_4,1
3900.0,-300077497#5,27
3900.0,-300077497#8,4
3900.0,-35274074#2,12
3900.0,-593847703#3,22
3900.0,-E0,19
3900.0,1068234498#0,36
3900.0,1068440004#1,34
3900.0,238526531#0,25
3900.0,244450512#1,3
3900.0,260881642#0,3
3900.0,263217604#0,1
3900.0,288878926#0,13
3900.0,300077497#0,4
3900.0,300077497#6,3
3900.0,30620492#0,18
3900.0,30620492#1,5
3900.0,35274074#0,2
3900.0,484988951#0,3
3900.0,49073226#2,4
3900.0,49073272#3,1
3900.0,506322844#0,5
3900.0,51362429#0,15
3900.0,594658757#0,2
3900.0,594658760#0,1
3900.0,:3086736518_0,2
3900.0,:3086736518_6,1
3900.0,:655375232_2,4
3900.0,:655375233_0,2
3900.0,:655375233_4,2
3900.0,:655375233_8,6
3900.0,:655375238_5,1
3900.0,:cluster622618015_622618108_622618112_622618144_#2more_37,1
3920.0,-300077497#5,27
3920.0,-300077497#8,4
3920.0,-35274074#2,11
3920.0,-593847703#3,19
3920.0,-E0,19
3920.0,1068234498#0,36
3920.0,1068440004#1,34
3920.0,238526531#0,25
3920.0,244450512#1,3
3920.0,263217604#0,1
3920.0,288878926#0,13
3920.0,30620492#0,18
3920.0,30620492#1,5
3920.0,360018417,1
3920.0,484988951#0,4
3920.0,49073226#2,4
3920.0,506322844#0,5
3920.0,506322846#0,1
3920.0,51362429#0,16
3920.0,594658757#0,2
3920.0,594658760#0,1
3920.0,:3086736518_0,2
3920.0,:3086736518_4,1
3920.0,:3086736518_6,1
3920.0,:3208478121_3,1
3920.0,:655375232_2,4
3920.0,:655375232_8,1
3920.0,:655375233_0,2
3920.0,:655375233_4,3
3920.0,:655375233_8,6
3920.0,:655375238_3,1
3920.0,:655375238_5,1
3920.0,:cluster_2038168688_655375573_23,1
3940.0,-300077497#5,26
3940.0,-300077497#8,4
3940.0,-35274074#2,11
3940.0,-51362429#1,2
3940.0,-593847703#3,19
3940.0,-E0,19
3940.0,1068234498#0,36
3940.0,1068440004#1,33
3940.0,186602412#0,2
3940.0,196961377#3,2
3940.0,238526531#0,25
3940.0,244450512#1,3
3940.0,288878926#0,7
3940.0,30620492#0,18
3940.0,30620492#1,5
3940.0,484988951#0,4
3940.0,49073226#2,4
3940.0,506322844#0,5
3940.0,51362429#0,17
3940.0,593849711#0,1
3940.0,594658757#0,2
3940.0,594658760#0,1
3940.0,:3086736518_0,2
3940.0,:3086736518_6,1
3940.0,:655375232_2,4
3940.0,:655375233_0,2
3940.0,:655375233_4,3
3940.0,:655375233_8,7
3940.0,:655375238_3,1
3940.0,:655375238_5,1
3940.0,:cluster622618015_622618108_622618112_622618144_#2more_0,1
3940.0,:cluster_2528018119_655375236_17,1
3960.0,-300077497#5,25
3960.0,-300077497#8,4
3960.0,-35274074#2,11
3960.0,-593847703#3,21
3960.0,-E0,19
3960.0,1068234498#0,36
3960.0,1068440004#1,33
3960.0,238526531#0,25
3960.0,244450512#1,3
3960.0,288878926#0,5
3960.0,30620492#0,18
3960.0,30620492#1,5
3960.0,484988951#0,4
3960.0,49073226#2,6
3960.0,506322844#0,5
3960.0,51362429#0,17
3960.0,594658757#0,2
3960.0,594658760#0,1
3960.0,:3086736518_0,2
3960.0,:3086736518_6,1
3960.0,:655375232_2,4
3960.0,:655375233_0,2
3960.0,:655375233_4,3
3960.0,:655375233_8,7
3960.0,:655375238_3,1
3960.0,:655375238_5,1
3980.0,-300077497#5,26
3980.0,-300077497#8,4
3980.0,-35274074#2,11
3980.0,-593847703#3,21
3980.0,-E0,19
3980.0,1068234498#0,36
3980.0,1068440004#1,33
3980.0,238526531#0,25
3980.0,244450512#1,3
3980.0,288878926#0,5
3980.0,30620492#0,18
3980.0,30620492#1,5
3980.0,35274074#0,2
3980.0,484988951#0,4
3980.0,49073226#2,6
3980.0,506322844#0,3
3980.0,51362429#0,17
3980.0,594658757#0,2
3980.0,594658760#0,1
3980.0,:3086736518_0,2
3980.0,:3086736518_6,1
3980.0,:655375232_2,4
3980.0,:655375233_0,2
3980.0,:655375233_4,3
3980.0,:655375233_8,7
3980.0,:655375238_3,1
3980.0,:655375238_5,1
4000.0,-300077497#5,27
4000.0,-300077497#8,4
4000.0,-35274074#2,12
4000.0,-593847703#3,21
4000.0,-E0,19
4000.0,1068234498#0,36
4000.0,1068440004#1,33
4000.0,238526531#0,24
4000.0,244450512#1,3
4000.0,288878926#0,5
4000.0,30620492#0,18
4000.0,30620492#1,5
4000.0,35274074#0,2
4000.0,484988951#0,4
4000.0,49073226#2,6
4000.0,506322844#0,6
4000.0,51362429#0,17
4000.0,594658757#0,2
4000.0,594658760#0,1
4000.0,:3086736518_0,2
4000.0,:3086736518_6,1
4000.0,:655375232_2,4
4000.0,:655375233_0,2
4000.0,:655375233_4,3
4000.0,:655375233_8,7
4000.0,:cluster622618015_622618108_622618112_622618144_#2more_42,1
4020.0,-300077497#5,20
4020.0,-300077497#8,4
4020.0,-35274074#2,12
4020.0,-49073264#1,1
4020.0,-593847703#3,25
4020.0,-E0,19
4020.0,1068234498#0,35
4020.0,1068440004#1,33
4020.0,238526531#0,24
4020.0,244450512#1,2
4020.0,260881642#0,4
4020.0,288878926#0,3
4020.0,30620492#0,18
4020.0,30620492#1,5
4020.0,484988951#0,4
4020.0,49073226#2,6
4020.0,506322844#0,6
4020.0,506322846#0,2
4020.0,51362429#0,17
4020.0,593849711#0,1
4020.0,594658757#0,2
4020.0,594658760#0,1
4020.0,:3086736518_0,2
4020.0,:3086736518_4,1
4020.0,:3086736518_6,1
4020.0,:655375232_2,4
4020.0,:655375233_0,2
4020.0,:655375233_4,4
4020.0,:655375233_8,7
4020.0,:cluster_2528018119_655375236_17,1
4020.0,:cluster_5372642442_631668976_631668981_631669076_26,1
4040.0,-300077497#5,19
4040.0,-300077497#8,1
4040.0,-35274074#2,12
4040.0,-49073264#1,1
4040.0,-51362429#1,2
4040.0,-593847703#3,25
4040.0,-E0,19
4040.0,1068234498#0,34
4040.0,1068440004#1,33
4040.0,182334378#0,1
4040.0,238526531#0,26
4040.0,244450512#1,3
4040.0,260881642#0,3
4040.0,30620492#0,18
4040.0,30620492#1,5
4040.0,484988951#0,4
4040.0,49073226#2,7
4040.0,506322844#0,6
4040.0,51362429#0,17
4040.0,593847702#0,2
4040.0,593847704#0,1
4040.0,594658757#0,2
4040.0,594658760#0,1
4040.0,:3086736518_0,2
4040.0,:3086736518_6,1
4040.0,:655375232_2,4
4040.0,:655375233_0,2
4040.0,:655375233_4,3
4040.0,:655375233_8,5
4040.0,:655375238_5,1
4040.0,:cluster_2528018119_655375236_17,1
4060.0,-300077497#5,23
4060.0,-300077497#8,1
4060.0,-35274074#2,9
4060.0,-49073264#1,1
4060.0,-51362429#1,2
4060.0,-593847703#3,26
4060.0,-E0,19
4060.0,1068234498#0,34
4060.0,1068440004#1,33
4060.0,182334378#0,1
4060.0,238526531#0,25
4060.0,244450512#1,3
4060.0,260881642#0,3
4060.0,263217604#0,1
4060.0,300077497#6,3
4060.0,30620492#0,18
4060.0,30620492#1,5
4060.0,484988951#0,4
4060.0,49073226#2,7
4060.0,506322844#0,2
4060.0,51362429#0,17
4060.0,593847704#0,1
4060.0,593849718#0,2
4060.0,594658757#0,2
4060.0,594658760#0,1
4060.0,:3086736518_0,2
4060.0,:3086736518_6,1
4060.0,:655375232_2,4
4060.0,:655375233_0,2
4060.0,:655375233_4,3
4060.0,:655375233_8,5
4060.0,:655375238_5,1
4060.0,:655375239_5,1
4080.0,-300077497#5,27
4080.0,-300077497#8,4
4080.0,-35274074#2,11
4080.0,-593847703#3,26
4080.0,-E0,19
4080.0,1068234498#0,34
4080.0,1068440004#1,33
4080.0,182334378#0,1
4080.0,238526531#0,22
4080.0,244450512#1,1
4080.0,260881642#0,2
4080.0,263217604#0,2
4080.0,288878926#0,4
4080.0,300077497#6,4
4080.0,30620492#0,18
4080.0,30620492#1,5
4080.0,484988951#0,4
4080.0,49073226#2,3
4080.0,506322844#0,3
4080.0,51362429#0,17
4080.0,594658757#0,2
4080.0,594658760#0,1
4080.0,:3086736518_0,2
4080.0,:3086736518_6,1
4080.0,:655375232_2,4
4080.0,:655375233_0,2
4080.0,:655375233_4,3
4080.0,:655375233_8,5
4080.0,:cluster622618015_622618108_622618112_622618144_#2more_17,1
4080.0,:cluster622618015_622618108_622618112_622618144_#2more_37,1
4080.0,:cluster_3431431575_4777363357_655375231_6982059025_3,2
4100.0,-300077497#5,23
4100.0,-300077497#8,4
4100.0,-35274074#2,5
4100.0,-593847703#3,28
4100.0,-E0,19
4100.0,1068234498#0,34
4100.0,1068440004#1,33
4100.0,182334378#0,1
4100.0,238526531#0,21
4100.0,244450512#1,1
4100.0,263217604#0,2
4100.0,288878926#0,9
4100.0,300077497#6,2
4100.0,30620492#0,18
4100.0,30620492#1,5
4100.0,360018417,1
4100.0,484988951#0,4
4100.0,506322844#0,5
4100.0,51362429#0,17
4100.0,594658757#0,2
4100.0,594658760#0,1
4100.0,:3086736518_0,2
4100.0,:3086736518_6,1
4100.0,:655375232_2,4
4100.0,:655375233_0,2
4100.0,:655375233_4,3
4100.0,:655375233_8,5
4100.0,:655375238_3,1
4100.0,:cluster_2528018119_655375236_17,1
4100.0,:cluster_2528018119_655375236_31,1
4100.0,E1,1
4120.0,-300077497#5,20
4120.0,-300077497#8,4
4120.0,-593847703#3,31
4120.0,-E0,19
4120.0,1068234498#0,31
4120.0,1068440004#1,33
4120.0,182334378#0,2
4120.0,196961377#3,1
4120.0,238526531#0,26
4120.0,244450512#1,1
4120.0,288878926#0,3
4120.0,300077497#6,4
4120.0,30620492#0,18
4120.0,30620492#1,5
4120.0,484988951#0,4
4120.0,506322844#0,5
4120.0,51362429#0,17
4120.0,593849711#0,1
4120.0,594658757#0,4
4120.0,594658760#0,1
4120.0,:3086736518_0,2
4120.0,:3086736518_6,1
4120.0,:655375232_2,4
4120.0,:655375233_0,2
4120.0,:655375233_4,3
4120.0,:655375233_8,5
4120.0,:cluster622618015_622618108_622618112_622618144_#2more_0,1
4120.0,:cluster_2528018119_655375236_17,1
4140.0,-300077497#5,23
4140.0,-51362429#1,1
4140.0,-593847703#3,25
4140.0,-E0,19
4140.0,1068234498#0,35
4140.0,1068440004#1,33
4140.0,182334378#0,2
4140.0,238526531#0,26
4140.0,244450512#1,1
4140.0,288878926#0,1
4140.0,300077497#6,4
4140.0,30620492#0,18
4140.0,30620492#1,5
4140.0,484988951#0,4
4140.0,49073226#2,1
4140.0,506322844#0,5
4140.0,51362429#0,17
4140.0,593847702#0,5
4140.0,593847704#0,2
4140.0,594658757#0,4
4140.0,594658760#0,1
4140.0,:3086736518_0,2
4140.0,:3086736518_6,1
4140.0,:655375232_2,4
4140.0,:655375233_0,2
4140.0,:655375233_4,2
4140.0,:655375233_8,3
4140.0,:cluster_3431431575_4777363357_655375231_6982059025_3,2
4160.0,-300077497#5,26
4160.0,-300077497#8,3
4160.0,-35274074#2,6
4160.0,-593847703#3,25
4160.0,-E0,19
4160.0,1068234498#0,35
4160.0,1068440004#1,29
4160.0,182334378#0,2
4160.0,238526531#0,19
4160.0,244450512#1,1
4160.0,288878926#0,1
4160.0,300077497#6,4
4160.0,30620492#0,18
4160.0,30620492#1,4
4160.0,484988951#0,4
4160.0,49073226#2,4
4160.0,49073272#1,3
4160.0,49073272#3,1
4160.0,506322844#0,3
4160.0,51362429#0,17
4160.0,593847702#0,2
4160.0,593847704#0,2
4160.0,593849718#0,1
4160.0,594658757#0,4
4160.0,:3086736518_0,2
4160.0,:3086736518_4,1
4160.0,:3086736518_6,1
4160.0,:655375232_2,4
4160.0,:655375233_0,2
4160.0,:655375233_4,1
4160.0,:655375233_8,3
4160.0,:655375238_5,1
4160.0,:655375239_5,1
4160.0,:cluster622618015_622618108_622618112_622618144_#2more_31,2
4160.0,:cluster_2038168688_655375573_25,1
4180.0,-300077497#5,27
4180.0,-300077497#8,4
4180.0,-35274074#2,10
4180.0,-593847703#3,25
4180.0,-E0,18
4180.0,1068234498#0,35
4180.0,1068440004#1,34
4180.0,182334378#0,2
4180.0,238526531#0,14
4180.0,244450512#1,1
4180.0,288878926#0,1
4180.0,300077497#6,2
4180.0,30620492#0,17
4180.0,30620492#1,5
4180.0,484988951#0,4
4180.0,49073226#2,4
4180.0,49073264#0,1
4180.0,49073272#1,2
4180.0,49073272#3,3
4180.0,506322844#0,5
4180.0,51362429#0,17
4180.0,593847702#0,4
4180.0,593847704#0,1
4180.0,594658757#0,3
4180.0,:3086736518_0,2
4180.0,:3086736518_4,1
4180.0,:3086736518_6,1
4180.0,:655375232_2,4
4180.0,:655375233_0,2
4180.0,:655375233_4,1
4180.0,:655375233_8,1
4180.0,:655375239_3,1
4200.0,-300077497#5,19
4200.0,-300077497#8,4
4200.0,-35274074#2,2
4200.0,-49073264#1,1
4200.0,-593847703#3,31
4200.0,-E0,19
4200.0,1068234498#0,30
4200.0,1068440004#1,34
4200.0,182334378#0,2
4200.0,238526531#0,16
4200.0,288135626#0,1
4200.0,300077497#0,2
4200.0,300077497#6,2
4200.0,30620492#0,18
4200.0,30620492#1,5
4200.0,360018417,5
4200.0,484988951#0,3
4200.0,49073226#2,4
4200.0,506322844#0,5
4200.0,51362429#0,16
4200.0,593847702#0,4
4200.0,593847703#0,1
4200.0,593847705,1
4200.0,594658757#0,2
4200.0,:3086736518_0,2
4200.0,:3086736518_4,1
4200.0,:3086736518_6,1
4200.0,:655375232_2,2
4200.0,:655375233_0,2
4200.0,:655375233_4,1
4200.0,:655375233_8,1
4200.0,:655375239_3,1
4200.0,:cluster_2528018119_655375236_17,1
4200.0,:cluster_2528018119_655375236_19,1
4200.0,:cluster_2528018119_655375236_3,1
4200.0,:cluster_5372642442_631668976_631668981_631669076_45,2
4220.0,-300077497#5,19
4220.0,-300077497#8,1
4220.0,-49073264#1,1
4220.0,-593847703#3,33
4220.0,-E0,19
4220.0,1068234498#0,21
4220.0,1068234499#0,1
4220.0,1068440004#1,34
4220.0,182334378#0,4
4220.0,196961377#3,1
4220.0,238526531#0,24
4220.0,288135626#0,1
4220.0,300077497#0,2
4220.0,300077497#6,4
4220.0,30620492#0,18
4220.0,30620492#1,5
4220.0,35274074#0,1
4220.0,484988951#0,4
4220.0,49073226#2,4
4220.0,506322844#0,5
4220.0,51362429#0,17
4220.0,593847702#0,4
4220.0,593849711#0,1
4220.0,594658757#0,2
4220.0,:3086736518_0,2
4220.0,:3086736518_4,1
4220.0,:3086736518_6,1
4220.0,:655375232_2,2
4220.0,:655375233_0,3
4220.0,:655375233_4,1
4220.0,:655375233_8,1
4220.0,:655375238_1,1
4220.0,:655375238_5,1
4220.0,:cluster622618015_622618108_622618112_622618144_#2more_49,3
4220.0,:cluster_5372642442_631668976_631668981_631669076_22,1
4220.0,:cluster_5372642442_631668976_631668981_631669076_45,2
4240.0,-300077497#5,22
4240.0,-300077497#8,1
4240.0,-35274074#2,3
4240.0,-49073264#1,1
4240.0,-51362429#1,1
4240.0,-593847703#3,25
4240.0,-E0,19
4240.0,1068234498#0,22
4240.0,1068234499#0,1
4240.0,1068440004#1,34
4240.0,182334378#0,4
4240.0,186602412#0,1
4240.0,238526531#0,19
4240.0,300077497#0,2
4240.0,300077497#6,4
4240.0,30620492#0,18
4240.0,30620492#1,5
4240.0,35274074#0,3
4240.0,484988951#0,4
4240.0,49073226#2,4
4240.0,506322844#0,2
4240.0,506322848#0,2
4240.0,51362429#0,17
4240.0,593847702#0,2
4240.0,593847703#0,3
4240.0,593849718#0,3
4240.0,594658757#0,2
4240.0,:3086736518_0,2
4240.0,:3086736518_4,1
4240.0,:3086736518_6,1
4240.0,:655375232_2,2
4240.0,:655375232_8,1
4240.0,:655375233_4,4
4240.0,:655375238_5,1
4240.0,:655375239_5,1
4240.0,:cluster622618015_622618108_622618112_622618144_#2more_31,1
4240.0,:cluster_2038168688_655375573_8,1
4240.0,:cluster_2038168688_655375573_9,1
4240.0,:cluster_2528018119_655375236_12,1
4240.0,:cluster_2528018119_655375236_29,1
4240.0,:cluster_3431431575_4777363357_655375231_6982059025_3,2
4240.0,:cluster_9383263990_9383263991_9383263992_9383263993_7,2
4260.0,-1334905223#2,2
4260.0,-300077497#5,27
4260.0,-300077497#8,3
4260.0,-35274074#2,10
4260.0,-51362429#1,2
4260.0,-593847703#3,25
4260.0,-E0,19
4260.0,1068234498#0,29
4260.0,1068440004#1,28
4260.0,182334378#0,4
4260.0,238526531#0,10
4260.0,263217604#0,1
4260.0,300077497#0,5
4260.0,300077497#6,4
4260.0,30620492#0,18
4260.0,30620492#1,5
4260.0,35274074#0,3
4260.0,484988951#0,4
4260.0,49073226#2,7
4260.0,49073272#3,1
4260.0,506322844#0,3
4260.0,51362429#0,17
4260.0,593847703#0,3
4260.0,594658757#0,2
4260.0,:3086736518_0,2
4260.0,:3086736518_4,2
4260.0,:3086736518_6,1
4260.0,:655375232_2,2
4260.0,:655375233_4,2
4260.0,:655375233_8,6
4260.0,:655375241_0,2
4260.0,:cluster622618015_622618108_622618112_622618144_#2more_17,1
4280.0,-300077497#5,23
4280.0,-300077497#8,3
4280.0,-35274074#2,10
4280.0,-51362429#1,2
4280.0,-593847703#3,27
4280.0,-E0,19
4280.0,1068234498#0,35
4280.0,1068440004#1,33
4280.0,182334378#0,4
4280.0,238526531#0,8
4280.0,263217604#0,1
4280.0,300077497#0,2
4280.0,300077497#6,1
4280.0,30620492#0,18
4280.0,30620492#1,5
4280.0,360018417,1
4280.0,484988951#0,4
4280.0,49073226#2,7
4280.0,506322844#0,5
4280.0,51362429#0,17
4280.0,594658757#0,2
4280.0,:3086736518_0,2
4280.0,:3086736518_4,2
4280.0,:3086736518_6,1
4280.0,:655375232_2,2
4280.0,:655375233_4,2
4280.0,:655375233_8,6
4280.0,:655375238_3,1
4280.0,:655375239_3,1
4280.0,:cluster_2038168688_655375573_23,1
4280.0,:cluster_2038168688_655375573_24,1
4280.0,:cluster_2038168688_655375573_3,1
4280.0,:cluster_2528018119_655375236_17,2
4280.0,:cluster_2528018119_655375236_4,1
4300.0,-300077497#5,22
4300.0,-300077497#8,3
4300.0,-35274074#2,6
4300.0,-51362429#1,2
4300.0,-593847703#3,30
4300.0,-E0,19
4300.0,1068234498#0,27
4300.0,1068234499#0,2
4300.0,1068440004#1,34
4300.0,182334378#0,4
4300.0,182334379#0,1
4300.0,186602412#0,2
4300.0,196961377#3,1
4300.0,238526531#0,12
4300.0,244450512#4,1
4300.0,300077497#6,2
4300.0,30620492#0,18
4300.0,30620492#1,5
4300.0,35274074#0,2
4300.0,484988951#0,4
4300.0,49073226#2,7
4300.0,506322844#0,5
4300.0,51362429#0,14
4300.0,593847704#0,1
4300.0,594658757#0,1
4300.0,:1973482489_8,1
4300.0,:2444664370_0,1
4300.0,:3086736518_0,3
4300.0,:3086736518_4,2
4300.0,:3086736518_6,1
4300.0,:655375232_2,2
4300.0,:655375233_0,2
4300.0,:655375233_4,2
4300.0,:655375233_8,6
4300.0,:655375238_3,1
4300.0,:cluster_5372642442_631668976_631668981_631669076_26,1
4300.0,:cluster_5372642442_631668976_631668981_631669076_45,1
4320.0,-300077497#5,24
4320.0,-35274074#2,5
4320.0,-51362429#1,2
4320.0,-593847703#3,31
4320.0,-E0,19
4320.0,1068234498#0,23
4320.0,1068234499#0,3
4320.0,1068440004#1,34
4320.0,182334378#0,4
4320.0,238526531#0,18
4320.0,244450512#5,1
4320.0,288135626#0,1
4320.0,288878926#0,5
4320.0,300077497#6,4
4320.0,30620492#0,18
4320.0,30620492#1,5
4320.0,484988951#0,4
4320.0,49073226#2,1
4320.0,506322844#0,5
4320.0,506322846#0,1
4320.0,51362429#0,14
4320.0,593847704#0,1
4320.0,594658757#0,1
4320.0,:1973482489_3,1
4320.0,:3086736518_0,3
4320.0,:3086736518_4,2
4320.0,:3086736518_6,1
4320.0,:655375232_2,2
4320.0,:655375233_0,2
4320.0,:655375233_4,2
4320.0,:655375233_8,6
4320.0,:cluster_5372642442_631668976_631668981_631669076_22,1
4320.0,:cluster_5372642442_631668976_631668981_631669076_45,1
4320.0,:cluster_623980147_623980152_9,1
4340.0,-1334905223#2,1
4340.0,-300077497#5,26
4340.0,-300077497#8,3
4340.0,-35274074#2,11
4340.0,-51362429#1,3
4340.0,-593847703#3,26
4340.0,-E0,19
4340.0,1068234498#0,26
4340.0,1068440004#1,34
4340.0,182334378#0,4
4340.0,238526531#0,7
4340.0,244450512#5,1
4340.0,288878926#0,8
4340.0,300077497#0,4
4340.0,300077497#6,4
4340.0,30620492#0,18
4340.0,30620492#1,5
4340.0,484988951#0,4
4340.0,49073226#2,1
4340.0,506322840#0,2
4340.0,506322844#0,3
4340.0,51362429#0,16
4340.0,593847704#0,1
4340.0,594658757#0,1
4340.0,:3086736518_0,3
4340.0,:3086736518_3,1
4340.0,:3086736518_6,1
4340.0,:655375232_2,2
4340.0,:655375232_8,1
4340.0,:655375233_0,2
4340.0,:655375233_2,1
4340.0,:655375233_4,3
4340.0,:655375233_8,6
4340.0,:655375238_5,1
4340.0,:655375239_5,1
4340.0,:655375241_0,1
4340.0,:cluster_2038168688_655375573_25,1
4340.0,:cluster_2528018119_655375236_29,1
4340.0,:cluster_9383263990_9383263991_9383263992_9383263993_7,1
4360.0,-300077497#5,27
4360.0,-300077497#8,4
4360.0,-35274074#2,12
4360.0,-593847703#3,25
4360.0,-E0,19
4360.0,1068234498#0,34
4360.0,1068440004#1,32
4360.0,1239087514,1
4360.0,182334378#0,1
4360.0,232003903#0,1
4360.0,238526531#0,7
4360.0,244450512#5,1
4360.0,288878926#0,12
4360.0,300077497#0,2
4360.0,300077497#6,2
4360.0,30620492#0,18
4360.0,30620492#1,5
4360.0,484988951#0,4
4360.0,49073226#2,2
4360.0,49073272#3,1
4360.0,506322844#0,5
4360.0,51362429#0,17
4360.0,593847702#0,6
4360.0,594658757#0,1
4360.0,:3086736518_0,3
4360.0,:3086736518_4,1
4360.0,:3086736518_6,1
4360.0,:655375232_2,2
4360.0,:655375233_0,2
4360.0,:655375233_4,1
4360.0,:655375233_8,4
4360.0,:655375238_0,1
4360.0,:655375239_3,1
4360.0,:cluster622618015_622618108_622618112_622618144_#2more_42,1
4380.0,-300077497#5,22
4380.0,-300077497#8,4
4380.0,-35274074#2,6
4380.0,-49073264#1,1
4380.0,-593847703#3,29
4380.0,-E0,19
4380.0,1068234498#0,32
4380.0,1068440004#1,31
4380.0,182334378#0,2
4380.0,232003903#0,1
4380.0,238526531#0,9
4380.0,288135626#0,2
4380.0,288878926#0,11
4380.0,300077497#6,3
4380.0,30620492#0,18
4380.0,30620492#1,5
4380.0,360018417,1
4380.0,484988951#0,5
4380.0,49073226#2,1
4380.0,506322844#0,5
4380.0,51362429#0,17
4380.0,51362430,1
4380.0,593847702#0,10
4380.0,593849711#0,2
4380.0,594658757#0,1
4380.0,:3086736518_0,3
4380.0,:3086736518_4,1
4380.0,:3086736518_6,1
4380.0,:655375232_2,2
4380.0,:655375233_0,2
4380.0,:655375233_4,1
4380.0,:655375233_8,2
4380.0,:655375238_3,1
4380.0,:cluster_5372642442_631668976_631668981_631669076_22,1
4380.0,:cluster_5372642442_631668976_631668981_631669076_45,1
4400.0,-300077497#5,21
4400.0,-300077497#8,1
4400.0,-35274074#2,6
4400.0,-49073264#1,1
4400.0,-593847703#3,30
4400.0,-E0,19
4400.0,1068234498#0,25
4400.0,1068234499#0,3
4400.0,1068440004#1,34
4400.0,182334378#0,3
4400.0,232003903#0,1
4400.0,238526531#0,15
4400.0,288878926#0,5
4400.0,300077497#6,4
4400.0,30620492#0,18
4400.0,30620492#1,5
4400.0,484988951#0,5
4400.0,49073226#2,1
4400.0,506322844#0,5
4400.0,51362429#0,15
4400.0,51362430,1
4400.0,593847702#0,12
4400.0,593847703#0,2
4400.0,593849711#0,1
4400.0,:3086736518_0,2
4400.0,:3086736518_4,1
4400.0,:3086736518_6,1
4400.0,:655375232_2,3
4400.0,:655375233_0,2
4400.0,:655375233_4,1
4400.0,:655375238_5,1
4400.0,:cluster622618015_622618108_622618112_622618144_#2more_49,1
4400.0,:cluster_2528018119_655375236_17,1
4400.0,:cluster_5372642442_631668976_631668981_631669076_26,1
4400.0,:cluster_5372642442_631668976_631668981_631669076_45,2
4420.0,-300077497#5,24
4420.0,-300077497#8,1
4420.0,-35274074#2,8
4420.0,-49073264#1,1
4420.0,-593847703#3,31
4420.0,-E0,19
4420.0,1068234498#0,25
4420.0,1068440004#1,34
4420.0,182334378#0,3
4420.0,232003903#0,1
4420.0,238526531#0,15
4420.0,288878926#0,5
4420.0,300077497#0,2
4420.0,300077497#6,4
4420.0,30620492#0,18
4420.0,30620492#1,5
4420.0,484988951#0,2
4420.0,49073226#2,1
4420.0,49073272#1,1
4420.0,49073272#3,1
4420.0,506322844#0,2
4420.0,506322848#0,2
4420.0,51362429#0,11
4420.0,593847702#0,3
4420.0,593847703#0,15
4420.0,593849718#0,1
4420.0,:3086736518_0,1
4420.0,:3086736518_4,1
4420.0,:3086736518_6,1
4420.0,:655375232_2,1
4420.0,:655375233_4,1
4420.0,:655375238_5,1
4420.0,:655375239_5,1
4420.0,:cluster622618015_622618108_622618112_622618144_#2more_31,6
4420.0,:cluster_2038168688_655375573_25,1
4420.0,:cluster_2528018119_655375236_12,1
4420.0,:cluster_2528018119_655375236_29,1
4420.0,:cluster_3431431575_4777363357_655375231_6982059025_7,1
4440.0,-1334905223#2,1
4440.0,-300077497#5,27
4440.0,-300077497#8,4
4440.0,-35274074#2,12
4440.0,-51362429#1,1
4440.0,-593847703#3,27
4440.0,-E0,19
4440.0,1068234498#0,29
4440.0,1068440004#1,34
4440.0,182334378#0,3
4440.0,232003903#0,1
4440.0,238526531#0,9
4440.0,263217604#0,1
4440.0,288878926#0,5
4440.0,300077497#0,4
4440.0,300077497#6,4
4440.0,30620492#0,18
4440.0,30620492#1,5
4440.0,484988951#0,4
4440.0,49073226#2,3
4440.0,49073272#3,2
4440.0,506322840#0,1
4440.0,506322844#0,4
4440.0,51362429#0,11
4440.0,593847703#0,15
4440.0,:3086736518_0,1
4440.0,:3086736518_6,1
4440.0,:655375232_2,1
4440.0,:655375232_8,1
4440.0,:655375233_4,4
4440.0,:655375241_0,1
4440.0,:cluster622618015_622618108_622618112_622618144_#2more_17,1
4460.0,-300077497#5,25
4460.0,-300077497#8,4
4460.0,-35274074#2,10
4460.0,-51362429#1,4
4460.0,-593847703#3,27
4460.0,-E0,19
4460.0,1068234498#0,33
4460.0,1068440004#1,32
4460.0,182334378#0,3
4460.0,238526531#0,9
4460.0,263217604#0,1
4460.0,288878926#0,5
4460.0,300077497#0,2
4460.0,300077497#6,2
4460.0,30620492#0,18
4460.0,30620492#1,5
4460.0,360018417,1
4460.0,484988951#0,3
4460.0,49073226#2,7
4460.0,506322844#0,5
4460.0,51362429#0,13
4460.0,51362430,1
4460.0,593847703#0,12
4460.0,:3086736518_0,1
4460.0,:3086736518_6,1
4460.0,:3208478121_3,1
4460.0,:655375232_2,1
4460.0,:655375233_8,2
4460.0,:cluster_2528018119_655375236_3,1
4460.0,E1,1
4480.0,-300077497#5,22
4480.0,-300077497#8,4
4480.0,-35274074#2,6
4480.0,-51362429#1,4
4480.0,-593847703#3,28
4480.0,-E0,19
4480.0,1068234498#0,25
4480.0,1068234499#0,3
4480.0,1068440004#1,25
4480.0,182334378#0,3
4480.0,196961377#3,2
4480.0,238526531#0,13
4480.0,288135626#0,2
4480.0,300077497#0,8
4480.0,300077497#6,2
4480.0,30620492#0,17
4480.0,30620492#1,5
4480.0,35274074#0,2
4480.0,484988951#0,4
4480.0,49073226#2,7
4480.0,506322844#0,5
4480.0,51362429#0,13
4480.0,593847702#0,10
4480.0,593847703#0,2
4480.0,593849711#0,1
4480.0,594658760#0,1
4480.0,:3086736518_0,1
4480.0,:3086736518_6,1
4480.0,:655375232_2,1
4480.0,:655375238_1,1
4480.0,:cluster_2528018119_655375236_17,1
4480.0,:cluster_2528018119_655375236_19,1
4480.0,:cluster_2528018119_655375236_3,2
4480.0,:cluster_5372642442_631668976_631668981_631669076_45,2
4500.0,-300077497#5,24
4500.0,-300077497#8,1
4500.0,-35274074#2,6
4500.0,-51362429#1,4
4500.0,-593847703#3,30
4500.0,-E0,18
4500.0,1068234498#0,22
4500.0,1068234499#0,5
4500.0,1068440004#1,32
4500.0,182334378#0,4
4500.0,186602412#0,1
4500.0,238526531#0,20
4500.0,300077497#0,8
4500.0,300077497#6,2
4500.0,30620492#0,18
4500.0,30620492#1,5
4500.0,35274074#0,4
4500.0,484988951#0,4
4500.0,49073226#2,7
4500.0,506322844#0,5
4500.0,506322846#0,2
4500.0,51362429#0,15
4500.0,593847702#0,10
4500.0,593847704#0,2
4500.0,594658760#0,1
4500.0,:1973482489_3,1
4500.0,:3086736518_0,1
4500.0,:3086736518_6,1
4500.0,:655375232_2,1
4500.0,:cluster_5372642442_631668976_631668981_631669076_45,2
4520.0,-300077497#5,27
4520.0,-300077497#8,4
4520.0,-35274074#2,12
4520.0,-51362429#1,4
4520.0,-593847703#3,30
4520.0,-E0,19
4520.0,1068234498#0,24
4520.0,1068440004#1,34
4520.0,1239087512,1
4520.0,1239087514,1
4520.0,186602412#0,2
4520.0,238526531#0,13
4520.0,263217604#0,1
4520.0,300077497#0,10
4520.0,300077497#6,2
4520.0,30620492#0,18
4520.0,30620492#1,5
4520.0,35274074#0,5
4520.0,484988951#0,3
4520.0,49073226#2,7
4520.0,506322840#0,1
4520.0,506322844#0,3
4520.0,506322848#0,1
4520.0,51362429#0,9
4520.0,593847701,1
4520.0,593847703#0,6
4520.0,593847704#0,2
4520.0,593847705,1
4520.0,593849718#0,4
4520.0,594658760#0,1
4520.0,:3086736518_6,1
4520.0,:655375232_2,2
4520.0,:655375233_0,3
4520.0,:655375238_1,1
4520.0,:655375238_6,1
4520.0,:cluster655375336_end_0_655375336_end_1_655375336_end_10_655375336_end_11_#8more_6,1
4520.0,:cluster_3431431575_4777363357_655375231_6982059025_7,1
4520.0,:cluster_9383263990_9383263991_9383263992_9383263993_7,1
4540.0,-300077497#5,27
4540.0,-300077497#8,4
4540.0,-35274074#2,12
4540.0,-51362429#1,4
4540.0,-593847703#3,28
4540.0,-E0,19
4540.0,1068234498#0,27
4540.0,1068440004#1,34
4540.0,238526531#0,13
4540.0,263217604#0,1
4540.0,288878926#0,1
4540.0,300077497#0,2
4540.0,300077497#6,1
4540.0,30620492#0,18
4540.0,30620492#1,5
4540.0,35274074#0,12
4540.0,484988951#0,5
4540.0,49073226#2,6
4540.0,49073264#0,1
4540.0,506322844#0,5
4540.0,51362429#0,12
4540.0,51362430,1
4540.0,593847701,1
4540.0,593847703#0,7
4540.0,593847705,1
4540.0,593849718#0,1
4540.0,594658760#0,1
4540.0,:3086736518_6,1
4540.0,:655375232_2,2
4540.0,:655375233_4,2
4540.0,:655375238_0,1
4540.0,:655375239_3,1
4540.0,:cluster_623980147_623980152_4,1
4560.0,-300077497#5,21
4560.0,-300077497#8,4
4560.0,-35274074#2,6
4560.0,-49073264#1,1
4560.0,-51362429#1,5
4560.0,-593847703#3,26
4560.0,-E0,19
4560.0,1068234498#0,27
4560.0,1068440004#1,34
4560.0,182334378#0,1
4560.0,238526531#0,15
4560.0,288135626#0,3
4560.0,288878926#0,5
4560.0,300077497#0,5
4560.0,300077497#6,2
4560.0,30620492#0,18
4560.0,30620492#1,5
4560.0,484988951#0,5
4560.0,49073226#2,4
4560.0,506322844#0,5
4560.0,506322846#0,8
4560.0,51362429#0,13
4560.0,593847701,1
4560.0,593847705,1
4560.0,593849711#0,1
4560.0,594658757#0,1
4560.0,594658760#0,1
4560.0,:3086736518_4,1
4560.0,:3086736518_6,1
4560.0,:655375232_2,2
4560.0,:cluster_2038168688_655375573_23,1
4560.0,:cluster_2038168688_655375573_24,1
4560.0,:cluster_2038168688_655375573_3,1
4560.0,:cluster_2038168688_655375573_6,1
4560.0,:cluster_2528018119_655375236_17,1
4560.0,:cluster_2528018119_655375236_19,1
4560.0,:cluster_2528018119_655375236_3,1
4560.0,:cluster_3431431575_4777363357_655375231_6982059025_3,1
4560.0,:cluster_5372642442_631668976_631668981_631669076_45,2
4560.0,:cluster_623980147_623980152_9,1
4560.0,E1,1
4580.0,-300077497#5,23
4580.0,-300077497#8,1
4580.0,-35274074#2,5
4580.0,-49073264#1,1
4580.0,-593847703#3,27
4580.0,-E0,19
4580.0,1068234498#0,22
4580.0,1068234499#0,3
4580.0,1068440004#1,23
4580.0,182334378#0,1
4580.0,186602412#0,4
4580.0,238526531#0,22
4580.0,288878926#0,5
4580.0,300077497#0,3
4580.0,300077497#6,3
4580.0,30620492#0,18
4580.0,30620492#1,5
4580.0,484988951#0,2
4580.0,49073226#2,4
4580.0,506322844#0,5
4580.0,506322846#0,5
4580.0,51362429#0,15
4580.0,593847701,1
4580.0,593847702#0,11
4580.0,593847705,1
4580.0,594658757#0,1
4580.0,594658760#0,1
4580.0,:1973482489_8,1
4580.0,:3086736518_4,1
4580.0,:3086736518_6,1
4580.0,:655375232_2,2
4580.0,:655375238_1,1
4580.0,:655375238_5,1
4580.0,:cluster_2038168688_655375573_23,1
4580.0,:cluster_2038168688_655375573_3,1
4580.0,:cluster_3431431575_4777363357_655375231_6982059025_3,2
4580.0,:cluster_3431431575_4777363357_655375231_6982059025_7,2
4580.0,:cluster_5372642442_631668976_631668981_631669076_26,1
4580.0,:cluster_5372642442_631668976_631668981_631669076_45,2
4600.0,-300077497#5,25
4600.0,-300077497#8,2
4600.0,-35274074#2,8
4600.0,-49073264#1,1
4600.0,-593847703#3,27
4600.0,-E0,19
4600.0,1068234498#0,20
4600.0,1068234499#0,2
4600.0,1068440004#1,29
4600.0,182334378#0,1
4600.0,186602412#0,5
4600.0,238526531#0,19
4600.0,288878926#0,11
4600.0,300077497#0,2
4600.0,300077497#6,3
4600.0,30620492#0,18
4600.0,30620492#1,5
4600.0,35274074#0,4
4600.0,484988951#0,4
4600.0,49073226#2,2
4600.0,506322844#0,2
4600.0,506322848#0,2
4600.0,51362429#0,16
4600.0,593847701,1
4600.0,593847702#0,3
4600.0,593847705,1
4600.0,593849718#0,3
4600.0,594658757#0,1
4600.0,594658760#0,1
4600.0,:1973482489_3,1
4600.0,:3086736518_4,1
4600.0,:3086736518_6,1
4600.0,:655375232_2,2
4600.0,:655375238_5,1
4600.0,:655375239_5,1
4600.0,:cluster622618015_622618108_622618112_622618144_#2more_31,5
4600.0,:cluster_2038168688_655375573_9,1
4600.0,:cluster_2528018119_655375236_29,1
4600.0,:cluster_9383263990_9383263991_9383263992_9383263993_7,2
4620.0,-1334905223#2,2
4620.0,-300077497#5,27
4620.0,-300077497#8,4
4620.0,-35274074#2,12
4620.0,-593847703#3,27
4620.0,-E0,19
4620.0,1068234498#0,25
4620.0,1068440004#1,33
4620.0,238526531#0,11
4620.0,263217604#0,1
4620.0,288878926#0,11
4620.0,300077497#0,5
4620.0,300077497#6,4
4620.0,30620492#0,18
4620.0,30620492#1,5
4620.0,35274074#0,4
4620.0,484988951#0,3
4620.0,49073226#2,2
4620.0,506322840#0,1
4620.0,506322844#0,6
4620.0,51362429#0,8
4620.0,593847703#0,7
4620.0,594658757#0,1
4620.0,594658760#0,1
4620.0,:3086736518_0,2
4620.0,:3086736518_4,1
4620.0,:3086736518_6,1
4620.0,:655375232_2,1
4620.0,:655375233_0,3
4620.0,:655375241_0,2
4620.0,:cluster622618015_622618108_622618112_622618144_#2more_17,1
4620.0,:cluster655375336_end_0_655375336_end_1_655375336_end_10_655375336_end_11_#8more_6,1
4620.0,:cluster_3431431575_4777363357_655375231_6982059025_5,1
4640.0,-300077497#5,23
4640.0,-300077497#8,4
4640.0,-35274074#2,10
4640.0,-593847703#3,29
4640.0,-E0,19
4640.0,1068234498#0,33
4640.0,1068440004#1,33
4640.0,238526531#0,11
4640.0,263217604#0,1
4640.0,288878926#0,11
4640.0,300077497#0,2
4640.0,300077497#6,1
4640.0,30620492#0,18
4640.0,30620492#1,5
4640.0,484988951#0,4
4640.0,49073226#2,2
4640.0,506322844#0,6
4640.0,506322846#0,1
4640.0,51362429#0,11
4640.0,51362430,1
4640.0,593847703#0,7
4640.0,594658757#0,1
4640.0,594658760#0,1
4640.0,:3086736518_0,1
4640.0,:3086736518_4,1
4640.0,:3086736518_6,1
4640.0,:655375238_3,1
4640.0,:655375239_3,1
4640.0,:cluster_2038168688_655375573_23,1
4640.0,:cluster_2038168688_655375573_3,1
4640.0,:cluster_2038168688_655375573_6,1
4640.0,:cluster_2528018119_655375236_17,2
4640.0,:cluster_2528018119_655375236_3,2
4660.0,-300077497#5,23
4660.0,-300077497#8,4
4660.0,-35274074#2,7
4660.0,-51362429#1,3
4660.0,-593847703#3,25
4660.0,-E0,19
4660.0,1068234498#0,22
4660.0,1068234499#0,2
4660.0,1068440004#1,33
4660.0,186602412#0,3
4660.0,238526531#0,14
4660.0,244450512#4,1
4660.0,288135626#0,6
4660.0,288878926#0,5
4660.0,300077497#0,8
4660.0,300077497#6,2
4660.0,30620492#0,18
4660.0,30620492#1,5
4660.0,35274074#0,2
4660.0,484988951#0,3
4660.0,49073226#2,4
4660.0,506322844#0,6
4660.0,51362429#0,13
4660.0,593849711#0,2
4660.0,594658757#0,1
4660.0,594658760#0,1
4660.0,:1973482489_3,1
4660.0,:3086736518_0,1
4660.0,:3086736518_6,1
4660.0,:655375232_8,1
4660.0,:655375238_6,1
4660.0,:cluster_3431431575_4777363357_655375231_6982059025_3,1
4660.0,:cluster_3431431575_4777363357_655375231_6982059025_5,1
4660.0,:cluster_5372642442_631668976_631668981_631669076_45,2
4680.0,-300077497#5,25
4680.0,-35274074#2,7
4680.0,-51362429#1,2
4680.0,-593847703#3,26
4680.0,-E0,19
4680.0,1068234498#0,22
4680.0,1068234499#0,8
4680.0,1068440004#1,22
4680.0,182334378#0,1
4680.0,238526531#0,22
4680.0,244450512#5,1
4680.0,288135626#0,1
4680.0,288878926#0,3
4680.0,300077497#0,6
4680.0,300077497#6,2
4680.0,30620492#0,18
4680.0,30620492#1,5
4680.0,35274074#0,2
4680.0,484988951#0,3
4680.0,49073226#2,7
4680.0,506322844#0,6
4680.0,506322846#0,2
4680.0,51362429#0,15
4680.0,593847702#0,10
4680.0,594658757#0,1
4680.0,594658760#0,1
4680.0,:1973482489_3,1
4680.0,:3086736518_0,1
4680.0,:3086736518_6,1
4680.0,:655375233_8,1
4680.0,:cluster_3431431575_4777363357_655375231_6982059025_7,1
4680.0,:cluster_5372642442_631668976_631668981_631669076_45,1
4700.0,-300077497#5,26
4700.0,-300077497#8,3
4700.0,-35274074#2,12
4700.0,-51362429#1,2
4700.0,-593847703#3,26
4700.0,-E0,19
4700.0,1068234498#0,26
4700.0,1068234499#0,1
4700.0,1068440004#1,28
4700.0,238526531#0,15
4700.0,244450512#5,1
4700.0,263217604#0,3
4700.0,288878926#0,3
4700.0,300077497#0,7
4700.0,300077497#6,2
4700.0,30620492#0,18
4700.0,30620492#1,5
4700.0,35274074#0,6
4700.0,484988951#0,4
4700.0,49073226#2,8
4700.0,49073264#0,1
4700.0,506322840#0,1
4700.0,506322844#0,2
4700.0,51362429#0,15
4700.0,51362430,1
4700.0,593849718#0,7
4700.0,594658757#0,1
4700.0,594658760#0,1
4700.0,:3086736518_0,1
4700.0,:3086736518_6,1
4700.0,:655375238_1,1
4700.0,:655375238_5,1
4700.0,:655375239_5,1
4700.0,:655375241_0,2
4700.0,:cluster622618015_622618108_622618112_622618144_#2more_31,2
4700.0,:cluster622618015_622618108_622618112_622618144_#2more_34,1
4700.0,:cluster_2528018119_655375236_12,1
4700.0,:cluster_2528018119_655375236_29,1
4720.0,-300077497#5,27
4720.0,-300077497#8,4
4720.0,-35274074#2,12
4720.0,-49073264#1,1
4720.0,-51362429#1,2
4720.0,-593847703#3,26
4720.0,-E0,19
4720.0,1068234498#0,30
4720.0,1068440004#1,33
4720.0,238526531#0,15
4720.0,244450512#5,1
4720.0,263217604#0,4
4720.0,288878926#0,3
4720.0,300077497#0,4
4720.0,300077497#6,2
4720.0,30620492#0,18
4720.0,30620492#1,5
4720.0,35274074#0,8
4720.0,484988951#0,3
4720.0,49073226#2,8
4720.0,506322844#0,8
4720.0,51362429#0,10
4720.0,593847703#0,3
4720.0,593847704#0,1
4720.0,594658757#0,1
4720.0,594658760#0,1
4720.0,:655375232_2,4
4720.0,:655375233_0,2
4720.0,:655375238_0,1
4720.0,:655375239_3,1
4720.0,:cluster622618015_622618108_622618112_622618144_#2more_17,1
4720.0,:cluster_3431431575_4777363357_655375231_6982059025_5,1
4740.0,-300077497#5,23
4740.0,-300077497#8,4
4740.0,-35274074#2,7
4740.0,-51362429#1,2
4740.0,-593847703#3,30
4740.0,-E0,19
4740.0,1068234498#0,29
4740.0,1068440004#1,33
4740.0,238526531#0,16
4740.0,288135626#0,1
4740.0,288878926#0,1
4740.0,300077497#0,4
4740.0,300077497#6,2
4740.0,30620492#0,18
4740.0,30620492#1,5
4740.0,360843888,1
4740.0,484988951#0,2
4740.0,49073226#2,9
4740.0,506322844#0,8
4740.0,506322846#0,8
4740.0,51362429#0,12
4740.0,51362430,1
4740.0,593847703#0,2
4740.0,593847704#0,1
4740.0,593849711#0,2
4740.0,594658757#0,2
4740.0,594658760#0,2
4740.0,:3086736518_0,1
4740.0,:655375232_2,2
4740.0,:655375238_3,1
4740.0,:cluster3086736522_655375108_655375247_655375401_#1more_17,1
4740.0,:cluster_2528018119_655375236_3,2
4740.0,:cluster_3431431575_4777363357_655375231_6982059025_5,1
4740.0,:cluster_5372642442_631668976_631668981_631669076_26,1
4740.0,:cluster_5372642442_631668976_631668981_631669076_45,2
4760.0,-300077497#5,23
4760.0,-300077497#8,1
4760.0,-35274074#2,7
4760.0,-51362429#1,5
4760.0,-593847703#3,23
4760.0,-E0,19
4760.0,1068234498#0,20
4760.0,1068234499#0,1
4760.0,1068440004#1,33
4760.0,186602412#0,4
4760.0,238526531#0,24
4760.0,288135626#0,2
4760.0,300077497#0,3
4760.0,300077497#6,3
4760.0,30620492#0,18
4760.0,30620492#1,5
4760.0,360843888,2
4760.0,484988951#0,3
4760.0,49073226#2,9
4760.0,506322844#0,8
4760.0,506322846#0,2
4760.0,51362429#0,13
4760.0,593847704#0,1
4760.0,594658757#0,2
4760.0,594658760#0,2
4760.0,:1973482489_3,1
4760.0,:3086736518_0,1
4760.0,:3086736518_4,1
4760.0,:655375232_2,2
4760.0,:655375232_8,1
4760.0,:655375233_4,2
4760.0,:655375238_1,1
4760.0,:655375238_5,1
4760.0,:cluster_2038168688_655375573_3,1
4760.0,:cluster_2528018119_655375236_17,1
4760.0,:cluster_3431431575_4777363357_655375231_6982059025_5,1
4760.0,:cluster_5372642442_631668976_631668981_631669076_26,1
4760.0,:cluster_5372642442_631668976_631668981_631669076_45,1
4780.0,-300077497#5,25
4780.0,-300077497#8,2
4780.0,-35274074#2,9
4780.0,-51362429#1,8
4780.0,-593847703#3,24
4780.0,-E0,19
4780.0,1068234498#0,20
4780.0,1068440004#1,25
4780.0,186602412#0,2
4780.0,238526531#0,20
4780.0,263217604#0,4
4780.0,288878926#0,3
4780.0,300077497#0,2
4780.0,300077497#6,4
4780.0,30620492#0,17
4780.0,30620492#1,5
4780.0,35274074#0,4
4780.0,360843888,2
4780.0,484988951#0,3
4780.0,49073226#2,5
4780.0,506322844#0,2
4780.0,506322848#0,2
4780.0,51362429#0,16
4780.0,593847702#0,6
4780.0,593847704#0,1
4780.0,594658757#0,2
4780.0,594658760#0,1
4780.0,:3086736518_0,1
4780.0,:655375232_2,2
4780.0,:655375233_8,3
4780.0,:655375239_5,1
4780.0,:cluster_2038168688_655375573_8,1
4780.0,:cluster_2038168688_655375573_9,1
4780.0,:cluster_2528018119_655375236_29,1
4780.0,:cluster_3431431575_4777363357_655375231_6982059025_3,1
4780.0,:cluster_3431431575_4777363357_655375231_6982059025_7,1
4780.0,:cluster_623980147_623980152_4,1
4780.0,:cluster_9383263990_9383263991_9383263992_9383263993_7,2
4800.0,-1334905223#2,2
4800.0,-300077497#5,27
4800.0,-300077497#8,4
4800.0,-35274074#2,12
4800.0,-51362429#1,1
4800.0,-593847703#3,24
4800.0,-E0,19
4800.0,1068234498#0,28
4800.0,1068440004#1,27
4800.0,238526531#0,13
4800.0,263217604#0,5
4800.0,288878926#0,10
4800.0,300077497#0,3
4800.0,300077497#6,4
4800.0,30620492#0,18
4800.0,30620492#1,5
4800.0,35274074#0,4
4800.0,360843888,2
4800.0,484988951#0,4
4800.0,49073226#2,5
4800.0,49073264#0,1
4800.0,506322840#0,3
4800.0,506322844#0,4
4800.0,51362429#0,17
4800.0,593847702#0,8
4800.0,593849718#0,2
4800.0,594658757#0,2
4800.0,:3086736518_0,1
4800.0,:655375232_2,2
4800.0,:655375241_0,1
4800.0,:cluster622618015_622618108_622618112_622618144_#2more_39,1
4800.0,:cluster_3431431575_4777363357_655375231_6982059025_3,3
4820.0,-300077497#5,24
4820.0,-300077497#8,4
4820.0,-35274074#2,8
4820.0,-593847703#3,25
4820.0,-E0,18
4820.0,1068234498#0,33
4820.0,1068440004#1,33
4820.0,182334378#0,1
4820.0,238526531#0,13
4820.0,244450512#4,1
4820.0,244450512#5,1
4820.0,263217604#0,5
4820.0,288878926#0,13
4820.0,300077497#6,1
4820.0,30620492#0,18
4820.0,30620492#1,4
4820.0,484988951#0,4
4820.0,49073226#2,6
4820.0,506322842#0,1
4820.0,506322844#0,5
4820.0,506322846#0,1
4820.0,51362429#0,13
4820.0,593847702#0,8
4820.0,593847703#0,1
4820.0,594658757#0,2
4820.0,:3086736518_0,2
4820.0,:3086736518_6,1
4820.0,:655375232_2,3
4820.0,:655375233_0,1
4820.0,:655375238_3,1
4820.0,:655375239_3,1
4820.0,:cluster622618015_622618108_622618112_622618144_#2more_17,1
4820.0,:cluster_2038168688_655375573_23,1
4820.0,:cluster_2038168688_655375573_3,1
4820.0,:cluster_2038168688_655375573_6,1
4820.0,:cluster_2528018119_655375236_17,1
4820.0,E1,1
4840.0,-300077497#5,24
4840.0,-300077497#8,4
4840.0,-35274074#2,3
4840.0,-593847703#3,26
4840.0,-E0,19
4840.0,1068234498#0,27
4840.0,1068234499#0,2
4840.0,1068440004#1,33
4840.0,186602412#0,2
4840.0,238526531#0,18
4840.0,244450512#4,1
4840.0,244450512#5,2
4840.0,288878926#0,7
4840.0,300077497#0,4
4840.0,300077497#6,4
4840.0,30620492#0,16
4840.0,30620492#1,5
4840.0,484988951#0,4
4840.0,49073226#2,6
4840.0,506322842#0,1
4840.0,506322844#0,6
4840.0,506322846#0,1
4840.0,51362429#0,13
4840.0,51362430,1
4840.0,593847702#0,8
4840.0,593847703#0,5
4840.0,593849711#0,1
4840.0,594658757#0,4
4840.0,:1973482489_8,1
4840.0,:3086736518_0,1
4840.0,:3086736518_6,1
4840.0,:cluster622618015_622618108_622618112_622618144_#2more_0,1
4840.0,:cluster_2528018119_655375236_3,2
4840.0,:cluster_2664674491_655375287_655375288_1,2
4840.0,:cluster_5372642442_631668976_631668981_631669076_26,1
4840.0,:cluster_5372642442_631668976_631668981_631669076_45,2
4840.0,:cluster_9383263990_9383263991_9383263992_9383263993_13,1
4860.0,-300077497#5,26
4860.0,-300077497#8,1
4860.0,-35274074#2,3
4860.0,-51362429#1,1
4860.0,-593847703#3,22
4860.0,-E0,19
4860.0,1068234498#0,22
4860.0,1068234499#0,2
4860.0,1068440004#1,33
4860.0,238526531#0,26
4860.0,244450512#4,1
4860.0,244450512#5,3
4860.0,288135626#0,1
4860.0,288878926#0,5
4860.0,300077497#0,7
4860.0,300077497#6,4
4860.0,30620492#0,18
4860.0,30620492#1,5
4860.0,35274074#0,2
4860.0,484988951#0,4
4860.0,49073226#2,6
4860.0,506322842#0,1
4860.0,506322844#0,6
4860.0,51362429#0,14
4860.0,593847702#0,8
4860.0,594658757#0,4
4860.0,:3086736518_0,1
4860.0,:3086736518_6,1
4860.0,:3208478128_0,1
4860.0,:655375232_8,1
4860.0,:655375233_4,2
4860.0,:655375238_1,1
4860.0,:cluster_5372642442_631668976_631668981_631669076_45,1
4860.0,:cluster_9383263990_9383263991_9383263992_9383263993_13,1
4880.0,-300077497#5,26
4880.0,-300077497#8,3
4880.0,-35274074#2,9
4880.0,-51362429#1,4
4880.0,-593847703#3,21
4880.0,-E0,19
4880.0,1068234498#0,26
4880.0,1068440004#1,27
4880.0,238526531#0,12
4880.0,244450512#4,1
4880.0,244450512#5,3
4880.0,263217604#0,1
4880.0,288878926#0,5
4880.0,300077497#0,4
4880.0,300077497#6,4
4880.0,30620492#0,18
4880.0,30620492#1,5
4880.0,35274074#0,8
4880.0,484988951#0,4
4880.0,49073226#2,7
4880.0,506322840#0,3
4880.0,506322844#0,5
4880.0,51362429#0,15
4880.0,593847702#0,2
4880.0,593849718#0,3
4880.0,594658757#0,3
4880.0,:3086736518_0,1
4880.0,:3086736518_6,1
4880.0,:3208478128_0,1
4880.0,:655375233_8,4
4880.0,:655375238_1,1
4880.0,:655375238_5,1
4880.0,:655375241_0,3
4880.0,:cluster_2038168688_655375573_25,1
4880.0,:cluster_2038168688_655375573_9,1
4880.0,:cluster_5372642442_631668976_631668981_631669076_36,1
4880.0,:cluster_9383263990_9383263991_9383263992_9383263993_7,1
4900.0,-300077497#5,27
4900.0,-300077497#8,4
4900.0,-35274074#2,12
4900.0,-51362429#1,4
4900.0,-593847703#3,21
4900.0,-E0,19
4900.0,1068234498#0,33
4900.0,1068234499#0,1
4900.0,1068440004#1,23
4900.0,238526531#0,10
4900.0,244450512#4,1
4900.0,244450512#5,3
4900.0,263217604#0,1
4900.0,288878926#0,5
4900.0,300077497#0,1
4900.0,300077497#6,1
4900.0,30620492#0,18
4900.0,30620492#1,5
4900.0,35274074#0,10
4900.0,484988951#0,4
4900.0,49073226#2,7
4900.0,506322844#0,5
4900.0,51362429#0,16
4900.0,593847702#0,12
4900.0,594658757#0,3
4900.0,:3086736518_0,1
4900.0,:3086736518_6,1
4900.0,:3208478128_0,1
4900.0,:655375238_0,1
4900.0,:655375239_3,1
4900.0,:655375241_0,1
4920.0,-300077497#5,23
4920.0,-300077497#8,4
4920.0,-35274074#2,5
4920.0,-51362429#1,4
4920.0,-593847703#3,24
4920.0,-E0,19
4920.0,1068234498#0,29
4920.0,1068234499#0,1
4920.0,1068440004#1,31
4920.0,1239087514,1
4920.0,238526531#0,11
4920.0,288135626#0,3
4920.0,288878926#0,3
4920.0,300077497#6,2
4920.0,30620492#0,17
4920.0,30620492#1,5
4920.0,484988951#0,4
4920.0,49073226#2,8
4920.0,506322844#0,7
4920.0,506322846#0,9
4920.0,51362429#0,15
4920.0,51362430,4
4920.0,593847702#0,12
4920.0,593849711#0,1
4920.0,594658757#0,4
4920.0,:3086736518_6,1
4920.0,:655375232_2,2
4920.0,:655375233_0,1
4920.0,:655375238_3,1
4920.0,:cluster655375336_end_0_655375336_end_1_655375336_end_10_655375336_end_11_#8more_6,1
4920.0,:cluster_2038168688_655375573_23,1
4920.0,:cluster_5372642442_631668976_631668981_631669076_22,2
4920.0,:cluster_5372642442_631668976_631668981_631669076_26,1
4920.0,:cluster_5372642442_631668976_631668981_631669076_45,1
4920.0,:cluster_9383263990_9383263991_9383263992_9383263993_13,1
4940.0,-300077497#5,21
4940.0,-35274074#2,4
4940.0,-51362429#1,4
4940.0,-593847703#3,27
4940.0,-E0,19
4940.0,1068234498#0,23
4940.0,1068234499#0,6
4940.0,1068440004#1,31
4940.0,186602412#0,4
4940.0,232003903#0,1
4940.0,238526531#0,19
4940.0,300077497#0,1
4940.0,300077497#6,4
4940.0,30620492#0,18
4940.0,30620492#1,5
4940.0,484988951#0,4
4940.0,49073226#2,8
4940.0,506322844#0,7
4940.0,506322846#0,3
4940.0,51362429#0,11
4940.0,51362430,2
4940.0,593847702#0,12
4940.0,593847703#0,7
4940.0,593847704#0,1
4940.0,594658757#0,4
4940.0,:1973482489_3,1
4940.0,:3086736518_0,2
4940.0,:655375233_0,1
4940.0,:655375238_5,2
4940.0,:cluster_2528018119_655375236_17,1
4940.0,:cluster_2528018119_655375236_26,1
4940.0,:cluster_5372642442_631668976_631668981_631669076_22,1
4940.0,:cluster_5372642442_631668976_631668981_631669076_45,2
4940.0,:cluster_9383263990_9383263991_9383263992_9383263993_13,1
4960.0,-300077497#5,24
4960.0,-300077497#8,1
4960.0,-35274074#2,7
4960.0,-51362429#1,4
4960.0,-593847703#3,25
4960.0,-E0,19
4960.0,1068234498#0,23
4960.0,1068234499#0,3
4960.0,1068440004#1,31
4960.0,186602412#0,1
4960.0,232003903#0,1
4960.0,238526531#0,17
4960.0,263217604#0,2
4960.0,300077497#0,2
4960.0,300077497#6,4
4960.0,30620492#0,18
4960.0,30620492#1,5
4960.0,484988951#0,2
4960.0,49073226#2,10
4960.0,506322844#0,3
4960.0,506322848#0,2
4960.0,51362429#0,12
4960.0,593847702#0,4
4960.0,593847703#0,7
4960.0,593847704#0,1
4960.0,593849718#0,3
4960.0,594658757#0,4
4960.0,:3086736518_0,2
4960.0,:655375233_4,3
4960.0,:655375238_1,1
4960.0,:655375238_5,1
4960.0,:655375239_5,1
4960.0,:cluster622618015_622618108_622618112_622618144_#2more_31,5
4960.0,:cluster_2038168688_655375573_8,1
4960.0,:cluster_2528018119_655375236_12,1
4960.0,:cluster_2528018119_655375236_29,1
4960.0,:cluster_3431431575_4777363357_655375231_6982059025_7,2
4960.0,:cluster_9383263990_9383263991_9383263992_9383263993_7,1
4980.0,-300077497#5,27
4980.0,-300077497#8,4
4980.0,-35274074#2,12
4980.0,-51362429#1,9
4980.0,-593847703#3,22
4980.0,-E0,19
4980.0,1068234498#0,30
4980.0,1068440004#1,29
4980.0,232003903#0,1
4980.0,238526531#0,12
4980.0,263217604#0,2
4980.0,300077497#0,6
4980.0,300077497#6,4
4980.0,30620492#0,18
4980.0,30620492#1,5
4980.0,35274074#0,1
4980.0,484988951#0,4
4980.0,49073226#2,13
4980.0,506322844#0,5
4980.0,51362429#0,14
4980.0,593847703#0,7
4980.0,594658757#0,4
4980.0,:3086736518_0,2
4980.0,:655375233_4,1
4980.0,:655375233_8,2
4980.0,:655375241_0,1
4980.0,:cluster622618015_622618108_622618112_622618144_#2more_39,1
4980.0,:cluster622618015_622618108_622618112_622618144_#2more_42,1
5000.0,-300077497#5,24
5000.0,-300077497#8,4
5000.0,-35274074#2,11
5000.0,-49073264#1,1
5000.0,-51362429#1,9
5000.0,-593847703#3,23
5000.0,-E0,19
5000.0,1068234498#0,34
5000.0,1068440004#1,24
5000.0,238526531#0,12
5000.0,263217604#0,2
5000.0,300077497#0,2
5000.0,300077497#6,1
5000.0,30620492#0,18
5000.0,30620492#1,5
5000.0,484988951#0,3
5000.0,49073226#2,13
5000.0,506322844#0,5
5000.0,51362429#0,15
5000.0,51362430,1
5000.0,593847703#0,3
5000.0,594658757#0,4
5000.0,:3086736518_0,2
5000.0,:655375233_4,1
5000.0,:655375233_8,7
5000.0,:655375238_3,1
5000.0,:655375239_3,1
5000.0,:cluster_2038168688_655375573_23,1
5000.0,:cluster_2528018119_655375236_17,1
5000.0,:cluster_2528018119_655375236_19,1
5000.0,:cluster_2528018119_655375236_3,2
5000.0,:cluster_3431431575_4777363357_655375231_6982059025_5,1
5020.0,-300077497#5,24
5020.0,-300077497#8,4
5020.0,-35274074#2,7
5020.0,-49073264#1,1
5020.0,-51362429#1,7
5020.0,-593847703#3,24
5020.0,-E0,18
5020.0,1068234498#0,25
5020.0,1068234499#0,2
5020.0,1068440004#1,24
5020.0,182334378#0,1
5020.0,186602412#0,1
5020.0,238526531#0,17
5020.0,288878926#0,3
5020.0,300077497#0,5
5020.0,300077497#6,3
5020.0,30620492#0,18
5020.0,30620492#1,5
5020.0,35274074#0,2
5020.0,484988951#0,4
5020.0,49073226#2,8
5020.0,506322844#0,5
5020.0,51362429#0,17
5020.0,593849711#0,1
5020.0,594658757#0,5
5020.0,594658760#0,1
5020.0,:3086736518_0,2
5020.0,:3086736518_6,1
5020.0,:655375233_4,1
5020.0,:655375233_8,7
5020.0,:cluster622618015_622618108_622618112_622618144_#2more_0,1
5020.0,:cluster_3431431575_4777363357_655375231_6982059025_3,1
5020.0,:cluster_5372642442_631668976_631668981_631669076_26,1
5020.0,:cluster_5372642442_631668976_631668981_631669076_45,2
5020.0,:cluster_623980147_623980152_4,1
5040.0,-300077497#5,25
5040.0,-300077497#8,1
5040.0,-35274074#2,7
5040.0,-49073264#1,1
5040.0,-51362429#1,3
5040.0,-593847703#3,25
5040.0,-E0,19
5040.0,1068234498#0,21
5040.0,1068234499#0,3
5040.0,1068440004#1,24
5040.0,238526531#0,25
5040.0,288878926#0,8
5040.0,300077497#0,2
5040.0,300077497#6,3
5040.0,30620492#0,18
5040.0,30620492#1,5
5040.0,35274074#0,2
5040.0,484988951#0,3
5040.0,49073226#2,5
5040.0,506322844#0,5
5040.0,506322846#0,2
5040.0,51362429#0,13
5040.0,51362430,1
5040.0,593847704#0,1
5040.0,594658757#0,5
5040.0,594658760#0,1
5040.0,:3086736518_0,2
5040.0,:3086736518_6,1
5040.0,:655375232_2,5
5040.0,:655375233_0,1
5040.0,:655375233_4,1
5040.0,:655375233_8,7
5040.0,:655375238_6,1
5040.0,:cluster655375336_end_0_655375336_end_1_655375336_end_10_655375336_end_11_#8more_6,1
5040.0,:cluster_3431431575_4777363357_655375231_6982059025_3,2
5040.0,:cluster_3431431575_4777363357_655375231_6982059025_7,1
5040.0,:cluster_5372642442_631668976_631668981_631669076_45,1
5060.0,-300077497#5,26
5060.0,-300077497#8,4
5060.0,-35274074#2,12
5060.0,-49073264#1,1
5060.0,-593847703#3,23
5060.0,-E0,19
5060.0,1068234498#0,25
5060.0,1068440004#1,25
5060.0,186602412#0,1
5060.0,238526531#0,19
5060.0,288878926#0,13
5060.0,300077497#0,3
5060.0,300077497#6,3
5060.0,30620492#0,18
5060.0,30620492#1,5
5060.0,35274074#0,5
5060.0,484988951#0,4
5060.0,49073226#2,6
5060.0,506322840#0,2
5060.0,506322844#0,4
5060.0,51362429#0,15
5060.0,51362430,1
5060.0,593847704#0,1
5060.0,594658757#0,5
5060.0,:3086736518_0,2
5060.0,:3086736518_4,1
5060.0,:3086736518_6,1
5060.0,:655375232_2,5
5060.0,:655375233_0,1
5060.0,:655375233_2,1
5060.0,:655375233_4,1
5060.0,:655375233_8,7
5060.0,:655375238_5,1
5080.0,-300077497#5,27
5080.0,-300077497#8,4
5080.0,-35274074#2,12
5080.0,-51362429#1,5
5080.0,-593847703#3,20
5080.0,-E0,19
5080.0,1068234498#0,27
5080.0,1068440004#1,25
5080.0,238526531#0,18
5080.0,288878926#0,13
5080.0,300077497#6,2
5080.0,30620492#0,18
5080.0,30620492#1,5
5080.0,35274074#0,5
5080.0,484988951#0,5
5080.0,49073226#2,6
5080.0,49073272#3,1
5080.0,506322844#0,5
5080.0,51362429#0,15
5080.0,593847702#0,6
5080.0,594658757#0,5
5080.0,:3086736518_0,2
5080.0,:3086736518_6,1
5080.0,:655375232_2,5
5080.0,:655375233_0,1
5080.0,:655375233_8,2
5080.0,:655375238_0,1
5080.0,:655375239_3,1
5100.0,-300077497#5,27
5100.0,-300077497#8,4
5100.0,-35274074#2,4
5100.0,-51362429#1,4
5100.0,-593847703#3,20
5100.0,-E0,19
5100.0,1068234498#0,25
5100.0,1068440004#1,17
5100.0,238526531#0,19
5100.0,288135626#0,2
5100.0,288878926#0,11
5100.0,300077497#0,1
5100.0,300077497#6,2
5100.0,30620492#0,18
5100.0,30620492#1,5
5100.0,360018417,1
5100.0,484988951#0,3
5100.0,49073226#2,7
5100.0,506322844#0,5
5100.0,506322846#0,5
5100.0,51362429#0,17
5100.0,593847702#0,16
5100.0,593849711#0,1
5100.0,594658757#0,5
5100.0,:3086736518_0,2
5100.0,:3086736518_6,1
5100.0,:655375232_2,5
5100.0,:655375238_3,1
5100.0,:cluster_5372642442_631668976_631668981_631669076_22,1
5100.0,:cluster_5372642442_631668976_631668981_631669076_26,1
5100.0,:cluster_5372642442_631668976_631668981_631669076_45,2
5100.0,E1,1
5120.0,-300077497#5,26
5120.0,-300077497#8,4
5120.0,-35274074#2,3
5120.0,-51362429#1,4
5120.0,-593847703#3,21
5120.0,-E0,19
5120.0,1068234498#0,22
5120.0,1068234499#0,4
5120.0,1068440004#1,17
5120.0,186602412#0,3
5120.0,238526531#0,26
5120.0,288878926#0,5
5120.0,300077497#6,4
5120.0,30620492#0,18
5120.0,30620492#1,5
5120.0,35274074#0,1
5120.0,484988951#0,4
5120.0,49073226#2,8
5120.0,506322844#0,5
5120.0,51362429#0,17
5120.0,593847702#0,16
5120.0,594658757#0,5
5120.0,:3086736518_0,2
5120.0,:3086736518_6,1
5120.0,:655375232_2,5
5120.0,:cluster622618015_622618108_622618112_622618144_#2more_49,1
5120.0,:cluster_5372642442_631668976_631668981_631669076_45,1
5140.0,-300077497#5,26
5140.0,-300077497#8,3
5140.0,-35274074#2,6
5140.0,-51362429#1,4
5140.0,-593847703#3,21
5140.0,-E0,19
5140.0,1068234498#0,23
5140.0,1068440004#1,17
5140.0,238526531#0,22
5140.0,288878926#0,5
5140.0,300077497#0,2
5140.0,300077497#6,4
5140.0,30620492#0,18
5140.0,30620492#1,5
5140.0,484988951#0,3
5140.0,49073226#2,8
5140.0,49073272#1,1
5140.0,506322844#0,5
5140.0,506322848#0,1
5140.0,51362429#0,12
5140.0,593847702#0,7
5140.0,593847703#0,7
5140.0,593849718#0,2
5140.0,594658757#0,5
5140.0,:1973482489_8,1
5140.0,:3086736518_0,1
5140.0,:3086736518_6,1
5140.0,:655375232_2,2
5140.0,:655375233_0,3
5140.0,:655375238_5,1
5140.0,:cluster622618015_622618108_622618112_622618144_#2more_29,1
5140.0,:cluster622618015_622618108_622618112_622618144_#2more_31,5
5140.0,:cluster_2038168688_655375573_8,1
5140.0,:cluster_2528018119_655375236_12,1
5140.0,:cluster_2528018119_655375236_29,1
5140.0,:cluster_3431431575_4777363357_655375231_6982059025_5,1
5140.0,:cluster_9383263990_9383263991_9383263992_9383263993_7,1
5160.0,-300077497#5,27
5160.0,-300077497#8,4
5160.0,-35274074#2,12
5160.0,-51362429#1,4
5160.0,-593847703#3,21
5160.0,-E0,19
5160.0,1068234498#0,28
5160.0,1068440004#1,17
5160.0,238526531#0,17
5160.0,288878926#0,5
5160.0,300077497#0,4
5160.0,300077497#6,4
5160.0,30620492#0,18
5160.0,30620492#1,5
5160.0,484988951#0,4
5160.0,49073226#2,9
5160.0,49073272#3,2
5160.0,506322844#0,5
5160.0,51362429#0,15
5160.0,593847703#0,10
5160.0,593847705,1
5160.0,594658757#0,5
5160.0,:3086736518_0,1
5160.0,:3086736518_6,1
5160.0,:655375232_2,1
5180.0,-300077497#5,27
5180.0,-300077497#8,4
5180.0,-35274074#2,9
5180.0,-51362429#1,8
5180.0,-593847703#3,14
5180.0,-E0,19
5180.0,1068234498#0,32
5180.0,1068440004#1,17
5180.0,238526531#0,17
5180.0,288878926#0,5
5180.0,300077497#0,2
5180.0,300077497#6,2
5180.0,30620492#0,18
5180.0,30620492#1,5
5180.0,360018417,1
5180.0,484988951#0,4
5180.0,49073226#2,9
5180.0,506322844#0,5
5180.0,51362429#0,16
5180.0,593847702#0,1
5180.0,593847703#0,6
5180.0,593847704#0,1
5180.0,593847705,1
5180.0,594658757#0,5
5180.0,:3086736518_0,1
5180.0,:3086736518_6,1
5180.0,:3208478121_3,1
5180.0,:655375232_2,1
5180.0,:655375238_3,1
5180.0,:cluster_2528018119_655375236_3,2
5200.0,-300077497#5,23
5200.0,-300077497#8,4
5200.0,-35274074#2,6
5200.0,-51362429#1,8
5200.0,-593847703#3,18
5200.0,-E0,19
5200.0,1068234498#0,26
5200.0,1068234499#0,1
5200.0,1068440004#1,6
5200.0,196961377#3,2
5200.0,238526531#0,22
5200.0,300077497#0,7
5200.0,300077497#6,2
5200.0,30620492#0,18
5200.0,30620492#1,5
5200.0,35274074#0,2
5200.0,484988951#0,3
5200.0,49073226#2,9
5200.0,506322844#0,5
5200.0,51362429#0,17
5200.0,593847702#0,12
5200.0,593847704#0,1
5200.0,593847705,1
5200.0,593849711#0,1
5200.0,594658757#0,4
5200.0,:3086736518_0,1
5200.0,:3086736518_6,1
5200.0,:655375232_2,1
5200.0,:655375238_1,1
5200.0,:cluster_5372642442_631668976_631668981_631669076_26,1
5200.0,:cluster_5372642442_631668976_631668981_631669076_45,2
5220.0,-300077497#5,25
5220.0,-300077497#8,1
5220.0,-35274074#2,6
5220.0,-51362429#1,8
5220.0,-593847703#3,18
5220.0,-E0,19
5220.0,1068234498#0,19
5220.0,1068234499#0,1
5220.0,1068440004#1,6
5220.0,238526531#0,30
5220.0,288135626#0,1
5220.0,300077497#0,2
5220.0,300077497#6,2
5220.0,30620492#0,16
5220.0,30620492#1,4
5220.0,35274074#0,1
5220.0,484988951#0,4
5220.0,49073226#2,9
5220.0,506322844#0,5
5220.0,506322846#0,3
5220.0,51362429#0,17
5220.0,593847702#0,12
5220.0,593847704#0,1
5220.0,593847705,1
5220.0,594658757#0,4
5220.0,:1973482489_3,1
5220.0,:2749340167_0,1
5220.0,:3086736518_0,1
5220.0,:3086736518_6,1
5220.0,:655375232_2,1
5220.0,:655375238_1,1
5220.0,:655375238_5,1
5220.0,:cluster_2038168688_655375573_23,1
5220.0,:cluster_2038168688_655375573_3,1
5220.0,:cluster_5372642442_631668976_631668981_631669076_45,2
5240.0,-1334905223#2,1
5240.0,-300077497#5,27
5240.0,-300077497#8,4
5240.0,-35274074#2,11
5240.0,-49073264#1,1
5240.0,-51362429#1,8
5240.0,-593847703#3,18
5240.0,-E0,19
5240.0,1068234498#0,26
5240.0,1068440004#1,6
5240.0,186602412#0,4
5240.0,238526531#0,17
5240.0,300077497#0,2
5240.0,300077497#6,3
5240.0,30620492#0,17
5240.0,30620492#1,5
5240.0,35274074#0,4
5240.0,484988951#0,4
5240.0,49073226#2,8
5240.0,506322840#0,3
5240.0,506322844#0,6
5240.0,506322846#0,1
5240.0,506322848#0,3
5240.0,51362429#0,10
5240.0,593847703#0,3
5240.0,593847704#0,1
5240.0,593849718#0,6
5240.0,594658757#0,4
5240.0,:3086736518_0,1
5240.0,:3086736518_6,1
5240.0,:655375232_2,3
5240.0,:655375233_0,3
5240.0,:655375241_0,1
5240.0,:cluster_623980147_623980152_9,1
5240.0,:cluster_9383263990_9383263991_9383263992_9383263993_7,1
5260.0,-1334905223#2,2
5260.0,-300077497#5,27
5260.0,-300077497#8,4
5260.0,-35274074#2,10
5260.0,-51362429#1,5
5260.0,-593847703#3,18
5260.0,-E0,19
5260.0,1068234498#0,32
5260.0,1068234499#0,1
5260.0,1068440004#1,6
5260.0,238526531#0,16
5260.0,263217604#0,1
5260.0,288878926#0,7
5260.0,300077497#6,1
5260.0,30620492#0,18
5260.0,30620492#1,5
5260.0,35274074#0,4
5260.0,484988951#0,4
5260.0,49073226#2,4
5260.0,49073272#3,1
5260.0,506322844#0,5
5260.0,51362429#0,13
5260.0,593847703#0,10
5260.0,593847704#0,1
5260.0,593847705,1
5260.0,594658757#0,4
5260.0,:3086736518_0,2
5260.0,:655375232_2,1
5260.0,:655375238_3,1
5260.0,:655375239_3,2
5260.0,:cluster_623980147_623980152_4,1
5280.0,-300077497#5,22
5280.0,-300077497#8,4
5280.0,-35274074#2,3
5280.0,-51362429#1,6
5280.0,-593847703#3,17
5280.0,-E0,19
5280.0,1068234498#0,31
5280.0,1068234499#0,1
5280.0,1068440004#1,6
5280.0,238526531#0,17
5280.0,288135626#0,3
5280.0,288878926#0,10
5280.0,300077497#0,6
5280.0,300077497#6,2
5280.0,30620492#0,18
5280.0,30620492#1,5
5280.0,360018417,1
5280.0,484988951#0,3
5280.0,506322844#0,5
5280.0,506322846#0,4
5280.0,51362429#0,14
5280.0,593847705,1
5280.0,593849711#0,1
5280.0,594658757#0,4
5280.0,594658760#0,1
5280.0,:3086736518_0,2
5280.0,:3086736518_3,1
5280.0,:655375232_2,1
5280.0,:cluster_2528018119_655375236_19,2
5280.0,:cluster_2528018119_655375236_3,2
5280.0,:cluster_3431431575_4777363357_655375231_6982059025_3,2
5280.0,:cluster_3431431575_4777363357_655375231_6982059025_5,1
5280.0,:cluster_5372642442_631668976_631668981_631669076_22,1
5280.0,:cluster_5372642442_631668976_631668981_631669076_26,1
5280.0,:cluster_5372642442_631668976_631668981_631669076_45,2
5280.0,E1,1
5300.0,-300077497#5,19
5300.0,-300077497#8,1
5300.0,-35274074#2,3
5300.0,-593847703#3,21
5300.0,-E0,19
5300.0,1068234498#0,24
5300.0,1068234499#0,6
5300.0,186602412#0,3
5300.0,232003903#0,1
5300.0,238526531#0,25
5300.0,288878926#0,8
5300.0,300077497#0,6
5300.0,300077497#6,2
5300.0,30620492#0,18
5300.0,30620492#1,5
5300.0,484988951#0,3
5300.0,49073226#2,4
5300.0,506322844#0,5
5300.0,506322846#0,1
5300.0,51362429#0,16
5300.0,593847702#0,6
5300.0,593847704#0,1
5300.0,593847705,1
5300.0,594658757#0,4
5300.0,594658760#0,1
5300.0,:3086736518_0,2
5300.0,:655375232_2,1
5300.0,:655375238_1,1
5300.0,:655375238_5,1
5300.0,:cluster622618015_622618108_622618112_622618144_#2more_49,1
5300.0,:cluster655375336_end_0_655375336_end_1_655375336_end_10_655375336_end_11_#8more_6,1
5300.0,:cluster_2528018119_655375236_31,1
5300.0,:cluster_5372642442_631668976_631668981_631669076_22,1
5300.0,:cluster_5372642442_631668976_631668981_631669076_26,1
5300.0,:cluster_5372642442_631668976_631668981_631669076_45,1
5320.0,-300077497#5,22
5320.0,-300077497#8,1
5320.0,-35274074#2,6
5320.0,-593847703#3,22
5320.0,-E0,19
5320.0,1068234498#0,23
5320.0,1068234499#0,4
5320.0,182334378#0,1
5320.0,186602412#0,1
5320.0,232003903#0,2
5320.0,238526531#0,22
5320.0,288878926#0,8
5320.0,300077497#0,5
5320.0,300077497#6,2
5320.0,30620492#0,18
5320.0,30620492#1,5
5320.0,35274074#0,3
5320.0,484988951#0,4
5320.0,49073226#2,4
5320.0,49073272#1,1
5320.0,506322844#0,2
5320.0,506322848#0,1
5320.0,51362429#0,16
5320.0,593847704#0,1
5320.0,593847705,1
5320.0,593849718#0,3
5320.0,594658757#0,4
5320.0,594658760#0,1
5320.0,:2444664370_0,1
5320.0,:3086736518_0,2
5320.0,:655375232_2,1
5320.0,:655375238_1,1
5320.0,:655375238_5,1
5320.0,:655375239_5,1
5320.0,:cluster622618015_622618108_622618112_622618144_#2more_31,2
5320.0,:cluster_2038168688_655375573_8,1
5320.0,:cluster_2528018119_655375236_12,1
5320.0,:cluster_2528018119_655375236_29,1
5320.0,:cluster_9383263990_9383263991_9383263992_9383263993_7,1
5340.0,-300077497#5,27
5340.0,-300077497#8,4
5340.0,-35274074#2,12
5340.0,-593847703#3,22
5340.0,-E0,18
5340.0,1068234498#0,28
5340.0,182334378#0,1
5340.0,232003903#0,2
5340.0,238526531#0,17
5340.0,288878926#0,8
5340.0,300077497#0,11
5340.0,300077497#6,2
5340.0,30620492#0,18
5340.0,30620492#1,5
5340.0,35274074#0,4
5340.0,484988951#0,4
5340.0,49073226#2,4
5340.0,49073272#3,1
5340.0,506322844#0,3
5340.0,51362429#0,14
5340.0,593847703#0,1
5340.0,593847704#0,1
5340.0,594658757#0,4
5340.0,594658760#0,1
5340.0,:3086736518_0,1
5340.0,:3086736518_6,1
5340.0,:655375232_2,3
5340.0,:655375233_0,2
5340.0,:655375238_6,1
5340.0,:cluster622618015_622618108_622618112_622618144_#2more_37,1
5360.0,-300077497#5,23
5360.0,-300077497#8,4
5360.0,-35274074#2,12
5360.0,-593847703#3,24
5360.0,-E0,19
5360.0,1068234498#0,32
5360.0,182334378#0,1
5360.0,238526531#0,17
5360.0,288878926#0,8
5360.0,300077497#0,3
5360.0,300077497#6,1
5360.0,30620492#0,18
5360.0,30620492#1,5
5360.0,35274074#0,3
5360.0,360018417,1
5360.0,484988951#0,4
5360.0,49073226#2,4
5360.0,49073272#3,1
5360.0,506322844#0,5
5360.0,506322846#0,1
5360.0,51362429#0,13
5360.0,51362430,2
5360.0,593847703#0,4
5360.0,593847705,1
5360.0,594658757#0,3
5360.0,:3086736518_6,1
5360.0,:3208478121_3,1
5360.0,:655375232_2,2
5360.0,:655375238_0,1
5360.0,:655375239_3,1
5360.0,:cluster655375336_end_0_655375336_end_1_655375336_end_10_655375336_end_11_#8more_17,1
5360.0,:cluster_2038168688_655375573_23,1
5360.0,:cluster_2038168688_655375573_3,1
5360.0,:cluster_2038168688_655375573_6,1
5360.0,:cluster_2528018119_655375236_17,1
5360.0,:cluster_2528018119_655375236_19,1
5360.0,:cluster_2528018119_655375236_3,1
5360.0,E1,1
5380.0,-300077497#5,19
5380.0,-300077497#8,4
5380.0,-35274074#2,10
5380.0,-51362429#1,1
5380.0,-593847703#3,21
5380.0,-E0,20
5380.0,1068234498#0,27
5380.0,1068234499#0,2
5380.0,182334378#0,2
5380.0,186602412#0,2
5380.0,196961377#3,3
5380.0,238526531#0,22
5380.0,288135626#0,2
5380.0,288878926#0,2
5380.0,300077497#0,3
5380.0,300077497#6,2
5380.0,30620492#0,18
5380.0,30620492#1,5
5380.0,35274074#0,1
5380.0,484988951#0,3
5380.0,49073226#2,4
5380.0,506322844#0,5
5380.0,506322846#0,4
5380.0,51362429#0,15
5380.0,593847705,1
5380.0,593849711#0,1
5380.0,594658757#0,3
5380.0,:1973482489_8,1
5380.0,:3086736518_4,1
5380.0,:3086736518_6,1
5380.0,:655375232_2,2
5380.0,:655375232_8,1
5380.0,:655375233_4,3
5380.0,:655375238_1,1
5380.0,:655375238_6,1
5380.0,:cluster622618015_622618108_622618112_622618144_#2more_0,1
5380.0,:cluster_2528018119_655375236_17,2
5380.0,:cluster_3431431575_4777363357_655375231_6982059025_5,1
5380.0,:cluster_5372642442_631668976_631668981_631669076_45,2
5400.0,-300077497#5,23
5400.0,-35274074#2,10
5400.0,-51362429#1,3
5400.0,-593847703#3,20
5400.0,-E0,20
5400.0,1068234498#0,21
5400.0,1068234499#0,4
5400.0,182334378#0,2
5400.0,186602412#0,4
5400.0,238526531#0,29
5400.0,288135626#0,2
5400.0,300077497#6,2
5400.0,30620492#0,18
5400.0,30620492#1,5
5400.0,35274074#0,2
5400.0,484988951#0,3
5400.0,49073226#2,10
5400.0,506322844#0,5
5400.0,506322846#0,2
5400.0,51362429#0,17
5400.0,593847702#0,1
5400.0,593847705,1
5400.0,593849711#0,1
5400.0,594658757#0,3
5400.0,:3086736518_6,1
5400.0,:655375232_2,2
5400.0,:655375238_1,1
5400.0,:cluster_3431431575_4777363357_655375231_6982059025_5,1
5400.0,:cluster_5372642442_631668976_631668981_631669076_45,1
5420.0,-300077497#5,27
5420.0,-300077497#8,3
5420.0,-35274074#2,12
5420.0,-51362429#1,3
5420.0,-593847703#3,20
5420.0,-E0,20
5420.0,1068234498#0,25
5420.0,182334378#0,2
5420.0,186602412#0,2
5420.0,238526531#0,21
5420.0,300077497#0,6
5420.0,300077497#6,2
5420.0,30620492#0,18
5420.0,30620492#1,5
5420.0,35274074#0,3
5420.0,484988951#0,4
5420.0,49073226#2,10
5420.0,49073272#3,1
5420.0,506322840#0,2
5420.0,506322844#0,2
5420.0,506322848#0,2
5420.0,51362429#0,18
5420.0,593847705,1
5420.0,594658757#0,3
5420.0,:3086736518_6,1
5420.0,:655375232_2,2
5420.0,:655375239_5,1
5420.0,:655375241_0,2
5420.0,:cluster_9383263990_9383263991_9383263992_9383263993_7,1
5440.0,-300077497#5,27
5440.0,-300077497#8,4
5440.0,-35274074#2,11
5440.0,-51362429#1,3
5440.0,-593847703#3,20
5440.0,-E0,20
5440.0,1068234498#0,31
5440.0,182334378#0,2
5440.0,238526531#0,20
5440.0,263217604#0,1
5440.0,300077497#0,2
5440.0,300077497#6,2
5440.0,30620492#0,18
5440.0,30620492#1,5
5440.0,35274074#0,3
5440.0,484988951#0,4
5440.0,49073226#2,10
5440.0,49073272#3,1
5440.0,506322844#0,5
5440.0,51362429#0,16
5440.0,594658757#0,3
5440.0,:3086736518_6,1
5440.0,:655375232_2,4
5440.0,:655375233_0,1
5440.0,:655375238_0,1
5440.0,:655375239_3,1
5440.0,:cluster_2038168688_655375573_25,1
5460.0,-300077497#5,19
5460.0,-300077497#8,4
5460.0,-35274074#2,6
5460.0,-51362429#1,3
5460.0,-593847703#3,26
5460.0,-E0,20
5460.0,1068234498#0,33
5460.0,182334378#0,3
5460.0,238526531#0,21
5460.0,288135626#0,2
5460.0,300077497#6,2
5460.0,30620492#0,18
5460.0,30620492#1,5
5460.0,360018417,1
5460.0,484988951#0,4
5460.0,49073226#2,10
5460.0,506322844#0,5
5460.0,506322846#0,2
5460.0,51362429#0,11
5460.0,593847703#0,7
5460.0,593847704#0,1
5460.0,594658757#0,3
5460.0,594658760#0,1
5460.0,:1973482489_3,1
5460.0,:3086736518_0,1
5460.0,:655375238_3,1
5460.0,:cluster_2528018119_655375236_17,1
5460.0,:cluster_2528018119_655375236_3,1
5460.0,:cluster_5372642442_631668976_631668981_631669076_45,2
5460.0,E1,1
5480.0,-300077497#5,20
5480.0,-300077497#8,1
5480.0,-35274074#2,5
5480.0,-51362429#1,3
5480.0,-593847703#3,25
5480.0,-E0,20
5480.0,1068234498#0,27
5480.0,1068234499#0,2
5480.0,182334378#0,3
5480.0,186602412#0,1
5480.0,238526531#0,28
5480.0,288878926#0,2
5480.0,300077497#0,7
5480.0,300077497#6,4
5480.0,30620492#0,18
5480.0,30620492#1,5
5480.0,484988951#0,4
5480.0,49073226#2,7
5480.0,506322844#0,5
5480.0,51362429#0,15
5480.0,593847704#0,1
5480.0,594658757#0,3
5480.0,594658760#0,1
5480.0,:3086736518_0,1
5480.0,:655375233_2,1
5480.0,:655375233_4,2
5480.0,:655375238_1,1
5480.0,:655375238_5,1
5480.0,:cluster_5372642442_631668976_631668981_631669076_45,1
5480.0,:cluster_623980147_623980152_4,1
5500.0,-300077497#5,23
5500.0,-300077497#8,1
5500.0,-35274074#2,8
5500.0,-593847703#3,21
5500.0,-E0,20
5500.0,1068234498#0,25
5500.0,1068234499#0,1
5500.0,182334378#0,3
5500.0,238526531#0,22
5500.0,288878926#0,9
5500.0,300077497#0,5
5500.0,300077497#6,4
5500.0,30620492#0,18
5500.0,30620492#1,5
5500.0,35274074#0,4
5500.0,484988951#0,4
5500.0,49073226#2,5
5500.0,49073272#1,1
5500.0,506322840#0,1
5500.0,506322844#0,2
5500.0,506322848#0,3
5500.0,51362429#0,16
5500.0,593847704#0,2
5500.0,594658757#0,3
5500.0,594658760#0,1
5500.0,:3086736518_0,1
5500.0,:3086736518_4,1
5500.0,:655375238_1,1
5500.0,:655375238_5,1
5500.0,:655375239_5,1
5500.0,:cluster_3431431575_4777363357_655375231_6982059025_3,2
5500.0,:cluster_9383263990_9383263991_9383263992_9383263993_7,1
5520.0,-300077497#5,27
5520.0,-300077497#8,4
5520.0,-35274074#2,12
5520.0,-593847703#3,21
5520.0,-E0,20
5520.0,1068234498#0,31
5520.0,1068440004#1,1
5520.0,182334378#0,3
5520.0,238526531#0,18
5520.0,288878926#0,13
5520.0,300077497#0,3
5520.0,300077497#6,4
5520.0,30620492#0,18
5520.0,30620492#1,4
5520.0,35274074#0,7
5520.0,484988951#0,3
5520.0,49073226#2,3
5520.0,49073272#3,1
5520.0,506322844#0,4
5520.0,51362429#0,16
5520.0,593847704#0,1
5520.0,594658757#0,3
5520.0,:3086736518_0,1
5520.0,:3086736518_4,1
5520.0,:655375238_6,1
5520.0,:cluster622618015_622618108_622618112_622618144_#2more_39,1
5520.0,:cluster_3431431575_4777363357_655375231_6982059025_5,1
5540.0,-300077497#5,23
5540.0,-300077497#8,4
5540.0,-35274074#2,9
5540.0,-593847703#3,23
5540.0,-E0,19
5540.0,1068234498#0,34
5540.0,1068440004#1,1
5540.0,182334378#0,3
5540.0,238526531#0,18
5540.0,288878926#0,13
5540.0,300077497#6,1
5540.0,30620492#0,17
5540.0,30620492#1,5
5540.0,35274074#0,4
5540.0,360018417,1
5540.0,484988951#0,4
5540.0,49073226#2,3
5540.0,506322844#0,6
5540.0,51362429#0,17
5540.0,594658757#0,3
5540.0,:3086736518_0,1
5540.0,:3086736518_4,1
5540.0,:3086736518_6,1
5540.0,:3208478121_3,1
5540.0,:655375238_3,1
5540.0,:655375239_3,1
5540.0,:cluster_2038168688_655375573_23,1
5540.0,:cluster_2038168688_655375573_24,1
5540.0,:cluster_2038168688_655375573_3,1
5540.0,:cluster_2038168688_655375573_6,1
5540.0,:cluster_2528018119_655375236_17,1
5540.0,:cluster_2528018119_655375236_31,1
5560.0,-300077497#5,20
5560.0,-300077497#8,4
5560.0,-35274074#2,4
5560.0,-593847703#3,27
5560.0,-E0,19
5560.0,1068234498#0,28
5560.0,1068234499#0,1
5560.0,1068440004#1,1
5560.0,182334378#0,4
5560.0,186602412#0,2
5560.0,196961377#3,2
5560.0,238526531#0,23
5560.0,288878926#0,7
5560.0,300077497#0,1
5560.0,300077497#6,4
5560.0,30620492#0,18
5560.0,30620492#1,5
5560.0,484988951#0,3
5560.0,49073226#2,3
5560.0,506322844#0,6
5560.0,506322846#0,5
5560.0,51362429#0,11
5560.0,593847703#0,7
5560.0,593849711#0,1
5560.0,594658757#0,3
5560.0,:1973482489_8,1
5560.0,:3086736518_4,1
5560.0,:3086736518_6,1
5560.0,:655375233_0,2
5560.0,:cluster622618015_622618108_622618112_622618144_#2more_0,1
5560.0,:cluster_2528018119_655375236_3,1
5560.0,:cluster_3431431575_4777363357_655375231_6982059025_5,1
5560.0,:cluster_5372642442_631668976_631668981_631669076_45,2
5580.0,-300077497#5,22
5580.0,-35274074#2,4
5580.0,-593847703#3,27
5580.0,-E0,19
5580.0,1068234498#0,25
5580.0,1068234499#0,1
5580.0,1068440004#1,1
5580.0,182334378#0,4
5580.0,186602412#0,3
5580.0,238526531#0,30
5580.0,288878926#0,5
5580.0,300077497#0,3
5580.0,300077497#6,4
5580.0,30620492#0,18
5580.0,30620492#1,5
5580.0,35274074#0,2
5580.0,484988951#0,4
5580.0,49073226#2,3
5580.0,506322844#0,6
5580.0,51362429#0,13
5580.0,593847703#0,5
5580.0,593847705,2
5580.0,594658757#0,3
5580.0,:3086736518_6,1
5580.0,:655375232_8,1
5580.0,:655375233_4,2
5600.0,-1334905223#2,1
5600.0,-300077497#5,26
5600.0,-300077497#8,1
5600.0,-35274074#2,10
5600.0,-51362429#1,2
5600.0,-593847703#3,21
5600.0,-E0,19
5600.0,1068234498#0,25
5600.0,1068440004#1,1
5600.0,182334378#0,4
5600.0,238526531#0,18
5600.0,263217604#0,1
5600.0,288878926#0,5
5600.0,300077497#0,2
5600.0,300077497#6,4
5600.0,30620492#0,18
5600.0,30620492#1,5
5600.0,35274074#0,3
5600.0,484988951#0,4
5600.0,49073226#2,5
5600.0,506322840#0,1
5600.0,506322844#0,2
5600.0,51362429#0,15
5600.0,593847702#0,1
5600.0,593847703#0,5
5600.0,593847704#0,2
5600.0,593847705,2
5600.0,594658757#0,3
5600.0,:655375233_4,1
5600.0,:655375238_1,1
5600.0,:655375238_5,1
5600.0,:655375239_5,1
5600.0,:655375241_0,2
5600.0,:cluster_2038168688_655375573_8,1
5600.0,:cluster_3431431575_4777363357_655375231_6982059025_3,2
5600.0,:cluster_9383263990_9383263991_9383263992_9383263993_7,1
5620.0,-300077497#5,27
5620.0,-300077497#8,4
5620.0,-35274074#2,11
5620.0,-51362429#1,2
5620.0,-593847703#3,21
5620.0,-E0,19
5620.0,1068234498#0,31
5620.0,182334378#0,3
5620.0,238526531#0,17
5620.0,263217604#0,2
5620.0,288878926#0,5
5620.0,300077497#6,1
5620.0,30620492#0,18
5620.0,30620492#1,5
5620.0,35274074#0,5
5620.0,484988951#0,4
5620.0,49073226#2,7
5620.0,49073264#0,1
5620.0,506322844#0,5
5620.0,51362429#0,16
5620.0,593847702#0,1
5620.0,593847703#0,5
5620.0,593847705,2
5620.0,593849718#0,1
5620.0,594658757#0,3
5620.0,:655375233_4,1
5620.0,:655375233_8,1
5620.0,:655375238_3,1
5620.0,:655375239_3,1
5640.0,-300077497#5,23
5640.0,-300077497#8,4
5640.0,-35274074#2,3
5640.0,-49073264#1,1
5640.0,-51362429#1,2
5640.0,-593847703#3,25
5640.0,-E0,18
5640.0,1068234498#0,29
5640.0,232003903#0,2
5640.0,238526531#0,18
5640.0,288135626#0,2
5640.0,288878926#0,3
5640.0,300077497#0,4
5640.0,300077497#6,2
5640.0,30620492#0,18
5640.0,30620492#1,5
5640.0,484988951#0,4
5640.0,49073226#2,7
5640.0,506322844#0,5
5640.0,506322846#0,5
5640.0,51362429#0,17
5640.0,593847702#0,1
5640.0,593847705,2
5640.0,593849711#0,1
5640.0,594658757#0,4
5640.0,594658760#0,1
5640.0,:3086736518_6,1
5640.0,:655375233_4,1
5640.0,:655375233_8,1
5640.0,:cluster655375336_end_0_655375336_end_1_655375336_end_10_655375336_end_11_#8more_6,1
5640.0,:cluster_5372642442_631668976_631668981_631669076_26,1
5640.0,:cluster_5372642442_631668976_631668981_631669076_45,1
5640.0,E1,1
5660.0,-300077497#5,22
5660.0,-300077497#8,1
5660.0,-35274074#2,2
5660.0,-49073264#1,1
5660.0,-51362429#1,2
5660.0,-593847703#3,28
5660.0,-E0,18
5660.0,1068234498#0,26
5660.0,1068234499#0,2
5660.0,186602412#0,3
5660.0,232003903#0,2
5660.0,238526531#0,25
5660.0,300077497#0,1
5660.0,300077497#6,3
5660.0,30620492#0,18
5660.0,30620492#1,5
5660.0,484988951#0,3
5660.0,49073226#2,7
5660.0,506322844#0,5
5660.0,506322846#0,1
5660.0,51362429#0,12
5660.0,593847702#0,1
5660.0,593847705,1
5660.0,594658757#0,3
5660.0,594658760#0,1
5660.0,:3086736518_0,1
5660.0,:3086736518_6,1
5660.0,:655375232_2,3
5660.0,:655375233_0,3
5660.0,:655375233_4,1
5660.0,:655375233_8,1
5660.0,:655375238_1,1
5660.0,:655375238_5,1
5660.0,:cluster655375336_end_0_655375336_end_1_655375336_end_10_655375336_end_11_#8more_6,1
5660.0,:cluster_2038168688_655375573_3,1
5660.0,:cluster_3431431575_4777363357_655375231_6982059025_5,1
5660.0,:cluster_5372642442_631668976_631668981_631669076_45,2
5680.0,-300077497#5,25
5680.0,-300077497#8,2
5680.0,-35274074#2,4
5680.0,-49073264#1,1
5680.0,-51362429#1,2
5680.0,-593847703#3,28
5680.0,-E0,19
5680.0,1068234498#0,24
5680.0,186602412#0,2
5680.0,232003903#0,2
5680.0,238526531#0,22
5680.0,300077497#0,2
5680.0,300077497#6,4
5680.0,30620492#0,18
5680.0,30620492#1,5
5680.0,35274074#0,2
5680.0,484988951#0,4
5680.0,49073226#2,7
5680.0,49073272#1,1
5680.0,506322844#0,2
5680.0,506322848#0,3
5680.0,51362429#0,16
5680.0,593847705,1
5680.0,594658757#0,3
5680.0,594658760#0,1
5680.0,:3086736518_0,1
5680.0,:3086736518_6,1
5680.0,:655375232_2,3
5680.0,:655375233_0,3
5680.0,:655375233_4,1
5680.0,:655375233_8,1
5680.0,:655375239_5,1
5680.0,:cluster655375336_end_0_655375336_end_1_655375336_end_10_655375336_end_11_#8more_6,1
5680.0,:cluster_2038168688_655375573_8,1
5680.0,:cluster_9383263990_9383263991_9383263992_9383263993_7,1
5700.0,-300077497#5,27
5700.0,-300077497#8,4
5700.0,-35274074#2,10
5700.0,-51362429#1,4
5700.0,-593847703#3,23
5700.0,-E0,19
5700.0,1068234498#0,30
5700.0,1068440004#1,1
5700.0,232003903#0,2
5700.0,238526531#0,14
5700.0,263217604#0,1
5700.0,300077497#0,2
5700.0,300077497#6,4
5700.0,30620492#0,18
5700.0,30620492#1,5
5700.0,35274074#0,2
5700.0,484988951#0,4
5700.0,49073226#2,7
5700.0,49073272#3,1
5700.0,506322840#0,2
5700.0,506322844#0,6
5700.0,51362429#0,17
5700.0,593847702#0,1
5700.0,593847703#0,1
5700.0,593847704#0,1
5700.0,593847705,1
5700.0,594658757#0,2
5700.0,594658760#0,1
5700.0,:3086736518_0,1
5700.0,:3086736518_6,1
5700.0,:655375232_2,3
5700.0,:655375233_0,2
5700.0,:655375233_4,2
5700.0,:655375233_8,1
5700.0,:cluster622618015_622618108_622618112_622618144_#2more_17,1
5700.0,:cluster655375336_end_0_655375336_end_1_655375336_end_10_655375336_end_11_#8more_6,1
5700.0,:cluster_2038168688_655375573_25,1
5720.0,-300077497#5,23
5720.0,-300077497#8,4
5720.0,-35274074#2,8
5720.0,-51362429#1,1
5720.0,-593847703#3,25
5720.0,-E0,19
5720.0,1068234498#0,34
5720.0,238526531#0,13
5720.0,263217604#0,1
5720.0,288878926#0,4
5720.0,300077497#6,2
5720.0,30620492#0,18
5720.0,30620492#1,5
5720.0,360018417,1
5720.0,484988951#0,4
5720.0,49073226#2,3
5720.0,506322844#0,6
5720.0,51362429#0,17
5720.0,51362430,3
5720.0,593847702#0,2
5720.0,593847705,1
5720.0,594658757#0,2
5720.0,594658760#0,1
5720.0,:3086736518_0,1
5720.0,:3086736518_6,1
5720.0,:3208478121_3,1
5720.0,:655375232_2,3
5720.0,:655375233_4,2
5720.0,:655375233_8,1
5720.0,:655375238_3,1
5720.0,:655375239_3,1
5720.0,:cluster_2038168688_655375573_23,1
5720.0,:cluster_2038168688_655375573_24,1
5720.0,:cluster_2528018119_655375236_17,2
5720.0,:cluster_3431431575_4777363357_655375231_6982059025_3,2
5720.0,:cluster_623980147_623980152_4,1
5740.0,-300077497#5,20
5740.0,-300077497#8,4
5740.0,-35274074#2,3
5740.0,-593847703#3,30
5740.0,-E0,19
5740.0,1068234498#0,28
5740.0,186602412#0,2
5740.0,196961377#3,2
5740.0,238526531#0,18
5740.0,244450512#4,1
5740.0,288878926#0,5
5740.0,300077497#6,4
5740.0,30620492#0,18
5740.0,30620492#1,5
5740.0,484988951#0,5
5740.0,506322844#0,6
5740.0,51362429#0,17
5740.0,51362430,2
5740.0,593847702#0,2
5740.0,593847705,1
5740.0,593849711#0,1
5740.0,594658757#0,2
5740.0,594658760#0,1
5740.0,:3086736518_0,1
5740.0,:3086736518_6,1
5740.0,:655375232_2,3
5740.0,:655375233_4,2
5740.0,:655375233_8,1
5740.0,:cluster622618015_622618108_622618112_622618144_#2more_0,1
5740.0,:cluster_5372642442_631668976_631668981_631669076_26,1
5740.0,:cluster_5372642442_631668976_631668981_631669076_45,2
5760.0,-300077497#5,21
5760.0,-35274074#2,3
5760.0,-593847703#3,33
5760.0,-E0,19
5760.0,1068234498#0,21
5760.0,238526531#0,26
5760.0,244450512#5,1
5760.0,288135626#0,2
5760.0,288878926#0,3
5760.0,300077497#6,4
5760.0,30620492#0,18
5760.0,30620492#1,5
5760.0,484988951#0,5
5760.0,506322844#0,6
5760.0,51362429#0,12
5760.0,51362430,2
5760.0,593847702#0,2
5760.0,593847704#0,1
5760.0,593847705,1
5760.0,594658757#0,2
5760.0,594658760#0,1
5760.0,:3086736518_0,2
5760.0,:3086736518_6,1
5760.0,:655375232_2,4
5760.0,:655375233_0,3
5760.0,:655375233_4,2
5760.0,:655375233_8,1
5760.0,:cluster_5372642442_631668976_631668981_631669076_45,1
5780.0,-300077497#5,26
5780.0,-300077497#8,1
5780.0,-35274074#2,9
5780.0,-593847703#3,33
5780.0,-E0,19
5780.0,1068234498#0,27
5780.0,238526531#0,12
5780.0,244450512#5,1
5780.0,263217604#0,1
5780.0,288878926#0,3
5780.0,300077497#0,2
5780.0,300077497#6,4
5780.0,30620492#0,18
5780.0,30620492#1,5
5780.0,484988951#0,4
5780.0,49073272#3,1
5780.0,506322840#0,2
5780.0,506322844#0,2
5780.0,506322848#0,3
5780.0,51362429#0,15
5780.0,593847704#0,1
5780.0,593847705,1
5780.0,593852345#0,1
5780.0,594658757#0,2
5780.0,594658760#0,1
5780.0,:3086736518_0,2
5780.0,:3086736518_6,1
5780.0,:655375232_2,4
5780.0,:655375233_0,3
5780.0,:655375233_4,2
5780.0,:655375233_8,1
5780.0,:655375238_5,1
5780.0,:655375239_6,1
5780.0,:655375241_0,2
5780.0,:cluster_2038168688_655375573_25,1
5780.0,:cluster_9383263990_9383263991_9383263992_9383263993_7,1
5800.0,-1334905223#2,2
5800.0,-300077497#5,27
5800.0,-300077497#8,2
5800.0,-35274074#2,11
5800.0,-51362429#1,1
5800.0,-593847703#3,25
5800.0,-E0,19
5800.0,1068234498#0,35
5800.0,196961215#2,1
5800.0,238526531#0,10
5800.0,244450512#5,1
5800.0,263217604#0,3
5800.0,288878926#0,3
5800.0,300077497#6,2
5800.0,30620492#0,18
5800.0,30620492#1,5
5800.0,484988951#0,4
5800.0,49073226#2,3
5800.0,49073272#3,2
5800.0,506322844#0,5
5800.0,51362429#0,17
5800.0,593847702#0,2
5800.0,593847703#0,3
5800.0,593847705,1
5800.0,594658757#0,2
5800.0,594658760#0,1
5800.0,:3086736518_0,2
5800.0,:3086736518_4,1
5800.0,:3086736518_6,1
5800.0,:655375232_2,4
5800.0,:655375232_8,1
5800.0,:655375233_4,3
5800.0,:655375238_3,1
5800.0,:655375239_3,1
5800.0,:cluster_3431431575_4777363357_655375231_6982059025_3,1
5820.0,-300077497#5,19
5820.0,-300077497#8,2
5820.0,-35274074#2,5
5820.0,-51362429#1,2
5820.0,-593847703#3,30
5820.0,-E0,19
5820.0,1068234498#0,32
5820.0,196961215#2,1
5820.0,238526531#0,11
5820.0,288135626#0,2
5820.0,288878926#0,1
5820.0,300077497#0,2
5820.0,300077497#6,2
5820.0,30620492#0,18
5820.0,30620492#1,5
5820.0,360018417,2
5820.0,484988951#0,4
5820.0,49073226#2,7
5820.0,506322844#0,5
5820.0,51362429#0,17
5820.0,51362430,1
5820.0,593847702#0,2
5820.0,593847705,1
5820.0,593849711#0,2
5820.0,594658757#0,4
5820.0,594658760#0,1
5820.0,:3086736518_0,2
5820.0,:3086736518_4,1
5820.0,:3086736518_6,1
5820.0,:655375232_2,4
5820.0,:655375238_1,1
5820.0,:cluster3086736522_655375108_655375247_655375401_#1more_16,1
5820.0,:cluster_2528018119_655375236_17,1
5820.0,:cluster_2528018119_655375236_19,1
5820.0,:cluster_2528018119_655375236_31,1
5820.0,:cluster_5372642442_631668976_631668981_631669076_45,2
5840.0,-300077497#5,18
5840.0,-35274074#2,3
5840.0,-51362429#1,2
5840.0,-593847703#3,32
5840.0,-E0,19
5840.0,1068234498#0,25
5840.0,1068234499#0,2
5840.0,182334378#0,1
5840.0,196961215#2,1
5840.0,232003903#0,2
5840.0,238526531#0,19
5840.0,300077497#6,3
5840.0,30620492#0,17
5840.0,30620492#1,5
5840.0,484988951#0,5
5840.0,49073226#2,7
5840.0,506322844#0,6
5840.0,506322846#0,2
5840.0,51362429#0,17
5840.0,593847702#0,2
5840.0,593847705,1
5840.0,594658757#0,5
5840.0,594658760#0,1
5840.0,:3086736518_0,2
5840.0,:3086736518_4,1
5840.0,:3086736518_6,1
5840.0,:655375232_2,4
5840.0,:655375238_3,1
5840.0,:cluster622618015_622618108_622618112_622618144_#2more_49,1
5840.0,:cluster_2038168688_655375573_23,1
5840.0,:cluster_2528018119_655375236_31,1
5840.0,:cluster_5372642442_631668976_631668981_631669076_45,2
5860.0,-300077497#5,19
5860.0,-300077497#8,1
5860.0,-35274074#2,6
5860.0,-51362429#1,2
5860.0,-593847703#3,32
5860.0,-E0,19
5860.0,1068234498#0,24
5860.0,182334378#0,2
5860.0,186602412#0,2
5860.0,196961215#2,1
5860.0,232003903#0,2
5860.0,238526531#0,14
5860.0,263217604#0,1
5860.0,300077497#0,2
5860.0,300077497#6,4
5860.0,30620492#0,18
5860.0,30620492#1,5
5860.0,484988951#0,5
5860.0,49073226#2,7
5860.0,49073272#1,1
5860.0,49073272#3,1
5860.0,506322844#0,2
5860.0,506322848#0,3
5860.0,51362429#0,14
5860.0,593847703#0,2
5860.0,594658757#0,5
5860.0,594658760#0,1
5860.0,:3086736518_0,1
5860.0,:3086736518_4,1
5860.0,:3086736518_6,1
5860.0,:655375232_2,3
5860.0,:655375233_0,4
5860.0,:655375238_5,1
5860.0,:655375239_5,1
5860.0,:cluster_2038168688_655375573_8,1
5860.0,:cluster_2038168688_655375573_9,1
5860.0,:cluster_9383263990_9383263991_9383263992_9383263993_7,2
5880.0,-1334905223#2,2
5880.0,-300077497#5,26
5880.0,-300077497#8,1
5880.0,-35274074#2,12
5880.0,-51362429#1,2
5880.0,-593847703#3,32
5880.0,-E0,19
5880.0,1068234498#0,27
5880.0,182334378#0,2
5880.0,196961215#2,1
5880.0,232003903#0,2
5880.0,238526531#0,6
5880.0,263217604#0,1
5880.0,300077497#0,2
5880.0,300077497#6,4
5880.0,30620492#0,18
5880.0,30620492#1,5
5880.0,484988951#0,3
5880.0,49073226#2,7
5880.0,49073272#3,2
5880.0,506322840#0,1
5880.0,506322844#0,2
5880.0,51362429#0,13
5880.0,593847703#0,12
5880.0,594658757#0,5
5880.0,594658760#0,1
5880.0,:3086736518_0,1
5880.0,:3086736518_4,1
5880.0,:3086736518_6,1
5880.0,:655375232_2,3
5880.0,:655375238_5,1
5880.0,:655375241_0,2
5880.0,:cluster_3431431575_4777363357_655375231_6982059025_7,1
5900.0,-300077497#5,26
5900.0,-300077497#8,1
5900.0,-35274074#2,8
5900.0,-51362429#1,4
5900.0,-593847703#3,27
5900.0,-E0,19
5900.0,1068234498#0,30
5900.0,1239087514,1
5900.0,196961215#2,1
5900.0,232003903#0,1
5900.0,238526531#0,6
5900.0,263217604#0,1
5900.0,300077497#0,2
5900.0,300077497#6,2
5900.0,30620492#0,18
5900.0,30620492#1,5
5900.0,360018417,1
5900.0,484988951#0,3
5900.0,49073226#2,8
5900.0,506322844#0,5
5900.0,51362429#0,13
5900.0,51362430,2
5900.0,593847703#0,8
5900.0,594658757#0,5
5900.0,594658760#0,1
5900.0,:3086736518_0,1
5900.0,:3086736518_4,1
5900.0,:3086736518_6,1
5900.0,:3208478121_3,1
5900.0,:655375232_2,3
5900.0,:655375232_8,1
5900.0,:655375233_4,3
5900.0,:655375239_3,1
5900.0,:cluster_2528018119_655375236_3,1
5900.0,:cluster_3431431575_4777363357_655375231_6982059025_5,1
5920.0,-300077497#5,24
5920.0,-300077497#8,1
5920.0,-35274074#2,3
5920.0,-51362429#1,8
5920.0,-593847703#3,25
5920.0,-E0,19
5920.0,1068234498#0,24
5920.0,1068234499#0,1
5920.0,196961215#2,1
5920.0,196961377#3,2
5920.0,238526531#0,11
5920.0,288135626#0,3
5920.0,300077497#0,9
5920.0,300077497#6,3
5920.0,30620492#0,18
5920.0,30620492#1,5
5920.0,35274074#0,1
5920.0,484988951#0,5
5920.0,49073226#2,9
5920.0,506322844#0,5
5920.0,51362429#0,15
5920.0,51362430,1
5920.0,593847702#0,1
5920.0,593847704#0,2
5920.0,594658757#0,5
5920.0,594658760#0,2
5920.0,:2444664370_0,1
5920.0,:3086736518_0,1
5920.0,:3086736518_6,1
5920.0,:655375232_2,3
5920.0,:655375238_6,1
5920.0,:cluster_2528018119_655375236_17,1
5920.0,:cluster_5372642442_631668976_631668981_631669076_26,1
5920.0,:cluster_5372642442_631668976_631668981_631669076_45,2
5940.0,-300077497#5,25
5940.0,-35274074#2,3
5940.0,-51362429#1,8
5940.0,-593847703#3,26
5940.0,-E0,19
5940.0,1068234498#0,20
5940.0,1068234499#0,5
5940.0,196961215#2,1
5940.0,238526531#0,18
5940.0,288135626#0,2
5940.0,300077497#0,3
5940.0,300077497#6,3
5940.0,30620492#0,18
5940.0,30620492#1,5
5940.0,35274074#0,5
5940.0,484988951#0,5
5940.0,49073226#2,9
5940.0,506322844#0,5
5940.0,506322846#0,3
5940.0,51362429#0,16
5940.0,593847702#0,1
5940.0,593847704#0,2
5940.0,594658757#0,5
5940.0,594658760#0,2
5940.0,:3086736518_0,1
5940.0,:3086736518_6,1
5940.0,:655375232_2,3
5940.0,:cluster_5372642442_631668976_631668981_631669076_45,2
5960.0,-1334905223#2,2
5960.0,-300077497#5,27
5960.0,-300077497#8,4
5960.0,-35274074#2,9
5960.0,-51362429#1,5
5960.0,-593847703#3,26
5960.0,-E0,19
5960.0,1068234498#0,24
5960.0,186602412#0,2
5960.0,238526531#0,8
5960.0,288878926#0,7
5960.0,300077497#0,6
5960.0,300077497#6,3
5960.0,30620492#0,18
5960.0,30620492#1,5
5960.0,35274074#0,8
5960.0,484988951#0,4
5960.0,49073226#2,8
5960.0,49073272#3,1
5960.0,506322840#0,1
5960.0,506322844#0,4
5960.0,51362429#0,15
5960.0,593847704#0,2
5960.0,594658757#0,5
5960.0,594658760#0,1
5960.0,:3086736518_0,2
5960.0,:3086736518_6,1
5960.0,:655375232_2,3
5960.0,:655375233_0,1
5960.0,:655375241_0,1
5960.0,:cluster_2038168688_655375573_25,1
5960.0,:cluster_2528018119_655375236_29,1
5960.0,:cluster_3431431575_4777363357_655375231_6982059025_3,1
5960.0,:cluster_623980147_623980152_4,1
5960.0,:cluster_9383263990_9383263991_9383263992_9383263993_7,1
5980.0,-300077497#5,27
5980.0,-300077497#8,4
5980.0,-35274074#2,12
5980.0,-51362429#1,1
5980.0,-593847703#3,26
5980.0,-E0,19
5980.0,1068234498#0,31
5980.0,238526531#0,5
5980.0,288878926#0,13
5980.0,300077497#0,4
5980.0,300077497#6,2
5980.0,30620492#0,18
5980.0,30620492#1,5
5980.0,35274074#0,8
5980.0,484988951#0,4
5980.0,49073226#2,5
5980.0,49073264#0,1
5980.0,49073272#3,2
5980.0,506322844#0,6
5980.0,51362429#0,12
5980.0,593847703#0,8
5980.0,593847705,1
5980.0,594658757#0,5
5980.0,594658760#0,1
5980.0,:3086736518_0,2
5980.0,:3086736518_6,1
5980.0,:655375232_2,3
5980.0,:655375238_0,1
5980.0,:655375239_3,1
5980.0,:cluster_3431431575_4777363357_655375231_6982059025_3,3
6000.0,-300077497#5,26
6000.0,-300077497#8,4
6000.0,-35274074#2,9
6000.0,-49073264#1,1
6000.0,-51362429#1,1
6000.0,-593847703#3,24
6000.0,-E0,19
6000.0,1068234498#0,31
6000.0,182334378#0,1
6000.0,238526531#0,6
6000.0,288135626#0,3
6000.0,288878926#0,11
6000.0,300077497#0,6
6000.0,300077497#6,2
6000.0,30620492#0,18
6000.0,30620492#1,5
6000.0,360018417,2
6000.0,484988951#0,4
6000.0,49073226#2,8
6000.0,506322844#0,6
6000.0,506322846#0,8
6000.0,51362429#0,14
6000.0,593847705,1
6000.0,593849711#0,2
6000.0,594658757#0,4
6000.0,594658760#0,1
6000.0,:3086736518_0,2
6000.0,:3086736518_4,1
6000.0,:3086736518_6,1
6000.0,:655375232_2,3
6000.0,:655375233_4,2
6000.0,:cluster_5372642442_631668976_631668981_631669076_45,2
6020.0,-300077497#5,27
6020.0,-300077497#8,3
6020.0,-35274074#2,9
6020.0,-49073264#1,1
6020.0,-51362429#1,5
6020.0,-593847703#3,21
6020.0,-E0,19
6020.0,1068234498#0,26
6020.0,1068234499#0,3
6020.0,186602412#0,5
6020.0,238526531#0,13
6020.0,288878926#0,5
6020.0,300077497#0,1
6020.0,300077497#6,2
6020.0,30620492#0,18
6020.0,30620492#1,5
6020.0,35274074#0,1
6020.0,484988951#0,4
6020.0,49073226#2,8
6020.0,506322844#0,6
6020.0,506322846#0,4
6020.0,51362429#0,15
6020.0,593847702#0,1
6020.0,593847704#0,1
6020.0,593847705,1
6020.0,594658757#0,4
6020.0,594658760#0,1
6020.0,:1973482489_8,1
6020.0,:3086736518_0,2
6020.0,:3086736518_6,1
6020.0,:655375232_2,3
6020.0,:655375238_6,1
6020.0,:cluster622618015_622618108_622618112_622618144_#2more_49,2
6020.0,:cluster_2038168688_655375573_3,1
6020.0,:cluster_5372642442_631668976_631668981_631669076_26,1
6020.0,:cluster_5372642442_631668976_631668981_631669076_45,2
6040.0,-300077497#5,27
6040.0,-300077497#8,4
6040.0,-35274074#2,10
6040.0,-49073264#1,1
6040.0,-51362429#1,5
6040.0,-593847703#3,21
6040.0,-E0,19
6040.0,1068234498#0,24
6040.0,186602412#0,4
6040.0,238526531#0,10
6040.0,263217604#0,2
6040.0,288878926#0,5
6040.0,300077497#0,2
6040.0,300077497#6,4
6040.0,30620492#0,18
6040.0,30620492#1,5
6040.0,35274074#0,1
6040.0,484988951#0,4
6040.0,49073226#2,8
6040.0,49073264#0,1
6040.0,506322844#0,4
6040.0,506322846#0,1
6040.0,506322848#0,3
6040.0,51362429#0,16
6040.0,593847704#0,1
6040.0,593847705,1
6040.0,594658757#0,4
6040.0,594658760#0,1
6040.0,:3086736518_0,2
6040.0,:3086736518_6,1
6040.0,:655375232_2,3
6040.0,:cluster_2038168688_655375573_8,1
6040.0,:cluster_2038168688_655375573_9,1
6040.0,:cluster_2528018119_655375236_29,1
6060.0,-1334905223#2,2
6060.0,-300077497#5,27
6060.0,-300077497#8,4
6060.0,-35274074#2,12
6060.0,-49073264#1,1
6060.0,-51362429#1,5
6060.0,-593847703#3,21
6060.0,-E0,19
6060.0,1068234498#0,29
6060.0,238526531#0,6
6060.0,263217604#0,2
6060.0,288878926#0,5
6060.0,300077497#0,3
6060.0,300077497#6,4
6060.0,30620492#0,18
6060.0,30620492#1,5
6060.0,35274074#0,1
6060.0,484988951#0,4
6060.0,49073226#2,8
6060.0,506322840#0,1
6060.0,506322844#0,5
6060.0,51362429#0,17
6060.0,593847705,1
6060.0,594658757#0,4
6060.0,594658760#0,1
6060.0,:3086736518_0,2
6060.0,:3086736518_6,1
6060.0,:655375232_2,3
6060.0,:655375241_0,1
6060.0,:cluster622618015_622618108_622618112_622618144_#2more_17,1
6060.0,:cluster622618015_622618108_622618112_622618144_#2more_37,1
6080.0,-300077497#5,26
6080.0,-300077497#8,4
6080.0,-35274074#2,9
6080.0,-51362429#1,5
6080.0,-593847703#3,22
6080.0,-E0,19
6080.0,1068234498#0,36
6080.0,238526531#0,6
6080.0,263217604#0,2
6080.0,288878926#0,5
6080.0,300077497#0,2
6080.0,300077497#6,1
6080.0,30620492#0,18
6080.0,30620492#1,5
6080.0,360018417,1
6080.0,484988951#0,4
6080.0,49073226#2,8
6080.0,506322844#0,5
6080.0,51362429#0,11
6080.0,593847703#0,6
6080.0,593847704#0,1
6080.0,594658757#0,4
6080.0,594658760#0,1
6080.0,:3086736518_0,2
6080.0,:655375232_2,4
6080.0,:655375238_3,1
6080.0,:655375239_3,1
6080.0,:cluster_2038168688_655375573_23,1
6100.0,-300077497#5,26
6100.0,-300077497#8,4
6100.0,-35274074#2,6
6100.0,-51362429#1,5
6100.0,-593847703#3,20
6100.0,-E0,19
6100.0,1068234498#0,29
6100.0,1068234499#0,1
6100.0,186602412#0,1
6100.0,196961377#3,1
6100.0,238526531#0,12
6100.0,300077497#0,3
6100.0,300077497#6,2
6100.0,30620492#0,18
6100.0,30620492#1,5
6100.0,35274074#0,1
6100.0,484988951#0,4
6100.0,49073226#2,8
6100.0,506322844#0,5
6100.0,51362429#0,14
6100.0,593847704#0,2
6100.0,594658757#0,4
6100.0,594658760#0,3
6100.0,:3086736518_0,2
6100.0,:655375232_2,4
6100.0,:655375233_4,2
6100.0,:655375238_6,1
6100.0,:cluster_2038168688_655375573_3,1
6100.0,:cluster_5372642442_631668976_631668981_631669076_26,1
6100.0,:cluster_5372642442_631668976_631668981_631669076_45,1
6120.0,-300077497#5,24
6120.0,-300077497#8,3
6120.0,-35274074#2,5
6120.0,-51362429#1,9
6120.0,-593847703#3,20
6120.0,-E0,19
6120.0,1068234498#0,24
6120.0,1068234499#0,1
6120.0,182334378#0,1
6120.0,186602412#0,1
6120.0,238526531#0,19
6120.0,300077497#6,2
6120.0,30620492#0,18
6120.0,30620492#1,5
6120.0,35274074#0,1
6120.0,484988951#0,4
6120.0,49073226#2,8
6120.0,506322844#0,5
6120.0,506322846#0,1
6120.0,51362429#0,16
6120.0,593847704#0,2
6120.0,594658757#0,4
6120.0,594658760#0,3
6120.0,:1973482489_8,1
6120.0,:3086736518_0,2
6120.0,:655375232_2,4
6120.0,:655375238_3,1
6120.0,:655375238_6,1
6120.0,:cluster_2038168688_655375573_23,1
6120.0,:cluster_5372642442_631668976_631668981_631669076_45,1
6140.0,-300077497#5,26
6140.0,-300077497#8,1
6140.0,-35274074#2,10
6140.0,-51362429#1,9
6140.0,-593847703#3,20
6140.0,-E0,19
6140.0,1068234498#0,30
6140.0,186602412#0,1
6140.0,238526531#0,6
6140.0,300077497#0,1
6140.0,300077497#6,4
6140.0,30620492#0,17
6140.0,30620492#1,5
6140.0,35274074#0,2
6140.0,484988951#0,4
6140.0,49073226#2,8
6140.0,506322840#0,2
6140.0,506322844#0,4
6140.0,506322848#0,1
6140.0,51362429#0,17
6140.0,593847704#0,2
6140.0,594658757#0,4
6140.0,594658760#0,3
6140.0,:3086736518_0,2
6140.0,:655375232_2,4
6140.0,:655375238_5,1
6140.0,:655375239_5,1
6140.0,:655375241_0,2
6140.0,:cluster655375336_end_0_655375336_end_1_655375336_end_10_655375336_end_11_#8more_6,1
6140.0,:cluster_2038168688_655375573_25,1
6140.0,:cluster_9383263990_9383263991_9383263992_9383263993_7,2
6160.0,-1334905223#2,1
6160.0,-300077497#5,27
6160.0,-300077497#8,4
6160.0,-35274074#2,11
6160.0,-51362429#1,9
6160.0,-593847703#3,20
6160.0,-E0,18
6160.0,1068234498#0,36
6160.0,238526531#0,4
6160.0,300077497#6,1
6160.0,30620492#0,18
6160.0,30620492#1,5
6160.0,35274074#0,2
6160.0,484988951#0,4
6160.0,49073226#2,8
6160.0,49073272#3,1
6160.0,506322844#0,6
6160.0,51362429#0,17
6160.0,593849718#0,1
6160.0,594658757#0,4
6160.0,594658760#0,3
6160.0,:3086736518_0,2
6160.0,:3086736518_6,1
6160.0,:655375232_2,4
6160.0,:655375238_3,1
6160.0,:655375239_3,1
6160.0,:655375241_0,1
6160.0,:655375244_1,1
6180.0,-300077497#5,22
6180.0,-300077497#8,4
6180.0,-35274074#2,3
6180.0,-51362429#1,9
6180.0,-593847703#3,24
6180.0,-E0,18
6180.0,1068234498#0,31
6180.0,182334378#0,1
6180.0,238526531#0,5
6180.0,288135626#0,3
6180.0,288878926#0,2
6180.0,300077497#6,2
6180.0,30620492#0,18
6180.0,30620492#1,5
6180.0,360018417,1
6180.0,484988951#0,3
6180.0,49073226#2,6
6180.0,506322844#0,6
6180.0,506322846#0,2
6180.0,51362429#0,11
6180.0,593847703#0,7
6180.0,594658757#0,4
6180.0,594658760#0,3
6180.0,:3086736518_0,2
6180.0,:3086736518_6,1
6180.0,:655375232_2,2
6180.0,:655375233_0,4
6180.0,:655375238_3,1
6180.0,:cluster_3431431575_4777363357_655375231_6982059025_5,1
6180.0,:cluster_5372642442_631668976_631668981_631669076_45,2
6200.0,-300077497#5,21
6200.0,-35274074#2,2
6200.0,-51362429#1,1
6200.0,-593847703#3,25
6200.0,-E0,19
6200.0,1068234498#0,25
6200.0,1068234499#0,4
6200.0,182334378#0,1
6200.0,186602412#0,1
6200.0,238526531#0,11
6200.0,288878926#0,5
6200.0,300077497#0,7
6200.0,300077497#6,4
6200.0,30620492#0,18
6200.0,30620492#1,5
6200.0,484988951#0,3
6200.0,49073226#2,4
6200.0,506322844#0,6
6200.0,51362429#0,13
6200.0,593847703#0,2
6200.0,594658757#0,3
6200.0,594658760#0,2
6200.0,:3086736518_0,3
6200.0,:3086736518_6,1
6200.0,:655375238_1,1
6200.0,:655375238_5,2
6200.0,:cluster622618015_622618108_622618112_622618144_#2more_49,1
6200.0,:cluster655375336_end_0_655375336_end_1_655375336_end_10_655375336_end_11_#8more_17,1
6200.0,:cluster655375336_end_0_655375336_end_1_655375336_end_10_655375336_end_11_#8more_21,1
6200.0,:cluster_2528018119_655375236_17,2
6200.0,:cluster_2528018119_655375236_3,1
6200.0,:cluster_3431431575_4777363357_655375231_6982059025_3,3
6200.0,:cluster_3431431575_4777363357_655375231_6982059025_5,1
6200.0,:cluster_5372642442_631668976_631668981_631669076_26,1
6200.0,:cluster_5372642442_631668976_631668981_631669076_45,2
6200.0,:cluster_623980147_623980152_9,1
6220.0,-300077497#5,24
6220.0,-300077497#8,2
6220.0,-35274074#2,5
6220.0,-51362429#1,6
6220.0,-593847703#3,19
6220.0,-E0,19
6220.0,1068234498#0,22
6220.0,1068234499#0,1
6220.0,238526531#0,9
6220.0,263217604#0,1
6220.0,288878926#0,12
6220.0,300077497#0,6
6220.0,300077497#6,4
6220.0,30620492#0,18
6220.0,30620492#1,5
6220.0,35274074#0,4
6220.0,484988951#0,4
6220.0,49073226#2,2
6220.0,506322844#0,2
6220.0,506322848#0,3
6220.0,51362429#0,14
6220.0,593847703#0,2
6220.0,594658757#0,3
6220.0,594658760#0,2
6220.0,:3086736518_0,3
6220.0,:3086736518_4,1
6220.0,:3086736518_6,1
6220.0,:655375232_8,1
6220.0,:655375238_1,1
6220.0,:655375239_5,1
6220.0,:cluster655375336_end_0_655375336_end_1_655375336_end_10_655375336_end_11_#8more_17,1
6220.0,:cluster655375336_end_0_655375336_end_1_655375336_end_10_655375336_end_11_#8more_21,1
6220.0,:cluster655375336_end_0_655375336_end_1_655375336_end_10_655375336_end_11_#8more_6,1
6220.0,:cluster_2038168688_655375573_8,1
6220.0,:cluster_2528018119_655375236_12,1
6220.0,:cluster_2528018119_655375236_29,1
6220.0,:cluster_623980147_623980152_4,1
6220.0,:cluster_9383263990_9383263991_9383263992_9383263993_7,1
6240.0,-1334905223#2,1
6240.0,-300077497#5,27
6240.0,-300077497#8,4
6240.0,-35274074#2,12
6240.0,-51362429#1,2
6240.0,-593847703#3,19
6240.0,-E0,19
6240.0,1068234498#0,28
6240.0,238526531#0,1
6240.0,263217604#0,1
6240.0,288878926#0,13
6240.0,300077497#0,7
6240.0,300077497#6,4
6240.0,30620492#0,18
6240.0,30620492#1,5
6240.0,35274074#0,6
6240.0,484988951#0,4
6240.0,49073226#2,7
6240.0,506322840#0,2
6240.0,506322844#0,5
6240.0,51362429#0,15
6240.0,593847703#0,2
6240.0,594658757#0,3
6240.0,594658760#0,2
6240.0,:3086736518_0,3
6240.0,:3086736518_4,1
6240.0,:3086736518_6,1
6240.0,:655375238_1,1
6240.0,:cluster655375336_end_0_655375336_end_1_655375336_end_10_655375336_end_11_#8more_17,1
6240.0,:cluster655375336_end_0_655375336_end_1_655375336_end_10_655375336_end_11_#8more_21,1
6240.0,:cluster655375336_end_0_655375336_end_1_655375336_end_10_655375336_end_11_#8more_6,1
6260.0,-300077497#5,26
6260.0,-300077497#8,4
6260.0,-35274074#2,10
6260.0,-51362429#1,2
6260.0,-593847703#3,20
6260.0,-E0,19
6260.0,1068234498#0,33
6260.0,182334378#0,1
6260.0,238526531#0,1
6260.0,263217604#0,1
6260.0,288878926#0,13
6260.0,300077497#0,1
6260.0,30620492#0,18
6260.0,30620492#1,5
6260.0,35274074#0,5
6260.0,484988951#0,4
6260.0,49073226#2,7
6260.0,506322844#0,5
6260.0,51362429#0,16
6260.0,594658757#0,3
6260.0,594658760#0,2
6260.0,:3086736518_0,3
6260.0,:3086736518_4,1
6260.0,:3086736518_6,1
6260.0,:655375238_3,2
6260.0,:655375239_3,2
6260.0,:cluster655375336_end_0_655375336_end_1_655375336_end_10_655375336_end_11_#8more_17,1
6260.0,:cluster655375336_end_0_655375336_end_1_655375336_end_10_655375336_end_11_#8more_21,1
6260.0,:cluster655375336_end_0_655375336_end_1_655375336_end_10_655375336_end_11_#8more_6,1
6260.0,:cluster_2038168688_655375573_23,1
6260.0,:cluster_2038168688_655375573_24,1
6260.0,:cluster_2038168688_655375573_3,1
6260.0,:cluster_2038168688_655375573_6,1
6280.0,-300077497#5,26
6280.0,-300077497#8,4
6280.0,-35274074#2,5
6280.0,-51362429#1,2
6280.0,-593847703#3,20
6280.0,-E0,19
6280.0,1068234498#0,22
6280.0,1068234499#0,3
6280.0,186602412#0,3
6280.0,238526531#0,6
6280.0,244450512#4,1
6280.0,288135626#0,4
6280.0,288878926#0,7
6280.0,300077497#6,3
6280.0,30620492#0,18
6280.0,30620492#1,5
6280.0,35274074#0,1
6280.0,484988951#0,3
6280.0,49073226#2,7
6280.0,506322844#0,5
6280.0,506322846#0,5
6280.0,51362429#0,9
6280.0,593847703#0,5
6280.0,593847705,1
6280.0,593849711#0,1
6280.0,594658757#0,3
6280.0,594658760#0,2
6280.0,:1973482489_3,1
6280.0,:3086736518_0,2
6280.0,:3086736518_4,1
6280.0,:3086736518_6,1
6280.0,:655375232_2,2
6280.0,:655375233_0,2
6280.0,:655375238_3,1
6280.0,:cluster622618015_622618108_622618112_622618144_#2more_0,1
6280.0,:cluster655375336_end_0_655375336_end_1_655375336_end_10_655375336_end_11_#8more_17,1
6280.0,:cluster655375336_end_0_655375336_end_1_655375336_end_10_655375336_end_11_#8more_21,1
6280.0,:cluster655375336_end_0_655375336_end_1_655375336_end_10_655375336_end_11_#8more_6,1
6280.0,:cluster_3431431575_4777363357_655375231_6982059025_5,1
6280.0,:cluster_5372642442_631668976_631668981_631669076_22,1
6280.0,:cluster_5372642442_631668976_631668981_631669076_26,1
6280.0,:cluster_5372642442_631668976_631668981_631669076_45,1
6300.0,-300077497#5,27
6300.0,-300077497#8,3
6300.0,-35274074#2,5
6300.0,-51362429#1,2
6300.0,-593847703#3,20
6300.0,-E0,19
6300.0,1068234498#0,16
6300.0,1068234499#0,9
6300.0,186602412#0,4
6300.0,238526531#0,13
6300.0,244450512#5,1
6300.0,288878926#0,5
6300.0,300077497#0,2
6300.0,300077497#6,4
6300.0,30620492#0,18
6300.0,30620492#1,5
6300.0,484988951#0,4
6300.0,49073226#2,7
6300.0,506322844#0,5
6300.0,51362429#0,11
6300.0,593847703#0,11
6300.0,594658757#0,3
6300.0,594658760#0,2
6300.0,:1973482489_3,1
6300.0,:3086736518_0,1
6300.0,:3086736518_4,1
6300.0,:3086736518_6,1
6300.0,:655375232_2,1
6300.0,:cluster655375336_end_0_655375336_end_1_655375336_end_10_655375336_end_11_#8more_17,1
6300.0,:cluster655375336_end_0_655375336_end_1_655375336_end_10_655375336_end_11_#8more_21,1
6300.0,:cluster655375336_end_0_655375336_end_1_655375336_end_10_655375336_end_11_#8more_6,1
6300.0,:cluster_5372642442_631668976_631668981_631669076_45,1
6320.0,-1334905223#2,2
6320.0,-300077497#5,27
6320.0,-300077497#8,4
6320.0,-35274074#2,11
6320.0,-51362429#1,6
6320.0,-593847703#3,15
6320.0,-E0,19
6320.0,1068234498#0,22
6320.0,1068234499#0,1
6320.0,244450512#5,1
6320.0,263217604#0,1
6320.0,288878926#0,5
6320.0,300077497#0,6
6320.0,300077497#6,4
6320.0,30620492#0,18
6320.0,30620492#1,5
6320.0,35274074#0,2
6320.0,484988951#0,4
6320.0,49073226#2,7
6320.0,506322840#0,2
6320.0,506322844#0,5
6320.0,506322848#0,1
6320.0,51362429#0,11
6320.0,593847703#0,11
6320.0,594658757#0,3
6320.0,594658760#0,2
6320.0,:3086736518_0,1
6320.0,:3086736518_4,1
6320.0,:3086736518_6,1
6320.0,:655375232_2,1
6320.0,:655375232_8,1
6320.0,:cluster655375336_end_0_655375336_end_1_655375336_end_10_655375336_end_11_#8more_17,1
6320.0,:cluster655375336_end_0_655375336_end_1_655375336_end_10_655375336_end_11_#8more_21,1
6320.0,:cluster655375336_end_0_655375336_end_1_655375336_end_10_655375336_end_11_#8more_6,1
6320.0,:cluster_2038168688_655375573_8,1
6320.0,:cluster_2528018119_655375236_12,1
6320.0,:cluster_2528018119_655375236_29,1
6320.0,:cluster_9383263990_9383263991_9383263992_9383263993_7,2
6340.0,-300077497#5,27
6340.0,-300077497#8,4
6340.0,-35274074#2,12
6340.0,-51362429#1,8
6340.0,-593847703#3,15
6340.0,-E0,19
6340.0,1068234498#0,30
6340.0,244450512#5,1
6340.0,263217604#0,1
6340.0,288878926#0,5
6340.0,300077497#0,7
6340.0,300077497#6,1
6340.0,30620492#0,18
6340.0,30620492#1,5
6340.0,35274074#0,2
6340.0,484988951#0,4
6340.0,49073226#2,7
6340.0,506322844#0,5
6340.0,51362429#0,11
6340.0,593847703#0,11
6340.0,594658757#0,3
6340.0,594658760#0,2
6340.0,:3086736518_0,1
6340.0,:3086736518_6,1
6340.0,:655375232_2,1
6340.0,:655375238_0,1
6340.0,:655375239_3,1
6340.0,:cluster655375336_end_0_655375336_end_1_655375336_end_10_655375336_end_11_#8more_17,1
6340.0,:cluster655375336_end_0_655375336_end_1_655375336_end_10_655375336_end_11_#8more_21,1
6340.0,:cluster655375336_end_0_655375336_end_1_655375336_end_10_655375336_end_11_#8more_6,1
6360.0,-300077497#5,21
6360.0,-300077497#8,4
6360.0,-35274074#2,9
6360.0,-51362429#1,8
6360.0,-593847703#3,21
6360.0,-E0,19
6360.0,1068234498#0,28
6360.0,238526531#0,2
6360.0,288135626#0,2
6360.0,288878926#0,3
6360.0,300077497#0,7
6360.0,300077497#6,2
6360.0,30620492#0,18
6360.0,30620492#1,5
6360.0,360843888,1
6360.0,484988951#0,4
6360.0,49073226#2,7
6360.0,506322844#0,5
6360.0,506322846#0,2
6360.0,51362429#0,14
6360.0,51362430,1
6360.0,593847703#0,1
6360.0,593849711#0,1
6360.0,594658757#0,3
6360.0,594658760#0,2
6360.0,:3086736518_0,1
6360.0,:3086736518_6,1
6360.0,:655375232_2,1
6360.0,:655375238_3,1
6360.0,:cluster655375336_end_0_655375336_end_1_655375336_end_10_655375336_end_11_#8more_17,1
6360.0,:cluster655375336_end_0_655375336_end_1_655375336_end_10_655375336_end_11_#8more_21,1
6360.0,:cluster655375336_end_0_655375336_end_1_655375336_end_10_655375336_end_11_#8more_6,1
6360.0,:cluster_2528018119_655375236_3,2
6360.0,:cluster_5372642442_631668976_631668981_631669076_22,1
6360.0,:cluster_5372642442_631668976_631668981_631669076_26,1
6380.0,-300077497#5,22
6380.0,-300077497#8,1
6380.0,-35274074#2,9
6380.0,-51362429#1,8
6380.0,-593847703#3,22
6380.0,-E0,19
6380.0,1068234498#0,24
6380.0,1068234499#0,3
6380.0,238526531#0,8
6380.0,300077497#0,6
6380.0,300077497#6,3
6380.0,30620492#0,18
6380.0,30620492#1,5
6380.0,360843888,1
6380.0,484988951#0,3
6380.0,49073226#2,7
6380.0,506322844#0,5
6380.0,506322846#0,1
6380.0,51362429#0,12
6380.0,593847703#0,1
6380.0,594658757#0,3
6380.0,594658760#0,2
6380.0,:3086736518_0,1
6380.0,:3086736518_6,1
6380.0,:655375232_2,3
6380.0,:655375233_0,1
6380.0,:655375238_1,1
6380.0,:655375238_5,1
6380.0,:cluster655375336_end_0_655375336_end_1_655375336_end_10_655375336_end_11_#8more_17,1
6380.0,:cluster655375336_end_0_655375336_end_1_655375336_end_10_655375336_end_11_#8more_21,1
6380.0,:cluster655375336_end_0_655375336_end_1_655375336_end_10_655375336_end_11_#8more_6,1
6380.0,:cluster_2038168688_655375573_23,1
6380.0,:cluster_2038168688_655375573_3,1
6380.0,:cluster_5372642442_631668976_631668981_631669076_22,1
6380.0,:cluster_5372642442_631668976_631668981_631669076_45,2
6400.0,-300077497#5,25
6400.0,-300077497#8,1
6400.0,-35274074#2,12
6400.0,-51362429#1,8
6400.0,-593847703#3,22
6400.0,-E0,19
6400.0,1068234498#0,25
6400.0,186602412#0,2
6400.0,238526531#0,6
6400.0,300077497#0,4
6400.0,300077497#6,3
6400.0,30620492#0,18
6400.0,30620492#1,5
6400.0,35274074#0,4
6400.0,360843888,1
6400.0,484988951#0,4
6400.0,49073226#2,8
6400.0,506322844#0,1
6400.0,506322848#0,3
6400.0,51362429#0,11
6400.0,593847703#0,9
6400.0,594658757#0,3
6400.0,594658760#0,2
6400.0,:1973482489_8,1
6400.0,:3086736518_0,1
6400.0,:3086736518_6,1
6400.0,:655375232_2,1
6400.0,:655375238_1,1
6400.0,:655375238_5,1
6400.0,:655375239_5,2
6400.0,:cluster655375336_end_0_655375336_end_1_655375336_end_10_655375336_end_11_#8more_17,1
6400.0,:cluster655375336_end_0_655375336_end_1_655375336_end_10_655375336_end_11_#8more_21,1
6400.0,:cluster655375336_end_0_655375336_end_1_655375336_end_10_655375336_end_11_#8more_6,1
6400.0,:cluster_2038168688_655375573_9,1
6400.0,:cluster_2528018119_655375236_12,1
6400.0,:cluster_2528018119_655375236_29,1
6420.0,-1334905223#2,2
6420.0,-300077497#5,27
6420.0,-300077497#8,4
6420.0,-35274074#2,11
6420.0,-51362429#1,7
6420.0,-593847703#3,20
6420.0,-E0,19
6420.0,1068234498#0,32
6420.0,238526531#0,4
6420.0,288878926#0,4
6420.0,300077497#0,3
6420.0,300077497#6,4
6420.0,30620492#0,18
6420.0,30620492#1,5
6420.0,35274074#0,7
6420.0,360843888,1
6420.0,484988951#0,4
6420.0,49073226#2,4
6420.0,506322844#0,6
6420.0,51362429#0,11
6420.0,593847703#0,8
6420.0,594658757#0,3
6420.0,594658760#0,2
6420.0,:3086736518_0,1
6420.0,:3086736518_6,1
6420.0,:655375232_2,1
6420.0,:655375233_4,1
6420.0,:655375238_3,1
6420.0,:cluster655375336_end_0_655375336_end_1_655375336_end_10_655375336_end_11_#8more_17,1
6420.0,:cluster655375336_end_0_655375336_end_1_655375336_end_10_655375336_end_11_#8more_21,1
6420.0,:cluster655375336_end_0_655375336_end_1_655375336_end_10_655375336_end_11_#8more_6,1
6420.0,:cluster_3431431575_4777363357_655375231_6982059025_3,2
6440.0,-300077497#5,23
6440.0,-300077497#8,4
6440.0,-35274074#2,9
6440.0,-593847703#3,21
6440.0,-E0,19
6440.0,1068234498#0,33
6440.0,238526531#0,3
6440.0,244450512#5,1
6440.0,288878926#0,10
6440.0,300077497#0,2
6440.0,300077497#6,2
6440.0,30620492#0,17
6440.0,30620492#1,5
6440.0,35274074#0,3
6440.0,484988951#0,4
6440.0,49073226#2,5
6440.0,506322844#0,7
6440.0,506322846#0,1
6440.0,51362429#0,14
6440.0,593847703#0,4
6440.0,594658757#0,3
6440.0,594658760#0,2
6440.0,:3086736518_0,1
6440.0,:3086736518_4,1
6440.0,:3086736518_6,1
6440.0,:655375232_2,1
6440.0,:655375238_3,1
6440.0,:cluster655375336_end_0_655375336_end_1_655375336_end_10_655375336_end_11_#8more_17,1
6440.0,:cluster655375336_end_0_655375336_end_1_655375336_end_10_655375336_end_11_#8more_21,1
6440.0,:cluster655375336_end_0_655375336_end_1_655375336_end_10_655375336_end_11_#8more_6,1
6440.0,:cluster_2038168688_655375573_23,1
6440.0,:cluster_2038168688_655375573_3,1
6440.0,:cluster_2038168688_655375573_6,1
6440.0,:cluster_2528018119_655375236_17,2
6440.0,:cluster_2528018119_655375236_3,2
6440.0,:cluster_3431431575_4777363357_655375231_6982059025_3,2
6440.0,:cluster_623980147_623980152_9,1
6460.0,-300077497#5,22
6460.0,-300077497#8,4
6460.0,-35274074#2,7
6460.0,-593847703#3,24
6460.0,-E0,19
6460.0,1068234498#0,25
6460.0,1068234499#0,1
6460.0,186602412#0,2
6460.0,238526531#0,8
6460.0,244450512#5,1
6460.0,288135626#0,1
6460.0,288878926#0,7
6460.0,300077497#0,6
6460.0,300077497#6,1
6460.0,30620492#0,18
6460.0,30620492#1,5
6460.0,484988951#0,4
6460.0,49073226#2,4
6460.0,506322844#0,7
6460.0,506322846#0,4
6460.0,51362429#0,16
6460.0,593849711#0,2
6460.0,594658757#0,3
6460.0,594658760#0,2
6460.0,:1973482489_3,1
6460.0,:2444664370_0,1
6460.0,:3086736518_0,1
6460.0,:3086736518_4,1
6460.0,:3086736518_6,1
6460.0,:655375232_2,1
6460.0,:655375238_6,1
6460.0,:cluster655375336_end_0_655375336_end_1_655375336_end_10_655375336_end_11_#8more_17,1
6460.0,:cluster655375336_end_0_655375336_end_1_655375336_end_10_655375336_end_11_#8more_21,1
6460.0,:cluster655375336_end_0_655375336_end_1_655375336_end_10_655375336_end_11_#8more_6,1
6460.0,:cluster_2038168688_655375573_3,1
6460.0,:cluster_5372642442_631668976_631668981_631669076_45,2
6460.0,:cluster_623980147_623980152_9,1
6480.0,-300077497#5,24
6480.0,-35274074#2,7
6480.0,-593847703#3,26
6480.0,-E0,18
6480.0,1068234498#0,21
6480.0,1068234499#0,3
6480.0,186602412#0,4
6480.0,238526531#0,15
6480.0,244450512#5,1
6480.0,288135626#0,2
6480.0,288878926#0,9
6480.0,300077497#0,3
6480.0,300077497#6,1
6480.0,30620492#0,18
6480.0,30620492#1,5
6480.0,35274074#0,2
6480.0,484988951#0,4
6480.0,49073226#2,1
6480.0,506322844#0,7
6480.0,506322846#0,1
6480.0,51362429#0,15
6480.0,593847704#0,1
6480.0,594658757#0,3
6480.0,594658760#0,2
6480.0,:3086736518_0,1
6480.0,:3086736518_4,1
6480.0,:3086736518_6,1
6480.0,:655375232_2,2
6480.0,:655375233_0,1
6480.0,:655375238_1,1
6480.0,:cluster655375336_end_0_655375336_end_1_655375336_end_10_655375336_end_11_#8more_17,1
6480.0,:cluster655375336_end_0_655375336_end_1_655375336_end_10_655375336_end_11_#8more_21,1
6480.0,:cluster655375336_end_0_655375336_end_1_655375336_end_10_655375336_end_11_#8more_6,1
6480.0,:cluster_5372642442_631668976_631668981_631669076_45,1
6500.0,-1334905223#2,1
6500.0,-300077497#5,26
6500.0,-300077497#8,3
6500.0,-35274074#2,12
6500.0,-593847703#3,26
6500.0,-E0,19
6500.0,1068234498#0,24
6500.0,186602412#0,1
6500.0,238526531#0,7
6500.0,244450512#5,1
6500.0,263217604#0,2
6500.0,288878926#0,9
6500.0,300077497#0,4
6500.0,300077497#6,1
6500.0,30620492#0,18
6500.0,30620492#1,5
6500.0,35274074#0,5
6500.0,484988951#0,3
6500.0,49073226#2,1
6500.0,506322840#0,1
6500.0,506322844#0,3
6500.0,506322848#0,1
6500.0,51362429#0,11
6500.0,593847703#0,11
6500.0,593847704#0,1
6500.0,594658757#0,2
6500.0,594658760#0,1
6500.0,:3086736518_0,1
6500.0,:3086736518_4,1
6500.0,:3086736518_6,1
6500.0,:655375232_2,1
6500.0,:655375238_1,1
6500.0,:655375238_5,1
6500.0,:655375239_5,1
6500.0,:655375241_0,1
6500.0,:cluster655375336_end_0_655375336_end_1_655375336_end_10_655375336_end_11_#8more_21,1
6500.0,:cluster655375336_end_0_655375336_end_1_655375336_end_10_655375336_end_11_#8more_6,1
6500.0,:cluster_2528018119_655375236_29,1
6520.0,-1334905223#2,1
6520.0,-300077497#5,27
6520.0,-300077497#8,4
6520.0,-35274074#2,10
6520.0,-51362429#1,1
6520.0,-593847703#3,23
6520.0,-E0,19
6520.0,1068234498#0,24
6520.0,1068440004#1,1
6520.0,238526531#0,7
6520.0,244450512#5,1
6520.0,263217604#0,2
6520.0,288878926#0,9
6520.0,300077497#0,1
6520.0,300077497#6,1
6520.0,30620492#0,18
6520.0,30620492#1,5
6520.0,35274074#0,6
6520.0,484988951#0,4
6520.0,49073226#2,1
6520.0,49073272#3,1
6520.0,506322844#0,5
6520.0,51362429#0,11
6520.0,51362430,1
6520.0,593847703#0,10
6520.0,594658757#0,1
6520.0,594658760#0,1
6520.0,:3086736518_0,1
6520.0,:3086736518_4,1
6520.0,:3086736518_6,1
6520.0,:655375232_2,1
6520.0,:655375233_4,2
6520.0,:655375238_3,1
6520.0,:655375239_3,2
6520.0,:cluster655375336_end_0_655375336_end_1_655375336_end_10_655375336_end_11_#8more_21,1
6540.0,-300077497#5,19
6540.0,-300077497#8,4
6540.0,-35274074#2,5
6540.0,-51362429#1,2
6540.0,-593847703#3,22
6540.0,-E0,19
6540.0,1068234498#0,18
6540.0,238526531#0,8
6540.0,288135626#0,3
6540.0,288878926#0,7
6540.0,300077497#0,7
6540.0,300077497#6,1
6540.0,30620492#0,18
6540.0,30620492#1,5
6540.0,360018417,1
6540.0,360843888,1
6540.0,484988951#0,4
6540.0,49073226#2,6
6540.0,506322844#0,5
6540.0,506322846#0,6
6540.0,51362429#0,14
6540.0,51362430,1
6540.0,593847702#0,1
6540.0,593847703#0,1
6540.0,593849711#0,2
6540.0,594658757#0,1
6540.0,594658760#0,2
6540.0,:3086736518_0,1
6540.0,:3086736518_6,1
6540.0,:655375232_2,1
6540.0,:655375233_8,1
6540.0,:cluster655375336_end_0_655375336_end_1_655375336_end_10_655375336_end_11_#8more_21,1
6540.0,:cluster_2528018119_655375236_17,3
6540.0,:cluster_2528018119_655375236_3,2
6540.0,:cluster_3431431575_4777363357_655375231_6982059025_3,2
6540.0,:cluster_5372642442_631668976_631668981_631669076_45,2
6560.0,-300077497#5,21
6560.0,-300077497#8,1
6560.0,-35274074#2,5
6560.0,-51362429#1,2
6560.0,-593847703#3,25
6560.0,-E0,19
6560.0,1068234498#0,10
6560.0,1068234499#0,3
6560.0,186602412#0,4
6560.0,238526531#0,15
6560.0,288878926#0,1
6560.0,300077497#0,5
6560.0,300077497#6,1
6560.0,30620492#0,18
6560.0,30620492#1,5
6560.0,35274074#0,1
6560.0,360843888,1
6560.0,484988951#0,4
6560.0,49073226#2,9
6560.0,506322844#0,5
6560.0,506322846#0,1
6560.0,51362429#0,16
6560.0,593847702#0,2
6560.0,594658757#0,1
6560.0,594658760#0,2
6560.0,:3086736518_0,1
6560.0,:3086736518_6,1
6560.0,:655375232_2,1
6560.0,:655375238_1,1
6560.0,:655375238_5,1
6560.0,:cluster622618015_622618108_622618112_622618144_#2more_49,1
6560.0,:cluster655375336_end_0_655375336_end_1_655375336_end_10_655375336_end_11_#8more_21,1
6560.0,:cluster_2038168688_655375573_23,1
6560.0,:cluster_2038168688_655375573_3,1
6560.0,:cluster_5372642442_631668976_631668981_631669076_26,1
6560.0,:cluster_5372642442_631668976_631668981_631669076_45,2
6580.0,-300077497#5,24
6580.0,-300077497#8,2
6580.0,-35274074#2,8
6580.0,-51362429#1,2
6580.0,-593847703#3,25
6580.0,-E0,19
6580.0,1068234498#0,7
6580.0,186602412#0,2
6580.0,238526531#0,14
6580.0,288878926#0,1
6580.0,300077497#0,2
6580.0,300077497#6,1
6580.0,30620492#0,18
6580.0,30620492#1,5
6580.0,35274074#0,5
6580.0,360843888,1
6580.0,484988951#0,4
6580.0,49073226#2,10
6580.0,49073272#1,1
6580.0,49073272#3,1
6580.0,506322844#0,2
6580.0,506322848#0,2
6580.0,51362429#0,17
6580.0,594658757#0,1
6580.0,594658760#0,2
6580.0,:1973482489_8,1
6580.0,:3086736518_0,1
6580.0,:3086736518_6,1
6580.0,:655375232_2,1
6580.0,:655375238_1,1
6580.0,:655375239_5,1
6580.0,:cluster655375336_end_0_655375336_end_1_655375336_end_10_655375336_end_11_#8more_21,1
6580.0,:cluster_2038168688_655375573_9,1
6580.0,:cluster_2528018119_655375236_29,1
6580.0,:cluster_9383263990_9383263991_9383263992_9383263993_7,1
6600.0,-300077497#5,27
6600.0,-300077497#8,4
6600.0,-35274074#2,12
6600.0,-51362429#1,2
6600.0,-593847703#3,25
6600.0,-E0,19
6600.0,1068234498#0,7
6600.0,238526531#0,8
6600.0,263217604#0,1
6600.0,288878926#0,1
6600.0,300077497#6,3
6600.0,30620492#0,18
6600.0,30620492#1,5
6600.0,35274074#0,6
6600.0,360843888,1
6600.0,484988951#0,4
6600.0,49073226#2,10
6600.0,49073272#3,2
6600.0,506322840#0,1
6600.0,506322844#0,4
6600.0,51362429#0,10
6600.0,593847703#0,6
6600.0,593847704#0,1
6600.0,594658757#0,1
6600.0,594658760#0,2
6600.0,:3086736518_0,1
6600.0,:655375232_2,1
6600.0,:655375233_0,1
6600.0,:655375238_0,1
6600.0,:655375241_0,2
6600.0,:cluster655375336_end_0_655375336_end_1_655375336_end_10_655375336_end_11_#8more_21,1
6620.0,-300077497#5,23
6620.0,-300077497#8,4
6620.0,-35274074#2,5
6620.0,-51362429#1,2
6620.0,-593847703#3,25
6620.0,-E0,20
6620.0,1068234498#0,7
6620.0,238526531#0,8
6620.0,263217604#0,1
6620.0,288878926#0,1
6620.0,300077497#0,2
6620.0,300077497#6,2
6620.0,30620492#0,18
6620.0,30620492#1,5
6620.0,35274074#0,2
6620.0,360018417,1
6620.0,484988951#0,3
6620.0,49073226#2,10
6620.0,506322844#0,6
6620.0,506322846#0,1
6620.0,51362429#0,14
6620.0,593847703#0,3
6620.0,594658757#0,1
6620.0,594658760#0,2
6620.0,:3086736518_0,1
6620.0,:3208478121_3,1
6620.0,:3208478128_0,1
6620.0,:655375232_2,1
6620.0,:655375233_4,2
6620.0,:655375239_3,1
6620.0,:cluster_2038168688_655375573_23,1
6620.0,:cluster_2038168688_655375573_3,1
6620.0,:cluster_2038168688_655375573_6,1
6620.0,:cluster_2528018119_655375236_17,2
6620.0,:cluster_2528018119_655375236_3,2
6640.0,-300077497#5,20
6640.0,-300077497#8,4
6640.0,-35274074#2,2
6640.0,-51362429#1,8
6640.0,-593847703#3,23
6640.0,-E0,20
6640.0,186602412#0,3
6640.0,196961377#3,2
6640.0,238526531#0,13
6640.0,244450512#4,1
6640.0,244450512#5,1
6640.0,300077497#0,4
6640.0,300077497#6,1
6640.0,30620492#0,18
6640.0,30620492#1,5
6640.0,35274074#0,2
6640.0,484988951#0,4
6640.0,49073226#2,10
6640.0,506322844#0,6
6640.0,506322846#0,2
6640.0,51362429#0,15
6640.0,593847702#0,1
6640.0,594658757#0,1
6640.0,594658760#0,2
6640.0,:1973482489_3,1
6640.0,:3086736518_0,1
6640.0,:3086736518_4,1
6640.0,:655375232_2,1
6640.0,:cluster_2038168688_655375573_3,1
6640.0,:cluster_2528018119_655375236_17,1
6640.0,:cluster_5372642442_631668976_631668981_631669076_45,2
6660.0,-300077497#5,22
6660.0,-35274074#2,2
6660.0,-51362429#1,7
6660.0,-593847703#3,25
6660.0,-E0,20
6660.0,186602412#0,1
6660.0,232003903#0,1
6660.0,238526531#0,15
6660.0,244450512#5,2
6660.0,288878926#0,6
6660.0,300077497#0,1
6660.0,300077497#6,1
6660.0,30620492#0,18
6660.0,30620492#1,5
6660.0,35274074#0,2
6660.0,484988951#0,3
6660.0,49073226#2,4
6660.0,506322844#0,6
6660.0,506322846#0,1
6660.0,51362429#0,16
6660.0,593847702#0,1
6660.0,593847704#0,2
6660.0,594658757#0,1
6660.0,594658760#0,2
6660.0,:1973482489_8,1
6660.0,:3086736518_0,1
6660.0,:3086736518_4,1
6660.0,:655375232_2,1
6660.0,:655375238_6,1
6660.0,:cluster_3431431575_4777363357_655375231_6982059025_3,1
6660.0,:cluster_3431431575_4777363357_655375231_6982059025_5,1
6680.0,-1334905223#2,1
6680.0,-300077497#5,26
6680.0,-300077497#8,1
6680.0,-35274074#2,8
6680.0,-593847703#3,25
6680.0,-E0,19
6680.0,238526531#0,5
6680.0,244450512#5,2
6680.0,263217604#0,2
6680.0,288878926#0,12
6680.0,300077497#6,1
6680.0,30620492#0,18
6680.0,30620492#1,5
6680.0,35274074#0,4
6680.0,484988951#0,5
6680.0,49073226#2,5
6680.0,49073272#3,1
6680.0,506322840#0,1
6680.0,506322844#0,2
6680.0,51362429#0,17
6680.0,593847704#0,2
6680.0,594658757#0,1
6680.0,594658760#0,2
6680.0,:3086736518_0,1
6680.0,:3086736518_4,1
6680.0,:3086736518_6,1
6680.0,:655375232_2,1
6680.0,:655375238_5,1
6680.0,:655375239_5,1
6680.0,:655375241_0,1
6680.0,:cluster_2038168688_655375573_25,1
6680.0,:cluster_623980147_623980152_9,1
6700.0,-300077497#5,27
6700.0,-300077497#8,3
6700.0,-35274074#2,7
6700.0,-593847703#3,25
6700.0,-E0,19
6700.0,244450512#5,2
6700.0,263217604#0,3
6700.0,288878926#0,13
6700.0,300077497#6,2
6700.0,30620492#0,18
6700.0,30620492#1,5
6700.0,35274074#0,4
6700.0,484988951#0,3
6700.0,49073226#2,5
6700.0,49073264#0,1
6700.0,49073272#3,2
6700.0,506322844#0,5
6700.0,51362429#0,9
6700.0,593847703#0,7
6700.0,594658757#0,1
6700.0,594658760#0,2
6700.0,:3086736518_0,1
6700.0,:3086736518_4,1
6700.0,:3086736518_6,1
6700.0,:655375232_2,1
6700.0,:655375233_0,3
6700.0,:655375238_3,1
6700.0,:655375239_3,1
6700.0,:cluster_2038168688_655375573_8,1
6700.0,:cluster_3431431575_4777363357_655375231_6982059025_5,1
6720.0,-300077497#5,26
6720.0,-300077497#8,3
6720.0,-35274074#2,1
6720.0,-49073264#1,1
6720.0,-593847703#3,26
6720.0,-E0,19
6720.0,288878926#0,11
6720.0,300077497#0,8
6720.0,300077497#6,2
6720.0,30620492#0,18
6720.0,30620492#1,5
6720.0,360018417,2
6720.0,360843888,1
6720.0,484988951#0,4
6720.0,49073226#2,6
6720.0,506322844#0,5
6720.0,506322846#0,4
6720.0,51362429#0,12
6720.0,51362430,2
6720.0,593847703#0,1
6720.0,593847705,2
6720.0,593849711#0,1
6720.0,594658757#0,1
6720.0,594658760#0,3
6720.0,:3086736518_4,1
6720.0,:3086736518_6,1
6720.0,:cluster3086736522_655375108_655375247_655375401_#1more_17,1
6720.0,:cluster_2528018119_655375236_3,2
6740.0,-300077497#5,23
6740.0,-300077497#8,2
6740.0,-35274074#2,1
6740.0,-49073264#1,1
6740.0,-51362429#1,6
6740.0,-593847703#3,18
6740.0,-E0,19
6740.0,182334378#0,1
6740.0,186602412#0,3
6740.0,288878926#0,5
6740.0,300077497#0,5
6740.0,300077497#6,2
6740.0,30620492#0,18
6740.0,30620492#1,4
6740.0,35274074#0,1
6740.0,360843888,2
6740.0,484988951#0,4
6740.0,49073226#2,7
6740.0,506322844#0,6
6740.0,506322846#0,2
6740.0,51362429#0,14
6740.0,593847705,2
6740.0,594658757#0,1
6740.0,594658760#0,3
6740.0,:3086736518_4,1
6740.0,:3086736518_6,1
6740.0,:655375232_8,2
6740.0,:655375238_6,1
6740.0,:cluster622618015_622618108_622618112_622618144_#2more_49,2
6740.0,:cluster_2038168688_655375573_3,2
6740.0,:cluster_2528018119_655375236_17,1
6740.0,:cluster_3431431575_4777363357_655375231_6982059025_3,1
6760.0,-300077497#5,23
6760.0,-300077497#8,3
6760.0,-35274074#2,1
6760.0,-49073264#1,1
6760.0,-51362429#1,6
6760.0,-593847703#3,19
6760.0,-E0,19
6760.0,186602412#0,4
6760.0,232003903#0,1
6760.0,263217604#0,2
6760.0,288878926#0,5
6760.0,300077497#6,2
6760.0,30620492#0,16
6760.0,30620492#1,5
6760.0,35274074#0,6
6760.0,360843888,2
6760.0,484988951#0,3
6760.0,49073226#2,9
6760.0,506322844#0,4
6760.0,506322846#0,1
6760.0,51362429#0,16
6760.0,593847705,2
6760.0,594658757#0,1
6760.0,594658760#0,2
6760.0,:3086736518_4,1
6760.0,:3086736518_6,1
6760.0,:655375238_5,1
6760.0,:cluster655375336_end_0_655375336_end_1_655375336_end_10_655375336_end_11_#8more_18,1
6760.0,:cluster_3431431575_4777363357_655375231_6982059025_3,1
6760.0,:cluster_3431431575_4777363357_655375231_6982059025_7,1
6780.0,-300077497#5,27
6780.0,-300077497#8,4
6780.0,-51362429#1,6
6780.0,-593847703#3,19
6780.0,-E0,19
6780.0,1068440004#1,1
6780.0,232003903#0,1
6780.0,263217604#0,2
6780.0,288878926#0,5
6780.0,300077497#6,3
6780.0,30620492#0,18
6780.0,30620492#1,5
6780.0,35274074#0,6
6780.0,360843888,2
6780.0,484988951#0,4
6780.0,49073226#2,11
6780.0,506322844#0,5
6780.0,51362429#0,17
6780.0,593847705,2
6780.0,594658757#0,1
6780.0,594658760#0,2
6780.0,:3086736518_4,1
6780.0,:3086736518_6,1
6780.0,:cluster622618015_622618108_622618112_622618144_#2more_17,1
6780.0,:cluster_3431431575_4777363357_655375231_6982059025_3,1
6800.0,-300077497#5,25
6800.0,-300077497#8,4
6800.0,-51362429#1,6
6800.0,-593847703#3,21
6800.0,-E0,19
6800.0,1068440004#1,1
6800.0,244450512#4,2
6800.0,263217604#0,2
6800.0,288878926#0,5
6800.0,30620492#0,18
6800.0,30620492#1,3
6800.0,35274074#0,2
6800.0,484988951#0,4
6800.0,49073226#2,11
6800.0,506322844#0,7
6800.0,506322846#0,1
6800.0,51362429#0,10
6800.0,51362430,1
6800.0,593847703#0,3
6800.0,594658757#0,1
6800.0,594658760#0,2
6800.0,:3086736518_0,2
6800.0,:3086736518_4,1
6800.0,:3086736518_6,1
6800.0,:655375232_2,5
6800.0,:655375233_0,1
6800.0,:cluster_2038168688_655375573_23,1
6800.0,:cluster_2038168688_655375573_3,1
6800.0,:cluster_2038168688_655375573_6,1
6800.0,:cluster_3431431575_4777363357_655375231_6982059025_3,1
6800.0,:cluster_9383263990_9383263991_9383263992_9383263993_10,1
6800.0,:cluster_9383263990_9383263991_9383263992_9383263993_13,1
6820.0,-300077497#5,25
6820.0,-300077497#8,4
6820.0,-51362429#1,6
6820.0,-593847703#3,21
6820.0,-E0,19
6820.0,1068440004#1,1
6820.0,186602412#0,3
6820.0,244450512#5,2
6820.0,30620492#0,16
6820.0,30620492#1,5
6820.0,484988951#0,3
6820.0,49073226#2,12
6820.0,506322842#0,1
6820.0,506322844#0,7
6820.0,506322846#0,3
6820.0,51362429#0,14
6820.0,593849711#0,1
6820.0,594658760#0,3
6820.0,:3086736518_0,2
6820.0,:3086736518_4,1
6820.0,:3086736518_6,1
6820.0,:655375232_2,5
6820.0,:cluster_3431431575_4777363357_655375231_6982059025_3,1
6820.0,:cluster_3431431575_4777363357_655375231_6982059025_5,1
6820.0,:cluster_9383263990_9383263991_9383263992_9383263993_13,1
6840.0,-300077497#5,27
6840.0,-300077497#8,2
6840.0,-51362429#1,8
6840.0,-593847703#3,16
6840.0,-E0,19
6840.0,1068440004#1,1
6840.0,186602412#0,2
6840.0,244450512#5,2
6840.0,30620492#0,18
6840.0,30620492#1,5
6840.0,484988951#0,4
6840.0,49073226#2,12
6840.0,506322842#0,1
6840.0,506322844#0,7
6840.0,51362429#0,16
6840.0,593847704#0,2
6840.0,594658760#0,3
6840.0,:3086736518_0,2
6840.0,:655375232_2,5
6840.0,:655375232_8,1
6840.0,:655375233_4,1
6840.0,:cluster_3431431575_4777363357_655375231_6982059025_3,1
6840.0,:cluster_9383263990_9383263991_9383263992_9383263993_13,1
6860.0,-300077497#5,27
6860.0,-300077497#8,4
6860.0,-51362429#1,9
6860.0,-593847703#3,16
6860.0,-E0,19
6860.0,244450512#5,2
6860.0,263217604#0,2
6860.0,30620492#0,18
6860.0,30620492#1,5
6860.0,484988951#0,4
6860.0,49073226#2,12
6860.0,506322844#0,5
6860.0,51362429#0,17
6860.0,593847704#0,2
6860.0,594658760#0,3
6860.0,:3086736518_0,2
6860.0,:655375232_2,5
6860.0,:655375233_4,1
6860.0,:655375233_8,1
6860.0,:cluster_3431431575_4777363357_655375231_6982059025_3,1
6860.0,:cluster_5372642442_631668976_631668981_631669076_36,1
6880.0,-300077497#5,27
6880.0,-300077497#8,4
6880.0,-51362429#1,9
6880.0,-593847703#3,16
6880.0,-E0,19
6880.0,1068234499#0,1
6880.0,244450512#5,2
6880.0,263217604#0,3
6880.0,288878926#0,1
6880.0,30620492#0,18
6880.0,30620492#1,5
6880.0,484988951#0,4
6880.0,49073226#2,10
6880.0,49073272#3,1
6880.0,506322844#0,5
6880.0,51362429#0,17
6880.0,593849718#0,1
6880.0,594658760#0,3
6880.0,:3086736518_0,2
6880.0,:655375232_2,5
6880.0,:655375233_4,1
6880.0,:655375233_8,1
6880.0,:cluster_3431431575_4777363357_655375231_6982059025_3,1
6880.0,:cluster_623980147_623980152_4,1
6900.0,-300077497#5,20
6900.0,-300077497#8,4
6900.0,-51362429#1,7
6900.0,-593847703#3,23
6900.0,-E0,18
6900.0,1068234499#0,1
6900.0,288878926#0,6
6900.0,30620492#0,18
6900.0,30620492#1,5
6900.0,360018417,1
6900.0,484988951#0,4
6900.0,49073226#2,5
6900.0,506322844#0,5
6900.0,51362429#0,14
6900.0,51362430,2
6900.0,593849711#0,2
6900.0,594658757#0,1
6900.0,594658760#0,5
6900.0,:3086736518_0,3
6900.0,:3086736518_6,1
6900.0,:655375232_2,4
6900.0,:655375233_0,3
6900.0,:655375233_4,1
6900.0,:655375233_8,1
6900.0,:cluster_3431431575_4777363357_655375231_6982059025_3,2
6920.0,-300077497#5,22
6920.0,-300077497#8,1
6920.0,-593847703#3,23
6920.0,-E0,19
6920.0,1068234499#0,1
6920.0,288878926#0,6
6920.0,30620492#0,18
6920.0,30620492#1,5
6920.0,484988951#0,3
6920.0,49073226#2,5
6920.0,506322844#0,5
6920.0,51362429#0,15
6920.0,594658757#0,1
6920.0,594658760#0,5
6920.0,:3086736518_0,3
6920.0,:3086736518_6,1
6920.0,:655375232_2,5
6920.0,:655375233_0,3
6920.0,:655375233_4,1
6920.0,:655375233_8,1
6920.0,:655375238_5,1
6920.0,:cluster622618015_622618108_622618112_622618144_#2more_49,1
6920.0,:cluster_3431431575_4777363357_655375231_6982059025_3,2
6920.0,:cluster_3431431575_4777363357_655375231_6982059025_5,1
6920.0,:cluster_623980147_623980152_9,1
6940.0,-300077497#5,25
6940.0,-300077497#8,1
6940.0,-51362429#1,1
6940.0,-593847703#3,20
6940.0,-E0,19
6940.0,182334378#0,1
6940.0,288878926#0,12
6940.0,30620492#0,18
6940.0,30620492#1,5
6940.0,484988951#0,3
6940.0,49073226#2,2
6940.0,506322844#0,2
6940.0,51362429#0,17
6940.0,594658757#0,1
6940.0,594658760#0,5
6940.0,:3086736518_0,3
6940.0,:3086736518_6,1
6940.0,:655375232_2,5
6940.0,:655375233_0,3
6940.0,:655375233_4,3
6940.0,:655375233_8,1
6940.0,:655375238_5,1
6940.0,:655375239_5,1
6940.0,:cluster_3431431575_4777363357_655375231_6982059025_7,2
6960.0,-300077497#5,27
6960.0,-300077497#8,4
6960.0,-593847703#3,20
6960.0,-E0,19
6960.0,1068440004#1,1
6960.0,182334378#0,1
6960.0,263217604#0,1
6960.0,288878926#0,12
6960.0,30620492#0,18
6960.0,30620492#1,5
6960.0,484988951#0,3
6960.0,49073226#2,5
6960.0,506322844#0,5
6960.0,51362429#0,17
6960.0,594658757#0,1
6960.0,594658760#0,4
6960.0,:3086736518_0,3
6960.0,:3086736518_6,1
6960.0,:655375232_2,5
6960.0,:655375233_0,3
6960.0,:655375233_4,3
6960.0,:655375233_8,1
6960.0,:cluster622618015_622618108_622618112_622618144_#2more_43,1
6980.0,-300077497#5,24
6980.0,-300077497#8,4
6980.0,-593847703#3,22
6980.0,-E0,19
6980.0,182334378#0,1
6980.0,196961215#2,1
6980.0,263217604#0,1
6980.0,288878926#0,12
6980.0,30620492#0,18
6980.0,30620492#1,5
6980.0,484988951#0,3
6980.0,49073226#2,5
6980.0,506322844#0,5
6980.0,51362429#0,17
6980.0,594658757#0,1
6980.0,594658760#0,4
6980.0,:3086736518_0,3
6980.0,:3086736518_6,1
6980.0,:655375232_2,5
6980.0,:655375233_0,3
6980.0,:655375233_4,3
6980.0,:655375233_8,2
6980.0,:cluster_2528018119_655375236_17,1
7000.0,-300077497#5,23
7000.0,-300077497#8,4
7000.0,-593847703#3,24
7000.0,-E0,19
7000.0,182334378#0,1
7000.0,196961215#2,1
7000.0,244450512#4,1
7000.0,288878926#0,6
7000.0,30620492#0,18
7000.0,30620492#1,5
7000.0,484988951#0,3
7000.0,49073226#2,5
7000.0,506322844#0,5
7000.0,51362429#0,16
7000.0,593849711#0,1
7000.0,594658757#0,1
7000.0,594658760#0,4
7000.0,:3086736518_0,3
7000.0,:3086736518_6,1
7000.0,:655375232_2,6
7000.0,:655375233_0,3
7000.0,:655375233_4,3
7000.0,:655375233_8,2
7000.0,:cluster622618015_622618108_622618112_622618144_#2more_0,1
7020.0,-300077497#5,24
7020.0,-300077497#8,1
7020.0,-593847703#3,26
7020.0,-E0,19
7020.0,182334378#0,1
7020.0,196961215#2,1
7020.0,244450512#5,1
7020.0,288878926#0,5
7020.0,30620492#0,18
7020.0,30620492#1,5
7020.0,484988951#0,2
7020.0,49073226#2,5
7020.0,506322844#0,5
7020.0,51362429#0,17
7020.0,594658757#0,1
7020.0,594658760#0,4
7020.0,:3086736518_0,3
7020.0,:3086736518_6,1
7020.0,:655375232_2,6
7020.0,:655375233_0,3
7020.0,:655375233_4,3
7020.0,:655375233_8,2
7040.0,-300077497#5,26
7040.0,-300077497#8,4
7040.0,-593847703#3,24
7040.0,-E0,19
7040.0,182334378#0,1
7040.0,196961215#2,1
7040.0,244450512#5,1
7040.0,288878926#0,5
7040.0,30620492#0,18
7040.0,30620492#1,5
7040.0,484988951#0,2
7040.0,49073226#2,5
7040.0,506322844#0,4
7040.0,51362429#0,17
7040.0,594658757#0,1
7040.0,594658760#0,4
7040.0,:3086736518_0,3
7040.0,:3086736518_3,1
7040.0,:3086736518_6,1
7040.0,:655375232_2,6
7040.0,:655375232_8,1
7040.0,:655375233_0,3
7040.0,:655375233_2,1
7040.0,:655375233_4,2
7040.0,:655375233_8,2
7040.0,:655375238_5,1
7060.0,-300077497#5,27
7060.0,-300077497#8,4
7060.0,-51362429#1,2
7060.0,-593847703#3,23
7060.0,-E0,19
7060.0,182334378#0,1
7060.0,196961215#2,1
7060.0,244450512#5,1
7060.0,288878926#0,5
7060.0,30620492#0,18
7060.0,30620492#1,5
7060.0,484988951#0,2
7060.0,49073226#2,7
7060.0,49073272#1,1
7060.0,506322844#0,5
7060.0,51362429#0,17
7060.0,593847702#0,3
7060.0,593847703#0,3
7060.0,594658757#0,1
7060.0,594658760#0,4
7060.0,:3086736518_0,3
7060.0,:3086736518_6,1
7060.0,:655375232_2,6
7080.0,-300077497#5,21
7080.0,-300077497#8,4
7080.0,-51362429#1,2
7080.0,-593847703#3,26
7080.0,-E0,19
7080.0,182334378#0,2
7080.0,196961215#2,1
7080.0,288878926#0,3
7080.0,300077497#0,3
7080.0,30620492#0,18
7080.0,30620492#1,5
7080.0,360018417,1
7080.0,484988951#0,2
7080.0,49073226#2,7
7080.0,506322844#0,5
7080.0,51362429#0,17
7080.0,51362430,1
7080.0,593847702#0,3
7080.0,593849711#0,2
7080.0,594658757#0,1
7080.0,594658760#0,4
7080.0,:3086736518_0,3
7080.0,:3086736518_6,1
7080.0,:655375232_2,6
7080.0,:cluster_2528018119_655375236_17,1
7080.0,:cluster_2528018119_655375236_31,1
7100.0,-300077497#5,17
7100.0,-300077497#8,1
7100.0,-51362429#1,2
7100.0,-593847703#3,29
7100.0,-E0,19
7100.0,182334378#0,7
7100.0,196961215#2,1
7100.0,30620492#0,18
7100.0,30620492#1,5
7100.0,484988951#0,3
7100.0,49073226#2,7
7100.0,506322844#0,5
7100.0,51362429#0,17
7100.0,593847702#0,3
7100.0,593849711#0,1
7100.0,594658757#0,1
7100.0,594658760#0,4
7100.0,:3086736518_0,3
7100.0,:3086736518_6,1
7100.0,:655375232_2,6
7100.0,:655375238_1,1
7100.0,:655375238_5,1
7100.0,:cluster_2038168688_655375573_23,1
7100.0,:cluster_2038168688_655375573_6,1
7120.0,-300077497#5,20
7120.0,-300077497#8,1
7120.0,-51362429#1,1
7120.0,-593847703#3,29
7120.0,-E0,19
7120.0,182334378#0,7
7120.0,186602412#0,2
7120.0,263217604#0,1
7120.0,288878926#0,4
7120.0,30620492#0,17
7120.0,30620492#1,5
7120.0,35274074#0,1
7120.0,484988951#0,1
7120.0,49073226#2,3
7120.0,49073264#0,1
7120.0,49073272#1,1
7120.0,49073272#3,1
7120.0,506322844#0,2
7120.0,51362429#0,15
7120.0,593847703#0,8
7120.0,593847704#0,1
7120.0,594658757#0,1
7120.0,594658760#0,3
7120.0,:3086736518_0,2
7120.0,:655375232_2,2
7120.0,:655375238_5,1
7120.0,:655375239_5,1
7120.0,:cluster_3431431575_4777363357_655375231_6982059025_3,1
7120.0,:cluster_3431431575_4777363357_655375231_6982059025_5,1
7120.0,:cluster_623980147_623980152_4,1
7140.0,-300077497#5,26
7140.0,-300077497#8,1
7140.0,-593847703#3,27
7140.0,-E0,19
7140.0,182334378#0,7
7140.0,263217604#0,3
7140.0,288878926#0,11
7140.0,30620492#0,18
7140.0,30620492#1,5
7140.0,35274074#0,1
7140.0,49073272#3,2
7140.0,506322844#0,3
7140.0,51362429#0,16
7140.0,593847703#0,8
7140.0,594658757#0,1
7140.0,594658760#0,3
7140.0,:3086736518_0,2
7140.0,:655375232_2,2
7140.0,:655375233_4,2
7140.0,:cluster622618015_622618108_622618112_622618144_#2more_17,1
7140.0,:cluster622618015_622618108_622618112_622618144_#2more_39,1
7160.0,-300077497#5,24
7160.0,-51362429#1,7
7160.0,-593847703#3,21
7160.0,-E0,19
7160.0,182334378#0,7
7160.0,263217604#0,3
7160.0,288878926#0,11
7160.0,300077497#0,2
7160.0,30620492#0,18
7160.0,30620492#1,5
7160.0,360018417,1
7160.0,506322844#0,6
7160.0,51362429#0,16
7160.0,593847703#0,4
7160.0,594658757#0,1
7160.0,594658760#0,3
7160.0,:3086736518_0,2
7160.0,:3086736518_4,1
7160.0,:3208478121_3,1
7160.0,:655375232_2,2
7160.0,:cluster_2038168688_655375573_23,1
7160.0,:cluster_2528018119_655375236_19,2
7160.0,:cluster_2528018119_655375236_3,2
7160.0,:cluster_623980147_623980152_4,1
7180.0,-300077497#5,21
7180.0,-51362429#1,5
7180.0,-593847703#3,22
7180.0,-E0,19
7180.0,182334378#0,9
7180.0,186602412#0,1
7180.0,196961377#3,2
7180.0,288878926#0,6
7180.0,300077497#0,6
7180.0,30620492#0,18
7180.0,30620492#1,5
7180.0,35274074#0,1
7180.0,506322844#0,6
7180.0,51362429#0,16
7180.0,593849711#0,2
7180.0,594658757#0,2
7180.0,594658760#0,5
7180.0,:3086736518_0,2
7180.0,:3086736518_4,1
7180.0,:655375232_2,2
7180.0,:655375238_1,1
7180.0,:cluster_2528018119_655375236_17,2
7180.0,:cluster_3431431575_4777363357_655375231_6982059025_3,2
7200.0,-300077497#5,20
7200.0,-593847703#3,25
7200.0,-E0,18
7200.0,182334378#0,7
7200.0,232003903#0,1
7200.0,288878926#0,4
7200.0,30620492#0,18
7200.0,30620492#1,5
7200.0,35274074#0,3
7200.0,49073226#2,7
7200.0,506322844#0,6
7200.0,506322846#0,3
7200.0,51362429#0,16
7200.0,594658757#0,2
7200.0,594658760#0,5
7200.0,:1973482489_8,1
7200.0,:3086736518_0,2
7200.0,:3086736518_4,1
7200.0,:3086736518_6,1
7200.0,:655375232_2,2
7200.0,:656132414_3,1
7200.0,:cluster_2038168688_655375573_23,1
7220.0,-300077497#5,26
7220.0,-300077497#8,1
7220.0,-593847703#3,25
7220.0,-E0,18
7220.0,182334378#0,7
7220.0,186602412#0,4
7220.0,263217604#0,1
7220.0,288878926#0,4
7220.0,30620492#0,18
7220.0,30620492#1,5
7220.0,35274074#0,3
7220.0,484988951#0,1
7220.0,49073226#2,8
7220.0,506322844#0,2
7220.0,51362429#0,8
7220.0,593847703#0,8
7220.0,594658757#0,1
7220.0,594658760#0,5
7220.0,:3086736518_0,1
7220.0,:3086736518_4,1
7220.0,:3086736518_6,1
7220.0,:655375232_2,1
7220.0,:655375233_0,2
7220.0,:655375239_5,1
7240.0,-300077497#5,27
7240.0,-300077497#8,3
7240.0,-593847703#3,25
7240.0,-E0,19
7240.0,182334378#0,7
7240.0,263217604#0,1
7240.0,288878926#0,4
7240.0,30620492#0,18
7240.0,30620492#1,5
7240.0,35274074#0,3
7240.0,49073226#2,9
7240.0,506322844#0,5
7240.0,51362429#0,8
7240.0,593847703#0,11
7240.0,594658760#0,4
7240.0,:3086736518_0,1
7240.0,:3086736518_4,1
7240.0,:3086736518_6,1
7240.0,:cluster655375336_end_0_655375336_end_1_655375336_end_10_655375336_end_11_#8more_17,1
7240.0,:cluster655375336_end_0_655375336_end_1_655375336_end_10_655375336_end_11_#8more_19,1
7260.0,-300077497#5,22
7260.0,-300077497#8,3
7260.0,-51362429#1,7
7260.0,-593847703#3,19
7260.0,-E0,20
7260.0,1068440004#1,1
7260.0,182334378#0,6
7260.0,288878926#0,2
7260.0,300077497#0,7
7260.0,30620492#0,18
7260.0,30620492#1,5
7260.0,360843888,1
7260.0,49073226#2,9
7260.0,506322844#0,5
7260.0,506322846#0,3
7260.0,51362429#0,8
7260.0,593847702#0,1
7260.0,593847703#0,2
7260.0,593849711#0,1
7260.0,594658760#0,4
7260.0,:3086736518_0,1
7260.0,:3086736518_4,1
7260.0,:3086736518_6,1
7260.0,:655375232_8,1
7260.0,:cluster_2528018119_655375236_19,2
7260.0,:cluster_2528018119_655375236_3,2
7280.0,-300077497#5,22
7280.0,-51362429#1,8
7280.0,-593847703#3,21
7280.0,-E0,20
7280.0,182334378#0,7
7280.0,186602412#0,2
7280.0,300077497#0,6
7280.0,30620492#0,18
7280.0,30620492#1,5
7280.0,360843888,1
7280.0,49073226#2,10
7280.0,506322844#0,5
7280.0,506322846#0,2
7280.0,51362429#0,8
7280.0,593847702#0,2
7280.0,594658760#0,4
7280.0,:3086736518_0,1
7280.0,:3086736518_6,1
7280.0,:655375238_1,1
7280.0,:655375238_5,1
7280.0,:cluster655375336_end_0_655375336_end_1_655375336_end_10_655375336_end_11_#8more_6,1
7280.0,:cluster_2038168688_655375573_23,1
7280.0,:cluster_2038168688_655375573_3,1
7300.0,-300077497#5,24
7300.0,-300077497#8,1
7300.0,-51362429#1,8
7300.0,-593847703#3,21
7300.0,-E0,20
7300.0,182334378#0,6
7300.0,186602412#0,3
7300.0,232003903#0,2
7300.0,300077497#0,1
7300.0,30620492#0,18
7300.0,30620492#1,5
7300.0,35274074#0,5
7300.0,360843888,1
7300.0,49073226#2,10
7300.0,49073272#1,2
7300.0,506322844#0,2
7300.0,51362429#0,8
7300.0,594658760#0,4
7300.0,:3086736518_0,1
7300.0,:3086736518_6,1
7300.0,:655375238_1,1
7300.0,:655375238_5,1
7300.0,:655375239_5,1
7320.0,-300077497#5,27
7320.0,-300077497#8,4
7320.0,-51362429#1,8
7320.0,-593847703#3,21
7320.0,-E0,20
7320.0,182334378#0,6
7320.0,232003903#0,2
7320.0,30620492#0,18
7320.0,30620492#1,5
7320.0,35274074#0,7
7320.0,360843888,1
7320.0,49073226#2,10
7320.0,49073272#3,2
7320.0,506322844#0,5
7320.0,593847703#0,3
7320.0,593847704#0,1
7320.0,594658760#0,4
7320.0,:3086736518_0,1
7320.0,:655375232_2,3
7320.0,:655375233_0,2
7340.0,-300077497#5,25
7340.0,-300077497#8,4
7340.0,-51362429#1,8
7340.0,-593847703#3,23
7340.0,-E0,20
7340.0,182334378#0,6
7340.0,244450512#5,1
7340.0,300077497#0,2
7340.0,30620492#0,18
7340.0,30620492#1,4
7340.0,35274074#0,3
7340.0,360018417,1
7340.0,49073226#2,10
7340.0,506322844#0,6
7340.0,51362430,2
7340.0,593847703#0,5
7340.0,593852345#0,1
7340.0,594658760#0,4
7340.0,:3208478121_3,1
7340.0,:cluster_2038168688_655375573_23,1
7340.0,:cluster_2038168688_655375573_24,1
7340.0,:cluster_2038168688_655375573_3,1
7340.0,:cluster_2038168688_655375573_6,1
7340.0,:cluster_2528018119_655375236_3,2
7340.0,:cluster_9383263990_9383263991_9383263992_9383263993_13,1
7360.0,-300077497#5,25
7360.0,-300077497#8,4
7360.0,-51362429#1,9
7360.0,-593847703#3,20
7360.0,-E0,20
7360.0,182334378#0,6
7360.0,186602412#0,3
7360.0,196961377#3,2
7360.0,244450512#5,1
7360.0,288878926#0,4
7360.0,300077497#0,6
7360.0,30620492#0,17
7360.0,30620492#1,5
7360.0,35274074#0,2
7360.0,484988951#0,2
7360.0,49073226#2,5
7360.0,506322844#0,6
7360.0,506322846#0,4
7360.0,593849711#0,1
7360.0,593852345#0,1
7360.0,594658760#0,4
7360.0,:655375233_4,2
7360.0,:655375238_6,1
7360.0,:cluster_9383263990_9383263991_9383263992_9383263993_13,1
7380.0,-300077497#5,27
7380.0,-300077497#8,2
7380.0,-51362429#1,2
7380.0,-593847703#3,20
7380.0,-E0,20
7380.0,182334378#0,6
7380.0,186602412#0,3
7380.0,244450512#5,1
7380.0,288878926#0,8
7380.0,300077497#0,1
7380.0,30620492#0,18
7380.0,30620492#1,5
7380.0,35274074#0,3
7380.0,49073226#2,4
7380.0,506322844#0,6
7380.0,506322846#0,3
7380.0,593852345#0,1
7380.0,594658760#0,4
7380.0,:655375233_4,2
7380.0,:655375238_1,1
7380.0,:cluster_3431431575_4777363357_655375231_6982059025_3,3
7380.0,:cluster_623980147_623980152_4,1
7380.0,:cluster_9383263990_9383263991_9383263992_9383263993_13,1
7400.0,-300077497#5,27
7400.0,-300077497#8,4
7400.0,-593847703#3,20
7400.0,-E0,19
7400.0,182334378#0,6
7400.0,186602412#0,1
7400.0,244450512#5,1
7400.0,263217604#0,1
7400.0,288878926#0,13
7400.0,30620492#0,18
7400.0,30620492#1,5
7400.0,35274074#0,5
7400.0,49073226#2,5
7400.0,506322844#0,5
7400.0,593852345#0,1
7400.0,594658760#0,4
7400.0,:3086736518_6,1
7400.0,:655375233_4,2
7420.0,-300077497#5,27
7420.0,-300077497#8,4
7420.0,-593847703#3,20
7420.0,-E0,14
7420.0,182334378#0,6
7420.0,196961215#2,1
7420.0,244450512#5,1
7420.0,263217604#0,1
7420.0,288878926#0,13
7420.0,30620492#0,18
7420.0,30620492#1,5
7420.0,35274074#0,5
7420.0,49073226#2,5
7420.0,506322844#0,5
7420.0,593847704#0,2
7420.0,594658760#0,4
7420.0,:655375233_4,2
7420.0,:cluster622618015_622618108_622618112_622618144_#2more_39,2
7440.0,-300077497#5,21
7440.0,-300077497#8,4
7440.0,-49073264#1,1
7440.0,-593847703#3,25
7440.0,-E0,19
7440.0,182334378#0,7
7440.0,196961215#2,1
7440.0,288878926#0,11
7440.0,30620492#0,18
7440.0,30620492#1,5
7440.0,49073226#2,5
7440.0,506322844#0,5
7440.0,506322846#0,5
7440.0,51362430,1
7440.0,593847704#0,1
7440.0,593849711#0,2
7440.0,594658757#0,1
7440.0,:655375233_4,2
7460.0,-300077497#5,22
7460.0,-300077497#8,1
7460.0,-49073264#1,1
7460.0,-51362429#1,1
7460.0,-593847703#3,21
7460.0,-E0,19
7460.0,182334378#0,7
7460.0,186602412#0,4
7460.0,196961215#2,1
7460.0,288878926#0,5
7460.0,30620492#0,18
7460.0,30620492#1,5
7460.0,49073226#2,6
7460.0,506322844#0,5
7460.0,593847704#0,2
7460.0,594658757#0,1
7460.0,:655375232_8,1
7460.0,:655375233_4,3
7460.0,:655375238_5,1
7460.0,:cluster_2528018119_655375236_17,1
7480.0,-300077497#5,25
7480.0,-300077497#8,1
7480.0,-49073264#1,1
7480.0,-51362429#1,4
7480.0,-593847703#3,21
7480.0,-E0,19
7480.0,182334378#0,7
7480.0,196961215#2,1
7480.0,288878926#0,5
7480.0,30620492#0,18
7480.0,30620492#1,5
7480.0,49073226#2,8
7480.0,506322844#0,2
7480.0,593847704#0,2
7480.0,594658757#0,1
7480.0,:655375238_5,1
7480.0,:655375239_5,1
7500.0,-300077497#5,27
7500.0,-300077497#8,4
7500.0,-51362429#1,4
7500.0,-593847703#3,21
7500.0,-E0,19
7500.0,182334378#0,7
7500.0,196961215#2,1
7500.0,288878926#0,5
7500.0,30620492#0,18
7500.0,30620492#1,5
7500.0,49073226#2,8
7500.0,506322844#0,5
7500.0,593847704#0,1
7500.0,594658757#0,1
7500.0,:cluster622618015_622618108_622618112_622618144_#2more_17,1
7500.0,:cluster622618015_622618108_622618112_622618144_#2more_39,1
7520.0,-300077497#5,25
7520.0,-300077497#8,4
7520.0,-49073264#1,1
7520.0,-51362429#1,4
7520.0,-593847703#3,23
7520.0,-E0,13
7520.0,182334378#0,7
7520.0,196961215#2,1
7520.0,288878926#0,5
7520.0,30620492#0,18
7520.0,30620492#1,5
7520.0,49073226#2,8
7520.0,506322844#0,7
7520.0,593847704#0,5
7520.0,594658757#0,1
7540.0,-300077497#5,25
7540.0,-300077497#8,4
7540.0,-49073264#1,1
7540.0,-51362429#1,4
7540.0,-593847703#3,23
7540.0,-E0,18
7540.0,182334378#0,4
7540.0,196961215#2,1
7540.0,30620492#0,18
7540.0,30620492#1,5
7540.0,49073226#2,8
7540.0,506322844#0,7
7540.0,593847704#0,5
7540.0,593849711#0,1
7540.0,:cluster655375336_end_0_655375336_end_1_655375336_end_10_655375336_end_11_#8more_39,1
7540.0,:cluster655375336_end_0_655375336_end_1_655375336_end_10_655375336_end_11_#8more_6,1
7560.0,-300077497#5,25
7560.0,-300077497#8,2
7560.0,-49073264#1,1
7560.0,-51362429#1,4
7560.0,-593847703#3,22
7560.0,-E0,19
7560.0,182334378#0,4
7560.0,196961215#2,1
7560.0,30620492#0,18
7560.0,30620492#1,5
7560.0,49073226#2,8
7560.0,506322844#0,7
7560.0,51362430,1
7560.0,593847704#0,5
7560.0,:655375233_4,3
7580.0,-300077497#5,27
7580.0,-300077497#8,3
7580.0,-49073264#1,1
7580.0,-51362429#1,9
7580.0,-593847703#3,18
7580.0,-E0,19
7580.0,182334378#0,4
7580.0,263217604#0,2
7580.0,30620492#0,18
7580.0,30620492#1,5
7580.0,49073226#2,8
7580.0,506322844#0,3
7580.0,593847704#0,5
7580.0,:3086736518_4,1
7580.0,:655375233_4,1
7580.0,:655375239_5,1
7580.0,:cluster_623980147_623980152_3,1
7580.0,:cluster_623980147_623980152_9,1
7600.0,-300077497#5,27
7600.0,-300077497#8,4
7600.0,-51362429#1,5
7600.0,-593847703#3,18
7600.0,-E0,19
7600.0,182334378#0,4
7600.0,263217604#0,2
7600.0,288878926#0,8
7600.0,30620492#0,18
7600.0,30620492#1,5
7600.0,49073226#2,4
7600.0,49073264#0,1
7600.0,49073272#1,2
7600.0,49073272#3,1
7600.0,506322844#0,5
7600.0,:3086736518_4,1
7600.0,:655375233_4,1
7600.0,:cluster622618015_622618108_622618112_622618144_#2more_39,1
7600.0,:cluster_3431431575_4777363357_655375231_6982059025_3,1
7600.0,:cluster_623980147_623980152_4,1
7620.0,-300077497#5,23
7620.0,-300077497#8,4
7620.0,-49073264#1,1
7620.0,-593847703#3,22
7620.0,-E0,17
7620.0,182334378#0,4
7620.0,288878926#0,11
7620.0,30620492#0,18
7620.0,30620492#1,5
7620.0,360018417,3
7620.0,360843888,1
7620.0,49073226#2,4
7620.0,506322844#0,5
7620.0,593849711#0,1
7620.0,594658757#0,1
7620.0,:3086736518_4,1
7620.0,:3086736518_6,2
7620.0,:655375233_4,1
7620.0,:cluster_3431431575_4777363357_655375231_6982059025_3,2
7640.0,-300077497#5,23
7640.0,-300077497#8,1
7640.0,-49073264#1,1
7640.0,-593847703#3,23
7640.0,-E0,20
7640.0,182334378#0,4
7640.0,196961377#3,1
7640.0,288878926#0,9
7640.0,30620492#0,18
7640.0,30620492#1,5
7640.0,360843888,1
7640.0,49073226#2,2
7640.0,506322844#0,5
7640.0,:3086736518_4,1
7640.0,:3086736518_6,2
7640.0,:655375233_4,1
7640.0,:655375238_5,1
7640.0,:cluster622618015_622618108_622618112_622618144_#2more_49,2
7640.0,:cluster_2528018119_655375236_31,1
7660.0,-300077497#5,25
7660.0,-300077497#8,4
7660.0,-49073264#1,1
7660.0,-593847703#3,21
7660.0,-E0,20
7660.0,182334378#0,5
7660.0,288878926#0,9
7660.0,30620492#0,17
7660.0,30620492#1,5
7660.0,360843888,1
7660.0,49073226#2,2
7660.0,506322844#0,3
7660.0,:3086736518_4,1
7660.0,:3086736518_6,2
7660.0,:655375232_8,1
7660.0,:655375233_4,2
7680.0,-300077497#5,27
7680.0,-300077497#8,4
7680.0,-51362429#1,1
7680.0,-593847703#3,15
7680.0,-E0,20
7680.0,182334378#0,5
7680.0,263217604#0,2
7680.0,288878926#0,9
7680.0,30620492#0,18
7680.0,30620492#1,5
7680.0,360843888,1
7680.0,49073226#2,5
7680.0,506322844#0,5
7680.0,593847704#0,1
7680.0,:3086736518_4,1
7680.0,:3086736518_6,1
7680.0,:655375233_2,1
7680.0,:655375233_4,3
7680.0,:cluster622618015_622618108_622618112_622618144_#2more_17,1
7680.0,:cluster_3431431575_4777363357_655375231_6982059025_3,1
7700.0,-300077497#5,23
7700.0,-300077497#8,4
7700.0,-593847703#3,17
7700.0,-E0,20
7700.0,182334378#0,5
7700.0,244450512#5,1
7700.0,263217604#0,2
7700.0,288878926#0,9
7700.0,30620492#0,18
7700.0,30620492#1,5
7700.0,49073226#2,7
7700.0,506322844#0,5
7700.0,:3086736518_4,1
7700.0,:3086736518_6,1
7700.0,:655375233_2,1
7700.0,:655375233_4,3
7700.0,:cluster_2528018119_655375236_17,1
7700.0,:cluster_2528018119_655375236_31,1
7700.0,:cluster_623980090_623980094_0,1
7720.0,-300077497#5,18
7720.0,-300077497#8,4
7720.0,-593847703#3,23
7720.0,-E0,17
7720.0,182334378#0,6
7720.0,196961215#2,1
7720.0,244450512#4,1
7720.0,244450512#5,1
7720.0,288878926#0,3
7720.0,30620492#0,18
7720.0,30620492#1,5
7720.0,49073226#2,7
7720.0,506322844#0,5
7720.0,593849711#0,1
7720.0,594658760#0,1
7720.0,:3086736518_4,1
7720.0,:3086736518_6,2
7720.0,:655375233_2,1
7720.0,:655375233_4,3
7720.0,:cluster622618015_622618108_622618112_622618144_#2more_0,1
7740.0,-300077497#5,21
7740.0,-593847703#3,24
7740.0,-E0,18
7740.0,182334378#0,3
7740.0,196961215#2,1
7740.0,244450512#5,2
7740.0,288878926#0,1
7740.0,30620492#0,18
7740.0,30620492#1,5
7740.0,49073226#2,7
7740.0,506322844#0,5
7740.0,594658760#0,1
7740.0,:3086736518_4,1
7740.0,:3086736518_6,2
7740.0,:655375233_2,1
7740.0,:655375233_4,3
7740.0,:cluster655375336_end_0_655375336_end_1_655375336_end_10_655375336_end_11_#8more_6,2
7760.0,-300077497#5,26
7760.0,-300077497#8,1
7760.0,-593847703#3,24
7760.0,-E0,19
7760.0,1239087514,1
7760.0,182334378#0,1
7760.0,196961215#2,1
7760.0,244450512#5,2
7760.0,288878926#0,1
7760.0,30620492#0,18
7760.0,30620492#1,5
7760.0,484988951#0,1
7760.0,49073226#2,7
7760.0,506322844#0,2
7760.0,51362430,1
7760.0,594658760#0,1
7760.0,:3086736518_4,1
7760.0,:3086736518_6,2
7760.0,:655375233_2,1
7760.0,:655375233_4,3
7760.0,:655375238_5,1
7760.0,:655375239_5,1
7760.0,:cluster11510670762_4554226152_1,1
7780.0,-300077497#5,27
7780.0,-300077497#8,4
7780.0,-51362429#1,4
7780.0,-593847703#3,19
7780.0,-E0,19
7780.0,182334378#0,1
7780.0,196961215#2,1
7780.0,244450512#5,2
7780.0,288878926#0,1
7780.0,30620492#0,18
7780.0,30620492#1,5
7780.0,49073226#2,10
7780.0,506322844#0,5
7780.0,593847702#0,1
7780.0,593847704#0,2
7780.0,594658760#0,1
7780.0,:3086736518_4,1
7780.0,:655375232_8,1
7780.0,:655375233_4,3
7780.0,:cluster_3431431575_4777363357_655375231_6982059025_7,1
7800.0,-300077497#5,20
7800.0,-300077497#8,4
7800.0,-51362429#1,5
7800.0,-593847701,1
7800.0,-593847703#3,25
7800.0,-E0,19
7800.0,182334378#0,2
7800.0,196961215#2,1
7800.0,30620492#0,18
7800.0,30620492#1,5
7800.0,360018417,1
7800.0,49073226#2,11
7800.0,506322844#0,5
7800.0,51362430,2
7800.0,593847702#0,1
7800.0,593849711#0,1
7800.0,:655375233_4,3
7800.0,:655375233_8,1
7820.0,-300077497#5,19
7820.0,-300077497#8,1
7820.0,-51362429#1,4
7820.0,-593847701,1
7820.0,-593847703#3,28
7820.0,-E0,17
7820.0,182334378#0,2
7820.0,288878926#0,3
7820.0,30620492#0,18
7820.0,30620492#1,5
7820.0,49073226#2,10
7820.0,506322844#0,5
7820.0,593847702#0,1
7820.0,:3086736518_6,2
7820.0,:655375233_4,3
7820.0,:655375233_8,1
7820.0,:655375238_5,1
7820.0,:cluster_3431431575_4777363357_655375231_6982059025_3,1
7820.0,:cluster_623980147_623980152_9,1
7840.0,-300077497#5,22
7840.0,-300077497#8,1
7840.0,-51362429#1,3
7840.0,-593847701,1
7840.0,-593847703#3,28
7840.0,-E0,17
7840.0,182334378#0,2
7840.0,288878926#0,10
7840.0,30620492#0,18
7840.0,30620492#1,5
7840.0,49073226#2,4
7840.0,49073264#0,1
7840.0,506322844#0,2
7840.0,:3086736518_6,2
7840.0,:655375233_4,3
7840.0,:655375233_8,1
7840.0,:655375238_5,1
7840.0,:655375239_5,2
7840.0,:cluster_3431431575_4777363357_655375231_6982059025_3,1
7840.0,:cluster_623980147_623980152_4,1
7860.0,-300077497#5,27
7860.0,-300077497#8,3
7860.0,-593847701,1
7860.0,-593847703#3,28
7860.0,-E0,19
7860.0,182334378#0,2
7860.0,263217604#0,1
7860.0,288878926#0,13
7860.0,30620492#0,18
7860.0,30620492#1,5
7860.0,49073226#2,6
7860.0,506322844#0,3
7860.0,:3086736518_6,2
7860.0,:655375233_4,3
7860.0,:655375233_8,1
7860.0,:cluster622618015_622618108_622618112_622618144_#2more_17,1
7880.0,-300077497#5,27
7880.0,-300077497#8,3
7880.0,-51362429#1,1
7880.0,-593847703#3,23
7880.0,-E0,19
7880.0,182334378#0,2
7880.0,263217604#0,1
7880.0,288878926#0,13
7880.0,30620492#0,18
7880.0,30620492#1,5
7880.0,49073226#2,6
7880.0,506322844#0,5
7880.0,593847704#0,3
7880.0,:655375232_8,1
7880.0,:655375233_2,1
7880.0,:655375233_4,4
7880.0,:655375233_8,1
7880.0,:cluster_3431431575_4777363357_655375231_6982059025_3,1
7900.0,-300077497#5,27
7900.0,-300077497#8,3
7900.0,-51362429#1,2
7900.0,-593847703#3,23
7900.0,-E0,19
7900.0,182334378#0,2
7900.0,288878926#0,7
7900.0,30620492#0,18
7900.0,30620492#1,5
7900.0,49073226#2,7
7900.0,506322844#0,5
7900.0,593847704#0,3
7900.0,593849711#0,1
7900.0,594658760#0,1
7900.0,:655375233_2,1
7900.0,:655375233_4,4
7900.0,:655375233_8,1
7900.0,:cluster622618015_622618108_622618112_622618144_#2more_0,1
7920.0,-300077497#5,27
7920.0,-300077497#8,3
7920.0,-51362429#1,2
7920.0,-593847703#3,23
7920.0,-E0,18
7920.0,182334378#0,2
7920.0,288878926#0,5
7920.0,30620492#0,18
7920.0,30620492#1,5
7920.0,49073226#2,7
7920.0,506322844#0,5
7920.0,593847704#0,3
7920.0,594658760#0,1
7920.0,:3086736518_6,1
7920.0,:655375233_2,1
7920.0,:655375233_4,4
7920.0,:655375233_8,1
7940.0,-300077497#5,27
7940.0,-300077497#8,4
7940.0,-51362429#1,2
7940.0,-593847703#3,23
7940.0,-E0,13
7940.0,182334378#0,1
7940.0,263217604#0,1
7940.0,288878926#0,5
7940.0,30620492#0,18
7940.0,30620492#1,5
7940.0,49073226#2,7
7940.0,506322844#0,5
7940.0,593847704#0,7
7940.0,594658760#0,1
7940.0,:655375233_2,1
7940.0,:655375233_4,4
7940.0,:655375233_8,1
7940.0,:cluster655375336_end_0_655375336_end_1_655375336_end_10_655375336_end_11_#8more_5,1
7960.0,-300077497#5,27
7960.0,-300077497#8,4
7960.0,-51362429#1,2
7960.0,-593847703#3,23
7960.0,-E0,19
7960.0,263217604#0,1
7960.0,288878926#0,5
7960.0,30620492#0,17
7960.0,30620492#1,5
7960.0,49073226#2,7
7960.0,49073272#1,1
7960.0,49073272#3,2
7960.0,506322844#0,6
7960.0,51362430,1
7960.0,593849718#0,2
7960.0,594658760#0,1
7960.0,:655375233_2,1
7960.0,:655375233_4,4
7960.0,:655375233_8,1
7960.0,:cluster622618015_622618108_622618112_622618144_#2more_39,1
7960.0,:cluster622618015_622618108_622618112_622618144_#2more_42,1
7980.0,-300077497#5,24
7980.0,-300077497#8,4
7980.0,-49073264#1,1
7980.0,-51362429#1,2
7980.0,-593847703#3,24
7980.0,-E0,19
7980.0,288878926#0,3
7980.0,30620492#0,18
7980.0,30620492#1,5
7980.0,360018417,3
7980.0,360843888,1
7980.0,49073226#2,8
7980.0,506322844#0,6
7980.0,593849711#0,1
7980.0,594658760#0,1
7980.0,:655375233_2,1
7980.0,:655375233_4,4
7980.0,:655375233_8,1
7980.0,:cluster_2528018119_655375236_17,2
8000.0,-300077497#5,23
8000.0,-300077497#8,2
8000.0,-49073264#1,1
8000.0,-51362429#1,2
8000.0,-593847703#3,28
8000.0,-E0,19
8000.0,30620492#0,18
8000.0,30620492#1,5
8000.0,360843888,1
8000.0,49073226#2,8
8000.0,506322844#0,6
8000.0,594658760#0,1
8000.0,:655375233_2,1
8000.0,:655375233_4,4
8000.0,:655375233_8,1
8000.0,:655375238_5,1
8000.0,:cluster622618015_622618108_622618112_622618144_#2more_49,2
8020.0,-300077497#5,26
8020.0,-300077497#8,2
8020.0,-49073264#1,1
8020.0,-51362429#1,2
8020.0,-593847703#3,28
8020.0,-E0,19
8020.0,263217604#0,1
8020.0,30620492#0,18
8020.0,30620492#1,5
8020.0,360843888,1
8020.0,49073226#2,8
8020.0,506322844#0,3
8020.0,594658760#0,1
8020.0,:655375233_2,1
8020.0,:655375233_4,4
8020.0,:655375233_8,1
8020.0,:655375238_5,1
8020.0,:655375239_5,1
8040.0,-300077497#5,27
8040.0,-300077497#8,4
8040.0,-51362429#1,2
8040.0,-593847703#3,28
8040.0,-E0,14
8040.0,263217604#0,2
8040.0,30620492#0,18
8040.0,30620492#1,5
8040.0,360843888,1
8040.0,49073226#2,8
8040.0,506322844#0,8
8040.0,593847704#0,5
8040.0,594658760#0,1
8040.0,:655375233_2,1
8040.0,:655375233_4,4
8040.0,:655375233_8,1
8040.0,:cluster622618015_622618108_622618112_622618144_#2more_17,1
8060.0,-300077497#5,23
8060.0,-300077497#8,4
8060.0,-593847703#3,29
8060.0,-E0,19
8060.0,182334378#0,1
8060.0,244450512#4,1
8060.0,263217604#0,2
8060.0,288878926#0,4
8060.0,30620492#0,18
8060.0,30620492#1,5
8060.0,360018417,1
8060.0,49073226#2,3
8060.0,49073272#3,1
8060.0,506322844#0,8
8060.0,594658760#0,1
8060.0,:3208478121_3,1
8060.0,:655375233_2,1
8060.0,:655375233_4,4
8060.0,:655375233_8,1
8060.0,:cluster_2528018119_655375236_17,2
8060.0,:cluster_3431431575_4777363357_655375231_6982059025_3,2
8060.0,:cluster_623980147_623980152_9,1
8080.0,-300077497#5,23
8080.0,-300077497#8,4
8080.0,-593847703#3,31
8080.0,-E0,19
8080.0,196961377#3,3
8080.0,244450512#5,1
8080.0,288878926#0,4
8080.0,30620492#0,18
8080.0,30620492#1,5
8080.0,506322844#0,8
8080.0,51362430,1
8080.0,593849711#0,1
8080.0,594658760#0,3
8080.0,:655375233_2,1
8080.0,:655375233_4,4
8080.0,:655375233_8,1
8100.0,-300077497#5,26
8100.0,-593847703#3,32
8100.0,-E0,19
8100.0,244450512#5,1
8100.0,288878926#0,3
8100.0,30620492#0,18
8100.0,30620492#1,5
8100.0,506322844#0,8
8100.0,593849711#0,1
8100.0,594658760#0,3
8100.0,:655375233_2,1
8100.0,:655375233_4,4
8100.0,:655375233_8,1
8120.0,-300077497#5,27
8120.0,-300077497#8,4
8120.0,-593847703#3,32
8120.0,-E0,19
8120.0,244450512#5,1
8120.0,263217604#0,3
8120.0,288878926#0,3
8120.0,30620492#0,18
8120.0,30620492#1,5
8120.0,506322844#0,4
8120.0,594658760#0,3
8120.0,:655375233_2,1
8120.0,:655375233_4,4
8120.0,:655375239_6,1
8120.0,:cluster622618015_622618108_622618112_622618144_#2more_35,1
8140.0,-300077497#5,27
8140.0,-300077497#8,4
8140.0,-593847703#3,32
8140.0,-E0,14
8140.0,196961215#2,1
8140.0,244450512#5,1
8140.0,263217604#0,5
8140.0,288878926#0,3
8140.0,30620492#0,18
8140.0,30620492#1,5
8140.0,506322844#0,5
8140.0,593847704#0,4
8140.0,594658760#0,3
8140.0,:3086736518_6,1
8140.0,:655375233_2,1
8140.0,:655375233_4,4
8160.0,-300077497#5,25
8160.0,-300077497#8,4
8160.0,-593847703#3,34
8160.0,-E0,18
8160.0,196961215#2,1
8160.0,288878926#0,1
8160.0,30620492#0,18
8160.0,30620492#1,5
8160.0,360843888,1
8160.0,506322844#0,5
8160.0,51362430,1
8160.0,593847704#0,3
8160.0,593849711#0,1
8160.0,594658757#0,2
8160.0,594658760#0,4
8160.0,:655375233_2,1
8160.0,:655375233_4,4
8160.0,:cluster3086736522_655375108_655375247_655375401_#1more_17,1
8180.0,-300077497#5,26
8180.0,-300077497#8,2
8180.0,-593847703#3,34
8180.0,-E0,20
8180.0,196961215#2,1
8180.0,30620492#0,18
8180.0,30620492#1,5
8180.0,360843888,2
8180.0,506322844#0,5
8180.0,593847704#0,3
8180.0,594658757#0,2
8180.0,594658760#0,3
8180.0,:3086736518_4,1
8180.0,:655375233_2,1
8180.0,:655375233_4,4
8180.0,:cluster_3431431575_4777363357_655375231_6982059025_7,1
8200.0,-300077497#5,27
8200.0,-300077497#8,4
8200.0,-51362429#1,2
8200.0,-593847703#3,28
8200.0,-E0,20
8200.0,1068440004#1,1
8200.0,196961215#2,1
8200.0,30620492#0,18
8200.0,30620492#1,5
8200.0,360843888,2
8200.0,49073226#2,4
8200.0,506322844#0,4
8200.0,593847702#0,2
8200.0,593847704#0,5
8200.0,594658757#0,2
8200.0,594658760#0,2
8200.0,:3086736518_4,1
8200.0,:cluster_3431431575_4777363357_655375231_6982059025_3,2
8220.0,-300077497#5,27
8220.0,-300077497#8,4
8220.0,-49073264#1,1
8220.0,-51362429#1,1
8220.0,-593847703#3,28
8220.0,-E0,20
8220.0,196961215#2,1
8220.0,30620492#0,18
8220.0,30620492#1,5
8220.0,360843888,2
8220.0,49073226#2,7
8220.0,49073272#3,1
8220.0,506322844#0,5
8220.0,593847702#0,1
8220.0,593847704#0,3
8220.0,594658757#0,2
8220.0,594658760#0,2
8220.0,:3086736518_4,1
8220.0,:cluster622618015_622618108_622618112_622618144_#2more_37,1
8220.0,:cluster622618015_622618108_622618112_622618144_#2more_52,1
8240.0,-300077497#5,23
8240.0,-300077497#8,4
8240.0,-51362429#1,1
8240.0,-593847703#3,29
8240.0,-E0,18
8240.0,182334378#0,1
8240.0,196961215#2,2
8240.0,244450512#4,1
8240.0,30620492#0,18
8240.0,30620492#1,5
8240.0,360018417,1
8240.0,49073226#2,7
8240.0,49073264#0,1
8240.0,506322844#0,5
8240.0,593847702#0,1
8240.0,594658757#0,2
8240.0,594658760#0,2
8240.0,:3086736515_0,1
8240.0,:3086736518_4,1
8240.0,:3086736518_6,2
8240.0,:3208478121_3,1
8240.0,:3208478128_0,1
8240.0,:cluster_2528018119_655375236_17,2
8260.0,-300077497#5,22
8260.0,-300077497#8,4
8260.0,-49073264#1,2
8260.0,-51362429#1,1
8260.0,-593847703#3,31
8260.0,-E0,19
8260.0,196961215#2,2
8260.0,196961377#3,2
8260.0,244450512#5,2
8260.0,30620492#0,17
8260.0,30620492#1,5
8260.0,49073226#2,7
8260.0,506322844#0,5
8260.0,51362430,1
8260.0,593847702#0,1
8260.0,594658757#0,2
8260.0,594658760#0,2
8260.0,:3086736518_4,1
8260.0,:3086736518_6,2
8280.0,-300077497#5,25
8280.0,-49073264#1,2
8280.0,-51362429#1,1
8280.0,-593847703#3,33
8280.0,-E0,19
8280.0,196961215#2,2
8280.0,244450512#5,2
8280.0,30620492#0,18
8280.0,30620492#1,5
8280.0,49073226#2,8
8280.0,506322844#0,5
8280.0,593847702#0,1
8280.0,594658757#0,2
8280.0,594658760#0,2
8280.0,:3086736518_4,1
8280.0,:3086736518_6,2
8300.0,-300077497#5,26
8300.0,-300077497#8,2
8300.0,-49073264#1,2
8300.0,-51362429#1,2
8300.0,-593847703#3,25
8300.0,-E0,19
8300.0,244450512#5,2
8300.0,288878926#0,8
8300.0,30620492#0,18
8300.0,30620492#1,5
8300.0,49073226#2,3
8300.0,49073272#3,1
8300.0,506322844#0,3
8300.0,593847702#0,1
8300.0,593847704#0,3
8300.0,594658757#0,2
8300.0,594658760#0,2
8300.0,:3086736518_4,1
8300.0,:655375232_8,1
8300.0,:655375233_2,1
8300.0,:655375238_5,1
8300.0,:655375239_5,2
8300.0,:cluster_623980147_623980152_9,1
8320.0,-300077497#5,27
8320.0,-300077497#8,4
8320.0,-51362429#1,1
8320.0,-593847703#3,25
8320.0,-E0,19
8320.0,244450512#5,2
8320.0,288878926#0,12
8320.0,30620492#0,18
8320.0,30620492#1,5
8320.0,49073264#0,1
8320.0,49073272#3,2
8320.0,506322844#0,5
8320.0,593847702#0,1
8320.0,593849718#0,2
8320.0,594658757#0,2
8320.0,594658760#0,2
8320.0,:3086736518_4,1
8320.0,:cluster_3431431575_4777363357_655375231_6982059025_3,2
8340.0,-300077497#5,21
8340.0,-300077497#8,4
8340.0,-49073264#1,1
8340.0,-593847703#3,28
8340.0,-E0,17
8340.0,182334378#0,2
8340.0,288878926#0,11
8340.0,30620492#0,18
8340.0,30620492#1,5
8340.0,360018417,2
8340.0,49073226#2,2
8340.0,506322844#0,5
8340.0,51362430,2
8340.0,593847702#0,1
8340.0,593849711#0,2
8340.0,594658757#0,2
8340.0,594658760#0,2
8340.0,:3086736518_4,1
8340.0,:3086736518_6,2
8340.0,:cluster655375336_end_0_655375336_end_1_655375336_end_10_655375336_end_11_#8more_6,1
8360.0,-300077497#5,21
8360.0,-300077497#8,1
8360.0,-49073264#1,1
8360.0,-593847703#3,30
8360.0,-E0,18
8360.0,182334378#0,2
8360.0,232003903#0,1
8360.0,288878926#0,5
8360.0,30620492#0,18
8360.0,30620492#1,5
8360.0,49073226#2,4
8360.0,506322844#0,5
8360.0,593847702#0,1
8360.0,594658757#0,2
8360.0,594658760#0,2
8360.0,:3086736518_4,1
8360.0,:3086736518_6,2
8360.0,:655375238_5,1
8360.0,:cluster622618015_622618108_622618112_622618144_#2more_49,2
8380.0,-300077497#5,23
8380.0,-300077497#8,2
8380.0,-49073264#1,1
8380.0,-593847703#3,30
8380.0,-E0,19
8380.0,232003903#0,2
8380.0,288878926#0,5
8380.0,30620492#0,18
8380.0,30620492#1,5
8380.0,49073226#2,4
8380.0,49073272#3,1
8380.0,506322844#0,2
8380.0,594658757#0,2
8380.0,594658760#0,2
8380.0,:3086736518_4,1
8380.0,:3086736518_6,2
8380.0,:655375238_5,1
8380.0,:655375239_5,1
8400.0,-300077497#5,27
8400.0,-300077497#8,4
8400.0,-51362429#1,1
8400.0,-593847701,1
8400.0,-593847703#3,24
8400.0,-E0,19
8400.0,232003903#0,2
8400.0,263217604#0,1
8400.0,288878926#0,5
8400.0,30620492#0,18
8400.0,30620492#1,5
8400.0,49073226#2,5
8400.0,49073272#3,1
8400.0,506322844#0,4
8400.0,593847704#0,3
8400.0,594658757#0,2
8400.0,594658760#0,2
8400.0,:655375232_8,1
8400.0,:655375233_4,2
8400.0,:cluster622618015_622618108_622618112_622618144_#2more_17,1
8420.0,-300077497#5,23
8420.0,-300077497#8,4
8420.0,-51362429#1,1
8420.0,-593847703#3,26
8420.0,-E0,19
8420.0,263217604#0,1
8420.0,288878926#0,5
8420.0,30620492#0,18
8420.0,30620492#1,5
8420.0,360018417,1
8420.0,49073226#2,8
8420.0,506322844#0,6
8420.0,51362430,2
8420.0,593852345#0,1
8420.0,594658757#0,2
8420.0,594658760#0,2
8420.0,:3086736518_4,1
8420.0,:cluster_2528018119_655375236_17,2
8440.0,-300077497#5,21
8440.0,-300077497#8,4
8440.0,-51362429#1,1
8440.0,-593847703#3,29
8440.0,-E0,18
8440.0,196961215#2,1
8440.0,196961377#3,1
8440.0,244450512#4,1
8440.0,30620492#0,18
8440.0,30620492#1,5
8440.0,49073226#2,10
8440.0,506322844#0,6
8440.0,593849711#0,1
8440.0,594658757#0,2
8440.0,594658760#0,2
8440.0,:3086736518_4,1
8440.0,:3086736518_6,1
8440.0,:cluster_2528018119_655375236_17,1
8460.0,-300077497#5,25
8460.0,-51362429#1,1
8460.0,-593847703#3,30
8460.0,-E0,17
8460.0,196961215#2,1
8460.0,244450512#5,1
8460.0,30620492#0,18
8460.0,30620492#1,5
8460.0,49073226#2,10
8460.0,506322844#0,6
8460.0,594658757#0,2
8460.0,594658760#0,2
8460.0,:3086736518_4,1
8460.0,:3086736518_6,2
8480.0,-300077497#5,27
8480.0,-300077497#8,4
8480.0,-51362429#1,1
8480.0,-593847703#3,30
8480.0,-E0,19
8480.0,196961215#2,1
8480.0,244450512#5,1
8480.0,263217604#0,1
8480.0,30620492#0,18
8480.0,30620492#1,5
8480.0,49073226#2,10
8480.0,506322844#0,4
8480.0,594658757#0,1
8480.0,594658760#0,1
8480.0,:3086736518_4,1
8480.0,:3086736518_6,2
8500.0,-300077497#5,27
8500.0,-300077497#8,4
8500.0,-51362429#1,2
8500.0,-593847703#3,24
8500.0,-E0,19
8500.0,196961215#2,1
8500.0,244450512#5,1
8500.0,263217604#0,1
8500.0,30620492#0,18
8500.0,30620492#1,5
8500.0,49073226#2,10
8500.0,506322844#0,5
8500.0,593847702#0,1
8500.0,593847704#0,1
8500.0,594658757#0,1
8500.0,594658760#0,1
8500.0,:3086736518_4,1
8500.0,:3086736518_6,1
8500.0,:655375232_8,1
8500.0,:655375233_4,3
8520.0,-300077497#5,21
8520.0,-300077497#8,4
8520.0,-51362429#1,4
8520.0,-593847703#3,26
8520.0,-E0,19
8520.0,182334378#0,1
8520.0,288878926#0,3
8520.0,30620492#0,18
8520.0,30620492#1,5
8520.0,49073226#2,8
8520.0,506322844#0,5
8520.0,51362430,1
8520.0,593847702#0,1
8520.0,593847704#0,2
8520.0,594658757#0,2
8520.0,594658760#0,1
8520.0,:3086736518_4,1
8520.0,:655375233_4,3
8520.0,:cluster_2528018119_655375236_17,1
8540.0,-300077497#5,22
8540.0,-300077497#8,1
8540.0,-593847703#3,27
8540.0,-E0,19
8540.0,232003903#0,1
8540.0,288878926#0,5
8540.0,30620492#0,18
8540.0,30620492#1,5
8540.0,49073226#2,6
8540.0,506322844#0,5
8540.0,593847702#0,1
8540.0,593847704#0,2
8540.0,594658757#0,2
8540.0,594658760#0,1
8540.0,:3086736518_4,1
8540.0,:655375233_4,3
8540.0,:655375238_5,1
8540.0,:cluster_2528018119_655375236_17,1
8540.0,:cluster_623980147_623980152_9,1
8560.0,-300077497#5,25
8560.0,-300077497#8,1
8560.0,-593847703#3,28
8560.0,-E0,17
8560.0,232003903#0,1
8560.0,288878926#0,12
8560.0,30620492#0,18
8560.0,30620492#1,4
8560.0,49073272#3,1
8560.0,506322844#0,2
8560.0,593847704#0,2
8560.0,594658757#0,2
8560.0,594658760#0,1
8560.0,:3086736518_4,1
8560.0,:3086736518_6,2
8560.0,:655375233_4,3
8560.0,:655375238_5,1
8560.0,:655375239_5,1
8580.0,-300077497#5,27
8580.0,-300077497#8,4
8580.0,-593847703#3,28
8580.0,-E0,20
8580.0,1068440004#1,1
8580.0,232003903#0,1
8580.0,263217604#0,1
8580.0,288878926#0,12
8580.0,30620492#0,17
8580.0,30620492#1,5
8580.0,49073272#3,1
8580.0,506322844#0,6
8580.0,:3086736518_4,1
8580.0,:3086736518_6,2
8580.0,:655375233_4,3
8580.0,:cluster622618015_622618108_622618112_622618144_#2more_39,1
8580.0,:cluster622618015_622618108_622618112_622618144_#2more_42,1
8600.0,-300077497#5,23
8600.0,-300077497#8,4
8600.0,-49073264#1,1
8600.0,-51362429#1,1
8600.0,-593847703#3,28
8600.0,-E0,20
8600.0,1068440004#1,1
8600.0,263217604#0,1
8600.0,288878926#0,12
8600.0,30620492#0,18
8600.0,30620492#1,5
8600.0,360018417,1
8600.0,506322844#0,6
8600.0,51362430,1
8600.0,:3086736518_4,2
8600.0,:3086736518_6,2
8600.0,:655375232_8,1
8600.0,:655375233_2,1
8600.0,:655375233_4,1
8600.0,:cluster_2528018119_655375236_17,1
8600.0,:cluster_2528018119_655375236_19,1
8620.0,-300077497#5,23
8620.0,-300077497#8,4
8620.0,-49073264#1,1
8620.0,-593847703#3,27
8620.0,-E0,20
8620.0,182334378#0,1
8620.0,196961377#3,1
8620.0,288878926#0,6
8620.0,30620492#0,18
8620.0,30620492#1,5
8620.0,49073226#2,6
8620.0,506322844#0,6
8620.0,593847702#0,1
8620.0,593847704#0,1
8620.0,593849711#0,1
8620.0,594658757#0,1
8620.0,:3086736518_4,2
8620.0,:3086736518_6,1
8620.0,:655375233_8,1
8620.0,:cluster622618015_622618108_622618112_622618144_#2more_0,1
8640.0,-300077497#5,23
8640.0,-49073264#1,1
8640.0,-593847703#3,29
8640.0,-E0,20
8640.0,182334378#0,3
8640.0,288878926#0,5
8640.0,30620492#0,18
8640.0,30620492#1,5
8640.0,49073226#2,6
8640.0,506322844#0,6
8640.0,593847702#0,2
8640.0,593847704#0,2
8640.0,594658757#0,1
8640.0,:3086736518_4,2
8640.0,:3086736518_6,1
8660.0,-300077497#5,25
8660.0,-300077497#8,1
8660.0,-49073264#1,2
8660.0,-593847703#3,29
8660.0,-E0,19
8660.0,1239087514,1
8660.0,182334378#0,2
8660.0,263217604#0,1
8660.0,288878926#0,5
8660.0,30620492#0,18
8660.0,30620492#1,5
8660.0,49073226#2,6
8660.0,49073272#3,1
8660.0,506322844#0,4
8660.0,593847704#0,2
8660.0,594658757#0,1
8660.0,:3086736518_4,2
8660.0,:3086736518_6,2
8660.0,:655375238_5,1
8660.0,:655375239_5,2
8680.0,-300077497#5,27
8680.0,-300077497#8,4
8680.0,-593847703#3,29
8680.0,-E0,19
8680.0,182334378#0,2
8680.0,263217604#0,2
8680.0,288878926#0,5
8680.0,30620492#0,18
8680.0,30620492#1,5
8680.0,49073226#2,7
8680.0,49073272#3,2
8680.0,506322844#0,6
8680.0,593849711#0,1
8680.0,594658757#0,1
8680.0,:3086736518_4,2
8680.0,:3086736518_6,2
8700.0,-300077497#5,24
8700.0,-300077497#8,4
8700.0,-593847703#3,31
8700.0,-E0,19
8700.0,182334378#0,2
8700.0,288878926#0,3
8700.0,30620492#0,18
8700.0,30620492#1,5
8700.0,360018417,2
8700.0,360843888,1
8700.0,49073226#2,7
8700.0,506322844#0,6
8700.0,593849711#0,2
8700.0,594658757#0,2
8700.0,:3086736518_4,1
8700.0,:3086736518_6,2
8700.0,:655375232_8,1
8700.0,:655375233_4,1
8720.0,-300077497#5,23
8720.0,-300077497#8,1
8720.0,-51362429#1,4
8720.0,-593847703#3,27
8720.0,-E0,19
8720.0,182334378#0,2
8720.0,30620492#0,18
8720.0,30620492#1,5
8720.0,360843888,1
8720.0,49073226#2,8
8720.0,506322844#0,6
8720.0,593847704#0,2
8720.0,593849711#0,1
8720.0,594658757#0,2
8720.0,:655375233_4,4
8720.0,:655375238_5,1
8720.0,:cluster622618015_622618108_622618112_622618144_#2more_49,1
8720.0,:cluster_2528018119_655375236_17,1
8740.0,-300077497#5,24
8740.0,-300077497#8,3
8740.0,-51362429#1,4
8740.0,-593847703#3,28
8740.0,-E0,19
8740.0,182334378#0,2
8740.0,263217604#0,1
8740.0,30620492#0,18
8740.0,30620492#1,5
8740.0,360843888,1
8740.0,49073226#2,8
8740.0,506322844#0,3
8740.0,593847704#0,2
8740.0,594658757#0,2
8740.0,:655375233_4,4
8740.0,:655375238_5,1
8760.0,-300077497#5,27
8760.0,-300077497#8,4
8760.0,-51362429#1,2
8760.0,-593847703#3,28
8760.0,-E0,15
8760.0,182334378#0,2
8760.0,263217604#0,1
8760.0,288878926#0,4
8760.0,30620492#0,18
8760.0,30620492#1,5
8760.0,360843888,1
8760.0,49073226#2,3
8760.0,506322844#0,5
8760.0,593847704#0,2
8760.0,594658757#0,2
8760.0,:3086736518_6,2
8760.0,:655375233_4,4
8760.0,:cluster622618015_622618108_622618112_622618144_#2more_39,2
8760.0,:cluster_3431431575_4777363357_655375231_6982059025_3,2
8760.0,:cluster_623980147_623980152_4,1
8780.0,-300077497#5,23
8780.0,-300077497#8,4
8780.0,-593847703#3,29
8780.0,-E0,15
8780.0,182334378#0,3
8780.0,244450512#5,1
8780.0,263217604#0,1
8780.0,288878926#0,10
8780.0,30620492#0,18
8780.0,30620492#1,5
8780.0,49073226#2,1
8780.0,506322844#0,5
8780.0,593847704#0,1
8780.0,593849718#0,3
8780.0,:655375233_4,4
8780.0,:cluster622618015_622618108_622618112_622618144_#2more_39,1
8780.0,:cluster655375336_end_0_655375336_end_1_655375336_end_10_655375336_end_11_#8more_19,1
8780.0,:cluster655375336_end_0_655375336_end_1_655375336_end_10_655375336_end_11_#8more_21,1
8780.0,:cluster_2528018119_655375236_17,1
8780.0,:cluster_2528018119_655375236_31,1
8780.0,:cluster_623980147_623980152_9,1
8800.0,-300077497#5,20
8800.0,-300077497#8,4
8800.0,-593847703#3,32
8800.0,-E0,19
8800.0,1068440004#1,1
8800.0,182334378#0,5
8800.0,244450512#5,1
8800.0,288878926#0,6
8800.0,30620492#0,18
8800.0,30620492#1,5
8800.0,506322844#0,5
8800.0,593847704#0,1
8800.0,593849711#0,1
8800.0,594658760#0,1
8800.0,:655375233_4,4
8800.0,:cluster622618015_622618108_622618112_622618144_#2more_0,1
8820.0,-300077497#5,23
8820.0,-51362429#1,4
8820.0,-593847703#3,28
8820.0,-E0,19
8820.0,1068440004#1,1
8820.0,182334378#0,5
8820.0,244450512#5,1
8820.0,288878926#0,4
8820.0,30620492#0,18
8820.0,30620492#1,5
8820.0,49073226#2,2
8820.0,506322844#0,5
8820.0,593847704#0,1
8820.0,594658760#0,1
8820.0,:3086736518_4,1
8820.0,:655375232_8,1
8820.0,:cluster_3431431575_4777363357_655375231_6982059025_3,1
8840.0,-300077497#5,27
8840.0,-300077497#8,3
8840.0,-51362429#1,1
8840.0,-593847703#3,28
8840.0,-E0,19
8840.0,182334378#0,5
8840.0,244450512#5,1
8840.0,288878926#0,4
8840.0,30620492#0,18
8840.0,30620492#1,5
8840.0,49073226#2,7
8840.0,506322844#0,2
8840.0,593847702#0,1
8840.0,593847704#0,1
8840.0,594658760#0,1
8840.0,:3086736518_4,1
8840.0,:655375239_6,1
8860.0,-300077497#5,27
8860.0,-300077497#8,4
8860.0,-51362429#1,1
8860.0,-593847703#3,28
8860.0,-E0,17
8860.0,1068440004#1,1
8860.0,182334378#0,5
8860.0,244450512#5,1
8860.0,263217604#0,1
8860.0,288878926#0,4
8860.0,30620492#0,18
8860.0,30620492#1,5
8860.0,49073226#2,7
8860.0,506322844#0,6
8860.0,593847702#0,1
8860.0,593849718#0,1
8860.0,:3086736518_4,1
8860.0,:3086736518_6,2
8880.0,-300077497#5,21
8880.0,-300077497#8,4
8880.0,-51362429#1,1
8880.0,-593847703#3,32
8880.0,-E0,18
8880.0,1068440004#1,1
8880.0,182334378#0,6
8880.0,288878926#0,2
8880.0,30620492#0,17
8880.0,30620492#1,5
8880.0,360843888,1
8880.0,49073226#2,7
8880.0,506322844#0,6
8880.0,51362430,1
8880.0,593847702#0,1
8880.0,593849711#0,1
8880.0,:3086736518_4,1
8880.0,:3086736518_6,2
8880.0,:cluster655375336_end_0_655375336_end_1_655375336_end_10_655375336_end_11_#8more_5,1
8900.0,-300077497#5,21
8900.0,-300077497#8,2
8900.0,-51362429#1,1
8900.0,-593847703#3,33
8900.0,-E0,20
8900.0,1068440004#1,2
8900.0,182334378#0,2
8900.0,232003903#0,2
8900.0,30620492#0,18
8900.0,30620492#1,5
8900.0,360843888,1
8900.0,49073226#2,8
8900.0,506322844#0,6
8900.0,593847702#0,1
8900.0,:3086736518_4,1
8900.0,:3086736518_6,2
8900.0,:655375238_5,1
8900.0,:cluster_2528018119_655375236_17,1
8920.0,-300077497#5,24
8920.0,-300077497#8,2
8920.0,-51362429#1,2
8920.0,-593847703#3,27
8920.0,-E0,20
8920.0,1068440004#1,2
8920.0,182334378#0,3
8920.0,232003903#0,2
8920.0,263217604#0,1
8920.0,30620492#0,18
8920.0,30620492#1,5
8920.0,360843888,1
8920.0,49073226#2,8
8920.0,49073264#0,1
8920.0,506322844#0,2
8920.0,593847704#0,3
8920.0,:3086736518_4,2
8920.0,:655375232_8,2
8920.0,:655375233_4,2
8920.0,:655375239_5,1
8940.0,-300077497#5,27
8940.0,-300077497#8,4
8940.0,-51362429#1,6
8940.0,-593847703#3,27
8940.0,-E0,20
8940.0,182334378#0,3
8940.0,232003903#0,2
8940.0,263217604#0,2
8940.0,30620492#0,18
8940.0,30620492#1,5
8940.0,360843888,1
8940.0,49073226#2,8
8940.0,506322844#0,4
8940.0,593847702#0,2
8940.0,593847704#0,1
8940.0,:3086736518_4,1
8940.0,:cluster622618015_622618108_622618112_622618144_#2more_17,1
8940.0,:cluster622618015_622618108_622618112_622618144_#2more_39,2
8940.0,:cluster_3431431575_4777363357_655375231_6982059025_3,1
8960.0,-300077497#5,24
8960.0,-300077497#8,4
8960.0,-51362429#1,6
8960.0,-593847703#3,29
8960.0,-E0,19
8960.0,182334378#0,3
8960.0,244450512#5,1
8960.0,263217604#0,2
8960.0,30620492#0,18
8960.0,30620492#1,5
8960.0,360018417,1
8960.0,49073226#2,9
8960.0,506322844#0,5
8960.0,51362430,2
8960.0,593847702#0,2
8960.0,:3086736518_4,1
8960.0,:3086736518_6,1
8960.0,:cluster_2528018119_655375236_17,1
8980.0,-300077497#5,24
8980.0,-300077497#8,4
8980.0,-51362429#1,6
8980.0,-593847703#3,30
8980.0,-E0,18
8980.0,182334378#0,3
8980.0,196961377#3,1
8980.0,244450512#4,1
8980.0,244450512#5,1
8980.0,30620492#0,18
8980.0,30620492#1,5
8980.0,49073226#2,11
8980.0,506322844#0,5
8980.0,593847702#0,2
8980.0,594658760#0,1
8980.0,:3086736518_4,1
8980.0,:3086736518_6,2
9000.0,-300077497#5,26
9000.0,-300077497#8,1
9000.0,-51362429#1,4
9000.0,-593847703#3,31
9000.0,-E0,19
9000.0,232003903#0,2
9000.0,244450512#5,2
9000.0,288878926#0,5
9000.0,30620492#0,18
9000.0,30620492#1,5
9000.0,49073226#2,6
9000.0,506322844#0,5
9000.0,51362430,1
9000.0,593847702#0,2
9000.0,594658760#0,1
9000.0,:3086736518_4,1
9000.0,:3086736518_6,2
9000.0,:cluster_3431431575_4777363357_655375231_6982059025_3,1
9000.0,:cluster_623980147_623980152_9,1
9020.0,-300077497#5,26
9020.0,-300077497#8,3
9020.0,-49073264#1,1
9020.0,-51362429#1,2
9020.0,-593847703#3,28
9020.0,-E0,19
9020.0,244450512#5,2
9020.0,288878926#0,12
9020.0,30620492#0,18
9020.0,30620492#1,5
9020.0,484988951#0,1
9020.0,49073226#2,5
9020.0,49073264#0,1
9020.0,506322844#0,6
9020.0,51362430,1
9020.0,593847704#0,1
9020.0,594658760#0,1
9020.0,:3086736518_4,1
9020.0,:3086736518_6,1
9020.0,:655375233_2,1
9020.0,:655375238_5,1
9020.0,:cluster_623980147_623980152_4,1
9040.0,-300077497#5,27
9040.0,-300077497#8,4
9040.0,-51362429#1,3
9040.0,-593847703#3,26
9040.0,-E0,19
9040.0,244450512#5,2
9040.0,263217604#0,1
9040.0,288878926#0,13
9040.0,30620492#0,18
9040.0,30620492#1,5
9040.0,49073226#2,9
9040.0,506322844#0,5
9040.0,593847702#0,1
9040.0,593849718#0,1
9040.0,:cluster622618015_622618108_622618112_622618144_#2more_39,1
9040.0,:cluster655375336_end_0_655375336_end_1_655375336_end_10_655375336_end_11_#8more_16,1
9060.0,-300077497#5,27
9060.0,-300077497#8,4
9060.0,-51362429#1,3
9060.0,-593847703#3,26
9060.0,-E0,19
9060.0,1068440004#1,1
9060.0,288878926#0,11
9060.0,30620492#0,18
9060.0,30620492#1,5
9060.0,49073226#2,9
9060.0,506322844#0,5
9060.0,51362430,2
9060.0,593847702#0,1
9060.0,593849711#0,1
9060.0,594658760#0,1
9080.0,-300077497#5,27
9080.0,-300077497#8,4
9080.0,-51362429#1,3
9080.0,-593847703#3,26
9080.0,-E0,13
9080.0,1068440004#1,1
9080.0,288878926#0,5
9080.0,30620492#0,18
9080.0,30620492#1,5
9080.0,49073226#2,9
9080.0,506322844#0,5
9080.0,593847702#0,1
9080.0,593847704#0,6
9080.0,594658760#0,1
9080.0,:cluster_3431431575_4777363357_655375231_6982059025_7,2
9100.0,-300077497#5,27
9100.0,-300077497#8,4
9100.0,-51362429#1,3
9100.0,-593847703#3,26
9100.0,-E0,18
9100.0,1068440004#1,1
9100.0,288878926#0,5
9100.0,30620492#0,18
9100.0,30620492#1,5
9100.0,49073226#2,11
9100.0,49073264#0,1
9100.0,506322844#0,5
9100.0,593847704#0,6
9100.0,594658760#0,1
9120.0,-300077497#5,27
9120.0,-300077497#8,4
9120.0,-51362429#1,3
9120.0,-593847703#3,23
9120.0,-E0,19
9120.0,1068440004#1,1
9120.0,288878926#0,5
9120.0,30620492#0,18
9120.0,30620492#1,5
9120.0,49073226#2,11
9120.0,506322844#0,5
9120.0,593847704#0,5
9120.0,594658760#0,1
9120.0,:3086736518_4,1
9120.0,:655375233_2,1
9120.0,:655375233_4,1
9120.0,:cluster622618015_622618108_622618112_622618144_#2more_17,1
9120.0,:cluster622618015_622618108_622618112_622618144_#2more_37,1
9140.0,-300077497#5,24
9140.0,-300077497#8,4
9140.0,-49073264#1,1
9140.0,-51362429#1,9
9140.0,-593847703#3,19
9140.0,-E0,19
9140.0,288878926#0,5
9140.0,30620492#0,18
9140.0,30620492#1,5
9140.0,360018417,1
9140.0,49073226#2,11
9140.0,506322844#0,5
9140.0,593847702#0,2
9140.0,593849718#0,1
9140.0,594658760#0,1
9140.0,:3208478121_3,1
9140.0,:655375233_8,1
9140.0,:cluster_2528018119_655375236_17,2
9160.0,-300077497#5,23
9160.0,-300077497#8,4
9160.0,-49073264#1,1
9160.0,-51362429#1,9
9160.0,-593847703#3,21
9160.0,-E0,19
9160.0,182334378#0,1
9160.0,196961377#3,2
9160.0,30620492#0,18
9160.0,30620492#1,5
9160.0,49073226#2,11
9160.0,506322844#0,5
9160.0,593847702#0,3
9160.0,593849711#0,1
9160.0,594658760#0,1
9180.0,-300077497#5,27
9180.0,-49073264#1,1
9180.0,-51362429#1,9
9180.0,-593847703#3,21
9180.0,-E0,13
9180.0,30620492#0,16
9180.0,30620492#1,5
9180.0,49073226#2,11
9180.0,506322844#0,5
9180.0,593847702#0,3
9180.0,593847704#0,4
9180.0,594658760#0,1
9180.0,:3086736518_6,2
9180.0,:cluster655375336_end_0_655375336_end_1_655375336_end_10_655375336_end_11_#8more_6,1
9200.0,-300077497#5,27
9200.0,-300077497#8,4
9200.0,-49073264#1,1
9200.0,-51362429#1,9
9200.0,-593847703#3,21
9200.0,-E0,17
9200.0,30620492#0,18
9200.0,30620492#1,5
9200.0,484988951#0,1
9200.0,49073226#2,11
9200.0,49073272#3,3
9200.0,506322844#0,5
9200.0,593847704#0,6
9200.0,594658760#0,1
9220.0,-300077497#5,27
9220.0,-300077497#8,4
9220.0,-51362429#1,9
9220.0,-593847703#3,20
9220.0,-E0,19
9220.0,288878926#0,1
9220.0,30620492#0,18
9220.0,30620492#1,5
9220.0,49073226#2,10
9220.0,49073264#0,2
9220.0,49073272#3,3
9220.0,506322844#0,5
9220.0,593849718#0,1
9220.0,594658760#0,1
9220.0,:655375233_4,1
9220.0,:cluster622618015_622618108_622618112_622618144_#2more_39,2
9220.0,:cluster622618015_622618108_622618112_622618144_#2more_42,1
9220.0,:cluster_623980147_623980152_4,1
9240.0,-300077497#5,27
9240.0,-300077497#8,4
9240.0,-49073264#1,3
9240.0,-51362429#1,9
9240.0,-593847703#3,19
9240.0,-E0,19
9240.0,288878926#0,6
9240.0,30620492#0,18
9240.0,30620492#1,5
9240.0,360018417,3
9240.0,49073226#2,5
9240.0,506322844#0,5
9240.0,593849711#0,2
9240.0,594658760#0,1
9240.0,:655375233_4,1
9260.0,-300077497#5,27
9260.0,-300077497#8,4
9260.0,-49073264#1,3
9260.0,-51362429#1,8
9260.0,-593847703#3,19
9260.0,-E0,19
9260.0,196961377#3,1
9260.0,288878926#0,6
9260.0,30620492#0,18
9260.0,30620492#1,5
9260.0,506322844#0,5
9260.0,594658760#0,1
9260.0,:655375233_4,1
9260.0,:cluster622618015_622618108_622618112_622618144_#2more_49,2
9280.0,-300077497#5,27
9280.0,-300077497#8,4
9280.0,-49073264#1,3
9280.0,-51362429#1,1
9280.0,-593847703#3,19
9280.0,-E0,15
9280.0,288878926#0,7
9280.0,30620492#0,18
9280.0,30620492#1,5
9280.0,49073226#2,4
9280.0,506322844#0,5
9280.0,593847704#0,2
9280.0,594658760#0,1
9280.0,:3086736518_6,2
9280.0,:655375233_4,1
9280.0,:cluster_3431431575_4777363357_655375231_6982059025_3,2
9300.0,-300077497#5,27
9300.0,-300077497#8,4
9300.0,-49073264#1,2
9300.0,-593847703#3,19
9300.0,-E0,15
9300.0,288878926#0,7
9300.0,30620492#0,18
9300.0,30620492#1,5
9300.0,49073226#2,7
9300.0,506322844#0,5
9300.0,593847704#0,3
9300.0,594658760#0,1
9300.0,:655375233_4,1
9300.0,:cluster622618015_622618108_622618112_622618144_#2more_17,1
9300.0,:cluster622618015_622618108_622618112_622618144_#2more_39,2
9320.0,-300077497#5,23
9320.0,-300077497#8,4
9320.0,-593847703#3,21
9320.0,-E0,19
9320.0,288878926#0,7
9320.0,30620492#0,18
9320.0,30620492#1,5
9320.0,49073226#2,7
9320.0,49073264#0,1
9320.0,506322844#0,5
9320.0,593849718#0,1
9320.0,594658760#0,1
9320.0,:655375233_4,1
9320.0,:cluster_2528018119_655375236_17,2
9340.0,-300077497#5,19
9340.0,-300077497#8,4
9340.0,-49073264#1,1
9340.0,-51362429#1,5
9340.0,-593847703#3,21
9340.0,-E0,19
9340.0,288878926#0,1
9340.0,30620492#0,18
9340.0,30620492#1,5
9340.0,49073226#2,7
9340.0,506322844#0,5
9340.0,593847702#0,1
9340.0,593849711#0,1
9340.0,594658760#0,1
9340.0,:cluster622618015_622618108_622618112_622618144_#2more_0,1
9360.0,-300077497#5,23
9360.0,-49073264#1,1
9360.0,-51362429#1,5
9360.0,-593847703#3,21
9360.0,-E0,19
9360.0,30620492#0,18
9360.0,30620492#1,5
9360.0,49073226#2,7
9360.0,506322844#0,5
9360.0,593847702#0,1
9360.0,594658760#0,1
9380.0,-300077497#5,27
9380.0,-300077497#8,3
9380.0,-49073264#1,1
9380.0,-51362429#1,5
9380.0,-593847703#3,21
9380.0,-E0,17
9380.0,30620492#0,18
9380.0,30620492#1,5
9380.0,49073226#2,7
9380.0,49073272#3,1
9380.0,506322844#0,2
9380.0,:3086736518_6,2
9380.0,:655375239_5,1
9400.0,-300077497#5,27
9400.0,-300077497#8,4
9400.0,-51362429#1,5
9400.0,-593847703#3,21
9400.0,-E0,15
9400.0,30620492#0,18
9400.0,30620492#1,5
9400.0,49073226#2,7
9400.0,49073272#3,1
9400.0,506322844#0,6
9400.0,593847704#0,1
9400.0,593849718#0,2
9400.0,:cluster622618015_622618108_622618112_622618144_#2more_39,2
9420.0,-300077497#5,19
9420.0,-300077497#8,4
9420.0,-51362429#1,5
9420.0,-593847703#3,27
9420.0,-E0,19
9420.0,30620492#0,18
9420.0,30620492#1,5
9420.0,360018417,1
9420.0,49073226#2,7
9420.0,506322844#0,6
9420.0,:cluster_2528018119_655375236_17,1
9420.0,:cluster_2528018119_655375236_31,1
9440.0,-300077497#5,21
9440.0,-300077497#8,1
9440.0,-51362429#1,7
9440.0,-593847703#3,22
9440.0,-E0,19
9440.0,182334378#0,1
9440.0,30620492#0,18
9440.0,30620492#1,5
9440.0,49073226#2,7
9440.0,506322844#0,6
9440.0,593847704#0,1
9440.0,593849711#0,1
9440.0,:655375232_8,1
9440.0,:655375233_4,2
9440.0,:655375238_5,1
9460.0,-300077497#5,24
9460.0,-300077497#8,1
9460.0,-51362429#1,8
9460.0,-593847703#3,22
9460.0,-E0,19
9460.0,182334378#0,1
9460.0,263217604#0,1
9460.0,288878926#0,3
9460.0,30620492#0,18
9460.0,30620492#1,5
9460.0,49073226#2,4
9460.0,506322844#0,1
9460.0,593847704#0,1
9460.0,:655375233_4,1
9460.0,:655375238_5,1
9460.0,:655375239_5,2
9460.0,:cluster_3431431575_4777363357_655375231_6982059025_3,1
9480.0,-300077497#5,27
9480.0,-300077497#8,4
9480.0,-593847703#3,22
9480.0,-E0,18
9480.0,182334378#0,1
9480.0,263217604#0,1
9480.0,288878926#0,9
9480.0,30620492#0,18
9480.0,30620492#1,4
9480.0,49073226#2,4
9480.0,506322844#0,6
9480.0,:3086736518_6,1
9480.0,:655375233_4,1
9480.0,:cluster622618015_622618108_622618112_622618144_#2more_37,1
9480.0,:cluster_3431431575_4777363357_655375231_6982059025_3,2
9480.0,:cluster_623980147_623980152_9,1
9500.0,-300077497#5,24
9500.0,-300077497#8,4
9500.0,-593847703#3,24
9500.0,-E0,13
9500.0,182334378#0,1
9500.0,263217604#0,1
9500.0,288878926#0,13
9500.0,30620492#0,17
9500.0,30620492#1,5
9500.0,360018417,1
9500.0,49073226#2,3
9500.0,506322844#0,7
9500.0,593847704#0,4
9500.0,:655375233_4,1
9500.0,:cluster622618015_622618108_622618112_622618144_#2more_39,2
9500.0,:cluster_2528018119_655375236_17,1
9520.0,-300077497#5,23
9520.0,-300077497#8,4
9520.0,-593847703#3,26
9520.0,-E0,19
9520.0,196961377#3,1
9520.0,244450512#4,1
9520.0,288878926#0,7
9520.0,30620492#0,18
9520.0,30620492#1,5
9520.0,49073226#2,3
9520.0,506322844#0,7
9520.0,593847704#0,4
9520.0,593849711#0,1
9520.0,:655375233_4,1
9520.0,:cluster622618015_622618108_622618112_622618144_#2more_0,1
9520.0,:cluster_2528018119_655375236_17,1
9540.0,-300077497#5,24
9540.0,-300077497#8,1
9540.0,-51362429#1,2
9540.0,-593847703#3,21
9540.0,-E0,19
9540.0,182334378#0,1
9540.0,244450512#5,1
9540.0,288878926#0,5
9540.0,30620492#0,18
9540.0,30620492#1,5
9540.0,49073226#2,3
9540.0,506322844#0,7
9540.0,593847704#0,4
9540.0,:3086736518_4,1
9540.0,:655375232_8,1
9540.0,:655375233_4,4
9560.0,-300077497#5,26
9560.0,-300077497#8,4
9560.0,-51362429#1,5
9560.0,-593847703#3,20
9560.0,-E0,19
9560.0,244450512#5,1
9560.0,263217604#0,2
9560.0,288878926#0,5
9560.0,30620492#0,18
9560.0,30620492#1,5
9560.0,49073226#2,7
9560.0,506322844#0,4
9560.0,593847704#0,4
9560.0,:655375238_5,1
9560.0,:cluster655375336_end_0_655375336_end_1_655375336_end_10_655375336_end_11_#8more_6,1
9580.0,-300077497#5,27
9580.0,-300077497#8,4
9580.0,-51362429#1,5
9580.0,-593847703#3,20
9580.0,-E0,19
9580.0,244450512#5,1
9580.0,263217604#0,2
9580.0,288878926#0,5
9580.0,30620492#0,18
9580.0,30620492#1,5
9580.0,484988951#0,1
9580.0,49073226#2,7
9580.0,506322844#0,5
9580.0,593849718#0,3
9580.0,:cluster622618015_622618108_622618112_622618144_#2more_39,1
9600.0,-300077497#5,23
9600.0,-300077497#8,4
9600.0,-51362429#1,5
9600.0,-593847703#3,23
9600.0,-E0,13
9600.0,232003903#0,1
9600.0,288878926#0,3
9600.0,30620492#0,18
9600.0,30620492#1,5
9600.0,49073226#2,8
9600.0,506322844#0,5
9600.0,51362430,1
9600.0,593847704#0,6
9600.0,593849711#0,1
9600.0,594658757#0,1
9600.0,594658760#0,1
9620.0,-300077497#5,22
9620.0,-300077497#8,1
9620.0,-51362429#1,5
9620.0,-593847703#3,24
9620.0,-E0,18
9620.0,1068440004#1,1
9620.0,232003903#0,1
9620.0,30620492#0,18
9620.0,30620492#1,5
9620.0,49073226#2,9
9620.0,506322844#0,5
9620.0,593847704#0,6
9620.0,:655375238_5,1
9620.0,:cluster655375336_end_0_655375336_end_1_655375336_end_10_655375336_end_11_#8more_17,1
9620.0,:cluster_2528018119_655375236_17,2
9640.0,-300077497#5,24
9640.0,-300077497#8,3
9640.0,-51362429#1,5
9640.0,-593847703#3,23
9640.0,-E0,19
9640.0,1068440004#1,1
9640.0,232003903#0,1
9640.0,30620492#0,18
9640.0,30620492#1,5
9640.0,49073226#2,9
9640.0,506322844#0,2
9640.0,593847704#0,6
9640.0,:3086736518_4,1
9640.0,:655375233_4,2
9640.0,:655375239_5,1
9660.0,-300077497#5,27
9660.0,-300077497#8,4
9660.0,-51362429#1,9
9660.0,-593847703#3,18
9660.0,-E0,19
9660.0,232003903#0,1
9660.0,263217604#0,3
9660.0,30620492#0,18
9660.0,30620492#1,5
9660.0,49073226#2,9
9660.0,506322844#0,4
9660.0,593847702#0,2
9660.0,593847704#0,4
9660.0,:655375233_8,1
9660.0,:cluster622618015_622618108_622618112_622618144_#2more_39,2
9660.0,:cluster_3431431575_4777363357_655375231_6982059025_3,1
9680.0,-300077497#5,23
9680.0,-300077497#8,4
9680.0,-51362429#1,9
9680.0,-593847703#3,20
9680.0,-E0,19
9680.0,263217604#0,3
9680.0,30620492#0,18
9680.0,30620492#1,5
9680.0,49073226#2,10
9680.0,506322844#0,5
9680.0,51362430,1
9680.0,593847702#0,3
9680.0,593849718#0,1
9680.0,:cluster_2528018119_655375236_17,2
9700.0,-300077497#5,23
9700.0,-300077497#8,4
9700.0,-51362429#1,8
9700.0,-593847703#3,22
9700.0,-E0,13
9700.0,244450512#4,2
9700.0,288878926#0,3
9700.0,30620492#0,18
9700.0,30620492#1,5
9700.0,49073226#2,4
9700.0,506322844#0,5
9700.0,593847702#0,3
9700.0,593847704#0,5
9700.0,593849711#0,2
9700.0,594658760#0,1
9700.0,:3086736518_6,1
9700.0,:cluster_3431431575_4777363357_655375231_6982059025_3,1
9700.0,:cluster_3431431575_4777363357_655375231_6982059025_7,1
9700.0,:cluster_623980147_623980152_4,1
9720.0,-300077497#5,25
9720.0,-593847703#3,23
9720.0,-E0,17
9720.0,182334378#0,1
9720.0,244450512#5,2
9720.0,288878926#0,8
9720.0,30620492#0,18
9720.0,30620492#1,5
9720.0,49073226#2,5
9720.0,506322844#0,5
9720.0,593847702#0,3
9720.0,593847704#0,6
9720.0,:cluster_3431431575_4777363357_655375231_6982059025_3,3
9740.0,-300077497#5,26
9740.0,-300077497#8,2
9740.0,-593847703#3,21
9740.0,-E0,19
9740.0,182334378#0,1
9740.0,244450512#5,2
9740.0,288878926#0,13
9740.0,30620492#0,18
9740.0,30620492#1,5
9740.0,49073226#2,3
9740.0,49073272#3,2
9740.0,506322844#0,4
9740.0,593847704#0,6
9740.0,593852345#0,1
9740.0,:655375233_4,2
9740.0,:655375238_5,1
9740.0,:655375239_5,1
9760.0,-300077497#5,27
9760.0,-300077497#8,4
9760.0,-51362429#1,1
9760.0,-593847703#3,18
9760.0,-E0,19
9760.0,196961215#2,1
9760.0,244450512#5,2
9760.0,288878926#0,13
9760.0,30620492#0,18
9760.0,30620492#1,5
9760.0,49073226#2,5
9760.0,49073272#3,2
9760.0,506322844#0,5
9760.0,51362430,1
9760.0,593849718#0,3
9760.0,:cluster622618015_622618108_622618112_622618144_#2more_39,3
9760.0,:cluster_3431431575_4777363357_655375231_6982059025_3,2
9780.0,-300077497#5,24
9780.0,-300077497#8,4
9780.0,-51362429#1,1
9780.0,-593847703#3,21
9780.0,-E0,19
9780.0,196961215#2,1
9780.0,288878926#0,11
9780.0,30620492#0,18
9780.0,30620492#1,5
9780.0,360018417,2
9780.0,49073226#2,8
9780.0,506322844#0,5
9780.0,51362430,2
9780.0,593849711#0,2
9800.0,-300077497#5,25
9800.0,-300077497#8,2
9800.0,-51362429#1,1
9800.0,-593847703#3,22
9800.0,-E0,15
9800.0,196961215#2,1
9800.0,288878926#0,5
9800.0,30620492#0,17
9800.0,30620492#1,5
9800.0,49073226#2,10
9800.0,506322844#0,5
9800.0,593847704#0,2
9800.0,:3086736518_6,1
9800.0,:655375238_5,1
9800.0,:cluster622618015_622618108_622618112_622618144_#2more_49,2
9820.0,-300077497#5,27
9820.0,-300077497#8,4
9820.0,-51362429#1,1
9820.0,-593847703#3,22
9820.0,-E0,15
9820.0,196961215#2,1
9820.0,288878926#0,5
9820.0,30620492#0,18
9820.0,30620492#1,5
9820.0,49073226#2,10
9820.0,506322844#0,3
9820.0,593847704#0,5
9840.0,-300077497#5,27
9840.0,-300077497#8,4
9840.0,-51362429#1,1
9840.0,-593847703#3,22
9840.0,-E0,19
9840.0,196961215#2,1
9840.0,288878926#0,5
9840.0,30620492#0,18
9840.0,30620492#1,5
9840.0,49073226#2,10
9840.0,506322844#0,5
9840.0,593847704#0,3
9840.0,:cluster622618015_622618108_622618112_622618144_#2more_39,1
9840.0,:cluster622618015_622618108_622618112_622618144_#2more_42,1
9860.0,-300077497#5,23
9860.0,-300077497#8,4
9860.0,-49073264#1,1
9860.0,-51362429#1,5
9860.0,-593847703#3,18
9860.0,-E0,19
9860.0,196961215#2,1
9860.0,288878926#0,5
9860.0,30620492#0,18
9860.0,30620492#1,5
9860.0,49073226#2,10
9860.0,506322844#0,5
9860.0,:655375232_8,1
9860.0,:cluster_2528018119_655375236_17,2
9880.0,-300077497#5,22
9880.0,-300077497#8,4
9880.0,-49073264#1,1
9880.0,-51362429#1,6
9880.0,-593847703#3,21
9880.0,-E0,19
9880.0,196961215#2,1
9880.0,30620492#0,18
9880.0,30620492#1,5
9880.0,49073226#2,10
9880.0,506322844#0,5
9900.0,-300077497#5,25
9900.0,-49073264#1,1
9900.0,-51362429#1,6
9900.0,-593847703#3,22
9900.0,-E0,17
9900.0,196961215#2,1
9900.0,30620492#0,18
9900.0,30620492#1,5
9900.0,49073226#2,10
9900.0,506322844#0,5
9900.0,:3086736518_6,2
9920.0,-300077497#5,26
9920.0,-300077497#8,3
9920.0,-49073264#1,1
9920.0,-51362429#1,6
9920.0,-593847703#3,22
9920.0,-E0,14
9920.0,30620492#0,18
9920.0,30620492#1,5
9920.0,49073226#2,9
9920.0,506322844#0,4
9920.0,593847704#0,6
9920.0,:655375238_5,1
9920.0,:cluster_623980147_623980152_3,1
9920.0,:cluster_623980147_623980152_4,1
9940.0,-300077497#5,27
9940.0,-300077497#8,4
9940.0,-51362429#1,3
9940.0,-593847703#3,22
9940.0,-E0,19
9940.0,288878926#0,8
9940.0,30620492#0,18
9940.0,30620492#1,5
9940.0,49073226#2,4
9940.0,506322844#0,5
9940.0,593849718#0,4
9940.0,:cluster622618015_622618108_622618112_622618144_#2more_39,2
9940.0,:cluster_3431431575_4777363357_655375231_6982059025_3,2
9960.0,-300077497#5,23
9960.0,-300077497#8,4
9960.0,-51362429#1,2
9960.0,-593847703#3,21
9960.0,-E0,19
9960.0,288878926#0,11
9960.0,30620492#0,18
9960.0,30620492#1,5
9960.0,49073226#2,4
9960.0,506322844#0,5
9960.0,593849711#0,1
9960.0,:655375232_8,1
9960.0,:655375233_4,1
9960.0,:cluster_3431431575_4777363357_655375231_6982059025_3,1
9980.0,-300077497#5,24
9980.0,-300077497#8,1
9980.0,-593847703#3,21
9980.0,-E0,19
9980.0,288878926#0,8
9980.0,30620492#0,18
9980.0,30620492#1,5
9980.0,49073226#2,3
9980.0,506322844#0,5
9980.0,:655375238_5,1
9980.0,:cluster_2528018119_655375236_17,1
9980.0,:cluster_3431431575_4777363357_655375231_6982059025_3,2
9980.0,:cluster_623980147_623980152_9,1
10000.0,-300077497#5,26
10000.0,-300077497#8,3
10000.0,-593847703#3,22
10000.0,-E0,18
10000.0,288878926#0,9
10000.0,30620492#0,18
10000.0,30620492#1,5
10000.0,49073226#2,5
10000.0,506322844#0,2
10000.0,:3086736518_6,1
10000.0,:655375239_5,1
10020.0,-300077497#5,27
10020.0,-300077497#8,4
10020.0,-593847703#3,22
10020.0,-E0,14
10020.0,263217604#0,2
10020.0,288878926#0,9
10020.0,30620492#0,18
10020.0,30620492#1,5
10020.0,49073226#2,5
10020.0,506322844#0,5
10020.0,593847704#0,3
10020.0,:cluster622618015_622618108_622618112_622618144_#2more_39,1
10020.0,:cluster622618015_622618108_622618112_622618144_#2more_52,1
10040.0,-300077497#5,23
10040.0,-300077497#8,4
10040.0,-593847703#3,23
10040.0,-E0,19
10040.0,182334378#0,1
10040.0,196961215#2,1
10040.0,263217604#0,2
10040.0,288878926#0,9
10040.0,30620492#0,18
10040.0,30620492#1,5
10040.0,360018417,1
10040.0,49073226#2,5
10040.0,506322844#0,5
10040.0,:cluster_2528018119_655375236_17,2
10060.0,-300077497#5,20
10060.0,-300077497#8,4
10060.0,-51362429#1,1
10060.0,-593847703#3,20
10060.0,-E0,19
10060.0,196961215#2,1
10060.0,196961377#3,1
10060.0,244450512#4,1
10060.0,288878926#0,3
10060.0,30620492#0,18
10060.0,30620492#1,5
10060.0,49073226#2,5
10060.0,506322844#0,5
10060.0,51362430,1
10060.0,593849711#0,2
10060.0,594658760#0,1
10060.0,:3086736518_4,1
10060.0,:655375232_8,1
10060.0,:655375233_4,3
10060.0,:cluster_2528018119_655375236_17,2
10080.0,-300077497#5,20
10080.0,-51362429#1,5
10080.0,-593847703#3,22
10080.0,-E0,19
10080.0,182334378#0,2
10080.0,196961215#2,1
10080.0,244450512#5,1
10080.0,288878926#0,1
10080.0,30620492#0,18
10080.0,30620492#1,5
10080.0,49073226#2,6
10080.0,506322844#0,5
10080.0,593847702#0,1
10080.0,:cluster_3431431575_4777363357_655375231_6982059025_3,2
10080.0,:cluster_3431431575_4777363357_655375231_6982059025_7,1
10100.0,-300077497#5,25
10100.0,-300077497#8,1
10100.0,-51362429#1,5
10100.0,-593847703#3,23
10100.0,-E0,19
10100.0,182334378#0,2
10100.0,196961215#2,1
10100.0,244450512#5,1
10100.0,288878926#0,1
10100.0,30620492#0,17
10100.0,30620492#1,5
10100.0,49073226#2,9
10100.0,49073264#0,1
10100.0,506322844#0,2
10100.0,:655375238_5,1
10100.0,:655375239_5,1
10120.0,-300077497#5,27
10120.0,-300077497#8,3
10120.0,-51362429#1,5
10120.0,-593847703#3,23
10120.0,-E0,13
10120.0,182334378#0,2
10120.0,196961215#2,1
10120.0,244450512#5,1
10120.0,263217604#0,1
10120.0,288878926#0,1
10120.0,30620492#0,18
10120.0,30620492#1,5
10120.0,49073226#2,9
10120.0,506322844#0,7
10120.0,593847704#0,5
10120.0,:cluster622618015_622618108_622618112_622618144_#2more_17,1
10120.0,:cluster622618015_622618108_622618112_622618144_#2more_39,1
10140.0,-300077497#5,25
10140.0,-300077497#8,3
10140.0,-51362429#1,5
10140.0,-593847703#3,24
10140.0,-E0,18
10140.0,196961215#2,1
10140.0,232003903#0,2
10140.0,30620492#0,18
10140.0,30620492#1,5
10140.0,360843888,1
10140.0,49073226#2,9
10140.0,506322844#0,7
10140.0,51362430,1
10140.0,593847704#0,2
10140.0,593849711#0,1
10140.0,:cluster_2528018119_655375236_17,1
10160.0,-300077497#5,23
10160.0,-300077497#8,2
10160.0,-51362429#1,5
10160.0,-593847703#3,24
10160.0,-E0,19
10160.0,232003903#0,2
10160.0,288878926#0,3
10160.0,30620492#0,18
10160.0,30620492#1,5
10160.0,360843888,1
10160.0,49073226#2,7
10160.0,506322844#0,7
10160.0,593847704#0,2
10160.0,:3086736518_4,1
10160.0,:655375233_2,1
10160.0,:655375233_4,1
10160.0,:cluster_2528018119_655375236_17,1
10160.0,:cluster_623980147_623980152_9,1
10180.0,-300077497#5,25
10180.0,-300077497#8,2
10180.0,-51362429#1,4
10180.0,-593847703#3,22
10180.0,-E0,19
10180.0,232003903#0,2
10180.0,263217604#0,2
10180.0,288878926#0,10
10180.0,30620492#0,18
10180.0,30620492#1,5
10180.0,360843888,1
10180.0,49073226#2,4
10180.0,49073272#1,1
10180.0,506322844#0,3
10180.0,593847704#0,2
10180.0,:655375238_5,1
10180.0,:655375239_5,1
10180.0,:cluster_3431431575_4777363357_655375231_6982059025_3,2
10180.0,:cluster_623980147_623980152_4,1
10200.0,-300077497#5,27
10200.0,-300077497#8,4
10200.0,-593847703#3,22
10200.0,-E0,19
10200.0,232003903#0,2
10200.0,263217604#0,5
10200.0,288878926#0,13
10200.0,30620492#0,18
10200.0,30620492#1,5
10200.0,360843888,1
10200.0,49073226#2,8
10200.0,49073272#3,1
10200.0,506322844#0,5
10200.0,:cluster622618015_622618108_622618112_622618144_#2more_39,2
10220.0,-300077497#5,25
10220.0,-300077497#8,4
10220.0,-593847703#3,23
10220.0,-E0,13
10220.0,244450512#5,1
10220.0,263217604#0,5
10220.0,288878926#0,13
10220.0,30620492#0,18
10220.0,30620492#1,5
10220.0,360018417,1
10220.0,49073226#2,8
10220.0,506322844#0,5
10220.0,51362430,2
10220.0,593847704#0,5
10220.0,:3086736518_6,1
10220.0,:cluster_2528018119_655375236_17,1
10240.0,-300077497#5,25
10240.0,-300077497#8,4
10240.0,-593847703#3,24
10240.0,-E0,16
10240.0,196961377#3,1
10240.0,244450512#4,2
10240.0,244450512#5,1
10240.0,288878926#0,7
10240.0,30620492#0,18
10240.0,30620492#1,5
10240.0,360843888,1
10240.0,49073226#2,10
10240.0,506322844#0,5
10240.0,593847704#0,6
10240.0,593849711#0,2
10240.0,594658760#0,1
10240.0,:cluster_2664674491_655375287_655375288_1,1
10260.0,-300077497#5,27
10260.0,-300077497#8,2
10260.0,-593847703#3,22
10260.0,-E0,19
10260.0,1068440004#1,1
10260.0,244450512#4,1
10260.0,244450512#5,3
10260.0,288878926#0,5
10260.0,30620492#0,18
10260.0,30620492#1,5
10260.0,49073226#2,10
10260.0,506322844#0,5
10260.0,593847704#0,6
10260.0,:3208478128_0,1
10260.0,:655375233_2,1
10260.0,:655375233_4,1
10280.0,-300077497#5,27
10280.0,-300077497#8,4
10280.0,-51362429#1,6
10280.0,-593847703#3,15
10280.0,-E0,19
10280.0,1068440004#1,1
10280.0,244450512#4,1
10280.0,244450512#5,3
10280.0,288878926#0,5
10280.0,30620492#0,18
10280.0,30620492#1,5
10280.0,49073226#2,10
10280.0,506322844#0,5
10280.0,593847704#0,6
10280.0,:3208478128_0,1
10280.0,:cluster622618015_622618108_622618112_622618144_#2more_29,1
10300.0,-300077497#5,27
10300.0,-300077497#8,4
10300.0,-51362429#1,6
10300.0,-593847703#3,15
10300.0,-E0,19
10300.0,244450512#4,1
10300.0,244450512#5,3
10300.0,288878926#0,5
10300.0,30620492#0,18
10300.0,30620492#1,5
10300.0,49073226#2,10
10300.0,49073272#3,1
10300.0,506322844#0,5
10300.0,593847702#0,1
10300.0,593849718#0,4
10300.0,:3208478128_0,1
10300.0,:cluster622618015_622618108_622618112_622618144_#2more_39,2
10320.0,-300077497#5,21
10320.0,-300077497#8,4
10320.0,-51362429#1,6
10320.0,-593847703#3,21
10320.0,-E0,15
10320.0,1239087514,1
10320.0,288878926#0,3
10320.0,30620492#0,18
10320.0,30620492#1,5
10320.0,360018417,1
10320.0,49073226#2,10
10320.0,506322844#0,5
10320.0,51362430,4
10320.0,593847702#0,1
10320.0,593847704#0,2
10320.0,593849711#0,1
10320.0,:3086736518_6,2
10340.0,-300077497#5,23
10340.0,-51362429#1,6
10340.0,-593847703#3,21
10340.0,-E0,15
10340.0,30620492#0,18
10340.0,30620492#1,5
10340.0,49073226#2,14
10340.0,506322844#0,5
10340.0,593847702#0,1
10340.0,593847704#0,6
10340.0,593849711#0,1
10340.0,:655375238_5,2
10340.0,:cluster_3431431575_4777363357_655375231_6982059025_7,1
10360.0,-300077497#5,26
10360.0,-300077497#8,1
10360.0,-51362429#1,6
10360.0,-593847703#3,21
10360.0,-E0,19
10360.0,30620492#0,18
10360.0,30620492#1,5
10360.0,49073226#2,15
10360.0,49073272#1,1
10360.0,506322844#0,2
10360.0,593847704#0,6
10360.0,:655375238_5,1
10360.0,:655375239_5,1
10380.0,-300077497#5,27
10380.0,-300077497#8,4
10380.0,-51362429#1,11
10380.0,-593847703#3,13
10380.0,-E0,19
10380.0,30620492#0,18
10380.0,30620492#1,5
10380.0,49073226#2,15
10380.0,49073272#3,1
10380.0,506322844#0,5
10380.0,593847704#0,5
10380.0,:3086736518_4,1
10380.0,:655375233_2,1
10380.0,:655375233_4,1
10380.0,:cluster622618015_622618108_622618112_622618144_#2more_39,1
10400.0,-300077497#5,23
10400.0,-300077497#8,4
10400.0,-51362429#1,11
10400.0,-593847703#3,14
10400.0,-E0,19
10400.0,182334378#0,1
10400.0,288878926#0,4
10400.0,30620492#0,16
10400.0,30620492#1,5
10400.0,360018417,1
10400.0,49073226#2,10
10400.0,506322844#0,5
10400.0,593849718#0,3
10400.0,:3086736518_4,1
10400.0,:655375233_2,1
10400.0,:655375233_4,1
10400.0,:cluster_2528018119_655375236_17,2
10400.0,:cluster_623980147_623980152_9,1
10420.0,-300077497#5,17
10420.0,-300077497#8,4
10420.0,-51362429#1,9
10420.0,-593847703#3,20
10420.0,-E0,17
10420.0,1239087514,1
10420.0,196961377#3,1
10420.0,288878926#0,5
10420.0,30620492#0,18
10420.0,30620492#1,5
10420.0,49073226#2,4
10420.0,506322842#0,1
10420.0,506322844#0,5
10420.0,51362430,1
10420.0,593849711#0,1
10420.0,:3086736518_4,1
10420.0,:3086736518_6,2
10420.0,:655375233_2,1
10420.0,:655375233_4,1
10420.0,:cluster622618015_622618108_622618112_622618144_#2more_0,1
10420.0,:cluster655375336_end_0_655375336_end_1_655375336_end_10_655375336_end_11_#8more_6,1
10420.0,:cluster_3431431575_4777363357_655375231_6982059025_3,2
10440.0,-300077497#5,21
10440.0,-51362429#1,1
10440.0,-593847703#3,21
10440.0,-E0,18
10440.0,288878926#0,9
10440.0,30620492#0,18
10440.0,30620492#1,5
10440.0,49073226#2,7
10440.0,506322842#0,1
10440.0,506322844#0,5
10440.0,51362430,1
10440.0,:3086736518_4,1
10440.0,:3086736518_6,2
10440.0,:655375233_2,1
10440.0,:655375233_4,1
10440.0,:cluster_3431431575_4777363357_655375231_6982059025_3,2
10440.0,:cluster_623980147_623980152_9,1
10460.0,-300077497#5,26
10460.0,-300077497#8,1
10460.0,-35274074#2,1
10460.0,-593847703#3,21
10460.0,-E0,19
10460.0,288878926#0,12
10460.0,30620492#0,18
10460.0,30620492#1,5
10460.0,49073226#2,8
10460.0,506322844#0,2
10460.0,:3086736518_4,1
10460.0,:3086736518_6,2
10460.0,:655375233_2,1
10460.0,:655375233_4,1
10460.0,:655375238_5,1
10460.0,:655375239_5,1
10460.0,:cluster_3431431575_4777363357_655375231_6982059025_3,1
10480.0,-300077497#5,27
10480.0,-300077497#8,3
10480.0,-35274074#2,1
10480.0,-51362429#1,3
10480.0,-593847703#3,14
10480.0,-E0,19
10480.0,263217604#0,1
10480.0,288878926#0,12
10480.0,30620492#0,18
10480.0,30620492#1,5
10480.0,49073226#2,9
10480.0,506322844#0,5
10480.0,593847702#0,1
10480.0,593847704#0,1
10480.0,:3086736518_4,2
10480.0,:3086736518_6,1
10480.0,:655375233_4,4
10500.0,-300077497#5,22
10500.0,-300077497#8,3
10500.0,-35274074#2,1
10500.0,-51362429#1,5
10500.0,-593847703#3,17
10500.0,-E0,19
10500.0,288878926#0,10
10500.0,30620492#0,18
10500.0,30620492#1,5
10500.0,360843888,1
10500.0,49073226#2,9
10500.0,506322844#0,5
10500.0,593847702#0,1
10500.0,593847704#0,2
10500.0,593849711#0,2
10500.0,:655375233_4,3
10500.0,:cluster_2528018119_655375236_17,1
10500.0,:cluster_2528018119_655375236_31,1
10520.0,-300077497#5,22
10520.0,-300077497#8,2
10520.0,-35274074#2,1
10520.0,-51362429#1,5
10520.0,-593847703#3,18
10520.0,-E0,18
10520.0,232003903#0,1
10520.0,288878926#0,4
10520.0,30620492#0,18
10520.0,30620492#1,5
10520.0,360843888,1
10520.0,49073226#2,9
10520.0,506322844#0,5
10520.0,593847702#0,1
10520.0,593847704#0,2
10520.0,:3086736518_6,1
10520.0,:655375233_4,3
10520.0,:655375238_5,1
10540.0,-300077497#5,26
10540.0,-300077497#8,1
10540.0,-51362429#1,5
10540.0,-593847703#3,18
10540.0,-E0,14
10540.0,232003903#0,1
10540.0,263217604#0,1
10540.0,288878926#0,4
10540.0,30620492#0,18
10540.0,30620492#1,5
10540.0,360843888,1
10540.0,49073226#2,9
10540.0,49073264#0,1
10540.0,506322844#0,2
10540.0,593847704#0,7
10540.0,:655375233_4,3
10540.0,:655375238_5,1
10540.0,:655375239_5,1
10560.0,-300077497#5,27
10560.0,-300077497#8,4
10560.0,-51362429#1,5
10560.0,-593847703#3,18
10560.0,-E0,19
10560.0,232003903#0,1
10560.0,263217604#0,1
10560.0,288878926#0,4
10560.0,30620492#0,18
10560.0,30620492#1,5
10560.0,360843888,1
10560.0,49073226#2,9
10560.0,506322844#0,3
10560.0,593847704#0,5
10560.0,:655375233_4,3
10560.0,:cluster622618015_622618108_622618112_622618144_#2more_17,1
10560.0,:cluster622618015_622618108_622618112_622618144_#2more_39,2
10580.0,-300077497#5,27
10580.0,-300077497#8,4
10580.0,-51362429#1,7
10580.0,-593847703#3,16
10580.0,-E0,19
10580.0,263217604#0,1
10580.0,288878926#0,4
10580.0,30620492#0,18
10580.0,30620492#1,3
10580.0,49073226#2,9
10580.0,506322844#0,3
10580.0,51362430,1
10580.0,593849718#0,4
10580.0,:3086736518_3,2
10580.0,:3208478128_0,1
10580.0,:655375233_4,1
10580.0,:cluster_9383263990_9383263991_9383263992_9383263993_13,2
10600.0,-300077497#5,23
10600.0,-300077497#8,4
10600.0,-51362429#1,9
10600.0,-593847703#3,16
10600.0,-E0,19
10600.0,182334378#0,1
10600.0,244450512#4,1
10600.0,244450512#5,1
10600.0,30620492#0,16
10600.0,30620492#1,5
10600.0,49073226#2,9
10600.0,506322844#0,5
10600.0,593847704#0,2
10600.0,:cluster_2528018119_655375236_17,2
10600.0,:cluster_3431431575_4777363357_655375231_6982059025_7,1
10620.0,-300077497#5,23
10620.0,-300077497#8,4
10620.0,-51362429#1,9
10620.0,-593847703#3,18
10620.0,-E0,19
10620.0,244450512#5,2
10620.0,30620492#0,16
10620.0,30620492#1,5
10620.0,49073226#2,10
10620.0,506322842#0,1
10620.0,506322844#0,6
10620.0,51362430,1
10620.0,593847704#0,2
10640.0,-300077497#5,27
10640.0,-300077497#8,4
10640.0,-51362429#1,7
10640.0,-593847703#3,18
10640.0,-E0,13
10640.0,244450512#5,2
10640.0,263217604#0,1
10640.0,288878926#0,6
10640.0,30620492#0,18
10640.0,30620492#1,5
10640.0,49073226#2,5
10640.0,506322844#0,1
10640.0,506322846#2,1
10640.0,593847704#0,8
10640.0,:cluster_3431431575_4777363357_655375231_6982059025_3,1
10640.0,:cluster_623980147_623980152_9,1
10660.0,-300077497#5,27
10660.0,-300077497#8,4
10660.0,-51362429#1,1
10660.0,-593847703#3,18
10660.0,-E0,18
10660.0,1068234499#0,1
10660.0,244450512#5,2
10660.0,263217604#0,1
10660.0,288878926#0,13
10660.0,30620492#0,18
10660.0,30620492#1,5
10660.0,49073226#2,4
10660.0,49073272#3,1
10660.0,506322844#0,1
10660.0,593847704#0,2
10660.0,593849718#0,1
10660.0,593852345#0,1
10660.0,:cluster622618015_622618108_622618112_622618144_#2more_39,3
10660.0,:cluster_3431431575_4777363357_655375231_6982059025_3,2
10680.0,-300077497#5,27
10680.0,-300077497#8,4
10680.0,-593847703#3,16
10680.0,-E0,19
10680.0,1068234499#0,1
10680.0,288878926#0,11
10680.0,30620492#0,14
10680.0,30620492#1,5
10680.0,360018417,1
10680.0,49073226#2,7
10680.0,506322844#0,5
10680.0,51362430,2
10680.0,593849711#0,1
10680.0,593852345#0,1
10680.0,594658760#0,1
10680.0,:655375233_4,2
10700.0,-300077497#5,23
10700.0,-300077497#8,4
10700.0,-51362429#1,6
10700.0,-593847703#3,14
10700.0,-E0,19
10700.0,1068234499#0,1
10700.0,196961215#2,1
10700.0,288878926#0,5
10700.0,30620492#0,17
10700.0,30620492#1,5
10700.0,49073226#2,9
10700.0,506322844#0,5
10700.0,594658760#0,1
10700.0,:cluster622618015_622618108_622618112_622618144_#2more_49,1
10700.0,:cluster_2528018119_655375236_17,2
10720.0,-300077497#5,23
10720.0,-300077497#8,2
10720.0,-51362429#1,6
10720.0,-593847703#3,16
10720.0,-E0,19
10720.0,182334378#0,1
10720.0,196961215#2,1
10720.0,288878926#0,5
10720.0,30620492#0,18
10720.0,30620492#1,5
10720.0,49073226#2,9
10720.0,506322844#0,5
10720.0,594658760#0,1
10720.0,:655375238_5,2
10740.0,-300077497#5,27
10740.0,-300077497#8,4
10740.0,-51362429#1,6
10740.0,-593847703#3,16
10740.0,-E0,13
10740.0,182334378#0,1
10740.0,196961215#2,1
10740.0,288878926#0,5
10740.0,30620492#0,18
10740.0,30620492#1,5
10740.0,49073226#2,9
10740.0,506322844#0,1
10740.0,593847704#0,5
10740.0,594658760#0,1
10740.0,:3086736518_6,1
10760.0,-300077497#5,23
10760.0,-300077497#8,4
10760.0,-51362429#1,6
10760.0,-593847703#3,18
10760.0,-E0,17
10760.0,182334378#0,1
10760.0,196961215#2,1
10760.0,288878926#0,5
10760.0,30620492#0,18
10760.0,30620492#1,3
10760.0,49073226#2,9
10760.0,506322844#0,1
10760.0,593849718#0,3
10760.0,:cluster_2528018119_655375236_17,2
10760.0,:cluster_9383263990_9383263991_9383263992_9383263993_13,2
10780.0,-300077497#5,23
10780.0,-300077497#8,4
10780.0,-51362429#1,6
10780.0,-593847703#3,18
10780.0,-E0,19
10780.0,196961215#2,1
10780.0,30620492#0,14
10780.0,30620492#1,5
10780.0,49073226#2,9
10780.0,506322844#0,5
10780.0,593849711#0,1
10780.0,:655375233_4,2
10800.0,-300077497#5,24
10800.0,-51362429#1,10
10800.0,-593847703#3,17
10800.0,-E0,19
10800.0,196961215#2,1
10800.0,30620492#0,17
10800.0,30620492#1,5
10800.0,49073226#2,9
10800.0,506322844#0,6
10800.0,:655375233_4,2
10820.0,-300077497#5,26
10820.0,-300077497#8,1
10820.0,-51362429#1,10
10820.0,-593847703#3,17
10820.0,-E0,19
10820.0,196961215#2,1
10820.0,263217604#0,2
10820.0,30620492#0,18
10820.0,30620492#1,5
10820.0,49073226#2,9
10820.0,:655375233_4,2
10820.0,:655375238_5,1
10840.0,-300077497#5,27
10840.0,-300077497#8,1
10840.0,-51362429#1,10
10840.0,-593847703#3,17
10840.0,-E0,15
10840.0,196961215#2,1
10840.0,263217604#0,2
10840.0,30620492#0,18
10840.0,30620492#1,5
10840.0,49073226#2,9
10840.0,593847704#0,2
10840.0,:3086736518_6,2
10840.0,:655375233_4,2
10860.0,-300077497#5,22
10860.0,-300077497#8,1
10860.0,-51362429#1,10
10860.0,-593847703#3,21
10860.0,-E0,16
10860.0,182334378#0,1
10860.0,288878926#0,3
10860.0,30620492#0,14
10860.0,30620492#1,3
10860.0,49073226#2,6
10860.0,506322844#0,4
10860.0,593847704#0,4
10860.0,594658757#0,1
10860.0,594658760#0,1
10860.0,:2749340167_0,1
10860.0,:655375233_4,2
10860.0,:cluster_623980147_623980152_4,1
10860.0,:cluster_9383263990_9383263991_9383263992_9383263993_13,1
10880.0,-300077497#5,23
10880.0,-51362429#1,3
10880.0,-593847703#3,21
10880.0,-E0,19
10880.0,182334378#0,1
10880.0,288878926#0,5
10880.0,30620492#0,16
10880.0,30620492#1,5
10880.0,49073226#2,4
10880.0,506322844#0,5
10880.0,593847704#0,4
10880.0,594658757#0,1
10880.0,594658760#0,1
10880.0,:655375233_4,2
10880.0,:cluster_3431431575_4777363357_655375231_6982059025_3,3
10880.0,:cluster_623980147_623980152_9,1
10900.0,-300077497#5,23
10900.0,-300077497#8,1
10900.0,-51362429#1,3
10900.0,-593847703#3,15
10900.0,-E0,19
10900.0,232003903#0,1
10900.0,263217604#0,1
10900.0,288878926#0,12
10900.0,30620492#0,18
10900.0,30620492#1,5
10900.0,49073226#2,4
10900.0,506322844#0,1
10900.0,593847704#0,4
10900.0,594658757#0,1
10900.0,594658760#0,1
10900.0,:655375232_8,1
10900.0,:655375238_5,1
10900.0,:655375239_5,1
10900.0,:cluster_3431431575_4777363357_655375231_6982059025_3,3
10900.0,:cluster_623980147_623980152_4,1
10920.0,-300077497#5,27
10920.0,-51362429#1,2
10920.0,-593847703#3,15
10920.0,-E0,19
10920.0,232003903#0,1
10920.0,263217604#0,1
10920.0,288878926#0,13
10920.0,30620492#0,18
10920.0,30620492#1,5
10920.0,49073226#2,8
10920.0,593847704#0,2
10920.0,594658757#0,1
10920.0,594658760#0,1
10920.0,:cluster622618015_622618108_622618112_622618144_#2more_39,2
10920.0,:cluster_3431431575_4777363357_655375231_6982059025_3,1
10940.0,-300077497#5,23
10940.0,-51362429#1,2
10940.0,-593847703#3,17
10940.0,-E0,17
10940.0,263217604#0,1
10940.0,288878926#0,13
10940.0,30620492#0,18
10940.0,30620492#1,3
10940.0,49073226#2,8
10940.0,51362430,1
10940.0,594658757#0,1
10940.0,594658760#0,1
10940.0,:3086736518_6,2
10940.0,:cluster_2528018119_655375236_17,2
10940.0,:cluster_3431431575_4777363357_655375231_6982059025_3,1
10940.0,:cluster_9383263990_9383263991_9383263992_9383263993_13,2
10960.0,-300077497#5,20
10960.0,-51362429#1,2
10960.0,-593847703#3,21
10960.0,-E0,15
10960.0,288878926#0,7
10960.0,30620492#0,13
10960.0,30620492#1,5
10960.0,49073226#2,9
10960.0,506322844#0,5
10960.0,593847704#0,5
10960.0,593849711#0,1
10960.0,594658757#0,1
10960.0,594658760#0,2
10960.0,:cluster655375336_end_0_655375336_end_1_655375336_end_10_655375336_end_11_#8more_5,1
10960.0,:cluster_3431431575_4777363357_655375231_6982059025_3,1
10980.0,-300077497#5,20
10980.0,-51362429#1,2
10980.0,-593847703#3,21
10980.0,-E0,19
10980.0,288878926#0,5
10980.0,30620492#0,16
10980.0,30620492#1,5
10980.0,49073226#2,9
10980.0,506322844#0,7
10980.0,593847704#0,5
10980.0,594658757#0,1
10980.0,594658760#0,2
10980.0,:cluster_3431431575_4777363357_655375231_6982059025_3,1
11000.0,-300077497#5,22
11000.0,-51362429#1,3
11000.0,-593847703#3,15
11000.0,-E0,19
11000.0,263217604#0,4
11000.0,288878926#0,5
11000.0,30620492#0,18
11000.0,30620492#1,5
11000.0,49073226#2,9
11000.0,593847704#0,6
11000.0,594658757#0,1
11000.0,594658760#0,2
11000.0,:3086736518_4,1
11000.0,:655375232_8,1
11000.0,:655375233_4,1
11000.0,:655375238_5,1
11000.0,:cluster_3431431575_4777363357_655375231_6982059025_3,1
11020.0,-300077497#5,23
11020.0,-51362429#1,6
11020.0,-593847703#3,15
11020.0,-E0,19
11020.0,263217604#0,4
11020.0,288878926#0,5
11020.0,30620492#0,18
11020.0,30620492#1,5
11020.0,49073226#2,9
11020.0,593849718#0,4
11020.0,594658757#0,1
11020.0,594658760#0,2
11020.0,:cluster622618015_622618108_622618112_622618144_#2more_37,1
11020.0,:cluster622618015_622618108_622618112_622618144_#2more_39,1
11020.0,:cluster_3431431575_4777363357_655375231_6982059025_3,1
11040.0,-300077497#5,16
11040.0,-51362429#1,6
11040.0,-593847703#3,22
11040.0,-E0,18
11040.0,288878926#0,3
11040.0,30620492#0,14
11040.0,30620492#1,4
11040.0,360018417,1
11040.0,49073226#2,9
11040.0,506322844#0,5
11040.0,593849711#0,1
11040.0,594658757#0,2
11040.0,594658760#0,4
11040.0,:3086736518_6,1
11040.0,:cluster3086736522_655375108_655375247_655375401_#1more_14,1
11040.0,:cluster_3431431575_4777363357_655375231_6982059025_3,1
11060.0,-300077497#5,16
11060.0,-51362429#1,6
11060.0,-593847703#3,22
11060.0,-E0,13
11060.0,30620492#0,15
11060.0,30620492#1,3
11060.0,49073226#2,9
11060.0,506322844#0,6
11060.0,593847704#0,5
11060.0,593849711#0,1
11060.0,594658757#0,2
11060.0,594658760#0,5
11060.0,:2749340167_0,1
11060.0,:cluster_3431431575_4777363357_655375231_6982059025_3,1
11060.0,:cluster_9383263990_9383263991_9383263992_9383263993_13,1
11080.0,-300077497#5,17
11080.0,-300077497#8,1
11080.0,-51362429#1,6
11080.0,-593847703#3,22
11080.0,-E0,19
11080.0,263217604#0,2
11080.0,30620492#0,15
11080.0,30620492#1,5
11080.0,49073226#2,9
11080.0,506322844#0,1
11080.0,506322846#0,1
11080.0,593847704#0,5
11080.0,594658760#0,3
11080.0,:655375238_5,1
11080.0,:655375239_5,1
11080.0,:cluster_3431431575_4777363357_655375231_6982059025_3,1
11100.0,-300077497#5,20
11100.0,-51362429#1,6
11100.0,-593847703#3,18
11100.0,-E0,19
11100.0,263217604#0,3
11100.0,288135626#0,1
11100.0,288878926#0,4
11100.0,30620492#0,18
11100.0,30620492#1,5
11100.0,49073226#2,5
11100.0,593847704#0,4
11100.0,594658760#0,3
11100.0,:655375232_8,1
11100.0,:655375233_2,1
11100.0,:655375233_4,1
11100.0,:cluster622618015_622618108_622618112_622618144_#2more_39,1
11100.0,:cluster_3431431575_4777363357_655375231_6982059025_3,2
11120.0,-300077497#5,16
11120.0,-593847703#3,20
11120.0,-E0,19
11120.0,1068234499#0,1
11120.0,263217604#0,3
11120.0,288878926#0,10
11120.0,30620492#0,18
11120.0,30620492#1,3
11120.0,49073226#2,5
11120.0,593847702#0,1
11120.0,593849718#0,1
11120.0,594658760#0,3
11120.0,:cluster_2528018119_655375236_17,2
11120.0,:cluster_3431431575_4777363357_655375231_6982059025_3,3
11120.0,:cluster_623980147_623980152_9,1
11120.0,:cluster_9383263990_9383263991_9383263992_9383263993_13,2
11140.0,-300077497#5,7
11140.0,-593847703#3,29
11140.0,-E0,19
11140.0,1068234499#0,1
11140.0,288878926#0,7
11140.0,30620492#0,12
11140.0,30620492#1,5
11140.0,49073226#2,5
11140.0,506322842#0,1
11140.0,506322844#0,5
11140.0,593847702#0,1
11140.0,593849711#0,1
11140.0,594658760#0,6
11140.0,:cluster622618015_622618108_622618112_622618144_#2more_0,1
11140.0,:cluster_2528018119_655375236_17,1
11140.0,:cluster_2528018119_655375236_31,1
11140.0,:cluster_623980147_623980152_9,1
11160.0,-300077497#5,5
11160.0,-593847703#3,32
11160.0,-E0,14
11160.0,1068234499#0,1
11160.0,182334378#0,1
11160.0,288878926#0,9
11160.0,30620492#0,16
11160.0,30620492#1,5
11160.0,49073226#2,2
11160.0,506322842#0,1
11160.0,506322844#0,7
11160.0,593847702#0,1
11160.0,593847704#0,4
11160.0,594658760#0,6
11180.0,-300077497#5,9
11180.0,-593847703#3,32
11180.0,-E0,19
11180.0,263217604#0,4
11180.0,288878926#0,9
11180.0,30620492#0,18
11180.0,30620492#1,5
11180.0,49073226#2,2
11180.0,49073272#3,1
11180.0,593847704#0,4
11180.0,594658760#0,6
11200.0,-300077497#5,9
11200.0,-593847703#3,30
11200.0,-E0,19
11200.0,263217604#0,4
11200.0,288878926#0,9
11200.0,30620492#0,18
11200.0,30620492#1,5
11200.0,49073226#2,2
11200.0,49073272#3,1
11200.0,593849718#0,3
11200.0,594658760#0,6
11200.0,:3086736518_4,1
11200.0,:655375233_4,1
11200.0,:cluster622618015_622618108_622618112_622618144_#2more_39,1
11220.0,-300077497#5,2
11220.0,-51362429#1,6
11220.0,-593847703#3,29
11220.0,-E0,19
11220.0,182334378#0,1
11220.0,288878926#0,7
11220.0,30620492#0,14
11220.0,30620492#1,3
11220.0,360018417,1
11220.0,49073226#2,2
11220.0,506322844#0,4
11220.0,593849711#0,1
11220.0,594658757#0,2
11220.0,594658760#0,7
11220.0,:2749340167_0,1
11220.0,:cluster3086736522_655375108_655375247_655375401_#1more_16,1
11220.0,:cluster_2528018119_655375236_17,2
11220.0,:cluster_3431431575_4777363357_655375231_6982059025_3,1
11220.0,:cluster_9383263990_9383263991_9383263992_9383263993_13,1
11240.0,-51362429#1,2
11240.0,-593847703#3,33
11240.0,-E0,19
11240.0,182334378#0,1
11240.0,288878926#0,1
11240.0,30620492#0,16
11240.0,30620492#1,5
11240.0,49073226#2,7
11240.0,506322844#0,5
11240.0,594658757#0,3
11240.0,594658760#0,7
11240.0,:cluster622618015_622618108_622618112_622618144_#2more_49,1
11260.0,-300077497#5,1
11260.0,-300077497#8,2
11260.0,-51362429#1,2
11260.0,-593847703#3,33
11260.0,-E0,13
11260.0,182334378#0,1
11260.0,263217604#0,2
11260.0,288878926#0,1
11260.0,30620492#0,18
11260.0,30620492#1,5
11260.0,49073226#2,7
11260.0,593847704#0,5
11260.0,594658757#0,3
11260.0,594658760#0,7
11260.0,:3086736518_6,1
11280.0,-300077497#5,3
11280.0,-51362429#1,2
11280.0,-593847703#3,33
11280.0,-E0,17
11280.0,263217604#0,2
11280.0,288878926#0,1
11280.0,30620492#0,18
11280.0,30620492#1,5
11280.0,49073226#2,7
11280.0,593847704#0,5
11280.0,594658757#0,3
11280.0,594658760#0,7
11280.0,:cluster622618015_622618108_622618112_622618144_#2more_39,1
11300.0,-300077497#5,1
11300.0,-51362429#1,2
11300.0,-593847703#3,32
11300.0,-E0,19
11300.0,263217604#0,2
11300.0,288878926#0,1
11300.0,30620492#0,18
11300.0,30620492#1,3
11300.0,49073226#2,7
11300.0,506322844#0,1
11300.0,593849718#0,1
11300.0,594658757#0,3
11300.0,594658760#0,7
11300.0,:3208478121_3,1
11300.0,:655375233_4,2
11300.0,:cluster_2528018119_655375236_17,1
11300.0,:cluster_9383263990_9383263991_9383263992_9383263993_13,1
11320.0,-51362429#1,4
11320.0,-593847703#3,26
11320.0,-E0,19
11320.0,196961377#3,1
11320.0,30620492#0,10
11320.0,30620492#1,4
11320.0,49073226#2,7
11320.0,506322842#0,2
11320.0,506322844#0,6
11320.0,593847702#0,2
11320.0,593847704#0,1
11320.0,594658757#0,3
11320.0,594658760#0,9
11320.0,:2749340167_0,1
11320.0,:cluster_2528018119_655375236_17,1
11340.0,-51362429#1,2
11340.0,-593847703#3,27
11340.0,-E0,19
11340.0,288878926#0,6
11340.0,30620492#0,15
11340.0,30620492#1,4
11340.0,49073226#2,3
11340.0,506322842#0,2
11340.0,506322844#0,7
11340.0,593847702#0,2
11340.0,593847704#0,1
11340.0,594658757#0,3
11340.0,594658760#0,9
11340.0,:2749340167_0,1
11360.0,-300077497#5,2
11360.0,-49073264#1,1
11360.0,-593847703#3,27
11360.0,-E0,15
11360.0,263217604#0,5
11360.0,288878926#0,9
11360.0,30620492#0,17
11360.0,30620492#1,5
11360.0,49073272#3,1
11360.0,506322846#2,1
11360.0,593847704#0,3
11360.0,594658757#0,3
11360.0,594658760#0,9
11360.0,:3086736518_6,1
11360.0,:655375238_2,1
11360.0,:cluster_3431431575_4777363357_655375231_6982059025_3,2
11380.0,-300077497#5,3
11380.0,-593847703#3,27
11380.0,-E0,15
11380.0,263217604#0,5
11380.0,288135626#0,1
11380.0,288878926#0,11
11380.0,30620492#0,18
11380.0,30620492#1,5
11380.0,49073272#3,2
11380.0,593849718#0,2
11380.0,594658757#0,3
11380.0,594658760#0,8
11380.0,:cluster622618015_622618108_622618112_622618144_#2more_39,1
11400.0,-593847703#3,30
11400.0,-E0,19
11400.0,1068234499#0,1
11400.0,288878926#0,9
11400.0,30620492#0,14
11400.0,30620492#1,4
11400.0,360018417,2
11400.0,360843888,1
11400.0,506322844#0,4
11400.0,593849711#0,1
11400.0,594658757#0,5
11400.0,594658760#0,10
11400.0,:cluster_9383263990_9383263991_9383263992_9383263993_13,1
11420.0,-51362429#1,1
11420.0,-593847703#3,19
11420.0,-E0,19
11420.0,1068234499#0,1
11420.0,288878926#0,3
11420.0,30620492#0,16
11420.0,30620492#1,5
11420.0,360843888,1
11420.0,506322844#0,5
11420.0,593847702#0,3
11420.0,593847704#0,1
11420.0,594658757#0,5
11420.0,594658760#0,10
11420.0,:655375232_8,1
11420.0,:cluster622618015_622618108_622618112_622618144_#2more_49,2
11440.0,-300077497#5,1
11440.0,-593847703#3,20
11440.0,-E0,19
11440.0,263217604#0,2
11440.0,288878926#0,3
11440.0,30620492#0,17
11440.0,30620492#1,5
11440.0,360843888,1
11440.0,49073226#2,2
11440.0,49073272#1,2
11440.0,49073272#3,1
11440.0,506322844#0,2
11440.0,593847704#0,1
11440.0,594658757#0,5
11440.0,594658760#0,10
11440.0,:655375239_6,1
11460.0,-300077497#5,3
11460.0,-593847703#3,20
11460.0,-E0,17
11460.0,263217604#0,3
11460.0,288878926#0,3
11460.0,30620492#0,18
11460.0,30620492#1,5
11460.0,360843888,1
11460.0,49073226#2,2
11460.0,49073272#3,3
11460.0,594658757#0,5
11460.0,594658760#0,10
11460.0,:3086736518_6,1
11460.0,:cluster622618015_622618108_622618112_622618144_#2more_42,1
11480.0,-49073264#1,1
11480.0,-593847703#3,21
11480.0,-E0,14
11480.0,182334378#0,1
11480.0,244450512#5,1
11480.0,263217604#0,3
11480.0,288878926#0,3
11480.0,30620492#0,18
11480.0,30620492#1,3
11480.0,360018417,2
11480.0,49073226#2,2
11480.0,49073272#3,1
11480.0,506322844#0,1
11480.0,593847704#0,1
11480.0,593849718#0,1
11480.0,594658757#0,5
11480.0,594658760#0,10
11480.0,:cluster622618015_622618108_622618112_622618144_#2more_39,1
11480.0,:cluster_2528018119_655375236_31,1
11480.0,:cluster_9383263990_9383263991_9383263992_9383263993_13,1
11500.0,-49073264#1,1
11500.0,-593847703#3,21
11500.0,-E0,19
11500.0,196961377#3,3
11500.0,244450512#5,1
11500.0,30620492#0,13
11500.0,30620492#1,5
11500.0,49073226#2,2
11500.0,506322844#0,5
11500.0,593847704#0,1
11500.0,594658757#0,6
11500.0,594658760#0,12
11520.0,-49073264#1,1
11520.0,-593847703#3,10
11520.0,-E0,19
11520.0,244450512#5,1
11520.0,30620492#0,18
11520.0,30620492#1,5
11520.0,49073226#2,2
11520.0,506322844#0,5
11520.0,593847704#0,1
11520.0,594658757#0,6
11520.0,594658760#0,12
11520.0,:655375233_4,3
11540.0,-300077497#5,2
11540.0,-49073264#1,1
11540.0,-593847703#3,10
11540.0,-E0,19
11540.0,244450512#5,1
11540.0,263217604#0,3
11540.0,30620492#0,18
11540.0,30620492#1,5
11540.0,49073226#2,2
11540.0,593847704#0,1
11540.0,594658757#0,5
11540.0,594658760#0,12
11560.0,-300077497#5,2
11560.0,-593847703#3,10
11560.0,-E0,18
11560.0,244450512#5,1
11560.0,263217604#0,3
11560.0,288878926#0,1
11560.0,30620492#0,18
11560.0,30620492#1,5
11560.0,593849718#0,1
11560.0,594658757#0,5
11560.0,594658760#0,12
11560.0,:3086736518_6,1
11560.0,:cluster_623980147_623980152_4,1
11580.0,-593847703#3,12
11580.0,-E0,13
11580.0,30620492#0,14
11580.0,30620492#1,4
11580.0,506322844#0,5
11580.0,593844221#0,1
11580.0,593847704#0,5
11580.0,593849711#0,2
11580.0,594658757#0,5
11580.0,594658760#0,14
11580.0,:cluster3086736522_655375108_655375247_655375401_#1more_14,1
11600.0,-593847703#3,12
11600.0,-E0,19
11600.0,30620492#0,16
11600.0,30620492#1,5
11600.0,506322844#0,5
11600.0,593847704#0,5
11600.0,594658757#0,4
11600.0,594658760#0,14
11620.0,-300077497#5,1
11620.0,-300077497#8,1
11620.0,-593847703#3,4
11620.0,-E0,19
11620.0,263217604#0,1
11620.0,30620492#0,18
11620.0,30620492#1,5
11620.0,506322844#0,1
11620.0,593847704#0,5
11620.0,594658757#0,4
11620.0,594658760#0,14
11620.0,:655375233_4,3
11620.0,:655375239_5,1
11640.0,-300077497#5,4
11640.0,-593847703#3,1
11640.0,-E0,19
11640.0,263217604#0,1
11640.0,30620492#0,18
11640.0,30620492#1,5
11640.0,593847704#0,3
11640.0,594658757#0,4
11640.0,594658760#0,14
11640.0,:cluster622618015_622618108_622618112_622618144_#2more_39,2
11660.0,-593847703#3,2
11660.0,-E0,19
11660.0,182334378#0,1
11660.0,263217604#0,1
11660.0,30620492#0,18
11660.0,30620492#1,3
11660.0,506322844#0,1
11660.0,593849718#0,1
11660.0,594658757#0,4
11660.0,594658760#0,14
11660.0,:cluster_2528018119_655375236_17,2
11660.0,:cluster_9383263990_9383263991_9383263992_9383263993_13,1
11680.0,-593847703#3,4
11680.0,-E0,14
11680.0,182334378#0,1
11680.0,30620492#0,13
11680.0,30620492#1,5
11680.0,506322844#0,5
11680.0,593847704#0,5
11680.0,594658757#0,4
11680.0,594658760#0,15
11700.0,-593847703#3,4
11700.0,-E0,19
11700.0,30620492#0,18
11700.0,30620492#1,5
11700.0,506322844#0,5
11700.0,593847704#0,5
11700.0,594658757#0,3
11700.0,594658760#0,14
11700.0,:cluster655375336_end_0_655375336_end_1_655375336_end_10_655375336_end_11_#8more_17,1
11700.0,:cluster655375336_end_0_655375336_end_1_655375336_end_10_655375336_end_11_#8more_21,1
11720.0,-300077497#5,5
11720.0,-E0,20
11720.0,30620492#0,18
11720.0,30620492#1,5
11720.0,593847704#0,5
11720.0,594658757#0,3
11720.0,594658760#0,14
11720.0,:655375233_4,4
11720.0,:cluster655375336_end_0_655375336_end_1_655375336_end_10_655375336_end_11_#8more_21,1
11740.0,-300077497#5,5
11740.0,-E0,20
11740.0,30620492#0,18
11740.0,30620492#1,5
11740.0,593849718#0,3
11740.0,594658757#0,3
11740.0,594658760#0,14
11740.0,:cluster622618015_622618108_622618112_622618144_#2more_39,2
11740.0,:cluster655375336_end_0_655375336_end_1_655375336_end_10_655375336_end_11_#8more_21,1
11760.0,-593847703#3,3
11760.0,-E0,20
11760.0,182334378#0,2
11760.0,30620492#0,14
11760.0,30620492#1,4
11760.0,506322844#0,5
11760.0,594658757#0,3
11760.0,594658760#0,14
11760.0,:cluster655375336_end_0_655375336_end_1_655375336_end_10_655375336_end_11_#8more_21,1
11780.0,-593847703#3,3
11780.0,-E0,14
11780.0,182334378#0,2
11780.0,30620492#0,16
11780.0,30620492#1,5
11780.0,506322844#0,5
11780.0,593847704#0,5
11780.0,594658757#0,3
11780.0,594658760#0,14
11780.0,:cluster655375336_end_0_655375336_end_1_655375336_end_10_655375336_end_11_#8more_21,1
11800.0,-300077497#5,1
11800.0,-593847703#3,3
11800.0,-E0,16
11800.0,182334378#0,2
11800.0,263217604#0,1
11800.0,30620492#0,18
11800.0,30620492#1,5
11800.0,506322844#0,1
11800.0,593847704#0,5
11800.0,594658757#0,1
11800.0,594658760#0,12
11800.0,:655375238_5,1
11800.0,:655375239_5,1
11800.0,:cluster655375336_end_0_655375336_end_1_655375336_end_10_655375336_end_11_#8more_17,2
11800.0,:cluster655375336_end_0_655375336_end_1_655375336_end_10_655375336_end_11_#8more_21,1
11820.0,-300077497#5,4
11820.0,-593847703#3,1
11820.0,-E0,20
11820.0,182334378#0,2
11820.0,263217604#0,1
11820.0,30620492#0,18
11820.0,30620492#1,5
11820.0,593847704#0,3
11820.0,594658757#0,1
11820.0,594658760#0,11
11820.0,:655375233_4,2
11820.0,:cluster622618015_622618108_622618112_622618144_#2more_39,2
11840.0,-593847703#3,1
11840.0,-E0,20
11840.0,182334378#0,3
11840.0,263217604#0,1
11840.0,30620492#0,18
11840.0,30620492#1,3
11840.0,593849718#0,1
11840.0,594658757#0,1
11840.0,594658760#0,11
11840.0,:cluster_2528018119_655375236_17,1
11840.0,:cluster_2528018119_655375236_19,1
11840.0,:cluster_9383263990_9383263991_9383263992_9383263993_13,2
11860.0,-593847703#3,2
11860.0,-E0,20
11860.0,182334378#0,4
11860.0,30620492#0,13
11860.0,30620492#1,4
11860.0,506322844#0,5
11860.0,594658757#0,1
11860.0,594658760#0,12
11860.0,:cluster_9383263990_9383263991_9383263992_9383263993_13,1
11880.0,-593847703#3,2
11880.0,-E0,16
11880.0,182334378#0,4
11880.0,30620492#0,17
11880.0,30620492#1,5
11880.0,506322844#0,6
11880.0,593847704#0,3
11880.0,594658757#0,1
11880.0,594658760#0,12
11900.0,-300077497#5,4
11900.0,-593847703#3,2
11900.0,-E0,13
11900.0,182334378#0,4
11900.0,263217604#0,2
11900.0,30620492#0,18
11900.0,30620492#1,5
11900.0,593847704#0,4
11900.0,594658760#0,10
11900.0,:cluster655375336_end_0_655375336_end_1_655375336_end_10_655375336_end_11_#8more_17,2
11900.0,:cluster655375336_end_0_655375336_end_1_655375336_end_10_655375336_end_11_#8more_21,1
11920.0,-300077497#5,4
11920.0,-593847703#3,2
11920.0,-E0,19
11920.0,182334378#0,1
11920.0,263217604#0,2
11920.0,30620492#0,18
11920.0,30620492#1,5
11920.0,593849718#0,3
11920.0,594658760#0,10
11920.0,:cluster622618015_622618108_622618112_622618144_#2more_39,1
11940.0,-593847703#3,4
11940.0,-E0,19
11940.0,182334378#0,1
11940.0,30620492#0,14
11940.0,30620492#1,4
11940.0,506322844#0,5
11940.0,594658757#0,1
11940.0,594658760#0,11
11960.0,-593847703#3,4
11960.0,-E0,19
11960.0,182334378#0,1
11960.0,30620492#0,16
11960.0,30620492#1,5
11960.0,506322844#0,5
11960.0,594658757#0,1
11960.0,594658760#0,11
11980.0,-300077497#5,1
11980.0,-300077497#8,1
11980.0,-593847703#3,4
11980.0,-E0,17
11980.0,182334378#0,1
11980.0,30620492#0,18
11980.0,30620492#1,5
11980.0,594658757#0,1
11980.0,594658760#0,11
11980.0,:3086736518_6,2
11980.0,:655375238_5,1
11980.0,:655375239_5,2
12000.0,-300077497#5,5
12000.0,-593847703#3,4
12000.0,-E0,13
12000.0,182334378#0,1
12000.0,30620492#0,18
12000.0,30620492#1,5
12000.0,593847704#0,2
12000.0,594658760#0,10
12000.0,:cluster622618015_622618108_622618112_622618144_#2more_39,2
12000.0,:cluster655375336_end_0_655375336_end_1_655375336_end_10_655375336_end_11_#8more_17,1
12000.0,:cluster655375336_end_0_655375336_end_1_655375336_end_10_655375336_end_11_#8more_21,1
12020.0,-300077497#5,1
12020.0,-593847703#3,6
12020.0,-E0,19
12020.0,182334378#0,1
12020.0,30620492#0,18
12020.0,30620492#1,3
12020.0,506322844#0,1
12020.0,594658760#0,6
12020.0,:cluster_2528018119_655375236_17,2
12020.0,:cluster_9383263990_9383263991_9383263992_9383263993_13,1
12040.0,-E0,19
12040.0,182334378#0,1
12040.0,30620492#0,11
12040.0,30620492#1,4
12040.0,506322842#0,2
12040.0,506322844#0,5
12040.0,594658760#0,6
12040.0,:2749340167_0,1
12040.0,:655375233_4,1
12060.0,-E0,19
12060.0,182334378#0,1
12060.0,30620492#0,14
12060.0,30620492#1,4
12060.0,506322842#0,3
12060.0,506322844#0,6
12060.0,594658760#0,6
12060.0,:2749340167_0,1
12060.0,:cluster_9383263990_9383263991_9383263992_9383263993_13,1
12080.0,-300077497#5,3
12080.0,-35274074#2,1
12080.0,-E0,18
12080.0,182334378#0,1
12080.0,263217604#0,4
12080.0,30620492#0,17
12080.0,30620492#1,5
12080.0,594658760#0,6
12080.0,:3086736518_6,1
12080.0,:655375238_2,1
12080.0,:cluster_5372642442_631668976_631668981_631669076_36,1
12100.0,-300077497#5,5
12100.0,-E0,9
12100.0,1068234499#0,1
12100.0,182334378#0,1
12100.0,263217604#0,4
12100.0,30620492#0,18
12100.0,30620492#1,5
12100.0,593847704#0,1
12100.0,594658760#0,6
12100.0,:cluster622618015_622618108_622618112_622618144_#2more_39,1
12120.0,-593847703#3,4
12120.0,-E0,14
12120.0,1068234499#0,1
12120.0,30620492#0,14
12120.0,30620492#1,4
12120.0,506322844#0,5
12120.0,594658757#0,2
12120.0,594658760#0,8
12140.0,-E0,19
12140.0,1068234499#0,1
12140.0,30620492#0,16
12140.0,30620492#1,5
12140.0,506322844#0,5
12140.0,594658757#0,2
12140.0,594658760#0,8
12160.0,-300077497#5,1
12160.0,-300077497#8,1
12160.0,-593847703#3,1
12160.0,-E0,19
12160.0,263217604#0,1
12160.0,30620492#0,18
12160.0,30620492#1,5
12160.0,506322844#0,1
12160.0,594658757#0,2
12160.0,594658760#0,8
12160.0,:655375239_6,1
12180.0,-300077497#5,3
12180.0,-593847703#3,1
12180.0,-E0,19
12180.0,263217604#0,2
12180.0,30620492#0,18
12180.0,30620492#1,5
12180.0,594658757#0,2
12180.0,594658760#0,8
12200.0,-593847703#3,3
12200.0,-E0,11
12200.0,263217604#0,2
12200.0,30620492#0,18
12200.0,30620492#1,3
12200.0,506322844#0,1
12200.0,594658757#0,2
12200.0,594658760#0,8
12200.0,:cluster622618015_622618108_622618112_622618144_#2more_39,1
12200.0,:cluster_2528018119_655375236_17,1
12200.0,:cluster_9383263990_9383263991_9383263992_9383263993_13,1
12220.0,-593847703#3,4
12220.0,-E0,16
12220.0,30620492#0,13
12220.0,30620492#1,5
12220.0,506322844#0,5
12220.0,594658757#0,1
12220.0,594658760#0,9
12240.0,-E0,19
12240.0,30620492#0,17
12240.0,30620492#1,5
12240.0,506322844#0,6
12240.0,594658757#0,1
12240.0,594658760#0,9
12240.0,:655375233_4,3
12260.0,-300077497#5,4
12260.0,-E0,19
12260.0,263217604#0,2
12260.0,30620492#0,18
12260.0,30620492#1,5
12260.0,594658757#0,1
12260.0,594658760#0,9
12280.0,-300077497#5,4
12280.0,-E0,19
12280.0,263217604#0,2
12280.0,30620492#0,18
12280.0,30620492#1,5
12280.0,594658757#0,1
12280.0,594658760#0,9
12300.0,-593847703#3,4
12300.0,-E0,13
12300.0,30620492#0,14
12300.0,30620492#1,4
12300.0,506322844#0,5
12300.0,593847704#0,4
12300.0,594658757#0,2
12300.0,594658760#0,10
12300.0,:3086736518_6,1
12320.0,-593847703#3,4
12320.0,-E0,17
12320.0,30620492#0,16
12320.0,30620492#1,5
12320.0,506322844#0,5
12320.0,593847704#0,5
12320.0,594658757#0,2
12320.0,594658760#0,10
12340.0,-300077497#5,1
12340.0,-300077497#8,1
12340.0,-593847703#3,2
12340.0,-E0,19
12340.0,30620492#0,18
12340.0,30620492#1,5
12340.0,506322844#0,1
12340.0,593847704#0,5
12340.0,594658757#0,2
12340.0,594658760#0,10
12340.0,:655375233_4,2
12340.0,:655375238_5,1
12340.0,:655375239_5,1
12360.0,-300077497#5,5
12360.0,-E0,19
12360.0,30620492#0,18
12360.0,30620492#1,5
12360.0,593847704#0,3
12360.0,594658757#0,2
12360.0,594658760#0,10
12360.0,:cluster622618015_622618108_622618112_622618144_#2more_39,2
12380.0,-300077497#5,1
12380.0,-593847703#3,2
12380.0,-E0,19
12380.0,30620492#0,18
12380.0,30620492#1,3
12380.0,593849718#0,1
12380.0,594658757#0,2
12380.0,594658760#0,10
12380.0,:cluster_2528018119_655375236_17,2
12380.0,:cluster_9383263990_9383263991_9383263992_9383263993_13,2
12400.0,-593847703#3,5
12400.0,-E0,15
12400.0,30620492#0,13
12400.0,30620492#1,5
12400.0,506322844#0,5
12400.0,593847704#0,2
12400.0,594658757#0,2
12400.0,594658760#0,10
12400.0,:3086736518_6,2
12420.0,-593847703#3,5
12420.0,-E0,13
12420.0,30620492#0,17
12420.0,30620492#1,5
12420.0,506322844#0,6
12420.0,593847704#0,6
12420.0,594658757#0,2
12420.0,594658760#0,10
12440.0,-300077497#5,3
12440.0,-593847703#3,5
12440.0,-E0,19
12440.0,263217604#0,3
12440.0,30620492#0,18
12440.0,30620492#1,5
12440.0,593847704#0,6
12440.0,594658757#0,2
12440.0,594658760#0,10
12460.0,-300077497#5,3
12460.0,-E0,19
12460.0,263217604#0,3
12460.0,30620492#0,18
12460.0,30620492#1,5
12460.0,593849718#0,3
12460.0,594658757#0,2
12460.0,594658760#0,10
12460.0,:cluster622618015_622618108_622618112_622618144_#2more_39,3
12480.0,-593847703#3,3
12480.0,-E0,19
12480.0,30620492#0,14
12480.0,30620492#1,4
12480.0,506322844#0,5
12480.0,594658757#0,2
12480.0,594658760#0,12
12480.0,:cluster3086736522_655375108_655375247_655375401_#1more_14,1
12500.0,-593847703#3,3
12500.0,-E0,17
12500.0,30620492#0,16
12500.0,30620492#1,4
12500.0,506322844#0,5
12500.0,594658757#0,2
12500.0,594658760#0,13
12500.0,:3086736518_6,2
12500.0,:cluster_9383263990_9383263991_9383263992_9383263993_13,1
12520.0,-300077497#5,1
12520.0,-593847703#3,3
12520.0,-E0,14
12520.0,263217604#0,2
12520.0,30620492#0,17
12520.0,30620492#1,5
12520.0,506322844#0,1
12520.0,593847704#0,6
12520.0,594658757#0,1
12520.0,594658760#0,12
12520.0,:655375238_5,1
12520.0,:655375239_5,1
12540.0,-300077497#5,4
12540.0,-593847703#3,3
12540.0,-E0,20
12540.0,263217604#0,2
12540.0,30620492#0,18
12540.0,30620492#1,5
12540.0,593847704#0,4
12540.0,594658760#0,11
12540.0,:cluster622618015_622618108_622618112_622618144_#2more_39,2
12540.0,:cluster655375336_end_0_655375336_end_1_655375336_end_10_655375336_end_11_#8more_17,1
12560.0,-593847703#3,2
12560.0,-E0,20
12560.0,263217604#0,2
12560.0,30620492#0,18
12560.0,30620492#1,3
12560.0,593849718#0,2
12560.0,594658760#0,11
12560.0,:cluster655375336_end_0_655375336_end_1_655375336_end_10_655375336_end_11_#8more_17,1
12560.0,:cluster_2528018119_655375236_17,2
12560.0,:cluster_9383263990_9383263991_9383263992_9383263993_13,2
12580.0,-593847703#3,4
12580.0,-E0,20
12580.0,30620492#0,13
12580.0,30620492#1,5
12580.0,506322844#0,5
12580.0,594658757#0,1
12580.0,594658760#0,12
12580.0,:cluster655375336_end_0_655375336_end_1_655375336_end_10_655375336_end_11_#8more_17,1
12600.0,-593847703#3,4
12600.0,-E0,19
12600.0,30620492#0,18
12600.0,30620492#1,5
12600.0,506322844#0,5
12600.0,594658757#0,1
12600.0,594658760#0,12
12600.0,:3086736518_6,1
12600.0,:cluster655375336_end_0_655375336_end_1_655375336_end_10_655375336_end_11_#8more_17,1
12620.0,-300077497#5,4
12620.0,-593847703#3,4
12620.0,-E0,14
12620.0,263217604#0,1
12620.0,30620492#0,18
12620.0,30620492#1,5
12620.0,593847704#0,6
12620.0,594658757#0,1
12620.0,594658760#0,12
12620.0,:cluster655375336_end_0_655375336_end_1_655375336_end_10_655375336_end_11_#8more_17,1
12640.0,-300077497#5,4
12640.0,-593847703#3,4
12640.0,-E0,19
12640.0,263217604#0,1
12640.0,30620492#0,18
12640.0,30620492#1,5
12640.0,593849718#0,4
12640.0,594658757#0,1
12640.0,594658760#0,12
12640.0,:cluster622618015_622618108_622618112_622618144_#2more_39,2
12660.0,-593847703#3,3
12660.0,-E0,19
12660.0,30620492#0,14
12660.0,30620492#1,4
12660.0,506322844#0,5
12660.0,594658757#0,1
12660.0,594658760#0,13
12660.0,:655375233_4,1
12680.0,-593847703#3,1
12680.0,-E0,19
12680.0,30620492#0,16
12680.0,30620492#1,5
12680.0,506322844#0,5
12680.0,594658757#0,1
12680.0,594658760#0,13
12700.0,-300077497#5,1
12700.0,-300077497#8,1
12700.0,-593847703#3,1
12700.0,-E0,19
12700.0,30620492#0,18
12700.0,30620492#1,5
12700.0,506322844#0,1
12700.0,594658757#0,1
12700.0,594658760#0,13
12700.0,:655375238_5,1
12700.0,:655375239_5,1
12720.0,-300077497#5,5
12720.0,-593847703#3,1
12720.0,-E0,13
12720.0,30620492#0,18
12720.0,30620492#1,5
12720.0,593847704#0,5
12720.0,594658757#0,1
12720.0,594658760#0,13
12720.0,:cluster622618015_622618108_622618112_622618144_#2more_39,1
12740.0,-300077497#5,1
12740.0,-593847703#3,3
12740.0,-E0,18
12740.0,30620492#0,18
12740.0,30620492#1,3
12740.0,593849718#0,1
12740.0,594658757#0,1
12740.0,594658760#0,13
12740.0,:cluster_2528018119_655375236_19,1
12740.0,:cluster_2528018119_655375236_31,1
12740.0,:cluster_9383263990_9383263991_9383263992_9383263993_13,2
12760.0,-E0,20
12760.0,182334378#0,2
12760.0,30620492#0,13
12760.0,30620492#1,5
12760.0,506322844#0,5
12760.0,594658760#0,12
12760.0,:655375233_4,4
12760.0,:cluster655375336_end_0_655375336_end_1_655375336_end_10_655375336_end_11_#8more_17,1
12780.0,-E0,20
12780.0,182334378#0,2
12780.0,30620492#0,16
12780.0,30620492#1,5
12780.0,506322844#0,7
12780.0,594658760#0,12
12780.0,:cluster655375336_end_0_655375336_end_1_655375336_end_10_655375336_end_11_#8more_17,1
12800.0,-300077497#5,4
12800.0,-E0,20
12800.0,182334378#0,2
12800.0,263217604#0,3
12800.0,30620492#0,18
12800.0,30620492#1,5
12800.0,594658760#0,12
12800.0,:cluster655375336_end_0_655375336_end_1_655375336_end_10_655375336_end_11_#8more_17,1
12820.0,-300077497#5,4
12820.0,-E0,14
12820.0,182334378#0,2
12820.0,263217604#0,3
12820.0,30620492#0,18
12820.0,30620492#1,5
12820.0,593847704#0,4
12820.0,594658760#0,12
12820.0,:3086736518_6,2
12820.0,:cluster655375336_end_0_655375336_end_1_655375336_end_10_655375336_end_11_#8more_17,1
12840.0,-593847703#3,3
12840.0,-E0,17
12840.0,182334378#0,2
12840.0,30620492#0,14
12840.0,30620492#1,3
12840.0,360843888,1
12840.0,506322844#0,4
12840.0,593847704#0,3
12840.0,594658757#0,1
12840.0,594658760#0,12
12840.0,:2749340167_0,1
12840.0,:cluster655375336_end_0_655375336_end_1_655375336_end_10_655375336_end_11_#8more_17,1
12840.0,:cluster_9383263990_9383263991_9383263992_9383263993_13,1
12860.0,-593847703#3,1
12860.0,-E0,19
12860.0,182334378#0,2
12860.0,30620492#0,15
12860.0,30620492#1,4
12860.0,360843888,1
12860.0,49695736#0,2
12860.0,506322844#0,6
12860.0,593847704#0,3
12860.0,594658757#0,1
12860.0,594658760#0,10
12860.0,:2749340167_0,1
12860.0,:655375233_4,2
12880.0,-300077497#8,1
12880.0,-593847703#3,2
12880.0,-E0,19
12880.0,182334378#0,2
12880.0,263217604#0,2
12880.0,30620492#0,17
12880.0,30620492#1,5
12880.0,360843888,1
12880.0,506322844#0,2
12880.0,593847704#0,3
12880.0,594658757#0,1
12880.0,594658760#0,10
12880.0,:655375239_5,1
12900.0,-300077497#5,4
12900.0,-593847703#3,2
12900.0,-E0,19
12900.0,182334378#0,2
12900.0,263217604#0,2
12900.0,30620492#0,18
12900.0,30620492#1,5
12900.0,360843888,1
12900.0,593847704#0,1
12900.0,594658757#0,1
12900.0,594658760#0,10
12900.0,:cluster622618015_622618108_622618112_622618144_#2more_39,2
12920.0,-593847703#3,4
12920.0,-E0,15
12920.0,182334378#0,2
12920.0,244450512#5,1
12920.0,263217604#0,2
12920.0,30620492#0,18
12920.0,30620492#1,3
12920.0,593847704#0,1
12920.0,594658757#0,1
12920.0,594658760#0,10
12920.0,:3086736518_6,1
12920.0,:cluster_2528018119_655375236_17,2
12920.0,:cluster_9383263990_9383263991_9383263992_9383263993_13,2
12940.0,-593847703#3,6
12940.0,-E0,15
12940.0,182334378#0,2
12940.0,244450512#5,1
12940.0,30620492#0,13
12940.0,30620492#1,5
12940.0,506322844#0,5
12940.0,593847704#0,4
12940.0,594658757#0,2
12940.0,594658760#0,8
12940.0,:cluster655375336_end_0_655375336_end_1_655375336_end_10_655375336_end_11_#8more_17,2
12940.0,:cluster655375336_end_0_655375336_end_1_655375336_end_10_655375336_end_11_#8more_21,1
12960.0,-593847703#3,6
12960.0,-E0,20
12960.0,182334378#0,2
12960.0,244450512#5,1
12960.0,30620492#0,17
12960.0,30620492#1,5
12960.0,506322844#0,6
12960.0,593847704#0,4
12960.0,594658757#0,1
12960.0,594658760#0,7
12980.0,-300077497#5,4
12980.0,-E0,20
12980.0,182334378#0,2
12980.0,244450512#5,1
12980.0,263217604#0,2
12980.0,30620492#0,18
12980.0,30620492#1,5
12980.0,593847704#0,4
12980.0,594658757#0,1
12980.0,594658760#0,7
13000.0,-300077497#5,4
13000.0,-E0,20
13000.0,182334378#0,2
13000.0,244450512#5,1
13000.0,263217604#0,2
13000.0,30620492#0,18
13000.0,30620492#1,5
13000.0,593849718#0,3
13000.0,594658757#0,1
13000.0,594658760#0,7
13020.0,-593847703#3,3
13020.0,-E0,18
13020.0,182334378#0,3
13020.0,30620492#0,14
13020.0,30620492#1,3
13020.0,506322842#0,1
13020.0,506322844#0,4
13020.0,594658757#0,2
13020.0,594658760#0,8
13020.0,:3086736518_6,2
13020.0,:cluster655375336_end_0_655375336_end_1_655375336_end_10_655375336_end_11_#8more_30,1
13020.0,:cluster_9383263990_9383263991_9383263992_9383263993_13,1
13040.0,-593847703#3,3
13040.0,-E0,14
13040.0,182334378#0,3
13040.0,30620492#0,15
13040.0,30620492#1,5
13040.0,506322842#0,1
13040.0,506322844#0,5
13040.0,593847704#0,6
13040.0,594658757#0,2
13040.0,594658760#0,8
13040.0,:cluster655375336_end_0_655375336_end_1_655375336_end_10_655375336_end_11_#8more_46,1
13060.0,-300077497#5,1
13060.0,-300077497#8,2
13060.0,-593847703#3,3
13060.0,-E0,19
13060.0,263217604#0,1
13060.0,30620492#0,17
13060.0,30620492#1,5
13060.0,506322844#0,1
13060.0,506322846#0,1
13060.0,593847704#0,6
13060.0,594658757#0,2
13060.0,594658760#0,8
13060.0,:655375239_5,1
13080.0,-300077497#5,5
13080.0,-E0,19
13080.0,263217604#0,1
13080.0,288135626#0,1
13080.0,30620492#0,18
13080.0,30620492#1,5
13080.0,593847704#0,4
13080.0,594658757#0,2
13080.0,594658760#0,8
13080.0,:cluster622618015_622618108_622618112_622618144_#2more_39,2
13100.0,-300077497#5,1
13100.0,-593847703#3,2
13100.0,-E0,19
13100.0,1068234499#0,1
13100.0,263217604#0,1
13100.0,30620492#0,18
13100.0,30620492#1,3
13100.0,506322844#0,1
13100.0,593849718#0,1
13100.0,594658757#0,2
13100.0,594658760#0,8
13100.0,:cluster_2528018119_655375236_17,1
13100.0,:cluster_2528018119_655375236_31,1
13100.0,:cluster_9383263990_9383263991_9383263992_9383263993_13,1
13120.0,-593847703#3,4
13120.0,-E0,18
13120.0,1068234499#0,1
13120.0,182334378#0,1
13120.0,30620492#0,13
13120.0,30620492#1,5
13120.0,506322844#0,5
13120.0,594658757#0,2
13120.0,594658760#0,9
13120.0,:3086736518_6,1
13140.0,-593847703#3,4
13140.0,-E0,12
13140.0,1068234499#0,1
13140.0,182334378#0,1
13140.0,30620492#0,17
13140.0,30620492#1,5
13140.0,506322844#0,6
13140.0,593847704#0,3
13140.0,594658757#0,2
13140.0,594658760#0,9
13160.0,-300077497#5,2
13160.0,-593847703#3,5
13160.0,-E0,19
13160.0,182334378#0,1
13160.0,263217604#0,4
13160.0,30620492#0,18
13160.0,30620492#1,5
13160.0,593847704#0,3
13160.0,594658760#0,5
13160.0,:cluster655375336_end_0_655375336_end_1_655375336_end_10_655375336_end_11_#8more_17,1
13180.0,-300077497#5,2
13180.0,-E0,20
13180.0,182334378#0,1
13180.0,263217604#0,4
13180.0,30620492#0,18
13180.0,30620492#1,5
13180.0,593849718#0,3
13180.0,594658760#0,5
13180.0,:655375233_4,1
13200.0,-593847703#3,2
13200.0,-E0,20
13200.0,182334378#0,1
13200.0,30620492#0,14
13200.0,30620492#1,3
13200.0,506322842#0,1
13200.0,506322844#0,3
13200.0,594658757#0,2
13200.0,594658760#0,7
13200.0,:2749340167_0,1
13200.0,:cluster_9383263990_9383263991_9383263992_9383263993_10,1
13220.0,-593847703#3,2
13220.0,-E0,20
13220.0,182334378#0,1
13220.0,30620492#0,14
13220.0,30620492#1,5
13220.0,506322842#0,2
13220.0,506322844#0,5
13220.0,594658757#0,2
13220.0,594658760#0,7
13240.0,-300077497#5,1
13240.0,-300077497#8,1
13240.0,-35274074#2,1
13240.0,-593847703#3,2
13240.0,-E0,12
13240.0,182334378#0,1
13240.0,30620492#0,18
13240.0,30620492#1,5
13240.0,506322844#0,1
13240.0,506322846#0,1
13240.0,593847704#0,2
13240.0,594658757#0,2
13240.0,594658760#0,7
13240.0,:655375238_5,1
13240.0,:655375239_5,1
13260.0,-300077497#5,6
13260.0,-593847703#3,2
13260.0,-E0,16
13260.0,288135626#0,1
13260.0,30620492#0,18
13260.0,30620492#1,5
13260.0,594658757#0,2
13260.0,594658760#0,7
13260.0,:cluster622618015_622618108_622618112_622618144_#2more_39,2
13280.0,-300077497#5,2
13280.0,-593847703#3,1
13280.0,-E0,19
13280.0,1068234499#0,1
13280.0,182334378#0,1
13280.0,30620492#0,18
13280.0,30620492#1,3
13280.0,594658757#0,2
13280.0,594658760#0,7
13280.0,:655375233_4,2
13280.0,:cluster_2528018119_655375236_17,2
13280.0,:cluster_9383263990_9383263991_9383263992_9383263993_13,2
13300.0,-593847703#3,5
13300.0,-E0,19
13300.0,1068234499#0,1
13300.0,182334378#0,1
13300.0,30620492#0,13
13300.0,30620492#1,5
13300.0,506322844#0,5
13300.0,594658757#0,2
13300.0,594658760#0,7
13320.0,-593847703#3,5
13320.0,-E0,19
13320.0,1068234499#0,1
13320.0,182334378#0,1
13320.0,30620492#0,17
13320.0,30620492#1,5
13320.0,506322844#0,6
13320.0,594658757#0,2
13320.0,594658760#0,7
13340.0,-300077497#5,4
13340.0,-593847703#3,6
13340.0,-E0,13
13340.0,182334378#0,1
13340.0,263217604#0,2
13340.0,30620492#0,18
13340.0,30620492#1,5
13340.0,593847704#0,2
13340.0,594658757#0,2
13340.0,594658760#0,7
13360.0,-300077497#5,4
13360.0,-593847703#3,6
13360.0,-E0,13
13360.0,263217604#0,2
13360.0,30620492#0,18
13360.0,30620492#1,5
13360.0,593849718#0,2
13360.0,594658757#0,2
13360.0,594658760#0,7
13380.0,-593847703#3,6
13380.0,-E0,14
13380.0,30620492#0,14
13380.0,30620492#1,3
13380.0,506322844#0,4
13380.0,594658757#0,3
13380.0,594658760#0,8
13380.0,:2749340167_0,1
13380.0,:655375233_4,2
13380.0,:cluster655375336_end_0_655375336_end_1_655375336_end_10_655375336_end_11_#8more_39,1
13380.0,:cluster_9383263990_9383263991_9383263992_9383263993_13,1
13400.0,-E0,15
13400.0,30620492#0,16
13400.0,30620492#1,5
13400.0,506322844#0,5
13400.0,594658757#0,3
13400.0,594658760#0,8
13420.0,-300077497#5,1
13420.0,-300077497#8,2
13420.0,-E0,17
13420.0,263217604#0,1
13420.0,30620492#0,17
13420.0,30620492#1,5
13420.0,506322844#0,1
13420.0,594658757#0,1
13420.0,594658760#0,5
13420.0,:655375239_5,1
13420.0,:cluster655375336_end_0_655375336_end_1_655375336_end_10_655375336_end_11_#8more_17,2
13420.0,:cluster655375336_end_0_655375336_end_1_655375336_end_10_655375336_end_11_#8more_21,1
13440.0,-300077497#5,5
13440.0,-E0,16
13440.0,263217604#0,1
13440.0,30620492#0,18
13440.0,30620492#1,5
13440.0,593847704#0,1
13440.0,594658757#0,1
13440.0,594658760#0,5
13460.0,-300077497#5,1
13460.0,-593847703#3,2
13460.0,-E0,14
13460.0,263217604#0,1
13460.0,30620492#0,18
13460.0,30620492#1,3
13460.0,506322844#0,1
13460.0,594658757#0,1
13460.0,594658760#0,5
13460.0,:cluster_2528018119_655375236_17,2
13460.0,:cluster_9383263990_9383263991_9383263992_9383263993_13,1
13480.0,-593847703#3,4
13480.0,-E0,15
13480.0,30620492#0,13
13480.0,30620492#1,5
13480.0,506322844#0,5
13480.0,594658757#0,1
13480.0,594658760#0,6
13500.0,-E0,17
13500.0,30620492#0,17
13500.0,30620492#1,5
13500.0,506322844#0,6
13500.0,594658760#0,5
13520.0,-300077497#5,4
13520.0,-E0,19
13520.0,263217604#0,2
13520.0,30620492#0,18
13520.0,30620492#1,5
13520.0,594658760#0,3
13540.0,-300077497#5,4
13540.0,-E0,17
13540.0,263217604#0,2
13540.0,30620492#0,18
13540.0,30620492#1,5
13540.0,594658760#0,3
13540.0,:3086736518_6,2
13560.0,-593847703#3,3
13560.0,-E0,8
13560.0,30620492#0,14
13560.0,30620492#1,3
13560.0,506322844#0,4
13560.0,593847704#0,6
13560.0,594658760#0,5
13560.0,:2749340167_0,1
13560.0,:cluster_9383263990_9383263991_9383263992_9383263993_13,1
13580.0,-593847703#3,3
13580.0,30620492#0,13
13580.0,30620492#1,4
13580.0,506322842#0,2
13580.0,506322844#0,7
13580.0,593847704#0,6
13580.0,594658760#0,5
13600.0,-300077497#8,1
13600.0,263217604#0,3
13600.0,30620492#0,17
13600.0,30620492#1,5
13600.0,506322844#0,1
13600.0,506322846#0,2
13600.0,593847704#0,6
13600.0,594658760#0,4
13600.0,:655375238_5,1
13600.0,:655375239_5,1
13600.0,:cluster655375336_end_0_655375336_end_1_655375336_end_10_655375336_end_11_#8more_17,1
13620.0,-300077497#5,4
13620.0,-E0,2
13620.0,263217604#0,3
13620.0,288135626#0,2
13620.0,30620492#0,18
13620.0,30620492#1,5
13620.0,593847704#0,4
13620.0,594658760#0,1
13620.0,:cluster622618015_622618108_622618112_622618144_#2more_39,2
13640.0,-300077497#5,1
13640.0,-593847703#3,2
13640.0,1068234499#0,2
13640.0,263217604#0,3
13640.0,30620492#0,18
13640.0,30620492#1,3
13640.0,593849718#0,1
13640.0,594658760#0,1
13640.0,:cluster_2528018119_655375236_31,1
13640.0,:cluster_9383263990_9383263991_9383263992_9383263993_13,2
13660.0,-593847703#3,3
13660.0,-E0,1
13660.0,1068234499#0,2
13660.0,30620492#0,12
13660.0,30620492#1,4
13660.0,506322844#0,6
13660.0,594658757#0,1
13660.0,594658760#0,3
13660.0,:cluster_9383263990_9383263991_9383263992_9383263993_13,1
13680.0,-593847703#3,3
13680.0,-E0,1
13680.0,1068234499#0,2
13680.0,30620492#0,17
13680.0,30620492#1,5
13680.0,506322844#0,7
13680.0,594658760#0,2
13680.0,:cluster655375336_end_0_655375336_end_1_655375336_end_10_655375336_end_11_#8more_21,1
13700.0,-300077497#5,5
13700.0,-E0,2
13700.0,263217604#0,2
13700.0,30620492#0,18
13700.0,30620492#1,5
13700.0,:655375233_4,2
13720.0,-300077497#5,5
13720.0,263217604#0,2
13720.0,30620492#0,18
13720.0,30620492#1,5
13740.0,-593847703#3,2
13740.0,-E0,1
13740.0,182334378#0,1
13740.0,30620492#0,14
13740.0,30620492#1,3
13740.0,506322842#0,1
13740.0,506322844#0,4
13740.0,594658760#0,2
13740.0,:cluster655375336_end_0_655375336_end_1_655375336_end_10_655375336_end_11_#8more_5,1
13740.0,:cluster_9383263990_9383263991_9383263992_9383263993_13,1
13760.0,-593847703#3,2
13760.0,30620492#0,12
13760.0,30620492#1,2
13760.0,506322842#0,2
13760.0,506322844#0,7
13760.0,594658760#0,2
13760.0,:2749340167_0,1
13760.0,:cluster_9383263990_9383263991_9383263992_9383263993_13,1
13760.0,:cluster_9383263990_9383263991_9383263992_9383263993_21,1
13780.0,-300077497#8,1
13780.0,-35274074#2,2
13780.0,-593847703#3,2
13780.0,263217604#0,4
13780.0,30620492#0,15
13780.0,30620492#1,5
13780.0,506322846#0,1
13780.0,594658760#0,2
13780.0,:655375238_5,1
13780.0,:655375239_6,2
13800.0,-300077497#5,4
13800.0,-E0,2
13800.0,263217604#0,6
13800.0,288135626#0,1
13800.0,30620492#0,18
13800.0,30620492#1,5
13800.0,:655375233_4,1
13820.0,-593847703#3,2
13820.0,1068234499#0,1
13820.0,263217604#0,6
13820.0,30620492#0,18
13820.0,30620492#1,3
13820.0,:cluster_2528018119_655375236_17,2
13820.0,:cluster_9383263990_9383263991_9383263992_9383263993_13,2
13840.0,-593847703#3,4
13840.0,1068234499#0,1
13840.0,30620492#0,13
13840.0,30620492#1,4
13840.0,506322844#0,5
13840.0,594658757#0,1
13840.0,594658760#0,5
13840.0,:cluster_9383263990_9383263991_9383263992_9383263993_13,1
13860.0,-593847703#3,4
13860.0,1068234499#0,1
13860.0,30620492#0,17
13860.0,30620492#1,5
13860.0,506322844#0,6
13860.0,594658757#0,1
13860.0,594658760#0,5
13880.0,-300077497#5,5
13880.0,-593847703#3,5
13880.0,-E0,1
13880.0,263217604#0,1
13880.0,30620492#0,18
13880.0,30620492#1,5
13880.0,594658760#0,4
13900.0,-300077497#5,5
13900.0,-593847703#3,3
13900.0,-E0,2
13900.0,263217604#0,1
13900.0,30620492#0,18
13900.0,30620492#1,5
13900.0,:655375233_4,2
13920.0,-593847703#3,4
13920.0,182334378#0,1
13920.0,30620492#0,14
13920.0,30620492#1,3
13920.0,506322844#0,5
13920.0,594658760#0,1
13920.0,:cluster_9383263990_9383263991_9383263992_9383263993_21,1
13940.0,-593847703#3,4
13940.0,-E0,1
13940.0,30620492#0,14
13940.0,30620492#1,5
13940.0,506322842#0,1
13940.0,506322844#0,6
13940.0,594658760#0,1
13960.0,-300077497#5,1
13960.0,-300077497#8,1
13960.0,-35274074#2,1
13960.0,-593847703#3,4
13960.0,263217604#0,1
13960.0,30620492#0,18
13960.0,30620492#1,5
13960.0,506322844#0,1
13960.0,594658760#0,1
13960.0,:655375238_5,1
13960.0,:655375239_5,1
13980.0,-300077497#5,6
13980.0,-593847703#3,4
13980.0,263217604#0,1
13980.0,30620492#0,18
13980.0,30620492#1,5
13980.0,:cluster655375336_end_0_655375336_end_1_655375336_end_10_655375336_end_11_#8more_17,1
14000.0,-300077497#5,2
14000.0,-593847703#3,5
14000.0,182334378#0,1
14000.0,263217604#0,1
14000.0,30620492#0,18
14000.0,30620492#1,3
14000.0,506322844#0,1
14000.0,:cluster_2528018119_655375236_17,1
14000.0,:cluster_2528018119_655375236_19,1
14000.0,:cluster_9383263990_9383263991_9383263992_9383263993_10,1
14020.0,-593847703#3,1
14020.0,-E0,2
14020.0,30620492#0,10
14020.0,30620492#1,3
14020.0,506322842#0,2
14020.0,506322844#0,6
14020.0,594658760#0,1
14020.0,:2749340167_0,1
14020.0,:cluster_9383263990_9383263991_9383263992_9383263993_10,1
14040.0,-593847703#3,1
14040.0,30620492#0,14
14040.0,30620492#1,5
14040.0,506322842#0,3
14040.0,506322844#0,7
14040.0,594658760#0,1
14060.0,-300077497#5,4
14060.0,-593847703#3,1
14060.0,-E0,1
14060.0,263217604#0,3
14060.0,30620492#0,18
14060.0,30620492#1,5
14060.0,506322846#2,1
14060.0,:cluster_5372642442_631668976_631668981_631669076_36,2
14080.0,-300077497#5,4
14080.0,-593847703#3,1
14080.0,1068234499#0,3
14080.0,263217604#0,3
14080.0,30620492#0,18
14080.0,30620492#1,5
14100.0,-593847703#3,4
14100.0,1068234499#0,3
14100.0,182334378#0,1
14100.0,30620492#0,14
14100.0,30620492#1,2
14100.0,506322842#0,1
14100.0,506322844#0,3
14100.0,594658757#0,2
14100.0,594658760#0,1
14100.0,:2749340167_0,1
14100.0,:cluster_9383263990_9383263991_9383263992_9383263993_13,2
14120.0,1068234499#0,3
14120.0,30620492#0,14
14120.0,30620492#1,5
14120.0,506322842#0,1
14120.0,506322844#0,6
14120.0,594658757#0,2
14120.0,594658760#0,1
14120.0,:cluster655375336_end_0_655375336_end_1_655375336_end_10_655375336_end_11_#8more_39,1
14140.0,-300077497#8,1
14140.0,-35274074#2,1
14140.0,182334378#0,3
14140.0,263217604#0,2
14140.0,30620492#0,18
14140.0,30620492#1,5
14140.0,506322844#0,1
14140.0,594658757#0,2
14140.0,594658760#0,1
14140.0,:655375238_5,1
14140.0,:655375239_5,1
14160.0,-300077497#5,5
14160.0,-E0,1
14160.0,263217604#0,2
14160.0,30620492#0,18
14160.0,30620492#1,5
14160.0,594658757#0,2
14160.0,594658760#0,1
14180.0,-300077497#5,1
14180.0,-593847703#3,2
14180.0,-E0,2
14180.0,263217604#0,2
14180.0,30620492#0,18
14180.0,30620492#1,3
14180.0,506322844#0,1
14180.0,:cluster655375336_end_0_655375336_end_1_655375336_end_10_655375336_end_11_#8more_21,1
14180.0,:cluster_2528018119_655375236_17,1
14180.0,:cluster_2528018119_655375236_31,1
14180.0,:cluster_9383263990_9383263991_9383263992_9383263993_13,1
14200.0,-593847703#3,4
14200.0,-E0,1
14200.0,30620492#0,12
14200.0,30620492#1,5
14200.0,506322844#0,6
14200.0,594658760#0,2
14220.0,30620492#0,18
14220.0,30620492#1,5
14220.0,506322844#0,6
14220.0,594658760#0,2
14240.0,-300077497#5,4
14240.0,263217604#0,2
14240.0,30620492#0,18
14240.0,30620492#1,5
14240.0,594658760#0,2
14260.0,-300077497#5,4
14260.0,-E0,1
14260.0,263217604#0,2
14260.0,30620492#0,18
14260.0,30620492#1,5
14260.0,594658760#0,1
14280.0,-593847703#3,3
14280.0,-E0,1
14280.0,182334378#0,1
14280.0,30620492#0,14
14280.0,30620492#1,4
14280.0,506322844#0,5
14280.0,594658760#0,2
14300.0,-593847703#3,3
14300.0,-E0,2
14300.0,182334378#0,1
14300.0,30620492#0,16
14300.0,30620492#1,5
14300.0,506322844#0,5
14320.0,-300077497#5,1
14320.0,-300077497#8,1
14320.0,-E0,1
14320.0,30620492#0,18
14320.0,30620492#1,5
14320.0,506322844#0,1
14320.0,:655375233_4,3
14320.0,:655375238_5,1
14320.0,:655375239_5,1
14340.0,-300077497#5,5
14340.0,30620492#0,18
14340.0,30620492#1,5
14360.0,-300077497#5,1
14360.0,-593847703#3,2
14360.0,30620492#0,18
14360.0,30620492#1,3
14360.0,506322844#0,1
14360.0,:cluster_2528018119_655375236_17,2
14360.0,:cluster_9383263990_9383263991_9383263992_9383263993_13,1
14380.0,-593847703#3,5
14380.0,30620492#0,11
14380.0,30620492#1,4
14380.0,506322844#0,7
14380.0,:cluster_9383263990_9383263991_9383263992_9383263993_13,1
14400.0,-593847703#3,5
14400.0,30620492#0,17
14400.0,30620492#1,5
14400.0,506322844#0,8
14420.0,-300077497#5,3
14420.0,-593847703#3,3
14420.0,263217604#0,5
14420.0,30620492#0,18
14420.0,30620492#1,5
14420.0,:655375233_4,2
14440.0,-300077497#5,3
14440.0,263217604#0,5
14440.0,30620492#0,18
14440.0,30620492#1,5
14460.0,-593847703#3,3
14460.0,263217604#0,2
14460.0,30620492#0,14
14460.0,30620492#1,4
14460.0,506322844#0,5
14460.0,594658760#0,2
14460.0,:cluster3086736522_655375108_655375247_655375401_#1more_14,1
14480.0,-593847703#3,3
14480.0,-E0,3
14480.0,30620492#0,14
14480.0,30620492#1,5
14480.0,506322844#0,6
14480.0,594658760#0,1
14480.0,:2749340167_0,1
14480.0,:cluster655375336_end_0_655375336_end_1_655375336_end_10_655375336_end_11_#8more_17,1
14500.0,-300077497#5,1
14500.0,-300077497#8,1
14500.0,-593847703#3,3
14500.0,263217604#0,1
14500.0,30620492#0,18
14500.0,30620492#1,5
14500.0,506322844#0,1
14500.0,:2749340167_0,1
14500.0,:655375238_5,1
14500.0,:655375239_5,1
14520.0,-300077497#5,5
14520.0,-593847703#3,3
14520.0,263217604#0,1
14520.0,30620492#0,18
14520.0,30620492#1,5
14520.0,:2749340167_0,1
14540.0,-300077497#5,1
14540.0,-593847703#3,2
14540.0,263217604#0,1
14540.0,30620492#0,18
14540.0,30620492#1,3
14540.0,:2749340167_0,1
14540.0,:cluster_2528018119_655375236_17,1
14540.0,:cluster_2528018119_655375236_19,1
14540.0,:cluster_9383263990_9383263991_9383263992_9383263993_13,2
14560.0,-593847703#3,3
14560.0,182334378#0,2
14560.0,30620492#0,14
14560.0,30620492#1,5
14560.0,506322844#0,5
14560.0,594658760#0,1
14580.0,-593847703#3,3
14580.0,-E0,1
14580.0,30620492#0,18
14580.0,30620492#1,5
14580.0,506322844#0,5
14580.0,594658760#0,1
14600.0,-300077497#5,5
14600.0,-593847703#3,3
14600.0,30620492#0,18
14600.0,30620492#1,5
14600.0,594658760#0,1
14620.0,-300077497#5,5
14620.0,-593847703#3,3
14620.0,30620492#0,18
14620.0,30620492#1,5
14620.0,594658760#0,1
14640.0,-593847703#3,2
14640.0,-E0,1
14640.0,182334378#0,1
14640.0,30620492#0,14
14640.0,30620492#1,3
14640.0,506322844#0,4
14640.0,:2749340167_0,1
14640.0,:655375233_4,2
14640.0,:cluster_9383263990_9383263991_9383263992_9383263993_13,1
14660.0,-593847703#3,2
14660.0,182334378#0,1
14660.0,30620492#0,16
14660.0,30620492#1,5
14660.0,506322844#0,5
14680.0,-300077497#5,1
14680.0,-300077497#8,1
14680.0,-593847703#3,2
14680.0,182334378#0,1
14680.0,30620492#0,18
14680.0,30620492#1,5
14680.0,506322844#0,1
14680.0,:655375238_5,1
14680.0,:655375239_5,1
14700.0,-300077497#5,5
14700.0,-593847703#3,2
14700.0,-E0,1
14700.0,30620492#0,18
14700.0,30620492#1,5
14720.0,-300077497#5,1
14720.0,-593847703#3,4
14720.0,30620492#0,18
14720.0,30620492#1,3
14720.0,:cluster_2528018119_655375236_17,2
14720.0,:cluster_9383263990_9383263991_9383263992_9383263993_13,2
14740.0,30620492#0,12
14740.0,30620492#1,4
14740.0,506322844#0,6
14740.0,:2749340167_0,1
14740.0,:655375233_4,3
14760.0,30620492#0,18
14760.0,30620492#1,5
14760.0,506322844#0,6
14780.0,-300077497#5,4
14780.0,263217604#0,2
14780.0,30620492#0,18
14780.0,30620492#1,5
14800.0,-300077497#5,4
14800.0,263217604#0,2
14800.0,30620492#0,18
14800.0,30620492#1,5
14820.0,-593847703#3,3
14820.0,182334378#0,1
14820.0,30620492#0,14
14820.0,30620492#1,4
14820.0,506322844#0,5
14820.0,594658757#0,1
14820.0,594658760#0,1
14840.0,-E0,2
14840.0,30620492#0,15
14840.0,30620492#1,5
14840.0,506322844#0,6
14840.0,:655375233_4,3
14860.0,-300077497#5,1
14860.0,-300077497#8,1
14860.0,263217604#0,1
14860.0,30620492#0,18
14860.0,30620492#1,5
14860.0,:655375238_5,1
14860.0,:655375239_5,2
14880.0,-300077497#5,5
14880.0,263217604#0,1
14880.0,30620492#0,18
14880.0,30620492#1,5
14900.0,-300077497#5,1
14900.0,-593847703#3,2
14900.0,263217604#0,1
14900.0,30620492#0,18
14900.0,30620492#1,3
14900.0,:cluster_2528018119_655375236_17,2
14900.0,:cluster_9383263990_9383263991_9383263992_9383263993_13,2
14920.0,-593847703#3,5
14920.0,30620492#0,13
14920.0,30620492#1,5
14920.0,506322844#0,5
14920.0,594658760#0,1
14940.0,-593847703#3,3
14940.0,-E0,1
14940.0,30620492#0,18
14940.0,30620492#1,5
14940.0,506322844#0,5
14940.0,:655375233_4,2
14960.0,-300077497#5,4
14960.0,263217604#0,1
14960.0,30620492#0,18
14960.0,30620492#1,5
14980.0,-300077497#5,4
14980.0,263217604#0,1
14980.0,30620492#0,18
14980.0,30620492#1,5
15000.0,-593847703#3,3
15000.0,182334378#0,1
15000.0,30620492#0,14
15000.0,30620492#1,4
15000.0,506322844#0,5
15000.0,594658757#0,1
15020.0,-593847703#3,3
15020.0,-E0,1
15020.0,30620492#0,14
15020.0,30620492#1,5
15020.0,506322844#0,7
15020.0,594658757#0,1
15040.0,-300077497#8,1
15040.0,-593847703#3,3
15040.0,263217604#0,3
15040.0,30620492#0,18
15040.0,30620492#1,5
15040.0,506322844#0,1
15040.0,:655375238_5,1
15040.0,:655375239_5,1
15060.0,-300077497#5,4
15060.0,263217604#0,3
15060.0,30620492#0,18
15060.0,30620492#1,5
15080.0,-593847703#3,2
15080.0,263217604#0,3
15080.0,30620492#0,18
15080.0,30620492#1,3
15080.0,506322844#0,1
15080.0,:cluster_2528018119_655375236_17,2
15080.0,:cluster_9383263990_9383263991_9383263992_9383263993_13,1
15100.0,-593847703#3,4
15100.0,30620492#0,13
15100.0,30620492#1,4
15100.0,506322844#0,5
15100.0,594658757#0,1
15100.0,594658760#0,2
15100.0,:cluster_9383263990_9383263991_9383263992_9383263993_13,1
15120.0,-593847703#3,4
15120.0,30620492#0,17
15120.0,30620492#1,5
15120.0,506322844#0,6
15120.0,594658760#0,1
15120.0,:cluster655375336_end_0_655375336_end_1_655375336_end_10_655375336_end_11_#8more_17,1
15120.0,:cluster655375336_end_0_655375336_end_1_655375336_end_10_655375336_end_11_#8more_21,1
15140.0,-300077497#5,5
15140.0,-593847703#3,4
15140.0,-E0,1
15140.0,263217604#0,1
15140.0,30620492#0,18
15140.0,30620492#1,5
15160.0,-300077497#5,5
15160.0,263217604#0,1
15160.0,30620492#0,18
15160.0,30620492#1,5
15180.0,-593847703#3,5
15180.0,30620492#0,14
15180.0,30620492#1,3
15180.0,506322844#0,5
15180.0,594658760#0,1
15180.0,:2749340167_0,1
15200.0,-593847703#3,5
15200.0,-E0,1
15200.0,30620492#0,15
15200.0,30620492#1,5
15200.0,506322844#0,6
15220.0,-300077497#5,1
15220.0,-300077497#8,1
15220.0,-593847703#3,5
15220.0,263217604#0,2
15220.0,30620492#0,18
15220.0,30620492#1,5
15220.0,:655375239_5,2
15240.0,-300077497#5,4
15240.0,-593847703#3,5
15240.0,263217604#0,2
15240.0,30620492#0,18
15240.0,30620492#1,5
15260.0,-593847703#3,2
15260.0,263217604#0,2
15260.0,30620492#0,18
15260.0,30620492#1,3
15260.0,506322844#0,1
15260.0,:655375233_4,1
15260.0,:cluster_2528018119_655375236_17,2
15260.0,:cluster_9383263990_9383263991_9383263992_9383263993_13,1
15280.0,-593847703#3,4
15280.0,30620492#0,12
15280.0,30620492#1,4
15280.0,506322844#0,6
15280.0,594658757#0,2
15280.0,:2749340167_0,1
15300.0,-593847703#3,4
15300.0,30620492#0,17
15300.0,30620492#1,5
15300.0,506322844#0,6
15300.0,594658757#0,2
15320.0,-300077497#5,5
15320.0,-593847703#3,4
15320.0,-E0,2
15320.0,263217604#0,1
15320.0,30620492#0,18
15320.0,30620492#1,5
15340.0,-300077497#5,5
15340.0,-593847703#3,4
15340.0,263217604#0,1
15340.0,30620492#0,18
15340.0,30620492#1,5
15360.0,-593847703#3,4
15360.0,-E0,1
15360.0,30620492#0,14
15360.0,30620492#1,4
15360.0,506322844#0,5
15360.0,594658760#0,1
15360.0,:655375233_4,3
15380.0,-593847703#3,1
15380.0,30620492#0,15
15380.0,30620492#1,5
15380.0,506322844#0,6
15380.0,594658760#0,1
15400.0,-300077497#5,1
15400.0,-300077497#8,1
15400.0,-593847703#3,1
15400.0,-E0,1
15400.0,263217604#0,1
15400.0,30620492#0,18
15400.0,30620492#1,5
15400.0,506322844#0,1
15400.0,:655375238_5,1
15400.0,:655375239_5,1
15420.0,-300077497#5,5
15420.0,-593847703#3,1
15420.0,263217604#0,1
15420.0,30620492#0,18
15420.0,30620492#1,5
15440.0,-300077497#5,1
15440.0,-593847703#3,3
15440.0,263217604#0,1
15440.0,30620492#0,18
15440.0,30620492#1,3
15440.0,:cluster_2528018119_655375236_17,2
15440.0,:cluster_9383263990_9383263991_9383263992_9383263993_13,2
15460.0,-593847703#3,3
15460.0,-E0,1
15460.0,30620492#0,13
15460.0,30620492#1,5
15460.0,506322844#0,5
15460.0,594658760#0,1
15460.0,:655375233_4,2
15480.0,30620492#0,18
15480.0,30620492#1,5
15480.0,506322844#0,5
15480.0,594658760#0,1
15500.0,-300077497#5,4
15500.0,263217604#0,1
15500.0,30620492#0,18
15500.0,30620492#1,5
15500.0,:cluster655375336_end_0_655375336_end_1_655375336_end_10_655375336_end_11_#8more_17,1
15520.0,-300077497#5,4
15520.0,263217604#0,1
15520.0,30620492#0,18
15520.0,30620492#1,5
15540.0,-593847703#3,3
15540.0,182334378#0,1
15540.0,30620492#0,14
15540.0,30620492#1,3
15540.0,506322844#0,4
15540.0,594658760#0,1
15540.0,:2749340167_0,1
15540.0,:cluster_9383263990_9383263991_9383263992_9383263993_13,1
15560.0,-593847703#3,3
15560.0,-E0,1
15560.0,30620492#0,15
15560.0,30620492#1,5
15560.0,506322844#0,6
15560.0,594658760#0,1
15580.0,-300077497#5,1
15580.0,-300077497#8,2
15580.0,-E0,1
15580.0,263217604#0,1
15580.0,30620492#0,18
15580.0,30620492#1,5
15580.0,506322844#0,1
15580.0,:655375239_5,1
15600.0,-300077497#5,5
15600.0,263217604#0,1
15600.0,30620492#0,18
15600.0,30620492#1,5
15620.0,-300077497#5,1
15620.0,-593847703#3,2
15620.0,263217604#0,1
15620.0,30620492#0,18
15620.0,30620492#1,3
15620.0,506322844#0,1
15620.0,:cluster_2528018119_655375236_17,2
15620.0,:cluster_9383263990_9383263991_9383263992_9383263993_13,1
15640.0,-593847703#3,4
15640.0,-E0,1
15640.0,30620492#0,12
15640.0,30620492#1,4
15640.0,506322842#0,1
15640.0,506322844#0,5
15640.0,594658760#0,1
15640.0,:cluster_9383263990_9383263991_9383263992_9383263993_13,1
15660.0,-593847703#3,4
15660.0,30620492#0,16
15660.0,30620492#1,5
15660.0,506322842#0,1
15660.0,506322844#0,7
15660.0,594658760#0,1
15680.0,-300077497#5,5
15680.0,263217604#0,2
15680.0,30620492#0,18
15680.0,30620492#1,5
15680.0,594658760#0,1
15680.0,:cluster_5372642442_631668976_631668981_631669076_36,1
15700.0,-300077497#5,5
15700.0,-E0,1
15700.0,1068234499#0,1
15700.0,263217604#0,2
15700.0,30620492#0,18
15700.0,30620492#1,5
15720.0,-593847703#3,3
15720.0,1068234499#0,1
15720.0,182334378#0,2
15720.0,30620492#0,14
15720.0,30620492#1,4
15720.0,506322844#0,4
15720.0,594658760#0,2
15720.0,:cluster_9383263990_9383263991_9383263992_9383263993_13,1
15740.0,-593847703#3,3
15740.0,-E0,1
15740.0,1068234499#0,1
15740.0,30620492#0,14
15740.0,30620492#1,5
15740.0,506322844#0,7
15740.0,594658760#0,2
15760.0,-300077497#8,1
15760.0,-593847703#3,3
15760.0,182334378#0,1
15760.0,263217604#0,4
15760.0,30620492#0,17
15760.0,30620492#1,5
15760.0,506322844#0,1
15760.0,594658760#0,2
15760.0,:655375238_5,1
15760.0,:655375239_5,1
15780.0,-300077497#5,4
15780.0,-593847703#3,1
15780.0,-E0,1
15780.0,263217604#0,4
15780.0,30620492#0,18
15780.0,30620492#1,5
15780.0,594658760#0,1
15800.0,-593847703#3,3
15800.0,263217604#0,4
15800.0,30620492#0,18
15800.0,30620492#1,3
15800.0,:cluster_2528018119_655375236_17,2
15800.0,:cluster_9383263990_9383263991_9383263992_9383263993_13,2
15820.0,-593847703#3,5
15820.0,30620492#0,13
15820.0,30620492#1,4
15820.0,506322844#0,5
15820.0,594658760#0,4
15820.0,:cluster_9383263990_9383263991_9383263992_9383263993_13,1
15840.0,-593847703#3,5
15840.0,30620492#0,17
15840.0,30620492#1,5
15840.0,506322844#0,6
15840.0,594658760#0,4
15860.0,-300077497#5,3
15860.0,-593847703#3,5
15860.0,263217604#0,3
15860.0,30620492#0,18
15860.0,30620492#1,5
15860.0,594658760#0,4
15880.0,-300077497#5,3
15880.0,-593847703#3,1
15880.0,263217604#0,3
15880.0,30620492#0,18
15880.0,30620492#1,5
15880.0,594658760#0,3
15880.0,:655375233_4,4
15880.0,:cluster655375336_end_0_655375336_end_1_655375336_end_10_655375336_end_11_#8more_17,1
15900.0,-593847703#3,2
15900.0,-E0,2
15900.0,263217604#0,1
15900.0,30620492#0,14
15900.0,30620492#1,3
15900.0,506322844#0,4
15900.0,594658760#0,2
15900.0,:2749340167_0,1
15900.0,:cluster655375336_end_0_655375336_end_1_655375336_end_10_655375336_end_11_#8more_5,1
15900.0,:cluster_9383263990_9383263991_9383263992_9383263993_13,1
15920.0,-593847703#3,2
15920.0,30620492#0,12
15920.0,30620492#1,3
15920.0,506322842#0,1
15920.0,506322844#0,8
15920.0,594658760#0,3
15920.0,:2749340167_0,1
15920.0,:cluster_9383263990_9383263991_9383263992_9383263993_13,1
15940.0,-300077497#5,1
15940.0,-300077497#8,1
15940.0,-593847703#3,2
15940.0,263217604#0,4
15940.0,30620492#0,16
15940.0,30620492#1,5
15940.0,506322846#0,1
15940.0,594658760#0,3
15940.0,:655375239_5,2
15940.0,:655375239_6,1
15960.0,-300077497#5,4
15960.0,-593847703#3,2
15960.0,-E0,1
15960.0,263217604#0,5
15960.0,288135626#0,1
15960.0,30620492#0,18
15960.0,30620492#1,5
15960.0,594658760#0,2
15980.0,-593847703#3,2
15980.0,-E0,2
15980.0,1068234499#0,1
15980.0,263217604#0,5
15980.0,30620492#0,18
15980.0,30620492#1,3
15980.0,:655375233_4,2
15980.0,:cluster_2528018119_655375236_17,2
15980.0,:cluster_9383263990_9383263991_9383263992_9383263993_13,2
16000.0,-593847703#3,2
16000.0,1068234499#0,1
16000.0,244450512#4,1
16000.0,30620492#0,13
16000.0,30620492#1,3
16000.0,506322844#0,5
16000.0,594658757#0,1
16000.0,594658760#0,3
16000.0,:cluster_9383263990_9383263991_9383263992_9383263993_13,2
16020.0,-593847703#3,2
16020.0,-E0,2
16020.0,1068234499#0,1
16020.0,244450512#5,1
16020.0,30620492#0,16
16020.0,30620492#1,5
16020.0,506322844#0,7
16040.0,-300077497#5,4
16040.0,-593847703#3,2
16040.0,-E0,1
16040.0,244450512#5,1
16040.0,263217604#0,3
16040.0,30620492#0,18
16040.0,30620492#1,5
16060.0,-300077497#5,4
16060.0,-593847703#3,2
16060.0,244450512#5,1
16060.0,263217604#0,3
16060.0,30620492#0,18
16060.0,30620492#1,5
16080.0,-593847703#3,4
16080.0,182334378#0,2
16080.0,30620492#0,14
16080.0,30620492#1,3
16080.0,506322844#0,4
16080.0,593844221#0,1
16080.0,594658760#0,2
16080.0,:2749340167_0,1
16080.0,:cluster3086736522_655375108_655375247_655375401_#1more_14,1
16080.0,:cluster_9383263990_9383263991_9383263992_9383263993_13,1
16100.0,-E0,2
16100.0,30620492#0,14
16100.0,30620492#1,5
16100.0,506322844#0,7
16100.0,594658760#0,3
16100.0,:cluster655375336_end_0_655375336_end_1_655375336_end_10_655375336_end_11_#8more_46,1
16120.0,-300077497#5,1
16120.0,-300077497#8,1
16120.0,263217604#0,2
16120.0,30620492#0,18
16120.0,30620492#1,5
16120.0,506322844#0,1
16120.0,594658760#0,3
16120.0,:655375238_5,1
16120.0,:655375239_5,1
16140.0,-300077497#5,5
16140.0,263217604#0,2
16140.0,30620492#0,18
16140.0,30620492#1,5
16140.0,594658760#0,3
16160.0,-300077497#5,1
16160.0,-593847703#3,2
16160.0,-E0,1
16160.0,263217604#0,2
16160.0,30620492#0,18
16160.0,30620492#1,3
16160.0,594658760#0,2
16160.0,:cluster_2528018119_655375236_17,2
16160.0,:cluster_9383263990_9383263991_9383263992_9383263993_13,2
16180.0,-593847703#3,5
16180.0,-E0,1
16180.0,30620492#0,12
16180.0,30620492#1,4
16180.0,506322842#0,1
16180.0,506322844#0,5
16180.0,594658760#0,2
16180.0,:cluster_9383263990_9383263991_9383263992_9383263993_13,1
16200.0,-E0,1
16200.0,30620492#0,16
16200.0,30620492#1,5
16200.0,506322842#0,1
16200.0,506322844#0,7
16220.0,-300077497#5,3
16220.0,263217604#0,4
16220.0,30620492#0,18
16220.0,30620492#1,5
16220.0,:cluster_5372642442_631668976_631668981_631669076_47,1
16240.0,-300077497#5,3
16240.0,-593847703#3,1
16240.0,263217604#0,4
16240.0,30620492#0,18
16240.0,30620492#1,5
16260.0,-593847703#3,2
16260.0,182334378#0,2
16260.0,30620492#0,14
16260.0,30620492#1,3
16260.0,506322842#0,2
16260.0,506322844#0,1
16260.0,594658757#0,2
16260.0,594658760#0,2
16260.0,:2749340167_0,1
16260.0,:cluster_9383263990_9383263991_9383263992_9383263993_13,2
16280.0,-593847703#3,2
16280.0,-E0,2
16280.0,30620492#0,14
16280.0,30620492#1,5
16280.0,506322842#0,2
16280.0,506322844#0,5
16280.0,594658757#0,2
16280.0,594658760#0,2
16300.0,-300077497#8,1
16300.0,-35274074#2,2
16300.0,263217604#0,1
16300.0,30620492#0,18
16300.0,30620492#1,5
16300.0,594658757#0,2
16300.0,594658760#0,2
16300.0,:655375238_5,1
16300.0,:655375239_5,2
16320.0,-300077497#5,6
16320.0,263217604#0,1
16320.0,30620492#0,18
16320.0,30620492#1,5
16320.0,594658757#0,2
16320.0,594658760#0,2
16340.0,-300077497#5,2
16340.0,-593847703#3,2
16340.0,-E0,1
16340.0,263217604#0,1
16340.0,30620492#0,18
16340.0,30620492#1,3
16340.0,506322844#0,1
16340.0,594658757#0,1
16340.0,594658760#0,1
16340.0,:cluster655375336_end_0_655375336_end_1_655375336_end_10_655375336_end_11_#8more_21,1
16340.0,:cluster_2528018119_655375236_17,1
16340.0,:cluster_2528018119_655375236_19,1
16340.0,:cluster_9383263990_9383263991_9383263992_9383263993_13,1
16360.0,-593847703#3,5
16360.0,-E0,1
16360.0,182334378#0,1
16360.0,30620492#0,13
16360.0,30620492#1,3
16360.0,506322844#0,5
16360.0,594658757#0,1
16360.0,:cluster655375336_end_0_655375336_end_1_655375336_end_10_655375336_end_11_#8more_17,1
16360.0,:cluster_9383263990_9383263991_9383263992_9383263993_10,1
16360.0,:cluster_9383263990_9383263991_9383263992_9383263993_13,1
16380.0,-593847703#3,5
16380.0,182334378#0,1
16380.0,30620492#0,13
16380.0,30620492#1,5
16380.0,506322842#0,1
16380.0,506322844#0,8
16380.0,:2749340167_0,1
16400.0,-300077497#5,5
16400.0,-593847703#3,1
16400.0,263217604#0,3
16400.0,30620492#0,18
16400.0,30620492#1,5
16400.0,:2749340167_0,1
16400.0,:655375233_4,3
16400.0,:cluster655375336_end_0_655375336_end_1_655375336_end_10_655375336_end_11_#8more_39,1
16400.0,:cluster_5372642442_631668976_631668981_631669076_36,1
16420.0,-300077497#5,5
16420.0,1068234499#0,1
16420.0,263217604#0,3
16420.0,30620492#0,18
16420.0,30620492#1,5
16420.0,:2749340167_0,1
16440.0,-593847703#3,4
16440.0,1068234499#0,1
16440.0,182334378#0,1
16440.0,30620492#0,15
16440.0,30620492#1,3
16440.0,506322842#0,1
16440.0,506322844#0,3
16440.0,594658760#0,2
16440.0,:2749340167_0,1
16440.0,:cluster3086736522_655375108_655375247_655375401_#1more_14,1
16440.0,:cluster_9383263990_9383263991_9383263992_9383263993_13,1
16460.0,-593847703#3,4
16460.0,-E0,3
16460.0,1068234499#0,1
16460.0,182334378#0,1
16460.0,30620492#0,15
16460.0,30620492#1,5
16460.0,506322842#0,1
16460.0,506322844#0,6
16480.0,-300077497#5,1
16480.0,-300077497#8,1
16480.0,-593847703#3,5
16480.0,263217604#0,2
16480.0,30620492#0,18
16480.0,30620492#1,5
16480.0,506322846#0,1
16480.0,:655375239_5,2
16500.0,-300077497#5,4
16500.0,-593847703#3,3
16500.0,263217604#0,2
16500.0,288135626#0,1
16500.0,30620492#0,18
16500.0,30620492#1,5
16500.0,:655375233_4,2
16520.0,-593847703#3,2
16520.0,1068234499#0,1
16520.0,263217604#0,2
16520.0,30620492#0,18
16520.0,30620492#1,3
16520.0,:cluster_2528018119_655375236_17,2
16520.0,:cluster_9383263990_9383263991_9383263992_9383263993_13,2
16540.0,-593847703#3,4
16540.0,1068234499#0,1
16540.0,30620492#0,13
16540.0,30620492#1,4
16540.0,506322844#0,5
16540.0,594658757#0,1
16540.0,594658760#0,1
16540.0,:cluster_9383263990_9383263991_9383263992_9383263993_13,1
16560.0,-593847703#3,4
16560.0,-E0,1
16560.0,1068234499#0,1
16560.0,30620492#0,17
16560.0,30620492#1,5
16560.0,506322844#0,6
16580.0,-300077497#5,4
16580.0,-593847703#3,5
16580.0,263217604#0,2
16580.0,30620492#0,18
16580.0,30620492#1,5
16600.0,-300077497#5,4
16600.0,-593847703#3,5
16600.0,263217604#0,2
16600.0,30620492#0,18
16600.0,30620492#1,5
16620.0,-593847703#3,2
16620.0,-E0,1
16620.0,30620492#0,14
16620.0,30620492#1,4
16620.0,506322844#0,5
16620.0,594658757#0,1
16620.0,594658760#0,1
16620.0,:cluster655375336_end_0_655375336_end_1_655375336_end_10_655375336_end_11_#8more_5,1
16640.0,-593847703#3,2
16640.0,30620492#0,15
16640.0,30620492#1,5
16640.0,506322844#0,6
16640.0,:cluster655375336_end_0_655375336_end_1_655375336_end_10_655375336_end_11_#8more_17,1
16640.0,:cluster655375336_end_0_655375336_end_1_655375336_end_10_655375336_end_11_#8more_21,1
16660.0,-300077497#5,1
16660.0,-300077497#8,1
16660.0,-593847703#3,2
16660.0,263217604#0,1
16660.0,30620492#0,18
16660.0,30620492#1,5
16660.0,506322844#0,1
16660.0,:655375238_5,1
16660.0,:655375239_5,1
16680.0,-300077497#5,5
16680.0,-593847703#3,2
16680.0,263217604#0,1
16680.0,30620492#0,18
16680.0,30620492#1,5
16700.0,-300077497#5,1
16700.0,-593847703#3,4
16700.0,263217604#0,1
16700.0,30620492#0,18
16700.0,30620492#1,3
16700.0,:cluster_2528018119_655375236_17,1
16700.0,:cluster_2528018119_655375236_31,1
16700.0,:cluster_9383263990_9383263991_9383263992_9383263993_13,2
16720.0,182334378#0,1
16720.0,30620492#0,13
16720.0,30620492#1,4
16720.0,506322844#0,5
16720.0,594658760#0,1
16720.0,:655375233_4,1
16720.0,:cluster_9383263990_9383263991_9383263992_9383263993_13,1
16740.0,-E0,1
16740.0,30620492#0,17
16740.0,30620492#1,5
16740.0,506322844#0,6
16760.0,-300077497#5,4
16760.0,263217604#0,2
16760.0,30620492#0,18
16760.0,30620492#1,5
16780.0,-300077497#5,4
16780.0,263217604#0,2
16780.0,30620492#0,18
16780.0,30620492#1,5
16800.0,-593847703#3,3
16800.0,-E0,1
16800.0,30620492#0,14
16800.0,30620492#1,4
16800.0,506322844#0,5
16800.0,594658757#0,2
16820.0,30620492#0,16
16820.0,30620492#1,5
16820.0,506322844#0,5
16820.0,594658757#0,2
16840.0,-300077497#5,1
16840.0,-300077497#8,2
16840.0,-E0,2
16840.0,30620492#0,18
16840.0,30620492#1,5
16840.0,506322844#0,1
16840.0,:655375239_5,1
16860.0,-300077497#5,5
16860.0,30620492#0,18
16860.0,30620492#1,5
16880.0,-300077497#5,1
16880.0,-593847703#3,2
16880.0,30620492#0,18
16880.0,30620492#1,3
16880.0,:cluster_2528018119_655375236_17,2
16880.0,:cluster_9383263990_9383263991_9383263992_9383263993_13,2
16900.0,-593847703#3,5
16900.0,30620492#0,13
16900.0,30620492#1,4
16900.0,506322844#0,5
16900.0,:cluster_9383263990_9383263991_9383263992_9383263993_13,1
16920.0,-593847703#3,1
16920.0,30620492#0,17
16920.0,30620492#1,5
16920.0,506322844#0,6
16920.0,:655375233_4,4
16940.0,-300077497#5,3
16940.0,263217604#0,3
16940.0,30620492#0,18
16940.0,30620492#1,5
16960.0,-300077497#5,3
16960.0,263217604#0,3
16960.0,30620492#0,18
16960.0,30620492#1,5
16980.0,-593847703#3,3
16980.0,30620492#0,14
16980.0,30620492#1,3
16980.0,506322842#0,1
16980.0,506322844#0,3
16980.0,594658757#0,2
16980.0,:2749340167_0,1
16980.0,:cluster3086736522_655375108_655375247_655375401_#1more_16,1
16980.0,:cluster_9383263990_9383263991_9383263992_9383263993_13,1
17000.0,-593847703#3,3
17000.0,30620492#0,15
17000.0,30620492#1,5
17000.0,506322842#0,1
17000.0,506322844#0,5
17000.0,594658757#0,3
17020.0,-300077497#8,1
17020.0,-593847703#3,1
17020.0,263217604#0,1
17020.0,30620492#0,18
17020.0,30620492#1,5
17020.0,506322844#0,1
17020.0,506322846#0,1
17020.0,594658757#0,2
17020.0,:655375233_4,2
17020.0,:655375238_5,1
17020.0,:655375239_5,1
17020.0,:cluster655375336_end_0_655375336_end_1_655375336_end_10_655375336_end_11_#8more_21,1
17040.0,-300077497#5,4
17040.0,263217604#0,1
17040.0,288135626#0,1
17040.0,30620492#0,18
17040.0,30620492#1,5
17060.0,-593847703#3,2
17060.0,1068234499#0,1
17060.0,263217604#0,1
17060.0,30620492#0,18
17060.0,30620492#1,3
17060.0,506322844#0,1
17060.0,:cluster_2528018119_655375236_17,2
17060.0,:cluster_9383263990_9383263991_9383263992_9383263993_13,1
17080.0,-593847703#3,4
17080.0,1068234499#0,1
17080.0,30620492#0,12
17080.0,30620492#1,5
17080.0,506322842#0,1
17080.0,506322844#0,5
17080.0,594658757#0,1
17100.0,-593847703#3,4
17100.0,-E0,1
17100.0,1068234499#0,1
17100.0,30620492#0,18
17100.0,30620492#1,5
17100.0,506322842#0,1
17100.0,506322844#0,5
17120.0,-300077497#5,4
17120.0,-593847703#3,5
17120.0,263217604#0,1
17120.0,30620492#0,18
17120.0,30620492#1,5
17120.0,:655375238_2,1
17140.0,-300077497#5,5
17140.0,263217604#0,1
17140.0,30620492#0,18
17140.0,30620492#1,5
17160.0,-593847703#3,4
17160.0,182334378#0,1
17160.0,30620492#0,14
17160.0,30620492#1,4
17160.0,506322844#0,5
17160.0,594658760#0,1
17180.0,-593847703#3,4
17180.0,30620492#0,15
17180.0,30620492#1,5
17180.0,506322844#0,6
17180.0,594658760#0,1
17200.0,-300077497#5,1
17200.0,-300077497#8,1
17200.0,-593847703#3,4
17200.0,263217604#0,2
17200.0,30620492#0,18
17200.0,30620492#1,5
17200.0,506322844#0,1
17200.0,594658760#0,1
17200.0,:655375239_5,1
17220.0,-300077497#5,4
17220.0,-593847703#3,4
17220.0,-E0,1
17220.0,263217604#0,2
17220.0,30620492#0,18
17220.0,30620492#1,5
17240.0,-593847703#3,2
17240.0,263217604#0,2
17240.0,30620492#0,18
17240.0,30620492#1,3
17240.0,:cluster_2528018119_655375236_17,1
17240.0,:cluster_2528018119_655375236_19,1
17240.0,:cluster_9383263990_9383263991_9383263992_9383263993_13,2
17260.0,-593847703#3,3
17260.0,-E0,1
17260.0,30620492#0,11
17260.0,30620492#1,5
17260.0,506322844#0,7
17260.0,594658760#0,2
17280.0,-593847703#3,3
17280.0,30620492#0,18
17280.0,30620492#1,5
17280.0,506322844#0,7
17280.0,594658760#0,2
17300.0,-300077497#5,5
17300.0,-593847703#3,3
17300.0,263217604#0,2
17300.0,30620492#0,18
17300.0,30620492#1,5
17300.0,594658760#0,1
17320.0,-300077497#5,5
17320.0,-593847703#3,3
17320.0,263217604#0,2
17320.0,30620492#0,18
17320.0,30620492#1,5
17340.0,-593847703#3,2
17340.0,182334378#0,1
17340.0,30620492#0,14
17340.0,30620492#1,3
17340.0,506322842#0,1
17340.0,506322844#0,4
17340.0,594658757#0,2
17340.0,:655375233_4,2
17340.0,:cluster_9383263990_9383263991_9383263992_9383263993_13,1
17360.0,-E0,1
17360.0,30620492#0,14
17360.0,30620492#1,5
17360.0,506322842#0,1
17360.0,506322844#0,6
17360.0,594658757#0,2
17380.0,-300077497#5,1
17380.0,-300077497#8,1
17380.0,-35274074#2,1
17380.0,263217604#0,1
17380.0,30620492#0,18
17380.0,30620492#1,5
17380.0,506322844#0,1
17380.0,594658757#0,2
17380.0,:655375238_5,1
17380.0,:655375239_5,1
17400.0,-300077497#5,6
17400.0,263217604#0,1
17400.0,30620492#0,18
17400.0,30620492#1,5
17400.0,594658757#0,1
17400.0,:cluster655375336_end_0_655375336_end_1_655375336_end_10_655375336_end_11_#8more_21,1
17420.0,-300077497#5,2
17420.0,-593847703#3,2
17420.0,263217604#0,1
17420.0,30620492#0,18
17420.0,30620492#1,3
17420.0,:cluster_2528018119_655375236_17,2
17420.0,:cluster_9383263990_9383263991_9383263992_9383263993_13,2
17440.0,-593847703#3,2
17440.0,244450512#4,1
17440.0,30620492#0,11
17440.0,30620492#1,4
17440.0,506322844#0,7
17440.0,:2749340167_0,1
17440.0,:655375233_4,4
17460.0,244450512#5,1
17460.0,30620492#0,16
17460.0,30620492#1,5
17460.0,506322844#0,8
17480.0,-300077497#5,5
17480.0,244450512#5,1
17480.0,263217604#0,3
17480.0,30620492#0,18
17480.0,30620492#1,5
17500.0,-300077497#5,5
17500.0,244450512#5,1
17500.0,263217604#0,3
17500.0,30620492#0,18
17500.0,30620492#1,5
17520.0,-593847703#3,4
17520.0,182334378#0,1
17520.0,30620492#0,14
17520.0,30620492#1,3
17520.0,506322842#0,2
17520.0,506322844#0,2
17520.0,593844221#0,1
17520.0,594658757#0,1
17520.0,594658760#0,2
17520.0,:2749340167_0,1
17520.0,:cluster_9383263990_9383263991_9383263992_9383263993_13,1
17540.0,-593847703#3,2
17540.0,30620492#0,13
17540.0,30620492#1,5
17540.0,506322842#0,2
17540.0,506322844#0,6
17540.0,594658757#0,1
17540.0,594658760#0,2
17540.0,:655375233_4,2
17540.0,:cluster655375336_end_0_655375336_end_1_655375336_end_10_655375336_end_11_#8more_30,1
17540.0,:cluster655375336_end_0_655375336_end_1_655375336_end_10_655375336_end_11_#8more_39,1
17560.0,-300077497#5,1
17560.0,-300077497#8,1
17560.0,-35274074#2,1
17560.0,-E0,2
17560.0,263217604#0,2
17560.0,30620492#0,18
17560.0,30620492#1,5
17560.0,506322844#0,1
17560.0,506322846#0,1
17560.0,594658757#0,1
17560.0,594658760#0,2
17560.0,:655375239_5,1
17580.0,-300077497#5,5
17580.0,263217604#0,2
17580.0,288135626#0,1
17580.0,30620492#0,18
17580.0,30620492#1,5
17580.0,594658757#0,1
17580.0,594658760#0,2
17600.0,-300077497#5,1
17600.0,-593847703#3,3
17600.0,-E0,2
17600.0,263217604#0,2
17600.0,30620492#0,18
17600.0,30620492#1,3
17600.0,:cluster655375336_end_0_655375336_end_1_655375336_end_10_655375336_end_11_#8more_17,1
17600.0,:cluster_2528018119_655375236_17,2
17600.0,:cluster_9383263990_9383263991_9383263992_9383263993_13,2
17620.0,-593847703#3,6
17620.0,244450512#4,1
17620.0,30620492#0,13
17620.0,30620492#1,5
17620.0,506322844#0,5
17620.0,594658757#0,1
17640.0,-593847703#3,6
17640.0,244450512#5,1
17640.0,30620492#0,18
17640.0,30620492#1,5
17640.0,506322844#0,5
17640.0,594658757#0,1
17660.0,-300077497#5,5
17660.0,244450512#5,1
17660.0,30620492#0,18
17660.0,30620492#1,5
17660.0,594658757#0,1
17680.0,-300077497#5,5
17680.0,-E0,1
17680.0,244450512#5,1
17680.0,30620492#0,18
17680.0,30620492#1,5
17700.0,-593847703#3,5
17700.0,30620492#0,14
17700.0,30620492#1,3
17700.0,506322842#0,1
17700.0,506322844#0,4
17700.0,593844221#0,1
17700.0,:cluster_9383263990_9383263991_9383263992_9383263993_13,1
17720.0,-593847703#3,5
17720.0,30620492#0,14
17720.0,30620492#1,5
17720.0,506322842#0,1
17720.0,506322844#0,6
17720.0,593844221#0,1
17740.0,-300077497#5,1
17740.0,-300077497#8,1
17740.0,-593847703#3,5
17740.0,-E0,1
17740.0,263217604#0,1
17740.0,30620492#0,18
17740.0,30620492#1,5
17740.0,506322844#0,1
17740.0,506322846#0,1
17740.0,:655375238_5,1
17740.0,:655375239_5,1
17760.0,-300077497#5,5
17760.0,263217604#0,1
17760.0,288135626#0,1
17760.0,30620492#0,18
17760.0,30620492#1,5
17780.0,-300077497#5,1
17780.0,-593847703#3,2
17780.0,1068234499#0,1
17780.0,263217604#0,1
17780.0,30620492#0,18
17780.0,30620492#1,3
17780.0,:cluster_2528018119_655375236_17,2
17780.0,:cluster_9383263990_9383263991_9383263992_9383263993_13,2
17800.0,-593847703#3,5
17800.0,1068234499#0,1
17800.0,30620492#0,12
17800.0,30620492#1,4
17800.0,506322844#0,6
17800.0,594658757#0,1
17800.0,:2749340167_0,1
17820.0,-593847703#3,5
17820.0,1068234499#0,1
17820.0,30620492#0,18
17820.0,30620492#1,5
17820.0,506322844#0,6
17820.0,594658757#0,1
17840.0,-300077497#5,5
17840.0,-593847703#3,6
17840.0,263217604#0,1
17840.0,30620492#0,18
17840.0,30620492#1,5
17840.0,594658757#0,1
17860.0,-300077497#5,5
17860.0,-E0,1
17860.0,263217604#0,1
17860.0,30620492#0,18
17860.0,30620492#1,5
17860.0,:655375233_4,2
17880.0,-593847703#3,4
17880.0,182334378#0,1
17880.0,30620492#0,14
17880.0,30620492#1,4
17880.0,506322844#0,5
17880.0,594658757#0,1
17900.0,-593847703#3,4
17900.0,-E0,1
17900.0,182334378#0,1
17900.0,30620492#0,14
17900.0,30620492#1,5
17900.0,506322844#0,7
17920.0,-300077497#5,1
17920.0,-300077497#8,2
17920.0,-593847703#3,4
17920.0,-E0,1
17920.0,263217604#0,2
17920.0,30620492#0,14
17920.0,30620492#1,5
17920.0,506322844#0,1
17920.0,:655375239_5,1
17940.0,-300077497#5,5
17940.0,-593847703#3,4
17940.0,263217604#0,2
17940.0,30620492#0,14
17940.0,30620492#1,5
17960.0,-300077497#5,1
17960.0,-593847703#3,2
17960.0,263217604#0,2
17960.0,30620492#0,14
17960.0,30620492#1,3
17960.0,:655375233_4,3
17960.0,:cluster_2528018119_655375236_17,1
17960.0,:cluster_2528018119_655375236_19,1
17960.0,:cluster_9383263990_9383263991_9383263992_9383263993_13,2
17980.0,-593847703#3,4
17980.0,182334378#0,1
17980.0,30620492#0,7
17980.0,30620492#1,4
17980.0,506322844#0,6
17980.0,594658757#0,1
17980.0,594658760#0,1
17980.0,:2749340167_0,1
17980.0,:cluster_9383263990_9383263991_9383263992_9383263993_13,1
18000.0,-593847703#3,4
18000.0,30620492#0,7
18000.0,30620492#1,5
18000.0,506322844#0,7
18000.0,594658757#0,1
18000.0,594658760#0,1
18020.0,-300077497#5,4
18020.0,-593847703#3,4
18020.0,263217604#0,3
18020.0,30620492#0,7
18020.0,30620492#1,5
18020.0,594658757#0,1
18020.0,594658760#0,1
18040.0,-300077497#5,4
18040.0,-593847703#3,4
18040.0,263217604#0,3
18040.0,30620492#0,7
18040.0,30620492#1,5
18040.0,594658757#0,1
18040.0,594658760#0,1
18060.0,-593847703#3,6
18060.0,-E0,1
18060.0,30620492#0,3
18060.0,30620492#1,4
18060.0,506322844#0,5
18060.0,594658757#0,2
18060.0,594658760#0,1
18060.0,:655375233_4,2
18080.0,-E0,3
18080.0,30620492#1,4
18080.0,506322844#0,7
18080.0,:cluster_9383263990_9383263991_9383263992_9383263993_13,1
18100.0,-300077497#5,1
18100.0,-300077497#8,1
18100.0,263217604#0,3
18100.0,30620492#1,4
18100.0,506322844#0,1
18100.0,:655375238_5,1
18100.0,:655375239_5,1
18120.0,-300077497#5,5
18120.0,263217604#0,3
18120.0,30620492#1,4
18140.0,-300077497#5,1
18140.0,-593847703#3,2
18140.0,263217604#0,3
18140.0,30620492#1,2
18140.0,506322844#0,1
18140.0,:cluster_2528018119_655375236_17,1
18140.0,:cluster_2528018119_655375236_19,1
18140.0,:cluster_9383263990_9383263991_9383263992_9383263993_13,1
18160.0,-593847703#3,4
18160.0,182334378#0,1
18160.0,506322844#0,4
18160.0,594658757#0,1
18160.0,594658760#0,1
18160.0,:cluster655375336_end_0_655375336_end_1_655375336_end_10_655375336_end_11_#8more_21,1
