time,edge_id,vehicle_count
60.0,-300077497#5,4
60.0,-360018417,4
60.0,-51362429#1,1
60.0,-51362430,1
60.0,-593847703#3,3
60.0,-E0,16
60.0,1068234498#0,24
60.0,1068234499#0,1
60.0,1068440001,4
60.0,1068440004#1,12
60.0,1068440006#0,2
60.0,1334905223#0,1
60.0,182334378#0,13
60.0,196961377#0,3
60.0,238526531#0,1
60.0,244450512#1,2
60.0,260881642#0,3
60.0,263217603#0,2
60.0,288135626#0,2
60.0,288135628#0,1
60.0,300077497#0,1
60.0,30620492#0,15
60.0,30620492#1,5
60.0,484988951#0,4
60.0,48794887#0,1
60.0,49073226#2,1
60.0,506322840#0,1
60.0,506322841#3,1
60.0,506322842#0,3
60.0,506322844#0,5
60.0,506322846#2,4
60.0,506322853#0,1
60.0,51362429#0,10
60.0,51392936#0,1
60.0,593847703#0,2
60.0,593847704#0,1
60.0,593847705,1
60.0,593849711#2,7
60.0,594658757#0,1
60.0,594658760#0,1
60.0,594658762#0,5
60.0,668037874,1
60.0,:655375232_11,1
60.0,:656132414_2,1
60.0,:cluster11510670762_4554226152_0,1
60.0,:cluster619136880_619136881_cluster_4510442270_5296993511_5296993513_619136931_#1more_12,1
60.0,:cluster655375228_655375240_0,1
60.0,:cluster655375228_655375240_13,1
60.0,:cluster655375336_end_0_655375336_end_1_655375336_end_10_655375336_end_11_#8more_10,2
60.0,:cluster655375336_end_0_655375336_end_1_655375336_end_10_655375336_end_11_#8more_25,2
60.0,:cluster_2528018119_655375236_17,1
60.0,:cluster_2528018119_655375236_19,1
60.0,:cluster_2528018119_655375236_3,1
60.0,:cluster_2664674491_655375287_655375288_5,1
60.0,:cluster_3208478133_655375293_655375296_9631728504_#1more_8,4
60.0,:cluster_5372642442_631668976_631668981_631669076_26,1
60.0,:cluster_5372642442_631668976_631668981_631669076_45,2
60.0,E0,2
80.0,-300077497#5,1
80.0,-360018417,4
80.0,-51362429#1,2
80.0,-51362430,3
80.0,-593847703#3,3
80.0,-E0,19
80.0,1068234498#0,19
80.0,1068234499#0,5
80.0,1068440001,1
80.0,1068440004#1,18
80.0,1068440006#0,2
80.0,1334904386#0,1
80.0,1334905223#0,1
80.0,182334378#0,16
80.0,196961377#0,7
80.0,238526531#0,9
80.0,244450512#1,2
80.0,260881642#0,3
80.0,263217603#0,1
80.0,288135626#0,1
80.0,300077497#0,3
80.0,30620492#0,18
80.0,30620492#1,5
80.0,484988951#0,4
80.0,48794887#0,1
80.0,49073226#2,4
80.0,49695736#0,7
80.0,506322840#0,1
80.0,506322842#0,6
80.0,506322844#0,5
80.0,506322846#2,5
80.0,506322853#0,1
80.0,51362429#0,13
80.0,593844221#0,1
80.0,593847704#0,2
80.0,593847705,1
80.0,593849711#2,9
80.0,594658757#0,1
80.0,594658760#0,1
80.0,594658762#0,5
80.0,668037874,1
80.0,:cluster11510670762_4554226152_0,1
80.0,:cluster655375336_end_0_655375336_end_1_655375336_end_10_655375336_end_11_#8more_10,1
80.0,:cluster655375336_end_0_655375336_end_1_655375336_end_10_655375336_end_11_#8more_40,2
80.0,:cluster_2038168688_655375573_3,1
80.0,:cluster_2528018119_655375236_17,1
80.0,:cluster_2664674491_655375287_655375288_5,1
80.0,:cluster_3208478133_655375293_655375296_9631728504_#1more_8,4
80.0,:cluster_5372642442_631668976_631668981_631669076_45,2
80.0,E0,1
100.0,-300077497#5,2
100.0,-300077497#8,1
100.0,-35274074#2,2
100.0,-51362430,3
100.0,-593847703#3,5
100.0,-594658757#2,3
100.0,-E0,19
100.0,1068234498#0,22
100.0,1068234499#0,3
100.0,1068440001,4
100.0,1068440004#1,14
100.0,1068440006#0,2
100.0,1334904386#0,2
100.0,182334378#0,15
100.0,186602412#0,1
100.0,196961377#0,9
100.0,232003903#0,1
100.0,238526531#0,8
100.0,244450512#1,3
100.0,260881642#0,3
100.0,263217603#0,1
100.0,288878926#0,3
100.0,300077497#0,2
100.0,303647015#0,1
100.0,30620492#0,18
100.0,30620492#1,5
100.0,35274074#0,3
100.0,484988951#0,4
100.0,48794887#0,1
100.0,49073226#2,3
100.0,49073272#4,3
100.0,49695736#0,4
100.0,506322842#0,2
100.0,506322844#0,2
100.0,506322846#0,6
100.0,506322846#2,3
100.0,506322848#0,1
100.0,506322851#0,1
100.0,506322853#0,1
100.0,51362429#0,15
100.0,593847702#0,6
100.0,593847704#0,2
100.0,593847705,1
100.0,593849711#2,13
100.0,594658757#0,1
100.0,594658760#0,2
100.0,594658762#0,6
100.0,668037874,1
100.0,:3208478121_0,1
100.0,:655375233_8,4
100.0,:655375238_5,1
100.0,:655375239_5,1
100.0,:656132414_2,1
100.0,:cluster3086736522_655375108_655375247_655375401_#1more_8,1
100.0,:cluster619136880_619136881_cluster_4510442270_5296993511_5296993513_619136931_#1more_12,1
100.0,:cluster619136880_619136881_cluster_4510442270_5296993511_5296993513_619136931_#1more_8,1
100.0,:cluster655375336_end_0_655375336_end_1_655375336_end_10_655375336_end_11_#8more_10,2
100.0,:cluster655375336_end_0_655375336_end_1_655375336_end_10_655375336_end_11_#8more_12,1
100.0,:cluster655375336_end_0_655375336_end_1_655375336_end_10_655375336_end_11_#8more_25,3
100.0,:cluster_2038168688_655375573_17,1
100.0,:cluster_2038168688_655375573_21,1
100.0,:cluster_2038168688_655375573_9,1
100.0,:cluster_2528018119_655375236_12,2
100.0,:cluster_2528018119_655375236_20,2
100.0,:cluster_3208478133_655375293_655375296_9631728504_#1more_8,4
100.0,:cluster_9383263990_9383263991_9383263992_9383263993_7,2
100.0,E0,1
120.0,-1334905223#2,1
120.0,-300077497#5,10
120.0,-35274074#2,8
120.0,-51362430,4
120.0,-593847703#3,5
120.0,-594658757#2,3
120.0,-E0,19
120.0,1068234498#0,29
120.0,1068234499#0,3
120.0,1068440001,4
120.0,1068440004#1,20
120.0,1068440006#0,1
120.0,1334904386#0,2
120.0,182334378#0,18
120.0,196961377#0,14
120.0,232003903#0,2
120.0,244450512#1,3
120.0,260881642#0,2
120.0,263217603#0,1
120.0,263217604#0,1
120.0,288135626#0,1
120.0,288135628#0,1
120.0,288878926#0,6
120.0,300077497#0,8
120.0,303647015#0,2
120.0,30620492#0,18
120.0,30620492#1,5
120.0,35274074#0,3
120.0,484988951#0,4
120.0,48794887#0,1
120.0,49695736#0,2
120.0,506322841#4,1
120.0,506322842#0,3
120.0,506322844#0,3
120.0,506322846#0,1
120.0,506322846#2,3
120.0,506322851#0,5
120.0,506322853#0,1
120.0,51362429#0,16
120.0,593844221#0,2
120.0,593847702#0,6
120.0,593847705,1
120.0,593849711#2,16
120.0,593849718#0,2
120.0,594658757#0,1
120.0,594658762#0,10
120.0,668037874,2
120.0,:1973482489_4,1
120.0,:655375238_6,1
120.0,:655375241_0,1
120.0,:cluster11510670762_4554226152_0,1
120.0,:cluster3086736522_655375108_655375247_655375401_#1more_11,1
120.0,:cluster619136880_619136881_cluster_4510442270_5296993511_5296993513_619136931_#1more_8,1
120.0,:cluster622618015_622618108_622618112_622618144_#2more_39,2
120.0,:cluster_2038168688_655375573_21,1
120.0,:cluster_2038168688_655375573_30,1
120.0,:cluster_2528018119_655375236_12,2
120.0,:cluster_2528018119_655375236_20,1
120.0,:cluster_3208478133_655375293_655375296_9631728504_#1more_8,5
120.0,:cluster_5372642442_631668976_631668981_631669076_33,1
120.0,E0,1
140.0,-300077497#5,6
140.0,-35274074#2,11
140.0,-360018417,5
140.0,-51362430,3
140.0,-593847703#3,7
140.0,-E0,18
140.0,1068234498#0,33
140.0,1068234499#0,4
140.0,1068440001,7
140.0,1068440004#1,22
140.0,1068440006#0,1
140.0,1239087514,1
140.0,1334904386#0,2
140.0,182334378#0,16
140.0,196961377#0,12
140.0,244450512#1,3
140.0,263217603#0,1
140.0,263217604#0,1
140.0,288135628#0,1
140.0,288878926#0,6
140.0,300077497#0,5
140.0,303647015#0,3
140.0,30620492#0,18
140.0,30620492#1,5
140.0,35274074#0,7
140.0,484988951#0,4
140.0,48794887#0,1
140.0,49073272#4,2
140.0,49695736#0,8
140.0,506322841#3,1
140.0,506322842#0,1
140.0,506322844#0,5
140.0,506322846#0,2
140.0,506322846#2,5
140.0,506322851#0,2
140.0,506322851#2,1
140.0,506322853#0,5
140.0,51362429#0,13
140.0,51362430,2
140.0,593847702#0,6
140.0,593847703#0,1
140.0,593847705,1
140.0,593849711#2,18
140.0,594658757#0,1
140.0,594658762#0,12
140.0,668037874,1
140.0,:3086736518_0,1
140.0,:3086736518_6,1
140.0,:655375232_2,2
140.0,:655375233_0,1
140.0,:655375238_1,1
140.0,:cluster11510670762_4554226152_0,2
140.0,:cluster11510670762_4554226152_1,1
140.0,:cluster619136880_619136881_cluster_4510442270_5296993511_5296993513_619136931_#1more_12,1
140.0,:cluster655375228_655375240_13,1
140.0,:cluster655375228_655375240_2,1
140.0,:cluster655375336_end_0_655375336_end_1_655375336_end_10_655375336_end_11_#8more_12,1
140.0,:cluster655375336_end_0_655375336_end_1_655375336_end_10_655375336_end_11_#8more_40,1
140.0,:cluster_2038168688_655375573_23,1
140.0,:cluster_2038168688_655375573_3,1
140.0,:cluster_2038168688_655375573_6,1
140.0,:cluster_2528018119_655375236_17,1
140.0,:cluster_2528018119_655375236_31,1
140.0,E0,1
160.0,-300077497#5,4
160.0,-35274074#2,10
160.0,-360018417,5
160.0,-51362429#1,1
160.0,-51362430,9
160.0,-593847703#3,8
160.0,-593847704#2,3
160.0,-594658757#2,5
160.0,-E0,19
160.0,1068234498#0,26
160.0,1068234499#0,6
160.0,1068440001,7
160.0,1068440004#1,28
160.0,1068440006#0,1
160.0,1334904386#0,5
160.0,1334905223#0,1
160.0,182334378#0,12
160.0,186602412#0,2
160.0,196961377#0,16
160.0,238526531#0,5
160.0,244450512#1,3
160.0,244450512#4,1
160.0,263217603#0,2
160.0,288135626#0,4
160.0,288135628#0,1
160.0,300077497#0,2
160.0,300077497#6,4
160.0,30620492#0,18
160.0,30620492#1,5
160.0,484988951#0,3
160.0,48794887#0,1
160.0,49695736#0,8
160.0,506322842#0,6
160.0,506322844#0,5
160.0,506322846#0,9
160.0,506322846#2,8
160.0,506322853#0,8
160.0,51289045#7,1
160.0,51362429#0,13
160.0,51392936#0,1
160.0,593847702#0,6
160.0,593847703#0,3
160.0,593847704#0,1
160.0,593847705,1
160.0,593849711#2,16
160.0,594658757#0,1
160.0,594658762#0,8
160.0,668037874,1
160.0,:1973482489_3,1
160.0,:655375232_2,3
160.0,:655375232_6,2
160.0,:cluster11510670762_4554226152_0,2
160.0,:cluster619136880_619136881_cluster_4510442270_5296993511_5296993513_619136931_#1more_12,1
160.0,:cluster655375228_655375240_0,2
160.0,:cluster655375336_end_0_655375336_end_1_655375336_end_10_655375336_end_11_#8more_40,1
160.0,:cluster655375336_end_0_655375336_end_1_655375336_end_10_655375336_end_11_#8more_41,1
160.0,:cluster_2038168688_655375573_23,1
160.0,:cluster_2038168688_655375573_3,1
160.0,:cluster_2528018119_655375236_17,1
160.0,:cluster_2528018119_655375236_19,1
160.0,:cluster_2528018119_655375236_3,1
160.0,:cluster_3431431575_4777363357_655375231_6982059025_7,1
160.0,:cluster_5372642442_631668976_631668981_631669076_45,2
160.0,:cluster_9383263990_9383263991_9383263992_9383263993_0,1
160.0,E0,2
180.0,-300077497#5,4
180.0,-35274074#2,10
180.0,-360018417,5
180.0,-51362430,11
180.0,-593847701,1
180.0,-593847703#3,2
180.0,-593847705,1
180.0,-594658757#2,10
180.0,-E0,19
180.0,1068234498#0,20
180.0,1068234499#0,10
180.0,1068440001,8
180.0,1068440004#1,33
180.0,1068440006#0,1
180.0,1334904386#0,8
180.0,1334905223#0,1
180.0,182334378#0,12
180.0,186602412#0,5
180.0,196961377#0,18
180.0,238526531#0,13
180.0,244450512#1,3
180.0,244450512#5,1
180.0,263217603#0,2
180.0,300077497#6,4
180.0,30620492#0,18
180.0,30620492#1,5
180.0,35274074#0,3
180.0,484988951#0,4
180.0,48794887#0,1
180.0,49073226#2,7
180.0,49695736#0,9
180.0,506322842#0,12
180.0,506322844#0,5
180.0,506322846#0,5
180.0,506322846#2,10
180.0,506322853#0,8
180.0,51362429#0,16
180.0,51362430,1
180.0,593847702#0,6
180.0,593847704#0,1
180.0,593847705,1
180.0,593849711#2,15
180.0,594658757#0,1
180.0,594658762#0,6
180.0,668037874,3
180.0,:3086736518_4,1
180.0,:655375232_2,3
180.0,:655375232_6,2
180.0,:655375233_2,2
180.0,:655375233_4,2
180.0,:655375238_1,1
180.0,:cluster11510670762_4554226152_0,2
180.0,:cluster655375228_655375240_13,1
180.0,:cluster_5372642442_631668976_631668981_631669076_45,1
180.0,E0,1
200.0,-1334905223#2,1
200.0,-300077497#5,10
200.0,-300077497#8,1
200.0,-35274074#2,12
200.0,-51362430,15
200.0,-593847701,1
200.0,-593847703#3,4
200.0,-594658757#2,11
200.0,-E0,19
200.0,1068234498#0,26
200.0,1068234499#0,8
200.0,1068440001,8
200.0,1068440004#1,28
200.0,1239087514,1
200.0,1334904386#0,1
200.0,182334378#0,15
200.0,186602412#0,3
200.0,196961377#0,23
200.0,232003903#0,1
200.0,238526531#0,7
200.0,244450512#1,3
200.0,244450512#5,1
200.0,263217603#0,2
200.0,288135626#0,1
200.0,300077497#0,6
200.0,300077497#6,4
200.0,303647015#0,7
200.0,30620492#0,18
200.0,30620492#1,5
200.0,35274074#0,4
200.0,484988951#0,4
200.0,48794887#0,1
200.0,49073226#2,7
200.0,49073272#1,1
200.0,49073272#4,4
200.0,506322840#0,2
200.0,506322841#4,1
200.0,506322842#0,4
200.0,506322844#0,2
200.0,506322846#0,6
200.0,506322846#2,6
200.0,506322848#0,1
200.0,506322851#0,1
200.0,506322851#2,2
200.0,506322853#0,8
200.0,51362429#0,16
200.0,51362430,1
200.0,593847704#0,1
200.0,593847705,1
200.0,593849711#2,17
200.0,593849718#0,1
200.0,594658757#0,1
200.0,594658762#0,10
200.0,668037874,1
200.0,:1973482489_4,1
200.0,:3086736518_4,2
200.0,:655375232_2,3
200.0,:655375232_6,2
200.0,:655375232_8,1
200.0,:655375233_4,1
200.0,:655375233_8,6
200.0,:655375239_6,1
200.0,:655375241_0,1
200.0,:cluster11510670762_4554226152_0,2
200.0,:cluster619136880_619136881_cluster_4510442270_5296993511_5296993513_619136931_#1more_12,1
200.0,:cluster622618015_622618108_622618112_622618144_#2more_31,1
200.0,:cluster_2038168688_655375573_30,1
200.0,:cluster_2528018119_655375236_12,2
200.0,:cluster_2528018119_655375236_20,1
200.0,:cluster_3431431575_4777363357_655375231_6982059025_5,1
200.0,:cluster_5372642442_631668976_631668981_631669076_33,1
200.0,:cluster_5372642442_631668976_631668981_631669076_36,1
200.0,E0,2
220.0,-300077497#5,13
220.0,-35274074#2,12
220.0,-360018417,2
220.0,-51362430,19
220.0,-593847701,1
220.0,-593847703#3,6
220.0,-594658757#2,5
220.0,-E0,19
220.0,1068234498#0,30
220.0,1068234499#0,4
220.0,1068440001,8
220.0,1068440004#1,30
220.0,1334904386#0,1
220.0,1334905223#0,1
220.0,182334378#0,19
220.0,196961377#0,22
220.0,196961377#3,2
220.0,238526531#0,7
220.0,244450512#1,3
220.0,244450512#5,1
220.0,263217603#0,2
220.0,263217604#0,1
220.0,288135626#0,1
220.0,288135628#0,1
220.0,300077497#0,10
220.0,303647015#0,4
220.0,30620492#0,18
220.0,30620492#1,5
220.0,35274074#0,7
220.0,484988951#0,5
220.0,48794887#0,2
220.0,49073226#2,7
220.0,49073272#3,1
220.0,49073272#4,1
220.0,506322841#3,1
220.0,506322842#0,7
220.0,506322844#0,7
220.0,506322846#0,2
220.0,506322846#2,3
220.0,506322851#0,7
220.0,506322851#2,3
220.0,506322853#0,7
220.0,51362429#0,17
220.0,51362430,2
220.0,593847705,1
220.0,593849711#2,18
220.0,594658757#0,1
220.0,594658762#0,14
220.0,668037874,2
220.0,:1973482489_4,1
220.0,:3086736518_4,2
220.0,:619136999_2,1
220.0,:655375232_2,3
220.0,:655375232_6,2
220.0,:655375232_8,1
220.0,:655375233_4,1
220.0,:655375233_8,7
220.0,:655375239_3,1
220.0,:cluster11510670762_4554226152_0,2
220.0,:cluster3086736522_655375108_655375247_655375401_#1more_11,2
220.0,:cluster619136880_619136881_cluster_4510442270_5296993511_5296993513_619136931_#1more_12,1
220.0,:cluster619136899_619136900_cluster_619136929_619136942_6,1
220.0,:cluster_2038168688_655375573_17,1
220.0,:cluster_2038168688_655375573_30,1
220.0,:cluster_2528018119_655375236_29,1
220.0,:cluster_2528018119_655375236_33,1
220.0,E0,2
240.0,-300077497#5,4
240.0,-35274074#2,12
240.0,-360018417,5
240.0,-51362430,18
240.0,-593847701,1
240.0,-593847703#3,14
240.0,-E0,18
240.0,1068234498#0,25
240.0,1068234499#0,5
240.0,1068440001,5
240.0,1068440004#1,33
240.0,1334904386#0,1
240.0,1334905223#0,2
240.0,182334378#0,23
240.0,196961377#0,21
240.0,238526531#0,8
240.0,244450512#1,2
240.0,260881642#0,3
240.0,288135626#0,3
240.0,288135628#0,1
240.0,300077497#0,2
240.0,300077497#6,2
240.0,303647015#0,6
240.0,30620492#0,18
240.0,30620492#1,5
240.0,35274074#0,3
240.0,360018417,1
240.0,484988951#0,5
240.0,48794887#0,1
240.0,49073226#2,7
240.0,49695736#0,2
240.0,506322842#0,7
240.0,506322844#0,7
240.0,506322846#0,4
240.0,506322846#2,9
240.0,506322853#0,17
240.0,51362429#0,16
240.0,51362430,3
240.0,593844221#0,1
240.0,593849711#2,19
240.0,594658757#0,1
240.0,594658760#0,1
240.0,594658762#0,13
240.0,668037874,4
240.0,:3086736518_0,1
240.0,:3086736518_4,2
240.0,:3086736518_6,1
240.0,:655375232_2,3
240.0,:655375232_6,2
240.0,:655375232_8,1
240.0,:655375233_0,1
240.0,:655375233_4,1
240.0,:655375233_8,7
240.0,:655375238_0,1
240.0,:cluster622618015_622618108_622618112_622618144_#2more_49,2
240.0,:cluster655375228_655375240_0,1
240.0,:cluster_2038168688_655375573_23,1
240.0,:cluster_2038168688_655375573_3,1
240.0,:cluster_2038168688_655375573_30,1
240.0,:cluster_2038168688_655375573_6,2
240.0,:cluster_2528018119_655375236_17,2
240.0,:cluster_2664674491_655375287_655375288_5,1
240.0,:cluster_3208478133_655375293_655375296_9631728504_#1more_8,5
240.0,:cluster_5372642442_631668976_631668981_631669076_22,1
240.0,:cluster_5372642442_631668976_631668981_631669076_26,1
240.0,:cluster_5372642442_631668976_631668981_631669076_45,2
240.0,E0,2
260.0,-35274074#2,12
260.0,-360018417,5
260.0,-51362430,13
260.0,-593847701,1
260.0,-593847703#3,19
260.0,-594658757#2,1
260.0,-E0,19
260.0,1068234498#0,20
260.0,1068234499#0,9
260.0,1068440001,8
260.0,1068440004#1,33
260.0,1334904386#0,2
260.0,1334905223#0,1
260.0,182334378#0,20
260.0,186602412#0,4
260.0,196961377#0,26
260.0,238526531#0,16
260.0,244450512#1,2
260.0,260881642#0,3
260.0,263217603#0,2
260.0,288135628#0,1
260.0,300077497#0,1
260.0,300077497#6,5
260.0,30620492#0,18
260.0,30620492#1,5
260.0,484988951#0,5
260.0,48794887#0,2
260.0,49073226#2,7
260.0,49695736#0,5
260.0,506322840#0,1
260.0,506322841#4,1
260.0,506322842#0,11
260.0,506322844#0,7
260.0,506322846#0,3
260.0,506322846#2,15
260.0,506322853#0,17
260.0,51362429#0,16
260.0,51362430,2
260.0,51392936#0,1
260.0,593844221#0,1
260.0,593849711#0,1
260.0,593849711#2,20
260.0,594658757#0,1
260.0,594658760#0,1
260.0,594658762#0,10
260.0,668037874,3
260.0,:1973482489_8,1
260.0,:3086736518_0,1
260.0,:3086736518_4,2
260.0,:3086736518_6,1
260.0,:655375232_2,3
260.0,:655375232_6,2
260.0,:655375232_8,1
260.0,:655375233_0,2
260.0,:655375233_4,1
260.0,:655375233_8,7
260.0,:cluster11510670762_4554226152_0,1
260.0,:cluster619136880_619136881_cluster_4510442270_5296993511_5296993513_619136931_#1more_12,1
260.0,:cluster655375228_655375240_0,1
260.0,:cluster655375336_end_0_655375336_end_1_655375336_end_10_655375336_end_11_#8more_12,1
260.0,:cluster655375336_end_0_655375336_end_1_655375336_end_10_655375336_end_11_#8more_25,1
260.0,:cluster655375336_end_0_655375336_end_1_655375336_end_10_655375336_end_11_#8more_41,1
260.0,:cluster_2038168688_655375573_24,1
260.0,:cluster_2038168688_655375573_6,1
260.0,:cluster_2664674491_655375287_655375288_5,1
260.0,:cluster_3208478133_655375293_655375296_9631728504_#1more_8,3
260.0,:cluster_5372642442_631668976_631668981_631669076_22,1
260.0,:cluster_5372642442_631668976_631668981_631669076_26,1
260.0,:cluster_5372642442_631668976_631668981_631669076_45,2
260.0,E0,1
280.0,-300077497#5,1
280.0,-300077497#8,1
280.0,-35274074#2,12
280.0,-360018417,1
280.0,-51362429#1,3
280.0,-51362430,15
280.0,-593847701,1
280.0,-593847703#3,23
280.0,-594658757#2,4
280.0,-E0,19
280.0,-E1,1
280.0,1068234498#0,20
280.0,1068234499#0,6
280.0,1068440001,6
280.0,1068440004#1,33
280.0,1334904386#0,1
280.0,182334378#0,15
280.0,186602412#0,3
280.0,196961377#0,29
280.0,232003903#0,1
280.0,238526531#0,16
280.0,244450512#1,2
280.0,260881642#0,2
280.0,263217604#0,2
280.0,288135626#0,2
280.0,300077497#0,3
280.0,300077497#6,5
280.0,303647015#0,1
280.0,30620492#0,18
280.0,30620492#1,5
280.0,484988951#0,5
280.0,48794887#0,2
280.0,49073226#2,8
280.0,49073272#4,3
280.0,49695736#0,2
280.0,506322841#4,1
280.0,506322842#0,9
280.0,506322844#0,2
280.0,506322846#0,4
280.0,506322846#2,6
280.0,506322848#0,3
280.0,506322851#0,3
280.0,506322853#0,17
280.0,51362429#0,17
280.0,51362430,1
280.0,593844221#0,1
280.0,593849711#2,17
280.0,594658757#0,1
280.0,594658760#0,1
280.0,594658762#0,11
280.0,668037874,3
280.0,:3086736518_0,1
280.0,:3086736518_4,2
280.0,:3086736518_6,1
280.0,:3208478121_0,1
280.0,:655375232_2,3
280.0,:655375232_6,2
280.0,:655375232_8,1
280.0,:655375233_0,2
280.0,:655375233_4,1
280.0,:655375233_8,7
280.0,:655375238_5,1
280.0,:655375239_5,1
280.0,:656132414_2,1
280.0,:cluster11510670762_4554226152_0,1
280.0,:cluster3086736522_655375108_655375247_655375401_#1more_8,1
280.0,:cluster619136880_619136881_cluster_4510442270_5296993511_5296993513_619136931_#1more_12,1
280.0,:cluster619136880_619136881_cluster_4510442270_5296993511_5296993513_619136931_#1more_8,1
280.0,:cluster655375336_end_0_655375336_end_1_655375336_end_10_655375336_end_11_#8more_12,2
280.0,:cluster655375336_end_0_655375336_end_1_655375336_end_10_655375336_end_11_#8more_25,1
280.0,:cluster655375336_end_0_655375336_end_1_655375336_end_10_655375336_end_11_#8more_40,1
280.0,:cluster_2038168688_655375573_9,1
280.0,:cluster_2528018119_655375236_12,2
280.0,:cluster_2528018119_655375236_20,1
280.0,:cluster_2528018119_655375236_28,1
280.0,:cluster_2528018119_655375236_32,1
280.0,:cluster_2664674491_655375287_655375288_5,1
280.0,:cluster_3208478133_655375293_655375296_9631728504_#1more_8,3
280.0,:cluster_5372642442_631668976_631668981_631669076_33,1
280.0,:cluster_9383263990_9383263991_9383263992_9383263993_7,1
280.0,E0,2
300.0,-1334905223#2,2
300.0,-300077497#5,8
300.0,-300077497#8,1
300.0,-35274074#2,12
300.0,-51362429#1,3
300.0,-51362430,14
300.0,-593847701,1
300.0,-593847703#3,26
300.0,-594658757#2,5
300.0,-E0,19
300.0,-E1,1
300.0,1068234498#0,29
300.0,1068234499#0,6
300.0,1068440001,5
300.0,1068440004#1,33
300.0,1334904386#0,3
300.0,182334378#0,16
300.0,196961377#0,31
300.0,232003903#0,2
300.0,238526531#0,14
300.0,244450512#1,2
300.0,260881642#0,3
300.0,263217604#0,3
300.0,288135626#0,2
300.0,300077497#0,9
300.0,300077497#6,5
300.0,303647015#0,1
300.0,30620492#0,18
300.0,30620492#1,5
300.0,484988951#0,5
300.0,48794887#0,1
300.0,49073226#2,8
300.0,49695736#0,1
300.0,506322842#0,9
300.0,506322844#0,3
300.0,506322846#0,3
300.0,506322846#2,3
300.0,506322851#2,2
300.0,506322853#0,19
300.0,51362429#0,17
300.0,51362430,1
300.0,593844221#0,2
300.0,593849711#2,21
300.0,594658757#0,1
300.0,594658760#0,1
300.0,594658762#0,15
300.0,668037874,4
300.0,:1973482489_4,1
300.0,:3086736518_0,1
300.0,:3086736518_4,2
300.0,:3086736518_6,1
300.0,:655375232_2,3
300.0,:655375232_6,2
300.0,:655375232_8,1
300.0,:655375233_0,2
300.0,:655375233_4,1
300.0,:655375233_8,7
300.0,:655375241_0,2
300.0,:656132414_2,1
300.0,:cluster11510670762_4554226152_0,2
300.0,:cluster3086736522_655375108_655375247_655375401_#1more_11,1
300.0,:cluster655375336_end_0_655375336_end_1_655375336_end_10_655375336_end_11_#8more_40,1
300.0,:cluster_2528018119_655375236_12,2
300.0,:cluster_2528018119_655375236_20,1
300.0,:cluster_2528018119_655375236_33,1
300.0,:cluster_3208478133_655375293_655375296_9631728504_#1more_8,3
300.0,:cluster_5372642442_631668976_631668981_631669076_33,1
300.0,:cluster_5372642442_631668976_631668981_631669076_36,1
300.0,:cluster_5372642442_631668976_631668981_631669076_47,2
300.0,E0,1
320.0,-300077497#5,7
320.0,-35274074#2,12
320.0,-360018417,3
320.0,-51362429#1,3
320.0,-51362430,16
320.0,-593847701,1
320.0,-593847703#3,28
320.0,-E0,19
320.0,1068234498#0,34
320.0,1068234499#0,11
320.0,1068440001,8
320.0,1068440004#1,33
320.0,1334904386#0,4
320.0,1334905223#0,1
320.0,182334378#0,19
320.0,196961377#0,21
320.0,196961377#3,4
320.0,238526531#0,14
320.0,244450512#1,2
320.0,263217604#0,3
320.0,288135626#0,4
320.0,300077497#0,8
320.0,303647015#0,5
320.0,30620492#0,18
320.0,30620492#1,5
320.0,35274074#0,2
320.0,484988951#0,5
320.0,49073226#2,8
320.0,49073272#4,2
320.0,49695736#0,2
320.0,506322842#0,7
320.0,506322844#0,5
320.0,506322846#2,2
320.0,506322851#2,3
320.0,506322853#0,19
320.0,51362429#0,17
320.0,51362430,3
320.0,593844221#0,1
320.0,593849711#2,21
320.0,594658757#0,1
320.0,594658760#0,1
320.0,594658762#0,13
320.0,668037874,4
320.0,:1973482489_4,1
320.0,:3086736518_0,1
320.0,:3086736518_4,2
320.0,:3086736518_6,1
320.0,:619136999_2,1
320.0,:655375232_2,3
320.0,:655375232_6,2
320.0,:655375232_8,1
320.0,:655375233_0,2
320.0,:655375233_4,1
320.0,:655375233_8,7
320.0,:655375238_6,1
320.0,:cluster11510670762_4554226152_0,2
320.0,:cluster655375228_655375240_0,1
320.0,:cluster655375336_end_0_655375336_end_1_655375336_end_10_655375336_end_11_#8more_12,2
320.0,:cluster655375336_end_0_655375336_end_1_655375336_end_10_655375336_end_11_#8more_25,2
320.0,:cluster_2038168688_655375573_6,1
320.0,:cluster_2528018119_655375236_17,2
320.0,:cluster_3208478133_655375293_655375296_9631728504_#1more_10,1
320.0,:cluster_5372642442_631668976_631668981_631669076_47,1
340.0,-300077497#5,8
340.0,-35274074#2,12
340.0,-360018417,5
340.0,-51362429#1,1
340.0,-51362430,18
340.0,-593847701,1
340.0,-593847703#3,30
340.0,-594658757#2,4
340.0,-E0,19
340.0,1068234498#0,29
340.0,1068234499#0,17
340.0,1068440001,9
340.0,1068440004#1,33
340.0,1334904386#0,7
340.0,1334905223#0,2
340.0,182334378#0,13
340.0,186602412#0,2
340.0,196961377#0,22
340.0,196961377#3,2
340.0,238526531#0,17
340.0,244450512#1,2
340.0,244450512#4,2
340.0,288135626#0,1
340.0,288878926#0,3
340.0,300077497#0,2
340.0,30620492#0,17
340.0,30620492#1,5
340.0,35274074#0,1
340.0,484988951#0,5
340.0,49073226#2,3
340.0,49695736#0,5
340.0,506322842#0,7
340.0,506322844#0,5
340.0,506322846#0,4
340.0,506322846#2,3
340.0,506322851#2,3
340.0,506322853#0,19
340.0,51362429#0,17
340.0,51362430,4
340.0,593849711#2,21
340.0,594658757#0,1
340.0,594658760#0,1
340.0,594658762#0,6
340.0,668037874,2
340.0,:2444664370_0,2
340.0,:3086736518_0,1
340.0,:3086736518_4,2
340.0,:3086736518_6,1
340.0,:655375232_2,3
340.0,:655375232_6,2
340.0,:655375232_8,1
340.0,:655375233_0,2
340.0,:655375233_4,1
340.0,:655375233_8,7
340.0,:655375238_6,1
340.0,:cluster11510670762_4554226152_0,2
340.0,:cluster619136880_619136881_cluster_4510442270_5296993511_5296993513_619136931_#1more_12,1
340.0,:cluster619136880_619136881_cluster_4510442270_5296993511_5296993513_619136931_#1more_8,1
340.0,:cluster622618015_622618108_622618112_622618144_#2more_2,1
340.0,:cluster622618015_622618108_622618112_622618144_#2more_26,1
340.0,:cluster622618015_622618108_622618112_622618144_#2more_45,1
340.0,:cluster655375228_655375240_0,1
340.0,:cluster655375228_655375240_13,1
340.0,:cluster655375336_end_0_655375336_end_1_655375336_end_10_655375336_end_11_#8more_10,1
340.0,:cluster655375336_end_0_655375336_end_1_655375336_end_10_655375336_end_11_#8more_40,1
340.0,:cluster_2038168688_655375573_23,1
340.0,:cluster_2038168688_655375573_3,1
340.0,:cluster_2664674491_655375287_655375288_1,1
340.0,:cluster_3431431575_4777363357_655375231_6982059025_3,2
340.0,:cluster_5372642442_631668976_631668981_631669076_26,1
340.0,:cluster_5372642442_631668976_631668981_631669076_45,1
360.0,-300077497#5,7
360.0,-35274074#2,10
360.0,-360018417,5
360.0,-51362430,19
360.0,-593847701,1
360.0,-593847703#3,31
360.0,-594658757#2,6
360.0,-E0,19
360.0,1068234498#0,23
360.0,1068234499#0,18
360.0,1068440001,9
360.0,1068440004#1,33
360.0,1334904386#0,12
360.0,1334905223#0,2
360.0,182334378#0,10
360.0,186602412#0,4
360.0,196961377#0,26
360.0,238526531#0,24
360.0,244450512#1,2
360.0,244450512#5,3
360.0,288878926#0,8
360.0,300077497#6,4
360.0,30620492#0,18
360.0,30620492#1,5
360.0,484988951#0,5
360.0,49695736#0,5
360.0,506322842#0,7
360.0,506322844#0,5
360.0,506322846#0,1
360.0,506322846#2,4
360.0,506322851#2,3
360.0,506322853#0,19
360.0,51362429#0,17
360.0,51362430,4
360.0,593849711#0,1
360.0,593849711#2,21
360.0,594658757#0,1
360.0,594658760#0,1
360.0,:1973482489_3,1
360.0,:2444664370_0,2
360.0,:3086736518_0,1
360.0,:3086736518_4,2
360.0,:3086736518_6,1
360.0,:655375232_2,3
360.0,:655375232_6,2
360.0,:655375232_8,1
360.0,:655375233_0,2
360.0,:655375233_4,1
360.0,:655375233_8,7
360.0,:cluster11510670762_4554226152_0,2
360.0,:cluster655375228_655375240_0,1
360.0,:cluster655375336_end_0_655375336_end_1_655375336_end_10_655375336_end_11_#8more_12,2
360.0,:cluster655375336_end_0_655375336_end_1_655375336_end_10_655375336_end_11_#8more_40,1
360.0,:cluster_5372642442_631668976_631668981_631669076_45,2
380.0,-1334905223#2,1
380.0,-300077497#5,13
380.0,-300077497#8,1
380.0,-35274074#2,12
380.0,-51362429#1,3
380.0,-51362430,19
380.0,-593847701,1
380.0,-593847703#3,33
380.0,-594658757#2,8
380.0,-E0,19
380.0,1068234498#0,25
380.0,1068234499#0,15
380.0,1068440001,9
380.0,1068440004#1,33
380.0,1334904386#0,2
380.0,182334378#0,16
380.0,186602412#0,1
380.0,196961377#0,26
380.0,238526531#0,20
380.0,244450512#1,2
380.0,244450512#5,3
380.0,288878926#0,8
380.0,300077497#0,5
380.0,300077497#6,4
380.0,303647015#0,11
380.0,30620492#0,18
380.0,30620492#1,5
380.0,484988951#0,5
380.0,49073226#2,1
380.0,49073272#4,5
380.0,506322840#0,1
380.0,506322842#0,6
380.0,506322844#0,2
380.0,506322846#2,2
380.0,506322848#0,1
380.0,506322851#2,3
380.0,506322853#0,19
380.0,51362429#0,17
380.0,51362430,4
380.0,593849711#2,17
380.0,594658760#0,1
380.0,:2444664370_0,1
380.0,:3086736518_0,1
380.0,:3086736518_4,2
380.0,:3086736518_6,1
380.0,:655375232_2,3
380.0,:655375232_6,2
380.0,:655375232_8,1
380.0,:655375233_0,2
380.0,:655375233_4,1
380.0,:655375233_8,7
380.0,:655375239_6,1
380.0,:655375241_0,1
380.0,:cluster11510670762_4554226152_0,2
380.0,:cluster_2038168688_655375573_30,1
380.0,:cluster_2528018119_655375236_12,1
380.0,:cluster_2528018119_655375236_29,2
400.0,-300077497#5,15
400.0,-35274074#2,12
400.0,-360018417,2
400.0,-51362430,19
400.0,-593847701,1
400.0,-593847703#3,34
400.0,-594658757#2,2
400.0,-E0,19
400.0,1068234498#0,26
400.0,1068234499#0,8
400.0,1068440001,9
400.0,1068440004#1,33
400.0,1334904386#0,4
400.0,182334378#0,14
400.0,196961377#0,23
400.0,238526531#0,20
400.0,244450512#1,2
400.0,244450512#5,3
400.0,263217604#0,2
400.0,288878926#0,9
400.0,300077497#0,8
400.0,303647015#0,4
400.0,30620492#0,18
400.0,30620492#1,5
400.0,35274074#0,4
400.0,484988951#0,5
400.0,49073226#2,3
400.0,49073272#4,1
400.0,506322842#0,6
400.0,506322844#0,7
400.0,506322846#2,2
400.0,506322851#2,3
400.0,506322853#0,16
400.0,51362429#0,17
400.0,51362430,4
400.0,593849711#2,22
400.0,594658760#0,1
400.0,668037874,2
400.0,:3086736518_0,1
400.0,:3086736518_4,2
400.0,:3086736518_6,1
400.0,:619136999_2,1
400.0,:655375232_2,3
400.0,:655375232_6,2
400.0,:655375232_8,1
400.0,:655375233_0,2
400.0,:655375233_4,1
400.0,:655375233_8,7
400.0,:655375238_0,1
400.0,:655375238_6,1
400.0,:655375239_3,1
400.0,:cluster11510670762_4554226152_0,2
400.0,:cluster3086736522_655375108_655375247_655375401_#1more_11,2
400.0,:cluster_2038168688_655375573_30,1
400.0,:cluster_2528018119_655375236_29,1
420.0,-300077497#5,15
420.0,-35274074#2,12
420.0,-360018417,5
420.0,-51362430,19
420.0,-593847701,1
420.0,-593847703#3,34
420.0,-E0,19
420.0,1068234498#0,24
420.0,1068234499#0,8
420.0,1068440001,6
420.0,1068440004#1,33
420.0,1239087514,1
420.0,1334904386#0,4
420.0,182334378#0,14
420.0,196961377#0,21
420.0,238526531#0,22
420.0,244450512#1,2
420.0,260881642#0,4
420.0,288135626#0,3
420.0,288878926#0,7
420.0,300077497#6,2
420.0,303647015#0,3
420.0,30620492#0,17
420.0,30620492#1,5
420.0,360843888,1
420.0,484988951#0,5
420.0,49073226#2,3
420.0,506322842#0,6
420.0,506322844#0,8
420.0,506322846#0,3
420.0,506322846#2,3
420.0,506322853#0,19
420.0,51362429#0,17
420.0,51362430,6
420.0,593844221#0,1
420.0,593849711#2,22
420.0,594658757#0,1
420.0,594658760#0,1
420.0,:3086736518_0,1
420.0,:3086736518_4,2
420.0,:3086736518_6,1
420.0,:655375232_2,3
420.0,:655375232_6,2
420.0,:655375232_8,1
420.0,:655375233_0,2
420.0,:655375233_4,1
420.0,:655375233_8,7
420.0,:655375238_0,1
420.0,:cluster11510670762_4554226152_0,1
420.0,:cluster619136880_619136881_cluster_4510442270_5296993511_5296993513_619136931_#1more_12,1
420.0,:cluster622618015_622618108_622618112_622618144_#2more_2,1
420.0,:cluster_2038168688_655375573_30,1
420.0,:cluster_2038168688_655375573_6,2
420.0,:cluster_2664674491_655375287_655375288_5,1
420.0,:cluster_3208478133_655375293_655375296_9631728504_#1more_8,3
420.0,:cluster_5372642442_631668976_631668981_631669076_22,1
420.0,:cluster_5372642442_631668976_631668981_631669076_26,1
420.0,:cluster_5372642442_631668976_631668981_631669076_45,1
420.0,:cluster_9383263990_9383263991_9383263992_9383263993_13,1
440.0,-300077497#5,14
440.0,-35274074#2,12
440.0,-360018417,5
440.0,-51362430,16
440.0,-593847701,1
440.0,-593847703#3,35
440.0,-593847704#2,4
440.0,-E0,19
440.0,1068234498#0,20
440.0,1068234499#0,14
440.0,1068440001,7
440.0,1068440004#1,33
440.0,1334904386#0,4
440.0,182334378#0,12
440.0,186602412#0,2
440.0,196961377#0,22
440.0,238526531#0,28
440.0,244450512#1,2
440.0,260881642#0,3
440.0,288135626#0,1
440.0,300077497#6,4
440.0,30620492#0,18
440.0,30620492#1,5
440.0,360843888,1
440.0,484988951#0,5
440.0,49073226#2,3
440.0,506322842#0,6
440.0,506322844#0,8
440.0,506322846#0,1
440.0,506322846#2,2
440.0,506322853#0,19
440.0,51362429#0,17
440.0,51362430,7
440.0,593849711#2,22
440.0,594658757#0,1
440.0,594658760#0,1
440.0,:3086736518_0,1
440.0,:3086736518_4,2
440.0,:3086736518_6,1
440.0,:655375232_2,3
440.0,:655375232_6,2
440.0,:655375232_8,1
440.0,:655375233_0,2
440.0,:655375233_4,1
440.0,:655375233_8,7
440.0,:cluster11510670762_4554226152_0,1
440.0,:cluster655375336_end_0_655375336_end_1_655375336_end_10_655375336_end_11_#8more_10,1
440.0,:cluster655375336_end_0_655375336_end_1_655375336_end_10_655375336_end_11_#8more_12,1
440.0,:cluster655375336_end_0_655375336_end_1_655375336_end_10_655375336_end_11_#8more_25,2
440.0,:cluster_2038168688_655375573_24,1
440.0,:cluster_2664674491_655375287_655375288_5,1
440.0,:cluster_3208478133_655375293_655375296_9631728504_#1more_8,4
440.0,:cluster_5372642442_631668976_631668981_631669076_26,1
440.0,:cluster_5372642442_631668976_631668981_631669076_45,1
440.0,:cluster_9383263990_9383263991_9383263992_9383263993_13,1
460.0,-300077497#5,15
460.0,-300077497#8,1
460.0,-35274074#2,12
460.0,-360018417,1
460.0,-51362430,13
460.0,-593847701,1
460.0,-593847703#3,35
460.0,-594658757#2,2
460.0,-E0,19
460.0,1068234498#0,23
460.0,1068234499#0,14
460.0,1068440001,6
460.0,1068440004#1,33
460.0,1334904386#0,1
460.0,182334378#0,9
460.0,186602412#0,2
460.0,196961377#0,22
460.0,238526531#0,26
460.0,244450512#1,3
460.0,260881642#0,3
460.0,263217604#0,3
460.0,300077497#0,2
460.0,300077497#6,4
460.0,303647015#0,4
460.0,30620492#0,18
460.0,30620492#1,5
460.0,360843888,1
460.0,484988951#0,5
460.0,49073226#2,3
460.0,49073272#4,3
460.0,49695736#0,2
460.0,506322842#0,6
460.0,506322844#0,3
460.0,506322846#2,2
460.0,506322848#0,3
460.0,506322853#0,19
460.0,51362429#0,16
460.0,51362430,7
460.0,593844221#0,1
460.0,593847703#0,1
460.0,593849711#2,22
460.0,594658757#0,1
460.0,594658760#0,1
460.0,:3086736518_0,1
460.0,:3086736518_4,2
460.0,:3086736518_6,1
460.0,:3208478121_0,1
460.0,:655375232_2,3
460.0,:655375232_6,2
460.0,:655375232_8,1
460.0,:655375233_0,2
460.0,:655375233_4,1
460.0,:655375233_8,7
460.0,:655375238_5,1
460.0,:655375239_5,1
460.0,:cluster11510670762_4554226152_0,1
460.0,:cluster655375336_end_0_655375336_end_1_655375336_end_10_655375336_end_11_#8more_10,1
460.0,:cluster655375336_end_0_655375336_end_1_655375336_end_10_655375336_end_11_#8more_12,1
460.0,:cluster655375336_end_0_655375336_end_1_655375336_end_10_655375336_end_11_#8more_25,2
460.0,:cluster_2038168688_655375573_9,1
460.0,:cluster_2528018119_655375236_12,2
460.0,:cluster_2528018119_655375236_32,1
460.0,:cluster_3208478133_655375293_655375296_9631728504_#1more_8,2
460.0,:cluster_9383263990_9383263991_9383263992_9383263993_7,1
480.0,-1334905223#2,3
480.0,-300077497#5,23
480.0,-35274074#2,12
480.0,-51362429#1,2
480.0,-51362430,7
480.0,-593847703#3,35
480.0,-594658757#2,2
480.0,-E0,19
480.0,1068234498#0,28
480.0,1068234499#0,14
480.0,1068440001,5
480.0,1068440004#1,33
480.0,1068440006#0,2
480.0,1334904386#0,1
480.0,182334378#0,7
480.0,196961377#0,22
480.0,238526531#0,24
480.0,244450512#1,3
480.0,260881642#0,2
480.0,263217604#0,4
480.0,300077497#0,7
480.0,300077497#6,4
480.0,303647015#0,1
480.0,30620492#0,18
480.0,30620492#1,5
480.0,360843888,1
480.0,484988951#0,5
480.0,49073226#2,5
480.0,49695736#0,2
480.0,506322842#0,6
480.0,506322844#0,3
480.0,506322846#2,2
480.0,506322853#0,17
480.0,51362429#0,17
480.0,51362430,5
480.0,593847703#0,1
480.0,593849711#2,16
480.0,594658757#0,1
480.0,594658760#0,1
480.0,668037874,1
480.0,:3086736518_0,2
480.0,:3086736518_4,2
480.0,:3086736518_6,1
480.0,:655375232_2,2
480.0,:655375232_6,4
480.0,:655375233_0,2
480.0,:655375233_4,1
480.0,:655375233_8,7
480.0,:655375238_6,1
480.0,:655375241_0,1
480.0,:656132414_2,1
480.0,:cluster11510670762_4554226152_0,1
480.0,:cluster3086736522_655375108_655375247_655375401_#1more_11,1
480.0,:cluster619136880_619136881_cluster_4510442270_5296993511_5296993513_619136931_#1more_8,1
480.0,:cluster655375336_end_0_655375336_end_1_655375336_end_10_655375336_end_11_#8more_10,1
480.0,:cluster655375336_end_0_655375336_end_1_655375336_end_10_655375336_end_11_#8more_12,1
480.0,:cluster655375336_end_0_655375336_end_1_655375336_end_10_655375336_end_11_#8more_25,3
480.0,:cluster_2528018119_655375236_12,2
480.0,:cluster_2528018119_655375236_20,1
480.0,:cluster_3208478133_655375293_655375296_9631728504_#1more_8,2
480.0,:cluster_3431431575_4777363357_655375231_6982059025_3,1
500.0,-300077497#5,23
500.0,-35274074#2,12
500.0,-360018417,5
500.0,-51362429#1,1
500.0,-51362430,4
500.0,-593847701,1
500.0,-593847703#3,30
500.0,-594658757#2,1
500.0,-E0,19
500.0,1068234498#0,33
500.0,1068234499#0,14
500.0,1068440001,8
500.0,1068440004#1,33
500.0,1239087514,2
500.0,1334904386#0,2
500.0,182334378#0,8
500.0,196961377#0,17
500.0,196961377#3,3
500.0,238526531#0,24
500.0,244450512#1,3
500.0,244450512#4,1
500.0,263217604#0,4
500.0,300077497#0,5
500.0,303647015#0,2
500.0,30620492#0,18
500.0,30620492#1,5
500.0,35274074#0,4
500.0,484988951#0,5
500.0,49073226#2,7
500.0,49073272#4,1
500.0,49695736#0,3
500.0,506322842#0,6
500.0,506322844#0,5
500.0,506322846#2,2
500.0,506322853#0,14
500.0,51362429#0,17
500.0,51362430,5
500.0,593844221#0,1
500.0,593847702#0,1
500.0,593849711#2,17
500.0,594658757#0,1
500.0,594658760#0,1
500.0,:3086736518_0,2
500.0,:3086736518_4,1
500.0,:3086736518_6,1
500.0,:655375232_2,2
500.0,:655375232_6,4
500.0,:655375232_8,1
500.0,:655375233_0,2
500.0,:655375233_2,2
500.0,:655375233_4,3
500.0,:655375233_8,6
500.0,:cluster11510670762_4554226152_0,2
500.0,:cluster619136880_619136881_cluster_4510442270_5296993511_5296993513_619136931_#1more_12,1
500.0,:cluster_2038168688_655375573_23,1
500.0,:cluster_2038168688_655375573_24,1
500.0,:cluster_2038168688_655375573_3,1
500.0,:cluster_2038168688_655375573_6,1
500.0,:cluster_3208478133_655375293_655375296_9631728504_#1more_8,1
520.0,-300077497#5,20
520.0,-35274074#2,10
520.0,-360018417,5
520.0,-51362429#1,1
520.0,-51362430,4
520.0,-593847701,1
520.0,-593847703#3,31
520.0,-594658757#2,3
520.0,-E0,19
520.0,1068234498#0,30
520.0,1068234499#0,16
520.0,1068440001,8
520.0,1068440004#1,33
520.0,1334904386#0,4
520.0,182334378#0,1
520.0,186602412#0,2
520.0,196961377#0,18
520.0,238526531#0,26
520.0,244450512#1,3
520.0,244450512#4,2
520.0,244450512#5,1
520.0,288135626#0,2
520.0,300077497#0,1
520.0,300077497#6,3
520.0,30620492#0,18
520.0,30620492#1,5
520.0,484988951#0,5
520.0,49073226#2,7
520.0,49695736#0,5
520.0,506322842#0,6
520.0,506322844#0,5
520.0,506322846#0,7
520.0,506322846#2,2
520.0,506322853#0,14
520.0,51362429#0,17
520.0,51362430,7
520.0,593847702#0,5
520.0,593849711#0,1
520.0,593849711#2,18
520.0,594658757#0,2
520.0,594658760#0,1
520.0,:1973482489_8,1
520.0,:2444664370_0,1
520.0,:3086736518_0,2
520.0,:3086736518_4,1
520.0,:3086736518_6,1
520.0,:655375232_2,2
520.0,:655375232_6,4
520.0,:655375232_8,1
520.0,:655375233_2,2
520.0,:655375233_4,3
520.0,:655375233_8,2
520.0,:655375238_3,1
520.0,:cluster11510670762_4554226152_0,2
520.0,:cluster655375336_end_0_655375336_end_1_655375336_end_10_655375336_end_11_#8more_12,1
520.0,:cluster655375336_end_0_655375336_end_1_655375336_end_10_655375336_end_11_#8more_40,1
520.0,:cluster_2038168688_655375573_23,1
520.0,:cluster_2528018119_655375236_17,1
520.0,:cluster_2528018119_655375236_19,1
520.0,:cluster_2528018119_655375236_3,1
520.0,:cluster_2664674491_655375287_655375288_1,1
520.0,:cluster_5372642442_631668976_631668981_631669076_22,1
540.0,-300077497#5,19
540.0,-35274074#2,10
540.0,-360018417,5
540.0,-51362429#1,1
540.0,-51362430,4
540.0,-593847701,1
540.0,-593847703#3,33
540.0,-594658757#2,5
540.0,-E0,18
540.0,1068234498#0,30
540.0,1068234499#0,17
540.0,1068440001,8
540.0,1068440004#1,33
540.0,1334904386#0,5
540.0,186602412#0,6
540.0,196961377#0,18
540.0,232003903#0,1
540.0,238526531#0,26
540.0,244450512#1,3
540.0,244450512#5,3
540.0,288135626#0,2
540.0,300077497#6,4
540.0,30620492#0,18
540.0,30620492#1,5
540.0,35274074#0,1
540.0,484988951#0,5
540.0,49073226#2,7
540.0,49695736#0,5
540.0,506322842#0,6
540.0,506322844#0,5
540.0,506322846#0,1
540.0,506322846#2,2
540.0,506322853#0,14
540.0,51362429#0,17
540.0,51362430,7
540.0,593847702#0,5
540.0,593847704#0,2
540.0,593849711#2,18
540.0,594658757#0,2
540.0,594658760#0,1
540.0,:1973482489_3,1
540.0,:2444664370_0,1
540.0,:3086736518_0,2
540.0,:3086736518_4,1
540.0,:3086736518_6,1
540.0,:3208478128_0,1
540.0,:655375232_2,2
540.0,:655375232_6,4
540.0,:655375232_8,1
540.0,:655375233_2,2
540.0,:655375233_4,3
540.0,:655375233_8,2
540.0,:655375238_6,1
540.0,:cluster11510670762_4554226152_0,2
560.0,-1334905223#2,1
560.0,-300077497#5,24
560.0,-300077497#8,1
560.0,-35274074#2,12
560.0,-51362429#1,1
560.0,-51362430,4
560.0,-593847701,1
560.0,-593847703#3,34
560.0,-594658757#2,5
560.0,-E0,18
560.0,1068234498#0,30
560.0,1068234499#0,12
560.0,1068440001,8
560.0,1068440004#1,34
560.0,1068440006#0,2
560.0,182334378#0,2
560.0,182334379#0,1
560.0,196961377#0,18
560.0,238526531#0,23
560.0,244450512#1,3
560.0,244450512#5,3
560.0,263217604#0,1
560.0,300077497#0,5
560.0,300077497#6,4
560.0,303647015#0,5
560.0,30620492#0,18
560.0,30620492#1,5
560.0,35274074#0,2
560.0,484988951#0,3
560.0,49073226#2,6
560.0,49073272#4,4
560.0,506322842#0,2
560.0,506322844#0,2
560.0,506322846#0,3
560.0,506322846#2,2
560.0,506322853#0,14
560.0,51362429#0,11
560.0,51362430,8
560.0,593847703#0,6
560.0,593847704#0,2
560.0,593849711#2,18
560.0,593849718#0,1
560.0,594658757#0,2
560.0,:2444664370_0,2
560.0,:3086736518_0,1
560.0,:3086736518_4,1
560.0,:3086736518_6,1
560.0,:3208478128_0,1
560.0,:655375232_2,3
560.0,:655375232_6,2
560.0,:655375232_8,1
560.0,:655375233_0,1
560.0,:655375233_2,2
560.0,:655375233_4,3
560.0,:655375233_8,2
560.0,:655375239_5,1
560.0,:cluster11510670762_4554226152_0,2
560.0,:cluster_2038168688_655375573_30,1
560.0,:cluster_2528018119_655375236_12,1
560.0,:cluster_2528018119_655375236_29,1
560.0,:cluster_3431431575_4777363357_655375231_6982059025_7,1
560.0,:cluster_623980147_623980152_9,1
580.0,-300077497#5,27
580.0,-300077497#8,1
580.0,-35274074#2,12
580.0,-51362429#1,3
580.0,-51362430,4
580.0,-593847701,1
580.0,-593847703#3,35
580.0,-E0,19
580.0,1068234498#0,36
580.0,1068234499#0,7
580.0,1068440001,8
580.0,1068440004#1,34
580.0,1068440006#0,6
580.0,1239087514,1
580.0,182334379#0,1
580.0,196961377#0,14
580.0,196961377#3,4
580.0,232003903#0,1
580.0,238526531#0,23
580.0,244450512#1,3
580.0,244450512#5,3
580.0,263217604#0,1
580.0,288135626#0,3
580.0,288878926#0,7
580.0,300077497#0,7
580.0,303647015#0,4
580.0,30620492#0,18
580.0,30620492#1,5
580.0,35274074#0,6
580.0,484988951#0,4
580.0,49073226#2,3
580.0,49073264#0,1
580.0,49073272#4,1
580.0,506322842#0,2
580.0,506322844#0,5
580.0,506322846#2,2
580.0,506322853#0,9
580.0,51362429#0,11
580.0,51362430,4
580.0,593847703#0,11
580.0,593847705,1
580.0,593849711#2,14
580.0,593849718#0,1
580.0,594658757#0,1
580.0,:3086736518_4,1
580.0,:3086736518_6,1
580.0,:3208478128_0,1
580.0,:619136999_2,1
580.0,:655375232_6,1
580.0,:655375233_2,2
580.0,:655375233_4,3
580.0,:655375233_8,2
580.0,:655375238_0,1
580.0,:655375239_3,1
580.0,:cluster11510670762_4554226152_0,2
580.0,:cluster3086736522_655375108_655375247_655375401_#1more_11,1
580.0,:cluster619136880_619136881_cluster_4510442270_5296993511_5296993513_619136931_#1more_12,1
580.0,:cluster619136880_619136881_cluster_4510442270_5296993511_5296993513_619136931_#1more_8,1
580.0,:cluster619136899_619136900_cluster_619136929_619136942_6,1
580.0,:cluster655375336_end_0_655375336_end_1_655375336_end_10_655375336_end_11_#8more_21,1
580.0,:cluster_2038168688_655375573_30,1
580.0,:cluster_2528018119_655375236_29,1
580.0,:cluster_3431431575_4777363357_655375231_6982059025_3,1
580.0,:cluster_3431431575_4777363357_655375231_6982059025_7,1
600.0,-300077497#5,27
600.0,-300077497#8,1
600.0,-35274074#2,11
600.0,-360018417,5
600.0,-49073264#1,1
600.0,-51362429#1,5
600.0,-51362430,3
600.0,-593847703#3,32
600.0,-593847704#2,1
600.0,-E0,19
600.0,1068234498#0,35
600.0,1068234499#0,10
600.0,1068440001,6
600.0,1068440004#1,34
600.0,1068440006#0,5
600.0,1239087514,1
600.0,196961377#0,13
600.0,196961377#3,4
600.0,232003903#0,4
600.0,238526531#0,25
600.0,244450512#1,2
600.0,260881642#0,3
600.0,288878926#0,11
600.0,300077497#0,7
600.0,300077497#6,2
600.0,30620492#0,18
600.0,30620492#1,5
600.0,484988951#0,2
600.0,49073226#2,7
600.0,506322842#0,2
600.0,506322844#0,5
600.0,506322846#0,4
600.0,506322846#2,2
600.0,506322853#0,8
600.0,51362429#0,13
600.0,51362430,2
600.0,593844221#0,1
600.0,593847702#0,2
600.0,593847703#0,1
600.0,593847704#0,1
600.0,593847705,1
600.0,593849711#2,15
600.0,594658757#0,2
600.0,:3086736518_6,1
600.0,:655375233_4,1
600.0,:655375233_8,2
600.0,:655375238_3,1
600.0,:cluster11510670762_4554226152_0,1
600.0,:cluster622618015_622618108_622618112_622618144_#2more_2,1
600.0,:cluster622618015_622618108_622618112_622618144_#2more_26,1
600.0,:cluster655375336_end_0_655375336_end_1_655375336_end_10_655375336_end_11_#8more_21,1
600.0,:cluster_2038168688_655375573_30,1
600.0,:cluster_2038168688_655375573_6,2
600.0,:cluster_2528018119_655375236_3,2
600.0,:cluster_3208478133_655375293_655375296_9631728504_#1more_16,1
600.0,:cluster_3208478133_655375293_655375296_9631728504_#1more_8,3
600.0,:cluster_3431431575_4777363357_655375231_6982059025_3,1
600.0,:cluster_3431431575_4777363357_655375231_6982059025_7,1
600.0,:cluster_623980147_623980152_9,1
620.0,-300077497#5,27
620.0,-300077497#8,1
620.0,-35274074#2,12
620.0,-360018417,5
620.0,-49073264#1,1
620.0,-51362430,2
620.0,-593847703#3,32
620.0,-E0,19
620.0,1068234498#0,33
620.0,1068234499#0,10
620.0,1068440001,5
620.0,1068440004#1,24
620.0,1068440006#0,5
620.0,186602412#0,3
620.0,196961377#0,13
620.0,196961377#3,3
620.0,232003903#0,4
620.0,238526531#0,27
620.0,244450512#1,2
620.0,260881642#0,3
620.0,288878926#0,10
620.0,300077497#0,4
620.0,300077497#6,3
620.0,30620492#0,18
620.0,30620492#1,5
620.0,35274074#0,2
620.0,484988951#0,4
620.0,49073226#2,6
620.0,506322842#0,2
620.0,506322844#0,5
620.0,506322846#0,1
620.0,506322846#2,2
620.0,506322853#0,8
620.0,51362429#0,15
620.0,593844221#0,1
620.0,593847702#0,10
620.0,593847704#0,1
620.0,593847705,1
620.0,593849711#2,17
620.0,593849718#0,1
620.0,594658757#0,2
620.0,:3086736518_4,1
620.0,:3086736518_6,1
620.0,:655375233_8,4
620.0,:655375238_6,1
620.0,:cluster11510670762_4554226152_0,1
620.0,:cluster622618015_622618108_622618112_622618144_#2more_49,2
620.0,:cluster655375336_end_0_655375336_end_1_655375336_end_10_655375336_end_11_#8more_21,1
620.0,:cluster_2038168688_655375573_24,1
620.0,:cluster_2038168688_655375573_3,2
620.0,:cluster_2038168688_655375573_6,1
620.0,:cluster_2664674491_655375287_655375288_5,1
620.0,:cluster_3208478133_655375293_655375296_9631728504_#1more_16,1
620.0,:cluster_3208478133_655375293_655375296_9631728504_#1more_8,5
620.0,:cluster_3431431575_4777363357_655375231_6982059025_3,4
620.0,:cluster_5372642442_631668976_631668981_631669076_45,1
640.0,-300077497#5,27
640.0,-300077497#8,4
640.0,-35274074#2,12
640.0,-360018417,1
640.0,-49073264#1,1
640.0,-593847703#3,32
640.0,-E0,19
640.0,1068234498#0,33
640.0,1068234499#0,7
640.0,1068440001,5
640.0,1068440004#1,26
640.0,1068440006#0,5
640.0,186602412#0,3
640.0,196961377#0,13
640.0,196961377#3,1
640.0,232003903#0,4
640.0,238526531#0,26
640.0,244450512#1,2
640.0,260881642#0,2
640.0,288878926#0,10
640.0,300077497#0,1
640.0,300077497#6,3
640.0,30620492#0,18
640.0,30620492#1,5
640.0,35274074#0,5
640.0,484988951#0,3
640.0,49073226#2,11
640.0,49073272#4,3
640.0,49695736#0,4
640.0,506322842#0,2
640.0,506322844#0,3
640.0,506322846#0,3
640.0,506322846#2,3
640.0,506322848#0,3
640.0,506322853#0,8
640.0,51362429#0,16
640.0,593847702#0,7
640.0,593847704#0,1
640.0,593847705,1
640.0,593849711#2,17
640.0,593849718#0,3
640.0,594658757#0,2
640.0,:1973482489_3,1
640.0,:3086736518_4,1
640.0,:3086736518_6,1
640.0,:3208478121_0,1
640.0,:cluster11510670762_4554226152_0,1
640.0,:cluster622618015_622618108_622618112_622618144_#2more_31,6
640.0,:cluster655375336_end_0_655375336_end_1_655375336_end_10_655375336_end_11_#8more_21,1
640.0,:cluster655375336_end_0_655375336_end_1_655375336_end_10_655375336_end_11_#8more_25,1
640.0,:cluster_2528018119_655375236_12,2
640.0,:cluster_2528018119_655375236_20,1
640.0,:cluster_2664674491_655375287_655375288_5,1
640.0,:cluster_3208478133_655375293_655375296_9631728504_#1more_16,1
640.0,:cluster_3208478133_655375293_655375296_9631728504_#1more_8,2
640.0,:cluster_3431431575_4777363357_655375231_6982059025_3,2
640.0,:cluster_3431431575_4777363357_655375231_6982059025_5,1
660.0,-1334905223#2,2
660.0,-300077497#5,27
660.0,-300077497#8,4
660.0,-35274074#2,12
660.0,-593847703#3,32
660.0,-E0,19
660.0,1068234498#0,33
660.0,1068234499#0,7
660.0,1068440004#1,33
660.0,1068440006#0,5
660.0,186602412#0,2
660.0,196961377#0,13
660.0,196961377#3,1
660.0,232003903#0,4
660.0,238526531#0,25
660.0,244450512#1,3
660.0,260881642#0,3
660.0,288878926#0,10
660.0,300077497#0,7
660.0,300077497#6,4
660.0,30620492#0,18
660.0,30620492#1,5
660.0,35274074#0,5
660.0,484988951#0,5
660.0,49073226#2,11
660.0,49073272#4,1
660.0,49695736#0,3
660.0,506322840#0,1
660.0,506322842#0,2
660.0,506322844#0,5
660.0,506322846#2,2
660.0,506322853#0,6
660.0,51362429#0,14
660.0,593844221#0,1
660.0,593847703#0,1
660.0,593849711#2,18
660.0,593849718#0,1
660.0,594658757#0,2
660.0,668037874,1
660.0,:3086736518_0,1
660.0,:3086736518_4,1
660.0,:3086736518_6,1
660.0,:655375232_2,2
660.0,:655375233_0,1
660.0,:cluster619136880_619136881_cluster_4510442270_5296993511_5296993513_619136931_#1more_8,1
660.0,:cluster622618015_622618108_622618112_622618144_#2more_17,1
660.0,:cluster622618015_622618108_622618112_622618144_#2more_39,1
660.0,:cluster655375336_end_0_655375336_end_1_655375336_end_10_655375336_end_11_#8more_21,1
660.0,:cluster655375336_end_0_655375336_end_1_655375336_end_10_655375336_end_11_#8more_25,2
660.0,:cluster_2528018119_655375236_12,2
660.0,:cluster_2528018119_655375236_20,1
660.0,:cluster_3431431575_4777363357_655375231_6982059025_3,2
680.0,-300077497#5,27
680.0,-300077497#8,4
680.0,-35274074#2,12
680.0,-360018417,3
680.0,-51362429#1,1
680.0,-593847703#3,32
680.0,-E0,19
680.0,1068234498#0,35
680.0,1068234499#0,7
680.0,1068440004#1,33
680.0,1068440006#0,4
680.0,182334378#0,1
680.0,182334379#0,1
680.0,196961377#0,7
680.0,196961377#3,7
680.0,238526531#0,25
680.0,244450512#1,3
680.0,288878926#0,10
680.0,300077497#0,7
680.0,30620492#0,18
680.0,30620492#1,5
680.0,35274074#0,8
680.0,484988951#0,3
680.0,49073226#2,11
680.0,49073272#4,2
680.0,49695736#0,3
680.0,506322842#0,2
680.0,506322844#0,5
680.0,506322846#0,1
680.0,506322846#2,2
680.0,506322853#0,2
680.0,51362429#0,13
680.0,51362430,2
680.0,593842812#0,1
680.0,593844216#0,1
680.0,593847703#0,3
680.0,593847705,1
680.0,593849711#2,15
680.0,594658757#0,1
680.0,:3086736518_0,1
680.0,:3086736518_4,1
680.0,:3086736518_6,1
680.0,:655375232_11,1
680.0,:655375232_2,1
680.0,:655375232_6,2
680.0,:cluster619136880_619136881_cluster_4510442270_5296993511_5296993513_619136931_#1more_12,1
680.0,:cluster655375336_end_0_655375336_end_1_655375336_end_10_655375336_end_11_#8more_19,1
680.0,:cluster655375336_end_0_655375336_end_1_655375336_end_10_655375336_end_11_#8more_21,1
680.0,:cluster655375336_end_0_655375336_end_1_655375336_end_10_655375336_end_11_#8more_31,1
680.0,:cluster_2038168688_655375573_23,1
680.0,:cluster_2038168688_655375573_3,1
680.0,:cluster_2038168688_655375573_6,1
680.0,:cluster_2528018119_655375236_3,1
680.0,:cluster_3431431575_4777363357_655375231_6982059025_3,2
680.0,:cluster_3431431575_4777363357_655375231_6982059025_7,1
700.0,-300077497#5,27
700.0,-300077497#8,4
700.0,-35274074#2,12
700.0,-360018417,5
700.0,-51362429#1,4
700.0,-593847703#3,28
700.0,-593847704#2,2
700.0,-E0,20
700.0,1068234498#0,32
700.0,1068234499#0,9
700.0,1068440004#1,34
700.0,1068440006#0,5
700.0,186602412#0,3
700.0,196961377#0,4
700.0,196961377#3,8
700.0,238526531#0,26
700.0,244450512#1,3
700.0,288135626#0,1
700.0,288878926#0,4
700.0,300077497#0,3
700.0,300077497#6,2
700.0,30620492#0,18
700.0,30620492#1,5
700.0,35274074#0,2
700.0,484988951#0,4
700.0,49073226#2,12
700.0,49695736#0,4
700.0,506322842#0,2
700.0,506322844#0,5
700.0,506322846#0,10
700.0,506322846#2,3
700.0,506322853#0,2
700.0,51362429#0,14
700.0,51362430,3
700.0,593844216#0,1
700.0,593847704#0,1
700.0,593847705,1
700.0,593849711#0,1
700.0,593849711#2,13
700.0,594658757#0,1
700.0,:1973482489_3,1
700.0,:3086736518_0,1
700.0,:3086736518_4,1
700.0,:655375232_2,1
700.0,:655375232_8,1
700.0,:655375233_2,1
700.0,:655375233_4,1
700.0,:cluster622618015_622618108_622618112_622618144_#2more_26,1
700.0,:cluster_2038168688_655375573_23,1
700.0,:cluster_3431431575_4777363357_655375231_6982059025_3,2
720.0,-300077497#5,26
720.0,-300077497#8,4
720.0,-35274074#2,12
720.0,-360018417,5
720.0,-51362429#1,8
720.0,-593847703#3,28
720.0,-E0,20
720.0,1068234498#0,34
720.0,1068234499#0,10
720.0,1068440004#1,28
720.0,1068440006#0,5
720.0,186602412#0,5
720.0,196961377#0,4
720.0,196961377#3,5
720.0,238526531#0,26
720.0,244450512#1,3
720.0,288878926#0,2
720.0,300077497#6,2
720.0,30620492#0,17
720.0,30620492#1,5
720.0,484988951#0,3
720.0,49073226#2,12
720.0,49695736#0,4
720.0,506322842#0,2
720.0,506322844#0,5
720.0,506322846#0,9
720.0,506322846#2,2
720.0,506322853#0,2
720.0,51362429#0,15
720.0,51362430,2
720.0,593844216#0,1
720.0,593847702#0,3
720.0,593847704#0,1
720.0,593847705,1
720.0,593849711#0,1
720.0,593849711#2,15
720.0,594658757#0,1
720.0,:1973482489_8,1
720.0,:3086736518_0,1
720.0,:655375232_2,1
720.0,:655375233_8,4
720.0,:cluster622618015_622618108_622618112_622618144_#2more_49,1
720.0,:cluster_2038168688_655375573_23,1
720.0,:cluster_3431431575_4777363357_655375231_6982059025_3,2
720.0,:cluster_3431431575_4777363357_655375231_6982059025_5,1
740.0,-300077497#5,27
740.0,-300077497#8,3
740.0,-35274074#2,11
740.0,-49073264#1,1
740.0,-51362429#1,8
740.0,-593847703#3,29
740.0,-E0,20
740.0,1068234498#0,36
740.0,1068234499#0,7
740.0,1068440004#1,26
740.0,1068440006#0,5
740.0,186602412#0,4
740.0,196961377#0,4
740.0,196961377#3,5
740.0,238526531#0,25
740.0,244450512#1,3
740.0,288878926#0,2
740.0,300077497#0,6
740.0,300077497#6,2
740.0,30620492#0,18
740.0,30620492#1,5
740.0,484988951#0,4
740.0,49073226#2,13
740.0,49073272#1,1
740.0,49073272#4,4
740.0,506322842#0,2
740.0,506322844#0,4
740.0,506322846#0,3
740.0,506322846#2,2
740.0,506322847#0,1
740.0,506322853#0,2
740.0,51362429#0,17
740.0,593844216#0,1
740.0,593847702#0,4
740.0,593847704#0,1
740.0,593847705,1
740.0,593849711#2,15
740.0,593849718#0,2
740.0,594658757#0,1
740.0,:1973482489_3,1
740.0,:3086736518_0,1
740.0,:655375232_2,1
740.0,:655375238_2,1
740.0,:655375239_5,1
740.0,:cluster622618015_622618108_622618112_622618144_#2more_31,4
740.0,:cluster_3431431575_4777363357_655375231_6982059025_3,2
760.0,-300077497#5,27
760.0,-300077497#8,4
760.0,-35274074#2,12
760.0,-506322847#4,1
760.0,-51362429#1,8
760.0,-593847703#3,30
760.0,-E0,19
760.0,1068234498#0,36
760.0,1068234499#0,7
760.0,1068440004#1,32
760.0,1068440006#0,3
760.0,1239087514,1
760.0,186602412#0,2
760.0,196961377#0,2
760.0,196961377#3,9
760.0,238526531#0,24
760.0,244450512#1,3
760.0,288878926#0,2
760.0,300077497#6,1
760.0,30620492#0,18
760.0,30620492#1,5
760.0,35274074#0,3
760.0,484988951#0,4
760.0,49073226#2,13
760.0,49073272#3,1
760.0,506322844#0,5
760.0,506322846#2,3
760.0,51362429#0,15
760.0,593844216#0,1
760.0,593847702#0,3
760.0,593849711#2,15
760.0,593849718#0,1
760.0,594658757#0,1
760.0,:3086736518_0,1
760.0,:3086736518_6,1
760.0,:655375232_2,3
760.0,:655375233_0,1
760.0,:655375238_2,1
760.0,:655375239_3,1
760.0,:cluster_2038168688_655375573_17,1
760.0,:cluster_2038168688_655375573_30,1
760.0,:cluster_3208478133_655375293_655375296_9631728504_#1more_14,1
760.0,:cluster_3431431575_4777363357_655375231_6982059025_3,2
760.0,E1,1
780.0,-300077497#5,27
780.0,-300077497#8,4
780.0,-35274074#2,12
780.0,-51362429#1,8
780.0,-593847703#3,30
780.0,-593847704#2,1
780.0,-E0,19
780.0,1068234498#0,35
780.0,1068234499#0,7
780.0,1068440004#1,32
780.0,182334378#0,1
780.0,196961377#3,10
780.0,232003903#0,3
780.0,238526531#0,24
780.0,244450512#1,2
780.0,260881641,1
780.0,260881642#0,3
780.0,300077497#0,1
780.0,30620492#0,18
780.0,30620492#1,5
780.0,360018417,1
780.0,484988951#0,3
780.0,49073226#2,13
780.0,506322844#0,5
780.0,506322846#0,3
780.0,506322846#2,3
780.0,51362429#0,13
780.0,593842812#2,1
780.0,593847702#0,3
780.0,593847703#0,6
780.0,593849711#2,15
780.0,594658757#0,1
780.0,:1973482489_3,1
780.0,:3086736518_0,2
780.0,:3086736518_6,1
780.0,:655375238_2,1
780.0,:cluster622618015_622618108_622618112_622618144_#2more_2,1
780.0,:cluster622618015_622618108_622618112_622618144_#2more_26,1
780.0,:cluster_2038168688_655375573_30,1
780.0,:cluster_2528018119_655375236_3,1
780.0,:cluster_3431431575_4777363357_655375231_6982059025_3,2
780.0,:cluster_5372642442_631668976_631668981_631669076_26,1
800.0,-300077497#5,27
800.0,-300077497#8,4
800.0,-35274074#2,12
800.0,-51362429#1,9
800.0,-593847703#3,29
800.0,-E0,19
800.0,1068234498#0,33
800.0,1068234499#0,7
800.0,1068440004#1,32
800.0,1068440006#0,1
800.0,186602412#0,2
800.0,196961377#3,5
800.0,232003903#0,3
800.0,238526531#0,26
800.0,244450512#1,2
800.0,260881641,1
800.0,260881642#0,3
800.0,288878926#0,2
800.0,300077497#0,5
800.0,30620492#0,18
800.0,30620492#1,5
800.0,35274074#0,2
800.0,484988951#0,4
800.0,49073226#2,10
800.0,506322844#0,5
800.0,506322846#2,1
800.0,51362429#0,16
800.0,593842812#2,1
800.0,593847702#0,3
800.0,593849711#0,1
800.0,593849711#2,13
800.0,594658757#0,1
800.0,:3086736518_0,2
800.0,:3086736518_6,1
800.0,:655375233_4,1
800.0,:655375238_2,1
800.0,:cluster622618015_622618108_622618112_622618144_#2more_49,2
800.0,:cluster_2038168688_655375573_30,1
800.0,:cluster_2664674491_655375287_655375288_5,1
800.0,:cluster_3431431575_4777363357_655375231_6982059025_3,2
800.0,:cluster_5372642442_631668976_631668981_631669076_45,1
800.0,:cluster_623980147_623980152_9,1
820.0,-300077497#5,27
820.0,-300077497#8,4
820.0,-35274074#2,12
820.0,-51362429#1,7
820.0,-593847703#3,29
820.0,-E0,19
820.0,1068234498#0,33
820.0,1068234499#0,5
820.0,1068440004#1,30
820.0,1068440006#0,1
820.0,186602412#0,1
820.0,196961377#3,3
820.0,232003903#0,3
820.0,238526531#0,25
820.0,244450512#1,2
820.0,260881641,1
820.0,260881642#0,3
820.0,288135626#0,1
820.0,288878926#0,9
820.0,30620492#0,18
820.0,30620492#1,5
820.0,35274074#0,5
820.0,484988951#0,4
820.0,49073226#2,4
820.0,506322844#0,5
820.0,506322846#0,1
820.0,506322848#0,1
820.0,51362429#0,17
820.0,593842812#2,1
820.0,593849711#2,13
820.0,593849718#0,3
820.0,594658757#0,1
820.0,:3086736518_0,2
820.0,:3086736518_6,1
820.0,:655375233_4,2
820.0,:655375233_8,2
820.0,:655375238_2,1
820.0,:cluster_2038168688_655375573_30,1
820.0,:cluster_2528018119_655375236_9,1
820.0,:cluster_3431431575_4777363357_655375231_6982059025_3,3
820.0,:cluster_623980147_623980152_4,1
820.0,:cluster_9383263990_9383263991_9383263992_9383263993_7,1
840.0,-300077497#5,27
840.0,-300077497#8,4
840.0,-35274074#2,12
840.0,-51362429#1,2
840.0,-593847703#3,29
840.0,-E0,19
840.0,1068234498#0,34
840.0,1068234499#0,6
840.0,1068440004#1,25
840.0,1068440006#0,1
840.0,182334378#0,1
840.0,196961377#3,3
840.0,232003903#0,3
840.0,238526531#0,25
840.0,244450512#1,3
840.0,260881641,1
840.0,260881642#0,2
840.0,288878926#0,13
840.0,30620492#0,18
840.0,30620492#1,5
840.0,35274074#0,5
840.0,484988951#0,4
840.0,49073226#2,8
840.0,506322844#0,5
840.0,51362429#0,17
840.0,593842812#2,1
840.0,593849711#2,13
840.0,594658757#0,1
840.0,:3086736518_0,2
840.0,:3086736518_6,1
840.0,:655375233_4,2
840.0,:655375233_8,7
840.0,:655375238_2,1
840.0,:cluster_2038168688_655375573_30,1
840.0,:cluster_3431431575_4777363357_655375231_6982059025_3,1
860.0,-300077497#5,27
860.0,-300077497#8,4
860.0,-35274074#2,12
860.0,-51362429#1,2
860.0,-593847703#3,29
860.0,-E0,19
860.0,1068234498#0,34
860.0,1068234499#0,6
860.0,1068440004#1,25
860.0,1068440006#0,1
860.0,1239087514,1
860.0,196961377#3,3
860.0,238526531#0,25
860.0,244450512#1,3
860.0,244450512#5,1
860.0,288878926#0,13
860.0,30620492#0,18
860.0,30620492#1,5
860.0,35274074#0,1
860.0,484988951#0,4
860.0,49073226#2,8
860.0,506322844#0,5
860.0,51362429#0,17
860.0,51362430,2
860.0,593842812#2,1
860.0,593844216#0,1
860.0,593849711#2,13
860.0,594658757#0,1
860.0,:3086736518_0,2
860.0,:3086736518_6,1
860.0,:655375233_4,2
860.0,:655375233_8,7
860.0,:655375238_2,1
860.0,:cluster_2038168688_655375573_23,1
860.0,:cluster_2038168688_655375573_3,1
860.0,:cluster_2038168688_655375573_30,1
860.0,:cluster_2038168688_655375573_6,2
860.0,:cluster_3431431575_4777363357_655375231_6982059025_3,1
880.0,-300077497#5,27
880.0,-300077497#8,4
880.0,-35274074#2,12
880.0,-51362429#1,2
880.0,-593847703#3,29
880.0,-593847704#2,1
880.0,-E0,19
880.0,1068234498#0,34
880.0,1068234499#0,6
880.0,1068440004#1,25
880.0,1239087514,1
880.0,186602412#0,2
880.0,196961377#3,2
880.0,238526531#0,25
880.0,244450512#1,3
880.0,244450512#5,1
880.0,288878926#0,7
880.0,30620492#0,18
880.0,30620492#1,5
880.0,484988951#0,3
880.0,49073226#2,8
880.0,506322844#0,5
880.0,51362429#0,13
880.0,51362430,1
880.0,593842812#2,1
880.0,593844221#0,1
880.0,593849711#0,1
880.0,593849711#2,13
880.0,594658757#0,1
880.0,:1973482489_3,1
880.0,:3086736518_0,2
880.0,:3086736518_6,1
880.0,:655375232_2,4
880.0,:655375233_0,1
880.0,:655375233_4,2
880.0,:655375233_8,7
880.0,:655375238_2,1
880.0,:cluster622618015_622618108_622618112_622618144_#2more_0,1
880.0,:cluster622618015_622618108_622618112_622618144_#2more_26,1
880.0,:cluster_2038168688_655375573_30,1
880.0,:cluster_2038168688_655375573_6,2
880.0,:cluster_3431431575_4777363357_655375231_6982059025_3,1
880.0,:cluster_3431431575_4777363357_655375231_6982059025_5,1
900.0,-300077497#5,27
900.0,-300077497#8,4
900.0,-35274074#2,12
900.0,-51362429#1,6
900.0,-593847703#3,27
900.0,-E0,19
900.0,1068234498#0,34
900.0,1068234499#0,6
900.0,1068440004#1,25
900.0,238526531#0,25
900.0,244450512#1,3
900.0,244450512#5,1
900.0,288878926#0,5
900.0,30620492#0,18
900.0,30620492#1,5
900.0,484988951#0,5
900.0,49073226#2,8
900.0,506322844#0,5
900.0,51362429#0,14
900.0,593842812#2,1
900.0,593844221#0,1
900.0,593849711#0,1
900.0,593849711#2,9
900.0,594658757#0,1
900.0,:3086736518_0,2
900.0,:3086736518_4,1
900.0,:3086736518_6,1
900.0,:655375232_2,4
900.0,:655375233_0,1
900.0,:655375233_4,3
900.0,:655375233_8,7
900.0,:655375238_2,1
900.0,:cluster_2038168688_655375573_30,1
900.0,:cluster_2038168688_655375573_6,2
900.0,:cluster_3431431575_4777363357_655375231_6982059025_3,1
920.0,-300077497#5,27
920.0,-300077497#8,4
920.0,-35274074#2,12
920.0,-51362429#1,8
920.0,-593847703#3,26
920.0,-E0,19
920.0,1068234498#0,34
920.0,1068234499#0,6
920.0,1068440004#1,25
920.0,238526531#0,25
920.0,244450512#1,3
920.0,244450512#5,1
920.0,288878926#0,5
920.0,30620492#0,18
920.0,30620492#1,5
920.0,484988951#0,3
920.0,49073226#2,8
920.0,506322844#0,5
920.0,51362429#0,17
920.0,593842812#2,1
920.0,593844221#0,1
920.0,593849711#2,9
920.0,594658757#0,1
920.0,:3086736518_0,2
920.0,:3086736518_6,1
920.0,:655375232_2,4
920.0,:655375233_0,1
920.0,:655375233_4,3
920.0,:655375233_8,7
920.0,:655375238_2,1
920.0,:cluster_2038168688_655375573_30,1
920.0,:cluster_2038168688_655375573_6,2
920.0,:cluster_3431431575_4777363357_655375231_6982059025_3,1
920.0,:cluster_3431431575_4777363357_655375231_6982059025_7,1
940.0,-300077497#5,27
940.0,-300077497#8,4
940.0,-35274074#2,12
940.0,-51362429#1,8
940.0,-593847703#3,26
940.0,-E0,19
940.0,1068234498#0,34
940.0,1068234499#0,6
940.0,1068440004#1,25
940.0,238526531#0,25
940.0,244450512#1,3
940.0,244450512#5,1
940.0,288878926#0,5
940.0,30620492#0,18
940.0,30620492#1,5
940.0,484988951#0,4
940.0,49073226#2,9
940.0,506322844#0,5
940.0,51362429#0,17
940.0,593842812#2,1
940.0,593844221#0,1
940.0,593849711#2,9
940.0,594658757#0,1
940.0,:3086736518_0,2
940.0,:3086736518_6,1
940.0,:655375232_2,4
940.0,:655375233_0,1
940.0,:655375233_4,3
940.0,:655375233_8,7
940.0,:655375238_2,1
940.0,:cluster_2038168688_655375573_30,1
940.0,:cluster_2038168688_655375573_6,2
940.0,:cluster_3431431575_4777363357_655375231_6982059025_3,1
960.0,-300077497#5,27
960.0,-300077497#8,4
960.0,-35274074#2,12
960.0,-51362429#1,8
960.0,-593847703#3,26
960.0,-E0,19
960.0,1068234498#0,34
960.0,1068234499#0,6
960.0,1068440004#1,25
960.0,238526531#0,25
960.0,244450512#1,2
960.0,260881642#0,4
960.0,288878926#0,3
960.0,30620492#0,18
960.0,30620492#1,5
960.0,484988951#0,4
960.0,49073226#2,9
960.0,506322844#0,5
960.0,51362429#0,17
960.0,593842812#2,1
960.0,593844221#0,2
960.0,593849711#0,1
960.0,593849711#2,9
960.0,594658757#0,1
960.0,:3086736518_0,2
960.0,:3086736518_6,1
960.0,:655375232_2,4
960.0,:655375233_0,1
960.0,:655375233_4,3
960.0,:655375233_8,7
960.0,:655375238_2,1
960.0,:cluster_2038168688_655375573_30,1
960.0,:cluster_2038168688_655375573_6,2
960.0,:cluster_2664674491_655375287_655375288_5,1
960.0,:cluster_3431431575_4777363357_655375231_6982059025_3,1
980.0,-300077497#5,26
980.0,-300077497#8,4
980.0,-35274074#2,12
980.0,-51362429#1,8
980.0,-593847703#3,26
980.0,-E0,19
980.0,1068234498#0,34
980.0,1068234499#0,6
980.0,1068440004#1,25
980.0,238526531#0,25
980.0,244450512#1,2
980.0,260881642#0,4
980.0,30620492#0,18
980.0,30620492#1,5
980.0,484988951#0,4
980.0,49073226#2,9
980.0,506322844#0,5
980.0,51362429#0,17
980.0,593842812#2,1
980.0,593844221#0,2
980.0,593849711#2,9
980.0,594658757#0,1
980.0,:3086736518_0,2
980.0,:3086736518_6,1
980.0,:655375232_2,4
980.0,:655375233_0,1
980.0,:655375233_4,3
980.0,:655375233_8,7
980.0,:655375238_2,1
980.0,:cluster_2038168688_655375573_30,1
980.0,:cluster_2038168688_655375573_6,2
980.0,:cluster_2528018119_655375236_17,1
980.0,:cluster_3431431575_4777363357_655375231_6982059025_3,1
1000.0,-300077497#5,26
1000.0,-300077497#8,4
1000.0,-35274074#2,12
1000.0,-51362429#1,9
1000.0,-593847703#3,28
1000.0,-E0,19
1000.0,1068234498#0,34
1000.0,1068234499#0,5
1000.0,1068440004#1,25
1000.0,238526531#0,25
1000.0,244450512#1,2
1000.0,260881642#0,3
1000.0,30620492#0,18
1000.0,30620492#1,5
1000.0,484988951#0,4
1000.0,49073226#2,9
1000.0,506322844#0,5
1000.0,51362429#0,17
1000.0,593842812#2,1
1000.0,593844221#0,2
1000.0,593849711#2,8
1000.0,:3086736518_0,2
1000.0,:3086736518_6,1
1000.0,:655375232_2,4
1000.0,:655375233_0,1
1000.0,:655375233_4,3
1000.0,:655375233_8,7
1000.0,:655375238_2,1
1000.0,:cluster_2038168688_655375573_30,1
1000.0,:cluster_2038168688_655375573_6,2
1000.0,:cluster_2664674491_655375287_655375288_5,1
1000.0,:cluster_3431431575_4777363357_655375231_6982059025_3,1
1020.0,-300077497#5,27
1020.0,-300077497#8,4
1020.0,-35274074#2,12
1020.0,-51362429#1,9
1020.0,-593847703#3,26
1020.0,-E0,19
1020.0,1068234498#0,34
1020.0,1068234499#0,5
1020.0,1068440004#1,25
1020.0,238526531#0,25
1020.0,244450512#1,3
1020.0,260881642#0,2
1020.0,30620492#0,18
1020.0,30620492#1,4
1020.0,484988951#0,4
1020.0,49073226#2,9
1020.0,506322844#0,5
1020.0,51362429#0,17
1020.0,593842812#2,1
1020.0,593844221#0,2
1020.0,593849711#2,8
1020.0,:3086736518_0,2
1020.0,:3086736518_6,1
1020.0,:655375232_2,4
1020.0,:655375233_0,1
1020.0,:655375233_4,5
1020.0,:655375233_8,7
1020.0,:655375238_5,1
1020.0,:cluster_2038168688_655375573_30,1
1020.0,:cluster_2038168688_655375573_6,2
1020.0,:cluster_3431431575_4777363357_655375231_6982059025_3,1
1040.0,-300077497#5,27
1040.0,-300077497#8,4
1040.0,-35274074#2,12
1040.0,-51362429#1,7
1040.0,-593847703#3,26
1040.0,-E0,19
1040.0,1068234498#0,34
1040.0,1068234499#0,5
1040.0,1068440004#1,25
1040.0,238526531#0,25
1040.0,244450512#1,3
1040.0,288878926#0,4
1040.0,30620492#0,17
1040.0,30620492#1,5
1040.0,484988951#0,4
1040.0,49073226#2,5
1040.0,506322844#0,5
1040.0,51362429#0,17
1040.0,593842812#2,1
1040.0,593844221#0,2
1040.0,593849711#2,8
1040.0,:3086736518_0,2
1040.0,:3086736518_6,1
1040.0,:655375232_2,4
1040.0,:655375233_0,1
1040.0,:655375233_4,5
1040.0,:655375233_8,7
1040.0,:655375238_5,1
1040.0,:cluster_2038168688_655375573_30,1
1040.0,:cluster_2038168688_655375573_6,2
1040.0,:cluster_3431431575_4777363357_655375231_6982059025_3,2
1040.0,:cluster_623980147_623980152_9,1
1060.0,-300077497#5,26
1060.0,-300077497#8,4
1060.0,-35274074#2,11
1060.0,-51362429#1,1
1060.0,-593847703#3,28
1060.0,-593847704#2,3
1060.0,-E0,18
1060.0,1068234498#0,34
1060.0,1068234499#0,5
1060.0,1068440004#1,25
1060.0,238526531#0,24
1060.0,244450512#1,3
1060.0,288878926#0,4
1060.0,30620492#0,18
1060.0,30620492#1,5
1060.0,484988951#0,4
1060.0,49073226#2,4
1060.0,506322844#0,5
1060.0,51362429#0,17
1060.0,593842812#2,1
1060.0,593844221#0,2
1060.0,593847704#0,1
1060.0,593849711#2,8
1060.0,:3086736518_0,2
1060.0,:3086736518_6,1
1060.0,:655375232_2,4
1060.0,:655375233_0,1
1060.0,:655375233_4,5
1060.0,:655375233_8,7
1060.0,:655375238_5,1
1060.0,:cluster622618015_622618108_622618112_622618144_#2more_0,1
1060.0,:cluster_2038168688_655375573_30,1
1060.0,:cluster_2038168688_655375573_6,2
1060.0,:cluster_3431431575_4777363357_655375231_6982059025_3,2
1060.0,:cluster_623980147_623980152_4,1
1080.0,-300077497#5,25
1080.0,-300077497#8,3
1080.0,-35274074#2,12
1080.0,-593847703#3,30
1080.0,-E0,18
1080.0,1068234498#0,34
1080.0,1068234499#0,5
1080.0,1068440004#1,25
1080.0,238526531#0,24
1080.0,244450512#1,3
1080.0,288878926#0,9
1080.0,30620492#0,18
1080.0,30620492#1,5
1080.0,484988951#0,4
1080.0,49073226#2,1
1080.0,506322844#0,5
1080.0,506322846#0,1
1080.0,51362429#0,17
1080.0,593842812#2,1
1080.0,593847704#0,1
1080.0,593849711#2,8
1080.0,:1973482489_3,1
1080.0,:3086736518_0,2
1080.0,:3086736518_6,1
1080.0,:655375232_2,4
1080.0,:655375233_0,1
1080.0,:655375233_4,5
1080.0,:655375233_8,7
1080.0,:655375238_5,1
1080.0,:cluster655375336_end_0_655375336_end_1_655375336_end_10_655375336_end_11_#8more_30,2
1100.0,-300077497#5,27
1100.0,-300077497#8,4
1100.0,-35274074#2,11
1100.0,-51362429#1,2
1100.0,-593847703#3,32
1100.0,-E0,19
1100.0,1068234498#0,34
1100.0,1068234499#0,3
1100.0,1068440004#1,25
1100.0,238526531#0,24
1100.0,244450512#1,3
1100.0,288878926#0,10
1100.0,30620492#0,18
1100.0,30620492#1,5
1100.0,484988951#0,4
1100.0,506322844#0,5
1100.0,51362429#0,17
1100.0,593842812#2,1
1100.0,593847703#0,1
1100.0,593847704#0,1
1100.0,593849711#2,5
1100.0,:3086736518_0,1
1100.0,:3086736518_6,1
1100.0,:655375232_11,1
1100.0,:655375232_2,1
1100.0,:655375233_0,2
1100.0,:655375233_4,5
1100.0,:655375233_8,7
1100.0,:655375238_2,1
1100.0,:cluster655375336_end_0_655375336_end_1_655375336_end_10_655375336_end_11_#8more_46,1
1120.0,-300077497#5,27
1120.0,-300077497#8,4
1120.0,-35274074#2,11
1120.0,-51362429#1,2
1120.0,-593847703#3,32
1120.0,-E0,19
1120.0,1068234498#0,33
1120.0,1068234499#0,3
1120.0,1068440004#1,25
1120.0,238526531#0,24
1120.0,244450512#1,3
1120.0,288878926#0,10
1120.0,30620492#0,18
1120.0,30620492#1,5
1120.0,484988951#0,4
1120.0,49073226#2,4
1120.0,506322844#0,5
1120.0,51362429#0,17
1120.0,593842812#2,1
1120.0,593847702#0,2
1120.0,593847703#0,1
1120.0,593847704#0,1
1120.0,593849711#2,4
1120.0,593849718#0,1
1120.0,:3086736518_0,1
1120.0,:3086736518_6,1
1120.0,:655375232_2,1
1120.0,:655375233_0,2
1120.0,:655375233_4,1
1120.0,:655375233_8,5
1120.0,:655375238_2,1
1120.0,:655375238_3,1
1120.0,:cluster655375336_end_0_655375336_end_1_655375336_end_10_655375336_end_11_#8more_46,1
1120.0,:cluster_3431431575_4777363357_655375231_6982059025_3,1
1140.0,-300077497#5,27
1140.0,-300077497#8,4
1140.0,-35274074#2,11
1140.0,-593847703#3,32
1140.0,-E0,19
1140.0,1068234498#0,32
1140.0,1068234499#0,3
1140.0,1068440004#1,17
1140.0,238526531#0,24
1140.0,260881642#0,1
1140.0,288878926#0,8
1140.0,300077497#0,2
1140.0,30620492#0,18
1140.0,30620492#1,5
1140.0,484988951#0,4
1140.0,49073226#2,7
1140.0,506322844#0,5
1140.0,51362429#0,17
1140.0,593842812#2,1
1140.0,593847702#0,10
1140.0,593847703#0,1
1140.0,593847704#0,2
1140.0,593849711#0,1
1140.0,593849711#2,4
1140.0,:3086736518_0,1
1140.0,:3086736518_4,1
1140.0,:3086736518_6,1
1140.0,:655375232_2,1
1140.0,:655375233_8,5
1140.0,:655375238_2,1
1140.0,:655375238_3,1
1140.0,:cluster655375336_end_0_655375336_end_1_655375336_end_10_655375336_end_11_#8more_46,1
1140.0,:cluster_5372642442_631668976_631668981_631669076_26,1
1160.0,-300077497#5,25
1160.0,-300077497#8,4
1160.0,-35274074#2,11
1160.0,-593847703#3,34
1160.0,-593847704#2,2
1160.0,-E0,19
1160.0,1068234498#0,32
1160.0,1068234499#0,3
1160.0,1068440004#1,17
1160.0,238526531#0,25
1160.0,288135626#0,1
1160.0,288878926#0,1
1160.0,300077497#0,1
1160.0,30620492#0,18
1160.0,30620492#1,5
1160.0,35274074#0,1
1160.0,484988951#0,4
1160.0,49073226#2,7
1160.0,506322844#0,5
1160.0,51362429#0,17
1160.0,593842812#2,1
1160.0,593847702#0,15
1160.0,593847704#0,2
1160.0,593849711#2,4
1160.0,:3086736518_0,1
1160.0,:3086736518_4,1
1160.0,:3086736518_6,1
1160.0,:655375232_2,1
1160.0,:655375238_2,1
1160.0,:655375238_3,1
1160.0,:cluster655375336_end_0_655375336_end_1_655375336_end_10_655375336_end_11_#8more_46,1
1160.0,:cluster_2038168688_655375573_3,1
1160.0,:cluster_5372642442_631668976_631668981_631669076_22,1
1180.0,-300077497#5,26
1180.0,-300077497#8,3
1180.0,-35274074#2,11
1180.0,-593847703#3,35
1180.0,-E0,19
1180.0,1068234498#0,35
1180.0,1068234499#0,2
1180.0,1068440004#1,17
1180.0,186602412#0,1
1180.0,238526531#0,25
1180.0,288878926#0,1
1180.0,300077497#0,2
1180.0,30620492#0,18
1180.0,30620492#1,5
1180.0,35274074#0,1
1180.0,484988951#0,4
1180.0,49073226#2,7
1180.0,506322844#0,4
1180.0,506322846#0,1
1180.0,51362429#0,14
1180.0,593842812#2,1
1180.0,593847702#0,6
1180.0,593847703#0,2
1180.0,593847704#0,2
1180.0,593849711#2,4
1180.0,593849718#0,2
1180.0,:3086736518_4,1
1180.0,:3086736518_6,1
1180.0,:655375232_2,2
1180.0,:655375233_0,2
1180.0,:655375238_3,1
1180.0,:655375238_5,1
1180.0,:655375239_5,1
1180.0,:cluster622618015_622618108_622618112_622618144_#2more_31,7
1180.0,:cluster655375336_end_0_655375336_end_1_655375336_end_10_655375336_end_11_#8more_46,1
1200.0,-300077497#5,27
1200.0,-300077497#8,4
1200.0,-35274074#2,11
1200.0,-51362429#1,1
1200.0,-593847703#3,35
1200.0,-E0,19
1200.0,1068234498#0,36
1200.0,1068234499#0,2
1200.0,1068440004#1,17
1200.0,186602412#0,1
1200.0,238526531#0,23
1200.0,263217604#0,1
1200.0,288878926#0,1
1200.0,300077497#6,4
1200.0,30620492#0,18
1200.0,30620492#1,5
1200.0,35274074#0,1
1200.0,484988951#0,4
1200.0,49073226#2,7
1200.0,506322844#0,5
1200.0,51362429#0,13
1200.0,593844221#0,1
1200.0,593847703#0,10
1200.0,593849711#2,3
1200.0,:3086736515_0,1
1200.0,:3086736518_0,1
1200.0,:3086736518_4,1
1200.0,:3086736518_6,1
1200.0,:cluster622618015_622618108_622618112_622618144_#2more_37,1
1200.0,:cluster622618015_622618108_622618112_622618144_#2more_39,1
1200.0,:cluster655375336_end_0_655375336_end_1_655375336_end_10_655375336_end_11_#8more_46,1
1200.0,:cluster_2038168688_655375573_8,1
1220.0,-300077497#5,27
1220.0,-300077497#8,4
1220.0,-35274074#2,12
1220.0,-51362429#1,6
1220.0,-593847703#3,30
1220.0,-E0,20
1220.0,1068234498#0,36
1220.0,1068234499#0,1
1220.0,1068440004#1,17
1220.0,238526531#0,23
1220.0,263217604#0,1
1220.0,288878926#0,1
1220.0,300077497#0,2
1220.0,30620492#0,18
1220.0,30620492#1,5
1220.0,360018417,1
1220.0,484988951#0,3
1220.0,49073226#2,7
1220.0,506322844#0,5
1220.0,51362429#0,15
1220.0,593844221#0,1
1220.0,593847703#0,6
1220.0,593849711#0,1
1220.0,:3086736518_0,1
1220.0,:3086736518_4,1
1220.0,:3086736518_6,1
1220.0,:655375232_8,1
1220.0,:655375233_4,3
1220.0,:cluster_2038168688_655375573_23,1
1220.0,:cluster_2528018119_655375236_3,2
1240.0,-300077497#5,24
1240.0,-300077497#8,4
1240.0,-35274074#2,12
1240.0,-51362429#1,10
1240.0,-593847703#3,28
1240.0,-E0,20
1240.0,1068234498#0,32
1240.0,1068234499#0,1
1240.0,1068440004#1,11
1240.0,186602412#0,1
1240.0,196961377#3,1
1240.0,238526531#0,26
1240.0,300077497#0,6
1240.0,30620492#0,18
1240.0,30620492#1,5
1240.0,35274074#0,2
1240.0,484988951#0,4
1240.0,49073226#2,8
1240.0,506322844#0,5
1240.0,51362429#0,16
1240.0,593844221#0,1
1240.0,593847702#0,1
1240.0,594658757#0,1
1240.0,:3086736518_0,1
1240.0,:3086736518_6,1
1240.0,:655375233_4,1
1240.0,:655375233_8,6
1240.0,:655375238_6,1
1240.0,:cluster_2528018119_655375236_17,3
1240.0,:cluster_5372642442_631668976_631668981_631669076_26,1
1260.0,-300077497#5,24
1260.0,-300077497#8,4
1260.0,-35274074#2,12
1260.0,-51362429#1,10
1260.0,-593847703#3,30
1260.0,-E0,20
1260.0,1068234498#0,30
1260.0,1068234499#0,1
1260.0,1068440004#1,10
1260.0,238526531#0,29
1260.0,30620492#0,18
1260.0,30620492#1,5
1260.0,35274074#0,3
1260.0,484988951#0,4
1260.0,49073226#2,8
1260.0,506322844#0,5
1260.0,506322846#0,5
1260.0,51362429#0,17
1260.0,593844221#0,1
1260.0,593847702#0,1
1260.0,594658757#0,1
1260.0,:3086736518_0,1
1260.0,:3086736518_6,1
1260.0,:655375233_4,1
1260.0,:655375233_8,7
1260.0,:cluster_2038168688_655375573_23,1
1260.0,:cluster_2528018119_655375236_17,2
1280.0,-1334905223#2,1
1280.0,-300077497#5,27
1280.0,-300077497#8,4
1280.0,-35274074#2,10
1280.0,-51362429#1,10
1280.0,-593847703#3,30
1280.0,-E0,20
1280.0,1068234498#0,33
1280.0,1068234499#0,1
1280.0,1068440004#1,10
1280.0,186602412#0,4
1280.0,238526531#0,26
1280.0,288878926#0,6
1280.0,30620492#0,18
1280.0,30620492#1,5
1280.0,35274074#0,3
1280.0,484988951#0,4
1280.0,49073226#2,1
1280.0,506322844#0,5
1280.0,51362429#0,15
1280.0,593844221#0,1
1280.0,594658757#0,1
1280.0,:3086736518_6,1
1280.0,:655375232_2,2
1280.0,:655375233_0,1
1280.0,:655375233_4,1
1280.0,:655375233_8,7
1280.0,:655375238_2,1
1280.0,:655375238_3,1
1280.0,:655375239_6,1
1280.0,:655375241_0,2
1280.0,:cluster_2528018119_655375236_17,2
1280.0,:cluster_623980147_623980152_9,1
1300.0,-300077497#5,27
1300.0,-300077497#8,4
1300.0,-35274074#2,11
1300.0,-51362429#1,3
1300.0,-593847703#3,30
1300.0,-E0,20
1300.0,1068234498#0,37
1300.0,1068234499#0,1
1300.0,1068440004#1,10
1300.0,238526531#0,25
1300.0,263217604#0,2
1300.0,288878926#0,9
1300.0,30620492#0,18
1300.0,30620492#1,5
1300.0,35274074#0,3
1300.0,484988951#0,4
1300.0,49073226#2,3
1300.0,506322844#0,7
1300.0,51362429#0,15
1300.0,593844221#0,1
1300.0,594658757#0,1
1300.0,:3086736518_6,1
1300.0,:655375233_0,2
1300.0,:655375233_4,1
1300.0,:655375233_8,7
1300.0,:655375238_2,1
1300.0,:655375238_3,1
1300.0,:cluster_2528018119_655375236_17,2
1300.0,:cluster_3431431575_4777363357_655375231_6982059025_3,2
1300.0,:cluster_623980147_623980152_9,1
1320.0,-300077497#5,27
1320.0,-300077497#8,4
1320.0,-35274074#2,11
1320.0,-593847703#3,27
1320.0,-593847704#2,2
1320.0,-E0,20
1320.0,1068234498#0,37
1320.0,1068234499#0,1
1320.0,1068440004#1,10
1320.0,238526531#0,25
1320.0,288135626#0,1
1320.0,288878926#0,11
1320.0,30620492#0,18
1320.0,30620492#1,5
1320.0,484988951#0,3
1320.0,49073226#2,5
1320.0,506322844#0,7
1320.0,506322846#0,3
1320.0,51362429#0,16
1320.0,593844221#0,1
1320.0,594658757#0,1
1320.0,594658760#0,2
1320.0,:3086736518_4,1
1320.0,:3086736518_6,1
1320.0,:655375232_8,1
1320.0,:655375233_0,2
1320.0,:655375233_4,2
1320.0,:655375233_8,7
1320.0,:655375238_2,1
1320.0,:655375238_3,1
1320.0,:cluster_2528018119_655375236_17,2
1320.0,:cluster_3431431575_4777363357_655375231_6982059025_5,1
1340.0,-300077497#5,25
1340.0,-300077497#8,4
1340.0,-35274074#2,11
1340.0,-51362429#1,1
1340.0,-593847703#3,27
1340.0,-E0,20
1340.0,1068234498#0,37
1340.0,1068234499#0,2
1340.0,1068440004#1,8
1340.0,186602412#0,2
1340.0,238526531#0,25
1340.0,288878926#0,5
1340.0,30620492#0,16
1340.0,30620492#1,5
1340.0,484988951#0,4
1340.0,49073226#2,6
1340.0,506322844#0,8
1340.0,51362429#0,17
1340.0,593844221#0,1
1340.0,593847702#0,4
1340.0,593847704#0,1
1340.0,594658757#0,1
1340.0,594658760#0,2
1340.0,:3086736518_6,1
1340.0,:655375233_0,2
1340.0,:655375233_4,1
1340.0,:655375233_8,5
1340.0,:655375238_2,1
1340.0,:655375238_3,1
1340.0,:cluster_2528018119_655375236_17,1
1340.0,:cluster_3431431575_4777363357_655375231_6982059025_3,1
1360.0,-300077497#5,26
1360.0,-300077497#8,3
1360.0,-35274074#2,11
1360.0,-51362429#1,1
1360.0,-593847703#3,28
1360.0,-E0,20
1360.0,1068234498#0,38
1360.0,1068234499#0,1
1360.0,1068440004#1,8
1360.0,238526531#0,25
1360.0,263217604#0,3
1360.0,288878926#0,5
1360.0,300077497#0,1
1360.0,30620492#0,18
1360.0,30620492#1,5
1360.0,484988951#0,4
1360.0,49073226#2,7
1360.0,506322844#0,5
1360.0,51362429#0,17
1360.0,593844221#0,1
1360.0,593847704#0,1
1360.0,593849718#0,3
1360.0,594658757#0,1
1360.0,:3086736518_6,1
1360.0,:655375233_0,2
1360.0,:655375233_4,1
1360.0,:655375233_8,7
1360.0,:655375238_3,1
1360.0,:655375238_5,1
1360.0,:cluster622618015_622618108_622618112_622618144_#2more_31,1
1380.0,-300077497#5,27
1380.0,-300077497#8,5
1380.0,-35274074#2,10
1380.0,-51362429#1,1
1380.0,-593847703#3,29
1380.0,-E0,20
1380.0,1068234498#0,38
1380.0,1068440004#1,8
1380.0,238526531#0,24
1380.0,263217604#0,3
1380.0,288878926#0,5
1380.0,300077497#6,3
1380.0,30620492#0,18
1380.0,30620492#1,5
1380.0,484988951#0,4
1380.0,49073226#2,7
1380.0,506322844#0,5
1380.0,51362429#0,17
1380.0,593844221#0,1
1380.0,594658757#0,1
1380.0,:3086736518_6,1
1380.0,:655375233_0,2
1380.0,:655375233_4,1
1380.0,:655375233_8,7
1380.0,:cluster622618015_622618108_622618112_622618144_#2more_42,1
1380.0,:cluster_2038168688_655375573_25,1
1400.0,-300077497#5,26
1400.0,-300077497#8,5
1400.0,-35274074#2,12
1400.0,-49073264#1,1
1400.0,-51362429#1,1
1400.0,-593847703#3,29
1400.0,-E0,20
1400.0,1068234498#0,38
1400.0,1068440004#1,8
1400.0,238526531#0,23
1400.0,263217604#0,3
1400.0,288878926#0,5
1400.0,30620492#0,18
1400.0,30620492#1,5
1400.0,484988951#0,4
1400.0,49073226#2,7
1400.0,506322844#0,5
1400.0,51362429#0,17
1400.0,593844221#0,1
1400.0,594658757#0,1
1400.0,:3086736518_6,1
1400.0,:655375233_0,2
1400.0,:655375233_4,1
1400.0,:655375233_8,7
1400.0,:cluster_2528018119_655375236_17,1
1420.0,-300077497#5,23
1420.0,-300077497#8,5
1420.0,-35274074#2,12
1420.0,-49073264#1,1
1420.0,-51362429#1,1
1420.0,-593847703#3,29
1420.0,-593847704#2,3
1420.0,-E0,20
1420.0,1068234498#0,35
1420.0,1068440004#1,8
1420.0,182334378#0,2
1420.0,238526531#0,26
1420.0,244450512#4,1
1420.0,30620492#0,18
1420.0,30620492#1,5
1420.0,484988951#0,4
1420.0,49073226#2,7
1420.0,506322844#0,5
1420.0,51362429#0,17
1420.0,593844221#0,1
1420.0,594658757#0,1
1420.0,594658760#0,2
1420.0,:3086736518_4,1
1420.0,:3086736518_6,1
1420.0,:655375233_0,2
1420.0,:655375233_2,1
1420.0,:655375233_4,1
1420.0,:655375233_8,7
1440.0,-300077497#5,25
1440.0,-300077497#8,1
1440.0,-35274074#2,12
1440.0,-49073264#1,1
1440.0,-51362429#1,3
1440.0,-593847703#3,26
1440.0,-E0,20
1440.0,1068234498#0,34
1440.0,1068440004#1,8
1440.0,182334378#0,2
1440.0,238526531#0,27
1440.0,244450512#5,1
1440.0,30620492#0,18
1440.0,30620492#1,5
1440.0,484988951#0,4
1440.0,49073226#2,7
1440.0,506322844#0,5
1440.0,51362429#0,17
1440.0,593844221#0,1
1440.0,593847702#0,5
1440.0,594658757#0,1
1440.0,594658760#0,2
1440.0,:3086736518_4,1
1440.0,:3086736518_6,1
1440.0,:655375233_0,2
1440.0,:655375233_4,1
1440.0,:655375233_8,3
1440.0,:655375238_5,1
1460.0,-300077497#5,27
1460.0,-300077497#8,4
1460.0,-35274074#2,11
1460.0,-49073264#1,1
1460.0,-51362429#1,3
1460.0,-593847703#3,26
1460.0,-E0,20
1460.0,1068234498#0,34
1460.0,1068440004#1,4
1460.0,182334378#0,2
1460.0,238526531#0,25
1460.0,244450512#5,1
1460.0,263217604#0,1
1460.0,30620492#0,18
1460.0,30620492#1,5
1460.0,484988951#0,4
1460.0,49073226#2,7
1460.0,49073264#0,1
1460.0,506322844#0,4
1460.0,506322848#0,1
1460.0,51362429#0,17
1460.0,593844221#0,1
1460.0,594658757#0,1
1460.0,594658760#0,2
1460.0,:3086736518_4,1
1460.0,:3086736518_6,1
1460.0,:655375233_0,2
1460.0,:655375233_4,1
1460.0,:655375233_8,7
1460.0,:655375238_2,1
1460.0,:655375239_6,1
1460.0,:655375241_0,1
1480.0,-300077497#5,27
1480.0,-300077497#8,4
1480.0,-35274074#2,11
1480.0,-51362429#1,3
1480.0,-593847703#3,26
1480.0,-E0,19
1480.0,1068234498#0,35
1480.0,1068440004#1,4
1480.0,182334378#0,2
1480.0,238526531#0,24
1480.0,244450512#5,1
1480.0,263217604#0,2
1480.0,30620492#0,18
1480.0,30620492#1,5
1480.0,484988951#0,4
1480.0,49073226#2,7
1480.0,506322844#0,5
1480.0,51362429#0,17
1480.0,593844221#0,1
1480.0,593849711#0,1
1480.0,594658757#0,1
1480.0,594658760#0,2
1480.0,:3086736518_4,1
1480.0,:3086736518_6,2
1480.0,:655375233_0,2
1480.0,:655375233_4,1
1480.0,:655375233_8,7
1480.0,:655375238_2,1
1480.0,:655375238_3,1
1500.0,-300077497#5,22
1500.0,-300077497#8,4
1500.0,-35274074#2,11
1500.0,-51362429#1,3
1500.0,-593847703#3,31
1500.0,-E0,19
1500.0,1068234498#0,32
1500.0,1068440004#1,4
1500.0,182334378#0,2
1500.0,238526531#0,25
1500.0,288878926#0,1
1500.0,30620492#0,18
1500.0,30620492#1,5
1500.0,360843888,1
1500.0,484988951#0,4
1500.0,49073226#2,5
1500.0,506322844#0,5
1500.0,51362429#0,17
1500.0,51362430,1
1500.0,594658757#0,1
1500.0,594658760#0,2
1500.0,:3086736518_4,1
1500.0,:3086736518_6,2
1500.0,:655375233_0,2
1500.0,:655375233_4,1
1500.0,:655375233_8,7
1500.0,:655375238_2,1
1500.0,:655375238_3,1
1500.0,:cluster3086736522_655375108_655375247_655375401_#1more_17,1
1500.0,:cluster_5372642442_631668976_631668981_631669076_26,1
1500.0,:cluster_5372642442_631668976_631668981_631669076_45,1
1500.0,:cluster_623980147_623980152_9,1
1520.0,-300077497#5,22
1520.0,-300077497#8,1
1520.0,-35274074#2,11
1520.0,-593847703#3,32
1520.0,-E0,19
1520.0,1068234498#0,31
1520.0,1068440004#1,4
1520.0,182334378#0,2
1520.0,238526531#0,28
1520.0,288878926#0,5
1520.0,30620492#0,18
1520.0,30620492#1,5
1520.0,360843888,2
1520.0,484988951#0,5
1520.0,49073226#2,1
1520.0,506322844#0,5
1520.0,51362429#0,17
1520.0,594658757#0,1
1520.0,594658760#0,2
1520.0,:3086736518_4,1
1520.0,:3086736518_6,2
1520.0,:655375233_0,2
1520.0,:655375233_4,1
1520.0,:655375233_8,7
1520.0,:655375238_3,1
1520.0,:655375238_5,2
1520.0,:cluster_2528018119_655375236_17,1
1520.0,:cluster_623980147_623980152_4,1
1540.0,-300077497#5,25
1540.0,-300077497#8,3
1540.0,-35274074#2,10
1540.0,-51362429#1,1
1540.0,-593847703#3,27
1540.0,-E0,19
1540.0,1068234498#0,31
1540.0,1068440004#1,4
1540.0,182334378#0,2
1540.0,238526531#0,24
1540.0,288878926#0,7
1540.0,300077497#6,2
1540.0,30620492#0,18
1540.0,30620492#1,5
1540.0,360843888,2
1540.0,484988951#0,5
1540.0,49073226#2,2
1540.0,506322844#0,2
1540.0,506322848#0,2
1540.0,51362429#0,17
1540.0,593847702#0,2
1540.0,593847704#0,2
1540.0,594658757#0,1
1540.0,594658760#0,2
1540.0,:3086736518_4,1
1540.0,:655375232_8,1
1540.0,:655375233_0,2
1540.0,:655375233_2,1
1540.0,:655375233_4,1
1540.0,:655375233_8,5
1540.0,:655375239_5,1
1540.0,:cluster_2038168688_655375573_8,1
1540.0,:cluster_3431431575_4777363357_655375231_6982059025_3,1
1540.0,:cluster_9383263990_9383263991_9383263992_9383263993_7,1
1560.0,-300077497#5,27
1560.0,-300077497#8,4
1560.0,-35274074#2,11
1560.0,-593847703#3,27
1560.0,-E0,19
1560.0,1068234498#0,34
1560.0,1068440004#1,4
1560.0,182334378#0,2
1560.0,238526531#0,23
1560.0,288878926#0,11
1560.0,300077497#6,2
1560.0,30620492#0,18
1560.0,30620492#1,5
1560.0,360843888,2
1560.0,484988951#0,5
1560.0,49073226#2,1
1560.0,506322844#0,6
1560.0,51362429#0,17
1560.0,593847702#0,1
1560.0,593849718#0,1
1560.0,594658760#0,2
1560.0,:3086736518_4,1
1560.0,:655375233_0,2
1560.0,:655375233_4,1
1560.0,:655375233_8,5
1560.0,:655375238_2,1
1560.0,:cluster622618015_622618108_622618112_622618144_#2more_39,2
1580.0,-300077497#5,23
1580.0,-300077497#8,4
1580.0,-35274074#2,11
1580.0,-593847703#3,29
1580.0,-E0,17
1580.0,1068234498#0,36
1580.0,1068440004#1,4
1580.0,182334378#0,2
1580.0,238526531#0,22
1580.0,244450512#4,1
1580.0,244450512#5,1
1580.0,288878926#0,11
1580.0,30620492#0,18
1580.0,30620492#1,5
1580.0,484988951#0,5
1580.0,49073226#2,1
1580.0,506322844#0,6
1580.0,51362429#0,17
1580.0,593847702#0,1
1580.0,594658760#0,2
1580.0,:3086736518_4,1
1580.0,:3086736518_6,2
1580.0,:655375233_0,2
1580.0,:655375233_4,1
1580.0,:655375233_8,5
1580.0,:655375238_2,1
1580.0,:655375238_3,1
1580.0,:cluster_2528018119_655375236_17,2
1600.0,-300077497#5,21
1600.0,-300077497#8,4
1600.0,-35274074#2,11
1600.0,-593847703#3,32
1600.0,-E0,18
1600.0,1068234498#0,31
1600.0,1068234499#0,1
1600.0,1068440004#1,4
1600.0,182334378#0,1
1600.0,238526531#0,25
1600.0,244450512#5,2
1600.0,288878926#0,5
1600.0,30620492#0,18
1600.0,30620492#1,5
1600.0,484988951#0,4
1600.0,49073226#2,1
1600.0,506322844#0,6
1600.0,51362429#0,14
1600.0,593847702#0,1
1600.0,593849711#0,2
1600.0,594658760#0,2
1600.0,:3086736518_0,2
1600.0,:3086736518_4,1
1600.0,:3086736518_6,2
1600.0,:655375232_2,2
1600.0,:655375233_0,1
1600.0,:655375233_4,1
1600.0,:655375233_8,5
1600.0,:655375238_2,1
1600.0,:655375238_3,1
1600.0,:cluster655375336_end_0_655375336_end_1_655375336_end_10_655375336_end_11_#8more_39,1
1600.0,:cluster_2528018119_655375236_17,1
1600.0,:cluster_2528018119_655375236_3,1
1600.0,:cluster_5372642442_631668976_631668981_631669076_45,1
1620.0,-300077497#5,24
1620.0,-35274074#2,10
1620.0,-593847703#3,34
1620.0,-E0,19
1620.0,1068234498#0,32
1620.0,1068234499#0,1
1620.0,1068440004#1,4
1620.0,182334378#0,1
1620.0,238526531#0,26
1620.0,244450512#5,2
1620.0,288135626#0,1
1620.0,288878926#0,3
1620.0,300077497#0,1
1620.0,300077497#6,1
1620.0,30620492#0,18
1620.0,30620492#1,5
1620.0,35274074#0,1
1620.0,484988951#0,4
1620.0,49073226#2,1
1620.0,506322844#0,6
1620.0,51362429#0,16
1620.0,593847702#0,1
1620.0,594658760#0,2
1620.0,:3086736518_0,2
1620.0,:3086736518_4,1
1620.0,:3086736518_6,2
1620.0,:655375232_2,2
1620.0,:655375233_0,1
1620.0,:655375233_4,1
1620.0,:655375233_8,5
1620.0,:655375238_2,1
1640.0,-300077497#5,27
1640.0,-300077497#8,4
1640.0,-35274074#2,12
1640.0,-49073264#1,1
1640.0,-51362429#1,1
1640.0,-593847703#3,28
1640.0,-E0,19
1640.0,1068234498#0,34
1640.0,1068440004#1,4
1640.0,182334378#0,1
1640.0,238526531#0,24
1640.0,244450512#5,2
1640.0,263217604#0,2
1640.0,288878926#0,3
1640.0,300077497#0,2
1640.0,300077497#6,1
1640.0,30620492#0,17
1640.0,30620492#1,5
1640.0,35274074#0,2
1640.0,484988951#0,4
1640.0,49073226#2,2
1640.0,506322844#0,4
1640.0,51362429#0,17
1640.0,593847702#0,2
1640.0,593847704#0,1
1640.0,594658760#0,2
1640.0,:3086736518_0,2
1640.0,:3086736518_6,1
1640.0,:655375232_2,2
1640.0,:655375233_0,1
1640.0,:655375233_4,5
1640.0,:655375233_8,3
1640.0,:cluster_3431431575_4777363357_655375231_6982059025_3,2
1660.0,-300077497#5,27
1660.0,-300077497#8,4
1660.0,-35274074#2,10
1660.0,-51362429#1,2
1660.0,-593847703#3,28
1660.0,-E0,19
1660.0,1068234498#0,34
1660.0,1068440004#1,1
1660.0,182334378#0,1
1660.0,238526531#0,24
1660.0,244450512#5,2
1660.0,263217604#0,3
1660.0,288878926#0,3
1660.0,300077497#6,1
1660.0,30620492#0,18
1660.0,30620492#1,5
1660.0,35274074#0,2
1660.0,484988951#0,4
1660.0,49073226#2,5
1660.0,506322844#0,5
1660.0,51362429#0,17
1660.0,593847702#0,2
1660.0,593849718#0,2
1660.0,594658760#0,2
1660.0,:3086736518_0,2
1660.0,:3086736518_4,1
1660.0,:655375232_2,2
1660.0,:655375233_0,1
1660.0,:655375233_4,2
1660.0,:655375233_8,6
1660.0,:655375238_3,1
1680.0,-300077497#5,23
1680.0,-300077497#8,4
1680.0,-35274074#2,2
1680.0,-593847703#3,32
1680.0,-E0,19
1680.0,1068234498#0,35
1680.0,1068440004#1,1
1680.0,182334378#0,1
1680.0,238526531#0,25
1680.0,288135626#0,1
1680.0,288878926#0,1
1680.0,300077497#6,1
1680.0,30620492#0,17
1680.0,30620492#1,5
1680.0,360843888,1
1680.0,484988951#0,4
1680.0,49073226#2,7
1680.0,506322844#0,6
1680.0,506322846#0,2
1680.0,51362429#0,17
1680.0,51362430,2
1680.0,593847702#0,2
1680.0,593849711#0,1
1680.0,594658757#0,1
1680.0,594658760#0,3
1680.0,:3086736518_0,2
1680.0,:3086736518_4,1
1680.0,:655375232_2,2
1680.0,:655375233_0,1
1680.0,:655375233_4,2
1680.0,:655375233_8,6
1680.0,:655375238_3,1
1680.0,:cluster_9383263990_9383263991_9383263992_9383263993_13,1
1700.0,-300077497#5,24
1700.0,-300077497#8,1
1700.0,-593847703#3,33
1700.0,-E0,19
1700.0,1068234498#0,35
1700.0,1068234499#0,1
1700.0,1068440004#1,1
1700.0,182334378#0,1
1700.0,186602412#0,2
1700.0,238526531#0,25
1700.0,300077497#6,4
1700.0,30620492#0,18
1700.0,30620492#1,5
1700.0,360843888,1
1700.0,484988951#0,5
1700.0,49073226#2,7
1700.0,506322844#0,6
1700.0,51362429#0,14
1700.0,51362430,1
1700.0,593847702#0,2
1700.0,593847704#0,1
1700.0,594658757#0,1
1700.0,594658760#0,3
1700.0,:3086736518_0,3
1700.0,:3086736518_4,1
1700.0,:655375232_2,3
1700.0,:655375233_0,2
1700.0,:655375233_4,2
1700.0,:655375233_8,6
1700.0,:655375238_5,1
1700.0,:cluster_9383263990_9383263991_9383263992_9383263993_13,1
1720.0,-300077497#5,26
1720.0,-300077497#8,2
1720.0,-35274074#2,3
1720.0,-593847703#3,33
1720.0,-E0,19
1720.0,1068234498#0,35
1720.0,1068440004#1,2
1720.0,182334378#0,1
1720.0,238526531#0,21
1720.0,263217604#0,1
1720.0,300077497#0,1
1720.0,300077497#6,4
1720.0,30620492#0,18
1720.0,30620492#1,5
1720.0,360843888,1
1720.0,484988951#0,4
1720.0,49073226#2,7
1720.0,506322844#0,2
1720.0,51362429#0,14
1720.0,593847704#0,1
1720.0,593849718#0,2
1720.0,594658757#0,1
1720.0,594658760#0,2
1720.0,:3086736518_0,3
1720.0,:3086736518_4,1
1720.0,:655375232_2,4
1720.0,:655375233_0,2
1720.0,:655375233_4,2
1720.0,:655375233_8,6
1720.0,:655375238_5,1
1720.0,:655375239_5,2
1720.0,:cluster_2038168688_655375573_8,1
1720.0,:cluster_3431431575_4777363357_655375231_6982059025_5,1
1740.0,-300077497#5,27
1740.0,-300077497#8,4
1740.0,-35274074#2,10
1740.0,-51362429#1,3
1740.0,-593847703#3,28
1740.0,-E0,19
1740.0,1068234498#0,37
1740.0,1068440004#1,2
1740.0,182334378#0,1
1740.0,238526531#0,14
1740.0,263217604#0,1
1740.0,288878926#0,3
1740.0,300077497#0,1
1740.0,300077497#6,4
1740.0,30620492#0,18
1740.0,30620492#1,5
1740.0,360843888,1
1740.0,484988951#0,2
1740.0,49073226#2,3
1740.0,506322844#0,5
1740.0,51362429#0,17
1740.0,594658757#0,1
1740.0,594658760#0,1
1740.0,:3086736518_0,3
1740.0,:3086736518_4,1
1740.0,:655375232_2,4
1740.0,:655375232_8,1
1740.0,:655375233_0,2
1740.0,:655375233_4,3
1740.0,:655375233_8,6
1740.0,:cluster622618015_622618108_622618112_622618144_#2more_37,1
1740.0,:cluster_2038168688_655375573_8,1
1740.0,:cluster_3431431575_4777363357_655375231_6982059025_7,2
1740.0,:cluster_623980147_623980152_9,1
1760.0,-300077497#5,25
1760.0,-300077497#8,4
1760.0,-35274074#2,7
1760.0,-593847703#3,28
1760.0,-E0,19
1760.0,1068234498#0,38
1760.0,182334378#0,1
1760.0,238526531#0,13
1760.0,244450512#5,1
1760.0,263217604#0,1
1760.0,288878926#0,10
1760.0,300077497#6,1
1760.0,30620492#0,18
1760.0,30620492#1,5
1760.0,360018417,1
1760.0,484988951#0,4
1760.0,49073226#2,4
1760.0,506322844#0,6
1760.0,51362429#0,17
1760.0,593847702#0,6
1760.0,593847703#0,1
1760.0,594658757#0,1
1760.0,594658760#0,1
1760.0,:3086736518_0,3
1760.0,:3086736518_4,1
1760.0,:655375232_2,4
1760.0,:655375233_0,1
1760.0,:655375233_8,2
1760.0,:655375238_3,1
1760.0,:655375239_3,1
1760.0,:cluster_2528018119_655375236_17,1
1760.0,:cluster_3431431575_4777363357_655375231_6982059025_3,2
1760.0,:cluster_623980147_623980152_4,1
1780.0,-300077497#5,25
1780.0,-300077497#8,4
1780.0,-35274074#2,2
1780.0,-593847703#3,29
1780.0,-E0,19
1780.0,1068234498#0,30
1780.0,182334378#0,1
1780.0,196961377#3,1
1780.0,238526531#0,18
1780.0,244450512#5,1
1780.0,288878926#0,8
1780.0,300077497#0,2
1780.0,300077497#6,4
1780.0,30620492#0,18
1780.0,30620492#1,5
1780.0,484988951#0,4
1780.0,49073226#2,3
1780.0,506322844#0,6
1780.0,51362429#0,17
1780.0,593847702#0,8
1780.0,593849711#0,1
1780.0,594658757#0,1
1780.0,594658760#0,2
1780.0,:3086736518_0,3
1780.0,:3086736518_4,1
1780.0,:655375232_2,4
1780.0,:cluster622618015_622618108_622618112_622618144_#2more_0,1
1780.0,:cluster_5372642442_631668976_631668981_631669076_26,1
1780.0,:cluster_5372642442_631668976_631668981_631669076_45,2
1800.0,-300077497#5,25
1800.0,-300077497#8,2
1800.0,-35274074#2,2
1800.0,-593847703#3,30
1800.0,-E0,19
1800.0,1068234498#0,22
1800.0,1068234499#0,1
1800.0,182334378#0,2
1800.0,238526531#0,25
1800.0,244450512#5,1
1800.0,288135626#0,1
1800.0,288878926#0,9
1800.0,300077497#6,4
1800.0,30620492#0,18
1800.0,30620492#1,5
1800.0,35274074#0,2
1800.0,484988951#0,4
1800.0,506322844#0,6
1800.0,51362429#0,16
1800.0,593847702#0,8
1800.0,594658757#0,1
1800.0,594658760#0,2
1800.0,:3086736518_0,2
1800.0,:3086736518_4,1
1800.0,:655375232_2,4
1800.0,:655375233_0,2
1800.0,:cluster_5372642442_631668976_631668981_631669076_45,2
1820.0,-1334905223#2,1
1820.0,-300077497#5,26
1820.0,-300077497#8,2
1820.0,-35274074#2,8
1820.0,-593847703#3,30
1820.0,-E0,19
1820.0,1068234498#0,25
1820.0,182334378#0,2
1820.0,238526531#0,12
1820.0,244450512#5,1
1820.0,263217604#0,2
1820.0,288878926#0,9
1820.0,300077497#0,2
1820.0,300077497#6,4
1820.0,30620492#0,18
1820.0,30620492#1,5
1820.0,35274074#0,2
1820.0,484988951#0,3
1820.0,49073264#0,1
1820.0,49073272#3,1
1820.0,506322840#0,2
1820.0,506322844#0,4
1820.0,506322848#0,1
1820.0,51362429#0,13
1820.0,593847703#0,11
1820.0,593852345#0,1
1820.0,594658757#0,1
1820.0,594658760#0,2
1820.0,:3086736518_0,1
1820.0,:3086736518_4,1
1820.0,:655375232_2,1
1820.0,:655375233_0,1
1820.0,:655375238_5,1
1820.0,:655375239_5,1
1820.0,:655375241_0,2
1820.0,:cluster_2038168688_655375573_25,1
1820.0,:cluster_2038168688_655375573_9,1
1820.0,:cluster_3431431575_4777363357_655375231_6982059025_5,1
1820.0,:cluster_9383263990_9383263991_9383263992_9383263993_7,1
1840.0,-1334905223#2,1
1840.0,-300077497#5,27
1840.0,-300077497#8,4
1840.0,-35274074#2,11
1840.0,-51362429#1,1
1840.0,-593847703#3,26
1840.0,-E0,19
1840.0,1068234498#0,30
1840.0,182334378#0,2
1840.0,196961215#2,1
1840.0,238526531#0,9
1840.0,244450512#5,1
1840.0,263217604#0,2
1840.0,288878926#0,9
1840.0,300077497#6,2
1840.0,30620492#0,18
1840.0,30620492#1,5
1840.0,35274074#0,2
1840.0,484988951#0,4
1840.0,49073272#3,1
1840.0,506322844#0,6
1840.0,51362429#0,14
1840.0,593847703#0,12
1840.0,594658757#0,1
1840.0,594658760#0,2
1840.0,:3086736518_0,1
1840.0,:3086736518_4,1
1840.0,:655375232_2,1
1840.0,:655375233_4,3
1840.0,:655375238_3,1
1840.0,:655375239_3,1
1840.0,:cluster622618015_622618108_622618112_622618144_#2more_17,1
1860.0,-300077497#5,22
1860.0,-300077497#8,4
1860.0,-35274074#2,3
1860.0,-51362429#1,4
1860.0,-593847703#3,29
1860.0,-E0,19
1860.0,1068234498#0,24
1860.0,182334378#0,2
1860.0,196961215#2,1
1860.0,238526531#0,10
1860.0,288135626#0,3
1860.0,288878926#0,7
1860.0,300077497#0,7
1860.0,300077497#6,2
1860.0,30620492#0,18
1860.0,30620492#1,5
1860.0,360018417,1
1860.0,484988951#0,3
1860.0,506322844#0,6
1860.0,506322846#0,2
1860.0,51362429#0,15
1860.0,51362430,1
1860.0,593847702#0,1
1860.0,593847703#0,3
1860.0,593849711#0,2
1860.0,594658757#0,3
1860.0,594658760#0,2
1860.0,:3086736518_0,1
1860.0,:655375232_2,1
1860.0,:655375238_3,1
1860.0,:cluster_2528018119_655375236_3,2
1860.0,:cluster_3431431575_4777363357_655375231_6982059025_3,2
1860.0,:cluster_3431431575_4777363357_655375231_6982059025_5,1
1860.0,:cluster_5372642442_631668976_631668981_631669076_22,2
1860.0,:cluster_5372642442_631668976_631668981_631669076_26,1
1860.0,:cluster_5372642442_631668976_631668981_631669076_45,1
1860.0,E1,1
1880.0,-300077497#5,23
1880.0,-300077497#8,1
1880.0,-35274074#2,3
1880.0,-593847703#3,30
1880.0,-E0,19
1880.0,1068234498#0,15
1880.0,1068234499#0,6
1880.0,182334378#0,2
1880.0,186602412#0,1
1880.0,196961215#2,1
1880.0,238526531#0,17
1880.0,288878926#0,2
1880.0,300077497#0,8
1880.0,300077497#6,3
1880.0,30620492#0,18
1880.0,30620492#1,5
1880.0,484988951#0,3
1880.0,49073226#2,6
1880.0,506322844#0,6
1880.0,506322846#0,1
1880.0,51362429#0,16
1880.0,593847702#0,1
1880.0,593847704#0,1
1880.0,594658757#0,3
1880.0,594658760#0,2
1880.0,:3086736518_0,1
1880.0,:655375232_2,1
1880.0,:655375238_1,1
1880.0,:655375238_5,1
1880.0,:cluster622618015_622618108_622618112_622618144_#2more_49,1
1880.0,:cluster_2038168688_655375573_23,1
1880.0,:cluster_2038168688_655375573_3,1
1880.0,:cluster_3431431575_4777363357_655375231_6982059025_5,1
1880.0,:cluster_5372642442_631668976_631668981_631669076_26,1
1880.0,:cluster_5372642442_631668976_631668981_631669076_45,2
1900.0,-300077497#5,25
1900.0,-300077497#8,2
1900.0,-35274074#2,6
1900.0,-593847703#3,30
1900.0,-E0,17
1900.0,1068234498#0,10
1900.0,1068234499#0,5
1900.0,182334378#0,2
1900.0,186602412#0,3
1900.0,196961215#2,1
1900.0,238526531#0,15
1900.0,263217604#0,1
1900.0,288878926#0,2
1900.0,300077497#0,6
1900.0,300077497#6,3
1900.0,30620492#0,18
1900.0,30620492#1,5
1900.0,35274074#0,4
1900.0,484988951#0,4
1900.0,49073226#2,6
1900.0,49073272#3,1
1900.0,506322844#0,2
1900.0,506322848#0,3
1900.0,51362429#0,17
1900.0,593847704#0,2
1900.0,594658757#0,3
1900.0,594658760#0,2
1900.0,:3086736518_0,1
1900.0,:3086736518_6,1
1900.0,:655375232_2,1
1900.0,:655375238_1,1
1900.0,:655375238_5,1
1900.0,:655375239_5,1
1900.0,:cluster_2528018119_655375236_12,1
1900.0,:cluster_2528018119_655375236_29,1
1900.0,:cluster_9383263990_9383263991_9383263992_9383263993_7,1
1920.0,-1334905223#2,2
1920.0,-300077497#5,27
1920.0,-300077497#8,4
1920.0,-35274074#2,12
1920.0,-593847703#3,30
1920.0,-E0,19
1920.0,1068234498#0,10
1920.0,196961215#2,1
1920.0,232003903#0,1
1920.0,238526531#0,6
1920.0,263217604#0,1
1920.0,288878926#0,2
1920.0,300077497#0,8
1920.0,300077497#6,3
1920.0,30620492#0,18
1920.0,30620492#1,5
1920.0,35274074#0,9
1920.0,484988951#0,4
1920.0,49073226#2,6
1920.0,49073272#3,1
1920.0,506322844#0,5
1920.0,51362429#0,12
1920.0,593847701,1
1920.0,593847703#0,7
1920.0,593847705,1
1920.0,594658757#0,2
1920.0,594658760#0,1
1920.0,:3086736518_6,1
1920.0,:655375232_2,1
1920.0,:655375233_0,3
1920.0,:655375238_0,1
1920.0,:655375241_0,2
1920.0,:cluster622618015_622618108_622618112_622618144_#2more_39,1
1920.0,:cluster622618015_622618108_622618112_622618144_#2more_42,1
1920.0,:cluster655375336_end_0_655375336_end_1_655375336_end_10_655375336_end_11_#8more_21,1
1940.0,-300077497#5,23
1940.0,-300077497#8,4
1940.0,-35274074#2,11
1940.0,-49073264#1,1
1940.0,-593847703#3,30
1940.0,-E0,20
1940.0,1068234498#0,10
1940.0,196961215#2,1
1940.0,238526531#0,6
1940.0,263217604#0,1
1940.0,288878926#0,2
1940.0,300077497#0,3
1940.0,300077497#6,1
1940.0,30620492#0,18
1940.0,30620492#1,5
1940.0,35274074#0,5
1940.0,360018417,1
1940.0,484988951#0,3
1940.0,49073226#2,6
1940.0,506322844#0,6
1940.0,51362429#0,13
1940.0,51362430,1
1940.0,593847701,1
1940.0,593847703#0,2
1940.0,593847705,1
1940.0,594658757#0,2
1940.0,594658760#0,1
1940.0,:3086736518_6,1
1940.0,:655375232_2,1
1940.0,:655375233_2,1
1940.0,:655375233_4,1
1940.0,:655375238_0,1
1940.0,:655375239_3,1
1940.0,:cluster_2038168688_655375573_23,1
1940.0,:cluster_2038168688_655375573_24,1
1940.0,:cluster_2038168688_655375573_3,1
1940.0,:cluster_2038168688_655375573_6,1
1940.0,:cluster_2528018119_655375236_17,1
1940.0,:cluster_2528018119_655375236_19,1
1940.0,:cluster_2528018119_655375236_3,2
1940.0,E1,1
1960.0,-300077497#5,22
1960.0,-300077497#8,4
1960.0,-35274074#2,8
1960.0,-49073264#1,1
1960.0,-51362429#1,6
1960.0,-593847703#3,24
1960.0,-E0,20
1960.0,1068234498#0,2
1960.0,182334378#0,1
1960.0,186602412#0,2
1960.0,196961215#2,1
1960.0,196961377#3,1
1960.0,238526531#0,12
1960.0,244450512#4,1
1960.0,300077497#0,3
1960.0,300077497#6,3
1960.0,30620492#0,18
1960.0,30620492#1,5
1960.0,35274074#0,2
1960.0,484988951#0,4
1960.0,49073226#2,9
1960.0,506322844#0,6
1960.0,506322846#0,6
1960.0,51362429#0,15
1960.0,593847701,1
1960.0,593847702#0,1
1960.0,593847705,1
1960.0,594658757#0,2
1960.0,594658760#0,1
1960.0,:1973482489_8,1
1960.0,:3086736518_4,1
1960.0,:3086736518_6,1
1960.0,:655375232_2,1
1960.0,:655375238_1,1
1960.0,:cluster655375336_end_0_655375336_end_1_655375336_end_10_655375336_end_11_#8more_6,1
1960.0,:cluster_5372642442_631668976_631668981_631669076_45,2
1980.0,-300077497#5,23
1980.0,-35274074#2,8
1980.0,-49073264#1,1
1980.0,-51362429#1,2
1980.0,-593847703#3,27
1980.0,-E0,20
1980.0,186602412#0,6
1980.0,238526531#0,16
1980.0,244450512#5,1
1980.0,288878926#0,7
1980.0,300077497#0,1
1980.0,300077497#6,3
1980.0,30620492#0,16
1980.0,30620492#1,4
1980.0,35274074#0,1
1980.0,484988951#0,4
1980.0,49073226#2,5
1980.0,506322844#0,6
1980.0,506322846#0,3
1980.0,51362429#0,17
1980.0,51362430,1
1980.0,593847701,1
1980.0,593847702#0,1
1980.0,593847705,1
1980.0,594658757#0,2
1980.0,594658760#0,1
1980.0,:2749340167_0,1
1980.0,:3086736518_4,1
1980.0,:3086736518_6,1
1980.0,:655375232_2,1
1980.0,:655375238_6,1
1980.0,:656132414_3,1
1980.0,:cluster_3431431575_4777363357_655375231_6982059025_3,2
2000.0,-1334905223#2,2
2000.0,-300077497#5,26
2000.0,-300077497#8,3
2000.0,-35274074#2,11
2000.0,-49073264#1,1
2000.0,-593847703#3,27
2000.0,-E0,20
2000.0,186602412#0,2
2000.0,238526531#0,8
2000.0,244450512#5,1
2000.0,263217604#0,3
2000.0,288878926#0,13
2000.0,300077497#6,3
2000.0,30620492#0,17
2000.0,30620492#1,5
2000.0,35274074#0,3
2000.0,484988951#0,5
2000.0,49073226#2,3
2000.0,49073272#3,1
2000.0,506322840#0,1
2000.0,506322844#0,2
2000.0,51362429#0,18
2000.0,593847701,1
2000.0,593847705,1
2000.0,594658757#0,2
2000.0,594658760#0,1
2000.0,:3086736518_4,1
2000.0,:3086736518_6,1
2000.0,:655375232_2,1
2000.0,:655375238_3,1
2000.0,:655375238_5,1
2000.0,:655375239_6,1
2000.0,:655375241_0,1
2020.0,-300077497#5,27
2020.0,-300077497#8,4
2020.0,-35274074#2,10
2020.0,-593847703#3,27
2020.0,-E0,20
2020.0,238526531#0,7
2020.0,244450512#5,1
2020.0,263217604#0,6
2020.0,288878926#0,13
2020.0,300077497#6,1
2020.0,30620492#0,18
2020.0,30620492#1,5
2020.0,35274074#0,3
2020.0,484988951#0,4
2020.0,49073226#2,3
2020.0,49073272#3,1
2020.0,506322844#0,5
2020.0,51362429#0,9
2020.0,593847703#0,6
2020.0,594658757#0,2
2020.0,594658760#0,1
2020.0,:3086736518_0,2
2020.0,:3086736518_4,1
2020.0,:3086736518_6,1
2020.0,:655375232_2,1
2020.0,:655375233_0,4
2020.0,:655375238_3,1
2020.0,:655375239_3,1
2040.0,-300077497#5,26
2040.0,-300077497#8,4
2040.0,-35274074#2,3
2040.0,-593847703#3,28
2040.0,-E0,20
2040.0,238526531#0,7
2040.0,288878926#0,11
2040.0,300077497#0,7
2040.0,300077497#6,1
2040.0,30620492#0,18
2040.0,30620492#1,5
2040.0,360018417,1
2040.0,360843888,1
2040.0,484988951#0,4
2040.0,49073226#2,3
2040.0,506322844#0,5
2040.0,506322846#0,3
2040.0,51362429#0,10
2040.0,51362430,1
2040.0,593847703#0,2
2040.0,593847705,1
2040.0,593849711#0,1
2040.0,594658757#0,4
2040.0,594658760#0,2
2040.0,:3086736518_4,1
2040.0,:3086736518_6,1
2040.0,:cluster3086736522_655375108_655375247_655375401_#1more_17,2
2040.0,:cluster_2528018119_655375236_3,2
2040.0,E1,1
2060.0,-300077497#5,24
2060.0,-300077497#8,3
2060.0,-35274074#2,3
2060.0,-51362429#1,3
2060.0,-593847703#3,24
2060.0,-E0,20
2060.0,186602412#0,1
2060.0,238526531#0,7
2060.0,288878926#0,5
2060.0,300077497#0,7
2060.0,300077497#6,1
2060.0,30620492#0,18
2060.0,30620492#1,5
2060.0,35274074#0,1
2060.0,360843888,3
2060.0,484988951#0,2
2060.0,49073226#2,6
2060.0,506322844#0,5
2060.0,506322846#0,2
2060.0,51362429#0,12
2060.0,593847705,1
2060.0,594658757#0,4
2060.0,594658760#0,2
2060.0,:3086736518_6,1
2060.0,:655375232_8,1
2060.0,:655375238_6,1
2060.0,:cluster622618015_622618108_622618112_622618144_#2more_49,1
2060.0,:cluster_2528018119_655375236_17,1
2060.0,:cluster_3431431575_4777363357_655375231_6982059025_3,2
2060.0,:cluster_3431431575_4777363357_655375231_6982059025_5,1
2060.0,:cluster_3431431575_4777363357_655375231_6982059025_7,1
2080.0,-300077497#5,25
2080.0,-300077497#8,2
2080.0,-35274074#2,6
2080.0,-51362429#1,4
2080.0,-593847703#3,25
2080.0,-E0,20
2080.0,186602412#0,1
2080.0,238526531#0,3
2080.0,288878926#0,5
2080.0,300077497#0,1
2080.0,300077497#6,1
2080.0,30620492#0,18
2080.0,30620492#1,5
2080.0,35274074#0,5
2080.0,360843888,3
2080.0,484988951#0,4
2080.0,49073226#2,9
2080.0,506322844#0,4
2080.0,506322846#0,1
2080.0,51362429#0,15
2080.0,593847705,1
2080.0,594658757#0,4
2080.0,594658760#0,2
2080.0,:1973482489_8,1
2080.0,:3086736518_6,1
2080.0,:655375238_1,1
2080.0,:655375238_5,1
2080.0,:655375239_5,1
2080.0,:cluster_2038168688_655375573_8,1
2100.0,-300077497#5,27
2100.0,-300077497#8,4
2100.0,-35274074#2,9
2100.0,-51362429#1,4
2100.0,-593847703#3,25
2100.0,-E0,20
2100.0,263217604#0,2
2100.0,288878926#0,5
2100.0,300077497#6,1
2100.0,30620492#0,18
2100.0,30620492#1,5
2100.0,35274074#0,7
2100.0,360843888,3
2100.0,484988951#0,3
2100.0,49073226#2,9
2100.0,506322844#0,5
2100.0,51362429#0,15
2100.0,593847705,1
2100.0,594658757#0,4
2100.0,594658760#0,2
2100.0,:3086736518_6,1
2100.0,:655375238_3,1
2100.0,:cluster_3431431575_4777363357_655375231_6982059025_5,1
2120.0,-300077497#5,26
2120.0,-300077497#8,4
2120.0,-35274074#2,1
2120.0,-51362429#1,4
2120.0,-593847703#3,25
2120.0,-E0,20
2120.0,244450512#4,2
2120.0,244450512#5,1
2120.0,263217604#0,2
2120.0,288878926#0,5
2120.0,300077497#6,1
2120.0,30620492#0,18
2120.0,30620492#1,5
2120.0,35274074#0,3
2120.0,484988951#0,4
2120.0,49073226#2,9
2120.0,506322844#0,5
2120.0,51362429#0,11
2120.0,593847703#0,2
2120.0,593847704#0,1
2120.0,594658757#0,4
2120.0,594658760#0,2
2120.0,:3086736518_0,2
2120.0,:655375232_2,2
2120.0,:655375233_0,3
2120.0,:655375238_3,1
2120.0,:655375239_3,1
2120.0,:cluster_2038168688_655375573_23,1
2120.0,:cluster_2038168688_655375573_24,1
2120.0,:cluster_2038168688_655375573_3,1
2120.0,:cluster_2038168688_655375573_6,1
2120.0,:cluster_2528018119_655375236_17,1
2140.0,-300077497#5,26
2140.0,-300077497#8,4
2140.0,-51362429#1,4
2140.0,-593847703#3,26
2140.0,-E0,20
2140.0,186602412#0,2
2140.0,244450512#4,1
2140.0,244450512#5,3
2140.0,300077497#0,3
2140.0,30620492#0,18
2140.0,30620492#1,5
2140.0,484988951#0,4
2140.0,49073226#2,9
2140.0,506322844#0,5
2140.0,506322846#0,4
2140.0,51362429#0,13
2140.0,593847703#0,3
2140.0,593847704#0,1
2140.0,593849711#0,1
2140.0,594658757#0,4
2140.0,594658760#0,3
2140.0,:1973482489_8,1
2140.0,:3086736518_0,1
2140.0,:cluster_2528018119_655375236_3,2
2160.0,-300077497#5,23
2160.0,-300077497#8,3
2160.0,-51362429#1,7
2160.0,-593847703#3,20
2160.0,-E0,20
2160.0,182334378#0,1
2160.0,186602412#0,3
2160.0,244450512#5,3
2160.0,300077497#0,4
2160.0,30620492#0,18
2160.0,30620492#1,5
2160.0,35274074#0,2
2160.0,484988951#0,4
2160.0,49073226#2,9
2160.0,506322844#0,5
2160.0,506322846#0,1
2160.0,51362429#0,15
2160.0,593847704#0,1
2160.0,594658757#0,4
2160.0,594658760#0,3
2160.0,:3086736518_0,1
2160.0,:3208478128_0,1
2160.0,:655375232_8,1
2160.0,:655375233_4,3
2160.0,:655375238_1,1
2160.0,:cluster655375336_end_0_655375336_end_1_655375336_end_10_655375336_end_11_#8more_6,1
2180.0,-300077497#5,25
2180.0,-300077497#8,1
2180.0,-51362429#1,9
2180.0,-593847703#3,20
2180.0,-E0,20
2180.0,186602412#0,1
2180.0,244450512#5,3
2180.0,30620492#0,18
2180.0,30620492#1,5
2180.0,35274074#0,6
2180.0,484988951#0,4
2180.0,49073226#2,10
2180.0,506322844#0,3
2180.0,51362429#0,16
2180.0,51362430,2
2180.0,593847704#0,1
2180.0,594658757#0,4
2180.0,594658760#0,3
2180.0,:3086736518_0,1
2180.0,:3208478128_0,1
2180.0,:655375233_4,1
2180.0,:655375238_1,1
2180.0,:655375238_5,2
2180.0,:655375239_5,1
2200.0,-300077497#5,27
2200.0,-300077497#8,4
2200.0,-51362429#1,9
2200.0,-593847703#3,20
2200.0,-E0,20
2200.0,244450512#5,3
2200.0,288878926#0,1
2200.0,30620492#0,18
2200.0,30620492#1,5
2200.0,35274074#0,7
2200.0,484988951#0,5
2200.0,49073226#2,8
2200.0,506322844#0,5
2200.0,51362429#0,17
2200.0,593849718#0,1
2200.0,594658757#0,4
2200.0,594658760#0,2
2200.0,:3086736518_0,1
2200.0,:3208478128_0,1
2200.0,:655375233_4,1
2200.0,:cluster655375336_end_0_655375336_end_1_655375336_end_10_655375336_end_11_#8more_18,1
2200.0,:cluster_623980147_623980152_4,1
2220.0,-300077497#5,23
2220.0,-300077497#8,4
2220.0,-51362429#1,6
2220.0,-593847703#3,23
2220.0,-E0,19
2220.0,1068440004#1,1
2220.0,182334378#0,1
2220.0,288878926#0,6
2220.0,30620492#0,18
2220.0,30620492#1,5
2220.0,484988951#0,5
2220.0,49073226#2,5
2220.0,506322844#0,5
2220.0,506322846#0,7
2220.0,51362429#0,12
2220.0,51362430,4
2220.0,593847703#0,1
2220.0,593849711#0,1
2220.0,594658757#0,3
2220.0,594658760#0,1
2220.0,:3086736518_0,2
2220.0,:3086736518_6,1
2220.0,:655375232_2,3
2220.0,:655375233_0,1
2220.0,:655375233_4,1
2240.0,-300077497#5,23
2240.0,-300077497#8,1
2240.0,-51362429#1,4
2240.0,-593847703#3,24
2240.0,-E0,19
2240.0,1068440004#1,2
2240.0,186602412#0,5
2240.0,288878926#0,6
2240.0,300077497#0,3
2240.0,30620492#0,18
2240.0,30620492#1,5
2240.0,484988951#0,3
2240.0,506322844#0,5
2240.0,51362429#0,9
2240.0,51362430,4
2240.0,593847703#0,5
2240.0,594658757#0,3
2240.0,594658760#0,1
2240.0,:1973482489_3,1
2240.0,:3086736518_0,1
2240.0,:3086736518_6,1
2240.0,:655375233_4,1
2240.0,:655375238_5,1
2240.0,:cluster_2528018119_655375236_17,1
2240.0,:cluster_2528018119_655375236_3,1
2240.0,:cluster_3431431575_4777363357_655375231_6982059025_3,2
2240.0,:cluster_3431431575_4777363357_655375231_6982059025_5,1
2260.0,-300077497#5,25
2260.0,-300077497#8,3
2260.0,-51362429#1,2
2260.0,-593847703#3,21
2260.0,-E0,19
2260.0,1068440004#1,2
2260.0,288878926#0,10
2260.0,300077497#0,1
2260.0,30620492#0,18
2260.0,30620492#1,5
2260.0,35274074#0,3
2260.0,484988951#0,3
2260.0,49073226#2,8
2260.0,506322844#0,2
2260.0,51362429#0,11
2260.0,593847703#0,5
2260.0,594658757#0,3
2260.0,594658760#0,1
2260.0,:3086736518_0,1
2260.0,:3086736518_4,1
2260.0,:3086736518_6,1
2260.0,:655375232_8,1
2260.0,:655375233_4,1
2260.0,:655375239_5,1
2280.0,-300077497#5,27
2280.0,-300077497#8,4
2280.0,-51362429#1,5
2280.0,-593847703#3,18
2280.0,-E0,19
2280.0,1068440004#1,1
2280.0,288878926#0,10
2280.0,30620492#0,18
2280.0,30620492#1,4
2280.0,35274074#0,4
2280.0,484988951#0,4
2280.0,49073226#2,10
2280.0,506322844#0,5
2280.0,51362429#0,14
2280.0,593847702#0,1
2280.0,593847703#0,5
2280.0,593847704#0,1
2280.0,594658757#0,2
2280.0,594658760#0,1
2280.0,:3086736518_0,1
2280.0,:3086736518_6,1
2280.0,:655375233_8,1
2300.0,-300077497#5,24
2300.0,-300077497#8,4
2300.0,-51362429#1,5
2300.0,-593847703#3,19
2300.0,-E0,19
2300.0,1068440004#1,1
2300.0,288878926#0,10
2300.0,300077497#0,2
2300.0,30620492#0,17
2300.0,30620492#1,5
2300.0,360018417,1
2300.0,484988951#0,4
2300.0,49073226#2,10
2300.0,506322844#0,5
2300.0,51362429#0,16
2300.0,593847702#0,2
2300.0,593847703#0,1
2300.0,594658757#0,2
2300.0,594658760#0,1
2300.0,:3086736518_0,1
2300.0,:3086736518_6,1
2300.0,:cluster_2038168688_655375573_23,1
2300.0,:cluster_2038168688_655375573_24,1
2300.0,:cluster_2038168688_655375573_3,1
2300.0,:cluster_2038168688_655375573_6,1
2300.0,:cluster_2528018119_655375236_17,1
2300.0,:cluster_2528018119_655375236_19,1
2300.0,:cluster_2528018119_655375236_3,2
2320.0,-300077497#5,21
2320.0,-300077497#8,4
2320.0,-51362429#1,5
2320.0,-593847703#3,23
2320.0,-E0,19
2320.0,1068440004#1,1
2320.0,182334378#0,2
2320.0,186602412#0,2
2320.0,196961377#3,1
2320.0,288878926#0,4
2320.0,300077497#0,3
2320.0,30620492#0,18
2320.0,30620492#1,5
2320.0,35274074#0,1
2320.0,484988951#0,4
2320.0,49073226#2,10
2320.0,506322844#0,5
2320.0,506322846#0,1
2320.0,51362429#0,15
2320.0,593847702#0,2
2320.0,593849711#0,1
2320.0,594658757#0,2
2320.0,594658760#0,1
2320.0,:1973482489_8,1
2320.0,:3086736518_6,1
2320.0,:655375232_2,2
2320.0,:655375233_0,1
2320.0,:655375238_6,1
2340.0,-300077497#5,24
2340.0,-51362429#1,5
2340.0,-593847703#3,23
2340.0,-E0,19
2340.0,1068440004#1,1
2340.0,288878926#0,2
2340.0,300077497#0,2
2340.0,30620492#0,18
2340.0,30620492#1,5
2340.0,484988951#0,4
2340.0,49073226#2,10
2340.0,506322844#0,5
2340.0,506322846#0,2
2340.0,51362429#0,13
2340.0,593847702#0,2
2340.0,593847703#0,6
2340.0,593847704#0,1
2340.0,594658757#0,2
2340.0,594658760#0,1
2340.0,:3086736518_0,1
2340.0,:655375232_2,1
2340.0,:655375238_1,1
2340.0,:655375238_5,1
2340.0,:cluster655375336_end_0_655375336_end_1_655375336_end_10_655375336_end_11_#8more_6,2
2360.0,-300077497#5,27
2360.0,-300077497#8,4
2360.0,-49073264#1,1
2360.0,-51362429#1,5
2360.0,-593847703#3,20
2360.0,-E0,19
2360.0,1068440004#1,1
2360.0,186602412#0,2
2360.0,288878926#0,2
2360.0,30620492#0,18
2360.0,30620492#1,5
2360.0,35274074#0,3
2360.0,484988951#0,4
2360.0,49073226#2,10
2360.0,49073272#3,1
2360.0,506322844#0,4
2360.0,51362429#0,15
2360.0,51362430,2
2360.0,593847703#0,6
2360.0,593847704#0,1
2360.0,594658757#0,2
2360.0,594658760#0,1
2360.0,:3086736518_0,1
2360.0,:3086736518_4,1
2360.0,:655375232_2,1
2360.0,:655375233_4,2
2380.0,-300077497#5,27
2380.0,-300077497#8,4
2380.0,-51362429#1,9
2380.0,-593847703#3,16
2380.0,-E0,19
2380.0,288878926#0,2
2380.0,30620492#0,18
2380.0,30620492#1,5
2380.0,35274074#0,3
2380.0,484988951#0,5
2380.0,49073226#2,10
2380.0,49073272#1,1
2380.0,49073272#3,1
2380.0,506322844#0,5
2380.0,51362429#0,16
2380.0,593847702#0,1
2380.0,593847703#0,6
2380.0,593847704#0,1
2380.0,593849718#0,1
2380.0,594658757#0,2
2380.0,594658760#0,1
2380.0,:3086736518_0,1
2380.0,:655375232_2,1
2380.0,:655375233_4,1
2380.0,:655375233_8,1
2400.0,-300077497#5,24
2400.0,-300077497#8,4
2400.0,-51362429#1,9
2400.0,-593847703#3,17
2400.0,-E0,19
2400.0,300077497#0,6
2400.0,30620492#0,18
2400.0,30620492#1,5
2400.0,360018417,3
2400.0,484988951#0,4
2400.0,49073226#2,10
2400.0,506322844#0,5
2400.0,506322846#0,3
2400.0,51362429#0,17
2400.0,593847702#0,1
2400.0,593849711#0,2
2400.0,594658757#0,2
2400.0,594658760#0,1
2400.0,:3086736518_0,1
2400.0,:655375232_2,1
2400.0,:655375233_4,1
2400.0,:655375233_8,1
2400.0,:cluster_2528018119_655375236_17,1
2400.0,:cluster_2528018119_655375236_31,1
2420.0,-300077497#5,19
2420.0,-300077497#8,1
2420.0,-51362429#1,9
2420.0,-593847703#3,20
2420.0,-E0,18
2420.0,182334378#0,5
2420.0,186602412#0,2
2420.0,300077497#0,2
2420.0,30620492#0,18
2420.0,30620492#1,5
2420.0,484988951#0,4
2420.0,49073226#2,10
2420.0,506322844#0,5
2420.0,506322846#0,1
2420.0,51362429#0,17
2420.0,593847702#0,1
2420.0,593849711#0,1
2420.0,594658757#0,2
2420.0,594658760#0,1
2420.0,:3086736518_0,1
2420.0,:3086736518_6,1
2420.0,:655375232_2,1
2420.0,:655375233_4,1
2420.0,:655375233_8,1
2420.0,:655375238_1,1
2420.0,:655375238_5,1
2420.0,:cluster622618015_622618108_622618112_622618144_#2more_49,2
2420.0,:cluster_2038168688_655375573_23,1
2420.0,:cluster_2038168688_655375573_3,1
2420.0,:cluster_2528018119_655375236_31,1
2440.0,-300077497#5,22
2440.0,-300077497#8,2
2440.0,-51362429#1,8
2440.0,-593847703#3,20
2440.0,-E0,18
2440.0,182334378#0,6
2440.0,186602412#0,2
2440.0,288878926#0,3
2440.0,300077497#0,2
2440.0,30620492#0,18
2440.0,30620492#1,5
2440.0,484988951#0,3
2440.0,49073226#2,7
2440.0,49073272#1,1
2440.0,506322844#0,2
2440.0,51362429#0,13
2440.0,593847705,1
2440.0,594658757#0,2
2440.0,594658760#0,1
2440.0,:3086736518_0,2
2440.0,:3086736518_6,1
2440.0,:655375232_2,2
2440.0,:655375233_0,3
2440.0,:655375233_4,1
2440.0,:655375233_8,1
2440.0,:655375238_1,1
2440.0,:655375239_5,1
2440.0,:cluster_3431431575_4777363357_655375231_6982059025_3,1
2440.0,:cluster_3431431575_4777363357_655375231_6982059025_7,1
2460.0,-300077497#5,27
2460.0,-300077497#8,2
2460.0,-51362429#1,3
2460.0,-593847703#3,18
2460.0,-E0,19
2460.0,182334378#0,4
2460.0,232003903#0,1
2460.0,263217604#0,2
2460.0,288878926#0,9
2460.0,30620492#0,18
2460.0,30620492#1,5
2460.0,35274074#0,3
2460.0,49073226#2,5
2460.0,49073272#3,1
2460.0,506322844#0,3
2460.0,51362429#0,15
2460.0,593847705,1
2460.0,594658757#0,2
2460.0,594658760#0,1
2460.0,:3086736518_0,2
2460.0,:3086736518_4,1
2460.0,:3086736518_6,1
2460.0,:655375232_2,2
2460.0,:655375233_0,3
2460.0,:655375233_2,1
2460.0,:655375233_4,1
2460.0,:655375233_8,1
2460.0,:cluster655375336_end_0_655375336_end_1_655375336_end_10_655375336_end_11_#8more_39,1
2460.0,:cluster_3431431575_4777363357_655375231_6982059025_3,3
2460.0,:cluster_623980147_623980152_9,1
2480.0,-300077497#5,25
2480.0,-300077497#8,2
2480.0,-51362429#1,4
2480.0,-593847703#3,17
2480.0,-E0,19
2480.0,1239087514,1
2480.0,182334378#0,2
2480.0,232003903#0,1
2480.0,263217604#0,2
2480.0,288878926#0,13
2480.0,30620492#0,18
2480.0,30620492#1,4
2480.0,360018417,1
2480.0,49073226#2,6
2480.0,506322844#0,6
2480.0,506322846#0,1
2480.0,51362429#0,15
2480.0,51362430,1
2480.0,593847702#0,3
2480.0,593847703#0,1
2480.0,593847705,1
2480.0,594658757#0,2
2480.0,594658760#0,1
2480.0,:3086736518_0,2
2480.0,:3086736518_6,1
2480.0,:655375232_2,2
2480.0,:cluster655375336_end_0_655375336_end_1_655375336_end_10_655375336_end_11_#8more_39,1
2480.0,:cluster_2038168688_655375573_23,1
2480.0,:cluster_2038168688_655375573_3,1
2480.0,:cluster_2528018119_655375236_3,2
2480.0,:cluster_3431431575_4777363357_655375231_6982059025_3,1
2480.0,:cluster_9383263990_9383263991_9383263992_9383263993_13,1
2500.0,-300077497#5,23
2500.0,-300077497#8,2
2500.0,-51362429#1,4
2500.0,-593847703#3,19
2500.0,-E0,19
2500.0,182334378#0,2
2500.0,186602412#0,3
2500.0,196961377#3,1
2500.0,244450512#4,2
2500.0,288878926#0,7
2500.0,300077497#0,1
2500.0,30620492#0,17
2500.0,30620492#1,5
2500.0,35274074#0,1
2500.0,484988951#0,1
2500.0,49073226#2,8
2500.0,506322844#0,7
2500.0,51362429#0,15
2500.0,593847702#0,3
2500.0,593847705,1
2500.0,593849711#0,1
2500.0,594658757#0,2
2500.0,594658760#0,1
2500.0,:3086736518_0,2
2500.0,:3086736518_6,1
2500.0,:655375232_2,2
2500.0,:655375238_6,1
2500.0,:cluster622618015_622618108_622618112_622618144_#2more_0,1
2500.0,:cluster655375336_end_0_655375336_end_1_655375336_end_10_655375336_end_11_#8more_39,1
2500.0,:cluster_3431431575_4777363357_655375231_6982059025_7,1
2520.0,-300077497#5,25
2520.0,-51362429#1,4
2520.0,-593847703#3,19
2520.0,-E0,19
2520.0,182334378#0,2
2520.0,244450512#5,2
2520.0,288878926#0,5
2520.0,30620492#0,18
2520.0,30620492#1,5
2520.0,35274074#0,1
2520.0,49073226#2,10
2520.0,506322844#0,7
2520.0,506322846#0,2
2520.0,51362429#0,15
2520.0,593847702#0,3
2520.0,593847705,1
2520.0,594658757#0,2
2520.0,:3086736518_0,2
2520.0,:3086736518_6,1
2520.0,:655375232_2,2
2520.0,:cluster655375336_end_0_655375336_end_1_655375336_end_10_655375336_end_11_#8more_39,1
2540.0,-300077497#5,27
2540.0,-300077497#8,3
2540.0,-49073264#1,1
2540.0,-51362429#1,4
2540.0,-593847703#3,19
2540.0,-E0,19
2540.0,1239087514,1
2540.0,186602412#0,1
2540.0,244450512#5,2
2540.0,263217604#0,3
2540.0,288878926#0,5
2540.0,30620492#0,18
2540.0,30620492#1,5
2540.0,35274074#0,1
2540.0,49073226#2,10
2540.0,49073272#3,1
2540.0,506322844#0,2
2540.0,51362429#0,7
2540.0,51362430,1
2540.0,593847703#0,7
2540.0,593852345#0,1
2540.0,594658757#0,2
2540.0,:3086736518_0,2
2540.0,:3086736518_6,1
2540.0,:655375232_2,2
2540.0,:655375233_0,2
2540.0,:655375239_5,1
2540.0,:cluster655375336_end_0_655375336_end_1_655375336_end_10_655375336_end_11_#8more_39,1
2560.0,-300077497#5,27
2560.0,-300077497#8,4
2560.0,-51362429#1,4
2560.0,-593847703#3,19
2560.0,-E0,20
2560.0,196961215#2,1
2560.0,244450512#5,2
2560.0,263217604#0,4
2560.0,288878926#0,5
2560.0,30620492#0,18
2560.0,30620492#1,5
2560.0,35274074#0,1
2560.0,49073226#2,11
2560.0,49073272#3,1
2560.0,506322844#0,6
2560.0,51362429#0,7
2560.0,593847703#0,10
2560.0,594658757#0,2
2560.0,:3086736518_0,1
2560.0,:655375232_2,2
2560.0,:cluster622618015_622618108_622618112_622618144_#2more_39,1
2560.0,:cluster_3431431575_4777363357_655375231_6982059025_7,1
2580.0,-300077497#5,25
2580.0,-300077497#8,4
2580.0,-51362429#1,7
2580.0,-593847703#3,14
2580.0,-E0,20
2580.0,196961215#2,1
2580.0,288878926#0,3
2580.0,300077497#0,7
2580.0,30620492#0,18
2580.0,30620492#1,5
2580.0,360018417,1
2580.0,360843888,1
2580.0,49073226#2,12
2580.0,506322844#0,6
2580.0,506322846#0,1
2580.0,51362429#0,7
2580.0,51362430,2
2580.0,593847702#0,2
2580.0,593847703#0,1
2580.0,593849711#0,1
2580.0,594658757#0,2
2580.0,594658760#0,1
2580.0,:3086736518_0,1
2580.0,:655375232_2,2
2580.0,:cluster3086736522_655375108_655375247_655375401_#1more_17,1
2580.0,:cluster_2528018119_655375236_17,1
2580.0,:cluster_2528018119_655375236_3,2
2600.0,-300077497#5,18
2600.0,-300077497#8,4
2600.0,-51362429#1,7
2600.0,-593847703#3,19
2600.0,-E0,20
2600.0,182334378#0,1
2600.0,196961215#2,1
2600.0,232003903#0,1
2600.0,300077497#0,4
2600.0,30620492#0,18
2600.0,30620492#1,5
2600.0,35274074#0,2
2600.0,360843888,2
2600.0,484988951#0,1
2600.0,49073226#2,13
2600.0,506322844#0,6
2600.0,506322846#0,1
2600.0,51362429#0,7
2600.0,593847702#0,2
2600.0,593849711#0,1
2600.0,594658757#0,2
2600.0,594658760#0,1
2600.0,:3086736518_0,1
2600.0,:655375232_2,2
2600.0,:655375238_6,1
2600.0,:cluster_2038168688_655375573_24,1
2600.0,:cluster_2038168688_655375573_3,1
2600.0,:cluster_2528018119_655375236_31,1
2620.0,-300077497#5,22
2620.0,-300077497#8,2
2620.0,-51362429#1,7
2620.0,-593847703#3,19
2620.0,-E0,19
2620.0,182334378#0,1
2620.0,186602412#0,3
2620.0,196961215#2,1
2620.0,232003903#0,2
2620.0,263217604#0,1
2620.0,300077497#0,3
2620.0,30620492#0,18
2620.0,30620492#1,5
2620.0,35274074#0,1
2620.0,360843888,2
2620.0,484988951#0,1
2620.0,49073226#2,13
2620.0,49073264#0,1
2620.0,506322844#0,2
2620.0,506322846#0,2
2620.0,51362429#0,7
2620.0,594658757#0,2
2620.0,594658760#0,1
2620.0,:3086736518_0,1
2620.0,:3086736518_6,1
2620.0,:655375232_2,2
2620.0,:655375238_1,1
2620.0,:655375238_5,1
2620.0,:655375239_5,1
2620.0,:cluster622618015_622618108_622618112_622618144_#2more_34,1
2640.0,-300077497#5,27
2640.0,-300077497#8,4
2640.0,-49073264#1,1
2640.0,-51362429#1,7
2640.0,-593847703#3,19
2640.0,-E0,19
2640.0,182334378#0,1
2640.0,186602412#0,2
2640.0,196961215#2,1
2640.0,232003903#0,2
2640.0,263217604#0,2
2640.0,300077497#0,2
2640.0,30620492#0,18
2640.0,30620492#1,5
2640.0,35274074#0,2
2640.0,360843888,2
2640.0,484988951#0,1
2640.0,49073226#2,13
2640.0,506322844#0,3
2640.0,51362429#0,1
2640.0,593847703#0,3
2640.0,594658757#0,2
2640.0,594658760#0,1
2640.0,:3086736518_0,1
2640.0,:3086736518_6,1
2640.0,:655375232_2,3
2640.0,:655375233_0,2
2640.0,:655375238_6,1
2640.0,:cluster622618015_622618108_622618112_622618144_#2more_17,1
2660.0,-300077497#5,26
2660.0,-300077497#8,4
2660.0,-51362429#1,7
2660.0,-593847703#3,20
2660.0,-E0,19
2660.0,182334378#0,1
2660.0,196961215#2,1
2660.0,244450512#4,1
2660.0,244450512#5,1
2660.0,263217604#0,2
2660.0,300077497#0,2
2660.0,30620492#0,18
2660.0,30620492#1,5
2660.0,35274074#0,1
2660.0,484988951#0,1
2660.0,49073226#2,13
2660.0,506322844#0,6
2660.0,506322846#0,1
2660.0,51362430,2
2660.0,593847703#0,4
2660.0,594658757#0,2
2660.0,594658760#0,1
2660.0,:3086736518_0,1
2660.0,:3086736518_6,1
2660.0,:655375232_2,1
2660.0,:cluster_2038168688_655375573_23,1
2660.0,:cluster_2038168688_655375573_24,1
2660.0,:cluster_2038168688_655375573_3,1
2660.0,:cluster_2528018119_655375236_3,2
2680.0,-300077497#5,21
2680.0,-300077497#8,4
2680.0,-51362429#1,7
2680.0,-593847703#3,19
2680.0,-E0,19
2680.0,182334378#0,1
2680.0,186602412#0,3
2680.0,244450512#4,1
2680.0,244450512#5,2
2680.0,288878926#0,5
2680.0,300077497#0,5
2680.0,30620492#0,18
2680.0,30620492#1,5
2680.0,35274074#0,2
2680.0,484988951#0,2
2680.0,49073226#2,8
2680.0,506322844#0,6
2680.0,506322846#0,2
2680.0,593847704#0,2
2680.0,593849711#0,1
2680.0,594658757#0,2
2680.0,594658760#0,2
2680.0,:3086736518_0,1
2680.0,:3086736518_6,1
2680.0,:655375232_2,1
2680.0,:655375233_4,1
2680.0,:655375238_1,1
2680.0,:cluster_2528018119_655375236_17,2
2680.0,:cluster_3431431575_4777363357_655375231_6982059025_3,2
2680.0,:cluster_3431431575_4777363357_655375231_6982059025_7,1
2700.0,-300077497#5,23
2700.0,-51362429#1,6
2700.0,-593847703#3,21
2700.0,-E0,19
2700.0,182334378#0,1
2700.0,186602412#0,1
2700.0,244450512#5,3
2700.0,288878926#0,9
2700.0,300077497#0,2
2700.0,30620492#0,18
2700.0,30620492#1,5
2700.0,35274074#0,1
2700.0,49073226#2,7
2700.0,506322844#0,6
2700.0,506322846#0,2
2700.0,593847704#0,2
2700.0,594658757#0,2
2700.0,594658760#0,2
2700.0,:3086736518_0,1
2700.0,:3086736518_6,1
2700.0,:655375232_2,1
2700.0,:655375238_1,1
2700.0,:655375238_5,2
2700.0,:cluster_2038168688_655375573_23,1
2700.0,:cluster_3431431575_4777363357_655375231_6982059025_3,1
2700.0,:cluster_623980147_623980152_9,1
2720.0,-300077497#5,27
2720.0,-300077497#8,4
2720.0,-51362429#1,3
2720.0,-593847703#3,21
2720.0,-E0,19
2720.0,182334378#0,1
2720.0,186602412#0,2
2720.0,244450512#5,3
2720.0,263217604#0,2
2720.0,288878926#0,13
2720.0,30620492#0,18
2720.0,30620492#1,5
2720.0,35274074#0,3
2720.0,49073226#2,8
2720.0,506322844#0,2
2720.0,593847704#0,2
2720.0,594658757#0,2
2720.0,594658760#0,2
2720.0,:3086736518_0,1
2720.0,:3086736518_6,1
2720.0,:655375232_2,1
2720.0,:655375238_1,1
2740.0,-300077497#5,27
2740.0,-300077497#8,4
2740.0,-51362429#1,3
2740.0,-593847703#3,21
2740.0,-E0,19
2740.0,182334378#0,1
2740.0,244450512#5,3
2740.0,263217604#0,3
2740.0,288878926#0,13
2740.0,30620492#0,18
2740.0,30620492#1,5
2740.0,35274074#0,4
2740.0,49073226#2,8
2740.0,49073264#0,1
2740.0,49073272#3,1
2740.0,506322844#0,5
2740.0,593847703#0,1
2740.0,594658757#0,2
2740.0,594658760#0,2
2740.0,:3086736518_6,1
2740.0,:655375233_0,1
2760.0,-300077497#5,26
2760.0,-300077497#8,4
2760.0,-49073264#1,1
2760.0,-51362429#1,3
2760.0,-593847703#3,22
2760.0,-E0,19
2760.0,182334378#0,1
2760.0,288878926#0,11
2760.0,300077497#0,2
2760.0,30620492#0,18
2760.0,30620492#1,5
2760.0,360018417,1
2760.0,360843888,1
2760.0,49073226#2,8
2760.0,506322844#0,5
2760.0,506322846#0,4
2760.0,51362430,3
2760.0,593847704#0,1
2760.0,593849711#0,2
2760.0,594658757#0,2
2760.0,594658760#0,2
2760.0,:cluster3086736522_655375108_655375247_655375401_#1more_17,2
2780.0,-300077497#5,27
2780.0,-300077497#8,3
2780.0,-49073264#1,1
2780.0,-51362429#1,4
2780.0,-593847703#3,17
2780.0,-E0,19
2780.0,182334378#0,1
2780.0,186602412#0,2
2780.0,288878926#0,5
2780.0,30620492#0,18
2780.0,30620492#1,5
2780.0,35274074#0,1
2780.0,360843888,3
2780.0,49073226#2,10
2780.0,506322844#0,5
2780.0,593847704#0,1
2780.0,594658757#0,2
2780.0,594658760#0,2
2780.0,:3086736518_4,1
2780.0,:655375232_8,1
2780.0,:655375233_4,2
2780.0,:655375238_6,1
2780.0,:cluster622618015_622618108_622618112_622618144_#2more_49,1
2780.0,:cluster_3431431575_4777363357_655375231_6982059025_7,1
2800.0,-300077497#5,27
2800.0,-300077497#8,4
2800.0,-49073264#1,1
2800.0,-51362429#1,9
2800.0,-593847703#3,16
2800.0,-E0,19
2800.0,182334378#0,1
2800.0,288878926#0,5
2800.0,30620492#0,16
2800.0,30620492#1,5
2800.0,35274074#0,1
2800.0,360843888,3
2800.0,49073226#2,11
2800.0,506322844#0,5
2800.0,506322846#0,1
2800.0,593847704#0,1
2800.0,594658757#0,2
2800.0,594658760#0,2
2820.0,-300077497#5,27
2820.0,-300077497#8,4
2820.0,-51362429#1,9
2820.0,-593847703#3,16
2820.0,-E0,19
2820.0,182334378#0,2
2820.0,288878926#0,5
2820.0,30620492#0,18
2820.0,30620492#1,5
2820.0,35274074#0,1
2820.0,360843888,3
2820.0,49073226#2,11
2820.0,506322844#0,5
2820.0,594658757#0,2
2820.0,594658760#0,2
2820.0,:cluster622618015_622618108_622618112_622618144_#2more_17,1
2820.0,:cluster622618015_622618108_622618112_622618144_#2more_39,1
2840.0,-300077497#5,25
2840.0,-300077497#8,4
2840.0,-51362429#1,9
2840.0,-593847703#3,19
2840.0,-E0,13
2840.0,182334378#0,2
2840.0,244450512#4,2
2840.0,244450512#5,1
2840.0,288878926#0,5
2840.0,30620492#0,18
2840.0,30620492#1,5
2840.0,49073226#2,11
2840.0,506322844#0,5
2840.0,593847704#0,6
2840.0,594658757#0,2
2840.0,594658760#0,2
2840.0,:cluster_2038168688_655375573_23,1
2860.0,-300077497#5,25
2860.0,-300077497#8,4
2860.0,-51362429#1,9
2860.0,-593847703#3,19
2860.0,-E0,18
2860.0,186602412#0,1
2860.0,244450512#5,3
2860.0,30620492#0,18
2860.0,30620492#1,5
2860.0,49073226#2,11
2860.0,506322844#0,5
2860.0,593847704#0,6
2860.0,594658757#0,2
2860.0,594658760#0,2
2880.0,-300077497#5,27
2880.0,-300077497#8,2
2880.0,-51362429#1,9
2880.0,-593847703#3,18
2880.0,-E0,20
2880.0,244450512#5,3
2880.0,30620492#0,18
2880.0,30620492#1,5
2880.0,49073226#2,11
2880.0,49695736#0,1
2880.0,506322844#0,5
2880.0,593847704#0,6
2880.0,594658757#0,1
2880.0,:655375233_4,1
2880.0,:cluster655375336_end_0_655375336_end_1_655375336_end_10_655375336_end_11_#8more_21,1
2900.0,-300077497#5,27
2900.0,-300077497#8,4
2900.0,-51362429#1,9
2900.0,-593847703#3,19
2900.0,-E0,20
2900.0,244450512#5,3
2900.0,263217604#0,1
2900.0,30620492#0,18
2900.0,30620492#1,5
2900.0,49073226#2,10
2900.0,506322844#0,5
2900.0,593847704#0,6
2900.0,594658757#0,1
2900.0,:655375239_6,1
2900.0,:cluster655375336_end_0_655375336_end_1_655375336_end_10_655375336_end_11_#8more_21,1
2900.0,:cluster_623980147_623980152_9,1
2920.0,-300077497#5,27
2920.0,-300077497#8,4
2920.0,-51362429#1,6
2920.0,-593847703#3,19
2920.0,-E0,20
2920.0,244450512#5,3
2920.0,263217604#0,2
2920.0,288878926#0,7
2920.0,30620492#0,18
2920.0,30620492#1,5
2920.0,49073226#2,5
2920.0,506322844#0,5
2920.0,593849718#0,4
2920.0,594658757#0,1
2920.0,:cluster622618015_622618108_622618112_622618144_#2more_39,2
2920.0,:cluster655375336_end_0_655375336_end_1_655375336_end_10_655375336_end_11_#8more_21,1
2920.0,:cluster_3431431575_4777363357_655375231_6982059025_3,1
2920.0,:cluster_623980147_623980152_4,1
2940.0,-300077497#5,27
2940.0,-300077497#8,4
2940.0,-593847703#3,19
2940.0,-E0,14
2940.0,288878926#0,11
2940.0,30620492#0,18
2940.0,30620492#1,5
2940.0,360843888,1
2940.0,49073226#2,6
2940.0,506322844#0,5
2940.0,51362430,3
2940.0,593847704#0,4
2940.0,593849711#0,1
2940.0,594658757#0,1
2940.0,594658760#0,1
2940.0,:cluster655375336_end_0_655375336_end_1_655375336_end_10_655375336_end_11_#8more_21,1
2940.0,:cluster_3431431575_4777363357_655375231_6982059025_3,1
2960.0,-300077497#5,25
2960.0,-300077497#8,4
2960.0,-593847703#3,20
2960.0,-E0,17
2960.0,288878926#0,9
2960.0,30620492#0,18
2960.0,30620492#1,5
2960.0,360843888,1
2960.0,49073226#2,7
2960.0,506322844#0,5
2960.0,593847704#0,4
2960.0,:cluster655375336_end_0_655375336_end_1_655375336_end_10_655375336_end_11_#8more_16,1
2960.0,:cluster655375336_end_0_655375336_end_1_655375336_end_10_655375336_end_11_#8more_21,1
2960.0,:cluster_2528018119_655375236_17,1
2980.0,-300077497#5,25
2980.0,-300077497#8,4
2980.0,-593847703#3,19
2980.0,-E0,19
2980.0,1068440004#1,1
2980.0,288878926#0,9
2980.0,30620492#0,18
2980.0,30620492#1,5
2980.0,360843888,1
2980.0,49073226#2,7
2980.0,506322844#0,5
2980.0,593847704#0,4
2980.0,:655375233_4,2
3000.0,-300077497#5,27
3000.0,-300077497#8,4
3000.0,-51362429#1,4
3000.0,-593847703#3,16
3000.0,-E0,19
3000.0,1068440004#1,1
3000.0,288878926#0,9
3000.0,30620492#0,18
3000.0,30620492#1,5
3000.0,360843888,1
3000.0,49073226#2,7
3000.0,506322844#0,5
3000.0,593847704#0,2
3000.0,:cluster622618015_622618108_622618112_622618144_#2more_39,2
3000.0,:cluster_3431431575_4777363357_655375231_6982059025_3,1
3020.0,-300077497#5,23
3020.0,-300077497#8,4
3020.0,-49073264#1,1
3020.0,-51362429#1,4
3020.0,-593847703#3,18
3020.0,-E0,19
3020.0,244450512#5,1
3020.0,288878926#0,9
3020.0,30620492#0,18
3020.0,30620492#1,5
3020.0,49073226#2,8
3020.0,506322844#0,5
3020.0,593847702#0,1
3020.0,:cluster_2528018119_655375236_17,2
3040.0,-300077497#5,21
3040.0,-300077497#8,4
3040.0,-49073264#1,1
3040.0,-51362429#1,4
3040.0,-593847703#3,21
3040.0,-E0,15
3040.0,182334378#0,1
3040.0,244450512#5,1
3040.0,288878926#0,3
3040.0,30620492#0,18
3040.0,30620492#1,5
3040.0,49073226#2,8
3040.0,506322844#0,5
3040.0,593847702#0,1
3040.0,593847704#0,2
3040.0,593849711#0,2
3060.0,-300077497#5,25
3060.0,-49073264#1,1
3060.0,-51362429#1,4
3060.0,-593847703#3,21
3060.0,-E0,15
3060.0,1068440004#1,1
3060.0,244450512#5,1
3060.0,288878926#0,1
3060.0,30620492#0,18
3060.0,30620492#1,5
3060.0,49073226#2,8
3060.0,506322844#0,5
3060.0,593847702#0,1
3060.0,593847704#0,3
3080.0,-300077497#5,27
3080.0,-300077497#8,4
3080.0,-49073264#1,1
3080.0,-51362429#1,4
3080.0,-593847703#3,21
3080.0,-E0,19
3080.0,1068440004#1,1
3080.0,244450512#5,1
3080.0,263217604#0,1
3080.0,288878926#0,1
3080.0,30620492#0,18
3080.0,30620492#1,5
3080.0,49073226#2,8
3080.0,506322844#0,3
3080.0,593847704#0,3
3080.0,:3086736515_0,1
3100.0,-300077497#5,27
3100.0,-300077497#8,4
3100.0,-51362429#1,9
3100.0,-593847703#3,14
3100.0,-E0,19
3100.0,1068440004#1,1
3100.0,244450512#5,1
3100.0,263217604#0,2
3100.0,288878926#0,1
3100.0,30620492#0,17
3100.0,30620492#1,5
3100.0,49073226#2,8
3100.0,49073264#0,1
3100.0,506322844#0,5
3100.0,593847702#0,1
3100.0,593849711#0,1
3100.0,593849718#0,2
3100.0,:655375232_8,1
3120.0,-300077497#5,19
3120.0,-300077497#8,4
3120.0,-49073264#1,1
3120.0,-51362429#1,9
3120.0,-593847703#3,20
3120.0,-E0,19
3120.0,182334378#0,1
3120.0,30620492#0,17
3120.0,30620492#1,5
3120.0,360843888,1
3120.0,49073226#2,9
3120.0,506322844#0,6
3120.0,51362430,1
3120.0,593847702#0,2
3120.0,594658760#0,1
3120.0,:cluster_2528018119_655375236_17,1
3120.0,:cluster_9383263990_9383263991_9383263992_9383263993_13,1
3140.0,-300077497#5,18
3140.0,-300077497#8,1
3140.0,-49073264#1,1
3140.0,-51362429#1,9
3140.0,-593847703#3,23
3140.0,-E0,17
3140.0,182334378#0,1
3140.0,232003903#0,2
3140.0,288878926#0,2
3140.0,30620492#0,18
3140.0,30620492#1,5
3140.0,360843888,1
3140.0,49073226#2,7
3140.0,506322844#0,6
3140.0,593847702#0,2
3140.0,594658760#0,1
3140.0,:3086736518_6,2
3140.0,:655375238_5,1
3140.0,:cluster_623980147_623980152_4,1
3140.0,:cluster_9383263990_9383263991_9383263992_9383263993_13,1
3160.0,-300077497#5,21
3160.0,-300077497#8,1
3160.0,-49073264#1,1
3160.0,-51362429#1,2
3160.0,-593847703#3,23
3160.0,-E0,14
3160.0,1068440004#1,1
3160.0,182334378#0,1
3160.0,232003903#0,2
3160.0,263217604#0,1
3160.0,288878926#0,9
3160.0,30620492#0,18
3160.0,30620492#1,5
3160.0,360843888,1
3160.0,49073226#2,5
3160.0,49073264#0,1
3160.0,49073272#3,1
3160.0,506322844#0,3
3160.0,593847704#0,5
3160.0,:655375238_5,1
3160.0,:655375239_5,1
3160.0,:cluster_3431431575_4777363357_655375231_6982059025_3,3
3180.0,-300077497#5,27
3180.0,-300077497#8,1
3180.0,-51362429#1,1
3180.0,-593847703#3,23
3180.0,-E0,19
3180.0,1068440004#1,1
3180.0,182334378#0,1
3180.0,232003903#0,2
3180.0,263217604#0,3
3180.0,288878926#0,13
3180.0,30620492#0,18
3180.0,30620492#1,5
3180.0,360843888,1
3180.0,49073226#2,5
3180.0,49073272#3,1
3180.0,506322844#0,3
3180.0,593847704#0,3
3180.0,:cluster622618015_622618108_622618112_622618144_#2more_17,2
3180.0,:cluster622618015_622618108_622618112_622618144_#2more_39,1
3180.0,:cluster622618015_622618108_622618112_622618144_#2more_42,1
3200.0,-300077497#5,27
3200.0,-300077497#8,1
3200.0,-49073264#1,1
3200.0,-51362429#1,3
3200.0,-593847703#3,15
3200.0,-E0,19
3200.0,1068440004#1,1
3200.0,1239087514,1
3200.0,263217604#0,3
3200.0,288878926#0,13
3200.0,30620492#0,18
3200.0,30620492#1,5
3200.0,360018417,1
3200.0,49073226#2,6
3200.0,506322844#0,6
3200.0,51362430,2
3200.0,:3086736518_4,1
3200.0,:3208478121_3,1
3200.0,:3208478128_0,1
3200.0,:655375232_8,1
3200.0,:655375233_4,1
3220.0,-300077497#5,22
3220.0,-300077497#8,1
3220.0,-49073264#1,1
3220.0,-51362429#1,5
3220.0,-593847703#3,17
3220.0,-E0,19
3220.0,182334378#0,1
3220.0,196961377#3,2
3220.0,244450512#4,1
3220.0,244450512#5,1
3220.0,288878926#0,7
3220.0,30620492#0,18
3220.0,30620492#1,5
3220.0,49073226#2,10
3220.0,506322844#0,6
3220.0,593847702#0,1
3220.0,593849711#0,1
3220.0,594658757#0,1
3220.0,594658760#0,1
3220.0,:cluster622618015_622618108_622618112_622618144_#2more_0,1
3220.0,:cluster_2528018119_655375236_17,1
3220.0,:cluster_2528018119_655375236_31,1
3240.0,-300077497#5,22
3240.0,-49073264#1,1
3240.0,-51362429#1,5
3240.0,-593847703#3,18
3240.0,-E0,18
3240.0,1068440004#1,2
3240.0,232003903#0,1
3240.0,244450512#5,2
3240.0,288878926#0,6
3240.0,30620492#0,18
3240.0,30620492#1,5
3240.0,49073226#2,10
3240.0,506322844#0,6
3240.0,593847702#0,1
3240.0,594658760#0,1
3240.0,:3086736518_6,1
3240.0,:655375238_5,1
3260.0,-300077497#5,26
3260.0,-300077497#8,1
3260.0,-49073264#1,1
3260.0,-51362429#1,5
3260.0,-593847703#3,18
3260.0,-E0,13
3260.0,1068440004#1,2
3260.0,244450512#5,2
3260.0,263217604#0,3
3260.0,288878926#0,6
3260.0,30620492#0,18
3260.0,30620492#1,5
3260.0,484988951#0,1
3260.0,49073226#2,10
3260.0,49073272#3,1
3260.0,506322844#0,2
3260.0,593847704#0,6
3260.0,594658760#0,1
3260.0,:655375238_5,1
3260.0,:655375239_5,1
3280.0,-300077497#5,27
3280.0,-300077497#8,4
3280.0,-51362429#1,5
3280.0,-593847703#3,18
3280.0,-E0,19
3280.0,1068440004#1,2
3280.0,244450512#5,2
3280.0,263217604#0,4
3280.0,288878926#0,6
3280.0,30620492#0,18
3280.0,30620492#1,5
3280.0,49073226#2,11
3280.0,49073264#0,2
3280.0,49073272#3,1
3280.0,506322844#0,4
3280.0,593849718#0,1
3280.0,:cluster622618015_622618108_622618112_622618144_#2more_39,3
3300.0,-300077497#5,26
3300.0,-300077497#8,4
3300.0,-49073264#1,2
3300.0,-51362429#1,5
3300.0,-593847703#3,14
3300.0,-E0,19
3300.0,1068440004#1,3
3300.0,288878926#0,4
3300.0,30620492#0,17
3300.0,30620492#1,5
3300.0,360018417,1
3300.0,360843888,1
3300.0,49073226#2,11
3300.0,506322844#0,5
3300.0,51362430,1
3300.0,593847702#0,2
3300.0,593847704#0,1
3300.0,593849711#0,2
3300.0,594658757#0,1
3300.0,594658760#0,2
3300.0,:655375233_4,1
3300.0,:cluster_2528018119_655375236_17,1
3320.0,-300077497#5,18
3320.0,-300077497#8,4
3320.0,-49073264#1,2
3320.0,-51362429#1,7
3320.0,-593847703#3,17
3320.0,-E0,19
3320.0,182334378#0,1
3320.0,30620492#0,17
3320.0,30620492#1,5
3320.0,360843888,1
3320.0,49073226#2,12
3320.0,506322844#0,6
3320.0,593847702#0,4
3320.0,593847704#0,1
3320.0,593849711#0,1
3320.0,594658757#0,1
3320.0,594658760#0,2
3320.0,:655375233_8,2
3320.0,:cluster_2528018119_655375236_17,3
3340.0,-300077497#5,21
3340.0,-300077497#8,1
3340.0,-49073264#1,2
3340.0,-51362429#1,7
3340.0,-593847703#3,20
3340.0,-E0,19
3340.0,232003903#0,1
3340.0,263217604#0,1
3340.0,30620492#0,18
3340.0,30620492#1,5
3340.0,360843888,1
3340.0,49073226#2,12
3340.0,49073264#0,2
3340.0,49073272#1,3
3340.0,506322844#0,3
3340.0,593847704#0,1
3340.0,594658757#0,1
3340.0,:655375238_5,1
3340.0,:655375239_5,1
3340.0,:cluster622618015_622618108_622618112_622618144_#2more_29,1
3340.0,:cluster655375336_end_0_655375336_end_1_655375336_end_10_655375336_end_11_#8more_16,1
3340.0,:cluster655375336_end_0_655375336_end_1_655375336_end_10_655375336_end_11_#8more_18,1
3360.0,-300077497#5,27
3360.0,-49073264#1,2
3360.0,-51362429#1,7
3360.0,-593847703#3,20
3360.0,-E0,13
3360.0,1068440004#1,2
3360.0,232003903#0,1
3360.0,263217604#0,1
3360.0,30620492#0,18
3360.0,30620492#1,5
3360.0,360843888,1
3360.0,49073226#2,12
3360.0,49073272#1,1
3360.0,49073272#3,3
3360.0,593847704#0,6
3360.0,594658757#0,1
3360.0,:cluster622618015_622618108_622618112_622618144_#2more_17,2
3360.0,:cluster622618015_622618108_622618112_622618144_#2more_37,1
3380.0,-300077497#5,23
3380.0,-49073264#1,1
3380.0,-51362429#1,6
3380.0,-593847703#3,22
3380.0,-E0,18
3380.0,1068440004#1,2
3380.0,244450512#4,1
3380.0,263217604#0,1
3380.0,288878926#0,4
3380.0,30620492#0,18
3380.0,30620492#1,3
3380.0,360018417,1
3380.0,49073226#2,7
3380.0,49073272#1,2
3380.0,49073272#3,1
3380.0,51362430,1
3380.0,593849718#0,2
3380.0,594658757#0,1
3380.0,:3208478121_3,1
3380.0,:cluster_2528018119_655375236_17,2
3380.0,:cluster_3431431575_4777363357_655375231_6982059025_3,1
3380.0,:cluster_623980147_623980152_9,1
3380.0,:cluster_9383263990_9383263991_9383263992_9383263993_13,2
3400.0,-300077497#5,23
3400.0,-49073264#1,1
3400.0,-51362429#1,2
3400.0,-593847703#3,21
3400.0,-E0,19
3400.0,1068440004#1,2
3400.0,196961377#3,3
3400.0,244450512#5,1
3400.0,288878926#0,5
3400.0,30620492#0,13
3400.0,30620492#1,5
3400.0,360018417,1
3400.0,49073226#2,4
3400.0,506322844#0,5
3400.0,593849711#0,1
3400.0,594658757#0,1
3400.0,594658760#0,1
3400.0,:619136999_3,1
3400.0,:655375233_4,3
3400.0,:cluster622618015_622618108_622618112_622618144_#2more_0,1
3400.0,:cluster_3431431575_4777363357_655375231_6982059025_3,3
3420.0,-300077497#5,21
3420.0,-49073264#1,1
3420.0,-51362429#1,4
3420.0,-593847703#3,17
3420.0,-E0,19
3420.0,182334378#0,1
3420.0,244450512#5,1
3420.0,288878926#0,10
3420.0,30620492#0,16
3420.0,30620492#1,5
3420.0,49073226#2,5
3420.0,506322844#0,7
3420.0,593847704#0,1
3420.0,593849711#0,2
3420.0,594658757#0,1
3420.0,594658760#0,1
3420.0,:655375233_8,2
3420.0,:cluster622618015_622618108_622618112_622618144_#2more_49,1
3420.0,:cluster_623980147_623980152_9,1
3440.0,-300077497#5,24
3440.0,-49073264#1,1
3440.0,-593847703#3,17
3440.0,-E0,19
3440.0,244450512#5,1
3440.0,263217604#0,4
3440.0,288878926#0,13
3440.0,30620492#0,18
3440.0,30620492#1,5
3440.0,49073226#2,6
3440.0,49073272#1,2
3440.0,51362430,1
3440.0,593847704#0,1
3440.0,594658757#0,1
3440.0,594658760#0,1
3440.0,:cluster_3431431575_4777363357_655375231_6982059025_3,1
3460.0,-300077497#5,24
3460.0,-593847703#3,17
3460.0,-E0,13
3460.0,244450512#5,1
3460.0,263217604#0,4
3460.0,288878926#0,13
3460.0,30620492#0,18
3460.0,30620492#1,5
3460.0,49073226#2,8
3460.0,49073272#3,3
3460.0,593847704#0,5
3460.0,594658757#0,1
3460.0,594658760#0,1
3460.0,:3086736518_6,1
3480.0,-300077497#5,19
3480.0,-593847703#3,21
3480.0,-E0,16
3480.0,288878926#0,11
3480.0,30620492#0,14
3480.0,30620492#1,4
3480.0,360018417,3
3480.0,49073226#2,8
3480.0,506322844#0,5
3480.0,51362430,1
3480.0,593847704#0,4
3480.0,593849711#0,1
3480.0,594658757#0,3
3480.0,594658760#0,3
3480.0,:cluster655375336_end_0_655375336_end_1_655375336_end_10_655375336_end_11_#8more_6,1
3500.0,-300077497#5,18
3500.0,-593847703#3,19
3500.0,-E0,19
3500.0,196961377#3,1
3500.0,232003903#0,1
3500.0,288878926#0,5
3500.0,30620492#0,16
3500.0,30620492#1,5
3500.0,49073226#2,9
3500.0,506322844#0,5
3500.0,593847704#0,4
3500.0,594658757#0,3
3500.0,594658760#0,3
3500.0,:655375233_4,2
3500.0,:cluster622618015_622618108_622618112_622618144_#2more_49,2
3500.0,:cluster_2528018119_655375236_17,1
3520.0,-300077497#5,19
3520.0,-300077497#8,1
3520.0,-51362429#1,5
3520.0,-593847703#3,15
3520.0,-E0,19
3520.0,232003903#0,1
3520.0,263217604#0,1
3520.0,288878926#0,5
3520.0,30620492#0,17
3520.0,30620492#1,5
3520.0,49073226#2,9
3520.0,506322844#0,1
3520.0,593847702#0,1
3520.0,593847704#0,4
3520.0,594658757#0,3
3520.0,594658760#0,3
3520.0,:655375238_5,1
3520.0,:655375239_5,1
3520.0,:cluster_3431431575_4777363357_655375231_6982059025_3,1
3540.0,-300077497#5,23
3540.0,-51362429#1,5
3540.0,-593847703#3,15
3540.0,-E0,19
3540.0,232003903#0,1
3540.0,263217604#0,1
3540.0,288878926#0,5
3540.0,30620492#0,18
3540.0,30620492#1,5
3540.0,49073226#2,10
3540.0,49073264#0,1
3540.0,593847704#0,2
3540.0,594658757#0,3
3540.0,594658760#0,3
3540.0,:cluster622618015_622618108_622618112_622618144_#2more_39,2
3560.0,-300077497#5,19
3560.0,-51362429#1,5
3560.0,-593847703#3,17
3560.0,-E0,15
3560.0,263217604#0,1
3560.0,288878926#0,5
3560.0,30620492#0,18
3560.0,30620492#1,3
3560.0,49073226#2,10
3560.0,506322844#0,1
3560.0,51362430,1
3560.0,593847704#0,3
3560.0,594658757#0,3
3560.0,594658760#0,3
3560.0,:3086736518_6,1
3560.0,:cluster622618015_622618108_622618112_622618144_#2more_17,1
3560.0,:cluster_2528018119_655375236_17,2
3560.0,:cluster_9383263990_9383263991_9383263992_9383263993_13,1
3580.0,-300077497#5,16
3580.0,-51362429#1,5
3580.0,-593847703#3,22
3580.0,-E0,15
3580.0,30620492#0,12
3580.0,30620492#1,5
3580.0,49073226#2,11
3580.0,506322842#0,1
3580.0,506322844#0,5
3580.0,593847704#0,6
3580.0,593849711#0,1
3580.0,594658757#0,4
3580.0,594658760#0,3
3600.0,-300077497#5,16
3600.0,-51362429#1,5
3600.0,-593847703#3,22
3600.0,-E0,19
3600.0,30620492#0,17
3600.0,30620492#1,5
3600.0,49073226#2,11
3600.0,506322842#0,1
3600.0,506322844#0,6
3600.0,593847704#0,6
3600.0,594658757#0,4
3600.0,594658760#0,3
3620.0,-300077497#5,20
3620.0,-51362429#1,8
3620.0,-593847703#3,15
3620.0,-E0,19
3620.0,263217604#0,3
3620.0,288878926#0,6
3620.0,30620492#0,18
3620.0,30620492#1,5
3620.0,49073226#2,4
3620.0,593847704#0,6
3620.0,594658757#0,3
3620.0,594658760#0,3
3620.0,:655375232_8,1
3620.0,:655375233_4,1
3620.0,:cluster_3431431575_4777363357_655375231_6982059025_3,1
3620.0,:cluster_623980147_623980152_9,1
3640.0,-300077497#5,20
3640.0,-593847703#3,15
3640.0,-E0,19
3640.0,263217604#0,3
3640.0,288878926#0,13
3640.0,30620492#0,18
3640.0,30620492#1,5
3640.0,49073226#2,5
3640.0,49073272#1,1
3640.0,593849718#0,3
3640.0,594658757#0,3
3640.0,594658760#0,3
3640.0,:655375233_4,1
3640.0,:cluster622618015_622618108_622618112_622618144_#2more_39,2
3640.0,:cluster_3431431575_4777363357_655375231_6982059025_3,3
3660.0,-300077497#5,15
3660.0,-593847703#3,18
3660.0,-E0,17
3660.0,182334378#0,2
3660.0,288878926#0,11
3660.0,30620492#0,14
3660.0,30620492#1,4
3660.0,360018417,1
3660.0,49073226#2,8
3660.0,506322842#0,1
3660.0,506322844#0,3
3660.0,593849711#0,1
3660.0,594658757#0,4
3660.0,594658760#0,5
3660.0,:3086736518_6,2
3660.0,:655375233_4,1
3660.0,:cluster_9383263990_9383263991_9383263992_9383263993_13,1
3680.0,-300077497#5,15
3680.0,-593847703#3,18
3680.0,-E0,15
3680.0,1068440004#1,2
3680.0,288878926#0,5
3680.0,30620492#0,15
3680.0,30620492#1,4
3680.0,49073226#2,8
3680.0,506322842#0,1
3680.0,506322844#0,6
3680.0,593847704#0,5
3680.0,594658757#0,4
3680.0,594658760#0,5
3680.0,:655375233_4,1
3680.0,:cluster622618015_622618108_622618112_622618144_#2more_49,1
3700.0,-300077497#5,16
3700.0,-300077497#8,1
3700.0,-593847703#3,18
3700.0,-E0,19
3700.0,1068440004#1,2
3700.0,263217604#0,1
3700.0,288878926#0,5
3700.0,30620492#0,17
3700.0,30620492#1,5
3700.0,49073226#2,8
3700.0,506322844#0,1
3700.0,506322846#0,1
3700.0,593847704#0,5
3700.0,594658757#0,4
3700.0,594658760#0,5
3700.0,:655375233_4,1
3700.0,:655375238_5,1
3700.0,:655375239_5,1
3720.0,-300077497#5,20
3720.0,-51362429#1,4
3720.0,-593847703#3,12
3720.0,-E0,19
3720.0,1068440004#1,2
3720.0,263217604#0,1
3720.0,288135626#0,1
3720.0,288878926#0,5
3720.0,30620492#0,18
3720.0,30620492#1,5
3720.0,49073226#2,8
3720.0,593847704#0,3
3720.0,594658757#0,4
3720.0,594658760#0,4
3720.0,:3086736518_4,1
3720.0,:655375232_8,1
3720.0,:655375233_2,1
3720.0,:cluster622618015_622618108_622618112_622618144_#2more_39,2
3740.0,-300077497#5,16
3740.0,-51362429#1,6
3740.0,-593847703#3,14
3740.0,-E0,19
3740.0,1068234499#0,1
3740.0,263217604#0,1
3740.0,288878926#0,5
3740.0,30620492#0,18
3740.0,30620492#1,3
3740.0,49073226#2,8
3740.0,506322844#0,1
3740.0,593847702#0,3
3740.0,594658757#0,4
3740.0,594658760#0,4
3740.0,:cluster_2528018119_655375236_17,2
3740.0,:cluster_9383263990_9383263991_9383263992_9383263993_13,1
3760.0,-300077497#5,6
3760.0,-51362429#1,6
3760.0,-593847703#3,24
3760.0,-E0,18
3760.0,1068234499#0,1
3760.0,30620492#0,12
3760.0,30620492#1,5
3760.0,49073226#2,8
3760.0,506322842#0,1
3760.0,506322844#0,5
3760.0,593847702#0,3
3760.0,593849711#0,1
3760.0,594658757#0,4
3760.0,594658760#0,5
3760.0,:3086736518_6,1
3760.0,:cluster_2528018119_655375236_17,2
3780.0,-300077497#5,2
3780.0,-51362429#1,6
3780.0,-593847703#3,30
3780.0,-E0,14
3780.0,1068234499#0,1
3780.0,30620492#0,18
3780.0,30620492#1,5
3780.0,49073226#2,8
3780.0,506322842#0,1
3780.0,506322844#0,5
3780.0,593847702#0,3
3780.0,593847704#0,6
3780.0,594658757#0,4
3780.0,594658760#0,5
3800.0,-300077497#5,6
3800.0,-49073264#1,1
3800.0,-51362429#1,6
3800.0,-593847703#3,31
3800.0,-E0,20
3800.0,263217604#0,1
3800.0,30620492#0,18
3800.0,30620492#1,5
3800.0,49073226#2,8
3800.0,49073272#3,1
3800.0,593847704#0,6
3800.0,594658757#0,3
3800.0,594658760#0,4
3800.0,:3086736515_0,1
3800.0,:655375238_2,1
3800.0,:cluster655375336_end_0_655375336_end_1_655375336_end_10_655375336_end_11_#8more_21,1
3820.0,-300077497#5,7
3820.0,-51362429#1,7
3820.0,-593847703#3,25
3820.0,-E0,20
3820.0,263217604#0,1
3820.0,30620492#0,18
3820.0,30620492#1,5
3820.0,49073226#2,8
3820.0,49073272#3,2
3820.0,593847702#0,1
3820.0,593849718#0,3
3820.0,594658757#0,3
3820.0,594658760#0,4
3820.0,:655375232_8,1
3820.0,:655375233_2,1
3820.0,:655375233_4,2
3820.0,:cluster622618015_622618108_622618112_622618144_#2more_39,2
3820.0,:cluster655375336_end_0_655375336_end_1_655375336_end_10_655375336_end_11_#8more_21,1
3840.0,-51362429#1,9
3840.0,-593847703#3,30
3840.0,-E0,20
3840.0,182334378#0,1
3840.0,288878926#0,2
3840.0,30620492#0,14
3840.0,30620492#1,2
3840.0,360018417,2
3840.0,49073226#2,6
3840.0,506322842#0,1
3840.0,506322844#0,4
3840.0,593847702#0,2
3840.0,594658757#0,3
3840.0,594658760#0,5
3840.0,:2749340167_0,1
3840.0,:cluster655375336_end_0_655375336_end_1_655375336_end_10_655375336_end_11_#8more_21,1
3840.0,:cluster_9383263990_9383263991_9383263992_9383263993_13,1
3860.0,-51362429#1,1
3860.0,-593847703#3,30
3860.0,-E0,20
3860.0,182334378#0,1
3860.0,288878926#0,4
3860.0,30620492#0,15
3860.0,30620492#1,5
3860.0,49073226#2,4
3860.0,506322842#0,1
3860.0,506322844#0,5
3860.0,593847702#0,2
3860.0,594658757#0,3
3860.0,594658760#0,5
3860.0,:cluster622618015_622618108_622618112_622618144_#2more_49,2
3860.0,:cluster655375336_end_0_655375336_end_1_655375336_end_10_655375336_end_11_#8more_21,1
3860.0,:cluster_3431431575_4777363357_655375231_6982059025_3,3
3860.0,:cluster_623980147_623980152_9,1
3880.0,-300077497#5,1
3880.0,-300077497#8,1
3880.0,-35274074#2,1
3880.0,-593847703#3,30
3880.0,-E0,15
3880.0,182334378#0,1
3880.0,263217604#0,2
3880.0,288878926#0,11
3880.0,30620492#0,17
3880.0,30620492#1,5
3880.0,49073226#2,1
3880.0,49073272#1,2
3880.0,593847704#0,5
3880.0,594658757#0,3
3880.0,594658760#0,5
3880.0,:655375238_5,1
3880.0,:655375239_6,1
3880.0,:cluster655375336_end_0_655375336_end_1_655375336_end_10_655375336_end_11_#8more_21,1
3880.0,:cluster_623980147_623980152_4,1
3900.0,-300077497#5,4
3900.0,-593847703#3,30
3900.0,-E0,19
3900.0,263217604#0,3
3900.0,288878926#0,13
3900.0,30620492#0,18
3900.0,30620492#1,5
3900.0,49073272#3,2
3900.0,593847704#0,3
3900.0,594658757#0,3
3900.0,594658760#0,5
3900.0,:cluster622618015_622618108_622618112_622618144_#2more_39,2
3920.0,-593847703#3,28
3920.0,-E0,19
3920.0,263217604#0,3
3920.0,288878926#0,13
3920.0,30620492#0,18
3920.0,30620492#1,3
3920.0,360018417,1
3920.0,593849718#0,3
3920.0,594658757#0,3
3920.0,594658760#0,5
3920.0,:3208478121_3,1
3920.0,:655375233_4,4
3920.0,:cluster_2528018119_655375236_17,1
3920.0,:cluster_2528018119_655375236_19,1
3920.0,:cluster_9383263990_9383263991_9383263992_9383263993_13,2
3940.0,-51362429#1,3
3940.0,-593847703#3,21
3940.0,-E0,19
3940.0,182334378#0,1
3940.0,196961377#3,2
3940.0,288878926#0,7
3940.0,30620492#0,12
3940.0,30620492#1,5
3940.0,506322842#0,1
3940.0,506322844#0,5
3940.0,593847702#0,1
3940.0,593847704#0,2
3940.0,593849711#0,2
3940.0,594658757#0,4
3940.0,594658760#0,7
3960.0,-593847703#3,21
3960.0,-E0,19
3960.0,182334378#0,1
3960.0,288878926#0,5
3960.0,30620492#0,18
3960.0,30620492#1,5
3960.0,49073226#2,3
3960.0,506322842#0,1
3960.0,506322844#0,5
3960.0,593847702#0,1
3960.0,593847704#0,2
3960.0,594658757#0,4
3960.0,594658760#0,7
3980.0,-300077497#5,5
3980.0,-593847703#3,21
3980.0,-E0,13
3980.0,182334378#0,1
3980.0,288878926#0,5
3980.0,30620492#0,18
3980.0,30620492#1,5
3980.0,49073226#2,3
3980.0,49073272#3,1
3980.0,593847704#0,6
3980.0,594658757#0,4
3980.0,594658760#0,7
3980.0,:3086736518_6,2
3980.0,:cluster_5372642442_631668976_631668981_631669076_36,1
4000.0,-300077497#5,5
4000.0,-593847703#3,21
4000.0,-E0,14
4000.0,1068234499#0,1
4000.0,288878926#0,5
4000.0,30620492#0,18
4000.0,30620492#1,5
4000.0,49073226#2,3
4000.0,49073264#0,1
4000.0,49073272#3,2
4000.0,593847704#0,2
4000.0,593849718#0,1
4000.0,594658757#0,4
4000.0,594658760#0,7
4000.0,:cluster622618015_622618108_622618112_622618144_#2more_39,3
4020.0,-49073264#1,1
4020.0,-593847703#3,24
4020.0,-E0,19
4020.0,1068234499#0,1
4020.0,288878926#0,3
4020.0,30620492#0,14
4020.0,30620492#1,3
4020.0,360018417,2
4020.0,49073226#2,3
4020.0,49695736#0,1
4020.0,506322842#0,1
4020.0,506322844#0,3
4020.0,593849711#0,1
4020.0,594658757#0,1
4020.0,594658760#0,3
4020.0,:2749340167_0,1
4020.0,:655375233_4,2
4020.0,:cluster655375336_end_0_655375336_end_1_655375336_end_10_655375336_end_11_#8more_21,1
4020.0,:cluster_9383263990_9383263991_9383263992_9383263993_13,1
4040.0,-49073264#1,1
4040.0,-593847703#3,14
4040.0,-E0,20
4040.0,1068234499#0,1
4040.0,30620492#0,15
4040.0,30620492#1,5
4040.0,49073226#2,4
4040.0,49695736#0,1
4040.0,506322842#0,1
4040.0,506322844#0,5
4040.0,594658757#0,1
4040.0,594658760#0,3
4040.0,:cluster622618015_622618108_622618112_622618144_#2more_49,1
4040.0,:cluster_3431431575_4777363357_655375231_6982059025_3,2
4060.0,-300077497#5,1
4060.0,-49073264#1,1
4060.0,-593847703#3,16
4060.0,-E0,20
4060.0,263217604#0,3
4060.0,30620492#0,16
4060.0,30620492#1,5
4060.0,49073226#2,6
4060.0,506322844#0,1
4060.0,506322846#0,1
4060.0,594658757#0,1
4060.0,594658760#0,3
4060.0,:655375239_6,2
4080.0,-300077497#5,1
4080.0,-593847703#3,16
4080.0,-E0,16
4080.0,263217604#0,6
4080.0,288135626#0,1
4080.0,288878926#0,3
4080.0,30620492#0,18
4080.0,30620492#1,5
4080.0,49073226#2,2
4080.0,593847704#0,3
4080.0,594658757#0,1
4080.0,594658760#0,3
4080.0,:3086736518_6,1
4080.0,:cluster622618015_622618108_622618112_622618144_#2more_17,1
4080.0,:cluster_623980147_623980152_9,1
4100.0,-593847703#3,17
4100.0,-E0,14
4100.0,1068234499#0,1
4100.0,263217604#0,6
4100.0,288878926#0,6
4100.0,30620492#0,18
4100.0,30620492#1,3
4100.0,593847704#0,1
4100.0,593849718#0,4
4100.0,594658760#0,2
4100.0,:cluster622618015_622618108_622618112_622618144_#2more_39,1
4100.0,:cluster655375336_end_0_655375336_end_1_655375336_end_10_655375336_end_11_#8more_17,1
4100.0,:cluster655375336_end_0_655375336_end_1_655375336_end_10_655375336_end_11_#8more_21,1
4100.0,:cluster_9383263990_9383263991_9383263992_9383263993_13,2
4120.0,-593847703#3,17
4120.0,-E0,18
4120.0,1068234499#0,1
4120.0,30620492#0,13
4120.0,30620492#1,5
4120.0,506322844#0,5
4120.0,593847704#0,1
4120.0,593849711#0,1
4120.0,594658760#0,5
4120.0,:cluster3086736522_655375108_655375247_655375401_#1more_14,1
4120.0,:cluster622618015_622618108_622618112_622618144_#2more_0,1
4140.0,-593847703#3,7
4140.0,-E0,18
4140.0,1068234499#0,1
4140.0,30620492#0,17
4140.0,30620492#1,5
4140.0,506322844#0,6
4140.0,593847704#0,1
4140.0,594658760#0,6
4160.0,-300077497#5,2
4160.0,-593847703#3,8
4160.0,-E0,18
4160.0,263217604#0,4
4160.0,30620492#0,18
4160.0,30620492#1,5
4160.0,593847704#0,1
4160.0,594658760#0,6
4180.0,-300077497#5,2
4180.0,-593847703#3,8
4180.0,-E0,17
4180.0,263217604#0,4
4180.0,30620492#0,18
4180.0,30620492#1,5
4180.0,594658760#0,5
4180.0,:3086736518_6,2
4200.0,-593847703#3,10
4200.0,-E0,13
4200.0,30620492#0,14
4200.0,30620492#1,4
4200.0,506322844#0,5
4200.0,593847704#0,3
4200.0,594658757#0,1
4200.0,594658760#0,5
4200.0,:cluster3086736522_655375108_655375247_655375401_#1more_14,1
4200.0,:cluster655375336_end_0_655375336_end_1_655375336_end_10_655375336_end_11_#8more_17,2
4220.0,-593847703#3,10
4220.0,-E0,20
4220.0,30620492#0,16
4220.0,30620492#1,4
4220.0,506322844#0,5
4220.0,593847704#0,3
4220.0,594658760#0,2
4220.0,:cluster_9383263990_9383263991_9383263992_9383263993_13,1
4240.0,-E0,20
4240.0,263217604#0,2
4240.0,30620492#0,17
4240.0,30620492#1,5
4240.0,506322844#0,2
4240.0,593847704#0,3
4240.0,594658760#0,2
4240.0,:655375233_4,2
4240.0,:655375239_5,2
4260.0,-300077497#5,3
4260.0,-E0,20
4260.0,263217604#0,3
4260.0,30620492#0,18
4260.0,30620492#1,5
4260.0,593847704#0,1
4260.0,594658760#0,2
4260.0,:cluster622618015_622618108_622618112_622618144_#2more_39,2
4280.0,-593847703#3,2
4280.0,-E0,19
4280.0,263217604#0,3
4280.0,30620492#0,18
4280.0,30620492#1,3
4280.0,594658760#0,2
4280.0,:3086736518_6,1
4280.0,:cluster_2528018119_655375236_17,1
4280.0,:cluster_9383263990_9383263991_9383263992_9383263993_13,2
4300.0,-593847703#3,3
4300.0,-E0,10
4300.0,30620492#0,12
4300.0,30620492#1,5
4300.0,506322844#0,6
4300.0,593847704#0,1
4300.0,594658760#0,5
4320.0,-593847703#3,3
4320.0,30620492#0,17
4320.0,30620492#1,5
4320.0,506322844#0,7
4320.0,593847704#0,1
4320.0,594658760#0,5
4340.0,-300077497#5,4
4340.0,263217604#0,3
4340.0,30620492#0,18
4340.0,30620492#1,5
4340.0,593847704#0,1
4340.0,594658760#0,5
4360.0,-300077497#5,4
4360.0,263217604#0,3
4360.0,30620492#0,18
4360.0,30620492#1,5
4360.0,594658760#0,5
4380.0,-593847703#3,3
4380.0,-E0,1
4380.0,30620492#0,14
4380.0,30620492#1,3
4380.0,360843888,1
4380.0,506322844#0,4
4380.0,594658760#0,6
4380.0,:2749340167_0,1
4380.0,:cluster_9383263990_9383263991_9383263992_9383263993_13,1
4400.0,-593847703#3,3
4400.0,-E0,5
4400.0,30620492#0,15
4400.0,30620492#1,5
4400.0,360843888,1
4400.0,506322844#0,6
4420.0,-300077497#5,1
4420.0,-300077497#8,2
4420.0,-593847703#3,3
4420.0,263217604#0,2
4420.0,30620492#0,17
4420.0,30620492#1,5
4420.0,360843888,1
4420.0,506322844#0,1
4420.0,:655375239_5,1
4440.0,-300077497#5,5
4440.0,263217604#0,2
4440.0,30620492#0,18
4440.0,30620492#1,5
4440.0,360843888,1
4440.0,:655375233_4,3
4460.0,-300077497#5,1
4460.0,-593847703#3,1
4460.0,182334378#0,1
4460.0,244450512#5,1
4460.0,263217604#0,2
4460.0,30620492#0,18
4460.0,30620492#1,3
4460.0,506322844#0,1
4460.0,:cluster_2528018119_655375236_17,2
4460.0,:cluster_9383263990_9383263991_9383263992_9383263993_13,1
4480.0,-593847703#3,4
4480.0,-E0,1
4480.0,244450512#5,1
4480.0,30620492#0,13
4480.0,30620492#1,4
4480.0,506322844#0,5
4480.0,594658757#0,1
4480.0,:cluster655375336_end_0_655375336_end_1_655375336_end_10_655375336_end_11_#8more_17,1
4480.0,:cluster_9383263990_9383263991_9383263992_9383263993_13,1
4500.0,-593847703#3,4
4500.0,-E0,1
4500.0,244450512#5,1
4500.0,30620492#0,17
4500.0,30620492#1,5
4500.0,506322844#0,6
4520.0,-300077497#5,5
4520.0,-593847703#3,4
4520.0,244450512#5,1
4520.0,263217604#0,1
4520.0,30620492#0,18
4520.0,30620492#1,5
4540.0,-300077497#5,5
4540.0,-593847703#3,2
4540.0,244450512#5,1
4540.0,263217604#0,1
4540.0,30620492#0,18
4540.0,30620492#1,5
4540.0,:655375233_4,2
4560.0,-593847703#3,4
4560.0,182334378#0,1
4560.0,30620492#0,14
4560.0,30620492#1,3
4560.0,506322844#0,4
4560.0,593844221#0,1
4560.0,594658757#0,1
4560.0,:2749340167_0,1
4560.0,:cluster_9383263990_9383263991_9383263992_9383263993_13,1
4580.0,-593847703#3,4
4580.0,-E0,3
4580.0,30620492#0,14
4580.0,30620492#1,4
4580.0,506322844#0,7
4580.0,:2749340167_0,1
4600.0,-593847703#3,4
4600.0,263217604#0,4
4600.0,30620492#0,17
4600.0,30620492#1,5
4600.0,506322844#0,1
4600.0,:655375239_5,2
4620.0,-300077497#5,3
4620.0,-593847703#3,4
4620.0,263217604#0,4
4620.0,30620492#0,18
4620.0,30620492#1,5
4640.0,-593847703#3,5
4640.0,182334378#0,1
4640.0,263217604#0,4
4640.0,30620492#0,18
4640.0,30620492#1,3
4640.0,506322844#0,1
4640.0,:cluster_2528018119_655375236_31,1
4640.0,:cluster_9383263990_9383263991_9383263992_9383263993_13,1
4660.0,-E0,1
4660.0,30620492#0,13
4660.0,30620492#1,5
4660.0,506322844#0,5
4660.0,594658757#0,1
4660.0,594658760#0,3
4680.0,-E0,2
4680.0,30620492#0,18
4680.0,30620492#1,5
4680.0,506322844#0,5
4680.0,594658760#0,1
4680.0,:cluster655375336_end_0_655375336_end_1_655375336_end_10_655375336_end_11_#8more_17,1
4700.0,-300077497#5,4
4700.0,263217604#0,1
4700.0,30620492#0,18
4700.0,30620492#1,5
4700.0,594658760#0,1
4720.0,-300077497#5,4
4720.0,263217604#0,1
4720.0,30620492#0,18
4720.0,30620492#1,5
4720.0,594658760#0,1
4740.0,-593847703#3,3
4740.0,-E0,1
4740.0,30620492#0,14
4740.0,30620492#1,3
4740.0,506322844#0,4
4740.0,594658757#0,1
4740.0,594658760#0,1
4740.0,:2749340167_0,1
4740.0,:cluster_9383263990_9383263991_9383263992_9383263993_13,1
4760.0,-E0,1
4760.0,30620492#0,14
4760.0,30620492#1,4
4760.0,506322842#0,1
4760.0,506322844#0,6
4760.0,594658757#0,1
4760.0,:cluster_9383263990_9383263991_9383263992_9383263993_13,1
4780.0,-300077497#5,1
4780.0,-300077497#8,1
4780.0,263217604#0,2
4780.0,30620492#0,17
4780.0,30620492#1,5
4780.0,506322844#0,1
4780.0,506322846#0,1
4780.0,:655375238_5,1
4780.0,:655375239_5,1
4800.0,-300077497#5,5
4800.0,263217604#0,2
4800.0,288135626#0,1
4800.0,30620492#0,18
4800.0,30620492#1,5
4820.0,-300077497#5,1
4820.0,-593847703#3,2
4820.0,1068234499#0,1
4820.0,263217604#0,2
4820.0,30620492#0,18
4820.0,30620492#1,3
4820.0,:cluster_2528018119_655375236_17,2
4820.0,:cluster_9383263990_9383263991_9383263992_9383263993_13,2
4840.0,-593847703#3,4
4840.0,-E0,1
4840.0,1068234499#0,1
4840.0,30620492#0,11
4840.0,30620492#1,4
4840.0,506322842#0,1
4840.0,506322844#0,6
4840.0,594658757#0,1
4840.0,594658760#0,1
4840.0,:cluster_9383263990_9383263991_9383263992_9383263993_13,1
4860.0,1068234499#0,1
4860.0,30620492#0,15
4860.0,30620492#1,5
4860.0,506322842#0,1
4860.0,506322844#0,8
4860.0,:cluster655375336_end_0_655375336_end_1_655375336_end_10_655375336_end_11_#8more_17,1
4860.0,:cluster655375336_end_0_655375336_end_1_655375336_end_10_655375336_end_11_#8more_21,1
4880.0,-300077497#5,4
4880.0,-593847703#3,1
4880.0,263217604#0,4
4880.0,30620492#0,18
4880.0,30620492#1,5
4880.0,:cluster_5372642442_631668976_631668981_631669076_36,1
4900.0,-300077497#5,4
4900.0,-593847703#3,1
4900.0,1068234499#0,1
4900.0,263217604#0,4
4900.0,30620492#0,18
4900.0,30620492#1,5
4920.0,-593847703#3,5
4920.0,1068234499#0,1
4920.0,30620492#0,14
4920.0,30620492#1,3
4920.0,360843888,1
4920.0,506322842#0,1
4920.0,506322844#0,4
4920.0,594658757#0,1
4920.0,594658760#0,1
4920.0,:cluster3086736522_655375108_655375247_655375401_#1more_30,1
4920.0,:cluster_9383263990_9383263991_9383263992_9383263993_13,1
4940.0,-593847703#3,5
4940.0,-E0,2
4940.0,1068234499#0,1
4940.0,30620492#0,15
4940.0,30620492#1,5
4940.0,360843888,1
4940.0,506322842#0,1
4940.0,506322844#0,5
4940.0,594658757#0,1
4960.0,-300077497#5,1
4960.0,-300077497#8,1
4960.0,-593847703#3,2
4960.0,-E0,1
4960.0,30620492#0,18
4960.0,30620492#1,5
4960.0,360843888,1
4960.0,506322844#0,1
4960.0,506322846#0,1
4960.0,:655375233_4,3
4960.0,:655375238_5,1
4960.0,:655375239_5,1
4980.0,-300077497#5,5
4980.0,288135626#0,1
4980.0,30620492#0,18
4980.0,30620492#1,5
4980.0,360843888,1
5000.0,-300077497#5,1
5000.0,-593847703#3,2
5000.0,1068234499#0,1
5000.0,244450512#5,1
5000.0,30620492#0,18
5000.0,30620492#1,3
5000.0,506322844#0,1
5000.0,:cluster_2528018119_655375236_17,1
5000.0,:cluster_2528018119_655375236_19,1
5000.0,:cluster_9383263990_9383263991_9383263992_9383263993_13,1
5020.0,-593847703#3,4
5020.0,-E0,1
5020.0,1068234499#0,1
5020.0,244450512#5,1
5020.0,30620492#0,13
5020.0,30620492#1,4
5020.0,506322844#0,5
5020.0,:cluster_9383263990_9383263991_9383263992_9383263993_13,1
5040.0,-593847703#3,4
5040.0,1068234499#0,1
5040.0,244450512#5,1
5040.0,30620492#0,16
5040.0,30620492#1,5
5040.0,506322844#0,7
5060.0,-300077497#5,5
5060.0,-593847703#3,2
5060.0,182334378#0,1
5060.0,244450512#5,1
5060.0,263217604#0,2
5060.0,30620492#0,18
5060.0,30620492#1,5
5060.0,:655375233_4,2
5080.0,-300077497#5,5
5080.0,244450512#5,1
5080.0,263217604#0,2
5080.0,30620492#0,18
5080.0,30620492#1,5
5100.0,-593847703#3,4
5100.0,-E0,2
5100.0,30620492#0,14
5100.0,30620492#1,3
5100.0,506322844#0,4
5100.0,594658760#0,2
5100.0,:2749340167_0,1
5100.0,:cluster_9383263990_9383263991_9383263992_9383263993_13,1
5120.0,-593847703#3,4
5120.0,30620492#0,15
5120.0,30620492#1,5
5120.0,506322844#0,6
5120.0,594658760#0,2
5140.0,-300077497#5,1
5140.0,-300077497#8,1
5140.0,-593847703#3,4
5140.0,263217604#0,1
5140.0,30620492#0,18
5140.0,30620492#1,5
5140.0,506322844#0,1
5140.0,594658760#0,1
5140.0,:655375238_5,1
5140.0,:655375239_5,1
5160.0,-300077497#5,5
5160.0,-593847703#3,4
5160.0,-E0,1
5160.0,263217604#0,1
5160.0,30620492#0,18
5160.0,30620492#1,5
5180.0,-300077497#5,1
5180.0,-593847703#3,2
5180.0,263217604#0,1
5180.0,30620492#0,18
5180.0,30620492#1,3
5180.0,:cluster_2528018119_655375236_17,1
5180.0,:cluster_2528018119_655375236_31,1
5180.0,:cluster_9383263990_9383263991_9383263992_9383263993_13,2
5200.0,-593847703#3,3
5200.0,-E0,2
5200.0,30620492#0,12
5200.0,30620492#1,4
5200.0,506322844#0,6
5200.0,594658757#0,1
5200.0,:cluster_9383263990_9383263991_9383263992_9383263993_13,1
5220.0,-593847703#3,3
5220.0,30620492#0,17
5220.0,30620492#1,5
5220.0,506322844#0,7
5220.0,594658757#0,1
5240.0,-300077497#5,4
5240.0,-593847703#3,3
5240.0,263217604#0,3
5240.0,30620492#0,18
5240.0,30620492#1,5
5240.0,:cluster655375336_end_0_655375336_end_1_655375336_end_10_655375336_end_11_#8more_21,1
5260.0,-300077497#5,4
5260.0,-593847703#3,3
5260.0,263217604#0,3
5260.0,30620492#0,18
5260.0,30620492#1,5
5280.0,-593847703#3,2
5280.0,30620492#0,14
5280.0,30620492#1,4
5280.0,506322844#0,5
5280.0,594658757#0,1
5280.0,594658760#0,2
5280.0,:655375233_4,1
5300.0,-593847703#3,2
5300.0,30620492#0,16
5300.0,30620492#1,5
5300.0,506322844#0,5
5300.0,594658757#0,1
5300.0,594658760#0,2
5320.0,-300077497#5,1
5320.0,-300077497#8,1
5320.0,-593847703#3,2
5320.0,-E0,1
5320.0,30620492#0,18
5320.0,30620492#1,5
5320.0,506322844#0,1
5320.0,594658760#0,1
5320.0,:655375238_5,1
5320.0,:655375239_5,1
5320.0,:cluster655375336_end_0_655375336_end_1_655375336_end_10_655375336_end_11_#8more_17,1
5340.0,-300077497#5,5
5340.0,-593847703#3,2
5340.0,-E0,1
5340.0,30620492#0,18
5340.0,30620492#1,5
5360.0,-300077497#5,1
5360.0,-593847703#3,3
5360.0,182334378#0,1
5360.0,30620492#0,18
5360.0,30620492#1,3
5360.0,:cluster_2528018119_655375236_17,2
5360.0,:cluster_9383263990_9383263991_9383263992_9383263993_13,2
5380.0,-E0,1
5380.0,30620492#0,13
5380.0,30620492#1,4
5380.0,506322844#0,5
5380.0,:655375233_4,2
5380.0,:cluster_9383263990_9383263991_9383263992_9383263993_13,1
5400.0,30620492#0,17
5400.0,30620492#1,5
5400.0,506322844#0,6
5420.0,-300077497#5,4
5420.0,263217604#0,2
5420.0,30620492#0,18
5420.0,30620492#1,5
5440.0,-300077497#5,4
5440.0,263217604#0,2
5440.0,30620492#0,18
5440.0,30620492#1,5
5460.0,-593847703#3,3
5460.0,30620492#0,14
5460.0,30620492#1,4
5460.0,506322844#0,5
5460.0,594658757#0,1
5460.0,594658760#0,1
5460.0,:cluster655375336_end_0_655375336_end_1_655375336_end_10_655375336_end_11_#8more_5,1
5480.0,30620492#0,14
5480.0,30620492#1,4
5480.0,506322844#0,7
5480.0,594658757#0,1
5480.0,594658760#0,1
5480.0,:655375233_4,3
5480.0,:cluster_9383263990_9383263991_9383263992_9383263993_13,1
5500.0,-300077497#5,1
5500.0,-300077497#8,1
5500.0,263217604#0,3
5500.0,30620492#0,17
5500.0,30620492#1,5
5500.0,506322844#0,1
5500.0,594658757#0,1
5500.0,594658760#0,1
5500.0,:655375238_5,1
5500.0,:655375239_5,1
5520.0,-300077497#5,5
5520.0,-E0,1
5520.0,263217604#0,3
5520.0,30620492#0,18
5520.0,30620492#1,5
5540.0,-300077497#5,1
5540.0,-593847703#3,2
5540.0,263217604#0,3
5540.0,30620492#0,18
5540.0,30620492#1,3
5540.0,506322844#0,1
5540.0,:cluster_2528018119_655375236_17,1
5540.0,:cluster_2528018119_655375236_31,1
5540.0,:cluster_9383263990_9383263991_9383263992_9383263993_13,1
5560.0,-593847703#3,4
5560.0,182334378#0,1
5560.0,30620492#0,13
5560.0,30620492#1,4
5560.0,506322844#0,5
5560.0,594658757#0,2
5560.0,594658760#0,1
5560.0,:cluster_9383263990_9383263991_9383263992_9383263993_13,1
5580.0,-593847703#3,2
5580.0,-E0,1
5580.0,30620492#0,17
5580.0,30620492#1,5
5580.0,506322844#0,6
5580.0,594658757#0,2
5580.0,594658760#0,1
5580.0,:655375233_4,2
5600.0,-300077497#5,5
5600.0,263217604#0,1
5600.0,30620492#0,18
5600.0,30620492#1,5
5600.0,594658757#0,2
5600.0,594658760#0,1
5620.0,-300077497#5,5
5620.0,263217604#0,1
5620.0,30620492#0,18
5620.0,30620492#1,5
5620.0,594658757#0,1
5620.0,:cluster655375336_end_0_655375336_end_1_655375336_end_10_655375336_end_11_#8more_17,1
5620.0,:cluster655375336_end_0_655375336_end_1_655375336_end_10_655375336_end_11_#8more_21,1
5640.0,-593847703#3,4
5640.0,-E0,2
5640.0,30620492#0,14
5640.0,30620492#1,4
5640.0,506322844#0,5
5640.0,594658760#0,1
5660.0,-593847703#3,4
5660.0,30620492#0,16
5660.0,30620492#1,5
5660.0,506322844#0,5
5660.0,594658760#0,1
5680.0,-300077497#5,1
5680.0,-300077497#8,1
5680.0,-593847703#3,4
5680.0,30620492#0,18
5680.0,30620492#1,5
5680.0,506322844#0,1
5680.0,594658760#0,1
5680.0,:655375238_5,1
5680.0,:655375239_5,1
5700.0,-300077497#5,5
5700.0,-E0,1
5700.0,30620492#0,18
5700.0,30620492#1,5
5720.0,-300077497#5,1
5720.0,-593847703#3,2
5720.0,30620492#0,18
5720.0,30620492#1,3
5720.0,506322844#0,1
5720.0,:cluster_2528018119_655375236_17,2
5720.0,:cluster_9383263990_9383263991_9383263992_9383263993_13,1
5740.0,-593847703#3,5
5740.0,30620492#0,13
5740.0,30620492#1,4
5740.0,506322844#0,5
5740.0,:cluster_9383263990_9383263991_9383263992_9383263993_13,1
5760.0,-593847703#3,5
5760.0,30620492#0,14
5760.0,30620492#1,5
5760.0,506322842#0,1
5760.0,506322844#0,8
5780.0,-300077497#5,3
5780.0,-593847703#3,5
5780.0,263217604#0,5
5780.0,30620492#0,18
5780.0,30620492#1,5
5780.0,:cluster_5372642442_631668976_631668981_631669076_36,1
5800.0,-300077497#5,3
5800.0,1068234499#0,1
5800.0,263217604#0,5
5800.0,30620492#0,18
5800.0,30620492#1,5
5820.0,-593847703#3,2
5820.0,1068234499#0,1
5820.0,182334378#0,1
5820.0,263217604#0,1
5820.0,30620492#0,14
5820.0,30620492#1,4
5820.0,506322844#0,4
5820.0,594658757#0,1
5820.0,594658760#0,2
5820.0,:cluster3086736522_655375108_655375247_655375401_#1more_14,1
5820.0,:cluster_9383263990_9383263991_9383263992_9383263993_13,1
5840.0,-593847703#3,2
5840.0,1068234499#0,1
5840.0,30620492#0,14
5840.0,30620492#1,5
5840.0,506322844#0,6
5840.0,594658757#0,1
5840.0,594658760#0,4
5840.0,:2749340167_0,1
5860.0,-300077497#5,1
5860.0,-300077497#8,1
5860.0,-593847703#3,2
5860.0,182334378#0,1
5860.0,263217604#0,1
5860.0,30620492#0,18
5860.0,30620492#1,5
5860.0,506322844#0,1
5860.0,594658757#0,1
5860.0,594658760#0,4
5860.0,:2749340167_0,1
5860.0,:655375238_5,1
5860.0,:655375239_5,1
5880.0,-300077497#5,5
5880.0,-593847703#3,2
5880.0,263217604#0,1
5880.0,30620492#0,18
5880.0,30620492#1,5
5880.0,594658757#0,1
5880.0,594658760#0,4
5880.0,:2749340167_0,1
5900.0,-300077497#5,1
5900.0,-593847703#3,2
5900.0,-E0,1
5900.0,263217604#0,1
5900.0,30620492#0,18
5900.0,30620492#1,3
5900.0,506322844#0,1
5900.0,594658760#0,3
5900.0,:2749340167_0,1
5900.0,:cluster_2528018119_655375236_17,2
5900.0,:cluster_9383263990_9383263991_9383263992_9383263993_13,1
5920.0,-593847703#3,5
5920.0,-E0,2
5920.0,30620492#0,13
5920.0,30620492#1,4
5920.0,506322844#0,6
5920.0,594658757#0,1
5920.0,:cluster_9383263990_9383263991_9383263992_9383263993_13,1
5940.0,-593847703#3,5
5940.0,-E0,1
5940.0,30620492#0,15
5940.0,30620492#1,5
5940.0,506322844#0,9
5960.0,-300077497#5,2
5960.0,-593847703#3,5
5960.0,263217604#0,7
5960.0,30620492#0,15
5960.0,30620492#1,5
5980.0,-300077497#5,2
5980.0,-593847703#3,5
5980.0,263217604#0,7
5980.0,30620492#0,15
5980.0,30620492#1,5
6000.0,-593847703#3,3
6000.0,263217604#0,1
6000.0,30620492#0,11
6000.0,30620492#1,4
6000.0,360843888,1
6000.0,506322844#0,5
6000.0,594658757#0,2
6000.0,594658760#0,2
6000.0,:655375233_4,4
6000.0,:cluster3086736522_655375108_655375247_655375401_#1more_16,1
6020.0,30620492#0,8
6020.0,30620492#1,3
6020.0,360843888,1
6020.0,506322844#0,7
6020.0,594658757#0,4
6020.0,594658760#0,2
6020.0,:2749340167_0,1
6020.0,:cluster_9383263990_9383263991_9383263992_9383263993_13,1
6040.0,-300077497#5,1
6040.0,-300077497#8,1
6040.0,263217604#0,3
6040.0,30620492#0,6
6040.0,30620492#1,5
6040.0,360843888,1
6040.0,506322844#0,1
6040.0,594658757#0,4
6040.0,594658760#0,2
6040.0,:2749340167_0,1
6040.0,:655375238_5,1
6040.0,:655375239_5,1
6060.0,-300077497#5,5
6060.0,263217604#0,3
6060.0,30620492#0,6
6060.0,30620492#1,5
6060.0,360843888,1
6060.0,594658757#0,4
6060.0,594658760#0,2
6060.0,:2749340167_0,1
6080.0,-300077497#5,1
6080.0,-593847703#3,2
6080.0,-E0,1
6080.0,263217604#0,3
6080.0,30620492#0,6
6080.0,30620492#1,3
6080.0,594658757#0,3
6080.0,594658760#0,1
6080.0,:2749340167_0,1
6080.0,:3208478128_0,1
6080.0,:cluster655375336_end_0_655375336_end_1_655375336_end_10_655375336_end_11_#8more_21,1
6080.0,:cluster_2528018119_655375236_17,1
6080.0,:cluster_2528018119_655375236_31,1
6080.0,:cluster_9383263990_9383263991_9383263992_9383263993_10,1
6080.0,:cluster_9383263990_9383263991_9383263992_9383263993_13,1
6100.0,-593847703#3,2
6100.0,-E0,1
6100.0,182334378#0,1
6100.0,244450512#5,1
6100.0,30620492#0,1
6100.0,30620492#1,5
6100.0,506322842#0,1
6100.0,506322844#0,5
6100.0,594658757#0,1
6100.0,594658760#0,1
6100.0,:655375233_4,2
6100.0,:cluster655375336_end_0_655375336_end_1_655375336_end_10_655375336_end_11_#8more_17,1
6100.0,:cluster655375336_end_0_655375336_end_1_655375336_end_10_655375336_end_11_#8more_21,3
6120.0,-E0,1
6120.0,182334378#0,1
6120.0,244450512#5,1
6120.0,30620492#1,4
6120.0,49695736#0,1
6120.0,506322842#0,1
6120.0,506322844#0,7
6140.0,-300077497#5,4
6140.0,-593847703#3,1
6140.0,-E0,1
6140.0,244450512#5,1
6140.0,263217604#0,3
6140.0,30620492#1,4
6140.0,:cluster_5372642442_631668976_631668981_631669076_36,1
6160.0,-300077497#5,4
6160.0,-593847703#3,1
6160.0,1068234499#0,1
6160.0,244450512#5,1
6160.0,263217604#0,3
6160.0,30620492#1,4
6180.0,-593847703#3,4
6180.0,-E0,2
6180.0,1068234499#0,1
6180.0,506322842#0,1
6180.0,506322844#0,3
6180.0,594658757#0,2
6180.0,594658760#0,1
6200.0,-593847703#3,4
6200.0,-E0,3
6200.0,1068234499#0,1
6200.0,506322842#0,1
6200.0,506322844#0,3
