time,edge_id,vehicle_count
60.0,-360018417,5
60.0,-51362429#1,2
60.0,-51362430,8
60.0,-593847703#3,6
60.0,-E0,19
60.0,1068234498#0,22
60.0,1068234499#0,1
60.0,1068440001,4
60.0,1068440004#1,19
60.0,1068440006#0,1
60.0,1334905223#0,1
60.0,182334378#0,23
60.0,196961377#0,8
60.0,238526531#0,2
60.0,244450512#1,2
60.0,260881642#0,3
60.0,263217603#0,2
60.0,288135626#0,3
60.0,288135628#0,1
60.0,30620492#0,15
60.0,30620492#1,5
60.0,314800955,1
60.0,360843888,1
60.0,484988951#0,4
60.0,48794887#0,2
60.0,49073226#2,1
60.0,506322840#0,2
60.0,506322841#4,1
60.0,506322842#0,5
60.0,506322844#0,6
60.0,506322846#2,3
60.0,506322853#0,3
60.0,51362429#0,9
60.0,51392936#0,1
60.0,593847703#0,2
60.0,593847704#0,1
60.0,593849711#2,12
60.0,594658757#0,1
60.0,594658762#0,14
60.0,668037874,1
60.0,:3086736518_0,1
60.0,:6251747844_2,1
60.0,:655375232_11,1
60.0,:655375232_6,1
60.0,:656132414_2,1
60.0,:cluster11510670762_4554226152_0,1
60.0,:cluster619136880_619136881_cluster_4510442270_5296993511_5296993513_619136931_#1more_12,1
60.0,:cluster655375228_655375240_0,1
60.0,:cluster655375228_655375240_2,1
60.0,:cluster655375336_end_0_655375336_end_1_655375336_end_10_655375336_end_11_#8more_10,1
60.0,:cluster655375336_end_0_655375336_end_1_655375336_end_10_655375336_end_11_#8more_12,1
60.0,:cluster655375336_end_0_655375336_end_1_655375336_end_10_655375336_end_11_#8more_25,2
60.0,:cluster_2528018119_655375236_26,1
60.0,:cluster_2528018119_655375236_3,1
60.0,:cluster_3208478133_655375293_655375296_9631728504_#1more_8,4
60.0,:cluster_5372642442_631668976_631668981_631669076_22,1
60.0,:cluster_5372642442_631668976_631668981_631669076_26,1
60.0,:cluster_5372642442_631668976_631668981_631669076_45,1
60.0,E0,1
80.0,-1334905223#2,1
80.0,-360018417,5
80.0,-51362429#1,2
80.0,-51362430,8
80.0,-E0,19
80.0,1068234498#0,17
80.0,1068234499#0,7
80.0,1068440001,4
80.0,1068440004#1,26
80.0,1068440006#0,2
80.0,1334905223#0,1
80.0,182334378#0,23
80.0,196961377#0,13
80.0,232003903#0,1
80.0,238526531#0,8
80.0,244450512#1,2
80.0,260881642#0,3
80.0,263217603#0,2
80.0,288135626#0,3
80.0,288135628#0,2
80.0,30620492#0,18
80.0,30620492#1,5
80.0,360843888,1
80.0,484988951#0,4
80.0,48794887#0,1
80.0,49073226#2,5
80.0,49695736#0,10
80.0,506322840#0,2
80.0,506322841#3,1
80.0,506322841#4,1
80.0,506322842#0,11
80.0,506322844#0,6
80.0,506322846#2,4
80.0,506322853#0,3
80.0,51289045#7,1
80.0,51362429#0,13
80.0,593847703#0,2
80.0,593847704#0,2
80.0,593849711#2,17
80.0,594658757#0,1
80.0,594658762#0,13
80.0,668037874,2
80.0,:3086736518_0,1
80.0,:655375232_8,1
80.0,:655375233_4,2
80.0,:656132414_2,1
80.0,:cluster11510670762_4554226152_0,1
80.0,:cluster619136880_619136881_cluster_4510442270_5296993511_5296993513_619136931_#1more_12,1
80.0,:cluster655375228_655375240_0,1
80.0,:cluster655375228_655375240_2,1
80.0,:cluster655375336_end_0_655375336_end_1_655375336_end_10_655375336_end_11_#8more_10,1
80.0,:cluster655375336_end_0_655375336_end_1_655375336_end_10_655375336_end_11_#8more_12,1
80.0,:cluster655375336_end_0_655375336_end_1_655375336_end_10_655375336_end_11_#8more_25,2
80.0,:cluster_2528018119_655375236_26,1
80.0,:cluster_2528018119_655375236_3,1
80.0,:cluster_2664674491_655375287_655375288_5,1
80.0,:cluster_3208478133_655375293_655375296_9631728504_#1more_8,2
80.0,:cluster_5372642442_631668976_631668981_631669076_26,1
80.0,:cluster_5372642442_631668976_631668981_631669076_45,2
80.0,:cluster_9383263990_9383263991_9383263992_9383263993_0,1
80.0,E0,3
100.0,-300077497#5,1
100.0,-300077497#8,1
100.0,-35274074#2,3
100.0,-360018417,1
100.0,-51362429#1,2
100.0,-51362430,8
100.0,-593847703#3,2
100.0,-E0,19
100.0,-E1,1
100.0,1068234498#0,19
100.0,1068234499#0,7
100.0,1068440001,2
100.0,1068440004#1,23
100.0,1068440006#0,2
100.0,182334378#0,23
100.0,182334379#0,1
100.0,196961377#0,16
100.0,232003903#0,2
100.0,238526531#0,6
100.0,244450512#1,2
100.0,260881642#0,4
100.0,263217603#0,3
100.0,263217604#0,1
100.0,288135626#0,2
100.0,288135628#0,1
100.0,288878926#0,3
100.0,300077497#0,2
100.0,30620492#0,18
100.0,30620492#1,5
100.0,360843888,1
100.0,484988951#0,4
100.0,48794887#0,2
100.0,49073226#2,3
100.0,49073272#4,3
100.0,49695736#0,11
100.0,506322841#4,1
100.0,506322842#0,6
100.0,506322844#0,2
100.0,506322846#0,6
100.0,506322846#2,2
100.0,506322848#0,3
100.0,506322853#0,3
100.0,51362429#0,15
100.0,593847702#0,6
100.0,593847703#0,2
100.0,593847704#0,2
100.0,593849711#2,17
100.0,594658757#0,1
100.0,594658762#0,16
100.0,668037874,3
100.0,:2444664370_0,1
100.0,:3086736518_0,1
100.0,:3208478121_0,1
100.0,:655375233_8,4
100.0,:655375238_5,1
100.0,:655375239_5,1
100.0,:656132414_2,1
100.0,:cluster11510670762_4554226152_0,1
100.0,:cluster619136880_619136881_cluster_4510442270_5296993511_5296993513_619136931_#1more_12,1
100.0,:cluster619136880_619136881_cluster_4510442270_5296993511_5296993513_619136931_#1more_8,1
100.0,:cluster655375336_end_0_655375336_end_1_655375336_end_10_655375336_end_11_#8more_10,1
100.0,:cluster655375336_end_0_655375336_end_1_655375336_end_10_655375336_end_11_#8more_12,1
100.0,:cluster655375336_end_0_655375336_end_1_655375336_end_10_655375336_end_11_#8more_25,4
100.0,:cluster_2038168688_655375573_17,2
100.0,:cluster_2038168688_655375573_21,1
100.0,:cluster_2038168688_655375573_9,1
100.0,:cluster_2528018119_655375236_12,2
100.0,:cluster_2528018119_655375236_20,1
100.0,:cluster_2528018119_655375236_26,1
100.0,:cluster_2528018119_655375236_3,1
100.0,:cluster_2528018119_655375236_32,1
100.0,:cluster_3208478133_655375293_655375296_9631728504_#1more_8,2
100.0,:cluster_3431431575_4777363357_655375231_6982059025_3,1
100.0,:cluster_623980147_623980152_4,1
100.0,:cluster_9383263990_9383263991_9383263992_9383263993_7,1
100.0,E0,3
120.0,-1334905223#2,2
120.0,-300077497#5,9
120.0,-300077497#8,1
120.0,-35274074#2,8
120.0,-51362430,7
120.0,-593847703#3,3
120.0,-594658757#2,1
120.0,-E0,19
120.0,-E1,1
120.0,1068234498#0,28
120.0,1068234499#0,8
120.0,1068440001,6
120.0,1068440004#1,27
120.0,1068440006#0,2
120.0,1334904386#0,1
120.0,182334378#0,24
120.0,182334379#0,1
120.0,196961377#0,24
120.0,232003903#0,2
120.0,244450512#1,3
120.0,260881642#0,2
120.0,263217603#0,3
120.0,263217604#0,1
120.0,288135628#0,2
120.0,288878926#0,10
120.0,300077497#0,8
120.0,30620492#0,18
120.0,30620492#1,5
120.0,314800955,1
120.0,360843888,1
120.0,484988951#0,4
120.0,48794887#0,2
120.0,49695736#0,8
120.0,506322840#0,2
120.0,506322841#3,1
120.0,506322841#4,1
120.0,506322842#0,1
120.0,506322844#0,3
120.0,506322846#0,4
120.0,506322846#2,7
120.0,506322851#0,6
120.0,506322853#0,2
120.0,51362429#0,16
120.0,51392936#0,1
120.0,593844221#0,1
120.0,593847702#0,5
120.0,593847703#0,2
120.0,593849711#2,18
120.0,593849718#0,3
120.0,594658762#0,23
120.0,668037874,3
120.0,:1973482489_4,1
120.0,:2444664370_0,1
120.0,:3086736518_0,1
120.0,:655375238_1,1
120.0,:cluster11510670762_4554226152_0,1
120.0,:cluster619136880_619136881_cluster_4510442270_5296993511_5296993513_619136931_#1more_8,1
120.0,:cluster622618015_622618108_622618112_622618144_#2more_39,2
120.0,:cluster_2528018119_655375236_12,2
120.0,:cluster_2528018119_655375236_20,1
120.0,:cluster_2528018119_655375236_3,1
120.0,:cluster_2528018119_655375236_32,1
120.0,:cluster_3208478133_655375293_655375296_9631728504_#1more_8,5
120.0,:cluster_5372642442_631668976_631668981_631669076_33,1
120.0,E0,3
140.0,-300077497#5,11
140.0,-35274074#2,8
140.0,-360018417,5
140.0,-51362430,12
140.0,-593847703#3,3
140.0,-594658757#2,3
140.0,-E0,18
140.0,1068234498#0,33
140.0,1068234499#0,9
140.0,1068440001,7
140.0,1068440004#1,33
140.0,1068440006#0,2
140.0,1334904386#0,3
140.0,182334378#0,17
140.0,182334379#0,1
140.0,196961377#0,20
140.0,244450512#1,3
140.0,244450512#5,1
140.0,263217603#0,2
140.0,263217604#0,1
140.0,288135626#0,3
140.0,288135628#0,1
140.0,288878926#0,10
140.0,300077497#0,11
140.0,303647015#0,1
140.0,30620492#0,18
140.0,30620492#1,5
140.0,35274074#0,3
140.0,484988951#0,4
140.0,48794887#0,2
140.0,49073272#4,2
140.0,49695736#0,13
140.0,506322840#0,1
140.0,506322841#4,1
140.0,506322842#0,3
140.0,506322844#0,7
140.0,506322846#2,4
140.0,506322851#0,3
140.0,506322851#2,2
140.0,506322853#0,6
140.0,51362429#0,12
140.0,51362430,3
140.0,51392936#0,1
140.0,593844221#0,1
140.0,593847702#0,5
140.0,593847703#0,1
140.0,593847705,1
140.0,593849711#2,18
140.0,594658762#0,28
140.0,668037874,5
140.0,:2444664370_0,2
140.0,:3086736518_0,1
140.0,:3086736518_6,1
140.0,:655375232_2,3
140.0,:655375233_0,1
140.0,:655375238_6,1
140.0,:cluster11510670762_4554226152_0,2
140.0,:cluster655375228_655375240_0,1
140.0,:cluster655375228_655375240_13,1
140.0,:cluster655375336_end_0_655375336_end_1_655375336_end_10_655375336_end_11_#8more_10,1
140.0,:cluster655375336_end_0_655375336_end_1_655375336_end_10_655375336_end_11_#8more_12,1
140.0,:cluster655375336_end_0_655375336_end_1_655375336_end_10_655375336_end_11_#8more_25,1
140.0,:cluster_2038168688_655375573_23,1
140.0,:cluster_2528018119_655375236_3,2
140.0,:cluster_3208478133_655375293_655375296_9631728504_#1more_8,1
140.0,E0,3
160.0,-186602412#3,1
160.0,-300077497#5,11
160.0,-35274074#2,8
160.0,-360018417,5
160.0,-51362429#1,1
160.0,-51362430,16
160.0,-593847703#3,3
160.0,-593847704#2,3
160.0,-594658757#2,6
160.0,-E0,19
160.0,1068234498#0,26
160.0,1068234499#0,14
160.0,1068440001,9
160.0,1068440004#1,33
160.0,1068440006#0,2
160.0,1334904386#0,5
160.0,1334905223#0,2
160.0,182334378#0,14
160.0,186602412#0,2
160.0,196961377#0,22
160.0,238526531#0,4
160.0,244450512#1,3
160.0,244450512#4,1
160.0,244450512#5,1
160.0,263217603#0,2
160.0,288135626#0,5
160.0,288135628#0,2
160.0,288878926#0,3
160.0,300077497#0,7
160.0,30620492#0,18
160.0,30620492#1,5
160.0,35274074#0,3
160.0,484988951#0,4
160.0,48794887#0,2
160.0,49695736#0,15
160.0,506322840#0,1
160.0,506322841#3,1
160.0,506322841#4,1
160.0,506322842#0,8
160.0,506322844#0,7
160.0,506322846#0,5
160.0,506322846#2,5
160.0,506322853#0,11
160.0,51289045#5,1
160.0,51362429#0,12
160.0,593847702#0,5
160.0,593847703#0,5
160.0,593847705,1
160.0,593849711#0,1
160.0,593849711#2,15
160.0,593849718#0,1
160.0,594658762#0,23
160.0,668037874,4
160.0,:2444664370_0,1
160.0,:3086736518_0,1
160.0,:3086736518_6,1
160.0,:655375232_2,2
160.0,:655375232_6,2
160.0,:655375238_1,1
160.0,:cluster11510670762_4554226152_0,2
160.0,:cluster619136880_619136881_cluster_4510442270_5296993511_5296993513_619136931_#1more_12,1
160.0,:cluster655375228_655375240_0,2
160.0,:cluster655375336_end_0_655375336_end_1_655375336_end_10_655375336_end_11_#8more_10,1
160.0,:cluster655375336_end_0_655375336_end_1_655375336_end_10_655375336_end_11_#8more_12,1
160.0,:cluster655375336_end_0_655375336_end_1_655375336_end_10_655375336_end_11_#8more_25,1
160.0,:cluster_2038168688_655375573_23,1
160.0,:cluster_2038168688_655375573_3,1
160.0,:cluster_2528018119_655375236_3,1
160.0,:cluster_5372642442_631668976_631668981_631669076_26,1
160.0,:cluster_5372642442_631668976_631668981_631669076_45,2
160.0,:cluster_9383263990_9383263991_9383263992_9383263993_19,1
160.0,E0,3
180.0,-300077497#5,10
180.0,-35274074#2,8
180.0,-360018417,5
180.0,-51362429#1,1
180.0,-51362430,18
180.0,-594658757#2,9
180.0,-E0,19
180.0,1068234498#0,23
180.0,1068234499#0,14
180.0,1068440001,9
180.0,1068440004#1,33
180.0,1068440006#0,5
180.0,1334904386#0,9
180.0,182334378#0,14
180.0,186602412#0,6
180.0,196961377#0,26
180.0,238526531#0,12
180.0,244450512#1,3
180.0,244450512#5,2
180.0,263217603#0,2
180.0,288135626#0,5
180.0,288135628#0,1
180.0,300077497#0,3
180.0,300077497#6,2
180.0,30620492#0,18
180.0,30620492#1,5
180.0,35274074#0,4
180.0,484988951#0,2
180.0,48794887#0,2
180.0,49073226#2,6
180.0,49695736#0,15
180.0,506322841#4,1
180.0,506322842#0,16
180.0,506322844#0,7
180.0,506322846#0,5
180.0,506322846#2,8
180.0,506322853#0,11
180.0,51289045#5,1
180.0,51362429#0,14
180.0,593847702#0,5
180.0,593847705,1
180.0,593849711#2,12
180.0,594658762#0,20
180.0,668037874,4
180.0,:2444664370_0,1
180.0,:3086736518_0,1
180.0,:3086736518_6,1
180.0,:655375232_2,2
180.0,:655375232_8,1
180.0,:655375233_10,1
180.0,:cluster11510670762_4554226152_0,2
180.0,:cluster655375336_end_0_655375336_end_1_655375336_end_10_655375336_end_11_#8more_25,1
180.0,:cluster_2038168688_655375573_23,1
180.0,:cluster_2528018119_655375236_31,1
180.0,:cluster_3431431575_4777363357_655375231_6982059025_3,1
180.0,:cluster_3431431575_4777363357_655375231_6982059025_5,1
180.0,:cluster_5372642442_631668976_631668981_631669076_45,1
180.0,E0,1
200.0,-1334905223#2,2
200.0,-300077497#5,15
200.0,-300077497#8,2
200.0,-35274074#2,12
200.0,-51362430,19
200.0,-593847703#3,6
200.0,-594658757#2,11
200.0,-E0,19
200.0,1068234498#0,25
200.0,1068234499#0,8
200.0,1068440001,9
200.0,1068440004#1,27
200.0,1068440006#0,3
200.0,1239087514,2
200.0,182334378#0,19
200.0,186602412#0,5
200.0,196961377#0,29
200.0,232003903#0,1
200.0,238526531#0,2
200.0,244450512#1,3
200.0,244450512#5,2
200.0,263217603#0,4
200.0,263217604#0,2
200.0,288135626#0,4
200.0,288135628#0,2
200.0,300077497#0,7
200.0,300077497#6,2
200.0,303647015#0,8
200.0,30620492#0,18
200.0,30620492#1,5
200.0,314800955,1
200.0,35274074#0,5
200.0,484988951#0,4
200.0,48794887#0,2
200.0,49073226#2,8
200.0,49073272#4,4
200.0,49695736#0,8
200.0,506322840#0,2
200.0,506322841#3,1
200.0,506322841#4,1
200.0,506322842#0,8
200.0,506322844#0,2
200.0,506322846#0,8
200.0,506322846#2,5
200.0,506322848#0,1
200.0,506322851#0,1
200.0,506322853#0,11
200.0,51289045#5,1
200.0,51362429#0,15
200.0,51362430,1
200.0,51392936#0,1
200.0,593844216#0,1
200.0,593847702#0,2
200.0,593847705,1
200.0,593849711#2,15
200.0,593849718#0,2
200.0,594658762#0,26
200.0,668037874,4
200.0,:2444664370_0,1
200.0,:2690921409_0,1
200.0,:3086736518_0,1
200.0,:3086736518_6,1
200.0,:655375232_2,2
200.0,:655375233_8,4
200.0,:655375238_1,1
200.0,:655375241_0,1
200.0,:cluster11510670762_4554226152_0,2
200.0,:cluster_2038168688_655375573_12,1
200.0,:cluster_2038168688_655375573_17,1
200.0,:cluster_2038168688_655375573_30,1
200.0,:cluster_2528018119_655375236_12,2
200.0,:cluster_2528018119_655375236_20,1
200.0,:cluster_2528018119_655375236_33,1
200.0,:cluster_3431431575_4777363357_655375231_6982059025_3,1
200.0,:cluster_5372642442_631668976_631668981_631669076_36,1
200.0,E0,2
220.0,-300077497#5,19
220.0,-35274074#2,12
220.0,-360018417,1
220.0,-51362430,19
220.0,-593847703#3,10
220.0,-594658757#2,5
220.0,-E0,19
220.0,1068234498#0,31
220.0,1068234499#0,10
220.0,1068440001,9
220.0,1068440004#1,24
220.0,1239087514,1
220.0,182334378#0,25
220.0,196961377#0,24
220.0,196961377#3,2
220.0,238526531#0,2
220.0,244450512#1,3
220.0,244450512#5,2
220.0,263217603#0,5
220.0,263217604#0,3
220.0,288135626#0,4
220.0,288135628#0,1
220.0,300077497#0,11
220.0,303647015#0,4
220.0,30620492#0,18
220.0,30620492#1,5
220.0,35274074#0,7
220.0,484988951#0,5
220.0,48794887#0,2
220.0,49073226#2,9
220.0,49073272#4,1
220.0,506322841#4,1
220.0,506322842#0,9
220.0,506322844#0,5
220.0,506322846#0,4
220.0,506322846#2,4
220.0,506322847#0,1
220.0,506322851#0,6
220.0,506322851#2,2
220.0,506322853#0,13
220.0,51289045#7,1
220.0,51362429#0,15
220.0,51362430,5
220.0,51392936#0,1
220.0,593844216#0,1
220.0,593847702#0,12
220.0,593847705,1
220.0,593849711#2,15
220.0,594658762#0,32
220.0,668037874,4
220.0,:1973482489_4,2
220.0,:2444664370_0,2
220.0,:3086736518_0,1
220.0,:3086736518_6,1
220.0,:619136999_2,1
220.0,:655375232_2,2
220.0,:655375238_1,1
220.0,:cluster11510670762_4554226152_0,2
220.0,:cluster3086736522_655375108_655375247_655375401_#1more_11,2
220.0,:cluster_2038168688_655375573_30,1
220.0,:cluster_2528018119_655375236_29,2
220.0,:cluster_5372642442_631668976_631668981_631669076_36,1
220.0,:cluster_5372642442_631668976_631668981_631669076_47,1
220.0,E0,3
240.0,-300077497#5,15
240.0,-35274074#2,12
240.0,-360018417,5
240.0,-506322847#4,1
240.0,-51362430,19
240.0,-593847703#3,14
240.0,-E0,19
240.0,1068234498#0,29
240.0,1068234499#0,14
240.0,1068440001,5
240.0,1068440004#1,31
240.0,1334905223#0,2
240.0,182334378#0,25
240.0,196961377#0,20
240.0,232003903#0,2
240.0,238526531#0,3
240.0,244450512#1,3
240.0,260881642#0,3
240.0,263217603#0,1
240.0,288135626#0,6
240.0,288135628#0,2
240.0,300077497#0,6
240.0,303647015#0,5
240.0,30620492#0,17
240.0,30620492#1,5
240.0,35274074#0,7
240.0,360843888,1
240.0,484988951#0,4
240.0,48794887#0,2
240.0,49073226#2,9
240.0,49695736#0,2
240.0,506322840#0,1
240.0,506322841#3,1
240.0,506322841#4,1
240.0,506322842#0,13
240.0,506322844#0,6
240.0,506322846#0,4
240.0,506322846#2,9
240.0,506322851#2,2
240.0,506322853#0,19
240.0,51362429#0,15
240.0,51362430,8
240.0,593844216#0,1
240.0,593844221#0,1
240.0,593847702#0,12
240.0,593849711#2,15
240.0,594658757#0,1
240.0,594658760#0,1
240.0,594658762#0,28
240.0,668037874,4
240.0,:2444664370_0,1
240.0,:3086736518_0,1
240.0,:3086736518_6,1
240.0,:655375232_2,2
240.0,:655375233_0,2
240.0,:cluster11510670762_4554226152_0,1
240.0,:cluster622618015_622618108_622618112_622618144_#2more_49,2
240.0,:cluster655375228_655375240_0,1
240.0,:cluster_2038168688_655375573_23,1
240.0,:cluster_2038168688_655375573_3,1
240.0,:cluster_2038168688_655375573_30,1
240.0,:cluster_2038168688_655375573_6,2
240.0,:cluster_3208478133_655375293_655375296_9631728504_#1more_8,4
240.0,:cluster_5372642442_631668976_631668981_631669076_22,2
240.0,:cluster_5372642442_631668976_631668981_631669076_45,1
240.0,:cluster_9383263990_9383263991_9383263992_9383263993_13,1
240.0,E0,3
260.0,-1334905223#2,1
260.0,-300077497#5,13
260.0,-35274074#2,10
260.0,-360018417,5
260.0,-51362430,14
260.0,-593847703#3,14
260.0,-594658757#2,2
260.0,-E0,19
260.0,1068234498#0,23
260.0,1068234499#0,15
260.0,1068440001,8
260.0,1068440004#1,33
260.0,1334904386#0,1
260.0,182334378#0,21
260.0,186602412#0,5
260.0,196961377#0,25
260.0,232003903#0,2
260.0,238526531#0,9
260.0,244450512#1,2
260.0,260881642#0,3
260.0,263217603#0,2
260.0,288135626#0,7
260.0,288135628#0,1
260.0,300077497#0,1
260.0,300077497#6,3
260.0,30620492#0,18
260.0,30620492#1,5
260.0,314800955,1
260.0,35274074#0,6
260.0,360843888,1
260.0,484988951#0,5
260.0,48794887#0,1
260.0,49073226#2,9
260.0,49695736#0,5
260.0,506322840#0,1
260.0,506322841#4,1
260.0,506322842#0,15
260.0,506322844#0,6
260.0,506322846#0,4
260.0,506322846#2,16
260.0,506322851#2,2
260.0,506322853#0,19
260.0,51362429#0,11
260.0,51362430,5
260.0,593844216#0,1
260.0,593844221#0,1
260.0,593847702#0,12
260.0,593847703#0,8
260.0,593847705,1
260.0,593849711#2,15
260.0,594658757#0,1
260.0,594658760#0,2
260.0,594658762#0,20
260.0,668037874,4
260.0,:1973482489_8,1
260.0,:2444664370_0,1
260.0,:3086736518_0,1
260.0,:3086736518_6,1
260.0,:655375232_2,4
260.0,:655375238_3,1
260.0,:cluster11510670762_4554226152_0,2
260.0,:cluster619136880_619136881_cluster_4510442270_5296993511_5296993513_619136931_#1more_12,1
260.0,:cluster655375228_655375240_0,1
260.0,:cluster655375228_655375240_2,1
260.0,:cluster655375336_end_0_655375336_end_1_655375336_end_10_655375336_end_11_#8more_40,2
260.0,:cluster_2038168688_655375573_23,1
260.0,:cluster_2038168688_655375573_3,1
260.0,:cluster_2038168688_655375573_30,1
260.0,:cluster_2038168688_655375573_6,2
260.0,:cluster_2528018119_655375236_17,1
260.0,:cluster_2528018119_655375236_31,1
260.0,:cluster_3208478133_655375293_655375296_9631728504_#1more_8,2
260.0,:cluster_5372642442_631668976_631668981_631669076_26,1
260.0,:cluster_5372642442_631668976_631668981_631669076_45,2
260.0,:cluster_9383263990_9383263991_9383263992_9383263993_13,1
260.0,E0,3
280.0,-300077497#5,14
280.0,-300077497#8,1
280.0,-35274074#2,12
280.0,-360018417,1
280.0,-51362429#1,4
280.0,-51362430,18
280.0,-593847703#3,15
280.0,-594658757#2,5
280.0,-E0,19
280.0,-E1,1
280.0,1068234498#0,21
280.0,1068234499#0,9
280.0,1068440001,5
280.0,1068440004#1,33
280.0,1334904386#0,1
280.0,182334378#0,16
280.0,186602412#0,5
280.0,196961377#0,27
280.0,232003903#0,2
280.0,238526531#0,9
280.0,244450512#1,2
280.0,260881642#0,3
280.0,263217603#0,3
280.0,263217604#0,1
280.0,288135626#0,8
280.0,288135628#0,1
280.0,300077497#0,2
280.0,300077497#6,4
280.0,303647015#0,1
280.0,30620492#0,18
280.0,30620492#1,5
280.0,314800955,1
280.0,35274074#0,3
280.0,360843888,1
280.0,484988951#0,2
280.0,48794887#0,2
280.0,49073226#2,10
280.0,49073272#4,3
280.0,49695736#0,1
280.0,506322841#4,2
280.0,506322842#0,15
280.0,506322844#0,3
280.0,506322846#0,8
280.0,506322846#2,6
280.0,506322848#0,3
280.0,506322851#0,3
280.0,506322851#2,2
280.0,506322853#0,19
280.0,51362429#0,13
280.0,51362430,3
280.0,51392936#0,1
280.0,593844216#0,1
280.0,593844221#0,1
280.0,593847702#0,4
280.0,593847703#0,6
280.0,593847705,1
280.0,593849711#2,13
280.0,593849718#0,3
280.0,594658757#0,1
280.0,594658760#0,2
280.0,594658762#0,23
280.0,668037874,4
280.0,:2444664370_0,1
280.0,:3086736518_0,1
280.0,:3086736518_4,1
280.0,:3086736518_6,1
280.0,:3208478121_0,1
280.0,:655375232_2,4
280.0,:655375233_4,2
280.0,:655375238_1,1
280.0,:655375238_5,1
280.0,:655375239_5,1
280.0,:cluster11510670762_4554226152_0,2
280.0,:cluster3086736522_655375108_655375247_655375401_#1more_8,1
280.0,:cluster622618015_622618108_622618112_622618144_#2more_31,5
280.0,:cluster655375336_end_0_655375336_end_1_655375336_end_10_655375336_end_11_#8more_12,3
280.0,:cluster655375336_end_0_655375336_end_1_655375336_end_10_655375336_end_11_#8more_25,2
280.0,:cluster_2038168688_655375573_17,1
280.0,:cluster_2038168688_655375573_21,1
280.0,:cluster_2038168688_655375573_9,1
280.0,:cluster_2528018119_655375236_12,2
280.0,:cluster_2528018119_655375236_20,1
280.0,:cluster_2528018119_655375236_28,1
280.0,:cluster_2528018119_655375236_32,1
280.0,:cluster_2528018119_655375236_33,1
280.0,:cluster_2528018119_655375236_8,1
280.0,:cluster_3208478133_655375293_655375296_9631728504_#1more_8,3
280.0,:cluster_3431431575_4777363357_655375231_6982059025_7,2
280.0,:cluster_5372642442_631668976_631668981_631669076_33,1
280.0,:cluster_5372642442_631668976_631668981_631669076_47,2
280.0,E0,3
300.0,-1334905223#2,3
300.0,-300077497#5,19
300.0,-300077497#8,1
300.0,-35274074#2,12
300.0,-51362429#1,8
300.0,-51362430,15
300.0,-593847703#3,17
300.0,-594658757#2,8
300.0,-E0,19
300.0,-E1,1
300.0,1068234498#0,28
300.0,1068234499#0,11
300.0,1068440001,5
300.0,1068440004#1,31
300.0,182334378#0,21
300.0,186602412#0,4
300.0,196961377#0,27
300.0,232003903#0,2
300.0,238526531#0,6
300.0,244450512#1,3
300.0,260881642#0,2
300.0,263217603#0,4
300.0,263217604#0,4
300.0,288135626#0,5
300.0,288135628#0,1
300.0,300077497#0,4
300.0,300077497#6,4
300.0,303647015#0,2
300.0,30620492#0,18
300.0,30620492#1,5
300.0,35274074#0,7
300.0,360843888,1
300.0,484988951#0,4
300.0,48794887#0,2
300.0,49073226#2,12
300.0,49695736#0,1
300.0,506322840#0,1
300.0,506322841#4,1
300.0,506322842#0,15
300.0,506322844#0,3
300.0,506322846#0,5
300.0,506322846#2,5
300.0,506322851#0,3
300.0,506322851#2,6
300.0,506322853#0,19
300.0,51362429#0,16
300.0,593842812#0,1
300.0,593844221#0,1
300.0,593847702#0,2
300.0,593847703#0,6
300.0,593847705,1
300.0,593849711#2,16
300.0,594658757#0,1
300.0,594658760#0,2
300.0,594658762#0,29
300.0,668037874,4
300.0,:2444664370_0,2
300.0,:3086736518_0,1
300.0,:3086736518_6,1
300.0,:655375232_2,4
300.0,:655375233_8,2
300.0,:656132414_2,1
300.0,:cluster11510670762_4554226152_0,2
300.0,:cluster3086736522_655375108_655375247_655375401_#1more_11,1
300.0,:cluster_2038168688_655375573_30,1
300.0,:cluster_2528018119_655375236_12,2
300.0,:cluster_2528018119_655375236_25,1
300.0,:cluster_2528018119_655375236_33,1
300.0,:cluster_2528018119_655375236_8,1
300.0,:cluster_3208478133_655375293_655375296_9631728504_#1more_8,4
300.0,:cluster_3431431575_4777363357_655375231_6982059025_7,1
300.0,:cluster_5372642442_631668976_631668981_631669076_33,2
300.0,:cluster_9383263990_9383263991_9383263992_9383263993_7,1
300.0,E0,3
320.0,-300077497#5,21
320.0,-35274074#2,11
320.0,-360018417,5
320.0,-51362429#1,8
320.0,-51362430,14
320.0,-593847703#3,22
320.0,-E0,19
320.0,1068234498#0,34
320.0,1068234499#0,10
320.0,1068440001,10
320.0,1068440004#1,23
320.0,1239087514,1
320.0,182334378#0,22
320.0,196961377#0,20
320.0,238526531#0,6
320.0,244450512#1,3
320.0,244450512#4,1
320.0,263217603#0,1
320.0,263217604#0,4
320.0,288135626#0,6
320.0,300077497#0,4
320.0,303647015#0,9
320.0,30620492#0,18
320.0,30620492#1,5
320.0,35274074#0,7
320.0,484988951#0,4
320.0,49073226#2,13
320.0,49073272#4,2
320.0,49695736#0,2
320.0,506322840#0,1
320.0,506322842#0,14
320.0,506322844#0,5
320.0,506322846#2,7
320.0,506322851#0,6
320.0,506322851#2,8
320.0,506322853#0,19
320.0,51362429#0,16
320.0,51362430,3
320.0,593844221#0,1
320.0,593847702#0,13
320.0,593847703#0,2
320.0,593847705,1
320.0,593849711#2,18
320.0,594658757#0,1
320.0,594658760#0,2
320.0,594658762#0,31
320.0,668037874,4
320.0,:1973482489_4,1
320.0,:2444664370_0,1
320.0,:3086736518_0,1
320.0,:3086736518_6,1
320.0,:655375232_2,4
320.0,:655375238_3,1
320.0,:656132414_3,1
320.0,:cluster11510670762_4554226152_0,2
320.0,:cluster655375228_655375240_0,1
320.0,:cluster655375228_655375240_2,1
320.0,:cluster655375336_end_0_655375336_end_1_655375336_end_10_655375336_end_11_#8more_12,3
320.0,:cluster655375336_end_0_655375336_end_1_655375336_end_10_655375336_end_11_#8more_25,2
320.0,:cluster655375336_end_0_655375336_end_1_655375336_end_10_655375336_end_11_#8more_6,1
320.0,:cluster_2038168688_655375573_23,1
320.0,:cluster_2038168688_655375573_3,1
320.0,:cluster_2038168688_655375573_30,1
320.0,:cluster_2038168688_655375573_6,2
320.0,:cluster_2528018119_655375236_3,2
320.0,:cluster_3208478133_655375293_655375296_9631728504_#1more_8,1
340.0,-300077497#5,21
340.0,-35274074#2,9
340.0,-360018417,5
340.0,-51362429#1,8
340.0,-51362430,19
340.0,-593847703#3,22
340.0,-593847704#2,1
340.0,-594658757#2,3
340.0,-E0,19
340.0,1068234498#0,25
340.0,1068234499#0,11
340.0,1068440001,10
340.0,1068440004#1,30
340.0,1239087514,1
340.0,1334905223#0,2
340.0,182334378#0,16
340.0,186602412#0,2
340.0,196961377#0,22
340.0,238526531#0,9
340.0,244450512#1,3
340.0,244450512#4,1
340.0,244450512#5,1
340.0,288135626#0,10
340.0,288878926#0,3
340.0,300077497#0,3
340.0,300077497#6,4
340.0,30620492#0,18
340.0,30620492#1,5
340.0,484988951#0,5
340.0,49073226#2,7
340.0,49695736#0,6
340.0,506322840#0,1
340.0,506322842#0,14
340.0,506322844#0,5
340.0,506322846#0,6
340.0,506322846#2,8
340.0,506322851#0,6
340.0,506322851#2,8
340.0,506322853#0,19
340.0,51362429#0,16
340.0,51362430,7
340.0,593847702#0,13
340.0,593847703#0,1
340.0,593847705,1
340.0,593849711#2,18
340.0,594658757#0,1
340.0,594658760#0,5
340.0,594658762#0,23
340.0,668037874,3
340.0,:1973482489_3,1
340.0,:2444664370_0,2
340.0,:3086736518_0,1
340.0,:3086736518_6,1
340.0,:655375232_2,4
340.0,:655375238_6,1
340.0,:cluster11510670762_4554226152_0,2
340.0,:cluster619136880_619136881_cluster_4510442270_5296993511_5296993513_619136931_#1more_8,1
340.0,:cluster622618015_622618108_622618112_622618144_#2more_2,1
340.0,:cluster655375228_655375240_2,1
340.0,:cluster655375336_end_0_655375336_end_1_655375336_end_10_655375336_end_11_#8more_10,1
340.0,:cluster655375336_end_0_655375336_end_1_655375336_end_10_655375336_end_11_#8more_12,1
340.0,:cluster655375336_end_0_655375336_end_1_655375336_end_10_655375336_end_11_#8more_40,2
340.0,:cluster_2038168688_655375573_23,1
340.0,:cluster_2038168688_655375573_24,1
340.0,:cluster_2038168688_655375573_3,1
340.0,:cluster_5372642442_631668976_631668981_631669076_26,1
340.0,:cluster_5372642442_631668976_631668981_631669076_45,2
340.0,:cluster_623980147_623980152_9,1
360.0,-300077497#5,18
360.0,-35274074#2,9
360.0,-360018417,5
360.0,-51362429#1,3
360.0,-51362430,19
360.0,-593847703#3,25
360.0,-594658757#2,9
360.0,-E0,19
360.0,1068234498#0,22
360.0,1068234499#0,12
360.0,1068440001,10
360.0,1068440004#1,33
360.0,1334904386#0,3
360.0,1334905223#0,2
360.0,182334378#0,13
360.0,186602412#0,5
360.0,196961377#0,26
360.0,238526531#0,17
360.0,244450512#1,3
360.0,244450512#5,2
360.0,263217603#0,1
360.0,288135626#0,12
360.0,288878926#0,6
360.0,300077497#6,4
360.0,30620492#0,18
360.0,30620492#1,5
360.0,484988951#0,3
360.0,49073226#2,5
360.0,49695736#0,6
360.0,506322842#0,14
360.0,506322844#0,5
360.0,506322846#0,6
360.0,506322846#2,9
360.0,506322851#0,6
360.0,506322851#2,8
360.0,506322853#0,19
360.0,51362429#0,13
360.0,51362430,6
360.0,593847702#0,13
360.0,593847703#0,8
360.0,593847704#0,1
360.0,593849711#2,19
360.0,593849718#0,2
360.0,594658757#0,1
360.0,594658760#0,5
360.0,594658762#0,17
360.0,668037874,4
360.0,:2444664370_0,1
360.0,:3086736518_0,3
360.0,:655375233_0,2
360.0,:cluster11510670762_4554226152_0,2
360.0,:cluster655375336_end_0_655375336_end_1_655375336_end_10_655375336_end_11_#8more_12,2
360.0,:cluster655375336_end_0_655375336_end_1_655375336_end_10_655375336_end_11_#8more_40,1
360.0,:cluster_2038168688_655375573_23,1
360.0,:cluster_3431431575_4777363357_655375231_6982059025_3,1
360.0,:cluster_3431431575_4777363357_655375231_6982059025_5,1
360.0,:cluster_5372642442_631668976_631668981_631669076_45,1
360.0,:cluster_623980147_623980152_4,1
380.0,-300077497#5,24
380.0,-35274074#2,12
380.0,-51362429#1,4
380.0,-51362430,19
380.0,-593847703#3,27
380.0,-594658757#2,12
380.0,-E0,19
380.0,1068234498#0,27
380.0,1068234499#0,8
380.0,1068440001,10
380.0,1068440004#1,34
380.0,1068440006#0,4
380.0,182334378#0,14
380.0,186602412#0,4
380.0,196961377#0,27
380.0,238526531#0,9
380.0,244450512#1,3
380.0,244450512#5,2
380.0,263217603#0,1
380.0,263217604#0,1
380.0,288135626#0,11
380.0,288878926#0,13
380.0,300077497#0,6
380.0,300077497#6,4
380.0,303647015#0,3
380.0,30620492#0,18
380.0,30620492#1,5
380.0,484988951#0,4
380.0,49073226#2,9
380.0,49073272#3,1
380.0,49073272#4,5
380.0,506322840#0,1
380.0,506322842#0,9
380.0,506322844#0,2
380.0,506322846#0,1
380.0,506322846#2,3
380.0,506322848#0,1
380.0,506322851#0,12
380.0,506322851#2,8
380.0,506322853#0,19
380.0,51362429#0,14
380.0,593847703#0,7
380.0,593847704#0,1
380.0,593849711#2,12
380.0,593849718#0,7
380.0,594658757#0,1
380.0,594658760#0,4
380.0,594658762#0,24
380.0,668037874,4
380.0,:1973482489_4,2
380.0,:1973482489_8,1
380.0,:2444664370_0,1
380.0,:3086736518_0,3
380.0,:655375233_4,1
380.0,:655375239_5,1
380.0,:655375241_0,2
380.0,:cluster11510670762_4554226152_0,2
380.0,:cluster3086736522_655375108_655375247_655375401_#1more_8,1
380.0,:cluster622618015_622618108_622618112_622618144_#2more_31,1
380.0,:cluster_2038168688_655375573_30,1
380.0,:cluster_2528018119_655375236_12,1
380.0,:cluster_2528018119_655375236_29,1
380.0,:cluster_3431431575_4777363357_655375231_6982059025_7,1
380.0,:cluster_9383263990_9383263991_9383263992_9383263993_7,2
400.0,-1334905223#2,1
400.0,-300077497#5,27
400.0,-35274074#2,12
400.0,-360018417,2
400.0,-51362429#1,3
400.0,-51362430,19
400.0,-593847703#3,23
400.0,-594658757#2,7
400.0,-E0,19
400.0,1068234498#0,33
400.0,1068234499#0,6
400.0,1068440001,10
400.0,1068440004#1,34
400.0,1068440006#0,1
400.0,1239087514,1
400.0,1334904386#0,1
400.0,182334378#0,14
400.0,196961377#0,23
400.0,232003903#0,1
400.0,238526531#0,9
400.0,244450512#1,3
400.0,244450512#5,2
400.0,263217603#0,1
400.0,263217604#0,1
400.0,288135626#0,9
400.0,288878926#0,15
400.0,300077497#0,10
400.0,303647015#0,4
400.0,30620492#0,18
400.0,30620492#1,5
400.0,35274074#0,3
400.0,484988951#0,2
400.0,49073226#2,8
400.0,49073272#3,1
400.0,506322842#0,8
400.0,506322844#0,7
400.0,506322846#2,2
400.0,506322851#0,14
400.0,506322851#2,8
400.0,506322853#0,19
400.0,51362429#0,14
400.0,593847702#0,3
400.0,593847703#0,7
400.0,593847704#0,1
400.0,593849711#2,16
400.0,593849718#0,1
400.0,594658757#0,1
400.0,594658760#0,4
400.0,594658762#0,31
400.0,668037874,4
400.0,:2444664370_0,1
400.0,:3086736518_0,3
400.0,:3208478121_0,1
400.0,:619136999_2,1
400.0,:655375239_3,1
400.0,:cluster11510670762_4554226152_0,2
400.0,:cluster3086736522_655375108_655375247_655375401_#1more_11,2
400.0,:cluster622618015_622618108_622618112_622618144_#2more_39,1
400.0,:cluster655375336_end_0_655375336_end_1_655375336_end_10_655375336_end_11_#8more_31,1
400.0,:cluster_2038168688_655375573_17,1
400.0,:cluster_2038168688_655375573_30,1
400.0,:cluster_2528018119_655375236_29,1
400.0,:cluster_3431431575_4777363357_655375231_6982059025_3,1
400.0,:cluster_3431431575_4777363357_655375231_6982059025_5,1
400.0,:cluster_3431431575_4777363357_655375231_6982059025_7,2
420.0,-300077497#5,25
420.0,-35274074#2,12
420.0,-360018417,5
420.0,-51362429#1,3
420.0,-51362430,18
420.0,-593847703#3,25
420.0,-593847704#2,1
420.0,-594658757#2,2
420.0,-E0,19
420.0,1068234498#0,31
420.0,1068234499#0,11
420.0,1068440001,7
420.0,1068440004#1,22
420.0,1068440006#0,1
420.0,1334904386#0,1
420.0,1334905223#0,1
420.0,182334378#0,19
420.0,196961377#0,20
420.0,232003903#0,2
420.0,238526531#0,11
420.0,244450512#1,2
420.0,260881642#0,3
420.0,263217603#0,1
420.0,288135626#0,5
420.0,288878926#0,10
420.0,300077497#0,7
420.0,300077497#6,2
420.0,303647015#0,6
420.0,30620492#0,18
420.0,30620492#1,5
420.0,360018417,1
420.0,484988951#0,4
420.0,49073226#2,8
420.0,49073272#4,1
420.0,506322840#0,1
420.0,506322842#0,8
420.0,506322844#0,8
420.0,506322846#0,3
420.0,506322846#2,3
420.0,506322851#0,14
420.0,506322851#2,8
420.0,506322853#0,19
420.0,51362429#0,16
420.0,51362430,2
420.0,593844221#0,1
420.0,593847702#0,15
420.0,593847704#0,1
420.0,593849711#2,16
420.0,594658757#0,2
420.0,594658760#0,4
420.0,594658762#0,27
420.0,668037874,4
420.0,:2444664370_0,1
420.0,:3086736518_0,3
420.0,:655375238_0,1
420.0,:cluster11510670762_4554226152_0,1
420.0,:cluster622618015_622618108_622618112_622618144_#2more_2,1
420.0,:cluster622618015_622618108_622618112_622618144_#2more_45,2
420.0,:cluster622618015_622618108_622618112_622618144_#2more_5,1
420.0,:cluster655375228_655375240_0,1
420.0,:cluster_2038168688_655375573_30,1
420.0,:cluster_2038168688_655375573_6,2
420.0,:cluster_2528018119_655375236_3,1
420.0,:cluster_3208478133_655375293_655375296_9631728504_#1more_8,4
420.0,:cluster_3431431575_4777363357_655375231_6982059025_3,1
420.0,:cluster_3431431575_4777363357_655375231_6982059025_7,2
420.0,:cluster_5372642442_631668976_631668981_631669076_45,2
420.0,E1,1
440.0,-300077497#5,25
440.0,-35274074#2,12
440.0,-360018417,5
440.0,-51362429#1,3
440.0,-51362430,18
440.0,-593847703#3,25
440.0,-593847704#2,1
440.0,-594658757#2,2
440.0,-E0,18
440.0,1068234498#0,25
440.0,1068234499#0,11
440.0,1068440001,6
440.0,1068440004#1,29
440.0,1068440006#0,1
440.0,1334904386#0,1
440.0,1334905223#0,1
440.0,182334378#0,22
440.0,186602412#0,2
440.0,196961377#0,25
440.0,232003903#0,2
440.0,238526531#0,18
440.0,244450512#1,2
440.0,260881642#0,3
440.0,263217603#0,1
440.0,288135626#0,5
440.0,288878926#0,4
440.0,300077497#6,4
440.0,30620492#0,18
440.0,30620492#1,5
440.0,35274074#0,3
440.0,484988951#0,5
440.0,49073226#2,8
440.0,506322842#0,8
440.0,506322844#0,8
440.0,506322846#0,2
440.0,506322846#2,4
440.0,506322851#0,14
440.0,506322851#2,8
440.0,506322853#0,18
440.0,51362429#0,17
440.0,593844221#0,1
440.0,593847702#0,15
440.0,593847704#0,1
440.0,593849711#2,17
440.0,594658757#0,2
440.0,594658760#0,4
440.0,594658762#0,19
440.0,668037874,4
440.0,:2444664370_0,1
440.0,:3086736518_0,3
440.0,:3086736518_6,1
440.0,:cluster11510670762_4554226152_0,1
440.0,:cluster619136880_619136881_cluster_4510442270_5296993511_5296993513_619136931_#1more_12,1
440.0,:cluster622618015_622618108_622618112_622618144_#2more_49,1
440.0,:cluster655375228_655375240_0,1
440.0,:cluster655375336_end_0_655375336_end_1_655375336_end_10_655375336_end_11_#8more_10,2
440.0,:cluster655375336_end_0_655375336_end_1_655375336_end_10_655375336_end_11_#8more_25,2
440.0,:cluster_2038168688_655375573_3,2
440.0,:cluster_2038168688_655375573_30,1
440.0,:cluster_2038168688_655375573_6,2
440.0,:cluster_3208478133_655375293_655375296_9631728504_#1more_8,3
440.0,:cluster_3431431575_4777363357_655375231_6982059025_3,1
440.0,:cluster_3431431575_4777363357_655375231_6982059025_7,2
440.0,:cluster_5372642442_631668976_631668981_631669076_22,1
440.0,:cluster_5372642442_631668976_631668981_631669076_45,2
460.0,-300077497#5,26
460.0,-35274074#2,12
460.0,-360018417,1
460.0,-51362429#1,3
460.0,-51362430,14
460.0,-593847703#3,25
460.0,-594658757#2,2
460.0,-E0,18
460.0,1068234498#0,22
460.0,1068234499#0,9
460.0,1068440001,5
460.0,1068440004#1,33
460.0,1068440006#0,1
460.0,1334904386#0,1
460.0,182334378#0,21
460.0,186602412#0,4
460.0,196961377#0,27
460.0,232003903#0,2
460.0,238526531#0,20
460.0,244450512#1,2
460.0,260881642#0,3
460.0,263217604#0,3
460.0,288135626#0,9
460.0,288878926#0,4
460.0,300077497#0,2
460.0,300077497#6,4
460.0,303647015#0,1
460.0,30620492#0,18
460.0,30620492#1,5
460.0,35274074#0,1
460.0,484988951#0,3
460.0,49073226#2,8
460.0,49073272#4,3
460.0,49695736#0,3
460.0,506322842#0,8
460.0,506322844#0,3
460.0,506322846#0,2
460.0,506322846#2,2
460.0,506322851#0,14
460.0,506322851#2,7
460.0,506322853#0,19
460.0,51362429#0,8
460.0,593844221#0,1
460.0,593847702#0,5
460.0,593847703#0,5
460.0,593847704#0,1
460.0,593849711#2,17
460.0,593849718#0,4
460.0,594658757#0,2
460.0,594658760#0,4
460.0,594658762#0,21
460.0,668037874,3
460.0,:2444664370_0,1
460.0,:3086736518_0,2
460.0,:3086736518_6,1
460.0,:3208478121_0,1
460.0,:655375232_2,2
460.0,:655375233_0,1
460.0,:655375238_5,1
460.0,:655375239_5,1
460.0,:cluster11510670762_4554226152_0,1
460.0,:cluster622618015_622618108_622618112_622618144_#2more_31,5
460.0,:cluster622618015_622618108_622618112_622618144_#2more_34,1
460.0,:cluster655375336_end_0_655375336_end_1_655375336_end_10_655375336_end_11_#8more_12,1
460.0,:cluster655375336_end_0_655375336_end_1_655375336_end_10_655375336_end_11_#8more_40,2
460.0,:cluster_2038168688_655375573_30,1
460.0,:cluster_2038168688_655375573_6,2
460.0,:cluster_2038168688_655375573_9,1
460.0,:cluster_2528018119_655375236_12,2
460.0,:cluster_2528018119_655375236_20,1
460.0,:cluster_2528018119_655375236_32,1
460.0,:cluster_2664674491_655375287_655375288_5,1
460.0,:cluster_3208478133_655375293_655375296_9631728504_#1more_8,4
460.0,:cluster_3431431575_4777363357_655375231_6982059025_3,1
460.0,:cluster_3431431575_4777363357_655375231_6982059025_5,1
460.0,:cluster_3431431575_4777363357_655375231_6982059025_7,2
460.0,:cluster_9383263990_9383263991_9383263992_9383263993_7,1
480.0,-1334905223#2,1
480.0,-300077497#5,27
480.0,-300077497#8,4
480.0,-35274074#2,12
480.0,-49073264#1,1
480.0,-51362429#1,6
480.0,-51362430,15
480.0,-593847703#3,25
480.0,-594658757#2,3
480.0,-E0,19
480.0,1068234498#0,27
480.0,1068234499#0,11
480.0,1068440001,5
480.0,1068440004#1,33
480.0,1068440006#0,1
480.0,1334904386#0,4
480.0,182334378#0,17
480.0,196961377#0,28
480.0,232003903#0,2
480.0,238526531#0,18
480.0,244450512#1,3
480.0,260881642#0,2
480.0,263217604#0,3
480.0,288135626#0,6
480.0,288878926#0,4
480.0,300077497#0,4
480.0,300077497#6,4
480.0,30620492#0,18
480.0,30620492#1,5
480.0,35274074#0,4
480.0,484988951#0,4
480.0,49073226#2,8
480.0,49695736#0,2
480.0,506322840#0,1
480.0,506322842#0,8
480.0,506322844#0,5
480.0,506322846#2,2
480.0,506322848#0,1
480.0,506322851#0,13
480.0,506322851#2,8
480.0,506322853#0,19
480.0,51362429#0,12
480.0,593844221#0,1
480.0,593847703#0,8
480.0,593847705,1
480.0,593849711#2,11
480.0,593849718#0,1
480.0,594658757#0,2
480.0,594658760#0,4
480.0,594658762#0,28
480.0,668037874,4
480.0,:2444664370_0,2
480.0,:3086736518_6,1
480.0,:655375232_11,1
480.0,:655375232_2,2
480.0,:655375232_6,2
480.0,:cluster11510670762_4554226152_0,2
480.0,:cluster3086736522_655375108_655375247_655375401_#1more_11,1
480.0,:cluster622618015_622618108_622618112_622618144_#2more_39,1
480.0,:cluster655375336_end_0_655375336_end_1_655375336_end_10_655375336_end_11_#8more_10,1
480.0,:cluster655375336_end_0_655375336_end_1_655375336_end_10_655375336_end_11_#8more_12,1
480.0,:cluster655375336_end_0_655375336_end_1_655375336_end_10_655375336_end_11_#8more_25,2
480.0,:cluster_2038168688_655375573_30,1
480.0,:cluster_2038168688_655375573_6,2
480.0,:cluster_2528018119_655375236_12,2
480.0,:cluster_2528018119_655375236_20,1
480.0,:cluster_2528018119_655375236_32,1
480.0,:cluster_3431431575_4777363357_655375231_6982059025_3,1
480.0,:cluster_3431431575_4777363357_655375231_6982059025_7,4
500.0,-300077497#5,27
500.0,-300077497#8,4
500.0,-35274074#2,11
500.0,-360018417,5
500.0,-51362429#1,7
500.0,-51362430,16
500.0,-593847703#3,20
500.0,-E0,19
500.0,1068234498#0,34
500.0,1068234499#0,11
500.0,1068440001,7
500.0,1068440004#1,33
500.0,1239087514,1
500.0,1334904386#0,5
500.0,182334378#0,22
500.0,196961377#0,20
500.0,196961377#3,1
500.0,238526531#0,18
500.0,244450512#1,3
500.0,263217604#0,3
500.0,288135626#0,6
500.0,288878926#0,4
500.0,300077497#0,5
500.0,303647015#0,3
500.0,30620492#0,18
500.0,30620492#1,5
500.0,35274074#0,7
500.0,484988951#0,4
500.0,49073226#2,8
500.0,49073272#4,2
500.0,49695736#0,2
500.0,506322842#0,8
500.0,506322844#0,5
500.0,506322846#2,3
500.0,506322851#0,13
500.0,506322851#2,8
500.0,506322853#0,19
500.0,51362429#0,12
500.0,51362430,2
500.0,593844221#0,1
500.0,593847702#0,3
500.0,593847703#0,4
500.0,593847704#0,1
500.0,593847705,1
500.0,593849711#2,16
500.0,594658757#0,2
500.0,594658760#0,4
500.0,594658762#0,31
500.0,668037874,4
500.0,:2444664370_0,2
500.0,:3086736518_6,1
500.0,:655375232_2,2
500.0,:655375232_6,2
500.0,:655375232_8,1
500.0,:655375238_1,1
500.0,:655375239_3,1
500.0,:656132414_2,1
500.0,:cluster11510670762_4554226152_0,2
500.0,:cluster3086736522_655375108_655375247_655375401_#1more_11,1
500.0,:cluster655375228_655375240_13,1
500.0,:cluster655375228_655375240_2,1
500.0,:cluster_2038168688_655375573_23,1
500.0,:cluster_2038168688_655375573_3,1
500.0,:cluster_2038168688_655375573_30,1
500.0,:cluster_2038168688_655375573_6,2
500.0,:cluster_2528018119_655375236_3,2
500.0,:cluster_3431431575_4777363357_655375231_6982059025_3,1
500.0,:cluster_3431431575_4777363357_655375231_6982059025_7,4
520.0,-300077497#5,25
520.0,-300077497#8,4
520.0,-35274074#2,12
520.0,-360018417,5
520.0,-51362429#1,7
520.0,-51362430,17
520.0,-593847703#3,21
520.0,-593847704#2,2
520.0,-594658757#2,5
520.0,-E0,19
520.0,1068234498#0,26
520.0,1068234499#0,12
520.0,1068440001,9
520.0,1068440004#1,22
520.0,1334904386#0,6
520.0,1334905223#0,2
520.0,182334378#0,15
520.0,186602412#0,2
520.0,196961377#0,22
520.0,238526531#0,21
520.0,244450512#1,3
520.0,244450512#4,1
520.0,288135626#0,13
520.0,300077497#0,6
520.0,300077497#6,2
520.0,30620492#0,18
520.0,30620492#1,5
520.0,484988951#0,5
520.0,49073226#2,8
520.0,49695736#0,3
520.0,506322842#0,8
520.0,506322844#0,5
520.0,506322846#0,8
520.0,506322846#2,2
520.0,506322851#0,13
520.0,506322851#2,8
520.0,506322853#0,19
520.0,51362429#0,12
520.0,51362430,2
520.0,593847702#0,13
520.0,593847704#0,1
520.0,593847705,1
520.0,593849711#2,16
520.0,594658757#0,2
520.0,594658760#0,6
520.0,594658762#0,24
520.0,668037874,3
520.0,:1973482489_3,1
520.0,:2444664370_0,1
520.0,:3086736518_6,1
520.0,:655375232_2,2
520.0,:655375232_6,2
520.0,:655375232_8,1
520.0,:655375233_8,1
520.0,:655375238_6,1
520.0,:cluster11510670762_4554226152_0,2
520.0,:cluster619136880_619136881_cluster_4510442270_5296993511_5296993513_619136931_#1more_12,1
520.0,:cluster619136880_619136881_cluster_4510442270_5296993511_5296993513_619136931_#1more_8,1
520.0,:cluster622618015_622618108_622618112_622618144_#2more_49,1
520.0,:cluster655375228_655375240_2,1
520.0,:cluster655375336_end_0_655375336_end_1_655375336_end_10_655375336_end_11_#8more_40,1
520.0,:cluster_2038168688_655375573_23,1
520.0,:cluster_2038168688_655375573_24,1
520.0,:cluster_2038168688_655375573_3,1
520.0,:cluster_2528018119_655375236_17,1
520.0,:cluster_3431431575_4777363357_655375231_6982059025_3,1
520.0,:cluster_3431431575_4777363357_655375231_6982059025_7,4
520.0,:cluster_5372642442_631668976_631668981_631669076_26,1
520.0,:cluster_5372642442_631668976_631668981_631669076_45,2
540.0,-300077497#5,25
540.0,-300077497#8,3
540.0,-35274074#2,12
540.0,-360018417,5
540.0,-51362429#1,7
540.0,-51362430,19
540.0,-593847703#3,22
540.0,-594658757#2,7
540.0,-E0,19
540.0,1068234498#0,23
540.0,1068234499#0,14
540.0,1068440001,9
540.0,1068440004#1,28
540.0,1334904386#0,11
540.0,1334905223#0,2
540.0,182334378#0,11
540.0,186602412#0,5
540.0,196961377#0,26
540.0,238526531#0,28
540.0,244450512#1,3
540.0,244450512#5,1
540.0,288135626#0,13
540.0,300077497#6,2
540.0,30620492#0,18
540.0,30620492#1,4
540.0,35274074#0,3
540.0,484988951#0,4
540.0,49073226#2,8
540.0,49695736#0,3
540.0,506322840#0,1
540.0,506322842#0,8
540.0,506322844#0,5
540.0,506322846#0,7
540.0,506322846#2,2
540.0,506322851#0,13
540.0,506322851#2,8
540.0,506322853#0,19
540.0,51362429#0,15
540.0,593847702#0,14
540.0,593847704#0,1
540.0,593847705,1
540.0,593849711#2,16
540.0,594658757#0,2
540.0,594658760#0,6
540.0,594658762#0,19
540.0,668037874,4
540.0,:1973482489_3,1
540.0,:2444664370_0,1
540.0,:3086736518_6,1
540.0,:655375232_2,2
540.0,:655375232_6,2
540.0,:655375232_8,1
540.0,:655375238_5,1
540.0,:cluster11510670762_4554226152_0,2
540.0,:cluster655375336_end_0_655375336_end_1_655375336_end_10_655375336_end_11_#8more_40,2
540.0,:cluster_2038168688_655375573_23,1
540.0,:cluster_3431431575_4777363357_655375231_6982059025_3,1
540.0,:cluster_3431431575_4777363357_655375231_6982059025_7,4
540.0,:cluster_5372642442_631668976_631668981_631669076_45,1
560.0,-1334905223#2,3
560.0,-300077497#5,27
560.0,-300077497#8,4
560.0,-35274074#2,11
560.0,-51362429#1,7
560.0,-51362430,19
560.0,-593847703#3,22
560.0,-594658757#2,10
560.0,-E0,19
560.0,1068234498#0,27
560.0,1068234499#0,11
560.0,1068440001,9
560.0,1068440004#1,33
560.0,1334904386#0,5
560.0,182334378#0,11
560.0,186602412#0,5
560.0,196961377#0,27
560.0,238526531#0,24
560.0,244450512#1,3
560.0,244450512#5,1
560.0,288135626#0,11
560.0,300077497#0,5
560.0,300077497#6,2
560.0,303647015#0,10
560.0,30620492#0,17
560.0,30620492#1,5
560.0,35274074#0,3
560.0,484988951#0,4
560.0,49073226#2,7
560.0,49073272#4,4
560.0,506322842#0,7
560.0,506322844#0,5
560.0,506322846#0,1
560.0,506322846#2,3
560.0,506322851#0,13
560.0,506322851#2,8
560.0,506322853#0,19
560.0,51362429#0,12
560.0,593847703#0,4
560.0,593847704#0,1
560.0,593849711#2,16
560.0,593849718#0,7
560.0,594658757#0,1
560.0,594658760#0,5
560.0,594658762#0,19
560.0,668037874,4
560.0,:1973482489_3,1
560.0,:2444664370_0,1
560.0,:3086736518_0,2
560.0,:3086736518_6,1
560.0,:655375232_2,2
560.0,:655375232_6,2
560.0,:655375232_8,1
560.0,:655375233_0,2
560.0,:655375238_2,1
560.0,:655375238_6,1
560.0,:cluster11510670762_4554226152_0,2
560.0,:cluster3086736522_655375108_655375247_655375401_#1more_8,1
560.0,:cluster622618015_622618108_622618112_622618144_#2more_31,1
560.0,:cluster_2038168688_655375573_21,1
560.0,:cluster_2038168688_655375573_8,1
560.0,:cluster_2528018119_655375236_12,1
560.0,:cluster_2528018119_655375236_29,1
560.0,:cluster_3431431575_4777363357_655375231_6982059025_3,1
560.0,:cluster_3431431575_4777363357_655375231_6982059025_7,4
560.0,:cluster_623980147_623980152_4,1
560.0,:cluster_9383263990_9383263991_9383263992_9383263993_7,1
580.0,-300077497#5,27
580.0,-300077497#8,4
580.0,-35274074#2,12
580.0,-360018417,2
580.0,-51362429#1,8
580.0,-51362430,19
580.0,-593847703#3,26
580.0,-594658757#2,5
580.0,-E0,19
580.0,1068234498#0,31
580.0,1068234499#0,7
580.0,1068440001,9
580.0,1068440004#1,34
580.0,1334904386#0,4
580.0,182334378#0,16
580.0,196961377#0,23
580.0,238526531#0,24
580.0,244450512#1,3
580.0,244450512#5,1
580.0,288135626#0,7
580.0,288878926#0,7
580.0,300077497#0,5
580.0,303647015#0,5
580.0,30620492#0,18
580.0,30620492#1,5
580.0,35274074#0,6
580.0,484988951#0,3
580.0,49073226#2,6
580.0,49073272#4,1
580.0,506322842#0,7
580.0,506322844#0,5
580.0,506322846#2,2
580.0,506322851#0,13
580.0,506322851#2,8
580.0,506322853#0,19
580.0,51362429#0,14
580.0,593847703#0,4
580.0,593847705,1
580.0,593849711#2,13
580.0,593849718#0,1
580.0,594658760#0,4
580.0,594658762#0,19
580.0,668037874,4
580.0,:2444664370_0,1
580.0,:3086736518_0,2
580.0,:3086736518_6,1
580.0,:619136999_2,1
580.0,:655375232_2,2
580.0,:655375232_6,3
580.0,:655375232_8,1
580.0,:655375238_0,1
580.0,:655375238_2,1
580.0,:655375239_3,2
580.0,:cluster11510670762_4554226152_0,2
580.0,:cluster3086736522_655375108_655375247_655375401_#1more_11,2
580.0,:cluster655375336_end_0_655375336_end_1_655375336_end_10_655375336_end_11_#8more_40,1
580.0,:cluster_2038168688_655375573_30,1
580.0,:cluster_2528018119_655375236_29,2
580.0,:cluster_3431431575_4777363357_655375231_6982059025_3,1
580.0,:cluster_3431431575_4777363357_655375231_6982059025_5,1
600.0,-300077497#5,26
600.0,-300077497#8,4
600.0,-35274074#2,12
600.0,-360018417,5
600.0,-51362430,17
600.0,-593847703#3,24
600.0,-E0,19
600.0,1068234498#0,30
600.0,1068234499#0,9
600.0,1068440001,6
600.0,1068440004#1,34
600.0,1334904386#0,5
600.0,1334905223#0,2
600.0,182334378#0,19
600.0,196961377#0,20
600.0,238526531#0,25
600.0,244450512#1,3
600.0,260881642#0,4
600.0,288135626#0,8
600.0,288878926#0,9
600.0,300077497#0,3
600.0,303647015#0,5
600.0,30620492#0,18
600.0,30620492#1,5
600.0,484988951#0,3
600.0,49073226#2,4
600.0,506322842#0,7
600.0,506322844#0,5
600.0,506322846#0,4
600.0,506322846#2,2
600.0,506322851#0,13
600.0,506322851#2,8
600.0,506322853#0,19
600.0,51362429#0,16
600.0,51362430,1
600.0,593844221#0,1
600.0,593847705,1
600.0,593849711#0,1
600.0,593849711#2,16
600.0,594658760#0,4
600.0,594658762#0,14
600.0,668037874,4
600.0,:2444664370_0,1
600.0,:3086736518_0,2
600.0,:3086736518_4,1
600.0,:3086736518_6,1
600.0,:655375232_2,2
600.0,:655375232_6,3
600.0,:655375232_8,1
600.0,:655375233_4,2
600.0,:655375238_0,1
600.0,:655375238_2,1
600.0,:656132414_2,1
600.0,:cluster622618015_622618108_622618112_622618144_#2more_45,2
600.0,:cluster655375228_655375240_0,1
600.0,:cluster_2038168688_655375573_30,1
600.0,:cluster_2038168688_655375573_6,2
600.0,:cluster_3208478133_655375293_655375296_9631728504_#1more_8,5
600.0,:cluster_3431431575_4777363357_655375231_6982059025_3,4
600.0,:cluster_3431431575_4777363357_655375231_6982059025_5,1
600.0,:cluster_5372642442_631668976_631668981_631669076_22,3
600.0,:cluster_5372642442_631668976_631668981_631669076_26,1
600.0,:cluster_623980147_623980152_9,1
600.0,E1,1
620.0,-300077497#5,23
620.0,-300077497#8,3
620.0,-35274074#2,11
620.0,-360018417,5
620.0,-51362430,15
620.0,-593847703#3,27
620.0,-593847704#2,1
620.0,-E0,19
620.0,1068234498#0,32
620.0,1068234499#0,11
620.0,1068440001,9
620.0,1068440004#1,28
620.0,1334904386#0,5
620.0,1334905223#0,1
620.0,182334378#0,20
620.0,186602412#0,4
620.0,196961377#0,25
620.0,238526531#0,28
620.0,244450512#1,2
620.0,260881642#0,3
620.0,263217603#0,1
620.0,288135626#0,9
620.0,288878926#0,9
620.0,300077497#6,2
620.0,30620492#0,18
620.0,30620492#1,5
620.0,484988951#0,5
620.0,49073226#2,2
620.0,506322842#0,7
620.0,506322844#0,5
620.0,506322846#0,1
620.0,506322846#2,2
620.0,506322851#0,13
620.0,506322851#2,8
620.0,506322853#0,19
620.0,51362429#0,17
620.0,593844221#0,1
620.0,593847705,1
620.0,593849711#2,17
620.0,594658760#0,4
620.0,594658762#0,7
620.0,668037874,4
620.0,:2444664370_0,1
620.0,:3086736518_0,2
620.0,:3086736518_4,1
620.0,:3086736518_6,1
620.0,:655375232_2,2
620.0,:655375232_6,3
620.0,:655375232_8,1
620.0,:655375233_4,2
620.0,:655375233_8,6
620.0,:655375238_3,1
620.0,:655375238_5,1
620.0,:cluster11510670762_4554226152_0,1
620.0,:cluster619136880_619136881_cluster_4510442270_5296993511_5296993513_619136931_#1more_12,1
620.0,:cluster655375228_655375240_0,1
620.0,:cluster_2038168688_655375573_23,1
620.0,:cluster_2038168688_655375573_30,1
620.0,:cluster_2038168688_655375573_6,2
620.0,:cluster_2664674491_655375287_655375288_5,1
620.0,:cluster_3208478133_655375293_655375296_9631728504_#1more_8,5
620.0,E1,1
640.0,-300077497#5,25
640.0,-300077497#8,2
640.0,-35274074#2,11
640.0,-360018417,1
640.0,-51362430,19
640.0,-593847703#3,27
640.0,-594658757#2,1
640.0,-E0,19
640.0,1068234498#0,32
640.0,1068234499#0,8
640.0,1068440001,7
640.0,1068440004#1,32
640.0,182334378#0,20
640.0,186602412#0,2
640.0,196961377#0,27
640.0,238526531#0,26
640.0,244450512#1,2
640.0,260881642#0,4
640.0,263217603#0,1
640.0,288135626#0,9
640.0,288878926#0,9
640.0,300077497#0,1
640.0,300077497#6,2
640.0,303647015#0,4
640.0,30620492#0,18
640.0,30620492#1,5
640.0,484988951#0,5
640.0,49073226#2,2
640.0,49073272#4,3
640.0,49695736#0,1
640.0,506322842#0,6
640.0,506322844#0,4
640.0,506322846#0,2
640.0,506322846#2,2
640.0,506322848#0,1
640.0,506322851#0,13
640.0,506322851#2,8
640.0,506322853#0,19
640.0,51362429#0,17
640.0,593844221#0,1
640.0,593847705,1
640.0,593849711#2,17
640.0,594658760#0,4
640.0,594658762#0,4
640.0,668037874,4
640.0,:2444664370_0,1
640.0,:3086736518_0,2
640.0,:3086736518_4,1
640.0,:3086736518_6,1
640.0,:3208478121_0,1
640.0,:655375232_2,2
640.0,:655375232_6,3
640.0,:655375232_8,1
640.0,:655375233_4,2
640.0,:655375233_8,6
640.0,:655375238_3,1
640.0,:655375238_5,1
640.0,:655375239_5,1
640.0,:cluster3086736522_655375108_655375247_655375401_#1more_8,1
640.0,:cluster655375336_end_0_655375336_end_1_655375336_end_10_655375336_end_11_#8more_12,3
640.0,:cluster655375336_end_0_655375336_end_1_655375336_end_10_655375336_end_11_#8more_25,3
640.0,:cluster_2038168688_655375573_30,1
640.0,:cluster_2038168688_655375573_6,1
640.0,:cluster_2038168688_655375573_9,1
640.0,:cluster_2528018119_655375236_12,2
640.0,:cluster_2528018119_655375236_20,1
640.0,:cluster_2528018119_655375236_32,1
640.0,:cluster_3208478133_655375293_655375296_9631728504_#1more_8,2
660.0,-1334905223#2,1
660.0,-300077497#5,27
660.0,-300077497#8,4
660.0,-35274074#2,11
660.0,-51362430,14
660.0,-593847703#3,27
660.0,-594658757#2,2
660.0,-E0,18
660.0,1068234498#0,33
660.0,1068234499#0,9
660.0,1068440001,5
660.0,1068440004#1,34
660.0,182334378#0,19
660.0,186602412#0,2
660.0,196961377#0,27
660.0,238526531#0,25
660.0,244450512#1,3
660.0,260881642#0,2
660.0,263217603#0,1
660.0,288135626#0,9
660.0,288878926#0,9
660.0,300077497#0,5
660.0,300077497#6,4
660.0,30620492#0,18
660.0,30620492#1,5
660.0,484988951#0,5
660.0,49073226#2,2
660.0,49073272#4,2
660.0,49695736#0,2
660.0,506322842#0,6
660.0,506322844#0,7
660.0,506322846#2,2
660.0,506322851#0,13
660.0,506322851#2,8
660.0,506322853#0,19
660.0,51362429#0,17
660.0,593844221#0,1
660.0,593849711#2,17
660.0,594658760#0,4
660.0,594658762#0,4
660.0,668037874,4
660.0,:2444664370_0,1
660.0,:3086736518_0,2
660.0,:3086736518_4,1
660.0,:3086736518_6,2
660.0,:655375232_2,2
660.0,:655375232_6,3
660.0,:655375232_8,1
660.0,:655375233_0,1
660.0,:655375233_4,2
660.0,:655375233_8,6
660.0,:655375238_6,1
660.0,:655375241_0,1
660.0,:656132414_2,1
660.0,:cluster11510670762_4554226152_0,2
660.0,:cluster3086736522_655375108_655375247_655375401_#1more_11,1
660.0,:cluster655375336_end_0_655375336_end_1_655375336_end_10_655375336_end_11_#8more_12,2
660.0,:cluster655375336_end_0_655375336_end_1_655375336_end_10_655375336_end_11_#8more_40,1
660.0,:cluster_2038168688_655375573_30,1
660.0,:cluster_2528018119_655375236_12,2
660.0,:cluster_2528018119_655375236_32,1
660.0,:cluster_3208478133_655375293_655375296_9631728504_#1more_8,3
680.0,-300077497#5,25
680.0,-300077497#8,4
680.0,-35274074#2,11
680.0,-360018417,5
680.0,-51362429#1,1
680.0,-51362430,15
680.0,-593847703#3,27
680.0,-594658757#2,1
680.0,-E0,18
680.0,1068234498#0,35
680.0,1068234499#0,10
680.0,1068440001,8
680.0,1068440004#1,34
680.0,1334904386#0,2
680.0,182334378#0,18
680.0,196961377#0,20
680.0,238526531#0,24
680.0,244450512#1,3
680.0,288135626#0,8
680.0,288878926#0,9
680.0,300077497#0,6
680.0,303647015#0,2
680.0,30620492#0,18
680.0,30620492#1,5
680.0,35274074#0,1
680.0,484988951#0,5
680.0,49073226#2,2
680.0,49073272#4,2
680.0,49695736#0,2
680.0,506322840#0,1
680.0,506322842#0,6
680.0,506322844#0,9
680.0,506322846#0,1
680.0,506322846#2,2
680.0,506322851#0,13
680.0,506322851#2,8
680.0,506322853#0,19
680.0,51362429#0,17
680.0,593844221#0,1
680.0,593849711#2,14
680.0,594658760#0,4
680.0,594658762#0,2
680.0,668037874,4
680.0,:2444664370_0,1
680.0,:3086736518_0,2
680.0,:3086736518_4,1
680.0,:3086736518_6,2
680.0,:655375232_11,1
680.0,:655375232_2,2
680.0,:655375232_6,4
680.0,:655375232_8,1
680.0,:655375233_0,1
680.0,:655375233_4,2
680.0,:655375233_8,6
680.0,:655375239_3,1
680.0,:cluster11510670762_4554226152_0,2
680.0,:cluster3086736522_655375108_655375247_655375401_#1more_11,1
680.0,:cluster655375228_655375240_13,1
680.0,:cluster655375228_655375240_2,1
680.0,:cluster655375336_end_0_655375336_end_1_655375336_end_10_655375336_end_11_#8more_12,1
680.0,:cluster_2038168688_655375573_23,1
680.0,:cluster_2038168688_655375573_24,1
680.0,:cluster_2038168688_655375573_25,1
680.0,:cluster_2038168688_655375573_3,1
680.0,:cluster_2528018119_655375236_17,2
680.0,:cluster_3208478133_655375293_655375296_9631728504_#1more_8,1
700.0,-300077497#5,23
700.0,-300077497#8,4
700.0,-35274074#2,10
700.0,-360018417,5
700.0,-51362429#1,1
700.0,-51362430,19
700.0,-593847703#3,31
700.0,-593847704#2,3
700.0,-594658757#2,2
700.0,-E0,18
700.0,1068234498#0,34
700.0,1068234499#0,10
700.0,1068440001,8
700.0,1068440004#1,34
700.0,1334904386#0,2
700.0,182334378#0,15
700.0,186602412#0,3
700.0,196961377#0,22
700.0,238526531#0,25
700.0,244450512#1,3
700.0,288135626#0,8
700.0,288878926#0,3
700.0,300077497#6,3
700.0,30620492#0,18
700.0,30620492#1,5
700.0,484988951#0,5
700.0,49073226#2,5
700.0,49695736#0,4
700.0,506322842#0,6
700.0,506322844#0,9
700.0,506322846#0,2
700.0,506322846#2,3
700.0,506322851#0,13
700.0,506322851#2,8
700.0,506322853#0,19
700.0,51362429#0,17
700.0,593849711#2,14
700.0,594658760#0,4
700.0,668037874,3
700.0,:1973482489_3,1
700.0,:2444664370_0,1
700.0,:3086736518_0,2
700.0,:3086736518_4,1
700.0,:3086736518_6,2
700.0,:655375232_2,2
700.0,:655375232_6,4
700.0,:655375232_8,1
700.0,:655375233_0,1
700.0,:655375233_4,2
700.0,:655375233_8,6
700.0,:655375238_3,1
700.0,:cluster11510670762_4554226152_0,2
700.0,:cluster619136880_619136881_cluster_4510442270_5296993511_5296993513_619136931_#1more_12,2
700.0,:cluster622618015_622618108_622618112_622618144_#2more_2,1
700.0,:cluster655375336_end_0_655375336_end_1_655375336_end_10_655375336_end_11_#8more_12,1
700.0,:cluster655375336_end_0_655375336_end_1_655375336_end_10_655375336_end_11_#8more_40,1
700.0,:cluster_2038168688_655375573_23,1
700.0,:cluster_2038168688_655375573_24,1
700.0,:cluster_2038168688_655375573_3,1
700.0,:cluster_3208478133_655375293_655375296_9631728504_#1more_10,1
700.0,:cluster_5372642442_631668976_631668981_631669076_45,1
720.0,-300077497#5,25
720.0,-35274074#2,10
720.0,-360018417,5
720.0,-51362430,19
720.0,-593847703#3,33
720.0,-594658757#2,6
720.0,-E0,18
720.0,1068234498#0,33
720.0,1068234499#0,10
720.0,1068440001,8
720.0,1068440004#1,33
720.0,1334904386#0,5
720.0,182334378#0,13
720.0,186602412#0,2
720.0,196961377#0,27
720.0,238526531#0,27
720.0,244450512#1,3
720.0,288135626#0,8
720.0,300077497#6,4
720.0,30620492#0,18
720.0,30620492#1,5
720.0,484988951#0,5
720.0,49073226#2,5
720.0,49695736#0,4
720.0,506322842#0,6
720.0,506322844#0,9
720.0,506322846#0,1
720.0,506322846#2,2
720.0,506322851#0,13
720.0,506322851#2,8
720.0,506322853#0,19
720.0,51362429#0,17
720.0,51362430,1
720.0,593847704#0,2
720.0,593849711#2,16
720.0,594658760#0,4
720.0,668037874,2
720.0,:1973482489_8,1
720.0,:2444664370_0,1
720.0,:3086736518_0,2
720.0,:3086736518_4,1
720.0,:3086736518_6,2
720.0,:655375232_2,2
720.0,:655375232_6,4
720.0,:655375232_8,1
720.0,:655375233_0,1
720.0,:655375233_4,2
720.0,:655375233_8,7
720.0,:cluster11510670762_4554226152_0,2
720.0,:cluster655375336_end_0_655375336_end_1_655375336_end_10_655375336_end_11_#8more_10,1
720.0,:cluster655375336_end_0_655375336_end_1_655375336_end_10_655375336_end_11_#8more_12,1
720.0,:cluster655375336_end_0_655375336_end_1_655375336_end_10_655375336_end_11_#8more_40,1
720.0,:cluster_3431431575_4777363357_655375231_6982059025_3,1
740.0,-1334905223#2,1
740.0,-300077497#5,26
740.0,-300077497#8,2
740.0,-35274074#2,12
740.0,-51362430,19
740.0,-593847703#3,34
740.0,-594658757#2,11
740.0,-E0,18
740.0,1068234498#0,33
740.0,1068234499#0,6
740.0,1068440001,8
740.0,1068440004#1,33
740.0,1334904386#0,3
740.0,182334378#0,10
740.0,196961377#0,28
740.0,238526531#0,24
740.0,244450512#1,3
740.0,263217604#0,7
740.0,288135626#0,6
740.0,300077497#0,4
740.0,300077497#6,4
740.0,303647015#0,4
740.0,30620492#0,18
740.0,30620492#1,5
740.0,484988951#0,5
740.0,49073226#2,6
740.0,49073272#4,4
740.0,506322842#0,5
740.0,506322844#0,2
740.0,506322846#2,2
740.0,506322851#0,13
740.0,506322851#2,8
740.0,506322853#0,18
740.0,51362429#0,17
740.0,51362430,1
740.0,593847704#0,2
740.0,593849711#2,17
740.0,594658760#0,4
740.0,668037874,2
740.0,:2444664370_0,2
740.0,:3086736518_0,2
740.0,:3086736518_4,1
740.0,:3086736518_6,2
740.0,:655375232_2,2
740.0,:655375232_6,4
740.0,:655375232_8,1
740.0,:655375233_0,1
740.0,:655375233_4,2
740.0,:655375233_8,7
740.0,:655375238_1,1
740.0,:655375238_5,1
740.0,:655375239_5,1
740.0,:cluster11510670762_4554226152_0,2
740.0,:cluster655375336_end_0_655375336_end_1_655375336_end_10_655375336_end_11_#8more_12,2
740.0,:cluster655375336_end_0_655375336_end_1_655375336_end_10_655375336_end_11_#8more_40,1
740.0,:cluster_2038168688_655375573_30,1
740.0,:cluster_2528018119_655375236_12,1
740.0,:cluster_2528018119_655375236_29,2
760.0,-300077497#5,27
760.0,-300077497#8,4
760.0,-35274074#2,12
760.0,-360018417,2
760.0,-51362430,19
760.0,-593847703#3,34
760.0,-594658757#2,8
760.0,-E0,18
760.0,1068234498#0,33
760.0,1068234499#0,5
760.0,1068440001,8
760.0,1068440004#1,33
760.0,1334904386#0,3
760.0,182334378#0,18
760.0,196961377#0,23
760.0,196961377#3,1
760.0,238526531#0,24
760.0,244450512#1,3
760.0,263217604#0,7
760.0,288135626#0,1
760.0,300077497#0,8
760.0,303647015#0,5
760.0,30620492#0,18
760.0,30620492#1,5
760.0,35274074#0,4
760.0,484988951#0,5
760.0,49073226#2,6
760.0,49073264#0,1
760.0,49073272#3,1
760.0,49073272#4,1
760.0,506322842#0,5
760.0,506322844#0,6
760.0,506322846#2,3
760.0,506322851#0,13
760.0,506322851#2,8
760.0,506322853#0,18
760.0,51362429#0,17
760.0,51362430,1
760.0,593849711#2,19
760.0,594658760#0,4
760.0,668037874,2
760.0,:2444664370_0,1
760.0,:3086736518_0,2
760.0,:3086736518_4,1
760.0,:3086736518_6,2
760.0,:619136999_2,1
760.0,:655375232_2,2
760.0,:655375232_6,4
760.0,:655375232_8,1
760.0,:655375233_0,1
760.0,:655375233_4,2
760.0,:655375233_8,7
760.0,:655375238_0,1
760.0,:655375239_3,2
760.0,:cluster11510670762_4554226152_0,2
760.0,:cluster3086736522_655375108_655375247_655375401_#1more_11,2
760.0,:cluster_2038168688_655375573_30,1
760.0,:cluster_2528018119_655375236_29,1
780.0,-300077497#5,26
780.0,-300077497#8,4
780.0,-35274074#2,12
780.0,-360018417,5
780.0,-49073264#1,1
780.0,-51362430,18
780.0,-593847703#3,35
780.0,-594658757#2,4
780.0,-E0,18
780.0,1068234498#0,33
780.0,1068234499#0,7
780.0,1068440001,5
780.0,1068440004#1,33
780.0,1334904386#0,4
780.0,182334378#0,19
780.0,196961377#0,20
780.0,238526531#0,25
780.0,244450512#1,2
780.0,260881642#0,4
780.0,288135626#0,1
780.0,300077497#6,3
780.0,303647015#0,6
780.0,30620492#0,18
780.0,30620492#1,5
780.0,360018417,1
780.0,360843888,1
780.0,484988951#0,5
780.0,49073226#2,6
780.0,49073272#4,1
780.0,506322842#0,5
780.0,506322844#0,6
780.0,506322846#0,3
780.0,506322846#2,2
780.0,506322851#0,12
780.0,506322851#2,8
780.0,506322853#0,19
780.0,51362429#0,17
780.0,51362430,1
780.0,593844221#0,1
780.0,593849711#2,19
780.0,594658757#0,1
780.0,594658760#0,6
780.0,668037874,2
780.0,:3086736518_0,2
780.0,:3086736518_4,1
780.0,:3086736518_6,2
780.0,:655375232_2,2
780.0,:655375232_6,4
780.0,:655375232_8,1
780.0,:655375233_0,1
780.0,:655375233_4,2
780.0,:655375233_8,7
780.0,:cluster3086736522_655375108_655375247_655375401_#1more_16,1
780.0,:cluster3086736522_655375108_655375247_655375401_#1more_17,1
780.0,:cluster3086736522_655375108_655375247_655375401_#1more_30,1
780.0,:cluster622618015_622618108_622618112_622618144_#2more_49,1
780.0,:cluster_2038168688_655375573_30,1
780.0,:cluster_2038168688_655375573_6,1
780.0,:cluster_3208478133_655375293_655375296_9631728504_#1more_8,5
800.0,-300077497#5,27
800.0,-300077497#8,3
800.0,-35274074#2,11
800.0,-360018417,5
800.0,-49073264#1,1
800.0,-51362429#1,2
800.0,-51362430,13
800.0,-593847703#3,34
800.0,-594658757#2,4
800.0,-E0,18
800.0,1068234498#0,33
800.0,1068234499#0,8
800.0,1068440001,10
800.0,1068440004#1,33
800.0,1334904386#0,4
800.0,182334378#0,21
800.0,186602412#0,2
800.0,196961377#0,22
800.0,238526531#0,25
800.0,244450512#1,2
800.0,260881642#0,3
800.0,288878926#0,2
800.0,300077497#6,3
800.0,30620492#0,18
800.0,30620492#1,5
800.0,360843888,2
800.0,484988951#0,5
800.0,49073226#2,4
800.0,506322842#0,5
800.0,506322844#0,6
800.0,506322846#2,3
800.0,506322851#0,12
800.0,506322851#2,8
800.0,506322853#0,19
800.0,51362429#0,17
800.0,51362430,1
800.0,593844221#0,1
800.0,593849711#0,1
800.0,593849711#2,15
800.0,594658757#0,3
800.0,594658760#0,6
800.0,:3086736518_0,2
800.0,:3086736518_4,1
800.0,:3086736518_6,2
800.0,:655375232_2,2
800.0,:655375232_6,3
800.0,:655375232_8,1
800.0,:655375233_0,1
800.0,:655375233_4,2
800.0,:655375233_8,7
800.0,:655375238_2,1
800.0,:cluster11510670762_4554226152_0,1
800.0,:cluster655375336_end_0_655375336_end_1_655375336_end_10_655375336_end_11_#8more_31,1
800.0,:cluster_2038168688_655375573_30,1
800.0,:cluster_2038168688_655375573_6,1
800.0,:cluster_2664674491_655375287_655375288_5,1
800.0,:cluster_3208478133_655375293_655375296_9631728504_#1more_8,5
800.0,:cluster_3431431575_4777363357_655375231_6982059025_3,1
800.0,:cluster_623980147_623980152_9,1
820.0,-300077497#5,27
820.0,-300077497#8,4
820.0,-35274074#2,11
820.0,-360018417,1
820.0,-49073264#1,1
820.0,-51362430,18
820.0,-593847701,1
820.0,-593847703#3,32
820.0,-594658757#2,4
820.0,-E0,18
820.0,1068234498#0,37
820.0,1068234499#0,4
820.0,1068440001,10
820.0,1068440004#1,33
820.0,1068440006#0,2
820.0,182334378#0,21
820.0,196961377#0,22
820.0,232003903#0,1
820.0,238526531#0,24
820.0,244450512#1,2
820.0,260881642#0,4
820.0,263217604#0,1
820.0,288878926#0,9
820.0,300077497#0,2
820.0,300077497#6,3
820.0,303647015#0,4
820.0,30620492#0,18
820.0,30620492#1,5
820.0,360843888,2
820.0,484988951#0,5
820.0,49073226#2,2
820.0,49073272#4,3
820.0,506322842#0,5
820.0,506322844#0,5
820.0,506322846#0,1
820.0,506322846#2,2
820.0,506322851#0,12
820.0,506322851#2,8
820.0,506322853#0,19
820.0,51362429#0,17
820.0,51362430,1
820.0,593844221#0,1
820.0,593847704#0,1
820.0,593849711#2,20
820.0,594658757#0,3
820.0,594658760#0,6
820.0,:3086736518_0,2
820.0,:3086736518_6,1
820.0,:3208478121_0,1
820.0,:655375232_2,1
820.0,:655375232_6,1
820.0,:655375232_8,1
820.0,:655375233_0,1
820.0,:655375233_2,1
820.0,:655375233_4,2
820.0,:655375233_8,7
820.0,:655375238_2,1
820.0,:655375238_3,1
820.0,:cluster11510670762_4554226152_0,1
820.0,:cluster655375336_end_0_655375336_end_1_655375336_end_10_655375336_end_11_#8more_12,1
820.0,:cluster655375336_end_0_655375336_end_1_655375336_end_10_655375336_end_11_#8more_25,2
820.0,:cluster_2038168688_655375573_25,1
820.0,:cluster_2528018119_655375236_12,1
820.0,:cluster_2528018119_655375236_29,1
820.0,:cluster_3208478133_655375293_655375296_9631728504_#1more_8,3
820.0,:cluster_623980147_623980152_4,1
840.0,-300077497#5,27
840.0,-300077497#8,4
840.0,-35274074#2,11
840.0,-51362430,17
840.0,-593847701,1
840.0,-593847703#3,32
840.0,-594658757#2,5
840.0,-E0,18
840.0,1068234498#0,37
840.0,1068234499#0,2
840.0,1068440001,8
840.0,1068440004#1,33
840.0,1068440006#0,2
840.0,1334904386#0,1
840.0,182334378#0,16
840.0,196961377#0,22
840.0,232003903#0,1
840.0,238526531#0,24
840.0,244450512#1,3
840.0,260881642#0,2
840.0,263217604#0,1
840.0,288878926#0,12
840.0,300077497#0,6
840.0,300077497#6,4
840.0,30620492#0,18
840.0,30620492#1,5
840.0,360843888,2
840.0,484988951#0,5
840.0,49073272#4,1
840.0,49695736#0,2
840.0,506322842#0,5
840.0,506322844#0,5
840.0,506322846#2,2
840.0,506322851#0,12
840.0,506322851#2,8
840.0,506322853#0,16
840.0,51362429#0,17
840.0,51362430,1
840.0,593844221#0,1
840.0,593849711#2,20
840.0,594658757#0,3
840.0,594658760#0,6
840.0,668037874,1
840.0,:3086736518_0,2
840.0,:3086736518_6,1
840.0,:655375232_2,1
840.0,:655375232_6,1
840.0,:655375232_8,1
840.0,:655375233_0,1
840.0,:655375233_2,1
840.0,:655375233_4,2
840.0,:655375233_8,7
840.0,:655375238_2,1
840.0,:655375238_3,1
840.0,:cluster11510670762_4554226152_0,2
840.0,:cluster3086736522_655375108_655375247_655375401_#1more_11,1
840.0,:cluster619136880_619136881_cluster_4510442270_5296993511_5296993513_619136931_#1more_8,1
840.0,:cluster619136899_619136900_cluster_619136929_619136942_6,1
840.0,:cluster622618015_622618108_622618112_622618144_#2more_17,1
840.0,:cluster622618015_622618108_622618112_622618144_#2more_39,1
840.0,:cluster655375336_end_0_655375336_end_1_655375336_end_10_655375336_end_11_#8more_10,1
840.0,:cluster655375336_end_0_655375336_end_1_655375336_end_10_655375336_end_11_#8more_12,2
840.0,:cluster655375336_end_0_655375336_end_1_655375336_end_10_655375336_end_11_#8more_25,1
840.0,:cluster_2038168688_655375573_25,1
840.0,:cluster_2528018119_655375236_12,2
840.0,:cluster_3208478133_655375293_655375296_9631728504_#1more_8,2
860.0,-300077497#5,25
860.0,-300077497#8,4
860.0,-35274074#2,11
860.0,-360018417,5
860.0,-51362430,18
860.0,-593847701,1
860.0,-593847703#3,33
860.0,-594658757#2,3
860.0,-E0,18
860.0,1068234498#0,37
860.0,1068234499#0,2
860.0,1068440001,8
860.0,1068440004#1,33
860.0,1068440006#0,2
860.0,1334904386#0,2
860.0,182334378#0,12
860.0,196961377#0,20
860.0,238526531#0,24
860.0,244450512#1,3
860.0,244450512#4,1
860.0,244450512#5,1
860.0,263217604#0,1
860.0,288878926#0,12
860.0,300077497#0,4
860.0,303647015#0,5
860.0,30620492#0,17
860.0,30620492#1,5
860.0,35274074#0,2
860.0,484988951#0,5
860.0,49073272#4,2
860.0,49695736#0,2
860.0,506322842#0,5
860.0,506322844#0,5
860.0,506322846#2,2
860.0,506322851#0,12
860.0,506322851#2,7
860.0,506322853#0,14
860.0,51362429#0,16
860.0,51362430,2
860.0,593849711#2,22
860.0,594658757#0,3
860.0,594658760#0,6
860.0,668037874,1
860.0,:3086736518_0,2
860.0,:3086736518_6,1
860.0,:655375232_2,1
860.0,:655375232_6,1
860.0,:655375232_8,1
860.0,:655375233_0,1
860.0,:655375233_2,1
860.0,:655375233_4,2
860.0,:655375233_8,7
860.0,:655375238_2,1
860.0,:655375238_3,1
860.0,:655375238_6,1
860.0,:cluster11510670762_4554226152_0,2
860.0,:cluster3086736522_655375108_655375247_655375401_#1more_11,1
860.0,:cluster655375336_end_0_655375336_end_1_655375336_end_10_655375336_end_11_#8more_10,1
860.0,:cluster655375336_end_0_655375336_end_1_655375336_end_10_655375336_end_11_#8more_12,3
860.0,:cluster655375336_end_0_655375336_end_1_655375336_end_10_655375336_end_11_#8more_25,2
860.0,:cluster_2038168688_655375573_25,1
860.0,:cluster_2528018119_655375236_17,1
880.0,-300077497#5,25
880.0,-300077497#8,4
880.0,-35274074#2,11
880.0,-360018417,5
880.0,-51362430,18
880.0,-593847701,1
880.0,-593847703#3,35
880.0,-593847704#2,6
880.0,-594658757#2,6
880.0,-E0,18
880.0,1068234498#0,35
880.0,1068234499#0,2
880.0,1068440001,9
880.0,1068440004#1,33
880.0,1239087514,1
880.0,1334904386#0,3
880.0,182334378#0,16
880.0,186602412#0,1
880.0,196961377#0,21
880.0,238526531#0,25
880.0,244450512#1,3
880.0,244450512#4,1
880.0,244450512#5,2
880.0,288878926#0,5
880.0,300077497#0,1
880.0,300077497#6,2
880.0,30620492#0,18
880.0,30620492#1,5
880.0,484988951#0,3
880.0,49695736#0,4
880.0,506322842#0,5
880.0,506322844#0,5
880.0,506322846#0,4
880.0,506322846#2,3
880.0,506322851#0,7
880.0,506322851#2,6
880.0,506322853#0,19
880.0,51362429#0,13
880.0,51362430,1
880.0,593849711#2,24
880.0,594658757#0,3
880.0,594658760#0,5
880.0,:2690921409_0,1
880.0,:3086736518_0,3
880.0,:3086736518_6,1
880.0,:655375232_2,4
880.0,:655375232_6,1
880.0,:655375232_8,1
880.0,:655375233_0,1
880.0,:655375233_2,1
880.0,:655375233_4,2
880.0,:655375233_8,7
880.0,:655375238_2,1
880.0,:655375238_3,1
880.0,:cluster11510670762_4554226152_0,2
880.0,:cluster11510670762_4554226152_1,1
880.0,:cluster622618015_622618108_622618112_622618144_#2more_2,1
880.0,:cluster_2038168688_655375573_25,1
880.0,:cluster_3431431575_4777363357_655375231_6982059025_5,1
880.0,:cluster_5372642442_631668976_631668981_631669076_45,1
900.0,-300077497#5,27
900.0,-300077497#8,3
900.0,-35274074#2,11
900.0,-360018417,5
900.0,-51362429#1,4
900.0,-51362430,19
900.0,-593847701,1
900.0,-593847703#3,33
900.0,-594658757#2,9
900.0,-E0,19
900.0,1068234498#0,35
900.0,1068234499#0,2
900.0,1068440001,9
900.0,1068440004#1,33
900.0,1334904386#0,5
900.0,182334378#0,11
900.0,186602412#0,3
900.0,196961377#0,21
900.0,238526531#0,26
900.0,244450512#1,3
900.0,244450512#5,3
900.0,288878926#0,3
900.0,300077497#6,3
900.0,30620492#0,18
900.0,30620492#1,5
900.0,35274074#0,1
900.0,484988951#0,5
900.0,49695736#0,4
900.0,506322842#0,5
900.0,506322844#0,5
900.0,506322846#2,2
900.0,506322851#0,6
900.0,506322851#2,8
900.0,506322853#0,19
900.0,51362429#0,14
900.0,51362430,1
900.0,593849711#2,19
900.0,594658757#0,3
900.0,594658760#0,5
900.0,:3086736518_0,3
900.0,:3086736518_6,1
900.0,:655375232_2,4
900.0,:655375232_6,2
900.0,:655375232_8,1
900.0,:655375233_0,1
900.0,:655375233_2,2
900.0,:655375233_4,3
900.0,:655375233_8,7
900.0,:cluster11510670762_4554226152_0,2
900.0,:cluster655375336_end_0_655375336_end_1_655375336_end_10_655375336_end_11_#8more_12,1
900.0,:cluster655375336_end_0_655375336_end_1_655375336_end_10_655375336_end_11_#8more_40,1
900.0,:cluster_2038168688_655375573_25,1
920.0,-1334905223#2,1
920.0,-300077497#5,27
920.0,-300077497#8,4
920.0,-35274074#2,12
920.0,-51362430,19
920.0,-593847701,1
920.0,-593847703#3,33
920.0,-594658757#2,12
920.0,-E0,19
920.0,1068234498#0,35
920.0,1068440001,9
920.0,1068440004#1,33
920.0,1334904386#0,5
920.0,182334378#0,10
920.0,196961377#0,21
920.0,238526531#0,25
920.0,244450512#1,3
920.0,244450512#5,3
920.0,288878926#0,3
920.0,300077497#0,6
920.0,300077497#6,3
920.0,303647015#0,3
920.0,30620492#0,18
920.0,30620492#1,5
920.0,35274074#0,1
920.0,484988951#0,3
920.0,49073226#2,6
920.0,49073272#4,5
920.0,506322842#0,4
920.0,506322844#0,5
920.0,506322846#2,3
920.0,506322851#0,6
920.0,506322851#2,8
920.0,506322853#0,19
920.0,51362429#0,16
920.0,593847702#0,3
920.0,593849711#2,23
920.0,594658757#0,3
920.0,594658760#0,5
920.0,:3086736518_0,3
920.0,:3086736518_6,1
920.0,:655375232_2,4
920.0,:655375232_6,2
920.0,:655375232_8,1
920.0,:655375233_0,1
920.0,:655375233_2,2
920.0,:655375233_4,3
920.0,:655375233_8,4
920.0,:cluster11510670762_4554226152_0,2
920.0,:cluster655375336_end_0_655375336_end_1_655375336_end_10_655375336_end_11_#8more_12,1
920.0,:cluster655375336_end_0_655375336_end_1_655375336_end_10_655375336_end_11_#8more_40,1
920.0,:cluster_2038168688_655375573_30,1
920.0,:cluster_3431431575_4777363357_655375231_6982059025_5,1
940.0,-300077497#5,27
940.0,-300077497#8,4
940.0,-35274074#2,12
940.0,-360018417,1
940.0,-51362430,19
940.0,-593847701,1
940.0,-593847703#3,33
940.0,-594658757#2,11
940.0,-E0,19
940.0,1068234498#0,36
940.0,1068440001,9
940.0,1068440004#1,33
940.0,1334904386#0,7
940.0,182334378#0,11
940.0,196961377#0,18
940.0,196961377#3,3
940.0,238526531#0,25
940.0,244450512#1,3
940.0,244450512#5,3
940.0,288878926#0,3
940.0,300077497#0,1
940.0,303647015#0,5
940.0,30620492#0,18
940.0,30620492#1,5
940.0,35274074#0,5
940.0,484988951#0,4
940.0,49073226#2,6
940.0,49073272#4,1
940.0,506322842#0,4
940.0,506322844#0,5
940.0,506322846#2,2
940.0,506322851#0,6
940.0,506322851#2,8
940.0,506322853#0,14
940.0,51362429#0,17
940.0,593847702#0,6
940.0,593847703#0,1
940.0,593849711#2,23
940.0,594658757#0,3
940.0,594658760#0,5
940.0,:3086736518_0,3
940.0,:3086736518_6,1
940.0,:655375232_2,4
940.0,:655375232_6,2
940.0,:655375232_8,1
940.0,:655375233_2,2
940.0,:655375233_4,2
940.0,:655375233_8,1
940.0,:655375238_0,1
940.0,:cluster11510670762_4554226152_0,2
940.0,:cluster3086736522_655375108_655375247_655375401_#1more_11,2
940.0,:cluster619136880_619136881_cluster_4510442270_5296993511_5296993513_619136931_#1more_12,1
940.0,:cluster619136880_619136881_cluster_4510442270_5296993511_5296993513_619136931_#1more_8,1
940.0,:cluster619136899_619136900_cluster_619136929_619136942_6,1
940.0,:cluster_2038168688_655375573_30,1
960.0,-300077497#5,26
960.0,-300077497#8,4
960.0,-35274074#2,12
960.0,-360018417,5
960.0,-51362430,19
960.0,-593847701,1
960.0,-593847703#3,34
960.0,-594658757#2,6
960.0,-E0,17
960.0,1068234498#0,36
960.0,1068440001,5
960.0,1068440004#1,33
960.0,1239087514,1
960.0,1334904386#0,7
960.0,182334378#0,11
960.0,196961377#0,15
960.0,196961377#3,5
960.0,238526531#0,25
960.0,244450512#1,2
960.0,260881642#0,3
960.0,288878926#0,1
960.0,300077497#0,1
960.0,303647015#0,6
960.0,30620492#0,18
960.0,30620492#1,5
960.0,484988951#0,4
960.0,49073226#2,6
960.0,49695736#0,2
960.0,506322842#0,4
960.0,506322844#0,5
960.0,506322846#0,3
960.0,506322846#2,2
960.0,506322851#0,5
960.0,506322851#2,6
960.0,506322853#0,16
960.0,51362429#0,17
960.0,51362430,1
960.0,593844221#0,1
960.0,593847702#0,6
960.0,593847704#0,2
960.0,593849711#2,23
960.0,594658757#0,3
960.0,594658760#0,5
960.0,:3086736518_0,3
960.0,:3086736518_6,1
960.0,:655375232_2,4
960.0,:655375232_6,2
960.0,:655375232_8,1
960.0,:655375233_2,2
960.0,:655375233_4,2
960.0,:655375233_8,1
960.0,:cluster11510670762_4554226152_0,1
960.0,:cluster622618015_622618108_622618112_622618144_#2more_2,1
960.0,:cluster622618015_622618108_622618112_622618144_#2more_26,1
960.0,:cluster655375336_end_0_655375336_end_1_655375336_end_10_655375336_end_11_#8more_12,2
960.0,:cluster_2038168688_655375573_30,1
960.0,:cluster_2038168688_655375573_6,2
960.0,:cluster_3208478133_655375293_655375296_9631728504_#1more_16,1
960.0,:cluster_3208478133_655375293_655375296_9631728504_#1more_8,2
980.0,-300077497#5,26
980.0,-300077497#8,3
980.0,-35274074#2,11
980.0,-360018417,5
980.0,-51362430,13
980.0,-593847701,1
980.0,-593847703#3,35
980.0,-594658757#2,8
980.0,-E0,19
980.0,1068234498#0,36
980.0,1068440001,7
980.0,1068440004#1,33
980.0,1334904386#0,7
980.0,182334378#0,11
980.0,186602412#0,2
980.0,196961377#0,15
980.0,238526531#0,25
980.0,244450512#1,2
980.0,260881642#0,3
980.0,30620492#0,18
980.0,30620492#1,5
980.0,484988951#0,3
980.0,49073226#2,6
980.0,49695736#0,2
980.0,506322842#0,4
980.0,506322844#0,5
980.0,506322846#0,1
980.0,506322846#2,2
980.0,506322851#2,8
980.0,506322853#0,19
980.0,51362429#0,12
980.0,51362430,2
980.0,593844221#0,2
980.0,593847702#0,6
980.0,593847703#0,7
980.0,593847704#0,2
980.0,593849711#0,1
980.0,593849711#2,23
980.0,594658757#0,3
980.0,594658760#0,3
980.0,:3086736518_0,2
980.0,:3086736518_6,1
980.0,:655375232_2,1
980.0,:655375232_6,2
980.0,:655375232_8,1
980.0,:655375233_0,2
980.0,:655375233_2,2
980.0,:655375233_4,2
980.0,:655375233_8,1
980.0,:655375238_2,1
980.0,:cluster11510670762_4554226152_0,1
980.0,:cluster622618015_622618108_622618112_622618144_#2more_49,1
980.0,:cluster655375336_end_0_655375336_end_1_655375336_end_10_655375336_end_11_#8more_17,1
980.0,:cluster_2038168688_655375573_30,1
980.0,:cluster_2038168688_655375573_6,2
980.0,:cluster_3208478133_655375293_655375296_9631728504_#1more_8,5
980.0,:cluster_3431431575_4777363357_655375231_6982059025_5,1
1000.0,-300077497#5,27
1000.0,-300077497#8,3
1000.0,-35274074#2,11
1000.0,-360018417,1
1000.0,-51362429#1,2
1000.0,-51362430,16
1000.0,-593847701,1
1000.0,-593847703#3,35
1000.0,-594658757#2,8
1000.0,-E0,19
1000.0,1068234498#0,36
1000.0,1068440001,8
1000.0,1068440004#1,33
1000.0,1068440006#0,6
1000.0,182334378#0,11
1000.0,186602412#0,1
1000.0,196961377#0,15
1000.0,238526531#0,24
1000.0,244450512#1,2
1000.0,260881642#0,3
1000.0,300077497#0,2
1000.0,303647015#0,6
1000.0,30620492#0,18
1000.0,30620492#1,5
1000.0,484988951#0,3
1000.0,49073226#2,10
1000.0,49073272#4,3
1000.0,506322842#0,4
1000.0,506322844#0,4
1000.0,506322846#0,2
1000.0,506322846#2,3
1000.0,506322851#2,8
1000.0,506322853#0,19
1000.0,51362429#0,16
1000.0,593844221#0,2
1000.0,593847703#0,10
1000.0,593847704#0,2
1000.0,593849711#2,15
1000.0,593849718#0,4
1000.0,594658757#0,3
1000.0,594658760#0,3
1000.0,:3086736518_0,1
1000.0,:3086736518_6,1
1000.0,:3208478121_0,1
1000.0,:655375232_6,1
1000.0,:655375233_2,2
1000.0,:655375233_4,2
1000.0,:655375233_8,1
1000.0,:655375238_3,1
1000.0,:655375238_5,1
1000.0,:655375239_5,1
1000.0,:cluster11510670762_4554226152_0,1
1000.0,:cluster3086736522_655375108_655375247_655375401_#1more_8,1
1000.0,:cluster622618015_622618108_622618112_622618144_#2more_31,2
1000.0,:cluster655375336_end_0_655375336_end_1_655375336_end_10_655375336_end_11_#8more_17,1
1000.0,:cluster_2038168688_655375573_25,1
1000.0,:cluster_2664674491_655375287_655375288_5,1
1000.0,:cluster_3208478133_655375293_655375296_9631728504_#1more_8,5
1000.0,:cluster_3431431575_4777363357_655375231_6982059025_3,1
1020.0,-300077497#5,27
1020.0,-300077497#8,4
1020.0,-35274074#2,11
1020.0,-51362429#1,8
1020.0,-51362430,17
1020.0,-593847703#3,30
1020.0,-594658757#2,7
1020.0,-E0,19
1020.0,1068234498#0,36
1020.0,1068440001,7
1020.0,1068440004#1,33
1020.0,1068440006#0,8
1020.0,182334378#0,8
1020.0,186602412#0,2
1020.0,196961377#0,15
1020.0,238526531#0,24
1020.0,244450512#1,3
1020.0,260881642#0,2
1020.0,300077497#0,1
1020.0,30620492#0,18
1020.0,30620492#1,5
1020.0,484988951#0,4
1020.0,49073226#2,11
1020.0,49073272#4,1
1020.0,49695736#0,3
1020.0,506322842#0,4
1020.0,506322844#0,5
1020.0,506322846#2,2
1020.0,506322851#2,8
1020.0,506322853#0,16
1020.0,51362429#0,16
1020.0,593844221#0,1
1020.0,593847702#0,3
1020.0,593847703#0,10
1020.0,593847704#0,1
1020.0,593849711#2,17
1020.0,594658757#0,3
1020.0,594658760#0,3
1020.0,668037874,1
1020.0,:3086736518_0,1
1020.0,:3086736518_6,1
1020.0,:655375233_4,1
1020.0,:655375238_1,1
1020.0,:655375238_3,1
1020.0,:655375238_5,1
1020.0,:656132414_2,1
1020.0,:cluster11510670762_4554226152_0,2
1020.0,:cluster3086736522_655375108_655375247_655375401_#1more_11,1
1020.0,:cluster619136880_619136881_cluster_4510442270_5296993511_5296993513_619136931_#1more_8,1
1020.0,:cluster619136899_619136900_cluster_619136929_619136942_6,1
1020.0,:cluster622618015_622618108_622618112_622618144_#2more_39,2
1020.0,:cluster655375336_end_0_655375336_end_1_655375336_end_10_655375336_end_11_#8more_12,3
1020.0,:cluster655375336_end_0_655375336_end_1_655375336_end_10_655375336_end_11_#8more_17,1
1020.0,:cluster655375336_end_0_655375336_end_1_655375336_end_10_655375336_end_11_#8more_25,1
1020.0,:cluster_2038168688_655375573_25,1
1020.0,:cluster_2528018119_655375236_20,1
1020.0,:cluster_2528018119_655375236_32,1
1020.0,:cluster_3208478133_655375293_655375296_9631728504_#1more_8,1
1040.0,-300077497#5,27
1040.0,-300077497#8,4
1040.0,-35274074#2,11
1040.0,-360018417,3
1040.0,-51362429#1,6
1040.0,-51362430,17
1040.0,-593847703#3,30
1040.0,-594658757#2,1
1040.0,-E0,19
1040.0,1068234498#0,36
1040.0,1068440001,8
1040.0,1068440004#1,26
1040.0,1068440006#0,8
1040.0,182334378#0,5
1040.0,196961377#0,9
1040.0,196961377#3,6
1040.0,238526531#0,24
1040.0,244450512#1,3
1040.0,288878926#0,4
1040.0,300077497#0,7
1040.0,303647015#0,8
1040.0,30620492#0,18
1040.0,30620492#1,5
1040.0,484988951#0,4
1040.0,49073226#2,7
1040.0,49073272#4,2
1040.0,49695736#0,4
1040.0,506322842#0,4
1040.0,506322844#0,5
1040.0,506322846#2,2
1040.0,506322851#2,7
1040.0,506322853#0,14
1040.0,51362429#0,17
1040.0,593847702#0,3
1040.0,593847703#0,6
1040.0,593849711#2,17
1040.0,594658757#0,3
1040.0,594658760#0,3
1040.0,:3086736518_0,1
1040.0,:3086736518_6,1
1040.0,:619136999_2,1
1040.0,:655375233_4,1
1040.0,:655375233_8,7
1040.0,:655375238_1,1
1040.0,:655375238_3,1
1040.0,:655375238_5,1
1040.0,:656132414_2,1
1040.0,:cluster11510670762_4554226152_0,2
1040.0,:cluster3086736522_655375108_655375247_655375401_#1more_11,1
1040.0,:cluster655375336_end_0_655375336_end_1_655375336_end_10_655375336_end_11_#8more_12,2
1040.0,:cluster655375336_end_0_655375336_end_1_655375336_end_10_655375336_end_11_#8more_17,1
1040.0,:cluster655375336_end_0_655375336_end_1_655375336_end_10_655375336_end_11_#8more_40,1
1040.0,:cluster_2038168688_655375573_25,1
1040.0,:cluster_2528018119_655375236_3,2
1040.0,:cluster_3431431575_4777363357_655375231_6982059025_3,1
1040.0,:cluster_623980147_623980152_9,1
1060.0,-300077497#5,27
1060.0,-300077497#8,4
1060.0,-35274074#2,11
1060.0,-360018417,5
1060.0,-51362429#1,1
1060.0,-51362430,19
1060.0,-593847703#3,30
1060.0,-593847704#2,2
1060.0,-594658757#2,5
1060.0,-E0,19
1060.0,1068234498#0,34
1060.0,1068440001,8
1060.0,1068440004#1,32
1060.0,1068440006#0,7
1060.0,1334904386#0,3
1060.0,196961377#0,8
1060.0,196961377#3,5
1060.0,238526531#0,26
1060.0,244450512#1,3
1060.0,288878926#0,5
1060.0,300077497#0,15
1060.0,30620492#0,18
1060.0,30620492#1,5
1060.0,484988951#0,4
1060.0,49073226#2,5
1060.0,49695736#0,4
1060.0,506322842#0,4
1060.0,506322844#0,5
1060.0,506322846#2,3
1060.0,506322851#2,2
1060.0,506322853#0,19
1060.0,51362429#0,17
1060.0,593847702#0,3
1060.0,593849711#2,17
1060.0,594658757#0,2
1060.0,594658760#0,2
1060.0,:3086736518_0,1
1060.0,:3086736518_6,1
1060.0,:655375233_4,1
1060.0,:655375233_8,7
1060.0,:655375238_1,1
1060.0,:655375238_3,1
1060.0,:655375238_5,1
1060.0,:656132414_2,1
1060.0,:cluster11510670762_4554226152_0,2
1060.0,:cluster622618015_622618108_622618112_622618144_#2more_2,1
1060.0,:cluster622618015_622618108_622618112_622618144_#2more_26,1
1060.0,:cluster655375336_end_0_655375336_end_1_655375336_end_10_655375336_end_11_#8more_17,1
1060.0,:cluster655375336_end_0_655375336_end_1_655375336_end_10_655375336_end_11_#8more_18,1
1060.0,:cluster655375336_end_0_655375336_end_1_655375336_end_10_655375336_end_11_#8more_19,1
1060.0,:cluster655375336_end_0_655375336_end_1_655375336_end_10_655375336_end_11_#8more_31,1
1060.0,:cluster_2038168688_655375573_25,1
1060.0,:cluster_3431431575_4777363357_655375231_6982059025_3,2
1080.0,-300077497#5,26
1080.0,-300077497#8,4
1080.0,-35274074#2,11
1080.0,-360018417,5
1080.0,-51362430,19
1080.0,-593847703#3,31
1080.0,-594658757#2,5
1080.0,-E0,19
1080.0,1068234498#0,35
1080.0,1068440001,9
1080.0,1068440004#1,35
1080.0,1068440006#0,5
1080.0,1334904386#0,3
1080.0,196961377#0,8
1080.0,196961377#3,2
1080.0,238526531#0,26
1080.0,244450512#1,3
1080.0,288878926#0,9
1080.0,300077497#0,15
1080.0,30620492#0,18
1080.0,30620492#1,5
1080.0,484988951#0,4
1080.0,49073226#2,1
1080.0,49695736#0,4
1080.0,506322842#0,4
1080.0,506322844#0,5
1080.0,506322846#2,2
1080.0,506322851#2,2
1080.0,506322853#0,19
1080.0,51362429#0,10
1080.0,51362430,3
1080.0,593847702#0,3
1080.0,593849711#0,1
1080.0,593849711#2,18
1080.0,594658757#0,2
1080.0,594658760#0,2
1080.0,:3086736518_0,1
1080.0,:3086736518_6,1
1080.0,:655375232_2,5
1080.0,:655375233_0,2
1080.0,:655375233_4,1
1080.0,:655375233_8,7
1080.0,:655375238_1,1
1080.0,:655375238_3,1
1080.0,:655375238_5,1
1080.0,:cluster11510670762_4554226152_0,2
1080.0,:cluster622618015_622618108_622618112_622618144_#2more_49,1
1080.0,:cluster655375336_end_0_655375336_end_1_655375336_end_10_655375336_end_11_#8more_17,1
1080.0,:cluster_2038168688_655375573_25,1
1080.0,:cluster_623980147_623980152_9,1
1100.0,-300077497#5,27
1100.0,-300077497#8,4
1100.0,-35274074#2,11
1100.0,-51362429#1,2
1100.0,-51362430,19
1100.0,-593847703#3,31
1100.0,-594658757#2,5
1100.0,-E0,19
1100.0,1068234498#0,36
1100.0,1068440001,9
1100.0,1068440004#1,35
1100.0,1068440006#0,5
1100.0,182334379#0,1
1100.0,196961377#0,8
1100.0,196961377#3,2
1100.0,238526531#0,26
1100.0,244450512#1,3
1100.0,288878926#0,11
1100.0,300077497#0,18
1100.0,303647015#0,3
1100.0,30620492#0,18
1100.0,30620492#1,5
1100.0,484988951#0,3
1100.0,49073272#3,1
1100.0,49073272#4,4
1100.0,506322842#0,4
1100.0,506322844#0,5
1100.0,506322846#2,2
1100.0,506322851#2,2
1100.0,506322853#0,19
1100.0,51362429#0,11
1100.0,51362430,2
1100.0,593849711#2,16
1100.0,594658757#0,2
1100.0,594658760#0,2
1100.0,:3086736518_0,1
1100.0,:3086736518_6,1
1100.0,:655375232_2,5
1100.0,:655375232_6,1
1100.0,:655375233_0,2
1100.0,:655375233_4,1
1100.0,:655375233_8,7
1100.0,:655375238_3,1
1100.0,:655375238_6,1
1100.0,:cluster11510670762_4554226152_0,2
1100.0,:cluster655375336_end_0_655375336_end_1_655375336_end_10_655375336_end_11_#8more_17,1
1100.0,:cluster_2038168688_655375573_25,1
1100.0,:cluster_3431431575_4777363357_655375231_6982059025_5,1
1100.0,:cluster_623980090_623980094_0,1
1120.0,-300077497#5,27
1120.0,-300077497#8,4
1120.0,-35274074#2,12
1120.0,-51362430,19
1120.0,-593847703#3,28
1120.0,-E0,19
1120.0,1068234498#0,37
1120.0,1068440001,9
1120.0,1068440004#1,35
1120.0,1068440006#0,5
1120.0,182334379#0,1
1120.0,196961215#2,1
1120.0,196961377#0,5
1120.0,196961377#3,5
1120.0,238526531#0,26
1120.0,244450512#1,3
1120.0,288878926#0,11
1120.0,300077497#0,10
1120.0,303647015#0,4
1120.0,30620492#0,18
1120.0,30620492#1,5
1120.0,35274074#0,8
1120.0,484988951#0,5
1120.0,49073226#2,3
1120.0,49073272#3,1
1120.0,506322842#0,2
1120.0,506322844#0,5
1120.0,506322846#0,1
1120.0,506322846#2,3
1120.0,506322851#2,2
1120.0,506322853#0,13
1120.0,51362429#0,12
1120.0,593849711#2,16
1120.0,594658757#0,2
1120.0,594658760#0,2
1120.0,668037874,1
1120.0,:3086736518_0,1
1120.0,:3086736518_6,1
1120.0,:3208478121_0,1
1120.0,:619136999_0,1
1120.0,:619136999_2,1
1120.0,:655375232_2,5
1120.0,:655375232_6,2
1120.0,:655375232_8,1
1120.0,:655375233_0,2
1120.0,:655375233_4,3
1120.0,:655375233_8,7
1120.0,:655375238_1,1
1120.0,:cluster11510670762_4554226152_0,2
1120.0,:cluster3086736522_655375108_655375247_655375401_#1more_11,1
1120.0,:cluster619136880_619136881_cluster_4510442270_5296993511_5296993513_619136931_#1more_8,1
1120.0,:cluster619136899_619136900_cluster_619136929_619136942_6,1
1120.0,:cluster655375336_end_0_655375336_end_1_655375336_end_10_655375336_end_11_#8more_17,1
1120.0,:cluster_2038168688_655375573_30,1
1140.0,-300077497#5,26
1140.0,-300077497#8,4
1140.0,-35274074#2,12
1140.0,-360018417,1
1140.0,-51362430,18
1140.0,-593847703#3,29
1140.0,-E0,19
1140.0,1068234498#0,36
1140.0,1068440001,4
1140.0,1068440004#1,35
1140.0,1068440006#0,4
1140.0,182334379#0,1
1140.0,196961215#2,1
1140.0,196961377#0,3
1140.0,196961377#3,10
1140.0,232003903#0,1
1140.0,238526531#0,26
1140.0,244450512#1,3
1140.0,260881642#0,3
1140.0,288135626#0,1
1140.0,288878926#0,9
1140.0,300077497#0,3
1140.0,30620492#0,18
1140.0,30620492#1,5
1140.0,35274074#0,8
1140.0,360018417,1
1140.0,484988951#0,4
1140.0,49073226#2,3
1140.0,506322842#0,2
1140.0,506322844#0,5
1140.0,506322846#0,4
1140.0,506322846#2,2
1140.0,506322853#0,15
1140.0,51362429#0,15
1140.0,593844221#0,1
1140.0,593849711#0,2
1140.0,593849711#2,17
1140.0,594658757#0,2
1140.0,594658760#0,2
1140.0,:3086736518_0,1
1140.0,:3086736518_4,1
1140.0,:3086736518_6,1
1140.0,:655375232_2,5
1140.0,:655375232_6,2
1140.0,:655375232_8,1
1140.0,:655375233_0,2
1140.0,:655375233_4,2
1140.0,:655375233_8,7
1140.0,:656132414_2,1
1140.0,:cluster11510670762_4554226152_0,1
1140.0,:cluster622618015_622618108_622618112_622618144_#2more_26,1
1140.0,:cluster655375336_end_0_655375336_end_1_655375336_end_10_655375336_end_11_#8more_17,1
1140.0,:cluster_2038168688_655375573_23,1
1140.0,:cluster_2038168688_655375573_3,1
1140.0,:cluster_2038168688_655375573_30,1
1140.0,:cluster_2038168688_655375573_6,2
1140.0,:cluster_3208478133_655375293_655375296_9631728504_#1more_8,5
1160.0,-300077497#5,23
1160.0,-300077497#8,3
1160.0,-35274074#2,10
1160.0,-360018417,1
1160.0,-51362430,14
1160.0,-593847703#3,30
1160.0,-593847704#2,1
1160.0,-E0,19
1160.0,1068234498#0,38
1160.0,1068234499#0,1
1160.0,1068440001,7
1160.0,1068440004#1,35
1160.0,1068440006#0,3
1160.0,182334379#0,1
1160.0,186602412#0,4
1160.0,196961215#2,1
1160.0,196961377#0,3
1160.0,196961377#3,10
1160.0,232003903#0,2
1160.0,238526531#0,26
1160.0,244450512#1,2
1160.0,260881642#0,3
1160.0,288878926#0,3
1160.0,300077497#6,2
1160.0,30620492#0,16
1160.0,30620492#1,5
1160.0,35274074#0,4
1160.0,484988951#0,4
1160.0,49073226#2,3
1160.0,49695736#0,2
1160.0,506322842#0,2
1160.0,506322844#0,5
1160.0,506322846#0,5
1160.0,506322846#2,1
1160.0,506322853#0,15
1160.0,51362429#0,17
1160.0,593844221#0,1
1160.0,593849711#2,18
1160.0,594658757#0,2
1160.0,594658760#0,2
1160.0,:1973482489_8,1
1160.0,:3086736518_0,1
1160.0,:3086736518_4,1
1160.0,:3086736518_6,1
1160.0,:655375232_2,5
1160.0,:655375232_6,2
1160.0,:655375232_8,1
1160.0,:655375233_0,2
1160.0,:655375233_4,2
1160.0,:655375233_8,7
1160.0,:655375238_5,1
1160.0,:cluster11510670762_4554226152_0,1
1160.0,:cluster622618015_622618108_622618112_622618144_#2more_49,2
1160.0,:cluster655375336_end_0_655375336_end_1_655375336_end_10_655375336_end_11_#8more_17,1
1160.0,:cluster_2038168688_655375573_23,1
1160.0,:cluster_2038168688_655375573_3,1
1160.0,:cluster_2038168688_655375573_30,1
1160.0,:cluster_2038168688_655375573_6,2
1160.0,:cluster_2528018119_655375236_17,1
1160.0,:cluster_2528018119_655375236_31,1
1160.0,:cluster_2664674491_655375287_655375288_5,1
1160.0,:cluster_3208478133_655375293_655375296_9631728504_#1more_8,5
1180.0,-300077497#5,24
1180.0,-300077497#8,4
1180.0,-35274074#2,12
1180.0,-51362430,17
1180.0,-593847703#3,31
1180.0,-E0,19
1180.0,1068234498#0,38
1180.0,1068440001,8
1180.0,1068440004#1,35
1180.0,1068440006#0,3
1180.0,182334378#0,1
1180.0,182334379#0,1
1180.0,186602412#0,4
1180.0,196961215#2,1
1180.0,196961377#0,3
1180.0,196961377#3,8
1180.0,232003903#0,2
1180.0,238526531#0,25
1180.0,244450512#1,2
1180.0,260881642#0,3
1180.0,288135626#0,1
1180.0,288878926#0,3
1180.0,300077497#0,2
1180.0,300077497#6,2
1180.0,30620492#0,18
1180.0,30620492#1,5
1180.0,35274074#0,1
1180.0,484988951#0,4
1180.0,49073226#2,3
1180.0,49073272#4,1
1180.0,506322842#0,1
1180.0,506322844#0,5
1180.0,506322846#0,5
1180.0,506322853#0,15
1180.0,51362429#0,16
1180.0,593844221#0,1
1180.0,593849711#2,18
1180.0,594658757#0,2
1180.0,594658760#0,2
1180.0,:1973482489_3,1
1180.0,:3086736518_0,1
1180.0,:3086736518_4,1
1180.0,:3086736518_6,1
1180.0,:655375232_2,6
1180.0,:655375232_6,2
1180.0,:655375232_8,1
1180.0,:655375233_0,2
1180.0,:655375233_4,2
1180.0,:655375233_8,7
1180.0,:cluster11510670762_4554226152_0,1
1180.0,:cluster655375336_end_0_655375336_end_1_655375336_end_10_655375336_end_11_#8more_17,1
1180.0,:cluster_2038168688_655375573_30,1
1180.0,:cluster_2528018119_655375236_29,1
1180.0,:cluster_2664674491_655375287_655375288_5,1
1180.0,:cluster_3208478133_655375293_655375296_9631728504_#1more_8,5
1200.0,-300077497#5,27
1200.0,-300077497#8,4
1200.0,-35274074#2,12
1200.0,-51362430,19
1200.0,-593847703#3,32
1200.0,-E0,19
1200.0,1068234498#0,38
1200.0,1068440001,8
1200.0,1068440004#1,35
1200.0,1068440006#0,3
1200.0,182334378#0,1
1200.0,182334379#0,1
1200.0,186602412#0,4
1200.0,196961215#2,1
1200.0,196961377#0,3
1200.0,196961377#3,8
1200.0,232003903#0,2
1200.0,238526531#0,25
1200.0,244450512#1,3
1200.0,260881642#0,3
1200.0,288878926#0,3
1200.0,300077497#6,2
1200.0,30620492#0,18
1200.0,30620492#1,5
1200.0,35274074#0,3
1200.0,484988951#0,4
1200.0,49073226#2,3
1200.0,506322842#0,1
1200.0,506322844#0,6
1200.0,506322853#0,12
1200.0,51362429#0,17
1200.0,593849711#2,18
1200.0,594658757#0,2
1200.0,594658760#0,2
1200.0,668037874,1
1200.0,:3086736518_0,1
1200.0,:3086736518_4,1
1200.0,:3086736518_6,1
1200.0,:655375232_2,6
1200.0,:655375232_6,2
1200.0,:655375232_8,1
1200.0,:655375233_0,2
1200.0,:655375233_4,2
1200.0,:655375233_8,7
1200.0,:655375238_0,1
1200.0,:cluster11510670762_4554226152_0,1
1200.0,:cluster619136880_619136881_cluster_4510442270_5296993511_5296993513_619136931_#1more_8,1
1200.0,:cluster619136899_619136900_cluster_619136929_619136942_6,1
1200.0,:cluster655375336_end_0_655375336_end_1_655375336_end_10_655375336_end_11_#8more_17,1
1200.0,:cluster655375336_end_0_655375336_end_1_655375336_end_10_655375336_end_11_#8more_25,2
1200.0,:cluster_2038168688_655375573_30,1
1200.0,:cluster_3208478133_655375293_655375296_9631728504_#1more_8,4
1220.0,-300077497#5,24
1220.0,-300077497#8,4
1220.0,-35274074#2,12
1220.0,-51362430,17
1220.0,-593847703#3,30
1220.0,-593847705,1
1220.0,-E0,19
1220.0,1068234498#0,38
1220.0,1068440001,9
1220.0,1068440004#1,35
1220.0,1068440006#0,3
1220.0,1239087514,1
1220.0,182334379#0,1
1220.0,196961215#2,1
1220.0,196961377#0,5
1220.0,196961377#3,11
1220.0,238526531#0,25
1220.0,244450512#1,3
1220.0,288878926#0,3
1220.0,300077497#0,1
1220.0,30620492#0,18
1220.0,30620492#1,5
1220.0,484988951#0,4
1220.0,49073226#2,3
1220.0,49695736#0,5
1220.0,506322842#0,1
1220.0,506322844#0,6
1220.0,506322853#0,9
1220.0,51362429#0,17
1220.0,51362430,2
1220.0,593849711#2,18
1220.0,594658757#0,2
1220.0,594658760#0,2
1220.0,:3086736518_0,1
1220.0,:3086736518_3,1
1220.0,:3086736518_4,1
1220.0,:3086736518_6,1
1220.0,:655375232_2,6
1220.0,:655375232_6,2
1220.0,:655375232_8,1
1220.0,:655375233_0,2
1220.0,:655375233_4,3
1220.0,:655375233_8,7
1220.0,:cluster11510670762_4554226152_0,2
1220.0,:cluster619136880_619136881_cluster_4510442270_5296993511_5296993513_619136931_#1more_12,1
1220.0,:cluster655375336_end_0_655375336_end_1_655375336_end_10_655375336_end_11_#8more_17,1
1220.0,:cluster_2038168688_655375573_23,1
1220.0,:cluster_2038168688_655375573_3,1
1220.0,:cluster_2038168688_655375573_30,1
1220.0,:cluster_2038168688_655375573_6,1
1220.0,:cluster_2528018119_655375236_19,1
1220.0,:cluster_2528018119_655375236_31,1
1240.0,-300077497#5,20
1240.0,-300077497#8,4
1240.0,-35274074#2,12
1240.0,-51362430,18
1240.0,-593847703#3,33
1240.0,-593847705,1
1240.0,-E0,19
1240.0,1068234498#0,38
1240.0,1068440001,9
1240.0,1068440004#1,35
1240.0,1068440006#0,3
1240.0,182334378#0,2
1240.0,182334379#0,1
1240.0,186602412#0,2
1240.0,196961215#2,1
1240.0,196961377#0,6
1240.0,196961377#3,7
1240.0,238526531#0,25
1240.0,244450512#1,3
1240.0,30620492#0,18
1240.0,30620492#1,5
1240.0,484988951#0,5
1240.0,49073226#2,3
1240.0,49695736#0,5
1240.0,506322842#0,1
1240.0,506322844#0,6
1240.0,506322853#0,9
1240.0,51362429#0,17
1240.0,51362430,2
1240.0,593849711#0,1
1240.0,593849711#2,18
1240.0,594658757#0,2
1240.0,594658760#0,2
1240.0,:3086736518_0,1
1240.0,:3086736518_3,1
1240.0,:3086736518_4,1
1240.0,:3086736518_6,1
1240.0,:655375232_2,6
1240.0,:655375232_6,2
1240.0,:655375232_8,1
1240.0,:655375233_0,2
1240.0,:655375233_4,3
1240.0,:655375233_8,7
1240.0,:cluster11510670762_4554226152_0,2
1240.0,:cluster622618015_622618108_622618112_622618144_#2more_26,1
1240.0,:cluster622618015_622618108_622618112_622618144_#2more_49,2
1240.0,:cluster655375336_end_0_655375336_end_1_655375336_end_10_655375336_end_11_#8more_17,1
1240.0,:cluster_2038168688_655375573_23,1
1240.0,:cluster_2038168688_655375573_30,1
1240.0,:cluster_2038168688_655375573_6,1
1240.0,:cluster_2528018119_655375236_17,1
1260.0,-300077497#5,24
1260.0,-35274074#2,11
1260.0,-51362430,19
1260.0,-593847703#3,34
1260.0,-593847705,1
1260.0,-E0,19
1260.0,1068234498#0,38
1260.0,1068440001,9
1260.0,1068440004#1,35
1260.0,182334378#0,2
1260.0,182334379#0,1
1260.0,186602412#0,1
1260.0,196961215#2,1
1260.0,196961377#0,6
1260.0,196961377#3,1
1260.0,232003903#0,2
1260.0,238526531#0,25
1260.0,244450512#1,3
1260.0,30620492#0,18
1260.0,30620492#1,5
1260.0,484988951#0,5
1260.0,49073226#2,3
1260.0,49695736#0,5
1260.0,506322842#0,1
1260.0,506322844#0,6
1260.0,506322853#0,9
1260.0,51362429#0,17
1260.0,51362430,2
1260.0,593847704#0,1
1260.0,593849711#0,2
1260.0,593849711#2,18
1260.0,594658757#0,2
1260.0,594658760#0,2
1260.0,:3086736518_0,1
1260.0,:3086736518_3,1
1260.0,:3086736518_4,1
1260.0,:655375232_2,6
1260.0,:655375232_6,2
1260.0,:655375232_8,1
1260.0,:655375233_0,2
1260.0,:655375233_4,3
1260.0,:655375233_8,7
1260.0,:655375238_2,1
1260.0,:cluster11510670762_4554226152_0,2
1260.0,:cluster622618015_622618108_622618112_622618144_#2more_49,1
1260.0,:cluster655375336_end_0_655375336_end_1_655375336_end_10_655375336_end_11_#8more_17,1
1260.0,:cluster655375336_end_0_655375336_end_1_655375336_end_10_655375336_end_11_#8more_47,1
1260.0,:cluster_2038168688_655375573_30,1
1260.0,:cluster_2038168688_655375573_6,1
1280.0,-300077497#5,27
1280.0,-300077497#8,4
1280.0,-35274074#2,11
1280.0,-51362430,19
1280.0,-593847703#3,34
1280.0,-593847705,1
1280.0,-E0,19
1280.0,1068234498#0,38
1280.0,1068440001,9
1280.0,1068440004#1,35
1280.0,182334378#0,2
1280.0,182334379#0,1
1280.0,196961377#0,6
1280.0,196961377#3,1
1280.0,238526531#0,24
1280.0,244450512#1,3
1280.0,263217604#0,2
1280.0,288878926#0,4
1280.0,300077497#0,5
1280.0,300077497#6,1
1280.0,30620492#0,18
1280.0,30620492#1,5
1280.0,484988951#0,5
1280.0,506322842#0,1
1280.0,506322844#0,2
1280.0,506322846#0,1
1280.0,506322853#0,9
1280.0,51362429#0,17
1280.0,51362430,5
1280.0,593847704#0,1
1280.0,593849711#2,18
1280.0,594658757#0,2
1280.0,594658760#0,1
1280.0,:3086736518_0,1
1280.0,:3086736518_3,1
1280.0,:3086736518_4,1
1280.0,:655375232_2,6
1280.0,:655375232_6,2
1280.0,:655375232_8,1
1280.0,:655375233_0,2
1280.0,:655375233_4,3
1280.0,:655375233_8,7
1280.0,:655375239_6,1
1280.0,:cluster11510670762_4554226152_0,2
1280.0,:cluster655375336_end_0_655375336_end_1_655375336_end_10_655375336_end_11_#8more_17,1
1280.0,:cluster_2038168688_655375573_25,1
1300.0,-300077497#5,27
1300.0,-300077497#8,4
1300.0,-35274074#2,12
1300.0,-51362430,19
1300.0,-593847703#3,34
1300.0,-593847705,1
1300.0,-E0,20
1300.0,1068234498#0,38
1300.0,1068440001,9
1300.0,1068440004#1,35
1300.0,182334378#0,2
1300.0,182334379#0,1
1300.0,186602412#0,1
1300.0,196961377#0,4
1300.0,196961377#3,5
1300.0,238526531#0,24
1300.0,244450512#1,3
1300.0,263217604#0,3
1300.0,288878926#0,4
1300.0,30620492#0,18
1300.0,30620492#1,5
1300.0,35274074#0,5
1300.0,484988951#0,5
1300.0,506322844#0,5
1300.0,506322853#0,3
1300.0,51362429#0,17
1300.0,51362430,5
1300.0,593849711#2,18
1300.0,593849718#0,1
1300.0,594658757#0,2
1300.0,594658760#0,1
1300.0,668037874,1
1300.0,:3086736518_0,1
1300.0,:3086736518_3,1
1300.0,:3086736518_4,1
1300.0,:619136999_0,1
1300.0,:655375232_2,6
1300.0,:655375232_6,2
1300.0,:655375232_8,1
1300.0,:655375233_0,2
1300.0,:655375233_4,3
1300.0,:655375233_8,7
1300.0,:cluster11510670762_4554226152_0,2
1300.0,:cluster619136880_619136881_cluster_4510442270_5296993511_5296993513_619136931_#1more_8,1
1300.0,:cluster619136899_619136900_cluster_619136929_619136942_6,1
1300.0,:cluster_2038168688_655375573_30,1
1320.0,-300077497#5,26
1320.0,-300077497#8,4
1320.0,-35274074#2,12
1320.0,-51362430,16
1320.0,-593847703#3,35
1320.0,-593847704#2,1
1320.0,-593847705,1
1320.0,-E0,20
1320.0,1068234498#0,36
1320.0,1068440001,5
1320.0,1068440004#1,35
1320.0,182334378#0,2
1320.0,196961377#0,3
1320.0,196961377#3,9
1320.0,238526531#0,26
1320.0,244450512#1,2
1320.0,260881642#0,3
1320.0,288878926#0,2
1320.0,30620492#0,18
1320.0,30620492#1,5
1320.0,484988951#0,5
1320.0,49695736#0,2
1320.0,506322844#0,5
1320.0,506322846#0,3
1320.0,506322853#0,3
1320.0,51362429#0,17
1320.0,51362430,5
1320.0,593844221#0,1
1320.0,593849711#0,1
1320.0,593849711#2,18
1320.0,594658757#0,4
1320.0,594658760#0,2
1320.0,:3086736518_0,1
1320.0,:3086736518_3,1
1320.0,:3086736518_4,1
1320.0,:655375232_2,6
1320.0,:655375232_6,2
1320.0,:655375232_8,1
1320.0,:655375233_0,2
1320.0,:655375233_4,3
1320.0,:655375233_8,7
1320.0,:656132414_2,1
1320.0,:cluster11510670762_4554226152_0,1
1320.0,:cluster622618015_622618108_622618112_622618144_#2more_26,1
1320.0,:cluster_2038168688_655375573_30,1
1320.0,:cluster_2038168688_655375573_6,2
1320.0,:cluster_2664674491_655375287_655375288_5,1
1320.0,:cluster_3208478133_655375293_655375296_9631728504_#1more_8,4
1320.0,:cluster_5372642442_631668976_631668981_631669076_45,1
1340.0,-300077497#5,26
1340.0,-300077497#8,3
1340.0,-35274074#2,11
1340.0,-51362430,14
1340.0,-593847703#3,36
1340.0,-593847705,1
1340.0,-E0,20
1340.0,1068234498#0,36
1340.0,1068440001,7
1340.0,1068440004#1,34
1340.0,182334378#0,2
1340.0,186602412#0,2
1340.0,196961377#0,3
1340.0,196961377#3,4
1340.0,238526531#0,27
1340.0,244450512#1,2
1340.0,260881642#0,3
1340.0,30620492#0,18
1340.0,30620492#1,5
1340.0,484988951#0,5
1340.0,49695736#0,5
1340.0,506322844#0,5
1340.0,506322853#0,3
1340.0,51362429#0,17
1340.0,51362430,5
1340.0,593844221#0,2
1340.0,593847702#0,6
1340.0,593847703#0,2
1340.0,593849711#0,1
1340.0,593849711#2,18
1340.0,594658757#0,4
1340.0,594658760#0,1
1340.0,:3086736518_0,1
1340.0,:3086736518_3,1
1340.0,:3086736518_4,1
1340.0,:655375232_2,6
1340.0,:655375232_6,2
1340.0,:655375232_8,1
1340.0,:655375233_4,2
1340.0,:655375233_8,2
1340.0,:655375238_2,1
1340.0,:656132414_2,1
1340.0,:cluster622618015_622618108_622618112_622618144_#2more_49,3
1340.0,:cluster_2038168688_655375573_30,1
1340.0,:cluster_2038168688_655375573_6,2
1340.0,:cluster_2664674491_655375287_655375288_5,1
1340.0,:cluster_3208478133_655375293_655375296_9631728504_#1more_8,3
1360.0,-300077497#5,27
1360.0,-300077497#8,3
1360.0,-35274074#2,11
1360.0,-51362430,17
1360.0,-593847703#3,36
1360.0,-593847705,1
1360.0,-E0,20
1360.0,1068234498#0,36
1360.0,1068440001,6
1360.0,1068440004#1,33
1360.0,182334378#0,2
1360.0,196961377#0,3
1360.0,196961377#3,2
1360.0,238526531#0,24
1360.0,244450512#1,2
1360.0,260881642#0,3
1360.0,300077497#0,2
1360.0,30620492#0,18
1360.0,30620492#1,5
1360.0,484988951#0,5
1360.0,49073272#3,1
1360.0,49695736#0,1
1360.0,506322844#0,4
1360.0,506322846#0,2
1360.0,506322848#0,1
1360.0,506322853#0,3
1360.0,51362429#0,17
1360.0,51362430,5
1360.0,593844221#0,2
1360.0,593847703#0,2
1360.0,593849711#2,18
1360.0,593849718#0,2
1360.0,594658757#0,4
1360.0,:3086736518_0,1
1360.0,:3086736518_3,1
1360.0,:3086736518_4,1
1360.0,:655375232_2,6
1360.0,:655375232_6,2
1360.0,:655375232_8,1
1360.0,:655375233_4,2
1360.0,:655375233_8,3
1360.0,:655375238_3,1
1360.0,:655375238_5,1
1360.0,:655375239_5,1
1360.0,:656132414_2,1
1360.0,:cluster11510670762_4554226152_0,1
1360.0,:cluster622618015_622618108_622618112_622618144_#2more_31,3
1360.0,:cluster655375336_end_0_655375336_end_1_655375336_end_10_655375336_end_11_#8more_16,1
1360.0,:cluster_2038168688_655375573_25,1
1360.0,:cluster_2528018119_655375236_20,1
1360.0,:cluster_2528018119_655375236_32,1
1360.0,:cluster_2664674491_655375287_655375288_5,1
1360.0,:cluster_3208478133_655375293_655375296_9631728504_#1more_8,5
1360.0,:cluster_9383263990_9383263991_9383263992_9383263993_7,1
1380.0,-1334905223#2,1
1380.0,-300077497#5,27
1380.0,-300077497#8,4
1380.0,-35274074#2,11
1380.0,-51362430,17
1380.0,-593847703#3,36
1380.0,-593847705,1
1380.0,-E0,20
1380.0,1068234498#0,36
1380.0,1068440001,7
1380.0,1068440004#1,34
1380.0,182334378#0,2
1380.0,186602412#0,2
1380.0,196961377#0,3
1380.0,196961377#3,2
1380.0,238526531#0,24
1380.0,244450512#1,3
1380.0,260881642#0,2
1380.0,300077497#0,3
1380.0,30620492#0,18
1380.0,30620492#1,5
1380.0,484988951#0,5
1380.0,49073272#3,1
1380.0,49695736#0,1
1380.0,506322844#0,5
1380.0,51362429#0,17
1380.0,51362430,5
1380.0,593844221#0,2
1380.0,593847703#0,2
1380.0,593849711#2,18
1380.0,594658757#0,3
1380.0,668037874,1
1380.0,:3086736518_0,1
1380.0,:3086736518_3,1
1380.0,:3086736518_4,1
1380.0,:655375232_2,6
1380.0,:655375232_6,2
1380.0,:655375232_8,1
1380.0,:655375233_4,2
1380.0,:655375233_8,3
1380.0,:655375238_1,1
1380.0,:655375238_3,1
1380.0,:655375238_5,1
1380.0,:656132414_2,1
1380.0,:cluster11510670762_4554226152_0,1
1380.0,:cluster619136880_619136881_cluster_4510442270_5296993511_5296993513_619136931_#1more_8,1
1380.0,:cluster619136899_619136900_cluster_619136929_619136942_6,1
1380.0,:cluster_2038168688_655375573_25,1
1380.0,:cluster_3208478133_655375293_655375296_9631728504_#1more_8,5
1400.0,-300077497#5,27
1400.0,-300077497#8,4
1400.0,-35274074#2,11
1400.0,-51362430,18
1400.0,-593847703#3,36
1400.0,-593847705,1
1400.0,-E0,20
1400.0,1068234498#0,35
1400.0,1068440001,6
1400.0,1068440004#1,34
1400.0,1068440006#0,2
1400.0,182334378#0,2
1400.0,196961377#0,3
1400.0,196961377#3,5
1400.0,238526531#0,25
1400.0,244450512#1,3
1400.0,300077497#0,5
1400.0,30620492#0,18
1400.0,30620492#1,5
1400.0,360018417,1
1400.0,484988951#0,4
1400.0,49695736#0,7
1400.0,506322844#0,5
1400.0,51362429#0,15
1400.0,51362430,5
1400.0,593847703#0,1
1400.0,593849711#2,18
1400.0,594658757#0,3
1400.0,:3086736518_0,2
1400.0,:3086736518_3,1
1400.0,:3086736518_4,1
1400.0,:655375232_2,1
1400.0,:655375232_8,1
1400.0,:655375233_0,1
1400.0,:655375233_4,2
1400.0,:655375233_8,3
1400.0,:655375238_1,1
1400.0,:655375238_3,1
1400.0,:655375238_5,1
1400.0,:656132414_2,1
1400.0,:cluster11510670762_4554226152_0,2
1400.0,:cluster655375336_end_0_655375336_end_1_655375336_end_10_655375336_end_11_#8more_25,1
1400.0,:cluster_2038168688_655375573_25,1
1400.0,:cluster_2528018119_655375236_3,1
1400.0,:cluster_3431431575_4777363357_655375231_6982059025_5,1
1420.0,-300077497#5,27
1420.0,-300077497#8,4
1420.0,-35274074#2,11
1420.0,-51362430,16
1420.0,-593847701,1
1420.0,-593847703#3,35
1420.0,-593847705,1
1420.0,-E0,20
1420.0,1068234498#0,34
1420.0,1068234499#0,1
1420.0,1068440001,9
1420.0,1068440004#1,34
1420.0,1068440006#0,2
1420.0,182334378#0,2
1420.0,196961377#0,1
1420.0,196961377#3,2
1420.0,238526531#0,26
1420.0,244450512#1,3
1420.0,300077497#0,7
1420.0,30620492#0,18
1420.0,30620492#1,5
1420.0,484988951#0,4
1420.0,49073226#2,2
1420.0,49695736#0,8
1420.0,506322844#0,5
1420.0,51362429#0,16
1420.0,51362430,4
1420.0,593849711#0,1
1420.0,593849711#2,16
1420.0,594658757#0,3
1420.0,:3086736518_0,2
1420.0,:3086736518_3,1
1420.0,:655375232_2,1
1420.0,:655375232_6,2
1420.0,:655375233_0,1
1420.0,:655375233_4,3
1420.0,:655375233_8,3
1420.0,:655375238_1,1
1420.0,:655375238_3,1
1420.0,:655375238_5,1
1420.0,:cluster11510670762_4554226152_0,2
1420.0,:cluster622618015_622618108_622618112_622618144_#2more_49,3
1420.0,:cluster_2038168688_655375573_25,1
1420.0,:cluster_3431431575_4777363357_655375231_6982059025_5,1
1420.0,:cluster_5372642442_631668976_631668981_631669076_45,1
1440.0,-300077497#5,27
1440.0,-300077497#8,4
1440.0,-35274074#2,11
1440.0,-51362430,19
1440.0,-593847701,1
1440.0,-593847703#3,32
1440.0,-593847705,1
1440.0,-E0,20
1440.0,1068234498#0,35
1440.0,1068234499#0,1
1440.0,1068440001,9
1440.0,1068440004#1,34
1440.0,1068440006#0,1
1440.0,182334378#0,2
1440.0,196961377#0,1
1440.0,238526531#0,27
1440.0,244450512#1,3
1440.0,300077497#0,7
1440.0,30620492#0,18
1440.0,30620492#1,5
1440.0,484988951#0,5
1440.0,49073226#2,2
1440.0,49695736#0,8
1440.0,506322844#0,5
1440.0,51362429#0,17
1440.0,51362430,3
1440.0,593847704#0,1
1440.0,593849711#2,17
1440.0,594658757#0,3
1440.0,:3086736518_0,2
1440.0,:3086736518_3,1
1440.0,:3086736518_4,1
1440.0,:655375232_2,1
1440.0,:655375232_6,2
1440.0,:655375232_8,1
1440.0,:655375233_0,1
1440.0,:655375233_4,4
1440.0,:655375233_8,3
1440.0,:655375238_1,1
1440.0,:655375238_3,1
1440.0,:655375238_5,1
1440.0,:cluster11510670762_4554226152_0,2
1440.0,:cluster655375336_end_0_655375336_end_1_655375336_end_10_655375336_end_11_#8more_31,1
1440.0,:cluster_2038168688_655375573_25,1
1460.0,-1334905223#2,1
1460.0,-300077497#5,27
1460.0,-300077497#8,4
1460.0,-35274074#2,11
1460.0,-51362430,19
1460.0,-593847701,1
1460.0,-593847703#3,33
1460.0,-593847705,1
1460.0,-E0,20
1460.0,1068234498#0,35
1460.0,1068440001,9
1460.0,1068440004#1,34
1460.0,182334378#0,2
1460.0,196961377#0,1
1460.0,238526531#0,26
1460.0,244450512#1,3
1460.0,300077497#0,13
1460.0,30620492#0,17
1460.0,30620492#1,5
1460.0,484988951#0,5
1460.0,49073226#2,2
1460.0,506322844#0,5
1460.0,51362429#0,17
1460.0,51362430,5
1460.0,593847704#0,1
1460.0,593849711#2,17
1460.0,594658757#0,3
1460.0,:3086736518_0,2
1460.0,:3086736518_3,1
1460.0,:3086736518_4,1
1460.0,:655375232_2,1
1460.0,:655375232_6,2
1460.0,:655375232_8,1
1460.0,:655375233_0,1
1460.0,:655375233_4,4
1460.0,:655375233_8,3
1460.0,:655375238_1,1
1460.0,:655375238_3,1
1460.0,:655375238_5,1
1460.0,:cluster11510670762_4554226152_0,2
1460.0,:cluster_2038168688_655375573_25,1
1460.0,:cluster_2528018119_655375236_12,1
1460.0,:cluster_2528018119_655375236_20,1
1480.0,-300077497#5,27
1480.0,-300077497#8,4
1480.0,-35274074#2,11
1480.0,-51362430,19
1480.0,-593847701,1
1480.0,-593847703#3,33
1480.0,-593847705,1
1480.0,-E0,20
1480.0,1068234498#0,37
1480.0,1068440001,9
1480.0,1068440004#1,34
1480.0,182334378#0,2
1480.0,196961377#3,1
1480.0,238526531#0,26
1480.0,244450512#1,3
1480.0,300077497#0,15
1480.0,30620492#0,18
1480.0,30620492#1,5
1480.0,484988951#0,5
1480.0,49073226#2,2
1480.0,506322844#0,5
1480.0,51362429#0,17
1480.0,51362430,5
1480.0,593849711#2,17
1480.0,593852345#0,1
1480.0,594658757#0,3
1480.0,:3086736518_0,2
1480.0,:3086736518_3,1
1480.0,:3086736518_4,1
1480.0,:655375232_2,1
1480.0,:655375232_6,2
1480.0,:655375232_8,1
1480.0,:655375233_0,1
1480.0,:655375233_4,4
1480.0,:655375233_8,3
1480.0,:655375238_1,1
1480.0,:655375238_3,1
1480.0,:655375238_5,1
1480.0,:cluster11510670762_4554226152_0,2
1480.0,:cluster_2038168688_655375573_25,1
1500.0,-300077497#5,26
1500.0,-300077497#8,4
1500.0,-35274074#2,11
1500.0,-51362430,19
1500.0,-593847701,1
1500.0,-593847703#3,35
1500.0,-593847705,1
1500.0,-E0,20
1500.0,1068234498#0,37
1500.0,1068440001,3
1500.0,1068440004#1,34
1500.0,182334378#0,2
1500.0,238526531#0,26
1500.0,244450512#1,2
1500.0,260881642#0,4
1500.0,288135626#0,1
1500.0,288878926#0,2
1500.0,300077497#0,15
1500.0,30620492#0,18
1500.0,30620492#1,5
1500.0,484988951#0,5
1500.0,49695736#0,3
1500.0,506322844#0,5
1500.0,51362429#0,16
1500.0,51362430,5
1500.0,593847703#0,1
1500.0,593849711#2,17
1500.0,594658757#0,3
1500.0,:3086736518_0,2
1500.0,:3086736518_3,1
1500.0,:3086736518_4,1
1500.0,:655375232_2,1
1500.0,:655375232_6,2
1500.0,:655375232_8,1
1500.0,:655375233_0,1
1500.0,:655375233_4,4
1500.0,:655375233_8,3
1500.0,:655375238_1,1
1500.0,:655375238_3,1
1500.0,:655375238_5,1
1500.0,:cluster11510670762_4554226152_0,1
1500.0,:cluster622618015_622618108_622618112_622618144_#2more_49,1
1500.0,:cluster655375336_end_0_655375336_end_1_655375336_end_10_655375336_end_11_#8more_25,2
1500.0,:cluster_2038168688_655375573_25,1
1500.0,:cluster_3208478133_655375293_655375296_9631728504_#1more_8,2
1500.0,:cluster_623980147_623980152_9,1
1520.0,-300077497#5,27
1520.0,-300077497#8,4
1520.0,-35274074#2,11
1520.0,-51362429#1,1
1520.0,-51362430,10
1520.0,-593847701,1
1520.0,-593847703#3,35
1520.0,-593847704#2,1
1520.0,-593847705,1
1520.0,-E0,20
1520.0,1068234498#0,37
1520.0,1068234499#0,1
1520.0,1068440001,6
1520.0,1068440004#1,34
1520.0,1068440006#0,3
1520.0,182334378#0,2
1520.0,238526531#0,26
1520.0,244450512#1,2
1520.0,260881642#0,3
1520.0,300077497#0,15
1520.0,300077497#6,1
1520.0,30620492#0,18
1520.0,30620492#1,5
1520.0,35274074#0,1
1520.0,484988951#0,5
1520.0,49695736#0,6
1520.0,506322844#0,5
1520.0,51362429#0,16
1520.0,51362430,5
1520.0,593844221#0,1
1520.0,593847704#0,2
1520.0,593849711#2,12
1520.0,594658757#0,3
1520.0,:3086736518_0,2
1520.0,:3086736518_4,1
1520.0,:655375232_2,1
1520.0,:655375232_4,1
1520.0,:655375232_6,2
1520.0,:655375233_0,1
1520.0,:655375233_4,4
1520.0,:655375233_8,3
1520.0,:655375238_1,1
1520.0,:656132414_2,1
1520.0,:cluster11510670762_4554226152_0,1
1520.0,:cluster_2038168688_655375573_25,1
1520.0,:cluster_3208478133_655375293_655375296_9631728504_#1more_8,5
1520.0,:cluster_623980147_623980152_9,1
1540.0,-300077497#5,27
1540.0,-300077497#8,4
1540.0,-35274074#2,12
1540.0,-51362430,15
1540.0,-593847701,1
1540.0,-593847703#3,34
1540.0,-E0,20
1540.0,1068234498#0,37
1540.0,1068440001,6
1540.0,1068440004#1,34
1540.0,182334378#0,1
1540.0,232003903#0,2
1540.0,238526531#0,26
1540.0,244450512#1,3
1540.0,260881642#0,3
1540.0,288878926#0,1
1540.0,300077497#0,11
1540.0,300077497#6,1
1540.0,30620492#0,18
1540.0,30620492#1,5
1540.0,35274074#0,7
1540.0,484988951#0,4
1540.0,49073226#2,1
1540.0,49695736#0,4
1540.0,506322844#0,5
1540.0,506322846#0,1
1540.0,51362429#0,17
1540.0,51362430,5
1540.0,593844221#0,1
1540.0,593847704#0,2
1540.0,593849711#2,14
1540.0,594658757#0,3
1540.0,:3086736518_0,2
1540.0,:3086736518_4,1
1540.0,:655375232_2,1
1540.0,:655375232_4,1
1540.0,:655375232_6,2
1540.0,:655375232_8,1
1540.0,:655375233_0,1
1540.0,:655375233_4,4
1540.0,:655375233_8,3
1540.0,:655375238_6,1
1540.0,:cluster11510670762_4554226152_0,1
1540.0,:cluster655375336_end_0_655375336_end_1_655375336_end_10_655375336_end_11_#8more_47,1
1540.0,:cluster_2528018119_655375236_12,1
1540.0,:cluster_2528018119_655375236_20,1
1540.0,:cluster_3208478133_655375293_655375296_9631728504_#1more_8,5
1540.0,:cluster_623980147_623980152_4,1
1560.0,-300077497#5,27
1560.0,-300077497#8,4
1560.0,-35274074#2,12
1560.0,-51362430,16
1560.0,-593847701,1
1560.0,-593847703#3,34
1560.0,-E0,20
1560.0,1068234498#0,37
1560.0,1068440001,8
1560.0,1068440004#1,33
1560.0,182334378#0,1
1560.0,182334379#0,1
1560.0,186602412#0,1
1560.0,232003903#0,2
1560.0,238526531#0,26
1560.0,244450512#1,2
1560.0,260881642#0,3
1560.0,288878926#0,3
1560.0,300077497#0,7
1560.0,300077497#6,2
1560.0,30620492#0,18
1560.0,30620492#1,5
1560.0,35274074#0,15
1560.0,484988951#0,5
1560.0,506322844#0,5
1560.0,51362429#0,17
1560.0,51362430,4
1560.0,593844221#0,1
1560.0,593849711#2,14
1560.0,594658757#0,3
1560.0,:3086736518_0,2
1560.0,:3086736518_4,1
1560.0,:655375232_2,1
1560.0,:655375232_4,1
1560.0,:655375232_6,2
1560.0,:655375232_8,1
1560.0,:655375233_0,1
1560.0,:655375233_4,4
1560.0,:655375233_8,4
1560.0,:655375238_1,1
1560.0,:656132414_2,1
1560.0,:cluster11510670762_4554226152_0,1
1560.0,:cluster622618015_622618108_622618112_622618144_#2more_39,1
1560.0,:cluster622618015_622618108_622618112_622618144_#2more_42,1
1560.0,:cluster655375336_end_0_655375336_end_1_655375336_end_10_655375336_end_11_#8more_47,1
1560.0,:cluster_3208478133_655375293_655375296_9631728504_#1more_8,5
1580.0,-300077497#5,26
1580.0,-300077497#8,4
1580.0,-35274074#2,10
1580.0,-49073264#1,1
1580.0,-51362430,16
1580.0,-593847701,1
1580.0,-593847703#3,35
1580.0,-E0,20
1580.0,1068234498#0,37
1580.0,1068440001,10
1580.0,1068440004#1,33
1580.0,182334379#0,1
1580.0,238526531#0,26
1580.0,244450512#1,2
1580.0,288878926#0,3
1580.0,300077497#0,2
1580.0,30620492#0,18
1580.0,30620492#1,5
1580.0,35274074#0,17
1580.0,484988951#0,5
1580.0,506322844#0,5
1580.0,506322846#0,1
1580.0,51362429#0,17
1580.0,51362430,7
1580.0,593844221#0,1
1580.0,593849711#2,14
1580.0,594658757#0,3
1580.0,:3086736518_0,2
1580.0,:3086736518_4,1
1580.0,:655375232_2,1
1580.0,:655375232_4,1
1580.0,:655375232_6,2
1580.0,:655375232_8,1
1580.0,:655375233_0,1
1580.0,:655375233_4,4
1580.0,:655375233_8,4
1580.0,:655375238_3,1
1580.0,:655375239_3,1
1580.0,:cluster11510670762_4554226152_0,1
1580.0,:cluster622618015_622618108_622618112_622618144_#2more_39,1
1580.0,:cluster655375336_end_0_655375336_end_1_655375336_end_10_655375336_end_11_#8more_25,2
1580.0,:cluster655375336_end_0_655375336_end_1_655375336_end_10_655375336_end_11_#8more_6,1
1580.0,:cluster_2038168688_655375573_23,1
1580.0,:cluster_2038168688_655375573_3,1
1580.0,:cluster_2038168688_655375573_6,1
1580.0,:cluster_3208478133_655375293_655375296_9631728504_#1more_8,3
1600.0,-300077497#5,26
1600.0,-300077497#8,4
1600.0,-35274074#2,10
1600.0,-49073264#1,1
1600.0,-51362430,18
1600.0,-593847701,1
1600.0,-593847703#3,35
1600.0,-593847704#2,1
1600.0,-E0,20
1600.0,1068234498#0,37
1600.0,1068440001,9
1600.0,1068440004#1,33
1600.0,182334379#0,1
1600.0,186602412#0,3
1600.0,238526531#0,26
1600.0,244450512#1,2
1600.0,300077497#6,1
1600.0,30620492#0,18
1600.0,30620492#1,5
1600.0,35274074#0,5
1600.0,484988951#0,5
1600.0,49695736#0,6
1600.0,506322844#0,5
1600.0,506322846#0,10
1600.0,51362429#0,14
1600.0,51362430,8
1600.0,593849711#2,14
1600.0,594658757#0,3
1600.0,:1973482489_3,1
1600.0,:3086736518_0,2
1600.0,:3086736518_4,1
1600.0,:655375232_2,4
1600.0,:655375232_4,1
1600.0,:655375232_6,2
1600.0,:655375232_8,1
1600.0,:655375233_0,1
1600.0,:655375233_4,4
1600.0,:655375233_8,4
1600.0,:cluster11510670762_4554226152_0,2
1600.0,:cluster_2038168688_655375573_23,1
1600.0,:cluster_2038168688_655375573_24,1
1600.0,:cluster_2038168688_655375573_3,1
1620.0,-300077497#5,27
1620.0,-300077497#8,3
1620.0,-35274074#2,8
1620.0,-49073264#1,1
1620.0,-51362430,18
1620.0,-593847701,1
1620.0,-593847703#3,35
1620.0,-E0,20
1620.0,1068234498#0,37
1620.0,1068440001,9
1620.0,1068440004#1,33
1620.0,182334379#0,1
1620.0,186602412#0,5
1620.0,238526531#0,26
1620.0,244450512#1,2
1620.0,300077497#6,1
1620.0,30620492#0,18
1620.0,30620492#1,5
1620.0,484988951#0,5
1620.0,49073226#2,1
1620.0,49695736#0,6
1620.0,506322844#0,5
1620.0,506322846#0,11
1620.0,51362429#0,17
1620.0,51362430,4
1620.0,593849711#2,14
1620.0,594658757#0,3
1620.0,:1973482489_3,1
1620.0,:3086736518_0,2
1620.0,:3086736518_4,1
1620.0,:655375232_2,4
1620.0,:655375232_4,1
1620.0,:655375232_6,3
1620.0,:655375232_8,1
1620.0,:655375233_0,1
1620.0,:655375233_4,4
1620.0,:655375233_8,4
1620.0,:655375238_2,1
1620.0,:655375238_3,1
1620.0,:cluster11510670762_4554226152_0,2
1640.0,-300077497#5,27
1640.0,-300077497#8,4
1640.0,-35274074#2,11
1640.0,-49073264#1,1
1640.0,-51362430,18
1640.0,-593847701,1
1640.0,-593847703#3,35
1640.0,-E0,20
1640.0,1068234498#0,37
1640.0,1068440001,9
1640.0,1068440004#1,33
1640.0,182334379#0,1
1640.0,186602412#0,4
1640.0,232003903#0,1
1640.0,238526531#0,23
1640.0,244450512#1,2
1640.0,300077497#0,6
1640.0,300077497#6,1
1640.0,30620492#0,18
1640.0,30620492#1,5
1640.0,484988951#0,5
1640.0,49073226#2,1
1640.0,506322844#0,5
1640.0,506322846#0,5
1640.0,51362429#0,17
1640.0,51362430,4
1640.0,593849711#2,14
1640.0,594658757#0,3
1640.0,:1973482489_8,1
1640.0,:3086736518_0,2
1640.0,:3086736518_4,1
1640.0,:655375232_2,4
1640.0,:655375232_4,1
1640.0,:655375232_6,2
1640.0,:655375232_8,1
1640.0,:655375233_0,1
1640.0,:655375233_4,4
1640.0,:655375233_8,4
1640.0,:655375238_2,1
1640.0,:655375238_3,1
1640.0,:cluster11510670762_4554226152_0,2
1660.0,-300077497#5,27
1660.0,-300077497#8,4
1660.0,-35274074#2,11
1660.0,-51362430,18
1660.0,-593847701,1
1660.0,-593847703#3,35
1660.0,-E0,20
1660.0,1068234498#0,37
1660.0,1068440001,9
1660.0,1068440004#1,32
1660.0,182334379#0,1
1660.0,186602412#0,4
1660.0,238526531#0,23
1660.0,244450512#1,2
1660.0,30620492#0,18
1660.0,30620492#1,5
1660.0,35274074#0,6
1660.0,484988951#0,5
1660.0,49073226#2,1
1660.0,506322844#0,5
1660.0,51362429#0,17
1660.0,51362430,5
1660.0,593847702#0,1
1660.0,593849711#2,15
1660.0,594658757#0,3
1660.0,:3086736518_0,2
1660.0,:3086736518_4,1
1660.0,:655375232_2,4
1660.0,:655375232_4,1
1660.0,:655375232_6,2
1660.0,:655375232_8,1
1660.0,:655375233_0,1
1660.0,:655375233_4,4
1660.0,:655375233_8,4
1660.0,:655375238_2,1
1660.0,:655375238_3,1
1660.0,:cluster11510670762_4554226152_0,2
1680.0,-300077497#5,27
1680.0,-300077497#8,4
1680.0,-35274074#2,11
1680.0,-51362430,16
1680.0,-593847701,1
1680.0,-593847703#3,35
1680.0,-E0,20
1680.0,1068234498#0,36
1680.0,1068440001,4
1680.0,1068440004#1,34
1680.0,238526531#0,25
1680.0,244450512#1,2
1680.0,260881642#0,3
1680.0,30620492#0,18
1680.0,30620492#1,5
1680.0,484988951#0,5
1680.0,49073226#2,1
1680.0,49695736#0,3
1680.0,506322844#0,5
1680.0,506322846#0,6
1680.0,51362429#0,17
1680.0,51362430,5
1680.0,593844221#0,1
1680.0,593847702#0,1
1680.0,593849711#2,15
1680.0,594658757#0,2
1680.0,:3086736518_0,2
1680.0,:3086736518_4,1
1680.0,:655375232_2,4
1680.0,:655375232_4,1
1680.0,:655375232_6,2
1680.0,:655375232_8,1
1680.0,:655375233_0,1
1680.0,:655375233_4,4
1680.0,:655375233_8,4
1680.0,:655375238_2,1
1680.0,:655375238_3,1
1680.0,:656132414_2,1
1680.0,:cluster11510670762_4554226152_0,1
1680.0,:cluster655375336_end_0_655375336_end_1_655375336_end_10_655375336_end_11_#8more_25,1
1680.0,:cluster_2664674491_655375287_655375288_5,1
1680.0,:cluster_3208478133_655375293_655375296_9631728504_#1more_8,2
1700.0,-300077497#5,27
1700.0,-300077497#8,4
1700.0,-35274074#2,11
1700.0,-51362430,8
1700.0,-593847701,1
1700.0,-593847703#3,35
1700.0,-E0,20
1700.0,1068234498#0,35
1700.0,1068440001,4
1700.0,1068440004#1,34
1700.0,186602412#0,4
1700.0,238526531#0,26
1700.0,244450512#1,2
1700.0,260881642#0,2
1700.0,30620492#0,18
1700.0,30620492#1,5
1700.0,484988951#0,5
1700.0,49073226#2,1
1700.0,49695736#0,10
1700.0,506322844#0,5
1700.0,51362429#0,17
1700.0,51362430,5
1700.0,593844221#0,2
1700.0,593847702#0,1
1700.0,593847703#0,1
1700.0,593849711#2,15
1700.0,594658757#0,2
1700.0,:3086736518_0,1
1700.0,:3086736518_4,1
1700.0,:655375232_2,4
1700.0,:655375232_4,1
1700.0,:655375232_6,2
1700.0,:655375232_8,1
1700.0,:655375233_0,1
1700.0,:655375233_4,4
1700.0,:655375233_8,4
1700.0,:655375238_2,1
1700.0,:655375238_3,1
1700.0,:656132414_2,1
1700.0,:cluster11510670762_4554226152_0,1
1700.0,:cluster_2664674491_655375287_655375288_5,1
1700.0,:cluster_3208478133_655375293_655375296_9631728504_#1more_8,3
1720.0,-300077497#5,27
1720.0,-300077497#8,4
1720.0,-35274074#2,11
1720.0,-51362430,4
1720.0,-593847701,1
1720.0,-593847703#3,35
1720.0,-E0,20
1720.0,1068234498#0,35
1720.0,1068440001,6
1720.0,1068440004#1,34
1720.0,238526531#0,26
1720.0,244450512#1,2
1720.0,260881642#0,4
1720.0,300077497#0,2
1720.0,30620492#0,18
1720.0,30620492#1,5
1720.0,484988951#0,5
1720.0,49073226#2,1
1720.0,49695736#0,7
1720.0,506322844#0,5
1720.0,51362429#0,17
1720.0,51362430,5
1720.0,593844221#0,1
1720.0,593847703#0,1
1720.0,593849711#2,14
1720.0,593849718#0,1
1720.0,594658757#0,2
1720.0,:3086736518_0,1
1720.0,:3086736518_4,1
1720.0,:655375232_2,4
1720.0,:655375232_4,1
1720.0,:655375232_6,3
1720.0,:655375232_8,1
1720.0,:655375233_0,1
1720.0,:655375233_4,4
1720.0,:655375233_8,4
1720.0,:655375238_2,1
1720.0,:655375238_3,1
1720.0,:cluster11510670762_4554226152_0,1
1720.0,:cluster655375336_end_0_655375336_end_1_655375336_end_10_655375336_end_11_#8more_25,2
1720.0,:cluster_2528018119_655375236_20,2
1720.0,:cluster_3208478133_655375293_655375296_9631728504_#1more_8,4
1740.0,-300077497#5,27
1740.0,-300077497#8,4
1740.0,-35274074#2,11
1740.0,-51362430,2
1740.0,-593847701,1
1740.0,-593847703#3,33
1740.0,-E0,20
1740.0,1068234498#0,34
1740.0,1068440001,7
1740.0,1068440004#1,34
1740.0,232003903#0,1
1740.0,238526531#0,27
1740.0,244450512#1,3
1740.0,260881642#0,3
1740.0,288878926#0,1
1740.0,300077497#0,7
1740.0,30620492#0,18
1740.0,30620492#1,5
1740.0,35274074#0,1
1740.0,484988951#0,5
1740.0,49695736#0,2
1740.0,506322844#0,5
1740.0,51362429#0,17
1740.0,51362430,5
1740.0,593844221#0,1
1740.0,593847703#0,1
1740.0,593849711#2,14
1740.0,594658757#0,2
1740.0,:3086736518_0,1
1740.0,:3086736518_4,1
1740.0,:655375232_2,4
1740.0,:655375232_4,1
1740.0,:655375232_6,2
1740.0,:655375232_8,1
1740.0,:655375233_0,1
1740.0,:655375233_4,3
1740.0,:655375233_8,4
1740.0,:655375238_2,1
1740.0,:655375238_3,1
1740.0,:655375238_6,1
1740.0,:cluster11510670762_4554226152_0,1
1740.0,:cluster_2528018119_655375236_20,1
1740.0,:cluster_2528018119_655375236_32,1
1740.0,:cluster_3208478133_655375293_655375296_9631728504_#1more_8,5
1740.0,:cluster_3431431575_4777363357_655375231_6982059025_3,1
1740.0,:cluster_623980147_623980152_4,1
1760.0,-300077497#5,24
1760.0,-300077497#8,4
1760.0,-35274074#2,11
1760.0,-593847701,1
1760.0,-593847703#3,35
1760.0,-E0,20
1760.0,1068234498#0,34
1760.0,1068440001,9
1760.0,1068440004#1,34
1760.0,238526531#0,27
1760.0,244450512#1,3
1760.0,288878926#0,4
1760.0,300077497#0,4
1760.0,30620492#0,18
1760.0,30620492#1,4
1760.0,35274074#0,5
1760.0,484988951#0,5
1760.0,506322844#0,5
1760.0,506322846#0,1
1760.0,51362429#0,17
1760.0,51362430,6
1760.0,593844221#0,1
1760.0,593849711#2,14
1760.0,594658757#0,2
1760.0,:3086736518_0,1
1760.0,:3086736518_4,1
1760.0,:655375232_2,4
1760.0,:655375232_4,1
1760.0,:655375232_6,2
1760.0,:655375232_8,1
1760.0,:655375233_0,1
1760.0,:655375233_4,3
1760.0,:655375233_8,4
1760.0,:655375238_1,1
1760.0,:655375238_2,1
1760.0,:655375238_3,1
1760.0,:cluster11510670762_4554226152_0,1
1760.0,:cluster_2038168688_655375573_23,1
1760.0,:cluster_2038168688_655375573_3,1
1760.0,:cluster_2038168688_655375573_6,1
1760.0,:cluster_2528018119_655375236_31,1
1760.0,:cluster_3208478133_655375293_655375296_9631728504_#1more_8,5
1780.0,-300077497#5,24
1780.0,-300077497#8,4
1780.0,-35274074#2,11
1780.0,-593847701,1
1780.0,-593847703#3,35
1780.0,-E0,20
1780.0,1068234498#0,32
1780.0,1068234499#0,2
1780.0,1068440001,8
1780.0,1068440004#1,34
1780.0,186602412#0,2
1780.0,238526531#0,27
1780.0,244450512#1,3
1780.0,288135626#0,4
1780.0,30620492#0,17
1780.0,30620492#1,5
1780.0,35274074#0,1
1780.0,484988951#0,5
1780.0,49695736#0,5
1780.0,506322844#0,5
1780.0,506322846#0,9
1780.0,51362429#0,17
1780.0,51362430,7
1780.0,593849711#2,14
1780.0,594658757#0,2
1780.0,:1973482489_8,1
1780.0,:3086736518_0,1
1780.0,:3086736518_4,1
1780.0,:655375232_2,4
1780.0,:655375232_4,1
1780.0,:655375232_6,2
1780.0,:655375232_8,1
1780.0,:655375233_0,1
1780.0,:655375233_4,3
1780.0,:655375233_8,4
1780.0,:655375238_2,1
1780.0,:655375238_3,1
1780.0,:cluster11510670762_4554226152_0,2
1780.0,:cluster655375336_end_0_655375336_end_1_655375336_end_10_655375336_end_11_#8more_25,1
1780.0,:cluster_2038168688_655375573_3,1
1800.0,-300077497#5,27
1800.0,-300077497#8,2
1800.0,-35274074#2,11
1800.0,-593847701,1
1800.0,-593847703#3,36
1800.0,-E0,20
1800.0,1068234498#0,37
1800.0,1068234499#0,6
1800.0,1068440001,8
1800.0,1068440004#1,34
1800.0,186602412#0,5
1800.0,238526531#0,27
1800.0,244450512#1,3
1800.0,300077497#6,1
1800.0,30620492#0,18
1800.0,30620492#1,5
1800.0,484988951#0,5
1800.0,49695736#0,6
1800.0,506322844#0,5
1800.0,506322846#0,4
1800.0,51362429#0,17
1800.0,51362430,7
1800.0,593849711#2,14
1800.0,594658757#0,2
1800.0,:1973482489_8,1
1800.0,:3086736518_0,1
1800.0,:3086736518_4,1
1800.0,:655375232_2,4
1800.0,:655375232_4,1
1800.0,:655375232_6,2
1800.0,:655375232_8,1
1800.0,:655375233_0,1
1800.0,:655375233_4,3
1800.0,:655375233_8,4
1800.0,:cluster11510670762_4554226152_0,2
1820.0,-300077497#5,27
1820.0,-300077497#8,4
1820.0,-35274074#2,12
1820.0,-51362429#1,1
1820.0,-593847701,1
1820.0,-593847703#3,36
1820.0,-E0,20
1820.0,1068234498#0,37
1820.0,1068234499#0,4
1820.0,1068440001,8
1820.0,1068440004#1,34
1820.0,1068440006#0,1
1820.0,186602412#0,2
1820.0,238526531#0,25
1820.0,244450512#1,3
1820.0,300077497#0,6
1820.0,300077497#6,1
1820.0,30620492#0,18
1820.0,30620492#1,5
1820.0,484988951#0,5
1820.0,506322844#0,5
1820.0,51362429#0,17
1820.0,51362430,7
1820.0,593847703#0,1
1820.0,593847704#0,1
1820.0,593849711#2,14
1820.0,594658757#0,2
1820.0,:3086736518_0,1
1820.0,:3086736518_4,1
1820.0,:655375232_2,3
1820.0,:655375232_4,1
1820.0,:655375232_6,1
1820.0,:655375233_0,1
1820.0,:655375233_4,3
1820.0,:655375233_8,4
1820.0,:655375241_0,1
1820.0,:cluster11510670762_4554226152_0,2
1820.0,:cluster_2528018119_655375236_12,1
1820.0,:cluster_2528018119_655375236_29,1
1840.0,-300077497#5,27
1840.0,-300077497#8,4
1840.0,-35274074#2,12
1840.0,-51362429#1,3
1840.0,-593847703#3,33
1840.0,-E0,20
1840.0,1068234498#0,37
1840.0,1068440001,8
1840.0,1068440004#1,34
1840.0,1068440006#0,2
1840.0,238526531#0,25
1840.0,244450512#1,3
1840.0,300077497#0,5
1840.0,30620492#0,18
1840.0,30620492#1,5
1840.0,35274074#0,6
1840.0,484988951#0,5
1840.0,49073226#2,3
1840.0,49073272#3,1
1840.0,506322844#0,5
1840.0,51362429#0,17
1840.0,51362430,7
1840.0,593847702#0,1
1840.0,593847703#0,1
1840.0,593849711#2,12
1840.0,594658757#0,2
1840.0,:3086736518_0,1
1840.0,:3086736518_4,1
1840.0,:655375232_2,3
1840.0,:655375232_8,2
1840.0,:655375233_0,1
1840.0,:655375233_4,4
1840.0,:655375233_8,3
1840.0,:655375238_0,1
1840.0,:cluster11510670762_4554226152_0,2
1860.0,-300077497#5,26
1860.0,-300077497#8,4
1860.0,-35274074#2,12
1860.0,-51362429#1,9
1860.0,-593847703#3,30
1860.0,-E0,20
1860.0,1068234498#0,37
1860.0,1068440001,3
1860.0,1068440004#1,33
1860.0,1068440006#0,2
1860.0,238526531#0,25
1860.0,244450512#1,2
1860.0,260881642#0,3
1860.0,300077497#0,1
1860.0,30620492#0,18
1860.0,30620492#1,5
1860.0,360018417,1
1860.0,484988951#0,5
1860.0,49073226#2,3
1860.0,49695736#0,3
1860.0,506322844#0,5
1860.0,506322846#0,6
1860.0,51362429#0,17
1860.0,51362430,7
1860.0,593847702#0,1
1860.0,593849711#2,12
1860.0,594658757#0,2
1860.0,:3086736518_0,1
1860.0,:3086736518_4,1
1860.0,:655375232_2,3
1860.0,:655375233_0,1
1860.0,:655375233_4,1
1860.0,:655375233_8,4
1860.0,:cluster655375336_end_0_655375336_end_1_655375336_end_10_655375336_end_11_#8more_25,2
1860.0,:cluster_2528018119_655375236_17,1
1860.0,:cluster_3208478133_655375293_655375296_9631728504_#1more_8,2
1860.0,:cluster_3431431575_4777363357_655375231_6982059025_3,2
1880.0,-300077497#5,26
1880.0,-300077497#8,4
1880.0,-35274074#2,12
1880.0,-51362429#1,7
1880.0,-593847703#3,31
1880.0,-E0,19
1880.0,1068234498#0,37
1880.0,1068440004#1,32
1880.0,1068440006#0,2
1880.0,186602412#0,4
1880.0,238526531#0,25
1880.0,244450512#1,2
1880.0,260881642#0,3
1880.0,30620492#0,18
1880.0,30620492#1,5
1880.0,484988951#0,5
1880.0,49073226#2,7
1880.0,49695736#0,10
1880.0,506322844#0,5
1880.0,506322846#0,1
1880.0,51362429#0,17
1880.0,51362430,7
1880.0,593847702#0,1
1880.0,593847704#0,1
1880.0,593849711#0,1
1880.0,593849711#2,12
1880.0,594658757#0,2
1880.0,:3086736518_0,1
1880.0,:3086736518_4,1
1880.0,:655375232_2,3
1880.0,:655375233_0,1
1880.0,:655375233_4,1
1880.0,:655375233_8,5
1900.0,-300077497#5,27
1900.0,-300077497#8,4
1900.0,-35274074#2,12
1900.0,-51362429#1,7
1900.0,-593847703#3,31
1900.0,-E0,18
1900.0,1068234498#0,37
1900.0,1068440004#1,33
1900.0,1068440006#0,1
1900.0,182334379#0,1
1900.0,186602412#0,1
1900.0,232003903#0,1
1900.0,238526531#0,25
1900.0,244450512#1,2
1900.0,260881642#0,3
1900.0,300077497#0,2
1900.0,30620492#0,18
1900.0,30620492#1,5
1900.0,484988951#0,5
1900.0,49073226#2,7
1900.0,49695736#0,5
1900.0,506322844#0,5
1900.0,51362429#0,17
1900.0,51362430,7
1900.0,593847704#0,1
1900.0,593849711#2,12
1900.0,593849718#0,1
1900.0,594658757#0,2
1900.0,:3086736518_0,1
1900.0,:3086736518_4,1
1900.0,:3086736518_6,1
1900.0,:655375232_2,3
1900.0,:655375233_0,1
1900.0,:655375233_4,1
1900.0,:655375233_8,5
1900.0,:cluster_2528018119_655375236_20,1
1900.0,:cluster_2528018119_655375236_32,1
1900.0,:cluster_2664674491_655375287_655375288_5,1
1920.0,-300077497#5,27
1920.0,-300077497#8,4
1920.0,-35274074#2,12
1920.0,-51362429#1,7
1920.0,-593847703#3,31
1920.0,-E0,19
1920.0,1068234498#0,37
1920.0,1068440004#1,33
1920.0,182334379#0,1
1920.0,232003903#0,2
1920.0,238526531#0,25
1920.0,244450512#1,3
1920.0,260881642#0,3
1920.0,300077497#0,6
1920.0,30620492#0,18
1920.0,30620492#1,5
1920.0,35274074#0,2
1920.0,484988951#0,3
1920.0,49073226#2,7
1920.0,506322844#0,5
1920.0,51362429#0,15
1920.0,51362430,6
1920.0,593847705,1
1920.0,593849711#2,12
1920.0,594658757#0,2
1920.0,:3086736518_0,1
1920.0,:3086736518_4,1
1920.0,:3086736518_6,1
1920.0,:655375232_2,2
1920.0,:655375233_0,3
1920.0,:655375233_4,1
1920.0,:655375233_8,5
1920.0,:655375238_6,1
1920.0,:cluster622618015_622618108_622618112_622618144_#2more_37,1
1940.0,-300077497#5,26
1940.0,-300077497#8,4
1940.0,-35274074#2,12
1940.0,-51362429#1,9
1940.0,-593847703#3,31
1940.0,-E0,19
1940.0,1068234498#0,37
1940.0,1068440004#1,33
1940.0,1068440006#0,1
1940.0,182334379#0,1
1940.0,238526531#0,25
1940.0,244450512#1,3
1940.0,30620492#0,18
1940.0,30620492#1,5
1940.0,35274074#0,5
1940.0,360018417,1
1940.0,484988951#0,5
1940.0,49073226#2,7
1940.0,506322844#0,5
1940.0,51362429#0,17
1940.0,51362430,4
1940.0,593847705,1
1940.0,593849711#2,9
1940.0,594658757#0,2
1940.0,:3086736518_0,1
1940.0,:3086736518_4,1
1940.0,:3086736518_6,1
1940.0,:655375232_2,2
1940.0,:655375233_0,3
1940.0,:655375233_4,2
1940.0,:655375233_8,5
1940.0,:cluster_2038168688_655375573_23,1
1940.0,:cluster_2038168688_655375573_24,1
1940.0,:cluster_2038168688_655375573_3,1
1940.0,:cluster_2038168688_655375573_6,1
1960.0,-300077497#5,26
1960.0,-300077497#8,4
1960.0,-35274074#2,12
1960.0,-51362429#1,9
1960.0,-593847703#3,29
1960.0,-E0,19
1960.0,1068234498#0,37
1960.0,1068440004#1,33
1960.0,1068440006#0,1
1960.0,186602412#0,3
1960.0,196961377#3,1
1960.0,238526531#0,26
1960.0,244450512#1,3
1960.0,30620492#0,18
1960.0,30620492#1,5
1960.0,484988951#0,5
1960.0,49073226#2,7
1960.0,506322844#0,5
1960.0,506322846#0,6
1960.0,51362429#0,17
1960.0,51362430,4
1960.0,593847705,1
1960.0,593849711#2,9
1960.0,594658757#0,2
1960.0,:3086736518_0,1
1960.0,:3086736518_4,1
1960.0,:3086736518_6,1
1960.0,:655375232_2,2
1960.0,:655375233_0,3
1960.0,:655375233_4,4
1960.0,:655375233_8,5
1980.0,-300077497#5,27
1980.0,-300077497#8,3
1980.0,-35274074#2,10
1980.0,-51362429#1,4
1980.0,-593847703#3,29
1980.0,-E0,19
1980.0,1068234498#0,37
1980.0,1068440004#1,33
1980.0,1068440006#0,1
1980.0,186602412#0,4
1980.0,238526531#0,26
1980.0,244450512#1,3
1980.0,288878926#0,6
1980.0,30620492#0,18
1980.0,30620492#1,5
1980.0,484988951#0,5
1980.0,49073226#2,4
1980.0,506322844#0,5
1980.0,51362429#0,17
1980.0,51362430,4
1980.0,593847705,1
1980.0,593849711#2,9
1980.0,594658757#0,1
1980.0,:3086736518_0,1
1980.0,:3086736518_4,1
1980.0,:3086736518_6,1
1980.0,:655375232_2,2
1980.0,:655375233_0,3
1980.0,:655375233_4,4
1980.0,:655375233_8,5
1980.0,:655375238_2,1
1980.0,:655375238_3,1
1980.0,:cluster_3431431575_4777363357_655375231_6982059025_3,2
2000.0,-300077497#5,27
2000.0,-300077497#8,4
2000.0,-35274074#2,11
2000.0,-593847703#3,29
2000.0,-E0,19
2000.0,1068234498#0,36
2000.0,1068440004#1,33
2000.0,1068440006#0,1
2000.0,238526531#0,25
2000.0,244450512#1,3
2000.0,288878926#0,12
2000.0,30620492#0,18
2000.0,30620492#1,5
2000.0,484988951#0,5
2000.0,49073226#2,3
2000.0,506322844#0,5
2000.0,506322847#0,1
2000.0,51362429#0,17
2000.0,51362430,4
2000.0,593847705,1
2000.0,593849711#2,9
2000.0,594658757#0,1
2000.0,:3086736518_0,1
2000.0,:3086736518_4,1
2000.0,:3086736518_6,1
2000.0,:655375232_2,2
2000.0,:655375233_0,3
2000.0,:655375233_4,4
2000.0,:655375233_8,5
2000.0,:655375238_2,1
2000.0,:655375238_3,1
2000.0,:cluster_623980147_623980152_9,1
2020.0,-300077497#5,27
2020.0,-300077497#8,4
2020.0,-35274074#2,11
2020.0,-506322847#4,1
2020.0,-593847703#3,29
2020.0,-E0,19
2020.0,1068234498#0,36
2020.0,1068440004#1,33
2020.0,1239087514,1
2020.0,238526531#0,24
2020.0,244450512#1,3
2020.0,288878926#0,13
2020.0,30620492#0,18
2020.0,30620492#1,5
2020.0,484988951#0,5
2020.0,49073226#2,3
2020.0,506322844#0,5
2020.0,51362429#0,17
2020.0,51362430,4
2020.0,593847705,1
2020.0,593849711#2,9
2020.0,594658757#0,1
2020.0,:3086736518_0,1
2020.0,:3086736518_4,1
2020.0,:3086736518_6,1
2020.0,:655375232_2,2
2020.0,:655375233_0,3
2020.0,:655375233_4,4
2020.0,:655375233_8,5
2020.0,:655375238_2,1
2020.0,:655375238_3,1
2020.0,:655375241_0,1
2040.0,-300077497#5,23
2040.0,-300077497#8,4
2040.0,-35274074#2,11
2040.0,-51362429#1,3
2040.0,-593847703#3,32
2040.0,-E0,19
2040.0,1068234498#0,34
2040.0,1068440004#1,33
2040.0,1068440006#0,1
2040.0,182334378#0,1
2040.0,238526531#0,25
2040.0,244450512#1,2
2040.0,260881642#0,4
2040.0,288135626#0,1
2040.0,288878926#0,11
2040.0,30620492#0,18
2040.0,30620492#1,5
2040.0,484988951#0,5
2040.0,49073226#2,3
2040.0,506322844#0,5
2040.0,506322846#0,1
2040.0,51362429#0,17
2040.0,51362430,5
2040.0,593847705,1
2040.0,593849711#0,1
2040.0,593849711#2,4
2040.0,594658757#0,1
2040.0,:3086736518_0,1
2040.0,:3086736518_4,1
2040.0,:3086736518_6,1
2040.0,:655375232_11,1
2040.0,:655375232_2,2
2040.0,:655375233_0,3
2040.0,:655375233_4,4
2040.0,:655375233_8,5
2040.0,:655375238_2,1
2040.0,:655375238_3,1
2040.0,:cluster622618015_622618108_622618112_622618144_#2more_2,1
2040.0,:cluster_2664674491_655375287_655375288_5,1
2060.0,-300077497#5,25
2060.0,-300077497#8,2
2060.0,-35274074#2,11
2060.0,-51362429#1,5
2060.0,-593847703#3,28
2060.0,-593847704#2,1
2060.0,-E0,19
2060.0,1068234498#0,33
2060.0,1068234499#0,1
2060.0,1068440004#1,33
2060.0,1068440006#0,1
2060.0,182334378#0,1
2060.0,238526531#0,26
2060.0,244450512#1,2
2060.0,260881642#0,3
2060.0,288878926#0,5
2060.0,30620492#0,18
2060.0,30620492#1,5
2060.0,484988951#0,5
2060.0,49073226#2,7
2060.0,506322844#0,5
2060.0,51362429#0,17
2060.0,51362430,5
2060.0,593847704#0,1
2060.0,593847705,1
2060.0,593849711#2,4
2060.0,594658757#0,1
2060.0,:3086736518_0,1
2060.0,:3086736518_6,1
2060.0,:655375232_2,2
2060.0,:655375232_8,1
2060.0,:655375233_0,3
2060.0,:655375233_4,2
2060.0,:655375233_8,5
2060.0,:655375238_3,1
2060.0,:655375238_5,1
2060.0,:cluster_2664674491_655375287_655375288_5,1
2080.0,-300077497#5,27
2080.0,-300077497#8,4
2080.0,-35274074#2,11
2080.0,-51362429#1,6
2080.0,-593847703#3,28
2080.0,-E0,19
2080.0,1068234498#0,34
2080.0,1068440004#1,30
2080.0,1068440006#0,1
2080.0,182334378#0,1
2080.0,238526531#0,24
2080.0,244450512#1,2
2080.0,260881642#0,2
2080.0,288878926#0,5
2080.0,300077497#0,1
2080.0,300077497#6,1
2080.0,30620492#0,16
2080.0,30620492#1,5
2080.0,484988951#0,5
2080.0,49073226#2,7
2080.0,506322844#0,3
2080.0,51362429#0,17
2080.0,51362430,5
2080.0,593847702#0,5
2080.0,593847703#0,3
2080.0,593847704#0,1
2080.0,593847705,1
2080.0,593849711#2,4
2080.0,594658757#0,1
2080.0,:3086736518_0,1
2080.0,:3086736518_6,1
2080.0,:655375232_2,2
2080.0,:cluster622618015_622618108_622618112_622618144_#2more_31,3
2080.0,:cluster_2038168688_655375573_8,1
2080.0,:cluster_2664674491_655375287_655375288_5,1
2080.0,:cluster_9383263990_9383263991_9383263992_9383263993_7,1
2100.0,-300077497#5,27
2100.0,-300077497#8,4
2100.0,-35274074#2,12
2100.0,-51362429#1,6
2100.0,-593847703#3,28
2100.0,-E0,19
2100.0,1068234498#0,34
2100.0,1068440004#1,33
2100.0,182334378#0,1
2100.0,232003903#0,1
2100.0,238526531#0,22
2100.0,244450512#1,2
2100.0,260881642#0,2
2100.0,263217604#0,1
2100.0,288878926#0,5
2100.0,300077497#6,2
2100.0,30620492#0,18
2100.0,30620492#1,5
2100.0,484988951#0,5
2100.0,49073226#2,7
2100.0,506322844#0,5
2100.0,506322848#0,1
2100.0,51362429#0,17
2100.0,51362430,5
2100.0,593847702#0,2
2100.0,593847703#0,3
2100.0,593847705,1
2100.0,593849711#2,4
2100.0,593849718#0,2
2100.0,594658757#0,1
2100.0,:3086736518_0,1
2100.0,:3086736518_6,1
2100.0,:655375232_2,2
2100.0,:cluster622618015_622618108_622618112_622618144_#2more_37,1
2120.0,-300077497#5,26
2120.0,-300077497#8,4
2120.0,-35274074#2,12
2120.0,-51362429#1,6
2120.0,-593847703#3,30
2120.0,-E0,19
2120.0,1068234498#0,34
2120.0,1068440004#1,34
2120.0,182334378#0,1
2120.0,238526531#0,22
2120.0,244450512#1,2
2120.0,263217604#0,1
2120.0,288878926#0,5
2120.0,300077497#0,2
2120.0,30620492#0,18
2120.0,30620492#1,5
2120.0,360018417,1
2120.0,484988951#0,4
2120.0,49073226#2,7
2120.0,506322844#0,5
2120.0,506322848#0,1
2120.0,51362429#0,12
2120.0,51362430,6
2120.0,593847702#0,2
2120.0,593847703#0,3
2120.0,593849711#2,4
2120.0,:3086736518_0,2
2120.0,:3086736518_6,1
2120.0,:655375232_2,2
2120.0,:655375233_0,3
2120.0,:cluster_2528018119_655375236_3,1
2120.0,:cluster_3431431575_4777363357_655375231_6982059025_5,1
2140.0,-300077497#5,26
2140.0,-300077497#8,4
2140.0,-35274074#2,12
2140.0,-51362429#1,8
2140.0,-593847703#3,30
2140.0,-E0,19
2140.0,1068234498#0,28
2140.0,1068440004#1,34
2140.0,182334378#0,2
2140.0,196961377#3,1
2140.0,238526531#0,26
2140.0,244450512#1,2
2140.0,300077497#0,5
2140.0,30620492#0,18
2140.0,30620492#1,5
2140.0,35274074#0,3
2140.0,484988951#0,2
2140.0,49073226#2,8
2140.0,506322844#0,5
2140.0,506322848#0,1
2140.0,51362429#0,15
2140.0,51362430,1
2140.0,593847702#0,2
2140.0,593847703#0,2
2140.0,593847704#0,1
2140.0,593849711#0,1
2140.0,593849711#2,1
2140.0,594658760#0,1
2140.0,:3086736518_0,1
2140.0,:655375232_11,1
2140.0,:655375232_2,2
2140.0,:cluster_3431431575_4777363357_655375231_6982059025_5,1
2140.0,:cluster_3431431575_4777363357_655375231_6982059025_7,1
2140.0,:cluster_5372642442_631668976_631668981_631669076_45,2
2160.0,-300077497#5,26
2160.0,-300077497#8,3
2160.0,-35274074#2,12
2160.0,-51362429#1,10
2160.0,-593847703#3,25
2160.0,-E0,19
2160.0,1068234498#0,27
2160.0,1068234499#0,1
2160.0,1068440004#1,34
2160.0,182334378#0,1
2160.0,186602412#0,1
2160.0,238526531#0,30
2160.0,244450512#1,2
2160.0,288135626#0,2
2160.0,300077497#0,1
2160.0,30620492#0,18
2160.0,30620492#1,5
2160.0,35274074#0,2
2160.0,484988951#0,4
2160.0,49073226#2,9
2160.0,506322844#0,5
2160.0,506322846#0,2
2160.0,506322848#0,1
2160.0,51362429#0,17
2160.0,593847702#0,2
2160.0,593847704#0,1
2160.0,593849711#2,1
2160.0,594658760#0,1
2160.0,:1973482489_8,1
2160.0,:3086736518_0,1
2160.0,:3086736518_4,1
2160.0,:655375232_2,2
2160.0,:655375232_8,1
2160.0,:655375233_4,3
2160.0,:655375238_6,1
2160.0,:cluster_2038168688_655375573_3,1
2180.0,-1334905223#2,1
2180.0,-300077497#5,27
2180.0,-300077497#8,3
2180.0,-35274074#2,11
2180.0,-51362429#1,10
2180.0,-593847703#3,25
2180.0,-E0,19
2180.0,1068234498#0,31
2180.0,1068440004#1,28
2180.0,182334378#0,1
2180.0,186602412#0,3
2180.0,238526531#0,25
2180.0,244450512#1,2
2180.0,300077497#0,3
2180.0,30620492#0,18
2180.0,30620492#1,5
2180.0,35274074#0,4
2180.0,484988951#0,4
2180.0,49073226#2,10
2180.0,506322840#0,2
2180.0,506322844#0,4
2180.0,51362429#0,17
2180.0,593847704#0,1
2180.0,593849711#2,1
2180.0,594658760#0,1
2180.0,:3086736518_0,1
2180.0,:3086736518_4,1
2180.0,:655375232_2,2
2180.0,:655375232_8,1
2180.0,:655375233_4,2
2180.0,:655375233_8,6
2180.0,:655375238_2,1
2180.0,:655375239_5,1
2180.0,:655375241_0,2
2200.0,-300077497#5,27
2200.0,-300077497#8,4
2200.0,-35274074#2,11
2200.0,-51362429#1,10
2200.0,-593847703#3,25
2200.0,-E0,19
2200.0,1068234498#0,31
2200.0,1068440004#1,33
2200.0,182334378#0,1
2200.0,238526531#0,24
2200.0,244450512#1,2
2200.0,288878926#0,1
2200.0,30620492#0,18
2200.0,30620492#1,5
2200.0,35274074#0,4
2200.0,484988951#0,4
2200.0,49073226#2,9
2200.0,506322844#0,5
2200.0,51362429#0,17
2200.0,593849711#2,1
2200.0,593849718#0,1
2200.0,594658760#0,1
2200.0,:3086736518_0,1
2200.0,:3086736518_4,1
2200.0,:655375232_2,2
2200.0,:655375232_8,1
2200.0,:655375233_4,2
2200.0,:655375233_8,6
2200.0,:655375238_2,1
2200.0,:655375238_3,1
2220.0,-300077497#5,27
2220.0,-300077497#8,4
2220.0,-35274074#2,11
2220.0,-51362429#1,8
2220.0,-593847703#3,25
2220.0,-E0,18
2220.0,1068234498#0,33
2220.0,1068440004#1,33
2220.0,182334378#0,1
2220.0,238526531#0,24
2220.0,244450512#1,3
2220.0,260881642#0,3
2220.0,288135626#0,2
2220.0,288878926#0,5
2220.0,30620492#0,18
2220.0,30620492#1,5
2220.0,484988951#0,4
2220.0,49073226#2,4
2220.0,506322844#0,5
2220.0,506322846#0,4
2220.0,51362429#0,13
2220.0,593849711#2,1
2220.0,594658760#0,1
2220.0,:3086736518_0,1
2220.0,:3086736518_4,1
2220.0,:3086736518_6,1
2220.0,:655375232_2,4
2220.0,:655375232_8,1
2220.0,:655375233_0,1
2220.0,:655375233_4,2
2220.0,:655375233_8,6
2220.0,:655375238_2,1
2220.0,:655375238_3,1
2220.0,:cluster622618015_622618108_622618112_622618144_#2more_2,1
2220.0,:cluster_5372642442_631668976_631668981_631669076_45,1
2220.0,:cluster_623980147_623980152_9,1
2240.0,-300077497#5,26
2240.0,-300077497#8,4
2240.0,-35274074#2,11
2240.0,-51362429#1,7
2240.0,-593847703#3,25
2240.0,-593847704#2,4
2240.0,-E0,18
2240.0,1068234498#0,34
2240.0,1068234499#0,2
2240.0,1068440004#1,33
2240.0,182334378#0,1
2240.0,186602412#0,4
2240.0,238526531#0,26
2240.0,244450512#1,2
2240.0,260881642#0,3
2240.0,288878926#0,3
2240.0,30620492#0,18
2240.0,30620492#1,5
2240.0,484988951#0,3
2240.0,506322844#0,5
2240.0,51362429#0,11
2240.0,593849711#2,1
2240.0,594658760#0,1
2240.0,:3086736518_0,1
2240.0,:3086736518_4,1
2240.0,:3086736518_6,1
2240.0,:655375232_2,2
2240.0,:655375233_0,1
2240.0,:655375233_4,2
2240.0,:655375233_8,6
2240.0,:655375238_2,1
2240.0,:655375238_3,1
2240.0,:cluster_2528018119_655375236_17,1
2240.0,:cluster_2664674491_655375287_655375288_5,1
2240.0,:cluster_3431431575_4777363357_655375231_6982059025_3,2
2240.0,:cluster_3431431575_4777363357_655375231_6982059025_5,1
2240.0,:cluster_5372642442_631668976_631668981_631669076_45,1
2260.0,-300077497#5,26
2260.0,-300077497#8,4
2260.0,-35274074#2,11
2260.0,-51362429#1,3
2260.0,-593847703#3,23
2260.0,-E0,19
2260.0,1068234498#0,34
2260.0,1068440004#1,33
2260.0,238526531#0,26
2260.0,244450512#1,2
2260.0,260881642#0,3
2260.0,288878926#0,6
2260.0,300077497#0,2
2260.0,30620492#0,18
2260.0,30620492#1,5
2260.0,484988951#0,4
2260.0,49073226#2,6
2260.0,506322844#0,5
2260.0,51362429#0,15
2260.0,594658760#0,1
2260.0,:3086736518_0,1
2260.0,:3086736518_6,1
2260.0,:655375232_2,2
2260.0,:655375233_0,1
2260.0,:655375233_4,3
2260.0,:655375233_8,6
2260.0,:655375238_2,1
2260.0,:655375238_3,1
2260.0,:cluster_3431431575_4777363357_655375231_6982059025_3,1
2260.0,:cluster_9383263990_9383263991_9383263992_9383263993_7,1
2280.0,-300077497#5,27
2280.0,-300077497#8,4
2280.0,-35274074#2,11
2280.0,-51362429#1,4
2280.0,-593847703#3,22
2280.0,-E0,19
2280.0,1068234498#0,34
2280.0,1068440004#1,32
2280.0,238526531#0,26
2280.0,244450512#1,3
2280.0,260881642#0,2
2280.0,288878926#0,6
2280.0,300077497#0,2
2280.0,30620492#0,18
2280.0,30620492#1,5
2280.0,484988951#0,4
2280.0,49073226#2,7
2280.0,506322844#0,4
2280.0,51362429#0,17
2280.0,593847702#0,1
2280.0,594658760#0,1
2280.0,:3086736518_0,1
2280.0,:3086736518_6,1
2280.0,:655375232_2,2
2280.0,:655375233_0,1
2280.0,:655375233_4,3
2280.0,:655375233_8,6
2280.0,:655375238_3,1
2280.0,:655375238_5,1
2300.0,-300077497#5,23
2300.0,-300077497#8,4
2300.0,-35274074#2,11
2300.0,-51362429#1,4
2300.0,-593847703#3,24
2300.0,-E0,19
2300.0,1068234498#0,34
2300.0,1068440004#1,32
2300.0,238526531#0,26
2300.0,244450512#1,3
2300.0,288878926#0,6
2300.0,30620492#0,18
2300.0,30620492#1,5
2300.0,484988951#0,4
2300.0,49073226#2,7
2300.0,506322844#0,5
2300.0,51362429#0,17
2300.0,593847702#0,1
2300.0,594658760#0,1
2300.0,:3086736518_0,1
2300.0,:3086736518_6,1
2300.0,:655375232_2,2
2300.0,:655375233_0,1
2300.0,:655375233_4,3
2300.0,:655375233_8,7
2300.0,:655375238_3,1
2300.0,:655375238_5,1
2300.0,:cluster_2528018119_655375236_17,1
2300.0,:cluster_2528018119_655375236_31,1
2320.0,-300077497#5,22
2320.0,-300077497#8,4
2320.0,-35274074#2,11
2320.0,-51362429#1,4
2320.0,-593847703#3,26
2320.0,-E0,19
2320.0,1068234498#0,34
2320.0,1068440004#1,33
2320.0,182334378#0,1
2320.0,238526531#0,26
2320.0,244450512#1,3
2320.0,30620492#0,18
2320.0,30620492#1,5
2320.0,484988951#0,4
2320.0,49073226#2,7
2320.0,506322844#0,5
2320.0,51362429#0,16
2320.0,593847702#0,1
2320.0,593849711#0,2
2320.0,594658760#0,1
2320.0,:3086736518_0,1
2320.0,:3086736518_6,1
2320.0,:655375232_2,3
2320.0,:655375233_0,1
2320.0,:655375233_4,3
2320.0,:655375233_8,7
2320.0,:655375238_3,1
2320.0,:655375238_5,1
2340.0,-300077497#5,24
2340.0,-35274074#2,11
2340.0,-51362429#1,4
2340.0,-593847703#3,28
2340.0,-E0,19
2340.0,1068234498#0,37
2340.0,1068440004#1,33
2340.0,238526531#0,26
2340.0,244450512#1,3
2340.0,30620492#0,18
2340.0,30620492#1,5
2340.0,484988951#0,3
2340.0,49073226#2,7
2340.0,506322844#0,5
2340.0,51362429#0,15
2340.0,593847702#0,1
2340.0,594658760#0,1
2340.0,:3086736518_0,1
2340.0,:3086736518_6,1
2340.0,:655375232_2,2
2340.0,:655375233_0,1
2340.0,:655375233_4,3
2340.0,:655375233_8,7
2340.0,:655375238_3,1
2340.0,:655375238_5,1
2340.0,:cluster655375336_end_0_655375336_end_1_655375336_end_10_655375336_end_11_#8more_6,1
2360.0,-300077497#5,26
2360.0,-300077497#8,2
2360.0,-35274074#2,11
2360.0,-51362429#1,4
2360.0,-593847703#3,26
2360.0,-E0,19
2360.0,1068234498#0,37
2360.0,1068440004#1,33
2360.0,238526531#0,26
2360.0,244450512#1,3
2360.0,300077497#6,1
2360.0,30620492#0,18
2360.0,30620492#1,5
2360.0,35274074#0,2
2360.0,484988951#0,4
2360.0,49073226#2,7
2360.0,506322844#0,2
2360.0,51362429#0,17
2360.0,594658760#0,1
2360.0,:3086736518_0,1
2360.0,:3086736518_4,1
2360.0,:3086736518_6,1
2360.0,:3086736518_7,1
2360.0,:655375232_2,2
2360.0,:655375233_0,1
2360.0,:655375233_4,3
2360.0,:655375233_8,7
2360.0,:655375238_5,1
2360.0,:655375239_5,2
2380.0,-300077497#5,27
2380.0,-300077497#8,4
2380.0,-35274074#2,12
2380.0,-51362429#1,7
2380.0,-593847703#3,24
2380.0,-E0,19
2380.0,1068234498#0,37
2380.0,1068440004#1,32
2380.0,238526531#0,25
2380.0,244450512#1,3
2380.0,30620492#0,17
2380.0,30620492#1,5
2380.0,35274074#0,2
2380.0,484988951#0,4
2380.0,49073226#2,7
2380.0,49073264#0,1
2380.0,506322844#0,5
2380.0,51362429#0,17
2380.0,593847702#0,4
2380.0,593847703#0,1
2380.0,593847704#0,1
2380.0,594658760#0,1
2380.0,:3086736518_0,1
2380.0,:3086736518_6,1
2380.0,:655375232_2,2
2380.0,:655375233_8,4
2400.0,-300077497#5,23
2400.0,-300077497#8,4
2400.0,-35274074#2,12
2400.0,-49073264#1,1
2400.0,-51362429#1,7
2400.0,-593847703#3,29
2400.0,-E0,19
2400.0,1068234498#0,37
2400.0,1068440004#1,25
2400.0,238526531#0,25
2400.0,244450512#1,2
2400.0,260881642#0,3
2400.0,300077497#0,1
2400.0,30620492#0,18
2400.0,30620492#1,5
2400.0,360018417,1
2400.0,484988951#0,4
2400.0,49073226#2,7
2400.0,506322844#0,5
2400.0,506322846#0,2
2400.0,51362429#0,17
2400.0,593847702#0,15
2400.0,594658760#0,1
2400.0,:3086736518_0,1
2400.0,:3086736518_6,1
2400.0,:655375232_2,2
2400.0,:cluster_2664674491_655375287_655375288_5,1
2420.0,-300077497#5,24
2420.0,-35274074#2,12
2420.0,-49073264#1,1
2420.0,-51362429#1,7
2420.0,-593847703#3,29
2420.0,-E0,19
2420.0,1068234498#0,36
2420.0,1068440004#1,31
2420.0,186602412#0,1
2420.0,238526531#0,26
2420.0,244450512#1,2
2420.0,260881642#0,4
2420.0,30620492#0,18
2420.0,30620492#1,5
2420.0,484988951#0,4
2420.0,49073226#2,7
2420.0,506322844#0,5
2420.0,506322846#0,1
2420.0,51362429#0,17
2420.0,593847702#0,15
2420.0,593849711#0,1
2420.0,594658760#0,1
2420.0,:3086736518_0,1
2420.0,:3086736518_6,1
2420.0,:655375232_2,2
2420.0,:655375238_5,2
2420.0,:cluster_2528018119_655375236_17,1
2440.0,-300077497#5,26
2440.0,-300077497#8,3
2440.0,-35274074#2,12
2440.0,-49073264#1,1
2440.0,-51362429#1,6
2440.0,-593847703#3,30
2440.0,-E0,19
2440.0,1068234498#0,36
2440.0,1068440004#1,31
2440.0,186602412#0,1
2440.0,238526531#0,25
2440.0,244450512#1,3
2440.0,260881642#0,3
2440.0,288878926#0,3
2440.0,30620492#0,18
2440.0,30620492#1,5
2440.0,484988951#0,3
2440.0,49073226#2,3
2440.0,506322844#0,3
2440.0,51362429#0,12
2440.0,593847702#0,6
2440.0,593847703#0,7
2440.0,593849718#0,3
2440.0,594658760#0,1
2440.0,:3086736518_0,2
2440.0,:3086736518_6,1
2440.0,:655375233_0,3
2440.0,:655375239_5,1
2440.0,:cluster622618015_622618108_622618112_622618144_#2more_31,5
2440.0,:cluster622618015_622618108_622618112_622618144_#2more_34,1
2440.0,:cluster_3431431575_4777363357_655375231_6982059025_3,1
2440.0,:cluster_623980147_623980152_4,1
2440.0,:cluster_9383263990_9383263991_9383263992_9383263993_7,1
2460.0,-300077497#5,27
2460.0,-300077497#8,4
2460.0,-35274074#2,11
2460.0,-49073264#1,1
2460.0,-593847703#3,28
2460.0,-E0,19
2460.0,1068234498#0,36
2460.0,1068440004#1,31
2460.0,238526531#0,25
2460.0,260881642#0,2
2460.0,288878926#0,10
2460.0,30620492#0,18
2460.0,30620492#1,5
2460.0,484988951#0,4
2460.0,49073226#2,5
2460.0,506322844#0,5
2460.0,51362429#0,13
2460.0,593847703#0,9
2460.0,:3086736518_0,2
2460.0,:3086736518_6,1
2460.0,:655375233_2,1
2460.0,:655375233_4,1
2460.0,:655375238_2,1
2460.0,:cluster622618015_622618108_622618112_622618144_#2more_17,1
2480.0,-300077497#5,25
2480.0,-300077497#8,4
2480.0,-35274074#2,11
2480.0,-51362429#1,3
2480.0,-593847703#3,25
2480.0,-E0,19
2480.0,1068234498#0,36
2480.0,1068440004#1,31
2480.0,238526531#0,24
2480.0,288878926#0,13
2480.0,300077497#0,2
2480.0,30620492#0,18
2480.0,30620492#1,5
2480.0,484988951#0,4
2480.0,49073226#2,2
2480.0,506322844#0,5
2480.0,51362429#0,15
2480.0,593847702#0,2
2480.0,593847703#0,5
2480.0,:3086736518_0,2
2480.0,:3086736518_6,1
2480.0,:655375238_2,1
2480.0,:655375238_3,1
2480.0,:cluster_2528018119_655375236_3,2
2480.0,:cluster_3431431575_4777363357_655375231_6982059025_3,1
2500.0,-300077497#5,25
2500.0,-300077497#8,4
2500.0,-35274074#2,11
2500.0,-593847703#3,25
2500.0,-593847704#2,3
2500.0,-E0,19
2500.0,1068234498#0,35
2500.0,1068440004#1,19
2500.0,238526531#0,25
2500.0,288878926#0,7
2500.0,300077497#0,6
2500.0,30620492#0,18
2500.0,30620492#1,5
2500.0,35274074#0,2
2500.0,484988951#0,3
2500.0,49073226#2,6
2500.0,506322844#0,5
2500.0,51362429#0,16
2500.0,593847702#0,14
2500.0,593849711#0,1
2500.0,:3086736518_0,2
2500.0,:3086736518_6,1
2500.0,:655375238_2,1
2500.0,:655375238_3,1
2500.0,:cluster_3431431575_4777363357_655375231_6982059025_5,1
2520.0,-300077497#5,26
2520.0,-300077497#8,3
2520.0,-35274074#2,11
2520.0,-593847703#3,26
2520.0,-E0,19
2520.0,1068234498#0,35
2520.0,1068440004#1,19
2520.0,238526531#0,25
2520.0,288878926#0,5
2520.0,300077497#0,1
2520.0,300077497#6,1
2520.0,30620492#0,18
2520.0,30620492#1,5
2520.0,35274074#0,3
2520.0,484988951#0,4
2520.0,49073226#2,6
2520.0,506322844#0,5
2520.0,506322846#0,3
2520.0,51362429#0,17
2520.0,593847702#0,14
2520.0,:3086736518_0,2
2520.0,:3086736518_6,1
2520.0,:655375238_6,1
2540.0,-300077497#5,27
2540.0,-300077497#8,4
2540.0,-35274074#2,11
2540.0,-49073264#1,1
2540.0,-593847703#3,26
2540.0,-E0,19
2540.0,1068234498#0,35
2540.0,1068440004#1,19
2540.0,186602412#0,2
2540.0,238526531#0,24
2540.0,288878926#0,5
2540.0,300077497#6,1
2540.0,30620492#0,18
2540.0,30620492#1,5
2540.0,35274074#0,5
2540.0,484988951#0,3
2540.0,49073226#2,6
2540.0,49073272#1,3
2540.0,49073272#3,1
2540.0,506322844#0,4
2540.0,51362429#0,7
2540.0,593847703#0,6
2540.0,593847704#0,1
2540.0,593849718#0,6
2540.0,:3086736518_0,3
2540.0,:655375232_2,2
2540.0,:655375233_0,1
2540.0,:655375238_2,1
2540.0,:cluster_3431431575_4777363357_655375231_6982059025_5,1
2560.0,-300077497#5,27
2560.0,-300077497#8,4
2560.0,-35274074#2,11
2560.0,-593847703#3,26
2560.0,-E0,19
2560.0,1068234498#0,35
2560.0,1068440004#1,19
2560.0,238526531#0,23
2560.0,288878926#0,5
2560.0,30620492#0,18
2560.0,30620492#1,5
2560.0,35274074#0,5
2560.0,484988951#0,4
2560.0,49073226#2,6
2560.0,49073272#1,1
2560.0,49073272#3,3
2560.0,506322844#0,5
2560.0,51362429#0,12
2560.0,593847703#0,9
2560.0,:3086736518_0,1
2560.0,:655375232_2,1
2560.0,:655375238_2,1
2560.0,:655375238_3,1
2580.0,-300077497#5,22
2580.0,-300077497#8,4
2580.0,-35274074#2,11
2580.0,-51362429#1,4
2580.0,-593847703#3,21
2580.0,-E0,19
2580.0,1068234498#0,32
2580.0,1068440004#1,19
2580.0,238526531#0,25
2580.0,288878926#0,3
2580.0,300077497#0,6
2580.0,30620492#0,18
2580.0,30620492#1,5
2580.0,360018417,4
2580.0,484988951#0,4
2580.0,49073226#2,7
2580.0,506322844#0,5
2580.0,506322846#0,5
2580.0,51362429#0,14
2580.0,593849711#0,1
2580.0,:3086736518_0,1
2580.0,:655375232_2,1
2580.0,:655375232_8,1
2580.0,:655375238_2,1
2580.0,:655375238_3,1
2580.0,:cluster_2528018119_655375236_17,1
2580.0,:cluster_2528018119_655375236_19,1
2580.0,:cluster_2528018119_655375236_3,2
2580.0,:cluster_5372642442_631668976_631668981_631669076_45,1
2600.0,-300077497#5,23
2600.0,-300077497#8,2
2600.0,-35274074#2,11
2600.0,-51362429#1,5
2600.0,-593847703#3,23
2600.0,-E0,19
2600.0,1068234498#0,32
2600.0,1068440004#1,8
2600.0,186602412#0,5
2600.0,232003903#0,1
2600.0,238526531#0,26
2600.0,300077497#0,4
2600.0,30620492#0,18
2600.0,30620492#1,5
2600.0,484988951#0,4
2600.0,49073226#2,7
2600.0,506322844#0,5
2600.0,506322846#0,2
2600.0,51362429#0,15
2600.0,593847702#0,10
2600.0,593847704#0,1
2600.0,593849711#0,1
2600.0,:3086736518_0,1
2600.0,:655375232_2,1
2600.0,:655375233_8,1
2600.0,:655375238_1,1
2600.0,:655375238_3,1
2600.0,:655375238_5,1
2600.0,:cluster622618015_622618108_622618112_622618144_#2more_49,3
2600.0,:cluster_2038168688_655375573_3,1
2620.0,-300077497#5,26
2620.0,-300077497#8,2
2620.0,-35274074#2,11
2620.0,-51362429#1,5
2620.0,-593847703#3,23
2620.0,-E0,18
2620.0,1068234498#0,33
2620.0,1068234499#0,1
2620.0,1068440004#1,8
2620.0,186602412#0,2
2620.0,232003903#0,1
2620.0,238526531#0,26
2620.0,300077497#0,3
2620.0,300077497#6,1
2620.0,30620492#0,18
2620.0,30620492#1,5
2620.0,35274074#0,1
2620.0,484988951#0,4
2620.0,49073226#2,7
2620.0,49073264#0,1
2620.0,49073272#3,1
2620.0,506322844#0,2
2620.0,51362429#0,16
2620.0,593847702#0,3
2620.0,593847704#0,1
2620.0,:3086736518_0,1
2620.0,:3086736518_6,1
2620.0,:655375232_2,1
2620.0,:655375238_1,1
2620.0,:655375238_5,1
2620.0,:655375239_5,1
2620.0,:cluster622618015_622618108_622618112_622618144_#2more_31,6
2620.0,:cluster_2528018119_655375236_12,1
2640.0,-300077497#5,27
2640.0,-300077497#8,4
2640.0,-35274074#2,12
2640.0,-51362429#1,5
2640.0,-593847703#3,23
2640.0,-E0,18
2640.0,1068234498#0,34
2640.0,1068440004#1,8
2640.0,232003903#0,1
2640.0,238526531#0,25
2640.0,300077497#0,1
2640.0,300077497#6,1
2640.0,30620492#0,18
2640.0,30620492#1,5
2640.0,35274074#0,5
2640.0,484988951#0,3
2640.0,49073226#2,7
2640.0,49073272#3,2
2640.0,506322844#0,5
2640.0,51362429#0,10
2640.0,593847703#0,3
2640.0,:3086736518_0,1
2640.0,:3086736518_6,1
2640.0,:655375232_2,2
2640.0,:655375233_0,3
2640.0,:655375238_0,1
2640.0,:cluster622618015_622618108_622618112_622618144_#2more_17,1
2640.0,:cluster622618015_622618108_622618112_622618144_#2more_42,1
2640.0,:cluster_3431431575_4777363357_655375231_6982059025_5,1
2660.0,-300077497#5,23
2660.0,-300077497#8,4
2660.0,-35274074#2,6
2660.0,-49073264#1,1
2660.0,-51362429#1,5
2660.0,-593847703#3,25
2660.0,-E0,19
2660.0,1068234498#0,37
2660.0,1068440004#1,8
2660.0,238526531#0,25
2660.0,300077497#0,2
2660.0,300077497#6,2
2660.0,30620492#0,18
2660.0,30620492#1,5
2660.0,35274074#0,1
2660.0,360018417,1
2660.0,484988951#0,4
2660.0,49073226#2,7
2660.0,506322844#0,5
2660.0,51362429#0,12
2660.0,51362430,1
2660.0,593847703#0,5
2660.0,593847705,1
2660.0,:3086736518_0,1
2660.0,:3086736518_6,1
2660.0,:3208478121_3,1
2660.0,:655375232_2,1
2660.0,:655375239_3,1
2660.0,:cluster_2038168688_655375573_23,1
2660.0,:cluster_2038168688_655375573_24,1
2660.0,:cluster_2038168688_655375573_3,1
2660.0,:cluster_2038168688_655375573_6,1
2660.0,:cluster_2528018119_655375236_17,2
2660.0,:cluster_2528018119_655375236_3,2
2680.0,-300077497#5,21
2680.0,-300077497#8,4
2680.0,-35274074#2,3
2680.0,-49073264#1,1
2680.0,-51362429#1,4
2680.0,-593847703#3,20
2680.0,-E0,19
2680.0,1068234498#0,38
2680.0,1068234499#0,1
2680.0,1068440004#1,8
2680.0,186602412#0,2
2680.0,196961377#3,2
2680.0,238526531#0,25
2680.0,288878926#0,3
2680.0,300077497#0,4
2680.0,300077497#6,2
2680.0,30620492#0,17
2680.0,30620492#1,4
2680.0,35274074#0,3
2680.0,484988951#0,4
2680.0,49073226#2,3
2680.0,506322844#0,5
2680.0,506322846#0,2
2680.0,51362429#0,14
2680.0,593847705,1
2680.0,593849711#0,1
2680.0,:1973482489_8,1
2680.0,:2749340167_0,1
2680.0,:3086736518_0,1
2680.0,:3086736518_4,1
2680.0,:3086736518_6,1
2680.0,:655375232_2,1
2680.0,:655375232_8,1
2680.0,:655375233_2,1
2680.0,:655375233_4,2
2680.0,:655375238_1,1
2680.0,:cluster622618015_622618108_622618112_622618144_#2more_0,1
2680.0,:cluster_3431431575_4777363357_655375231_6982059025_3,2
2680.0,:cluster_623980147_623980152_4,1
2700.0,-300077497#5,25
2700.0,-35274074#2,3
2700.0,-49073264#1,1
2700.0,-593847703#3,21
2700.0,-E0,19
2700.0,1068234498#0,38
2700.0,1068234499#0,1
2700.0,186602412#0,2
2700.0,238526531#0,25
2700.0,288878926#0,8
2700.0,300077497#0,2
2700.0,300077497#6,2
2700.0,30620492#0,18
2700.0,30620492#1,5
2700.0,35274074#0,1
2700.0,484988951#0,4
2700.0,49073226#2,6
2700.0,506322844#0,5
2700.0,506322846#0,2
2700.0,51362429#0,16
2700.0,593847702#0,7
2700.0,593847705,1
2700.0,:1973482489_3,1
2700.0,:3086736518_0,1
2700.0,:3086736518_6,1
2700.0,:655375232_2,1
2700.0,:655375233_8,2
2700.0,:655375238_1,1
2700.0,:cluster_3431431575_4777363357_655375231_6982059025_3,2
2720.0,-300077497#5,26
2720.0,-300077497#8,3
2720.0,-35274074#2,9
2720.0,-49073264#1,1
2720.0,-593847703#3,21
2720.0,-E0,19
2720.0,1068234498#0,38
2720.0,186602412#0,1
2720.0,238526531#0,18
2720.0,263217604#0,1
2720.0,288878926#0,13
2720.0,300077497#0,1
2720.0,300077497#6,2
2720.0,30620492#0,18
2720.0,30620492#1,5
2720.0,35274074#0,4
2720.0,484988951#0,4
2720.0,49073226#2,3
2720.0,49073272#3,1
2720.0,506322844#0,4
2720.0,51362429#0,17
2720.0,593847705,1
2720.0,593849718#0,6
2720.0,:3086736518_0,1
2720.0,:3086736518_6,1
2720.0,:655375232_2,1
2720.0,:655375238_5,1
2720.0,:cluster_2038168688_655375573_8,1
2740.0,-300077497#5,27
2740.0,-300077497#8,4
2740.0,-35274074#2,10
2740.0,-593847703#3,21
2740.0,-E0,19
2740.0,1068234498#0,38
2740.0,238526531#0,15
2740.0,263217604#0,1
2740.0,288878926#0,13
2740.0,300077497#6,2
2740.0,30620492#0,18
2740.0,30620492#1,5
2740.0,35274074#0,4
2740.0,484988951#0,4
2740.0,49073226#2,3
2740.0,49073272#3,1
2740.0,506322844#0,7
2740.0,51362429#0,14
2740.0,593847703#0,2
2740.0,:3086736518_0,2
2740.0,:3086736518_6,1
2740.0,:655375232_2,2
2740.0,:655375233_0,1
2740.0,:655375239_3,1
2760.0,-300077497#5,24
2760.0,-300077497#8,4
2760.0,-35274074#2,3
2760.0,-593847703#3,24
2760.0,-E0,19
2760.0,1068234498#0,34
2760.0,238526531#0,15
2760.0,288878926#0,11
2760.0,300077497#0,2
2760.0,300077497#6,2
2760.0,30620492#0,18
2760.0,30620492#1,5
2760.0,360018417,1
2760.0,360843888,1
2760.0,484988951#0,4
2760.0,49073226#2,3
2760.0,506322844#0,7
2760.0,506322846#0,4
2760.0,51362429#0,13
2760.0,593847703#0,6
2760.0,593847704#0,1
2760.0,593849711#0,1
2760.0,:3086736518_0,1
2760.0,:655375232_2,1
2760.0,:655375238_3,1
2760.0,:cluster_2528018119_655375236_3,2
2760.0,:cluster_5372642442_631668976_631668981_631669076_26,1
2760.0,:cluster_5372642442_631668976_631668981_631669076_45,2
2780.0,-300077497#5,23
2780.0,-300077497#8,1
2780.0,-35274074#2,2
2780.0,-51362429#1,1
2780.0,-593847703#3,20
2780.0,-E0,19
2780.0,1068234498#0,25
2780.0,186602412#0,2
2780.0,238526531#0,23
2780.0,288135626#0,2
2780.0,288878926#0,5
2780.0,300077497#0,7
2780.0,300077497#6,4
2780.0,30620492#0,18
2780.0,30620492#1,5
2780.0,360843888,1
2780.0,484988951#0,4
2780.0,49073226#2,3
2780.0,506322844#0,7
2780.0,51362429#0,15
2780.0,593847702#0,3
2780.0,593847704#0,1
2780.0,:3086736518_0,1
2780.0,:655375232_2,1
2780.0,:655375232_8,1
2780.0,:655375233_4,2
2780.0,:655375238_1,1
2780.0,:655375238_5,1
2780.0,:cluster622618015_622618108_622618112_622618144_#2more_49,1
2780.0,:cluster_5372642442_631668976_631668981_631669076_26,1
2780.0,:cluster_5372642442_631668976_631668981_631669076_45,1
2800.0,-300077497#5,24
2800.0,-300077497#8,2
2800.0,-35274074#2,5
2800.0,-51362429#1,4
2800.0,-593847703#3,19
2800.0,-E0,19
2800.0,1068234498#0,25
2800.0,238526531#0,21
2800.0,263217604#0,2
2800.0,288878926#0,5
2800.0,300077497#0,3
2800.0,300077497#6,4
2800.0,30620492#0,18
2800.0,30620492#1,5
2800.0,35274074#0,5
2800.0,360843888,1
2800.0,484988951#0,4
2800.0,49073226#2,4
2800.0,49073264#0,1
2800.0,49073272#1,1
2800.0,49073272#3,1
2800.0,506322844#0,2
2800.0,506322848#0,3
2800.0,51362429#0,15
2800.0,593847704#0,1
2800.0,:2444664370_0,1
2800.0,:3086736518_0,1
2800.0,:655375232_2,1
2800.0,:655375238_1,1
2800.0,:655375238_5,2
2800.0,:655375239_5,1
2800.0,:cluster_2528018119_655375236_29,1
2820.0,-1334905223#2,1
2820.0,-300077497#5,27
2820.0,-300077497#8,4
2820.0,-35274074#2,12
2820.0,-51362429#1,1
2820.0,-593847703#3,19
2820.0,-E0,19
2820.0,1068234498#0,32
2820.0,238526531#0,12
2820.0,263217604#0,2
2820.0,288878926#0,5
2820.0,300077497#0,3
2820.0,300077497#6,4
2820.0,30620492#0,18
2820.0,30620492#1,5
2820.0,35274074#0,8
2820.0,360843888,1
2820.0,484988951#0,4
2820.0,49073226#2,7
2820.0,49073272#3,2
2820.0,506322844#0,5
2820.0,51362429#0,16
2820.0,:3086736518_0,1
2820.0,:655375232_2,1
2820.0,:655375241_0,1
2820.0,:cluster622618015_622618108_622618112_622618144_#2more_17,1
2820.0,:cluster622618015_622618108_622618112_622618144_#2more_39,1
2840.0,-300077497#5,23
2840.0,-300077497#8,4
2840.0,-35274074#2,9
2840.0,-51362429#1,1
2840.0,-593847703#3,21
2840.0,-E0,18
2840.0,1068234498#0,39
2840.0,238526531#0,12
2840.0,244450512#5,1
2840.0,263217604#0,2
2840.0,288878926#0,5
2840.0,300077497#6,1
2840.0,30620492#0,18
2840.0,30620492#1,5
2840.0,35274074#0,4
2840.0,360018417,1
2840.0,484988951#0,4
2840.0,49073226#2,7
2840.0,506322844#0,5
2840.0,506322846#0,1
2840.0,51362429#0,15
2840.0,:3086736518_0,1
2840.0,:3086736518_6,1
2840.0,:3208478121_3,1
2840.0,:655375232_2,2
2840.0,:655375233_0,1
2840.0,:655375238_3,1
2840.0,:655375239_3,1
2840.0,:cluster_2038168688_655375573_23,1
2840.0,:cluster_2038168688_655375573_3,1
2840.0,:cluster_2038168688_655375573_6,1
2840.0,:cluster_2528018119_655375236_17,2
2860.0,-300077497#5,19
2860.0,-300077497#8,4
2860.0,-35274074#2,4
2860.0,-51362429#1,1
2860.0,-593847703#3,25
2860.0,-E0,19
2860.0,1068234498#0,29
2860.0,1068234499#0,2
2860.0,182334378#0,1
2860.0,186602412#0,3
2860.0,196961377#3,2
2860.0,238526531#0,17
2860.0,244450512#5,1
2860.0,288135626#0,4
2860.0,300077497#0,2
2860.0,300077497#6,4
2860.0,30620492#0,18
2860.0,30620492#1,5
2860.0,484988951#0,3
2860.0,49073226#2,7
2860.0,506322844#0,5
2860.0,506322846#0,5
2860.0,51362429#0,8
2860.0,593847703#0,6
2860.0,593849711#0,1
2860.0,594658757#0,2
2860.0,:2444664370_0,1
2860.0,:3086736518_0,2
2860.0,:3086736518_6,1
2860.0,:655375233_0,2
2860.0,:cluster_2528018119_655375236_3,1
2860.0,:cluster_3208478133_655375293_655375296_9631728504_#1more_10,1
2860.0,:cluster_3431431575_4777363357_655375231_6982059025_5,1
2860.0,:cluster_5372642442_631668976_631668981_631669076_22,2
2860.0,:cluster_5372642442_631668976_631668981_631669076_45,1
2880.0,-300077497#5,20
2880.0,-35274074#2,4
2880.0,-51362429#1,1
2880.0,-593847703#3,23
2880.0,-E0,19
2880.0,1068234498#0,24
2880.0,1068234499#0,9
2880.0,1068440004#1,1
2880.0,182334378#0,2
2880.0,186602412#0,3
2880.0,238526531#0,23
2880.0,244450512#5,1
2880.0,288135626#0,2
2880.0,300077497#0,5
2880.0,300077497#6,4
2880.0,30620492#0,18
2880.0,30620492#1,5
2880.0,35274074#0,2
2880.0,484988951#0,4
2880.0,49073226#2,7
2880.0,506322844#0,5
2880.0,51362429#0,12
2880.0,593847703#0,2
2880.0,594658757#0,1
2880.0,:2444664370_0,2
2880.0,:3086736518_0,2
2880.0,:3086736518_4,1
2880.0,:3086736518_6,1
2880.0,:655375233_10,1
2880.0,:655375233_2,1
2880.0,:655375233_4,1
2880.0,:cluster_3431431575_4777363357_655375231_6982059025_5,1
2880.0,:cluster_5372642442_631668976_631668981_631669076_45,1
2900.0,-1334905223#2,2
2900.0,-300077497#5,25
2900.0,-300077497#8,1
2900.0,-35274074#2,10
2900.0,-51362429#1,8
2900.0,-593847703#3,17
2900.0,-E0,19
2900.0,1068234498#0,28
2900.0,1068234499#0,4
2900.0,182334378#0,2
2900.0,238526531#0,14
2900.0,244450512#5,1
2900.0,300077497#0,8
2900.0,300077497#6,4
2900.0,30620492#0,18
2900.0,30620492#1,5
2900.0,35274074#0,4
2900.0,484988951#0,4
2900.0,49073226#2,6
2900.0,49073272#1,1
2900.0,506322844#0,2
2900.0,51362429#0,15
2900.0,593847702#0,1
2900.0,593847703#0,2
2900.0,594658757#0,1
2900.0,:2444664370_0,1
2900.0,:3086736518_0,2
2900.0,:3086736518_6,1
2900.0,:655375233_8,1
2900.0,:655375238_1,1
2900.0,:655375239_5,1
2900.0,:655375241_0,1
2900.0,:cluster622618015_622618108_622618112_622618144_#2more_34,1
2900.0,:cluster_2038168688_655375573_25,1
2900.0,:cluster_2528018119_655375236_12,1
2900.0,:cluster_2528018119_655375236_29,1
2900.0,:cluster_623980147_623980152_4,1
2920.0,-300077497#5,27
2920.0,-300077497#8,1
2920.0,-35274074#2,12
2920.0,-51362429#1,2
2920.0,-593847703#3,17
2920.0,-E0,19
2920.0,1068234498#0,33
2920.0,1239087514,1
2920.0,238526531#0,13
2920.0,244450512#5,1
2920.0,263217604#0,1
2920.0,288878926#0,7
2920.0,300077497#0,10
2920.0,300077497#6,2
2920.0,30620492#0,18
2920.0,30620492#1,5
2920.0,35274074#0,7
2920.0,484988951#0,4
2920.0,49073226#2,3
2920.0,49073272#3,1
2920.0,506322844#0,6
2920.0,51362429#0,15
2920.0,51362430,1
2920.0,593847702#0,2
2920.0,593847703#0,2
2920.0,594658757#0,1
2920.0,:3086736518_0,2
2920.0,:3086736518_6,1
2920.0,:655375238_0,1
2920.0,:655375239_3,1
2920.0,:cluster622618015_622618108_622618112_622618144_#2more_17,1
2920.0,:cluster_3431431575_4777363357_655375231_6982059025_3,2
2920.0,:cluster_623980147_623980152_4,1
2940.0,-300077497#5,19
2940.0,-300077497#8,1
2940.0,-35274074#2,12
2940.0,-593847703#3,22
2940.0,-E0,19
2940.0,1068234498#0,33
2940.0,182334378#0,1
2940.0,238526531#0,14
2940.0,288135626#0,4
2940.0,288878926#0,11
2940.0,300077497#0,2
2940.0,300077497#6,3
2940.0,30620492#0,18
2940.0,30620492#1,5
2940.0,360018417,1
2940.0,484988951#0,4
2940.0,49073226#2,3
2940.0,506322844#0,6
2940.0,506322846#0,7
2940.0,51362429#0,16
2940.0,51362430,1
2940.0,593847702#0,2
2940.0,593849711#0,2
2940.0,594658757#0,2
2940.0,:3086736518_0,2
2940.0,:3086736518_6,1
2940.0,:cluster_2528018119_655375236_17,2
2940.0,:cluster_3431431575_4777363357_655375231_6982059025_5,1
2940.0,:cluster_5372642442_631668976_631668981_631669076_22,2
2960.0,-300077497#5,17
2960.0,-35274074#2,11
2960.0,-593847703#3,27
2960.0,-E0,19
2960.0,1068234498#0,26
2960.0,1068234499#0,7
2960.0,186602412#0,5
2960.0,232003903#0,1
2960.0,238526531#0,18
2960.0,288878926#0,8
2960.0,300077497#6,4
2960.0,30620492#0,18
2960.0,30620492#1,5
2960.0,484988951#0,2
2960.0,49073226#2,1
2960.0,506322844#0,6
2960.0,506322846#0,1
2960.0,51362429#0,10
2960.0,593847702#0,2
2960.0,593847703#0,9
2960.0,593847704#0,1
2960.0,594658757#0,2
2960.0,:655375233_0,2
2960.0,:cluster622618015_622618108_622618112_622618144_#2more_49,1
2960.0,:cluster_2038168688_655375573_23,1
2960.0,:cluster_2038168688_655375573_3,1
2960.0,:cluster_2528018119_655375236_3,1
2960.0,:cluster_3431431575_4777363357_655375231_6982059025_7,1
2960.0,:cluster_5372642442_631668976_631668981_631669076_45,3
2980.0,-300077497#5,18
2980.0,-300077497#8,1
2980.0,-35274074#2,12
2980.0,-593847703#3,25
2980.0,-E0,19
2980.0,1068234498#0,24
2980.0,1068234499#0,3
2980.0,186602412#0,2
2980.0,232003903#0,1
2980.0,238526531#0,19
2980.0,263217604#0,1
2980.0,288878926#0,8
2980.0,300077497#0,2
2980.0,300077497#6,4
2980.0,30620492#0,18
2980.0,30620492#1,4
2980.0,484988951#0,4
2980.0,49073226#2,3
2980.0,49073264#0,1
2980.0,49073272#1,1
2980.0,506322844#0,2
2980.0,506322848#0,2
2980.0,51362429#0,13
2980.0,593847703#0,10
2980.0,593847704#0,1
2980.0,593847705,2
2980.0,594658757#0,2
2980.0,:655375233_4,2
2980.0,:655375238_1,1
2980.0,:655375238_5,1
2980.0,:655375239_5,1
2980.0,:cluster_2038168688_655375573_9,1
2980.0,:cluster_2528018119_655375236_12,1
2980.0,:cluster_2528018119_655375236_29,1
2980.0,:cluster_9383263990_9383263991_9383263992_9383263993_7,1
3000.0,-300077497#5,26
3000.0,-35274074#2,12
3000.0,-51362429#1,5
3000.0,-593847703#3,18
3000.0,-E0,19
3000.0,1068234498#0,30
3000.0,232003903#0,1
3000.0,238526531#0,16
3000.0,263217604#0,2
3000.0,288878926#0,8
3000.0,300077497#0,7
3000.0,300077497#6,4
3000.0,30620492#0,17
3000.0,30620492#1,5
3000.0,484988951#0,4
3000.0,49073226#2,3
3000.0,49073272#3,1
3000.0,506322840#0,2
3000.0,506322844#0,3
3000.0,51362429#0,13
3000.0,593847702#0,1
3000.0,593847703#0,10
3000.0,593847704#0,1
3000.0,593847705,2
3000.0,594658757#0,2
3000.0,:655375238_1,1
3000.0,:655375238_5,1
3000.0,:655375241_0,2
3000.0,:cluster622618015_622618108_622618112_622618144_#2more_17,1
3000.0,:cluster622618015_622618108_622618112_622618144_#2more_39,1
3000.0,:cluster_3431431575_4777363357_655375231_6982059025_3,2
3020.0,-300077497#5,23
3020.0,-35274074#2,11
3020.0,-51362429#1,3
3020.0,-593847703#3,20
3020.0,-E0,19
3020.0,1068234498#0,32
3020.0,238526531#0,16
3020.0,263217604#0,2
3020.0,288878926#0,8
3020.0,300077497#0,2
3020.0,300077497#6,1
3020.0,30620492#0,18
3020.0,30620492#1,5
3020.0,360018417,1
3020.0,484988951#0,3
3020.0,49073226#2,7
3020.0,506322844#0,5
3020.0,51362429#0,15
3020.0,51362430,1
3020.0,593847702#0,1
3020.0,593847703#0,6
3020.0,593847705,2
3020.0,594658757#0,2
3020.0,:3208478121_3,1
3020.0,:655375238_3,1
3020.0,:655375239_3,2
3020.0,:cluster_2038168688_655375573_23,1
3020.0,:cluster_2528018119_655375236_17,2
3020.0,:cluster_2528018119_655375236_3,2
3040.0,-300077497#5,21
3040.0,-35274074#2,8
3040.0,-51362429#1,3
3040.0,-593847703#3,23
3040.0,-E0,18
3040.0,1068234498#0,25
3040.0,1068234499#0,1
3040.0,186602412#0,1
3040.0,196961377#3,2
3040.0,238526531#0,21
3040.0,244450512#4,1
3040.0,288135626#0,1
3040.0,288878926#0,2
3040.0,300077497#0,7
3040.0,300077497#6,2
3040.0,30620492#0,18
3040.0,30620492#1,5
3040.0,35274074#0,2
3040.0,484988951#0,4
3040.0,49073226#2,7
3040.0,506322844#0,5
3040.0,51362429#0,15
3040.0,593847702#0,1
3040.0,593847705,2
3040.0,593849711#0,2
3040.0,594658757#0,2
3040.0,594658760#0,1
3040.0,:3086736518_6,1
3040.0,:655375238_6,1
3040.0,:cluster_2528018119_655375236_17,1
3040.0,:cluster_5372642442_631668976_631668981_631669076_26,1
3040.0,:cluster_5372642442_631668976_631668981_631669076_45,1
3060.0,-300077497#5,21
3060.0,-35274074#2,7
3060.0,-51362429#1,3
3060.0,-593847703#3,24
3060.0,-E0,18
3060.0,1068234498#0,20
3060.0,1068234499#0,2
3060.0,1068440004#1,1
3060.0,186602412#0,1
3060.0,238526531#0,28
3060.0,244450512#5,1
3060.0,300077497#6,2
3060.0,30620492#0,18
3060.0,30620492#1,5
3060.0,35274074#0,3
3060.0,484988951#0,3
3060.0,49073226#2,7
3060.0,506322844#0,5
3060.0,506322846#0,5
3060.0,51362429#0,10
3060.0,593847702#0,1
3060.0,593847703#0,3
3060.0,593847704#0,1
3060.0,594658757#0,1
3060.0,:3086736518_0,2
3060.0,:655375232_2,2
3060.0,:655375233_0,3
3060.0,:655375238_3,1
3060.0,:cluster655375336_end_0_655375336_end_1_655375336_end_10_655375336_end_11_#8more_21,1
3060.0,:cluster_2038168688_655375573_3,1
3060.0,:cluster_3431431575_4777363357_655375231_6982059025_5,1
3060.0,:cluster_5372642442_631668976_631668981_631669076_45,2
3080.0,-300077497#5,26
3080.0,-300077497#8,1
3080.0,-35274074#2,12
3080.0,-51362429#1,3
3080.0,-593847703#3,24
3080.0,-E0,19
3080.0,1068234498#0,27
3080.0,1068440004#1,1
3080.0,186602412#0,5
3080.0,238526531#0,16
3080.0,244450512#5,1
3080.0,263217604#0,1
3080.0,300077497#0,2
3080.0,300077497#6,4
3080.0,30620492#0,18
3080.0,30620492#1,5
3080.0,35274074#0,3
3080.0,484988951#0,4
3080.0,49073226#2,8
3080.0,49073272#3,1
3080.0,506322840#0,2
3080.0,506322844#0,2
3080.0,506322848#0,2
3080.0,51362429#0,13
3080.0,593847703#0,5
3080.0,593847704#0,1
3080.0,594658757#0,1
3080.0,:3086736518_0,2
3080.0,:655375239_6,1
3080.0,:655375241_0,2
3080.0,:cluster_9383263990_9383263991_9383263992_9383263993_7,2
3100.0,-1334905223#2,1
3100.0,-300077497#5,27
3100.0,-300077497#8,1
3100.0,-35274074#2,11
3100.0,-51362429#1,7
3100.0,-593847703#3,16
3100.0,-E0,19
3100.0,1068234498#0,34
3100.0,1068440004#1,1
3100.0,238526531#0,15
3100.0,244450512#5,1
3100.0,263217604#0,3
3100.0,300077497#6,2
3100.0,30620492#0,18
3100.0,30620492#1,5
3100.0,35274074#0,3
3100.0,484988951#0,3
3100.0,49073226#2,8
3100.0,49073272#3,1
3100.0,506322844#0,5
3100.0,51362429#0,15
3100.0,593847702#0,1
3100.0,593847703#0,5
3100.0,593847704#0,1
3100.0,593849718#0,1
3100.0,594658757#0,1
3100.0,:3086736518_0,2
3100.0,:3086736518_4,1
3100.0,:655375238_3,1
3100.0,:655375239_3,1
3100.0,:655375241_0,1
3120.0,-300077497#5,20
3120.0,-300077497#8,1
3120.0,-35274074#2,4
3120.0,-49073264#1,1
3120.0,-51362429#1,8
3120.0,-593847703#3,20
3120.0,-E0,19
3120.0,1068234498#0,31
3120.0,182334378#0,1
3120.0,238526531#0,17
3120.0,288135626#0,2
3120.0,300077497#0,5
3120.0,300077497#6,2
3120.0,30620492#0,18
3120.0,30620492#1,5
3120.0,360018417,1
3120.0,360843888,1
3120.0,484988951#0,3
3120.0,49073226#2,8
3120.0,506322844#0,5
3120.0,506322846#0,3
3120.0,51362429#0,16
3120.0,51362430,1
3120.0,593847702#0,2
3120.0,594658757#0,1
3120.0,:3086736518_0,2
3120.0,:cluster3086736522_655375108_655375247_655375401_#1more_17,2
3120.0,:cluster_2528018119_655375236_17,2
3120.0,:cluster_3431431575_4777363357_655375231_6982059025_5,1
3120.0,:cluster_5372642442_631668976_631668981_631669076_22,2
3120.0,:cluster_5372642442_631668976_631668981_631669076_26,1
3140.0,-300077497#5,18
3140.0,-35274074#2,4
3140.0,-49073264#1,1
3140.0,-51362429#1,7
3140.0,-593847703#3,25
3140.0,-E0,18
3140.0,1068234498#0,27
3140.0,1068234499#0,4
3140.0,186602412#0,2
3140.0,232003903#0,1
3140.0,238526531#0,23
3140.0,288878926#0,2
3140.0,300077497#6,2
3140.0,30620492#0,18
3140.0,30620492#1,5
3140.0,35274074#0,1
3140.0,360843888,3
3140.0,484988951#0,4
3140.0,49073226#2,5
3140.0,506322844#0,5
3140.0,506322846#0,1
3140.0,51362429#0,18
3140.0,593847702#0,2
3140.0,594658757#0,1
3140.0,:3086736518_0,2
3140.0,:3086736518_6,1
3140.0,:655375238_6,1
3140.0,:cluster_2038168688_655375573_23,1
3140.0,:cluster_2038168688_655375573_6,1
3140.0,:cluster_3431431575_4777363357_655375231_6982059025_3,1
3140.0,:cluster_5372642442_631668976_631668981_631669076_26,1
3140.0,:cluster_5372642442_631668976_631668981_631669076_45,2
3140.0,:cluster_623980147_623980152_4,1
3160.0,-300077497#5,19
3160.0,-300077497#8,1
3160.0,-35274074#2,5
3160.0,-49073264#1,1
3160.0,-593847703#3,25
3160.0,-E0,18
3160.0,1068234498#0,25
3160.0,1068234499#0,1
3160.0,186602412#0,3
3160.0,232003903#0,1
3160.0,238526531#0,21
3160.0,288878926#0,9
3160.0,300077497#0,2
3160.0,300077497#6,4
3160.0,30620492#0,18
3160.0,30620492#1,5
3160.0,35274074#0,1
3160.0,360843888,3
3160.0,484988951#0,3
3160.0,49073226#2,5
3160.0,49073264#0,1
3160.0,49073272#3,1
3160.0,506322844#0,2
3160.0,506322846#0,1
3160.0,506322848#0,2
3160.0,51362429#0,10
3160.0,593847703#0,3
3160.0,593847704#0,1
3160.0,594658757#0,1
3160.0,:3086736518_0,2
3160.0,:655375232_2,3
3160.0,:655375233_0,2
3160.0,:655375238_5,1
3160.0,:655375239_5,1
3160.0,:cluster_2038168688_655375573_8,1
3160.0,:cluster_2528018119_655375236_12,1
3160.0,:cluster_2528018119_655375236_29,1
3160.0,:cluster_3431431575_4777363357_655375231_6982059025_3,2
3160.0,:cluster_3431431575_4777363357_655375231_6982059025_5,1
3160.0,:cluster_9383263990_9383263991_9383263992_9383263993_7,1
3180.0,-300077497#5,26
3180.0,-300077497#8,1
3180.0,-35274074#2,12
3180.0,-593847703#3,25
3180.0,-E0,19
3180.0,1068234498#0,32
3180.0,232003903#0,1
3180.0,238526531#0,15
3180.0,263217604#0,1
3180.0,288878926#0,13
3180.0,300077497#0,5
3180.0,300077497#6,4
3180.0,30620492#0,18
3180.0,30620492#1,5
3180.0,35274074#0,1
3180.0,360843888,3
3180.0,484988951#0,4
3180.0,49073226#2,3
3180.0,49073272#3,1
3180.0,506322844#0,3
3180.0,51362429#0,10
3180.0,593847703#0,10
3180.0,594658757#0,1
3180.0,:3086736518_0,2
3180.0,:cluster622618015_622618108_622618112_622618144_#2more_17,2
3180.0,:cluster622618015_622618108_622618112_622618144_#2more_39,1
3200.0,-300077497#5,24
3200.0,-35274074#2,10
3200.0,-51362429#1,3
3200.0,-593847703#3,21
3200.0,-E0,19
3200.0,1068234498#0,40
3200.0,238526531#0,15
3200.0,244450512#4,2
3200.0,244450512#5,1
3200.0,263217604#0,1
3200.0,288878926#0,13
3200.0,300077497#0,2
3200.0,300077497#6,1
3200.0,30620492#0,18
3200.0,30620492#1,5
3200.0,360018417,1
3200.0,484988951#0,3
3200.0,49073226#2,4
3200.0,506322844#0,6
3200.0,51362429#0,13
3200.0,51362430,1
3200.0,593847703#0,6
3200.0,594658757#0,1
3200.0,:3086736518_0,2
3200.0,:655375232_8,1
3200.0,:655375233_4,1
3200.0,:655375238_3,1
3200.0,:655375239_3,1
3200.0,:cluster_2038168688_655375573_23,1
3200.0,:cluster_2528018119_655375236_17,1
3200.0,:cluster_2528018119_655375236_19,1
3200.0,:cluster_2528018119_655375236_3,2
3200.0,:cluster_3431431575_4777363357_655375231_6982059025_5,1
3220.0,-300077497#5,23
3220.0,-35274074#2,5
3220.0,-51362429#1,2
3220.0,-593847703#3,21
3220.0,-E0,19
3220.0,1068234498#0,29
3220.0,1068234499#0,3
3220.0,182334378#0,1
3220.0,186602412#0,1
3220.0,196961377#3,1
3220.0,238526531#0,18
3220.0,244450512#4,1
3220.0,244450512#5,3
3220.0,288135626#0,5
3220.0,288878926#0,7
3220.0,300077497#0,9
3220.0,300077497#6,4
3220.0,30620492#0,18
3220.0,30620492#1,5
3220.0,484988951#0,3
3220.0,49073226#2,7
3220.0,506322844#0,6
3220.0,51362429#0,14
3220.0,593849711#0,1
3220.0,594658757#0,1
3220.0,:3086736518_0,2
3220.0,:655375238_6,1
3220.0,:cluster622618015_622618108_622618112_622618144_#2more_0,1
3220.0,:cluster_2528018119_655375236_17,2
3220.0,:cluster_3431431575_4777363357_655375231_6982059025_5,1
3220.0,:cluster_5372642442_631668976_631668981_631669076_45,2
3240.0,-300077497#5,23
3240.0,-35274074#2,5
3240.0,-51362429#1,2
3240.0,-593847703#3,23
3240.0,-E0,19
3240.0,1068234498#0,22
3240.0,1068234499#0,8
3240.0,232003903#0,1
3240.0,238526531#0,25
3240.0,244450512#5,3
3240.0,288135626#0,2
3240.0,288878926#0,5
3240.0,300077497#0,1
3240.0,300077497#6,4
3240.0,30620492#0,18
3240.0,30620492#1,5
3240.0,35274074#0,4
3240.0,484988951#0,3
3240.0,49073226#2,7
3240.0,506322844#0,6
3240.0,506322846#0,4
3240.0,51362429#0,16
3240.0,594658757#0,1
3240.0,:3086736518_0,2
3240.0,:3208478128_0,1
3240.0,:655375238_1,1
3240.0,:cluster_3431431575_4777363357_655375231_6982059025_5,1
3240.0,:cluster_5372642442_631668976_631668981_631669076_22,1
3240.0,:cluster_5372642442_631668976_631668981_631669076_45,1
3260.0,-1334905223#2,1
3260.0,-300077497#5,27
3260.0,-300077497#8,3
3260.0,-35274074#2,11
3260.0,-51362429#1,2
3260.0,-593847703#3,23
3260.0,-E0,18
3260.0,1068234498#0,25
3260.0,1068234499#0,3
3260.0,186602412#0,4
3260.0,238526531#0,16
3260.0,244450512#5,3
3260.0,263217604#0,1
3260.0,288878926#0,5
3260.0,300077497#0,6
3260.0,300077497#6,4
3260.0,30620492#0,18
3260.0,30620492#1,5
3260.0,35274074#0,6
3260.0,484988951#0,4
3260.0,49073226#2,8
3260.0,506322840#0,1
3260.0,506322844#0,2
3260.0,51362429#0,13
3260.0,51362430,1
3260.0,593847703#0,1
3260.0,594658757#0,1
3260.0,:3086736518_0,2
3260.0,:3086736518_6,1
3260.0,:3208478128_0,1
3260.0,:655375232_2,2
3260.0,:655375233_0,1
3260.0,:655375239_5,1
3260.0,:655375241_0,1
3260.0,:cluster_2038168688_655375573_25,1
3260.0,:cluster_2528018119_655375236_12,1
3260.0,:cluster_2528018119_655375236_29,1
3280.0,-300077497#5,27
3280.0,-300077497#8,4
3280.0,-35274074#2,12
3280.0,-51362429#1,2
3280.0,-593847703#3,23
3280.0,-E0,19
3280.0,1068234498#0,29
3280.0,238526531#0,16
3280.0,244450512#5,3
3280.0,263217604#0,2
3280.0,288878926#0,5
3280.0,300077497#0,8
3280.0,300077497#6,2
3280.0,30620492#0,18
3280.0,30620492#1,5
3280.0,35274074#0,6
3280.0,484988951#0,4
3280.0,49073226#2,8
3280.0,506322844#0,5
3280.0,51362429#0,13
3280.0,593847703#0,6
3280.0,593847704#0,1
3280.0,:3086736518_0,1
3280.0,:3208478128_0,1
3280.0,:655375232_2,2
3280.0,:655375238_0,1
3280.0,:655375239_3,1
3300.0,-300077497#5,23
3300.0,-300077497#8,4
3300.0,-35274074#2,11
3300.0,-51362429#1,3
3300.0,-593847703#3,21
3300.0,-E0,19
3300.0,1068234498#0,28
3300.0,238526531#0,17
3300.0,288135626#0,3
3300.0,288878926#0,3
3300.0,300077497#0,6
3300.0,300077497#6,2
3300.0,30620492#0,16
3300.0,30620492#1,5
3300.0,360843888,1
3300.0,484988951#0,3
3300.0,49073226#2,9
3300.0,506322844#0,5
3300.0,506322846#0,6
3300.0,51362429#0,15
3300.0,51362430,4
3300.0,593847704#0,1
3300.0,593849711#0,1
3300.0,:3086736518_0,1
3300.0,:655375232_2,2
3300.0,:655375232_8,1
3300.0,:655375233_4,2
3300.0,:655375238_3,1
3300.0,:cluster3086736522_655375108_655375247_655375401_#1more_17,1
3300.0,:cluster_2528018119_655375236_17,2
3300.0,:cluster_5372642442_631668976_631668981_631669076_22,1
3300.0,:cluster_5372642442_631668976_631668981_631669076_45,1
3300.0,E1,1
3320.0,-300077497#5,21
3320.0,-300077497#8,2
3320.0,-35274074#2,11
3320.0,-51362429#1,9
3320.0,-593847703#3,22
3320.0,-E0,19
3320.0,1068234498#0,26
3320.0,1068234499#0,4
3320.0,182334378#0,2
3320.0,186602412#0,5
3320.0,238526531#0,24
3320.0,300077497#0,2
3320.0,300077497#6,3
3320.0,30620492#0,18
3320.0,30620492#1,5
3320.0,360843888,2
3320.0,484988951#0,5
3320.0,49073226#2,9
3320.0,506322844#0,5
3320.0,506322846#0,1
3320.0,51362429#0,16
3320.0,51362430,2
3320.0,593847704#0,1
3320.0,:3086736518_0,1
3320.0,:655375232_2,2
3320.0,:655375238_1,1
3320.0,:655375238_5,2
3320.0,:cluster_2038168688_655375573_23,1
3320.0,:cluster_2038168688_655375573_3,1
3320.0,:cluster_5372642442_631668976_631668981_631669076_45,2
3340.0,-300077497#5,26
3340.0,-300077497#8,1
3340.0,-35274074#2,12
3340.0,-51362429#1,9
3340.0,-593847703#3,22
3340.0,-E0,19
3340.0,1068234498#0,25
3340.0,1068234499#0,1
3340.0,182334378#0,2
3340.0,186602412#0,3
3340.0,238526531#0,23
3340.0,300077497#0,4
3340.0,300077497#6,3
3340.0,30620492#0,18
3340.0,30620492#1,5
3340.0,360843888,2
3340.0,484988951#0,5
3340.0,49073226#2,9
3340.0,506322844#0,2
3340.0,506322848#0,3
3340.0,51362429#0,17
3340.0,51362430,1
3340.0,593847704#0,1
3340.0,:3086736518_0,1
3340.0,:655375232_2,2
3340.0,:655375238_1,1
3340.0,:655375238_5,1
3340.0,:655375239_5,1
3340.0,:cluster_2528018119_655375236_12,1
3340.0,:cluster_2528018119_655375236_29,1
3340.0,:cluster_9383263990_9383263991_9383263992_9383263993_7,1
3360.0,-1334905223#2,1
3360.0,-300077497#5,27
3360.0,-300077497#8,4
3360.0,-35274074#2,11
3360.0,-51362429#1,9
3360.0,-593847703#3,22
3360.0,-E0,18
3360.0,1068234498#0,29
3360.0,182334378#0,2
3360.0,238526531#0,23
3360.0,263217604#0,1
3360.0,300077497#0,4
3360.0,300077497#6,5
3360.0,30620492#0,18
3360.0,30620492#1,5
3360.0,35274074#0,3
3360.0,360843888,2
3360.0,484988951#0,5
3360.0,49073226#2,9
3360.0,506322844#0,5
3360.0,51362429#0,15
3360.0,51362430,1
3360.0,:3086736518_0,1
3360.0,:3086736518_6,1
3360.0,:655375232_2,3
3360.0,:655375233_0,1
3360.0,:cluster622618015_622618108_622618112_622618144_#2more_39,1
3380.0,-300077497#5,26
3380.0,-300077497#8,4
3380.0,-35274074#2,10
3380.0,-51362429#1,7
3380.0,-593847703#3,23
3380.0,-E0,19
3380.0,1068234498#0,35
3380.0,182334378#0,1
3380.0,238526531#0,22
3380.0,244450512#4,1
3380.0,263217604#0,1
3380.0,288878926#0,4
3380.0,300077497#0,2
3380.0,300077497#6,2
3380.0,30620492#0,18
3380.0,30620492#1,5
3380.0,484988951#0,3
3380.0,49073226#2,4
3380.0,506322844#0,7
3380.0,506322846#0,1
3380.0,51362429#0,12
3380.0,51362430,1
3380.0,593847703#0,3
3380.0,593847704#0,1
3380.0,:3086736518_0,1
3380.0,:3208478128_0,1
3380.0,:655375232_2,1
3380.0,:cluster_2038168688_655375573_23,1
3380.0,:cluster_2038168688_655375573_3,1
3380.0,:cluster_2528018119_655375236_3,2
3380.0,:cluster_3431431575_4777363357_655375231_6982059025_3,2
3380.0,:cluster_3431431575_4777363357_655375231_6982059025_5,1
3380.0,:cluster_623980147_623980152_9,1
3380.0,E1,1
3400.0,-300077497#5,22
3400.0,-300077497#8,4
3400.0,-35274074#2,7
3400.0,-51362429#1,2
3400.0,-593847703#3,23
3400.0,-E0,19
3400.0,1068234498#0,25
3400.0,1068234499#0,2
3400.0,182334378#0,1
3400.0,186602412#0,3
3400.0,238526531#0,26
3400.0,244450512#5,2
3400.0,288135626#0,4
3400.0,288878926#0,5
3400.0,300077497#0,4
3400.0,300077497#6,2
3400.0,30620492#0,18
3400.0,30620492#1,5
3400.0,35274074#0,3
3400.0,484988951#0,4
3400.0,49073226#2,7
3400.0,506322844#0,7
3400.0,51362429#0,14
3400.0,593847704#0,1
3400.0,593849711#0,1
3400.0,594658757#0,1
3400.0,:2444664370_0,1
3400.0,:3086736518_0,1
3400.0,:655375232_2,1
3400.0,:655375233_4,3
3400.0,:cluster622618015_622618108_622618112_622618144_#2more_0,1
3400.0,:cluster_2528018119_655375236_17,1
3400.0,:cluster_3431431575_4777363357_655375231_6982059025_3,1
3400.0,:cluster_5372642442_631668976_631668981_631669076_22,1
3400.0,:cluster_5372642442_631668976_631668981_631669076_26,1
3400.0,:cluster_623980147_623980152_4,1
3420.0,-300077497#5,23
3420.0,-300077497#8,1
3420.0,-35274074#2,7
3420.0,-51362429#1,4
3420.0,-593847703#3,20
3420.0,-E0,19
3420.0,1068234498#0,23
3420.0,1068234499#0,8
3420.0,1068440004#1,1
3420.0,182334378#0,1
3420.0,186602412#0,1
3420.0,238526531#0,28
3420.0,244450512#5,2
3420.0,288135626#0,1
3420.0,288878926#0,10
3420.0,300077497#6,2
3420.0,30620492#0,18
3420.0,30620492#1,5
3420.0,35274074#0,1
3420.0,484988951#0,4
3420.0,49073226#2,5
3420.0,506322844#0,7
3420.0,506322846#0,3
3420.0,51362429#0,16
3420.0,593847704#0,1
3420.0,:3086736518_0,1
3420.0,:655375232_2,1
3420.0,:655375238_1,1
3420.0,:655375238_5,2
3420.0,:cluster_2038168688_655375573_23,1
3420.0,:cluster_3431431575_4777363357_655375231_6982059025_3,1
3420.0,:cluster_5372642442_631668976_631668981_631669076_45,1
3440.0,-1334905223#2,2
3440.0,-300077497#5,27
3440.0,-300077497#8,4
3440.0,-35274074#2,12
3440.0,-51362429#1,1
3440.0,-593847703#3,20
3440.0,-E0,19
3440.0,1068234498#0,24
3440.0,1068234499#0,1
3440.0,182334378#0,1
3440.0,186602412#0,2
3440.0,238526531#0,19
3440.0,244450512#5,2
3440.0,263217604#0,2
3440.0,288878926#0,12
3440.0,300077497#0,5
3440.0,300077497#6,2
3440.0,30620492#0,18
3440.0,30620492#1,5
3440.0,35274074#0,2
3440.0,484988951#0,4
3440.0,49073226#2,7
3440.0,506322840#0,1
3440.0,506322844#0,4
3440.0,506322848#0,1
3440.0,51362429#0,17
3440.0,593847702#0,1
3440.0,593847704#0,1
3440.0,:3086736518_0,1
3440.0,:655375232_2,1
3440.0,:655375241_0,1
3440.0,:cluster_2528018119_655375236_12,1
3440.0,:cluster_2528018119_655375236_29,2
3460.0,-300077497#5,27
3460.0,-300077497#8,4
3460.0,-35274074#2,11
3460.0,-51362429#1,1
3460.0,-593847703#3,20
3460.0,-E0,18
3460.0,1068234498#0,24
3460.0,182334378#0,1
3460.0,238526531#0,18
3460.0,244450512#5,2
3460.0,263217604#0,2
3460.0,288878926#0,12
3460.0,300077497#0,5
3460.0,300077497#6,1
3460.0,30620492#0,18
3460.0,30620492#1,5
3460.0,35274074#0,2
3460.0,484988951#0,4
3460.0,49073226#2,7
3460.0,506322844#0,5
3460.0,51362429#0,17
3460.0,593847702#0,1
3460.0,:3086736518_0,1
3460.0,:3086736518_6,1
3460.0,:655375232_2,1
3460.0,:655375238_0,1
3460.0,:655375239_3,2
3460.0,:cluster_2038168688_655375573_8,1
3480.0,-300077497#5,27
3480.0,-300077497#8,4
3480.0,-35274074#2,8
3480.0,-51362429#1,1
3480.0,-593847703#3,20
3480.0,-E0,19
3480.0,1068234498#0,19
3480.0,238526531#0,20
3480.0,288135626#0,1
3480.0,288878926#0,10
3480.0,300077497#6,3
3480.0,30620492#0,18
3480.0,30620492#1,5
3480.0,360843888,1
3480.0,484988951#0,3
3480.0,49073226#2,7
3480.0,506322844#0,5
3480.0,506322846#0,1
3480.0,51362429#0,11
3480.0,51362430,2
3480.0,593847702#0,1
3480.0,593847703#0,4
3480.0,593847704#0,1
3480.0,593849711#0,1
3480.0,594658760#0,1
3480.0,:1973482489_3,1
3480.0,:3086736518_0,1
3480.0,:655375232_2,1
3480.0,:655375233_0,3
3480.0,:655375238_3,1
3480.0,:cluster655375336_end_0_655375336_end_1_655375336_end_10_655375336_end_11_#8more_39,1
3480.0,:cluster_2528018119_655375236_3,2
3480.0,:cluster_5372642442_631668976_631668981_631669076_26,1
3480.0,:cluster_5372642442_631668976_631668981_631669076_45,1
3500.0,-300077497#5,25
3500.0,-300077497#8,4
3500.0,-35274074#2,8
3500.0,-51362429#1,1
3500.0,-593847703#3,19
3500.0,-E0,20
3500.0,1068234498#0,11
3500.0,1068234499#0,1
3500.0,238526531#0,27
3500.0,288878926#0,4
3500.0,300077497#0,8
3500.0,300077497#6,4
3500.0,30620492#0,18
3500.0,30620492#1,5
3500.0,35274074#0,1
3500.0,360843888,1
3500.0,484988951#0,3
3500.0,49073226#2,7
3500.0,506322844#0,5
3500.0,51362429#0,13
3500.0,593847702#0,1
3500.0,593847704#0,1
3500.0,594658760#0,1
3500.0,:3086736518_0,1
3500.0,:655375232_2,1
3500.0,:655375233_4,2
3500.0,:cluster_2528018119_655375236_17,1
3500.0,:cluster_3431431575_4777363357_655375231_6982059025_5,1
3500.0,:cluster_5372642442_631668976_631668981_631669076_26,1
3500.0,:cluster_5372642442_631668976_631668981_631669076_45,2
3520.0,-300077497#5,25
3520.0,-300077497#8,4
3520.0,-35274074#2,11
3520.0,-51362429#1,5
3520.0,-593847703#3,16
3520.0,-E0,20
3520.0,1068234498#0,10
3520.0,238526531#0,24
3520.0,288878926#0,4
3520.0,300077497#0,2
3520.0,300077497#6,4
3520.0,30620492#0,18
3520.0,30620492#1,5
3520.0,35274074#0,7
3520.0,360843888,1
3520.0,484988951#0,4
3520.0,49073226#2,9
3520.0,49073272#3,1
3520.0,506322844#0,5
3520.0,506322846#0,1
3520.0,506322848#0,3
3520.0,51362429#0,15
3520.0,593847704#0,3
3520.0,594658760#0,1
3520.0,:3086736518_0,1
3520.0,:655375232_2,1
3520.0,:cluster_2038168688_655375573_9,1
3540.0,-1334905223#2,2
3540.0,-300077497#5,27
3540.0,-300077497#8,4
3540.0,-35274074#2,12
3540.0,-51362429#1,5
3540.0,-593847703#3,16
3540.0,-E0,20
3540.0,1068234498#0,10
3540.0,238526531#0,19
3540.0,288878926#0,4
3540.0,300077497#0,1
3540.0,300077497#6,4
3540.0,30620492#0,18
3540.0,30620492#1,5
3540.0,35274074#0,8
3540.0,360843888,1
3540.0,484988951#0,4
3540.0,49073226#2,9
3540.0,49073272#3,1
3540.0,506322840#0,2
3540.0,506322844#0,5
3540.0,51362429#0,17
3540.0,593847704#0,2
3540.0,594658760#0,1
3540.0,:3086736518_0,1
3540.0,:655375232_2,1
3540.0,:655375241_0,2
3540.0,:cluster622618015_622618108_622618112_622618144_#2more_39,1
3560.0,-300077497#5,23
3560.0,-300077497#8,4
3560.0,-35274074#2,7
3560.0,-49073264#1,1
3560.0,-51362429#1,5
3560.0,-593847703#3,17
3560.0,-E0,19
3560.0,1068234498#0,10
3560.0,182334378#0,1
3560.0,238526531#0,19
3560.0,244450512#5,1
3560.0,288878926#0,4
3560.0,300077497#6,1
3560.0,30620492#0,18
3560.0,30620492#1,5
3560.0,35274074#0,4
3560.0,360018417,1
3560.0,484988951#0,4
3560.0,49073226#2,9
3560.0,506322844#0,5
3560.0,51362429#0,17
3560.0,594658760#0,1
3560.0,:3086736518_0,1
3560.0,:3086736518_6,1
3560.0,:3208478121_3,1
3560.0,:655375232_2,1
3560.0,:655375238_3,1
3560.0,:655375239_3,1
3560.0,:cluster_2038168688_655375573_23,1
3560.0,:cluster_2038168688_655375573_24,1
3560.0,:cluster_2038168688_655375573_3,1
3560.0,:cluster_2038168688_655375573_6,1
3560.0,:cluster_2528018119_655375236_17,2
3580.0,-300077497#5,20
3580.0,-300077497#8,4
3580.0,-35274074#2,2
3580.0,-49073264#1,1
3580.0,-51362429#1,5
3580.0,-593847703#3,21
3580.0,-E0,19
3580.0,1068234498#0,2
3580.0,186602412#0,3
3580.0,196961377#3,2
3580.0,238526531#0,25
3580.0,244450512#5,1
3580.0,300077497#6,4
3580.0,30620492#0,18
3580.0,30620492#1,5
3580.0,484988951#0,3
3580.0,49073226#2,9
3580.0,506322844#0,5
3580.0,506322846#0,5
3580.0,51362429#0,8
3580.0,51362430,1
3580.0,593847703#0,5
3580.0,594658760#0,1
3580.0,:3086736518_0,2
3580.0,:3086736518_6,1
3580.0,:655375232_2,2
3580.0,:655375233_0,3
3580.0,:cluster_2528018119_655375236_17,1
3580.0,:cluster_3431431575_4777363357_655375231_6982059025_5,1
3580.0,:cluster_5372642442_631668976_631668981_631669076_26,1
3580.0,:cluster_5372642442_631668976_631668981_631669076_45,1
3600.0,-300077497#5,20
3600.0,-35274074#2,2
3600.0,-49073264#1,1
3600.0,-51362429#1,5
3600.0,-593847703#3,24
3600.0,-E0,19
3600.0,1068234498#0,1
3600.0,182334378#0,2
3600.0,186602412#0,3
3600.0,238526531#0,28
3600.0,244450512#5,1
3600.0,300077497#0,2
3600.0,300077497#6,4
3600.0,30620492#0,16
3600.0,30620492#1,5
3600.0,484988951#0,4
3600.0,49073226#2,9
3600.0,506322844#0,5
3600.0,51362429#0,12
3600.0,593847703#0,7
3600.0,594658760#0,1
3600.0,:3086736518_0,2
3600.0,:3086736518_6,1
3600.0,:655375238_6,1
3620.0,-1334905223#2,1
3620.0,-300077497#5,25
3620.0,-300077497#8,3
3620.0,-35274074#2,8
3620.0,-49073264#1,1
3620.0,-51362429#1,8
3620.0,-593847703#3,17
3620.0,-E0,19
3620.0,1068234498#0,1
3620.0,1239087514,1
3620.0,232003903#0,1
3620.0,238526531#0,19
3620.0,244450512#5,1
3620.0,288878926#0,6
3620.0,300077497#0,1
3620.0,300077497#6,4
3620.0,30620492#0,17
3620.0,30620492#1,5
3620.0,35274074#0,1
3620.0,484988951#0,3
3620.0,49073226#2,2
3620.0,506322844#0,2
3620.0,51362429#0,12
3620.0,593847703#0,7
3620.0,594658760#0,1
3620.0,:3086736518_0,2
3620.0,:3086736518_6,1
3620.0,:655375232_8,1
3620.0,:655375233_4,2
3620.0,:655375238_1,1
3620.0,:655375238_5,1
3620.0,:655375239_6,1
3620.0,:655375241_0,1
3620.0,:cluster_2038168688_655375573_8,1
3620.0,:cluster_3431431575_4777363357_655375231_6982059025_3,1
3620.0,:cluster_3431431575_4777363357_655375231_6982059025_5,1
3620.0,:cluster_623980147_623980152_9,1
3640.0,-300077497#5,27
3640.0,-300077497#8,3
3640.0,-35274074#2,10
3640.0,-593847703#3,17
3640.0,-E0,19
3640.0,1068234498#0,1
3640.0,238526531#0,16
3640.0,244450512#5,1
3640.0,263217604#0,2
3640.0,288878926#0,12
3640.0,300077497#6,1
3640.0,30620492#0,18
3640.0,30620492#1,5
3640.0,35274074#0,3
3640.0,484988951#0,5
3640.0,49073226#2,5
3640.0,506322844#0,6
3640.0,51362429#0,15
3640.0,51362430,1
3640.0,593847703#0,7
3640.0,594658760#0,1
3640.0,:3086736518_0,2
3640.0,:3086736518_6,1
3640.0,:655375233_4,2
3640.0,:655375238_3,1
3640.0,:655375239_3,1
3640.0,:cluster_3431431575_4777363357_655375231_6982059025_3,2
3640.0,:cluster_623980147_623980152_9,1
3660.0,-300077497#5,24
3660.0,-300077497#8,3
3660.0,-35274074#2,2
3660.0,-593847703#3,20
3660.0,-E0,19
3660.0,238526531#0,17
3660.0,288878926#0,11
3660.0,300077497#0,7
3660.0,300077497#6,2
3660.0,30620492#0,18
3660.0,30620492#1,5
3660.0,360843888,1
3660.0,484988951#0,5
3660.0,49073226#2,7
3660.0,506322844#0,6
3660.0,506322846#0,3
3660.0,51362429#0,16
3660.0,51362430,1
3660.0,593849711#0,2
3660.0,594658760#0,2
3660.0,:3086736518_0,2
3660.0,:3086736518_6,1
3660.0,:655375233_4,2
3680.0,-300077497#5,24
3680.0,-593847703#3,21
3680.0,-E0,19
3680.0,186602412#0,1
3680.0,238526531#0,17
3680.0,288878926#0,5
3680.0,300077497#0,5
3680.0,300077497#6,4
3680.0,30620492#0,18
3680.0,30620492#1,5
3680.0,35274074#0,1
3680.0,360843888,1
3680.0,484988951#0,5
3680.0,49073226#2,7
3680.0,506322844#0,6
3680.0,51362429#0,10
3680.0,593847703#0,2
3680.0,593847704#0,1
3680.0,594658760#0,2
3680.0,:3086736518_0,2
3680.0,:655375232_2,3
3680.0,:655375233_0,2
3680.0,:655375233_4,2
3680.0,:655375238_1,1
3680.0,:655375238_5,1
3680.0,:cluster_2528018119_655375236_17,1
3700.0,-300077497#5,25
3700.0,-300077497#8,1
3700.0,-35274074#2,3
3700.0,-593847703#3,22
3700.0,-E0,19
3700.0,238526531#0,14
3700.0,263217604#0,2
3700.0,288878926#0,5
3700.0,300077497#6,4
3700.0,30620492#0,18
3700.0,30620492#1,5
3700.0,35274074#0,5
3700.0,360843888,1
3700.0,484988951#0,4
3700.0,49073226#2,10
3700.0,506322844#0,2
3700.0,506322846#0,1
3700.0,51362429#0,12
3700.0,593847703#0,9
3700.0,593847704#0,1
3700.0,594658760#0,2
3700.0,:655375232_2,1
3700.0,:655375233_4,2
3700.0,:655375238_1,1
3700.0,:655375238_5,1
3700.0,:655375239_5,1
3720.0,-300077497#5,27
3720.0,-300077497#8,4
3720.0,-35274074#2,9
3720.0,-51362429#1,5
3720.0,-593847703#3,13
3720.0,-E0,19
3720.0,186602412#0,1
3720.0,238526531#0,7
3720.0,263217604#0,4
3720.0,288878926#0,5
3720.0,300077497#6,4
3720.0,30620492#0,18
3720.0,30620492#1,5
3720.0,35274074#0,6
3720.0,360843888,1
3720.0,484988951#0,4
3720.0,49073226#2,10
3720.0,506322844#0,5
3720.0,51362429#0,14
3720.0,593847702#0,1
3720.0,593847703#0,9
3720.0,594658760#0,1
3720.0,:3086736518_4,2
3720.0,:655375232_2,1
3720.0,:655375233_2,1
3720.0,:655375233_4,2
3720.0,:cluster622618015_622618108_622618112_622618144_#2more_39,1
3720.0,:cluster655375336_end_0_655375336_end_1_655375336_end_10_655375336_end_11_#8more_18,1
3720.0,:cluster_2038168688_655375573_25,1
3740.0,-300077497#5,23
3740.0,-300077497#8,4
3740.0,-35274074#2,6
3740.0,-51362429#1,8
3740.0,-593847703#3,15
3740.0,-E0,19
3740.0,238526531#0,5
3740.0,244450512#5,1
3740.0,263217604#0,4
3740.0,288878926#0,5
3740.0,300077497#0,2
3740.0,300077497#6,1
3740.0,30620492#0,18
3740.0,30620492#1,5
3740.0,35274074#0,2
3740.0,484988951#0,4
3740.0,49073226#2,11
3740.0,506322844#0,8
3740.0,506322846#0,1
3740.0,51362429#0,14
3740.0,593847702#0,3
3740.0,593847703#0,5
3740.0,594658760#0,1
3740.0,:655375232_2,1
3740.0,:655375238_3,1
3740.0,:cluster_2038168688_655375573_23,1
3740.0,:cluster_2038168688_655375573_3,1
3740.0,:cluster_2038168688_655375573_6,1
3740.0,:cluster_2528018119_655375236_17,1
3740.0,:cluster_2528018119_655375236_19,1
3740.0,:cluster_2528018119_655375236_3,2
3740.0,E1,1
3760.0,-300077497#5,22
3760.0,-300077497#8,4
3760.0,-35274074#2,3
3760.0,-51362429#1,8
3760.0,-593847703#3,16
3760.0,-E0,18
3760.0,182334378#0,1
3760.0,186602412#0,3
3760.0,238526531#0,5
3760.0,244450512#4,1
3760.0,244450512#5,1
3760.0,300077497#0,6
3760.0,300077497#6,2
3760.0,30620492#0,18
3760.0,30620492#1,5
3760.0,35274074#0,3
3760.0,484988951#0,3
3760.0,49073226#2,11
3760.0,506322844#0,8
3760.0,506322846#0,2
3760.0,51362429#0,15
3760.0,593847702#0,3
3760.0,593849711#0,1
3760.0,594658757#0,1
3760.0,594658760#0,3
3760.0,:1973482489_8,1
3760.0,:3086736518_6,1
3760.0,:655375232_2,1
3760.0,:cluster_2528018119_655375236_17,1
3760.0,:cluster_3431431575_4777363357_655375231_6982059025_5,1
3780.0,-300077497#5,21
3780.0,-300077497#8,1
3780.0,-35274074#2,3
3780.0,-51362429#1,8
3780.0,-593847703#3,20
3780.0,-E0,13
3780.0,1068440004#1,1
3780.0,186602412#0,1
3780.0,238526531#0,5
3780.0,244450512#5,2
3780.0,300077497#0,3
3780.0,300077497#6,2
3780.0,30620492#0,18
3780.0,30620492#1,5
3780.0,35274074#0,2
3780.0,484988951#0,4
3780.0,49073226#2,11
3780.0,506322844#0,8
3780.0,506322846#0,1
3780.0,51362429#0,13
3780.0,593847702#0,3
3780.0,593847704#0,6
3780.0,594658757#0,1
3780.0,594658760#0,3
3780.0,:1973482489_3,1
3780.0,:655375232_2,3
3780.0,:655375233_0,2
3780.0,:655375238_6,1
3780.0,:cluster655375336_end_0_655375336_end_1_655375336_end_10_655375336_end_11_#8more_6,1
3800.0,-300077497#5,26
3800.0,-300077497#8,1
3800.0,-35274074#2,8
3800.0,-49073264#1,1
3800.0,-51362429#1,8
3800.0,-593847703#3,20
3800.0,-E0,19
3800.0,1068440004#1,2
3800.0,244450512#5,2
3800.0,263217604#0,4
3800.0,300077497#0,2
3800.0,300077497#6,2
3800.0,30620492#0,18
3800.0,30620492#1,5
3800.0,35274074#0,3
3800.0,484988951#0,4
3800.0,49073226#2,11
3800.0,49073272#3,1
3800.0,506322844#0,2
3800.0,51362429#0,11
3800.0,51362430,1
3800.0,593847703#0,9
3800.0,593847704#0,6
3800.0,593852345#0,1
3800.0,594658760#0,1
3800.0,:3086736518_0,1
3800.0,:655375238_1,1
3800.0,:655375238_5,1
3800.0,:655375239_5,1
3800.0,:cluster655375336_end_0_655375336_end_1_655375336_end_10_655375336_end_11_#8more_17,1
3800.0,:cluster655375336_end_0_655375336_end_1_655375336_end_10_655375336_end_11_#8more_19,1
3820.0,-300077497#5,27
3820.0,-300077497#8,4
3820.0,-35274074#2,5
3820.0,-51362429#1,9
3820.0,-593847703#3,15
3820.0,-E0,20
3820.0,1068440004#1,4
3820.0,196961215#2,1
3820.0,244450512#5,2
3820.0,263217604#0,4
3820.0,300077497#6,1
3820.0,30620492#0,18
3820.0,30620492#1,5
3820.0,35274074#0,6
3820.0,484988951#0,3
3820.0,49073226#2,11
3820.0,49073272#3,1
3820.0,506322844#0,6
3820.0,51362429#0,12
3820.0,593847703#0,9
3820.0,593849718#0,3
3820.0,:3086736518_0,1
3820.0,:3086736518_3,1
3820.0,:655375233_2,1
3820.0,:655375233_4,1
3820.0,:655375238_3,1
3820.0,:655375239_3,1
3820.0,:cluster622618015_622618108_622618112_622618144_#2more_39,2
3820.0,:cluster622618015_622618108_622618112_622618144_#2more_42,1
3820.0,:cluster_3431431575_4777363357_655375231_6982059025_5,1
3840.0,-300077497#5,24
3840.0,-300077497#8,4
3840.0,-49073264#1,1
3840.0,-51362429#1,9
3840.0,-593847703#3,16
3840.0,-E0,20
3840.0,288878926#0,3
3840.0,300077497#0,7
3840.0,30620492#0,18
3840.0,30620492#1,5
3840.0,360018417,1
3840.0,360843888,1
3840.0,484988951#0,2
3840.0,49073226#2,9
3840.0,506322844#0,6
3840.0,506322846#0,6
3840.0,51362429#0,15
3840.0,51362430,2
3840.0,593847702#0,3
3840.0,593847704#0,2
3840.0,594658757#0,1
3840.0,594658760#0,2
3840.0,:3086736518_0,1
3840.0,:655375233_8,2
3840.0,:cluster_2528018119_655375236_17,1
3840.0,:cluster_2528018119_655375236_19,1
3840.0,:cluster_2528018119_655375236_3,2
3840.0,:cluster_3431431575_4777363357_655375231_6982059025_7,1
3860.0,-300077497#5,20
3860.0,-300077497#8,2
3860.0,-49073264#1,1
3860.0,-51362429#1,7
3860.0,-593847703#3,20
3860.0,-E0,20
3860.0,182334378#0,1
3860.0,186602412#0,5
3860.0,232003903#0,1
3860.0,288878926#0,6
3860.0,300077497#0,6
3860.0,30620492#0,18
3860.0,30620492#1,5
3860.0,360843888,1
3860.0,484988951#0,4
3860.0,49073226#2,4
3860.0,506322844#0,6
3860.0,506322846#0,1
3860.0,51362429#0,16
3860.0,593847702#0,5
3860.0,593847704#0,2
3860.0,594658757#0,1
3860.0,594658760#0,2
3860.0,:3086736518_0,1
3860.0,:655375238_1,1
3860.0,:655375238_5,1
3860.0,:cluster622618015_622618108_622618112_622618144_#2more_49,1
3860.0,:cluster_2038168688_655375573_3,1
3860.0,:cluster_2528018119_655375236_17,1
3860.0,:cluster_3431431575_4777363357_655375231_6982059025_3,1
3860.0,:cluster_623980147_623980152_4,1
3880.0,-300077497#5,22
3880.0,-300077497#8,2
3880.0,-49073264#1,1
3880.0,-593847703#3,21
3880.0,-E0,19
3880.0,1068440004#1,1
3880.0,186602412#0,2
3880.0,232003903#0,1
3880.0,263217604#0,1
3880.0,288878926#0,13
3880.0,300077497#0,1
3880.0,30620492#0,18
3880.0,30620492#1,5
3880.0,35274074#0,5
3880.0,360843888,1
3880.0,484988951#0,4
3880.0,49073226#2,5
3880.0,49073264#0,1
3880.0,49073272#1,1
3880.0,49073272#3,1
3880.0,506322844#0,3
3880.0,51362429#0,15
3880.0,593847704#0,2
3880.0,594658757#0,1
3880.0,594658760#0,2
3880.0,:3086736518_6,1
3880.0,:655375232_2,2
3880.0,:655375233_0,1
3880.0,:655375238_1,1
3880.0,:655375238_5,1
3880.0,:655375239_5,1
3880.0,:cluster622618015_622618108_622618112_622618144_#2more_34,2
3880.0,:cluster_3431431575_4777363357_655375231_6982059025_3,1
3900.0,-300077497#5,27
3900.0,-300077497#8,4
3900.0,-49073264#1,3
3900.0,-593847703#3,21
3900.0,-E0,19
3900.0,1068440004#1,1
3900.0,232003903#0,1
3900.0,263217604#0,2
3900.0,288878926#0,13
3900.0,30620492#0,18
3900.0,30620492#1,4
3900.0,35274074#0,7
3900.0,360843888,1
3900.0,484988951#0,2
3900.0,49073226#2,8
3900.0,49073272#3,2
3900.0,506322844#0,4
3900.0,51362429#0,11
3900.0,593847703#0,9
3900.0,593847704#0,1
3900.0,594658757#0,1
3900.0,594658760#0,2
3900.0,:cluster622618015_622618108_622618112_622618144_#2more_17,1
3900.0,:cluster622618015_622618108_622618112_622618144_#2more_37,1
3900.0,:cluster622618015_622618108_622618112_622618144_#2more_42,1
3900.0,:cluster_3431431575_4777363357_655375231_6982059025_5,1
3920.0,-300077497#5,26
3920.0,-300077497#8,4
3920.0,-49073264#1,1
3920.0,-593847703#3,19
3920.0,-E0,19
3920.0,1068440004#1,4
3920.0,244450512#5,1
3920.0,263217604#0,2
3920.0,288878926#0,13
3920.0,300077497#0,2
3920.0,30620492#0,17
3920.0,30620492#1,5
3920.0,35274074#0,3
3920.0,360018417,1
3920.0,484988951#0,3
3920.0,49073226#2,8
3920.0,49073272#3,1
3920.0,506322844#0,5
3920.0,506322846#0,1
3920.0,51362429#0,13
3920.0,51362430,1
3920.0,593847703#0,5
3920.0,:3086736518_4,1
3920.0,:3208478121_3,1
3920.0,:655375233_4,2
3920.0,:cluster_2038168688_655375573_23,1
3920.0,:cluster_2038168688_655375573_3,1
3920.0,:cluster_2038168688_655375573_6,1
3920.0,:cluster_2528018119_655375236_3,2
3920.0,:cluster_3431431575_4777363357_655375231_6982059025_5,1
3940.0,-300077497#5,24
3940.0,-300077497#8,4
3940.0,-49073264#1,1
3940.0,-51362429#1,5
3940.0,-593847703#3,16
3940.0,-E0,19
3940.0,1068440004#1,2
3940.0,186602412#0,3
3940.0,196961377#3,3
3940.0,244450512#4,2
3940.0,244450512#5,1
3940.0,288878926#0,7
3940.0,300077497#0,6
3940.0,30620492#0,18
3940.0,30620492#1,5
3940.0,35274074#0,2
3940.0,484988951#0,5
3940.0,49073226#2,8
3940.0,506322844#0,5
3940.0,506322846#0,4
3940.0,51362429#0,14
3940.0,593847704#0,1
3940.0,593849711#0,1
3940.0,:655375233_8,2
3940.0,:655375238_1,1
3940.0,:cluster622618015_622618108_622618112_622618144_#2more_0,1
3940.0,:cluster_2528018119_655375236_17,2
3960.0,-300077497#5,23
3960.0,-300077497#8,3
3960.0,-49073264#1,1
3960.0,-51362429#1,4
3960.0,-593847703#3,19
3960.0,-E0,19
3960.0,186602412#0,3
3960.0,232003903#0,1
3960.0,244450512#5,3
3960.0,288878926#0,6
3960.0,30620492#0,18
3960.0,30620492#1,5
3960.0,35274074#0,4
3960.0,484988951#0,4
3960.0,49073226#2,9
3960.0,506322844#0,5
3960.0,506322846#0,3
3960.0,51362429#0,16
3960.0,593847702#0,4
3960.0,593847704#0,1
3960.0,593849711#0,1
3960.0,:655375238_6,1
3980.0,-300077497#5,26
3980.0,-300077497#8,3
3980.0,-49073264#1,1
3980.0,-51362429#1,4
3980.0,-593847703#3,19
3980.0,-E0,14
3980.0,186602412#0,3
3980.0,244450512#5,3
3980.0,263217604#0,1
3980.0,288878926#0,6
3980.0,30620492#0,18
3980.0,30620492#1,5
3980.0,35274074#0,5
3980.0,484988951#0,5
3980.0,49073226#2,9
3980.0,49073272#3,2
3980.0,506322844#0,2
3980.0,51362429#0,17
3980.0,593847704#0,5
3980.0,593852345#0,1
3980.0,:3086736515_0,1
3980.0,:655375238_5,1
3980.0,:655375239_5,1
4000.0,-300077497#5,27
4000.0,-300077497#8,4
4000.0,-51362429#1,4
4000.0,-593847703#3,19
4000.0,-E0,18
4000.0,196961215#2,1
4000.0,244450512#5,3
4000.0,263217604#0,2
4000.0,288878926#0,6
4000.0,30620492#0,18
4000.0,30620492#1,5
4000.0,35274074#0,5
4000.0,484988951#0,4
4000.0,49073226#2,9
4000.0,49073264#0,2
4000.0,49073272#3,3
4000.0,506322844#0,6
4000.0,51362429#0,7
4000.0,593847703#0,7
4000.0,593849711#0,1
4000.0,:3086736518_0,1
4000.0,:655375233_0,2
4000.0,:cluster622618015_622618108_622618112_622618144_#2more_39,2
4000.0,:cluster_3431431575_4777363357_655375231_6982059025_5,1
4020.0,-300077497#5,27
4020.0,-300077497#8,4
4020.0,-49073264#1,2
4020.0,-51362429#1,4
4020.0,-593847703#3,17
4020.0,-E0,19
4020.0,196961215#2,1
4020.0,288878926#0,4
4020.0,300077497#0,8
4020.0,30620492#0,18
4020.0,30620492#1,5
4020.0,360018417,3
4020.0,360843888,1
4020.0,484988951#0,3
4020.0,49073226#2,11
4020.0,506322844#0,6
4020.0,506322846#0,5
4020.0,51362429#0,12
4020.0,51362430,3
4020.0,593849711#0,1
4020.0,594658757#0,1
4020.0,:3086736518_0,1
4020.0,:655375233_4,2
4020.0,:cluster_2528018119_655375236_3,1
4040.0,-300077497#5,21
4040.0,-300077497#8,4
4040.0,-49073264#1,2
4040.0,-51362429#1,9
4040.0,-593847703#3,15
4040.0,-E0,19
4040.0,1068440004#1,1
4040.0,182334378#0,2
4040.0,186602412#0,3
4040.0,196961215#2,1
4040.0,300077497#0,2
4040.0,30620492#0,18
4040.0,30620492#1,5
4040.0,35274074#0,3
4040.0,360843888,1
4040.0,484988951#0,3
4040.0,49073226#2,11
4040.0,506322844#0,6
4040.0,506322846#0,1
4040.0,51362429#0,14
4040.0,51362430,1
4040.0,593849711#0,1
4040.0,:3086736518_0,1
4040.0,:655375238_6,1
4040.0,:cluster622618015_622618108_622618112_622618144_#2more_49,2
4040.0,:cluster_2038168688_655375573_23,1
4040.0,:cluster_2038168688_655375573_3,1
4040.0,:cluster_2528018119_655375236_17,2
4040.0,:cluster_3431431575_4777363357_655375231_6982059025_5,1
4060.0,-300077497#5,22
4060.0,-300077497#8,2
4060.0,-49073264#1,2
4060.0,-51362429#1,9
4060.0,-593847703#3,17
4060.0,-E0,19
4060.0,1068440004#1,1
4060.0,186602412#0,2
4060.0,196961215#2,1
4060.0,232003903#0,1
4060.0,263217604#0,1
4060.0,30620492#0,18
4060.0,30620492#1,5
4060.0,35274074#0,3
4060.0,360843888,1
4060.0,49073226#2,12
4060.0,506322844#0,4
4060.0,506322846#0,2
4060.0,51362429#0,16
4060.0,593847702#0,1
4060.0,:1973482489_8,1
4060.0,:3086736518_0,1
4060.0,:655375238_5,1
4060.0,:655375239_5,1
4060.0,:cluster_3431431575_4777363357_655375231_6982059025_7,2
4080.0,-300077497#5,27
4080.0,-300077497#8,4
4080.0,-51362429#1,9
4080.0,-593847703#3,17
4080.0,-E0,18
4080.0,1068440004#1,1
4080.0,186602412#0,1
4080.0,232003903#0,1
4080.0,263217604#0,1
4080.0,288878926#0,4
4080.0,30620492#0,18
4080.0,30620492#1,5
4080.0,35274074#0,3
4080.0,360843888,1
4080.0,49073226#2,10
4080.0,49073272#3,1
4080.0,506322844#0,4
4080.0,51362429#0,16
4080.0,:3086736518_0,1
4080.0,:3086736518_6,1
4080.0,:cluster622618015_622618108_622618112_622618144_#2more_17,2
4080.0,:cluster_623980147_623980152_9,1
4100.0,-300077497#5,23
4100.0,-300077497#8,4
4100.0,-51362429#1,7
4100.0,-593847703#3,19
4100.0,-E0,18
4100.0,1068440004#1,1
4100.0,244450512#5,1
4100.0,263217604#0,1
4100.0,288878926#0,11
4100.0,30620492#0,18
4100.0,30620492#1,5
4100.0,360018417,1
4100.0,484988951#0,1
4100.0,49073226#2,3
4100.0,506322844#0,8
4100.0,506322846#0,1
4100.0,51362429#0,7
4100.0,593847703#0,5
4100.0,593847704#0,1
4100.0,:3086736518_0,2
4100.0,:655375233_0,3
4100.0,:cluster_2038168688_655375573_23,1
4100.0,:cluster_2038168688_655375573_3,1
4100.0,:cluster_2528018119_655375236_17,2
4100.0,:cluster_3431431575_4777363357_655375231_6982059025_3,2
4100.0,:cluster_623980147_623980152_4,1
4120.0,-300077497#5,20
4120.0,-300077497#8,4
4120.0,-51362429#1,3
4120.0,-593847703#3,23
4120.0,-E0,19
4120.0,1068440004#1,1
4120.0,186602412#0,3
4120.0,196961377#3,1
4120.0,244450512#4,1
4120.0,244450512#5,1
4120.0,288878926#0,7
4120.0,300077497#0,8
4120.0,30620492#0,18
4120.0,30620492#1,5
4120.0,49073226#2,8
4120.0,506322844#0,8
4120.0,51362429#0,7
4120.0,593847704#0,1
4120.0,593849711#0,1
4120.0,:cluster_2528018119_655375236_19,1
4120.0,:cluster_2528018119_655375236_3,2
4120.0,:cluster_623980147_623980152_4,1
4140.0,-300077497#5,24
4140.0,-51362429#1,6
4140.0,-593847703#3,18
4140.0,-E0,19
4140.0,1068440004#1,1
4140.0,232003903#0,1
4140.0,244450512#5,2
4140.0,288878926#0,9
4140.0,300077497#0,7
4140.0,30620492#0,18
4140.0,30620492#1,5
4140.0,35274074#0,2
4140.0,49073226#2,5
4140.0,506322844#0,8
4140.0,51362429#0,7
4140.0,593847704#0,1
4140.0,:655375238_6,1
4140.0,:cluster_3431431575_4777363357_655375231_6982059025_3,2
4160.0,-300077497#5,27
4160.0,-300077497#8,4
4160.0,-51362429#1,6
4160.0,-593847703#3,18
4160.0,-E0,19
4160.0,244450512#5,2
4160.0,263217604#0,3
4160.0,288878926#0,9
4160.0,300077497#0,3
4160.0,30620492#0,18
4160.0,30620492#1,5
4160.0,35274074#0,6
4160.0,49073226#2,7
4160.0,506322844#0,3
4160.0,51362429#0,7
4160.0,593847702#0,1
4160.0,593847704#0,1
4160.0,:655375238_6,1
4160.0,:cluster_3431431575_4777363357_655375231_6982059025_7,1
4180.0,-300077497#5,27
4180.0,-300077497#8,4
4180.0,-51362429#1,6
4180.0,-593847703#3,18
4180.0,-E0,17
4180.0,244450512#5,2
4180.0,263217604#0,4
4180.0,288878926#0,9
4180.0,30620492#0,18
4180.0,30620492#1,5
4180.0,35274074#0,10
4180.0,49073226#2,8
4180.0,506322844#0,5
4180.0,51362429#0,7
4180.0,593847702#0,1
4180.0,593849718#0,1
4180.0,:3086736518_6,2
4200.0,-300077497#5,25
4200.0,-300077497#8,4
4200.0,-51362429#1,6
4200.0,-593847703#3,19
4200.0,-E0,14
4200.0,182334378#0,1
4200.0,288878926#0,7
4200.0,30620492#0,18
4200.0,30620492#1,4
4200.0,360843888,1
4200.0,49073226#2,8
4200.0,506322844#0,6
4200.0,506322846#0,8
4200.0,51362430,2
4200.0,593847702#0,1
4200.0,593847703#0,2
4200.0,593847704#0,5
4200.0,593849711#0,1
4200.0,594658760#0,2
4200.0,:3086736518_0,2
4200.0,:655375232_2,1
4200.0,:655375233_0,2
4200.0,:cluster3086736522_655375108_655375247_655375401_#1more_17,1
4200.0,:cluster_2038168688_655375573_24,1
4200.0,:cluster_2038168688_655375573_3,1
4220.0,-300077497#5,26
4220.0,-300077497#8,2
4220.0,-51362429#1,6
4220.0,-593847703#3,19
4220.0,-E0,19
4220.0,1068440004#1,1
4220.0,182334378#0,1
4220.0,186602412#0,5
4220.0,288878926#0,1
4220.0,300077497#0,5
4220.0,30620492#0,17
4220.0,30620492#1,5
4220.0,360843888,2
4220.0,49073226#2,10
4220.0,49695736#0,1
4220.0,506322844#0,6
4220.0,506322846#0,3
4220.0,593847702#0,1
4220.0,593847704#0,5
4220.0,:1973482489_3,1
4220.0,:655375238_5,1
4220.0,:cluster_2528018119_655375236_3,2
4240.0,-300077497#5,27
4240.0,-300077497#8,4
4240.0,-51362429#1,9
4240.0,-593847703#3,15
4240.0,-E0,19
4240.0,1068440004#1,1
4240.0,186602412#0,1
4240.0,263217604#0,1
4240.0,288878926#0,1
4240.0,300077497#0,1
4240.0,30620492#0,18
4240.0,30620492#1,5
4240.0,35274074#0,5
4240.0,360843888,2
4240.0,49073226#2,10
4240.0,49073264#0,1
4240.0,506322844#0,4
4240.0,593847704#0,5
4240.0,:655375233_4,1
4240.0,:655375238_6,1
4240.0,:cluster655375336_end_0_655375336_end_1_655375336_end_10_655375336_end_11_#8more_6,1
4260.0,-300077497#5,27
4260.0,-300077497#8,4
4260.0,-51362429#1,9
4260.0,-593847703#3,15
4260.0,-E0,19
4260.0,232003903#0,1
4260.0,263217604#0,1
4260.0,288878926#0,1
4260.0,30620492#0,18
4260.0,30620492#1,5
4260.0,35274074#0,7
4260.0,360843888,2
4260.0,49073226#2,10
4260.0,506322844#0,5
4260.0,593847704#0,3
4260.0,:655375233_4,1
4260.0,:655375233_8,1
4260.0,:cluster622618015_622618108_622618112_622618144_#2more_17,1
4260.0,:cluster622618015_622618108_622618112_622618144_#2more_37,1
4260.0,:cluster622618015_622618108_622618112_622618144_#2more_39,1
4280.0,-300077497#5,23
4280.0,-300077497#8,4
4280.0,-49073264#1,1
4280.0,-51362429#1,9
4280.0,-593847703#3,17
4280.0,-E0,18
4280.0,244450512#4,2
4280.0,263217604#0,1
4280.0,288878926#0,1
4280.0,30620492#0,18
4280.0,30620492#1,5
4280.0,35274074#0,3
4280.0,360018417,1
4280.0,49073226#2,10
4280.0,506322844#0,5
4280.0,506322846#0,1
4280.0,51362430,1
4280.0,:3086736515_0,1
4280.0,:3086736518_6,1
4280.0,:655375233_4,1
4280.0,:655375233_8,1
4280.0,:cluster_2038168688_655375573_23,1
4280.0,:cluster_2038168688_655375573_24,1
4280.0,:cluster_2038168688_655375573_3,1
4280.0,:cluster_2528018119_655375236_17,1
4280.0,:cluster_2528018119_655375236_19,1
4300.0,-300077497#5,20
4300.0,-300077497#8,4
4300.0,-49073264#1,2
4300.0,-51362429#1,9
4300.0,-593847703#3,21
4300.0,-E0,14
4300.0,182334378#0,1
4300.0,186602412#0,3
4300.0,196961377#3,1
4300.0,244450512#5,2
4300.0,30620492#0,18
4300.0,30620492#1,5
4300.0,49073226#2,11
4300.0,506322844#0,5
4300.0,506322846#0,3
4300.0,593847704#0,5
4300.0,594658760#0,1
4300.0,:1973482489_3,1
4300.0,:655375233_4,1
4300.0,:655375233_8,1
4320.0,-300077497#5,24
4320.0,-49073264#1,2
4320.0,-51362429#1,9
4320.0,-593847703#3,21
4320.0,-E0,19
4320.0,186602412#0,2
4320.0,244450512#5,2
4320.0,288878926#0,6
4320.0,30620492#0,18
4320.0,30620492#1,5
4320.0,49073226#2,5
4320.0,506322844#0,5
4320.0,51362430,1
4320.0,593847704#0,5
4320.0,594658760#0,1
4320.0,:655375233_4,1
4320.0,:655375233_8,1
4340.0,-300077497#5,27
4340.0,-300077497#8,4
4340.0,-49073264#1,2
4340.0,-51362429#1,3
4340.0,-593847703#3,17
4340.0,-E0,19
4340.0,244450512#5,2
4340.0,288878926#0,12
4340.0,30620492#0,18
4340.0,30620492#1,5
4340.0,49073226#2,4
4340.0,506322844#0,3
4340.0,593847704#0,5
4340.0,594658760#0,1
4340.0,:655375232_8,1
4340.0,:655375233_4,3
4340.0,:655375233_8,1
4340.0,:cluster_3431431575_4777363357_655375231_6982059025_3,2
4340.0,:cluster_623980147_623980152_9,1
4360.0,-300077497#5,27
4360.0,-300077497#8,4
4360.0,-51362429#1,1
4360.0,-593847703#3,17
4360.0,-E0,19
4360.0,244450512#5,2
4360.0,263217604#0,1
4360.0,288878926#0,13
4360.0,30620492#0,18
4360.0,30620492#1,5
4360.0,49073226#2,8
4360.0,506322844#0,5
4360.0,593849718#0,3
4360.0,594658760#0,1
4360.0,:655375233_4,3
4360.0,:655375233_8,1
4360.0,:cluster622618015_622618108_622618112_622618144_#2more_39,2
4360.0,:cluster_3431431575_4777363357_655375231_6982059025_3,1
4380.0,-300077497#5,26
4380.0,-300077497#8,4
4380.0,-51362429#1,1
4380.0,-593847703#3,18
4380.0,-E0,19
4380.0,288878926#0,11
4380.0,30620492#0,18
4380.0,30620492#1,5
4380.0,360843888,1
4380.0,49073226#2,8
4380.0,506322844#0,5
4380.0,51362430,2
4380.0,593849711#0,1
4380.0,594658760#0,1
4380.0,:655375233_4,3
4380.0,:655375233_8,1
4380.0,:cluster_3431431575_4777363357_655375231_6982059025_3,1
4400.0,-300077497#5,27
4400.0,-300077497#8,3
4400.0,-51362429#1,1
4400.0,-593847703#3,18
4400.0,-E0,13
4400.0,288878926#0,5
4400.0,30620492#0,18
4400.0,30620492#1,5
4400.0,360843888,1
4400.0,49073226#2,10
4400.0,506322844#0,5
4400.0,593847704#0,6
4400.0,594658760#0,1
4400.0,:655375233_4,3
4400.0,:655375233_8,1
4400.0,:cluster_3431431575_4777363357_655375231_6982059025_3,1
4420.0,-300077497#5,27
4420.0,-300077497#8,4
4420.0,-51362429#1,1
4420.0,-593847703#3,18
4420.0,-E0,18
4420.0,288878926#0,5
4420.0,30620492#0,18
4420.0,30620492#1,5
4420.0,360843888,1
4420.0,49073226#2,10
4420.0,506322844#0,5
4420.0,593847704#0,6
4420.0,:655375233_4,3
4420.0,:655375233_8,1
4420.0,:cluster_3431431575_4777363357_655375231_6982059025_3,1
4440.0,-300077497#5,27
4440.0,-300077497#8,4
4440.0,-51362429#1,1
4440.0,-593847703#3,17
4440.0,-E0,19
4440.0,288878926#0,5
4440.0,30620492#0,18
4440.0,30620492#1,5
4440.0,360843888,1
4440.0,49073226#2,10
4440.0,506322844#0,5
4440.0,593847704#0,4
4440.0,:3086736518_4,1
4440.0,:655375232_8,1
4440.0,:655375233_4,2
4440.0,:655375233_8,1
4440.0,:cluster622618015_622618108_622618112_622618144_#2more_37,1
4440.0,:cluster622618015_622618108_622618112_622618144_#2more_39,1
4440.0,:cluster_3431431575_4777363357_655375231_6982059025_3,1
4460.0,-300077497#5,23
4460.0,-300077497#8,4
4460.0,-51362429#1,5
4460.0,-593847703#3,15
4460.0,-E0,19
4460.0,244450512#5,1
4460.0,288878926#0,5
4460.0,30620492#0,18
4460.0,30620492#1,5
4460.0,360018417,1
4460.0,49073226#2,10
4460.0,506322844#0,5
4460.0,593849718#0,1
4460.0,:3086736518_4,1
4460.0,:655375233_4,3
4460.0,:655375233_8,1
4460.0,:cluster_2528018119_655375236_17,2
4460.0,:cluster_3431431575_4777363357_655375231_6982059025_3,1
4480.0,-300077497#5,19
4480.0,-300077497#8,4
4480.0,-51362429#1,5
4480.0,-593847703#3,20
4480.0,-E0,19
4480.0,182334378#0,1
4480.0,196961377#3,1
4480.0,244450512#5,1
4480.0,30620492#0,18
4480.0,30620492#1,5
4480.0,49073226#2,10
4480.0,506322844#0,5
4480.0,593849711#0,1
4480.0,:3086736518_4,1
4480.0,:655375233_4,3
4480.0,:655375233_8,1
4480.0,:cluster_3431431575_4777363357_655375231_6982059025_3,1
4500.0,-300077497#5,23
4500.0,-51362429#1,5
4500.0,-593847703#3,20
4500.0,-E0,17
4500.0,232003903#0,1
4500.0,244450512#5,1
4500.0,30620492#0,18
4500.0,30620492#1,5
4500.0,49073226#2,10
4500.0,506322844#0,5
4500.0,:3086736518_4,1
4500.0,:3086736518_6,2
4500.0,:655375233_4,3
4500.0,:655375233_8,1
4500.0,:cluster_3431431575_4777363357_655375231_6982059025_3,1
4520.0,-300077497#5,27
4520.0,-300077497#8,4
4520.0,-51362429#1,5
4520.0,-593847703#3,20
4520.0,-E0,19
4520.0,244450512#5,1
4520.0,30620492#0,17
4520.0,30620492#1,5
4520.0,484988951#0,1
4520.0,49073226#2,10
4520.0,506322844#0,3
4520.0,:3086736518_4,1
4520.0,:3086736518_6,2
4520.0,:655375233_4,3
4520.0,:655375233_8,1
4520.0,:cluster_3431431575_4777363357_655375231_6982059025_3,1
4540.0,-300077497#5,27
4540.0,-300077497#8,4
4540.0,-51362429#1,5
4540.0,-593847703#3,19
4540.0,-E0,19
4540.0,244450512#5,1
4540.0,288878926#0,1
4540.0,30620492#0,18
4540.0,30620492#1,5
4540.0,49073226#2,9
4540.0,506322844#0,5
4540.0,:3086736518_4,1
4540.0,:3086736518_6,2
4540.0,:655375232_8,1
4540.0,:655375233_4,3
4540.0,:655375233_8,1
4540.0,:cluster_3431431575_4777363357_655375231_6982059025_3,1
4540.0,:cluster_623980147_623980152_4,1
4560.0,-300077497#5,21
4560.0,-300077497#8,4
4560.0,-51362429#1,8
4560.0,-593847703#3,24
4560.0,-E0,19
4560.0,288878926#0,6
4560.0,30620492#0,18
4560.0,30620492#1,5
4560.0,49073226#2,4
4560.0,506322844#0,5
4560.0,51362430,1
4560.0,593847702#0,1
4560.0,593847704#0,2
4560.0,593849711#0,1
4560.0,:655375233_4,2
4560.0,:cluster_3431431575_4777363357_655375231_6982059025_3,1
4580.0,-300077497#5,23
4580.0,-300077497#8,1
4580.0,-51362429#1,3
4580.0,-593847703#3,24
4580.0,-E0,19
4580.0,288878926#0,5
4580.0,30620492#0,18
4580.0,30620492#1,5
4580.0,49073226#2,3
4580.0,506322844#0,5
4580.0,593847702#0,1
4580.0,593847704#0,2
4580.0,:655375233_4,2
4580.0,:655375238_5,1
4580.0,:cluster_3431431575_4777363357_655375231_6982059025_3,2
4580.0,:cluster_623980147_623980152_9,1
4600.0,-300077497#5,26
4600.0,-300077497#8,2
4600.0,-593847703#3,24
4600.0,-E0,15
4600.0,288878926#0,12
4600.0,30620492#0,18
4600.0,30620492#1,5
4600.0,49073226#2,2
4600.0,49073264#0,1
4600.0,506322844#0,2
4600.0,593847704#0,5
4600.0,:3086736518_6,1
4600.0,:655375233_4,2
4600.0,:655375239_5,1
4620.0,-300077497#5,27
4620.0,-300077497#8,4
4620.0,-593847703#3,24
4620.0,-E0,15
4620.0,263217604#0,1
4620.0,288878926#0,12
4620.0,30620492#0,18
4620.0,30620492#1,5
4620.0,49073226#2,2
4620.0,506322844#0,5
4620.0,593847704#0,6
4620.0,:655375233_4,2
4620.0,:cluster622618015_622618108_622618112_622618144_#2more_17,1
4620.0,:cluster622618015_622618108_622618112_622618144_#2more_39,2
4640.0,-300077497#5,24
4640.0,-300077497#8,4
4640.0,-593847703#3,26
4640.0,-E0,19
4640.0,263217604#0,1
4640.0,288878926#0,12
4640.0,30620492#0,18
4640.0,30620492#1,5
4640.0,49073226#2,2
4640.0,506322844#0,5
4640.0,593849718#0,3
4640.0,:655375233_4,2
4640.0,:cluster_2528018119_655375236_31,1
4660.0,-300077497#5,21
4660.0,-300077497#8,4
4660.0,-51362429#1,3
4660.0,-593847703#3,22
4660.0,-E0,19
4660.0,288878926#0,6
4660.0,30620492#0,18
4660.0,30620492#1,5
4660.0,49073226#2,4
4660.0,506322844#0,5
4660.0,51362430,1
4660.0,593849711#0,1
4660.0,594658757#0,1
4660.0,:3086736518_4,1
4660.0,:655375232_8,1
4660.0,:cluster622618015_622618108_622618112_622618144_#2more_0,1
4660.0,:cluster_3431431575_4777363357_655375231_6982059025_3,2
4680.0,-300077497#5,24
4680.0,-51362429#1,3
4680.0,-593847703#3,22
4680.0,-E0,19
4680.0,1068440004#1,1
4680.0,288878926#0,4
4680.0,30620492#0,18
4680.0,30620492#1,5
4680.0,49073226#2,8
4680.0,506322844#0,5
4680.0,:3086736518_4,1
4680.0,:655375238_5,1
4700.0,-300077497#5,27
4700.0,-300077497#8,4
4700.0,-51362429#1,3
4700.0,-593847703#3,22
4700.0,-E0,17
4700.0,1068440004#1,1
4700.0,288878926#0,4
4700.0,30620492#0,18
4700.0,30620492#1,5
4700.0,49073226#2,8
4700.0,506322844#0,4
4700.0,:3086736518_4,1
4700.0,:3086736518_6,2
4720.0,-300077497#5,27
4720.0,-300077497#8,4
4720.0,-51362429#1,3
4720.0,-593847703#3,22
4720.0,-E0,18
4720.0,1068440004#1,1
4720.0,288878926#0,4
4720.0,30620492#0,18
4720.0,30620492#1,5
4720.0,49073226#2,8
4720.0,506322844#0,5
4720.0,:3086736518_4,1
4720.0,:3086736518_6,2
4740.0,-300077497#5,24
4740.0,-300077497#8,4
4740.0,-51362429#1,3
4740.0,-593847703#3,24
4740.0,-E0,19
4740.0,1068440004#1,1
4740.0,288878926#0,2
4740.0,30620492#0,18
4740.0,30620492#1,5
4740.0,49073226#2,8
4740.0,506322844#0,5
4740.0,593849711#0,1
4740.0,:3086736518_4,1
4740.0,:3086736518_6,2
4740.0,:cluster_2528018119_655375236_17,1
4760.0,-300077497#5,23
4760.0,-300077497#8,1
4760.0,-51362429#1,6
4760.0,-593847703#3,19
4760.0,-E0,19
4760.0,1068440004#1,1
4760.0,30620492#0,18
4760.0,30620492#1,5
4760.0,49073226#2,8
4760.0,506322844#0,5
4760.0,593847704#0,1
4760.0,:3086736518_4,1
4760.0,:3086736518_6,1
4760.0,:655375233_2,2
4760.0,:655375233_4,3
4760.0,:655375238_5,2
4780.0,-300077497#5,26
4780.0,-300077497#8,2
4780.0,-51362429#1,6
4780.0,-593847703#3,19
4780.0,-E0,19
4780.0,1068440004#1,1
4780.0,288878926#0,3
4780.0,30620492#0,18
4780.0,30620492#1,5
4780.0,49073226#2,4
4780.0,506322844#0,2
4780.0,593847702#0,1
4780.0,593847704#0,2
4780.0,:3086736518_4,1
4780.0,:655375233_2,1
4780.0,:655375233_4,2
4780.0,:655375238_5,1
4780.0,:655375239_5,1
4780.0,:cluster_3431431575_4777363357_655375231_6982059025_3,1
4780.0,:cluster_623980147_623980152_4,1
4800.0,-300077497#5,27
4800.0,-300077497#8,4
4800.0,-593847703#3,19
4800.0,-E0,18
4800.0,1068440004#1,1
4800.0,288878926#0,10
4800.0,30620492#0,18
4800.0,30620492#1,5
4800.0,49073226#2,5
4800.0,49073272#3,1
4800.0,506322844#0,5
4800.0,:3086736518_4,1
4800.0,:3086736518_6,1
4800.0,:655375233_2,1
4800.0,:655375233_4,2
4800.0,:cluster622618015_622618108_622618112_622618144_#2more_39,2
4820.0,-300077497#5,23
4820.0,-300077497#8,4
4820.0,-593847703#3,21
4820.0,-E0,17
4820.0,1068440004#1,1
4820.0,288878926#0,13
4820.0,30620492#0,16
4820.0,30620492#1,5
4820.0,360018417,1
4820.0,49073226#2,2
4820.0,506322844#0,5
4820.0,:3086736518_4,1
4820.0,:3086736518_6,2
4820.0,:655375233_2,1
4820.0,:655375233_4,2
4820.0,:cluster_2528018119_655375236_17,1
4820.0,:cluster_2528018119_655375236_19,1
4840.0,-300077497#5,17
4840.0,-300077497#8,4
4840.0,-593847703#3,25
4840.0,-E0,19
4840.0,1068440004#1,1
4840.0,182334378#0,1
4840.0,196961377#3,1
4840.0,232003903#0,1
4840.0,288878926#0,7
4840.0,30620492#0,18
4840.0,30620492#1,5
4840.0,49073226#2,2
4840.0,506322844#0,5
4840.0,593849711#0,1
4840.0,:3086736518_4,1
4840.0,:3086736518_6,2
4840.0,:655375233_2,1
4840.0,:655375233_4,2
4840.0,:cluster622618015_622618108_622618112_622618144_#2more_0,1
4840.0,:cluster_2528018119_655375236_17,1
4840.0,:cluster_3208478133_655375293_655375296_9631728504_#1more_10,1
4860.0,-300077497#5,20
4860.0,-51362429#1,1
4860.0,-593847703#3,21
4860.0,-E0,19
4860.0,1068440004#1,1
4860.0,182334378#0,2
4860.0,288878926#0,5
4860.0,30620492#0,18
4860.0,30620492#1,5
4860.0,49073226#2,2
4860.0,506322844#0,5
4860.0,51362430,3
4860.0,593847702#0,2
4860.0,593847704#0,2
4860.0,:3086736518_3,1
4860.0,:3086736518_4,1
4860.0,:3086736518_6,1
4860.0,:655375232_8,1
4860.0,:655375233_4,3
4880.0,-300077497#5,26
4880.0,-51362429#1,1
4880.0,-593847703#3,19
4880.0,-E0,19
4880.0,182334378#0,2
4880.0,263217604#0,1
4880.0,288878926#0,5
4880.0,30620492#0,18
4880.0,30620492#1,5
4880.0,49073226#2,9
4880.0,49073272#1,1
4880.0,506322844#0,2
4880.0,593847704#0,4
4880.0,593852345#0,1
4880.0,:3086736518_4,2
4880.0,:655375233_4,1
4880.0,:655375233_8,1
4880.0,:655375239_5,1
4900.0,-300077497#5,27
4900.0,-300077497#8,2
4900.0,-51362429#1,1
4900.0,-593847703#3,19
4900.0,-E0,19
4900.0,182334378#0,2
4900.0,196961215#2,1
4900.0,263217604#0,1
4900.0,288878926#0,5
4900.0,30620492#0,18
4900.0,30620492#1,5
4900.0,49073226#2,9
4900.0,49073264#0,1
4900.0,49073272#1,1
4900.0,49073272#3,1
4900.0,506322844#0,6
4900.0,593849718#0,1
4900.0,:3086736518_4,2
4900.0,:655375233_4,1
4900.0,:655375233_8,1
4900.0,:cluster622618015_622618108_622618112_622618144_#2more_39,1
4920.0,-300077497#5,19
4920.0,-300077497#8,2
4920.0,-49073264#1,1
4920.0,-51362429#1,1
4920.0,-593847703#3,23
4920.0,-E0,17
4920.0,182334378#0,4
4920.0,196961215#2,1
4920.0,288878926#0,3
4920.0,30620492#0,18
4920.0,30620492#1,5
4920.0,360018417,2
4920.0,360843888,1
4920.0,49073226#2,9
4920.0,506322844#0,6
4920.0,593849711#0,1
4920.0,:3086736518_4,2
4920.0,:3086736518_6,2
4920.0,:655375233_4,1
4920.0,:655375233_8,1
4920.0,:cluster_2528018119_655375236_17,1
4920.0,:cluster_2528018119_655375236_19,1
4940.0,-300077497#5,18
4940.0,-49073264#1,1
4940.0,-51362429#1,1
4940.0,-593847703#3,27
4940.0,-E0,19
4940.0,182334378#0,5
4940.0,196961215#2,1
4940.0,30620492#0,18
4940.0,30620492#1,5
4940.0,360843888,1
4940.0,49073226#2,9
4940.0,506322844#0,6
4940.0,593849711#0,1
4940.0,:3086736518_4,2
4940.0,:3086736518_6,2
4940.0,:655375233_4,1
4940.0,:655375233_8,1
4940.0,:cluster622618015_622618108_622618112_622618144_#2more_49,1
4960.0,-300077497#5,19
4960.0,-300077497#8,1
4960.0,-49073264#1,1
4960.0,-51362429#1,2
4960.0,-593847703#3,23
4960.0,-E0,19
4960.0,182334378#0,5
4960.0,196961215#2,1
4960.0,263217604#0,1
4960.0,30620492#0,18
4960.0,30620492#1,5
4960.0,360843888,1
4960.0,49073226#2,9
4960.0,506322844#0,2
4960.0,:3086736518_6,2
4960.0,:655375232_8,2
4960.0,:655375233_10,1
4960.0,:655375233_4,3
4960.0,:655375233_8,1
4960.0,:655375238_5,1
4960.0,:655375239_5,1
4980.0,-300077497#5,25
4980.0,-51362429#1,7
4980.0,-593847703#3,19
4980.0,-E0,18
4980.0,182334378#0,5
4980.0,196961215#2,1
4980.0,263217604#0,4
4980.0,30620492#0,18
4980.0,30620492#1,5
4980.0,360843888,1
4980.0,49073226#2,9
4980.0,506322844#0,3
4980.0,593847702#0,2
4980.0,:3086736518_4,2
4980.0,:3086736518_6,1
4980.0,:655375233_4,2
4980.0,:cluster622618015_622618108_622618112_622618144_#2more_17,1
4980.0,:cluster622618015_622618108_622618112_622618144_#2more_39,1
5000.0,-300077497#5,21
5000.0,-51362429#1,7
5000.0,-593847703#3,21
5000.0,-E0,19
5000.0,182334378#0,5
5000.0,196961215#2,1
5000.0,244450512#5,1
5000.0,263217604#0,4
5000.0,30620492#0,18
5000.0,30620492#1,5
5000.0,49073226#2,9
5000.0,506322844#0,5
5000.0,593847702#0,2
5000.0,:3086736518_4,2
5000.0,:3086736518_6,1
5000.0,:655375233_4,2
5000.0,:cluster_2528018119_655375236_17,2
5020.0,-300077497#5,18
5020.0,-51362429#1,4
5020.0,-593847703#3,25
5020.0,-E0,18
5020.0,182334378#0,5
5020.0,244450512#4,2
5020.0,244450512#5,1
5020.0,288878926#0,5
5020.0,30620492#0,18
5020.0,30620492#1,5
5020.0,49073226#2,5
5020.0,506322844#0,5
5020.0,593847702#0,2
5020.0,593849711#0,1
5020.0,594658760#0,1
5020.0,:3086736518_4,2
5020.0,:3086736518_6,2
5020.0,:655375233_4,2
5020.0,:cluster_2528018119_655375236_17,1
5020.0,:cluster_2664674491_655375287_655375288_1,1
5020.0,:cluster_3431431575_4777363357_655375231_6982059025_3,2
5040.0,-300077497#5,18
5040.0,-593847703#3,26
5040.0,-E0,19
5040.0,182334378#0,1
5040.0,232003903#0,2
5040.0,244450512#5,3
5040.0,288878926#0,9
5040.0,30620492#0,18
5040.0,30620492#1,5
5040.0,49073226#2,4
5040.0,506322844#0,5
5040.0,593847702#0,2
5040.0,594658760#0,1
5040.0,:3086736518_4,2
5040.0,:3086736518_6,2
5040.0,:3208478128_0,1
5040.0,:655375233_4,2
5040.0,:cluster655375336_end_0_655375336_end_1_655375336_end_10_655375336_end_11_#8more_6,1
5060.0,-300077497#5,24
5060.0,-593847703#3,24
5060.0,-E0,19
5060.0,182334378#0,1
5060.0,244450512#5,3
5060.0,288878926#0,13
5060.0,30620492#0,18
5060.0,30620492#1,5
5060.0,49073272#3,1
5060.0,506322844#0,2
5060.0,51362430,3
5060.0,594658760#0,1
5060.0,:3086736515_0,1
5060.0,:3086736518_3,1
5060.0,:3086736518_6,2
5060.0,:3208478128_0,1
5060.0,:655375232_8,2
5060.0,:655375233_4,3
5060.0,:655375238_5,1
5060.0,:655375239_5,1
5080.0,-300077497#5,27
5080.0,-51362429#1,6
5080.0,-593847703#3,21
5080.0,-E0,19
5080.0,244450512#5,3
5080.0,263217604#0,1
5080.0,288878926#0,13
5080.0,30620492#0,18
5080.0,30620492#1,5
5080.0,484988951#0,2
5080.0,49073226#2,1
5080.0,49073272#3,1
5080.0,506322844#0,5
5080.0,51362430,1
5080.0,593847704#0,2
5080.0,593849711#0,1
5080.0,594658760#0,1
5080.0,:3208478128_0,1
5080.0,:cluster622618015_622618108_622618112_622618144_#2more_39,2
5100.0,-300077497#5,22
5100.0,-49073264#1,1
5100.0,-51362429#1,1
5100.0,-593847703#3,25
5100.0,-E0,19
5100.0,182334378#0,1
5100.0,288878926#0,11
5100.0,30620492#0,18
5100.0,30620492#1,5
5100.0,360018417,2
5100.0,49073226#2,8
5100.0,506322844#0,5
5100.0,51362430,3
5100.0,593849711#0,1
5100.0,594658760#0,2
5100.0,:656132414_3,1
5100.0,:cluster_3431431575_4777363357_655375231_6982059025_3,1
5120.0,-300077497#5,21
5120.0,-49073264#1,1
5120.0,-51362429#1,1
5120.0,-593847703#3,26
5120.0,-E0,15
5120.0,1068440004#1,1
5120.0,288878926#0,5
5120.0,30620492#0,18
5120.0,30620492#1,4
5120.0,49073226#2,13
5120.0,506322844#0,5
5120.0,593847704#0,2
5120.0,594658760#0,2
5120.0,:3086736518_6,2
5120.0,:cluster622618015_622618108_622618112_622618144_#2more_49,2
5140.0,-300077497#5,23
5140.0,-300077497#8,1
5140.0,-49073264#1,1
5140.0,-51362429#1,1
5140.0,-593847703#3,26
5140.0,-E0,16
5140.0,1068440004#1,2
5140.0,288878926#0,5
5140.0,30620492#0,17
5140.0,30620492#1,5
5140.0,49073226#2,13
5140.0,506322844#0,2
5140.0,593847704#0,5
5140.0,594658760#0,1
5140.0,:655375238_5,1
5140.0,:655375239_5,1
5160.0,-300077497#5,27
5160.0,-300077497#8,4
5160.0,-51362429#1,1
5160.0,-593847703#3,26
5160.0,-E0,19
5160.0,1068440004#1,2
5160.0,263217604#0,1
5160.0,288878926#0,5
5160.0,30620492#0,18
5160.0,30620492#1,5
5160.0,49073226#2,13
5160.0,506322844#0,3
5160.0,593847704#0,3
5160.0,:cluster622618015_622618108_622618112_622618144_#2more_17,1
5160.0,:cluster622618015_622618108_622618112_622618144_#2more_39,2
5180.0,-300077497#5,23
5180.0,-300077497#8,4
5180.0,-51362429#1,6
5180.0,-593847703#3,20
5180.0,-E0,19
5180.0,1068440004#1,2
5180.0,182334378#0,1
5180.0,263217604#0,1
5180.0,288878926#0,5
5180.0,30620492#0,18
5180.0,30620492#1,5
5180.0,49073226#2,13
5180.0,506322844#0,5
5180.0,593849718#0,1
5180.0,:3086736518_4,1
5180.0,:655375232_8,1
5180.0,:cluster_2528018119_655375236_17,2
5200.0,-300077497#5,23
5200.0,-300077497#8,4
5200.0,-51362429#1,7
5200.0,-593847703#3,22
5200.0,-E0,19
5200.0,30620492#0,18
5200.0,30620492#1,5
5200.0,49073226#2,13
5200.0,506322844#0,5
5200.0,51362430,1
5200.0,593847702#0,2
5200.0,593849711#0,1
5200.0,594658760#0,1
5200.0,:3086736518_4,1
5220.0,-300077497#5,27
5220.0,-51362429#1,7
5220.0,-593847703#3,22
5220.0,-E0,17
5220.0,30620492#0,18
5220.0,30620492#1,5
5220.0,49073226#2,14
5220.0,506322844#0,5
5220.0,593847702#0,2
5220.0,594658760#0,1
5220.0,:3086736518_4,1
5220.0,:3086736518_6,2
5240.0,-300077497#5,27
5240.0,-300077497#8,4
5240.0,-51362429#1,7
5240.0,-593847703#3,22
5240.0,-E0,18
5240.0,30620492#0,18
5240.0,30620492#1,5
5240.0,49073226#2,13
5240.0,49073272#3,2
5240.0,506322844#0,5
5240.0,:3086736518_4,1
5240.0,:3086736518_6,2
5240.0,:655375239_6,1
5240.0,:cluster655375336_end_0_655375336_end_1_655375336_end_10_655375336_end_11_#8more_17,1
5240.0,:cluster_623980147_623980152_9,1
5260.0,-300077497#5,27
5260.0,-300077497#8,4
5260.0,-51362429#1,7
5260.0,-593847703#3,22
5260.0,-E0,20
5260.0,263217604#0,1
5260.0,288878926#0,7
5260.0,30620492#0,18
5260.0,30620492#1,5
5260.0,49073226#2,6
5260.0,49073272#3,2
5260.0,506322844#0,5
5260.0,:3086736518_4,1
5260.0,:3086736518_6,2
5260.0,:cluster_623980147_623980152_4,1
5280.0,-300077497#5,26
5280.0,-300077497#8,4
5280.0,-51362429#1,7
5280.0,-593847703#3,18
5280.0,-E0,20
5280.0,288878926#0,11
5280.0,30620492#0,18
5280.0,30620492#1,5
5280.0,360018417,2
5280.0,360843888,1
5280.0,49073226#2,1
5280.0,506322844#0,5
5280.0,593847704#0,2
5280.0,593849711#0,1
5280.0,:655375232_8,1
5280.0,:655375233_4,2
5280.0,:cluster_3431431575_4777363357_655375231_6982059025_3,2
5300.0,-300077497#5,26
5300.0,-300077497#8,3
5300.0,-51362429#1,1
5300.0,-593847703#3,18
5300.0,-E0,20
5300.0,288878926#0,8
5300.0,30620492#0,18
5300.0,30620492#1,5
5300.0,360843888,1
5300.0,49073226#2,5
5300.0,506322844#0,5
5300.0,593847704#0,2
5300.0,:655375233_4,2
5300.0,:cluster622618015_622618108_622618112_622618144_#2more_49,2
5300.0,:cluster_2528018119_655375236_17,1
5300.0,:cluster_3431431575_4777363357_655375231_6982059025_3,2
5320.0,-300077497#5,26
5320.0,-300077497#8,4
5320.0,-51362429#1,1
5320.0,-593847703#3,19
5320.0,-E0,19
5320.0,288878926#0,8
5320.0,30620492#0,18
5320.0,30620492#1,5
5320.0,360843888,1
5320.0,49073226#2,7
5320.0,506322844#0,5
5320.0,593847704#0,2
5320.0,:3086736518_6,1
5320.0,:655375233_4,2
5340.0,-300077497#5,27
5340.0,-300077497#8,4
5340.0,-51362429#1,1
5340.0,-593847703#3,19
5340.0,-E0,15
5340.0,288878926#0,8
5340.0,30620492#0,18
5340.0,30620492#1,5
5340.0,360843888,1
5340.0,49073226#2,7
5340.0,506322844#0,5
5340.0,593847704#0,5
5340.0,:655375233_4,2
5340.0,:cluster622618015_622618108_622618112_622618144_#2more_39,2
5360.0,-300077497#5,24
5360.0,-300077497#8,4
5360.0,-51362429#1,1
5360.0,-593847703#3,21
5360.0,-E0,19
5360.0,244450512#5,1
5360.0,288878926#0,8
5360.0,30620492#0,18
5360.0,30620492#1,5
5360.0,49073226#2,7
5360.0,506322844#0,5
5360.0,593849718#0,2
5360.0,:655375233_4,2
5360.0,:cluster_2528018119_655375236_17,1
5380.0,-300077497#5,23
5380.0,-300077497#8,4
5380.0,-51362429#1,4
5380.0,-593847703#3,18
5380.0,-E0,19
5380.0,244450512#5,1
5380.0,288878926#0,2
5380.0,30620492#0,18
5380.0,30620492#1,5
5380.0,49073226#2,7
5380.0,506322844#0,5
5380.0,593849711#0,1
5380.0,:3086736518_4,1
5380.0,:655375233_4,2
5380.0,:cluster622618015_622618108_622618112_622618144_#2more_0,1
5380.0,:cluster_2528018119_655375236_17,1
5400.0,-300077497#5,24
5400.0,-300077497#8,1
5400.0,-51362429#1,9
5400.0,-593847703#3,19
5400.0,-E0,19
5400.0,244450512#5,1
5400.0,30620492#0,18
5400.0,30620492#1,5
5400.0,49073226#2,7
5400.0,506322844#0,5
5420.0,-300077497#5,27
5420.0,-300077497#8,4
5420.0,-51362429#1,9
5420.0,-593847703#3,19
5420.0,-E0,19
5420.0,244450512#5,1
5420.0,30620492#0,18
5420.0,30620492#1,5
5420.0,49073226#2,7
5420.0,506322844#0,4
5440.0,-300077497#5,27
5440.0,-300077497#8,4
5440.0,-51362429#1,9
5440.0,-593847703#3,19
5440.0,-E0,12
5440.0,244450512#5,1
5440.0,30620492#0,17
5440.0,30620492#1,5
5440.0,49073226#2,7
5440.0,506322844#0,5
5440.0,593847704#0,6
5460.0,-300077497#5,26
5460.0,-300077497#8,4
5460.0,-51362429#1,9
5460.0,-593847703#3,21
5460.0,-E0,17
5460.0,30620492#0,18
5460.0,30620492#1,5
5460.0,49073226#2,7
5460.0,506322844#0,5
5460.0,51362430,1
5460.0,593847704#0,2
5480.0,-300077497#5,27
5480.0,-300077497#8,3
5480.0,-51362429#1,8
5480.0,-593847703#3,19
5480.0,-E0,19
5480.0,288878926#0,2
5480.0,30620492#0,18
5480.0,30620492#1,5
5480.0,49073226#2,5
5480.0,506322844#0,5
5480.0,593847704#0,2
5480.0,:655375233_4,2
5480.0,:cluster_3431431575_4777363357_655375231_6982059025_3,1
5480.0,:cluster_623980147_623980152_9,1
5500.0,-300077497#5,27
5500.0,-300077497#8,4
5500.0,-51362429#1,1
5500.0,-593847703#3,17
5500.0,-E0,19
5500.0,288878926#0,9
5500.0,30620492#0,18
5500.0,30620492#1,5
5500.0,49073226#2,4
5500.0,506322844#0,5
5500.0,593847704#0,2
5500.0,:3086736518_4,1
5500.0,:655375233_4,1
5500.0,:cluster_3431431575_4777363357_655375231_6982059025_3,3
5500.0,:cluster_623980147_623980152_4,1
5520.0,-300077497#5,27
5520.0,-300077497#8,4
5520.0,-593847703#3,17
5520.0,-E0,19
5520.0,288878926#0,13
5520.0,30620492#0,18
5520.0,30620492#1,5
5520.0,49073226#2,5
5520.0,506322844#0,5
5520.0,:3086736518_4,1
5520.0,:655375233_4,1
5520.0,:cluster622618015_622618108_622618112_622618144_#2more_39,2
5540.0,-300077497#5,23
5540.0,-300077497#8,4
5540.0,-593847703#3,19
5540.0,-E0,17
5540.0,288878926#0,13
5540.0,30620492#0,18
5540.0,30620492#1,5
5540.0,49073226#2,5
5540.0,506322844#0,5
5540.0,:3086736518_4,1
5540.0,:3086736518_6,2
5540.0,:655375233_4,1
5540.0,:cluster_2528018119_655375236_17,2
5560.0,-300077497#5,21
5560.0,-300077497#8,4
5560.0,-593847703#3,23
5560.0,-E0,19
5560.0,288878926#0,7
5560.0,30620492#0,18
5560.0,30620492#1,5
5560.0,49073226#2,5
5560.0,506322844#0,5
5560.0,593849711#0,1
5560.0,:3086736518_4,1
5560.0,:3086736518_6,2
5560.0,:655375233_4,1
5560.0,:cluster622618015_622618108_622618112_622618144_#2more_0,1
5580.0,-300077497#5,24
5580.0,-593847703#3,22
5580.0,-E0,19
5580.0,288878926#0,5
5580.0,30620492#0,18
5580.0,30620492#1,5
5580.0,49073226#2,5
5580.0,506322844#0,5
5580.0,:3086736518_4,1
5580.0,:3086736518_6,2
5580.0,:655375232_8,1
5580.0,:655375233_4,2
5600.0,-300077497#5,26
5600.0,-300077497#8,3
5600.0,-51362429#1,3
5600.0,-593847703#3,18
5600.0,-E0,19
5600.0,263217604#0,1
5600.0,288878926#0,5
5600.0,30620492#0,18
5600.0,30620492#1,5
5600.0,49073226#2,7
5600.0,506322844#0,2
5600.0,593847702#0,1
5600.0,593847704#0,1
5600.0,:3086736518_4,2
5600.0,:3086736518_6,1
5600.0,:655375238_5,1
5600.0,:655375239_5,1
5620.0,-300077497#5,27
5620.0,-300077497#8,4
5620.0,-51362429#1,3
5620.0,-593847703#3,18
5620.0,-E0,19
5620.0,263217604#0,1
5620.0,288878926#0,5
5620.0,30620492#0,18
5620.0,30620492#1,5
5620.0,49073226#2,7
5620.0,506322844#0,5
5620.0,593847702#0,1
5620.0,:3086736518_4,2
5620.0,:3086736518_6,1
5640.0,-300077497#5,22
5640.0,-300077497#8,4
5640.0,-51362429#1,3
5640.0,-593847703#3,22
5640.0,-E0,18
5640.0,182334378#0,1
5640.0,288878926#0,3
5640.0,30620492#0,18
5640.0,30620492#1,5
5640.0,49073226#2,7
5640.0,506322844#0,5
5640.0,593847702#0,1
5640.0,593849711#0,1
5640.0,594658760#0,1
5640.0,:3086736518_4,2
5640.0,:3086736518_6,2
5660.0,-300077497#5,21
5660.0,-300077497#8,1
5660.0,-51362429#1,3
5660.0,-593847703#3,25
5660.0,-E0,19
5660.0,30620492#0,18
5660.0,30620492#1,5
5660.0,49073226#2,7
5660.0,506322844#0,5
5660.0,593847702#0,1
5660.0,594658760#0,1
5660.0,:3086736518_4,2
5660.0,:3086736518_6,2
5660.0,:655375238_5,1
5680.0,-300077497#5,24
5680.0,-300077497#8,1
5680.0,-51362429#1,3
5680.0,-593847703#3,25
5680.0,-E0,19
5680.0,30620492#0,18
5680.0,30620492#1,5
5680.0,49073226#2,7
5680.0,49073272#3,1
5680.0,506322844#0,2
5680.0,594658760#0,1
5680.0,:3086736518_4,2
5680.0,:3086736518_6,2
5680.0,:655375238_5,1
5680.0,:655375239_5,2
5700.0,-300077497#5,27
5700.0,-300077497#8,4
5700.0,-51362429#1,7
5700.0,-593847703#3,19
5700.0,-E0,19
5700.0,263217604#0,3
5700.0,30620492#0,18
5700.0,30620492#1,5
5700.0,49073226#2,7
5700.0,49073272#3,1
5700.0,506322844#0,2
5700.0,593847702#0,2
5700.0,593847704#0,2
5700.0,594658760#0,1
5700.0,:3086736518_4,1
5700.0,:655375232_8,1
5720.0,-300077497#5,24
5720.0,-300077497#8,4
5720.0,-51362429#1,5
5720.0,-593847703#3,21
5720.0,-E0,19
5720.0,263217604#0,3
5720.0,288878926#0,4
5720.0,30620492#0,18
5720.0,30620492#1,5
5720.0,360018417,1
5720.0,49073226#2,3
5720.0,506322844#0,5
5720.0,593847702#0,2
5720.0,593849718#0,1
5720.0,594658760#0,1
5720.0,:3086736518_4,1
5720.0,:cluster_2528018119_655375236_31,1
5720.0,:cluster_3431431575_4777363357_655375231_6982059025_3,2
5720.0,:cluster_623980147_623980152_9,1
5740.0,-300077497#5,16
5740.0,-300077497#8,4
5740.0,-593847703#3,25
5740.0,-E0,17
5740.0,182334378#0,2
5740.0,196961377#3,1
5740.0,244450512#4,1
5740.0,288878926#0,5
5740.0,30620492#0,17
5740.0,30620492#1,5
5740.0,49073226#2,3
5740.0,506322844#0,5
5740.0,593847702#0,2
5740.0,593849711#0,1
5740.0,594658760#0,2
5740.0,:3086736518_4,1
5740.0,:3086736518_6,2
5740.0,:cluster622618015_622618108_622618112_622618144_#2more_0,1
5740.0,:cluster_2528018119_655375236_17,2
5740.0,:cluster_2528018119_655375236_31,1
5740.0,:cluster_2664674491_655375287_655375288_1,1
5740.0,:cluster_623980147_623980152_4,1
5760.0,-300077497#5,20
5760.0,-593847703#3,28
5760.0,-E0,18
5760.0,182334378#0,1
5760.0,244450512#5,2
5760.0,288878926#0,7
5760.0,30620492#0,18
5760.0,30620492#1,5
5760.0,506322844#0,5
5760.0,593847702#0,2
5760.0,594658760#0,2
5760.0,:3086736518_4,1
5760.0,:3086736518_6,2
5760.0,:cluster655375336_end_0_655375336_end_1_655375336_end_10_655375336_end_11_#8more_6,2
5780.0,-300077497#5,25
5780.0,-593847703#3,28
5780.0,-E0,19
5780.0,244450512#5,2
5780.0,263217604#0,1
5780.0,288878926#0,7
5780.0,30620492#0,18
5780.0,30620492#1,5
5780.0,49073272#3,2
5780.0,506322844#0,2
5780.0,51362430,3
5780.0,594658760#0,2
5780.0,:3086736518_4,1
5780.0,:3086736518_6,2
5780.0,:655375238_5,1
5780.0,:655375239_6,1
5800.0,-300077497#5,27
5800.0,-300077497#8,1
5800.0,-51362429#1,2
5800.0,-593847703#3,18
5800.0,-E0,19
5800.0,244450512#5,2
5800.0,263217604#0,2
5800.0,288878926#0,7
5800.0,30620492#0,18
5800.0,30620492#1,5
5800.0,49073226#2,4
5800.0,49073272#3,2
5800.0,506322844#0,6
5800.0,593847702#0,1
5800.0,593847704#0,2
5800.0,594658760#0,2
5800.0,:3086736518_4,1
5800.0,:655375232_8,1
5800.0,:655375233_2,1
5800.0,:655375233_4,4
5820.0,-300077497#5,20
5820.0,-300077497#8,1
5820.0,-51362429#1,3
5820.0,-593847703#3,24
5820.0,-E0,19
5820.0,288878926#0,5
5820.0,30620492#0,18
5820.0,30620492#1,5
5820.0,360018417,2
5820.0,360843888,1
5820.0,49073226#2,7
5820.0,49073264#0,1
5820.0,506322844#0,6
5820.0,51362430,1
5820.0,593844221#0,1
5820.0,593847702#0,2
5820.0,593847704#0,1
5820.0,593849711#0,1
5820.0,594658760#0,3
5820.0,:655375233_4,1
5820.0,:cluster_2528018119_655375236_17,1
5840.0,-300077497#5,21
5840.0,-49073264#1,1
5840.0,-51362429#1,3
5840.0,-593847703#3,25
5840.0,-E0,18
5840.0,1068440004#1,1
5840.0,30620492#0,18
5840.0,30620492#1,5
5840.0,360843888,1
5840.0,484988951#0,1
5840.0,49073226#2,7
5840.0,506322844#0,6
5840.0,593847702#0,2
5840.0,593847704#0,1
5840.0,593849711#0,1
5840.0,594658760#0,3
5840.0,:3086736518_6,1
5840.0,:655375233_4,1
5840.0,:cluster622618015_622618108_622618112_622618144_#2more_49,1
5860.0,-300077497#5,22
5860.0,-300077497#8,1
5860.0,-49073264#1,1
5860.0,-51362429#1,3
5860.0,-593847703#3,25
5860.0,-E0,13
5860.0,1068440004#1,1
5860.0,263217604#0,2
5860.0,30620492#0,18
5860.0,30620492#1,5
5860.0,360843888,1
5860.0,49073226#2,8
5860.0,49073272#3,1
5860.0,506322844#0,2
5860.0,593847704#0,7
5860.0,593852345#0,1
5860.0,594658760#0,3
5860.0,:655375233_4,1
5860.0,:655375238_5,1
5860.0,:655375239_5,1
5880.0,-300077497#5,27
5880.0,-300077497#8,3
5880.0,-51362429#1,3
5880.0,-593847703#3,25
5880.0,-E0,19
5880.0,1068440004#1,1
5880.0,196961215#2,1
5880.0,263217604#0,3
5880.0,30620492#0,18
5880.0,30620492#1,5
5880.0,360843888,1
5880.0,49073226#2,8
5880.0,49073272#3,1
5880.0,506322844#0,3
5880.0,593847704#0,6
5880.0,594658760#0,3
5880.0,:655375233_4,1
5880.0,:cluster622618015_622618108_622618112_622618144_#2more_17,1
5880.0,:cluster622618015_622618108_622618112_622618144_#2more_37,1
5900.0,-300077497#5,23
5900.0,-300077497#8,3
5900.0,-51362429#1,4
5900.0,-593847703#3,21
5900.0,-E0,19
5900.0,1068440004#1,1
5900.0,196961215#2,1
5900.0,244450512#5,1
5900.0,263217604#0,3
5900.0,30620492#0,18
5900.0,30620492#1,5
5900.0,360018417,1
5900.0,49073226#2,8
5900.0,49073272#3,1
5900.0,506322844#0,5
5900.0,593847702#0,2
5900.0,593847704#0,1
5900.0,593849718#0,2
5900.0,594658760#0,3
5900.0,:3086736518_4,1
5900.0,:3208478121_3,1
5900.0,:655375232_8,1
5900.0,:655375233_4,1
5900.0,:cluster_2528018119_655375236_17,2
5920.0,-300077497#5,20
5920.0,-300077497#8,3
5920.0,-51362429#1,8
5920.0,-593847703#3,22
5920.0,-E0,19
5920.0,196961215#2,1
5920.0,196961377#3,3
5920.0,244450512#4,1
5920.0,244450512#5,1
5920.0,30620492#0,18
5920.0,30620492#1,5
5920.0,49073226#2,8
5920.0,506322844#0,5
5920.0,593847702#0,4
5920.0,593847704#0,1
5920.0,594658760#0,3
5920.0,:cluster_2528018119_655375236_17,1
5920.0,:cluster_2664674491_655375287_655375288_1,2
5940.0,-300077497#5,22
5940.0,-51362429#1,8
5940.0,-593847703#3,24
5940.0,-E0,19
5940.0,196961215#2,1
5940.0,244450512#5,3
5940.0,30620492#0,18
5940.0,30620492#1,5
5940.0,49073226#2,8
5940.0,506322844#0,5
5940.0,593847702#0,4
5940.0,593847704#0,1
5940.0,594658760#0,3
5940.0,:3208478128_0,1
5960.0,-300077497#5,27
5960.0,-300077497#8,2
5960.0,-51362429#1,2
5960.0,-593847703#3,24
5960.0,-E0,13
5960.0,244450512#5,3
5960.0,288878926#0,7
5960.0,30620492#0,18
5960.0,30620492#1,5
5960.0,49073226#2,4
5960.0,49073272#3,2
5960.0,506322844#0,2
5960.0,593847704#0,7
5960.0,593852345#0,2
5960.0,594658760#0,2
5960.0,:3208478128_0,1
5960.0,:655375239_5,1
5960.0,:cluster_3431431575_4777363357_655375231_6982059025_3,3
5960.0,:cluster_623980147_623980152_4,1
5980.0,-300077497#5,27
5980.0,-300077497#8,4
5980.0,-593847703#3,24
5980.0,-E0,18
5980.0,244450512#5,3
5980.0,288878926#0,13
5980.0,30620492#0,18
5980.0,30620492#1,5
5980.0,49073226#2,4
5980.0,49073272#3,3
5980.0,506322844#0,5
5980.0,593849718#0,2
5980.0,593852345#0,2
5980.0,594658760#0,2
5980.0,:3208478128_0,1
5980.0,:cluster622618015_622618108_622618112_622618144_#2more_39,4
6000.0,-300077497#5,23
6000.0,-300077497#8,4
6000.0,-593847703#3,25
6000.0,-E0,19
6000.0,288878926#0,11
6000.0,30620492#0,18
6000.0,30620492#1,5
6000.0,360018417,3
6000.0,49073226#2,4
6000.0,506322844#0,5
6000.0,51362430,4
6000.0,593849711#0,1
6000.0,593852345#0,2
6000.0,594658760#0,2
6000.0,:3086736518_4,1
6000.0,:655375233_4,2
6020.0,-300077497#5,21
6020.0,-51362429#1,4
6020.0,-593847703#3,21
6020.0,-E0,19
6020.0,196961215#2,2
6020.0,288878926#0,5
6020.0,30620492#0,18
6020.0,30620492#1,5
6020.0,484988951#0,1
6020.0,49073226#2,10
6020.0,506322844#0,5
6020.0,594658760#0,2
6020.0,:3086736518_4,1
6020.0,:655375233_4,1
6020.0,:655375238_5,2
6020.0,:cluster622618015_622618108_622618112_622618144_#2more_26,1
6020.0,:cluster622618015_622618108_622618112_622618144_#2more_49,2
6020.0,:cluster_2528018119_655375236_19,1
6020.0,:cluster_2528018119_655375236_31,1
6040.0,-300077497#5,23
6040.0,-300077497#8,1
6040.0,-51362429#1,4
6040.0,-593847703#3,21
6040.0,-E0,19
6040.0,196961215#2,2
6040.0,232003903#0,2
6040.0,288878926#0,5
6040.0,30620492#0,17
6040.0,30620492#1,5
6040.0,49073226#2,10
6040.0,506322844#0,2
6040.0,593847704#0,1
6040.0,594658760#0,2
6040.0,:3086736518_4,1
6040.0,:655375233_4,1
6040.0,:655375238_5,2
6040.0,:655375239_5,1
6040.0,:cluster_3431431575_4777363357_655375231_6982059025_7,1
6060.0,-300077497#5,27
6060.0,-300077497#8,4
6060.0,-51362429#1,4
6060.0,-593847703#3,22
6060.0,-E0,17
6060.0,196961215#2,2
6060.0,232003903#0,2
6060.0,263217604#0,1
6060.0,288878926#0,5
6060.0,30620492#0,18
6060.0,30620492#1,5
6060.0,49073226#2,11
6060.0,506322844#0,4
6060.0,594658760#0,2
6060.0,:3086736518_4,1
6060.0,:3086736518_6,2
6060.0,:655375233_4,1
6060.0,:cluster622618015_622618108_622618112_622618144_#2more_42,1
6080.0,-300077497#5,25
6080.0,-300077497#8,4
6080.0,-49073264#1,1
6080.0,-51362429#1,4
6080.0,-593847703#3,23
6080.0,-E0,19
6080.0,182334378#0,1
6080.0,196961215#2,2
6080.0,263217604#0,1
6080.0,288878926#0,5
6080.0,30620492#0,18
6080.0,30620492#1,4
6080.0,49073226#2,11
6080.0,506322844#0,5
6080.0,51362430,2
6080.0,594658760#0,2
6080.0,:3086736518_4,1
6080.0,:3086736518_6,2
6080.0,:655375233_4,1
6080.0,:cluster_9383263990_9383263991_9383263992_9383263993_13,1
6100.0,-300077497#5,23
6100.0,-300077497#8,4
6100.0,-49073264#1,1
6100.0,-51362429#1,4
6100.0,-593847703#3,21
6100.0,-E0,19
6100.0,196961215#2,2
6100.0,30620492#0,17
6100.0,30620492#1,5
6100.0,49073226#2,13
6100.0,506322844#0,6
6100.0,51362430,1
6100.0,593849711#0,1
6100.0,594658760#0,3
6100.0,:3086736518_4,1
6100.0,:3086736518_6,2
6100.0,:655375232_8,1
6100.0,:655375233_4,2
6100.0,:cluster_2528018119_655375236_17,1
6100.0,:cluster_2528018119_655375236_19,1
6120.0,-300077497#5,21
6120.0,-300077497#8,2
6120.0,-49073264#1,1
6120.0,-51362429#1,9
6120.0,-593847703#3,20
6120.0,-E0,19
6120.0,182334378#0,3
6120.0,196961215#2,2
6120.0,30620492#0,18
6120.0,30620492#1,5
6120.0,484988951#0,1
6120.0,49073226#2,13
6120.0,506322844#0,6
6120.0,593847704#0,1
6120.0,594658760#0,3
6120.0,:3086736518_4,1
6120.0,:3086736518_6,1
6120.0,:655375233_4,1
6140.0,-300077497#5,25
6140.0,-300077497#8,2
6140.0,-49073264#1,1
6140.0,-51362429#1,9
6140.0,-593847703#3,20
6140.0,-E0,19
6140.0,182334378#0,1
6140.0,196961215#2,2
6140.0,263217604#0,1
6140.0,30620492#0,18
6140.0,30620492#1,5
6140.0,484988951#0,1
6140.0,49073226#2,13
6140.0,593847704#0,1
6140.0,594658760#0,3
6140.0,:3086736518_4,1
6140.0,:3086736518_6,1
6140.0,:655375233_4,1
6140.0,:655375238_5,1
6140.0,:cluster655375336_end_0_655375336_end_1_655375336_end_10_655375336_end_11_#8more_6,2
6160.0,-300077497#5,27
6160.0,-300077497#8,1
6160.0,-51362429#1,9
6160.0,-593847703#3,20
6160.0,-E0,18
6160.0,196961215#2,2
6160.0,263217604#0,1
6160.0,30620492#0,18
6160.0,30620492#1,5
6160.0,484988951#0,1
6160.0,49073226#2,13
6160.0,51362430,3
6160.0,594658760#0,3
6160.0,:3086736518_4,1
6160.0,:3086736518_6,2
6160.0,:655375233_4,1
6180.0,-300077497#5,20
6180.0,-300077497#8,1
6180.0,-51362429#1,9
6180.0,-593847703#3,23
6180.0,-E0,19
6180.0,1068440004#1,1
6180.0,182334378#0,1
6180.0,288878926#0,3
6180.0,30620492#0,14
6180.0,30620492#1,4
6180.0,360843888,1
6180.0,484988951#0,4
6180.0,49073226#2,11
6180.0,506322844#0,5
6180.0,594658760#0,3
6180.0,:3086736518_4,1
6180.0,:3086736518_6,2
6180.0,:655375233_4,1
6180.0,:cluster655375336_end_0_655375336_end_1_655375336_end_10_655375336_end_11_#8more_6,1
6180.0,:cluster_2528018119_655375236_31,1
6180.0,:cluster_623980147_623980152_8,1
6200.0,-300077497#5,21
6200.0,-51362429#1,6
6200.0,-593847703#3,23
6200.0,-E0,19
6200.0,1068440004#1,1
6200.0,182334378#0,2
6200.0,232003903#0,1
6200.0,288878926#0,6
6200.0,30620492#0,16
6200.0,30620492#1,5
6200.0,360843888,1
6200.0,49073226#2,8
6200.0,506322844#0,5
6200.0,594658760#0,3
6200.0,:3086736518_4,1
6200.0,:3086736518_6,2
6200.0,:655375233_4,1
6200.0,:cluster_3431431575_4777363357_655375231_6982059025_3,2
6200.0,:cluster_3431431575_4777363357_655375231_6982059025_7,1
6200.0,:cluster_623980147_623980152_9,1
6220.0,-300077497#5,22
6220.0,-300077497#8,1
6220.0,-51362429#1,9
6220.0,-593847703#3,19
6220.0,-E0,19
6220.0,1068440004#1,1
6220.0,182334378#0,1
6220.0,232003903#0,2
6220.0,288878926#0,13
6220.0,30620492#0,18
6220.0,30620492#1,5
6220.0,360843888,1
6220.0,49073226#2,5
6220.0,506322844#0,1
6220.0,593847704#0,2
6220.0,594658760#0,3
6220.0,:655375233_4,3
6220.0,:655375238_5,1
6220.0,:655375239_5,1
6240.0,-300077497#5,26
6240.0,-51362429#1,7
6240.0,-593847703#3,19
6240.0,-E0,19
6240.0,182334378#0,1
6240.0,232003903#0,2
6240.0,288878926#0,13
6240.0,30620492#0,18
6240.0,30620492#1,5
6240.0,360843888,1
6240.0,49073226#2,7
6240.0,593847704#0,1
6240.0,594658760#0,3
6240.0,:655375233_4,3
6240.0,:655375233_8,1
6240.0,:cluster622618015_622618108_622618112_622618144_#2more_39,1
6260.0,-300077497#5,25
6260.0,-51362429#1,7
6260.0,-593847703#3,20
6260.0,-E0,17
6260.0,1239087514,1
6260.0,244450512#5,1
6260.0,288878926#0,13
6260.0,30620492#0,18
6260.0,30620492#1,3
6260.0,49073226#2,7
6260.0,506322844#0,1
6260.0,51362430,2
6260.0,593847704#0,1
6260.0,594658760#0,2
6260.0,:655375233_4,3
6260.0,:655375233_8,1
6260.0,:cluster_9383263990_9383263991_9383263992_9383263993_13,1
6280.0,-300077497#5,25
6280.0,-51362429#1,7
6280.0,-593847703#3,20
6280.0,-E0,14
6280.0,244450512#5,1
6280.0,288878926#0,7
6280.0,30620492#0,12
6280.0,30620492#1,5
6280.0,484988951#0,2
6280.0,49073226#2,7
6280.0,506322842#0,1
6280.0,506322844#0,5
6280.0,593847704#0,5
6280.0,593849711#0,1
6280.0,594658760#0,2
6280.0,:655375233_4,3
6280.0,:655375233_8,1
6280.0,:cluster622618015_622618108_622618112_622618144_#2more_0,1
6280.0,:cluster_3431431575_4777363357_655375231_6982059025_7,1
6300.0,-300077497#5,25
6300.0,-51362429#1,7
6300.0,-593847703#3,20
6300.0,-E0,19
6300.0,244450512#5,1
6300.0,288878926#0,5
6300.0,30620492#0,17
6300.0,30620492#1,5
6300.0,49073226#2,10
6300.0,506322842#0,1
6300.0,506322844#0,6
6300.0,593847704#0,5
6300.0,:655375233_4,3
6300.0,:655375233_8,1
6320.0,-300077497#5,27
6320.0,-300077497#8,1
6320.0,-51362429#1,9
6320.0,-593847703#3,19
6320.0,-E0,19
6320.0,244450512#5,1
6320.0,263217604#0,3
6320.0,288878926#0,5
6320.0,30620492#0,18
6320.0,30620492#1,5
6320.0,49073226#2,10
6320.0,593847704#0,5
6320.0,:655375233_4,2
6320.0,:655375233_8,1
6320.0,:cluster_5372642442_631668976_631668981_631669076_47,1
6340.0,-300077497#5,27
6340.0,-300077497#8,1
6340.0,-51362429#1,9
6340.0,-593847703#3,19
6340.0,-E0,19
6340.0,1068234499#0,1
6340.0,244450512#5,1
6340.0,263217604#0,3
6340.0,288878926#0,5
6340.0,30620492#0,18
6340.0,30620492#1,5
6340.0,49073226#2,10
6340.0,593849718#0,4
6340.0,:655375233_4,2
6340.0,:655375233_8,1
6340.0,:cluster622618015_622618108_622618112_622618144_#2more_39,1
6360.0,-300077497#5,27
6360.0,-300077497#8,1
6360.0,-51362429#1,9
6360.0,-593847703#3,19
6360.0,-E0,18
6360.0,1068234499#0,1
6360.0,288878926#0,3
6360.0,30620492#0,14
6360.0,30620492#1,2
6360.0,49073226#2,10
6360.0,506322842#0,1
6360.0,506322844#0,3
6360.0,51362430,1
6360.0,593849711#0,1
6360.0,594658760#0,2
6360.0,:2749340167_0,1
6360.0,:3086736518_6,1
6360.0,:655375233_4,2
6360.0,:655375233_8,1
6360.0,:cluster3086736522_655375108_655375247_655375401_#1more_14,1
6360.0,:cluster_9383263990_9383263991_9383263992_9383263993_10,1
6360.0,:cluster_9383263990_9383263991_9383263992_9383263993_13,1
6380.0,-300077497#5,27
6380.0,-300077497#8,1
6380.0,-51362429#1,9
6380.0,-593847703#3,19
6380.0,-E0,13
6380.0,1068234499#0,1
6380.0,30620492#0,13
6380.0,30620492#1,4
6380.0,49073226#2,11
6380.0,506322842#0,2
6380.0,506322844#0,6
6380.0,593847704#0,6
6380.0,594658760#0,3
6380.0,:2749340167_0,1
6380.0,:655375233_4,2
6380.0,:655375233_8,1
6400.0,-300077497#5,27
6400.0,-300077497#8,2
6400.0,-35274074#2,1
6400.0,-51362429#1,9
6400.0,-593847703#3,19
6400.0,-E0,18
6400.0,1068234499#0,1
6400.0,263217604#0,4
6400.0,30620492#0,16
6400.0,30620492#1,5
6400.0,49073226#2,11
6400.0,506322844#0,1
6400.0,506322846#0,1
6400.0,593847704#0,6
6400.0,594658760#0,1
6400.0,:655375233_4,2
6400.0,:655375233_8,1
6400.0,:655375239_5,1
6420.0,-300077497#5,27
6420.0,-300077497#8,4
6420.0,-35274074#2,1
6420.0,-51362429#1,8
6420.0,-593847703#3,18
6420.0,-E0,18
6420.0,1068234499#0,1
6420.0,263217604#0,4
6420.0,288135626#0,1
6420.0,288878926#0,3
6420.0,30620492#0,18
6420.0,30620492#1,5
6420.0,49073226#2,7
6420.0,593847704#0,4
6420.0,594658760#0,1
6420.0,:655375233_4,3
6420.0,:655375233_8,1
6420.0,:cluster622618015_622618108_622618112_622618144_#2more_39,2
6420.0,:cluster_3431431575_4777363357_655375231_6982059025_3,1
6420.0,:cluster_623980147_623980152_9,1
6440.0,-300077497#5,27
6440.0,-300077497#8,4
6440.0,-35274074#2,1
6440.0,-51362429#1,3
6440.0,-593847703#3,18
6440.0,-E0,18
6440.0,1068234499#0,2
6440.0,263217604#0,4
6440.0,288878926#0,10
6440.0,30620492#0,18
6440.0,30620492#1,3
6440.0,49073226#2,4
6440.0,593849718#0,1
6440.0,594658760#0,1
6440.0,:655375233_4,2
6440.0,:655375233_8,1
6440.0,:cluster_3431431575_4777363357_655375231_6982059025_3,3
6440.0,:cluster_623980147_623980152_4,1
6440.0,:cluster_9383263990_9383263991_9383263992_9383263993_13,2
6460.0,-300077497#5,27
6460.0,-300077497#8,4
6460.0,-35274074#2,1
6460.0,-593847703#3,18
6460.0,-E0,19
6460.0,1068234499#0,2
6460.0,288878926#0,7
6460.0,30620492#0,13
6460.0,30620492#1,5
6460.0,49073226#2,7
6460.0,506322844#0,5
6460.0,593849711#0,1
6460.0,594658757#0,1
6460.0,594658760#0,3
6460.0,:655375233_4,2
6460.0,:655375233_8,1
6460.0,:cluster622618015_622618108_622618112_622618144_#2more_0,1
6460.0,:cluster_623980147_623980152_4,1
6480.0,-300077497#5,27
6480.0,-300077497#8,4
6480.0,-35274074#2,1
6480.0,-593847703#3,18
6480.0,-E0,13
6480.0,1068234499#0,2
6480.0,288878926#0,8
6480.0,30620492#0,18
6480.0,30620492#1,5
6480.0,49073226#2,5
6480.0,506322844#0,5
6480.0,593847704#0,6
6480.0,594658757#0,1
6480.0,594658760#0,3
6480.0,:655375233_4,2
6480.0,:655375233_8,1
6500.0,-300077497#5,27
6500.0,-300077497#8,4
6500.0,-35274074#2,1
6500.0,-593847703#3,20
6500.0,-E0,17
6500.0,288878926#0,8
6500.0,30620492#0,18
6500.0,30620492#1,5
6500.0,49073226#2,5
6500.0,506322844#0,5
6500.0,593847704#0,6
6500.0,:655375233_4,2
6500.0,:655375233_8,1
6520.0,-300077497#5,27
6520.0,-300077497#8,4
6520.0,-35274074#2,1
6520.0,-51362429#1,1
6520.0,-593847703#3,16
6520.0,-E0,17
6520.0,288878926#0,8
6520.0,30620492#0,18
6520.0,30620492#1,5
6520.0,49073226#2,5
6520.0,506322844#0,5
6520.0,593849718#0,4
6520.0,:3086736518_4,1
6520.0,:655375232_8,1
6520.0,:655375233_4,3
6520.0,:655375233_8,1
6520.0,:cluster622618015_622618108_622618112_622618144_#2more_39,2
6540.0,-300077497#5,21
6540.0,-300077497#8,4
6540.0,-35274074#2,1
6540.0,-51362429#1,3
6540.0,-593847703#3,21
6540.0,-E0,17
6540.0,288878926#0,6
6540.0,30620492#0,18
6540.0,30620492#1,5
6540.0,49073226#2,7
6540.0,506322844#0,5
6540.0,593849711#0,1
6540.0,:655375233_4,2
6540.0,:655375233_8,1
6560.0,-300077497#5,22
6560.0,-35274074#2,1
6560.0,-51362429#1,3
6560.0,-593847703#3,21
6560.0,-E0,17
6560.0,30620492#0,18
6560.0,30620492#1,5
6560.0,49073226#2,7
6560.0,506322844#0,5
6560.0,:655375233_4,2
6560.0,:655375233_8,1
6560.0,:655375238_5,2
6560.0,:cluster_2528018119_655375236_17,1
6580.0,-300077497#5,26
6580.0,-300077497#8,2
6580.0,-51362429#1,3
6580.0,-593847703#3,22
6580.0,-E0,12
6580.0,30620492#0,18
6580.0,30620492#1,5
6580.0,49073226#2,7
6580.0,593847704#0,5
6580.0,:655375233_4,2
6580.0,:655375233_8,1
6580.0,:655375239_5,2
6600.0,-300077497#5,27
6600.0,-300077497#8,3
6600.0,-51362429#1,3
6600.0,-593847703#3,22
6600.0,-E0,12
6600.0,30620492#0,18
6600.0,30620492#1,5
6600.0,49073226#2,7
6600.0,593847704#0,3
6600.0,:655375233_4,2
6600.0,:655375233_8,1
6600.0,:cluster622618015_622618108_622618112_622618144_#2more_39,2
6620.0,-300077497#5,23
6620.0,-300077497#8,3
6620.0,-51362429#1,3
6620.0,-593847703#3,21
6620.0,-E0,12
6620.0,182334378#0,1
6620.0,30620492#0,18
6620.0,30620492#1,3
6620.0,360018417,1
6620.0,49073226#2,7
6620.0,593847702#0,1
6620.0,:3086736518_4,1
6620.0,:655375233_4,3
6620.0,:cluster_2528018119_655375236_17,1
6620.0,:cluster_2528018119_655375236_31,1
6620.0,:cluster_9383263990_9383263991_9383263992_9383263993_13,2
6640.0,-300077497#5,18
6640.0,-300077497#8,3
6640.0,-51362429#1,9
6640.0,-593847703#3,21
6640.0,-E0,13
6640.0,196961377#3,1
6640.0,30620492#0,13
6640.0,30620492#1,4
6640.0,49073226#2,7
6640.0,506322844#0,5
6640.0,51362430,1
6640.0,593847702#0,2
6640.0,593847704#0,1
6640.0,:cluster_9383263990_9383263991_9383263992_9383263993_13,1
6660.0,-300077497#5,21
6660.0,-51362429#1,8
6660.0,-593847703#3,21
6660.0,-E0,13
6660.0,288878926#0,5
6660.0,30620492#0,16
6660.0,30620492#1,5
6660.0,49073226#2,1
6660.0,506322844#0,7
6660.0,593847702#0,2
6660.0,593847704#0,1
6660.0,:cluster_3431431575_4777363357_655375231_6982059025_3,1
6660.0,:cluster_3431431575_4777363357_655375231_6982059025_7,1
6660.0,:cluster_623980147_623980152_9,1
6680.0,-300077497#5,26
6680.0,-593847703#3,21
6680.0,-E0,9
6680.0,263217604#0,2
6680.0,288878926#0,10
6680.0,30620492#0,18
6680.0,30620492#1,5
6680.0,49073226#2,5
6680.0,49073272#3,1
6680.0,593847704#0,4
6680.0,593852345#0,1
6680.0,:cluster_3431431575_4777363357_655375231_6982059025_3,1
6680.0,:cluster_623980147_623980152_9,1
6700.0,-300077497#5,26
6700.0,-593847703#3,21
6700.0,-E0,7
6700.0,263217604#0,2
6700.0,288878926#0,13
6700.0,30620492#0,18
6700.0,30620492#1,5
6700.0,49073226#2,4
6700.0,49073272#3,2
6700.0,593849718#0,2
6700.0,593852345#0,2
6700.0,:cluster622618015_622618108_622618112_622618144_#2more_39,1
6720.0,-300077497#5,24
6720.0,-593847703#3,23
6720.0,-E0,7
6720.0,196961215#2,2
6720.0,288878926#0,11
6720.0,30620492#0,14
6720.0,30620492#1,3
6720.0,360018417,2
6720.0,49073226#2,4
6720.0,506322842#0,1
6720.0,506322844#0,3
6720.0,593849711#0,1
6720.0,594658760#0,2
6720.0,:2749340167_0,1
6720.0,:cluster_9383263990_9383263991_9383263992_9383263993_13,1
6740.0,-300077497#5,18
6740.0,-51362429#1,2
6740.0,-593847703#3,20
6740.0,-E0,7
6740.0,182334378#0,1
6740.0,196961215#2,2
6740.0,288878926#0,5
6740.0,30620492#0,12
6740.0,30620492#1,4
6740.0,49073226#2,5
6740.0,506322842#0,3
6740.0,506322844#0,6
6740.0,593847702#0,1
6740.0,594658760#0,2
6740.0,:2749340167_0,1
6740.0,:655375232_8,1
6740.0,:cluster622618015_622618108_622618112_622618144_#2more_49,2
6740.0,:cluster_2528018119_655375236_17,1
6740.0,:cluster_2528018119_655375236_19,1
6740.0,:cluster_3431431575_4777363357_655375231_6982059025_3,1
6760.0,-300077497#5,17
6760.0,-300077497#8,2
6760.0,-51362429#1,2
6760.0,-593847703#3,21
6760.0,-E0,8
6760.0,182334378#0,2
6760.0,196961215#2,2
6760.0,263217604#0,3
6760.0,288878926#0,5
6760.0,30620492#0,17
6760.0,30620492#1,5
6760.0,49073226#2,7
6760.0,49073272#3,1
6760.0,506322846#0,3
6760.0,594658760#0,1
6760.0,:655375239_5,1
6760.0,:cluster655375336_end_0_655375336_end_1_655375336_end_10_655375336_end_11_#8more_17,1
6780.0,-300077497#5,20
6780.0,-51362429#1,2
6780.0,-593847703#3,21
6780.0,-E0,10
6780.0,196961215#2,2
6780.0,263217604#0,3
6780.0,288135626#0,2
6780.0,288878926#0,5
6780.0,30620492#0,18
6780.0,30620492#1,5
6780.0,49073226#2,7
6780.0,49073272#3,1
6780.0,:3086736518_6,1
6780.0,:cluster_5372642442_631668976_631668981_631669076_47,1
6800.0,-300077497#5,16
6800.0,-51362429#1,2
6800.0,-593847703#3,23
6800.0,-E0,6
6800.0,1068234499#0,3
6800.0,196961215#2,2
6800.0,263217604#0,3
6800.0,288878926#0,5
6800.0,30620492#0,18
6800.0,30620492#1,3
6800.0,360018417,1
6800.0,49073226#2,7
6800.0,:3208478121_3,1
6800.0,:cluster_2528018119_655375236_17,2
6800.0,:cluster_9383263990_9383263991_9383263992_9383263993_13,2
6820.0,-300077497#5,7
6820.0,-51362429#1,2
6820.0,-593847703#3,30
6820.0,-E0,7
6820.0,1068234499#0,3
6820.0,182334378#0,1
6820.0,196961215#2,2
6820.0,196961377#3,2
6820.0,30620492#0,12
6820.0,30620492#1,5
6820.0,49073226#2,7
6820.0,506322842#0,1
6820.0,506322844#0,5
6820.0,593849711#0,1
6820.0,594658757#0,1
6820.0,594658760#0,2
6820.0,:cluster_2528018119_655375236_17,2
6840.0,-300077497#5,4
6840.0,-51362429#1,5
6840.0,-593847703#3,26
6840.0,-E0,8
6840.0,1068234499#0,3
6840.0,182334378#0,2
6840.0,196961215#2,2
6840.0,30620492#0,16
6840.0,30620492#1,5
6840.0,49073226#2,7
6840.0,506322842#0,1
6840.0,506322844#0,7
6840.0,593847702#0,1
6840.0,594658760#0,1
6840.0,:3086736518_4,1
6840.0,:655375232_8,1
6840.0,:655375233_2,1
6840.0,:655375233_4,1
6840.0,:cluster655375336_end_0_655375336_end_1_655375336_end_10_655375336_end_11_#8more_17,1
6860.0,-300077497#5,7
6860.0,-51362429#1,8
6860.0,-593847703#3,29
6860.0,-E0,12
6860.0,196961215#2,2
6860.0,263217604#0,4
6860.0,30620492#0,18
6860.0,30620492#1,5
6860.0,49073226#2,7
6860.0,49073264#0,1
6860.0,49073272#1,1
6860.0,506322846#2,1
6880.0,-300077497#5,7
6880.0,-51362429#1,8
6880.0,-593847703#3,29
6880.0,-E0,11
6880.0,1068234499#0,1
6880.0,263217604#0,4
6880.0,288878926#0,1
6880.0,30620492#0,18
6880.0,30620492#1,5
6880.0,49073226#2,5
6880.0,49073272#3,1
6880.0,:3086736518_6,1
6880.0,:cluster_623980147_623980152_3,1
6880.0,:cluster_623980147_623980152_4,1
6880.0,:cluster_623980147_623980152_8,1
6900.0,-300077497#5,1
6900.0,-593847703#3,33
6900.0,-E0,2
6900.0,1068234499#0,1
6900.0,288878926#0,8
6900.0,30620492#0,14
6900.0,30620492#1,4
6900.0,360018417,1
6900.0,49073226#2,5
6900.0,506322844#0,5
6900.0,593847704#0,1
6900.0,593849711#0,2
6900.0,594658757#0,2
6900.0,594658760#0,2
6900.0,:cluster655375336_end_0_655375336_end_1_655375336_end_10_655375336_end_11_#8more_5,1
6900.0,:cluster_2528018119_655375236_17,1
6900.0,:cluster_3431431575_4777363357_655375231_6982059025_3,2
6920.0,-593847703#3,35
6920.0,1068234499#0,1
6920.0,288878926#0,8
6920.0,30620492#0,15
6920.0,30620492#1,5
6920.0,506322844#0,6
6920.0,593847704#0,1
6920.0,594658757#0,2
6920.0,594658760#0,2
6920.0,:cluster622618015_622618108_622618112_622618144_#2more_49,1
6920.0,:cluster_623980147_623980152_9,1
6940.0,-300077497#5,1
6940.0,-300077497#8,1
6940.0,-51362429#1,1
6940.0,-593847703#3,27
6940.0,182334378#0,1
6940.0,263217604#0,1
6940.0,288878926#0,9
6940.0,30620492#0,18
6940.0,30620492#1,5
6940.0,506322844#0,1
6940.0,593847702#0,1
6940.0,593847704#0,1
6940.0,594658757#0,2
6940.0,594658760#0,2
6940.0,:655375233_2,1
6940.0,:655375233_4,2
6940.0,:655375238_5,1
6940.0,:655375239_5,1
6960.0,-300077497#5,5
6960.0,-593847703#3,23
6960.0,-E0,3
6960.0,182334378#0,1
6960.0,263217604#0,1
6960.0,288878926#0,9
6960.0,30620492#0,18
6960.0,30620492#1,5
6960.0,49073226#2,2
6960.0,49073272#3,1
6960.0,593847702#0,3
6960.0,:cluster622618015_622618108_622618112_622618144_#2more_37,1
6960.0,:cluster655375336_end_0_655375336_end_1_655375336_end_10_655375336_end_11_#8more_21,1
6980.0,-300077497#5,2
6980.0,-593847703#3,24
6980.0,263217604#0,1
6980.0,288878926#0,9
6980.0,30620492#0,18
6980.0,30620492#1,3
6980.0,360018417,1
6980.0,49073226#2,2
6980.0,593847702#0,3
6980.0,:3208478121_3,1
6980.0,:cluster_2528018119_655375236_17,1
6980.0,:cluster_2528018119_655375236_31,1
6980.0,:cluster_9383263990_9383263991_9383263992_9383263993_13,2
7000.0,-593847703#3,26
7000.0,-E0,2
7000.0,196961377#3,2
7000.0,288878926#0,3
7000.0,30620492#0,13
7000.0,30620492#1,5
7000.0,49073226#2,2
7000.0,506322844#0,5
7000.0,593847702#0,3
7000.0,593849711#0,1
7000.0,594658760#0,1
7000.0,:cluster622618015_622618108_622618112_622618144_#2more_0,1
7020.0,-593847703#3,26
7020.0,288878926#0,1
7020.0,30620492#0,18
7020.0,30620492#1,5
7020.0,49073226#2,2
7020.0,506322844#0,5
7020.0,593847702#0,3
7020.0,594658760#0,1
7040.0,-300077497#5,5
7040.0,-593847703#3,22
7040.0,288878926#0,1
7040.0,30620492#0,18
7040.0,30620492#1,5
7040.0,49073226#2,2
7040.0,49073272#3,3
7040.0,:655375233_4,3
7060.0,-300077497#5,5
7060.0,-593847703#3,15
7060.0,288878926#0,1
7060.0,30620492#0,18
7060.0,30620492#1,5
7060.0,49073226#2,5
7060.0,49073272#3,3
7060.0,593847702#0,1
7080.0,-593847703#3,20
7080.0,30620492#0,14
7080.0,30620492#1,3
7080.0,360018417,3
7080.0,49073226#2,5
7080.0,506322844#0,4
7080.0,593847702#0,1
7080.0,593849711#0,1
7080.0,:2749340167_0,1
7080.0,:cluster_9383263990_9383263991_9383263992_9383263993_13,1
7100.0,-593847703#3,20
7100.0,30620492#0,14
7100.0,30620492#1,5
7100.0,49073226#2,5
7100.0,506322844#0,6
7100.0,593847702#0,1
7100.0,593849711#0,1
7100.0,:2749340167_0,1
7100.0,:cluster622618015_622618108_622618112_622618144_#2more_49,2
7120.0,-300077497#5,1
7120.0,-300077497#8,1
7120.0,-593847703#3,20
7120.0,263217604#0,1
7120.0,288878926#0,3
7120.0,30620492#0,18
7120.0,30620492#1,5
7120.0,49073226#2,2
7120.0,506322844#0,1
7120.0,:2749340167_0,1
7120.0,:619137000_0,1
7120.0,:655375238_5,1
7120.0,:655375239_5,1
7140.0,-300077497#5,5
7140.0,-593847703#3,18
7140.0,263217604#0,1
7140.0,288878926#0,5
7140.0,30620492#0,18
7140.0,30620492#1,5
7140.0,49073272#3,1
7140.0,:2749340167_0,1
7140.0,:655375233_4,2
7160.0,-300077497#5,1
7160.0,-593847703#3,10
7160.0,263217604#0,1
7160.0,288878926#0,5
7160.0,30620492#0,18
7160.0,30620492#1,3
7160.0,360018417,1
7160.0,506322844#0,1
7160.0,:2749340167_0,1
7160.0,:cluster_2528018119_655375236_17,1
7160.0,:cluster_2528018119_655375236_31,1
7160.0,:cluster_9383263990_9383263991_9383263992_9383263993_13,1
7180.0,-593847703#3,12
7180.0,-E0,1
7180.0,196961377#3,1
7180.0,30620492#0,13
7180.0,30620492#1,5
7180.0,506322844#0,6
7180.0,593849711#0,1
7180.0,594658760#0,1
7200.0,-593847703#3,12
7200.0,30620492#0,16
7200.0,30620492#1,5
7200.0,506322844#0,8
7200.0,594658760#0,1
7220.0,-300077497#5,5
7220.0,-593847703#3,12
7220.0,-E0,1
7220.0,263217604#0,3
7220.0,30620492#0,18
7220.0,30620492#1,5
7240.0,-300077497#5,5
7240.0,-593847703#3,12
7240.0,263217604#0,3
7240.0,30620492#0,18
7240.0,30620492#1,5
7260.0,-593847703#3,6
7260.0,30620492#0,14
7260.0,30620492#1,2
7260.0,506322842#0,1
7260.0,506322844#0,4
7260.0,594658757#0,1
7260.0,594658760#0,2
7260.0,:2749340167_0,1
7260.0,:cluster_9383263990_9383263991_9383263992_9383263993_13,1
7280.0,-593847703#3,6
7280.0,30620492#0,12
7280.0,30620492#1,5
7280.0,506322842#0,1
7280.0,506322844#0,8
7280.0,594658757#0,1
7280.0,594658760#0,2
7300.0,-300077497#5,1
7300.0,-300077497#8,2
7300.0,-35274074#2,1
7300.0,-593847703#3,6
7300.0,263217604#0,3
7300.0,30620492#0,17
7300.0,30620492#1,5
7300.0,506322844#0,1
7300.0,594658757#0,1
7300.0,594658760#0,2
7300.0,:655375239_5,1
7300.0,:655375239_6,1
7320.0,-300077497#5,6
7320.0,-593847703#3,6
7320.0,263217604#0,4
7320.0,30620492#0,18
7320.0,30620492#1,5
7320.0,594658757#0,1
7320.0,594658760#0,2
7340.0,-300077497#5,2
7340.0,-593847703#3,8
7340.0,-E0,2
7340.0,263217604#0,4
7340.0,30620492#0,18
7340.0,30620492#1,3
7340.0,:cluster655375336_end_0_655375336_end_1_655375336_end_10_655375336_end_11_#8more_17,1
7340.0,:cluster_2528018119_655375236_17,2
7340.0,:cluster_9383263990_9383263991_9383263992_9383263993_13,2
7360.0,-593847705,1
7360.0,30620492#0,12
7360.0,30620492#1,5
7360.0,506322844#0,6
7360.0,594658757#0,2
7360.0,594658760#0,2
7360.0,:655375233_4,2
7380.0,30620492#0,18
7380.0,30620492#1,5
7380.0,506322844#0,6
7380.0,594658757#0,2
7380.0,594658760#0,2
7400.0,-300077497#5,5
7400.0,263217604#0,1
7400.0,30620492#0,18
7400.0,30620492#1,5
7400.0,594658757#0,2
7400.0,594658760#0,2
7420.0,-300077497#5,5
7420.0,-E0,1
7420.0,263217604#0,1
7420.0,30620492#0,18
7420.0,30620492#1,5
7420.0,594658757#0,1
7420.0,594658760#0,1
7440.0,-593847703#3,4
7440.0,-E0,1
7440.0,182334378#0,1
7440.0,30620492#0,14
7440.0,30620492#1,3
7440.0,506322842#0,1
7440.0,506322844#0,4
7440.0,594658757#0,1
7440.0,:cluster_9383263990_9383263991_9383263992_9383263993_13,1
7460.0,-E0,1
7460.0,182334378#0,1
7460.0,30620492#0,14
7460.0,30620492#1,5
7460.0,506322842#0,1
7460.0,506322844#0,6
7480.0,-300077497#5,1
7480.0,-300077497#8,2
7480.0,-E0,1
7480.0,263217604#0,2
7480.0,30620492#0,17
7480.0,30620492#1,5
7480.0,506322844#0,1
7480.0,506322846#0,1
7480.0,:655375239_5,1
7500.0,-300077497#5,5
7500.0,263217604#0,2
7500.0,288135626#0,1
7500.0,30620492#0,18
7500.0,30620492#1,5
7520.0,-300077497#5,1
7520.0,-593847703#3,2
7520.0,1068234499#0,1
7520.0,263217604#0,2
7520.0,30620492#0,18
7520.0,30620492#1,3
7520.0,:cluster_2528018119_655375236_17,1
7520.0,:cluster_2528018119_655375236_19,1
7520.0,:cluster_9383263990_9383263991_9383263992_9383263993_13,2
7540.0,-593847703#3,4
7540.0,-E0,1
7540.0,1068234499#0,1
7540.0,30620492#0,13
7540.0,30620492#1,4
7540.0,506322844#0,5
7540.0,594658757#0,1
7540.0,594658760#0,1
7540.0,:cluster_9383263990_9383263991_9383263992_9383263993_13,1
7560.0,1068234499#0,1
7560.0,30620492#0,17
7560.0,30620492#1,5
7560.0,506322844#0,6
7560.0,594658757#0,1
7560.0,594658760#0,1
7560.0,:655375233_4,3
7580.0,-300077497#5,4
7580.0,-593847703#3,1
7580.0,263217604#0,2
7580.0,30620492#0,18
7580.0,30620492#1,5
7580.0,594658757#0,1
7580.0,594658760#0,1
7600.0,-300077497#5,4
7600.0,-593847703#3,1
7600.0,-E0,1
7600.0,263217604#0,2
7600.0,30620492#0,18
7600.0,30620492#1,5
7600.0,:cluster655375336_end_0_655375336_end_1_655375336_end_10_655375336_end_11_#8more_17,1
7620.0,-593847703#3,5
7620.0,30620492#0,14
7620.0,30620492#1,3
7620.0,506322842#0,2
7620.0,506322844#0,1
7620.0,594658757#0,2
7620.0,:2749340167_0,1
7620.0,:cluster_9383263990_9383263991_9383263992_9383263993_13,2
7640.0,-593847703#3,5
7640.0,-E0,2
7640.0,30620492#0,13
7640.0,30620492#1,4
7640.0,506322842#0,2
7640.0,506322844#0,6
7640.0,:2749340167_0,1
7660.0,-300077497#5,1
7660.0,-300077497#8,1
7660.0,-35274074#2,1
7660.0,-593847703#3,3
7660.0,263217604#0,1
7660.0,30620492#0,18
7660.0,30620492#1,5
7660.0,506322844#0,1
7660.0,506322846#0,1
7660.0,:655375233_4,2
7660.0,:655375238_5,1
7660.0,:655375239_5,1
7680.0,-300077497#5,6
7680.0,263217604#0,1
7680.0,288135626#0,1
7680.0,30620492#0,18
7680.0,30620492#1,5
7700.0,-300077497#5,2
7700.0,-593847703#3,2
7700.0,1068234499#0,1
7700.0,263217604#0,1
7700.0,30620492#0,18
7700.0,30620492#1,3
7700.0,506322844#0,1
7700.0,:cluster_2528018119_655375236_17,1
7700.0,:cluster_2528018119_655375236_31,1
7700.0,:cluster_9383263990_9383263991_9383263992_9383263993_13,1
7720.0,-593847703#3,5
7720.0,1068234499#0,1
7720.0,182334378#0,1
7720.0,30620492#0,12
7720.0,30620492#1,5
7720.0,506322842#0,1
7720.0,506322844#0,5
7720.0,594658760#0,1
7740.0,-593847703#3,5
7740.0,1068234499#0,1
7740.0,30620492#0,18
7740.0,30620492#1,5
7740.0,506322842#0,1
7740.0,506322844#0,5
7740.0,594658760#0,1
7760.0,-300077497#5,6
7760.0,-593847703#3,6
7760.0,30620492#0,18
7760.0,30620492#1,5
7760.0,594658760#0,1
7780.0,-300077497#5,6
7780.0,30620492#0,18
7780.0,30620492#1,5
7780.0,594658760#0,1
7800.0,-593847703#3,5
7800.0,182334378#0,1
7800.0,30620492#0,14
7800.0,30620492#1,3
7800.0,506322844#0,5
7800.0,:2749340167_0,1
7820.0,-593847703#3,5
7820.0,182334378#0,1
7820.0,30620492#0,12
7820.0,30620492#1,5
7820.0,506322842#0,1
7820.0,506322844#0,8
7840.0,-300077497#8,1
7840.0,-593847703#3,5
7840.0,182334378#0,1
7840.0,263217604#0,4
7840.0,30620492#0,18
7840.0,30620492#1,5
7840.0,506322846#0,1
7840.0,:655375238_5,1
7840.0,:655375239_5,2
7860.0,-300077497#5,4
7860.0,-593847703#3,5
7860.0,-E0,1
7860.0,263217604#0,4
7860.0,288135626#0,1
7860.0,30620492#0,18
7860.0,30620492#1,5
7880.0,-593847703#3,2
7880.0,263217604#0,4
7880.0,30620492#0,18
7880.0,30620492#1,3
7880.0,:655375233_4,1
7880.0,:cluster_2528018119_655375236_17,1
7880.0,:cluster_2528018119_655375236_31,1
7880.0,:cluster_9383263990_9383263991_9383263992_9383263993_13,2
7900.0,-593847703#3,3
7900.0,-E0,1
7900.0,30620492#0,13
7900.0,30620492#1,5
7900.0,506322844#0,5
7900.0,594658757#0,2
7900.0,594658760#0,2
7920.0,-593847703#3,3
7920.0,-E0,2
7920.0,30620492#0,18
7920.0,30620492#1,5
7920.0,506322844#0,5
7940.0,-300077497#5,5
7940.0,-593847703#3,3
7940.0,30620492#0,18
7940.0,30620492#1,5
7960.0,-300077497#5,5
7960.0,-593847703#3,3
7960.0,30620492#0,18
7960.0,30620492#1,5
7980.0,-593847703#3,3
7980.0,182334378#0,1
7980.0,30620492#0,14
7980.0,30620492#1,4
7980.0,506322844#0,5
7980.0,:655375233_4,1
8000.0,-593847703#3,1
8000.0,30620492#0,15
8000.0,30620492#1,5
8000.0,506322844#0,6
8020.0,-300077497#5,1
8020.0,-300077497#8,1
8020.0,-593847703#3,1
8020.0,263217604#0,1
8020.0,30620492#0,18
8020.0,30620492#1,5
8020.0,506322844#0,1
8020.0,:655375238_5,1
8020.0,:655375239_5,1
8040.0,-300077497#5,5
8040.0,-593847703#3,1
8040.0,263217604#0,1
8040.0,30620492#0,18
8040.0,30620492#1,5
8060.0,-300077497#5,2
8060.0,-593847703#3,2
8060.0,182334378#0,1
8060.0,263217604#0,1
8060.0,30620492#0,18
8060.0,30620492#1,3
8060.0,:cluster_2528018119_655375236_17,1
8060.0,:cluster_9383263990_9383263991_9383263992_9383263993_13,2
8080.0,-E0,1
8080.0,30620492#0,13
8080.0,30620492#1,4
8080.0,506322844#0,6
8080.0,594658757#0,1
8080.0,:655375233_4,4
8100.0,-E0,1
8100.0,30620492#0,17
8100.0,30620492#1,5
8100.0,506322844#0,6
8120.0,-300077497#5,4
8120.0,263217604#0,2
8120.0,30620492#0,18
8120.0,30620492#1,5
8140.0,-300077497#5,4
8140.0,263217604#0,2
8140.0,30620492#0,18
8140.0,30620492#1,5
8160.0,-593847703#3,4
8160.0,30620492#0,14
8160.0,30620492#1,4
8160.0,506322842#0,1
8160.0,506322844#0,3
8160.0,594658760#0,2
8160.0,:cluster_9383263990_9383263991_9383263992_9383263993_13,1
8180.0,-593847703#3,2
8180.0,30620492#0,13
8180.0,30620492#1,5
8180.0,506322842#0,2
8180.0,506322844#0,6
8180.0,594658760#0,2
8180.0,:655375233_4,2
8200.0,-300077497#8,1
8200.0,-35274074#2,2
8200.0,-E0,1
8200.0,263217604#0,2
8200.0,30620492#0,18
8200.0,30620492#1,5
8200.0,506322844#0,1
8200.0,:655375238_5,1
8200.0,:655375239_5,1
8220.0,-300077497#5,6
8220.0,263217604#0,2
8220.0,30620492#0,18
8220.0,30620492#1,5
8240.0,-300077497#5,2
8240.0,-593847703#3,2
8240.0,263217604#0,2
8240.0,30620492#0,18
8240.0,30620492#1,3
8240.0,:cluster_2528018119_655375236_17,2
8240.0,:cluster_9383263990_9383263991_9383263992_9383263993_13,2
8260.0,-593847703#3,6
8260.0,30620492#0,13
8260.0,30620492#1,5
8260.0,506322844#0,5
8260.0,594658757#0,1
8260.0,594658760#0,1
8280.0,-593847703#3,6
8280.0,30620492#0,18
8280.0,30620492#1,5
8280.0,506322844#0,5
8280.0,:cluster655375336_end_0_655375336_end_1_655375336_end_10_655375336_end_11_#8more_17,1
8280.0,:cluster655375336_end_0_655375336_end_1_655375336_end_10_655375336_end_11_#8more_21,1
8300.0,-300077497#5,5
8300.0,30620492#0,18
8300.0,30620492#1,5
8320.0,-300077497#5,5
8320.0,30620492#0,18
8320.0,30620492#1,5
8340.0,-593847703#3,5
8340.0,30620492#0,14
8340.0,30620492#1,4
8340.0,506322844#0,5
8360.0,-593847703#3,5
8360.0,30620492#0,14
8360.0,30620492#1,5
8360.0,506322844#0,7
8380.0,-300077497#5,1
8380.0,-300077497#8,2
8380.0,-593847703#3,5
8380.0,263217604#0,2
8380.0,30620492#0,18
8380.0,30620492#1,5
8380.0,506322844#0,1
8380.0,:655375239_5,1
8400.0,-300077497#5,5
8400.0,263217604#0,2
8400.0,30620492#0,18
8400.0,30620492#1,5
8420.0,-300077497#5,1
8420.0,-593847703#3,2
8420.0,263217604#0,2
8420.0,30620492#0,18
8420.0,30620492#1,3
8420.0,:cluster_2528018119_655375236_17,2
8420.0,:cluster_9383263990_9383263991_9383263992_9383263993_13,2
8440.0,-593847703#3,5
8440.0,30620492#0,12
8440.0,30620492#1,5
8440.0,506322844#0,6
8440.0,594658757#0,1
8440.0,594658760#0,1
8460.0,-593847703#3,5
8460.0,30620492#0,17
8460.0,30620492#1,5
8460.0,506322844#0,7
8460.0,594658757#0,1
8460.0,594658760#0,1
8480.0,-300077497#5,5
8480.0,-593847703#3,5
8480.0,-E0,2
8480.0,263217604#0,2
8480.0,30620492#0,18
8480.0,30620492#1,5
8500.0,-300077497#5,5
8500.0,263217604#0,2
8500.0,30620492#0,18
8500.0,30620492#1,5
8500.0,:655375233_4,1
8520.0,-593847703#3,5
8520.0,30620492#0,14
8520.0,30620492#1,4
8520.0,506322844#0,4
8520.0,594658760#0,2
8520.0,:cluster_9383263990_9383263991_9383263992_9383263993_13,1
8540.0,-593847703#3,5
8540.0,30620492#0,15
8540.0,30620492#1,4
8540.0,506322844#0,6
8540.0,594658760#0,2
8540.0,:cluster_9383263990_9383263991_9383263992_9383263993_13,1
8560.0,-300077497#8,1
8560.0,-593847703#3,5
8560.0,263217604#0,3
8560.0,30620492#0,17
8560.0,30620492#1,5
8560.0,506322844#0,1
8560.0,594658760#0,1
8560.0,:655375238_5,1
8560.0,:655375239_5,1
8580.0,-300077497#5,4
8580.0,-593847703#3,5
8580.0,263217604#0,3
8580.0,30620492#0,18
8580.0,30620492#1,5
8600.0,-593847703#3,2
8600.0,182334378#0,1
8600.0,263217604#0,3
8600.0,30620492#0,18
8600.0,30620492#1,3
8600.0,506322844#0,1
8600.0,:655375233_4,2
8600.0,:cluster_2528018119_655375236_17,2
8600.0,:cluster_9383263990_9383263991_9383263992_9383263993_13,1
8620.0,-593847703#3,2
8620.0,-E0,1
8620.0,30620492#0,13
8620.0,30620492#1,4
8620.0,506322844#0,5
8620.0,594658760#0,3
8620.0,:cluster_9383263990_9383263991_9383263992_9383263993_13,1
8640.0,-593847703#3,2
8640.0,30620492#0,17
8640.0,30620492#1,5
8640.0,506322844#0,6
8640.0,594658760#0,3
8660.0,-300077497#5,5
8660.0,-593847703#3,2
8660.0,263217604#0,1
8660.0,30620492#0,18
8660.0,30620492#1,5
8660.0,594658760#0,2
8660.0,:cluster655375336_end_0_655375336_end_1_655375336_end_10_655375336_end_11_#8more_17,1
8680.0,-300077497#5,5
8680.0,-593847703#3,2
8680.0,-E0,1
8680.0,263217604#0,1
8680.0,30620492#0,18
8680.0,30620492#1,5
8700.0,-593847703#3,3
8700.0,182334378#0,1
8700.0,30620492#0,14
8700.0,30620492#1,3
8700.0,506322844#0,4
8700.0,594658760#0,1
8700.0,:2749340167_0,1
8700.0,:655375233_4,2
8700.0,:cluster655375336_end_0_655375336_end_1_655375336_end_10_655375336_end_11_#8more_5,1
8700.0,:cluster_9383263990_9383263991_9383263992_9383263993_13,1
8720.0,30620492#0,15
8720.0,30620492#1,5
8720.0,506322842#0,1
8720.0,506322844#0,5
8720.0,594658760#0,1
8740.0,-300077497#5,1
8740.0,-300077497#8,1
8740.0,-E0,1
8740.0,30620492#0,18
8740.0,30620492#1,5
8740.0,506322844#0,1
8740.0,506322846#0,1
8740.0,:655375238_5,1
8740.0,:655375239_5,1
8760.0,-300077497#5,5
8760.0,288135626#0,1
8760.0,30620492#0,18
8760.0,30620492#1,5
8780.0,-300077497#5,1
8780.0,-593847703#3,2
8780.0,1068234499#0,1
8780.0,30620492#0,18
8780.0,30620492#1,3
8780.0,506322844#0,1
8780.0,:cluster_2528018119_655375236_17,2
8780.0,:cluster_9383263990_9383263991_9383263992_9383263993_13,1
8800.0,-593847703#3,5
8800.0,1068234499#0,1
8800.0,30620492#0,12
8800.0,30620492#1,3
8800.0,506322844#0,6
8800.0,:2749340167_0,1
8800.0,:cluster_9383263990_9383263991_9383263992_9383263993_13,1
8820.0,1068234499#0,1
8820.0,30620492#0,16
8820.0,30620492#1,5
8820.0,506322844#0,8
8840.0,-300077497#5,3
8840.0,-E0,1
8840.0,263217604#0,5
8840.0,30620492#0,18
8840.0,30620492#1,5
8860.0,-300077497#5,3
8860.0,263217604#0,5
8860.0,30620492#0,18
8860.0,30620492#1,5
8880.0,-593847703#3,3
8880.0,263217604#0,1
8880.0,30620492#0,14
8880.0,30620492#1,2
8880.0,506322844#0,5
8880.0,594658757#0,1
8880.0,594658760#0,2
8880.0,:2749340167_0,1
8880.0,:cluster3086736522_655375108_655375247_655375401_#1more_14,1
8880.0,:cluster_9383263990_9383263991_9383263992_9383263993_13,1
8900.0,-593847703#3,3
8900.0,30620492#0,14
8900.0,30620492#1,5
8900.0,506322844#0,7
8900.0,594658757#0,1
8900.0,594658760#0,4
8920.0,-300077497#5,1
8920.0,-300077497#8,1
8920.0,263217604#0,2
8920.0,30620492#0,18
8920.0,30620492#1,5
8920.0,506322844#0,1
8920.0,594658757#0,1
8920.0,594658760#0,4
8920.0,:655375238_5,1
8920.0,:655375239_5,1
8940.0,-300077497#5,5
8940.0,-E0,1
8940.0,263217604#0,2
8940.0,30620492#0,18
8940.0,30620492#1,5
8940.0,594658760#0,3
8960.0,-300077497#5,1
8960.0,-593847703#3,2
8960.0,-E0,2
8960.0,263217604#0,2
8960.0,30620492#0,18
8960.0,30620492#1,3
8960.0,:cluster_2528018119_655375236_17,1
8960.0,:cluster_2528018119_655375236_31,1
8960.0,:cluster_9383263990_9383263991_9383263992_9383263993_13,2
8980.0,-593847703#3,3
8980.0,182334378#0,2
8980.0,244450512#4,1
8980.0,30620492#0,12
8980.0,30620492#1,5
8980.0,506322842#0,1
8980.0,506322844#0,5
8980.0,594658760#0,1
9000.0,-593847703#3,3
9000.0,-E0,2
9000.0,244450512#5,1
9000.0,30620492#0,18
9000.0,30620492#1,5
9000.0,506322842#0,1
9000.0,506322844#0,5
9000.0,594658760#0,1
9020.0,-300077497#5,5
9020.0,244450512#5,1
9020.0,30620492#0,18
9020.0,30620492#1,5
9020.0,594658760#0,1
9020.0,:cluster_5372642442_631668976_631668981_631669076_36,1
9040.0,-300077497#5,5
9040.0,1068234499#0,1
9040.0,244450512#5,1
9040.0,30620492#0,18
9040.0,30620492#1,5
9040.0,:cluster655375336_end_0_655375336_end_1_655375336_end_10_655375336_end_11_#8more_17,1
9060.0,-593847703#3,5
9060.0,-E0,1
9060.0,1068234499#0,1
9060.0,30620492#0,14
9060.0,30620492#1,4
9060.0,506322844#0,5
9080.0,-593847703#3,5
9080.0,1068234499#0,1
9080.0,30620492#0,15
9080.0,30620492#1,5
9080.0,506322844#0,6
9100.0,-300077497#5,1
9100.0,-300077497#8,2
9100.0,-593847703#3,6
9100.0,263217604#0,1
9100.0,30620492#0,18
9100.0,30620492#1,5
9100.0,506322844#0,1
9100.0,:655375239_5,1
9120.0,-300077497#5,5
9120.0,-593847703#3,2
9120.0,263217604#0,1
9120.0,30620492#0,18
9120.0,30620492#1,5
9120.0,:655375233_4,4
9140.0,-300077497#5,1
9140.0,-593847703#3,1
9140.0,182334378#0,1
9140.0,263217604#0,1
9140.0,30620492#0,18
9140.0,30620492#1,3
9140.0,506322844#0,1
9140.0,:cluster_2528018119_655375236_17,2
9140.0,:cluster_9383263990_9383263991_9383263992_9383263993_13,1
9160.0,-593847703#3,3
9160.0,182334378#0,2
9160.0,30620492#0,13
9160.0,30620492#1,5
9160.0,506322844#0,5
9160.0,:cluster655375336_end_0_655375336_end_1_655375336_end_10_655375336_end_11_#8more_17,1
9180.0,-593847703#3,3
9180.0,30620492#0,18
9180.0,30620492#1,5
9180.0,506322844#0,5
9180.0,:cluster655375336_end_0_655375336_end_1_655375336_end_10_655375336_end_11_#8more_39,1
9180.0,:cluster655375336_end_0_655375336_end_1_655375336_end_10_655375336_end_11_#8more_5,1
9200.0,-300077497#5,5
9200.0,-593847703#3,3
9200.0,30620492#0,18
9200.0,30620492#1,5
9220.0,-300077497#5,5
9220.0,-593847703#3,1
9220.0,30620492#0,18
9220.0,30620492#1,5
9220.0,:655375233_4,2
9240.0,-593847703#3,4
9240.0,182334378#0,1
9240.0,30620492#0,14
9240.0,30620492#1,3
9240.0,506322842#0,1
9240.0,506322844#0,3
9240.0,:2749340167_0,1
9240.0,:cluster_9383263990_9383263991_9383263992_9383263993_13,1
9260.0,-593847703#3,4
9260.0,-E0,1
9260.0,30620492#0,12
9260.0,30620492#1,5
9260.0,506322842#0,2
9260.0,506322844#0,7
9280.0,-300077497#5,1
9280.0,-300077497#8,2
9280.0,-35274074#2,1
9280.0,-593847703#3,4
9280.0,263217604#0,2
9280.0,30620492#0,18
9280.0,30620492#1,5
9280.0,506322844#0,1
9280.0,506322846#0,1
9280.0,:655375239_5,1
9300.0,-300077497#5,6
9300.0,-593847703#3,4
9300.0,263217604#0,2
9300.0,288135626#0,1
9300.0,30620492#0,18
9300.0,30620492#1,5
9320.0,-300077497#5,2
9320.0,-593847703#3,6
9320.0,182334378#0,1
9320.0,263217604#0,2
9320.0,30620492#0,18
9320.0,30620492#1,3
9320.0,:cluster_2528018119_655375236_17,1
9320.0,:cluster_2528018119_655375236_31,1
9320.0,:cluster_9383263990_9383263991_9383263992_9383263993_13,2
9340.0,-593847703#3,1
9340.0,182334378#0,2
9340.0,30620492#0,12
9340.0,30620492#1,4
9340.0,506322844#0,6
9340.0,:2749340167_0,1
9340.0,:cluster655375336_end_0_655375336_end_1_655375336_end_10_655375336_end_11_#8more_17,1
9340.0,:cluster655375336_end_0_655375336_end_1_655375336_end_10_655375336_end_11_#8more_21,1
9360.0,-593847703#3,1
9360.0,182334378#0,2
9360.0,30620492#0,16
9360.0,30620492#1,5
9360.0,506322844#0,7
9380.0,-300077497#5,4
9380.0,-593847703#3,1
9380.0,-E0,2
9380.0,263217604#0,3
9380.0,30620492#0,18
9380.0,30620492#1,5
9400.0,-300077497#5,4
9400.0,-593847703#3,1
9400.0,263217604#0,3
9400.0,30620492#0,18
9400.0,30620492#1,5
9420.0,-593847703#3,4
9420.0,182334378#0,1
9420.0,30620492#0,14
9420.0,30620492#1,4
9420.0,506322844#0,5
9420.0,594658757#0,2
9420.0,594658760#0,1
9440.0,-E0,1
9440.0,30620492#0,13
9440.0,30620492#1,3
9440.0,506322842#0,1
9440.0,506322844#0,7
9440.0,594658757#0,2
9440.0,594658760#0,1
9440.0,:2749340167_0,1
9440.0,:cluster_9383263990_9383263991_9383263992_9383263993_21,1
9460.0,-300077497#8,1
9460.0,263217604#0,3
9460.0,30620492#0,17
9460.0,30620492#1,5
9460.0,506322844#0,1
9460.0,506322846#0,2
9460.0,594658757#0,2
9460.0,594658760#0,1
9460.0,:655375238_5,1
9460.0,:655375239_5,1
9480.0,-300077497#5,4
9480.0,263217604#0,3
9480.0,288135626#0,1
9480.0,30620492#0,18
9480.0,30620492#1,5
9480.0,594658757#0,2
9480.0,594658760#0,1
9480.0,:cluster_5372642442_631668976_631668981_631669076_47,1
9500.0,-593847703#3,1
9500.0,-E0,1
9500.0,1068234499#0,2
9500.0,182334378#0,1
9500.0,263217604#0,3
9500.0,30620492#0,18
9500.0,30620492#1,3
9500.0,49695736#0,1
9500.0,594658757#0,1
9500.0,:cluster_2528018119_655375236_17,2
9500.0,:cluster_9383263990_9383263991_9383263992_9383263993_13,2
9520.0,-593847703#3,3
9520.0,-E0,1
9520.0,1068234499#0,2
9520.0,30620492#0,12
9520.0,30620492#1,5
9520.0,49695736#0,1
9520.0,506322844#0,6
9520.0,594658757#0,1
9520.0,594658760#0,2
9540.0,-E0,1
9540.0,1068234499#0,2
9540.0,30620492#0,16
9540.0,30620492#1,4
9540.0,49695736#0,1
9540.0,506322844#0,8
9540.0,:2749340167_0,1
9560.0,-300077497#5,4
9560.0,-593847703#3,2
9560.0,-E0,1
9560.0,263217604#0,4
9560.0,30620492#0,18
9560.0,30620492#1,5
9580.0,-300077497#5,4
9580.0,-593847703#3,2
9580.0,263217604#0,4
9580.0,30620492#0,18
9580.0,30620492#1,5
9600.0,-593847703#3,5
9600.0,-E0,1
9600.0,30620492#0,14
9600.0,30620492#1,3
9600.0,506322842#0,1
9600.0,506322844#0,2
9600.0,594658757#0,2
9600.0,594658760#0,1
9600.0,:2749340167_0,1
9600.0,:cluster3086736522_655375108_655375247_655375401_#1more_16,1
9600.0,:cluster_9383263990_9383263991_9383263992_9383263993_13,2
9620.0,-593847703#3,5
9620.0,-E0,3
9620.0,30620492#0,12
9620.0,30620492#1,5
9620.0,506322842#0,1
9620.0,506322844#0,8
9620.0,:cluster655375336_end_0_655375336_end_1_655375336_end_10_655375336_end_11_#8more_21,1
9640.0,-300077497#8,1
9640.0,-593847703#3,1
9640.0,263217604#0,5
9640.0,30620492#0,16
9640.0,30620492#1,5
9640.0,506322844#0,1
9640.0,506322846#0,1
9640.0,:2749340167_0,1
9640.0,:655375233_4,3
9640.0,:655375239_5,1
9640.0,:655375239_6,1
9660.0,-300077497#5,3
9660.0,263217604#0,6
9660.0,288135626#0,1
9660.0,30620492#0,18
9660.0,30620492#1,5
9660.0,:2749340167_0,1
9680.0,-593847703#3,2
9680.0,1068234499#0,1
9680.0,263217604#0,6
9680.0,30620492#0,18
9680.0,30620492#1,3
9680.0,:2749340167_0,1
9680.0,:cluster_2528018119_655375236_17,1
9680.0,:cluster_9383263990_9383263991_9383263992_9383263993_13,2
9700.0,-593847703#3,3
9700.0,1068234499#0,1
9700.0,30620492#0,14
9700.0,30620492#1,4
9700.0,506322844#0,5
9700.0,594658757#0,3
9700.0,594658760#0,3
9700.0,:cluster_9383263990_9383263991_9383263992_9383263993_13,1
9720.0,-593847703#3,3
9720.0,-E0,4
9720.0,1068234499#0,1
9720.0,30620492#0,16
9720.0,30620492#1,5
9720.0,506322844#0,7
9740.0,-300077497#5,4
9740.0,-593847703#3,2
9740.0,263217604#0,3
9740.0,30620492#0,18
9740.0,30620492#1,5
9740.0,:655375233_4,2
9760.0,-300077497#5,4
9760.0,263217604#0,3
9760.0,30620492#0,18
9760.0,30620492#1,5
9780.0,-593847703#3,2
9780.0,-E0,1
9780.0,182334378#0,1
9780.0,30620492#0,14
9780.0,30620492#1,4
9780.0,506322844#0,5
9780.0,594658757#0,2
9780.0,:cluster3086736522_655375108_655375247_655375401_#1more_16,1
9800.0,-593847703#3,2
9800.0,30620492#0,14
9800.0,30620492#1,5
9800.0,506322844#0,7
9800.0,594658757#0,2
9800.0,:cluster655375336_end_0_655375336_end_1_655375336_end_10_655375336_end_11_#8more_21,1
9820.0,-300077497#5,1
9820.0,-300077497#8,1
9820.0,-593847703#3,2
9820.0,263217604#0,3
9820.0,30620492#0,18
9820.0,30620492#1,5
9820.0,506322844#0,1
9820.0,:655375239_5,1
9840.0,-300077497#5,4
9840.0,-593847703#3,2
9840.0,263217604#0,3
9840.0,30620492#0,18
9840.0,30620492#1,5
9860.0,-593847703#3,1
9860.0,182334378#0,1
9860.0,263217604#0,3
9860.0,30620492#0,18
9860.0,30620492#1,3
9860.0,:cluster_2528018119_655375236_17,2
9860.0,:cluster_9383263990_9383263991_9383263992_9383263993_13,2
9880.0,-593847703#3,3
9880.0,30620492#0,12
9880.0,30620492#1,3
9880.0,506322844#0,6
9880.0,594658757#0,1
9880.0,594658760#0,2
9880.0,:2749340167_0,1
9880.0,:cluster_9383263990_9383263991_9383263992_9383263993_13,1
9900.0,-593847703#3,3
9900.0,-E0,1
9900.0,30620492#0,15
9900.0,30620492#1,5
9900.0,506322844#0,8
9900.0,:cluster655375336_end_0_655375336_end_1_655375336_end_10_655375336_end_11_#8more_17,1
9900.0,:cluster655375336_end_0_655375336_end_1_655375336_end_10_655375336_end_11_#8more_21,1
9920.0,-300077497#5,4
9920.0,-593847703#3,3
9920.0,263217604#0,4
9920.0,30620492#0,18
9920.0,30620492#1,5
9940.0,-300077497#5,4
9940.0,-593847703#3,3
9940.0,263217604#0,4
9940.0,30620492#0,18
9940.0,30620492#1,5
9960.0,-593847703#3,3
9960.0,30620492#0,14
9960.0,30620492#1,4
9960.0,506322844#0,5
9960.0,594658757#0,2
9960.0,594658760#0,2
9960.0,:655375233_4,1
9980.0,-593847703#3,3
9980.0,30620492#0,15
9980.0,30620492#1,5
9980.0,506322844#0,6
9980.0,594658757#0,2
9980.0,594658760#0,2
10000.0,-300077497#5,1
10000.0,-300077497#8,2
10000.0,-593847703#3,3
10000.0,-E0,2
10000.0,263217604#0,1
10000.0,30620492#0,18
10000.0,30620492#1,5
10000.0,506322844#0,1
10000.0,:655375239_5,1
10000.0,:cluster655375336_end_0_655375336_end_1_655375336_end_10_655375336_end_11_#8more_17,1
10000.0,:cluster655375336_end_0_655375336_end_1_655375336_end_10_655375336_end_11_#8more_21,1
10020.0,-300077497#5,5
10020.0,-593847703#3,3
10020.0,263217604#0,1
10020.0,30620492#0,18
10020.0,30620492#1,5
10040.0,-300077497#5,1
10040.0,-593847703#3,4
10040.0,182334378#0,1
10040.0,263217604#0,1
10040.0,30620492#0,18
10040.0,30620492#1,3
10040.0,:cluster_2528018119_655375236_17,2
10040.0,:cluster_9383263990_9383263991_9383263992_9383263993_13,2
10060.0,-E0,1
10060.0,30620492#0,13
10060.0,30620492#1,4
10060.0,506322844#0,5
10060.0,594658760#0,1
10060.0,:655375233_4,3
10060.0,:cluster_9383263990_9383263991_9383263992_9383263993_13,1
10080.0,30620492#0,15
10080.0,30620492#1,4
10080.0,506322844#0,8
10080.0,:2749340167_0,1
10100.0,-300077497#5,5
10100.0,263217604#0,3
10100.0,30620492#0,18
10100.0,30620492#1,5
10120.0,-300077497#5,5
10120.0,263217604#0,3
10120.0,30620492#0,18
10120.0,30620492#1,5
10140.0,-593847703#3,5
10140.0,30620492#0,14
10140.0,30620492#1,3
10140.0,506322844#0,4
10140.0,594658757#0,2
10140.0,:2749340167_0,1
10140.0,:cluster3086736522_655375108_655375247_655375401_#1more_16,1
10140.0,:cluster_9383263990_9383263991_9383263992_9383263993_13,1
10160.0,-593847703#3,1
10160.0,30620492#0,15
10160.0,30620492#1,5
10160.0,506322844#0,6
10160.0,594658757#0,3
10160.0,:655375233_4,3
10180.0,-300077497#5,1
10180.0,-300077497#8,1
10180.0,263217604#0,1
10180.0,30620492#0,18
10180.0,30620492#1,5
10180.0,594658757#0,2
10180.0,:655375238_5,1
10180.0,:655375239_5,2
10180.0,:cluster655375336_end_0_655375336_end_1_655375336_end_10_655375336_end_11_#8more_21,1
10200.0,-300077497#5,5
10200.0,-E0,1
10200.0,263217604#0,1
10200.0,30620492#0,18
10200.0,30620492#1,5
10220.0,-300077497#5,1
10220.0,-593847703#3,2
10220.0,263217604#0,1
10220.0,30620492#0,18
10220.0,30620492#1,3
10220.0,:cluster_2528018119_655375236_17,1
10220.0,:cluster_2528018119_655375236_31,1
10220.0,:cluster_9383263990_9383263991_9383263992_9383263993_13,2
10240.0,-593847703#3,4
10240.0,-E0,1
10240.0,30620492#0,12
10240.0,30620492#1,4
10240.0,506322842#0,1
10240.0,506322844#0,5
10240.0,594658757#0,1
10240.0,:cluster_9383263990_9383263991_9383263992_9383263993_13,1
10260.0,-593847703#3,2
10260.0,-E0,1
10260.0,30620492#0,17
10260.0,30620492#1,5
10260.0,506322842#0,1
10260.0,506322844#0,6
10260.0,:655375233_4,2
10280.0,-300077497#5,5
10280.0,263217604#0,2
10280.0,30620492#0,18
10280.0,30620492#1,5
10300.0,-300077497#5,5
10300.0,263217604#0,2
10300.0,30620492#0,18
10300.0,30620492#1,5
10320.0,-593847703#3,5
10320.0,30620492#0,14
10320.0,30620492#1,3
10320.0,506322842#0,1
10320.0,506322844#0,3
10320.0,594658760#0,2
10320.0,:2749340167_0,1
10320.0,:cluster_9383263990_9383263991_9383263992_9383263993_13,1
10340.0,-593847703#3,5
10340.0,30620492#0,15
10340.0,30620492#1,5
10340.0,506322842#0,1
10340.0,506322844#0,5
10340.0,594658760#0,2
10360.0,-300077497#8,1
10360.0,-593847703#3,5
10360.0,263217604#0,1
10360.0,30620492#0,18
10360.0,30620492#1,5
10360.0,506322844#0,1
10360.0,506322846#0,1
10360.0,594658760#0,2
10360.0,:655375238_5,1
10360.0,:655375239_5,1
10380.0,-300077497#5,4
10380.0,-E0,2
10380.0,263217604#0,1
10380.0,288135626#0,1
10380.0,30620492#0,18
10380.0,30620492#1,5
10400.0,-593847703#3,3
10400.0,263217604#0,1
10400.0,30620492#0,18
10400.0,30620492#1,3
10400.0,:cluster_2528018119_655375236_17,2
10400.0,:cluster_9383263990_9383263991_9383263992_9383263993_13,2
10420.0,-593847703#3,5
10420.0,30620492#0,12
10420.0,30620492#1,4
10420.0,506322844#0,6
10420.0,594658760#0,1
10420.0,:2749340167_0,1
10440.0,-593847703#3,5
10440.0,30620492#0,17
10440.0,30620492#1,5
10440.0,506322844#0,6
10440.0,594658760#0,1
10460.0,-300077497#5,5
10460.0,-593847703#3,5
10460.0,263217604#0,1
10460.0,30620492#0,18
10460.0,30620492#1,5
10480.0,-300077497#5,5
10480.0,263217604#0,1
10480.0,30620492#0,18
10480.0,30620492#1,5
10500.0,-593847703#3,4
10500.0,182334378#0,1
10500.0,30620492#0,14
10500.0,30620492#1,3
10500.0,506322844#0,4
10500.0,594658760#0,1
10500.0,:2749340167_0,1
10500.0,:cluster_9383263990_9383263991_9383263992_9383263993_13,1
10520.0,-593847703#3,4
10520.0,-E0,1
10520.0,30620492#0,15
10520.0,30620492#1,5
10520.0,506322844#0,6
10520.0,594658760#0,1
10540.0,-300077497#8,1
10540.0,-593847703#3,4
10540.0,263217604#0,2
10540.0,30620492#0,18
10540.0,30620492#1,5
10540.0,506322844#0,1
10540.0,594658760#0,1
10540.0,:655375238_5,1
10540.0,:655375239_5,1
10560.0,-300077497#5,4
10560.0,-593847703#3,4
10560.0,263217604#0,2
10560.0,30620492#0,18
10560.0,30620492#1,5
10560.0,:cluster655375336_end_0_655375336_end_1_655375336_end_10_655375336_end_11_#8more_17,1
10580.0,-593847703#3,1
10580.0,182334378#0,1
10580.0,263217604#0,2
10580.0,30620492#0,18
10580.0,30620492#1,3
10580.0,:cluster_2528018119_655375236_17,2
10580.0,:cluster_9383263990_9383263991_9383263992_9383263993_13,2
10600.0,-593847703#3,3
10600.0,30620492#0,12
10600.0,30620492#1,4
10600.0,506322844#0,6
10600.0,594658757#0,1
10600.0,594658760#0,1
10600.0,:cluster_9383263990_9383263991_9383263992_9383263993_13,1
10620.0,-593847703#3,3
10620.0,30620492#0,16
10620.0,30620492#1,5
10620.0,506322844#0,8
10620.0,594658757#0,1
10620.0,594658760#0,1
10640.0,-300077497#5,3
10640.0,-593847703#3,3
10640.0,-E0,1
10640.0,263217604#0,5
10640.0,30620492#0,18
10640.0,30620492#1,5
10640.0,:cluster655375336_end_0_655375336_end_1_655375336_end_10_655375336_end_11_#8more_21,1
10660.0,-300077497#5,3
10660.0,-593847703#3,3
10660.0,263217604#0,5
10660.0,30620492#0,18
10660.0,30620492#1,5
10680.0,-593847703#3,2
10680.0,263217604#0,1
10680.0,30620492#0,14
10680.0,30620492#1,4
10680.0,360843888,1
10680.0,506322844#0,5
10680.0,594658757#0,2
10680.0,:655375233_4,4
10680.0,:cluster3086736522_655375108_655375247_655375401_#1more_16,1
10700.0,30620492#0,16
10700.0,30620492#1,5
10700.0,360843888,1
10700.0,506322844#0,5
10700.0,594658757#0,4
10720.0,-300077497#5,1
10720.0,-300077497#8,1
10720.0,30620492#0,18
10720.0,30620492#1,5
10720.0,360843888,1
10720.0,506322844#0,1
10720.0,594658757#0,4
10720.0,:655375238_5,1
10720.0,:655375239_5,1
10740.0,-300077497#5,5
10740.0,30620492#0,18
10740.0,30620492#1,5
10740.0,360843888,1
10740.0,594658757#0,4
10760.0,-300077497#5,1
10760.0,-593847703#3,2
10760.0,-E0,3
10760.0,244450512#5,1
10760.0,30620492#0,18
10760.0,30620492#1,3
10760.0,:cluster655375336_end_0_655375336_end_1_655375336_end_10_655375336_end_11_#8more_21,1
10760.0,:cluster_2528018119_655375236_17,1
10760.0,:cluster_2528018119_655375236_31,1
10760.0,:cluster_9383263990_9383263991_9383263992_9383263993_13,2
10780.0,-593847703#3,1
10780.0,-E0,2
10780.0,244450512#5,1
10780.0,30620492#0,13
10780.0,30620492#1,4
10780.0,506322844#0,5
10780.0,:655375233_4,2
10780.0,:cluster_9383263990_9383263991_9383263992_9383263993_13,1
10800.0,244450512#5,1
10800.0,30620492#0,16
10800.0,30620492#1,5
10800.0,506322842#0,1
10800.0,506322844#0,6
10820.0,-300077497#5,5
10820.0,244450512#5,1
10820.0,263217604#0,1
10820.0,30620492#0,18
10820.0,30620492#1,5
10820.0,:cluster_5372642442_631668976_631668981_631669076_36,1
10840.0,-300077497#5,5
10840.0,1068234499#0,1
10840.0,244450512#5,1
10840.0,263217604#0,1
10840.0,30620492#0,18
10840.0,30620492#1,5
10860.0,-593847703#3,4
10860.0,1068234499#0,1
10860.0,182334378#0,1
10860.0,30620492#0,14
10860.0,30620492#1,4
10860.0,506322844#0,4
10860.0,51362430,1
10860.0,594658760#0,1
10860.0,:cluster_9383263990_9383263991_9383263992_9383263993_13,1
10880.0,-593847703#3,4
10880.0,-E0,1
10880.0,1068234499#0,1
10880.0,182334378#0,1
10880.0,30620492#0,15
10880.0,30620492#1,5
10880.0,506322844#0,6
10880.0,51362429#0,1
10880.0,:2749340167_0,1
10900.0,-300077497#5,1
10900.0,-300077497#8,1
10900.0,-593847703#3,1
10900.0,-E0,1
10900.0,263217604#0,1
10900.0,30620492#0,18
10900.0,30620492#1,5
10900.0,506322844#0,1
10900.0,51362429#0,1
10900.0,:2749340167_0,1
10900.0,:655375238_5,1
10900.0,:655375239_5,1
10920.0,-300077497#5,5
10920.0,-593847703#3,1
10920.0,263217604#0,1
10920.0,30620492#0,18
10920.0,30620492#1,5
10920.0,51362429#0,1
10920.0,:2749340167_0,1
10940.0,-300077497#5,1
10940.0,-593847703#3,2
10940.0,182334378#0,1
10940.0,263217604#0,1
10940.0,30620492#0,18
10940.0,30620492#1,3
10940.0,51362429#0,1
10940.0,:2749340167_0,1
10940.0,:cluster_2528018119_655375236_17,2
10940.0,:cluster_9383263990_9383263991_9383263992_9383263993_13,2
10960.0,-593847703#3,5
10960.0,-E0,1
10960.0,30620492#0,13
10960.0,30620492#1,3
10960.0,506322844#0,6
10960.0,594658760#0,1
10960.0,:2749340167_0,1
10960.0,:cluster_9383263990_9383263991_9383263992_9383263993_13,1
10980.0,-593847703#3,5
10980.0,30620492#0,17
10980.0,30620492#1,5
10980.0,506322844#0,7
10980.0,594658760#0,1
11000.0,-300077497#5,4
11000.0,263217604#0,3
11000.0,30620492#0,18
11000.0,30620492#1,5
11000.0,594658760#0,1
11020.0,-300077497#5,4
11020.0,-E0,1
11020.0,263217604#0,3
11020.0,30620492#0,18
11020.0,30620492#1,5
11040.0,-593847703#3,3
11040.0,182334378#0,1
11040.0,30620492#0,14
11040.0,30620492#1,2
11040.0,506322842#0,1
11040.0,506322844#0,3
11040.0,594658757#0,2
11040.0,:2749340167_0,1
11040.0,:cluster3086736522_655375108_655375247_655375401_#1more_16,1
11040.0,:cluster_9383263990_9383263991_9383263992_9383263993_13,2
11060.0,-593847703#3,3
11060.0,-E0,3
11060.0,182334378#0,1
11060.0,30620492#0,13
11060.0,30620492#1,5
11060.0,506322842#0,1
11060.0,506322844#0,7
11080.0,-300077497#5,1
11080.0,-300077497#8,1
11080.0,-593847703#3,3
11080.0,-E0,1
11080.0,263217604#0,2
11080.0,30620492#0,18
11080.0,30620492#1,5
11080.0,506322844#0,1
11080.0,506322846#0,1
11080.0,:655375238_5,1
11080.0,:655375239_5,1
11100.0,-300077497#5,5
11100.0,263217604#0,2
11100.0,288135626#0,1
11100.0,30620492#0,18
11100.0,30620492#1,5
11120.0,-300077497#5,2
11120.0,-593847703#3,2
11120.0,1068234499#0,1
11120.0,263217604#0,2
11120.0,30620492#0,18
11120.0,30620492#1,3
11120.0,:cluster_2528018119_655375236_31,1
11120.0,:cluster_9383263990_9383263991_9383263992_9383263993_13,2
11140.0,-593847703#3,3
11140.0,1068234499#0,1
11140.0,182334378#0,2
11140.0,30620492#0,10
11140.0,30620492#1,3
11140.0,506322842#0,2
11140.0,506322844#0,5
11140.0,594658757#0,1
11140.0,594658760#0,1
11140.0,:2749340167_0,1
11140.0,:cluster_9383263990_9383263991_9383263992_9383263993_10,1
11140.0,:cluster_9383263990_9383263991_9383263992_9383263993_13,1
11160.0,-593847703#3,3
11160.0,-E0,1
11160.0,1068234499#0,1
11160.0,30620492#0,13
11160.0,30620492#1,5
11160.0,506322842#0,3
11160.0,506322844#0,8
11160.0,594658757#0,1
11160.0,594658760#0,1
11180.0,-300077497#5,4
11180.0,-593847703#3,4
11180.0,263217604#0,5
11180.0,30620492#0,18
11180.0,30620492#1,5
11180.0,506322846#2,1
11180.0,594658757#0,1
11180.0,594658760#0,1
11180.0,:cluster_5372642442_631668976_631668981_631669076_36,1
11200.0,-300077497#5,4
11200.0,1068234499#0,2
11200.0,263217604#0,5
11200.0,30620492#0,18
11200.0,30620492#1,5
11200.0,594658757#0,1
11200.0,594658760#0,1
11200.0,:655375233_4,3
11220.0,-593847703#3,4
11220.0,-E0,2
11220.0,1068234499#0,2
11220.0,263217604#0,1
11220.0,30620492#0,14
11220.0,30620492#1,3
11220.0,506322844#0,5
11220.0,594658757#0,1
11220.0,594658760#0,2
11220.0,:cluster3086736522_655375108_655375247_655375401_#1more_14,1
11220.0,:cluster_9383263990_9383263991_9383263992_9383263993_21,1
11240.0,-593847703#3,4
11240.0,-E0,2
11240.0,1068234499#0,2
11240.0,30620492#0,14
11240.0,30620492#1,5
11240.0,49695736#0,1
11240.0,506322842#0,1
11240.0,506322844#0,6
11240.0,:cluster655375336_end_0_655375336_end_1_655375336_end_10_655375336_end_11_#8more_17,2
11260.0,-300077497#8,1
11260.0,-35274074#2,1
11260.0,-593847703#3,7
11260.0,263217604#0,2
11260.0,30620492#0,18
11260.0,30620492#1,5
11260.0,506322844#0,1
11260.0,:655375238_5,1
11260.0,:655375239_5,1
11280.0,-300077497#5,5
11280.0,-593847703#3,7
11280.0,263217604#0,2
11280.0,30620492#0,18
11280.0,30620492#1,5
11300.0,-300077497#5,2
11300.0,-593847703#3,7
11300.0,263217604#0,2
11300.0,30620492#0,18
11300.0,30620492#1,3
11300.0,:655375233_4,2
11300.0,:cluster_2528018119_655375236_17,1
11300.0,:cluster_9383263990_9383263991_9383263992_9383263993_13,2
11320.0,-593847703#3,2
11320.0,-E0,1
11320.0,30620492#0,10
11320.0,30620492#1,3
11320.0,506322842#0,2
11320.0,506322844#0,6
11320.0,594658757#0,1
11320.0,:2749340167_0,1
11320.0,:cluster655375336_end_0_655375336_end_1_655375336_end_10_655375336_end_11_#8more_17,1
11320.0,:cluster_9383263990_9383263991_9383263992_9383263993_13,1
11340.0,-593847703#3,2
11340.0,-E0,1
11340.0,30620492#0,13
11340.0,30620492#1,5
11340.0,506322842#0,2
11340.0,506322844#0,7
11360.0,-300077497#5,5
11360.0,-593847703#3,2
11360.0,263217604#0,2
11360.0,30620492#0,13
11360.0,30620492#1,5
11360.0,506322846#2,1
11360.0,:cluster_5372642442_631668976_631668981_631669076_36,1
11380.0,-300077497#5,5
11380.0,-593847703#3,2
11380.0,1068234499#0,2
11380.0,263217604#0,2
11380.0,30620492#0,13
11380.0,30620492#1,5
11400.0,-593847703#3,6
11400.0,1068234499#0,2
11400.0,182334378#0,1
11400.0,30620492#0,9
11400.0,30620492#1,3
11400.0,360843888,1
11400.0,506322842#0,2
11400.0,506322844#0,3
11400.0,594658760#0,1
11400.0,:cluster_9383263990_9383263991_9383263992_9383263993_13,1
11420.0,-E0,1
11420.0,1068234499#0,2
11420.0,30620492#0,5
11420.0,30620492#1,5
11420.0,360843888,1
11420.0,506322842#0,2
11420.0,506322844#0,6
11440.0,-300077497#8,1
11440.0,-35274074#2,1
11440.0,-593847703#3,2
11440.0,263217604#0,2
11440.0,30620492#0,5
11440.0,30620492#1,5
11440.0,360843888,1
11440.0,506322844#0,1
11440.0,506322846#0,1
11440.0,:655375238_5,1
11440.0,:655375239_5,1
11460.0,-300077497#5,5
11460.0,-593847703#3,2
11460.0,263217604#0,2
11460.0,288135626#0,1
11460.0,30620492#0,5
11460.0,30620492#1,5
11460.0,360843888,1
11480.0,-300077497#5,1
11480.0,-593847703#3,4
11480.0,1068234499#0,1
11480.0,244450512#5,1
11480.0,263217604#0,2
11480.0,30620492#0,5
11480.0,30620492#1,3
11480.0,:cluster_2528018119_655375236_17,2
11480.0,:cluster_9383263990_9383263991_9383263992_9383263993_13,2
11500.0,-593847703#3,7
11500.0,1068234499#0,1
11500.0,244450512#5,1
11500.0,30620492#1,5
11500.0,506322844#0,5
11500.0,594658757#0,1
11500.0,594658760#0,1
11520.0,-E0,2
11520.0,1068234499#0,1
11520.0,244450512#5,1
11520.0,30620492#1,5
11520.0,506322844#0,5
11540.0,-300077497#5,5
11540.0,-593847703#3,1
11540.0,244450512#5,1
11540.0,30620492#1,5
11560.0,-300077497#5,5
11560.0,-593847703#3,1
11560.0,244450512#5,1
11560.0,30620492#1,5
11580.0,-593847703#3,6
11580.0,-E0,1
11580.0,506322844#0,5
11600.0,-593847703#3,6
11600.0,506322844#0,5
11620.0,-300077497#5,1
11620.0,-300077497#8,1
11620.0,263217604#0,1
11620.0,:655375233_4,2
11620.0,:655375238_5,1
11620.0,:655375239_5,1
