time,edge_id,vehicle_count
60.0,-360018417,5
60.0,-51362429#1,2
60.0,-51362430,8
60.0,-593847703#3,7
60.0,-E0,18
60.0,1068234498#0,21
60.0,1068234499#0,1
60.0,1068440001,4
60.0,1068440004#1,19
60.0,1068440006#0,1
60.0,1334905223#0,2
60.0,182334378#0,19
60.0,196961377#0,8
60.0,244450512#1,2
60.0,260881642#0,3
60.0,263217603#0,1
60.0,288135626#0,3
60.0,288135628#0,1
60.0,300077497#0,1
60.0,30620492#0,15
60.0,30620492#1,5
60.0,360843888,1
60.0,484988951#0,4
60.0,48794887#0,2
60.0,49073226#2,2
60.0,49695736#0,2
60.0,506322841#3,1
60.0,506322841#4,1
60.0,506322842#0,6
60.0,506322844#0,6
60.0,506322846#2,7
60.0,51362429#0,9
60.0,593847704#0,1
60.0,593849711#2,11
60.0,594658762#0,14
60.0,668037874,1
60.0,:3086736518_0,1
60.0,:6251747844_2,1
60.0,:655375232_11,1
60.0,:655375232_2,1
60.0,:656132414_2,1
60.0,:cluster11510670762_4554226152_0,1
60.0,:cluster619136880_619136881_cluster_4510442270_5296993511_5296993513_619136931_#1more_12,1
60.0,:cluster655375228_655375240_0,1
60.0,:cluster655375228_655375240_2,1
60.0,:cluster655375336_end_0_655375336_end_1_655375336_end_10_655375336_end_11_#8more_10,1
60.0,:cluster655375336_end_0_655375336_end_1_655375336_end_10_655375336_end_11_#8more_12,1
60.0,:cluster655375336_end_0_655375336_end_1_655375336_end_10_655375336_end_11_#8more_25,2
60.0,:cluster_2528018119_655375236_0,1
60.0,:cluster_2528018119_655375236_17,1
60.0,:cluster_2528018119_655375236_3,1
60.0,:cluster_2664674491_655375287_655375288_5,1
60.0,:cluster_3208478133_655375293_655375296_9631728504_#1more_8,4
60.0,:cluster_5372642442_631668976_631668981_631669076_22,3
60.0,:cluster_5372642442_631668976_631668981_631669076_26,1
60.0,:cluster_5372642442_631668976_631668981_631669076_45,1
60.0,E0,2
80.0,-360018417,5
80.0,-51362429#1,2
80.0,-51362430,10
80.0,-593847703#3,3
80.0,-594658757#2,2
80.0,-E0,19
80.0,1068234498#0,16
80.0,1068234499#0,8
80.0,1068440001,7
80.0,1068440004#1,26
80.0,1068440006#0,1
80.0,1334904386#0,3
80.0,1334905223#0,1
80.0,182334378#0,16
80.0,196961377#0,14
80.0,232003903#0,1
80.0,238526531#0,5
80.0,244450512#1,2
80.0,260881642#0,3
80.0,263217603#0,1
80.0,288135626#0,4
80.0,288135628#0,1
80.0,30620492#0,18
80.0,30620492#1,5
80.0,314800955,1
80.0,360843888,1
80.0,484988951#0,3
80.0,48794887#0,2
80.0,49073226#2,6
80.0,49695736#0,8
80.0,506322841#3,1
80.0,506322841#4,1
80.0,506322842#0,10
80.0,506322844#0,6
80.0,506322846#2,7
80.0,51289045#7,1
80.0,51362429#0,13
80.0,593844221#0,1
80.0,593847704#0,2
80.0,593849711#2,14
80.0,594658762#0,14
80.0,668037874,2
80.0,:2444664370_0,1
80.0,:3086736518_0,1
80.0,:3086736518_4,1
80.0,:655375232_2,1
80.0,:655375233_4,1
80.0,:655375238_6,1
80.0,:cluster11510670762_4554226152_0,2
80.0,:cluster655375228_655375240_0,1
80.0,:cluster655375228_655375240_2,1
80.0,:cluster655375336_end_0_655375336_end_1_655375336_end_10_655375336_end_11_#8more_10,1
80.0,:cluster655375336_end_0_655375336_end_1_655375336_end_10_655375336_end_11_#8more_40,2
80.0,:cluster_2038168688_655375573_3,1
80.0,:cluster_2664674491_655375287_655375288_5,1
80.0,:cluster_3208478133_655375293_655375296_9631728504_#1more_8,4
80.0,:cluster_5372642442_631668976_631668981_631669076_22,1
80.0,:cluster_5372642442_631668976_631668981_631669076_45,2
80.0,E0,2
100.0,-300077497#5,1
100.0,-300077497#8,1
100.0,-35274074#2,3
100.0,-360018417,1
100.0,-51362429#1,2
100.0,-51362430,16
100.0,-593847703#3,6
100.0,-594658757#2,3
100.0,-E0,19
100.0,1068234498#0,20
100.0,1068234499#0,7
100.0,1068440001,8
100.0,1068440004#1,23
100.0,1068440006#0,1
100.0,1334904386#0,7
100.0,182334378#0,10
100.0,186602412#0,1
100.0,196961377#0,16
100.0,232003903#0,1
100.0,238526531#0,3
100.0,244450512#1,2
100.0,260881642#0,3
100.0,263217603#0,3
100.0,263217604#0,1
100.0,288135626#0,6
100.0,288135628#0,1
100.0,288878926#0,3
100.0,300077497#0,3
100.0,303647015#0,3
100.0,30620492#0,18
100.0,30620492#1,5
100.0,314800955,1
100.0,35274074#0,1
100.0,360843888,1
100.0,484988951#0,3
100.0,48794887#0,2
100.0,49073226#2,3
100.0,49073272#4,3
100.0,49695736#0,1
100.0,506322841#4,1
100.0,506322842#0,3
100.0,506322844#0,2
100.0,506322846#0,8
100.0,506322846#2,2
100.0,506322848#0,1
100.0,506322851#0,1
100.0,51362429#0,16
100.0,593844221#0,1
100.0,593847702#0,6
100.0,593847704#0,2
100.0,593849711#2,19
100.0,594658762#0,18
100.0,668037874,3
100.0,:2444664370_0,1
100.0,:3086736518_0,1
100.0,:3208478121_0,1
100.0,:655375232_2,1
100.0,:655375233_8,4
100.0,:655375238_5,1
100.0,:655375239_5,1
100.0,:cluster11510670762_4554226152_0,2
100.0,:cluster3086736522_655375108_655375247_655375401_#1more_8,1
100.0,:cluster619136880_619136881_cluster_4510442270_5296993511_5296993513_619136931_#1more_12,1
100.0,:cluster619136880_619136881_cluster_4510442270_5296993511_5296993513_619136931_#1more_8,1
100.0,:cluster655375336_end_0_655375336_end_1_655375336_end_10_655375336_end_11_#8more_10,1
100.0,:cluster655375336_end_0_655375336_end_1_655375336_end_10_655375336_end_11_#8more_40,2
100.0,:cluster_2038168688_655375573_17,1
100.0,:cluster_2038168688_655375573_21,1
100.0,:cluster_2038168688_655375573_8,1
100.0,:cluster_2038168688_655375573_9,1
100.0,:cluster_2528018119_655375236_12,2
100.0,:cluster_2528018119_655375236_20,1
100.0,:cluster_2528018119_655375236_25,1
100.0,:cluster_2528018119_655375236_33,1
100.0,:cluster_2664674491_655375287_655375288_5,1
100.0,:cluster_3208478133_655375293_655375296_9631728504_#1more_8,4
100.0,:cluster_3431431575_4777363357_655375231_6982059025_3,1
100.0,:cluster_623980147_623980152_4,1
100.0,:cluster_9383263990_9383263991_9383263992_9383263993_7,1
100.0,E0,2
120.0,-1334905223#2,1
120.0,-300077497#5,8
120.0,-35274074#2,8
120.0,-51362430,18
120.0,-593847703#3,10
120.0,-594658757#2,2
120.0,-E0,19
120.0,1068234498#0,28
120.0,1068234499#0,4
120.0,1068440001,9
120.0,1068440004#1,25
120.0,1068440006#0,1
120.0,1334904386#0,6
120.0,182334378#0,16
120.0,196961377#0,23
120.0,232003903#0,2
120.0,244450512#1,3
120.0,260881642#0,2
120.0,263217603#0,3
120.0,263217604#0,2
120.0,288135626#0,3
120.0,288135628#0,2
120.0,288878926#0,10
120.0,300077497#0,8
120.0,300077497#6,1
120.0,303647015#0,3
120.0,30620492#0,18
120.0,30620492#1,5
120.0,35274074#0,1
120.0,360843888,1
120.0,484988951#0,4
120.0,48794887#0,2
120.0,49073272#4,1
120.0,49695736#0,1
120.0,506322841#4,1
120.0,506322842#0,6
120.0,506322844#0,3
120.0,506322846#0,3
120.0,506322846#2,2
120.0,506322851#0,5
120.0,506322853#0,1
120.0,51362429#0,17
120.0,593844221#0,2
120.0,593847702#0,7
120.0,593849711#2,21
120.0,593849718#0,2
120.0,594658762#0,24
120.0,668037874,3
120.0,:2444664370_0,1
120.0,:3086736518_0,1
120.0,:655375232_2,1
120.0,:655375238_1,1
120.0,:655375238_5,1
120.0,:cluster11510670762_4554226152_0,1
120.0,:cluster3086736522_655375108_655375247_655375401_#1more_11,1
120.0,:cluster619136880_619136881_cluster_4510442270_5296993511_5296993513_619136931_#1more_12,2
120.0,:cluster622618015_622618108_622618112_622618144_#2more_37,1
120.0,:cluster622618015_622618108_622618112_622618144_#2more_39,1
120.0,:cluster_2038168688_655375573_17,1
120.0,:cluster_2528018119_655375236_12,1
120.0,:cluster_2528018119_655375236_25,1
120.0,:cluster_2528018119_655375236_28,1
120.0,:cluster_2528018119_655375236_29,1
120.0,:cluster_3208478133_655375293_655375296_9631728504_#1more_8,4
120.0,:cluster_5372642442_631668976_631668981_631669076_36,1
120.0,:cluster_5372642442_631668976_631668981_631669076_47,1
120.0,E0,1
140.0,-300077497#5,5
140.0,-35274074#2,11
140.0,-360018417,5
140.0,-51362430,19
140.0,-593847703#3,15
140.0,-E0,18
140.0,1068234498#0,34
140.0,1068234499#0,7
140.0,1068440001,8
140.0,1068440004#1,33
140.0,1068440006#0,1
140.0,1334904386#0,6
140.0,182334378#0,17
140.0,196961377#0,20
140.0,244450512#1,3
140.0,244450512#5,1
140.0,263217603#0,2
140.0,263217604#0,2
140.0,288135626#0,2
140.0,288135628#0,1
140.0,288878926#0,10
140.0,300077497#0,5
140.0,300077497#6,1
140.0,303647015#0,2
140.0,30620492#0,18
140.0,30620492#1,5
140.0,314800955,1
140.0,360018417,1
140.0,484988951#0,4
140.0,48794887#0,2
140.0,49073272#4,2
140.0,49695736#0,7
140.0,506322840#0,1
140.0,506322841#3,1
140.0,506322842#0,7
140.0,506322844#0,5
140.0,506322846#0,3
140.0,506322846#2,4
140.0,506322853#0,5
140.0,51362429#0,13
140.0,51362430,2
140.0,593847702#0,7
140.0,593847703#0,1
140.0,593849711#2,23
140.0,594658762#0,29
140.0,668037874,5
140.0,:1973482489_4,1
140.0,:3086736518_0,1
140.0,:3086736518_6,1
140.0,:655375232_2,3
140.0,:655375233_0,1
140.0,:655375238_0,1
140.0,:655375239_3,1
140.0,:cluster11510670762_4554226152_0,2
140.0,:cluster655375228_655375240_0,1
140.0,:cluster655375228_655375240_13,1
140.0,:cluster655375336_end_0_655375336_end_1_655375336_end_10_655375336_end_11_#8more_10,1
140.0,:cluster655375336_end_0_655375336_end_1_655375336_end_10_655375336_end_11_#8more_12,1
140.0,:cluster655375336_end_0_655375336_end_1_655375336_end_10_655375336_end_11_#8more_40,1
140.0,:cluster_2038168688_655375573_23,1
140.0,:cluster_2038168688_655375573_3,1
140.0,:cluster_2038168688_655375573_6,1
140.0,:cluster_2528018119_655375236_17,2
140.0,:cluster_5372642442_631668976_631668981_631669076_47,1
140.0,E0,2
160.0,-186602412#3,1
160.0,-300077497#5,1
160.0,-35274074#2,10
160.0,-360018417,5
160.0,-51362429#1,1
160.0,-51362430,19
160.0,-593847703#3,20
160.0,-593847704#2,3
160.0,-594658757#2,5
160.0,-E0,18
160.0,1068234498#0,29
160.0,1068234499#0,12
160.0,1068440001,8
160.0,1068440004#1,33
160.0,1068440006#0,1
160.0,1334904386#0,11
160.0,1334905223#0,1
160.0,182334378#0,14
160.0,186602412#0,3
160.0,196961377#0,22
160.0,196961377#3,1
160.0,238526531#0,5
160.0,244450512#1,3
160.0,244450512#4,1
160.0,244450512#5,1
160.0,263217603#0,1
160.0,288135628#0,1
160.0,288878926#0,2
160.0,300077497#0,4
160.0,300077497#6,4
160.0,30620492#0,18
160.0,30620492#1,5
160.0,314800955,1
160.0,484988951#0,2
160.0,48794887#0,2
160.0,49695736#0,7
160.0,506322840#0,1
160.0,506322841#3,1
160.0,506322841#4,1
160.0,506322842#0,16
160.0,506322844#0,5
160.0,506322846#2,11
160.0,506322853#0,5
160.0,51289045#5,1
160.0,51362429#0,14
160.0,51392936#0,1
160.0,593847702#0,7
160.0,593847703#0,4
160.0,593847705,1
160.0,593849711#0,1
160.0,593849711#2,20
160.0,593849718#0,1
160.0,594658760#0,2
160.0,594658762#0,23
160.0,668037874,3
160.0,:1973482489_3,1
160.0,:3086736518_0,1
160.0,:3086736518_6,1
160.0,:655375232_2,2
160.0,:655375232_6,2
160.0,:cluster11510670762_4554226152_0,2
160.0,:cluster619136880_619136881_cluster_4510442270_5296993511_5296993513_619136931_#1more_12,1
160.0,:cluster619136880_619136881_cluster_4510442270_5296993511_5296993513_619136931_#1more_8,1
160.0,:cluster655375228_655375240_0,2
160.0,:cluster655375336_end_0_655375336_end_1_655375336_end_10_655375336_end_11_#8more_12,1
160.0,:cluster_2528018119_655375236_17,1
160.0,:cluster_3431431575_4777363357_655375231_6982059025_7,2
160.0,:cluster_5372642442_631668976_631668981_631669076_22,1
160.0,:cluster_5372642442_631668976_631668981_631669076_45,2
160.0,E0,2
180.0,-1334905223#2,1
180.0,-35274074#2,10
180.0,-360018417,5
180.0,-51362430,19
180.0,-593847703#3,15
180.0,-594658757#2,10
180.0,-E0,19
180.0,1068234498#0,21
180.0,1068234499#0,13
180.0,1068440001,8
180.0,1068440004#1,33
180.0,1068440006#0,7
180.0,1334904386#0,13
180.0,1334905223#0,1
180.0,182334378#0,13
180.0,196961377#0,26
180.0,238526531#0,13
180.0,244450512#1,3
180.0,244450512#5,2
180.0,263217603#0,1
180.0,288135626#0,1
180.0,288135628#0,1
180.0,300077497#0,2
180.0,300077497#6,4
180.0,30620492#0,18
180.0,30620492#1,5
180.0,35274074#0,2
180.0,484988951#0,4
180.0,48794887#0,2
180.0,49073226#2,4
180.0,49695736#0,9
180.0,506322841#3,1
180.0,506322841#4,1
180.0,506322842#0,21
180.0,506322844#0,5
180.0,506322846#2,11
180.0,506322853#0,5
180.0,51289045#5,1
180.0,51362429#0,16
180.0,51392936#0,1
180.0,593847702#0,7
180.0,593847705,1
180.0,593849711#2,16
180.0,594658760#0,3
180.0,594658762#0,18
180.0,668037874,4
180.0,:3086736518_0,1
180.0,:3086736518_4,1
180.0,:3086736518_6,1
180.0,:655375232_2,2
180.0,:655375232_6,1
180.0,:655375232_8,1
180.0,:655375233_2,1
180.0,:655375233_4,4
180.0,:655375238_1,1
180.0,:cluster11510670762_4554226152_0,2
180.0,:cluster655375228_655375240_13,1
180.0,:cluster_2038168688_655375573_23,1
180.0,:cluster_3431431575_4777363357_655375231_6982059025_3,1
180.0,:cluster_5372642442_631668976_631668981_631669076_45,1
180.0,E0,2
200.0,-1334905223#2,1
200.0,-300077497#5,4
200.0,-35274074#2,12
200.0,-51362430,19
200.0,-593847703#3,20
200.0,-594658757#2,12
200.0,-E0,19
200.0,-E1,1
200.0,1068234498#0,25
200.0,1068234499#0,7
200.0,1068440001,8
200.0,1068440004#1,27
200.0,1068440006#0,5
200.0,182334378#0,17
200.0,186602412#0,1
200.0,196961377#0,28
200.0,238526531#0,3
200.0,244450512#1,3
200.0,244450512#5,2
200.0,263217603#0,2
200.0,263217604#0,1
200.0,288135626#0,1
200.0,288135628#0,1
200.0,300077497#0,5
200.0,300077497#6,4
200.0,303647015#0,13
200.0,30620492#0,18
200.0,30620492#1,5
200.0,314800955,1
200.0,35274074#0,5
200.0,484988951#0,4
200.0,48794887#0,2
200.0,49073226#2,5
200.0,49073272#4,4
200.0,49695736#0,1
200.0,506322840#0,3
200.0,506322841#4,1
200.0,506322842#0,13
200.0,506322844#0,2
200.0,506322846#0,8
200.0,506322846#2,5
200.0,506322848#0,1
200.0,506322851#0,1
200.0,506322851#2,1
200.0,506322853#0,5
200.0,51289045#5,1
200.0,51362429#0,16
200.0,51362430,1
200.0,51392936#0,1
200.0,593844216#0,1
200.0,593847705,1
200.0,593849711#2,18
200.0,593849718#0,2
200.0,594658760#0,4
200.0,594658762#0,25
200.0,668037874,5
200.0,:3086736518_0,1
200.0,:3086736518_4,3
200.0,:3086736518_6,1
200.0,:655375232_2,2
200.0,:655375232_6,1
200.0,:655375232_8,2
200.0,:655375233_4,2
200.0,:655375233_8,6
200.0,:655375238_1,1
200.0,:655375239_5,1
200.0,:655375241_0,3
200.0,:cluster11510670762_4554226152_0,2
200.0,:cluster622618015_622618108_622618112_622618144_#2more_31,1
200.0,:cluster_2038168688_655375573_21,1
200.0,:cluster_2528018119_655375236_12,1
200.0,:cluster_2528018119_655375236_29,1
200.0,:cluster_2528018119_655375236_33,1
200.0,:cluster_2528018119_655375236_8,1
200.0,:cluster_5372642442_631668976_631668981_631669076_33,1
200.0,:cluster_9383263990_9383263991_9383263992_9383263993_7,1
200.0,E0,2
220.0,-1334905223#2,1
220.0,-300077497#5,7
220.0,-35274074#2,12
220.0,-360018417,2
220.0,-51362430,19
220.0,-593847703#3,25
220.0,-594658757#2,6
220.0,-E0,19
220.0,1068234498#0,29
220.0,1068234499#0,1
220.0,1068440001,8
220.0,1068440004#1,30
220.0,1239087514,1
220.0,182334378#0,20
220.0,196961377#0,23
220.0,196961377#3,1
220.0,232003903#0,1
220.0,238526531#0,2
220.0,244450512#1,3
220.0,244450512#5,2
220.0,263217603#0,1
220.0,263217604#0,2
220.0,288135626#0,2
220.0,288135628#0,2
220.0,300077497#0,10
220.0,303647015#0,4
220.0,30620492#0,18
220.0,30620492#1,5
220.0,314800955,1
220.0,35274074#0,7
220.0,484988951#0,4
220.0,48794887#0,2
220.0,49073226#2,5
220.0,49073272#4,1
220.0,49695736#0,1
220.0,506322841#4,1
220.0,506322842#0,14
220.0,506322844#0,6
220.0,506322846#0,3
220.0,506322846#2,3
220.0,506322851#0,6
220.0,506322851#2,2
220.0,506322853#0,8
220.0,51362429#0,17
220.0,51362430,2
220.0,51392936#0,1
220.0,593844216#0,1
220.0,593847705,1
220.0,593849711#2,20
220.0,594658762#0,32
220.0,668037874,5
220.0,:3086736518_0,1
220.0,:3086736518_4,3
220.0,:3086736518_6,1
220.0,:619136999_2,1
220.0,:6251747844_2,1
220.0,:655375232_2,2
220.0,:655375232_6,1
220.0,:655375232_8,2
220.0,:655375233_4,2
220.0,:655375233_8,6
220.0,:655375238_6,1
220.0,:655375239_3,1
220.0,:cluster11510670762_4554226152_0,2
220.0,:cluster3086736522_655375108_655375247_655375401_#1more_11,2
220.0,:cluster655375336_end_0_655375336_end_1_655375336_end_10_655375336_end_11_#8more_13,2
220.0,:cluster655375336_end_0_655375336_end_1_655375336_end_10_655375336_end_11_#8more_31,1
220.0,:cluster_2038168688_655375573_17,1
220.0,:cluster_2038168688_655375573_30,1
220.0,:cluster_2528018119_655375236_33,1
220.0,:cluster_5372642442_631668976_631668981_631669076_33,1
220.0,E0,2
240.0,-300077497#5,3
240.0,-35274074#2,12
240.0,-360018417,5
240.0,-51362430,19
240.0,-593847703#3,29
240.0,-594658757#2,1
240.0,-E0,19
240.0,1068234498#0,27
240.0,1068234499#0,4
240.0,1068440001,4
240.0,1068440004#1,33
240.0,1239087514,1
240.0,1334905223#0,1
240.0,182334378#0,24
240.0,196961377#0,20
240.0,232003903#0,2
240.0,238526531#0,3
240.0,244450512#1,2
240.0,260881642#0,4
240.0,263217603#0,1
240.0,288135626#0,2
240.0,288135628#0,1
240.0,300077497#0,1
240.0,300077497#6,3
240.0,303647015#0,5
240.0,30620492#0,18
240.0,30620492#1,5
240.0,35274074#0,3
240.0,360843888,1
240.0,484988951#0,4
240.0,48794887#0,2
240.0,49073226#2,5
240.0,49695736#0,3
240.0,506322841#4,1
240.0,506322842#0,16
240.0,506322844#0,6
240.0,506322846#0,4
240.0,506322846#2,6
240.0,506322851#2,3
240.0,506322853#0,14
240.0,51289045#7,1
240.0,51362429#0,16
240.0,51362430,3
240.0,51392936#0,1
240.0,593844216#0,1
240.0,593844221#0,1
240.0,593849711#2,20
240.0,594658760#0,1
240.0,594658762#0,27
240.0,668037874,5
240.0,:3086736518_0,1
240.0,:3086736518_4,3
240.0,:3086736518_6,1
240.0,:655375232_2,3
240.0,:655375232_6,1
240.0,:655375232_8,2
240.0,:655375233_0,1
240.0,:655375233_4,2
240.0,:655375233_8,6
240.0,:655375238_0,1
240.0,:cluster11510670762_4554226152_0,1
240.0,:cluster622618015_622618108_622618112_622618144_#2more_49,1
240.0,:cluster655375228_655375240_13,1
240.0,:cluster655375228_655375240_2,1
240.0,:cluster_2038168688_655375573_23,1
240.0,:cluster_2038168688_655375573_3,1
240.0,:cluster_2038168688_655375573_30,1
240.0,:cluster_2038168688_655375573_6,2
240.0,:cluster_3208478133_655375293_655375296_9631728504_#1more_8,4
240.0,:cluster_3431431575_4777363357_655375231_6982059025_5,1
240.0,:cluster_5372642442_631668976_631668981_631669076_22,1
240.0,:cluster_5372642442_631668976_631668981_631669076_45,1
240.0,:cluster_9383263990_9383263991_9383263992_9383263993_0,1
260.0,-35274074#2,12
260.0,-360018417,5
260.0,-51362430,13
260.0,-593847703#3,32
260.0,-594658757#2,1
260.0,-E0,19
260.0,1068234498#0,25
260.0,1068234499#0,7
260.0,1068440001,5
260.0,1068440004#1,33
260.0,1334905223#0,1
260.0,182334378#0,25
260.0,186602412#0,5
260.0,196961377#0,25
260.0,232003903#0,2
260.0,238526531#0,9
260.0,244450512#1,3
260.0,260881642#0,3
260.0,263217603#0,1
260.0,288135628#0,1
260.0,300077497#0,1
260.0,300077497#6,5
260.0,30620492#0,18
260.0,30620492#1,5
260.0,314800955,1
260.0,360843888,1
260.0,484988951#0,5
260.0,48794887#0,1
260.0,49073226#2,5
260.0,49695736#0,8
260.0,506322841#3,1
260.0,506322841#4,1
260.0,506322842#0,20
260.0,506322844#0,6
260.0,506322846#0,4
260.0,506322846#2,11
260.0,506322853#0,17
260.0,51362429#0,17
260.0,51362430,2
260.0,51392936#0,1
260.0,593844216#0,1
260.0,593844221#0,1
260.0,593849711#2,20
260.0,594658760#0,1
260.0,594658762#0,20
260.0,668037874,4
260.0,:1973482489_8,1
260.0,:3086736518_0,2
260.0,:3086736518_4,3
260.0,:3086736518_6,1
260.0,:655375232_2,3
260.0,:655375232_6,1
260.0,:655375232_8,2
260.0,:655375233_0,1
260.0,:655375233_4,2
260.0,:655375233_8,6
260.0,:656132414_2,1
260.0,:cluster11510670762_4554226152_0,1
260.0,:cluster619136880_619136881_cluster_4510442270_5296993511_5296993513_619136931_#1more_12,1
260.0,:cluster655375228_655375240_0,1
260.0,:cluster655375228_655375240_13,1
260.0,:cluster655375336_end_0_655375336_end_1_655375336_end_10_655375336_end_11_#8more_12,1
260.0,:cluster655375336_end_0_655375336_end_1_655375336_end_10_655375336_end_11_#8more_25,1
260.0,:cluster655375336_end_0_655375336_end_1_655375336_end_10_655375336_end_11_#8more_40,1
260.0,:cluster_2038168688_655375573_24,1
260.0,:cluster_3208478133_655375293_655375296_9631728504_#1more_8,2
260.0,:cluster_5372642442_631668976_631668981_631669076_45,2
260.0,E0,1
280.0,-300077497#5,1
280.0,-300077497#8,1
280.0,-35274074#2,12
280.0,-360018417,1
280.0,-51362430,12
280.0,-593847703#3,31
280.0,-593847705,1
280.0,-594658757#2,2
280.0,-E0,19
280.0,1068234498#0,25
280.0,1068234499#0,4
280.0,1068440001,4
280.0,1068440004#1,33
280.0,1334904386#0,1
280.0,182334378#0,23
280.0,186602412#0,4
280.0,196961377#0,27
280.0,232003903#0,2
280.0,238526531#0,11
280.0,244450512#1,2
280.0,260881642#0,4
280.0,263217603#0,4
280.0,263217604#0,1
280.0,288135626#0,1
280.0,288135628#0,1
280.0,300077497#0,3
280.0,300077497#6,5
280.0,30620492#0,18
280.0,30620492#1,5
280.0,314800955,1
280.0,360843888,1
280.0,484988951#0,5
280.0,48794887#0,2
280.0,49073226#2,5
280.0,49073272#4,3
280.0,49695736#0,9
280.0,506322841#3,1
280.0,506322841#4,1
280.0,506322842#0,18
280.0,506322844#0,2
280.0,506322846#0,4
280.0,506322846#2,4
280.0,506322848#0,3
280.0,506322851#0,3
280.0,506322853#0,17
280.0,51362429#0,17
280.0,51362430,2
280.0,51392936#0,1
280.0,593844216#0,1
280.0,593844221#0,1
280.0,593849711#2,17
280.0,594658760#0,1
280.0,594658762#0,23
280.0,668037874,4
280.0,:3086736518_0,2
280.0,:3086736518_4,3
280.0,:3086736518_6,1
280.0,:3208478121_0,1
280.0,:655375232_2,3
280.0,:655375232_4,1
280.0,:655375232_6,3
280.0,:655375232_8,2
280.0,:655375233_0,1
280.0,:655375233_10,1
280.0,:655375233_2,1
280.0,:655375233_4,1
280.0,:655375233_8,6
280.0,:655375238_5,1
280.0,:655375239_5,1
280.0,:656132414_2,1
280.0,:cluster655375336_end_0_655375336_end_1_655375336_end_10_655375336_end_11_#8more_10,2
280.0,:cluster655375336_end_0_655375336_end_1_655375336_end_10_655375336_end_11_#8more_25,3
280.0,:cluster_2038168688_655375573_17,1
280.0,:cluster_2528018119_655375236_12,2
280.0,:cluster_2528018119_655375236_20,1
280.0,:cluster_2528018119_655375236_32,1
280.0,:cluster_3208478133_655375293_655375296_9631728504_#1more_8,2
280.0,E0,2
300.0,-1334905223#2,2
300.0,-300077497#5,9
300.0,-35274074#2,12
300.0,-51362430,10
300.0,-593847703#3,32
300.0,-593847705,1
300.0,-594658757#2,1
300.0,-E0,19
300.0,1068234498#0,27
300.0,1068234499#0,3
300.0,1068440001,3
300.0,1068440004#1,31
300.0,1334904386#0,1
300.0,182334378#0,23
300.0,196961377#0,27
300.0,232003903#0,2
300.0,238526531#0,10
300.0,244450512#1,3
300.0,260881642#0,2
300.0,263217603#0,5
300.0,263217604#0,2
300.0,288135626#0,2
300.0,288135628#0,1
300.0,300077497#0,10
300.0,300077497#6,5
300.0,303647015#0,1
300.0,30620492#0,18
300.0,30620492#1,5
300.0,360843888,1
300.0,484988951#0,5
300.0,48794887#0,1
300.0,49073226#2,5
300.0,49695736#0,10
300.0,506322841#4,1
300.0,506322842#0,16
300.0,506322844#0,3
300.0,506322846#0,3
300.0,506322846#2,6
300.0,506322851#0,3
300.0,506322851#2,1
300.0,506322853#0,19
300.0,51362429#0,17
300.0,51362430,2
300.0,593842812#0,1
300.0,593844221#0,1
300.0,593847702#0,6
300.0,593847703#0,1
300.0,593849711#2,18
300.0,594658760#0,1
300.0,594658762#0,30
300.0,668037874,4
300.0,:3086736518_0,2
300.0,:3086736518_4,3
300.0,:3086736518_6,1
300.0,:655375232_2,3
300.0,:655375232_4,1
300.0,:655375232_6,3
300.0,:655375232_8,2
300.0,:655375233_4,1
300.0,:655375233_8,4
300.0,:656132414_2,1
300.0,:cluster11510670762_4554226152_0,2
300.0,:cluster3086736522_655375108_655375247_655375401_#1more_11,1
300.0,:cluster655375336_end_0_655375336_end_1_655375336_end_10_655375336_end_11_#8more_40,1
300.0,:cluster_2038168688_655375573_17,1
300.0,:cluster_2528018119_655375236_12,2
300.0,:cluster_2528018119_655375236_20,1
300.0,:cluster_2528018119_655375236_28,1
300.0,:cluster_2528018119_655375236_32,1
300.0,:cluster_3208478133_655375293_655375296_9631728504_#1more_8,4
300.0,E0,1
320.0,-300077497#5,7
320.0,-35274074#2,12
320.0,-360018417,5
320.0,-51362430,12
320.0,-593847703#3,34
320.0,-593847705,1
320.0,-E0,19
320.0,1068234498#0,32
320.0,1068234499#0,6
320.0,1068440001,8
320.0,1068440004#1,26
320.0,1239087514,1
320.0,1334904386#0,2
320.0,182334378#0,21
320.0,196961377#0,20
320.0,238526531#0,10
320.0,244450512#1,3
320.0,244450512#4,1
320.0,263217603#0,2
320.0,263217604#0,2
320.0,288135626#0,1
320.0,300077497#0,10
320.0,303647015#0,1
320.0,30620492#0,18
320.0,30620492#1,4
320.0,35274074#0,1
320.0,484988951#0,5
320.0,49073226#2,5
320.0,49073272#4,2
320.0,49695736#0,10
320.0,506322840#0,1
320.0,506322842#0,17
320.0,506322844#0,7
320.0,506322846#2,5
320.0,506322851#0,2
320.0,506322851#2,5
320.0,506322853#0,19
320.0,51362429#0,17
320.0,51362430,6
320.0,593844221#0,1
320.0,593847702#0,15
320.0,593849711#2,18
320.0,594658760#0,1
320.0,594658762#0,31
320.0,668037874,4
320.0,:3086736518_0,2
320.0,:3086736518_4,3
320.0,:3086736518_6,1
320.0,:655375232_2,3
320.0,:655375232_4,1
320.0,:655375232_6,3
320.0,:655375232_8,2
320.0,:655375233_4,1
320.0,:655375233_8,1
320.0,:655375238_6,1
320.0,:655375239_3,2
320.0,:cluster11510670762_4554226152_0,2
320.0,:cluster655375228_655375240_0,1
320.0,:cluster655375228_655375240_13,1
320.0,:cluster655375336_end_0_655375336_end_1_655375336_end_10_655375336_end_11_#8more_10,1
320.0,:cluster655375336_end_0_655375336_end_1_655375336_end_10_655375336_end_11_#8more_12,1
320.0,:cluster655375336_end_0_655375336_end_1_655375336_end_10_655375336_end_11_#8more_25,1
320.0,:cluster_2528018119_655375236_31,1
320.0,:cluster_3208478133_655375293_655375296_9631728504_#1more_1,1
320.0,:cluster_3208478133_655375293_655375296_9631728504_#1more_8,1
320.0,:cluster_9383263990_9383263991_9383263992_9383263993_19,1
320.0,E1,1
340.0,-300077497#5,5
340.0,-35274074#2,12
340.0,-360018417,5
340.0,-51362430,18
340.0,-593847703#3,34
340.0,-593847705,1
340.0,-594658757#2,3
340.0,-E0,20
340.0,1068234498#0,25
340.0,1068234499#0,10
340.0,1068440001,9
340.0,1068440004#1,33
340.0,1334904386#0,4
340.0,1334905223#0,1
340.0,182334378#0,18
340.0,196961377#0,22
340.0,238526531#0,13
340.0,244450512#1,3
340.0,244450512#4,1
340.0,244450512#5,1
340.0,263217603#0,2
340.0,288135626#0,2
340.0,288878926#0,3
340.0,300077497#0,3
340.0,30620492#0,17
340.0,30620492#1,5
340.0,35274074#0,2
340.0,484988951#0,5
340.0,49695736#0,11
340.0,506322842#0,17
340.0,506322844#0,7
340.0,506322846#0,4
340.0,506322846#2,6
340.0,506322851#2,7
340.0,506322853#0,19
340.0,51362429#0,17
340.0,51362430,7
340.0,593847702#0,16
340.0,593849711#2,18
340.0,594658757#0,1
340.0,594658760#0,1
340.0,594658762#0,24
340.0,668037874,4
340.0,:3086736518_0,2
340.0,:3086736518_4,3
340.0,:3086736518_6,1
340.0,:655375232_2,3
340.0,:655375232_4,1
340.0,:655375232_6,3
340.0,:655375232_8,2
340.0,:655375233_4,1
340.0,:655375238_6,1
340.0,:655375239_3,2
340.0,:cluster11510670762_4554226152_0,2
340.0,:cluster619136880_619136881_cluster_4510442270_5296993511_5296993513_619136931_#1more_12,1
340.0,:cluster622618015_622618108_622618112_622618144_#2more_45,2
340.0,:cluster655375228_655375240_0,1
340.0,:cluster655375228_655375240_13,1
340.0,:cluster655375336_end_0_655375336_end_1_655375336_end_10_655375336_end_11_#8more_25,2
340.0,:cluster655375336_end_0_655375336_end_1_655375336_end_10_655375336_end_11_#8more_40,3
340.0,:cluster_2038168688_655375573_23,1
340.0,:cluster_2038168688_655375573_3,1
340.0,:cluster_2528018119_655375236_17,1
340.0,:cluster_5372642442_631668976_631668981_631669076_26,1
340.0,:cluster_5372642442_631668976_631668981_631669076_45,2
340.0,E1,1
360.0,-300077497#5,6
360.0,-35274074#2,10
360.0,-360018417,5
360.0,-51362429#1,1
360.0,-51362430,19
360.0,-593847703#3,35
360.0,-593847705,1
360.0,-594658757#2,6
360.0,-E0,20
360.0,1068234498#0,23
360.0,1068234499#0,12
360.0,1068440001,9
360.0,1068440004#1,33
360.0,1068440006#0,1
360.0,1334904386#0,10
360.0,1334905223#0,2
360.0,182334378#0,13
360.0,186602412#0,4
360.0,196961377#0,26
360.0,238526531#0,21
360.0,244450512#1,3
360.0,244450512#5,2
360.0,288878926#0,1
360.0,300077497#6,4
360.0,30620492#0,18
360.0,30620492#1,5
360.0,484988951#0,3
360.0,49695736#0,11
360.0,506322842#0,17
360.0,506322844#0,7
360.0,506322846#0,3
360.0,506322846#2,5
360.0,506322851#2,7
360.0,506322853#0,19
360.0,51362429#0,17
360.0,51362430,6
360.0,593847702#0,16
360.0,593847703#0,6
360.0,593849711#2,18
360.0,594658757#0,1
360.0,594658760#0,1
360.0,594658762#0,20
360.0,668037874,4
360.0,:1973482489_8,1
360.0,:3086736518_0,1
360.0,:3086736518_4,3
360.0,:3086736518_6,1
360.0,:655375232_11,1
360.0,:655375232_2,1
360.0,:655375232_6,2
360.0,:655375232_8,1
360.0,:655375233_0,1
360.0,:655375233_4,1
360.0,:655375239_3,2
360.0,:cluster11510670762_4554226152_0,2
360.0,:cluster655375228_655375240_0,1
360.0,:cluster655375336_end_0_655375336_end_1_655375336_end_10_655375336_end_11_#8more_10,1
360.0,:cluster655375336_end_0_655375336_end_1_655375336_end_10_655375336_end_11_#8more_12,1
360.0,:cluster655375336_end_0_655375336_end_1_655375336_end_10_655375336_end_11_#8more_25,2
360.0,:cluster655375336_end_0_655375336_end_1_655375336_end_10_655375336_end_11_#8more_40,1
360.0,:cluster_3431431575_4777363357_655375231_6982059025_5,1
360.0,:cluster_5372642442_631668976_631668981_631669076_45,1
360.0,E1,1
380.0,-1334905223#2,1
380.0,-300077497#5,11
380.0,-300077497#8,1
380.0,-35274074#2,12
380.0,-51362429#1,1
380.0,-51362430,19
380.0,-593847703#3,35
380.0,-593847705,1
380.0,-594658757#2,9
380.0,-E0,20
380.0,1068234498#0,25
380.0,1068234499#0,7
380.0,1068440001,9
380.0,1068440004#1,34
380.0,1068440006#0,4
380.0,1239087514,1
380.0,1334904386#0,2
380.0,182334378#0,19
380.0,186602412#0,1
380.0,196961377#0,27
380.0,238526531#0,18
380.0,244450512#1,3
380.0,244450512#5,2
380.0,263217604#0,3
380.0,288135626#0,1
380.0,288878926#0,3
380.0,300077497#0,6
380.0,300077497#6,4
380.0,303647015#0,10
380.0,30620492#0,18
380.0,30620492#1,5
380.0,484988951#0,5
380.0,49073226#2,2
380.0,49073272#4,3
380.0,49695736#0,6
380.0,506322842#0,13
380.0,506322844#0,2
380.0,506322846#0,2
380.0,506322846#2,2
380.0,506322851#2,8
380.0,506322853#0,19
380.0,51362429#0,18
380.0,51362430,4
380.0,593847703#0,5
380.0,593849711#2,14
380.0,593849718#0,7
380.0,594658760#0,1
380.0,594658762#0,26
380.0,668037874,3
380.0,:2444664370_0,1
380.0,:3086736518_0,1
380.0,:3086736518_4,3
380.0,:3086736518_6,1
380.0,:655375232_2,1
380.0,:655375232_6,1
380.0,:655375232_8,1
380.0,:655375233_4,1
380.0,:655375239_5,1
380.0,:655375241_0,1
380.0,:cluster11510670762_4554226152_0,2
380.0,:cluster622618015_622618108_622618112_622618144_#2more_31,3
380.0,:cluster_2038168688_655375573_30,2
380.0,:cluster_2528018119_655375236_12,2
380.0,:cluster_2528018119_655375236_20,1
400.0,-300077497#5,15
400.0,-35274074#2,12
400.0,-360018417,2
400.0,-51362429#1,2
400.0,-51362430,19
400.0,-593847703#3,31
400.0,-594658757#2,4
400.0,-E0,20
400.0,1068234498#0,31
400.0,1068234499#0,9
400.0,1068440001,9
400.0,1068440004#1,34
400.0,1239087514,1
400.0,1334904386#0,1
400.0,182334378#0,26
400.0,196961377#0,23
400.0,232003903#0,1
400.0,238526531#0,18
400.0,244450512#1,3
400.0,244450512#5,2
400.0,263217604#0,3
400.0,288135626#0,2
400.0,288878926#0,5
400.0,300077497#0,9
400.0,303647015#0,6
400.0,30620492#0,18
400.0,30620492#1,5
400.0,35274074#0,3
400.0,484988951#0,5
400.0,49073226#2,3
400.0,49073272#4,1
400.0,506322842#0,11
400.0,506322844#0,6
400.0,506322846#2,4
400.0,506322851#2,8
400.0,506322853#0,18
400.0,51362429#0,18
400.0,51362430,5
400.0,593847703#0,5
400.0,593847704#0,1
400.0,593849711#2,16
400.0,594658760#0,1
400.0,594658762#0,32
400.0,668037874,4
400.0,:3086736518_0,1
400.0,:3086736518_4,1
400.0,:3086736518_6,1
400.0,:619136999_2,1
400.0,:655375232_2,1
400.0,:655375232_6,1
400.0,:655375232_8,1
400.0,:655375233_4,2
400.0,:655375238_1,1
400.0,:655375239_3,1
400.0,:cluster11510670762_4554226152_0,2
400.0,:cluster3086736522_655375108_655375247_655375401_#1more_11,2
400.0,:cluster655375336_end_0_655375336_end_1_655375336_end_10_655375336_end_11_#8more_31,1
400.0,:cluster_2038168688_655375573_17,1
400.0,:cluster_2038168688_655375573_30,2
400.0,:cluster_2528018119_655375236_12,1
400.0,:cluster_2528018119_655375236_29,1
400.0,:cluster_3208478133_655375293_655375296_9631728504_#1more_11,1
400.0,:cluster_3431431575_4777363357_655375231_6982059025_3,1
420.0,-300077497#5,14
420.0,-35274074#2,12
420.0,-360018417,5
420.0,-51362430,18
420.0,-593847703#3,32
420.0,-593847704#2,1
420.0,-E0,20
420.0,1068234498#0,28
420.0,1068234499#0,11
420.0,1068440001,6
420.0,1068440004#1,28
420.0,1239087514,1
420.0,1334904386#0,1
420.0,1334905223#0,2
420.0,182334378#0,30
420.0,196961377#0,20
420.0,232003903#0,2
420.0,238526531#0,20
420.0,244450512#1,2
420.0,260881642#0,3
420.0,288135626#0,2
420.0,288878926#0,3
420.0,300077497#0,8
420.0,303647015#0,5
420.0,30620492#0,18
420.0,30620492#1,4
420.0,35274074#0,7
420.0,360843888,1
420.0,484988951#0,5
420.0,49073226#2,6
420.0,506322842#0,11
420.0,506322844#0,7
420.0,506322846#2,4
420.0,506322851#2,7
420.0,506322853#0,19
420.0,51362429#0,18
420.0,51362430,7
420.0,593844216#0,1
420.0,593844221#0,1
420.0,593849711#0,1
420.0,593849711#2,16
420.0,594658757#0,1
420.0,594658760#0,2
420.0,594658762#0,27
420.0,668037874,4
420.0,:3086736518_0,1
420.0,:3086736518_4,1
420.0,:3086736518_6,1
420.0,:655375232_2,1
420.0,:655375232_6,1
420.0,:655375232_8,1
420.0,:655375233_4,2
420.0,:655375233_8,6
420.0,:655375238_6,1
420.0,:cluster11510670762_4554226152_0,1
420.0,:cluster655375228_655375240_0,1
420.0,:cluster_2038168688_655375573_3,2
420.0,:cluster_2038168688_655375573_30,2
420.0,:cluster_2038168688_655375573_6,2
420.0,:cluster_2664674491_655375287_655375288_5,1
420.0,:cluster_3208478133_655375293_655375296_9631728504_#1more_8,4
420.0,:cluster_5372642442_631668976_631668981_631669076_45,1
420.0,:cluster_9383263990_9383263991_9383263992_9383263993_0,1
420.0,:cluster_9383263990_9383263991_9383263992_9383263993_13,1
440.0,-300077497#5,14
440.0,-35274074#2,12
440.0,-360018417,5
440.0,-51362430,16
440.0,-593847703#3,32
440.0,-593847704#2,1
440.0,-E0,20
440.0,1068234498#0,24
440.0,1068234499#0,13
440.0,1068440001,7
440.0,1068440004#1,33
440.0,1334904386#0,1
440.0,182334378#0,28
440.0,196961377#0,26
440.0,232003903#0,2
440.0,238526531#0,26
440.0,244450512#1,2
440.0,260881642#0,3
440.0,263217603#0,1
440.0,300077497#6,2
440.0,30620492#0,17
440.0,30620492#1,5
440.0,35274074#0,13
440.0,360843888,1
440.0,484988951#0,5
440.0,49073226#2,6
440.0,506322842#0,11
440.0,506322844#0,7
440.0,506322846#2,5
440.0,506322851#2,7
440.0,506322853#0,19
440.0,51362429#0,18
440.0,51362430,8
440.0,593844216#0,1
440.0,593849711#2,16
440.0,594658757#0,1
440.0,594658760#0,1
440.0,594658762#0,19
440.0,668037874,4
440.0,:3086736518_0,1
440.0,:3086736518_4,1
440.0,:3086736518_6,1
440.0,:655375232_2,1
440.0,:655375232_6,1
440.0,:655375232_8,1
440.0,:655375233_4,2
440.0,:655375233_8,6
440.0,:655375238_6,1
440.0,:cluster11510670762_4554226152_0,1
440.0,:cluster655375228_655375240_0,1
440.0,:cluster655375228_655375240_2,1
440.0,:cluster655375336_end_0_655375336_end_1_655375336_end_10_655375336_end_11_#8more_10,1
440.0,:cluster655375336_end_0_655375336_end_1_655375336_end_10_655375336_end_11_#8more_12,1
440.0,:cluster655375336_end_0_655375336_end_1_655375336_end_10_655375336_end_11_#8more_25,2
440.0,:cluster_2038168688_655375573_3,2
440.0,:cluster_2038168688_655375573_30,2
440.0,:cluster_2038168688_655375573_6,2
440.0,:cluster_2664674491_655375287_655375288_5,1
440.0,:cluster_3208478133_655375293_655375296_9631728504_#1more_8,4
440.0,:cluster_5372642442_631668976_631668981_631669076_26,1
440.0,:cluster_5372642442_631668976_631668981_631669076_45,1
440.0,:cluster_9383263990_9383263991_9383263992_9383263993_13,1
440.0,:cluster_9383263990_9383263991_9383263992_9383263993_19,1
460.0,-300077497#5,14
460.0,-35274074#2,12
460.0,-360018417,1
460.0,-51362430,15
460.0,-593847703#3,34
460.0,-594658757#2,3
460.0,-E0,20
460.0,1068234498#0,29
460.0,1068234499#0,9
460.0,1068440001,7
460.0,1068440004#1,33
460.0,1334904386#0,2
460.0,182334378#0,24
460.0,196961377#0,28
460.0,232003903#0,2
460.0,238526531#0,28
460.0,244450512#1,2
460.0,260881642#0,2
460.0,263217603#0,3
460.0,263217604#0,2
460.0,300077497#0,2
460.0,300077497#6,4
460.0,303647015#0,1
460.0,30620492#0,18
460.0,30620492#1,5
460.0,35274074#0,14
460.0,360843888,1
460.0,484988951#0,4
460.0,49073226#2,6
460.0,49073272#4,3
460.0,506322842#0,10
460.0,506322844#0,3
460.0,506322846#0,1
460.0,506322846#2,2
460.0,506322851#0,2
460.0,506322851#2,7
460.0,506322853#0,19
460.0,51362429#0,17
460.0,51362430,8
460.0,593844216#0,1
460.0,593847704#0,1
460.0,593849711#2,16
460.0,594658757#0,1
460.0,594658760#0,1
460.0,594658762#0,20
460.0,668037874,4
460.0,:3086736518_0,1
460.0,:3086736518_4,1
460.0,:3208478121_0,1
460.0,:655375232_2,2
460.0,:655375232_6,1
460.0,:655375232_8,1
460.0,:655375233_0,1
460.0,:655375233_4,2
460.0,:655375233_8,6
460.0,:655375239_5,1
460.0,:655375239_6,1
460.0,:656132414_2,1
460.0,:cluster11510670762_4554226152_0,1
460.0,:cluster655375336_end_0_655375336_end_1_655375336_end_10_655375336_end_11_#8more_10,2
460.0,:cluster655375336_end_0_655375336_end_1_655375336_end_10_655375336_end_11_#8more_25,3
460.0,:cluster_2038168688_655375573_3,2
460.0,:cluster_2038168688_655375573_6,2
460.0,:cluster_2038168688_655375573_8,1
460.0,:cluster_2528018119_655375236_12,2
460.0,:cluster_2528018119_655375236_32,1
460.0,:cluster_2664674491_655375287_655375288_5,1
460.0,:cluster_3208478133_655375293_655375296_9631728504_#1more_8,3
480.0,-300077497#5,20
480.0,-300077497#8,1
480.0,-35274074#2,12
480.0,-51362430,14
480.0,-593847703#3,35
480.0,-594658757#2,2
480.0,-E0,20
480.0,1068234498#0,33
480.0,1068234499#0,8
480.0,1068440001,4
480.0,1068440004#1,33
480.0,182334378#0,27
480.0,186602412#0,2
480.0,196961377#0,28
480.0,232003903#0,2
480.0,238526531#0,23
480.0,244450512#1,3
480.0,260881642#0,2
480.0,263217603#0,3
480.0,263217604#0,4
480.0,288135626#0,1
480.0,300077497#0,6
480.0,300077497#6,4
480.0,303647015#0,2
480.0,30620492#0,18
480.0,30620492#1,5
480.0,35274074#0,14
480.0,360843888,1
480.0,484988951#0,5
480.0,49073226#2,6
480.0,49073272#4,2
480.0,49695736#0,5
480.0,506322840#0,2
480.0,506322842#0,10
480.0,506322844#0,3
480.0,506322846#0,1
480.0,506322846#2,3
480.0,506322848#0,1
480.0,506322851#0,1
480.0,506322851#2,8
480.0,506322853#0,19
480.0,51362429#0,17
480.0,51362430,7
480.0,593844216#0,1
480.0,593844221#0,1
480.0,593849711#2,13
480.0,594658757#0,1
480.0,594658760#0,1
480.0,594658762#0,27
480.0,668037874,4
480.0,:1973482489_3,1
480.0,:3086736518_0,1
480.0,:3086736518_4,1
480.0,:655375232_2,2
480.0,:655375232_4,1
480.0,:655375232_6,2
480.0,:655375232_8,1
480.0,:655375233_0,1
480.0,:655375233_4,2
480.0,:655375233_8,6
480.0,:655375238_1,1
480.0,:655375241_0,1
480.0,:cluster11510670762_4554226152_0,2
480.0,:cluster3086736522_655375108_655375247_655375401_#1more_11,1
480.0,:cluster622618015_622618108_622618112_622618144_#2more_39,1
480.0,:cluster655375336_end_0_655375336_end_1_655375336_end_10_655375336_end_11_#8more_10,1
480.0,:cluster655375336_end_0_655375336_end_1_655375336_end_10_655375336_end_11_#8more_40,1
480.0,:cluster_2038168688_655375573_25,1
480.0,:cluster_2528018119_655375236_12,2
480.0,:cluster_2528018119_655375236_20,1
480.0,:cluster_3208478133_655375293_655375296_9631728504_#1more_8,1
480.0,:cluster_3431431575_4777363357_655375231_6982059025_3,1
480.0,:cluster_9383263990_9383263991_9383263992_9383263993_7,1
500.0,-300077497#5,21
500.0,-35274074#2,11
500.0,-360018417,5
500.0,-51362430,15
500.0,-593847701,1
500.0,-593847703#3,33
500.0,-593847705,1
500.0,-E0,20
500.0,1068234498#0,38
500.0,1068234499#0,9
500.0,1068440001,7
500.0,1068440004#1,34
500.0,1334904386#0,2
500.0,182334378#0,28
500.0,196961377#0,20
500.0,196961377#3,1
500.0,238526531#0,23
500.0,244450512#1,3
500.0,263217603#0,1
500.0,263217604#0,4
500.0,300077497#0,6
500.0,303647015#0,1
500.0,30620492#0,18
500.0,30620492#1,5
500.0,35274074#0,16
500.0,484988951#0,5
500.0,49073226#2,7
500.0,49073272#4,2
500.0,49695736#0,2
500.0,506322840#0,1
500.0,506322842#0,10
500.0,506322844#0,5
500.0,506322846#0,1
500.0,506322846#2,2
500.0,506322851#0,1
500.0,506322851#2,8
500.0,506322853#0,19
500.0,51362429#0,17
500.0,51362430,9
500.0,593844221#0,2
500.0,593849711#2,14
500.0,594658760#0,1
500.0,594658762#0,31
500.0,668037874,4
500.0,:3086736518_0,1
500.0,:3086736518_4,1
500.0,:3208478128_0,1
500.0,:655375232_2,2
500.0,:655375232_4,1
500.0,:655375232_6,2
500.0,:655375232_8,1
500.0,:655375233_0,1
500.0,:655375233_4,2
500.0,:655375233_8,6
500.0,:655375238_1,1
500.0,:655375238_3,1
500.0,:cluster11510670762_4554226152_0,2
500.0,:cluster655375228_655375240_13,1
500.0,:cluster655375228_655375240_2,1
500.0,:cluster_2038168688_655375573_23,1
500.0,:cluster_2038168688_655375573_25,1
500.0,:cluster_2038168688_655375573_3,1
500.0,:cluster_2038168688_655375573_6,1
500.0,:cluster_3208478133_655375293_655375296_9631728504_#1more_1,1
500.0,:cluster_9383263990_9383263991_9383263992_9383263993_0,1
520.0,-300077497#5,24
520.0,-35274074#2,8
520.0,-360018417,5
520.0,-51362430,17
520.0,-593847701,1
520.0,-593847703#3,34
520.0,-593847705,1
520.0,-594658757#2,2
520.0,-E0,20
520.0,1068234498#0,30
520.0,1068234499#0,12
520.0,1068440001,9
520.0,1068440004#1,33
520.0,1239087514,2
520.0,1334904386#0,4
520.0,1334905223#0,1
520.0,182334378#0,20
520.0,186602412#0,3
520.0,196961377#0,22
520.0,238526531#0,26
520.0,244450512#1,3
520.0,244450512#4,2
520.0,244450512#5,1
520.0,288135626#0,1
520.0,300077497#6,1
520.0,30620492#0,18
520.0,30620492#1,5
520.0,35274074#0,9
520.0,484988951#0,5
520.0,49073226#2,7
520.0,49695736#0,4
520.0,506322840#0,1
520.0,506322842#0,10
520.0,506322844#0,5
520.0,506322846#0,10
520.0,506322846#2,2
520.0,506322851#0,1
520.0,506322851#2,8
520.0,506322853#0,19
520.0,51362429#0,17
520.0,51362430,9
520.0,593844221#0,1
520.0,593849711#2,14
520.0,594658757#0,1
520.0,594658760#0,2
520.0,594658762#0,23
520.0,668037874,3
520.0,:1973482489_3,1
520.0,:3086736518_0,1
520.0,:3086736518_4,1
520.0,:655375232_2,2
520.0,:655375232_4,1
520.0,:655375232_6,2
520.0,:655375232_8,1
520.0,:655375233_0,1
520.0,:655375233_4,2
520.0,:655375233_8,7
520.0,:655375238_0,1
520.0,:cluster11510670762_4554226152_0,2
520.0,:cluster619136880_619136881_cluster_4510442270_5296993511_5296993513_619136931_#1more_12,1
520.0,:cluster619136880_619136881_cluster_4510442270_5296993511_5296993513_619136931_#1more_8,1
520.0,:cluster655375228_655375240_0,1
520.0,:cluster655375228_655375240_13,1
520.0,:cluster655375336_end_0_655375336_end_1_655375336_end_10_655375336_end_11_#8more_12,1
520.0,:cluster655375336_end_0_655375336_end_1_655375336_end_10_655375336_end_11_#8more_40,1
520.0,:cluster655375336_end_0_655375336_end_1_655375336_end_10_655375336_end_11_#8more_6,2
520.0,:cluster_2038168688_655375573_3,1
520.0,:cluster_2038168688_655375573_6,1
520.0,:cluster_5372642442_631668976_631668981_631669076_45,1
540.0,-300077497#5,25
540.0,-35274074#2,5
540.0,-360018417,5
540.0,-51362430,19
540.0,-593847701,1
540.0,-593847703#3,34
540.0,-593847705,1
540.0,-594658757#2,5
540.0,-E0,19
540.0,1068234498#0,31
540.0,1068234499#0,13
540.0,1068440001,9
540.0,1068440004#1,33
540.0,1334904386#0,8
540.0,1334905223#0,1
540.0,182334378#0,14
540.0,186602412#0,5
540.0,196961377#0,26
540.0,232003903#0,1
540.0,238526531#0,27
540.0,244450512#1,3
540.0,244450512#5,3
540.0,263217603#0,1
540.0,300077497#6,4
540.0,30620492#0,18
540.0,30620492#1,5
540.0,35274074#0,1
540.0,484988951#0,5
540.0,49073226#2,7
540.0,49695736#0,4
540.0,506322840#0,1
540.0,506322842#0,10
540.0,506322844#0,5
540.0,506322846#0,13
540.0,506322846#2,3
540.0,506322851#0,1
540.0,506322851#2,8
540.0,506322853#0,19
540.0,51362429#0,17
540.0,51362430,14
540.0,593844221#0,1
540.0,593849711#2,14
540.0,594658757#0,1
540.0,594658760#0,2
540.0,594658762#0,18
540.0,668037874,4
540.0,:3086736518_0,1
540.0,:3086736518_4,1
540.0,:3086736518_6,1
540.0,:655375232_2,2
540.0,:655375232_4,1
540.0,:655375232_6,2
540.0,:655375232_8,1
540.0,:655375233_0,1
540.0,:655375233_4,2
540.0,:655375233_8,7
540.0,:cluster11510670762_4554226152_0,2
540.0,:cluster655375336_end_0_655375336_end_1_655375336_end_10_655375336_end_11_#8more_10,1
540.0,:cluster655375336_end_0_655375336_end_1_655375336_end_10_655375336_end_11_#8more_12,1
540.0,:cluster655375336_end_0_655375336_end_1_655375336_end_10_655375336_end_11_#8more_40,1
540.0,:cluster_2038168688_655375573_23,1
560.0,-300077497#5,27
560.0,-300077497#8,4
560.0,-35274074#2,11
560.0,-51362430,19
560.0,-593847701,1
560.0,-593847703#3,35
560.0,-593847705,1
560.0,-594658757#2,9
560.0,-E0,19
560.0,1068234498#0,34
560.0,1068234499#0,8
560.0,1068440001,9
560.0,1068440004#1,33
560.0,1334904386#0,4
560.0,182334378#0,15
560.0,186602412#0,4
560.0,196961377#0,27
560.0,238526531#0,18
560.0,244450512#1,3
560.0,244450512#5,3
560.0,263217603#0,1
560.0,263217604#0,1
560.0,300077497#0,6
560.0,300077497#6,4
560.0,303647015#0,5
560.0,30620492#0,18
560.0,30620492#1,5
560.0,35274074#0,1
560.0,484988951#0,5
560.0,49073226#2,6
560.0,49073272#4,4
560.0,506322842#0,9
560.0,506322844#0,3
560.0,506322846#0,7
560.0,506322846#2,2
560.0,506322851#0,1
560.0,506322851#2,8
560.0,506322853#0,19
560.0,51362429#0,17
560.0,51362430,15
560.0,593844221#0,1
560.0,593849711#2,14
560.0,594658757#0,1
560.0,594658760#0,2
560.0,594658762#0,25
560.0,668037874,4
560.0,:1973482489_8,1
560.0,:3086736518_0,1
560.0,:3086736518_4,1
560.0,:3086736518_6,1
560.0,:655375232_2,2
560.0,:655375232_4,1
560.0,:655375232_6,2
560.0,:655375232_8,1
560.0,:655375233_0,1
560.0,:655375233_4,2
560.0,:655375233_8,7
560.0,:655375241_0,2
560.0,:cluster11510670762_4554226152_0,2
560.0,:cluster3086736522_655375108_655375247_655375401_#1more_8,2
560.0,:cluster_2038168688_655375573_21,1
560.0,:cluster_2038168688_655375573_25,1
560.0,:cluster_2528018119_655375236_12,1
560.0,:cluster_2528018119_655375236_29,1
560.0,:cluster_623980147_623980152_9,1
580.0,-300077497#5,27
580.0,-300077497#8,4
580.0,-35274074#2,12
580.0,-360018417,2
580.0,-51362430,19
580.0,-593847701,1
580.0,-593847703#3,35
580.0,-593847705,1
580.0,-594658757#2,4
580.0,-E0,19
580.0,1068234498#0,36
580.0,1068234499#0,4
580.0,1068440001,9
580.0,1068440004#1,33
580.0,1334904386#0,5
580.0,182334378#0,19
580.0,186602412#0,4
580.0,196961377#0,23
580.0,238526531#0,18
580.0,244450512#1,3
580.0,244450512#5,3
580.0,263217603#0,1
580.0,263217604#0,1
580.0,288878926#0,7
580.0,300077497#0,5
580.0,300077497#6,2
580.0,303647015#0,4
580.0,30620492#0,18
580.0,30620492#1,5
580.0,35274074#0,5
580.0,484988951#0,5
580.0,49073272#4,1
580.0,506322842#0,9
580.0,506322844#0,5
580.0,506322846#2,2
580.0,506322851#0,1
580.0,506322851#2,8
580.0,506322853#0,19
580.0,51362429#0,17
580.0,51362430,15
580.0,593844221#0,1
580.0,593849711#2,14
580.0,594658757#0,1
580.0,594658760#0,2
580.0,594658762#0,30
580.0,668037874,4
580.0,:1973482489_3,1
580.0,:3086736518_0,1
580.0,:3086736518_4,1
580.0,:3086736518_6,1
580.0,:619136999_2,1
580.0,:655375232_2,2
580.0,:655375232_4,1
580.0,:655375232_6,2
580.0,:655375232_8,1
580.0,:655375233_0,1
580.0,:655375233_4,2
580.0,:655375233_8,7
580.0,:655375238_0,1
580.0,:655375239_3,1
580.0,:cluster11510670762_4554226152_0,2
580.0,:cluster3086736522_655375108_655375247_655375401_#1more_11,2
580.0,:cluster_2038168688_655375573_30,1
600.0,-300077497#5,27
600.0,-300077497#8,4
600.0,-35274074#2,10
600.0,-360018417,5
600.0,-51362430,19
600.0,-593847701,1
600.0,-593847703#3,35
600.0,-593847704#2,1
600.0,-593847705,1
600.0,-594658757#2,1
600.0,-E0,19
600.0,1068234498#0,34
600.0,1068234499#0,4
600.0,1068440001,9
600.0,1068440004#1,33
600.0,1334904386#0,5
600.0,182334378#0,23
600.0,196961377#0,20
600.0,238526531#0,19
600.0,244450512#1,2
600.0,260881642#0,4
600.0,263217603#0,2
600.0,288135626#0,2
600.0,288878926#0,5
600.0,300077497#6,2
600.0,303647015#0,3
600.0,30620492#0,18
600.0,30620492#1,5
600.0,484988951#0,5
600.0,506322842#0,9
600.0,506322844#0,5
600.0,506322846#0,4
600.0,506322846#2,2
600.0,506322851#0,1
600.0,506322851#2,8
600.0,506322853#0,19
600.0,51362429#0,17
600.0,51362430,18
600.0,593844221#0,1
600.0,593849711#0,1
600.0,593849711#2,14
600.0,594658757#0,1
600.0,594658760#0,3
600.0,594658762#0,24
600.0,668037874,4
600.0,:3086736518_0,1
600.0,:3086736518_4,1
600.0,:3086736518_6,1
600.0,:655375232_2,2
600.0,:655375232_4,1
600.0,:655375232_6,2
600.0,:655375232_8,1
600.0,:655375233_0,1
600.0,:655375233_4,2
600.0,:655375233_8,7
600.0,:cluster11510670762_4554226152_0,2
600.0,:cluster655375228_655375240_0,1
600.0,:cluster_2038168688_655375573_23,1
600.0,:cluster_2038168688_655375573_30,1
600.0,:cluster_2664674491_655375287_655375288_5,1
600.0,:cluster_5372642442_631668976_631668981_631669076_26,1
600.0,:cluster_5372642442_631668976_631668981_631669076_45,2
600.0,:cluster_9383263990_9383263991_9383263992_9383263993_19,1
620.0,-300077497#5,27
620.0,-300077497#8,4
620.0,-35274074#2,11
620.0,-360018417,5
620.0,-51362430,19
620.0,-593847701,1
620.0,-593847703#3,35
620.0,-593847704#2,1
620.0,-593847705,1
620.0,-594658757#2,1
620.0,-E0,19
620.0,1068234498#0,26
620.0,1068234499#0,8
620.0,1068440001,9
620.0,1068440004#1,33
620.0,1334904386#0,5
620.0,1334905223#0,2
620.0,182334378#0,24
620.0,186602412#0,4
620.0,196961377#0,25
620.0,238526531#0,27
620.0,244450512#1,2
620.0,260881642#0,4
620.0,288135626#0,2
620.0,300077497#6,2
620.0,30620492#0,18
620.0,30620492#1,5
620.0,484988951#0,5
620.0,506322842#0,9
620.0,506322844#0,5
620.0,506322846#2,2
620.0,506322851#0,1
620.0,506322851#2,8
620.0,506322853#0,19
620.0,51362429#0,17
620.0,51362430,18
620.0,593844221#0,1
620.0,593849711#2,14
620.0,594658757#0,1
620.0,594658760#0,3
620.0,594658762#0,16
620.0,668037874,5
620.0,:2444664370_0,1
620.0,:3086736518_0,1
620.0,:3086736518_4,1
620.0,:3086736518_6,1
620.0,:655375232_2,2
620.0,:655375232_4,1
620.0,:655375232_6,2
620.0,:655375232_8,1
620.0,:655375233_0,1
620.0,:655375233_4,2
620.0,:655375233_8,7
620.0,:cluster11510670762_4554226152_0,2
620.0,:cluster619136880_619136881_cluster_4510442270_5296993511_5296993513_619136931_#1more_12,1
620.0,:cluster655375228_655375240_0,2
620.0,:cluster_5372642442_631668976_631668981_631669076_45,2
640.0,-300077497#5,27
640.0,-300077497#8,4
640.0,-35274074#2,12
640.0,-360018417,1
640.0,-51362430,19
640.0,-593847701,1
640.0,-593847703#3,35
640.0,-593847705,1
640.0,-594658757#2,3
640.0,-E0,19
640.0,1068234498#0,29
640.0,1068234499#0,7
640.0,1068440001,9
640.0,1068440004#1,33
640.0,1334904386#0,2
640.0,182334378#0,19
640.0,196961377#0,27
640.0,238526531#0,25
640.0,244450512#1,3
640.0,260881642#0,3
640.0,263217603#0,1
640.0,300077497#0,2
640.0,300077497#6,2
640.0,303647015#0,5
640.0,30620492#0,18
640.0,30620492#1,5
640.0,484988951#0,5
640.0,49073272#4,3
640.0,506322842#0,8
640.0,506322844#0,5
640.0,506322846#2,2
640.0,506322848#0,2
640.0,506322851#0,1
640.0,506322851#2,8
640.0,506322853#0,19
640.0,51362429#0,17
640.0,51362430,18
640.0,593844221#0,1
640.0,593849711#2,14
640.0,594658757#0,1
640.0,594658760#0,3
640.0,594658762#0,13
640.0,668037874,5
640.0,:3086736518_0,1
640.0,:3086736518_4,1
640.0,:3086736518_6,1
640.0,:3208478121_0,1
640.0,:655375232_2,2
640.0,:655375232_4,1
640.0,:655375232_6,2
640.0,:655375232_8,1
640.0,:655375233_0,1
640.0,:655375233_4,2
640.0,:655375233_8,7
640.0,:cluster11510670762_4554226152_0,2
640.0,:cluster655375336_end_0_655375336_end_1_655375336_end_10_655375336_end_11_#8more_12,1
640.0,:cluster655375336_end_0_655375336_end_1_655375336_end_10_655375336_end_11_#8more_41,1
640.0,:cluster_2038168688_655375573_21,1
640.0,:cluster_2038168688_655375573_9,1
640.0,:cluster_2528018119_655375236_12,1
640.0,:cluster_2528018119_655375236_29,1
640.0,:cluster_9383263990_9383263991_9383263992_9383263993_7,1
660.0,-1334905223#2,1
660.0,-300077497#5,27
660.0,-300077497#8,4
660.0,-35274074#2,12
660.0,-51362430,19
660.0,-593847701,1
660.0,-593847703#3,35
660.0,-593847705,1
660.0,-594658757#2,8
660.0,-E0,19
660.0,1068234498#0,34
660.0,1068234499#0,4
660.0,1068440001,9
660.0,1068440004#1,33
660.0,1334904386#0,2
660.0,182334378#0,13
660.0,196961377#0,27
660.0,238526531#0,25
660.0,244450512#1,3
660.0,260881642#0,2
660.0,263217603#0,1
660.0,300077497#0,5
660.0,300077497#6,4
660.0,303647015#0,2
660.0,30620492#0,18
660.0,30620492#1,5
660.0,484988951#0,5
660.0,49073272#4,1
660.0,506322842#0,7
660.0,506322844#0,5
660.0,506322846#2,4
660.0,506322851#0,1
660.0,506322851#2,8
660.0,506322853#0,19
660.0,51362429#0,17
660.0,51362430,18
660.0,593844221#0,1
660.0,593847704#0,1
660.0,593849711#2,14
660.0,594658757#0,1
660.0,594658760#0,3
660.0,594658762#0,13
660.0,668037874,5
660.0,:3086736518_0,1
660.0,:3086736518_4,1
660.0,:3086736518_6,1
660.0,:655375232_2,2
660.0,:655375232_4,1
660.0,:655375232_6,2
660.0,:655375232_8,1
660.0,:655375233_0,1
660.0,:655375233_4,2
660.0,:655375233_8,7
660.0,:cluster11510670762_4554226152_0,2
660.0,:cluster3086736522_655375108_655375247_655375401_#1more_11,1
660.0,:cluster655375336_end_0_655375336_end_1_655375336_end_10_655375336_end_11_#8more_10,1
660.0,:cluster655375336_end_0_655375336_end_1_655375336_end_10_655375336_end_11_#8more_12,1
660.0,:cluster655375336_end_0_655375336_end_1_655375336_end_10_655375336_end_11_#8more_40,1
660.0,:cluster_2038168688_655375573_30,1
680.0,-300077497#5,26
680.0,-300077497#8,4
680.0,-35274074#2,12
680.0,-360018417,5
680.0,-49073264#1,1
680.0,-51362430,19
680.0,-593847701,1
680.0,-593847703#3,35
680.0,-593847705,1
680.0,-594658757#2,1
680.0,-E0,19
680.0,1068234498#0,35
680.0,1068234499#0,5
680.0,1068440001,9
680.0,1068440004#1,33
680.0,1334904386#0,6
680.0,182334378#0,16
680.0,196961377#0,20
680.0,238526531#0,25
680.0,244450512#1,3
680.0,303647015#0,8
680.0,30620492#0,18
680.0,30620492#1,5
680.0,484988951#0,5
680.0,49073272#4,2
680.0,506322840#0,1
680.0,506322842#0,7
680.0,506322844#0,5
680.0,506322846#2,2
680.0,506322851#0,1
680.0,506322851#2,8
680.0,506322853#0,19
680.0,51362429#0,17
680.0,51362430,18
680.0,593844221#0,1
680.0,593849711#2,14
680.0,594658757#0,1
680.0,594658760#0,3
680.0,594658762#0,11
680.0,668037874,5
680.0,:3086736518_0,1
680.0,:3086736518_4,1
680.0,:3086736518_6,1
680.0,:655375232_2,2
680.0,:655375232_4,1
680.0,:655375232_6,2
680.0,:655375232_8,1
680.0,:655375233_0,1
680.0,:655375233_4,2
680.0,:655375233_8,7
680.0,:655375239_3,1
680.0,:cluster11510670762_4554226152_0,2
680.0,:cluster3086736522_655375108_655375247_655375401_#1more_11,1
680.0,:cluster655375228_655375240_0,1
680.0,:cluster655375228_655375240_13,1
680.0,:cluster_2038168688_655375573_30,1
680.0,:cluster_2528018119_655375236_19,1
700.0,-300077497#5,26
700.0,-300077497#8,4
700.0,-35274074#2,12
700.0,-360018417,5
700.0,-49073264#1,1
700.0,-51362429#1,1
700.0,-51362430,19
700.0,-593847703#3,32
700.0,-594658757#2,1
700.0,-E0,19
700.0,1068234498#0,30
700.0,1068234499#0,8
700.0,1068440001,9
700.0,1068440004#1,33
700.0,1068440006#0,1
700.0,1334904386#0,6
700.0,1334905223#0,1
700.0,182334378#0,16
700.0,196961377#0,22
700.0,238526531#0,25
700.0,244450512#1,3
700.0,288135626#0,3
700.0,303647015#0,1
700.0,30620492#0,18
700.0,30620492#1,5
700.0,484988951#0,5
700.0,49073226#2,1
700.0,506322840#0,1
700.0,506322842#0,7
700.0,506322844#0,5
700.0,506322846#2,2
700.0,506322851#0,1
700.0,506322851#2,8
700.0,506322853#0,18
700.0,51362429#0,17
700.0,51362430,18
700.0,593844221#0,1
700.0,593849711#2,13
700.0,594658757#0,1
700.0,594658760#0,3
700.0,594658762#0,4
700.0,668037874,4
700.0,:3086736518_0,1
700.0,:3086736518_3,1
700.0,:3086736518_4,1
700.0,:3086736518_6,1
700.0,:655375232_2,2
700.0,:655375232_6,1
700.0,:655375232_8,2
700.0,:655375233_0,1
700.0,:655375233_4,5
700.0,:655375233_8,7
700.0,:cluster11510670762_4554226152_0,2
700.0,:cluster619136880_619136881_cluster_4510442270_5296993511_5296993513_619136931_#1more_12,1
700.0,:cluster619136880_619136881_cluster_4510442270_5296993511_5296993513_619136931_#1more_8,1
700.0,:cluster655375228_655375240_13,1
700.0,:cluster655375228_655375240_2,1
700.0,:cluster655375336_end_0_655375336_end_1_655375336_end_10_655375336_end_11_#8more_12,1
700.0,:cluster655375336_end_0_655375336_end_1_655375336_end_10_655375336_end_11_#8more_40,1
700.0,:cluster_2038168688_655375573_30,1
720.0,-300077497#5,27
720.0,-300077497#8,3
720.0,-35274074#2,11
720.0,-360018417,5
720.0,-49073264#1,1
720.0,-51362430,19
720.0,-593847703#3,32
720.0,-594658757#2,6
720.0,-E0,19
720.0,1068234498#0,31
720.0,1068234499#0,11
720.0,1068440001,9
720.0,1068440004#1,32
720.0,1068440006#0,1
720.0,1334904386#0,10
720.0,182334378#0,10
720.0,196961377#0,25
720.0,238526531#0,25
720.0,244450512#1,3
720.0,30620492#0,18
720.0,30620492#1,5
720.0,484988951#0,5
720.0,49073226#2,1
720.0,506322842#0,7
720.0,506322844#0,5
720.0,506322846#2,3
720.0,506322851#0,1
720.0,506322851#2,7
720.0,506322853#0,18
720.0,51362429#0,17
720.0,51362430,18
720.0,593844221#0,1
720.0,593847702#0,6
720.0,593849711#2,15
720.0,594658757#0,1
720.0,594658760#0,3
720.0,668037874,5
720.0,:2877022366_0,1
720.0,:3086736518_0,1
720.0,:3086736518_3,1
720.0,:3086736518_4,1
720.0,:3086736518_6,1
720.0,:655375232_2,2
720.0,:655375232_6,1
720.0,:655375232_8,2
720.0,:655375233_0,1
720.0,:655375233_4,5
720.0,:655375233_8,2
720.0,:655375238_2,1
720.0,:cluster11510670762_4554226152_0,2
720.0,:cluster655375336_end_0_655375336_end_1_655375336_end_10_655375336_end_11_#8more_12,1
720.0,:cluster655375336_end_0_655375336_end_1_655375336_end_10_655375336_end_11_#8more_40,1
720.0,:cluster_2038168688_655375573_30,1
720.0,:cluster_3431431575_4777363357_655375231_6982059025_3,1
740.0,-300077497#5,27
740.0,-300077497#8,4
740.0,-35274074#2,12
740.0,-49073264#1,1
740.0,-51362430,19
740.0,-593847703#3,34
740.0,-594658757#2,12
740.0,-E0,19
740.0,1068234498#0,36
740.0,1068234499#0,2
740.0,1068440001,9
740.0,1068440004#1,32
740.0,1068440006#0,1
740.0,1334904386#0,3
740.0,182334378#0,9
740.0,196961377#0,28
740.0,238526531#0,24
740.0,244450512#1,3
740.0,263217604#0,2
740.0,300077497#0,5
740.0,303647015#0,9
740.0,30620492#0,17
740.0,30620492#1,5
740.0,484988951#0,5
740.0,49073226#2,2
740.0,49073272#4,4
740.0,506322842#0,7
740.0,506322844#0,5
740.0,506322846#2,2
740.0,506322851#2,8
740.0,506322853#0,19
740.0,51362429#0,17
740.0,51362430,18
740.0,593844221#0,1
740.0,593849711#2,15
740.0,593849718#0,4
740.0,594658757#0,1
740.0,594658760#0,2
740.0,668037874,3
740.0,:3086736518_0,1
740.0,:3086736518_3,1
740.0,:3086736518_4,1
740.0,:3086736518_6,1
740.0,:655375232_2,2
740.0,:655375232_6,1
740.0,:655375232_8,2
740.0,:655375233_0,1
740.0,:655375233_4,5
740.0,:655375233_8,3
740.0,:655375238_2,1
740.0,:cluster11510670762_4554226152_0,2
740.0,:cluster3086736522_655375108_655375247_655375401_#1more_8,1
740.0,:cluster655375336_end_0_655375336_end_1_655375336_end_10_655375336_end_11_#8more_12,1
740.0,:cluster655375336_end_0_655375336_end_1_655375336_end_10_655375336_end_11_#8more_41,1
740.0,:cluster655375336_end_0_655375336_end_1_655375336_end_10_655375336_end_11_#8more_6,1
740.0,:cluster_2038168688_655375573_25,1
740.0,:cluster_2528018119_655375236_29,1
740.0,:cluster_2528018119_655375236_8,1
760.0,-300077497#5,27
760.0,-300077497#8,4
760.0,-35274074#2,12
760.0,-360018417,2
760.0,-51362430,19
760.0,-593847703#3,35
760.0,-594658757#2,9
760.0,-E0,19
760.0,1068234498#0,36
760.0,1068234499#0,2
760.0,1068440001,9
760.0,1068440004#1,34
760.0,1239087514,1
760.0,1334904386#0,4
760.0,182334378#0,16
760.0,196961377#0,23
760.0,196961377#3,1
760.0,238526531#0,24
760.0,244450512#1,3
760.0,263217604#0,2
760.0,300077497#6,1
760.0,303647015#0,4
760.0,30620492#0,18
760.0,30620492#1,5
760.0,484988951#0,5
760.0,49073226#2,2
760.0,49073272#4,1
760.0,506322842#0,7
760.0,506322844#0,5
760.0,506322846#2,2
760.0,506322851#2,8
760.0,506322853#0,19
760.0,51362429#0,13
760.0,51362430,19
760.0,593844221#0,1
760.0,593847703#0,1
760.0,593849711#2,15
760.0,594658760#0,2
760.0,668037874,3
760.0,:3086736518_0,2
760.0,:3086736518_3,1
760.0,:3086736518_4,1
760.0,:3086736518_6,1
760.0,:619136999_2,1
760.0,:655375232_2,2
760.0,:655375232_6,1
760.0,:655375232_8,2
760.0,:655375233_0,2
760.0,:655375233_4,5
760.0,:655375233_8,3
760.0,:655375238_2,1
760.0,:655375239_3,2
760.0,:cluster11510670762_4554226152_0,2
760.0,:cluster3086736522_655375108_655375247_655375401_#1more_11,1
760.0,:cluster_2038168688_655375573_25,1
780.0,-300077497#5,27
780.0,-300077497#8,4
780.0,-35274074#2,12
780.0,-360018417,5
780.0,-51362430,19
780.0,-593847703#3,35
780.0,-594658757#2,4
780.0,-E0,19
780.0,1068234498#0,34
780.0,1068234499#0,2
780.0,1068440001,9
780.0,1068440004#1,34
780.0,1239087514,1
780.0,1334904386#0,5
780.0,182334378#0,17
780.0,196961377#0,20
780.0,238526531#0,25
780.0,244450512#1,3
780.0,260881642#0,4
780.0,300077497#0,2
780.0,303647015#0,7
780.0,30620492#0,18
780.0,30620492#1,5
780.0,360843888,1
780.0,484988951#0,3
780.0,49073226#2,4
780.0,506322842#0,7
780.0,506322844#0,5
780.0,506322846#2,3
780.0,506322851#2,8
780.0,506322853#0,19
780.0,51362429#0,13
780.0,51362430,16
780.0,593844221#0,1
780.0,593847703#0,2
780.0,593849711#2,15
780.0,594658757#0,1
780.0,594658760#0,2
780.0,668037874,3
780.0,:3086736518_0,2
780.0,:3086736518_3,1
780.0,:3086736518_4,1
780.0,:3086736518_6,1
780.0,:655375232_2,1
780.0,:655375232_6,1
780.0,:655375232_8,2
780.0,:655375233_0,2
780.0,:655375233_4,5
780.0,:655375233_8,3
780.0,:655375238_2,1
780.0,:cluster11510670762_4554226152_0,1
780.0,:cluster622618015_622618108_622618112_622618144_#2more_49,1
780.0,:cluster_2038168688_655375573_25,1
780.0,:cluster_2528018119_655375236_3,1
780.0,:cluster_3208478133_655375293_655375296_9631728504_#1more_8,1
780.0,:cluster_3431431575_4777363357_655375231_6982059025_5,1
780.0,:cluster_5372642442_631668976_631668981_631669076_45,1
800.0,-300077497#5,27
800.0,-300077497#8,4
800.0,-35274074#2,12
800.0,-360018417,5
800.0,-51362429#1,1
800.0,-51362430,19
800.0,-593847703#3,32
800.0,-594658757#2,4
800.0,-E0,19
800.0,1068234498#0,33
800.0,1068234499#0,2
800.0,1068440001,8
800.0,1068440004#1,34
800.0,1334904386#0,5
800.0,182334378#0,22
800.0,196961377#0,23
800.0,238526531#0,27
800.0,244450512#1,2
800.0,260881642#0,4
800.0,288878926#0,2
800.0,300077497#0,2
800.0,30620492#0,18
800.0,30620492#1,5
800.0,35274074#0,2
800.0,360843888,1
800.0,484988951#0,2
800.0,49073226#2,7
800.0,506322842#0,7
800.0,506322844#0,5
800.0,506322846#2,2
800.0,506322851#2,8
800.0,506322853#0,19
800.0,51362429#0,16
800.0,51362430,10
800.0,593844221#0,1
800.0,593849711#2,13
800.0,594658757#0,1
800.0,594658760#0,2
800.0,:3086736518_0,2
800.0,:3086736518_3,1
800.0,:3086736518_4,3
800.0,:3086736518_6,1
800.0,:655375232_2,1
800.0,:655375232_6,1
800.0,:655375232_8,2
800.0,:655375233_0,2
800.0,:655375233_4,6
800.0,:655375233_8,3
800.0,:655375238_2,1
800.0,:655375238_6,1
800.0,:cluster11510670762_4554226152_0,2
800.0,:cluster_2038168688_655375573_25,1
800.0,:cluster_2664674491_655375287_655375288_5,1
800.0,:cluster_3208478133_655375293_655375296_9631728504_#1more_8,1
800.0,:cluster_3431431575_4777363357_655375231_6982059025_3,1
800.0,:cluster_3431431575_4777363357_655375231_6982059025_5,1
800.0,:cluster_3431431575_4777363357_655375231_6982059025_7,1
800.0,:cluster_623980147_623980152_9,1
820.0,-300077497#5,27
820.0,-300077497#8,4
820.0,-35274074#2,12
820.0,-360018417,1
820.0,-51362430,17
820.0,-593847703#3,33
820.0,-594658757#2,4
820.0,-E0,19
820.0,1068234498#0,33
820.0,1068440001,7
820.0,1068440004#1,34
820.0,182334378#0,22
820.0,186602412#0,1
820.0,196961377#0,23
820.0,238526531#0,26
820.0,244450512#1,3
820.0,260881642#0,3
820.0,288878926#0,9
820.0,303647015#0,4
820.0,30620492#0,18
820.0,30620492#1,5
820.0,35274074#0,2
820.0,360843888,1
820.0,484988951#0,5
820.0,49073226#2,3
820.0,49073272#4,3
820.0,506322842#0,7
820.0,506322844#0,5
820.0,506322846#0,2
820.0,506322846#2,1
820.0,506322851#2,8
820.0,506322853#0,19
820.0,51362429#0,17
820.0,51362430,7
820.0,593844221#0,1
820.0,593849711#2,17
820.0,594658757#0,1
820.0,594658760#0,2
820.0,:3086736518_0,2
820.0,:3086736518_3,1
820.0,:3086736518_4,3
820.0,:3086736518_6,1
820.0,:3208478121_0,1
820.0,:655375232_2,1
820.0,:655375232_6,1
820.0,:655375232_8,2
820.0,:655375233_0,2
820.0,:655375233_4,6
820.0,:655375233_8,3
820.0,:655375238_2,1
820.0,:cluster3086736522_655375108_655375247_655375401_#1more_8,1
820.0,:cluster655375336_end_0_655375336_end_1_655375336_end_10_655375336_end_11_#8more_12,1
820.0,:cluster655375336_end_0_655375336_end_1_655375336_end_10_655375336_end_11_#8more_25,2
820.0,:cluster_2038168688_655375573_25,1
820.0,:cluster_2528018119_655375236_8,1
820.0,:cluster_3208478133_655375293_655375296_9631728504_#1more_8,3
820.0,:cluster_623980147_623980152_4,1
820.0,:cluster_9383263990_9383263991_9383263992_9383263993_7,1
840.0,-300077497#5,27
840.0,-300077497#8,4
840.0,-35274074#2,12
840.0,-51362430,15
840.0,-593847703#3,34
840.0,-594658757#2,5
840.0,-E0,19
840.0,1068234498#0,33
840.0,1068440001,5
840.0,1068440004#1,34
840.0,1334904386#0,2
840.0,182334378#0,17
840.0,196961377#0,23
840.0,238526531#0,26
840.0,244450512#1,2
840.0,260881642#0,3
840.0,288878926#0,13
840.0,300077497#0,3
840.0,30620492#0,18
840.0,30620492#1,5
840.0,35274074#0,2
840.0,360843888,1
840.0,484988951#0,3
840.0,49695736#0,2
840.0,506322842#0,7
840.0,506322844#0,5
840.0,506322846#2,3
840.0,506322851#2,8
840.0,506322853#0,17
840.0,51362429#0,18
840.0,51362430,7
840.0,593847704#0,1
840.0,593849711#2,17
840.0,594658757#0,1
840.0,594658760#0,2
840.0,668037874,1
840.0,:3086736518_0,2
840.0,:3086736518_3,1
840.0,:3086736518_4,3
840.0,:655375232_2,1
840.0,:655375232_6,1
840.0,:655375232_8,2
840.0,:655375233_0,2
840.0,:655375233_4,6
840.0,:655375233_8,3
840.0,:655375238_2,1
840.0,:656132414_2,1
840.0,:cluster11510670762_4554226152_0,2
840.0,:cluster3086736522_655375108_655375247_655375401_#1more_11,1
840.0,:cluster619136880_619136881_cluster_4510442270_5296993511_5296993513_619136931_#1more_8,1
840.0,:cluster655375336_end_0_655375336_end_1_655375336_end_10_655375336_end_11_#8more_10,1
840.0,:cluster655375336_end_0_655375336_end_1_655375336_end_10_655375336_end_11_#8more_12,1
840.0,:cluster655375336_end_0_655375336_end_1_655375336_end_10_655375336_end_11_#8more_25,2
840.0,:cluster_2038168688_655375573_25,1
840.0,:cluster_3208478133_655375293_655375296_9631728504_#1more_8,2
840.0,:cluster_3431431575_4777363357_655375231_6982059025_7,1
860.0,-300077497#5,27
860.0,-300077497#8,4
860.0,-35274074#2,12
860.0,-360018417,5
860.0,-51362430,16
860.0,-593847703#3,34
860.0,-594658757#2,3
860.0,-E0,19
860.0,1068234498#0,33
860.0,1068440001,8
860.0,1068440004#1,34
860.0,1334904386#0,4
860.0,182334378#0,14
860.0,196961377#0,20
860.0,238526531#0,26
860.0,244450512#1,2
860.0,244450512#5,1
860.0,288878926#0,15
860.0,300077497#0,1
860.0,303647015#0,4
860.0,30620492#0,18
860.0,30620492#1,5
860.0,35274074#0,2
860.0,484988951#0,3
860.0,49073226#2,7
860.0,49073272#4,2
860.0,49695736#0,5
860.0,506322842#0,7
860.0,506322844#0,5
860.0,506322846#0,1
860.0,506322846#2,2
860.0,506322851#2,7
860.0,506322853#0,14
860.0,51362429#0,18
860.0,593849711#2,18
860.0,593849718#0,1
860.0,594658757#0,1
860.0,594658760#0,2
860.0,668037874,1
860.0,:3086736518_0,2
860.0,:3086736518_3,1
860.0,:3086736518_4,3
860.0,:655375232_2,1
860.0,:655375232_6,1
860.0,:655375232_8,2
860.0,:655375233_0,2
860.0,:655375233_4,6
860.0,:655375233_8,3
860.0,:655375238_2,1
860.0,:cluster11510670762_4554226152_0,2
860.0,:cluster619136880_619136881_cluster_4510442270_5296993511_5296993513_619136931_#1more_8,1
860.0,:cluster655375336_end_0_655375336_end_1_655375336_end_10_655375336_end_11_#8more_10,1
860.0,:cluster655375336_end_0_655375336_end_1_655375336_end_10_655375336_end_11_#8more_12,1
860.0,:cluster_2038168688_655375573_23,1
860.0,:cluster_2038168688_655375573_25,1
860.0,:cluster_2038168688_655375573_6,1
860.0,:cluster_3431431575_4777363357_655375231_6982059025_7,1
880.0,-300077497#5,26
880.0,-300077497#8,4
880.0,-35274074#2,12
880.0,-360018417,5
880.0,-51362430,17
880.0,-593847703#3,34
880.0,-593847704#2,1
880.0,-594658757#2,4
880.0,-E0,19
880.0,1068234498#0,33
880.0,1068440001,9
880.0,1068440004#1,34
880.0,1334904386#0,5
880.0,182334378#0,16
880.0,186602412#0,3
880.0,196961377#0,22
880.0,238526531#0,26
880.0,244450512#1,2
880.0,244450512#5,1
880.0,288878926#0,6
880.0,30620492#0,18
880.0,30620492#1,5
880.0,484988951#0,3
880.0,49073226#2,8
880.0,49695736#0,5
880.0,506322842#0,7
880.0,506322844#0,5
880.0,506322846#0,3
880.0,506322846#2,2
880.0,506322851#2,3
880.0,506322853#0,18
880.0,51362429#0,13
880.0,593847703#0,2
880.0,593849711#0,1
880.0,593849711#2,18
880.0,593849718#0,3
880.0,594658757#0,1
880.0,594658760#0,2
880.0,:3086736518_0,2
880.0,:3086736518_3,1
880.0,:3086736518_4,3
880.0,:655375232_2,1
880.0,:655375232_6,1
880.0,:655375232_8,2
880.0,:655375233_0,2
880.0,:655375233_4,6
880.0,:655375233_8,3
880.0,:655375238_2,1
880.0,:cluster11510670762_4554226152_0,2
880.0,:cluster622618015_622618108_622618112_622618144_#2more_2,1
880.0,:cluster_2038168688_655375573_25,1
880.0,:cluster_2528018119_655375236_17,1
880.0,:cluster_2528018119_655375236_3,1
880.0,:cluster_3431431575_4777363357_655375231_6982059025_5,1
900.0,-300077497#5,26
900.0,-300077497#8,4
900.0,-35274074#2,12
900.0,-360018417,5
900.0,-51362429#1,4
900.0,-51362430,19
900.0,-593847703#3,34
900.0,-594658757#2,8
900.0,-E0,19
900.0,1068234498#0,33
900.0,1068440001,9
900.0,1068440004#1,34
900.0,1334904386#0,6
900.0,182334378#0,9
900.0,186602412#0,1
900.0,196961377#0,22
900.0,238526531#0,26
900.0,244450512#1,2
900.0,244450512#5,1
900.0,288878926#0,4
900.0,300077497#0,1
900.0,30620492#0,18
900.0,30620492#1,5
900.0,35274074#0,1
900.0,484988951#0,4
900.0,49073226#2,8
900.0,49695736#0,5
900.0,506322842#0,7
900.0,506322844#0,5
900.0,506322846#2,3
900.0,506322851#2,2
900.0,506322853#0,19
900.0,51362429#0,15
900.0,593849711#2,13
900.0,594658757#0,1
900.0,594658760#0,2
900.0,:3086736518_0,2
900.0,:3086736518_3,1
900.0,:3086736518_4,3
900.0,:655375232_2,1
900.0,:655375232_6,2
900.0,:655375232_8,2
900.0,:655375233_0,2
900.0,:655375233_4,7
900.0,:655375233_8,3
900.0,:655375238_2,1
900.0,:655375238_6,1
900.0,:cluster11510670762_4554226152_0,2
900.0,:cluster655375336_end_0_655375336_end_1_655375336_end_10_655375336_end_11_#8more_12,2
900.0,:cluster_2038168688_655375573_25,1
920.0,-300077497#5,27
920.0,-300077497#8,4
920.0,-35274074#2,12
920.0,-51362429#1,3
920.0,-51362430,19
920.0,-593847703#3,33
920.0,-594658757#2,13
920.0,-E0,19
920.0,1068234498#0,33
920.0,1068440001,9
920.0,1068440004#1,34
920.0,1334904386#0,3
920.0,196961377#0,22
920.0,238526531#0,26
920.0,244450512#1,2
920.0,244450512#5,1
920.0,288878926#0,4
920.0,300077497#0,5
920.0,303647015#0,4
920.0,30620492#0,18
920.0,30620492#1,5
920.0,35274074#0,2
920.0,484988951#0,4
920.0,49073226#2,9
920.0,49073272#4,4
920.0,506322842#0,7
920.0,506322844#0,4
920.0,506322846#2,2
920.0,506322851#2,2
920.0,506322853#0,19
920.0,51362429#0,16
920.0,593849711#2,18
920.0,594658757#0,1
920.0,594658760#0,1
920.0,:3086736518_0,2
920.0,:3086736518_3,1
920.0,:3086736518_4,3
920.0,:655375232_2,1
920.0,:655375232_6,2
920.0,:655375232_8,2
920.0,:655375233_0,2
920.0,:655375233_4,8
920.0,:655375233_8,3
920.0,:655375238_1,1
920.0,:655375238_5,1
920.0,:cluster11510670762_4554226152_0,2
920.0,:cluster655375336_end_0_655375336_end_1_655375336_end_10_655375336_end_11_#8more_12,1
920.0,:cluster655375336_end_0_655375336_end_1_655375336_end_10_655375336_end_11_#8more_40,2
920.0,:cluster_2038168688_655375573_25,1
940.0,-300077497#5,27
940.0,-300077497#8,4
940.0,-35274074#2,12
940.0,-360018417,1
940.0,-51362429#1,3
940.0,-51362430,19
940.0,-593847703#3,33
940.0,-594658757#2,8
940.0,-E0,19
940.0,1068234498#0,33
940.0,1068440001,9
940.0,1068440004#1,34
940.0,1334904386#0,5
940.0,196961377#0,19
940.0,196961377#3,2
940.0,238526531#0,26
940.0,244450512#1,2
940.0,244450512#5,1
940.0,288878926#0,4
940.0,300077497#0,5
940.0,303647015#0,4
940.0,30620492#0,18
940.0,30620492#1,5
940.0,35274074#0,2
940.0,484988951#0,4
940.0,49073226#2,9
940.0,49073272#4,1
940.0,506322842#0,7
940.0,506322844#0,5
940.0,506322846#2,2
940.0,506322851#2,2
940.0,506322853#0,13
940.0,51362429#0,17
940.0,593849711#2,19
940.0,594658757#0,1
940.0,594658760#0,1
940.0,668037874,1
940.0,:3086736518_0,2
940.0,:3086736518_3,1
940.0,:3086736518_4,3
940.0,:619136999_0,1
940.0,:655375232_2,1
940.0,:655375232_6,2
940.0,:655375232_8,2
940.0,:655375233_0,2
940.0,:655375233_4,8
940.0,:655375233_8,3
940.0,:655375238_1,1
940.0,:655375238_5,1
940.0,:cluster11510670762_4554226152_0,2
940.0,:cluster3086736522_655375108_655375247_655375401_#1more_11,2
940.0,:cluster619136880_619136881_cluster_4510442270_5296993511_5296993513_619136931_#1more_12,1
940.0,:cluster619136880_619136881_cluster_4510442270_5296993511_5296993513_619136931_#1more_8,1
940.0,:cluster619136899_619136900_cluster_619136929_619136942_6,1
940.0,:cluster_2038168688_655375573_25,1
960.0,-300077497#5,26
960.0,-300077497#8,4
960.0,-35274074#2,12
960.0,-360018417,5
960.0,-51362429#1,3
960.0,-51362430,19
960.0,-593847703#3,33
960.0,-593847704#2,1
960.0,-594658757#2,3
960.0,-E0,19
960.0,1068234498#0,33
960.0,1068440001,5
960.0,1068440004#1,34
960.0,1334904386#0,5
960.0,196961377#0,15
960.0,196961377#3,5
960.0,238526531#0,26
960.0,244450512#1,3
960.0,260881642#0,3
960.0,288878926#0,2
960.0,300077497#0,5
960.0,303647015#0,6
960.0,30620492#0,18
960.0,30620492#1,5
960.0,484988951#0,4
960.0,49073226#2,9
960.0,49695736#0,2
960.0,506322842#0,5
960.0,506322844#0,5
960.0,506322846#0,1
960.0,506322846#2,3
960.0,506322853#0,15
960.0,51362429#0,17
960.0,51362430,1
960.0,593844221#0,1
960.0,593849711#2,19
960.0,594658757#0,1
960.0,594658760#0,1
960.0,:1973482489_3,1
960.0,:3086736518_0,2
960.0,:3086736518_3,1
960.0,:3086736518_4,3
960.0,:655375232_2,1
960.0,:655375232_6,2
960.0,:655375232_8,2
960.0,:655375233_0,2
960.0,:655375233_4,8
960.0,:655375233_8,3
960.0,:655375238_1,1
960.0,:655375238_5,1
960.0,:cluster622618015_622618108_622618112_622618144_#2more_2,1
960.0,:cluster622618015_622618108_622618112_622618144_#2more_26,1
960.0,:cluster_2038168688_655375573_25,1
960.0,:cluster_2528018119_655375236_17,1
960.0,:cluster_3208478133_655375293_655375296_9631728504_#1more_8,3
980.0,-300077497#5,25
980.0,-300077497#8,4
980.0,-35274074#2,12
980.0,-360018417,5
980.0,-51362429#1,3
980.0,-51362430,11
980.0,-593847703#3,35
980.0,-594658757#2,3
980.0,-E0,19
980.0,1068234498#0,33
980.0,1068440001,10
980.0,1068440004#1,34
980.0,1334904386#0,5
980.0,196961377#0,15
980.0,238526531#0,26
980.0,244450512#1,3
980.0,260881642#0,3
980.0,300077497#0,5
980.0,30620492#0,18
980.0,30620492#1,5
980.0,484988951#0,4
980.0,49073226#2,9
980.0,49695736#0,2
980.0,506322842#0,5
980.0,506322844#0,5
980.0,506322846#2,2
980.0,506322853#0,15
980.0,51362429#0,12
980.0,593844221#0,1
980.0,593849711#0,1
980.0,593849711#2,19
980.0,594658757#0,1
980.0,594658760#0,1
980.0,:3086736518_0,2
980.0,:3086736518_3,1
980.0,:3086736518_4,3
980.0,:655375232_2,1
980.0,:655375232_6,2
980.0,:655375232_8,2
980.0,:655375233_0,2
980.0,:655375233_4,8
980.0,:655375233_8,3
980.0,:655375238_1,1
980.0,:655375238_5,1
980.0,:cluster11510670762_4554226152_0,1
980.0,:cluster622618015_622618108_622618112_622618144_#2more_49,2
980.0,:cluster_2038168688_655375573_25,1
980.0,:cluster_3208478133_655375293_655375296_9631728504_#1more_8,5
1000.0,-300077497#5,27
1000.0,-300077497#8,4
1000.0,-35274074#2,11
1000.0,-360018417,1
1000.0,-51362429#1,8
1000.0,-51362430,16
1000.0,-593847701,1
1000.0,-593847703#3,35
1000.0,-594658757#2,3
1000.0,-E0,19
1000.0,1068234498#0,33
1000.0,1068440001,10
1000.0,1068440004#1,34
1000.0,196961377#0,15
1000.0,238526531#0,26
1000.0,244450512#1,2
1000.0,260881642#0,4
1000.0,300077497#0,7
1000.0,303647015#0,4
1000.0,30620492#0,18
1000.0,30620492#1,5
1000.0,484988951#0,4
1000.0,49073226#2,9
1000.0,49073272#4,3
1000.0,506322842#0,3
1000.0,506322844#0,5
1000.0,506322846#0,2
1000.0,506322846#2,2
1000.0,506322853#0,15
1000.0,51362429#0,14
1000.0,593844221#0,1
1000.0,593849711#2,14
1000.0,594658757#0,1
1000.0,594658760#0,1
1000.0,:3086736518_0,2
1000.0,:3086736518_3,1
1000.0,:3086736518_4,2
1000.0,:3208478121_0,1
1000.0,:655375232_11,1
1000.0,:655375232_2,1
1000.0,:655375232_6,3
1000.0,:655375233_0,2
1000.0,:655375233_4,8
1000.0,:655375233_8,3
1000.0,:655375238_2,1
1000.0,:655375238_6,1
1000.0,:cluster11510670762_4554226152_0,1
1000.0,:cluster3086736522_655375108_655375247_655375401_#1more_8,1
1000.0,:cluster_2038168688_655375573_25,1
1000.0,:cluster_2664674491_655375287_655375288_5,1
1000.0,:cluster_3208478133_655375293_655375296_9631728504_#1more_8,5
1020.0,-300077497#5,27
1020.0,-300077497#8,4
1020.0,-35274074#2,11
1020.0,-51362429#1,8
1020.0,-51362430,19
1020.0,-593847703#3,35
1020.0,-594658757#2,2
1020.0,-E0,19
1020.0,1068234498#0,34
1020.0,1068440001,8
1020.0,1068440004#1,34
1020.0,1068440006#0,2
1020.0,196961377#0,15
1020.0,238526531#0,26
1020.0,244450512#1,3
1020.0,260881642#0,2
1020.0,288135626#0,2
1020.0,30620492#0,18
1020.0,30620492#1,5
1020.0,35274074#0,8
1020.0,484988951#0,4
1020.0,49073226#2,11
1020.0,49695736#0,3
1020.0,506322842#0,2
1020.0,506322844#0,5
1020.0,506322846#2,3
1020.0,506322853#0,13
1020.0,51362429#0,16
1020.0,593844221#0,1
1020.0,593847704#0,3
1020.0,593849711#2,19
1020.0,594658757#0,1
1020.0,594658760#0,1
1020.0,668037874,1
1020.0,:3086736518_0,2
1020.0,:3086736518_4,1
1020.0,:655375232_2,1
1020.0,:655375232_6,1
1020.0,:655375232_8,2
1020.0,:655375233_0,2
1020.0,:655375233_4,6
1020.0,:655375233_8,3
1020.0,:655375238_2,1
1020.0,:655375238_3,1
1020.0,:cluster11510670762_4554226152_0,2
1020.0,:cluster3086736522_655375108_655375247_655375401_#1more_11,1
1020.0,:cluster619136880_619136881_cluster_4510442270_5296993511_5296993513_619136931_#1more_8,1
1020.0,:cluster655375336_end_0_655375336_end_1_655375336_end_10_655375336_end_11_#8more_25,1
1020.0,:cluster_2038168688_655375573_30,1
1020.0,:cluster_2528018119_655375236_20,1
1020.0,:cluster_2528018119_655375236_32,1
1040.0,-300077497#5,27
1040.0,-300077497#8,4
1040.0,-35274074#2,11
1040.0,-360018417,4
1040.0,-51362429#1,7
1040.0,-51362430,18
1040.0,-593847703#3,35
1040.0,-E0,19
1040.0,1068234498#0,34
1040.0,1068234499#0,2
1040.0,1068440001,9
1040.0,1068440004#1,31
1040.0,1068440006#0,2
1040.0,196961377#0,8
1040.0,196961377#3,6
1040.0,238526531#0,26
1040.0,244450512#1,3
1040.0,288878926#0,4
1040.0,300077497#0,3
1040.0,303647015#0,3
1040.0,30620492#0,17
1040.0,30620492#1,4
1040.0,35274074#0,5
1040.0,484988951#0,4
1040.0,49073226#2,6
1040.0,49073272#4,1
1040.0,49695736#0,3
1040.0,506322842#0,3
1040.0,506322844#0,5
1040.0,506322846#2,2
1040.0,506322853#0,9
1040.0,51362429#0,17
1040.0,593847702#0,3
1040.0,593849711#2,20
1040.0,593849718#0,1
1040.0,594658757#0,1
1040.0,594658760#0,1
1040.0,:3086736518_0,2
1040.0,:3086736518_4,1
1040.0,:619136999_2,1
1040.0,:655375232_2,1
1040.0,:655375232_6,1
1040.0,:655375232_8,2
1040.0,:655375233_0,1
1040.0,:655375233_4,6
1040.0,:655375233_8,3
1040.0,:655375238_2,1
1040.0,:655375238_3,1
1040.0,:655375238_6,1
1040.0,:cluster11510670762_4554226152_0,2
1040.0,:cluster619136880_619136881_cluster_4510442270_5296993511_5296993513_619136931_#1more_12,1
1040.0,:cluster_2038168688_655375573_23,1
1040.0,:cluster_2038168688_655375573_3,1
1040.0,:cluster_2038168688_655375573_30,1
1040.0,:cluster_2038168688_655375573_6,2
1040.0,:cluster_3431431575_4777363357_655375231_6982059025_3,1
1040.0,:cluster_623980147_623980152_9,1
1060.0,-300077497#5,27
1060.0,-300077497#8,4
1060.0,-35274074#2,11
1060.0,-360018417,5
1060.0,-51362430,19
1060.0,-593847703#3,36
1060.0,-E0,19
1060.0,1068234498#0,34
1060.0,1068234499#0,2
1060.0,1068440001,9
1060.0,1068440004#1,34
1060.0,186602412#0,2
1060.0,196961377#0,9
1060.0,196961377#3,5
1060.0,238526531#0,26
1060.0,244450512#1,3
1060.0,288878926#0,5
1060.0,30620492#0,17
1060.0,30620492#1,5
1060.0,35274074#0,2
1060.0,484988951#0,4
1060.0,49073226#2,4
1060.0,49695736#0,3
1060.0,506322842#0,3
1060.0,506322844#0,5
1060.0,506322846#0,5
1060.0,506322846#2,2
1060.0,506322853#0,9
1060.0,51362429#0,17
1060.0,593847702#0,3
1060.0,593849711#0,2
1060.0,593849711#2,20
1060.0,594658757#0,1
1060.0,594658760#0,1
1060.0,:3086736518_0,2
1060.0,:3086736518_4,1
1060.0,:655375232_2,1
1060.0,:655375232_6,1
1060.0,:655375232_8,2
1060.0,:655375233_0,1
1060.0,:655375233_4,6
1060.0,:655375233_8,3
1060.0,:655375238_2,1
1060.0,:655375238_3,1
1060.0,:cluster11510670762_4554226152_0,2
1060.0,:cluster622618015_622618108_622618112_622618144_#2more_26,1
1060.0,:cluster655375336_end_0_655375336_end_1_655375336_end_10_655375336_end_11_#8more_31,1
1060.0,:cluster655375336_end_0_655375336_end_1_655375336_end_10_655375336_end_11_#8more_34,1
1060.0,:cluster_2038168688_655375573_23,1
1060.0,:cluster_2038168688_655375573_3,1
1060.0,:cluster_2038168688_655375573_30,1
1060.0,:cluster_2038168688_655375573_6,2
1060.0,:cluster_3431431575_4777363357_655375231_6982059025_3,3
1060.0,:cluster_623980147_623980152_4,1
1080.0,-300077497#5,27
1080.0,-300077497#8,4
1080.0,-35274074#2,11
1080.0,-360018417,5
1080.0,-51362429#1,2
1080.0,-51362430,19
1080.0,-593847703#3,36
1080.0,-E0,19
1080.0,1068234498#0,34
1080.0,1068234499#0,2
1080.0,1068440001,9
1080.0,1068440004#1,34
1080.0,1068440006#0,1
1080.0,186602412#0,4
1080.0,196961377#0,9
1080.0,196961377#3,2
1080.0,238526531#0,26
1080.0,244450512#1,3
1080.0,288878926#0,10
1080.0,30620492#0,18
1080.0,30620492#1,5
1080.0,484988951#0,4
1080.0,49073226#2,1
1080.0,49695736#0,3
1080.0,506322842#0,3
1080.0,506322844#0,5
1080.0,506322846#0,2
1080.0,506322853#0,9
1080.0,51362429#0,12
1080.0,51362430,1
1080.0,593844216#0,1
1080.0,593847702#0,3
1080.0,593847703#0,2
1080.0,593849711#0,1
1080.0,593849711#2,20
1080.0,594658757#0,1
1080.0,594658760#0,1
1080.0,:1973482489_8,1
1080.0,:3086736518_0,2
1080.0,:3086736518_4,1
1080.0,:655375232_2,3
1080.0,:655375233_0,2
1080.0,:655375233_4,6
1080.0,:655375233_8,3
1080.0,:655375238_2,1
1080.0,:655375238_3,1
1080.0,:cluster11510670762_4554226152_0,2
1080.0,:cluster622618015_622618108_622618112_622618144_#2more_49,1
1080.0,:cluster_2038168688_655375573_30,1
1080.0,:cluster_2038168688_655375573_6,2
1100.0,-300077497#5,27
1100.0,-300077497#8,4
1100.0,-35274074#2,11
1100.0,-51362429#1,2
1100.0,-51362430,19
1100.0,-593847703#3,36
1100.0,-E0,19
1100.0,1068234498#0,32
1100.0,1068234499#0,2
1100.0,1068440001,9
1100.0,1068440004#1,34
1100.0,1068440006#0,1
1100.0,196961377#0,9
1100.0,196961377#3,2
1100.0,238526531#0,28
1100.0,244450512#1,3
1100.0,288878926#0,11
1100.0,300077497#0,3
1100.0,30620492#0,18
1100.0,30620492#1,5
1100.0,484988951#0,3
1100.0,49073272#4,5
1100.0,506322842#0,3
1100.0,506322844#0,5
1100.0,506322853#0,9
1100.0,51362429#0,13
1100.0,593844216#0,1
1100.0,593847703#0,2
1100.0,593849711#2,15
1100.0,594658760#0,1
1100.0,:3086736518_0,2
1100.0,:3086736518_4,1
1100.0,:655375232_11,1
1100.0,:655375232_2,3
1100.0,:655375232_6,2
1100.0,:655375233_0,2
1100.0,:655375233_4,6
1100.0,:655375233_8,3
1100.0,:655375238_2,1
1100.0,:655375238_3,1
1100.0,:cluster11510670762_4554226152_0,2
1100.0,:cluster_2038168688_655375573_30,1
1100.0,:cluster_2038168688_655375573_6,2
1100.0,:cluster_3431431575_4777363357_655375231_6982059025_3,2
1100.0,:cluster_3431431575_4777363357_655375231_6982059025_5,1
1120.0,-300077497#5,27
1120.0,-300077497#8,4
1120.0,-35274074#2,11
1120.0,-360018417,2
1120.0,-51362430,19
1120.0,-593847701,1
1120.0,-593847703#3,31
1120.0,-593847705,1
1120.0,-E0,19
1120.0,1068234498#0,32
1120.0,1068234499#0,2
1120.0,1068440001,9
1120.0,1068440004#1,34
1120.0,1068440006#0,1
1120.0,196961377#0,5
1120.0,196961377#3,6
1120.0,238526531#0,26
1120.0,244450512#1,3
1120.0,288878926#0,11
1120.0,30620492#0,18
1120.0,30620492#1,5
1120.0,35274074#0,3
1120.0,484988951#0,4
1120.0,49073226#2,7
1120.0,506322842#0,2
1120.0,506322844#0,5
1120.0,506322848#0,1
1120.0,506322853#0,3
1120.0,51362429#0,16
1120.0,593844216#0,1
1120.0,593847703#0,2
1120.0,593849711#2,17
1120.0,594658760#0,1
1120.0,668037874,1
1120.0,:3086736518_0,2
1120.0,:3086736518_4,1
1120.0,:619136999_2,1
1120.0,:655375232_2,3
1120.0,:655375232_6,2
1120.0,:655375232_8,1
1120.0,:655375233_0,2
1120.0,:655375233_2,2
1120.0,:655375233_4,5
1120.0,:655375233_8,3
1120.0,:655375238_2,1
1120.0,:655375238_3,1
1120.0,:655375239_3,1
1120.0,:cluster11510670762_4554226152_0,2
1120.0,:cluster619136880_619136881_cluster_4510442270_5296993511_5296993513_619136931_#1more_8,1
1120.0,:cluster619136899_619136900_cluster_619136929_619136942_6,1
1120.0,:cluster_2038168688_655375573_30,1
1120.0,:cluster_2038168688_655375573_6,2
1120.0,:cluster_2038168688_655375573_9,1
1120.0,:cluster_5372642442_631668976_631668981_631669076_36,1
1140.0,-300077497#5,26
1140.0,-300077497#8,4
1140.0,-35274074#2,11
1140.0,-360018417,2
1140.0,-51362430,16
1140.0,-593847701,1
1140.0,-593847703#3,32
1140.0,-593847705,1
1140.0,-E0,19
1140.0,1068234498#0,32
1140.0,1068234499#0,3
1140.0,1068440001,6
1140.0,1068440004#1,33
1140.0,196961377#0,3
1140.0,196961377#3,10
1140.0,232003903#0,1
1140.0,238526531#0,26
1140.0,244450512#1,2
1140.0,260881642#0,3
1140.0,288878926#0,9
1140.0,300077497#0,2
1140.0,30620492#0,18
1140.0,30620492#1,5
1140.0,484988951#0,4
1140.0,49073226#2,7
1140.0,49073272#4,1
1140.0,506322842#0,2
1140.0,506322844#0,5
1140.0,506322846#0,3
1140.0,506322848#0,2
1140.0,506322853#0,3
1140.0,51362429#0,17
1140.0,593844216#0,1
1140.0,593844221#0,1
1140.0,593849711#0,1
1140.0,593849711#2,20
1140.0,594658760#0,1
1140.0,:3086736518_0,2
1140.0,:3086736518_4,1
1140.0,:655375232_2,3
1140.0,:655375232_6,2
1140.0,:655375232_8,1
1140.0,:655375233_0,2
1140.0,:655375233_2,2
1140.0,:655375233_4,5
1140.0,:655375233_8,4
1140.0,:655375238_2,1
1140.0,:655375238_3,1
1140.0,:656132414_2,1
1140.0,:cluster11510670762_4554226152_0,1
1140.0,:cluster622618015_622618108_622618112_622618144_#2more_2,1
1140.0,:cluster622618015_622618108_622618112_622618144_#2more_26,1
1140.0,:cluster_2038168688_655375573_30,1
1140.0,:cluster_2038168688_655375573_6,2
1140.0,:cluster_3208478133_655375293_655375296_9631728504_#1more_8,5
1160.0,-300077497#5,26
1160.0,-300077497#8,3
1160.0,-35274074#2,11
1160.0,-360018417,2
1160.0,-51362430,16
1160.0,-593847701,1
1160.0,-593847703#3,33
1160.0,-593847704#2,2
1160.0,-593847705,1
1160.0,-E0,18
1160.0,1068234498#0,34
1160.0,1068234499#0,3
1160.0,1068440001,5
1160.0,1068440004#1,33
1160.0,186602412#0,3
1160.0,196961377#0,3
1160.0,196961377#3,9
1160.0,232003903#0,1
1160.0,238526531#0,26
1160.0,244450512#1,2
1160.0,260881642#0,3
1160.0,288878926#0,2
1160.0,30620492#0,18
1160.0,30620492#1,5
1160.0,484988951#0,4
1160.0,49073226#2,7
1160.0,49695736#0,2
1160.0,506322842#0,2
1160.0,506322844#0,5
1160.0,506322846#0,1
1160.0,506322848#0,2
1160.0,506322853#0,3
1160.0,51362429#0,17
1160.0,593842812#2,1
1160.0,593844221#0,1
1160.0,593847704#0,1
1160.0,593849711#2,21
1160.0,594658760#0,1
1160.0,:3086736518_0,2
1160.0,:3086736518_4,1
1160.0,:655375232_2,3
1160.0,:655375232_6,2
1160.0,:655375232_8,1
1160.0,:655375233_0,2
1160.0,:655375233_2,2
1160.0,:655375233_4,5
1160.0,:655375233_8,4
1160.0,:655375238_3,1
1160.0,:655375238_5,1
1160.0,:656132414_2,1
1160.0,:cluster11510670762_4554226152_0,1
1160.0,:cluster622618015_622618108_622618112_622618144_#2more_26,1
1160.0,:cluster622618015_622618108_622618112_622618144_#2more_49,1
1160.0,:cluster_2038168688_655375573_23,1
1160.0,:cluster_2038168688_655375573_30,1
1160.0,:cluster_2038168688_655375573_6,2
1160.0,:cluster_3208478133_655375293_655375296_9631728504_#1more_8,5
1180.0,-300077497#5,26
1180.0,-300077497#8,4
1180.0,-35274074#2,11
1180.0,-51362430,15
1180.0,-593847701,1
1180.0,-593847703#3,34
1180.0,-593847705,1
1180.0,-E0,19
1180.0,1068234498#0,35
1180.0,1068234499#0,3
1180.0,1068440001,9
1180.0,1068440004#1,33
1180.0,186602412#0,2
1180.0,196961377#0,3
1180.0,196961377#3,8
1180.0,232003903#0,1
1180.0,238526531#0,26
1180.0,244450512#1,3
1180.0,260881642#0,3
1180.0,288878926#0,2
1180.0,300077497#0,2
1180.0,30620492#0,18
1180.0,30620492#1,5
1180.0,484988951#0,4
1180.0,49073226#2,7
1180.0,49073272#4,2
1180.0,506322842#0,2
1180.0,506322844#0,5
1180.0,506322846#0,2
1180.0,506322853#0,3
1180.0,51362429#0,17
1180.0,593842812#2,1
1180.0,593844221#0,1
1180.0,593847704#0,1
1180.0,593849711#2,21
1180.0,:3086736518_0,2
1180.0,:3086736518_4,1
1180.0,:3086736518_6,1
1180.0,:655375232_2,3
1180.0,:655375232_6,2
1180.0,:655375232_8,1
1180.0,:655375233_0,2
1180.0,:655375233_2,2
1180.0,:655375233_4,5
1180.0,:655375233_8,4
1180.0,:655375238_3,1
1180.0,:655375238_5,1
1180.0,:655375241_0,2
1180.0,:cluster11510670762_4554226152_0,1
1180.0,:cluster_2038168688_655375573_30,1
1180.0,:cluster_3208478133_655375293_655375296_9631728504_#1more_8,5
1200.0,-300077497#5,27
1200.0,-300077497#8,4
1200.0,-35274074#2,11
1200.0,-51362429#1,1
1200.0,-51362430,19
1200.0,-593847701,1
1200.0,-593847703#3,34
1200.0,-593847705,1
1200.0,-E0,19
1200.0,1068234498#0,35
1200.0,1068234499#0,3
1200.0,1068440001,9
1200.0,1068440004#1,33
1200.0,186602412#0,2
1200.0,196961377#0,3
1200.0,196961377#3,8
1200.0,232003903#0,1
1200.0,238526531#0,24
1200.0,244450512#1,3
1200.0,260881642#0,1
1200.0,288878926#0,2
1200.0,300077497#6,1
1200.0,30620492#0,18
1200.0,30620492#1,5
1200.0,35274074#0,2
1200.0,484988951#0,4
1200.0,49073226#2,7
1200.0,506322842#0,2
1200.0,506322844#0,5
1200.0,51362429#0,17
1200.0,593842812#2,1
1200.0,593849711#2,19
1200.0,668037874,1
1200.0,:3086736518_0,2
1200.0,:3086736518_4,1
1200.0,:3086736518_6,1
1200.0,:655375232_11,1
1200.0,:655375232_2,3
1200.0,:655375232_6,2
1200.0,:655375232_8,1
1200.0,:655375233_0,2
1200.0,:655375233_2,2
1200.0,:655375233_4,5
1200.0,:655375233_8,4
1200.0,:655375238_3,1
1200.0,:cluster11510670762_4554226152_0,1
1200.0,:cluster619136880_619136881_cluster_4510442270_5296993511_5296993513_619136931_#1more_8,1
1200.0,:cluster619136899_619136900_cluster_619136929_619136942_6,1
1200.0,:cluster622618015_622618108_622618112_622618144_#2more_39,1
1200.0,:cluster655375336_end_0_655375336_end_1_655375336_end_10_655375336_end_11_#8more_25,2
1200.0,:cluster_2038168688_655375573_8,1
1200.0,:cluster_3208478133_655375293_655375296_9631728504_#1more_8,4
1220.0,-300077497#5,27
1220.0,-300077497#8,4
1220.0,-35274074#2,7
1220.0,-51362429#1,4
1220.0,-51362430,18
1220.0,-593847701,1
1220.0,-593847703#3,34
1220.0,-593847705,1
1220.0,-E0,19
1220.0,1068234498#0,35
1220.0,1068234499#0,3
1220.0,1068440001,9
1220.0,1068440004#1,33
1220.0,196961377#0,3
1220.0,196961377#3,11
1220.0,238526531#0,23
1220.0,244450512#1,3
1220.0,288878926#0,2
1220.0,300077497#0,1
1220.0,300077497#6,1
1220.0,30620492#0,18
1220.0,30620492#1,5
1220.0,484988951#0,4
1220.0,49073226#2,7
1220.0,49695736#0,5
1220.0,506322842#0,1
1220.0,506322844#0,5
1220.0,51362429#0,17
1220.0,51362430,1
1220.0,593842812#2,1
1220.0,593849711#2,20
1220.0,:3086736518_0,2
1220.0,:3086736518_4,1
1220.0,:3086736518_6,1
1220.0,:655375232_2,3
1220.0,:655375232_6,2
1220.0,:655375232_8,1
1220.0,:655375233_0,2
1220.0,:655375233_2,2
1220.0,:655375233_4,5
1220.0,:655375233_8,4
1220.0,:cluster11510670762_4554226152_0,2
1220.0,:cluster_2038168688_655375573_23,1
1220.0,:cluster_2038168688_655375573_25,1
1220.0,:cluster_2038168688_655375573_3,1
1220.0,E1,1
1240.0,-300077497#5,27
1240.0,-300077497#8,4
1240.0,-35274074#2,9
1240.0,-51362429#1,4
1240.0,-51362430,19
1240.0,-593847701,1
1240.0,-593847703#3,34
1240.0,-593847704#2,1
1240.0,-593847705,1
1240.0,-E0,19
1240.0,1068234498#0,32
1240.0,1068234499#0,3
1240.0,1068440001,9
1240.0,1068440004#1,33
1240.0,186602412#0,2
1240.0,196961377#0,3
1240.0,196961377#3,7
1240.0,238526531#0,26
1240.0,244450512#1,3
1240.0,30620492#0,18
1240.0,30620492#1,5
1240.0,484988951#0,5
1240.0,49073226#2,7
1240.0,49695736#0,5
1240.0,506322842#0,1
1240.0,506322844#0,5
1240.0,506322846#0,1
1240.0,51362429#0,17
1240.0,593842812#2,1
1240.0,593849711#0,1
1240.0,593849711#2,21
1240.0,:3086736518_0,2
1240.0,:3086736518_4,1
1240.0,:3086736518_6,1
1240.0,:655375232_2,3
1240.0,:655375232_6,2
1240.0,:655375232_8,1
1240.0,:655375233_0,2
1240.0,:655375233_2,2
1240.0,:655375233_4,5
1240.0,:655375233_8,4
1240.0,:cluster11510670762_4554226152_0,2
1240.0,:cluster622618015_622618108_622618112_622618144_#2more_49,3
1260.0,-300077497#5,27
1260.0,-300077497#8,4
1260.0,-35274074#2,9
1260.0,-51362429#1,4
1260.0,-51362430,19
1260.0,-593847701,1
1260.0,-593847703#3,34
1260.0,-593847705,1
1260.0,-E0,19
1260.0,1068234498#0,29
1260.0,1068234499#0,3
1260.0,1068440001,9
1260.0,1068440004#1,33
1260.0,186602412#0,1
1260.0,196961377#0,3
1260.0,238526531#0,28
1260.0,244450512#1,3
1260.0,30620492#0,18
1260.0,30620492#1,5
1260.0,484988951#0,5
1260.0,49073226#2,7
1260.0,49695736#0,5
1260.0,506322842#0,1
1260.0,506322844#0,5
1260.0,51362429#0,17
1260.0,593844221#0,1
1260.0,593849711#2,21
1260.0,:3086736518_0,2
1260.0,:3086736518_4,1
1260.0,:3086736518_6,1
1260.0,:655375232_2,3
1260.0,:655375232_6,2
1260.0,:655375232_8,1
1260.0,:655375233_0,2
1260.0,:655375233_2,2
1260.0,:655375233_4,5
1260.0,:655375233_8,4
1260.0,:cluster11510670762_4554226152_0,2
1260.0,:cluster622618015_622618108_622618112_622618144_#2more_49,2
1260.0,:cluster_5372642442_631668976_631668981_631669076_45,1
1280.0,-1334905223#2,1
1280.0,-300077497#5,27
1280.0,-300077497#8,4
1280.0,-35274074#2,12
1280.0,-51362429#1,4
1280.0,-51362430,19
1280.0,-593847701,1
1280.0,-593847703#3,34
1280.0,-593847705,1
1280.0,-E0,19
1280.0,1068234498#0,29
1280.0,1068234499#0,3
1280.0,1068440001,9
1280.0,1068440004#1,33
1280.0,196961377#0,3
1280.0,238526531#0,22
1280.0,244450512#1,3
1280.0,288878926#0,6
1280.0,300077497#0,4
1280.0,30620492#0,18
1280.0,30620492#1,5
1280.0,484988951#0,5
1280.0,506322840#0,2
1280.0,506322844#0,5
1280.0,51362429#0,17
1280.0,593844221#0,1
1280.0,593849711#2,21
1280.0,:3086736518_0,2
1280.0,:3086736518_4,1
1280.0,:3086736518_6,1
1280.0,:655375232_2,3
1280.0,:655375232_6,2
1280.0,:655375232_8,1
1280.0,:655375233_0,2
1280.0,:655375233_2,2
1280.0,:655375233_4,5
1280.0,:655375233_8,4
1280.0,:655375238_1,1
1280.0,:655375241_0,1
1280.0,:cluster11510670762_4554226152_0,2
1280.0,:cluster_2038168688_655375573_30,1
1280.0,:cluster_623980147_623980152_4,1
1300.0,-300077497#5,27
1300.0,-300077497#8,4
1300.0,-35274074#2,12
1300.0,-51362430,19
1300.0,-593847701,1
1300.0,-593847703#3,34
1300.0,-593847705,1
1300.0,-E0,19
1300.0,1068234498#0,36
1300.0,1068234499#0,3
1300.0,1068440001,9
1300.0,1068440004#1,33
1300.0,196961377#3,3
1300.0,238526531#0,22
1300.0,244450512#1,3
1300.0,288878926#0,8
1300.0,30620492#0,18
1300.0,30620492#1,5
1300.0,35274074#0,5
1300.0,484988951#0,5
1300.0,49073226#2,2
1300.0,506322844#0,5
1300.0,51362429#0,17
1300.0,593844221#0,1
1300.0,593849711#2,21
1300.0,:3086736518_0,2
1300.0,:3086736518_4,1
1300.0,:3086736518_6,1
1300.0,:655375232_2,3
1300.0,:655375232_6,2
1300.0,:655375232_8,1
1300.0,:655375233_0,2
1300.0,:655375233_2,2
1300.0,:655375233_4,5
1300.0,:655375233_8,4
1300.0,:cluster11510670762_4554226152_0,2
1300.0,:cluster_2038168688_655375573_30,1
1300.0,:cluster_623980147_623980152_4,1
1320.0,-300077497#5,27
1320.0,-300077497#8,4
1320.0,-35274074#2,12
1320.0,-51362429#1,1
1320.0,-51362430,19
1320.0,-593847701,1
1320.0,-593847703#3,34
1320.0,-593847705,1
1320.0,-E0,19
1320.0,1068234498#0,29
1320.0,1068234499#0,3
1320.0,1068440001,9
1320.0,1068440004#1,33
1320.0,196961377#3,2
1320.0,238526531#0,23
1320.0,244450512#1,2
1320.0,260881642#0,3
1320.0,288135626#0,3
1320.0,288878926#0,9
1320.0,30620492#0,18
1320.0,30620492#1,5
1320.0,484988951#0,5
1320.0,49073226#2,2
1320.0,506322844#0,5
1320.0,506322846#0,3
1320.0,51362429#0,17
1320.0,593844221#0,1
1320.0,593847702#0,1
1320.0,593849711#0,2
1320.0,593849711#2,16
1320.0,:3086736518_0,2
1320.0,:3086736518_4,1
1320.0,:3086736518_6,1
1320.0,:655375232_2,3
1320.0,:655375232_6,2
1320.0,:655375232_8,1
1320.0,:655375233_0,2
1320.0,:655375233_2,2
1320.0,:655375233_4,5
1320.0,:655375233_8,4
1320.0,:cluster11510670762_4554226152_0,2
1320.0,:cluster622618015_622618108_622618112_622618144_#2more_26,1
1320.0,:cluster_2038168688_655375573_30,1
1320.0,:cluster_2038168688_655375573_6,2
1320.0,:cluster_2664674491_655375287_655375288_5,1
1320.0,:cluster_3431431575_4777363357_655375231_6982059025_3,1
1320.0,:cluster_5372642442_631668976_631668981_631669076_22,1
1320.0,:cluster_5372642442_631668976_631668981_631669076_26,1
1320.0,:cluster_5372642442_631668976_631668981_631669076_45,1
1320.0,:cluster_623980147_623980152_9,1
1340.0,-300077497#5,27
1340.0,-300077497#8,4
1340.0,-35274074#2,12
1340.0,-51362430,19
1340.0,-593847701,1
1340.0,-593847703#3,35
1340.0,-593847704#2,3
1340.0,-593847705,1
1340.0,-E0,19
1340.0,1068234498#0,28
1340.0,1068234499#0,6
1340.0,1068440001,9
1340.0,1068440004#1,33
1340.0,186602412#0,2
1340.0,196961377#3,1
1340.0,238526531#0,26
1340.0,244450512#1,2
1340.0,260881642#0,3
1340.0,288878926#0,4
1340.0,30620492#0,18
1340.0,30620492#1,5
1340.0,484988951#0,5
1340.0,49073226#2,4
1340.0,506322844#0,5
1340.0,51362429#0,17
1340.0,593844221#0,1
1340.0,593847702#0,2
1340.0,593847703#0,1
1340.0,593849711#2,16
1340.0,:3086736518_0,2
1340.0,:3086736518_4,1
1340.0,:3086736518_6,1
1340.0,:655375232_2,3
1340.0,:655375232_6,2
1340.0,:655375232_8,1
1340.0,:655375233_0,1
1340.0,:655375233_2,2
1340.0,:655375233_4,5
1340.0,:655375233_8,3
1340.0,:cluster11510670762_4554226152_0,2
1340.0,:cluster622618015_622618108_622618112_622618144_#2more_49,2
1340.0,:cluster_2038168688_655375573_30,1
1340.0,:cluster_2038168688_655375573_6,2
1340.0,:cluster_2664674491_655375287_655375288_5,1
1360.0,-300077497#5,27
1360.0,-300077497#8,4
1360.0,-35274074#2,12
1360.0,-51362430,19
1360.0,-593847701,1
1360.0,-593847703#3,35
1360.0,-593847705,1
1360.0,-E0,19
1360.0,1068234498#0,32
1360.0,1068234499#0,3
1360.0,1068440001,9
1360.0,1068440004#1,33
1360.0,238526531#0,26
1360.0,244450512#1,2
1360.0,260881642#0,4
1360.0,263217604#0,1
1360.0,288878926#0,4
1360.0,300077497#0,2
1360.0,30620492#0,17
1360.0,30620492#1,5
1360.0,484988951#0,5
1360.0,49073226#2,4
1360.0,49073272#1,1
1360.0,506322844#0,5
1360.0,51362429#0,17
1360.0,593844221#0,1
1360.0,593847703#0,1
1360.0,593849711#2,16
1360.0,593849718#0,1
1360.0,:3086736518_0,2
1360.0,:3086736518_4,1
1360.0,:3086736518_6,1
1360.0,:655375232_2,3
1360.0,:655375232_6,2
1360.0,:655375232_8,1
1360.0,:655375233_0,1
1360.0,:655375233_2,2
1360.0,:655375233_4,5
1360.0,:655375233_8,3
1360.0,:cluster11510670762_4554226152_0,2
1360.0,:cluster_2038168688_655375573_30,1
1360.0,:cluster_2038168688_655375573_6,2
1360.0,:cluster_2528018119_655375236_12,1
1360.0,:cluster_2528018119_655375236_29,1
1380.0,-300077497#5,27
1380.0,-300077497#8,4
1380.0,-35274074#2,12
1380.0,-51362430,19
1380.0,-593847701,1
1380.0,-593847703#3,35
1380.0,-593847705,1
1380.0,-E0,19
1380.0,1068234498#0,35
1380.0,1068234499#0,2
1380.0,1068440001,9
1380.0,1068440004#1,33
1380.0,238526531#0,26
1380.0,244450512#1,3
1380.0,260881642#0,2
1380.0,263217604#0,1
1380.0,288878926#0,4
1380.0,300077497#0,2
1380.0,300077497#6,3
1380.0,30620492#0,18
1380.0,30620492#1,5
1380.0,484988951#0,5
1380.0,49073226#2,4
1380.0,49073272#3,1
1380.0,506322844#0,5
1380.0,51362429#0,16
1380.0,593844221#0,1
1380.0,593847701,1
1380.0,593847703#0,3
1380.0,593849711#2,16
1380.0,:3086736518_0,2
1380.0,:3086736518_4,1
1380.0,:3086736518_6,1
1380.0,:655375232_2,1
1380.0,:655375232_6,2
1380.0,:655375232_8,1
1380.0,:655375233_2,2
1380.0,:655375233_4,5
1380.0,:655375233_8,3
1380.0,:cluster11510670762_4554226152_0,2
1380.0,:cluster_2038168688_655375573_30,1
1380.0,:cluster_2038168688_655375573_6,2
1400.0,-300077497#5,27
1400.0,-300077497#8,4
1400.0,-35274074#2,12
1400.0,-51362430,19
1400.0,-593847701,1
1400.0,-593847703#3,35
1400.0,-593847705,1
1400.0,-E0,19
1400.0,1068234498#0,35
1400.0,1068234499#0,2
1400.0,1068440001,9
1400.0,1068440004#1,33
1400.0,1068440006#0,2
1400.0,238526531#0,26
1400.0,244450512#1,3
1400.0,263217604#0,1
1400.0,288878926#0,4
1400.0,300077497#0,2
1400.0,30620492#0,18
1400.0,30620492#1,5
1400.0,360018417,1
1400.0,484988951#0,3
1400.0,49073226#2,5
1400.0,506322844#0,5
1400.0,51362429#0,13
1400.0,593844221#0,1
1400.0,593847703#0,6
1400.0,593849711#2,16
1400.0,:3086736518_0,1
1400.0,:3086736518_4,1
1400.0,:3086736518_6,1
1400.0,:655375232_2,3
1400.0,:655375233_0,1
1400.0,:655375233_2,2
1400.0,:655375233_4,5
1400.0,:655375233_8,3
1400.0,:cluster11510670762_4554226152_0,2
1400.0,:cluster_2038168688_655375573_30,1
1400.0,:cluster_2038168688_655375573_6,2
1400.0,:cluster_2528018119_655375236_3,2
1400.0,:cluster_3431431575_4777363357_655375231_6982059025_5,1
1420.0,-300077497#5,27
1420.0,-300077497#8,4
1420.0,-35274074#2,12
1420.0,-51362429#1,3
1420.0,-51362430,19
1420.0,-593847703#3,34
1420.0,-593847704#2,3
1420.0,-E0,19
1420.0,1068234498#0,35
1420.0,1068234499#0,2
1420.0,1068440001,9
1420.0,1068440004#1,33
1420.0,1068440006#0,9
1420.0,196961377#3,1
1420.0,238526531#0,26
1420.0,244450512#1,3
1420.0,300077497#0,7
1420.0,30620492#0,18
1420.0,30620492#1,5
1420.0,35274074#0,2
1420.0,484988951#0,3
1420.0,49073226#2,6
1420.0,506322844#0,5
1420.0,51362429#0,15
1420.0,593844221#0,1
1420.0,593849711#2,5
1420.0,594658757#0,1
1420.0,:3086736518_0,1
1420.0,:3086736518_4,2
1420.0,:3086736518_6,1
1420.0,:655375232_2,3
1420.0,:655375232_8,1
1420.0,:655375233_0,1
1420.0,:655375233_2,2
1420.0,:655375233_4,4
1420.0,:655375233_8,3
1420.0,:655375238_6,1
1420.0,:cluster11510670762_4554226152_0,2
1420.0,:cluster_2038168688_655375573_30,1
1420.0,:cluster_2038168688_655375573_6,2
1420.0,:cluster_3431431575_4777363357_655375231_6982059025_3,2
1420.0,:cluster_3431431575_4777363357_655375231_6982059025_5,1
1440.0,-300077497#5,27
1440.0,-300077497#8,4
1440.0,-35274074#2,12
1440.0,-51362429#1,9
1440.0,-51362430,19
1440.0,-593847703#3,31
1440.0,-E0,19
1440.0,1068234498#0,35
1440.0,1068234499#0,2
1440.0,1068440001,9
1440.0,1068440004#1,32
1440.0,1068440006#0,7
1440.0,186602412#0,1
1440.0,238526531#0,26
1440.0,244450512#1,3
1440.0,30620492#0,18
1440.0,30620492#1,5
1440.0,35274074#0,5
1440.0,484988951#0,4
1440.0,49073226#2,8
1440.0,506322844#0,5
1440.0,506322846#0,4
1440.0,51362429#0,17
1440.0,593844221#0,1
1440.0,593847702#0,3
1440.0,593849711#2,5
1440.0,594658757#0,1
1440.0,:3086736518_0,1
1440.0,:3086736518_6,1
1440.0,:655375232_2,3
1440.0,:655375233_0,1
1440.0,:655375233_4,3
1440.0,:655375233_8,3
1440.0,:cluster11510670762_4554226152_0,2
1440.0,:cluster655375336_end_0_655375336_end_1_655375336_end_10_655375336_end_11_#8more_31,1
1440.0,:cluster655375336_end_0_655375336_end_1_655375336_end_10_655375336_end_11_#8more_34,1
1440.0,:cluster_2038168688_655375573_30,1
1440.0,:cluster_2038168688_655375573_6,2
1440.0,:cluster_3431431575_4777363357_655375231_6982059025_3,1
1460.0,-300077497#5,27
1460.0,-300077497#8,3
1460.0,-35274074#2,12
1460.0,-51362429#1,9
1460.0,-51362430,19
1460.0,-593847703#3,33
1460.0,-E0,19
1460.0,1068234498#0,35
1460.0,1068234499#0,1
1460.0,1068440001,9
1460.0,1068440004#1,32
1460.0,1068440006#0,6
1460.0,186602412#0,4
1460.0,238526531#0,26
1460.0,244450512#1,3
1460.0,30620492#0,18
1460.0,30620492#1,5
1460.0,35274074#0,5
1460.0,484988951#0,4
1460.0,49073226#2,8
1460.0,506322844#0,4
1460.0,51362429#0,17
1460.0,51362430,2
1460.0,593844216#0,1
1460.0,593844221#0,1
1460.0,593849711#2,5
1460.0,593849718#0,1
1460.0,594658757#0,1
1460.0,:3086736518_0,1
1460.0,:3086736518_6,1
1460.0,:655375232_2,3
1460.0,:655375233_0,1
1460.0,:655375233_4,3
1460.0,:655375233_8,4
1460.0,:655375239_5,1
1460.0,:cluster11510670762_4554226152_0,2
1460.0,:cluster_2038168688_655375573_30,1
1460.0,:cluster_2038168688_655375573_6,2
1460.0,:cluster_3431431575_4777363357_655375231_6982059025_3,1
1480.0,-300077497#5,27
1480.0,-300077497#8,4
1480.0,-35274074#2,12
1480.0,-51362429#1,9
1480.0,-51362430,19
1480.0,-593847703#3,33
1480.0,-E0,18
1480.0,1068234498#0,35
1480.0,1068234499#0,1
1480.0,1068440001,9
1480.0,1068440004#1,34
1480.0,1068440006#0,6
1480.0,238526531#0,26
1480.0,244450512#1,3
1480.0,30620492#0,18
1480.0,30620492#1,5
1480.0,35274074#0,5
1480.0,484988951#0,5
1480.0,49073226#2,8
1480.0,506322844#0,5
1480.0,51362429#0,17
1480.0,51362430,1
1480.0,593844216#0,1
1480.0,593844221#0,1
1480.0,593849711#2,5
1480.0,594658757#0,1
1480.0,:3086736518_0,1
1480.0,:3086736518_6,1
1480.0,:655375232_2,3
1480.0,:655375233_0,1
1480.0,:655375233_4,3
1480.0,:655375233_8,4
1480.0,:cluster11510670762_4554226152_0,2
1480.0,:cluster622618015_622618108_622618112_622618144_#2more_39,1
1480.0,:cluster_2038168688_655375573_30,1
1480.0,:cluster_2038168688_655375573_6,2
1480.0,:cluster_3431431575_4777363357_655375231_6982059025_3,1
1500.0,-300077497#5,27
1500.0,-300077497#8,4
1500.0,-35274074#2,12
1500.0,-51362429#1,9
1500.0,-51362430,19
1500.0,-593847703#3,33
1500.0,-E0,19
1500.0,1068234498#0,35
1500.0,1068234499#0,1
1500.0,1068440001,6
1500.0,1068440004#1,34
1500.0,1068440006#0,6
1500.0,238526531#0,26
1500.0,244450512#1,3
1500.0,260881642#0,4
1500.0,288878926#0,2
1500.0,30620492#0,18
1500.0,30620492#1,5
1500.0,484988951#0,5
1500.0,49073226#2,6
1500.0,49695736#0,2
1500.0,506322844#0,5
1500.0,506322846#0,4
1500.0,51362429#0,17
1500.0,51362430,1
1500.0,593844216#0,1
1500.0,593849711#2,5
1500.0,594658757#0,1
1500.0,:3086736518_0,1
1500.0,:3086736518_6,1
1500.0,:655375232_2,3
1500.0,:655375233_0,1
1500.0,:655375233_4,3
1500.0,:655375233_8,4
1500.0,:cluster655375336_end_0_655375336_end_1_655375336_end_10_655375336_end_11_#8more_25,1
1500.0,:cluster_2038168688_655375573_3,1
1500.0,:cluster_2038168688_655375573_30,1
1500.0,:cluster_2038168688_655375573_6,2
1500.0,:cluster_3208478133_655375293_655375296_9631728504_#1more_8,2
1500.0,:cluster_3431431575_4777363357_655375231_6982059025_3,1
1520.0,-300077497#5,25
1520.0,-300077497#8,4
1520.0,-35274074#2,12
1520.0,-51362429#1,6
1520.0,-51362430,11
1520.0,-593847703#3,35
1520.0,-593847704#2,3
1520.0,-E0,19
1520.0,1068234498#0,35
1520.0,1068234499#0,1
1520.0,1068440001,6
1520.0,1068440004#1,34
1520.0,1068440006#0,6
1520.0,186602412#0,3
1520.0,232003903#0,1
1520.0,238526531#0,26
1520.0,244450512#1,2
1520.0,260881642#0,3
1520.0,288878926#0,4
1520.0,30620492#0,18
1520.0,30620492#1,5
1520.0,484988951#0,5
1520.0,49073226#2,4
1520.0,49695736#0,4
1520.0,506322844#0,5
1520.0,51362429#0,17
1520.0,51362430,1
1520.0,593844216#0,1
1520.0,593844221#0,2
1520.0,593849711#2,1
1520.0,594658757#0,1
1520.0,:3086736518_0,1
1520.0,:3086736518_6,1
1520.0,:655375232_11,1
1520.0,:655375232_2,3
1520.0,:655375233_0,1
1520.0,:655375233_4,3
1520.0,:655375233_8,4
1520.0,:656132414_2,1
1520.0,:cluster11510670762_4554226152_0,1
1520.0,:cluster_2038168688_655375573_30,1
1520.0,:cluster_2038168688_655375573_6,2
1520.0,:cluster_2664674491_655375287_655375288_5,1
1520.0,:cluster_3208478133_655375293_655375296_9631728504_#1more_8,5
1520.0,:cluster_3431431575_4777363357_655375231_6982059025_3,1
1520.0,:cluster_623980147_623980152_9,1
1540.0,-300077497#5,25
1540.0,-300077497#8,3
1540.0,-35274074#2,12
1540.0,-51362429#1,4
1540.0,-51362430,15
1540.0,-593847703#3,32
1540.0,-E0,19
1540.0,1068234498#0,35
1540.0,1068234499#0,1
1540.0,1068440001,7
1540.0,1068440004#1,34
1540.0,1068440006#0,5
1540.0,232003903#0,2
1540.0,238526531#0,25
1540.0,244450512#1,2
1540.0,260881642#0,3
1540.0,288878926#0,10
1540.0,300077497#0,2
1540.0,300077497#6,1
1540.0,30620492#0,18
1540.0,30620492#1,5
1540.0,484988951#0,5
1540.0,49073226#2,4
1540.0,49695736#0,3
1540.0,506322844#0,5
1540.0,506322846#0,1
1540.0,51362429#0,17
1540.0,51362430,1
1540.0,593842812#2,1
1540.0,593844221#0,1
1540.0,593849711#2,1
1540.0,594658757#0,1
1540.0,:3086736518_0,1
1540.0,:3086736518_4,2
1540.0,:3086736518_6,1
1540.0,:655375232_2,3
1540.0,:655375233_0,1
1540.0,:655375233_4,1
1540.0,:655375233_8,4
1540.0,:655375238_5,1
1540.0,:cluster11510670762_4554226152_0,1
1540.0,:cluster_2038168688_655375573_24,1
1540.0,:cluster_2528018119_655375236_20,1
1540.0,:cluster_2528018119_655375236_32,1
1540.0,:cluster_2664674491_655375287_655375288_5,1
1540.0,:cluster_3208478133_655375293_655375296_9631728504_#1more_8,5
1540.0,:cluster_3431431575_4777363357_655375231_6982059025_3,2
1560.0,-300077497#5,27
1560.0,-300077497#8,4
1560.0,-35274074#2,12
1560.0,-51362430,17
1560.0,-593847703#3,32
1560.0,-E0,19
1560.0,1068234498#0,35
1560.0,1068234499#0,1
1560.0,1068440001,9
1560.0,1068440004#1,28
1560.0,1068440006#0,5
1560.0,186602412#0,2
1560.0,232003903#0,2
1560.0,238526531#0,25
1560.0,244450512#1,3
1560.0,260881642#0,2
1560.0,288878926#0,13
1560.0,300077497#0,4
1560.0,300077497#6,1
1560.0,30620492#0,18
1560.0,30620492#1,5
1560.0,35274074#0,3
1560.0,484988951#0,5
1560.0,49073226#2,8
1560.0,506322844#0,5
1560.0,51362429#0,17
1560.0,51362430,1
1560.0,593842812#2,1
1560.0,593844221#0,1
1560.0,593847702#0,7
1560.0,593849711#2,1
1560.0,594658757#0,1
1560.0,:3086736518_0,1
1560.0,:3086736518_4,1
1560.0,:3086736518_6,1
1560.0,:655375232_2,3
1560.0,:655375233_0,1
1560.0,:655375233_4,1
1560.0,:655375233_8,3
1560.0,:cluster11510670762_4554226152_0,1
1560.0,:cluster_3208478133_655375293_655375296_9631728504_#1more_8,5
1580.0,-300077497#5,27
1580.0,-300077497#8,4
1580.0,-35274074#2,12
1580.0,-51362430,18
1580.0,-593847703#3,32
1580.0,-E0,19
1580.0,1068234498#0,35
1580.0,1068234499#0,1
1580.0,1068440001,10
1580.0,1068440004#1,33
1580.0,1068440006#0,5
1580.0,238526531#0,25
1580.0,244450512#1,3
1580.0,288878926#0,13
1580.0,30620492#0,18
1580.0,30620492#1,5
1580.0,35274074#0,3
1580.0,484988951#0,5
1580.0,49073226#2,8
1580.0,506322844#0,5
1580.0,506322846#0,1
1580.0,51362429#0,17
1580.0,51362430,3
1580.0,593844221#0,1
1580.0,593847702#0,9
1580.0,593849711#2,1
1580.0,594658757#0,1
1580.0,:3086736518_0,1
1580.0,:3086736518_4,1
1580.0,:3086736518_6,1
1580.0,:655375232_2,3
1580.0,:655375233_0,1
1580.0,:655375233_4,1
1580.0,:655375233_8,1
1580.0,:cluster11510670762_4554226152_0,1
1580.0,:cluster655375336_end_0_655375336_end_1_655375336_end_10_655375336_end_11_#8more_25,2
1580.0,:cluster_2038168688_655375573_23,1
1580.0,:cluster_2038168688_655375573_3,1
1580.0,:cluster_2038168688_655375573_6,1
1580.0,:cluster_3208478133_655375293_655375296_9631728504_#1more_1,1
1580.0,:cluster_3208478133_655375293_655375296_9631728504_#1more_8,3
1600.0,-300077497#5,27
1600.0,-300077497#8,4
1600.0,-35274074#2,12
1600.0,-51362430,19
1600.0,-593847703#3,32
1600.0,-593847704#2,2
1600.0,-E0,19
1600.0,1068234498#0,35
1600.0,1068234499#0,1
1600.0,1068440001,9
1600.0,1068440004#1,34
1600.0,1068440006#0,5
1600.0,186602412#0,3
1600.0,238526531#0,25
1600.0,244450512#1,3
1600.0,288878926#0,7
1600.0,30620492#0,18
1600.0,30620492#1,5
1600.0,484988951#0,5
1600.0,49073226#2,8
1600.0,49695736#0,6
1600.0,506322844#0,5
1600.0,506322846#0,3
1600.0,51362429#0,14
1600.0,51362430,3
1600.0,593844221#0,1
1600.0,593847702#0,9
1600.0,593849711#2,1
1600.0,594658757#0,1
1600.0,:1973482489_3,1
1600.0,:3086736518_0,2
1600.0,:3086736518_4,1
1600.0,:3086736518_6,1
1600.0,:655375232_2,4
1600.0,:655375233_0,2
1600.0,:655375233_4,1
1600.0,:655375233_8,1
1600.0,:cluster11510670762_4554226152_0,2
1600.0,:cluster622618015_622618108_622618112_622618144_#2more_2,1
1620.0,-300077497#5,27
1620.0,-300077497#8,4
1620.0,-35274074#2,12
1620.0,-51362429#1,1
1620.0,-51362430,19
1620.0,-593847703#3,32
1620.0,-E0,19
1620.0,1068234498#0,35
1620.0,1068234499#0,1
1620.0,1068440001,9
1620.0,1068440004#1,34
1620.0,1068440006#0,5
1620.0,186602412#0,2
1620.0,238526531#0,25
1620.0,244450512#1,3
1620.0,288878926#0,5
1620.0,30620492#0,18
1620.0,30620492#1,5
1620.0,484988951#0,4
1620.0,49073226#2,8
1620.0,49695736#0,6
1620.0,506322844#0,5
1620.0,51362429#0,16
1620.0,51362430,1
1620.0,593844221#0,1
1620.0,593847702#0,9
1620.0,593847705,1
1620.0,594658757#0,1
1620.0,:3086736518_0,2
1620.0,:3086736518_4,1
1620.0,:3086736518_6,1
1620.0,:655375232_2,3
1620.0,:655375233_0,3
1620.0,:655375233_4,1
1620.0,:655375233_8,1
1620.0,:cluster11510670762_4554226152_0,2
1640.0,-300077497#5,27
1640.0,-300077497#8,4
1640.0,-35274074#2,12
1640.0,-51362429#1,3
1640.0,-51362430,19
1640.0,-593847703#3,31
1640.0,-E0,19
1640.0,1068234498#0,34
1640.0,1068440001,9
1640.0,1068440004#1,34
1640.0,1068440006#0,3
1640.0,1239087514,1
1640.0,238526531#0,26
1640.0,244450512#1,3
1640.0,288878926#0,5
1640.0,300077497#0,6
1640.0,30620492#0,18
1640.0,30620492#1,5
1640.0,484988951#0,4
1640.0,49073226#2,8
1640.0,49073272#3,1
1640.0,506322844#0,5
1640.0,51362429#0,17
1640.0,593844221#0,1
1640.0,593847705,1
1640.0,593849718#0,3
1640.0,594658757#0,1
1640.0,:3086736518_0,2
1640.0,:3086736518_6,1
1640.0,:655375232_2,3
1640.0,:655375233_0,3
1640.0,:655375233_4,2
1640.0,:655375233_8,1
1640.0,:cluster11510670762_4554226152_0,2
1640.0,:cluster11510670762_4554226152_1,1
1660.0,-1334905223#2,1
1660.0,-300077497#5,27
1660.0,-300077497#8,4
1660.0,-35274074#2,12
1660.0,-51362429#1,3
1660.0,-51362430,19
1660.0,-593847703#3,31
1660.0,-E0,19
1660.0,1068234498#0,34
1660.0,1068440001,9
1660.0,1068440004#1,31
1660.0,1068440006#0,3
1660.0,238526531#0,25
1660.0,244450512#1,3
1660.0,288878926#0,5
1660.0,30620492#0,16
1660.0,30620492#1,5
1660.0,35274074#0,6
1660.0,484988951#0,5
1660.0,49073226#2,8
1660.0,49073272#3,1
1660.0,506322844#0,5
1660.0,51362429#0,17
1660.0,51362430,1
1660.0,593844221#0,1
1660.0,593847705,1
1660.0,594658757#0,1
1660.0,:3086736518_0,2
1660.0,:3086736518_6,1
1660.0,:655375232_2,3
1660.0,:655375233_0,3
1660.0,:655375233_4,2
1660.0,:655375233_8,4
1660.0,:cluster11510670762_4554226152_0,2
1680.0,-300077497#5,25
1680.0,-300077497#8,4
1680.0,-35274074#2,12
1680.0,-51362429#1,3
1680.0,-51362430,19
1680.0,-593847703#3,34
1680.0,-E0,19
1680.0,1068234498#0,32
1680.0,1068440001,9
1680.0,1068440004#1,33
1680.0,1068440006#0,3
1680.0,238526531#0,25
1680.0,244450512#1,3
1680.0,260881642#0,4
1680.0,288135626#0,2
1680.0,288878926#0,3
1680.0,30620492#0,18
1680.0,30620492#1,5
1680.0,360018417,1
1680.0,484988951#0,5
1680.0,49073226#2,8
1680.0,506322844#0,6
1680.0,506322846#0,5
1680.0,51362429#0,17
1680.0,51362430,1
1680.0,593844221#0,1
1680.0,593847705,1
1680.0,593849711#0,1
1680.0,594658757#0,1
1680.0,:1973482489_3,1
1680.0,:3086736518_0,2
1680.0,:3086736518_6,1
1680.0,:655375232_2,3
1680.0,:655375233_0,3
1680.0,:655375233_4,2
1680.0,:655375233_8,4
1680.0,:cluster11510670762_4554226152_0,2
1700.0,-300077497#5,27
1700.0,-300077497#8,2
1700.0,-35274074#2,11
1700.0,-51362429#1,3
1700.0,-51362430,19
1700.0,-593847703#3,34
1700.0,-E0,19
1700.0,1068234498#0,36
1700.0,1068234499#0,2
1700.0,1068440001,9
1700.0,1068440004#1,33
1700.0,1068440006#0,3
1700.0,186602412#0,4
1700.0,238526531#0,25
1700.0,244450512#1,2
1700.0,260881642#0,3
1700.0,30620492#0,18
1700.0,30620492#1,5
1700.0,484988951#0,5
1700.0,49073226#2,8
1700.0,506322844#0,6
1700.0,51362429#0,17
1700.0,51362430,1
1700.0,593844221#0,1
1700.0,593847705,1
1700.0,593849711#0,1
1700.0,594658757#0,1
1700.0,:3086736518_0,2
1700.0,:3086736518_6,1
1700.0,:655375232_2,3
1700.0,:655375233_0,3
1700.0,:655375233_4,2
1700.0,:655375233_8,4
1700.0,:655375238_2,1
1700.0,:cluster11510670762_4554226152_0,2
1700.0,:cluster_2664674491_655375287_655375288_5,1
1720.0,-300077497#5,27
1720.0,-300077497#8,4
1720.0,-35274074#2,11
1720.0,-51362429#1,3
1720.0,-51362430,19
1720.0,-593847703#3,34
1720.0,-E0,19
1720.0,1068234498#0,36
1720.0,1068440001,9
1720.0,1068440004#1,33
1720.0,1068440006#0,2
1720.0,232003903#0,1
1720.0,238526531#0,24
1720.0,244450512#1,2
1720.0,260881642#0,3
1720.0,263217604#0,1
1720.0,300077497#0,2
1720.0,30620492#0,18
1720.0,30620492#1,5
1720.0,484988951#0,5
1720.0,49073226#2,8
1720.0,506322844#0,4
1720.0,51362429#0,17
1720.0,51362430,1
1720.0,593844221#0,1
1720.0,593847705,1
1720.0,594658757#0,1
1720.0,:3086736518_0,2
1720.0,:3086736518_6,1
1720.0,:655375232_2,3
1720.0,:655375233_0,3
1720.0,:655375233_4,2
1720.0,:655375233_8,4
1720.0,:655375238_2,1
1720.0,:655375238_3,1
1720.0,:cluster11510670762_4554226152_0,2
1720.0,:cluster_2664674491_655375287_655375288_5,1
1740.0,-300077497#5,27
1740.0,-300077497#8,4
1740.0,-35274074#2,11
1740.0,-51362429#1,3
1740.0,-51362430,19
1740.0,-593847703#3,32
1740.0,-E0,19
1740.0,1068234498#0,36
1740.0,1068440001,9
1740.0,1068440004#1,33
1740.0,1068440006#0,1
1740.0,232003903#0,2
1740.0,238526531#0,25
1740.0,244450512#1,3
1740.0,260881642#0,3
1740.0,263217604#0,1
1740.0,288878926#0,4
1740.0,300077497#6,2
1740.0,30620492#0,18
1740.0,30620492#1,5
1740.0,484988951#0,5
1740.0,49073226#2,4
1740.0,506322844#0,5
1740.0,51362429#0,17
1740.0,51362430,1
1740.0,593844221#0,1
1740.0,593847705,1
1740.0,:3086736518_0,2
1740.0,:3086736518_6,1
1740.0,:655375232_2,3
1740.0,:655375233_0,3
1740.0,:655375233_4,3
1740.0,:655375233_8,4
1740.0,:655375238_2,1
1740.0,:655375238_3,1
1740.0,:cluster11510670762_4554226152_0,2
1740.0,:cluster_3431431575_4777363357_655375231_6982059025_3,2
1760.0,-300077497#5,26
1760.0,-300077497#8,4
1760.0,-35274074#2,11
1760.0,-51362430,19
1760.0,-593847703#3,33
1760.0,-E0,19
1760.0,1068234498#0,36
1760.0,1068440001,9
1760.0,1068440004#1,32
1760.0,1239087514,1
1760.0,238526531#0,25
1760.0,244450512#1,3
1760.0,263217604#0,1
1760.0,288878926#0,10
1760.0,30620492#0,18
1760.0,30620492#1,5
1760.0,484988951#0,5
1760.0,49073226#2,2
1760.0,506322844#0,5
1760.0,51362429#0,17
1760.0,51362430,3
1760.0,593844221#0,1
1760.0,593847702#0,3
1760.0,593847703#0,1
1760.0,593847704#0,1
1760.0,593847705,1
1760.0,:3086736518_0,2
1760.0,:3086736518_6,1
1760.0,:655375232_2,3
1760.0,:655375233_0,2
1760.0,:655375233_4,2
1760.0,:655375233_8,2
1760.0,:655375238_2,1
1760.0,:655375238_3,1
1760.0,:cluster11510670762_4554226152_0,2
1760.0,:cluster_623980147_623980152_9,1
1780.0,-300077497#5,25
1780.0,-300077497#8,4
1780.0,-35274074#2,11
1780.0,-51362430,19
1780.0,-593847703#3,34
1780.0,-593847704#2,3
1780.0,-E0,19
1780.0,1068234498#0,36
1780.0,1068440001,9
1780.0,1068440004#1,30
1780.0,238526531#0,25
1780.0,244450512#1,3
1780.0,288878926#0,7
1780.0,300077497#0,2
1780.0,30620492#0,18
1780.0,30620492#1,5
1780.0,484988951#0,5
1780.0,506322844#0,5
1780.0,51362429#0,17
1780.0,51362430,4
1780.0,593844221#0,1
1780.0,593847702#0,5
1780.0,593847704#0,2
1780.0,593847705,1
1780.0,593849711#0,1
1780.0,594658760#0,1
1780.0,:3086736518_0,2
1780.0,:655375232_2,3
1780.0,:655375233_0,1
1780.0,:655375233_4,2
1780.0,:655375233_8,3
1780.0,:655375238_2,1
1780.0,:655375238_3,1
1780.0,:cluster11510670762_4554226152_0,2
1800.0,-300077497#5,26
1800.0,-300077497#8,3
1800.0,-35274074#2,11
1800.0,-51362430,19
1800.0,-593847703#3,34
1800.0,-E0,18
1800.0,1068234498#0,36
1800.0,1068440001,9
1800.0,1068440004#1,33
1800.0,238526531#0,25
1800.0,244450512#1,3
1800.0,288878926#0,5
1800.0,300077497#0,1
1800.0,30620492#0,18
1800.0,30620492#1,5
1800.0,484988951#0,5
1800.0,506322844#0,5
1800.0,51362429#0,17
1800.0,51362430,4
1800.0,593847702#0,5
1800.0,593847704#0,2
1800.0,593847705,1
1800.0,594658760#0,1
1800.0,:3086736518_0,3
1800.0,:3086736518_6,1
1800.0,:655375232_2,2
1800.0,:655375233_0,1
1800.0,:655375233_4,2
1800.0,:655375233_8,3
1800.0,:655375238_1,1
1800.0,:655375238_3,1
1800.0,:655375238_5,1
1800.0,:cluster11510670762_4554226152_0,2
1800.0,:cluster655375336_end_0_655375336_end_1_655375336_end_10_655375336_end_11_#8more_30,1
1820.0,-300077497#5,27
1820.0,-300077497#8,4
1820.0,-35274074#2,11
1820.0,-51362430,19
1820.0,-593847703#3,34
1820.0,-E0,19
1820.0,1068234498#0,36
1820.0,1068440001,9
1820.0,1068440004#1,33
1820.0,238526531#0,24
1820.0,244450512#1,3
1820.0,288878926#0,5
1820.0,300077497#6,1
1820.0,30620492#0,18
1820.0,30620492#1,5
1820.0,35274074#0,2
1820.0,484988951#0,3
1820.0,506322844#0,5
1820.0,51362429#0,16
1820.0,51362430,3
1820.0,593847704#0,2
1820.0,593847705,1
1820.0,594658760#0,1
1820.0,:3086736518_0,3
1820.0,:3086736518_6,1
1820.0,:655375232_2,3
1820.0,:655375233_0,1
1820.0,:655375233_4,2
1820.0,:655375233_8,3
1820.0,:cluster11510670762_4554226152_0,2
1820.0,:cluster_2038168688_655375573_8,1
1820.0,:cluster_3431431575_4777363357_655375231_6982059025_5,1
1840.0,-300077497#5,27
1840.0,-300077497#8,4
1840.0,-35274074#2,12
1840.0,-51362430,19
1840.0,-593847703#3,30
1840.0,-E0,19
1840.0,1068234498#0,36
1840.0,1068440001,9
1840.0,1068440004#1,33
1840.0,238526531#0,24
1840.0,244450512#1,3
1840.0,288878926#0,5
1840.0,30620492#0,18
1840.0,30620492#1,5
1840.0,35274074#0,2
1840.0,484988951#0,5
1840.0,506322844#0,5
1840.0,51362429#0,18
1840.0,593847705,1
1840.0,593849718#0,2
1840.0,594658760#0,1
1840.0,:3086736518_0,3
1840.0,:3086736518_4,1
1840.0,:3086736518_6,1
1840.0,:655375232_2,3
1840.0,:655375232_8,1
1840.0,:655375233_0,1
1840.0,:655375233_2,1
1840.0,:655375233_4,3
1840.0,:655375233_8,3
1840.0,:cluster11510670762_4554226152_0,2
1860.0,-300077497#5,24
1860.0,-300077497#8,4
1860.0,-35274074#2,12
1860.0,-51362429#1,4
1860.0,-51362430,16
1860.0,-593847701,1
1860.0,-593847703#3,28
1860.0,-593847704#2,1
1860.0,-E0,19
1860.0,1068234498#0,34
1860.0,1068440001,6
1860.0,1068440004#1,31
1860.0,238526531#0,25
1860.0,244450512#1,3
1860.0,260881642#0,4
1860.0,288878926#0,3
1860.0,30620492#0,18
1860.0,30620492#1,5
1860.0,484988951#0,5
1860.0,49695736#0,4
1860.0,506322844#0,5
1860.0,506322846#0,1
1860.0,51362429#0,18
1860.0,593847702#0,4
1860.0,593847704#0,1
1860.0,593847705,1
1860.0,593849711#0,1
1860.0,594658760#0,1
1860.0,:1973482489_3,1
1860.0,:3086736518_0,3
1860.0,:3086736518_6,1
1860.0,:655375232_2,3
1860.0,:655375233_0,1
1860.0,:655375233_8,2
1860.0,:656132414_2,1
1860.0,:cluster655375336_end_0_655375336_end_1_655375336_end_10_655375336_end_11_#8more_25,1
1860.0,:cluster_2528018119_655375236_17,2
1860.0,:cluster_3208478133_655375293_655375296_9631728504_#1more_8,2
1860.0,:cluster_3431431575_4777363357_655375231_6982059025_3,2
1860.0,:cluster_5372642442_631668976_631668981_631669076_45,1
1880.0,-300077497#5,23
1880.0,-300077497#8,1
1880.0,-35274074#2,12
1880.0,-51362430,11
1880.0,-593847701,1
1880.0,-593847703#3,31
1880.0,-E0,19
1880.0,1068234498#0,33
1880.0,1068440001,4
1880.0,1068440004#1,26
1880.0,238526531#0,27
1880.0,244450512#1,2
1880.0,260881642#0,3
1880.0,300077497#0,1
1880.0,30620492#0,18
1880.0,30620492#1,5
1880.0,484988951#0,5
1880.0,49073226#2,6
1880.0,49695736#0,11
1880.0,506322844#0,5
1880.0,51362429#0,18
1880.0,593844221#0,1
1880.0,593847702#0,12
1880.0,593847704#0,1
1880.0,593847705,1
1880.0,594658760#0,1
1880.0,:3086736518_0,3
1880.0,:3086736518_6,1
1880.0,:655375232_2,3
1880.0,:655375238_5,2
1880.0,:656132414_2,1
1880.0,:cluster655375336_end_0_655375336_end_1_655375336_end_10_655375336_end_11_#8more_25,2
1880.0,:cluster_2528018119_655375236_17,1
1880.0,:cluster_2664674491_655375287_655375288_5,1
1880.0,:cluster_3208478133_655375293_655375296_9631728504_#1more_8,2
1900.0,-300077497#5,25
1900.0,-300077497#8,2
1900.0,-35274074#2,12
1900.0,-51362430,8
1900.0,-593847701,1
1900.0,-593847703#3,32
1900.0,-E0,19
1900.0,1068234498#0,33
1900.0,1068440001,8
1900.0,1068440004#1,33
1900.0,238526531#0,25
1900.0,244450512#1,2
1900.0,260881642#0,4
1900.0,300077497#0,2
1900.0,30620492#0,18
1900.0,30620492#1,5
1900.0,484988951#0,5
1900.0,49073226#2,6
1900.0,49695736#0,8
1900.0,506322844#0,2
1900.0,506322848#0,1
1900.0,51362429#0,18
1900.0,593844221#0,1
1900.0,593847702#0,4
1900.0,593847704#0,1
1900.0,593847705,1
1900.0,593849718#0,2
1900.0,594658760#0,1
1900.0,:3086736518_0,3
1900.0,:3086736518_6,1
1900.0,:655375232_2,3
1900.0,:655375238_1,1
1900.0,:655375238_5,2
1900.0,:655375239_5,1
1900.0,:656132414_2,1
1900.0,:cluster11510670762_4554226152_0,1
1900.0,:cluster622618015_622618108_622618112_622618144_#2more_31,5
1900.0,:cluster622618015_622618108_622618112_622618144_#2more_34,1
1900.0,:cluster655375336_end_0_655375336_end_1_655375336_end_10_655375336_end_11_#8more_25,2
1900.0,:cluster_2528018119_655375236_20,1
1900.0,:cluster_2528018119_655375236_32,1
1900.0,:cluster_3208478133_655375293_655375296_9631728504_#1more_8,5
1900.0,:cluster_9383263990_9383263991_9383263992_9383263993_7,1
1920.0,-300077497#5,27
1920.0,-300077497#8,4
1920.0,-35274074#2,11
1920.0,-49073264#1,1
1920.0,-51362430,15
1920.0,-593847701,1
1920.0,-593847703#3,32
1920.0,-E0,19
1920.0,1068234498#0,35
1920.0,1068440001,7
1920.0,1068440004#1,33
1920.0,238526531#0,25
1920.0,244450512#1,3
1920.0,260881642#0,2
1920.0,300077497#0,8
1920.0,30620492#0,18
1920.0,30620492#1,5
1920.0,35274074#0,2
1920.0,484988951#0,3
1920.0,49073226#2,6
1920.0,49073272#3,1
1920.0,49695736#0,5
1920.0,506322844#0,5
1920.0,51362429#0,13
1920.0,593844221#0,1
1920.0,593847703#0,10
1920.0,593847705,2
1920.0,594658760#0,1
1920.0,:3086736518_6,1
1920.0,:655375233_0,1
1920.0,:655375238_1,1
1920.0,:655375238_2,1
1920.0,:cluster11510670762_4554226152_0,1
1920.0,:cluster622618015_622618108_622618112_622618144_#2more_39,1
1920.0,:cluster_2528018119_655375236_20,1
1920.0,:cluster_3208478133_655375293_655375296_9631728504_#1more_8,5
1920.0,:cluster_3431431575_4777363357_655375231_6982059025_5,1
1940.0,-300077497#5,25
1940.0,-300077497#8,4
1940.0,-35274074#2,12
1940.0,-51362430,17
1940.0,-593847703#3,33
1940.0,-E0,19
1940.0,1068234498#0,35
1940.0,1068440001,8
1940.0,1068440004#1,33
1940.0,238526531#0,24
1940.0,244450512#1,3
1940.0,300077497#0,6
1940.0,30620492#0,18
1940.0,30620492#1,5
1940.0,35274074#0,6
1940.0,360018417,1
1940.0,484988951#0,4
1940.0,49073226#2,6
1940.0,49695736#0,2
1940.0,506322844#0,5
1940.0,51362429#0,17
1940.0,593844221#0,1
1940.0,593847703#0,7
1940.0,593847705,2
1940.0,594658760#0,1
1940.0,:3086736518_6,1
1940.0,:655375232_8,1
1940.0,:655375233_4,1
1940.0,:655375238_1,1
1940.0,:655375238_2,1
1940.0,:656132414_2,1
1940.0,:cluster11510670762_4554226152_0,1
1940.0,:cluster_2038168688_655375573_23,1
1940.0,:cluster_2038168688_655375573_24,1
1940.0,:cluster_2038168688_655375573_3,1
1940.0,:cluster_2038168688_655375573_6,1
1940.0,:cluster_2528018119_655375236_3,2
1940.0,:cluster_3208478133_655375293_655375296_9631728504_#1more_8,5
1960.0,-300077497#5,25
1960.0,-300077497#8,4
1960.0,-35274074#2,12
1960.0,-51362429#1,4
1960.0,-51362430,18
1960.0,-593847703#3,26
1960.0,-E0,19
1960.0,1068234498#0,35
1960.0,1068440001,9
1960.0,1068440004#1,33
1960.0,186602412#0,2
1960.0,196961377#3,1
1960.0,238526531#0,25
1960.0,244450512#1,3
1960.0,300077497#0,8
1960.0,30620492#0,17
1960.0,30620492#1,5
1960.0,35274074#0,2
1960.0,484988951#0,4
1960.0,49073226#2,7
1960.0,49695736#0,2
1960.0,506322844#0,5
1960.0,506322846#0,10
1960.0,51362429#0,18
1960.0,593847702#0,1
1960.0,593847704#0,1
1960.0,593847705,2
1960.0,594658760#0,1
1960.0,:1973482489_8,1
1960.0,:3086736518_6,1
1960.0,:655375238_1,1
1960.0,:655375238_2,1
1960.0,:cluster11510670762_4554226152_0,1
1960.0,:cluster655375336_end_0_655375336_end_1_655375336_end_10_655375336_end_11_#8more_25,2
1960.0,:cluster_2038168688_655375573_23,1
1960.0,:cluster_2038168688_655375573_3,1
1960.0,:cluster_3208478133_655375293_655375296_9631728504_#1more_8,4
1980.0,-300077497#5,25
1980.0,-300077497#8,4
1980.0,-35274074#2,12
1980.0,-51362430,19
1980.0,-593847703#3,28
1980.0,-E0,19
1980.0,1068234498#0,34
1980.0,1068440001,8
1980.0,1068440004#1,22
1980.0,186602412#0,4
1980.0,238526531#0,26
1980.0,244450512#1,3
1980.0,288878926#0,6
1980.0,300077497#0,4
1980.0,30620492#0,18
1980.0,30620492#1,5
1980.0,35274074#0,3
1980.0,484988951#0,4
1980.0,49073226#2,4
1980.0,49695736#0,8
1980.0,506322844#0,5
1980.0,506322846#0,8
1980.0,51362429#0,18
1980.0,593847702#0,13
1980.0,593847704#0,1
1980.0,593847705,2
1980.0,594658760#0,1
1980.0,:1973482489_3,1
1980.0,:3086736518_6,1
1980.0,:655375238_1,1
1980.0,:cluster11510670762_4554226152_0,2
1980.0,:cluster_3431431575_4777363357_655375231_6982059025_3,1
2000.0,-300077497#5,27
2000.0,-300077497#8,3
2000.0,-35274074#2,11
2000.0,-51362430,19
2000.0,-593847703#3,28
2000.0,-E0,19
2000.0,1068234498#0,34
2000.0,1068440001,8
2000.0,1068440004#1,29
2000.0,186602412#0,4
2000.0,238526531#0,26
2000.0,244450512#1,3
2000.0,288878926#0,11
2000.0,300077497#0,6
2000.0,30620492#0,18
2000.0,30620492#1,5
2000.0,35274074#0,8
2000.0,484988951#0,4
2000.0,49073264#0,1
2000.0,49073272#3,2
2000.0,506322844#0,3
2000.0,506322846#0,2
2000.0,51362429#0,18
2000.0,593847704#0,1
2000.0,593847705,2
2000.0,593849718#0,3
2000.0,593852345#0,2
2000.0,594658760#0,1
2000.0,:3086736518_6,1
2000.0,:655375238_3,1
2000.0,:655375239_5,1
2000.0,:cluster11510670762_4554226152_0,2
2000.0,:cluster_2528018119_655375236_20,2
2020.0,-300077497#5,27
2020.0,-300077497#8,4
2020.0,-35274074#2,12
2020.0,-51362430,19
2020.0,-593847703#3,28
2020.0,-E0,19
2020.0,1068234498#0,34
2020.0,1068440001,8
2020.0,1068440004#1,33
2020.0,238526531#0,25
2020.0,244450512#1,3
2020.0,288878926#0,11
2020.0,300077497#0,2
2020.0,30620492#0,18
2020.0,30620492#1,5
2020.0,35274074#0,13
2020.0,484988951#0,3
2020.0,49073264#0,1
2020.0,49073272#3,2
2020.0,506322844#0,5
2020.0,51362429#0,14
2020.0,593847703#0,6
2020.0,593847704#0,1
2020.0,593852345#0,2
2020.0,594658760#0,1
2020.0,:3086736518_0,1
2020.0,:655375232_2,1
2020.0,:655375233_0,1
2020.0,:655375238_1,1
2020.0,:cluster11510670762_4554226152_0,2
2020.0,:cluster622618015_622618108_622618112_622618144_#2more_17,1
2040.0,-300077497#5,23
2040.0,-300077497#8,4
2040.0,-35274074#2,12
2040.0,-49073264#1,1
2040.0,-51362430,18
2040.0,-593847703#3,32
2040.0,-E0,19
2040.0,1068234498#0,36
2040.0,1068440001,3
2040.0,1068440004#1,33
2040.0,196961215#2,2
2040.0,238526531#0,25
2040.0,244450512#1,3
2040.0,260881642#0,3
2040.0,288878926#0,9
2040.0,300077497#0,4
2040.0,30620492#0,18
2040.0,30620492#1,5
2040.0,35274074#0,5
2040.0,360018417,2
2040.0,484988951#0,4
2040.0,49695736#0,3
2040.0,506322844#0,5
2040.0,506322846#0,7
2040.0,51362429#0,14
2040.0,593847705,2
2040.0,593849711#0,1
2040.0,594658760#0,1
2040.0,:656132414_2,1
2040.0,:cluster655375336_end_0_655375336_end_1_655375336_end_10_655375336_end_11_#8more_25,2
2040.0,:cluster_2038168688_655375573_23,1
2040.0,:cluster_2038168688_655375573_24,1
2040.0,:cluster_2038168688_655375573_3,2
2040.0,:cluster_2528018119_655375236_3,1
2040.0,:cluster_3208478133_655375293_655375296_9631728504_#1more_8,2
2060.0,-300077497#5,22
2060.0,-300077497#8,1
2060.0,-35274074#2,12
2060.0,-49073264#1,1
2060.0,-51362429#1,2
2060.0,-51362430,8
2060.0,-593847703#3,26
2060.0,-E0,19
2060.0,1068234498#0,36
2060.0,1068440001,3
2060.0,1068440004#1,33
2060.0,182334378#0,1
2060.0,186602412#0,5
2060.0,196961215#2,2
2060.0,238526531#0,25
2060.0,244450512#1,2
2060.0,260881642#0,4
2060.0,288878926#0,3
2060.0,300077497#0,3
2060.0,30620492#0,18
2060.0,30620492#1,5
2060.0,484988951#0,4
2060.0,49073226#2,1
2060.0,49695736#0,11
2060.0,506322844#0,5
2060.0,506322846#0,11
2060.0,51362429#0,16
2060.0,593847704#0,1
2060.0,593847705,2
2060.0,594658760#0,1
2060.0,:1973482489_8,1
2060.0,:655375232_8,1
2060.0,:655375233_4,1
2060.0,:655375238_1,1
2060.0,:655375238_5,1
2060.0,:656132414_2,1
2060.0,:cluster11510670762_4554226152_0,1
2060.0,:cluster622618015_622618108_622618112_622618144_#2more_49,2
2060.0,:cluster655375336_end_0_655375336_end_1_655375336_end_10_655375336_end_11_#8more_25,3
2060.0,:cluster_2664674491_655375287_655375288_5,1
2060.0,:cluster_3208478133_655375293_655375296_9631728504_#1more_8,2
2060.0,:cluster_3431431575_4777363357_655375231_6982059025_3,1
2080.0,-300077497#5,24
2080.0,-300077497#8,2
2080.0,-35274074#2,11
2080.0,-49073264#1,1
2080.0,-51362430,6
2080.0,-593847703#3,26
2080.0,-E0,19
2080.0,1068234498#0,36
2080.0,1068440001,5
2080.0,1068440004#1,21
2080.0,186602412#0,5
2080.0,196961215#2,2
2080.0,232003903#0,1
2080.0,238526531#0,24
2080.0,244450512#1,2
2080.0,260881642#0,4
2080.0,288878926#0,3
2080.0,300077497#0,2
2080.0,30620492#0,18
2080.0,30620492#1,5
2080.0,35274074#0,3
2080.0,484988951#0,4
2080.0,49073226#2,5
2080.0,49695736#0,12
2080.0,506322844#0,2
2080.0,506322846#0,4
2080.0,51362429#0,17
2080.0,593844221#0,1
2080.0,593847702#0,10
2080.0,593847704#0,1
2080.0,593847705,2
2080.0,594658760#0,1
2080.0,:1973482489_3,1
2080.0,:3086736518_4,1
2080.0,:655375233_8,2
2080.0,:655375238_1,1
2080.0,:655375238_2,1
2080.0,:655375238_5,1
2080.0,:655375239_5,1
2080.0,:cluster11510670762_4554226152_0,1
2080.0,:cluster655375336_end_0_655375336_end_1_655375336_end_10_655375336_end_11_#8more_25,3
2080.0,:cluster_2038168688_655375573_8,1
2080.0,:cluster_2528018119_655375236_20,1
2080.0,:cluster_2528018119_655375236_32,1
2080.0,:cluster_3208478133_655375293_655375296_9631728504_#1more_8,4
2100.0,-300077497#5,27
2100.0,-300077497#8,4
2100.0,-35274074#2,12
2100.0,-51362430,7
2100.0,-593847703#3,26
2100.0,-E0,18
2100.0,1068234498#0,36
2100.0,1068440001,8
2100.0,1068440004#1,26
2100.0,186602412#0,3
2100.0,196961215#2,2
2100.0,232003903#0,1
2100.0,238526531#0,24
2100.0,244450512#1,3
2100.0,260881642#0,2
2100.0,263217604#0,1
2100.0,288878926#0,3
2100.0,300077497#0,6
2100.0,30620492#0,18
2100.0,30620492#1,5
2100.0,35274074#0,7
2100.0,484988951#0,4
2100.0,49073226#2,5
2100.0,49695736#0,6
2100.0,506322844#0,5
2100.0,51362429#0,18
2100.0,593844221#0,1
2100.0,593847702#0,5
2100.0,593847705,2
2100.0,593849718#0,3
2100.0,593852345#0,1
2100.0,:3086736518_4,1
2100.0,:3086736518_6,1
2100.0,:656132414_2,1
2100.0,:cluster11510670762_4554226152_0,1
2100.0,:cluster622618015_622618108_622618112_622618144_#2more_17,1
2100.0,:cluster622618015_622618108_622618112_622618144_#2more_37,1
2100.0,:cluster655375336_end_0_655375336_end_1_655375336_end_10_655375336_end_11_#8more_25,2
2100.0,:cluster_2528018119_655375236_20,2
2100.0,:cluster_3208478133_655375293_655375296_9631728504_#1more_8,5
2120.0,-300077497#5,23
2120.0,-300077497#8,4
2120.0,-35274074#2,12
2120.0,-51362430,11
2120.0,-593847703#3,28
2120.0,-E0,18
2120.0,1068234498#0,36
2120.0,1068440001,10
2120.0,1068440004#1,33
2120.0,196961215#2,3
2120.0,238526531#0,24
2120.0,244450512#1,3
2120.0,263217604#0,1
2120.0,288878926#0,3
2120.0,300077497#0,3
2120.0,30620492#0,18
2120.0,30620492#1,5
2120.0,35274074#0,9
2120.0,360018417,1
2120.0,484988951#0,4
2120.0,49073226#2,5
2120.0,49695736#0,6
2120.0,506322844#0,5
2120.0,506322846#0,1
2120.0,51362429#0,12
2120.0,51362430,1
2120.0,593844221#0,1
2120.0,593847702#0,5
2120.0,593847703#0,3
2120.0,:3086736518_0,2
2120.0,:3086736518_4,1
2120.0,:3086736518_6,1
2120.0,:655375232_2,2
2120.0,:655375238_6,1
2120.0,:cluster11510670762_4554226152_0,1
2120.0,:cluster_2038168688_655375573_23,1
2120.0,:cluster_2038168688_655375573_3,1
2120.0,:cluster_2038168688_655375573_6,1
2120.0,:cluster_2528018119_655375236_17,2
2120.0,:cluster_3208478133_655375293_655375296_9631728504_#1more_8,5
2140.0,-300077497#5,21
2140.0,-300077497#8,4
2140.0,-35274074#2,8
2140.0,-51362430,11
2140.0,-593847703#3,31
2140.0,-E0,19
2140.0,1068234498#0,33
2140.0,1068440001,10
2140.0,1068440004#1,33
2140.0,186602412#0,2
2140.0,196961215#2,3
2140.0,196961377#3,1
2140.0,238526531#0,26
2140.0,244450512#1,3
2140.0,244450512#4,1
2140.0,288135626#0,1
2140.0,300077497#6,4
2140.0,30620492#0,18
2140.0,30620492#1,5
2140.0,35274074#0,1
2140.0,484988951#0,3
2140.0,49073226#2,5
2140.0,49695736#0,6
2140.0,506322844#0,5
2140.0,506322846#0,10
2140.0,51362429#0,15
2140.0,593844221#0,1
2140.0,593847702#0,5
2140.0,:1973482489_8,1
2140.0,:3086736518_0,2
2140.0,:3086736518_4,1
2140.0,:3086736518_6,1
2140.0,:655375232_2,1
2140.0,:cluster11510670762_4554226152_0,1
2140.0,:cluster_2038168688_655375573_23,1
2140.0,:cluster_2038168688_655375573_3,2
2140.0,:cluster_2528018119_655375236_17,1
2140.0,:cluster_3208478133_655375293_655375296_9631728504_#1more_8,5
2140.0,:cluster_3431431575_4777363357_655375231_6982059025_7,1
2160.0,-300077497#5,23
2160.0,-35274074#2,8
2160.0,-51362429#1,3
2160.0,-51362430,11
2160.0,-593847703#3,23
2160.0,-E0,19
2160.0,1068234498#0,33
2160.0,1068234499#0,1
2160.0,1068440001,9
2160.0,1068440004#1,33
2160.0,186602412#0,5
2160.0,196961215#2,3
2160.0,232003903#0,1
2160.0,238526531#0,26
2160.0,244450512#1,3
2160.0,244450512#5,1
2160.0,300077497#6,4
2160.0,30620492#0,18
2160.0,30620492#1,5
2160.0,484988951#0,4
2160.0,49073226#2,6
2160.0,49695736#0,10
2160.0,506322844#0,5
2160.0,506322846#0,7
2160.0,51362429#0,17
2160.0,593847702#0,5
2160.0,593847704#0,1
2160.0,:1973482489_3,1
2160.0,:3086736518_0,2
2160.0,:655375232_2,1
2160.0,:655375232_8,2
2160.0,:655375233_2,1
2160.0,:655375233_4,2
2160.0,:cluster11510670762_4554226152_0,2
2160.0,:cluster655375336_end_0_655375336_end_1_655375336_end_10_655375336_end_11_#8more_25,2
2160.0,:cluster_3431431575_4777363357_655375231_6982059025_3,1
2180.0,-300077497#5,27
2180.0,-300077497#8,3
2180.0,-35274074#2,12
2180.0,-51362429#1,6
2180.0,-51362430,11
2180.0,-593847703#3,23
2180.0,-E0,19
2180.0,1068234498#0,35
2180.0,1068440001,9
2180.0,1068440004#1,23
2180.0,186602412#0,5
2180.0,196961215#2,3
2180.0,238526531#0,22
2180.0,244450512#1,3
2180.0,244450512#5,1
2180.0,300077497#0,6
2180.0,300077497#6,4
2180.0,30620492#0,18
2180.0,30620492#1,5
2180.0,484988951#0,5
2180.0,49073226#2,8
2180.0,49073272#1,1
2180.0,49695736#0,4
2180.0,506322844#0,2
2180.0,506322846#0,1
2180.0,51362429#0,17
2180.0,593847702#0,6
2180.0,593847704#0,1
2180.0,:3086736518_0,2
2180.0,:655375232_2,1
2180.0,:655375233_8,4
2180.0,:655375239_5,1
2180.0,:cluster11510670762_4554226152_0,2
2180.0,:cluster_2528018119_655375236_12,1
2180.0,:cluster_2528018119_655375236_20,2
2200.0,-300077497#5,27
2200.0,-300077497#8,4
2200.0,-35274074#2,12
2200.0,-51362429#1,6
2200.0,-51362430,11
2200.0,-593847703#3,23
2200.0,-E0,19
2200.0,1068234498#0,35
2200.0,1068440001,9
2200.0,1068440004#1,25
2200.0,196961215#2,1
2200.0,238526531#0,22
2200.0,244450512#1,3
2200.0,244450512#5,1
2200.0,288878926#0,1
2200.0,300077497#0,5
2200.0,30620492#0,18
2200.0,30620492#1,5
2200.0,35274074#0,6
2200.0,484988951#0,5
2200.0,49073226#2,6
2200.0,49073272#3,1
2200.0,506322844#0,5
2200.0,51362429#0,17
2200.0,593847702#0,12
2200.0,593849718#0,1
2200.0,:3086736518_0,2
2200.0,:655375232_2,1
2200.0,:655375238_6,1
2200.0,:655375239_3,1
2200.0,:cluster11510670762_4554226152_0,2
2200.0,:cluster_2528018119_655375236_29,1
2200.0,:cluster_623980147_623980152_3,1
2200.0,:cluster_623980147_623980152_4,1
2200.0,:cluster_623980147_623980152_8,1
2220.0,-300077497#5,21
2220.0,-300077497#8,4
2220.0,-35274074#2,11
2220.0,-51362429#1,2
2220.0,-51362430,9
2220.0,-593847703#3,29
2220.0,-E0,18
2220.0,1068234498#0,31
2220.0,1068440001,5
2220.0,1068440004#1,33
2220.0,238526531#0,24
2220.0,244450512#1,2
2220.0,260881642#0,4
2220.0,288878926#0,9
2220.0,300077497#6,1
2220.0,30620492#0,18
2220.0,30620492#1,5
2220.0,35274074#0,2
2220.0,360018417,1
2220.0,484988951#0,5
2220.0,49073226#2,4
2220.0,49695736#0,2
2220.0,506322844#0,6
2220.0,506322846#0,8
2220.0,51362429#0,13
2220.0,51362430,1
2220.0,593844221#0,1
2220.0,593847702#0,12
2220.0,593847703#0,1
2220.0,593849711#0,1
2220.0,:3086736518_0,1
2220.0,:3086736518_6,1
2220.0,:655375232_2,3
2220.0,:655375233_0,2
2220.0,:655375238_3,1
2220.0,:656132414_2,1
2220.0,:cluster11510670762_4554226152_0,1
2220.0,:cluster655375336_end_0_655375336_end_1_655375336_end_10_655375336_end_11_#8more_25,1
2220.0,:cluster_2038168688_655375573_3,2
2220.0,:cluster_3208478133_655375293_655375296_9631728504_#1more_8,2
2220.0,:cluster_5372642442_631668976_631668981_631669076_45,2
2240.0,-300077497#5,23
2240.0,-300077497#8,1
2240.0,-35274074#2,11
2240.0,-51362430,4
2240.0,-593847703#3,29
2240.0,-E0,18
2240.0,1068234498#0,30
2240.0,1068440001,3
2240.0,1068440004#1,33
2240.0,186602412#0,4
2240.0,238526531#0,27
2240.0,244450512#1,2
2240.0,260881642#0,4
2240.0,288878926#0,7
2240.0,300077497#0,2
2240.0,300077497#6,2
2240.0,30620492#0,18
2240.0,30620492#1,5
2240.0,484988951#0,3
2240.0,49695736#0,11
2240.0,506322844#0,6
2240.0,506322846#0,5
2240.0,51362429#0,11
2240.0,51362430,1
2240.0,593844221#0,1
2240.0,593847702#0,12
2240.0,593847703#0,6
2240.0,593847704#0,1
2240.0,593847705,1
2240.0,:1973482489_8,1
2240.0,:655375238_5,1
2240.0,:cluster622618015_622618108_622618112_622618144_#2more_49,1
2240.0,:cluster655375336_end_0_655375336_end_1_655375336_end_10_655375336_end_11_#8more_25,1
2240.0,:cluster_2528018119_655375236_3,1
2240.0,:cluster_3208478133_655375293_655375296_9631728504_#1more_8,2
2240.0,:cluster_3431431575_4777363357_655375231_6982059025_3,2
2240.0,:cluster_3431431575_4777363357_655375231_6982059025_5,1
2260.0,-300077497#5,27
2260.0,-300077497#8,2
2260.0,-35274074#2,10
2260.0,-51362429#1,1
2260.0,-593847703#3,23
2260.0,-E0,19
2260.0,1068234498#0,30
2260.0,1068440004#1,33
2260.0,186602412#0,4
2260.0,238526531#0,23
2260.0,244450512#1,3
2260.0,260881642#0,3
2260.0,263217604#0,1
2260.0,288878926#0,10
2260.0,300077497#0,3
2260.0,300077497#6,4
2260.0,30620492#0,18
2260.0,30620492#1,4
2260.0,35274074#0,1
2260.0,484988951#0,4
2260.0,49073226#2,1
2260.0,49695736#0,12
2260.0,506322844#0,2
2260.0,51362429#0,14
2260.0,593847702#0,4
2260.0,593847703#0,4
2260.0,593847704#0,1
2260.0,593847705,1
2260.0,593849718#0,3
2260.0,:3086736518_4,1
2260.0,:655375232_8,1
2260.0,:655375233_4,2
2260.0,:655375238_1,1
2260.0,:655375239_5,1
2260.0,:cluster622618015_622618108_622618112_622618144_#2more_31,6
2260.0,:cluster655375336_end_0_655375336_end_1_655375336_end_10_655375336_end_11_#8more_25,5
2260.0,:cluster_2038168688_655375573_8,1
2260.0,:cluster_2528018119_655375236_20,1
2260.0,:cluster_2528018119_655375236_32,1
2260.0,:cluster_3208478133_655375293_655375296_9631728504_#1more_8,1
2260.0,:cluster_9383263990_9383263991_9383263992_9383263993_7,1
2280.0,-300077497#5,27
2280.0,-300077497#8,5
2280.0,-35274074#2,12
2280.0,-51362429#1,1
2280.0,-593847703#3,20
2280.0,-E0,19
2280.0,1068234498#0,30
2280.0,1068440004#1,27
2280.0,238526531#0,22
2280.0,244450512#1,3
2280.0,260881642#0,2
2280.0,263217604#0,1
2280.0,288878926#0,10
2280.0,300077497#0,6
2280.0,300077497#6,4
2280.0,30620492#0,17
2280.0,30620492#1,5
2280.0,35274074#0,6
2280.0,484988951#0,4
2280.0,49073226#2,7
2280.0,49695736#0,9
2280.0,506322844#0,5
2280.0,51362429#0,16
2280.0,593847702#0,3
2280.0,593847703#0,4
2280.0,593847705,1
2280.0,:3086736518_4,1
2280.0,:655375233_8,4
2280.0,:cluster622618015_622618108_622618112_622618144_#2more_39,1
2280.0,:cluster655375336_end_0_655375336_end_1_655375336_end_10_655375336_end_11_#8more_25,2
2280.0,:cluster_2528018119_655375236_20,1
2280.0,:cluster_2528018119_655375236_32,1
2300.0,-300077497#5,23
2300.0,-300077497#8,5
2300.0,-35274074#2,12
2300.0,-51362429#1,1
2300.0,-593847703#3,22
2300.0,-E0,19
2300.0,1068234498#0,32
2300.0,1068440004#1,24
2300.0,182334378#0,1
2300.0,238526531#0,22
2300.0,244450512#1,3
2300.0,263217604#0,1
2300.0,288878926#0,10
2300.0,300077497#0,4
2300.0,30620492#0,18
2300.0,30620492#1,5
2300.0,35274074#0,9
2300.0,484988951#0,3
2300.0,49073226#2,7
2300.0,49695736#0,9
2300.0,506322844#0,5
2300.0,506322846#0,1
2300.0,51362429#0,16
2300.0,593847702#0,13
2300.0,593847705,1
2300.0,:3086736518_4,1
2300.0,:cluster_2038168688_655375573_23,1
2300.0,:cluster_2038168688_655375573_3,1
2300.0,:cluster_2038168688_655375573_6,1
2300.0,:cluster_2528018119_655375236_17,2
2300.0,:cluster_2528018119_655375236_3,2
2300.0,:cluster_3431431575_4777363357_655375231_6982059025_5,1
2320.0,-300077497#5,22
2320.0,-300077497#8,5
2320.0,-35274074#2,12
2320.0,-51362429#1,1
2320.0,-593847703#3,25
2320.0,-E0,18
2320.0,1068234498#0,29
2320.0,1068440004#1,31
2320.0,186602412#0,2
2320.0,238526531#0,27
2320.0,244450512#1,3
2320.0,288878926#0,4
2320.0,300077497#0,1
2320.0,30620492#0,18
2320.0,30620492#1,5
2320.0,35274074#0,2
2320.0,484988951#0,4
2320.0,49073226#2,7
2320.0,49695736#0,9
2320.0,506322844#0,5
2320.0,506322846#0,11
2320.0,51362429#0,15
2320.0,593847702#0,13
2320.0,593849711#0,1
2320.0,594658760#0,1
2320.0,:1973482489_8,1
2320.0,:3086736518_4,1
2320.0,:3086736518_6,1
2320.0,:655375232_2,2
2320.0,:655375233_0,1
2320.0,:cluster622618015_622618108_622618112_622618144_#2more_0,1
2320.0,:cluster_2038168688_655375573_23,1
2320.0,:cluster_2038168688_655375573_3,1
2320.0,:cluster_5372642442_631668976_631668981_631669076_45,1
2340.0,-300077497#5,25
2340.0,-35274074#2,12
2340.0,-51362429#1,1
2340.0,-593847703#3,27
2340.0,-E0,19
2340.0,1068234498#0,28
2340.0,1068440004#1,34
2340.0,186602412#0,4
2340.0,238526531#0,30
2340.0,244450512#1,3
2340.0,288878926#0,2
2340.0,30620492#0,18
2340.0,30620492#1,5
2340.0,484988951#0,2
2340.0,49073226#2,7
2340.0,49695736#0,9
2340.0,506322844#0,5
2340.0,506322846#0,8
2340.0,51362429#0,12
2340.0,593847702#0,13
2340.0,593847703#0,7
2340.0,593847705,1
2340.0,:1973482489_3,1
2340.0,:3086736518_0,2
2340.0,:3086736518_4,1
2340.0,:3086736518_6,1
2340.0,:655375232_2,3
2340.0,:655375238_6,1
2340.0,:cluster_3431431575_4777363357_655375231_6982059025_5,1
2360.0,-1334905223#2,1
2360.0,-300077497#5,25
2360.0,-300077497#8,3
2360.0,-35274074#2,9
2360.0,-51362429#1,2
2360.0,-593847703#3,24
2360.0,-E0,19
2360.0,1068234498#0,33
2360.0,1068440004#1,34
2360.0,186602412#0,5
2360.0,238526531#0,23
2360.0,244450512#1,3
2360.0,263217604#0,1
2360.0,288878926#0,2
2360.0,300077497#0,6
2360.0,300077497#6,4
2360.0,30620492#0,18
2360.0,30620492#1,5
2360.0,35274074#0,1
2360.0,484988951#0,3
2360.0,49073226#2,7
2360.0,49695736#0,2
2360.0,506322840#0,3
2360.0,506322844#0,5
2360.0,506322846#0,2
2360.0,51362429#0,13
2360.0,593847703#0,3
2360.0,593847705,1
2360.0,593849718#0,8
2360.0,:3086736515_0,1
2360.0,:3086736518_0,2
2360.0,:3086736518_4,1
2360.0,:3086736518_6,1
2360.0,:655375232_2,3
2360.0,:655375233_4,2
2360.0,:655375238_5,1
2360.0,:655375241_0,1
2360.0,:cluster_2038168688_655375573_25,1
2360.0,:cluster_2528018119_655375236_20,1
2360.0,:cluster_3431431575_4777363357_655375231_6982059025_5,1
2380.0,-300077497#5,27
2380.0,-300077497#8,4
2380.0,-35274074#2,12
2380.0,-51362429#1,9
2380.0,-593847703#3,20
2380.0,-E0,19
2380.0,1068234498#0,35
2380.0,1068440004#1,32
2380.0,238526531#0,21
2380.0,244450512#1,3
2380.0,263217604#0,1
2380.0,288878926#0,2
2380.0,300077497#0,3
2380.0,30620492#0,18
2380.0,30620492#1,5
2380.0,35274074#0,6
2380.0,484988951#0,4
2380.0,49073226#2,7
2380.0,506322844#0,5
2380.0,51362429#0,15
2380.0,593847703#0,3
2380.0,593847705,1
2380.0,593849711#0,1
2380.0,593849718#0,1
2380.0,:3086736518_0,2
2380.0,:655375232_2,3
2380.0,:655375233_8,2
2380.0,:655375238_6,1
2380.0,:655375239_3,1
2380.0,E1,1
2400.0,-300077497#5,23
2400.0,-300077497#8,4
2400.0,-35274074#2,9
2400.0,-51362429#1,9
2400.0,-593847703#3,24
2400.0,-E0,19
2400.0,1068234498#0,31
2400.0,1068440004#1,23
2400.0,238526531#0,22
2400.0,244450512#1,2
2400.0,260881642#0,4
2400.0,288135626#0,3
2400.0,300077497#0,3
2400.0,300077497#6,3
2400.0,30620492#0,18
2400.0,30620492#1,5
2400.0,484988951#0,3
2400.0,49073226#2,7
2400.0,506322844#0,5
2400.0,506322846#0,8
2400.0,51362429#0,16
2400.0,593847702#0,12
2400.0,593847705,1
2400.0,593849711#0,1
2400.0,594658760#0,1
2400.0,:3086736518_0,2
2400.0,:655375232_2,3
2400.0,:cluster_2038168688_655375573_23,1
2400.0,:cluster_2038168688_655375573_3,1
2400.0,:cluster_2664674491_655375287_655375288_5,1
2400.0,:cluster_3431431575_4777363357_655375231_6982059025_5,1
2400.0,:cluster_5372642442_631668976_631668981_631669076_22,1
2400.0,:cluster_5372642442_631668976_631668981_631669076_45,2
2420.0,-300077497#5,24
2420.0,-35274074#2,9
2420.0,-51362429#1,9
2420.0,-593847703#3,24
2420.0,-E0,18
2420.0,1068234498#0,28
2420.0,1068234499#0,4
2420.0,1068440004#1,30
2420.0,186602412#0,6
2420.0,238526531#0,27
2420.0,244450512#1,2
2420.0,260881642#0,4
2420.0,288135626#0,1
2420.0,300077497#6,3
2420.0,30620492#0,18
2420.0,30620492#1,5
2420.0,484988951#0,4
2420.0,49073226#2,7
2420.0,506322844#0,5
2420.0,506322846#0,4
2420.0,51362429#0,17
2420.0,593847702#0,12
2420.0,593847705,1
2420.0,594658760#0,1
2420.0,:1973482489_3,1
2420.0,:3086736518_0,2
2420.0,:3086736518_6,1
2420.0,:655375232_2,3
2420.0,:655375238_5,2
2420.0,:cluster_2038168688_655375573_23,1
2420.0,:cluster_2038168688_655375573_3,1
2420.0,:cluster_2528018119_655375236_17,1
2420.0,:cluster_5372642442_631668976_631668981_631669076_45,1
2440.0,-300077497#5,26
2440.0,-300077497#8,3
2440.0,-35274074#2,11
2440.0,-51362429#1,8
2440.0,-593847703#3,25
2440.0,-E0,18
2440.0,1068234498#0,31
2440.0,1068234499#0,1
2440.0,1068440004#1,31
2440.0,186602412#0,5
2440.0,238526531#0,22
2440.0,244450512#1,2
2440.0,260881642#0,3
2440.0,288878926#0,3
2440.0,300077497#0,2
2440.0,300077497#6,4
2440.0,30620492#0,18
2440.0,30620492#1,5
2440.0,484988951#0,3
2440.0,49073226#2,3
2440.0,506322844#0,2
2440.0,506322848#0,1
2440.0,51362429#0,13
2440.0,593847702#0,4
2440.0,593847703#0,10
2440.0,593849718#0,2
2440.0,594658760#0,1
2440.0,:1973482489_8,1
2440.0,:3086736518_0,1
2440.0,:3086736518_6,1
2440.0,:655375233_0,3
2440.0,:655375239_5,1
2440.0,:cluster622618015_622618108_622618112_622618144_#2more_31,6
2440.0,:cluster_2038168688_655375573_8,1
2440.0,:cluster_2528018119_655375236_12,1
2440.0,:cluster_2528018119_655375236_29,1
2440.0,:cluster_2664674491_655375287_655375288_5,1
2440.0,:cluster_3431431575_4777363357_655375231_6982059025_3,1
2440.0,:cluster_3431431575_4777363357_655375231_6982059025_5,1
2440.0,:cluster_623980147_623980152_4,1
2440.0,:cluster_9383263990_9383263991_9383263992_9383263993_7,1
2460.0,-1334905223#2,1
2460.0,-300077497#5,27
2460.0,-300077497#8,4
2460.0,-35274074#2,12
2460.0,-593847703#3,23
2460.0,-E0,19
2460.0,1068234498#0,31
2460.0,1068440004#1,31
2460.0,238526531#0,21
2460.0,244450512#1,3
2460.0,260881642#0,2
2460.0,288878926#0,10
2460.0,300077497#0,5
2460.0,300077497#6,4
2460.0,30620492#0,18
2460.0,30620492#1,5
2460.0,484988951#0,4
2460.0,49073226#2,5
2460.0,506322844#0,5
2460.0,51362429#0,14
2460.0,593847703#0,11
2460.0,594658760#0,1
2460.0,:3086736518_0,1
2460.0,:3086736518_6,1
2460.0,:655375233_4,2
2460.0,:cluster_3431431575_4777363357_655375231_6982059025_3,1
2480.0,-300077497#5,23
2480.0,-300077497#8,4
2480.0,-35274074#2,10
2480.0,-51362429#1,7
2480.0,-593847703#3,18
2480.0,-E0,19
2480.0,1068234498#0,33
2480.0,1068440004#1,31
2480.0,238526531#0,21
2480.0,244450512#1,3
2480.0,288878926#0,13
2480.0,300077497#0,2
2480.0,300077497#6,1
2480.0,30620492#0,18
2480.0,30620492#1,5
2480.0,484988951#0,3
2480.0,49073226#2,3
2480.0,49695736#0,1
2480.0,506322844#0,6
2480.0,51362429#0,14
2480.0,593847702#0,1
2480.0,593847703#0,6
2480.0,:3086736518_0,1
2480.0,:3086736518_6,1
2480.0,:655375238_3,1
2480.0,:655375239_3,1
2480.0,:cluster_2528018119_655375236_17,2
2480.0,:cluster_2528018119_655375236_3,2
2480.0,:cluster_3431431575_4777363357_655375231_6982059025_3,1
2480.0,:cluster_3431431575_4777363357_655375231_6982059025_5,1
2500.0,-300077497#5,22
2500.0,-300077497#8,4
2500.0,-35274074#2,7
2500.0,-51362429#1,4
2500.0,-593847703#3,21
2500.0,-E0,19
2500.0,1068234498#0,29
2500.0,1068234499#0,2
2500.0,1068440004#1,19
2500.0,238526531#0,26
2500.0,244450512#1,3
2500.0,288878926#0,7
2500.0,300077497#0,8
2500.0,300077497#6,2
2500.0,30620492#0,18
2500.0,30620492#1,5
2500.0,484988951#0,4
2500.0,49073226#2,7
2500.0,49695736#0,1
2500.0,506322844#0,6
2500.0,51362429#0,16
2500.0,593847702#0,13
2500.0,593849711#0,1
2500.0,:2444664370_0,1
2500.0,:3086736518_0,1
2500.0,:3086736518_6,1
2500.0,:655375238_6,1
2500.0,:cluster622618015_622618108_622618112_622618144_#2more_0,1
2500.0,:cluster_2038168688_655375573_3,1
2500.0,:cluster_5372642442_631668976_631668981_631669076_45,1
2520.0,-300077497#5,26
2520.0,-35274074#2,7
2520.0,-51362429#1,4
2520.0,-593847703#3,21
2520.0,-E0,19
2520.0,1068234498#0,29
2520.0,1068234499#0,3
2520.0,1068440004#1,19
2520.0,186602412#0,1
2520.0,238526531#0,28
2520.0,244450512#1,3
2520.0,288135626#0,1
2520.0,288878926#0,5
2520.0,300077497#0,5
2520.0,300077497#6,2
2520.0,30620492#0,18
2520.0,30620492#1,5
2520.0,35274074#0,2
2520.0,484988951#0,4
2520.0,49073226#2,7
2520.0,49695736#0,1
2520.0,506322844#0,6
2520.0,506322846#0,1
2520.0,51362429#0,17
2520.0,593847702#0,13
2520.0,:3086736518_0,1
2520.0,:3086736518_6,1
2520.0,:655375238_1,1
2540.0,-1334905223#2,1
2540.0,-300077497#5,27
2540.0,-300077497#8,4
2540.0,-35274074#2,12
2540.0,-51362429#1,4
2540.0,-593847703#3,22
2540.0,-E0,19
2540.0,1068234498#0,32
2540.0,1068440004#1,19
2540.0,186602412#0,1
2540.0,238526531#0,21
2540.0,244450512#1,3
2540.0,263217604#0,1
2540.0,288878926#0,5
2540.0,300077497#0,5
2540.0,300077497#6,2
2540.0,30620492#0,18
2540.0,30620492#1,5
2540.0,35274074#0,7
2540.0,484988951#0,3
2540.0,49073226#2,7
2540.0,506322844#0,5
2540.0,51362429#0,12
2540.0,593847703#0,5
2540.0,593847705,1
2540.0,593849718#0,7
2540.0,:3086736518_6,1
2540.0,:655375232_2,3
2540.0,:655375233_0,2
2540.0,:655375241_0,1
2540.0,:cluster_3431431575_4777363357_655375231_6982059025_5,1
2540.0,:cluster_623980090_623980094_0,1
2560.0,-300077497#5,27
2560.0,-300077497#8,4
2560.0,-35274074#2,11
2560.0,-51362429#1,4
2560.0,-593847703#3,22
2560.0,-E0,19
2560.0,1068234498#0,34
2560.0,1068440004#1,19
2560.0,196961215#2,1
2560.0,238526531#0,21
2560.0,244450512#1,3
2560.0,263217604#0,1
2560.0,288878926#0,5
2560.0,300077497#6,2
2560.0,30620492#0,18
2560.0,30620492#1,5
2560.0,35274074#0,8
2560.0,484988951#0,3
2560.0,49073226#2,7
2560.0,506322844#0,5
2560.0,51362429#0,13
2560.0,593847701,1
2560.0,593847703#0,5
2560.0,593847705,1
2560.0,:3086736518_6,1
2560.0,:655375232_2,1
2560.0,:655375238_0,1
2560.0,:655375239_3,1
2560.0,:cluster_3431431575_4777363357_655375231_6982059025_5,1
2580.0,-300077497#5,26
2580.0,-300077497#8,4
2580.0,-35274074#2,5
2580.0,-51362429#1,9
2580.0,-593847703#3,17
2580.0,-E0,19
2580.0,1068234498#0,31
2580.0,1068440004#1,19
2580.0,196961215#2,1
2580.0,238526531#0,21
2580.0,244450512#1,2
2580.0,260881642#0,3
2580.0,288878926#0,3
2580.0,300077497#0,5
2580.0,300077497#6,2
2580.0,30620492#0,17
2580.0,30620492#1,5
2580.0,484988951#0,4
2580.0,49073226#2,7
2580.0,506322844#0,5
2580.0,506322846#0,8
2580.0,51362429#0,15
2580.0,593847701,1
2580.0,593847705,1
2580.0,593849711#0,1
2580.0,594658757#0,1
2580.0,:3086736518_6,1
2580.0,:655375232_2,1
2580.0,:cluster_2664674491_655375287_655375288_5,1
2580.0,:cluster_5372642442_631668976_631668981_631669076_45,2
2600.0,-300077497#5,26
2600.0,-300077497#8,3
2600.0,-35274074#2,5
2600.0,-51362429#1,9
2600.0,-593847703#3,19
2600.0,-E0,19
2600.0,1068234498#0,25
2600.0,1068440004#1,7
2600.0,186602412#0,4
2600.0,196961215#2,1
2600.0,238526531#0,28
2600.0,244450512#1,2
2600.0,260881642#0,3
2600.0,300077497#6,2
2600.0,30620492#0,18
2600.0,30620492#1,5
2600.0,35274074#0,1
2600.0,484988951#0,4
2600.0,49073226#2,7
2600.0,506322844#0,5
2600.0,506322846#0,3
2600.0,51362429#0,16
2600.0,593847701,1
2600.0,593847702#0,11
2600.0,593847705,1
2600.0,594658757#0,1
2600.0,:1973482489_8,1
2600.0,:3086736518_6,1
2600.0,:655375232_2,1
2600.0,:655375233_8,1
2600.0,:655375238_6,1
2600.0,:cluster_2038168688_655375573_23,1
2600.0,:cluster_2664674491_655375287_655375288_5,1
2600.0,:cluster_5372642442_631668976_631668981_631669076_45,1
2620.0,-300077497#5,26
2620.0,-300077497#8,4
2620.0,-35274074#2,6
2620.0,-51362429#1,9
2620.0,-593847703#3,19
2620.0,-E0,19
2620.0,1068234498#0,26
2620.0,1068440004#1,7
2620.0,186602412#0,2
2620.0,196961215#2,1
2620.0,238526531#0,23
2620.0,244450512#1,2
2620.0,260881642#0,3
2620.0,300077497#6,4
2620.0,30620492#0,18
2620.0,30620492#1,5
2620.0,35274074#0,1
2620.0,484988951#0,4
2620.0,49073226#2,7
2620.0,506322844#0,5
2620.0,506322846#0,1
2620.0,506322848#0,2
2620.0,51362429#0,17
2620.0,593847701,1
2620.0,593847702#0,4
2620.0,593847705,1
2620.0,593849718#0,3
2620.0,594658757#0,1
2620.0,:2444664370_0,1
2620.0,:3086736518_6,1
2620.0,:655375232_2,1
2620.0,:cluster622618015_622618108_622618112_622618144_#2more_31,4
2620.0,:cluster622618015_622618108_622618112_622618144_#2more_35,1
2620.0,:cluster_2038168688_655375573_9,1
2620.0,:cluster_2664674491_655375287_655375288_5,1
2620.0,:cluster_9383263990_9383263991_9383263992_9383263993_7,1
2640.0,-1334905223#2,1
2640.0,-300077497#5,27
2640.0,-300077497#8,4
2640.0,-35274074#2,12
2640.0,-51362429#1,9
2640.0,-593847703#3,19
2640.0,-E0,19
2640.0,1068234498#0,30
2640.0,1068440004#1,7
2640.0,196961215#2,2
2640.0,238526531#0,17
2640.0,244450512#1,3
2640.0,260881642#0,2
2640.0,300077497#0,1
2640.0,300077497#6,4
2640.0,30620492#0,18
2640.0,30620492#1,5
2640.0,35274074#0,1
2640.0,484988951#0,4
2640.0,49073226#2,7
2640.0,506322844#0,6
2640.0,51362429#0,10
2640.0,593847703#0,3
2640.0,594658757#0,1
2640.0,:3086736518_0,1
2640.0,:3086736518_6,1
2640.0,:655375232_2,4
2640.0,:655375233_0,3
2660.0,-300077497#5,27
2660.0,-300077497#8,4
2660.0,-35274074#2,6
2660.0,-51362429#1,9
2660.0,-593847703#3,19
2660.0,-E0,19
2660.0,1068234498#0,36
2660.0,1068440004#1,8
2660.0,196961215#2,2
2660.0,238526531#0,17
2660.0,244450512#1,3
2660.0,300077497#0,2
2660.0,300077497#6,1
2660.0,30620492#0,18
2660.0,30620492#1,5
2660.0,484988951#0,4
2660.0,49073226#2,7
2660.0,506322844#0,6
2660.0,51362429#0,13
2660.0,593847703#0,4
2660.0,593847704#0,1
2660.0,593847705,1
2660.0,:3086736518_0,2
2660.0,:655375232_2,1
2660.0,:655375238_3,1
2660.0,:655375239_3,1
2660.0,:cluster_2038168688_655375573_23,1
2660.0,:cluster_2528018119_655375236_3,2
2680.0,-300077497#5,26
2680.0,-300077497#8,4
2680.0,-35274074#2,3
2680.0,-51362429#1,5
2680.0,-593847703#3,17
2680.0,-E0,19
2680.0,1068234498#0,27
2680.0,1068234499#0,1
2680.0,1068440004#1,8
2680.0,186602412#0,1
2680.0,238526531#0,22
2680.0,244450512#1,3
2680.0,288878926#0,5
2680.0,300077497#0,5
2680.0,300077497#6,2
2680.0,30620492#0,18
2680.0,30620492#1,5
2680.0,35274074#0,1
2680.0,484988951#0,4
2680.0,49073226#2,3
2680.0,506322844#0,6
2680.0,51362429#0,15
2680.0,593847702#0,1
2680.0,593847704#0,1
2680.0,593847705,1
2680.0,593849711#0,1
2680.0,:3086736518_0,2
2680.0,:655375232_2,1
2680.0,:655375238_1,1
2680.0,:cluster_2528018119_655375236_17,1
2680.0,:cluster_3431431575_4777363357_655375231_6982059025_3,2
2680.0,:cluster_5372642442_631668976_631668981_631669076_45,3
2680.0,:cluster_623980147_623980152_4,1
2700.0,-300077497#5,23
2700.0,-300077497#8,4
2700.0,-35274074#2,1
2700.0,-593847703#3,20
2700.0,-E0,19
2700.0,1068234498#0,22
2700.0,1068234499#0,2
2700.0,182334378#0,1
2700.0,186602412#0,1
2700.0,238526531#0,30
2700.0,244450512#1,3
2700.0,288878926#0,10
2700.0,300077497#6,3
2700.0,30620492#0,18
2700.0,30620492#1,5
2700.0,35274074#0,2
2700.0,484988951#0,4
2700.0,49073226#2,4
2700.0,506322844#0,6
2700.0,506322846#0,3
2700.0,51362429#0,16
2700.0,593847702#0,7
2700.0,593847704#0,1
2700.0,593847705,1
2700.0,:3086736518_0,2
2700.0,:655375232_2,1
2700.0,:655375233_8,2
2700.0,:655375238_3,1
2700.0,:cluster_2038168688_655375573_24,1
2700.0,:cluster_5372642442_631668976_631668981_631669076_45,1
2720.0,-1334905223#2,1
2720.0,-300077497#5,26
2720.0,-300077497#8,1
2720.0,-35274074#2,7
2720.0,-593847703#3,20
2720.0,-E0,19
2720.0,1068234498#0,27
2720.0,186602412#0,4
2720.0,238526531#0,16
2720.0,244450512#1,3
2720.0,263217604#0,1
2720.0,288878926#0,13
2720.0,300077497#0,2
2720.0,300077497#6,4
2720.0,30620492#0,18
2720.0,30620492#1,5
2720.0,35274074#0,2
2720.0,484988951#0,4
2720.0,49073226#2,1
2720.0,49073264#0,1
2720.0,506322840#0,1
2720.0,506322844#0,3
2720.0,506322848#0,3
2720.0,51362429#0,17
2720.0,593847704#0,1
2720.0,593847705,1
2720.0,593849718#0,3
2720.0,:3086736515_0,1
2720.0,:3086736518_0,2
2720.0,:655375232_2,1
2720.0,:655375238_5,1
2720.0,:655375239_5,2
2720.0,:655375241_0,1
2720.0,:cluster622618015_622618108_622618112_622618144_#2more_31,1
2720.0,:cluster655375336_end_0_655375336_end_1_655375336_end_10_655375336_end_11_#8more_6,1
2720.0,:cluster_2038168688_655375573_25,1
2720.0,:cluster_9383263990_9383263991_9383263992_9383263993_7,2
2740.0,-1334905223#2,2
2740.0,-300077497#5,27
2740.0,-300077497#8,4
2740.0,-35274074#2,11
2740.0,-593847703#3,20
2740.0,-E0,18
2740.0,1068234498#0,30
2740.0,238526531#0,11
2740.0,244450512#1,3
2740.0,263217604#0,1
2740.0,288878926#0,13
2740.0,300077497#6,2
2740.0,30620492#0,18
2740.0,30620492#1,5
2740.0,35274074#0,2
2740.0,484988951#0,4
2740.0,49073226#2,1
2740.0,506322844#0,5
2740.0,51362429#0,14
2740.0,51362430,1
2740.0,593847703#0,2
2740.0,593849711#0,1
2740.0,593849718#0,1
2740.0,:3086736518_0,2
2740.0,:3086736518_6,1
2740.0,:655375232_2,2
2740.0,:655375233_0,2
2740.0,:655375238_3,1
2740.0,:655375239_3,1
2740.0,:655375241_0,1
2740.0,:cluster622618015_622618108_622618112_622618144_#2more_17,1
2760.0,-300077497#5,22
2760.0,-300077497#8,4
2760.0,-35274074#2,4
2760.0,-593847703#3,23
2760.0,-E0,18
2760.0,1068234498#0,32
2760.0,182334378#0,1
2760.0,238526531#0,12
2760.0,244450512#1,2
2760.0,260881642#0,3
2760.0,288878926#0,11
2760.0,300077497#0,2
2760.0,300077497#6,3
2760.0,30620492#0,18
2760.0,30620492#1,5
2760.0,360843888,1
2760.0,484988951#0,3
2760.0,49073226#2,1
2760.0,506322844#0,5
2760.0,506322846#0,2
2760.0,51362429#0,13
2760.0,593847703#0,6
2760.0,593847705,1
2760.0,593849711#0,2
2760.0,:3086736518_0,2
2760.0,:3086736518_6,1
2760.0,:655375232_2,2
2760.0,:cluster_2528018119_655375236_17,1
2760.0,:cluster_2528018119_655375236_19,1
2760.0,:cluster_2528018119_655375236_3,2
2760.0,:cluster_3431431575_4777363357_655375231_6982059025_7,1
2760.0,:cluster_5372642442_631668976_631668981_631669076_26,1
2760.0,:cluster_5372642442_631668976_631668981_631669076_45,2
2780.0,-300077497#5,22
2780.0,-35274074#2,3
2780.0,-51362429#1,1
2780.0,-593847703#3,18
2780.0,-E0,19
2780.0,1068234498#0,25
2780.0,182334378#0,2
2780.0,186602412#0,1
2780.0,238526531#0,20
2780.0,244450512#1,2
2780.0,260881642#0,3
2780.0,288878926#0,5
2780.0,300077497#0,5
2780.0,300077497#6,4
2780.0,30620492#0,18
2780.0,30620492#1,5
2780.0,360843888,1
2780.0,484988951#0,4
2780.0,49073226#2,2
2780.0,506322844#0,5
2780.0,506322846#0,1
2780.0,51362429#0,15
2780.0,593847705,1
2780.0,:3086736518_0,2
2780.0,:3086736518_4,1
2780.0,:3086736518_6,1
2780.0,:655375232_2,2
2780.0,:655375232_8,1
2780.0,:655375233_2,1
2780.0,:655375233_4,2
2780.0,:655375238_1,1
2780.0,:655375238_5,2
2780.0,:cluster_2528018119_655375236_17,1
2780.0,:cluster_2664674491_655375287_655375288_5,1
2780.0,:cluster_5372642442_631668976_631668981_631669076_45,2
2800.0,-300077497#5,24
2800.0,-300077497#8,1
2800.0,-35274074#2,6
2800.0,-51362429#1,6
2800.0,-593847703#3,17
2800.0,-E0,19
2800.0,1068234498#0,22
2800.0,1068234499#0,1
2800.0,232003903#0,2
2800.0,238526531#0,19
2800.0,244450512#1,2
2800.0,260881642#0,3
2800.0,288878926#0,5
2800.0,300077497#0,2
2800.0,300077497#6,4
2800.0,30620492#0,18
2800.0,30620492#1,5
2800.0,35274074#0,3
2800.0,360843888,1
2800.0,484988951#0,4
2800.0,49073226#2,3
2800.0,49073272#1,1
2800.0,506322844#0,2
2800.0,506322848#0,2
2800.0,51362429#0,15
2800.0,593847705,1
2800.0,:3086736518_0,2
2800.0,:3086736518_6,1
2800.0,:655375232_2,2
2800.0,:655375238_1,1
2800.0,:655375238_5,2
2800.0,:655375239_5,1
2800.0,:cluster_2664674491_655375287_655375288_5,1
2800.0,:cluster_9383263990_9383263991_9383263992_9383263993_7,1
2820.0,-1334905223#2,1
2820.0,-300077497#5,27
2820.0,-300077497#8,4
2820.0,-35274074#2,12
2820.0,-51362429#1,2
2820.0,-593847703#3,17
2820.0,-E0,19
2820.0,1068234498#0,29
2820.0,232003903#0,2
2820.0,238526531#0,12
2820.0,244450512#1,3
2820.0,260881642#0,2
2820.0,288878926#0,5
2820.0,300077497#0,1
2820.0,300077497#6,4
2820.0,30620492#0,18
2820.0,30620492#1,5
2820.0,35274074#0,6
2820.0,360843888,1
2820.0,484988951#0,4
2820.0,49073226#2,7
2820.0,49073272#3,1
2820.0,506322840#0,1
2820.0,506322844#0,7
2820.0,51362429#0,16
2820.0,593847705,1
2820.0,:3086736518_0,2
2820.0,:3086736518_6,1
2820.0,:655375232_2,2
2840.0,-300077497#5,23
2840.0,-300077497#8,4
2840.0,-35274074#2,6
2840.0,-51362429#1,2
2840.0,-593847703#3,19
2840.0,-E0,19
2840.0,1068234498#0,31
2840.0,238526531#0,12
2840.0,244450512#1,3
2840.0,288878926#0,5
2840.0,300077497#6,1
2840.0,30620492#0,18
2840.0,30620492#1,5
2840.0,35274074#0,2
2840.0,360018417,1
2840.0,484988951#0,4
2840.0,49073226#2,7
2840.0,506322844#0,7
2840.0,506322846#0,1
2840.0,51362429#0,15
2840.0,51362430,2
2840.0,:3086736518_0,1
2840.0,:3086736518_6,1
2840.0,:3208478128_0,1
2840.0,:655375232_2,4
2840.0,:655375233_0,2
2840.0,:655375238_3,1
2840.0,:655375239_3,1
2840.0,:cluster_2038168688_655375573_23,1
2840.0,:cluster_2038168688_655375573_3,1
2840.0,:cluster_2038168688_655375573_6,1
2840.0,:cluster_2528018119_655375236_17,2
2840.0,E1,1
2860.0,-300077497#5,18
2860.0,-300077497#8,4
2860.0,-35274074#2,1
2860.0,-51362429#1,2
2860.0,-593847703#3,25
2860.0,-E0,19
2860.0,1068234498#0,23
2860.0,1068234499#0,2
2860.0,186602412#0,3
2860.0,196961377#3,1
2860.0,238526531#0,17
2860.0,244450512#1,3
2860.0,244450512#5,1
2860.0,288135626#0,3
2860.0,300077497#0,1
2860.0,300077497#6,4
2860.0,30620492#0,18
2860.0,30620492#1,5
2860.0,484988951#0,4
2860.0,49073226#2,7
2860.0,506322844#0,7
2860.0,506322846#0,2
2860.0,51362429#0,10
2860.0,51362430,1
2860.0,593847703#0,7
2860.0,593847704#0,1
2860.0,593849711#0,1
2860.0,:1973482489_3,1
2860.0,:3086736518_0,1
2860.0,:655375232_2,1
2860.0,:cluster_2528018119_655375236_17,1
2860.0,:cluster_2528018119_655375236_3,1
2860.0,:cluster_3431431575_4777363357_655375231_6982059025_5,1
2860.0,:cluster_5372642442_631668976_631668981_631669076_45,2
2880.0,-300077497#5,22
2880.0,-35274074#2,1
2880.0,-51362429#1,2
2880.0,-593847703#3,22
2880.0,-E0,19
2880.0,1068234498#0,19
2880.0,1068234499#0,5
2880.0,186602412#0,1
2880.0,238526531#0,23
2880.0,244450512#1,3
2880.0,244450512#5,1
2880.0,288135626#0,1
2880.0,300077497#0,4
2880.0,300077497#6,4
2880.0,30620492#0,17
2880.0,30620492#1,5
2880.0,35274074#0,2
2880.0,484988951#0,4
2880.0,49073226#2,9
2880.0,506322844#0,8
2880.0,51362429#0,14
2880.0,593847703#0,2
2880.0,593847704#0,1
2880.0,:3086736518_0,1
2880.0,:3086736518_4,1
2880.0,:655375232_2,1
2880.0,:655375233_4,3
2880.0,:655375238_1,1
2880.0,:cluster_5372642442_631668976_631668981_631669076_45,2
2900.0,-1334905223#2,1
2900.0,-300077497#5,27
2900.0,-300077497#8,1
2900.0,-35274074#2,7
2900.0,-51362429#1,8
2900.0,-593847703#3,20
2900.0,-E0,19
2900.0,1068234498#0,24
2900.0,238526531#0,11
2900.0,244450512#1,3
2900.0,244450512#5,1
2900.0,263217604#0,4
2900.0,300077497#0,8
2900.0,300077497#6,4
2900.0,30620492#0,18
2900.0,30620492#1,5
2900.0,35274074#0,4
2900.0,484988951#0,4
2900.0,49073226#2,8
2900.0,506322840#0,1
2900.0,506322844#0,2
2900.0,506322848#0,1
2900.0,51362429#0,17
2900.0,593847703#0,2
2900.0,593847704#0,1
2900.0,:3086736518_0,1
2900.0,:655375232_2,1
2900.0,:655375238_6,1
2900.0,:655375239_6,1
2900.0,:655375241_0,2
2900.0,:cluster_2038168688_655375573_25,1
2900.0,:cluster_623980147_623980152_9,1
2900.0,:cluster_9383263990_9383263991_9383263992_9383263993_7,2
2920.0,-300077497#5,27
2920.0,-300077497#8,3
2920.0,-35274074#2,12
2920.0,-51362429#1,3
2920.0,-593847703#3,20
2920.0,-E0,19
2920.0,1068234498#0,31
2920.0,238526531#0,7
2920.0,244450512#1,3
2920.0,244450512#5,1
2920.0,263217604#0,5
2920.0,288878926#0,7
2920.0,300077497#0,4
2920.0,300077497#6,1
2920.0,30620492#0,18
2920.0,30620492#1,5
2920.0,35274074#0,7
2920.0,484988951#0,4
2920.0,49073226#2,4
2920.0,506322844#0,5
2920.0,51362429#0,17
2920.0,593847703#0,2
2920.0,593849718#0,1
2920.0,:3086736518_0,1
2920.0,:655375232_2,1
2920.0,:655375238_0,1
2920.0,:655375239_3,1
2920.0,:cluster_3431431575_4777363357_655375231_6982059025_3,2
2920.0,:cluster_623980147_623980152_4,1
2940.0,-300077497#5,19
2940.0,-300077497#8,3
2940.0,-35274074#2,7
2940.0,-593847703#3,25
2940.0,-E0,18
2940.0,1068234498#0,32
2940.0,182334378#0,1
2940.0,238526531#0,9
2940.0,244450512#1,2
2940.0,260881642#0,4
2940.0,288135626#0,1
2940.0,288878926#0,11
2940.0,300077497#0,2
2940.0,300077497#6,2
2940.0,30620492#0,18
2940.0,30620492#1,5
2940.0,484988951#0,4
2940.0,49073226#2,4
2940.0,506322844#0,5
2940.0,506322846#0,7
2940.0,51362429#0,17
2940.0,51362430,1
2940.0,593849711#0,1
2940.0,594658757#0,2
2940.0,594658760#0,2
2940.0,:3086736518_0,1
2940.0,:3086736518_6,1
2940.0,:655375232_2,1
2940.0,:655375238_3,1
2940.0,:cluster3086736522_655375108_655375247_655375401_#1more_14,1
2940.0,:cluster_2528018119_655375236_17,1
2940.0,:cluster_2528018119_655375236_31,1
2940.0,:cluster_5372642442_631668976_631668981_631669076_45,1
2960.0,-300077497#5,19
2960.0,-35274074#2,6
2960.0,-593847703#3,27
2960.0,-E0,18
2960.0,1068234498#0,25
2960.0,1068234499#0,1
2960.0,1068440004#1,1
2960.0,186602412#0,4
2960.0,232003903#0,1
2960.0,238526531#0,16
2960.0,244450512#1,2
2960.0,260881642#0,3
2960.0,288878926#0,10
2960.0,300077497#6,4
2960.0,30620492#0,18
2960.0,30620492#1,5
2960.0,484988951#0,3
2960.0,506322844#0,5
2960.0,506322846#0,1
2960.0,51362429#0,10
2960.0,593847703#0,7
2960.0,594658757#0,1
2960.0,594658760#0,2
2960.0,:1973482489_8,1
2960.0,:3086736518_0,1
2960.0,:3086736518_6,1
2960.0,:655375232_2,1
2960.0,:655375233_0,2
2960.0,:655375238_5,1
2960.0,:cluster655375336_end_0_655375336_end_1_655375336_end_10_655375336_end_11_#8more_17,1
2960.0,:cluster655375336_end_0_655375336_end_1_655375336_end_10_655375336_end_11_#8more_19,1
2960.0,:cluster_2038168688_655375573_3,1
2960.0,:cluster_2528018119_655375236_17,1
2960.0,:cluster_2528018119_655375236_3,1
2960.0,:cluster_2664674491_655375287_655375288_5,1
2960.0,:cluster_3431431575_4777363357_655375231_6982059025_5,1
2960.0,:cluster_5372642442_631668976_631668981_631669076_22,1
2960.0,:cluster_5372642442_631668976_631668981_631669076_45,2
2980.0,-300077497#5,20
2980.0,-300077497#8,1
2980.0,-35274074#2,9
2980.0,-593847703#3,26
2980.0,-E0,19
2980.0,1068234498#0,26
2980.0,1068234499#0,2
2980.0,1068440004#1,3
2980.0,186602412#0,2
2980.0,232003903#0,1
2980.0,238526531#0,13
2980.0,244450512#1,2
2980.0,260881642#0,2
2980.0,263217604#0,1
2980.0,288135626#0,1
2980.0,288878926#0,10
2980.0,300077497#0,1
2980.0,300077497#6,4
2980.0,30620492#0,18
2980.0,30620492#1,5
2980.0,484988951#0,4
2980.0,49073226#2,1
2980.0,506322844#0,2
2980.0,506322848#0,2
2980.0,51362429#0,13
2980.0,593847703#0,8
2980.0,594658760#0,2
2980.0,:3086736518_0,1
2980.0,:3086736518_6,1
2980.0,:655375232_2,1
2980.0,:655375233_4,2
2980.0,:655375238_1,1
2980.0,:655375238_5,1
2980.0,:655375239_5,1
2980.0,:cluster_2038168688_655375573_8,1
2980.0,:cluster_2038168688_655375573_9,1
2980.0,:cluster_2528018119_655375236_29,1
2980.0,:cluster_2664674491_655375287_655375288_5,1
2980.0,:cluster_9383263990_9383263991_9383263992_9383263993_7,1
3000.0,-1334905223#2,2
3000.0,-300077497#5,27
3000.0,-300077497#8,1
3000.0,-35274074#2,12
3000.0,-51362429#1,3
3000.0,-593847703#3,20
3000.0,-E0,19
3000.0,1068234498#0,29
3000.0,1068440004#1,3
3000.0,232003903#0,1
3000.0,238526531#0,8
3000.0,244450512#1,3
3000.0,260881642#0,2
3000.0,263217604#0,2
3000.0,288878926#0,10
3000.0,300077497#0,5
3000.0,300077497#6,4
3000.0,30620492#0,18
3000.0,30620492#1,5
3000.0,484988951#0,3
3000.0,49073226#2,1
3000.0,506322840#0,1
3000.0,506322844#0,3
3000.0,51362429#0,14
3000.0,593847702#0,1
3000.0,593847703#0,8
3000.0,594658760#0,2
3000.0,:3086736518_0,1
3000.0,:3086736518_4,1
3000.0,:3086736518_6,1
3000.0,:655375232_2,1
3000.0,:655375238_6,1
3000.0,:655375241_0,2
3000.0,:cluster_3431431575_4777363357_655375231_6982059025_3,2
3000.0,:cluster_3431431575_4777363357_655375231_6982059025_5,1
3020.0,-300077497#5,24
3020.0,-300077497#8,1
3020.0,-35274074#2,10
3020.0,-593847703#3,21
3020.0,-E0,19
3020.0,1068234498#0,32
3020.0,238526531#0,8
3020.0,244450512#1,3
3020.0,263217604#0,2
3020.0,288878926#0,10
3020.0,300077497#0,2
3020.0,300077497#6,1
3020.0,30620492#0,18
3020.0,30620492#1,5
3020.0,484988951#0,4
3020.0,49073226#2,6
3020.0,506322844#0,7
3020.0,51362429#0,16
3020.0,51362430,1
3020.0,593847702#0,4
3020.0,593847703#0,4
3020.0,594658760#0,2
3020.0,:3086736518_0,1
3020.0,:3086736518_4,1
3020.0,:3086736518_6,1
3020.0,:655375232_2,1
3020.0,:655375238_3,1
3020.0,:655375239_3,1
3020.0,:cluster_2038168688_655375573_23,1
3020.0,:cluster_2528018119_655375236_17,1
3020.0,:cluster_2528018119_655375236_19,1
3020.0,:cluster_2528018119_655375236_3,2
3040.0,-300077497#5,21
3040.0,-300077497#8,1
3040.0,-35274074#2,6
3040.0,-593847703#3,23
3040.0,-E0,19
3040.0,1068234498#0,27
3040.0,1068234499#0,2
3040.0,182334378#0,1
3040.0,186602412#0,1
3040.0,238526531#0,13
3040.0,244450512#1,3
3040.0,288135626#0,1
3040.0,288878926#0,4
3040.0,300077497#0,5
3040.0,300077497#6,3
3040.0,30620492#0,18
3040.0,30620492#1,5
3040.0,35274074#0,2
3040.0,484988951#0,4
3040.0,49073226#2,6
3040.0,506322844#0,7
3040.0,51362429#0,17
3040.0,593847702#0,4
3040.0,593849711#0,1
3040.0,594658757#0,1
3040.0,594658760#0,3
3040.0,:3086736518_0,1
3040.0,:3086736518_4,1
3040.0,:3086736518_6,1
3040.0,:655375232_2,1
3040.0,:655375238_6,1
3040.0,:cluster_2528018119_655375236_17,2
3040.0,:cluster_5372642442_631668976_631668981_631669076_26,1
3040.0,:cluster_5372642442_631668976_631668981_631669076_45,2
3060.0,-300077497#5,20
3060.0,-35274074#2,5
3060.0,-593847703#3,27
3060.0,-E0,19
3060.0,1068234498#0,24
3060.0,1068234499#0,3
3060.0,1068440004#1,1
3060.0,238526531#0,21
3060.0,244450512#1,3
3060.0,288878926#0,2
3060.0,300077497#6,3
3060.0,30620492#0,18
3060.0,30620492#1,5
3060.0,35274074#0,4
3060.0,484988951#0,3
3060.0,49073226#2,6
3060.0,506322844#0,7
3060.0,506322846#0,2
3060.0,51362429#0,9
3060.0,51362430,1
3060.0,593847702#0,4
3060.0,593847703#0,5
3060.0,594658757#0,1
3060.0,594658760#0,2
3060.0,:1973482489_3,1
3060.0,:3086736518_0,1
3060.0,:3086736518_4,1
3060.0,:3086736518_6,1
3060.0,:655375232_2,2
3060.0,:655375233_0,3
3060.0,:655375238_3,1
3060.0,:cluster_2038168688_655375573_23,1
3060.0,:cluster_3431431575_4777363357_655375231_6982059025_5,1
3060.0,:cluster_5372642442_631668976_631668981_631669076_45,1
3080.0,-300077497#5,26
3080.0,-300077497#8,1
3080.0,-35274074#2,11
3080.0,-49073264#1,1
3080.0,-593847703#3,27
3080.0,-E0,19
3080.0,1068234498#0,27
3080.0,1068440004#1,1
3080.0,186602412#0,2
3080.0,238526531#0,6
3080.0,244450512#1,3
3080.0,263217604#0,2
3080.0,288878926#0,2
3080.0,300077497#0,3
3080.0,300077497#6,4
3080.0,30620492#0,18
3080.0,30620492#1,5
3080.0,35274074#0,4
3080.0,484988951#0,4
3080.0,49073226#2,8
3080.0,49073264#0,1
3080.0,49073272#3,1
3080.0,506322840#0,3
3080.0,506322844#0,2
3080.0,506322848#0,2
3080.0,51362429#0,12
3080.0,593847703#0,10
3080.0,593847705,1
3080.0,593852345#0,1
3080.0,594658757#0,1
3080.0,594658760#0,2
3080.0,:3086736518_4,1
3080.0,:3086736518_6,1
3080.0,:655375232_2,1
3080.0,:655375239_5,1
3080.0,:655375241_0,2
3080.0,:cluster_2038168688_655375573_8,1
3080.0,:cluster_2038168688_655375573_9,1
3080.0,:cluster_9383263990_9383263991_9383263992_9383263993_7,1
3100.0,-1334905223#2,2
3100.0,-300077497#5,27
3100.0,-300077497#8,3
3100.0,-35274074#2,12
3100.0,-51362429#1,5
3100.0,-593847703#3,19
3100.0,-E0,19
3100.0,1068234498#0,33
3100.0,1068440004#1,1
3100.0,196961215#2,1
3100.0,238526531#0,6
3100.0,244450512#1,3
3100.0,263217604#0,2
3100.0,288878926#0,2
3100.0,300077497#0,1
3100.0,300077497#6,1
3100.0,30620492#0,18
3100.0,30620492#1,5
3100.0,35274074#0,4
3100.0,484988951#0,3
3100.0,49073226#2,9
3100.0,49073272#3,1
3100.0,506322844#0,7
3100.0,51362429#0,12
3100.0,593847702#0,1
3100.0,593847703#0,10
3100.0,593847704#0,1
3100.0,593847705,1
3100.0,593849711#0,1
3100.0,594658757#0,1
3100.0,594658760#0,2
3100.0,:3086736518_4,1
3100.0,:3086736518_6,1
3100.0,:655375232_2,1
3100.0,:655375238_0,1
3100.0,:655375239_3,1
3100.0,:cluster_3431431575_4777363357_655375231_6982059025_5,1
3120.0,-300077497#5,21
3120.0,-300077497#8,3
3120.0,-35274074#2,6
3120.0,-51362429#1,6
3120.0,-593847703#3,24
3120.0,-E0,19
3120.0,1068234498#0,33
3120.0,182334379#0,1
3120.0,196961215#2,1
3120.0,238526531#0,7
3120.0,244450512#1,2
3120.0,260881642#0,4
3120.0,288135626#0,3
3120.0,300077497#0,7
3120.0,300077497#6,2
3120.0,30620492#0,18
3120.0,30620492#1,5
3120.0,360018417,1
3120.0,360843888,1
3120.0,484988951#0,4
3120.0,49073226#2,9
3120.0,506322844#0,7
3120.0,506322846#0,4
3120.0,51362429#0,15
3120.0,593847702#0,2
3120.0,593847704#0,1
3120.0,593847705,1
3120.0,593849711#0,1
3120.0,594658757#0,2
3120.0,594658760#0,2
3120.0,:3086736518_6,1
3120.0,:655375232_2,1
3120.0,:cluster_2528018119_655375236_17,1
3120.0,:cluster_2528018119_655375236_3,2
3120.0,:cluster_5372642442_631668976_631668981_631669076_45,2
3140.0,-300077497#5,22
3140.0,-35274074#2,6
3140.0,-51362429#1,6
3140.0,-593847703#3,26
3140.0,-E0,19
3140.0,1068234498#0,30
3140.0,1068234499#0,3
3140.0,186602412#0,3
3140.0,238526531#0,13
3140.0,288878926#0,3
3140.0,300077497#0,5
3140.0,300077497#6,2
3140.0,30620492#0,18
3140.0,30620492#1,5
3140.0,360843888,1
3140.0,484988951#0,4
3140.0,49073226#2,6
3140.0,506322844#0,7
3140.0,506322846#0,2
3140.0,51362429#0,16
3140.0,593847702#0,2
3140.0,593847704#0,1
3140.0,593847705,1
3140.0,594658757#0,2
3140.0,594658760#0,2
3140.0,:3086736518_6,1
3140.0,:655375232_2,1
3140.0,:655375238_1,1
3140.0,:655375238_5,1
3140.0,:cluster622618015_622618108_622618112_622618144_#2more_49,1
3140.0,:cluster_2038168688_655375573_3,1
3140.0,:cluster_5372642442_631668976_631668981_631669076_26,1
3140.0,:cluster_5372642442_631668976_631668981_631669076_45,2
3140.0,:cluster_623980147_623980152_9,1
3160.0,-300077497#5,24
3160.0,-300077497#8,2
3160.0,-35274074#2,9
3160.0,-593847703#3,26
3160.0,-E0,19
3160.0,1068234498#0,28
3160.0,186602412#0,3
3160.0,238526531#0,10
3160.0,263217604#0,2
3160.0,288878926#0,10
3160.0,300077497#0,2
3160.0,300077497#6,2
3160.0,30620492#0,18
3160.0,30620492#1,5
3160.0,35274074#0,6
3160.0,360843888,1
3160.0,484988951#0,4
3160.0,49073226#2,4
3160.0,49073264#0,1
3160.0,49073272#3,1
3160.0,506322844#0,2
3160.0,506322848#0,3
3160.0,51362429#0,10
3160.0,593847703#0,3
3160.0,593847704#0,1
3160.0,594658757#0,2
3160.0,594658760#0,2
3160.0,:3086736518_6,1
3160.0,:655375232_2,4
3160.0,:655375233_0,3
3160.0,:655375239_5,1
3160.0,:cluster_2038168688_655375573_8,1
3160.0,:cluster_2528018119_655375236_29,1
3160.0,:cluster_3431431575_4777363357_655375231_6982059025_3,1
3160.0,:cluster_623980147_623980152_4,1
3160.0,:cluster_9383263990_9383263991_9383263992_9383263993_7,1
3180.0,-1334905223#2,2
3180.0,-300077497#5,27
3180.0,-300077497#8,5
3180.0,-35274074#2,10
3180.0,-593847703#3,26
3180.0,-E0,19
3180.0,1068234498#0,29
3180.0,238526531#0,7
3180.0,263217604#0,2
3180.0,288878926#0,13
3180.0,300077497#0,2
3180.0,300077497#6,4
3180.0,30620492#0,17
3180.0,30620492#1,5
3180.0,35274074#0,6
3180.0,360843888,1
3180.0,484988951#0,4
3180.0,49073226#2,3
3180.0,49073272#3,1
3180.0,506322844#0,5
3180.0,51362429#0,11
3180.0,593847703#0,7
3180.0,593847704#0,1
3180.0,594658757#0,2
3180.0,594658760#0,2
3180.0,:3086736518_0,1
3180.0,:655375232_2,1
3180.0,:655375238_3,1
3180.0,:655375241_0,1
3180.0,:cluster622618015_622618108_622618112_622618144_#2more_17,1
3180.0,:cluster622618015_622618108_622618112_622618144_#2more_42,1
3200.0,-300077497#5,23
3200.0,-300077497#8,5
3200.0,-35274074#2,8
3200.0,-49073264#1,1
3200.0,-51362429#1,1
3200.0,-593847703#3,23
3200.0,-E0,19
3200.0,1068234498#0,35
3200.0,238526531#0,5
3200.0,244450512#5,1
3200.0,263217604#0,2
3200.0,288878926#0,13
3200.0,300077497#0,2
3200.0,300077497#6,1
3200.0,30620492#0,18
3200.0,30620492#1,5
3200.0,35274074#0,2
3200.0,360018417,1
3200.0,484988951#0,4
3200.0,49073226#2,3
3200.0,506322844#0,7
3200.0,506322846#0,1
3200.0,51362429#0,15
3200.0,593847703#0,2
3200.0,593847704#0,1
3200.0,594658757#0,2
3200.0,594658760#0,2
3200.0,:3086736518_0,1
3200.0,:3086736518_4,1
3200.0,:655375232_2,1
3200.0,:655375232_8,1
3200.0,:655375233_4,1
3200.0,:655375238_3,1
3200.0,:655375239_3,1
3200.0,:cluster_2038168688_655375573_23,1
3200.0,:cluster_2038168688_655375573_3,1
3200.0,:cluster_2038168688_655375573_6,1
3200.0,:cluster_2528018119_655375236_17,2
3200.0,:cluster_2528018119_655375236_3,2
3220.0,-300077497#5,23
3220.0,-300077497#8,5
3220.0,-35274074#2,5
3220.0,-49073264#1,1
3220.0,-593847703#3,25
3220.0,-E0,19
3220.0,1068234498#0,28
3220.0,186602412#0,3
3220.0,196961377#3,1
3220.0,238526531#0,10
3220.0,244450512#4,1
3220.0,244450512#5,1
3220.0,288878926#0,7
3220.0,300077497#0,3
3220.0,300077497#6,2
3220.0,30620492#0,18
3220.0,30620492#1,5
3220.0,35274074#0,2
3220.0,484988951#0,4
3220.0,49073226#2,7
3220.0,506322844#0,7
3220.0,506322846#0,2
3220.0,51362429#0,16
3220.0,593847704#0,1
3220.0,593849711#0,1
3220.0,594658757#0,3
3220.0,594658760#0,2
3220.0,:1973482489_3,1
3220.0,:3086736518_0,1
3220.0,:655375232_2,1
3220.0,:655375238_6,1
3220.0,:cluster622618015_622618108_622618112_622618144_#2more_0,1
3220.0,:cluster_5372642442_631668976_631668981_631669076_45,2
3240.0,-300077497#5,27
3240.0,-300077497#8,1
3240.0,-35274074#2,5
3240.0,-49073264#1,1
3240.0,-593847703#3,25
3240.0,-E0,19
3240.0,1068234498#0,21
3240.0,186602412#0,2
3240.0,238526531#0,17
3240.0,244450512#5,2
3240.0,288135626#0,1
3240.0,288878926#0,5
3240.0,300077497#0,1
3240.0,300077497#6,2
3240.0,30620492#0,18
3240.0,30620492#1,5
3240.0,35274074#0,1
3240.0,484988951#0,3
3240.0,49073226#2,7
3240.0,506322844#0,7
3240.0,506322846#0,1
3240.0,51362429#0,16
3240.0,593847704#0,1
3240.0,594658757#0,3
3240.0,594658760#0,2
3240.0,:1973482489_3,1
3240.0,:3086736518_0,1
3240.0,:655375232_2,1
3240.0,:655375238_6,1
3240.0,:cluster_3431431575_4777363357_655375231_6982059025_5,1
3240.0,:cluster_5372642442_631668976_631668981_631669076_45,2
3260.0,-1334905223#2,2
3260.0,-300077497#5,27
3260.0,-300077497#8,4
3260.0,-35274074#2,8
3260.0,-49073264#1,1
3260.0,-593847703#3,25
3260.0,-E0,18
3260.0,1068234498#0,26
3260.0,186602412#0,1
3260.0,238526531#0,9
3260.0,244450512#5,2
3260.0,263217604#0,3
3260.0,288878926#0,5
3260.0,300077497#0,1
3260.0,300077497#6,4
3260.0,30620492#0,18
3260.0,30620492#1,5
3260.0,35274074#0,3
3260.0,484988951#0,4
3260.0,49073226#2,7
3260.0,506322840#0,1
3260.0,506322844#0,6
3260.0,51362429#0,12
3260.0,593847703#0,1
3260.0,593847704#0,1
3260.0,594658757#0,3
3260.0,594658760#0,2
3260.0,:3086736518_0,2
3260.0,:3086736518_6,1
3260.0,:655375232_2,3
3260.0,:655375233_0,1
3260.0,:cluster_2038168688_655375573_8,1
3280.0,-300077497#5,27
3280.0,-300077497#8,4
3280.0,-35274074#2,11
3280.0,-593847703#3,25
3280.0,-E0,19
3280.0,1068234498#0,34
3280.0,238526531#0,6
3280.0,244450512#5,2
3280.0,263217604#0,4
3280.0,288878926#0,5
3280.0,300077497#6,1
3280.0,30620492#0,18
3280.0,30620492#1,5
3280.0,35274074#0,3
3280.0,484988951#0,4
3280.0,49073226#2,7
3280.0,49073272#3,1
3280.0,506322844#0,5
3280.0,51362429#0,13
3280.0,593847703#0,10
3280.0,594658757#0,3
3280.0,594658760#0,1
3280.0,:3086736518_0,1
3280.0,:3086736518_6,1
3280.0,:655375238_3,1
3280.0,:655375239_3,1
3300.0,-300077497#5,21
3300.0,-300077497#8,4
3300.0,-35274074#2,4
3300.0,-51362429#1,1
3300.0,-593847703#3,24
3300.0,-E0,19
3300.0,1068234498#0,32
3300.0,238526531#0,7
3300.0,288135626#0,2
3300.0,288878926#0,3
3300.0,300077497#0,8
3300.0,300077497#6,2
3300.0,30620492#0,18
3300.0,30620492#1,5
3300.0,360018417,1
3300.0,360843888,1
3300.0,484988951#0,4
3300.0,49073226#2,7
3300.0,506322844#0,5
3300.0,506322846#0,3
3300.0,51362429#0,14
3300.0,51362430,2
3300.0,593849711#0,2
3300.0,594658757#0,3
3300.0,594658760#0,2
3300.0,:3086736518_0,1
3300.0,:3086736518_4,1
3300.0,:3086736518_6,1
3300.0,:655375232_8,1
3300.0,:655375233_4,3
3300.0,:cluster3086736522_655375108_655375247_655375401_#1more_17,2
3300.0,:cluster_2528018119_655375236_19,1
3300.0,:cluster_2528018119_655375236_3,1
3300.0,:cluster_5372642442_631668976_631668981_631669076_22,2
3300.0,:cluster_5372642442_631668976_631668981_631669076_45,2
3300.0,E1,1
3320.0,-300077497#5,20
3320.0,-300077497#8,1
3320.0,-35274074#2,4
3320.0,-51362429#1,6
3320.0,-593847703#3,22
3320.0,-E0,19
3320.0,1068234498#0,23
3320.0,1068234499#0,5
3320.0,182334378#0,1
3320.0,186602412#0,3
3320.0,232003903#0,1
3320.0,238526531#0,13
3320.0,288135626#0,4
3320.0,300077497#0,5
3320.0,300077497#6,2
3320.0,30620492#0,18
3320.0,30620492#1,5
3320.0,360843888,3
3320.0,484988951#0,4
3320.0,49073226#2,8
3320.0,506322844#0,5
3320.0,506322846#0,2
3320.0,51362429#0,16
3320.0,593849711#0,1
3320.0,594658757#0,3
3320.0,594658760#0,2
3320.0,:3086736518_0,1
3320.0,:3086736518_4,1
3320.0,:3086736518_6,1
3320.0,:655375238_1,1
3320.0,:655375238_5,1
3320.0,:cluster_2038168688_655375573_23,1
3320.0,:cluster_2528018119_655375236_17,1
3320.0,:cluster_3431431575_4777363357_655375231_6982059025_3,1
3320.0,:cluster_5372642442_631668976_631668981_631669076_26,1
3320.0,:cluster_5372642442_631668976_631668981_631669076_45,1
3340.0,-300077497#5,23
3340.0,-300077497#8,2
3340.0,-35274074#2,7
3340.0,-51362429#1,6
3340.0,-593847703#3,23
3340.0,-E0,19
3340.0,1068234498#0,21
3340.0,1068234499#0,5
3340.0,186602412#0,3
3340.0,232003903#0,2
3340.0,238526531#0,12
3340.0,300077497#0,2
3340.0,300077497#6,2
3340.0,30620492#0,18
3340.0,30620492#1,5
3340.0,35274074#0,5
3340.0,360843888,3
3340.0,484988951#0,4
3340.0,49073226#2,8
3340.0,506322844#0,2
3340.0,506322848#0,2
3340.0,51362429#0,17
3340.0,594658757#0,3
3340.0,594658760#0,2
3340.0,:2444664370_0,1
3340.0,:3086736518_0,1
3340.0,:3086736518_4,1
3340.0,:3086736518_6,1
3340.0,:655375238_1,1
3340.0,:655375239_5,1
3340.0,:cluster_2038168688_655375573_8,1
3340.0,:cluster_2528018119_655375236_12,1
3340.0,:cluster_2528018119_655375236_29,1
3340.0,:cluster_3431431575_4777363357_655375231_6982059025_3,1
3360.0,-1334905223#2,1
3360.0,-300077497#5,27
3360.0,-300077497#8,4
3360.0,-35274074#2,12
3360.0,-51362429#1,6
3360.0,-593847703#3,23
3360.0,-E0,19
3360.0,1068234498#0,28
3360.0,232003903#0,2
3360.0,238526531#0,6
3360.0,300077497#0,9
3360.0,300077497#6,2
3360.0,30620492#0,18
3360.0,30620492#1,5
3360.0,35274074#0,7
3360.0,360843888,3
3360.0,484988951#0,4
3360.0,49073226#2,8
3360.0,506322844#0,4
3360.0,51362429#0,15
3360.0,594658757#0,2
3360.0,594658760#0,2
3360.0,:3086736518_4,1
3360.0,:3086736518_6,1
3360.0,:655375232_2,2
3360.0,:655375233_0,1
3360.0,:655375238_0,1
3360.0,:655375241_0,1
3360.0,:cluster_3431431575_4777363357_655375231_6982059025_3,1
3380.0,-300077497#5,24
3380.0,-300077497#8,4
3380.0,-35274074#2,12
3380.0,-51362429#1,4
3380.0,-593847703#3,24
3380.0,-E0,19
3380.0,1068234498#0,34
3380.0,238526531#0,6
3380.0,244450512#4,2
3380.0,244450512#5,1
3380.0,288878926#0,4
3380.0,300077497#0,1
3380.0,300077497#6,2
3380.0,30620492#0,18
3380.0,30620492#1,5
3380.0,35274074#0,3
3380.0,484988951#0,2
3380.0,49073226#2,4
3380.0,506322844#0,6
3380.0,51362429#0,13
3380.0,51362430,1
3380.0,593847703#0,2
3380.0,594658757#0,2
3380.0,594658760#0,2
3380.0,:3086736518_0,2
3380.0,:3086736518_4,1
3380.0,:3086736518_6,1
3380.0,:655375232_2,3
3380.0,:655375238_0,1
3380.0,:655375244_1,1
3380.0,:cluster_2038168688_655375573_23,1
3380.0,:cluster_2038168688_655375573_24,1
3380.0,:cluster_2038168688_655375573_3,1
3380.0,:cluster_2038168688_655375573_6,1
3380.0,:cluster_2528018119_655375236_0,1
3380.0,:cluster_2528018119_655375236_17,2
3380.0,:cluster_3431431575_4777363357_655375231_6982059025_3,2
3380.0,:cluster_3431431575_4777363357_655375231_6982059025_7,1
3380.0,:cluster_623980147_623980152_9,1
3380.0,E1,1
3400.0,-300077497#5,23
3400.0,-300077497#8,4
3400.0,-35274074#2,7
3400.0,-51362429#1,1
3400.0,-593847703#3,23
3400.0,-E0,19
3400.0,1068234498#0,22
3400.0,1068234499#0,2
3400.0,186602412#0,3
3400.0,238526531#0,10
3400.0,244450512#5,3
3400.0,288135626#0,3
3400.0,288878926#0,5
3400.0,300077497#6,3
3400.0,30620492#0,18
3400.0,30620492#1,5
3400.0,35274074#0,1
3400.0,484988951#0,4
3400.0,49073226#2,6
3400.0,506322844#0,6
3400.0,506322846#0,4
3400.0,51362429#0,15
3400.0,593849711#0,2
3400.0,594658757#0,2
3400.0,594658760#0,2
3400.0,:3086736518_0,2
3400.0,:3086736518_4,1
3400.0,:3086736518_6,1
3400.0,:655375232_2,3
3400.0,:655375233_2,1
3400.0,:655375233_4,2
3400.0,:655375238_3,1
3400.0,:cluster_3431431575_4777363357_655375231_6982059025_3,1
3400.0,:cluster_5372642442_631668976_631668981_631669076_45,3
3400.0,:cluster_623980147_623980152_4,1
3420.0,-300077497#5,25
3420.0,-35274074#2,7
3420.0,-51362429#1,3
3420.0,-593847703#3,21
3420.0,-E0,19
3420.0,1068234498#0,15
3420.0,1068234499#0,5
3420.0,1068440004#1,1
3420.0,186602412#0,2
3420.0,238526531#0,18
3420.0,244450512#5,3
3420.0,288878926#0,10
3420.0,300077497#6,4
3420.0,30620492#0,18
3420.0,30620492#1,5
3420.0,484988951#0,4
3420.0,49073226#2,5
3420.0,506322844#0,6
3420.0,506322846#0,1
3420.0,51362429#0,17
3420.0,593847702#0,1
3420.0,593847704#0,1
3420.0,594658757#0,1
3420.0,594658760#0,2
3420.0,:3086736518_0,2
3420.0,:655375232_2,3
3420.0,:cluster_3431431575_4777363357_655375231_6982059025_3,1
3420.0,:cluster_5372642442_631668976_631668981_631669076_45,2
3440.0,-1334905223#2,1
3440.0,-300077497#5,26
3440.0,-300077497#8,2
3440.0,-35274074#2,12
3440.0,-49073264#1,1
3440.0,-593847703#3,21
3440.0,-E0,19
3440.0,1068234498#0,15
3440.0,1068440004#1,1
3440.0,238526531#0,9
3440.0,244450512#5,3
3440.0,263217604#0,2
3440.0,288878926#0,12
3440.0,300077497#0,5
3440.0,300077497#6,4
3440.0,30620492#0,18
3440.0,30620492#1,5
3440.0,484988951#0,4
3440.0,49073226#2,7
3440.0,506322840#0,3
3440.0,506322844#0,4
3440.0,51362429#0,17
3440.0,593847702#0,1
3440.0,593847704#0,1
3440.0,594658760#0,2
3440.0,:3086736518_0,2
3440.0,:655375232_2,3
3440.0,:655375238_5,1
3440.0,:655375239_5,1
3440.0,:655375241_0,1
3440.0,:cluster_2038168688_655375573_9,1
3460.0,-1334905223#2,1
3460.0,-300077497#5,27
3460.0,-300077497#8,4
3460.0,-35274074#2,12
3460.0,-593847703#3,21
3460.0,-E0,18
3460.0,1068234498#0,15
3460.0,1068440004#1,1
3460.0,238526531#0,9
3460.0,244450512#5,3
3460.0,263217604#0,2
3460.0,288878926#0,12
3460.0,300077497#0,3
3460.0,300077497#6,1
3460.0,30620492#0,18
3460.0,30620492#1,5
3460.0,484988951#0,4
3460.0,49073226#2,7
3460.0,506322844#0,5
3460.0,51362429#0,17
3460.0,593847702#0,1
3460.0,594658760#0,2
3460.0,:3086736518_0,2
3460.0,:3086736518_6,1
3460.0,:655375232_2,3
3460.0,:655375238_0,1
3460.0,:655375239_3,1
3480.0,-300077497#5,24
3480.0,-300077497#8,4
3480.0,-35274074#2,6
3480.0,-593847703#3,24
3480.0,-E0,19
3480.0,1068234498#0,11
3480.0,1068440004#1,1
3480.0,238526531#0,11
3480.0,288878926#0,10
3480.0,300077497#6,2
3480.0,30620492#0,18
3480.0,30620492#1,4
3480.0,484988951#0,2
3480.0,49073226#2,7
3480.0,506322844#0,7
3480.0,51362429#0,13
3480.0,51362430,3
3480.0,593847702#0,1
3480.0,593847703#0,5
3480.0,593849711#0,1
3480.0,594658757#0,1
3480.0,594658760#0,3
3480.0,:3086736518_6,1
3480.0,:655375233_0,3
3480.0,:655375238_3,1
3480.0,:cluster_2528018119_655375236_27,1
3480.0,:cluster_2528018119_655375236_3,2
3480.0,:cluster_3431431575_4777363357_655375231_6982059025_5,1
3480.0,:cluster_5372642442_631668976_631668981_631669076_26,1
3480.0,:cluster_5372642442_631668976_631668981_631669076_45,1
3480.0,E1,1
3500.0,-300077497#5,25
3500.0,-300077497#8,1
3500.0,-35274074#2,5
3500.0,-593847703#3,23
3500.0,-E0,19
3500.0,1068234498#0,6
3500.0,1068440004#1,1
3500.0,238526531#0,17
3500.0,288878926#0,4
3500.0,300077497#0,9
3500.0,300077497#6,4
3500.0,30620492#0,17
3500.0,30620492#1,5
3500.0,484988951#0,5
3500.0,49073226#2,7
3500.0,506322844#0,7
3500.0,51362429#0,15
3500.0,593847702#0,1
3500.0,593847704#0,1
3500.0,594658757#0,1
3500.0,594658760#0,3
3500.0,:655375233_4,2
3500.0,:655375238_1,1
3500.0,:655375238_5,1
3500.0,:cluster_5372642442_631668976_631668981_631669076_26,1
3500.0,:cluster_5372642442_631668976_631668981_631669076_45,1
3520.0,-300077497#5,26
3520.0,-300077497#8,4
3520.0,-35274074#2,8
3520.0,-51362429#1,6
3520.0,-593847703#3,18
3520.0,-E0,19
3520.0,1068234498#0,3
3520.0,1068440004#1,1
3520.0,238526531#0,15
3520.0,263217604#0,2
3520.0,288878926#0,4
3520.0,300077497#0,4
3520.0,300077497#6,4
3520.0,30620492#0,18
3520.0,30620492#1,5
3520.0,35274074#0,6
3520.0,484988951#0,4
3520.0,49073226#2,8
3520.0,49073272#3,1
3520.0,506322844#0,4
3520.0,51362429#0,16
3520.0,593847702#0,1
3520.0,593847704#0,1
3520.0,594658757#0,1
3520.0,594658760#0,3
3520.0,:cluster_2038168688_655375573_8,1
3520.0,:cluster_2038168688_655375573_9,1
3520.0,:cluster_9383263990_9383263991_9383263992_9383263993_7,2
3540.0,-300077497#5,27
3540.0,-300077497#8,4
3540.0,-35274074#2,12
3540.0,-51362429#1,6
3540.0,-593847703#3,18
3540.0,-E0,19
3540.0,1068234498#0,3
3540.0,1068440004#1,2
3540.0,238526531#0,10
3540.0,263217604#0,4
3540.0,288878926#0,4
3540.0,300077497#6,4
3540.0,30620492#0,18
3540.0,30620492#1,5
3540.0,35274074#0,10
3540.0,484988951#0,4
3540.0,49073226#2,10
3540.0,49073272#3,1
3540.0,506322840#0,1
3540.0,506322844#0,5
3540.0,51362429#0,17
3540.0,593847702#0,1
3540.0,593852345#0,1
3540.0,594658760#0,2
3540.0,:655375241_0,1
3540.0,:cluster622618015_622618108_622618112_622618144_#2more_39,1
3560.0,-300077497#5,23
3560.0,-300077497#8,4
3560.0,-35274074#2,5
3560.0,-51362429#1,6
3560.0,-593847703#3,20
3560.0,-E0,15
3560.0,1068234498#0,3
3560.0,1068440004#1,2
3560.0,196961215#2,1
3560.0,238526531#0,10
3560.0,263217604#0,4
3560.0,288878926#0,4
3560.0,300077497#6,2
3560.0,30620492#0,18
3560.0,30620492#1,5
3560.0,35274074#0,6
3560.0,360018417,1
3560.0,484988951#0,4
3560.0,49073226#2,10
3560.0,506322844#0,5
3560.0,506322846#0,1
3560.0,51362429#0,17
3560.0,593847702#0,1
3560.0,593847704#0,3
3560.0,594658760#0,2
3560.0,:3086736518_6,1
3560.0,:655375238_3,1
3560.0,:cluster_2038168688_655375573_23,1
3560.0,:cluster_2038168688_655375573_3,1
3560.0,:cluster_2038168688_655375573_6,1
3560.0,:cluster_2528018119_655375236_17,1
3560.0,:cluster_2528018119_655375236_19,1
3580.0,-300077497#5,22
3580.0,-300077497#8,4
3580.0,-35274074#2,1
3580.0,-51362429#1,6
3580.0,-593847703#3,22
3580.0,-E0,15
3580.0,1068440004#1,2
3580.0,1239087514,1
3580.0,186602412#0,3
3580.0,196961215#2,1
3580.0,196961377#3,1
3580.0,238526531#0,13
3580.0,244450512#4,1
3580.0,300077497#6,4
3580.0,30620492#0,18
3580.0,30620492#1,5
3580.0,484988951#0,3
3580.0,49073226#2,10
3580.0,506322844#0,5
3580.0,506322846#0,7
3580.0,51362429#0,8
3580.0,593847702#0,1
3580.0,593847703#0,5
3580.0,593847704#0,6
3580.0,594658757#0,1
3580.0,594658760#0,3
3580.0,:3086736518_0,1
3580.0,:655375232_2,2
3580.0,:655375233_0,2
3580.0,:cluster_3431431575_4777363357_655375231_6982059025_5,1
3600.0,-300077497#5,24
3600.0,-35274074#2,1
3600.0,-51362429#1,6
3600.0,-593847703#3,24
3600.0,-E0,19
3600.0,1068440004#1,2
3600.0,186602412#0,4
3600.0,196961215#2,1
3600.0,238526531#0,13
3600.0,244450512#5,1
3600.0,300077497#0,3
3600.0,300077497#6,4
3600.0,30620492#0,18
3600.0,30620492#1,5
3600.0,484988951#0,5
3600.0,49073226#2,10
3600.0,506322844#0,5
3600.0,51362429#0,12
3600.0,593847702#0,1
3600.0,593847703#0,5
3600.0,593847704#0,6
3600.0,594658757#0,1
3600.0,594658760#0,3
3600.0,:1973482489_8,1
3600.0,:3086736518_0,2
3620.0,-300077497#5,26
3620.0,-300077497#8,4
3620.0,-35274074#2,7
3620.0,-51362429#1,8
3620.0,-593847703#3,18
3620.0,-E0,19
3620.0,1068440004#1,3
3620.0,238526531#0,5
3620.0,244450512#5,1
3620.0,288878926#0,7
3620.0,300077497#0,1
3620.0,300077497#6,4
3620.0,30620492#0,18
3620.0,30620492#1,5
3620.0,35274074#0,1
3620.0,484988951#0,4
3620.0,49073226#2,3
3620.0,49073272#3,1
3620.0,506322844#0,2
3620.0,51362429#0,12
3620.0,593847702#0,2
3620.0,593847703#0,5
3620.0,593847704#0,7
3620.0,594658760#0,2
3620.0,:3086736518_0,2
3620.0,:3086736518_3,1
3620.0,:655375238_1,1
3620.0,:655375238_5,1
3620.0,:cluster_2038168688_655375573_8,1
3620.0,:cluster_2528018119_655375236_33,1
3620.0,:cluster_3431431575_4777363357_655375231_6982059025_3,1
3620.0,:cluster_3431431575_4777363357_655375231_6982059025_5,1
3620.0,:cluster_623980147_623980152_9,1
3640.0,-300077497#5,27
3640.0,-300077497#8,4
3640.0,-35274074#2,10
3640.0,-593847703#3,19
3640.0,-E0,19
3640.0,238526531#0,1
3640.0,244450512#5,1
3640.0,288878926#0,13
3640.0,300077497#6,1
3640.0,30620492#0,18
3640.0,30620492#1,5
3640.0,35274074#0,3
3640.0,484988951#0,4
3640.0,49073226#2,6
3640.0,49073272#3,1
3640.0,506322844#0,5
3640.0,51362429#0,15
3640.0,593847702#0,5
3640.0,593847703#0,5
3640.0,593847704#0,2
3640.0,593849718#0,3
3640.0,594658760#0,2
3640.0,:3086736518_0,2
3640.0,:655375238_3,1
3640.0,:655375239_3,1
3640.0,:cluster622618015_622618108_622618112_622618144_#2more_39,3
3640.0,:cluster_3431431575_4777363357_655375231_6982059025_3,1
3660.0,-300077497#5,24
3660.0,-300077497#8,4
3660.0,-35274074#2,3
3660.0,-49073264#1,1
3660.0,-593847703#3,22
3660.0,-E0,18
3660.0,238526531#0,1
3660.0,288878926#0,11
3660.0,300077497#0,5
3660.0,300077497#6,2
3660.0,30620492#0,18
3660.0,30620492#1,5
3660.0,360018417,2
3660.0,484988951#0,3
3660.0,49073226#2,8
3660.0,506322844#0,5
3660.0,506322846#0,3
3660.0,51362429#0,16
3660.0,51362430,1
3660.0,593847702#0,5
3660.0,593849711#0,1
3660.0,594658760#0,2
3660.0,:3086736518_0,2
3660.0,:3086736518_6,1
3660.0,:cluster_3431431575_4777363357_655375231_6982059025_5,1
3680.0,-300077497#5,24
3680.0,-300077497#8,1
3680.0,-35274074#2,3
3680.0,-49073264#1,1
3680.0,-593847703#3,22
3680.0,-E0,18
3680.0,186602412#0,2
3680.0,238526531#0,1
3680.0,288878926#0,5
3680.0,300077497#6,2
3680.0,30620492#0,18
3680.0,30620492#1,5
3680.0,35274074#0,1
3680.0,484988951#0,4
3680.0,49073226#2,8
3680.0,506322844#0,5
3680.0,506322846#0,1
3680.0,51362429#0,10
3680.0,593847702#0,5
3680.0,593847703#0,3
3680.0,594658760#0,2
3680.0,:3086736518_0,1
3680.0,:3086736518_6,1
3680.0,:655375232_2,3
3680.0,:655375233_0,2
3680.0,:655375238_1,1
3680.0,:655375238_5,1
3680.0,:cluster622618015_622618108_622618112_622618144_#2more_49,2
3680.0,:cluster_2038168688_655375573_23,1
3680.0,:cluster_2038168688_655375573_3,1
3680.0,:cluster_2528018119_655375236_17,1
3680.0,:cluster_2528018119_655375236_31,1
3680.0,:cluster_3431431575_4777363357_655375231_6982059025_5,1
3700.0,-300077497#5,25
3700.0,-300077497#8,4
3700.0,-35274074#2,2
3700.0,-49073264#1,1
3700.0,-593847703#3,23
3700.0,-E0,19
3700.0,186602412#0,3
3700.0,232003903#0,1
3700.0,288878926#0,5
3700.0,300077497#6,4
3700.0,30620492#0,18
3700.0,30620492#1,5
3700.0,35274074#0,1
3700.0,484988951#0,4
3700.0,49073226#2,9
3700.0,49073272#1,3
3700.0,506322844#0,4
3700.0,51362429#0,13
3700.0,593847703#0,9
3700.0,593847704#0,1
3700.0,593852345#0,1
3700.0,594658760#0,2
3700.0,:1973482489_8,1
3700.0,:3086736518_0,1
3700.0,:655375232_2,1
3700.0,:cluster622618015_622618108_622618112_622618144_#2more_35,1
3720.0,-300077497#5,27
3720.0,-300077497#8,4
3720.0,-35274074#2,2
3720.0,-51362429#1,4
3720.0,-593847703#3,14
3720.0,-E0,19
3720.0,196961215#2,2
3720.0,232003903#0,1
3720.0,288878926#0,5
3720.0,300077497#6,4
3720.0,30620492#0,18
3720.0,30620492#1,5
3720.0,35274074#0,2
3720.0,484988951#0,4
3720.0,49073226#2,9
3720.0,49073272#3,3
3720.0,506322844#0,4
3720.0,51362429#0,14
3720.0,593847703#0,9
3720.0,594658760#0,2
3720.0,:3086736518_0,1
3720.0,:655375232_2,1
3720.0,:655375232_8,1
3720.0,:655375233_2,1
3720.0,:655375233_4,2
3720.0,:cluster622618015_622618108_622618112_622618144_#2more_17,1
3720.0,:cluster622618015_622618108_622618112_622618144_#2more_39,1
3740.0,-300077497#5,23
3740.0,-300077497#8,4
3740.0,-51362429#1,7
3740.0,-593847703#3,16
3740.0,-E0,19
3740.0,196961215#2,2
3740.0,288878926#0,5
3740.0,300077497#0,2
3740.0,30620492#0,18
3740.0,30620492#1,5
3740.0,360018417,1
3740.0,484988951#0,4
3740.0,49073226#2,9
3740.0,49073272#3,1
3740.0,506322844#0,5
3740.0,51362429#0,15
3740.0,51362430,1
3740.0,593847702#0,1
3740.0,593847703#0,5
3740.0,594658760#0,2
3740.0,:3086736518_0,1
3740.0,:3208478121_3,1
3740.0,:655375232_2,1
3740.0,:cluster_2038168688_655375573_23,1
3740.0,:cluster_2038168688_655375573_24,1
3740.0,:cluster_2528018119_655375236_17,1
3740.0,:cluster_2528018119_655375236_19,1
3740.0,:cluster_2528018119_655375236_3,2
3760.0,-300077497#5,20
3760.0,-300077497#8,4
3760.0,-51362429#1,7
3760.0,-593847703#3,17
3760.0,-E0,19
3760.0,182334378#0,1
3760.0,186602412#0,2
3760.0,196961215#2,2
3760.0,196961377#3,3
3760.0,300077497#0,6
3760.0,30620492#0,18
3760.0,30620492#1,5
3760.0,35274074#0,2
3760.0,484988951#0,4
3760.0,49073226#2,9
3760.0,506322844#0,5
3760.0,51362429#0,16
3760.0,593847702#0,1
3760.0,593849711#0,1
3760.0,594658760#0,2
3760.0,:3086736518_0,1
3760.0,:655375232_2,1
3760.0,:655375238_1,1
3760.0,:cluster_2528018119_655375236_17,2
3760.0,:cluster_2528018119_655375236_19,1
3780.0,-300077497#5,21
3780.0,-51362429#1,7
3780.0,-593847703#3,22
3780.0,-E0,18
3780.0,1239087514,1
3780.0,196961215#2,2
3780.0,300077497#0,4
3780.0,30620492#0,18
3780.0,30620492#1,5
3780.0,35274074#0,1
3780.0,484988951#0,4
3780.0,49073226#2,9
3780.0,506322844#0,5
3780.0,506322846#0,3
3780.0,51362429#0,13
3780.0,51362430,1
3780.0,593847702#0,1
3780.0,593847703#0,1
3780.0,594658760#0,2
3780.0,:3086736518_0,1
3780.0,:3086736518_6,1
3780.0,:655375232_2,3
3780.0,:655375233_0,1
3780.0,:655375238_6,1
3800.0,-300077497#5,26
3800.0,-300077497#8,1
3800.0,-51362429#1,7
3800.0,-593847703#3,22
3800.0,-E0,16
3800.0,186602412#0,2
3800.0,196961215#2,2
3800.0,263217604#0,1
3800.0,300077497#0,1
3800.0,30620492#0,17
3800.0,30620492#1,5
3800.0,35274074#0,4
3800.0,484988951#0,4
3800.0,49073226#2,10
3800.0,49073272#3,1
3800.0,506322844#0,2
3800.0,51362429#0,13
3800.0,593847703#0,8
3800.0,593847704#0,1
3800.0,594658760#0,2
3800.0,:655375232_2,1
3800.0,:655375238_1,1
3800.0,:655375238_5,1
3800.0,:655375239_5,1
3820.0,-300077497#5,27
3820.0,-300077497#8,4
3820.0,-51362429#1,8
3820.0,-593847703#3,20
3820.0,-E0,20
3820.0,196961215#2,2
3820.0,263217604#0,1
3820.0,30620492#0,18
3820.0,30620492#1,5
3820.0,35274074#0,6
3820.0,484988951#0,3
3820.0,49073226#2,12
3820.0,49073272#3,2
3820.0,506322844#0,5
3820.0,51362429#0,14
3820.0,593847703#0,8
3820.0,594658760#0,1
3820.0,:655375232_2,1
3820.0,:655375232_8,1
3820.0,:cluster_3431431575_4777363357_655375231_6982059025_5,1
3840.0,-300077497#5,22
3840.0,-300077497#8,4
3840.0,-51362429#1,9
3840.0,-593847703#3,24
3840.0,-E0,20
3840.0,288878926#0,3
3840.0,300077497#0,7
3840.0,30620492#0,18
3840.0,30620492#1,5
3840.0,360018417,2
3840.0,484988951#0,4
3840.0,49073226#2,10
3840.0,506322844#0,5
3840.0,506322846#0,6
3840.0,51362429#0,16
3840.0,594658760#0,2
3840.0,:655375232_2,1
3840.0,:cluster_2528018119_655375236_19,1
3840.0,:cluster_2528018119_655375236_3,1
3840.0,:cluster_623980147_623980152_3,1
3860.0,-300077497#5,24
3860.0,-300077497#8,1
3860.0,-51362429#1,7
3860.0,-593847703#3,24
3860.0,-E0,20
3860.0,186602412#0,4
3860.0,288878926#0,6
3860.0,300077497#0,4
3860.0,30620492#0,18
3860.0,30620492#1,5
3860.0,35274074#0,1
3860.0,484988951#0,4
3860.0,49073226#2,4
3860.0,506322844#0,5
3860.0,506322846#0,1
3860.0,51362429#0,17
3860.0,594658760#0,2
3860.0,:655375232_2,1
3860.0,:655375238_1,1
3860.0,:655375238_5,1
3860.0,:cluster622618015_622618108_622618112_622618144_#2more_49,2
3860.0,:cluster655375336_end_0_655375336_end_1_655375336_end_10_655375336_end_11_#8more_6,1
3860.0,:cluster_2038168688_655375573_3,1
3860.0,:cluster_3431431575_4777363357_655375231_6982059025_3,1
3860.0,:cluster_623980147_623980152_4,1
3880.0,-300077497#5,26
3880.0,-300077497#8,1
3880.0,-593847703#3,24
3880.0,-E0,14
3880.0,186602412#0,2
3880.0,232003903#0,1
3880.0,263217604#0,1
3880.0,288878926#0,13
3880.0,30620492#0,18
3880.0,30620492#1,5
3880.0,35274074#0,5
3880.0,484988951#0,4
3880.0,49073226#2,5
3880.0,506322844#0,2
3880.0,51362429#0,15
3880.0,593847704#0,5
3880.0,594658760#0,2
3880.0,:1973482489_3,1
3880.0,:3086736518_0,1
3880.0,:655375232_2,2
3880.0,:655375238_5,1
3880.0,:655375239_5,1
3880.0,:cluster_3431431575_4777363357_655375231_6982059025_3,1
3900.0,-300077497#5,27
3900.0,-300077497#8,4
3900.0,-593847703#3,24
3900.0,-E0,18
3900.0,232003903#0,1
3900.0,263217604#0,3
3900.0,288878926#0,13
3900.0,30620492#0,18
3900.0,30620492#1,5
3900.0,35274074#0,5
3900.0,484988951#0,3
3900.0,49073226#2,6
3900.0,506322844#0,5
3900.0,51362429#0,11
3900.0,593847703#0,10
3900.0,593847704#0,3
3900.0,594658760#0,2
3900.0,:3086736518_0,1
3900.0,:cluster622618015_622618108_622618112_622618144_#2more_39,2
3920.0,-300077497#5,24
3920.0,-300077497#8,4
3920.0,-593847703#3,22
3920.0,-E0,19
3920.0,263217604#0,3
3920.0,288878926#0,13
3920.0,300077497#0,2
3920.0,30620492#0,18
3920.0,30620492#1,5
3920.0,35274074#0,1
3920.0,360018417,1
3920.0,484988951#0,2
3920.0,49073226#2,6
3920.0,506322844#0,5
3920.0,506322846#0,1
3920.0,51362429#0,12
3920.0,51362430,1
3920.0,593847703#0,6
3920.0,594658760#0,2
3920.0,:3086736518_0,1
3920.0,:3086736518_4,1
3920.0,:655375233_4,2
3920.0,:cluster_2038168688_655375573_23,1
3920.0,:cluster_2038168688_655375573_3,1
3920.0,:cluster_2038168688_655375573_6,1
3920.0,:cluster_2528018119_655375236_17,1
3920.0,:cluster_2528018119_655375236_19,1
3920.0,:cluster_2528018119_655375236_3,2
3920.0,:cluster_3431431575_4777363357_655375231_6982059025_5,1
3940.0,-300077497#5,23
3940.0,-300077497#8,4
3940.0,-51362429#1,7
3940.0,-593847703#3,17
3940.0,-E0,19
3940.0,182334378#0,1
3940.0,186602412#0,2
3940.0,196961377#3,1
3940.0,244450512#4,2
3940.0,288878926#0,7
3940.0,300077497#0,8
3940.0,30620492#0,18
3940.0,30620492#1,5
3940.0,35274074#0,2
3940.0,484988951#0,4
3940.0,49073226#2,6
3940.0,506322844#0,5
3940.0,506322846#0,2
3940.0,51362429#0,14
3940.0,593849711#0,2
3940.0,594658757#0,1
3940.0,594658760#0,2
3940.0,:1973482489_3,1
3940.0,:3086736518_0,1
3940.0,:3086736518_4,1
3940.0,:cluster_2528018119_655375236_17,1
3940.0,:cluster_2528018119_655375236_19,1
3960.0,-300077497#5,25
3960.0,-300077497#8,2
3960.0,-51362429#1,6
3960.0,-593847703#3,18
3960.0,-E0,19
3960.0,186602412#0,1
3960.0,232003903#0,1
3960.0,244450512#5,2
3960.0,288878926#0,5
3960.0,300077497#0,3
3960.0,30620492#0,18
3960.0,30620492#1,5
3960.0,35274074#0,3
3960.0,484988951#0,4
3960.0,49073226#2,8
3960.0,506322844#0,5
3960.0,506322846#0,3
3960.0,51362429#0,16
3960.0,51362430,1
3960.0,594658757#0,1
3960.0,594658760#0,2
3960.0,:3086736518_0,1
3960.0,:3086736518_4,1
3960.0,:655375238_6,1
3980.0,-300077497#5,27
3980.0,-300077497#8,4
3980.0,-51362429#1,6
3980.0,-593847703#3,18
3980.0,-E0,18
3980.0,186602412#0,2
3980.0,244450512#5,2
3980.0,288878926#0,5
3980.0,30620492#0,18
3980.0,30620492#1,5
3980.0,35274074#0,7
3980.0,484988951#0,5
3980.0,49073226#2,8
3980.0,506322844#0,5
3980.0,51362429#0,17
3980.0,594658757#0,1
3980.0,594658760#0,2
3980.0,:3086736518_0,1
3980.0,:3086736518_4,1
3980.0,:3086736518_6,1
3980.0,:655375239_6,1
4000.0,-300077497#5,27
4000.0,-300077497#8,4
4000.0,-51362429#1,6
4000.0,-593847703#3,18
4000.0,-E0,19
4000.0,1068440004#1,1
4000.0,244450512#5,2
4000.0,263217604#0,1
4000.0,288878926#0,5
4000.0,30620492#0,18
4000.0,30620492#1,5
4000.0,35274074#0,7
4000.0,484988951#0,4
4000.0,49073226#2,8
4000.0,506322844#0,5
4000.0,51362429#0,8
4000.0,593847703#0,3
4000.0,594658760#0,2
4000.0,:3086736518_0,2
4000.0,:3086736518_4,1
4000.0,:3086736518_6,1
4000.0,:655375232_2,5
4000.0,:cluster_3431431575_4777363357_655375231_6982059025_5,1
4020.0,-300077497#5,26
4020.0,-300077497#8,4
4020.0,-51362429#1,6
4020.0,-593847703#3,17
4020.0,-E0,19
4020.0,1068440004#1,1
4020.0,288878926#0,3
4020.0,300077497#0,3
4020.0,30620492#0,18
4020.0,30620492#1,5
4020.0,484988951#0,3
4020.0,49073226#2,10
4020.0,506322844#0,5
4020.0,506322846#0,5
4020.0,51362429#0,13
4020.0,51362430,2
4020.0,593849711#0,1
4020.0,594658760#0,3
4020.0,:1973482489_3,1
4020.0,:3086736518_0,2
4020.0,:3086736518_6,1
4020.0,:655375232_2,5
4020.0,:655375232_8,1
4020.0,:655375233_4,2
4020.0,:cluster_2038168688_655375573_23,1
4040.0,-300077497#5,27
4040.0,-300077497#8,3
4040.0,-51362429#1,9
4040.0,-593847703#3,17
4040.0,-E0,19
4040.0,1068440004#1,1
4040.0,186602412#0,5
4040.0,30620492#0,18
4040.0,30620492#1,5
4040.0,484988951#0,4
4040.0,49073226#2,10
4040.0,506322844#0,5
4040.0,506322846#0,1
4040.0,51362429#0,15
4040.0,593847704#0,1
4040.0,594658760#0,3
4040.0,:3086736518_0,2
4040.0,:655375232_2,5
4040.0,:cluster_2038168688_655375573_23,1
4040.0,:cluster_2038168688_655375573_3,1
4060.0,-300077497#5,27
4060.0,-300077497#8,4
4060.0,-51362429#1,9
4060.0,-593847703#3,17
4060.0,-E0,19
4060.0,186602412#0,3
4060.0,30620492#0,18
4060.0,30620492#1,5
4060.0,484988951#0,4
4060.0,49073226#2,12
4060.0,506322844#0,5
4060.0,51362429#0,17
4060.0,593847704#0,1
4060.0,594658760#0,3
4060.0,:3086736518_0,2
4060.0,:655375232_2,5
4060.0,:cluster622618015_622618108_622618112_622618144_#2more_29,1
4080.0,-300077497#5,27
4080.0,-300077497#8,4
4080.0,-51362429#1,8
4080.0,-593847703#3,17
4080.0,-E0,18
4080.0,288878926#0,4
4080.0,30620492#0,18
4080.0,30620492#1,5
4080.0,484988951#0,4
4080.0,49073226#2,8
4080.0,49073272#3,1
4080.0,506322844#0,5
4080.0,51362429#0,17
4080.0,594658760#0,3
4080.0,:3086736518_0,2
4080.0,:3086736518_6,1
4080.0,:655375232_2,5
4080.0,:cluster622618015_622618108_622618112_622618144_#2more_37,1
4080.0,:cluster_3431431575_4777363357_655375231_6982059025_3,1
4100.0,-300077497#5,26
4100.0,-300077497#8,4
4100.0,-51362429#1,4
4100.0,-593847703#3,18
4100.0,-E0,18
4100.0,288878926#0,10
4100.0,30620492#0,17
4100.0,30620492#1,5
4100.0,360018417,1
4100.0,484988951#0,3
4100.0,49073226#2,4
4100.0,506322844#0,5
4100.0,51362429#0,13
4100.0,593847703#0,6
4100.0,594658760#0,2
4100.0,:3086736518_0,1
4100.0,:3086736518_6,1
4100.0,:3208478121_3,1
4100.0,:655375232_2,3
4100.0,:655375233_0,2
4100.0,:cluster655375336_end_0_655375336_end_1_655375336_end_10_655375336_end_11_#8more_17,1
4100.0,:cluster_3431431575_4777363357_655375231_6982059025_3,2
4100.0,:cluster_3431431575_4777363357_655375231_6982059025_5,1
4100.0,:cluster_623980147_623980152_9,1
4120.0,-300077497#5,26
4120.0,-300077497#8,4
4120.0,-593847703#3,18
4120.0,-E0,19
4120.0,182334378#0,1
4120.0,196961377#3,2
4120.0,288878926#0,7
4120.0,300077497#0,8
4120.0,30620492#0,18
4120.0,30620492#1,5
4120.0,484988951#0,4
4120.0,49073226#2,7
4120.0,506322844#0,5
4120.0,51362429#0,15
4120.0,593847704#0,1
4120.0,593849711#0,1
4120.0,594658760#0,2
4120.0,:3086736518_0,1
4120.0,:655375232_2,2
4120.0,:cluster_2528018119_655375236_3,1
4120.0,:cluster_623980147_623980152_4,1
4140.0,-300077497#5,26
4140.0,-300077497#8,3
4140.0,-51362429#1,3
4140.0,-593847703#3,11
4140.0,-E0,19
4140.0,182334378#0,1
4140.0,288878926#0,9
4140.0,300077497#0,4
4140.0,30620492#0,18
4140.0,30620492#1,5
4140.0,35274074#0,4
4140.0,484988951#0,4
4140.0,49073226#2,4
4140.0,506322844#0,5
4140.0,51362429#0,16
4140.0,593847704#0,2
4140.0,594658760#0,2
4140.0,:3086736518_0,1
4140.0,:3086736518_4,1
4140.0,:655375232_2,2
4140.0,:655375232_8,1
4140.0,:cluster_2038168688_655375573_3,1
4140.0,:cluster_3431431575_4777363357_655375231_6982059025_3,2
4160.0,-300077497#5,27
4160.0,-300077497#8,3
4160.0,-51362429#1,4
4160.0,-593847703#3,11
4160.0,-E0,19
4160.0,182334378#0,1
4160.0,186602412#0,1
4160.0,263217604#0,1
4160.0,288878926#0,9
4160.0,30620492#0,18
4160.0,30620492#1,5
4160.0,35274074#0,8
4160.0,484988951#0,4
4160.0,49073226#2,7
4160.0,506322844#0,4
4160.0,51362429#0,17
4160.0,593847704#0,2
4160.0,594658760#0,2
4160.0,:3086736518_0,1
4160.0,:655375232_2,2
4160.0,:655375239_5,1
4180.0,-300077497#5,27
4180.0,-300077497#8,4
4180.0,-51362429#1,4
4180.0,-593847703#3,11
4180.0,-E0,18
4180.0,182334378#0,1
4180.0,263217604#0,1
4180.0,288878926#0,9
4180.0,30620492#0,18
4180.0,30620492#1,5
4180.0,35274074#0,8
4180.0,484988951#0,4
4180.0,49073226#2,7
4180.0,49073264#0,1
4180.0,506322844#0,6
4180.0,51362429#0,17
4180.0,593849718#0,1
4180.0,594658760#0,2
4180.0,:3086736518_0,1
4180.0,:3086736518_6,1
4180.0,:655375232_2,2
4200.0,-300077497#5,19
4200.0,-300077497#8,4
4200.0,-49073264#1,1
4200.0,-51362429#1,4
4200.0,-593847703#3,13
4200.0,-E0,18
4200.0,182334378#0,4
4200.0,288878926#0,7
4200.0,30620492#0,18
4200.0,30620492#1,5
4200.0,360843888,1
4200.0,484988951#0,3
4200.0,49073226#2,7
4200.0,506322844#0,6
4200.0,506322846#0,8
4200.0,51362429#0,10
4200.0,593847703#0,3
4200.0,593849711#0,2
4200.0,594658760#0,1
4200.0,:3086736518_0,2
4200.0,:3086736518_6,1
4200.0,:655375232_2,4
4200.0,:655375233_0,1
4200.0,:cluster655375336_end_0_655375336_end_1_655375336_end_10_655375336_end_11_#8more_17,1
4200.0,:cluster_2528018119_655375236_17,1
4200.0,:cluster_2528018119_655375236_31,2
4200.0,:cluster_3431431575_4777363357_655375231_6982059025_5,1
4220.0,-300077497#5,15
4220.0,-300077497#8,1
4220.0,-49073264#1,1
4220.0,-51362429#1,4
4220.0,-593847703#3,20
4220.0,-E0,19
4220.0,182334378#0,6
4220.0,186602412#0,6
4220.0,288878926#0,2
4220.0,300077497#0,6
4220.0,30620492#0,18
4220.0,30620492#1,5
4220.0,360843888,1
4220.0,484988951#0,4
4220.0,49073226#2,7
4220.0,49695736#0,1
4220.0,506322844#0,6
4220.0,506322846#0,2
4220.0,51362429#0,13
4220.0,593847703#0,2
4220.0,593847704#0,1
4220.0,:3086736518_0,1
4220.0,:655375238_5,1
4220.0,:cluster_2528018119_655375236_3,1
4240.0,-300077497#5,18
4240.0,-300077497#8,1
4240.0,-49073264#1,1
4240.0,-51362429#1,7
4240.0,-593847703#3,16
4240.0,-E0,19
4240.0,182334378#0,6
4240.0,263217604#0,1
4240.0,288878926#0,2
4240.0,300077497#0,2
4240.0,30620492#0,18
4240.0,30620492#1,5
4240.0,35274074#0,4
4240.0,360843888,1
4240.0,484988951#0,4
4240.0,49073226#2,7
4240.0,506322844#0,2
4240.0,51362429#0,15
4240.0,593847703#0,2
4240.0,593847704#0,1
4240.0,:3086736518_0,1
4240.0,:3086736518_3,1
4240.0,:655375233_2,1
4240.0,:655375238_1,1
4240.0,:655375238_5,1
4240.0,:655375239_5,1
4260.0,-300077497#5,26
4260.0,-51362429#1,7
4260.0,-593847703#3,16
4260.0,-E0,19
4260.0,182334378#0,6
4260.0,263217604#0,2
4260.0,288878926#0,2
4260.0,300077497#0,2
4260.0,30620492#0,18
4260.0,30620492#1,5
4260.0,35274074#0,4
4260.0,360843888,1
4260.0,484988951#0,4
4260.0,49073226#2,7
4260.0,506322844#0,3
4260.0,51362429#0,16
4260.0,593847702#0,1
4260.0,593847703#0,2
4260.0,:3086736518_0,1
4260.0,:655375238_6,1
4260.0,:cluster622618015_622618108_622618112_622618144_#2more_17,1
4260.0,:cluster622618015_622618108_622618112_622618144_#2more_37,1
4260.0,:cluster622618015_622618108_622618112_622618144_#2more_39,1
4280.0,-300077497#5,23
4280.0,-51362429#1,7
4280.0,-593847703#3,18
4280.0,-E0,19
4280.0,182334378#0,6
4280.0,244450512#5,1
4280.0,263217604#0,2
4280.0,288878926#0,2
4280.0,300077497#0,2
4280.0,30620492#0,18
4280.0,30620492#1,5
4280.0,35274074#0,3
4280.0,360018417,1
4280.0,484988951#0,4
4280.0,49073226#2,7
4280.0,506322844#0,5
4280.0,506322846#0,1
4280.0,51362429#0,17
4280.0,593847702#0,1
4280.0,:3086736518_0,1
4280.0,:cluster_2038168688_655375573_23,1
4280.0,:cluster_2038168688_655375573_3,1
4280.0,:cluster_2038168688_655375573_6,1
4280.0,:cluster_2528018119_655375236_31,1
4300.0,-300077497#5,23
4300.0,-51362429#1,7
4300.0,-593847703#3,18
4300.0,-E0,18
4300.0,182334378#0,7
4300.0,186602412#0,3
4300.0,196961377#3,1
4300.0,244450512#5,1
4300.0,30620492#0,18
4300.0,30620492#1,5
4300.0,35274074#0,2
4300.0,484988951#0,4
4300.0,49073226#2,7
4300.0,506322844#0,5
4300.0,506322846#0,4
4300.0,51362429#0,12
4300.0,593847702#0,1
4300.0,593847703#0,1
4300.0,594658757#0,1
4300.0,594658760#0,1
4300.0,:3086736518_0,2
4300.0,:3086736518_6,1
4300.0,:655375232_2,3
4320.0,-300077497#5,21
4320.0,-51362429#1,7
4320.0,-593847703#3,20
4320.0,-E0,19
4320.0,182334378#0,2
4320.0,186602412#0,3
4320.0,232003903#0,2
4320.0,244450512#5,1
4320.0,288878926#0,5
4320.0,30620492#0,18
4320.0,30620492#1,5
4320.0,484988951#0,4
4320.0,49073226#2,1
4320.0,506322844#0,5
4320.0,506322846#0,1
4320.0,51362429#0,8
4320.0,51362430,1
4320.0,593847702#0,1
4320.0,593847703#0,10
4320.0,593847704#0,1
4320.0,594658757#0,1
4320.0,594658760#0,1
4320.0,:cluster655375336_end_0_655375336_end_1_655375336_end_10_655375336_end_11_#8more_6,1
4320.0,:cluster_623980147_623980152_9,1
4340.0,-300077497#5,26
4340.0,-300077497#8,1
4340.0,-49073264#1,1
4340.0,-51362429#1,1
4340.0,-593847703#3,16
4340.0,-E0,19
4340.0,1068440004#1,1
4340.0,244450512#5,1
4340.0,288878926#0,8
4340.0,30620492#0,18
4340.0,30620492#1,5
4340.0,484988951#0,3
4340.0,49073226#2,3
4340.0,506322844#0,2
4340.0,51362429#0,12
4340.0,51362430,3
4340.0,593847703#0,10
4340.0,593847704#0,1
4340.0,594658757#0,1
4340.0,594658760#0,1
4340.0,:655375232_8,1
4340.0,:655375233_4,2
4340.0,:655375238_5,1
4340.0,:655375239_5,1
4340.0,:cluster_3431431575_4777363357_655375231_6982059025_3,2
4340.0,:cluster_3431431575_4777363357_655375231_6982059025_7,1
4340.0,:cluster_623980147_623980152_4,1
4360.0,-300077497#5,27
4360.0,-300077497#8,4
4360.0,-593847703#3,13
4360.0,-E0,19
4360.0,244450512#5,1
4360.0,288878926#0,13
4360.0,30620492#0,18
4360.0,30620492#1,5
4360.0,484988951#0,5
4360.0,49073226#2,7
4360.0,506322844#0,6
4360.0,51362429#0,13
4360.0,593847702#0,2
4360.0,593847703#0,10
4360.0,594658757#0,1
4360.0,594658760#0,1
4360.0,:cluster_3431431575_4777363357_655375231_6982059025_3,1
4380.0,-300077497#5,23
4380.0,-300077497#8,4
4380.0,-593847703#3,15
4380.0,-E0,19
4380.0,288878926#0,11
4380.0,300077497#0,7
4380.0,30620492#0,18
4380.0,30620492#1,5
4380.0,484988951#0,3
4380.0,49073226#2,9
4380.0,506322844#0,7
4380.0,51362429#0,14
4380.0,51362430,1
4380.0,593847702#0,2
4380.0,593847703#0,1
4380.0,593849711#0,1
4380.0,594658757#0,1
4380.0,594658760#0,1
4380.0,:cluster_2528018119_655375236_17,1
4380.0,:cluster_2528018119_655375236_19,1
4380.0,:cluster_2528018119_655375236_3,2
4380.0,:cluster_3431431575_4777363357_655375231_6982059025_7,1
4400.0,-300077497#5,21
4400.0,-300077497#8,1
4400.0,-593847703#3,20
4400.0,-E0,14
4400.0,182334378#0,1
4400.0,288878926#0,5
4400.0,300077497#0,7
4400.0,30620492#0,17
4400.0,30620492#1,5
4400.0,49073226#2,13
4400.0,506322844#0,7
4400.0,506322846#0,1
4400.0,51362429#0,13
4400.0,593847702#0,2
4400.0,593847704#0,5
4400.0,594658757#0,1
4400.0,594658760#0,1
4400.0,:655375232_2,2
4400.0,:655375238_1,1
4400.0,:655375238_5,1
4400.0,:cluster_2038168688_655375573_23,1
4420.0,-300077497#5,23
4420.0,-300077497#8,2
4420.0,-593847703#3,20
4420.0,-E0,19
4420.0,182334378#0,1
4420.0,186602412#0,2
4420.0,263217604#0,2
4420.0,288878926#0,5
4420.0,300077497#0,2
4420.0,30620492#0,18
4420.0,30620492#1,5
4420.0,35274074#0,5
4420.0,49073226#2,13
4420.0,49073272#1,1
4420.0,49073272#3,1
4420.0,506322844#0,3
4420.0,51362429#0,5
4420.0,593847703#0,9
4420.0,593847704#0,5
4420.0,:655375232_2,1
4420.0,:655375238_1,1
4420.0,:655375238_5,1
4420.0,:655375239_5,1
4440.0,-300077497#5,27
4440.0,-300077497#8,4
4440.0,-593847703#3,17
4440.0,-E0,19
4440.0,232003903#0,1
4440.0,263217604#0,2
4440.0,288878926#0,5
4440.0,30620492#0,18
4440.0,30620492#1,5
4440.0,35274074#0,7
4440.0,49073226#2,13
4440.0,49073272#3,2
4440.0,506322844#0,5
4440.0,51362429#0,5
4440.0,593847703#0,9
4440.0,593847704#0,3
4440.0,:3086736518_4,1
4440.0,:655375232_2,1
4440.0,:655375233_2,1
4440.0,:655375233_4,1
4440.0,:655375238_6,1
4440.0,:cluster622618015_622618108_622618112_622618144_#2more_39,2
4460.0,-300077497#5,23
4460.0,-300077497#8,4
4460.0,-51362429#1,5
4460.0,-593847703#3,15
4460.0,-E0,19
4460.0,263217604#0,2
4460.0,288878926#0,5
4460.0,300077497#0,2
4460.0,30620492#0,18
4460.0,30620492#1,5
4460.0,35274074#0,4
4460.0,360018417,1
4460.0,49073226#2,13
4460.0,506322844#0,5
4460.0,51362429#0,5
4460.0,51362430,1
4460.0,593847702#0,1
4460.0,593847703#0,5
4460.0,593847704#0,1
4460.0,593849718#0,2
4460.0,:3208478121_3,1
4460.0,:655375232_2,1
4460.0,:cluster_2038168688_655375573_23,1
4460.0,:cluster_2038168688_655375573_24,1
4460.0,:cluster_2038168688_655375573_3,1
4460.0,:cluster_2038168688_655375573_6,1
4460.0,:cluster_2528018119_655375236_17,2
4460.0,:cluster_2528018119_655375236_3,2
4480.0,-300077497#5,18
4480.0,-300077497#8,4
4480.0,-51362429#1,5
4480.0,-593847703#3,21
4480.0,-E0,19
4480.0,182334378#0,1
4480.0,186602412#0,2
4480.0,196961377#3,2
4480.0,300077497#0,5
4480.0,30620492#0,18
4480.0,30620492#1,5
4480.0,35274074#0,3
4480.0,49073226#2,14
4480.0,506322844#0,5
4480.0,506322846#0,5
4480.0,51362429#0,5
4480.0,593847702#0,1
4480.0,593847704#0,1
4480.0,593849711#0,1
4480.0,594658757#0,1
4480.0,594658760#0,1
4480.0,:1973482489_3,1
4480.0,:655375232_2,1
4480.0,:655375238_1,1
4500.0,-300077497#5,20
4500.0,-51362429#1,5
4500.0,-593847703#3,22
4500.0,-E0,13
4500.0,1068440004#1,2
4500.0,182334378#0,1
4500.0,186602412#0,4
4500.0,232003903#0,1
4500.0,300077497#0,3
4500.0,30620492#0,18
4500.0,30620492#1,5
4500.0,35274074#0,3
4500.0,49073226#2,14
4500.0,506322844#0,5
4500.0,506322846#0,2
4500.0,51362429#0,5
4500.0,593847702#0,1
4500.0,593847704#0,5
4500.0,:1973482489_8,1
4500.0,:3086736518_6,2
4500.0,:655375232_2,1
4520.0,-300077497#5,25
4520.0,-51362429#1,5
4520.0,-593847703#3,22
4520.0,-E0,17
4520.0,1068440004#1,2
4520.0,263217604#0,2
4520.0,30620492#0,18
4520.0,30620492#1,5
4520.0,35274074#0,5
4520.0,484988951#0,1
4520.0,49073226#2,14
4520.0,49073272#3,1
4520.0,506322844#0,2
4520.0,593847703#0,6
4520.0,593847704#0,7
4520.0,:655375238_6,1
4520.0,:655375239_6,1
4540.0,-300077497#5,27
4540.0,-51362429#1,5
4540.0,-593847703#3,20
4540.0,-E0,19
4540.0,1068440004#1,2
4540.0,263217604#0,3
4540.0,288878926#0,1
4540.0,30620492#0,18
4540.0,30620492#1,5
4540.0,35274074#0,6
4540.0,484988951#0,1
4540.0,49073226#2,12
4540.0,49073264#0,1
4540.0,49073272#3,1
4540.0,506322844#0,6
4540.0,593847703#0,6
4540.0,593847704#0,1
4540.0,593849718#0,2
4540.0,:655375233_4,2
4540.0,:cluster622618015_622618108_622618112_622618144_#2more_37,1
4540.0,:cluster622618015_622618108_622618112_622618144_#2more_39,2
4540.0,:cluster_623980147_623980152_4,1
4560.0,-300077497#5,24
4560.0,-49073264#1,1
4560.0,-51362429#1,11
4560.0,-593847703#3,14
4560.0,-E0,19
4560.0,1068440004#1,2
4560.0,288878926#0,6
4560.0,300077497#0,6
4560.0,30620492#0,18
4560.0,30620492#1,5
4560.0,360018417,2
4560.0,484988951#0,1
4560.0,49073226#2,6
4560.0,506322844#0,8
4560.0,506322846#0,6
4560.0,593847704#0,1
4560.0,593849711#0,1
4560.0,594658757#0,1
4560.0,594658760#0,2
4560.0,:655375233_2,1
4560.0,:655375233_4,1
4560.0,:cluster_2528018119_655375236_19,1
4560.0,:cluster_2528018119_655375236_31,1
4580.0,-300077497#5,16
4580.0,-49073264#1,1
4580.0,-51362429#1,7
4580.0,-593847703#3,19
4580.0,-E0,19
4580.0,1068440004#1,3
4580.0,182334378#0,4
4580.0,186602412#0,4
4580.0,288878926#0,6
4580.0,30620492#0,18
4580.0,30620492#1,5
4580.0,35274074#0,3
4580.0,49073226#2,2
4580.0,506322844#0,8
4580.0,506322846#0,2
4580.0,593847704#0,1
4580.0,594658757#0,1
4580.0,594658760#0,1
4580.0,:655375233_2,1
4580.0,:655375233_4,1
4580.0,:cluster622618015_622618108_622618112_622618144_#2more_49,2
4580.0,:cluster_2038168688_655375573_3,1
4580.0,:cluster_2528018119_655375236_17,1
4580.0,:cluster_3431431575_4777363357_655375231_6982059025_3,2
4580.0,:cluster_623980147_623980152_4,1
4600.0,-300077497#5,17
4600.0,-49073264#1,1
4600.0,-593847703#3,20
4600.0,-E0,15
4600.0,1068440004#1,3
4600.0,182334378#0,4
4600.0,186602412#0,3
4600.0,263217604#0,4
4600.0,288878926#0,12
4600.0,30620492#0,18
4600.0,30620492#1,5
4600.0,35274074#0,1
4600.0,49073226#2,6
4600.0,506322844#0,2
4600.0,506322846#0,2
4600.0,593847704#0,3
4600.0,594658757#0,1
4600.0,594658760#0,1
4600.0,:3086736518_6,2
4600.0,:655375233_2,1
4600.0,:655375233_4,1
4600.0,:655375238_5,1
4600.0,:655375239_5,2
4620.0,-300077497#5,22
4620.0,-300077497#8,1
4620.0,-593847703#3,20
4620.0,-E0,14
4620.0,1068440004#1,3
4620.0,182334378#0,2
4620.0,263217604#0,6
4620.0,288878926#0,12
4620.0,30620492#0,18
4620.0,30620492#1,5
4620.0,35274074#0,1
4620.0,49073226#2,6
4620.0,506322844#0,3
4620.0,593847704#0,5
4620.0,594658757#0,1
4620.0,594658760#0,1
4620.0,:655375233_2,1
4620.0,:655375233_4,1
4620.0,:655375238_5,1
4620.0,:cluster622618015_622618108_622618112_622618144_#2more_17,1
4620.0,:cluster622618015_622618108_622618112_622618144_#2more_37,1
4620.0,:cluster655375336_end_0_655375336_end_1_655375336_end_10_655375336_end_11_#8more_5,1
4620.0,:cluster655375336_end_0_655375336_end_1_655375336_end_10_655375336_end_11_#8more_6,1
4640.0,-300077497#5,24
4640.0,-593847703#3,20
4640.0,-E0,19
4640.0,1068440004#1,3
4640.0,263217604#0,6
4640.0,288878926#0,12
4640.0,30620492#0,18
4640.0,30620492#1,5
4640.0,360018417,1
4640.0,49073226#2,6
4640.0,506322844#0,6
4640.0,51362430,3
4640.0,593849718#0,2
4640.0,594658757#0,1
4640.0,594658760#0,1
4640.0,:655375233_2,1
4640.0,:655375233_4,1
4640.0,:cluster_2038168688_655375573_23,1
4660.0,-300077497#5,23
4660.0,-51362429#1,3
4660.0,-593847703#3,15
4660.0,-E0,19
4660.0,1068440004#1,3
4660.0,186602412#0,1
4660.0,196961377#3,1
4660.0,244450512#4,1
4660.0,288878926#0,6
4660.0,30620492#0,18
4660.0,30620492#1,5
4660.0,49073226#2,10
4660.0,506322844#0,6
4660.0,593847702#0,1
4660.0,593847704#0,1
4660.0,593849711#0,2
4660.0,594658757#0,3
4660.0,594658760#0,3
4660.0,:655375232_8,1
4660.0,:cluster_2528018119_655375236_17,1
4660.0,:cluster_2664674491_655375287_655375288_1,1
4680.0,-300077497#5,19
4680.0,-51362429#1,4
4680.0,-593847703#3,18
4680.0,-E0,19
4680.0,1068440004#1,1
4680.0,182334378#0,2
4680.0,244450512#5,2
4680.0,288878926#0,4
4680.0,30620492#0,18
4680.0,30620492#1,5
4680.0,49073226#2,10
4680.0,506322844#0,6
4680.0,593847702#0,4
4680.0,593847704#0,1
4680.0,594658757#0,3
4680.0,594658760#0,2
4700.0,-300077497#5,25
4700.0,-300077497#8,1
4700.0,-49073264#1,1
4700.0,-51362429#1,4
4700.0,-593847703#3,18
4700.0,-E0,17
4700.0,1068440004#1,1
4700.0,182334378#0,2
4700.0,244450512#5,2
4700.0,263217604#0,1
4700.0,288878926#0,4
4700.0,30620492#0,17
4700.0,30620492#1,4
4700.0,49073226#2,10
4700.0,49073272#3,3
4700.0,506322844#0,2
4700.0,593847704#0,2
4700.0,594658757#0,3
4700.0,594658760#0,2
4700.0,:2749340167_0,1
4700.0,:3086736518_6,1
4700.0,:655375238_5,1
4700.0,:655375239_6,1
4720.0,-300077497#5,27
4720.0,-300077497#8,2
4720.0,-51362429#1,4
4720.0,-593847703#3,18
4720.0,-E0,14
4720.0,1068440004#1,1
4720.0,244450512#5,2
4720.0,263217604#0,2
4720.0,288878926#0,4
4720.0,30620492#0,18
4720.0,30620492#1,5
4720.0,49073226#2,10
4720.0,49073272#1,1
4720.0,49073272#3,3
4720.0,506322844#0,7
4720.0,593847704#0,3
4720.0,594658757#0,3
4720.0,594658760#0,2
4720.0,:cluster622618015_622618108_622618112_622618144_#2more_37,1
4720.0,:cluster622618015_622618108_622618112_622618144_#2more_39,1
4720.0,:cluster622618015_622618108_622618112_622618144_#2more_42,1
4720.0,:cluster655375336_end_0_655375336_end_1_655375336_end_10_655375336_end_11_#8more_39,1
4720.0,:cluster655375336_end_0_655375336_end_1_655375336_end_10_655375336_end_11_#8more_6,1
4740.0,-300077497#5,24
4740.0,-300077497#8,2
4740.0,-49073264#1,1
4740.0,-51362429#1,4
4740.0,-593847703#3,20
4740.0,-E0,19
4740.0,1068440004#1,1
4740.0,182334378#0,1
4740.0,232003903#0,1
4740.0,288878926#0,2
4740.0,30620492#0,18
4740.0,30620492#1,5
4740.0,360018417,5
4740.0,49073226#2,10
4740.0,506322844#0,7
4740.0,51362430,2
4740.0,593849711#0,2
4740.0,594658757#0,3
4740.0,594658760#0,4
4740.0,:3086736515_0,1
4760.0,-300077497#5,20
4760.0,-49073264#1,2
4760.0,-51362429#1,7
4760.0,-593847703#3,19
4760.0,-E0,19
4760.0,1068440004#1,2
4760.0,196961377#3,1
4760.0,232003903#0,1
4760.0,30620492#0,18
4760.0,30620492#1,5
4760.0,484988951#0,1
4760.0,49073226#2,10
4760.0,506322844#0,7
4760.0,594658757#0,3
4760.0,594658760#0,4
4760.0,:655375232_8,1
4760.0,:655375233_4,1
4760.0,:cluster622618015_622618108_622618112_622618144_#2more_49,3
4760.0,:cluster_2528018119_655375236_17,2
4760.0,:cluster_3431431575_4777363357_655375231_6982059025_7,1
4780.0,-300077497#5,21
4780.0,-300077497#8,1
4780.0,-49073264#1,2
4780.0,-51362429#1,8
4780.0,-593847703#3,21
4780.0,-E0,19
4780.0,232003903#0,1
4780.0,263217604#0,2
4780.0,288878926#0,3
4780.0,30620492#0,18
4780.0,30620492#1,5
4780.0,49073226#2,8
4780.0,506322844#0,2
4780.0,593847702#0,2
4780.0,594658757#0,3
4780.0,594658760#0,3
4780.0,:655375233_8,1
4780.0,:655375238_5,1
4780.0,:655375239_5,1
4780.0,:cluster_3431431575_4777363357_655375231_6982059025_3,1
4780.0,:cluster_623980147_623980152_4,1
4800.0,-300077497#5,27
4800.0,-300077497#8,3
4800.0,-51362429#1,4
4800.0,-593847703#3,21
4800.0,-E0,18
4800.0,232003903#0,1
4800.0,263217604#0,2
4800.0,288878926#0,10
4800.0,30620492#0,18
4800.0,30620492#1,5
4800.0,49073226#2,5
4800.0,49073272#3,2
4800.0,506322844#0,3
4800.0,593847702#0,1
4800.0,594658757#0,3
4800.0,594658760#0,3
4800.0,:3086736518_6,1
4800.0,:cluster622618015_622618108_622618112_622618144_#2more_17,2
4800.0,:cluster_3431431575_4777363357_655375231_6982059025_3,2
4820.0,-300077497#5,27
4820.0,-300077497#8,3
4820.0,-593847703#3,21
4820.0,-E0,13
4820.0,263217604#0,2
4820.0,288878926#0,13
4820.0,30620492#0,18
4820.0,30620492#1,5
4820.0,360018417,1
4820.0,49073226#2,8
4820.0,506322844#0,9
4820.0,51362430,1
4820.0,593847702#0,1
4820.0,593847704#0,5
4820.0,593849718#0,1
4820.0,594658757#0,3
4820.0,594658760#0,3
4820.0,:3208478121_3,1
4840.0,-300077497#5,27
4840.0,-300077497#8,3
4840.0,-593847703#3,21
4840.0,-E0,19
4840.0,196961377#3,2
4840.0,244450512#4,1
4840.0,288878926#0,7
4840.0,30620492#0,18
4840.0,30620492#1,5
4840.0,49073226#2,9
4840.0,506322844#0,10
4840.0,593847702#0,1
4840.0,593847704#0,5
4840.0,593849711#0,1
4840.0,594658757#0,3
4840.0,594658760#0,4
4860.0,-300077497#5,27
4860.0,-300077497#8,3
4860.0,-51362429#1,1
4860.0,-593847703#3,17
4860.0,-E0,19
4860.0,244450512#5,1
4860.0,288878926#0,5
4860.0,30620492#0,18
4860.0,30620492#1,5
4860.0,49073226#2,9
4860.0,506322844#0,10
4860.0,593847702#0,1
4860.0,593847704#0,5
4860.0,594658757#0,3
4860.0,594658760#0,3
4860.0,:3086736518_4,1
4860.0,:655375232_8,1
4860.0,:655375233_2,1
4860.0,:cluster655375336_end_0_655375336_end_1_655375336_end_10_655375336_end_11_#8more_18,1
4880.0,-300077497#5,27
4880.0,-300077497#8,4
4880.0,-49073264#1,1
4880.0,-51362429#1,3
4880.0,-593847703#3,16
4880.0,-E0,19
4880.0,244450512#5,1
4880.0,263217604#0,6
4880.0,288878926#0,5
4880.0,30620492#0,18
4880.0,30620492#1,5
4880.0,49073226#2,9
4880.0,506322844#0,5
4880.0,593847702#0,1
4880.0,593847704#0,6
4880.0,593852345#0,1
4880.0,594658757#0,2
4880.0,594658760#0,2
4900.0,-300077497#5,27
4900.0,-300077497#8,4
4900.0,-51362429#1,3
4900.0,-593847703#3,16
4900.0,-E0,19
4900.0,196961215#2,1
4900.0,244450512#5,1
4900.0,263217604#0,6
4900.0,288878926#0,5
4900.0,30620492#0,18
4900.0,30620492#1,5
4900.0,49073226#2,9
4900.0,506322844#0,5
4900.0,593847702#0,1
4900.0,593849718#0,3
4900.0,594658757#0,2
4900.0,594658760#0,2
4900.0,:cluster622618015_622618108_622618112_622618144_#2more_37,1
4900.0,:cluster622618015_622618108_622618112_622618144_#2more_39,2
4920.0,-300077497#5,19
4920.0,-300077497#8,4
4920.0,-51362429#1,3
4920.0,-593847703#3,21
4920.0,-E0,14
4920.0,1068440004#1,1
4920.0,182334378#0,1
4920.0,196961215#2,1
4920.0,263217604#0,2
4920.0,288878926#0,3
4920.0,30620492#0,18
4920.0,30620492#1,5
4920.0,360018417,1
4920.0,360843888,1
4920.0,49073226#2,9
4920.0,506322844#0,5
4920.0,51362430,1
4920.0,593847702#0,1
4920.0,593847704#0,5
4920.0,593849711#0,1
4920.0,594658757#0,3
4920.0,594658760#0,2
4920.0,:cluster3086736522_655375108_655375247_655375401_#1more_17,2
4920.0,:cluster_2528018119_655375236_17,1
4940.0,-300077497#5,21
4940.0,-300077497#8,1
4940.0,-51362429#1,3
4940.0,-593847703#3,22
4940.0,-E0,19
4940.0,1068440004#1,1
4940.0,196961215#2,1
4940.0,232003903#0,1
4940.0,30620492#0,18
4940.0,30620492#1,5
4940.0,360843888,5
4940.0,49073226#2,10
4940.0,506322844#0,5
4940.0,593847702#0,1
4940.0,593847704#0,5
4940.0,594658757#0,3
4940.0,594658760#0,2
4940.0,:655375238_5,1
4960.0,-300077497#5,24
4960.0,-300077497#8,1
4960.0,-51362429#1,3
4960.0,-593847703#3,19
4960.0,-E0,19
4960.0,1068440004#1,1
4960.0,196961215#2,1
4960.0,232003903#0,1
4960.0,30620492#0,18
4960.0,30620492#1,5
4960.0,360843888,5
4960.0,49073226#2,10
4960.0,49073272#3,1
4960.0,506322844#0,2
4960.0,593847704#0,5
4960.0,594658757#0,3
4960.0,594658760#0,2
4960.0,:3086736518_4,1
4960.0,:655375233_2,1
4960.0,:655375233_4,1
4960.0,:655375238_5,1
4960.0,:655375239_5,1
4980.0,-300077497#5,27
4980.0,-300077497#8,4
4980.0,-51362429#1,9
4980.0,-593847703#3,14
4980.0,-E0,19
4980.0,196961215#2,1
4980.0,232003903#0,1
4980.0,30620492#0,18
4980.0,30620492#1,5
4980.0,360843888,5
4980.0,49073226#2,10
4980.0,49073272#3,1
4980.0,506322844#0,5
4980.0,593847702#0,1
4980.0,593847704#0,3
4980.0,594658757#0,3
4980.0,594658760#0,2
4980.0,:655375233_8,1
4980.0,:cluster622618015_622618108_622618112_622618144_#2more_39,2
4980.0,:cluster_3431431575_4777363357_655375231_6982059025_3,1
5000.0,-300077497#5,23
5000.0,-300077497#8,4
5000.0,-51362429#1,9
5000.0,-593847703#3,16
5000.0,-E0,19
5000.0,196961215#2,1
5000.0,244450512#4,4
5000.0,244450512#5,1
5000.0,30620492#0,18
5000.0,30620492#1,4
5000.0,360018417,1
5000.0,484988951#0,1
5000.0,49073226#2,10
5000.0,506322844#0,7
5000.0,593847702#0,2
5000.0,594658757#0,3
5000.0,594658760#0,2
5000.0,:3208478121_3,1
5000.0,:cluster_2528018119_655375236_17,1
5000.0,:cluster_2528018119_655375236_19,1
5000.0,:cluster_3431431575_4777363357_655375231_6982059025_3,1
5020.0,-300077497#5,20
5020.0,-300077497#8,4
5020.0,-51362429#1,9
5020.0,-593847703#3,20
5020.0,-E0,13
5020.0,1239087514,1
5020.0,196961377#3,2
5020.0,244450512#4,1
5020.0,244450512#5,3
5020.0,288878926#0,4
5020.0,30620492#0,17
5020.0,30620492#1,5
5020.0,49073226#2,6
5020.0,506322844#0,7
5020.0,593847702#0,2
5020.0,593847704#0,4
5020.0,593849711#0,1
5020.0,594658757#0,3
5020.0,594658760#0,2
5020.0,:3086736518_6,1
5020.0,:3208478128_0,1
5020.0,:cluster_3431431575_4777363357_655375231_6982059025_3,1
5040.0,-300077497#5,24
5040.0,-51362429#1,2
5040.0,-593847703#3,20
5040.0,-E0,17
5040.0,244450512#4,1
5040.0,244450512#5,3
5040.0,288878926#0,9
5040.0,30620492#0,18
5040.0,30620492#1,5
5040.0,49073226#2,6
5040.0,506322844#0,7
5040.0,593847702#0,2
5040.0,593847704#0,7
5040.0,594658757#0,3
5040.0,594658760#0,2
5040.0,:3208478128_0,1
5040.0,:cluster_3431431575_4777363357_655375231_6982059025_3,2
5040.0,:cluster_623980147_623980152_9,1
5060.0,-300077497#5,27
5060.0,-300077497#8,4
5060.0,-593847703#3,18
5060.0,-E0,19
5060.0,244450512#4,1
5060.0,244450512#5,3
5060.0,263217604#0,2
5060.0,288878926#0,13
5060.0,30620492#0,18
5060.0,30620492#1,5
5060.0,49073226#2,7
5060.0,49073272#3,1
5060.0,506322844#0,3
5060.0,593847704#0,7
5060.0,593852345#0,1
5060.0,594658757#0,3
5060.0,594658760#0,2
5060.0,:3208478128_0,1
5060.0,:655375233_2,1
5060.0,:655375233_4,1
5080.0,-300077497#5,27
5080.0,-300077497#8,4
5080.0,-51362429#1,3
5080.0,-593847703#3,14
5080.0,-E0,19
5080.0,196961215#2,1
5080.0,244450512#4,1
5080.0,244450512#5,3
5080.0,263217604#0,2
5080.0,288878926#0,13
5080.0,30620492#0,18
5080.0,30620492#1,5
5080.0,49073226#2,7
5080.0,49073272#3,1
5080.0,506322844#0,5
5080.0,593847702#0,2
5080.0,593847704#0,2
5080.0,593849718#0,3
5080.0,594658757#0,3
5080.0,594658760#0,2
5080.0,:3208478128_0,1
5080.0,:cluster622618015_622618108_622618112_622618144_#2more_39,2
5080.0,:cluster622618015_622618108_622618112_622618144_#2more_42,1
5100.0,-300077497#5,21
5100.0,-300077497#8,4
5100.0,-49073264#1,1
5100.0,-51362429#1,3
5100.0,-593847703#3,19
5100.0,-E0,19
5100.0,1068440004#1,1
5100.0,1239087514,1
5100.0,182334378#0,1
5100.0,196961215#2,1
5100.0,288878926#0,11
5100.0,30620492#0,18
5100.0,30620492#1,5
5100.0,360018417,2
5100.0,360843888,1
5100.0,49073226#2,7
5100.0,506322844#0,5
5100.0,51362430,2
5100.0,593847702#0,2
5100.0,593847704#0,1
5100.0,593849711#0,1
5100.0,594658757#0,3
5100.0,594658760#0,3
5100.0,:656132414_3,1
5120.0,-300077497#5,23
5120.0,-49073264#1,1
5120.0,-51362429#1,3
5120.0,-593847703#3,19
5120.0,-E0,15
5120.0,1068440004#1,1
5120.0,196961215#2,1
5120.0,232003903#0,1
5120.0,288878926#0,5
5120.0,30620492#0,18
5120.0,30620492#1,5
5120.0,360843888,1
5120.0,49073226#2,9
5120.0,506322844#0,5
5120.0,593847702#0,2
5120.0,593847704#0,3
5120.0,594658757#0,3
5120.0,594658760#0,3
5120.0,:3086736518_6,2
5120.0,:655375238_5,2
5120.0,:cluster622618015_622618108_622618112_622618144_#2more_49,2
5120.0,:cluster_3431431575_4777363357_655375231_6982059025_7,2
5140.0,-300077497#5,26
5140.0,-300077497#8,1
5140.0,-49073264#1,1
5140.0,-51362429#1,3
5140.0,-593847703#3,19
5140.0,-E0,15
5140.0,1068440004#1,1
5140.0,196961215#2,1
5140.0,232003903#0,1
5140.0,288878926#0,5
5140.0,30620492#0,18
5140.0,30620492#1,5
5140.0,360843888,1
5140.0,49073226#2,11
5140.0,49073264#0,1
5140.0,506322844#0,2
5140.0,593847704#0,7
5140.0,594658757#0,3
5140.0,594658760#0,3
5140.0,:655375238_5,1
5140.0,:655375239_5,1
5140.0,:cluster622618015_622618108_622618112_622618144_#2more_34,1
5160.0,-300077497#5,27
5160.0,-300077497#8,4
5160.0,-49073264#1,1
5160.0,-51362429#1,3
5160.0,-593847703#3,19
5160.0,-E0,20
5160.0,1068440004#1,2
5160.0,196961215#2,1
5160.0,232003903#0,1
5160.0,263217604#0,2
5160.0,288878926#0,5
5160.0,30620492#0,18
5160.0,30620492#1,5
5160.0,360843888,1
5160.0,49073226#2,11
5160.0,506322844#0,5
5160.0,593847704#0,5
5160.0,594658760#0,1
5160.0,:cluster622618015_622618108_622618112_622618144_#2more_17,2
5160.0,:cluster622618015_622618108_622618112_622618144_#2more_37,1
5160.0,:cluster622618015_622618108_622618112_622618144_#2more_39,1
5160.0,:cluster_2528018119_655375236_25,1
5180.0,-300077497#5,23
5180.0,-300077497#8,4
5180.0,-51362429#1,4
5180.0,-593847703#3,15
5180.0,-E0,20
5180.0,1068440004#1,2
5180.0,196961215#2,1
5180.0,244450512#4,1
5180.0,263217604#0,2
5180.0,288878926#0,5
5180.0,30620492#0,18
5180.0,30620492#1,5
5180.0,360018417,1
5180.0,49073226#2,11
5180.0,506322844#0,5
5180.0,51362430,1
5180.0,593847702#0,3
5180.0,593847704#0,1
5180.0,593849718#0,2
5180.0,594658760#0,1
5180.0,:3086736518_7,1
5180.0,:cluster_2528018119_655375236_17,2
5200.0,-300077497#5,15
5200.0,-300077497#8,4
5200.0,-51362429#1,4
5200.0,-593847703#3,21
5200.0,-E0,20
5200.0,182334378#0,1
5200.0,196961215#2,1
5200.0,196961377#3,1
5200.0,244450512#4,1
5200.0,244450512#5,1
5200.0,30620492#0,18
5200.0,30620492#1,5
5200.0,49073226#2,12
5200.0,506322844#0,5
5200.0,593847702#0,5
5200.0,593847704#0,2
5200.0,593849711#0,1
5200.0,594658760#0,2
5200.0,:cluster_2528018119_655375236_17,1
5200.0,:cluster_2528018119_655375236_31,1
5200.0,:cluster_3208478133_655375293_655375296_9631728504_#1more_10,1
5220.0,-300077497#5,19
5220.0,-51362429#1,4
5220.0,-593847703#3,22
5220.0,-E0,18
5220.0,182334378#0,2
5220.0,196961215#2,1
5220.0,244450512#5,2
5220.0,30620492#0,18
5220.0,30620492#1,5
5220.0,49073226#2,12
5220.0,506322844#0,5
5220.0,593847702#0,5
5220.0,593847704#0,2
5220.0,594658760#0,2
5220.0,:3086736518_6,2
5220.0,:cluster_3431431575_4777363357_655375231_6982059025_7,1
5240.0,-300077497#5,25
5240.0,-300077497#8,1
5240.0,-49073264#1,1
5240.0,-51362429#1,4
5240.0,-593847703#3,22
5240.0,-E0,15
5240.0,182334378#0,2
5240.0,244450512#5,2
5240.0,30620492#0,18
5240.0,30620492#1,5
5240.0,49073226#2,12
5240.0,49073272#3,3
5240.0,506322844#0,2
5240.0,593847704#0,7
5240.0,593852345#0,1
5240.0,:655375239_6,1
5240.0,:cluster655375336_end_0_655375336_end_1_655375336_end_10_655375336_end_11_#8more_17,1
5240.0,:cluster655375336_end_0_655375336_end_1_655375336_end_10_655375336_end_11_#8more_18,1
5240.0,:cluster_623980147_623980152_3,1
5240.0,:cluster_623980147_623980152_9,1
5260.0,-300077497#5,27
5260.0,-300077497#8,1
5260.0,-51362429#1,4
5260.0,-593847703#3,22
5260.0,-E0,19
5260.0,1068440004#1,1
5260.0,182334378#0,2
5260.0,244450512#5,2
5260.0,263217604#0,1
5260.0,288878926#0,8
5260.0,30620492#0,18
5260.0,30620492#1,5
5260.0,49073226#2,5
5260.0,49073272#1,2
5260.0,49073272#3,3
5260.0,506322844#0,5
5260.0,593847704#0,1
5260.0,593849718#0,1
5260.0,593852345#0,1
5260.0,:cluster622618015_622618108_622618112_622618144_#2more_39,3
5260.0,:cluster_623980147_623980152_4,1
5280.0,-300077497#5,20
5280.0,-300077497#8,1
5280.0,-51362429#1,5
5280.0,-593847703#3,20
5280.0,-E0,19
5280.0,1068440004#1,1
5280.0,182334378#0,4
5280.0,288878926#0,11
5280.0,30620492#0,18
5280.0,30620492#1,5
5280.0,360018417,5
5280.0,360843888,1
5280.0,49073226#2,1
5280.0,506322844#0,5
5280.0,51362430,2
5280.0,593849711#0,2
5280.0,593852345#0,1
5280.0,:655375232_8,1
5280.0,:655375233_2,2
5280.0,:cluster_2528018119_655375236_17,1
5280.0,:cluster_3431431575_4777363357_655375231_6982059025_3,2
5300.0,-300077497#5,19
5300.0,-593847703#3,22
5300.0,-E0,19
5300.0,182334378#0,4
5300.0,196961377#3,3
5300.0,288878926#0,8
5300.0,30620492#0,18
5300.0,30620492#1,5
5300.0,360843888,1
5300.0,49073226#2,6
5300.0,506322844#0,5
5300.0,593847702#0,3
5300.0,593852345#0,1
5300.0,:cluster622618015_622618108_622618112_622618144_#2more_49,2
5300.0,:cluster_2528018119_655375236_17,1
5300.0,:cluster_3431431575_4777363357_655375231_6982059025_7,2
5320.0,-300077497#5,20
5320.0,-300077497#8,1
5320.0,-593847703#3,23
5320.0,-E0,18
5320.0,182334378#0,4
5320.0,196961215#2,1
5320.0,196961377#3,1
5320.0,263217604#0,1
5320.0,288878926#0,8
5320.0,30620492#0,17
5320.0,30620492#1,5
5320.0,360843888,1
5320.0,49073226#2,8
5320.0,49073272#1,2
5320.0,49073272#3,1
5320.0,506322844#0,2
5320.0,:3086736518_6,1
5320.0,:655375238_5,1
5320.0,:655375239_5,1
5340.0,-300077497#5,27
5340.0,-300077497#8,1
5340.0,-593847703#3,23
5340.0,-E0,13
5340.0,182334378#0,4
5340.0,196961215#2,1
5340.0,196961377#3,1
5340.0,263217604#0,2
5340.0,288878926#0,8
5340.0,30620492#0,18
5340.0,30620492#1,5
5340.0,360843888,1
5340.0,49073226#2,8
5340.0,49073272#3,3
5340.0,506322844#0,3
5340.0,593847704#0,5
5340.0,:cluster622618015_622618108_622618112_622618144_#2more_39,1
5360.0,-300077497#5,25
5360.0,-300077497#8,1
5360.0,-593847703#3,24
5360.0,-E0,19
5360.0,182334378#0,5
5360.0,196961215#2,1
5360.0,196961377#3,1
5360.0,244450512#5,1
5360.0,263217604#0,2
5360.0,288878926#0,8
5360.0,30620492#0,18
5360.0,30620492#1,5
5360.0,360018417,1
5360.0,49073226#2,8
5360.0,49073272#3,1
5360.0,506322844#0,7
5360.0,593849718#0,3
5360.0,:3208478121_3,1
5380.0,-300077497#5,20
5380.0,-300077497#8,1
5380.0,-51362429#1,1
5380.0,-593847703#3,22
5380.0,-E0,19
5380.0,182334378#0,6
5380.0,196961215#2,1
5380.0,196961377#3,3
5380.0,244450512#5,1
5380.0,288878926#0,2
5380.0,30620492#0,18
5380.0,30620492#1,5
5380.0,49073226#2,8
5380.0,506322844#0,7
5380.0,593849711#0,1
5380.0,594658760#0,2
5380.0,:3086736518_4,1
5380.0,:655375232_8,1
5380.0,:655375233_4,2
5380.0,:cluster622618015_622618108_622618112_622618144_#2more_0,1
5380.0,:cluster622618015_622618108_622618112_622618144_#2more_26,1
5380.0,:cluster_2528018119_655375236_17,1
5400.0,-300077497#5,21
5400.0,-51362429#1,6
5400.0,-593847703#3,21
5400.0,-E0,19
5400.0,182334378#0,6
5400.0,196961215#2,1
5400.0,244450512#5,1
5400.0,30620492#0,18
5400.0,30620492#1,5
5400.0,49073226#2,9
5400.0,506322844#0,7
5400.0,593849711#0,2
5400.0,594658760#0,2
5420.0,-300077497#5,26
5420.0,-300077497#8,1
5420.0,-51362429#1,6
5420.0,-593847703#3,21
5420.0,-E0,19
5420.0,182334378#0,6
5420.0,196961215#2,1
5420.0,244450512#5,1
5420.0,263217604#0,2
5420.0,30620492#0,18
5420.0,30620492#1,5
5420.0,49073226#2,9
5420.0,506322844#0,2
5420.0,594658760#0,2
5420.0,:655375238_5,1
5420.0,:655375239_5,1
5440.0,-300077497#5,27
5440.0,-300077497#8,4
5440.0,-51362429#1,6
5440.0,-593847703#3,21
5440.0,-E0,14
5440.0,182334378#0,6
5440.0,196961215#2,1
5440.0,244450512#5,1
5440.0,263217604#0,2
5440.0,30620492#0,18
5440.0,30620492#1,5
5440.0,49073226#2,9
5440.0,506322844#0,4
5440.0,593847704#0,4
5440.0,594658760#0,2
5440.0,:cluster622618015_622618108_622618112_622618144_#2more_39,1
5460.0,-300077497#5,21
5460.0,-300077497#8,4
5460.0,-51362429#1,6
5460.0,-593847703#3,26
5460.0,-E0,19
5460.0,182334378#0,2
5460.0,196961215#2,1
5460.0,232003903#0,2
5460.0,30620492#0,17
5460.0,30620492#1,5
5460.0,360843888,1
5460.0,49073226#2,9
5460.0,506322844#0,5
5460.0,51362430,1
5460.0,593847704#0,1
5460.0,594658757#0,1
5460.0,594658760#0,2
5460.0,:cluster655375336_end_0_655375336_end_1_655375336_end_10_655375336_end_11_#8more_6,1
5480.0,-300077497#5,22
5480.0,-300077497#8,1
5480.0,-51362429#1,5
5480.0,-593847703#3,23
5480.0,-E0,19
5480.0,182334378#0,2
5480.0,232003903#0,2
5480.0,288878926#0,3
5480.0,30620492#0,18
5480.0,30620492#1,5
5480.0,360843888,1
5480.0,49073226#2,7
5480.0,506322844#0,5
5480.0,593847704#0,1
5480.0,594658757#0,1
5480.0,594658760#0,2
5480.0,:3086736518_4,1
5480.0,:655375233_4,2
5480.0,:655375238_5,1
5480.0,:cluster655375336_end_0_655375336_end_1_655375336_end_10_655375336_end_11_#8more_6,1
5480.0,:cluster_2528018119_655375236_17,1
5480.0,:cluster_3431431575_4777363357_655375231_6982059025_3,1
5480.0,:cluster_623980147_623980152_9,1
5500.0,-300077497#5,25
5500.0,-300077497#8,1
5500.0,-51362429#1,5
5500.0,-593847703#3,21
5500.0,-E0,19
5500.0,182334378#0,2
5500.0,232003903#0,2
5500.0,288878926#0,10
5500.0,30620492#0,18
5500.0,30620492#1,5
5500.0,360843888,1
5500.0,49073226#2,5
5500.0,506322844#0,1
5500.0,593847704#0,1
5500.0,594658757#0,1
5500.0,594658760#0,2
5500.0,:655375233_4,1
5500.0,:655375238_5,1
5500.0,:655375239_5,1
5500.0,:cluster655375336_end_0_655375336_end_1_655375336_end_10_655375336_end_11_#8more_6,1
5500.0,:cluster_3431431575_4777363357_655375231_6982059025_3,2
5520.0,-300077497#5,27
5520.0,-300077497#8,2
5520.0,-51362429#1,2
5520.0,-593847703#3,21
5520.0,-E0,19
5520.0,1068440004#1,1
5520.0,182334378#0,2
5520.0,232003903#0,2
5520.0,288878926#0,13
5520.0,30620492#0,18
5520.0,30620492#1,5
5520.0,360843888,1
5520.0,49073226#2,6
5520.0,594658760#0,2
5520.0,:655375233_4,1
5520.0,:cluster622618015_622618108_622618112_622618144_#2more_39,1
5520.0,:cluster655375336_end_0_655375336_end_1_655375336_end_10_655375336_end_11_#8more_6,1
5520.0,:cluster_3431431575_4777363357_655375231_6982059025_3,1
5540.0,-300077497#5,24
5540.0,-300077497#8,2
5540.0,-51362429#1,2
5540.0,-593847703#3,22
5540.0,-E0,13
5540.0,1068440004#1,1
5540.0,182334378#0,3
5540.0,244450512#4,1
5540.0,288878926#0,13
5540.0,30620492#0,18
5540.0,30620492#1,3
5540.0,49073226#2,7
5540.0,51362430,3
5540.0,593847704#0,4
5540.0,594658760#0,2
5540.0,:3086736518_6,1
5540.0,:655375233_4,1
5540.0,:cluster_2528018119_655375236_17,1
5540.0,:cluster_9383263990_9383263991_9383263992_9383263993_13,2
5560.0,-300077497#5,21
5560.0,-300077497#8,2
5560.0,-51362429#1,2
5560.0,-593847703#3,24
5560.0,-E0,17
5560.0,1068440004#1,1
5560.0,182334378#0,5
5560.0,244450512#5,1
5560.0,288878926#0,7
5560.0,30620492#0,12
5560.0,30620492#1,5
5560.0,49073226#2,10
5560.0,506322844#0,6
5560.0,593847704#0,5
5560.0,593849711#0,1
5560.0,:655375233_4,1
5560.0,:cluster622618015_622618108_622618112_622618144_#2more_0,1
5580.0,-300077497#5,23
5580.0,-51362429#1,2
5580.0,-593847703#3,22
5580.0,-E0,19
5580.0,1068440004#1,1
5580.0,182334378#0,2
5580.0,232003903#0,1
5580.0,244450512#5,1
5580.0,288878926#0,6
5580.0,30620492#0,18
5580.0,30620492#1,5
5580.0,49073226#2,10
5580.0,506322844#0,6
5580.0,51362430,1
5580.0,593847704#0,5
5580.0,:3086736518_4,1
5580.0,:655375233_4,2
5580.0,:cluster655375336_end_0_655375336_end_1_655375336_end_10_655375336_end_11_#8more_6,1
5600.0,-300077497#5,26
5600.0,-51362429#1,6
5600.0,-593847703#3,19
5600.0,-E0,19
5600.0,1068440004#1,1
5600.0,1239087514,1
5600.0,182334378#0,1
5600.0,244450512#5,1
5600.0,263217604#0,3
5600.0,288878926#0,6
5600.0,30620492#0,18
5600.0,30620492#1,5
5600.0,484988951#0,1
5600.0,49073226#2,11
5600.0,51362430,1
5600.0,593847702#0,2
5600.0,593847704#0,5
5620.0,-300077497#5,26
5620.0,-51362429#1,6
5620.0,-593847703#3,19
5620.0,-E0,19
5620.0,182334378#0,1
5620.0,244450512#5,1
5620.0,263217604#0,3
5620.0,288878926#0,6
5620.0,30620492#0,18
5620.0,30620492#1,5
5620.0,484988951#0,1
5620.0,49073226#2,13
5620.0,49073272#1,2
5620.0,49073272#3,1
5620.0,593847702#0,3
5620.0,593849718#0,1
5620.0,:cluster622618015_622618108_622618112_622618144_#2more_39,1
5640.0,-300077497#5,25
5640.0,-51362429#1,6
5640.0,-593847703#3,20
5640.0,-E0,15
5640.0,182334378#0,1
5640.0,288878926#0,4
5640.0,30620492#0,14
5640.0,30620492#1,4
5640.0,360018417,3
5640.0,360843888,1
5640.0,484988951#0,1
5640.0,49073226#2,13
5640.0,506322842#0,1
5640.0,506322844#0,3
5640.0,51362430,1
5640.0,593847702#0,3
5640.0,593847704#0,2
5640.0,593849711#0,2
5640.0,594658760#0,2
5640.0,:3086736518_6,2
5640.0,:cluster_9383263990_9383263991_9383263992_9383263993_13,1
5660.0,-300077497#5,24
5660.0,-51362429#1,6
5660.0,-593847703#3,20
5660.0,-E0,15
5660.0,30620492#0,14
5660.0,30620492#1,4
5660.0,360843888,1
5660.0,484988951#0,2
5660.0,49073226#2,13
5660.0,506322842#0,1
5660.0,506322844#0,6
5660.0,593847702#0,3
5660.0,593847704#0,6
5660.0,593849711#0,1
5660.0,594658760#0,2
5660.0,:2749340167_0,1
5660.0,:cluster622618015_622618108_622618112_622618144_#2more_49,2
5660.0,:cluster_2528018119_655375236_17,1
5680.0,-300077497#5,25
5680.0,-300077497#8,1
5680.0,-51362429#1,6
5680.0,-593847703#3,21
5680.0,-E0,19
5680.0,263217604#0,1
5680.0,30620492#0,17
5680.0,30620492#1,5
5680.0,360843888,1
5680.0,484988951#0,2
5680.0,49073226#2,13
5680.0,49073264#0,1
5680.0,49073272#1,2
5680.0,506322844#0,1
5680.0,506322846#0,1
5680.0,593847704#0,6
5680.0,594658760#0,2
5680.0,:655375238_5,1
5680.0,:655375239_5,1
5700.0,-300077497#5,27
5700.0,-300077497#8,1
5700.0,-51362429#1,10
5700.0,-593847703#3,16
5700.0,-E0,19
5700.0,263217604#0,2
5700.0,288135626#0,1
5700.0,30620492#0,18
5700.0,30620492#1,5
5700.0,360843888,1
5700.0,484988951#0,2
5700.0,49073226#2,13
5700.0,49073272#3,2
5700.0,593847704#0,4
5700.0,594658760#0,2
5700.0,:655375233_4,1
5700.0,:cluster622618015_622618108_622618112_622618144_#2more_17,1
5700.0,:cluster622618015_622618108_622618112_622618144_#2more_39,2
5720.0,-300077497#5,23
5720.0,-300077497#8,1
5720.0,-51362429#1,10
5720.0,-593847703#3,18
5720.0,-E0,19
5720.0,1068234499#0,1
5720.0,263217604#0,2
5720.0,288878926#0,4
5720.0,30620492#0,18
5720.0,30620492#1,3
5720.0,360018417,1
5720.0,484988951#0,1
5720.0,49073226#2,9
5720.0,593849718#0,2
5720.0,594658760#0,2
5720.0,:3208478121_3,1
5720.0,:3208478128_0,1
5720.0,:655375233_4,1
5720.0,:cluster_2528018119_655375236_17,2
5720.0,:cluster_623980147_623980152_9,1
5720.0,:cluster_9383263990_9383263991_9383263992_9383263993_13,2
5740.0,-300077497#5,21
5740.0,-300077497#8,1
5740.0,-51362429#1,7
5740.0,-593847703#3,22
5740.0,-E0,17
5740.0,1068234499#0,1
5740.0,196961377#3,2
5740.0,244450512#5,1
5740.0,288878926#0,5
5740.0,30620492#0,12
5740.0,30620492#1,5
5740.0,49073226#2,4
5740.0,506322842#0,1
5740.0,506322844#0,5
5740.0,593849711#0,2
5740.0,594658760#0,4
5740.0,:3086736518_6,2
5740.0,:655375233_4,1
5740.0,:cluster_3431431575_4777363357_655375231_6982059025_3,2
5740.0,:cluster_623980147_623980152_4,1
5760.0,-300077497#5,22
5760.0,-593847703#3,22
5760.0,-E0,15
5760.0,1068234499#0,1
5760.0,244450512#5,1
5760.0,288878926#0,10
5760.0,30620492#0,17
5760.0,30620492#1,5
5760.0,49073226#2,5
5760.0,506322842#0,1
5760.0,506322844#0,6
5760.0,593847704#0,5
5760.0,594658760#0,4
5760.0,:655375233_4,1
5760.0,:cluster_3431431575_4777363357_655375231_6982059025_3,2
5780.0,-300077497#5,25
5780.0,-593847703#3,23
5780.0,-E0,19
5780.0,244450512#5,1
5780.0,263217604#0,3
5780.0,288878926#0,12
5780.0,30620492#0,18
5780.0,30620492#1,5
5780.0,49073226#2,5
5780.0,593847704#0,5
5780.0,594658760#0,4
5780.0,:655375233_4,1
5780.0,:655375238_2,1
5800.0,-300077497#5,26
5800.0,-51362429#1,2
5800.0,-593847703#3,18
5800.0,-E0,19
5800.0,244450512#5,1
5800.0,263217604#0,3
5800.0,288878926#0,12
5800.0,30620492#0,18
5800.0,30620492#1,5
5800.0,49073226#2,5
5800.0,49073272#1,1
5800.0,593849718#0,2
5800.0,594658760#0,4
5800.0,:3086736518_4,1
5800.0,:655375232_8,1
5800.0,:cluster622618015_622618108_622618112_622618144_#2more_39,1
5800.0,:cluster_3431431575_4777363357_655375231_6982059025_3,2
5820.0,-300077497#5,24
5820.0,-51362429#1,4
5820.0,-593847703#3,20
5820.0,-E0,19
5820.0,288878926#0,10
5820.0,30620492#0,14
5820.0,30620492#1,3
5820.0,360018417,1
5820.0,49073226#2,7
5820.0,506322842#0,1
5820.0,506322844#0,3
5820.0,593844221#0,1
5820.0,593849711#0,1
5820.0,594658757#0,1
5820.0,594658760#0,6
5820.0,:2749340167_0,1
5820.0,:cluster_9383263990_9383263991_9383263992_9383263993_13,1
5840.0,-300077497#5,23
5840.0,-51362429#1,4
5840.0,-593847703#3,20
5840.0,-E0,18
5840.0,288878926#0,4
5840.0,30620492#0,15
5840.0,30620492#1,4
5840.0,49073226#2,7
5840.0,506322842#0,1
5840.0,506322844#0,5
5840.0,593844221#0,1
5840.0,594658757#0,1
5840.0,594658760#0,6
5840.0,:3086736518_6,1
5840.0,:cluster622618015_622618108_622618112_622618144_#2more_49,1
5840.0,:cluster_2528018119_655375236_17,1
5840.0,:cluster_9383263990_9383263991_9383263992_9383263993_13,1
5860.0,-300077497#5,24
5860.0,-300077497#8,1
5860.0,-51362429#1,4
5860.0,-593847703#3,21
5860.0,-E0,13
5860.0,263217604#0,1
5860.0,288878926#0,4
5860.0,30620492#0,16
5860.0,30620492#1,5
5860.0,49073226#2,7
5860.0,506322844#0,1
5860.0,506322846#0,2
5860.0,593847704#0,6
5860.0,594658757#0,1
5860.0,594658760#0,6
5860.0,:655375238_5,1
5860.0,:655375239_5,1
5860.0,:cluster655375336_end_0_655375336_end_1_655375336_end_10_655375336_end_11_#8more_30,1
5880.0,-300077497#5,27
5880.0,-300077497#8,1
5880.0,-51362429#1,4
5880.0,-593847703#3,21
5880.0,-E0,19
5880.0,263217604#0,1
5880.0,288135626#0,2
5880.0,288878926#0,4
5880.0,30620492#0,18
5880.0,30620492#1,5
5880.0,49073226#2,7
5880.0,593847704#0,4
5880.0,594658757#0,1
5880.0,594658760#0,6
5880.0,:cluster622618015_622618108_622618112_622618144_#2more_37,1
5880.0,:cluster622618015_622618108_622618112_622618144_#2more_39,1
5900.0,-300077497#5,27
5900.0,-300077497#8,1
5900.0,-51362429#1,5
5900.0,-593847703#3,16
5900.0,-E0,19
5900.0,1068234499#0,2
5900.0,263217604#0,1
5900.0,288878926#0,4
5900.0,30620492#0,18
5900.0,30620492#1,3
5900.0,360018417,1
5900.0,49073226#2,7
5900.0,49073264#0,1
5900.0,593849718#0,1
5900.0,593852345#0,1
5900.0,594658757#0,1
5900.0,594658760#0,6
5900.0,:3086736518_4,1
5900.0,:655375232_8,1
5900.0,:655375233_4,2
5900.0,:cluster_9383263990_9383263991_9383263992_9383263993_13,2
5920.0,-300077497#5,24
5920.0,-300077497#8,1
5920.0,-49073264#1,1
5920.0,-51362429#1,9
5920.0,-593847703#3,16
5920.0,-E0,19
5920.0,1068234499#0,2
5920.0,196961215#2,1
5920.0,196961377#3,1
5920.0,30620492#0,12
5920.0,30620492#1,5
5920.0,49073226#2,7
5920.0,506322842#0,1
5920.0,506322844#0,5
5920.0,594658757#0,2
5920.0,594658760#0,6
5920.0,:cluster_2528018119_655375236_17,2
5940.0,-300077497#5,24
5940.0,-300077497#8,1
5940.0,-49073264#1,1
5940.0,-51362429#1,9
5940.0,-593847703#3,18
5940.0,-E0,19
5940.0,1068234499#0,2
5940.0,196961215#2,1
5940.0,30620492#0,18
5940.0,30620492#1,5
5940.0,49073226#2,7
5940.0,506322842#0,1
5940.0,506322844#0,5
5940.0,594658757#0,2
5940.0,594658760#0,6
5960.0,-300077497#5,27
5960.0,-300077497#8,3
5960.0,-35274074#2,1
5960.0,-49073264#1,1
5960.0,-51362429#1,3
5960.0,-593847703#3,18
5960.0,-E0,14
5960.0,1068234499#0,2
5960.0,288878926#0,7
5960.0,30620492#0,18
5960.0,30620492#1,5
5960.0,49073226#2,4
5960.0,593847704#0,4
5960.0,594658757#0,2
5960.0,594658760#0,5
5960.0,:cluster_3431431575_4777363357_655375231_6982059025_3,2
5960.0,:cluster_623980147_623980152_9,1
5980.0,-300077497#5,27
5980.0,-300077497#8,3
5980.0,-35274074#2,1
5980.0,-593847703#3,19
5980.0,-E0,19
5980.0,288878926#0,13
5980.0,30620492#0,18
5980.0,30620492#1,5
5980.0,49073226#2,4
5980.0,593849718#0,3
5980.0,594658757#0,2
5980.0,594658760#0,5
5980.0,:cluster622618015_622618108_622618112_622618144_#2more_39,1
5980.0,:cluster655375336_end_0_655375336_end_1_655375336_end_10_655375336_end_11_#8more_5,1
6000.0,-300077497#5,21
6000.0,-300077497#8,3
6000.0,-35274074#2,1
6000.0,-593847703#3,22
6000.0,-E0,20
6000.0,288878926#0,11
6000.0,30620492#0,14
6000.0,30620492#1,4
6000.0,49073226#2,4
6000.0,506322844#0,5
6000.0,593849711#0,1
6000.0,594658757#0,2
6000.0,594658760#0,5
6000.0,:3086736518_3,1
6000.0,:655375233_4,2
6020.0,-300077497#5,21
6020.0,-35274074#2,1
6020.0,-51362429#1,1
6020.0,-593847703#3,20
6020.0,-E0,20
6020.0,288878926#0,5
6020.0,30620492#0,16
6020.0,30620492#1,3
6020.0,49073226#2,7
6020.0,506322844#0,5
6020.0,593847704#0,2
6020.0,594658757#0,2
6020.0,594658760#0,5
6020.0,:655375238_5,1
6020.0,:cluster_2528018119_655375236_31,1
6020.0,:cluster_9383263990_9383263991_9383263992_9383263993_10,1
6020.0,:cluster_9383263990_9383263991_9383263992_9383263993_13,1
6040.0,-300077497#5,23
6040.0,-300077497#8,1
6040.0,-51362429#1,1
6040.0,-593847703#3,20
6040.0,-E0,20
6040.0,232003903#0,1
6040.0,263217604#0,2
6040.0,288878926#0,5
6040.0,30620492#0,16
6040.0,30620492#1,5
6040.0,49073226#2,7
6040.0,506322844#0,1
6040.0,506322846#0,1
6040.0,593847704#0,2
6040.0,594658757#0,2
6040.0,594658760#0,5
6040.0,:655375238_5,1
6040.0,:655375239_5,1
6060.0,-300077497#5,27
6060.0,-51362429#1,1
6060.0,-593847703#3,20
6060.0,-E0,14
6060.0,232003903#0,1
6060.0,263217604#0,2
6060.0,288135626#0,1
6060.0,288878926#0,5
6060.0,30620492#0,18
6060.0,30620492#1,5
6060.0,49073226#2,7
6060.0,593847704#0,4
6060.0,594658757#0,2
6060.0,594658760#0,5
6060.0,:3086736518_6,2
6060.0,:cluster622618015_622618108_622618112_622618144_#2more_37,2
6080.0,-300077497#5,23
6080.0,-51362429#1,1
6080.0,-593847703#3,22
6080.0,-E0,16
6080.0,1068234499#0,1
6080.0,263217604#0,2
6080.0,288878926#0,5
6080.0,30620492#0,18
6080.0,30620492#1,3
6080.0,360018417,1
6080.0,49073226#2,7
6080.0,506322844#0,1
6080.0,51362430,1
6080.0,593849718#0,4
6080.0,594658757#0,1
6080.0,594658760#0,4
6080.0,:3208478121_3,1
6080.0,:cluster622618015_622618108_622618112_622618144_#2more_39,1
6080.0,:cluster655375336_end_0_655375336_end_1_655375336_end_10_655375336_end_11_#8more_17,1
6080.0,:cluster_2528018119_655375236_17,2
6080.0,:cluster_9383263990_9383263991_9383263992_9383263993_13,1
6100.0,-300077497#5,14
6100.0,-51362429#1,1
6100.0,-593847703#3,29
6100.0,-E0,19
6100.0,1068234499#0,1
6100.0,196961377#3,2
6100.0,30620492#0,13
6100.0,30620492#1,5
6100.0,49073226#2,8
6100.0,506322844#0,5
6100.0,593849711#0,1
6100.0,594658757#0,2
6100.0,594658760#0,5
6100.0,:655375233_4,2
6100.0,:cluster_2528018119_655375236_17,2
6120.0,-300077497#5,13
6120.0,-51362429#1,6
6120.0,-593847703#3,25
6120.0,-E0,19
6120.0,1068234499#0,1
6120.0,30620492#0,18
6120.0,30620492#1,5
6120.0,49073226#2,8
6120.0,506322844#0,5
6120.0,593847702#0,2
6120.0,594658757#0,2
6120.0,594658760#0,5
6120.0,:3086736518_4,1
6140.0,-300077497#5,18
6140.0,-49073264#1,1
6140.0,-51362429#1,6
6140.0,-593847703#3,26
6140.0,-E0,19
6140.0,30620492#0,18
6140.0,30620492#1,5
6140.0,49073226#2,8
6140.0,49073272#3,1
6140.0,594658757#0,2
6140.0,594658760#0,5
6140.0,:3086736518_4,1
6160.0,-300077497#5,18
6160.0,-51362429#1,6
6160.0,-593847703#3,26
6160.0,-E0,17
6160.0,30620492#0,18
6160.0,30620492#1,5
6160.0,49073226#2,8
6160.0,49073272#3,1
6160.0,594658757#0,2
6160.0,594658760#0,5
6160.0,:3086736518_4,1
6160.0,:3086736518_6,2
6180.0,-300077497#5,10
6180.0,-51362429#1,6
6180.0,-593847703#3,32
6180.0,-E0,19
6180.0,288878926#0,2
6180.0,30620492#0,14
6180.0,30620492#1,3
6180.0,360018417,1
6180.0,49073226#2,6
6180.0,506322844#0,5
6180.0,594658757#0,2
6180.0,594658760#0,5
6180.0,:3086736518_4,1
6180.0,:3086736518_6,2
6180.0,:cluster_2528018119_655375236_17,2
6180.0,:cluster_9383263990_9383263991_9383263992_9383263993_21,1
6200.0,-300077497#5,9
6200.0,-593847703#3,35
6200.0,-E0,19
6200.0,288878926#0,5
6200.0,30620492#0,15
6200.0,30620492#1,5
6200.0,49073226#2,4
6200.0,506322842#0,1
6200.0,506322844#0,5
6200.0,594658757#0,2
6200.0,594658760#0,5
6200.0,:3086736518_4,1
6200.0,:3086736518_6,2
6200.0,:cluster622618015_622618108_622618112_622618144_#2more_49,1
6200.0,:cluster_3431431575_4777363357_655375231_6982059025_3,1
6200.0,:cluster_623980147_623980152_9,1
6220.0,-300077497#5,10
6220.0,-300077497#8,1
6220.0,-35274074#2,1
6220.0,-51362429#1,3
6220.0,-593847703#3,29
6220.0,-E0,19
6220.0,263217604#0,2
6220.0,288878926#0,11
6220.0,30620492#0,16
6220.0,30620492#1,5
6220.0,506322844#0,1
6220.0,593847702#0,1
6220.0,593847704#0,2
6220.0,594658757#0,2
6220.0,594658760#0,5
6220.0,:3086736518_4,1
6220.0,:655375232_8,1
6220.0,:655375238_5,1
6220.0,:655375239_5,1
6240.0,-300077497#5,15
6240.0,-49073264#1,1
6240.0,-593847703#3,29
6240.0,-E0,19
6240.0,263217604#0,2
6240.0,288878926#0,11
6240.0,30620492#0,18
6240.0,30620492#1,5
6240.0,49073226#2,4
6240.0,594658757#0,2
6240.0,594658760#0,5
6240.0,:cluster622618015_622618108_622618112_622618144_#2more_39,2
6240.0,:cluster_3431431575_4777363357_655375231_6982059025_3,1
6260.0,-300077497#5,11
6260.0,-593847703#3,31
6260.0,-E0,17
6260.0,263217604#0,2
6260.0,288878926#0,11
6260.0,30620492#0,18
6260.0,30620492#1,3
6260.0,49073226#2,5
6260.0,593847704#0,1
6260.0,594658757#0,2
6260.0,594658760#0,5
6260.0,:cluster_2528018119_655375236_17,1
6260.0,:cluster_2528018119_655375236_19,1
6260.0,:cluster_9383263990_9383263991_9383263992_9383263993_13,2
6280.0,-300077497#5,8
6280.0,-593847703#3,35
6280.0,-E0,14
6280.0,182334378#0,1
6280.0,288878926#0,5
6280.0,30620492#0,12
6280.0,30620492#1,5
6280.0,49073226#2,5
6280.0,506322842#0,1
6280.0,506322844#0,5
6280.0,593847704#0,5
6280.0,593849711#0,1
6280.0,594658757#0,2
6280.0,594658760#0,7
6300.0,-300077497#5,8
6300.0,-593847703#3,35
6300.0,-E0,20
6300.0,182334378#0,1
6300.0,288878926#0,3
6300.0,30620492#0,17
6300.0,30620492#1,5
6300.0,49073226#2,5
6300.0,506322842#0,1
6300.0,506322844#0,6
6300.0,593847704#0,5
6300.0,594658760#0,5
6320.0,-300077497#5,12
6320.0,-51362429#1,1
6320.0,-593847703#3,23
6320.0,-593847705,1
6320.0,-E0,20
6320.0,182334378#0,1
6320.0,263217604#0,2
6320.0,288878926#0,3
6320.0,30620492#0,18
6320.0,30620492#1,5
6320.0,49073226#2,5
6320.0,506322846#2,1
6320.0,593847702#0,2
6320.0,593847704#0,6
6320.0,594658760#0,5
6320.0,:655375233_4,3
6340.0,-300077497#5,12
6340.0,-593847703#3,23
6340.0,-E0,20
6340.0,1068234499#0,1
6340.0,182334378#0,1
6340.0,263217604#0,2
6340.0,288878926#0,3
6340.0,30620492#0,18
6340.0,30620492#1,5
6340.0,49073226#2,7
6340.0,593847702#0,2
6340.0,593847704#0,1
6340.0,593849718#0,3
6340.0,594658760#0,5
6340.0,:cluster622618015_622618108_622618112_622618144_#2more_39,2
6340.0,:cluster622618015_622618108_622618112_622618144_#2more_42,1
6360.0,-300077497#5,4
6360.0,-49073264#1,1
6360.0,-593847703#3,28
6360.0,-E0,19
6360.0,1068234499#0,1
6360.0,182334378#0,2
6360.0,196961215#2,1
6360.0,288878926#0,1
6360.0,30620492#0,14
6360.0,30620492#1,4
6360.0,49073226#2,7
6360.0,506322842#0,1
6360.0,506322844#0,3
6360.0,593847702#0,2
6360.0,593849711#0,2
6360.0,594658757#0,1
6360.0,594658760#0,6
6360.0,:3086736518_6,1
6360.0,:cluster_2528018119_655375236_17,1
6360.0,:cluster_2528018119_655375236_31,1
6360.0,:cluster_9383263990_9383263991_9383263992_9383263993_13,1
6380.0,-49073264#1,1
6380.0,-593847703#3,33
6380.0,-E0,14
6380.0,1068234499#0,1
6380.0,182334378#0,3
6380.0,196961215#2,1
6380.0,30620492#0,15
6380.0,30620492#1,4
6380.0,49073226#2,7
6380.0,506322842#0,1
6380.0,506322844#0,5
6380.0,593847702#0,2
6380.0,593847704#0,5
6380.0,594658757#0,1
6380.0,594658760#0,6
6380.0,:cluster_9383263990_9383263991_9383263992_9383263993_13,1
6400.0,-35274074#2,2
6400.0,-49073264#1,1
6400.0,-593847703#3,34
6400.0,-E0,19
6400.0,182334378#0,2
6400.0,196961215#2,1
6400.0,263217604#0,3
6400.0,30620492#0,16
6400.0,30620492#1,5
6400.0,49073226#2,7
6400.0,49073264#0,1
6400.0,506322844#0,1
6400.0,593847704#0,5
6400.0,594658760#0,5
6400.0,:655375239_5,2
6400.0,:cluster622618015_622618108_622618112_622618144_#2more_34,1
6420.0,-300077497#5,5
6420.0,-49073264#1,2
6420.0,-593847703#3,26
6420.0,-E0,19
6420.0,182334378#0,2
6420.0,263217604#0,3
6420.0,288878926#0,4
6420.0,30620492#0,18
6420.0,30620492#1,5
6420.0,49073226#2,3
6420.0,593847704#0,3
6420.0,594658760#0,5
6420.0,:655375233_4,4
6420.0,:cluster622618015_622618108_622618112_622618144_#2more_17,1
6420.0,:cluster622618015_622618108_622618112_622618144_#2more_39,2
6420.0,:cluster_623980147_623980152_9,1
6440.0,-300077497#5,1
6440.0,-593847703#3,25
6440.0,-E0,19
6440.0,182334378#0,2
6440.0,263217604#0,3
6440.0,288878926#0,8
6440.0,30620492#0,18
6440.0,30620492#1,3
6440.0,506322844#0,1
6440.0,593849718#0,1
6440.0,594658760#0,5
6440.0,:cluster_2528018119_655375236_17,1
6440.0,:cluster_2528018119_655375236_31,1
6440.0,:cluster_9383263990_9383263991_9383263992_9383263993_13,1
6460.0,-593847703#3,27
6460.0,-E0,19
6460.0,182334378#0,3
6460.0,288878926#0,2
6460.0,30620492#0,12
6460.0,30620492#1,5
6460.0,506322842#0,1
6460.0,506322844#0,5
6460.0,593849711#0,1
6460.0,594658757#0,1
6460.0,594658760#0,7
6460.0,:cluster622618015_622618108_622618112_622618144_#2more_0,1
6480.0,-593847703#3,27
6480.0,-E0,13
6480.0,182334378#0,3
6480.0,30620492#0,16
6480.0,30620492#1,3
6480.0,506322842#0,1
6480.0,506322844#0,7
6480.0,593847704#0,4
6480.0,594658757#0,1
6480.0,594658760#0,7
6480.0,:2749340167_0,1
6480.0,:cluster_9383263990_9383263991_9383263992_9383263993_21,1
6500.0,-300077497#5,2
6500.0,-593847703#3,27
6500.0,-E0,18
6500.0,182334378#0,3
6500.0,263217604#0,4
6500.0,30620492#0,16
6500.0,30620492#1,5
6500.0,506322846#0,1
6500.0,506322846#2,1
6500.0,593847704#0,4
6500.0,594658760#0,3
6500.0,:655375238_5,1
6500.0,:cluster655375336_end_0_655375336_end_1_655375336_end_10_655375336_end_11_#8more_17,1
6520.0,-300077497#5,3
6520.0,-593847703#3,23
6520.0,-E0,19
6520.0,1068234499#0,1
6520.0,182334378#0,3
6520.0,263217604#0,4
6520.0,288135626#0,1
6520.0,30620492#0,18
6520.0,30620492#1,5
6520.0,593849718#0,4
6520.0,594658760#0,3
6520.0,:655375233_4,3
6540.0,-593847703#3,19
6540.0,-E0,19
6540.0,1068234499#0,2
6540.0,182334378#0,3
6540.0,263217604#0,1
6540.0,30620492#0,14
6540.0,30620492#1,4
6540.0,506322844#0,5
6540.0,594658760#0,5
6540.0,:cluster3086736522_655375108_655375247_655375401_#1more_14,1
6560.0,-593847703#3,19
6560.0,-E0,19
6560.0,1068234499#0,2
6560.0,182334378#0,3
6560.0,30620492#0,16
6560.0,30620492#1,4
6560.0,506322844#0,5
6560.0,594658760#0,7
6560.0,:cluster_9383263990_9383263991_9383263992_9383263993_13,1
6580.0,-300077497#5,1
6580.0,-300077497#8,1
6580.0,-593847703#3,20
6580.0,-E0,13
6580.0,182334378#0,4
6580.0,263217604#0,1
6580.0,30620492#0,17
6580.0,30620492#1,5
6580.0,506322844#0,1
6580.0,593847704#0,4
6580.0,594658760#0,7
6580.0,:655375238_5,1
6580.0,:655375239_5,1
6600.0,-300077497#5,5
6600.0,-593847703#3,20
6600.0,-E0,15
6600.0,263217604#0,1
6600.0,30620492#0,18
6600.0,30620492#1,5
6600.0,593847704#0,2
6600.0,594658760#0,7
6600.0,:cluster622618015_622618108_622618112_622618144_#2more_39,2
6600.0,:cluster655375336_end_0_655375336_end_1_655375336_end_10_655375336_end_11_#8more_5,1
6620.0,-300077497#5,2
6620.0,-593847703#3,20
6620.0,-E0,19
6620.0,263217604#0,1
6620.0,30620492#0,18
6620.0,30620492#1,3
6620.0,594658760#0,7
6620.0,:655375233_4,2
6620.0,:cluster_2528018119_655375236_17,1
6620.0,:cluster_9383263990_9383263991_9383263992_9383263993_13,2
6640.0,-593847703#3,13
6640.0,-E0,19
6640.0,30620492#0,13
6640.0,30620492#1,5
6640.0,506322844#0,5
6640.0,594658757#0,1
6640.0,594658760#0,7
6660.0,-593847703#3,13
6660.0,-E0,19
6660.0,30620492#0,17
6660.0,30620492#1,5
6660.0,506322844#0,6
6660.0,594658757#0,1
6660.0,594658760#0,7
6680.0,-300077497#5,5
6680.0,-593847703#3,13
6680.0,-E0,15
6680.0,263217604#0,1
6680.0,30620492#0,18
6680.0,30620492#1,5
6680.0,593847704#0,1
6680.0,594658757#0,1
6680.0,594658760#0,7
6680.0,:3086736518_6,1
6700.0,-300077497#5,5
6700.0,-593847703#3,13
6700.0,-E0,9
6700.0,263217604#0,1
6700.0,30620492#0,18
6700.0,30620492#1,5
6700.0,594658760#0,6
6700.0,:cluster622618015_622618108_622618112_622618144_#2more_39,2
6700.0,:cluster655375336_end_0_655375336_end_1_655375336_end_10_655375336_end_11_#8more_21,1
6720.0,-593847703#3,18
6720.0,-E0,10
6720.0,30620492#0,14
6720.0,30620492#1,3
6720.0,506322842#0,1
6720.0,506322844#0,4
6720.0,594658760#0,7
6720.0,:cluster_9383263990_9383263991_9383263992_9383263993_13,1
6740.0,-593847703#3,7
6740.0,-E0,10
6740.0,30620492#0,15
6740.0,30620492#1,4
6740.0,506322842#0,1
6740.0,506322844#0,5
6740.0,594658760#0,7
6740.0,:cluster_9383263990_9383263991_9383263992_9383263993_13,1
6760.0,-300077497#5,1
6760.0,-300077497#8,1
6760.0,-35274074#2,1
6760.0,-593847703#3,7
6760.0,-E0,10
6760.0,263217604#0,1
6760.0,30620492#0,17
6760.0,30620492#1,5
6760.0,506322844#0,1
6760.0,594658760#0,6
6760.0,:655375238_5,1
6760.0,:655375239_5,1
6760.0,:cluster655375336_end_0_655375336_end_1_655375336_end_10_655375336_end_11_#8more_17,1
6780.0,-300077497#5,6
6780.0,-593847703#3,7
6780.0,-E0,12
6780.0,263217604#0,1
6780.0,30620492#0,18
6780.0,30620492#1,5
6780.0,593847704#0,1
6780.0,594658760#0,3
6800.0,-300077497#5,2
6800.0,-593847703#3,9
6800.0,-E0,8
6800.0,263217604#0,1
6800.0,30620492#0,18
6800.0,30620492#1,3
6800.0,593847704#0,1
6800.0,593849718#0,1
6800.0,594658760#0,3
6800.0,:cluster_2528018119_655375236_17,2
6800.0,:cluster_9383263990_9383263991_9383263992_9383263993_13,2
6820.0,-593847703#3,13
6820.0,-E0,8
6820.0,30620492#0,10
6820.0,30620492#1,4
6820.0,506322842#0,3
6820.0,506322844#0,5
6820.0,593847704#0,1
6820.0,594658760#0,4
6820.0,:2749340167_0,1
6840.0,-593847703#3,2
6840.0,-E0,9
6840.0,30620492#0,15
6840.0,30620492#1,5
6840.0,506322842#0,3
6840.0,506322844#0,6
6840.0,593847704#0,1
6840.0,594658760#0,3
6840.0,:655375233_4,2
6860.0,-300077497#5,6
6860.0,-593847703#3,2
6860.0,-E0,10
6860.0,263217604#0,1
6860.0,30620492#0,18
6860.0,30620492#1,5
6860.0,49695736#0,1
6860.0,506322846#2,1
6860.0,593847704#0,1
6860.0,:cluster655375336_end_0_655375336_end_1_655375336_end_10_655375336_end_11_#8more_17,1
6860.0,:cluster_5372642442_631668976_631668981_631669076_47,1
6880.0,-300077497#5,6
6880.0,-593847703#3,4
6880.0,-E0,10
6880.0,1068234499#0,1
6880.0,263217604#0,1
6880.0,30620492#0,18
6880.0,30620492#1,5
6880.0,593849718#0,1
6880.0,:3086736518_6,1
6900.0,-593847703#3,9
6900.0,1068234499#0,1
6900.0,30620492#0,14
6900.0,30620492#1,4
6900.0,506322844#0,5
6900.0,593847704#0,2
6900.0,594658757#0,1
6900.0,:cluster655375336_end_0_655375336_end_1_655375336_end_10_655375336_end_11_#8more_39,1
6920.0,-593847703#3,9
6920.0,1068234499#0,1
6920.0,30620492#0,15
6920.0,30620492#1,4
6920.0,506322844#0,6
6920.0,593847704#0,2
6920.0,594658757#0,1
6920.0,:cluster_9383263990_9383263991_9383263992_9383263993_13,1
6940.0,-300077497#8,1
6940.0,-593847703#3,2
6940.0,263217604#0,4
6940.0,30620492#0,16
6940.0,30620492#1,5
6940.0,506322844#0,1
6940.0,593847704#0,2
6940.0,594658757#0,1
6940.0,:655375233_4,2
6940.0,:655375238_5,1
6940.0,:655375239_5,1
6960.0,-300077497#5,4
6960.0,-593847703#3,1
6960.0,-E0,1
6960.0,263217604#0,4
6960.0,30620492#0,18
6960.0,30620492#1,5
6960.0,:cluster622618015_622618108_622618112_622618144_#2more_39,2
6980.0,-593847703#3,3
6980.0,263217604#0,4
6980.0,30620492#0,18
6980.0,30620492#1,3
6980.0,:cluster_2528018119_655375236_17,2
6980.0,:cluster_9383263990_9383263991_9383263992_9383263993_13,2
7000.0,-593847703#3,5
7000.0,30620492#0,12
7000.0,30620492#1,4
7000.0,506322842#0,1
7000.0,506322844#0,5
7000.0,594658757#0,2
7000.0,594658760#0,2
7000.0,:cluster_9383263990_9383263991_9383263992_9383263993_13,1
7020.0,-593847703#3,5
7020.0,30620492#0,15
7020.0,30620492#1,5
7020.0,506322842#0,1
7020.0,506322844#0,8
7020.0,594658757#0,2
7020.0,594658760#0,2
7040.0,-300077497#5,4
7040.0,-593847703#3,1
7040.0,-E0,1
7040.0,263217604#0,4
7040.0,30620492#0,18
7040.0,30620492#1,5
7040.0,594658757#0,1
7040.0,594658760#0,1
7040.0,:655375233_4,4
7040.0,:cluster_5372642442_631668976_631668981_631669076_36,1
7060.0,-300077497#5,4
7060.0,-E0,1
7060.0,263217604#0,4
7060.0,30620492#0,18
7060.0,30620492#1,5
7060.0,:cluster_2528018119_655375236_8,1
7080.0,-593847703#3,5
7080.0,263217604#0,1
7080.0,30620492#0,14
7080.0,30620492#1,3
7080.0,506322842#0,1
7080.0,506322844#0,3
7080.0,594658757#0,1
7080.0,594658760#0,2
7080.0,:2749340167_0,1
7080.0,:cluster_9383263990_9383263991_9383263992_9383263993_13,1
7100.0,-593847703#3,5
7100.0,30620492#0,14
7100.0,30620492#1,4
7100.0,506322842#0,1
7100.0,506322844#0,6
7100.0,594658757#0,1
7100.0,594658760#0,3
7100.0,:2749340167_0,1
7120.0,-300077497#5,1
7120.0,-300077497#8,1
7120.0,-593847703#3,5
7120.0,263217604#0,1
7120.0,30620492#0,17
7120.0,30620492#1,5
7120.0,506322844#0,1
7120.0,506322846#0,1
7120.0,594658757#0,1
7120.0,594658760#0,3
7120.0,:655375238_5,1
7120.0,:655375239_5,1
7140.0,-300077497#5,5
7140.0,-593847703#3,3
7140.0,263217604#0,1
7140.0,288135626#0,1
7140.0,30620492#0,18
7140.0,30620492#1,5
7140.0,594658760#0,2
7140.0,:655375233_4,2
7140.0,:cluster655375336_end_0_655375336_end_1_655375336_end_10_655375336_end_11_#8more_13,1
7140.0,:cluster655375336_end_0_655375336_end_1_655375336_end_10_655375336_end_11_#8more_21,1
7160.0,-300077497#5,1
7160.0,-593847703#3,2
7160.0,-E0,2
7160.0,182334378#0,1
7160.0,263217604#0,1
7160.0,30620492#0,18
7160.0,30620492#1,3
7160.0,49695736#0,1
7160.0,:cluster_2528018119_655375236_17,2
7160.0,:cluster_9383263990_9383263991_9383263992_9383263993_13,2
7180.0,-593847703#3,5
7180.0,-E0,1
7180.0,30620492#0,13
7180.0,30620492#1,4
7180.0,49695736#0,1
7180.0,506322844#0,5
7180.0,594658760#0,1
7180.0,:cluster_9383263990_9383263991_9383263992_9383263993_13,1
7200.0,-593847703#3,5
7200.0,30620492#0,16
7200.0,30620492#1,5
7200.0,49695736#0,1
7200.0,506322842#0,1
7200.0,506322844#0,6
7200.0,594658760#0,1
7220.0,-300077497#5,6
7220.0,-593847703#3,6
7220.0,-E0,1
7220.0,263217604#0,1
7220.0,30620492#0,18
7220.0,30620492#1,5
7240.0,-300077497#5,6
7240.0,-593847703#3,6
7240.0,263217604#0,1
7240.0,30620492#0,18
7240.0,30620492#1,5
7260.0,-593847703#3,3
7260.0,182334378#0,3
7260.0,30620492#0,14
7260.0,30620492#1,3
7260.0,506322844#0,5
7260.0,594658760#0,1
7260.0,:2749340167_0,1
7280.0,-593847703#3,3
7280.0,-E0,1
7280.0,182334378#0,1
7280.0,30620492#0,15
7280.0,30620492#1,5
7280.0,506322844#0,6
7280.0,594658760#0,1
7280.0,:cluster655375336_end_0_655375336_end_1_655375336_end_10_655375336_end_11_#8more_5,1
7300.0,-300077497#5,1
7300.0,-300077497#8,1
7300.0,-593847703#3,3
7300.0,263217604#0,1
7300.0,30620492#0,18
7300.0,30620492#1,5
7300.0,506322844#0,1
7300.0,594658760#0,1
7300.0,:655375238_5,1
7300.0,:655375239_5,1
7320.0,-300077497#5,5
7320.0,-593847703#3,3
7320.0,263217604#0,1
7320.0,30620492#0,18
7320.0,30620492#1,5
7320.0,594658760#0,1
7340.0,-300077497#5,1
7340.0,-593847703#3,5
7340.0,-E0,1
7340.0,263217604#0,1
7340.0,30620492#0,18
7340.0,30620492#1,3
7340.0,506322844#0,1
7340.0,:cluster_2528018119_655375236_17,2
7340.0,:cluster_9383263990_9383263991_9383263992_9383263993_13,1
7360.0,30620492#0,11
7360.0,30620492#1,3
7360.0,506322842#0,1
7360.0,506322844#0,6
7360.0,594658760#0,1
7360.0,:2749340167_0,1
7360.0,:cluster_9383263990_9383263991_9383263992_9383263993_13,1
7380.0,30620492#0,17
7380.0,30620492#1,5
7380.0,506322842#0,1
7380.0,506322844#0,7
7380.0,594658760#0,1
7400.0,-300077497#5,4
7400.0,263217604#0,3
7400.0,30620492#0,18
7400.0,30620492#1,5
7400.0,594658760#0,1
7400.0,:cluster_5372642442_631668976_631668981_631669076_47,1
7420.0,-300077497#5,4
7420.0,1068234499#0,1
7420.0,263217604#0,3
7420.0,30620492#0,18
7420.0,30620492#1,5
7440.0,-593847703#3,3
7440.0,1068234499#0,1
7440.0,182334378#0,1
7440.0,30620492#0,14
7440.0,30620492#1,4
7440.0,506322844#0,5
7440.0,594658757#0,1
7440.0,594658760#0,2
7460.0,-E0,2
7460.0,1068234499#0,1
7460.0,182334378#0,1
7460.0,30620492#0,13
7460.0,30620492#1,4
7460.0,49695736#0,1
7460.0,506322844#0,7
7460.0,:2749340167_0,1
7460.0,:cluster_9383263990_9383263991_9383263992_9383263993_13,1
7480.0,-300077497#5,1
7480.0,-593847703#3,1
7480.0,-E0,1
7480.0,182334378#0,1
7480.0,263217604#0,4
7480.0,30620492#0,17
7480.0,30620492#1,5
7480.0,506322844#0,1
7480.0,:655375238_5,1
7480.0,:655375239_5,1
7500.0,-300077497#5,4
7500.0,-593847703#3,1
7500.0,263217604#0,4
7500.0,30620492#0,18
7500.0,30620492#1,5
7520.0,-593847703#3,3
7520.0,263217604#0,4
7520.0,30620492#0,18
7520.0,30620492#1,3
7520.0,506322844#0,1
7520.0,:cluster_2528018119_655375236_17,2
7520.0,:cluster_9383263990_9383263991_9383263992_9383263993_13,1
7540.0,-593847703#3,5
7540.0,30620492#0,11
7540.0,30620492#1,5
7540.0,506322844#0,7
7540.0,594658757#0,1
7540.0,594658760#0,3
7560.0,-593847703#3,1
7560.0,30620492#0,16
7560.0,30620492#1,5
7560.0,506322844#0,8
7560.0,594658757#0,1
7560.0,594658760#0,3
7560.0,:655375233_4,3
7580.0,-300077497#5,5
7580.0,263217604#0,3
7580.0,30620492#0,18
7580.0,30620492#1,5
7580.0,594658757#0,1
7580.0,594658760#0,3
7600.0,-300077497#5,5
7600.0,-E0,1
7600.0,263217604#0,3
7600.0,30620492#0,18
7600.0,30620492#1,5
7600.0,594658760#0,2
7600.0,:cluster655375336_end_0_655375336_end_1_655375336_end_10_655375336_end_11_#8more_21,1
7620.0,-593847703#3,4
7620.0,-E0,2
7620.0,182334378#0,1
7620.0,30620492#0,14
7620.0,30620492#1,4
7620.0,360843888,1
7620.0,506322844#0,5
7620.0,594658760#0,2
7640.0,-593847703#3,4
7640.0,-E0,2
7640.0,182334378#0,1
7640.0,30620492#0,15
7640.0,30620492#1,5
7640.0,360843888,1
7640.0,506322844#0,6
7660.0,-300077497#8,1
7660.0,-593847703#3,2
7660.0,-E0,1
7660.0,263217604#0,2
7660.0,30620492#0,18
7660.0,30620492#1,5
7660.0,360843888,1
7660.0,506322844#0,1
7660.0,:655375233_4,2
7660.0,:655375238_5,1
7660.0,:655375239_5,1
7680.0,-300077497#5,4
7680.0,263217604#0,2
7680.0,30620492#0,18
7680.0,30620492#1,5
7680.0,360843888,1
7700.0,-593847703#3,2
7700.0,244450512#5,1
7700.0,263217604#0,2
7700.0,30620492#0,18
7700.0,30620492#1,3
7700.0,:cluster_2528018119_655375236_17,2
7700.0,:cluster_9383263990_9383263991_9383263992_9383263993_13,2
7720.0,-593847703#3,4
7720.0,244450512#5,1
7720.0,30620492#0,13
7720.0,30620492#1,3
7720.0,506322844#0,5
7720.0,594658757#0,1
7720.0,594658760#0,1
7720.0,:cluster_9383263990_9383263991_9383263992_9383263993_13,2
7740.0,-593847703#3,4
7740.0,244450512#5,1
7740.0,30620492#0,15
7740.0,30620492#1,5
7740.0,506322842#0,1
7740.0,506322844#0,7
7740.0,594658757#0,1
7740.0,594658760#0,1
7760.0,-300077497#5,4
7760.0,-593847703#3,4
7760.0,244450512#5,1
7760.0,263217604#0,3
7760.0,30620492#0,18
7760.0,30620492#1,5
7760.0,594658757#0,1
7760.0,594658760#0,1
7760.0,:cluster_5372642442_631668976_631668981_631669076_36,1
7780.0,-300077497#5,4
7780.0,244450512#5,1
7780.0,263217604#0,3
7780.0,30620492#0,18
7780.0,30620492#1,5
7780.0,594658757#0,1
7780.0,594658760#0,1
7780.0,:cluster_2528018119_655375236_28,1
7800.0,-593847703#3,5
7800.0,-E0,3
7800.0,30620492#0,13
7800.0,30620492#1,4
7800.0,506322844#0,5
7800.0,594658760#0,2
7800.0,:2749340167_0,1
7800.0,:cluster3086736522_655375108_655375247_655375401_#1more_14,1
7820.0,-593847703#3,5
7820.0,-E0,2
7820.0,30620492#0,16
7820.0,30620492#1,5
7820.0,506322844#0,5
7820.0,:cluster655375336_end_0_655375336_end_1_655375336_end_10_655375336_end_11_#8more_17,1
7840.0,-300077497#5,1
7840.0,-300077497#8,2
7840.0,-593847703#3,5
7840.0,30620492#0,18
7840.0,30620492#1,5
7840.0,506322844#0,1
7840.0,:655375239_5,1
7860.0,-300077497#5,5
7860.0,-593847703#3,5
7860.0,30620492#0,18
7860.0,30620492#1,5
7880.0,-300077497#5,1
7880.0,-593847703#3,2
7880.0,30620492#0,18
7880.0,30620492#1,3
7880.0,506322844#0,1
7880.0,:cluster_2528018119_655375236_17,2
7880.0,:cluster_9383263990_9383263991_9383263992_9383263993_13,1
7900.0,-593847703#3,4
7900.0,182334378#0,1
7900.0,30620492#0,11
7900.0,30620492#1,4
7900.0,506322842#0,1
7900.0,506322844#0,6
7900.0,:2749340167_0,1
7920.0,-593847703#3,4
7920.0,-E0,1
7920.0,30620492#0,17
7920.0,30620492#1,5
7920.0,506322842#0,1
7920.0,506322844#0,6
7940.0,-300077497#5,5
7940.0,-593847703#3,4
7940.0,263217604#0,1
7940.0,30620492#0,18
7940.0,30620492#1,5
7940.0,506322846#2,1
7960.0,-300077497#5,5
7960.0,-593847703#3,4
7960.0,263217604#0,1
7960.0,30620492#0,18
7960.0,30620492#1,5
7960.0,:2444664370_0,1
7980.0,-593847703#3,2
7980.0,1068234499#0,1
7980.0,182334378#0,2
7980.0,30620492#0,14
7980.0,30620492#1,4
7980.0,506322844#0,5
7980.0,594658760#0,1
7980.0,:655375233_4,1
8000.0,-593847703#3,1
8000.0,-E0,1
8000.0,1068234499#0,1
8000.0,30620492#0,16
8000.0,30620492#1,5
8000.0,506322844#0,5
8020.0,-300077497#5,1
8020.0,-300077497#8,1
8020.0,-593847703#3,2
8020.0,30620492#0,18
8020.0,30620492#1,5
8020.0,506322844#0,1
8020.0,:655375238_5,1
8020.0,:655375239_5,1
8040.0,-300077497#5,5
8040.0,-593847703#3,2
8040.0,30620492#0,18
8040.0,30620492#1,5
8060.0,-300077497#5,1
8060.0,-593847703#3,3
8060.0,182334378#0,1
8060.0,30620492#0,18
8060.0,30620492#1,3
8060.0,:cluster_2528018119_655375236_17,2
8060.0,:cluster_9383263990_9383263991_9383263992_9383263993_13,2
8080.0,-593847703#3,2
8080.0,-E0,1
8080.0,30620492#0,12
8080.0,30620492#1,4
8080.0,506322844#0,6
8080.0,:655375233_4,2
8080.0,:cluster_9383263990_9383263991_9383263992_9383263993_13,1
8100.0,30620492#0,14
8100.0,30620492#1,4
8100.0,506322842#0,1
8100.0,506322844#0,9
8100.0,:2749340167_0,1
8120.0,-300077497#5,5
8120.0,263217604#0,5
8120.0,30620492#0,17
8120.0,30620492#1,5
8140.0,-300077497#5,5
8140.0,263217604#0,5
8140.0,30620492#0,18
8140.0,30620492#1,5
8160.0,-593847703#3,4
8160.0,182334378#0,1
8160.0,30620492#0,14
8160.0,30620492#1,3
8160.0,506322844#0,4
8160.0,594658757#0,2
8160.0,594658760#0,2
8160.0,:2749340167_0,1
8160.0,:cluster3086736522_655375108_655375247_655375401_#1more_14,1
8160.0,:cluster_9383263990_9383263991_9383263992_9383263993_13,1
8180.0,-593847703#3,2
8180.0,-E0,1
8180.0,30620492#0,15
8180.0,30620492#1,5
8180.0,506322844#0,6
8180.0,594658757#0,2
8180.0,594658760#0,3
8180.0,:655375233_4,2
8200.0,-300077497#8,1
8200.0,-E0,4
8200.0,263217604#0,2
8200.0,30620492#0,18
8200.0,30620492#1,5
8200.0,506322844#0,1
8200.0,:655375238_5,1
8200.0,:655375239_5,1
8220.0,-300077497#5,4
8220.0,263217604#0,2
8220.0,30620492#0,18
8220.0,30620492#1,5
8240.0,-593847703#3,2
8240.0,263217604#0,2
8240.0,30620492#0,18
8240.0,30620492#1,3
8240.0,:cluster_2528018119_655375236_17,1
8240.0,:cluster_2528018119_655375236_31,1
8240.0,:cluster_9383263990_9383263991_9383263992_9383263993_13,2
8260.0,-593847703#3,3
8260.0,-E0,1
8260.0,30620492#0,11
8260.0,30620492#1,5
8260.0,506322842#0,1
8260.0,506322844#0,6
8260.0,594658757#0,1
8260.0,594658760#0,1
8280.0,-593847703#3,3
8280.0,30620492#0,18
8280.0,30620492#1,5
8280.0,506322842#0,1
8280.0,506322844#0,6
8280.0,:cluster655375336_end_0_655375336_end_1_655375336_end_10_655375336_end_11_#8more_17,1
8280.0,:cluster655375336_end_0_655375336_end_1_655375336_end_10_655375336_end_11_#8more_21,1
8300.0,-300077497#5,4
8300.0,263217604#0,2
8300.0,30620492#0,18
8300.0,30620492#1,5
8300.0,506322846#2,1
8320.0,-300077497#5,4
8320.0,1068234499#0,1
8320.0,263217604#0,2
8320.0,30620492#0,18
8320.0,30620492#1,5
8340.0,-593847703#3,4
8340.0,1068234499#0,1
8340.0,30620492#0,14
8340.0,30620492#1,2
8340.0,506322842#0,1
8340.0,506322844#0,3
8340.0,594658757#0,1
8340.0,594658760#0,1
8340.0,:2749340167_0,1
8340.0,:cluster_9383263990_9383263991_9383263992_9383263993_13,2
8360.0,-593847703#3,4
8360.0,-E0,2
8360.0,1068234499#0,1
8360.0,30620492#0,14
8360.0,30620492#1,5
8360.0,506322842#0,1
8360.0,506322844#0,6
8380.0,-300077497#8,1
8380.0,-593847703#3,5
8380.0,263217604#0,2
8380.0,30620492#0,18
8380.0,30620492#1,5
8380.0,506322844#0,1
8380.0,506322846#0,1
8380.0,:655375238_5,1
8380.0,:655375239_5,1
8400.0,-300077497#5,4
8400.0,263217604#0,2
8400.0,288135626#0,1
8400.0,30620492#0,18
8400.0,30620492#1,5
8420.0,-593847703#3,2
8420.0,1068234499#0,1
8420.0,263217604#0,2
8420.0,30620492#0,18
8420.0,30620492#1,3
8420.0,:cluster_2528018119_655375236_17,2
8420.0,:cluster_9383263990_9383263991_9383263992_9383263993_13,2
8440.0,-593847703#3,4
8440.0,1068234499#0,1
8440.0,30620492#0,11
8440.0,30620492#1,3
8440.0,506322842#0,1
8440.0,506322844#0,6
8440.0,594658757#0,1
8440.0,594658760#0,1
8440.0,:2749340167_0,1
8440.0,:cluster_9383263990_9383263991_9383263992_9383263993_13,1
8460.0,-593847703#3,4
8460.0,1068234499#0,1
8460.0,30620492#0,15
8460.0,30620492#1,5
8460.0,506322842#0,1
8460.0,506322844#0,8
8460.0,594658757#0,1
8460.0,594658760#0,1
8480.0,-300077497#5,5
8480.0,-593847703#3,5
8480.0,-E0,2
8480.0,263217604#0,3
8480.0,30620492#0,18
8480.0,30620492#1,5
8480.0,506322846#2,1
8500.0,-300077497#5,5
8500.0,1068234499#0,1
8500.0,263217604#0,3
8500.0,30620492#0,18
8500.0,30620492#1,5
8500.0,:655375233_4,1
8520.0,-593847703#3,4
8520.0,1068234499#0,1
8520.0,182334378#0,1
8520.0,30620492#0,14
8520.0,30620492#1,3
8520.0,506322842#0,1
8520.0,506322844#0,2
8520.0,594658757#0,1
8520.0,594658760#0,2
8520.0,:2749340167_0,1
8520.0,:cluster_9383263990_9383263991_9383263992_9383263993_13,2
8540.0,-593847703#3,4
8540.0,1068234499#0,1
8540.0,30620492#0,13
8540.0,30620492#1,3
8540.0,506322842#0,2
8540.0,506322844#0,6
8540.0,594658757#0,1
8540.0,594658760#0,2
8540.0,:2749340167_0,1
8540.0,:cluster_9383263990_9383263991_9383263992_9383263993_13,1
8560.0,-300077497#5,1
8560.0,-300077497#8,1
8560.0,-35274074#2,2
8560.0,-593847703#3,5
8560.0,-E0,1
8560.0,263217604#0,2
8560.0,30620492#0,17
8560.0,30620492#1,5
8560.0,506322844#0,1
8560.0,594658760#0,1
8560.0,:655375238_5,1
8560.0,:655375239_5,1
8580.0,-300077497#5,7
8580.0,-593847703#3,5
8580.0,-E0,1
8580.0,263217604#0,2
8580.0,30620492#0,18
8580.0,30620492#1,5
8600.0,-300077497#5,3
8600.0,-593847703#3,3
8600.0,263217604#0,2
8600.0,30620492#0,18
8600.0,30620492#1,3
8600.0,:655375233_4,3
8600.0,:cluster_2528018119_655375236_17,1
8600.0,:cluster_2528018119_655375236_31,1
8600.0,:cluster_9383263990_9383263991_9383263992_9383263993_13,2
8620.0,-593847703#3,5
8620.0,-E0,1
8620.0,30620492#0,11
8620.0,30620492#1,4
8620.0,506322844#0,6
8620.0,594658760#0,2
8620.0,:2749340167_0,1
8620.0,:cluster655375336_end_0_655375336_end_1_655375336_end_10_655375336_end_11_#8more_5,1
8620.0,:cluster_9383263990_9383263991_9383263992_9383263993_13,1
8640.0,-593847703#3,5
8640.0,30620492#0,17
8640.0,30620492#1,5
8640.0,506322844#0,7
8640.0,594658760#0,2
8640.0,:2749340167_0,1
8660.0,-300077497#5,4
8660.0,-593847703#3,5
8660.0,263217604#0,3
8660.0,30620492#0,18
8660.0,30620492#1,5
8660.0,594658760#0,1
8660.0,:2749340167_0,1
8660.0,:cluster655375336_end_0_655375336_end_1_655375336_end_10_655375336_end_11_#8more_17,1
8680.0,-300077497#5,4
8680.0,-593847703#3,5
8680.0,263217604#0,3
8680.0,30620492#0,18
8680.0,30620492#1,5
8680.0,:2749340167_0,1
8700.0,-593847703#3,7
8700.0,30620492#0,15
8700.0,30620492#1,3
8700.0,506322844#0,5
8700.0,594658757#0,1
8700.0,594658760#0,2
8700.0,:2749340167_0,1
8700.0,:655375233_4,2
8720.0,30620492#0,17
8720.0,30620492#1,5
8720.0,506322844#0,5
8720.0,594658757#0,1
8720.0,594658760#0,2
8740.0,-300077497#5,1
8740.0,-300077497#8,1
8740.0,-E0,1
8740.0,30620492#0,18
8740.0,30620492#1,5
8740.0,506322844#0,1
8740.0,594658760#0,1
8740.0,:655375238_5,1
8740.0,:655375239_5,1
8740.0,:cluster655375336_end_0_655375336_end_1_655375336_end_10_655375336_end_11_#8more_17,1
8760.0,-300077497#5,5
8760.0,-E0,1
8760.0,30620492#0,18
8760.0,30620492#1,5
8780.0,-300077497#5,1
8780.0,-593847703#3,2
8780.0,30620492#0,18
8780.0,30620492#1,3
8780.0,506322844#0,1
8780.0,:cluster_2528018119_655375236_17,2
8780.0,:cluster_9383263990_9383263991_9383263992_9383263993_13,1
8800.0,-593847703#3,5
8800.0,30620492#0,12
8800.0,30620492#1,4
8800.0,506322844#0,6
8800.0,:cluster_9383263990_9383263991_9383263992_9383263993_13,1
8820.0,30620492#0,17
8820.0,30620492#1,5
8820.0,506322844#0,7
8840.0,-300077497#5,5
8840.0,263217604#0,2
8840.0,30620492#0,18
8840.0,30620492#1,5
8860.0,-300077497#5,5
8860.0,263217604#0,2
8860.0,30620492#0,18
8860.0,30620492#1,5
8880.0,-593847703#3,5
8880.0,30620492#0,14
8880.0,30620492#1,4
8880.0,506322844#0,5
8880.0,594658757#0,1
8880.0,594658760#0,1
8900.0,-593847703#3,5
8900.0,30620492#0,15
8900.0,30620492#1,5
8900.0,506322844#0,6
8900.0,594658757#0,1
8900.0,594658760#0,1
8920.0,-300077497#5,1
8920.0,-300077497#8,1
8920.0,263217604#0,1
8920.0,30620492#0,18
8920.0,30620492#1,5
8920.0,506322844#0,1
8920.0,594658757#0,1
8920.0,594658760#0,1
8920.0,:655375238_5,1
8920.0,:655375239_5,1
8940.0,-300077497#5,5
8940.0,-E0,1
8940.0,263217604#0,1
8940.0,30620492#0,18
8940.0,30620492#1,5
8960.0,-300077497#5,1
8960.0,-593847703#3,2
8960.0,263217604#0,1
8960.0,30620492#0,18
8960.0,30620492#1,3
8960.0,:cluster_2528018119_655375236_17,2
8960.0,:cluster_9383263990_9383263991_9383263992_9383263993_13,2
8980.0,-593847703#3,5
8980.0,30620492#0,13
8980.0,30620492#1,4
8980.0,506322844#0,5
8980.0,594658760#0,1
8980.0,:cluster_9383263990_9383263991_9383263992_9383263993_13,1
9000.0,-593847703#3,5
9000.0,30620492#0,17
9000.0,30620492#1,5
9000.0,506322844#0,6
9000.0,594658760#0,1
9020.0,-300077497#5,5
9020.0,263217604#0,1
9020.0,30620492#0,18
9020.0,30620492#1,5
9020.0,594658760#0,1
9020.0,:655375233_4,1
9040.0,-300077497#5,5
9040.0,263217604#0,1
9040.0,30620492#0,18
9040.0,30620492#1,5
9040.0,:cluster655375336_end_0_655375336_end_1_655375336_end_10_655375336_end_11_#8more_17,1
9060.0,-593847703#3,4
9060.0,30620492#0,14
9060.0,30620492#1,4
9060.0,506322844#0,5
9060.0,594658760#0,1
9060.0,:cluster655375336_end_0_655375336_end_1_655375336_end_10_655375336_end_11_#8more_39,1
9080.0,-593847703#3,4
9080.0,30620492#0,16
9080.0,30620492#1,5
9080.0,506322844#0,5
9080.0,594658760#0,1
9100.0,-300077497#5,1
9100.0,-300077497#8,1
9100.0,-593847703#3,4
9100.0,30620492#0,18
9100.0,30620492#1,5
9100.0,506322844#0,1
9100.0,594658760#0,1
9100.0,:655375238_5,1
9100.0,:655375239_5,1
9120.0,-300077497#5,5
9120.0,-E0,1
9120.0,30620492#0,18
9120.0,30620492#1,5
9120.0,:655375233_4,3
9140.0,-300077497#5,1
9140.0,-593847703#3,1
9140.0,182334378#0,1
9140.0,30620492#0,18
9140.0,30620492#1,3
9140.0,:cluster_2528018119_655375236_17,1
9140.0,:cluster_2528018119_655375236_19,1
9140.0,:cluster_9383263990_9383263991_9383263992_9383263993_13,2
9160.0,-593847703#3,3
9160.0,182334378#0,2
9160.0,30620492#0,11
9160.0,30620492#1,5
9160.0,506322842#0,1
9160.0,506322844#0,6
9180.0,-593847703#3,3
9180.0,-E0,1
9180.0,30620492#0,17
9180.0,30620492#1,5
9180.0,506322842#0,1
9180.0,506322844#0,6
9180.0,:cluster655375336_end_0_655375336_end_1_655375336_end_10_655375336_end_11_#8more_5,1
9200.0,-300077497#5,5
9200.0,-593847703#3,3
9200.0,263217604#0,1
9200.0,30620492#0,18
9200.0,30620492#1,5
9200.0,:cluster_5372642442_631668976_631668981_631669076_47,1
9220.0,-300077497#5,5
9220.0,-593847703#3,1
9220.0,1068234499#0,1
9220.0,263217604#0,1
9220.0,30620492#0,18
9220.0,30620492#1,5
9220.0,:655375233_4,2
9240.0,-593847703#3,3
9240.0,1068234499#0,1
9240.0,182334378#0,2
9240.0,30620492#0,14
9240.0,30620492#1,3
9240.0,506322844#0,5
9240.0,594658760#0,1
9240.0,:cluster_9383263990_9383263991_9383263992_9383263993_10,1
9260.0,-593847703#3,3
9260.0,-E0,1
9260.0,1068234499#0,1
9260.0,30620492#0,12
9260.0,30620492#1,5
9260.0,506322842#0,2
9260.0,506322844#0,7
9260.0,594658760#0,1
9280.0,-300077497#5,1
9280.0,-300077497#8,1
9280.0,-593847703#3,3
9280.0,182334378#0,1
9280.0,263217604#0,2
9280.0,30620492#0,18
9280.0,30620492#1,5
9280.0,506322844#0,1
9280.0,506322846#0,2
9280.0,594658760#0,1
9280.0,:655375238_5,1
9280.0,:655375239_5,1
9300.0,-300077497#5,5
9300.0,-593847703#3,3
9300.0,263217604#0,2
9300.0,288135626#0,2
9300.0,30620492#0,18
9300.0,30620492#1,5
9300.0,594658760#0,1
9320.0,-300077497#5,1
9320.0,-593847703#3,5
9320.0,-E0,1
9320.0,1068234499#0,2
9320.0,263217604#0,2
9320.0,30620492#0,18
9320.0,30620492#1,3
9320.0,506322844#0,1
9320.0,:cluster_2528018119_655375236_17,1
9320.0,:cluster_2528018119_655375236_19,1
9320.0,:cluster_9383263990_9383263991_9383263992_9383263993_13,1
9340.0,-593847703#3,1
9340.0,1068234499#0,2
9340.0,182334378#0,1
9340.0,30620492#0,11
9340.0,30620492#1,5
9340.0,506322844#0,7
9340.0,:cluster655375336_end_0_655375336_end_1_655375336_end_10_655375336_end_11_#8more_17,1
9340.0,:cluster655375336_end_0_655375336_end_1_655375336_end_10_655375336_end_11_#8more_21,1
9360.0,-593847703#3,1
9360.0,1068234499#0,2
9360.0,182334378#0,1
9360.0,30620492#0,17
9360.0,30620492#1,5
9360.0,506322844#0,7
9380.0,-300077497#5,4
9380.0,-593847703#3,3
9380.0,-E0,1
9380.0,263217604#0,3
9380.0,30620492#0,18
9380.0,30620492#1,5
9400.0,-300077497#5,4
9400.0,-593847703#3,3
9400.0,263217604#0,3
9400.0,30620492#0,18
9400.0,30620492#1,5
9420.0,-593847703#3,6
9420.0,182334378#0,1
9420.0,30620492#0,14
9420.0,30620492#1,4
9420.0,360843888,1
9420.0,506322844#0,4
9420.0,594658757#0,1
9420.0,594658760#0,1
9420.0,:cluster_9383263990_9383263991_9383263992_9383263993_13,1
9440.0,-E0,1
9440.0,30620492#0,13
9440.0,30620492#1,5
9440.0,360843888,1
9440.0,506322844#0,8
9440.0,594658757#0,1
9440.0,594658760#0,1
9460.0,-300077497#8,1
9460.0,263217604#0,4
9460.0,30620492#0,18
9460.0,30620492#1,5
9460.0,360843888,1
9460.0,506322844#0,1
9460.0,594658757#0,1
9460.0,594658760#0,1
9460.0,:655375238_5,1
9460.0,:655375239_5,1
9480.0,-300077497#5,4
9480.0,263217604#0,4
9480.0,30620492#0,18
9480.0,30620492#1,5
9480.0,360843888,1
9480.0,594658757#0,1
9480.0,594658760#0,1
9500.0,-300077497#5,1
9500.0,-593847703#3,1
9500.0,-E0,1
9500.0,244450512#5,1
9500.0,263217604#0,4
9500.0,30620492#0,18
9500.0,30620492#1,3
9500.0,:cluster655375336_end_0_655375336_end_1_655375336_end_10_655375336_end_11_#8more_17,1
9500.0,:cluster_2528018119_655375236_17,1
9500.0,:cluster_2528018119_655375236_31,1
9500.0,:cluster_9383263990_9383263991_9383263992_9383263993_13,2
9520.0,-593847703#3,3
9520.0,182334378#0,1
9520.0,244450512#5,1
9520.0,30620492#0,13
9520.0,30620492#1,3
9520.0,506322844#0,6
9520.0,594658757#0,2
9520.0,594658760#0,1
9520.0,:2749340167_0,1
9520.0,:cluster655375336_end_0_655375336_end_1_655375336_end_10_655375336_end_11_#8more_17,1
9520.0,:cluster_9383263990_9383263991_9383263992_9383263993_13,1
9540.0,182334378#0,1
9540.0,244450512#5,1
9540.0,30620492#0,16
9540.0,30620492#1,5
9540.0,506322844#0,7
9560.0,-300077497#5,5
9560.0,-E0,1
9560.0,244450512#5,1
9560.0,263217604#0,2
9560.0,30620492#0,18
9560.0,30620492#1,5
9580.0,-300077497#5,5
9580.0,244450512#5,1
9580.0,263217604#0,2
9580.0,30620492#0,18
9580.0,30620492#1,5
9600.0,-593847703#3,5
9600.0,-E0,1
9600.0,30620492#0,14
9600.0,30620492#1,2
9600.0,506322842#0,1
9600.0,506322844#0,3
9600.0,594658760#0,2
9600.0,:2749340167_0,1
9600.0,:cluster_9383263990_9383263991_9383263992_9383263993_13,2
9620.0,-593847703#3,5
9620.0,-E0,1
9620.0,30620492#0,13
9620.0,30620492#1,5
9620.0,506322842#0,2
9620.0,506322844#0,6
9620.0,:cluster655375336_end_0_655375336_end_1_655375336_end_10_655375336_end_11_#8more_17,1
9640.0,-300077497#5,1
9640.0,-300077497#8,1
9640.0,-35274074#2,1
9640.0,-593847703#3,1
9640.0,263217604#0,1
9640.0,30620492#0,18
9640.0,30620492#1,5
9640.0,506322844#0,1
9640.0,506322846#0,1
9640.0,:655375233_4,3
9640.0,:655375238_5,1
9640.0,:655375239_5,1
9660.0,-300077497#5,6
9660.0,263217604#0,1
9660.0,288135626#0,1
9660.0,30620492#0,18
9660.0,30620492#1,5
9680.0,-300077497#5,2
9680.0,-593847703#3,3
9680.0,263217604#0,1
9680.0,30620492#0,18
9680.0,30620492#1,3
9680.0,506322844#0,1
9680.0,:cluster_2528018119_655375236_17,1
9680.0,:cluster_2528018119_655375236_31,1
9680.0,:cluster_9383263990_9383263991_9383263992_9383263993_13,1
9700.0,-593847703#3,6
9700.0,-E0,1
9700.0,30620492#0,13
9700.0,30620492#1,5
9700.0,506322844#0,5
9700.0,594658760#0,1
9720.0,-593847703#3,6
9720.0,30620492#0,18
9720.0,30620492#1,5
9720.0,506322844#0,5
9740.0,-300077497#5,4
9740.0,-593847703#3,4
9740.0,263217604#0,1
9740.0,30620492#0,18
9740.0,30620492#1,5
9740.0,:655375233_4,2
9760.0,-300077497#5,4
9760.0,263217604#0,1
9760.0,30620492#0,18
9760.0,30620492#1,5
9780.0,-593847703#3,4
9780.0,30620492#0,14
9780.0,30620492#1,3
9780.0,506322842#0,1
9780.0,506322844#0,4
9780.0,594658760#0,1
9780.0,:cluster_9383263990_9383263991_9383263992_9383263993_10,1
9800.0,-593847703#3,4
9800.0,30620492#0,13
9800.0,30620492#1,5
9800.0,506322842#0,2
9800.0,506322844#0,6
9800.0,:cluster655375336_end_0_655375336_end_1_655375336_end_10_655375336_end_11_#8more_17,1
9820.0,-300077497#5,1
9820.0,-300077497#8,1
9820.0,-593847703#3,4
9820.0,263217604#0,2
9820.0,30620492#0,18
9820.0,30620492#1,5
9820.0,506322844#0,1
9820.0,506322846#0,2
9820.0,:655375239_5,1
9840.0,-300077497#5,4
9840.0,-593847703#3,4
9840.0,263217604#0,2
9840.0,288135626#0,1
9840.0,30620492#0,18
9840.0,30620492#1,5
9840.0,:cluster_5372642442_631668976_631668981_631669076_47,1
9860.0,-593847703#3,2
9860.0,1068234499#0,2
9860.0,263217604#0,2
9860.0,30620492#0,18
9860.0,30620492#1,3
9860.0,:cluster_2528018119_655375236_17,1
9860.0,:cluster_2528018119_655375236_19,1
9860.0,:cluster_9383263990_9383263991_9383263992_9383263993_13,2
9880.0,-593847703#3,3
9880.0,1068234499#0,2
9880.0,182334378#0,1
9880.0,30620492#0,12
9880.0,30620492#1,4
9880.0,506322842#0,1
9880.0,506322844#0,5
9880.0,594658757#0,1
9880.0,594658760#0,1
9880.0,:cluster_9383263990_9383263991_9383263992_9383263993_13,1
9900.0,-593847703#3,3
9900.0,-E0,1
9900.0,1068234499#0,2
9900.0,30620492#0,17
9900.0,30620492#1,5
9900.0,506322842#0,1
9900.0,506322844#0,6
9900.0,:cluster655375336_end_0_655375336_end_1_655375336_end_10_655375336_end_11_#8more_17,1
9920.0,-300077497#5,6
9920.0,-593847703#3,5
9920.0,263217604#0,1
9920.0,30620492#0,18
9920.0,30620492#1,5
9940.0,-300077497#5,6
9940.0,-593847703#3,5
9940.0,263217604#0,1
9940.0,30620492#0,18
9940.0,30620492#1,5
9960.0,-593847703#3,5
9960.0,30620492#0,14
9960.0,30620492#1,2
9960.0,506322842#0,1
9960.0,506322844#0,3
9960.0,594658757#0,1
9960.0,:2749340167_0,1
9960.0,:655375233_4,1
9960.0,:cluster_9383263990_9383263991_9383263992_9383263993_13,2
9980.0,-593847703#3,5
9980.0,30620492#0,13
9980.0,30620492#1,5
9980.0,506322842#0,1
9980.0,506322844#0,7
9980.0,594658757#0,1
10000.0,-300077497#8,1
10000.0,-593847703#3,5
10000.0,-E0,1
10000.0,263217604#0,4
10000.0,30620492#0,18
10000.0,30620492#1,5
10000.0,506322844#0,1
10000.0,506322846#0,1
10000.0,:655375239_5,1
10020.0,-300077497#5,3
10020.0,-593847703#3,5
10020.0,263217604#0,4
10020.0,288135626#0,1
10020.0,30620492#0,18
10020.0,30620492#1,5
10040.0,-593847703#3,7
10040.0,263217604#0,4
10040.0,30620492#0,18
10040.0,30620492#1,3
10040.0,:cluster_2528018119_655375236_17,1
10040.0,:cluster_2528018119_655375236_31,1
10040.0,:cluster_9383263990_9383263991_9383263992_9383263993_13,2
10060.0,-E0,1
10060.0,244450512#4,1
10060.0,30620492#0,13
10060.0,30620492#1,5
10060.0,506322844#0,5
10060.0,594658757#0,2
10060.0,594658760#0,1
10060.0,:655375233_4,4
10080.0,244450512#5,1
10080.0,30620492#0,18
10080.0,30620492#1,5
10080.0,506322844#0,5
10080.0,594658757#0,2
10100.0,-300077497#5,4
10100.0,-E0,1
10100.0,244450512#5,1
10100.0,263217604#0,1
10100.0,30620492#0,18
10100.0,30620492#1,5
10120.0,-300077497#5,4
10120.0,244450512#5,1
10120.0,263217604#0,1
10120.0,30620492#0,18
10120.0,30620492#1,5
10140.0,-593847703#3,4
10140.0,-E0,1
10140.0,30620492#0,14
10140.0,30620492#1,4
10140.0,506322844#0,5
10140.0,594658760#0,1
10160.0,30620492#0,15
10160.0,30620492#1,5
10160.0,506322844#0,6
10160.0,594658760#0,1
10160.0,:655375233_4,4
10180.0,-300077497#5,1
10180.0,-300077497#8,1
10180.0,263217604#0,1
10180.0,30620492#0,18
10180.0,30620492#1,5
10180.0,506322844#0,1
10180.0,:655375238_5,1
10180.0,:655375239_5,1
10180.0,:cluster655375336_end_0_655375336_end_1_655375336_end_10_655375336_end_11_#8more_17,1
10200.0,-300077497#5,5
10200.0,263217604#0,1
10200.0,30620492#0,18
10200.0,30620492#1,5
10220.0,-300077497#5,1
10220.0,-593847703#3,2
10220.0,263217604#0,1
10220.0,30620492#0,18
10220.0,30620492#1,3
10220.0,:cluster_2528018119_655375236_17,2
10220.0,:cluster_9383263990_9383263991_9383263992_9383263993_13,2
10240.0,-593847703#3,5
10240.0,30620492#0,13
10240.0,30620492#1,3
10240.0,506322844#0,5
10240.0,594658760#0,1
10240.0,:cluster_9383263990_9383263991_9383263992_9383263993_13,2
10260.0,-593847703#3,3
10260.0,-E0,1
10260.0,30620492#0,14
10260.0,30620492#1,5
10260.0,506322842#0,1
10260.0,506322844#0,8
10260.0,:655375233_4,2
10280.0,-300077497#5,5
10280.0,263217604#0,3
10280.0,30620492#0,18
10280.0,30620492#1,5
10280.0,:655375238_2,1
10300.0,-300077497#5,6
10300.0,263217604#0,3
10300.0,30620492#0,18
10300.0,30620492#1,5
10320.0,-593847703#3,4
10320.0,-E0,1
10320.0,182334378#0,1
10320.0,30620492#0,14
10320.0,30620492#1,3
10320.0,506322842#0,1
10320.0,506322844#0,3
10320.0,594658760#0,2
10320.0,:2749340167_0,1
10320.0,:cluster3086736522_655375108_655375247_655375401_#1more_14,1
10320.0,:cluster_9383263990_9383263991_9383263992_9383263993_13,1
10340.0,-593847703#3,4
10340.0,30620492#0,14
10340.0,30620492#1,5
10340.0,506322842#0,1
10340.0,506322844#0,6
10340.0,594658760#0,3
10360.0,-300077497#5,1
10360.0,-300077497#8,1
10360.0,-593847703#3,4
10360.0,263217604#0,1
10360.0,30620492#0,18
10360.0,30620492#1,5
10360.0,506322844#0,1
10360.0,506322846#0,1
10360.0,594658760#0,3
10360.0,:655375238_5,1
10360.0,:655375239_5,1
10380.0,-300077497#5,5
10380.0,-E0,3
10380.0,263217604#0,1
10380.0,288135626#0,1
10380.0,30620492#0,18
10380.0,30620492#1,5
10400.0,-300077497#5,1
10400.0,-593847703#3,2
10400.0,1068234499#0,1
10400.0,263217604#0,1
10400.0,30620492#0,18
10400.0,30620492#1,3
10400.0,:cluster_2528018119_655375236_17,2
10400.0,:cluster_9383263990_9383263991_9383263992_9383263993_13,2
10420.0,-593847703#3,5
10420.0,1068234499#0,1
10420.0,30620492#0,11
10420.0,30620492#1,5
10420.0,506322842#0,1
10420.0,506322844#0,6
10420.0,594658760#0,1
10440.0,-593847703#3,5
10440.0,1068234499#0,1
10440.0,30620492#0,18
10440.0,30620492#1,5
10440.0,506322842#0,1
10440.0,506322844#0,6
10440.0,594658760#0,1
10460.0,-300077497#5,4
10460.0,-593847703#3,6
10460.0,263217604#0,2
10460.0,30620492#0,18
10460.0,30620492#1,5
10460.0,506322846#2,1
10480.0,-300077497#5,4
10480.0,263217604#0,2
10480.0,30620492#0,18
10480.0,30620492#1,5
10480.0,:2444664370_0,1
10500.0,-593847703#3,4
10500.0,1068234499#0,1
10500.0,30620492#0,14
10500.0,30620492#1,4
10500.0,360843888,1
10500.0,506322844#0,5
10500.0,594658757#0,1
10520.0,-593847703#3,4
10520.0,1068234499#0,1
10520.0,30620492#0,16
10520.0,30620492#1,5
10520.0,360843888,1
10520.0,506322844#0,5
10520.0,594658757#0,1
10540.0,-300077497#5,1
10540.0,-300077497#8,2
10540.0,-593847703#3,5
10540.0,30620492#0,18
10540.0,30620492#1,5
10540.0,360843888,1
10540.0,506322844#0,1
10540.0,594658757#0,1
10540.0,:655375239_5,1
10560.0,-300077497#5,5
10560.0,-593847703#3,5
10560.0,30620492#0,18
10560.0,30620492#1,5
10560.0,360843888,1
10560.0,:cluster655375336_end_0_655375336_end_1_655375336_end_10_655375336_end_11_#8more_21,1
10580.0,-300077497#5,1
10580.0,-593847703#3,1
10580.0,182334378#0,1
10580.0,30620492#0,18
10580.0,30620492#1,3
10580.0,:3208478128_0,1
10580.0,:655375233_4,1
10580.0,:cluster_2528018119_655375236_17,2
10580.0,:cluster_9383263990_9383263991_9383263992_9383263993_13,2
10600.0,-593847703#3,4
10600.0,244450512#5,1
10600.0,30620492#0,12
10600.0,30620492#1,4
10600.0,506322844#0,7
10620.0,-593847703#3,4
10620.0,244450512#5,1
10620.0,30620492#0,16
10620.0,30620492#1,5
10620.0,506322844#0,8
10640.0,-300077497#5,4
10640.0,-593847703#3,4
10640.0,244450512#5,1
10640.0,263217604#0,4
10640.0,30620492#0,18
10640.0,30620492#1,5
10660.0,-300077497#5,4
10660.0,-593847703#3,4
10660.0,244450512#5,1
10660.0,263217604#0,4
10660.0,30620492#0,18
10660.0,30620492#1,5
10680.0,-593847703#3,3
10680.0,182334378#0,1
10680.0,30620492#0,14
10680.0,30620492#1,4
10680.0,506322844#0,5
10680.0,593844221#0,1
10680.0,594658757#0,2
10680.0,594658760#0,2
10680.0,:655375233_4,4
10700.0,30620492#0,15
10700.0,30620492#1,5
10700.0,506322844#0,6
10700.0,594658757#0,2
10700.0,594658760#0,2
10700.0,:cluster655375336_end_0_655375336_end_1_655375336_end_10_655375336_end_11_#8more_30,1
10700.0,:cluster655375336_end_0_655375336_end_1_655375336_end_10_655375336_end_11_#8more_39,1
10720.0,-300077497#5,1
10720.0,-300077497#8,1
10720.0,-E0,2
10720.0,263217604#0,1
10720.0,30620492#0,18
10720.0,30620492#1,5
10720.0,506322844#0,1
10720.0,594658757#0,2
10720.0,594658760#0,2
10720.0,:655375238_5,1
10720.0,:655375239_5,1
10740.0,-300077497#5,5
10740.0,263217604#0,1
10740.0,30620492#0,18
10740.0,30620492#1,5
10740.0,594658757#0,2
10740.0,594658760#0,2
10760.0,-300077497#5,1
10760.0,-593847703#3,2
10760.0,-E0,3
10760.0,263217604#0,1
10760.0,30620492#0,18
10760.0,30620492#1,3
10760.0,:cluster655375336_end_0_655375336_end_1_655375336_end_10_655375336_end_11_#8more_21,1
10760.0,:cluster_2528018119_655375236_17,2
10760.0,:cluster_9383263990_9383263991_9383263992_9383263993_13,2
10780.0,-593847703#3,3
10780.0,30620492#0,12
10780.0,30620492#1,5
10780.0,506322842#0,1
10780.0,506322844#0,5
10780.0,594658760#0,1
10780.0,:655375233_4,2
10800.0,30620492#0,18
10800.0,30620492#1,5
10800.0,506322842#0,1
10800.0,506322844#0,5
10800.0,594658760#0,1
10820.0,-300077497#5,5
10820.0,30620492#0,18
10820.0,30620492#1,5
10820.0,594658760#0,1
10820.0,:cluster_5372642442_631668976_631668981_631669076_36,1
10840.0,-300077497#5,5
10840.0,-E0,1
10840.0,1068234499#0,1
10840.0,30620492#0,18
10840.0,30620492#1,5
10860.0,-593847703#3,5
10860.0,1068234499#0,1
10860.0,30620492#0,14
10860.0,30620492#1,3
10860.0,506322844#0,5
10860.0,:2749340167_0,1
10880.0,-593847703#3,5
10880.0,1068234499#0,1
10880.0,30620492#0,16
10880.0,30620492#1,5
10880.0,506322844#0,5
10900.0,-300077497#8,2
10900.0,182334378#0,1
10900.0,263217604#0,1
10900.0,30620492#0,18
10900.0,30620492#1,5
10900.0,506322844#0,1
10900.0,:655375239_5,1
10920.0,-300077497#5,4
10920.0,263217604#0,1
10920.0,30620492#0,18
10920.0,30620492#1,5
10940.0,-593847703#3,1
10940.0,182334378#0,1
10940.0,263217604#0,1
10940.0,30620492#0,18
10940.0,30620492#1,3
10940.0,:cluster_2528018119_655375236_17,2
10940.0,:cluster_9383263990_9383263991_9383263992_9383263993_13,2
10960.0,-593847703#3,3
10960.0,-E0,1
10960.0,30620492#0,13
10960.0,30620492#1,5
10960.0,506322844#0,5
10960.0,594658760#0,1
10980.0,-593847703#3,3
10980.0,30620492#0,18
10980.0,30620492#1,5
10980.0,506322844#0,5
10980.0,594658760#0,1
11000.0,-300077497#5,5
11000.0,30620492#0,18
11000.0,30620492#1,5
11000.0,594658760#0,1
11020.0,-300077497#5,5
11020.0,-E0,1
11020.0,30620492#0,18
11020.0,30620492#1,5
11040.0,-593847703#3,5
11040.0,30620492#0,14
11040.0,30620492#1,3
11040.0,506322844#0,5
11040.0,:cluster_9383263990_9383263991_9383263992_9383263993_13,1
11060.0,-593847703#3,5
11060.0,30620492#0,14
11060.0,30620492#1,5
11060.0,506322842#0,1
11060.0,506322844#0,6
11080.0,-300077497#8,1
11080.0,-593847703#3,5
11080.0,263217604#0,2
11080.0,30620492#0,18
11080.0,30620492#1,5
11080.0,506322844#0,1
11080.0,506322846#0,1
11080.0,:655375238_5,1
11080.0,:655375239_5,1
11100.0,-300077497#5,4
11100.0,263217604#0,2
11100.0,288135626#0,1
11100.0,30620492#0,18
11100.0,30620492#1,5
11100.0,:655375233_4,1
11120.0,-593847703#3,2
11120.0,1068234499#0,1
11120.0,263217604#0,2
11120.0,30620492#0,18
11120.0,30620492#1,3
11120.0,:cluster_2528018119_655375236_17,2
11120.0,:cluster_9383263990_9383263991_9383263992_9383263993_10,1
11120.0,:cluster_9383263990_9383263991_9383263992_9383263993_13,1
11140.0,-593847703#3,4
11140.0,1068234499#0,1
11140.0,30620492#0,12
11140.0,30620492#1,5
11140.0,506322842#0,1
11140.0,506322844#0,5
11140.0,594658757#0,2
11160.0,-593847703#3,4
11160.0,1068234499#0,1
11160.0,30620492#0,18
11160.0,30620492#1,5
11160.0,506322842#0,1
11160.0,506322844#0,5
11160.0,594658757#0,2
11180.0,-300077497#5,5
11180.0,-593847703#3,4
11180.0,-E0,1
11180.0,30620492#0,18
11180.0,30620492#1,5
11180.0,594658757#0,2
11180.0,:cluster_5372642442_631668976_631668981_631669076_36,1
11200.0,-300077497#5,5
11200.0,1068234499#0,1
11200.0,30620492#0,18
11200.0,30620492#1,5
11200.0,594658757#0,2
11200.0,:655375233_4,4
11220.0,-593847703#3,4
11220.0,1068234499#0,1
11220.0,182334378#0,1
11220.0,30620492#0,14
11220.0,30620492#1,4
11220.0,506322844#0,5
11220.0,594658757#0,1
11240.0,-593847703#3,4
11240.0,1068234499#0,1
11240.0,182334378#0,1
11240.0,30620492#0,15
11240.0,30620492#1,5
11240.0,506322844#0,6
11260.0,-300077497#8,1
11260.0,-593847703#3,4
11260.0,182334378#0,2
11260.0,263217604#0,2
11260.0,30620492#0,18
11260.0,30620492#1,5
11260.0,506322844#0,1
11260.0,:655375238_5,1
11260.0,:655375239_5,1
11280.0,-300077497#5,4
11280.0,-593847703#3,4
11280.0,-E0,2
11280.0,263217604#0,2
11280.0,30620492#0,18
11280.0,30620492#1,5
11300.0,-593847703#3,4
11300.0,263217604#0,2
11300.0,30620492#0,18
11300.0,30620492#1,3
11300.0,:655375233_4,2
11300.0,:cluster_2528018119_655375236_17,2
11300.0,:cluster_9383263990_9383263991_9383263992_9383263993_13,2
11320.0,-593847703#3,3
11320.0,30620492#0,11
11320.0,30620492#1,5
11320.0,506322842#0,1
11320.0,506322844#0,6
11320.0,594658757#0,2
11340.0,-593847703#3,3
11340.0,30620492#0,17
11340.0,30620492#1,5
11340.0,506322842#0,1
11340.0,506322844#0,6
11360.0,-300077497#5,5
11360.0,-593847703#3,3
11360.0,263217604#0,1
11360.0,30620492#0,18
11360.0,30620492#1,5
11360.0,:cluster_5372642442_631668976_631668981_631669076_36,1
11380.0,-300077497#5,5
11380.0,-593847703#3,3
11380.0,263217604#0,1
11380.0,30620492#0,18
11380.0,30620492#1,5
11380.0,:cluster_2528018119_655375236_8,1
11400.0,-593847703#3,8
11400.0,182334378#0,1
11400.0,30620492#0,14
11400.0,30620492#1,4
11400.0,506322844#0,5
11400.0,594658757#0,1
11420.0,-E0,1
11420.0,30620492#0,16
11420.0,30620492#1,5
11420.0,506322844#0,5
11440.0,-300077497#5,1
11440.0,-300077497#8,1
11440.0,30620492#0,18
11440.0,30620492#1,5
11440.0,506322844#0,1
11440.0,:655375238_5,1
11440.0,:655375239_5,1
11460.0,-300077497#5,5
11460.0,30620492#0,18
11460.0,30620492#1,5
11480.0,-300077497#5,2
11480.0,-593847703#3,1
11480.0,182334378#0,1
11480.0,30620492#0,18
11480.0,30620492#1,3
11480.0,:cluster_2528018119_655375236_17,1
11480.0,:cluster_9383263990_9383263991_9383263992_9383263993_13,2
11500.0,-593847703#3,4
11500.0,30620492#0,13
11500.0,30620492#1,5
11500.0,506322844#0,5
11520.0,30620492#0,13
11520.0,30620492#1,5
11520.0,506322844#0,5
11540.0,-300077497#5,5
11540.0,30620492#0,13
11540.0,30620492#1,5
11560.0,-300077497#5,5
11560.0,30620492#0,13
11560.0,30620492#1,5
11580.0,-593847703#3,5
11580.0,30620492#0,9
11580.0,30620492#1,4
11580.0,506322844#0,5
11600.0,-593847703#3,5
11600.0,30620492#0,7
11600.0,30620492#1,5
11600.0,506322844#0,6
11620.0,-300077497#8,1
11620.0,263217604#0,2
11620.0,30620492#0,7
11620.0,30620492#1,5
11620.0,506322844#0,1
11620.0,:655375233_4,1
11620.0,:655375238_5,1
11620.0,:655375239_5,1
11640.0,-300077497#5,4
11640.0,263217604#0,2
11640.0,30620492#0,7
11640.0,30620492#1,5
11660.0,-593847703#3,2
11660.0,263217604#0,2
11660.0,30620492#0,7
11660.0,30620492#1,3
11660.0,:cluster_2528018119_655375236_17,1
11660.0,:cluster_2528018119_655375236_31,1
11660.0,:cluster_9383263990_9383263991_9383263992_9383263993_13,2
11680.0,-593847703#3,3
11680.0,-E0,1
11680.0,30620492#0,2
11680.0,30620492#1,4
11680.0,506322844#0,5
11680.0,594658757#0,1
11680.0,594658760#0,1
11680.0,:cluster_9383263990_9383263991_9383263992_9383263993_13,1
11700.0,-593847703#3,3
11700.0,30620492#0,1
11700.0,30620492#1,5
11700.0,506322844#0,6
11700.0,:cluster655375336_end_0_655375336_end_1_655375336_end_10_655375336_end_11_#8more_17,1
11700.0,:cluster655375336_end_0_655375336_end_1_655375336_end_10_655375336_end_11_#8more_21,1
11720.0,-300077497#5,5
11720.0,263217604#0,1
11720.0,30620492#0,1
11720.0,30620492#1,5
11720.0,:655375233_4,1
11740.0,-300077497#5,5
11740.0,263217604#0,1
11740.0,30620492#0,1
11740.0,30620492#1,5
11760.0,-593847703#3,4
11760.0,-E0,1
11760.0,30620492#1,1
11760.0,506322844#0,5
11760.0,594658760#0,1
11780.0,-593847703#3,4
11780.0,-E0,1
11780.0,506322844#0,6
11800.0,-300077497#5,1
11800.0,-300077497#8,1
11800.0,-593847703#3,4
11800.0,263217604#0,1
11800.0,:655375238_5,1
11800.0,:655375239_5,2
11820.0,-300077497#5,5
11820.0,-593847703#3,2
11820.0,263217604#0,1
11820.0,:655375233_4,2
