time,edge_id,vehicle_count
60.0,-300077497#5,2
60.0,-360018417,1
60.0,-51362429#1,1
60.0,-51362430,1
60.0,-593847703#3,5
60.0,-E0,15
60.0,1068234498#0,21
60.0,1068440001,1
60.0,1068440004#1,13
60.0,1068440006#0,2
60.0,1334905223#0,1
60.0,182334378#0,12
60.0,196961377#0,2
60.0,238526531#0,1
60.0,244450512#1,2
60.0,260881642#0,3
60.0,263217603#0,1
60.0,288135626#0,3
60.0,300077497#0,2
60.0,30620492#0,15
60.0,30620492#1,5
60.0,484988951#0,3
60.0,48794887#0,1
60.0,506322842#0,2
60.0,506322844#0,5
60.0,506322846#2,9
60.0,506322853#0,2
60.0,51362429#0,9
60.0,593847704#0,1
60.0,593849711#2,6
60.0,594658762#0,4
60.0,:655375232_11,1
60.0,:cluster11510670762_4554226152_0,1
60.0,:cluster619136880_619136881_cluster_4510442270_5296993511_5296993513_619136931_#1more_8,1
60.0,:cluster655375228_655375240_0,1
60.0,:cluster655375228_655375240_2,1
60.0,:cluster655375336_end_0_655375336_end_1_655375336_end_10_655375336_end_11_#8more_10,2
60.0,:cluster655375336_end_0_655375336_end_1_655375336_end_10_655375336_end_11_#8more_25,2
60.0,:cluster_2528018119_655375236_17,1
60.0,:cluster_2528018119_655375236_19,1
60.0,:cluster_2528018119_655375236_3,2
60.0,:cluster_2664674491_655375287_655375288_5,1
60.0,:cluster_3208478133_655375293_655375296_9631728504_#1more_8,4
60.0,:cluster_3431431575_4777363357_655375231_6982059025_5,1
60.0,:cluster_5372642442_631668976_631668981_631669076_22,1
60.0,:cluster_5372642442_631668976_631668981_631669076_45,2
60.0,:cluster_9383263990_9383263991_9383263992_9383263993_0,1
60.0,E0,2
80.0,-360018417,1
80.0,-51362429#1,2
80.0,-51362430,3
80.0,-593847703#3,1
80.0,-594658757#2,1
80.0,-E0,17
80.0,1068234498#0,17
80.0,1068234499#0,6
80.0,1068440004#1,19
80.0,1068440006#0,2
80.0,1334904386#0,2
80.0,1334905223#0,1
80.0,182334378#0,13
80.0,196961377#0,4
80.0,238526531#0,7
80.0,244450512#1,2
80.0,260881642#0,3
80.0,263217603#0,1
80.0,288135626#0,1
80.0,30620492#0,18
80.0,30620492#1,5
80.0,35274074#0,2
80.0,484988951#0,4
80.0,49073226#2,3
80.0,49695736#0,6
80.0,506322841#4,1
80.0,506322842#0,5
80.0,506322844#0,5
80.0,506322846#2,11
80.0,506322853#0,2
80.0,51362429#0,13
80.0,51392936#0,1
80.0,593847702#0,1
80.0,593847704#0,1
80.0,593847705,1
80.0,593849711#2,8
80.0,594658762#0,4
80.0,668037874,1
80.0,:2444664370_0,1
80.0,:655375232_8,1
80.0,:655375233_4,2
80.0,:655375238_1,1
80.0,:cluster655375336_end_0_655375336_end_1_655375336_end_10_655375336_end_11_#8more_10,1
80.0,:cluster655375336_end_0_655375336_end_1_655375336_end_10_655375336_end_11_#8more_12,2
80.0,:cluster655375336_end_0_655375336_end_1_655375336_end_10_655375336_end_11_#8more_25,2
80.0,:cluster_2038168688_655375573_3,1
80.0,:cluster_2664674491_655375287_655375288_5,1
80.0,:cluster_3208478133_655375293_655375296_9631728504_#1more_8,3
80.0,:cluster_5372642442_631668976_631668981_631669076_26,1
80.0,:cluster_5372642442_631668976_631668981_631669076_45,2
80.0,E0,2
100.0,-300077497#5,1
100.0,-300077497#8,2
100.0,-35274074#2,3
100.0,-51362430,5
100.0,-593847703#3,2
100.0,-594658757#2,3
100.0,-E0,19
100.0,1068234498#0,22
100.0,1068234499#0,7
100.0,1068440001,1
100.0,1068440004#1,14
100.0,1068440006#0,2
100.0,1334904386#0,1
100.0,182334378#0,13
100.0,186602412#0,1
100.0,196961377#0,6
100.0,232003903#0,2
100.0,238526531#0,6
100.0,244450512#1,2
100.0,260881642#0,4
100.0,263217603#0,1
100.0,288135626#0,1
100.0,288135628#0,1
100.0,288878926#0,3
100.0,300077497#0,2
100.0,303647015#0,1
100.0,30620492#0,18
100.0,30620492#1,5
100.0,35274074#0,1
100.0,484988951#0,3
100.0,48794887#0,1
100.0,49073226#2,3
100.0,49073272#4,1
100.0,49695736#0,5
100.0,506322842#0,1
100.0,506322844#0,2
100.0,506322846#0,6
100.0,506322846#2,4
100.0,506322848#0,2
100.0,506322851#0,2
100.0,506322853#0,2
100.0,51362429#0,15
100.0,593844221#0,2
100.0,593847702#0,6
100.0,593847704#0,1
100.0,593847705,1
100.0,593849711#2,12
100.0,593849718#0,1
100.0,594658762#0,5
100.0,668037874,1
100.0,:1973482489_3,1
100.0,:655375233_8,4
100.0,:655375239_5,1
100.0,:cluster3086736522_655375108_655375247_655375401_#1more_8,1
100.0,:cluster655375336_end_0_655375336_end_1_655375336_end_10_655375336_end_11_#8more_10,1
100.0,:cluster655375336_end_0_655375336_end_1_655375336_end_10_655375336_end_11_#8more_12,3
100.0,:cluster_2038168688_655375573_9,1
100.0,:cluster_2528018119_655375236_12,2
100.0,:cluster_2528018119_655375236_20,1
100.0,:cluster_2528018119_655375236_32,1
100.0,:cluster_3208478133_655375293_655375296_9631728504_#1more_8,2
100.0,:cluster_3431431575_4777363357_655375231_6982059025_3,1
100.0,:cluster_3431431575_4777363357_655375231_6982059025_5,1
100.0,:cluster_623980147_623980152_4,1
100.0,:cluster_9383263990_9383263991_9383263992_9383263993_7,1
100.0,E0,2
120.0,-1334905223#2,2
120.0,-300077497#5,8
120.0,-35274074#2,6
120.0,-51362430,4
120.0,-593847703#3,3
120.0,-594658757#2,5
120.0,-E0,19
120.0,1068234498#0,31
120.0,1068234499#0,6
120.0,1068440001,4
120.0,1068440004#1,17
120.0,1068440006#0,2
120.0,1334904386#0,1
120.0,182334378#0,16
120.0,196961377#0,8
120.0,232003903#0,2
120.0,244450512#1,3
120.0,260881642#0,2
120.0,263217603#0,1
120.0,263217604#0,1
120.0,288135626#0,1
120.0,288878926#0,8
120.0,300077497#0,8
120.0,303647015#0,1
120.0,30620492#0,18
120.0,30620492#1,5
120.0,35274074#0,1
120.0,484988951#0,4
120.0,506322840#0,1
120.0,506322844#0,3
120.0,506322846#2,3
120.0,506322851#0,1
120.0,506322851#2,1
120.0,506322853#0,2
120.0,51362429#0,16
120.0,593844221#0,2
120.0,593847702#0,7
120.0,593847705,1
120.0,593849711#2,15
120.0,593849718#0,2
120.0,594658762#0,9
120.0,668037874,2
120.0,:655375238_1,1
120.0,:655375238_5,1
120.0,:655375241_0,1
120.0,:cluster11510670762_4554226152_0,1
120.0,:cluster3086736522_655375108_655375247_655375401_#1more_11,1
120.0,:cluster619136880_619136881_cluster_4510442270_5296993511_5296993513_619136931_#1more_8,1
120.0,:cluster622618015_622618108_622618112_622618144_#2more_39,1
120.0,:cluster_2528018119_655375236_12,1
120.0,:cluster_2528018119_655375236_29,2
120.0,:cluster_3208478133_655375293_655375296_9631728504_#1more_8,5
120.0,:cluster_5372642442_631668976_631668981_631669076_36,1
120.0,:cluster_5372642442_631668976_631668981_631669076_47,1
120.0,E0,2
140.0,-300077497#5,5
140.0,-35274074#2,6
140.0,-360018417,5
140.0,-51362430,6
140.0,-593847703#3,5
140.0,-594658757#2,1
140.0,-E0,18
140.0,1068234498#0,38
140.0,1068234499#0,8
140.0,1068440001,7
140.0,1068440004#1,21
140.0,1068440006#0,2
140.0,1334904386#0,1
140.0,182334378#0,12
140.0,196961377#0,6
140.0,244450512#1,3
140.0,263217604#0,1
140.0,288878926#0,8
140.0,300077497#0,6
140.0,303647015#0,5
140.0,30620492#0,18
140.0,30620492#1,5
140.0,35274074#0,4
140.0,484988951#0,4
140.0,48794887#0,1
140.0,49073272#4,2
140.0,49695736#0,6
140.0,506322841#4,1
140.0,506322842#0,1
140.0,506322844#0,6
140.0,506322846#2,2
140.0,506322853#0,1
140.0,51362429#0,13
140.0,51362430,3
140.0,593847702#0,7
140.0,593847703#0,1
140.0,593849711#2,18
140.0,594658762#0,10
140.0,:3086736518_0,1
140.0,:3086736518_6,1
140.0,:655375232_2,3
140.0,:655375233_0,1
140.0,:655375238_6,1
140.0,:656132414_2,1
140.0,:cluster11510670762_4554226152_0,2
140.0,:cluster619136880_619136881_cluster_4510442270_5296993511_5296993513_619136931_#1more_12,1
140.0,:cluster619136880_619136881_cluster_4510442270_5296993511_5296993513_619136931_#1more_8,1
140.0,:cluster655375228_655375240_0,1
140.0,:cluster655375228_655375240_13,1
140.0,:cluster655375336_end_0_655375336_end_1_655375336_end_10_655375336_end_11_#8more_12,3
140.0,:cluster655375336_end_0_655375336_end_1_655375336_end_10_655375336_end_11_#8more_25,1
140.0,:cluster655375336_end_0_655375336_end_1_655375336_end_10_655375336_end_11_#8more_40,1
140.0,:cluster_2038168688_655375573_23,1
140.0,:cluster_2038168688_655375573_24,1
140.0,:cluster_2038168688_655375573_3,1
140.0,:cluster_2038168688_655375573_6,1
140.0,:cluster_2528018119_655375236_17,1
140.0,:cluster_2528018119_655375236_19,1
140.0,E0,1
160.0,-35274074#2,5
160.0,-360018417,5
160.0,-51362429#1,1
160.0,-51362430,8
160.0,-593847703#3,10
160.0,-593847704#2,3
160.0,-594658757#2,6
160.0,-E0,19
160.0,1068234498#0,30
160.0,1068234499#0,11
160.0,1068440001,9
160.0,1068440004#1,27
160.0,1068440006#0,2
160.0,1334904386#0,3
160.0,1334905223#0,2
160.0,182334378#0,11
160.0,186602412#0,3
160.0,196961377#0,10
160.0,238526531#0,1
160.0,244450512#1,3
160.0,263217603#0,1
160.0,288135626#0,2
160.0,288135628#0,1
160.0,288878926#0,2
160.0,300077497#6,5
160.0,30620492#0,18
160.0,30620492#1,5
160.0,484988951#0,4
160.0,49695736#0,7
160.0,506322842#0,7
160.0,506322844#0,6
160.0,506322846#0,6
160.0,506322846#2,3
160.0,506322853#0,1
160.0,51362429#0,14
160.0,51392936#0,1
160.0,593847702#0,7
160.0,593847703#0,3
160.0,593847704#0,1
160.0,593847705,1
160.0,593849711#0,1
160.0,593849711#2,17
160.0,594658760#0,1
160.0,594658762#0,6
160.0,:1973482489_3,1
160.0,:3086736518_0,2
160.0,:655375232_2,1
160.0,:655375232_4,1
160.0,:655375232_6,2
160.0,:cluster11510670762_4554226152_0,2
160.0,:cluster622618015_622618108_622618112_622618144_#2more_0,1
160.0,:cluster655375228_655375240_0,2
160.0,:cluster655375336_end_0_655375336_end_1_655375336_end_10_655375336_end_11_#8more_10,1
160.0,:cluster655375336_end_0_655375336_end_1_655375336_end_10_655375336_end_11_#8more_40,2
160.0,:cluster655375336_end_0_655375336_end_1_655375336_end_10_655375336_end_11_#8more_6,1
160.0,:cluster_2528018119_655375236_3,1
160.0,:cluster_5372642442_631668976_631668981_631669076_22,1
160.0,:cluster_5372642442_631668976_631668981_631669076_26,1
160.0,:cluster_5372642442_631668976_631668981_631669076_45,2
160.0,E0,1
180.0,-35274074#2,5
180.0,-360018417,5
180.0,-51362429#1,1
180.0,-51362430,13
180.0,-593847703#3,4
180.0,-594658757#2,8
180.0,-E0,19
180.0,1068234498#0,26
180.0,1068234499#0,13
180.0,1068440001,9
180.0,1068440004#1,33
180.0,1068440006#0,5
180.0,1334904386#0,9
180.0,1334905223#0,1
180.0,182334378#0,11
180.0,186602412#0,5
180.0,196961377#0,11
180.0,238526531#0,9
180.0,244450512#1,3
180.0,300077497#0,2
180.0,300077497#6,5
180.0,30620492#0,18
180.0,30620492#1,5
180.0,35274074#0,1
180.0,484988951#0,2
180.0,48794887#0,1
180.0,49073226#2,7
180.0,49695736#0,8
180.0,506322840#0,1
180.0,506322841#4,1
180.0,506322842#0,8
180.0,506322844#0,6
180.0,506322846#2,2
180.0,506322853#0,1
180.0,51362429#0,16
180.0,51362430,2
180.0,593847702#0,7
180.0,593847704#0,1
180.0,593847705,1
180.0,593849711#2,15
180.0,594658760#0,1
180.0,594658762#0,4
180.0,668037874,1
180.0,:2444664370_0,1
180.0,:3086736518_0,2
180.0,:3086736518_3,1
180.0,:655375232_2,1
180.0,:655375232_8,2
180.0,:655375233_2,1
180.0,:655375233_4,1
180.0,:cluster11510670762_4554226152_0,2
180.0,:cluster_5372642442_631668976_631668981_631669076_45,1
180.0,E0,2
200.0,-1334905223#2,1
200.0,-300077497#5,5
200.0,-35274074#2,11
200.0,-51362429#1,4
200.0,-51362430,19
200.0,-593847703#3,8
200.0,-594658757#2,9
200.0,-E0,19
200.0,1068234498#0,30
200.0,1068234499#0,8
200.0,1068440001,9
200.0,1068440004#1,27
200.0,1068440006#0,3
200.0,1334904386#0,2
200.0,182334378#0,17
200.0,196961377#0,13
200.0,244450512#1,3
200.0,263217603#0,1
200.0,263217604#0,2
200.0,300077497#0,6
200.0,300077497#6,5
200.0,303647015#0,7
200.0,30620492#0,18
200.0,30620492#1,5
200.0,35274074#0,2
200.0,484988951#0,4
200.0,49073226#2,8
200.0,49073272#1,1
200.0,49073272#4,4
200.0,506322842#0,2
200.0,506322844#0,2
200.0,506322846#0,3
200.0,506322846#2,6
200.0,506322848#0,1
200.0,506322851#0,1
200.0,506322853#0,1
200.0,51362429#0,16
200.0,51362430,1
200.0,593844216#0,1
200.0,593847702#0,2
200.0,593847704#0,2
200.0,593847705,1
200.0,593849711#2,17
200.0,594658760#0,1
200.0,594658762#0,7
200.0,:3086736518_0,2
200.0,:655375232_2,1
200.0,:655375233_8,4
200.0,:655375238_1,1
200.0,:655375238_5,1
200.0,:655375239_5,1
200.0,:cluster11510670762_4554226152_0,2
200.0,:cluster619136880_619136881_cluster_4510442270_5296993511_5296993513_619136931_#1more_12,1
200.0,:cluster_2038168688_655375573_17,1
200.0,:cluster_2038168688_655375573_21,1
200.0,:cluster_2038168688_655375573_8,1
200.0,:cluster_2528018119_655375236_12,2
200.0,:cluster_2528018119_655375236_20,1
200.0,:cluster_3431431575_4777363357_655375231_6982059025_3,1
200.0,:cluster_3431431575_4777363357_655375231_6982059025_5,1
200.0,:cluster_9383263990_9383263991_9383263992_9383263993_7,1
200.0,E0,2
220.0,-300077497#5,9
220.0,-35274074#2,12
220.0,-51362429#1,4
220.0,-51362430,19
220.0,-593847703#3,8
220.0,-594658757#2,3
220.0,-E0,19
220.0,1068234498#0,33
220.0,1068234499#0,3
220.0,1068440001,9
220.0,1068440004#1,23
220.0,1239087514,1
220.0,1334904386#0,1
220.0,182334378#0,21
220.0,196961377#0,11
220.0,196961377#3,3
220.0,244450512#1,3
220.0,263217604#0,2
220.0,288135626#0,1
220.0,288135628#0,1
220.0,300077497#0,11
220.0,303647015#0,5
220.0,30620492#0,18
220.0,30620492#1,5
220.0,35274074#0,4
220.0,484988951#0,5
220.0,48794887#0,1
220.0,49073226#2,9
220.0,49073272#3,1
220.0,49073272#4,1
220.0,506322842#0,3
220.0,506322844#0,5
220.0,506322846#2,4
220.0,506322851#0,4
220.0,506322851#2,2
220.0,506322853#0,1
220.0,51362429#0,17
220.0,51362430,2
220.0,593844216#0,1
220.0,593847702#0,12
220.0,593847705,1
220.0,593849711#2,18
220.0,593849718#0,2
220.0,594658762#0,11
220.0,:3086736518_0,2
220.0,:619136999_0,1
220.0,:655375232_2,1
220.0,:655375238_6,1
220.0,:655375239_3,2
220.0,:cluster11510670762_4554226152_0,2
220.0,:cluster3086736522_655375108_655375247_655375401_#1more_11,2
220.0,:cluster619136880_619136881_cluster_4510442270_5296993511_5296993513_619136931_#1more_8,1
220.0,:cluster655375336_end_0_655375336_end_1_655375336_end_10_655375336_end_11_#8more_16,1
220.0,:cluster_2038168688_655375573_30,1
220.0,:cluster_2528018119_655375236_29,1
220.0,E0,2
240.0,-300077497#5,3
240.0,-35274074#2,12
240.0,-360018417,5
240.0,-51362429#1,4
240.0,-51362430,18
240.0,-593847703#3,13
240.0,-E0,18
240.0,1068234498#0,27
240.0,1068234499#0,4
240.0,1068440001,4
240.0,1068440004#1,32
240.0,1334904386#0,1
240.0,1334905223#0,2
240.0,182334378#0,23
240.0,196961377#0,7
240.0,196961377#3,3
240.0,238526531#0,1
240.0,244450512#1,3
240.0,260881642#0,3
240.0,263217603#0,1
240.0,288135626#0,2
240.0,300077497#0,3
240.0,300077497#6,3
240.0,303647015#0,4
240.0,30620492#0,18
240.0,30620492#1,5
240.0,35274074#0,2
240.0,360018417,1
240.0,360843888,1
240.0,484988951#0,5
240.0,49073226#2,9
240.0,506322841#3,1
240.0,506322842#0,6
240.0,506322844#0,5
240.0,506322846#0,4
240.0,506322846#2,6
240.0,506322853#0,7
240.0,51362429#0,15
240.0,51362430,3
240.0,593844216#0,1
240.0,593844221#0,2
240.0,593847702#0,12
240.0,593849711#2,18
240.0,594658760#0,1
240.0,594658762#0,9
240.0,668037874,1
240.0,:3086736518_0,1
240.0,:3086736518_6,1
240.0,:655375232_2,3
240.0,:655375233_0,2
240.0,:655375238_0,1
240.0,:656132414_2,1
240.0,:cluster11510670762_4554226152_0,1
240.0,:cluster622618015_622618108_622618112_622618144_#2more_49,2
240.0,:cluster655375228_655375240_0,1
240.0,:cluster_2038168688_655375573_3,2
240.0,:cluster_2038168688_655375573_30,1
240.0,:cluster_2038168688_655375573_6,2
240.0,:cluster_3208478133_655375293_655375296_9631728504_#1more_8,4
240.0,:cluster_5372642442_631668976_631668981_631669076_26,1
240.0,:cluster_5372642442_631668976_631668981_631669076_45,2
240.0,E0,3
260.0,-300077497#5,3
260.0,-35274074#2,12
260.0,-360018417,5
260.0,-51362429#1,4
260.0,-51362430,15
260.0,-593847703#3,13
260.0,-E0,18
260.0,1068234498#0,20
260.0,1068234499#0,7
260.0,1068440001,5
260.0,1068440004#1,33
260.0,1334904386#0,1
260.0,1334905223#0,2
260.0,182334378#0,21
260.0,186602412#0,4
260.0,196961377#0,9
260.0,238526531#0,8
260.0,244450512#1,2
260.0,260881642#0,3
260.0,300077497#0,3
260.0,300077497#6,5
260.0,30620492#0,18
260.0,30620492#1,5
260.0,360843888,1
260.0,484988951#0,2
260.0,48794887#0,1
260.0,49073226#2,10
260.0,49695736#0,7
260.0,506322840#0,1
260.0,506322842#0,10
260.0,506322844#0,5
260.0,506322846#0,3
260.0,506322846#2,8
260.0,506322853#0,7
260.0,51362429#0,12
260.0,51362430,1
260.0,593844216#0,1
260.0,593844221#0,1
260.0,593847702#0,12
260.0,593847703#0,8
260.0,593847705,1
260.0,593849711#0,1
260.0,593849711#2,18
260.0,594658760#0,1
260.0,594658762#0,5
260.0,668037874,1
260.0,:1973482489_3,1
260.0,:3086736518_0,1
260.0,:3086736518_6,1
260.0,:655375232_2,2
260.0,:cluster655375228_655375240_0,1
260.0,:cluster655375336_end_0_655375336_end_1_655375336_end_10_655375336_end_11_#8more_10,2
260.0,:cluster655375336_end_0_655375336_end_1_655375336_end_10_655375336_end_11_#8more_25,1
260.0,:cluster_2038168688_655375573_24,1
260.0,:cluster_2528018119_655375236_3,1
260.0,:cluster_3208478133_655375293_655375296_9631728504_#1more_8,2
260.0,:cluster_3431431575_4777363357_655375231_6982059025_5,1
260.0,:cluster_3431431575_4777363357_655375231_6982059025_7,1
260.0,:cluster_5372642442_631668976_631668981_631669076_45,2
260.0,E0,2
280.0,-300077497#5,4
280.0,-300077497#8,1
280.0,-35274074#2,12
280.0,-360018417,1
280.0,-51362429#1,4
280.0,-51362430,11
280.0,-593847703#3,12
280.0,-E0,19
280.0,1068234498#0,21
280.0,1068234499#0,4
280.0,1068440001,4
280.0,1068440004#1,33
280.0,1068440006#0,3
280.0,182334378#0,21
280.0,186602412#0,3
280.0,196961377#0,11
280.0,238526531#0,9
280.0,244450512#1,3
280.0,260881642#0,4
280.0,263217603#0,1
280.0,288135628#0,1
280.0,300077497#0,6
280.0,300077497#6,5
280.0,303647015#0,1
280.0,30620492#0,18
280.0,30620492#1,5
280.0,360843888,1
280.0,484988951#0,4
280.0,48794887#0,1
280.0,49073226#2,11
280.0,49073272#4,3
280.0,49695736#0,8
280.0,506322841#4,1
280.0,506322842#0,4
280.0,506322844#0,2
280.0,506322846#0,5
280.0,506322846#2,3
280.0,506322848#0,3
280.0,506322851#0,2
280.0,506322853#0,7
280.0,51362429#0,16
280.0,593844216#0,1
280.0,593844221#0,1
280.0,593847702#0,4
280.0,593847703#0,7
280.0,593847705,1
280.0,593849711#2,14
280.0,593849718#0,2
280.0,594658760#0,1
280.0,594658762#0,6
280.0,668037874,1
280.0,:3086736518_0,1
280.0,:3086736518_3,1
280.0,:3086736518_6,1
280.0,:3208478121_0,1
280.0,:655375232_2,2
280.0,:655375232_4,1
280.0,:655375232_6,1
280.0,:655375233_4,2
280.0,:655375238_5,1
280.0,:655375239_5,1
280.0,:656132414_2,1
280.0,:cluster622618015_622618108_622618112_622618144_#2more_31,6
280.0,:cluster655375336_end_0_655375336_end_1_655375336_end_10_655375336_end_11_#8more_10,2
280.0,:cluster655375336_end_0_655375336_end_1_655375336_end_10_655375336_end_11_#8more_25,3
280.0,:cluster_2038168688_655375573_17,1
280.0,:cluster_2528018119_655375236_12,2
280.0,:cluster_2528018119_655375236_20,1
280.0,:cluster_2528018119_655375236_32,1
280.0,:cluster_3208478133_655375293_655375296_9631728504_#1more_8,2
280.0,:cluster_9383263990_9383263991_9383263992_9383263993_7,1
280.0,E0,2
300.0,-300077497#5,11
300.0,-300077497#8,1
300.0,-35274074#2,12
300.0,-51362429#1,5
300.0,-51362430,7
300.0,-593847701,1
300.0,-593847703#3,8
300.0,-593847705,1
300.0,-E0,19
300.0,1068234498#0,28
300.0,1068234499#0,4
300.0,1068440001,5
300.0,1068440004#1,31
300.0,1068440006#0,2
300.0,1334904386#0,2
300.0,182334378#0,22
300.0,196961377#0,13
300.0,238526531#0,6
300.0,244450512#1,3
300.0,260881642#0,2
300.0,263217604#0,1
300.0,300077497#0,14
300.0,300077497#6,5
300.0,30620492#0,18
300.0,30620492#1,5
300.0,360843888,1
300.0,484988951#0,4
300.0,49073226#2,12
300.0,49073272#1,1
300.0,49695736#0,10
300.0,506322840#0,1
300.0,506322842#0,3
300.0,506322844#0,3
300.0,506322846#0,1
300.0,506322846#2,4
300.0,506322851#0,4
300.0,506322853#0,7
300.0,51362429#0,17
300.0,593842812#0,1
300.0,593844221#0,1
300.0,593847703#0,7
300.0,593847705,1
300.0,593849711#2,14
300.0,594658760#0,1
300.0,594658762#0,9
300.0,668037874,1
300.0,:3086736518_0,1
300.0,:3086736518_6,1
300.0,:655375232_2,2
300.0,:655375232_4,1
300.0,:655375232_6,1
300.0,:655375233_4,2
300.0,:655375233_8,2
300.0,:655375241_0,2
300.0,:656132414_2,1
300.0,:cluster11510670762_4554226152_0,2
300.0,:cluster619136880_619136881_cluster_4510442270_5296993511_5296993513_619136931_#1more_8,1
300.0,:cluster655375336_end_0_655375336_end_1_655375336_end_10_655375336_end_11_#8more_31,1
300.0,:cluster_2038168688_655375573_17,1
300.0,:cluster_2528018119_655375236_12,2
300.0,:cluster_2528018119_655375236_20,1
300.0,:cluster_3208478133_655375293_655375296_9631728504_#1more_8,4
300.0,:cluster_5372642442_631668976_631668981_631669076_36,1
300.0,E0,2
320.0,-300077497#5,10
320.0,-35274074#2,12
320.0,-360018417,5
320.0,-51362429#1,5
320.0,-51362430,12
320.0,-593847701,1
320.0,-593847703#3,9
320.0,-593847705,1
320.0,-E0,19
320.0,1068234498#0,33
320.0,1068234499#0,5
320.0,1068440001,8
320.0,1068440004#1,30
320.0,1068440006#0,1
320.0,1334904386#0,2
320.0,182334378#0,21
320.0,196961377#0,9
320.0,196961377#3,1
320.0,238526531#0,6
320.0,244450512#1,3
320.0,244450512#5,1
320.0,263217604#0,1
320.0,288135626#0,2
320.0,300077497#0,15
320.0,30620492#0,18
320.0,30620492#1,4
320.0,35274074#0,2
320.0,360018417,1
320.0,484988951#0,4
320.0,49073226#2,12
320.0,49073272#4,2
320.0,49695736#0,8
320.0,506322842#0,3
320.0,506322844#0,6
320.0,506322846#2,4
320.0,506322853#0,8
320.0,51362429#0,17
320.0,51362430,2
320.0,593844221#0,1
320.0,593847703#0,3
320.0,593847705,1
320.0,593849711#2,14
320.0,594658760#0,1
320.0,594658762#0,7
320.0,:2444664370_0,1
320.0,:3086736518_0,1
320.0,:3086736518_6,1
320.0,:655375232_2,2
320.0,:655375232_4,1
320.0,:655375232_6,1
320.0,:655375233_4,2
320.0,:655375233_8,4
320.0,:655375238_6,1
320.0,:cluster11510670762_4554226152_0,2
320.0,:cluster619136880_619136881_cluster_4510442270_5296993511_5296993513_619136931_#1more_12,1
320.0,:cluster655375228_655375240_0,1
320.0,:cluster655375228_655375240_2,1
320.0,:cluster655375336_end_0_655375336_end_1_655375336_end_10_655375336_end_11_#8more_10,1
320.0,:cluster655375336_end_0_655375336_end_1_655375336_end_10_655375336_end_11_#8more_12,1
320.0,:cluster655375336_end_0_655375336_end_1_655375336_end_10_655375336_end_11_#8more_25,2
320.0,:cluster_2528018119_655375236_17,1
320.0,:cluster_2528018119_655375236_19,1
320.0,:cluster_2528018119_655375236_3,2
320.0,:cluster_3208478133_655375293_655375296_9631728504_#1more_1,1
320.0,:cluster_3208478133_655375293_655375296_9631728504_#1more_8,1
340.0,-300077497#5,7
340.0,-300077497#8,1
340.0,-35274074#2,12
340.0,-360018417,5
340.0,-51362429#1,5
340.0,-51362430,17
340.0,-593847701,1
340.0,-593847703#3,11
340.0,-593847704#2,1
340.0,-593847705,1
340.0,-594658757#2,3
340.0,-E0,19
340.0,1068234498#0,25
340.0,1068234499#0,9
340.0,1068440001,9
340.0,1068440004#1,33
340.0,1068440006#0,1
340.0,1334904386#0,3
340.0,182334378#0,17
340.0,196961377#0,10
340.0,196961377#3,1
340.0,238526531#0,11
340.0,244450512#1,3
340.0,244450512#4,1
340.0,244450512#5,1
340.0,263217603#0,1
340.0,288878926#0,3
340.0,300077497#0,11
340.0,30620492#0,17
340.0,30620492#1,5
340.0,35274074#0,3
340.0,484988951#0,5
340.0,49073226#2,6
340.0,49695736#0,12
340.0,506322840#0,1
340.0,506322842#0,3
340.0,506322844#0,6
340.0,506322846#0,5
340.0,506322846#2,1
340.0,506322853#0,8
340.0,51362429#0,17
340.0,51362430,1
340.0,593844221#0,1
340.0,593847703#0,1
340.0,593847705,1
340.0,593849711#2,14
340.0,594658760#0,1
340.0,:1973482489_8,1
340.0,:3086736518_0,1
340.0,:3086736518_6,1
340.0,:655375232_2,2
340.0,:655375232_4,1
340.0,:655375232_6,1
340.0,:655375233_4,2
340.0,:655375233_8,4
340.0,:655375238_6,1
340.0,:cluster11510670762_4554226152_0,2
340.0,:cluster622618015_622618108_622618112_622618144_#2more_2,1
340.0,:cluster655375336_end_0_655375336_end_1_655375336_end_10_655375336_end_11_#8more_12,2
340.0,:cluster655375336_end_0_655375336_end_1_655375336_end_10_655375336_end_11_#8more_40,1
340.0,:cluster_2038168688_655375573_3,1
340.0,:cluster_2528018119_655375236_17,2
340.0,:cluster_5372642442_631668976_631668981_631669076_26,1
340.0,:cluster_5372642442_631668976_631668981_631669076_45,2
340.0,:cluster_623980147_623980152_4,1
340.0,:cluster_9383263990_9383263991_9383263992_9383263993_0,1
360.0,-300077497#5,3
360.0,-35274074#2,12
360.0,-360018417,5
360.0,-51362430,19
360.0,-593847701,1
360.0,-593847703#3,18
360.0,-593847705,1
360.0,-594658757#2,7
360.0,-E0,19
360.0,1068234498#0,21
360.0,1068234499#0,9
360.0,1068440001,9
360.0,1068440004#1,33
360.0,1068440006#0,1
360.0,1334904386#0,7
360.0,182334378#0,10
360.0,186602412#0,4
360.0,196961377#0,10
360.0,238526531#0,19
360.0,244450512#1,3
360.0,244450512#5,2
360.0,288135626#0,1
360.0,288878926#0,7
360.0,300077497#0,5
360.0,300077497#6,2
360.0,30620492#0,18
360.0,30620492#1,5
360.0,35274074#0,2
360.0,484988951#0,5
360.0,49073226#2,5
360.0,49695736#0,12
360.0,506322842#0,3
360.0,506322844#0,6
360.0,506322846#0,3
360.0,506322846#2,1
360.0,506322853#0,8
360.0,51362429#0,17
360.0,593844221#0,1
360.0,593849711#2,14
360.0,594658760#0,1
360.0,:1973482489_3,1
360.0,:3086736518_6,1
360.0,:655375232_2,3
360.0,:655375232_4,1
360.0,:655375232_6,1
360.0,:655375233_0,2
360.0,:655375233_4,2
360.0,:655375233_8,4
360.0,:655375238_6,1
360.0,:cluster11510670762_4554226152_0,2
360.0,:cluster622618015_622618108_622618112_622618144_#2more_45,1
360.0,:cluster622618015_622618108_622618112_622618144_#2more_49,1
360.0,:cluster655375336_end_0_655375336_end_1_655375336_end_10_655375336_end_11_#8more_12,2
360.0,:cluster655375336_end_0_655375336_end_1_655375336_end_10_655375336_end_11_#8more_40,1
360.0,:cluster_2038168688_655375573_23,1
360.0,:cluster_2528018119_655375236_26,1
380.0,-300077497#5,7
380.0,-300077497#8,1
380.0,-35274074#2,12
380.0,-51362430,19
380.0,-593847701,1
380.0,-593847703#3,21
380.0,-593847705,1
380.0,-594658757#2,9
380.0,-E0,19
380.0,1068234498#0,28
380.0,1068234499#0,5
380.0,1068440001,9
380.0,1068440004#1,33
380.0,1239087514,1
380.0,1334904386#0,1
380.0,182334378#0,15
380.0,186602412#0,3
380.0,196961377#0,10
380.0,238526531#0,15
380.0,244450512#1,3
380.0,244450512#5,2
380.0,263217604#0,3
380.0,288878926#0,12
380.0,300077497#0,7
380.0,300077497#6,2
380.0,303647015#0,5
380.0,30620492#0,18
380.0,30620492#1,5
380.0,35274074#0,6
380.0,484988951#0,5
380.0,49073272#4,4
380.0,49695736#0,3
380.0,506322840#0,2
380.0,506322842#0,2
380.0,506322844#0,2
380.0,506322846#2,1
380.0,506322851#2,1
380.0,506322853#0,8
380.0,51362429#0,17
380.0,51362430,1
380.0,593844221#0,1
380.0,593849711#2,14
380.0,594658760#0,1
380.0,:3086736518_6,1
380.0,:655375232_2,3
380.0,:655375232_4,1
380.0,:655375232_6,1
380.0,:655375233_0,2
380.0,:655375233_4,3
380.0,:655375233_8,4
380.0,:655375238_1,1
380.0,:655375239_5,1
380.0,:655375241_0,2
380.0,:cluster11510670762_4554226152_0,2
380.0,:cluster3086736522_655375108_655375247_655375401_#1more_8,1
380.0,:cluster_2528018119_655375236_12,2
380.0,:cluster_2528018119_655375236_20,1
380.0,:cluster_2528018119_655375236_32,1
400.0,-300077497#5,11
400.0,-35274074#2,11
400.0,-360018417,1
400.0,-51362429#1,1
400.0,-51362430,19
400.0,-593847701,1
400.0,-593847703#3,19
400.0,-593847705,1
400.0,-594658757#2,5
400.0,-E0,19
400.0,1068234498#0,34
400.0,1068234499#0,4
400.0,1068440001,9
400.0,1068440004#1,33
400.0,1334904386#0,1
400.0,182334378#0,20
400.0,196961377#0,6
400.0,196961377#3,4
400.0,238526531#0,15
400.0,244450512#1,3
400.0,244450512#5,2
400.0,263217604#0,3
400.0,288135626#0,1
400.0,288878926#0,12
400.0,300077497#0,12
400.0,303647015#0,4
400.0,30620492#0,18
400.0,30620492#1,5
400.0,35274074#0,8
400.0,484988951#0,5
400.0,49073272#4,1
400.0,506322842#0,2
400.0,506322844#0,5
400.0,506322853#0,4
400.0,51362429#0,17
400.0,51362430,2
400.0,593844221#0,1
400.0,593849711#2,14
400.0,594658760#0,1
400.0,668037874,1
400.0,:3086736518_6,1
400.0,:619136999_0,1
400.0,:655375232_2,3
400.0,:655375232_4,1
400.0,:655375232_6,1
400.0,:655375233_0,2
400.0,:655375233_4,2
400.0,:655375233_8,4
400.0,:655375238_1,1
400.0,:655375238_3,1
400.0,:cluster11510670762_4554226152_0,2
400.0,:cluster3086736522_655375108_655375247_655375401_#1more_11,2
400.0,:cluster619136880_619136881_cluster_4510442270_5296993511_5296993513_619136931_#1more_8,1
400.0,:cluster_2528018119_655375236_29,1
400.0,:cluster_3431431575_4777363357_655375231_6982059025_3,2
420.0,-300077497#5,11
420.0,-35274074#2,11
420.0,-360018417,4
420.0,-51362430,19
420.0,-593847701,1
420.0,-593847703#3,19
420.0,-593847704#2,1
420.0,-593847705,1
420.0,-E0,19
420.0,1068234498#0,29
420.0,1068234499#0,5
420.0,1068440001,9
420.0,1068440004#1,33
420.0,1334904386#0,1
420.0,182334378#0,20
420.0,196961377#0,3
420.0,196961377#3,7
420.0,238526531#0,16
420.0,244450512#1,2
420.0,260881642#0,3
420.0,288135626#0,2
420.0,288878926#0,10
420.0,300077497#0,6
420.0,303647015#0,5
420.0,30620492#0,17
420.0,30620492#1,5
420.0,35274074#0,4
420.0,360843888,1
420.0,484988951#0,5
420.0,49073226#2,3
420.0,506322842#0,2
420.0,506322844#0,6
420.0,506322846#0,8
420.0,506322853#0,3
420.0,51362429#0,17
420.0,51362430,4
420.0,593844221#0,1
420.0,593849711#0,1
420.0,593849711#2,14
420.0,594658760#0,2
420.0,:3086736518_6,1
420.0,:655375232_2,3
420.0,:655375232_4,1
420.0,:655375232_6,1
420.0,:655375233_0,2
420.0,:655375233_4,2
420.0,:655375233_8,4
420.0,:655375238_1,1
420.0,:cluster11510670762_4554226152_0,2
420.0,:cluster3086736522_655375108_655375247_655375401_#1more_17,1
420.0,:cluster622618015_622618108_622618112_622618144_#2more_26,1
420.0,:cluster_2038168688_655375573_23,1
420.0,:cluster_2038168688_655375573_24,1
420.0,:cluster_2038168688_655375573_6,1
420.0,:cluster_2664674491_655375287_655375288_5,1
420.0,:cluster_5372642442_631668976_631668981_631669076_22,2
420.0,:cluster_5372642442_631668976_631668981_631669076_45,1
420.0,:cluster_9383263990_9383263991_9383263992_9383263993_13,1
440.0,-300077497#5,7
440.0,-35274074#2,10
440.0,-360018417,4
440.0,-51362430,19
440.0,-593847701,1
440.0,-593847703#3,23
440.0,-593847705,1
440.0,-E0,19
440.0,1068234498#0,26
440.0,1068234499#0,8
440.0,1068440001,9
440.0,1068440004#1,33
440.0,1334904386#0,1
440.0,182334378#0,18
440.0,186602412#0,5
440.0,196961377#0,3
440.0,196961377#3,6
440.0,238526531#0,21
440.0,244450512#1,2
440.0,260881642#0,3
440.0,288878926#0,4
440.0,300077497#6,4
440.0,30620492#0,18
440.0,30620492#1,5
440.0,35274074#0,1
440.0,360843888,2
440.0,484988951#0,5
440.0,49073226#2,3
440.0,506322842#0,2
440.0,506322844#0,6
440.0,506322846#0,10
440.0,506322853#0,3
440.0,51362429#0,17
440.0,51362430,4
440.0,593844221#0,1
440.0,593849711#2,14
440.0,594658760#0,2
440.0,:1973482489_8,1
440.0,:2444664370_0,1
440.0,:3086736518_6,1
440.0,:655375232_2,3
440.0,:655375232_4,1
440.0,:655375232_6,1
440.0,:655375233_0,2
440.0,:655375233_4,2
440.0,:655375233_8,4
440.0,:cluster11510670762_4554226152_0,2
440.0,:cluster622618015_622618108_622618112_622618144_#2more_49,2
440.0,:cluster655375336_end_0_655375336_end_1_655375336_end_10_655375336_end_11_#8more_12,2
440.0,:cluster_2038168688_655375573_23,1
440.0,:cluster_2038168688_655375573_3,1
440.0,:cluster_5372642442_631668976_631668981_631669076_45,2
440.0,:cluster_9383263990_9383263991_9383263992_9383263993_13,1
460.0,-300077497#5,8
460.0,-300077497#8,1
460.0,-35274074#2,12
460.0,-51362430,19
460.0,-593847701,1
460.0,-593847703#3,25
460.0,-593847705,1
460.0,-594658757#2,6
460.0,-E0,19
460.0,1068234498#0,25
460.0,1068234499#0,3
460.0,1068440001,9
460.0,1068440004#1,33
460.0,1334904386#0,3
460.0,182334378#0,10
460.0,186602412#0,4
460.0,196961377#0,3
460.0,196961377#3,4
460.0,238526531#0,22
460.0,244450512#1,2
460.0,260881642#0,2
460.0,263217604#0,1
460.0,288878926#0,4
460.0,300077497#0,2
460.0,300077497#6,4
460.0,303647015#0,1
460.0,30620492#0,18
460.0,30620492#1,5
460.0,360843888,2
460.0,484988951#0,5
460.0,49073226#2,3
460.0,49073272#4,3
460.0,506322842#0,1
460.0,506322844#0,2
460.0,506322846#0,6
460.0,506322848#0,1
460.0,506322853#0,3
460.0,51362429#0,17
460.0,51362430,4
460.0,593844221#0,1
460.0,593849711#2,14
460.0,594658760#0,2
460.0,:1973482489_3,1
460.0,:3086736518_6,1
460.0,:3208478121_0,1
460.0,:655375232_2,3
460.0,:655375232_4,1
460.0,:655375232_6,1
460.0,:655375233_0,2
460.0,:655375233_4,2
460.0,:655375233_8,4
460.0,:655375238_5,1
460.0,:655375239_5,2
460.0,:cluster11510670762_4554226152_0,2
460.0,:cluster655375336_end_0_655375336_end_1_655375336_end_10_655375336_end_11_#8more_12,1
460.0,:cluster_2038168688_655375573_30,1
460.0,:cluster_2528018119_655375236_12,1
460.0,:cluster_2528018119_655375236_29,1
460.0,:cluster_2664674491_655375287_655375288_5,1
460.0,:cluster_9383263990_9383263991_9383263992_9383263993_7,1
480.0,-300077497#5,15
480.0,-300077497#8,1
480.0,-35274074#2,12
480.0,-51362430,19
480.0,-593847701,1
480.0,-593847703#3,25
480.0,-593847705,1
480.0,-594658757#2,12
480.0,-E0,19
480.0,1068234498#0,30
480.0,1068440001,9
480.0,1068440004#1,33
480.0,1334904386#0,2
480.0,182334378#0,1
480.0,186602412#0,6
480.0,196961377#0,3
480.0,196961377#3,4
480.0,238526531#0,21
480.0,244450512#1,3
480.0,260881642#0,2
480.0,263217604#0,2
480.0,288878926#0,4
480.0,300077497#0,7
480.0,300077497#6,4
480.0,303647015#0,2
480.0,30620492#0,18
480.0,30620492#1,5
480.0,360843888,2
480.0,484988951#0,5
480.0,49073226#2,3
480.0,506322842#0,1
480.0,506322844#0,2
480.0,506322853#0,1
480.0,51362429#0,17
480.0,51362430,4
480.0,593844221#0,1
480.0,593849711#2,14
480.0,594658760#0,2
480.0,668037874,1
480.0,:3086736518_6,1
480.0,:655375232_2,3
480.0,:655375232_4,1
480.0,:655375232_6,1
480.0,:655375233_0,2
480.0,:655375233_4,2
480.0,:655375233_8,4
480.0,:655375238_5,1
480.0,:655375241_0,1
480.0,:cluster11510670762_4554226152_0,2
480.0,:cluster3086736522_655375108_655375247_655375401_#1more_11,1
480.0,:cluster619136880_619136881_cluster_4510442270_5296993511_5296993513_619136931_#1more_8,1
480.0,:cluster655375336_end_0_655375336_end_1_655375336_end_10_655375336_end_11_#8more_12,1
480.0,:cluster655375336_end_0_655375336_end_1_655375336_end_10_655375336_end_11_#8more_40,1
480.0,:cluster_2038168688_655375573_30,1
500.0,-300077497#5,13
500.0,-35274074#2,11
500.0,-51362430,19
500.0,-593847701,1
500.0,-593847703#3,27
500.0,-593847705,1
500.0,-594658757#2,3
500.0,-E0,19
500.0,1068234498#0,30
500.0,1068440001,9
500.0,1068440004#1,33
500.0,1334904386#0,3
500.0,182334378#0,1
500.0,196961377#0,3
500.0,196961377#3,7
500.0,238526531#0,21
500.0,244450512#1,3
500.0,244450512#4,1
500.0,244450512#5,1
500.0,263217604#0,2
500.0,288878926#0,4
500.0,300077497#6,2
500.0,303647015#0,7
500.0,30620492#0,18
500.0,30620492#1,5
500.0,484988951#0,5
500.0,49073226#2,3
500.0,506322842#0,1
500.0,506322844#0,5
500.0,51362429#0,17
500.0,51362430,4
500.0,593844221#0,1
500.0,593849711#2,14
500.0,594658760#0,2
500.0,:3086736518_6,1
500.0,:655375232_2,3
500.0,:655375232_4,1
500.0,:655375232_6,1
500.0,:655375233_0,2
500.0,:655375233_4,2
500.0,:655375233_8,4
500.0,:655375238_3,1
500.0,:655375239_3,1
500.0,:cluster11510670762_4554226152_0,2
500.0,:cluster3086736522_655375108_655375247_655375401_#1more_11,2
500.0,:cluster_2038168688_655375573_30,1
500.0,:cluster_2528018119_655375236_17,2
520.0,-300077497#5,12
520.0,-35274074#2,8
520.0,-51362430,19
520.0,-593847701,1
520.0,-593847703#3,30
520.0,-593847705,1
520.0,-594658757#2,3
520.0,-E0,19
520.0,1068234498#0,24
520.0,1068234499#0,1
520.0,1068440001,9
520.0,1068440004#1,33
520.0,1334904386#0,3
520.0,182334378#0,1
520.0,196961377#3,7
520.0,238526531#0,26
520.0,244450512#1,3
520.0,244450512#5,2
520.0,300077497#6,4
520.0,303647015#0,1
520.0,30620492#0,18
520.0,30620492#1,5
520.0,484988951#0,5
520.0,49073226#2,3
520.0,506322842#0,1
520.0,506322844#0,5
520.0,51362429#0,17
520.0,51362430,4
520.0,593844221#0,1
520.0,593849711#2,14
520.0,594658757#0,1
520.0,594658760#0,3
520.0,:3086736518_6,1
520.0,:655375232_2,3
520.0,:655375232_4,1
520.0,:655375232_6,1
520.0,:655375233_0,2
520.0,:655375233_4,2
520.0,:655375233_8,4
520.0,:cluster11510670762_4554226152_0,2
520.0,:cluster622618015_622618108_622618112_622618144_#2more_26,1
520.0,:cluster622618015_622618108_622618112_622618144_#2more_49,2
520.0,:cluster_5372642442_631668976_631668981_631669076_45,1
540.0,-300077497#5,10
540.0,-35274074#2,8
540.0,-51362430,19
540.0,-593847701,1
540.0,-593847703#3,32
540.0,-593847705,1
540.0,-594658757#2,3
540.0,-E0,19
540.0,1068234498#0,28
540.0,1068234499#0,1
540.0,1068440001,9
540.0,1068440004#1,33
540.0,1334904386#0,3
540.0,182334378#0,1
540.0,196961377#3,1
540.0,238526531#0,28
540.0,244450512#1,3
540.0,244450512#5,2
540.0,300077497#6,4
540.0,30620492#0,18
540.0,30620492#1,5
540.0,484988951#0,5
540.0,49073226#2,3
540.0,506322842#0,1
540.0,506322844#0,5
540.0,51362429#0,17
540.0,51362430,4
540.0,593844221#0,1
540.0,593849711#0,1
540.0,593849711#2,14
540.0,594658757#0,1
540.0,594658760#0,3
540.0,:3086736518_6,1
540.0,:655375232_2,3
540.0,:655375232_4,1
540.0,:655375232_6,1
540.0,:655375233_0,2
540.0,:655375233_4,2
540.0,:655375233_8,4
540.0,:cluster11510670762_4554226152_0,2
540.0,:cluster622618015_622618108_622618112_622618144_#2more_49,1
560.0,-300077497#5,16
560.0,-300077497#8,1
560.0,-35274074#2,12
560.0,-51362430,19
560.0,-593847701,1
560.0,-593847703#3,32
560.0,-593847705,1
560.0,-594658757#2,3
560.0,-E0,19
560.0,1068234498#0,32
560.0,1068440001,9
560.0,1068440004#1,34
560.0,182334378#0,1
560.0,196961377#3,1
560.0,238526531#0,21
560.0,244450512#1,3
560.0,244450512#5,2
560.0,300077497#0,1
560.0,300077497#6,4
560.0,303647015#0,3
560.0,30620492#0,18
560.0,30620492#1,5
560.0,484988951#0,5
560.0,49073226#2,2
560.0,506322840#0,1
560.0,506322844#0,2
560.0,51362429#0,16
560.0,51362430,4
560.0,593844221#0,1
560.0,593847703#0,2
560.0,593847704#0,1
560.0,593849711#2,14
560.0,594658757#0,1
560.0,594658760#0,2
560.0,:3086736518_0,1
560.0,:655375232_2,2
560.0,:655375232_4,1
560.0,:655375232_6,1
560.0,:655375233_0,2
560.0,:655375233_4,2
560.0,:655375233_8,4
560.0,:655375239_5,1
560.0,:655375241_0,2
560.0,:cluster11510670762_4554226152_0,2
560.0,:cluster_2038168688_655375573_30,1
560.0,:cluster_623980147_623980152_4,1
580.0,-300077497#5,21
580.0,-35274074#2,11
580.0,-51362430,19
580.0,-593847701,1
580.0,-593847703#3,32
580.0,-593847705,1
580.0,-E0,19
580.0,1068234498#0,36
580.0,1068440001,9
580.0,1068440004#1,34
580.0,182334378#0,1
580.0,196961377#3,1
580.0,238526531#0,21
580.0,244450512#1,3
580.0,244450512#5,2
580.0,288878926#0,3
580.0,300077497#6,1
580.0,303647015#0,3
580.0,30620492#0,18
580.0,30620492#1,5
580.0,484988951#0,5
580.0,506322844#0,5
580.0,51362429#0,17
580.0,51362430,3
580.0,593844221#0,1
580.0,593847703#0,2
580.0,593849711#2,14
580.0,594658757#0,1
580.0,594658760#0,2
580.0,:3086736518_0,1
580.0,:655375232_11,1
580.0,:655375232_2,2
580.0,:655375232_6,1
580.0,:655375233_0,2
580.0,:655375233_4,2
580.0,:655375233_8,4
580.0,:655375238_3,1
580.0,:655375239_3,1
580.0,:cluster11510670762_4554226152_0,2
580.0,:cluster_2038168688_655375573_30,1
600.0,-300077497#5,21
600.0,-35274074#2,4
600.0,-51362430,19
600.0,-593847703#3,31
600.0,-E0,19
600.0,1068234498#0,32
600.0,1068440001,9
600.0,1068440004#1,34
600.0,182334378#0,1
600.0,238526531#0,23
600.0,244450512#1,2
600.0,260881642#0,3
600.0,288135626#0,2
600.0,288878926#0,1
600.0,300077497#0,1
600.0,300077497#6,1
600.0,30620492#0,17
600.0,30620492#1,4
600.0,484988951#0,5
600.0,506322844#0,6
600.0,51362429#0,17
600.0,51362430,5
600.0,593844221#0,1
600.0,593849711#0,1
600.0,593849711#2,14
600.0,594658757#0,1
600.0,594658760#0,2
600.0,:2749340167_0,1
600.0,:3086736518_0,1
600.0,:655375232_11,1
600.0,:655375232_2,2
600.0,:655375232_6,1
600.0,:655375232_8,1
600.0,:655375233_0,2
600.0,:655375233_4,4
600.0,:655375233_8,4
600.0,:655375238_3,1
600.0,:cluster11510670762_4554226152_0,1
600.0,:cluster622618015_622618108_622618112_622618144_#2more_26,1
600.0,:cluster_2528018119_655375236_17,1
600.0,:cluster_3208478133_655375293_655375296_9631728504_#1more_8,1
600.0,:cluster_5372642442_631668976_631668981_631669076_22,1
600.0,:cluster_5372642442_631668976_631668981_631669076_45,1
600.0,:cluster_623980147_623980152_9,1
600.0,:cluster_9383263990_9383263991_9383263992_9383263993_13,1
620.0,-300077497#5,19
620.0,-35274074#2,2
620.0,-51362430,19
620.0,-593847703#3,33
620.0,-E0,19
620.0,1068234498#0,28
620.0,1068234499#0,3
620.0,1068440001,8
620.0,1068440004#1,32
620.0,182334378#0,1
620.0,238526531#0,28
620.0,244450512#1,2
620.0,260881642#0,3
620.0,300077497#6,4
620.0,30620492#0,17
620.0,30620492#1,5
620.0,484988951#0,5
620.0,506322844#0,6
620.0,51362429#0,17
620.0,51362430,5
620.0,593844221#0,1
620.0,593849711#0,1
620.0,593849711#2,14
620.0,594658757#0,1
620.0,594658760#0,2
620.0,:3086736518_0,1
620.0,:655375232_11,1
620.0,:655375232_2,2
620.0,:655375232_6,1
620.0,:655375232_8,1
620.0,:655375233_0,2
620.0,:655375233_4,4
620.0,:655375233_8,6
620.0,:cluster11510670762_4554226152_0,2
620.0,:cluster_2038168688_655375573_3,1
620.0,:cluster_2528018119_655375236_17,1
620.0,:cluster_2664674491_655375287_655375288_5,1
620.0,:cluster_3208478133_655375293_655375296_9631728504_#1more_8,1
620.0,:cluster_9383263990_9383263991_9383263992_9383263993_13,1
640.0,-300077497#5,20
640.0,-300077497#8,1
640.0,-35274074#2,5
640.0,-51362430,18
640.0,-593847703#3,34
640.0,-E0,19
640.0,1068234498#0,31
640.0,1068440001,8
640.0,1068440004#1,32
640.0,182334378#0,1
640.0,186602412#0,1
640.0,238526531#0,21
640.0,244450512#1,2
640.0,260881642#0,4
640.0,263217604#0,1
640.0,300077497#0,2
640.0,300077497#6,4
640.0,30620492#0,18
640.0,30620492#1,5
640.0,484988951#0,5
640.0,506322844#0,3
640.0,506322848#0,1
640.0,51362429#0,17
640.0,51362430,5
640.0,593849711#2,14
640.0,594658757#0,1
640.0,594658760#0,2
640.0,:3086736518_0,1
640.0,:655375232_11,1
640.0,:655375232_2,2
640.0,:655375232_6,1
640.0,:655375232_8,1
640.0,:655375233_0,2
640.0,:655375233_4,4
640.0,:655375233_8,6
640.0,:655375238_5,1
640.0,:655375239_5,1
640.0,:cluster655375336_end_0_655375336_end_1_655375336_end_10_655375336_end_11_#8more_25,1
640.0,:cluster_2038168688_655375573_8,1
640.0,:cluster_2528018119_655375236_12,1
640.0,:cluster_2528018119_655375236_29,1
640.0,:cluster_3208478133_655375293_655375296_9631728504_#1more_8,2
640.0,:cluster_9383263990_9383263991_9383263992_9383263993_7,2
660.0,-300077497#5,26
660.0,-35274074#2,12
660.0,-51362429#1,1
660.0,-51362430,14
660.0,-593847703#3,34
660.0,-E0,19
660.0,1068234498#0,31
660.0,1068440001,3
660.0,1068440004#1,32
660.0,182334378#0,1
660.0,238526531#0,15
660.0,260881642#0,2
660.0,263217604#0,5
660.0,300077497#0,6
660.0,300077497#6,4
660.0,30620492#0,18
660.0,30620492#1,5
660.0,484988951#0,4
660.0,49695736#0,3
660.0,506322844#0,2
660.0,51362429#0,15
660.0,51362430,5
660.0,593847703#0,3
660.0,593849711#2,14
660.0,594658757#0,1
660.0,594658760#0,2
660.0,:3086736518_0,1
660.0,:655375232_2,2
660.0,:655375232_6,1
660.0,:655375232_8,1
660.0,:655375233_0,2
660.0,:655375233_4,4
660.0,:655375233_8,6
660.0,:656132414_2,1
660.0,:cluster11510670762_4554226152_0,1
660.0,:cluster655375336_end_0_655375336_end_1_655375336_end_10_655375336_end_11_#8more_25,2
660.0,:cluster_2528018119_655375236_20,1
660.0,:cluster_2528018119_655375236_32,1
660.0,:cluster_3208478133_655375293_655375296_9631728504_#1more_8,1
680.0,-300077497#5,24
680.0,-35274074#2,12
680.0,-51362429#1,1
680.0,-51362430,9
680.0,-593847703#3,35
680.0,-E0,19
680.0,1068234498#0,32
680.0,1068440001,8
680.0,1068440004#1,32
680.0,238526531#0,15
680.0,263217604#0,5
680.0,300077497#0,7
680.0,30620492#0,18
680.0,30620492#1,5
680.0,35274074#0,2
680.0,484988951#0,3
680.0,49073226#2,1
680.0,49695736#0,4
680.0,506322844#0,6
680.0,51362429#0,14
680.0,51362430,2
680.0,593849711#2,13
680.0,594658757#0,1
680.0,594658760#0,2
680.0,:3086736518_0,1
680.0,:655375232_11,1
680.0,:655375232_2,2
680.0,:655375232_6,1
680.0,:655375232_8,1
680.0,:655375233_0,2
680.0,:655375233_4,4
680.0,:655375233_8,6
680.0,:cluster11510670762_4554226152_0,2
680.0,:cluster_2528018119_655375236_19,1
680.0,:cluster_2528018119_655375236_3,1
680.0,:cluster_3431431575_4777363357_655375231_6982059025_7,1
700.0,-300077497#5,24
700.0,-35274074#2,12
700.0,-51362430,8
700.0,-593847703#3,32
700.0,-E0,19
700.0,1068234498#0,26
700.0,1068234499#0,1
700.0,1068440001,9
700.0,1068440004#1,32
700.0,182334378#0,1
700.0,238526531#0,20
700.0,244450512#4,2
700.0,30620492#0,18
700.0,30620492#1,5
700.0,35274074#0,3
700.0,484988951#0,4
700.0,49073226#2,10
700.0,49695736#0,4
700.0,506322844#0,6
700.0,506322846#0,3
700.0,51362429#0,15
700.0,593849711#2,13
700.0,594658757#0,1
700.0,594658760#0,5
700.0,:1973482489_3,1
700.0,:3086736518_0,1
700.0,:3086736518_4,1
700.0,:655375232_2,2
700.0,:655375232_6,1
700.0,:655375232_8,2
700.0,:655375233_0,2
700.0,:655375233_4,5
700.0,:655375233_8,6
700.0,:655375238_1,1
700.0,:cluster11510670762_4554226152_0,2
700.0,:cluster_2038168688_655375573_23,1
700.0,:cluster_2038168688_655375573_24,1
700.0,:cluster_5372642442_631668976_631668981_631669076_26,1
700.0,:cluster_5372642442_631668976_631668981_631669076_45,2
720.0,-300077497#5,25
720.0,-35274074#2,7
720.0,-51362430,8
720.0,-593847703#3,32
720.0,-E0,19
720.0,1068234498#0,21
720.0,1068234499#0,1
720.0,1068440001,9
720.0,1068440004#1,32
720.0,182334378#0,1
720.0,186602412#0,4
720.0,238526531#0,28
720.0,244450512#5,2
720.0,288135626#0,2
720.0,300077497#6,4
720.0,30620492#0,18
720.0,30620492#1,5
720.0,484988951#0,4
720.0,49073226#2,10
720.0,49695736#0,4
720.0,506322844#0,6
720.0,506322846#0,4
720.0,51362429#0,16
720.0,593849711#2,15
720.0,594658757#0,1
720.0,594658760#0,5
720.0,:3086736518_0,1
720.0,:3086736518_4,1
720.0,:655375232_2,2
720.0,:655375232_6,1
720.0,:655375232_8,2
720.0,:655375233_0,2
720.0,:655375233_4,5
720.0,:655375233_8,6
720.0,:cluster11510670762_4554226152_0,2
720.0,:cluster_5372642442_631668976_631668981_631669076_45,2
740.0,-300077497#5,27
740.0,-300077497#8,4
740.0,-35274074#2,12
740.0,-51362430,8
740.0,-593847703#3,32
740.0,-E0,19
740.0,1068234498#0,23
740.0,1068440001,9
740.0,1068440004#1,32
740.0,182334378#0,1
740.0,182334379#0,1
740.0,186602412#0,2
740.0,238526531#0,19
740.0,244450512#5,2
740.0,263217604#0,2
740.0,300077497#0,5
740.0,300077497#6,4
740.0,30620492#0,18
740.0,30620492#1,5
740.0,484988951#0,4
740.0,49073226#2,10
740.0,506322840#0,2
740.0,506322844#0,2
740.0,506322848#0,2
740.0,51362429#0,17
740.0,593849711#2,15
740.0,594658757#0,1
740.0,594658760#0,5
740.0,:3086736518_0,1
740.0,:3086736518_4,1
740.0,:655375232_2,2
740.0,:655375232_6,1
740.0,:655375232_8,2
740.0,:655375233_0,2
740.0,:655375233_4,5
740.0,:655375233_8,6
740.0,:655375239_6,1
740.0,:655375241_0,1
740.0,:cluster11510670762_4554226152_0,2
740.0,:cluster_2528018119_655375236_29,1
760.0,-300077497#5,27
760.0,-300077497#8,4
760.0,-35274074#2,12
760.0,-51362430,8
760.0,-593847703#3,32
760.0,-E0,18
760.0,1068234498#0,23
760.0,1068440001,9
760.0,1068440004#1,32
760.0,182334378#0,1
760.0,182334379#0,1
760.0,238526531#0,19
760.0,244450512#5,2
760.0,263217604#0,3
760.0,300077497#6,2
760.0,30620492#0,18
760.0,30620492#1,5
760.0,35274074#0,3
760.0,484988951#0,4
760.0,49073226#2,10
760.0,506322844#0,5
760.0,51362429#0,16
760.0,593849711#2,15
760.0,594658757#0,1
760.0,594658760#0,5
760.0,:3086736518_0,1
760.0,:3086736518_4,1
760.0,:3086736518_6,1
760.0,:655375232_2,3
760.0,:655375232_6,1
760.0,:655375232_8,2
760.0,:655375233_0,2
760.0,:655375233_4,5
760.0,:655375233_8,6
760.0,:655375238_0,1
760.0,:655375239_3,1
760.0,:cluster11510670762_4554226152_0,2
780.0,-300077497#5,26
780.0,-300077497#8,4
780.0,-35274074#2,5
780.0,-51362430,8
780.0,-593847703#3,33
780.0,-E0,18
780.0,1068234498#0,16
780.0,1068440001,5
780.0,1068440004#1,32
780.0,182334378#0,1
780.0,238526531#0,21
780.0,288135626#0,2
780.0,300077497#6,1
780.0,30620492#0,18
780.0,30620492#1,5
780.0,360843888,1
780.0,484988951#0,4
780.0,49073226#2,10
780.0,506322844#0,5
780.0,506322846#0,3
780.0,51362429#0,16
780.0,51362430,2
780.0,593844221#0,1
780.0,593847705,1
780.0,593849711#2,15
780.0,594658757#0,1
780.0,594658760#0,6
780.0,:3086736518_0,2
780.0,:3086736518_4,1
780.0,:3086736518_6,1
780.0,:655375232_2,3
780.0,:655375232_6,1
780.0,:655375232_8,2
780.0,:655375233_0,2
780.0,:655375233_4,5
780.0,:655375233_8,6
780.0,:655375238_3,1
780.0,:cluster11510670762_4554226152_0,1
780.0,:cluster3086736522_655375108_655375247_655375401_#1more_17,1
780.0,:cluster_3208478133_655375293_655375296_9631728504_#1more_8,4
780.0,:cluster_5372642442_631668976_631668981_631669076_22,2
780.0,:cluster_5372642442_631668976_631668981_631669076_45,2
780.0,E1,1
800.0,-300077497#5,24
800.0,-300077497#8,3
800.0,-35274074#2,3
800.0,-51362429#1,4
800.0,-51362430,5
800.0,-593847703#3,34
800.0,-E0,18
800.0,1068234498#0,10
800.0,1068234499#0,5
800.0,1068440001,7
800.0,1068440004#1,32
800.0,182334378#0,3
800.0,186602412#0,2
800.0,238526531#0,27
800.0,288878926#0,2
800.0,300077497#6,4
800.0,30620492#0,18
800.0,30620492#1,5
800.0,360843888,2
800.0,484988951#0,5
800.0,49073226#2,7
800.0,506322844#0,5
800.0,51362429#0,17
800.0,593844221#0,1
800.0,593847705,1
800.0,593849711#2,12
800.0,594658757#0,1
800.0,594658760#0,6
800.0,:3086736518_0,2
800.0,:3086736518_4,1
800.0,:3086736518_6,1
800.0,:655375232_2,3
800.0,:655375232_6,1
800.0,:655375232_8,2
800.0,:655375233_0,2
800.0,:655375233_4,5
800.0,:655375233_8,6
800.0,:cluster11510670762_4554226152_0,1
800.0,:cluster_3208478133_655375293_655375296_9631728504_#1more_8,5
800.0,:cluster_5372642442_631668976_631668981_631669076_45,1
800.0,:cluster_623980147_623980152_9,1
820.0,-300077497#5,26
820.0,-300077497#8,2
820.0,-35274074#2,6
820.0,-51362430,4
820.0,-593847703#3,34
820.0,-E0,18
820.0,1068234498#0,10
820.0,1068234499#0,1
820.0,1068440001,7
820.0,1068440004#1,32
820.0,182334378#0,3
820.0,238526531#0,21
820.0,288878926#0,9
820.0,300077497#0,2
820.0,300077497#6,4
820.0,30620492#0,18
820.0,30620492#1,5
820.0,360843888,2
820.0,484988951#0,5
820.0,49073226#2,4
820.0,49073272#1,1
820.0,506322844#0,3
820.0,51362429#0,17
820.0,593844221#0,1
820.0,593847705,1
820.0,593849711#2,16
820.0,594658757#0,1
820.0,594658760#0,6
820.0,:3086736518_0,2
820.0,:3086736518_4,1
820.0,:3086736518_6,1
820.0,:655375232_2,3
820.0,:655375232_6,1
820.0,:655375232_8,2
820.0,:655375233_0,2
820.0,:655375233_4,5
820.0,:655375233_8,6
820.0,:655375238_5,1
820.0,:655375239_5,1
820.0,:656132414_2,1
820.0,:cluster11510670762_4554226152_0,1
820.0,:cluster655375336_end_0_655375336_end_1_655375336_end_10_655375336_end_11_#8more_25,2
820.0,:cluster_2038168688_655375573_8,1
820.0,:cluster_2038168688_655375573_9,1
820.0,:cluster_2528018119_655375236_12,1
820.0,:cluster_2528018119_655375236_29,1
820.0,:cluster_3208478133_655375293_655375296_9631728504_#1more_8,3
820.0,:cluster_623980147_623980152_4,1
820.0,:cluster_9383263990_9383263991_9383263992_9383263993_7,2
840.0,-1334905223#2,1
840.0,-300077497#5,27
840.0,-300077497#8,4
840.0,-35274074#2,12
840.0,-51362430,2
840.0,-593847703#3,34
840.0,-E0,18
840.0,1068234498#0,10
840.0,1068440001,5
840.0,1068440004#1,32
840.0,182334378#0,3
840.0,238526531#0,15
840.0,288878926#0,13
840.0,300077497#0,7
840.0,300077497#6,4
840.0,30620492#0,18
840.0,30620492#1,5
840.0,360843888,2
840.0,484988951#0,5
840.0,49073226#2,1
840.0,49073272#3,1
840.0,49695736#0,3
840.0,506322844#0,5
840.0,506322848#0,1
840.0,51362429#0,17
840.0,593844221#0,1
840.0,593847705,1
840.0,593849711#2,18
840.0,594658760#0,6
840.0,:3086736518_0,2
840.0,:3086736518_4,1
840.0,:3086736518_6,1
840.0,:655375232_2,3
840.0,:655375232_6,1
840.0,:655375232_8,2
840.0,:655375233_0,2
840.0,:655375233_4,5
840.0,:655375233_8,6
840.0,:cluster11510670762_4554226152_0,2
840.0,:cluster655375336_end_0_655375336_end_1_655375336_end_10_655375336_end_11_#8more_25,1
840.0,:cluster_2528018119_655375236_12,1
840.0,:cluster_2528018119_655375236_20,1
840.0,:cluster_2528018119_655375236_32,1
860.0,-300077497#5,27
860.0,-300077497#8,4
860.0,-35274074#2,12
860.0,-593847703#3,34
860.0,-E0,18
860.0,1068234498#0,10
860.0,1068440001,7
860.0,1068440004#1,32
860.0,182334378#0,3
860.0,238526531#0,15
860.0,244450512#4,1
860.0,244450512#5,1
860.0,288878926#0,13
860.0,300077497#0,5
860.0,30620492#0,18
860.0,30620492#1,5
860.0,35274074#0,2
860.0,360018417,1
860.0,484988951#0,5
860.0,49073226#2,1
860.0,49695736#0,3
860.0,506322844#0,5
860.0,506322848#0,1
860.0,51362429#0,17
860.0,593847703#0,1
860.0,593847705,1
860.0,593849711#2,18
860.0,594658760#0,5
860.0,:3086736518_0,2
860.0,:3086736518_4,1
860.0,:3086736518_6,1
860.0,:655375232_2,3
860.0,:655375232_6,1
860.0,:655375232_8,2
860.0,:655375233_0,1
860.0,:655375233_4,5
860.0,:655375233_8,6
860.0,:655375238_1,1
860.0,:cluster11510670762_4554226152_0,2
880.0,-300077497#5,26
880.0,-300077497#8,4
880.0,-35274074#2,10
880.0,-593847703#3,35
880.0,-593847704#2,1
880.0,-E0,18
880.0,1068234498#0,2
880.0,1068440001,7
880.0,1068440004#1,32
880.0,182334378#0,3
880.0,196961377#3,1
880.0,238526531#0,20
880.0,244450512#5,2
880.0,288878926#0,7
880.0,300077497#0,2
880.0,300077497#6,2
880.0,30620492#0,18
880.0,30620492#1,5
880.0,484988951#0,4
880.0,49073226#2,1
880.0,49695736#0,4
880.0,506322844#0,5
880.0,506322846#0,4
880.0,506322848#0,1
880.0,51362429#0,17
880.0,593847705,1
880.0,593849711#0,1
880.0,593849711#2,18
880.0,594658760#0,4
880.0,:1973482489_3,1
880.0,:3086736518_0,2
880.0,:3086736518_4,1
880.0,:3086736518_6,1
880.0,:655375232_2,2
880.0,:655375232_6,1
880.0,:655375232_8,2
880.0,:655375233_0,2
880.0,:655375233_4,5
880.0,:655375233_8,6
880.0,:655375238_3,1
880.0,:cluster11510670762_4554226152_0,2
880.0,:cluster_2038168688_655375573_23,1
880.0,:cluster_2038168688_655375573_3,1
880.0,:cluster_5372642442_631668976_631668981_631669076_26,1
880.0,:cluster_5372642442_631668976_631668981_631669076_45,2
900.0,-300077497#5,26
900.0,-300077497#8,3
900.0,-35274074#2,9
900.0,-51362429#1,5
900.0,-593847703#3,34
900.0,-E0,18
900.0,1068440001,7
900.0,1068440004#1,32
900.0,182334378#0,3
900.0,186602412#0,4
900.0,238526531#0,25
900.0,244450512#5,2
900.0,288878926#0,5
900.0,300077497#6,4
900.0,30620492#0,18
900.0,30620492#1,4
900.0,35274074#0,2
900.0,484988951#0,4
900.0,49073226#2,1
900.0,49695736#0,4
900.0,506322844#0,5
900.0,506322848#0,1
900.0,51362429#0,17
900.0,593847702#0,4
900.0,593847705,1
900.0,593849711#2,13
900.0,594658760#0,4
900.0,:1973482489_8,1
900.0,:3086736518_0,2
900.0,:3086736518_4,1
900.0,:3086736518_6,1
900.0,:655375232_2,2
900.0,:655375232_6,2
900.0,:655375232_8,2
900.0,:655375233_0,2
900.0,:655375233_4,4
900.0,:655375233_8,2
900.0,:655375238_5,1
900.0,:cluster11510670762_4554226152_0,2
920.0,-1334905223#2,2
920.0,-300077497#5,27
920.0,-300077497#8,4
920.0,-35274074#2,12
920.0,-593847703#3,33
920.0,-593847705,1
920.0,-E0,18
920.0,1068440001,7
920.0,1068440004#1,32
920.0,182334378#0,3
920.0,182334379#0,1
920.0,238526531#0,15
920.0,244450512#5,2
920.0,288878926#0,5
920.0,300077497#0,2
920.0,300077497#6,4
920.0,30620492#0,16
920.0,30620492#1,5
920.0,35274074#0,2
920.0,484988951#0,4
920.0,49073226#2,6
920.0,506322840#0,2
920.0,506322844#0,5
920.0,51362429#0,17
920.0,593847703#0,2
920.0,593847705,1
920.0,593849711#2,18
920.0,593849718#0,3
920.0,594658760#0,4
920.0,:3086736518_0,2
920.0,:3086736518_4,2
920.0,:3086736518_6,1
920.0,:655375232_2,2
920.0,:655375232_6,2
920.0,:655375232_8,2
920.0,:655375233_2,1
920.0,:655375233_4,3
920.0,:655375233_8,2
920.0,:655375241_0,1
920.0,:cluster11510670762_4554226152_0,2
920.0,:cluster_3431431575_4777363357_655375231_6982059025_3,1
920.0,:cluster_9383263990_9383263991_9383263992_9383263993_7,2
940.0,-300077497#5,27
940.0,-300077497#8,4
940.0,-35274074#2,10
940.0,-593847703#3,34
940.0,-593847705,1
940.0,-E0,18
940.0,1068440001,7
940.0,1068440004#1,31
940.0,182334378#0,3
940.0,182334379#0,1
940.0,238526531#0,15
940.0,244450512#5,2
940.0,288878926#0,5
940.0,300077497#6,1
940.0,30620492#0,18
940.0,30620492#1,5
940.0,35274074#0,4
940.0,484988951#0,4
940.0,49073226#2,7
940.0,506322844#0,5
940.0,51362429#0,17
940.0,593847703#0,2
940.0,593847705,1
940.0,593849711#2,19
940.0,594658760#0,4
940.0,:3086736518_0,2
940.0,:3086736518_4,2
940.0,:3086736518_6,1
940.0,:655375232_2,2
940.0,:655375232_6,2
940.0,:655375232_8,2
940.0,:655375233_2,1
940.0,:655375233_4,3
940.0,:655375233_8,4
940.0,:655375238_3,1
940.0,:655375239_3,1
940.0,:cluster11510670762_4554226152_0,2
960.0,-300077497#5,26
960.0,-300077497#8,4
960.0,-35274074#2,2
960.0,-593847703#3,36
960.0,-593847704#2,1
960.0,-593847705,1
960.0,-E0,18
960.0,1068440001,3
960.0,1068440004#1,33
960.0,182334378#0,3
960.0,238526531#0,16
960.0,288878926#0,3
960.0,300077497#0,2
960.0,300077497#6,2
960.0,30620492#0,18
960.0,30620492#1,5
960.0,484988951#0,4
960.0,49073226#2,7
960.0,49695736#0,2
960.0,506322844#0,5
960.0,506322846#0,4
960.0,51362429#0,17
960.0,51362430,2
960.0,593844221#0,2
960.0,593847705,1
960.0,593849711#2,19
960.0,594658760#0,3
960.0,:3086736518_0,2
960.0,:3086736518_4,2
960.0,:3086736518_6,1
960.0,:655375232_2,2
960.0,:655375232_6,2
960.0,:655375232_8,2
960.0,:655375233_2,1
960.0,:655375233_4,3
960.0,:655375233_8,4
960.0,:655375238_3,1
960.0,:cluster11510670762_4554226152_0,1
960.0,:cluster_3208478133_655375293_655375296_9631728504_#1more_8,1
980.0,-300077497#5,27
980.0,-300077497#8,3
980.0,-35274074#2,1
980.0,-593847703#3,36
980.0,-593847705,1
980.0,-E0,18
980.0,1068440004#1,33
980.0,182334378#0,3
980.0,186602412#0,3
980.0,238526531#0,16
980.0,300077497#6,4
980.0,30620492#0,18
980.0,30620492#1,5
980.0,484988951#0,3
980.0,49073226#2,7
980.0,49695736#0,2
980.0,506322844#0,5
980.0,506322846#0,1
980.0,51362429#0,17
980.0,51362430,1
980.0,593844221#0,3
980.0,593847704#0,1
980.0,593849711#2,19
980.0,594658760#0,3
980.0,:3086736518_0,2
980.0,:3086736518_4,2
980.0,:3086736518_6,1
980.0,:655375232_2,2
980.0,:655375232_6,2
980.0,:655375232_8,2
980.0,:655375233_0,2
980.0,:655375233_2,1
980.0,:655375233_4,3
980.0,:655375233_8,4
980.0,:cluster_2038168688_655375573_23,1
980.0,:cluster_3208478133_655375293_655375296_9631728504_#1more_8,4
980.0,:cluster_3431431575_4777363357_655375231_6982059025_7,1
1000.0,-300077497#5,27
1000.0,-300077497#8,4
1000.0,-35274074#2,4
1000.0,-51362429#1,3
1000.0,-593847703#3,36
1000.0,-593847705,1
1000.0,-E0,18
1000.0,1068440004#1,33
1000.0,182334378#0,2
1000.0,186602412#0,2
1000.0,238526531#0,12
1000.0,300077497#0,2
1000.0,300077497#6,4
1000.0,30620492#0,18
1000.0,30620492#1,5
1000.0,484988951#0,4
1000.0,49073226#2,9
1000.0,506322844#0,5
1000.0,51362429#0,17
1000.0,593844221#0,3
1000.0,593847704#0,1
1000.0,593849711#2,15
1000.0,594658760#0,3
1000.0,:3086736518_0,2
1000.0,:3086736518_4,2
1000.0,:3086736518_6,1
1000.0,:655375232_11,1
1000.0,:655375232_2,2
1000.0,:655375232_6,2
1000.0,:655375232_8,2
1000.0,:655375233_0,2
1000.0,:655375233_2,1
1000.0,:655375233_4,3
1000.0,:655375233_8,4
1000.0,:cluster_2038168688_655375573_8,1
1000.0,:cluster_3208478133_655375293_655375296_9631728504_#1more_8,4
1020.0,-300077497#5,27
1020.0,-300077497#8,4
1020.0,-35274074#2,11
1020.0,-51362429#1,5
1020.0,-593847703#3,32
1020.0,-593847705,1
1020.0,-E0,18
1020.0,1068440004#1,33
1020.0,182334378#0,2
1020.0,238526531#0,4
1020.0,300077497#6,4
1020.0,30620492#0,18
1020.0,30620492#1,5
1020.0,35274074#0,2
1020.0,484988951#0,4
1020.0,49073226#2,10
1020.0,49695736#0,4
1020.0,506322844#0,5
1020.0,506322848#0,1
1020.0,51362429#0,17
1020.0,593849711#2,15
1020.0,594658760#0,3
1020.0,:3086736518_0,2
1020.0,:3086736518_4,3
1020.0,:3086736518_6,1
1020.0,:655375232_2,2
1020.0,:655375232_6,2
1020.0,:655375232_8,2
1020.0,:655375233_0,2
1020.0,:655375233_2,2
1020.0,:655375233_4,2
1020.0,:655375233_8,4
1020.0,:cluster622618015_622618108_622618112_622618144_#2more_42,1
1020.0,:cluster622618015_622618108_622618112_622618144_#2more_52,1
1020.0,:cluster655375336_end_0_655375336_end_1_655375336_end_10_655375336_end_11_#8more_25,2
1020.0,:cluster_2038168688_655375573_8,1
1020.0,:cluster_2528018119_655375236_32,1
1040.0,-300077497#5,26
1040.0,-300077497#8,4
1040.0,-35274074#2,9
1040.0,-49073264#1,1
1040.0,-51362429#1,3
1040.0,-593847703#3,33
1040.0,-593847705,1
1040.0,-E0,18
1040.0,1068440004#1,33
1040.0,182334378#0,2
1040.0,238526531#0,4
1040.0,288878926#0,4
1040.0,300077497#0,3
1040.0,30620492#0,18
1040.0,30620492#1,5
1040.0,35274074#0,1
1040.0,484988951#0,4
1040.0,49073226#2,5
1040.0,49695736#0,3
1040.0,506322844#0,5
1040.0,506322848#0,1
1040.0,51362429#0,17
1040.0,593849711#2,15
1040.0,593852345#0,1
1040.0,594658760#0,3
1040.0,:3086736518_0,2
1040.0,:3086736518_4,3
1040.0,:3086736518_6,1
1040.0,:655375232_2,2
1040.0,:655375232_6,2
1040.0,:655375232_8,2
1040.0,:655375233_0,2
1040.0,:655375233_2,2
1040.0,:655375233_4,2
1040.0,:655375233_8,4
1040.0,:cluster_2038168688_655375573_23,1
1040.0,:cluster_2038168688_655375573_24,1
1040.0,:cluster_3431431575_4777363357_655375231_6982059025_3,2
1040.0,:cluster_623980147_623980152_9,1
1060.0,-300077497#5,26
1060.0,-300077497#8,4
1060.0,-35274074#2,5
1060.0,-49073264#1,1
1060.0,-593847703#3,33
1060.0,-593847704#2,3
1060.0,-593847705,1
1060.0,-E0,17
1060.0,1068440004#1,33
1060.0,182334378#0,2
1060.0,186602412#0,2
1060.0,238526531#0,4
1060.0,288878926#0,5
1060.0,300077497#6,4
1060.0,30620492#0,18
1060.0,30620492#1,5
1060.0,484988951#0,4
1060.0,49073226#2,3
1060.0,49695736#0,3
1060.0,506322844#0,5
1060.0,506322846#0,3
1060.0,506322848#0,1
1060.0,51362429#0,17
1060.0,593847704#0,1
1060.0,593849711#2,15
1060.0,593852345#0,1
1060.0,594658760#0,3
1060.0,:3086736518_0,2
1060.0,:3086736518_4,3
1060.0,:3086736518_6,1
1060.0,:655375232_2,2
1060.0,:655375232_6,2
1060.0,:655375232_8,2
1060.0,:655375233_0,2
1060.0,:655375233_2,2
1060.0,:655375233_4,2
1060.0,:655375233_8,4
1060.0,:cluster_2038168688_655375573_23,1
1060.0,:cluster_623980147_623980152_4,1
1080.0,-300077497#5,25
1080.0,-300077497#8,3
1080.0,-35274074#2,5
1080.0,-49073264#1,1
1080.0,-593847703#3,34
1080.0,-593847705,1
1080.0,-E0,18
1080.0,1068440004#1,33
1080.0,182334378#0,3
1080.0,186602412#0,3
1080.0,238526531#0,4
1080.0,288878926#0,6
1080.0,300077497#6,4
1080.0,30620492#0,18
1080.0,30620492#1,5
1080.0,484988951#0,4
1080.0,49695736#0,3
1080.0,506322844#0,5
1080.0,506322848#0,1
1080.0,51362429#0,16
1080.0,593847703#0,1
1080.0,593847704#0,1
1080.0,593849711#2,15
1080.0,593852345#0,1
1080.0,594658760#0,3
1080.0,:3086736518_0,2
1080.0,:3086736518_4,3
1080.0,:3086736518_6,1
1080.0,:655375232_2,2
1080.0,:655375232_6,2
1080.0,:655375232_8,2
1080.0,:655375233_0,2
1080.0,:655375233_2,2
1080.0,:655375233_4,2
1080.0,:655375233_8,4
1100.0,-300077497#5,27
1100.0,-300077497#8,3
1100.0,-35274074#2,9
1100.0,-49073264#1,1
1100.0,-51362429#1,1
1100.0,-593847703#3,34
1100.0,-593847705,1
1100.0,-E0,18
1100.0,1068440004#1,33
1100.0,182334378#0,3
1100.0,182334379#0,1
1100.0,196961215#2,1
1100.0,288878926#0,6
1100.0,300077497#0,2
1100.0,300077497#6,4
1100.0,30620492#0,18
1100.0,30620492#1,5
1100.0,484988951#0,3
1100.0,506322844#0,3
1100.0,51362429#0,17
1100.0,593847703#0,1
1100.0,593847704#0,1
1100.0,593849711#2,13
1100.0,594658760#0,3
1100.0,:3086736518_0,2
1100.0,:3086736518_4,3
1100.0,:3086736518_6,1
1100.0,:655375232_2,2
1100.0,:655375232_6,3
1100.0,:655375232_8,2
1100.0,:655375233_0,2
1100.0,:655375233_2,2
1100.0,:655375233_4,2
1100.0,:655375233_8,4
1100.0,:655375239_5,1
1100.0,:cluster_3431431575_4777363357_655375231_6982059025_7,1
1120.0,-300077497#5,27
1120.0,-300077497#8,4
1120.0,-35274074#2,7
1120.0,-593847703#3,34
1120.0,-593847705,1
1120.0,-E0,18
1120.0,1068440004#1,33
1120.0,182334378#0,3
1120.0,182334379#0,1
1120.0,196961215#2,1
1120.0,288878926#0,6
1120.0,300077497#6,1
1120.0,30620492#0,18
1120.0,30620492#1,5
1120.0,35274074#0,2
1120.0,484988951#0,4
1120.0,49073226#2,3
1120.0,506322844#0,6
1120.0,51362429#0,17
1120.0,593847703#0,1
1120.0,593849711#2,13
1120.0,594658760#0,3
1120.0,:3086736518_0,2
1120.0,:3086736518_4,3
1120.0,:3086736518_6,1
1120.0,:655375232_2,2
1120.0,:655375232_6,3
1120.0,:655375232_8,2
1120.0,:655375233_0,2
1120.0,:655375233_2,2
1120.0,:655375233_4,2
1120.0,:655375233_8,4
1120.0,:655375238_3,1
1120.0,:655375239_3,1
1140.0,-300077497#5,27
1140.0,-300077497#8,4
1140.0,-593847703#3,34
1140.0,-593847705,1
1140.0,-E0,18
1140.0,1068440004#1,33
1140.0,182334378#0,3
1140.0,196961215#2,1
1140.0,238526531#0,1
1140.0,288878926#0,4
1140.0,300077497#0,1
1140.0,300077497#6,1
1140.0,30620492#0,18
1140.0,30620492#1,5
1140.0,484988951#0,4
1140.0,49073226#2,3
1140.0,506322844#0,6
1140.0,506322846#0,2
1140.0,51362429#0,17
1140.0,593849711#2,13
1140.0,594658760#0,3
1140.0,:3086736518_0,2
1140.0,:3086736518_4,3
1140.0,:3086736518_6,1
1140.0,:655375232_2,2
1140.0,:655375232_6,3
1140.0,:655375232_8,2
1140.0,:655375233_0,2
1140.0,:655375233_2,2
1140.0,:655375233_4,2
1140.0,:655375233_8,4
1140.0,:655375239_3,1
1140.0,:cluster622618015_622618108_622618112_622618144_#2more_2,1
1160.0,-300077497#5,27
1160.0,-300077497#8,4
1160.0,-593847703#3,34
1160.0,-593847704#2,1
1160.0,-593847705,1
1160.0,-E0,18
1160.0,1068440004#1,33
1160.0,182334378#0,3
1160.0,196961215#2,1
1160.0,238526531#0,1
1160.0,300077497#6,1
1160.0,30620492#0,18
1160.0,30620492#1,5
1160.0,484988951#0,4
1160.0,49073226#2,3
1160.0,506322844#0,6
1160.0,506322846#0,1
1160.0,51362429#0,17
1160.0,593849711#2,13
1160.0,594658760#0,3
1160.0,:3086736518_0,2
1160.0,:3086736518_4,3
1160.0,:3086736518_6,1
1160.0,:655375232_2,2
1160.0,:655375232_6,3
1160.0,:655375232_8,2
1160.0,:655375233_0,2
1160.0,:655375233_2,2
1160.0,:655375233_4,2
1160.0,:655375233_8,4
1180.0,-300077497#5,27
1180.0,-300077497#8,4
1180.0,-51362429#1,1
1180.0,-593847703#3,34
1180.0,-593847705,1
1180.0,-E0,18
1180.0,1068440004#1,33
1180.0,1068440006#0,1
1180.0,182334378#0,3
1180.0,186602412#0,1
1180.0,196961215#2,1
1180.0,263217604#0,1
1180.0,300077497#6,1
1180.0,30620492#0,18
1180.0,30620492#1,5
1180.0,484988951#0,4
1180.0,49073226#2,3
1180.0,506322844#0,5
1180.0,506322848#0,1
1180.0,51362429#0,17
1180.0,593849711#2,13
1180.0,594658760#0,2
1180.0,:3086736518_0,2
1180.0,:3086736518_4,3
1180.0,:3086736518_6,1
1180.0,:655375232_2,2
1180.0,:655375232_6,2
1180.0,:655375232_8,1
1180.0,:655375233_0,2
1180.0,:655375233_2,2
1180.0,:655375233_4,2
1180.0,:655375233_8,4
1200.0,-300077497#5,27
1200.0,-300077497#8,4
1200.0,-593847703#3,34
1200.0,-593847705,1
1200.0,-E0,18
1200.0,1068440004#1,33
1200.0,1068440006#0,1
1200.0,182334378#0,3
1200.0,196961215#2,1
1200.0,232003903#0,1
1200.0,263217604#0,1
1200.0,300077497#6,1
1200.0,30620492#0,18
1200.0,30620492#1,5
1200.0,484988951#0,4
1200.0,49073226#2,4
1200.0,506322844#0,5
1200.0,506322848#0,1
1200.0,51362429#0,17
1200.0,593849711#2,12
1200.0,594658760#0,2
1200.0,:3086736518_0,2
1200.0,:3086736518_4,3
1200.0,:3086736518_6,1
1200.0,:655375232_2,2
1200.0,:655375232_6,2
1200.0,:655375232_8,1
1200.0,:655375233_0,2
1200.0,:655375233_2,2
1200.0,:655375233_4,2
1200.0,:655375233_8,4
1220.0,-300077497#5,27
1220.0,-300077497#8,4
1220.0,-51362429#1,2
1220.0,-593847703#3,32
1220.0,-593847705,1
1220.0,-E0,18
1220.0,1068440004#1,33
1220.0,1068440006#0,2
1220.0,182334378#0,3
1220.0,196961215#2,1
1220.0,263217604#0,1
1220.0,30620492#0,17
1220.0,30620492#1,5
1220.0,484988951#0,4
1220.0,49073226#2,5
1220.0,506322844#0,6
1220.0,506322848#0,1
1220.0,51362429#0,17
1220.0,51362430,1
1220.0,593847702#0,1
1220.0,593847704#0,2
1220.0,593849711#2,12
1220.0,594658760#0,2
1220.0,:3086736518_0,2
1220.0,:3086736518_4,1
1220.0,:3086736518_6,1
1220.0,:655375232_2,2
1220.0,:655375232_6,1
1220.0,:655375232_8,1
1220.0,:655375233_0,2
1220.0,:655375233_2,1
1220.0,:655375233_4,1
1220.0,:655375233_8,4
1240.0,-300077497#5,25
1240.0,-300077497#8,4
1240.0,-593847703#3,32
1240.0,-593847705,1
1240.0,-E0,18
1240.0,1068440004#1,30
1240.0,1068440006#0,2
1240.0,182334378#0,1
1240.0,196961215#2,1
1240.0,30620492#0,18
1240.0,30620492#1,5
1240.0,484988951#0,5
1240.0,49073226#2,7
1240.0,506322844#0,6
1240.0,506322848#0,1
1240.0,51362429#0,17
1240.0,593847702#0,3
1240.0,593847704#0,2
1240.0,593849711#2,12
1240.0,594658757#0,1
1240.0,594658760#0,2
1240.0,:3086736518_0,2
1240.0,:3086736518_4,1
1240.0,:3086736518_6,1
1240.0,:655375232_2,2
1240.0,:655375232_6,1
1240.0,:655375232_8,1
1240.0,:655375233_0,2
1240.0,:655375233_4,2
1240.0,:655375233_8,7
1240.0,:cluster655375336_end_0_655375336_end_1_655375336_end_10_655375336_end_11_#8more_6,1
1240.0,:cluster_2528018119_655375236_17,1
1260.0,-300077497#5,25
1260.0,-300077497#8,4
1260.0,-593847703#3,33
1260.0,-593847705,1
1260.0,-E0,18
1260.0,1068440004#1,31
1260.0,182334378#0,1
1260.0,196961215#2,1
1260.0,232003903#0,2
1260.0,30620492#0,18
1260.0,30620492#1,5
1260.0,484988951#0,5
1260.0,49073226#2,7
1260.0,506322844#0,6
1260.0,506322848#0,1
1260.0,51362429#0,17
1260.0,51362430,1
1260.0,593847702#0,3
1260.0,593847704#0,2
1260.0,593849711#2,12
1260.0,594658757#0,1
1260.0,594658760#0,2
1260.0,:3086736518_0,2
1260.0,:3086736518_4,1
1260.0,:3086736518_6,1
1260.0,:655375232_2,2
1260.0,:655375232_6,1
1260.0,:655375232_8,1
1260.0,:655375233_0,2
1260.0,:655375233_4,2
1260.0,:655375233_8,7
1280.0,-300077497#5,27
1280.0,-300077497#8,4
1280.0,-593847703#3,33
1280.0,-593847705,1
1280.0,-E0,18
1280.0,1068440004#1,33
1280.0,263217604#0,1
1280.0,288878926#0,7
1280.0,30620492#0,18
1280.0,30620492#1,5
1280.0,484988951#0,5
1280.0,506322844#0,6
1280.0,51362429#0,15
1280.0,51362430,3
1280.0,593844216#0,1
1280.0,593847703#0,3
1280.0,593847704#0,2
1280.0,593847705,1
1280.0,593849711#2,12
1280.0,594658757#0,1
1280.0,594658760#0,2
1280.0,:3086736518_0,2
1280.0,:3086736518_4,1
1280.0,:3086736518_6,1
1280.0,:655375232_2,2
1280.0,:655375232_6,1
1280.0,:655375232_8,1
1280.0,:655375233_4,2
1280.0,:655375233_8,7
1280.0,:cluster_623980147_623980152_4,1
1300.0,-300077497#5,27
1300.0,-300077497#8,4
1300.0,-593847703#3,33
1300.0,-593847705,1
1300.0,-E0,19
1300.0,1068440004#1,33
1300.0,263217604#0,2
1300.0,288878926#0,8
1300.0,30620492#0,18
1300.0,30620492#1,5
1300.0,484988951#0,4
1300.0,506322844#0,5
1300.0,51362429#0,15
1300.0,51362430,2
1300.0,593844216#0,1
1300.0,593847703#0,3
1300.0,593849711#2,12
1300.0,593849718#0,2
1300.0,594658757#0,1
1300.0,594658760#0,2
1300.0,:3086736518_0,3
1300.0,:3086736518_4,1
1300.0,:3086736518_6,1
1300.0,:655375232_2,1
1300.0,:655375232_6,1
1300.0,:655375232_8,1
1300.0,:655375233_0,1
1300.0,:655375233_4,2
1300.0,:655375233_8,7
1320.0,-300077497#5,26
1320.0,-300077497#8,4
1320.0,-593847703#3,32
1320.0,-E0,19
1320.0,1068440004#1,33
1320.0,288878926#0,6
1320.0,300077497#0,3
1320.0,30620492#0,18
1320.0,30620492#1,5
1320.0,484988951#0,4
1320.0,49073226#2,2
1320.0,506322844#0,5
1320.0,51362429#0,17
1320.0,593844216#0,1
1320.0,593849711#0,1
1320.0,593849711#2,7
1320.0,594658757#0,1
1320.0,594658760#0,4
1320.0,:3086736518_0,3
1320.0,:3086736518_3,1
1320.0,:3086736518_4,1
1320.0,:3086736518_6,1
1320.0,:655375232_2,1
1320.0,:655375232_6,2
1320.0,:655375232_8,1
1320.0,:655375233_0,1
1320.0,:655375233_4,4
1320.0,:655375233_8,7
1320.0,:cluster_3431431575_4777363357_655375231_6982059025_3,1
1320.0,:cluster_623980147_623980152_9,1
1340.0,-300077497#5,26
1340.0,-300077497#8,3
1340.0,-593847703#3,33
1340.0,-E0,19
1340.0,1068440004#1,33
1340.0,288878926#0,1
1340.0,30620492#0,18
1340.0,30620492#1,5
1340.0,484988951#0,3
1340.0,49073226#2,3
1340.0,506322844#0,5
1340.0,506322846#0,2
1340.0,51362429#0,17
1340.0,593842812#2,1
1340.0,593849711#2,7
1340.0,594658757#0,1
1340.0,594658760#0,4
1340.0,:3086736518_0,3
1340.0,:3086736518_3,1
1340.0,:3086736518_4,1
1340.0,:3086736518_6,1
1340.0,:655375232_2,1
1340.0,:655375232_6,2
1340.0,:655375232_8,1
1340.0,:655375233_0,1
1340.0,:655375233_4,4
1340.0,:655375233_8,7
1340.0,:cluster_2038168688_655375573_23,1
1340.0,:cluster_3431431575_4777363357_655375231_6982059025_5,1
1360.0,-300077497#5,26
1360.0,-300077497#8,2
1360.0,-593847703#3,33
1360.0,-E0,19
1360.0,1068440004#1,33
1360.0,186602412#0,3
1360.0,288878926#0,1
1360.0,30620492#0,18
1360.0,30620492#1,5
1360.0,484988951#0,4
1360.0,49073226#2,4
1360.0,506322844#0,4
1360.0,51362429#0,18
1360.0,593842812#2,1
1360.0,593849711#2,7
1360.0,594658757#0,1
1360.0,594658760#0,4
1360.0,:3086736518_0,3
1360.0,:3086736518_3,1
1360.0,:3086736518_4,1
1360.0,:3086736518_6,1
1360.0,:655375232_2,1
1360.0,:655375232_6,2
1360.0,:655375232_8,1
1360.0,:655375233_0,1
1360.0,:655375233_4,4
1360.0,:655375233_8,7
1360.0,:655375238_4,1
1360.0,:655375238_5,1
1360.0,:655375239_5,1
1380.0,-300077497#5,27
1380.0,-300077497#8,5
1380.0,-593847703#3,33
1380.0,-E0,19
1380.0,1068440004#1,33
1380.0,288878926#0,1
1380.0,30620492#0,18
1380.0,30620492#1,5
1380.0,35274074#0,1
1380.0,484988951#0,4
1380.0,49073226#2,4
1380.0,506322844#0,5
1380.0,51362429#0,18
1380.0,593842812#2,1
1380.0,593849711#2,7
1380.0,594658757#0,1
1380.0,594658760#0,4
1380.0,:3086736518_0,3
1380.0,:3086736518_3,1
1380.0,:3086736518_4,1
1380.0,:3086736518_6,1
1380.0,:655375232_2,1
1380.0,:655375232_6,2
1380.0,:655375232_8,1
1380.0,:655375233_0,1
1380.0,:655375233_4,4
1380.0,:655375233_8,7
1400.0,-300077497#5,25
1400.0,-300077497#8,5
1400.0,-593847703#3,35
1400.0,-E0,19
1400.0,1068440004#1,33
1400.0,288878926#0,1
1400.0,30620492#0,18
1400.0,30620492#1,5
1400.0,484988951#0,3
1400.0,49073226#2,4
1400.0,506322844#0,5
1400.0,51362429#0,15
1400.0,593844221#0,1
1400.0,593849711#2,7
1400.0,594658757#0,1
1400.0,594658760#0,4
1400.0,:3086736518_0,3
1400.0,:3086736518_3,1
1400.0,:3086736518_4,1
1400.0,:3086736518_6,1
1400.0,:655375232_2,5
1400.0,:655375232_6,2
1400.0,:655375232_8,1
1400.0,:655375233_0,1
1400.0,:655375233_4,4
1400.0,:655375233_8,7
1400.0,:cluster_2038168688_655375573_23,1
1400.0,:cluster_3431431575_4777363357_655375231_6982059025_7,1
1420.0,-300077497#5,25
1420.0,-300077497#8,5
1420.0,-51362429#1,1
1420.0,-593847703#3,33
1420.0,-593847704#2,1
1420.0,-E0,19
1420.0,1068440004#1,33
1420.0,186602412#0,1
1420.0,30620492#0,18
1420.0,30620492#1,5
1420.0,484988951#0,4
1420.0,49073226#2,6
1420.0,506322844#0,5
1420.0,51362429#0,17
1420.0,593844221#0,1
1420.0,593849711#2,3
1420.0,594658757#0,1
1420.0,594658760#0,4
1420.0,:3086736518_0,3
1420.0,:3086736518_3,1
1420.0,:3086736518_4,1
1420.0,:3086736518_6,1
1420.0,:655375232_2,5
1420.0,:655375232_6,2
1420.0,:655375232_8,1
1420.0,:655375233_0,1
1420.0,:655375233_4,6
1420.0,:655375233_8,7
1420.0,:cluster_3431431575_4777363357_655375231_6982059025_3,2
1440.0,-300077497#5,26
1440.0,-300077497#8,2
1440.0,-51362429#1,1
1440.0,-593847703#3,33
1440.0,-593847705,1
1440.0,-E0,19
1440.0,1068440004#1,33
1440.0,30620492#0,18
1440.0,30620492#1,5
1440.0,484988951#0,4
1440.0,49073226#2,8
1440.0,506322844#0,5
1440.0,506322846#0,1
1440.0,51362429#0,17
1440.0,593844221#0,1
1440.0,593849711#2,3
1440.0,594658757#0,1
1440.0,594658760#0,4
1440.0,:3086736518_0,3
1440.0,:3086736518_3,1
1440.0,:3086736518_4,1
1440.0,:3086736518_6,1
1440.0,:655375232_2,5
1440.0,:655375232_6,2
1440.0,:655375232_8,1
1440.0,:655375233_0,1
1440.0,:655375233_2,1
1440.0,:655375233_4,5
1440.0,:655375233_8,7
1460.0,-300077497#5,26
1460.0,-300077497#8,3
1460.0,-51362429#1,1
1460.0,-593847703#3,33
1460.0,-593847705,1
1460.0,-E0,19
1460.0,1068440004#1,33
1460.0,186602412#0,1
1460.0,30620492#0,18
1460.0,30620492#1,5
1460.0,484988951#0,4
1460.0,49073226#2,8
1460.0,506322844#0,5
1460.0,51362429#0,17
1460.0,593844221#0,1
1460.0,593849711#2,3
1460.0,594658757#0,1
1460.0,594658760#0,4
1460.0,:3086736518_0,3
1460.0,:3086736518_3,1
1460.0,:3086736518_4,1
1460.0,:3086736518_6,1
1460.0,:655375232_2,5
1460.0,:655375232_6,2
1460.0,:655375232_8,1
1460.0,:655375233_0,1
1460.0,:655375233_2,1
1460.0,:655375233_4,5
1460.0,:655375233_8,7
1460.0,:655375238_5,1
1480.0,-300077497#5,27
1480.0,-300077497#8,4
1480.0,-51362429#1,1
1480.0,-593847703#3,33
1480.0,-593847705,1
1480.0,-E0,19
1480.0,1068440004#1,33
1480.0,30620492#0,18
1480.0,30620492#1,5
1480.0,35274074#0,1
1480.0,484988951#0,4
1480.0,49073226#2,8
1480.0,506322844#0,6
1480.0,51362429#0,17
1480.0,593844221#0,1
1480.0,593849711#2,3
1480.0,594658757#0,1
1480.0,594658760#0,3
1480.0,:3086736518_0,3
1480.0,:3086736518_3,1
1480.0,:3086736518_4,1
1480.0,:3086736518_6,1
1480.0,:655375232_2,5
1480.0,:655375232_6,2
1480.0,:655375232_8,1
1480.0,:655375233_0,1
1480.0,:655375233_2,1
1480.0,:655375233_4,5
1480.0,:655375233_8,7
1500.0,-300077497#5,26
1500.0,-300077497#8,4
1500.0,-51362429#1,1
1500.0,-593847703#3,34
1500.0,-593847705,1
1500.0,-E0,19
1500.0,1068440004#1,33
1500.0,288878926#0,2
1500.0,30620492#0,18
1500.0,30620492#1,5
1500.0,484988951#0,4
1500.0,49073226#2,6
1500.0,506322844#0,6
1500.0,506322846#0,1
1500.0,51362429#0,17
1500.0,593844221#0,1
1500.0,593849711#2,3
1500.0,594658757#0,1
1500.0,594658760#0,3
1500.0,:3086736518_0,3
1500.0,:3086736518_3,1
1500.0,:3086736518_4,1
1500.0,:3086736518_6,1
1500.0,:655375232_2,5
1500.0,:655375232_6,2
1500.0,:655375232_8,1
1500.0,:655375233_0,1
1500.0,:655375233_2,1
1500.0,:655375233_4,5
1500.0,:655375233_8,7
1520.0,-300077497#5,27
1520.0,-300077497#8,3
1520.0,-51362429#1,1
1520.0,-593847703#3,34
1520.0,-593847704#2,2
1520.0,-593847705,1
1520.0,-E0,19
1520.0,1068440004#1,33
1520.0,288878926#0,5
1520.0,30620492#0,16
1520.0,30620492#1,5
1520.0,484988951#0,4
1520.0,506322844#0,7
1520.0,51362429#0,17
1520.0,593844221#0,1
1520.0,593849711#2,1
1520.0,594658757#0,1
1520.0,594658760#0,3
1520.0,:2749340167_0,1
1520.0,:3086736518_0,3
1520.0,:3086736518_3,1
1520.0,:3086736518_4,1
1520.0,:3086736518_6,1
1520.0,:655375232_2,5
1520.0,:655375232_6,3
1520.0,:655375232_8,1
1520.0,:655375233_0,1
1520.0,:655375233_2,1
1520.0,:655375233_4,5
1520.0,:655375233_8,7
1520.0,:cluster_623980147_623980152_4,1
1540.0,-300077497#5,27
1540.0,-300077497#8,4
1540.0,-593847703#3,34
1540.0,-593847705,1
1540.0,-E0,19
1540.0,1068440004#1,33
1540.0,263217604#0,2
1540.0,288878926#0,6
1540.0,30620492#0,18
1540.0,30620492#1,5
1540.0,484988951#0,4
1540.0,506322844#0,5
1540.0,51362429#0,17
1540.0,593844221#0,1
1540.0,593847702#0,1
1540.0,593849711#2,1
1540.0,593849718#0,1
1540.0,594658757#0,1
1540.0,594658760#0,3
1540.0,:2749340167_0,1
1540.0,:3086736518_0,3
1540.0,:3086736518_3,1
1540.0,:3086736518_4,1
1540.0,:3086736518_6,1
1540.0,:655375232_2,5
1540.0,:655375232_6,3
1540.0,:655375232_8,1
1540.0,:655375233_0,1
1540.0,:655375233_2,1
1540.0,:655375233_4,5
1540.0,:655375233_8,4
1540.0,:cluster622618015_622618108_622618112_622618144_#2more_31,1
1540.0,:cluster_623980147_623980152_4,1
1560.0,-300077497#5,27
1560.0,-300077497#8,4
1560.0,-593847703#3,34
1560.0,-593847705,1
1560.0,-E0,19
1560.0,1068440004#1,33
1560.0,263217604#0,2
1560.0,288878926#0,7
1560.0,30620492#0,18
1560.0,30620492#1,5
1560.0,484988951#0,4
1560.0,506322844#0,5
1560.0,51362429#0,17
1560.0,593844221#0,1
1560.0,593847702#0,4
1560.0,593847703#0,1
1560.0,593849711#2,1
1560.0,593849718#0,1
1560.0,594658760#0,3
1560.0,:2749340167_0,1
1560.0,:3086736518_0,3
1560.0,:3086736518_3,1
1560.0,:3086736518_4,1
1560.0,:3086736518_6,1
1560.0,:655375232_2,5
1560.0,:655375232_6,3
1560.0,:655375232_8,1
1560.0,:655375233_2,1
1560.0,:655375233_4,5
1580.0,-300077497#5,27
1580.0,-300077497#8,4
1580.0,-593847703#3,34
1580.0,-593847705,1
1580.0,-E0,19
1580.0,1068440004#1,34
1580.0,263217604#0,2
1580.0,288878926#0,7
1580.0,300077497#0,1
1580.0,30620492#0,18
1580.0,30620492#1,5
1580.0,484988951#0,4
1580.0,506322844#0,5
1580.0,51362429#0,16
1580.0,593844221#0,1
1580.0,593847702#0,4
1580.0,593847703#0,2
1580.0,593847704#0,1
1580.0,593849711#2,1
1580.0,594658760#0,3
1580.0,:2749340167_0,1
1580.0,:3086736518_0,2
1580.0,:3086736518_3,1
1580.0,:3086736518_4,1
1580.0,:655375232_2,5
1580.0,:655375232_6,3
1580.0,:655375232_8,1
1580.0,:655375233_2,1
1580.0,:655375233_4,5
1600.0,-300077497#5,27
1600.0,-300077497#8,4
1600.0,-593847703#3,34
1600.0,-593847704#2,4
1600.0,-593847705,1
1600.0,-E0,19
1600.0,1068440004#1,34
1600.0,1068440006#0,1
1600.0,244450512#4,1
1600.0,300077497#0,3
1600.0,30620492#0,18
1600.0,30620492#1,5
1600.0,35274074#0,1
1600.0,484988951#0,3
1600.0,506322844#0,5
1600.0,51362429#0,10
1600.0,593844221#0,1
1600.0,593847702#0,4
1600.0,593847703#0,6
1600.0,593847704#0,1
1600.0,593849711#2,1
1600.0,594658757#0,1
1600.0,594658760#0,3
1600.0,:2749340167_0,1
1600.0,:3086736518_0,1
1600.0,:3086736518_3,1
1600.0,:3086736518_4,1
1600.0,:655375232_2,2
1600.0,:655375232_6,2
1600.0,:655375233_0,3
1600.0,:655375233_2,1
1600.0,:655375233_4,5
1600.0,:cluster622618015_622618108_622618112_622618144_#2more_2,1
1600.0,:cluster_3431431575_4777363357_655375231_6982059025_3,1
1600.0,:cluster_3431431575_4777363357_655375231_6982059025_5,1
1620.0,-300077497#5,27
1620.0,-300077497#8,4
1620.0,-593847703#3,34
1620.0,-593847705,1
1620.0,-E0,19
1620.0,1068440004#1,34
1620.0,1068440006#0,2
1620.0,244450512#5,1
1620.0,300077497#0,2
1620.0,30620492#0,18
1620.0,30620492#1,5
1620.0,35274074#0,1
1620.0,484988951#0,4
1620.0,49073226#2,1
1620.0,506322844#0,5
1620.0,506322846#0,1
1620.0,51362429#0,13
1620.0,593844221#0,1
1620.0,593847702#0,4
1620.0,593847703#0,10
1620.0,593847704#0,1
1620.0,594658757#0,1
1620.0,594658760#0,3
1620.0,:1973482489_3,1
1620.0,:2749340167_0,1
1620.0,:3086736518_0,1
1620.0,:3086736518_3,1
1620.0,:3086736518_4,1
1620.0,:655375232_2,1
1620.0,:655375232_6,2
1620.0,:655375233_2,1
1620.0,:655375233_4,5
1620.0,:cluster_2038168688_655375573_23,1
1640.0,-300077497#5,27
1640.0,-300077497#8,4
1640.0,-593847701,1
1640.0,-593847703#3,32
1640.0,-593847705,1
1640.0,-E0,19
1640.0,1068440004#1,34
1640.0,1239087514,1
1640.0,186602412#0,2
1640.0,244450512#5,1
1640.0,30620492#0,18
1640.0,30620492#1,5
1640.0,35274074#0,3
1640.0,484988951#0,3
1640.0,49073226#2,1
1640.0,506322844#0,5
1640.0,51362429#0,15
1640.0,593844221#0,1
1640.0,593847703#0,10
1640.0,593847704#0,2
1640.0,594658757#0,1
1640.0,594658760#0,2
1640.0,:2749340167_0,1
1640.0,:3086736518_0,1
1640.0,:3086736518_4,1
1640.0,:655375232_2,1
1640.0,:655375232_6,2
1640.0,:655375232_8,1
1640.0,:655375233_2,1
1640.0,:655375233_4,5
1640.0,:cluster11510670762_4554226152_1,1
1660.0,-300077497#5,27
1660.0,-300077497#8,4
1660.0,-593847701,1
1660.0,-593847703#3,32
1660.0,-593847705,1
1660.0,-E0,19
1660.0,1068440004#1,34
1660.0,244450512#5,1
1660.0,30620492#0,18
1660.0,30620492#1,5
1660.0,35274074#0,3
1660.0,484988951#0,5
1660.0,49073226#2,1
1660.0,506322844#0,5
1660.0,51362429#0,15
1660.0,51362430,1
1660.0,593844221#0,1
1660.0,593847703#0,10
1660.0,593849718#0,1
1660.0,594658757#0,1
1660.0,594658760#0,2
1660.0,:2749340167_0,1
1660.0,:3086736518_0,1
1660.0,:3086736518_4,1
1660.0,:655375232_2,1
1660.0,:655375232_6,2
1660.0,:655375232_8,1
1660.0,:655375233_2,1
1660.0,:655375233_4,5
1680.0,-300077497#5,25
1680.0,-300077497#8,4
1680.0,-593847701,1
1680.0,-593847703#3,33
1680.0,-593847705,1
1680.0,-E0,19
1680.0,1068440004#1,34
1680.0,300077497#0,6
1680.0,30620492#0,18
1680.0,30620492#1,5
1680.0,484988951#0,5
1680.0,49073226#2,1
1680.0,506322844#0,5
1680.0,506322846#0,3
1680.0,51362429#0,16
1680.0,51362430,1
1680.0,593844221#0,1
1680.0,593847703#0,2
1680.0,594658757#0,1
1680.0,594658760#0,2
1680.0,:2749340167_0,1
1680.0,:3086736518_0,1
1680.0,:3086736518_4,1
1680.0,:655375232_2,1
1680.0,:655375232_6,2
1680.0,:655375232_8,1
1680.0,:655375233_2,1
1680.0,:655375233_4,5
1680.0,:655375238_1,1
1680.0,:cluster_2528018119_655375236_17,1
1680.0,:cluster_2528018119_655375236_3,1
1700.0,-300077497#5,26
1700.0,-300077497#8,3
1700.0,-593847701,1
1700.0,-593847703#3,34
1700.0,-593847705,1
1700.0,-E0,19
1700.0,1068440004#1,34
1700.0,186602412#0,2
1700.0,300077497#0,4
1700.0,30620492#0,18
1700.0,30620492#1,5
1700.0,35274074#0,1
1700.0,484988951#0,5
1700.0,49073226#2,1
1700.0,506322844#0,5
1700.0,506322846#0,2
1700.0,51362429#0,13
1700.0,593847703#0,1
1700.0,594658757#0,1
1700.0,594658760#0,2
1700.0,:2749340167_0,1
1700.0,:3086736518_0,1
1700.0,:3086736518_4,1
1700.0,:655375232_2,2
1700.0,:655375232_6,2
1700.0,:655375232_8,1
1700.0,:655375233_0,2
1700.0,:655375233_2,1
1700.0,:655375233_4,5
1700.0,:655375238_1,1
1700.0,:cluster_2038168688_655375573_23,1
1700.0,:cluster_2038168688_655375573_3,1
1720.0,-300077497#5,27
1720.0,-300077497#8,4
1720.0,-593847701,1
1720.0,-593847703#3,34
1720.0,-593847705,1
1720.0,-E0,19
1720.0,1068440004#1,34
1720.0,1068440006#0,2
1720.0,186602412#0,2
1720.0,30620492#0,18
1720.0,30620492#1,5
1720.0,35274074#0,5
1720.0,484988951#0,3
1720.0,49073226#2,1
1720.0,506322844#0,4
1720.0,506322846#0,1
1720.0,51362429#0,12
1720.0,593847703#0,7
1720.0,594658757#0,1
1720.0,594658760#0,2
1720.0,:2749340167_0,1
1720.0,:3086736518_0,1
1720.0,:3086736518_4,1
1720.0,:655375233_2,1
1720.0,:655375233_4,5
1720.0,:cluster_3431431575_4777363357_655375231_6982059025_3,1
1720.0,:cluster_3431431575_4777363357_655375231_6982059025_5,1
1740.0,-300077497#5,27
1740.0,-300077497#8,4
1740.0,-51362429#1,4
1740.0,-593847703#3,29
1740.0,-E0,19
1740.0,1068440004#1,34
1740.0,186602412#0,1
1740.0,232003903#0,2
1740.0,288878926#0,3
1740.0,30620492#0,18
1740.0,30620492#1,5
1740.0,35274074#0,5
1740.0,484988951#0,4
1740.0,49073226#2,1
1740.0,506322844#0,5
1740.0,51362429#0,16
1740.0,593847702#0,1
1740.0,593847703#0,7
1740.0,594658757#0,1
1740.0,594658760#0,2
1740.0,:2749340167_0,1
1740.0,:3086736518_0,1
1740.0,:3086736518_4,2
1740.0,:655375232_8,2
1740.0,:655375233_2,1
1740.0,:655375233_4,3
1760.0,-300077497#5,24
1760.0,-300077497#8,4
1760.0,-593847703#3,28
1760.0,-E0,19
1760.0,1068440004#1,28
1760.0,288878926#0,8
1760.0,300077497#0,2
1760.0,30620492#0,18
1760.0,30620492#1,5
1760.0,35274074#0,1
1760.0,484988951#0,4
1760.0,49073226#2,5
1760.0,506322844#0,5
1760.0,506322846#0,1
1760.0,51362429#0,17
1760.0,51362430,1
1760.0,593844216#0,1
1760.0,593847702#0,2
1760.0,593847703#0,2
1760.0,594658757#0,1
1760.0,594658760#0,2
1760.0,:2749340167_0,1
1760.0,:3086736518_0,1
1760.0,:3086736518_4,1
1760.0,:655375233_4,1
1760.0,:655375233_8,6
1760.0,:cluster_2038168688_655375573_23,1
1760.0,:cluster_2038168688_655375573_3,1
1760.0,:cluster_2038168688_655375573_6,1
1760.0,:cluster_2528018119_655375236_17,2
1760.0,:cluster_2528018119_655375236_3,1
1760.0,:cluster_2528018119_655375236_4,1
1760.0,:cluster_3431431575_4777363357_655375231_6982059025_3,2
1780.0,-300077497#5,24
1780.0,-300077497#8,4
1780.0,-593847703#3,30
1780.0,-E0,19
1780.0,1068440004#1,30
1780.0,182334379#0,1
1780.0,186602412#0,3
1780.0,288878926#0,8
1780.0,300077497#0,1
1780.0,30620492#0,18
1780.0,30620492#1,5
1780.0,35274074#0,2
1780.0,484988951#0,5
1780.0,506322844#0,5
1780.0,506322846#0,1
1780.0,51362429#0,17
1780.0,593844216#0,1
1780.0,593847702#0,3
1780.0,593849711#0,2
1780.0,594658757#0,1
1780.0,594658760#0,2
1780.0,:1973482489_3,1
1780.0,:2749340167_0,1
1780.0,:3086736518_0,1
1780.0,:3086736518_4,1
1780.0,:655375233_4,1
1780.0,:655375233_8,7
1780.0,:655375238_6,1
1780.0,:cluster_623980147_623980152_4,1
1800.0,-300077497#5,24
1800.0,-300077497#8,1
1800.0,-593847703#3,32
1800.0,-E0,19
1800.0,1068440004#1,32
1800.0,186602412#0,1
1800.0,232003903#0,1
1800.0,238526531#0,1
1800.0,288878926#0,7
1800.0,30620492#0,18
1800.0,30620492#1,5
1800.0,35274074#0,1
1800.0,484988951#0,5
1800.0,506322844#0,5
1800.0,506322846#0,1
1800.0,51362429#0,15
1800.0,593844216#0,1
1800.0,593847702#0,3
1800.0,594658757#0,1
1800.0,594658760#0,2
1800.0,:1973482489_3,1
1800.0,:2749340167_0,1
1800.0,:3086736518_4,1
1800.0,:655375232_2,2
1800.0,:655375233_0,1
1800.0,:655375233_4,1
1800.0,:655375233_8,7
1820.0,-300077497#5,26
1820.0,-300077497#8,2
1820.0,-49073264#1,1
1820.0,-593847703#3,32
1820.0,-E0,19
1820.0,1068440004#1,32
1820.0,186602412#0,1
1820.0,288878926#0,7
1820.0,30620492#0,17
1820.0,30620492#1,4
1820.0,35274074#0,1
1820.0,484988951#0,4
1820.0,49073264#0,2
1820.0,506322844#0,3
1820.0,51362429#0,15
1820.0,51362430,1
1820.0,593842812#0,1
1820.0,594658757#0,1
1820.0,594658760#0,2
1820.0,:2749340167_0,2
1820.0,:3086736518_0,1
1820.0,:3086736518_4,1
1820.0,:655375232_2,2
1820.0,:655375233_0,2
1820.0,:655375233_4,1
1820.0,:655375233_8,7
1820.0,:655375238_5,1
1820.0,:655375239_5,2
1840.0,-300077497#5,27
1840.0,-300077497#8,4
1840.0,-51362429#1,1
1840.0,-593847703#3,29
1840.0,-E0,19
1840.0,1068440004#1,32
1840.0,288878926#0,7
1840.0,30620492#0,17
1840.0,30620492#1,5
1840.0,35274074#0,1
1840.0,484988951#0,4
1840.0,506322844#0,6
1840.0,51362429#0,16
1840.0,593844221#0,1
1840.0,593849711#0,1
1840.0,594658757#0,1
1840.0,594658760#0,2
1840.0,:2749340167_0,1
1840.0,:3086736518_0,1
1840.0,:655375232_2,2
1840.0,:655375232_8,1
1840.0,:655375233_0,2
1840.0,:655375233_10,1
1840.0,:655375233_2,1
1840.0,:655375233_4,2
1840.0,:655375233_8,7
1840.0,:cluster622618015_622618108_622618112_622618144_#2more_17,1
1860.0,-300077497#5,24
1860.0,-300077497#8,4
1860.0,-51362429#1,2
1860.0,-593847703#3,27
1860.0,-E0,19
1860.0,1068440004#1,30
1860.0,288878926#0,5
1860.0,30620492#0,18
1860.0,30620492#1,5
1860.0,484988951#0,4
1860.0,506322844#0,6
1860.0,506322846#0,1
1860.0,51362429#0,17
1860.0,593844221#0,1
1860.0,593847702#0,8
1860.0,593847704#0,1
1860.0,593849711#0,2
1860.0,594658757#0,1
1860.0,594658760#0,2
1860.0,:2749340167_0,1
1860.0,:3086736518_0,1
1860.0,:655375232_2,2
1860.0,:655375233_0,2
1860.0,:655375233_8,3
1860.0,:cluster_2528018119_655375236_17,2
1860.0,:cluster_3431431575_4777363357_655375231_6982059025_3,2
1880.0,-300077497#5,23
1880.0,-300077497#8,1
1880.0,-593847703#3,31
1880.0,-E0,19
1880.0,1068440004#1,23
1880.0,186602412#0,1
1880.0,300077497#0,2
1880.0,30620492#0,18
1880.0,30620492#1,5
1880.0,484988951#0,4
1880.0,49073226#2,4
1880.0,506322844#0,6
1880.0,51362429#0,17
1880.0,593844221#0,1
1880.0,593847702#0,18
1880.0,593847704#0,1
1880.0,594658757#0,1
1880.0,594658760#0,2
1880.0,:2749340167_0,1
1880.0,:3086736518_0,1
1880.0,:655375232_2,2
1880.0,:655375238_5,2
1900.0,-300077497#5,26
1900.0,-300077497#8,1
1900.0,-593847703#3,31
1900.0,-E0,17
1900.0,1068440004#1,23
1900.0,263217604#0,1
1900.0,30620492#0,18
1900.0,30620492#1,5
1900.0,35274074#0,2
1900.0,484988951#0,4
1900.0,49073226#2,4
1900.0,49073272#1,2
1900.0,506322844#0,2
1900.0,51362429#0,17
1900.0,593844221#0,1
1900.0,593847702#0,10
1900.0,593847704#0,2
1900.0,593849718#0,3
1900.0,594658757#0,1
1900.0,594658760#0,2
1900.0,:2749340167_0,1
1900.0,:3086736518_0,1
1900.0,:3086736518_6,1
1900.0,:655375232_2,2
1900.0,:655375238_1,1
1900.0,:655375238_5,1
1900.0,:655375239_5,1
1900.0,:cluster622618015_622618108_622618112_622618144_#2more_31,3
1920.0,-300077497#5,27
1920.0,-300077497#8,4
1920.0,-49073264#1,1
1920.0,-593847703#3,31
1920.0,-E0,19
1920.0,1068440004#1,23
1920.0,263217604#0,1
1920.0,30620492#0,18
1920.0,30620492#1,5
1920.0,35274074#0,3
1920.0,484988951#0,3
1920.0,49073226#2,4
1920.0,49073272#3,2
1920.0,506322844#0,5
1920.0,51362429#0,9
1920.0,593844221#0,1
1920.0,593847703#0,9
1920.0,593849718#0,3
1920.0,594658760#0,1
1920.0,:2749340167_0,1
1920.0,:3086736518_0,1
1920.0,:3086736518_6,1
1920.0,:655375232_2,1
1920.0,:655375233_0,1
1920.0,:cluster622618015_622618108_622618112_622618144_#2more_39,1
1920.0,:cluster622618015_622618108_622618112_622618144_#2more_42,1
1920.0,:cluster655375336_end_0_655375336_end_1_655375336_end_10_655375336_end_11_#8more_17,1
1920.0,:cluster_3431431575_4777363357_655375231_6982059025_7,1
1940.0,-300077497#5,25
1940.0,-300077497#8,4
1940.0,-49073264#1,1
1940.0,-593847703#3,31
1940.0,-E0,20
1940.0,1068440004#1,23
1940.0,263217604#0,1
1940.0,300077497#0,2
1940.0,30620492#0,18
1940.0,30620492#1,5
1940.0,360018417,1
1940.0,484988951#0,4
1940.0,49073226#2,5
1940.0,506322844#0,6
1940.0,51362429#0,13
1940.0,593844221#0,1
1940.0,593847703#0,6
1940.0,593849718#0,1
1940.0,594658760#0,1
1940.0,:2749340167_0,1
1940.0,:3086736518_0,1
1940.0,:3208478121_3,1
1940.0,:655375232_2,1
1940.0,:655375233_4,2
1940.0,:cluster_2038168688_655375573_23,1
1940.0,:cluster_2038168688_655375573_24,1
1940.0,:cluster_2038168688_655375573_3,1
1940.0,:cluster_2528018119_655375236_3,2
1960.0,-300077497#5,24
1960.0,-300077497#8,4
1960.0,-49073264#1,1
1960.0,-51362429#1,5
1960.0,-593847703#3,23
1960.0,-E0,20
1960.0,1068440004#1,23
1960.0,186602412#0,3
1960.0,196961377#3,2
1960.0,244450512#4,1
1960.0,300077497#0,6
1960.0,30620492#0,18
1960.0,30620492#1,5
1960.0,35274074#0,3
1960.0,484988951#0,2
1960.0,49073226#2,7
1960.0,506322844#0,6
1960.0,51362429#0,16
1960.0,593844221#0,1
1960.0,593847704#0,1
1960.0,594658760#0,1
1960.0,:2749340167_0,1
1960.0,:3086736518_0,1
1960.0,:3086736518_4,1
1960.0,:655375232_2,1
1960.0,:655375238_1,1
1960.0,:cluster_2528018119_655375236_17,1
1960.0,:cluster_3431431575_4777363357_655375231_6982059025_3,1
1980.0,-300077497#5,23
1980.0,-300077497#8,2
1980.0,-49073264#1,1
1980.0,-51362429#1,1
1980.0,-593847703#3,27
1980.0,-E0,20
1980.0,1068440004#1,11
1980.0,186602412#0,1
1980.0,244450512#5,1
1980.0,288878926#0,5
1980.0,300077497#0,2
1980.0,30620492#0,18
1980.0,30620492#1,5
1980.0,35274074#0,4
1980.0,484988951#0,1
1980.0,49073226#2,4
1980.0,506322844#0,6
1980.0,506322846#0,2
1980.0,51362429#0,17
1980.0,593844221#0,1
1980.0,593847702#0,12
1980.0,593847704#0,1
1980.0,594658760#0,1
1980.0,:1973482489_8,1
1980.0,:2749340167_0,1
1980.0,:3086736518_0,1
1980.0,:3086736518_4,1
1980.0,:655375232_2,1
1980.0,:cluster_3431431575_4777363357_655375231_6982059025_3,2
1980.0,:cluster_623980147_623980152_9,1
2000.0,-300077497#5,26
2000.0,-300077497#8,3
2000.0,-49073264#1,1
2000.0,-593847703#3,27
2000.0,-E0,19
2000.0,1068440004#1,11
2000.0,186602412#0,1
2000.0,244450512#5,1
2000.0,263217604#0,2
2000.0,288878926#0,12
2000.0,30620492#0,18
2000.0,30620492#1,5
2000.0,35274074#0,6
2000.0,484988951#0,1
2000.0,49073264#0,1
2000.0,49073272#3,2
2000.0,506322844#0,3
2000.0,51362429#0,17
2000.0,593844221#0,1
2000.0,593847704#0,1
2000.0,593849718#0,3
2000.0,594658760#0,1
2000.0,:2749340167_0,1
2000.0,:3086736518_0,1
2000.0,:3086736518_4,1
2000.0,:3086736518_6,1
2000.0,:655375232_2,1
2000.0,:655375238_5,1
2000.0,:655375239_5,1
2000.0,:cluster_623980147_623980152_4,1
2020.0,-300077497#5,27
2020.0,-300077497#8,4
2020.0,-593847703#3,27
2020.0,-E0,19
2020.0,1068440004#1,11
2020.0,244450512#5,1
2020.0,263217604#0,2
2020.0,288878926#0,13
2020.0,30620492#0,18
2020.0,30620492#1,5
2020.0,35274074#0,6
2020.0,49073272#3,3
2020.0,506322844#0,5
2020.0,51362429#0,9
2020.0,593844221#0,1
2020.0,593847703#0,5
2020.0,594658760#0,1
2020.0,:2749340167_0,1
2020.0,:3086736518_0,1
2020.0,:3086736518_4,1
2020.0,:3086736518_6,1
2020.0,:655375232_2,2
2020.0,:655375233_0,1
2020.0,:cluster622618015_622618108_622618112_622618144_#2more_17,1
2040.0,-300077497#5,23
2040.0,-300077497#8,4
2040.0,-593847703#3,30
2040.0,-E0,19
2040.0,1068440004#1,11
2040.0,182334378#0,1
2040.0,288878926#0,11
2040.0,300077497#0,6
2040.0,30620492#0,18
2040.0,30620492#1,5
2040.0,360018417,3
2040.0,360843888,1
2040.0,506322844#0,5
2040.0,506322846#0,6
2040.0,51362429#0,9
2040.0,51362430,1
2040.0,593844221#0,1
2040.0,593849711#0,2
2040.0,594658760#0,2
2040.0,:2749340167_0,1
2040.0,:3086736518_0,2
2040.0,:3086736518_4,1
2040.0,:3086736518_6,1
2040.0,:655375232_2,1
2060.0,-300077497#5,24
2060.0,-51362429#1,4
2060.0,-593847703#3,21
2060.0,-E0,19
2060.0,1068440004#1,11
2060.0,186602412#0,5
2060.0,196961377#3,1
2060.0,232003903#0,1
2060.0,288878926#0,5
2060.0,300077497#0,2
2060.0,30620492#0,18
2060.0,30620492#1,5
2060.0,360843888,1
2060.0,49073226#2,2
2060.0,506322844#0,5
2060.0,506322846#0,2
2060.0,51362429#0,9
2060.0,593844221#0,1
2060.0,593847702#0,1
2060.0,593847704#0,1
2060.0,594658760#0,2
2060.0,:2749340167_0,1
2060.0,:3086736518_0,2
2060.0,:3086736518_4,1
2060.0,:655375232_2,1
2060.0,:655375232_8,1
2060.0,:655375238_1,1
2060.0,:655375238_5,2
2060.0,:cluster622618015_622618108_622618112_622618144_#2more_49,2
2060.0,:cluster_2038168688_655375573_23,1
2060.0,:cluster_2528018119_655375236_17,1
2060.0,:cluster_3431431575_4777363357_655375231_6982059025_3,2
2080.0,-300077497#5,26
2080.0,-300077497#8,3
2080.0,-51362429#1,2
2080.0,-593847703#3,22
2080.0,-E0,19
2080.0,186602412#0,3
2080.0,232003903#0,1
2080.0,288878926#0,5
2080.0,30620492#0,18
2080.0,30620492#1,5
2080.0,35274074#0,3
2080.0,360843888,1
2080.0,49073226#2,7
2080.0,49073264#0,1
2080.0,506322844#0,2
2080.0,51362429#0,9
2080.0,593844221#0,1
2080.0,593847702#0,10
2080.0,593847704#0,1
2080.0,594658760#0,2
2080.0,:2749340167_0,1
2080.0,:3086736518_0,2
2080.0,:3086736518_4,1
2080.0,:655375232_2,1
2080.0,:655375233_8,1
2080.0,:655375239_5,1
2100.0,-300077497#5,27
2100.0,-300077497#8,4
2100.0,-51362429#1,2
2100.0,-593847703#3,22
2100.0,-E0,18
2100.0,232003903#0,1
2100.0,263217604#0,1
2100.0,288878926#0,5
2100.0,30620492#0,18
2100.0,30620492#1,5
2100.0,35274074#0,3
2100.0,360843888,1
2100.0,49073226#2,7
2100.0,49073272#3,1
2100.0,506322844#0,5
2100.0,51362429#0,9
2100.0,593844221#0,1
2100.0,593847702#0,4
2100.0,593849718#0,2
2100.0,594658760#0,2
2100.0,:2749340167_0,1
2100.0,:3086736518_0,2
2100.0,:3086736518_4,1
2100.0,:3086736518_6,1
2100.0,:655375232_2,1
2100.0,:cluster622618015_622618108_622618112_622618144_#2more_17,1
2100.0,:cluster622618015_622618108_622618112_622618144_#2more_39,1
2120.0,-300077497#5,24
2120.0,-300077497#8,4
2120.0,-51362429#1,2
2120.0,-593847703#3,24
2120.0,-E0,18
2120.0,263217604#0,1
2120.0,288878926#0,5
2120.0,30620492#0,18
2120.0,30620492#1,5
2120.0,360018417,1
2120.0,49073226#2,7
2120.0,506322844#0,5
2120.0,506322846#0,1
2120.0,51362429#0,1
2120.0,51362430,1
2120.0,593844221#0,1
2120.0,593847702#0,4
2120.0,593847703#0,4
2120.0,594658760#0,2
2120.0,:2749340167_0,1
2120.0,:3086736518_0,1
2120.0,:3086736518_4,1
2120.0,:3086736518_6,1
2120.0,:3208478128_0,1
2120.0,:655375232_2,3
2120.0,:655375233_0,3
2120.0,:cluster_2038168688_655375573_23,1
2120.0,:cluster_2038168688_655375573_3,1
2120.0,:cluster_2528018119_655375236_17,1
2140.0,-300077497#5,22
2140.0,-300077497#8,4
2140.0,-51362429#1,2
2140.0,-593847703#3,27
2140.0,-E0,19
2140.0,186602412#0,3
2140.0,196961377#3,1
2140.0,244450512#4,1
2140.0,244450512#5,1
2140.0,300077497#0,6
2140.0,30620492#0,17
2140.0,30620492#1,5
2140.0,49073226#2,8
2140.0,506322844#0,6
2140.0,593847702#0,4
2140.0,593847703#0,2
2140.0,593849711#0,1
2140.0,594658760#0,2
2140.0,:3086736518_0,1
2140.0,:3086736518_4,1
2140.0,:3086736518_6,1
2140.0,:cluster_2528018119_655375236_27,1
2140.0,:cluster_2528018119_655375236_3,2
2160.0,-300077497#5,25
2160.0,-51362429#1,6
2160.0,-593847703#3,20
2160.0,-E0,19
2160.0,238526531#0,1
2160.0,244450512#5,2
2160.0,300077497#0,9
2160.0,30620492#0,18
2160.0,30620492#1,5
2160.0,49073226#2,8
2160.0,506322844#0,6
2160.0,593847702#0,4
2160.0,594658760#0,2
2160.0,:3086736518_0,1
2160.0,:3086736518_4,1
2160.0,:3086736518_6,1
2160.0,:655375232_8,1
2160.0,:655375233_2,1
2160.0,:655375233_4,2
2160.0,:655375238_1,1
2160.0,:655375238_5,1
2180.0,-300077497#5,27
2180.0,-300077497#8,4
2180.0,-51362429#1,9
2180.0,-593847703#3,20
2180.0,-E0,19
2180.0,244450512#5,2
2180.0,263217604#0,2
2180.0,300077497#0,5
2180.0,30620492#0,18
2180.0,30620492#1,5
2180.0,35274074#0,4
2180.0,49073226#2,8
2180.0,506322844#0,3
2180.0,506322847#0,1
2180.0,594658760#0,2
2180.0,:3086736518_0,1
2180.0,:3086736518_4,1
2180.0,:3086736518_6,1
2180.0,:655375238_6,1
2180.0,:655375239_6,1
2180.0,:cluster622618015_622618108_622618112_622618144_#2more_29,1
2200.0,-300077497#5,27
2200.0,-300077497#8,4
2200.0,-506322847#4,1
2200.0,-51362429#1,9
2200.0,-593847703#3,20
2200.0,-E0,19
2200.0,244450512#5,2
2200.0,263217604#0,3
2200.0,288878926#0,1
2200.0,30620492#0,18
2200.0,30620492#1,5
2200.0,35274074#0,10
2200.0,49073226#2,6
2200.0,49073272#3,1
2200.0,506322844#0,5
2200.0,594658760#0,2
2200.0,:3086736518_0,1
2200.0,:3086736518_4,1
2200.0,:3086736518_6,1
2200.0,:cluster_623980147_623980152_4,1
2220.0,-300077497#5,24
2220.0,-300077497#8,4
2220.0,-51362429#1,5
2220.0,-593847703#3,23
2220.0,-E0,19
2220.0,288878926#0,6
2220.0,30620492#0,18
2220.0,30620492#1,5
2220.0,35274074#0,1
2220.0,360018417,1
2220.0,360843888,1
2220.0,49073226#2,4
2220.0,506322844#0,5
2220.0,506322846#0,6
2220.0,51362430,2
2220.0,593847703#0,1
2220.0,593849711#0,1
2220.0,594658757#0,1
2220.0,594658760#0,1
2220.0,:3086736518_4,1
2220.0,:3086736518_6,1
2220.0,:cluster3086736522_655375108_655375247_655375401_#1more_30,1
2220.0,:cluster_2038168688_655375573_23,1
2220.0,:cluster_2038168688_655375573_24,1
2220.0,:cluster_2038168688_655375573_3,1
2220.0,:cluster_2038168688_655375573_6,1
2240.0,-300077497#5,23
2240.0,-300077497#8,1
2240.0,-51362429#1,3
2240.0,-593847703#3,26
2240.0,-E0,19
2240.0,186602412#0,5
2240.0,288878926#0,4
2240.0,300077497#0,1
2240.0,30620492#0,18
2240.0,30620492#1,5
2240.0,360843888,1
2240.0,506322844#0,5
2240.0,506322846#0,5
2240.0,594658757#0,2
2240.0,594658760#0,1
2240.0,:3086736518_4,1
2240.0,:3086736518_6,1
2240.0,:655375238_5,1
2240.0,:cluster622618015_622618108_622618112_622618144_#2more_49,1
2240.0,:cluster_3431431575_4777363357_655375231_6982059025_3,2
2240.0,:cluster_3431431575_4777363357_655375231_6982059025_7,2
2260.0,-300077497#5,24
2260.0,-300077497#8,3
2260.0,-51362429#1,1
2260.0,-593847703#3,22
2260.0,-E0,19
2260.0,186602412#0,3
2260.0,288878926#0,8
2260.0,30620492#0,18
2260.0,30620492#1,5
2260.0,35274074#0,1
2260.0,360843888,1
2260.0,49073226#2,3
2260.0,506322844#0,3
2260.0,593847704#0,1
2260.0,594658757#0,2
2260.0,594658760#0,1
2260.0,:3086736518_4,1
2260.0,:655375232_8,1
2260.0,:655375233_4,2
2260.0,:655375238_5,1
2260.0,:655375239_5,1
2280.0,-300077497#5,27
2280.0,-300077497#8,4
2280.0,-51362429#1,2
2280.0,-593847703#3,19
2280.0,-E0,19
2280.0,263217604#0,2
2280.0,288878926#0,8
2280.0,30620492#0,18
2280.0,30620492#1,5
2280.0,35274074#0,1
2280.0,360843888,1
2280.0,49073226#2,7
2280.0,506322844#0,5
2280.0,594658757#0,2
2280.0,594658760#0,1
2280.0,:3086736518_4,1
2280.0,:cluster622618015_622618108_622618112_622618144_#2more_39,1
2300.0,-300077497#5,23
2300.0,-300077497#8,4
2300.0,-51362429#1,2
2300.0,-593847703#3,21
2300.0,-E0,19
2300.0,244450512#5,1
2300.0,263217604#0,2
2300.0,288878926#0,8
2300.0,30620492#0,18
2300.0,30620492#1,5
2300.0,49073226#2,7
2300.0,506322844#0,6
2300.0,594658757#0,2
2300.0,594658760#0,1
2300.0,:3086736518_4,1
2300.0,:cluster_2038168688_655375573_23,1
2300.0,:cluster_2528018119_655375236_17,2
2320.0,-300077497#5,22
2320.0,-300077497#8,4
2320.0,-51362429#1,2
2320.0,-593847703#3,24
2320.0,-E0,17
2320.0,186602412#0,1
2320.0,244450512#4,2
2320.0,244450512#5,1
2320.0,288878926#0,2
2320.0,30620492#0,18
2320.0,30620492#1,5
2320.0,49073226#2,7
2320.0,506322844#0,6
2320.0,593849711#0,1
2320.0,594658757#0,2
2320.0,594658760#0,1
2320.0,:3086736518_4,1
2320.0,:3086736518_6,2
2320.0,:cluster622618015_622618108_622618112_622618144_#2more_0,1
2340.0,-300077497#5,24
2340.0,-51362429#1,2
2340.0,-593847703#3,26
2340.0,-E0,20
2340.0,244450512#5,3
2340.0,30620492#0,18
2340.0,30620492#1,5
2340.0,49073226#2,7
2340.0,506322844#0,6
2340.0,594658757#0,1
2340.0,:3086736518_4,1
2340.0,:3086736518_6,2
2360.0,-300077497#5,26
2360.0,-300077497#8,4
2360.0,-51362429#1,3
2360.0,-593847703#3,23
2360.0,-E0,20
2360.0,244450512#5,3
2360.0,263217604#0,1
2360.0,30620492#0,18
2360.0,30620492#1,5
2360.0,49073226#2,7
2360.0,506322844#0,3
2360.0,594658757#0,1
2360.0,:3086736518_6,2
2360.0,:655375233_4,2
2360.0,:655375238_5,1
2380.0,-300077497#5,27
2380.0,-300077497#8,4
2380.0,-51362429#1,7
2380.0,-593847703#3,19
2380.0,-E0,20
2380.0,244450512#5,3
2380.0,263217604#0,1
2380.0,30620492#0,18
2380.0,30620492#1,5
2380.0,49073226#2,7
2380.0,506322844#0,7
2380.0,593849718#0,1
2380.0,594658757#0,1
2380.0,:3086736518_4,1
2380.0,:cluster622618015_622618108_622618112_622618144_#2more_39,1
2380.0,:cluster_3431431575_4777363357_655375231_6982059025_3,1
2400.0,-300077497#5,23
2400.0,-300077497#8,4
2400.0,-51362429#1,7
2400.0,-593847703#3,23
2400.0,-E0,20
2400.0,1068440004#1,1
2400.0,30620492#0,18
2400.0,30620492#1,5
2400.0,49073226#2,8
2400.0,506322844#0,7
2400.0,51362430,3
2400.0,594658757#0,1
2400.0,:3086736518_4,1
2420.0,-300077497#5,25
2420.0,-300077497#8,1
2420.0,-51362429#1,7
2420.0,-593847703#3,23
2420.0,-E0,18
2420.0,1068440004#1,1
2420.0,30620492#0,18
2420.0,30620492#1,5
2420.0,484988951#0,3
2420.0,49073226#2,8
2420.0,506322844#0,7
2420.0,594658757#0,1
2420.0,:3086736518_4,1
2420.0,:3086736518_6,2
2420.0,:655375238_5,1
2440.0,-300077497#5,27
2440.0,-300077497#8,3
2440.0,-51362429#1,6
2440.0,-593847703#3,23
2440.0,-E0,19
2440.0,1068440004#1,1
2440.0,263217604#0,2
2440.0,288878926#0,3
2440.0,30620492#0,17
2440.0,30620492#1,5
2440.0,49073226#2,8
2440.0,506322844#0,2
2440.0,594658757#0,1
2440.0,:3086736518_4,1
2440.0,:3086736518_6,2
2440.0,:655375239_5,1
2440.0,:cluster_3431431575_4777363357_655375231_6982059025_3,1
2460.0,-300077497#5,27
2460.0,-300077497#8,4
2460.0,-51362429#1,2
2460.0,-593847703#3,21
2460.0,-E0,19
2460.0,1068440004#1,1
2460.0,263217604#0,3
2460.0,288878926#0,9
2460.0,30620492#0,18
2460.0,30620492#1,5
2460.0,49073226#2,4
2460.0,506322844#0,5
2460.0,594658757#0,1
2460.0,:3086736518_6,2
2460.0,:655375232_8,1
2460.0,:655375233_4,2
2460.0,:cluster_3431431575_4777363357_655375231_6982059025_3,2
2460.0,:cluster_623980147_623980152_9,1
2480.0,-300077497#5,24
2480.0,-300077497#8,4
2480.0,-51362429#1,3
2480.0,-593847703#3,21
2480.0,-E0,19
2480.0,1068440004#1,1
2480.0,263217604#0,3
2480.0,288878926#0,13
2480.0,30620492#0,18
2480.0,30620492#1,5
2480.0,49073226#2,5
2480.0,506322844#0,6
2480.0,593847702#0,1
2480.0,593847704#0,2
2480.0,594658757#0,1
2480.0,:cluster622618015_622618108_622618112_622618144_#2more_39,1
2480.0,:cluster_2528018119_655375236_17,1
2480.0,:cluster_3431431575_4777363357_655375231_6982059025_3,1
2500.0,-300077497#5,24
2500.0,-300077497#8,4
2500.0,-51362429#1,2
2500.0,-593847703#3,22
2500.0,-E0,19
2500.0,244450512#4,1
2500.0,288878926#0,7
2500.0,30620492#0,18
2500.0,30620492#1,5
2500.0,49073226#2,7
2500.0,506322844#0,6
2500.0,593847702#0,2
2500.0,593847704#0,2
2500.0,593849711#0,1
2500.0,594658757#0,2
2500.0,594658760#0,1
2500.0,:cluster622618015_622618108_622618112_622618144_#2more_0,1
2520.0,-300077497#5,27
2520.0,-300077497#8,1
2520.0,-51362429#1,2
2520.0,-593847703#3,22
2520.0,-E0,15
2520.0,1068440004#1,1
2520.0,244450512#5,1
2520.0,288878926#0,5
2520.0,30620492#0,18
2520.0,30620492#1,5
2520.0,49073226#2,7
2520.0,506322844#0,6
2520.0,593847702#0,2
2520.0,593847704#0,4
2520.0,594658757#0,2
2520.0,:3086736518_6,2
2540.0,-300077497#5,27
2540.0,-300077497#8,4
2540.0,-49073264#1,1
2540.0,-51362429#1,2
2540.0,-593847703#3,22
2540.0,-E0,16
2540.0,1068440004#1,1
2540.0,244450512#5,1
2540.0,263217604#0,1
2540.0,288878926#0,5
2540.0,30620492#0,18
2540.0,30620492#1,5
2540.0,49073226#2,7
2540.0,49073272#3,1
2540.0,506322844#0,5
2540.0,593847704#0,7
2540.0,594658757#0,2
2560.0,-300077497#5,27
2560.0,-300077497#8,4
2560.0,-51362429#1,2
2560.0,-593847703#3,22
2560.0,-E0,19
2560.0,1068440004#1,1
2560.0,244450512#5,1
2560.0,263217604#0,1
2560.0,288878926#0,5
2560.0,30620492#0,18
2560.0,30620492#1,5
2560.0,49073226#2,7
2560.0,49073264#0,1
2560.0,49073272#3,1
2560.0,506322844#0,5
2560.0,593847704#0,1
2560.0,593849718#0,3
2560.0,594658757#0,2
2560.0,:cluster622618015_622618108_622618112_622618144_#2more_39,2
2580.0,-300077497#5,23
2580.0,-300077497#8,4
2580.0,-49073264#1,1
2580.0,-51362429#1,6
2580.0,-593847703#3,21
2580.0,-E0,19
2580.0,1068440004#1,1
2580.0,288878926#0,3
2580.0,30620492#0,18
2580.0,30620492#1,5
2580.0,360018417,2
2580.0,49073226#2,7
2580.0,506322844#0,5
2580.0,51362430,1
2580.0,593847704#0,1
2580.0,593849711#0,2
2580.0,594658757#0,2
2580.0,594658760#0,1
2600.0,-300077497#5,25
2600.0,-300077497#8,1
2600.0,-49073264#1,1
2600.0,-51362429#1,6
2600.0,-593847703#3,21
2600.0,-E0,19
2600.0,30620492#0,18
2600.0,30620492#1,5
2600.0,49073226#2,8
2600.0,506322844#0,5
2600.0,593847702#0,1
2600.0,593847704#0,1
2600.0,593849711#0,1
2600.0,594658757#0,2
2600.0,594658760#0,1
2600.0,:655375238_5,1
2600.0,:cluster622618015_622618108_622618112_622618144_#2more_49,1
2620.0,-300077497#5,27
2620.0,-300077497#8,3
2620.0,-49073264#1,1
2620.0,-51362429#1,6
2620.0,-593847703#3,21
2620.0,-E0,17
2620.0,30620492#0,18
2620.0,30620492#1,5
2620.0,49073226#2,8
2620.0,506322844#0,2
2620.0,593847704#0,1
2620.0,593852345#0,1
2620.0,594658757#0,2
2620.0,594658760#0,1
2620.0,:3086736518_6,2
2620.0,:655375239_5,1
2640.0,-300077497#5,27
2640.0,-300077497#8,4
2640.0,-51362429#1,6
2640.0,-593847703#3,21
2640.0,-E0,14
2640.0,196961215#2,1
2640.0,263217604#0,1
2640.0,30620492#0,18
2640.0,30620492#1,5
2640.0,49073226#2,8
2640.0,506322844#0,5
2640.0,593847704#0,4
2640.0,594658757#0,2
2640.0,594658760#0,1
2640.0,:cluster622618015_622618108_622618112_622618144_#2more_17,1
2640.0,:cluster622618015_622618108_622618112_622618144_#2more_37,1
2640.0,:cluster622618015_622618108_622618112_622618144_#2more_39,1
2660.0,-300077497#5,24
2660.0,-300077497#8,4
2660.0,-51362429#1,6
2660.0,-593847703#3,23
2660.0,-E0,20
2660.0,196961215#2,1
2660.0,263217604#0,1
2660.0,30620492#0,18
2660.0,30620492#1,5
2660.0,360018417,1
2660.0,49073226#2,8
2660.0,506322844#0,5
2660.0,594658757#0,1
2660.0,:3208478121_3,1
2660.0,:cluster655375336_end_0_655375336_end_1_655375336_end_10_655375336_end_11_#8more_21,1
2660.0,:cluster_2528018119_655375236_17,1
2680.0,-300077497#5,23
2680.0,-300077497#8,4
2680.0,-51362429#1,5
2680.0,-593847703#3,16
2680.0,-E0,20
2680.0,1068440004#1,1
2680.0,196961377#3,2
2680.0,288878926#0,4
2680.0,30620492#0,18
2680.0,30620492#1,5
2680.0,49073226#2,4
2680.0,506322844#0,5
2680.0,593849711#0,1
2680.0,594658757#0,1
2680.0,:3086736518_4,1
2680.0,:655375232_8,1
2680.0,:655375233_4,3
2680.0,:cluster622618015_622618108_622618112_622618144_#2more_0,1
2680.0,:cluster655375336_end_0_655375336_end_1_655375336_end_10_655375336_end_11_#8more_21,1
2680.0,:cluster_3431431575_4777363357_655375231_6982059025_3,2
2680.0,:cluster_623980147_623980152_4,1
2700.0,-300077497#5,25
2700.0,-300077497#8,1
2700.0,-593847703#3,17
2700.0,-E0,20
2700.0,288878926#0,10
2700.0,30620492#0,18
2700.0,30620492#1,5
2700.0,49073226#2,5
2700.0,506322844#0,5
2700.0,593847702#0,2
2700.0,593847704#0,1
2700.0,:3086736518_4,1
2700.0,:cluster655375336_end_0_655375336_end_1_655375336_end_10_655375336_end_11_#8more_21,1
2700.0,:cluster_3431431575_4777363357_655375231_6982059025_3,3
2720.0,-300077497#5,26
2720.0,-300077497#8,4
2720.0,-593847703#3,17
2720.0,-E0,19
2720.0,263217604#0,1
2720.0,288878926#0,13
2720.0,30620492#0,18
2720.0,30620492#1,5
2720.0,49073226#2,5
2720.0,49073272#3,2
2720.0,506322844#0,4
2720.0,593847704#0,1
2720.0,:3086736518_4,1
2720.0,:3086736518_6,1
2720.0,:655375238_5,1
2720.0,:cluster655375336_end_0_655375336_end_1_655375336_end_10_655375336_end_11_#8more_21,1
2740.0,-300077497#5,27
2740.0,-300077497#8,4
2740.0,-593847703#3,17
2740.0,-E0,18
2740.0,263217604#0,1
2740.0,288878926#0,13
2740.0,30620492#0,16
2740.0,30620492#1,5
2740.0,49073226#2,5
2740.0,49073264#0,1
2740.0,49073272#3,2
2740.0,506322844#0,6
2740.0,:3086736518_4,1
2740.0,:3086736518_6,2
2740.0,:cluster655375336_end_0_655375336_end_1_655375336_end_10_655375336_end_11_#8more_21,1
2760.0,-300077497#5,26
2760.0,-300077497#8,4
2760.0,-49073264#1,1
2760.0,-593847703#3,18
2760.0,-E0,19
2760.0,288878926#0,11
2760.0,30620492#0,18
2760.0,30620492#1,5
2760.0,360018417,2
2760.0,49073226#2,5
2760.0,506322842#0,1
2760.0,506322844#0,6
2760.0,593849711#0,1
2760.0,594658760#0,1
2760.0,:3086736518_4,1
2760.0,:3086736518_6,2
2780.0,-300077497#5,24
2780.0,-300077497#8,3
2780.0,-49073264#1,1
2780.0,-51362429#1,2
2780.0,-593847703#3,13
2780.0,-E0,19
2780.0,1068440004#1,1
2780.0,288878926#0,5
2780.0,30620492#0,18
2780.0,30620492#1,5
2780.0,49073226#2,5
2780.0,506322842#0,1
2780.0,506322844#0,6
2780.0,593847702#0,1
2780.0,593847704#0,1
2780.0,593849711#0,1
2780.0,:3086736518_4,1
2780.0,:3086736518_6,1
2780.0,:655375233_4,3
2780.0,:cluster622618015_622618108_622618112_622618144_#2more_49,2
2780.0,:cluster_2528018119_655375236_17,1
2780.0,:cluster_2528018119_655375236_31,1
2800.0,-300077497#5,24
2800.0,-300077497#8,4
2800.0,-49073264#1,1
2800.0,-51362429#1,3
2800.0,-593847703#3,12
2800.0,-E0,19
2800.0,232003903#0,1
2800.0,263217604#0,1
2800.0,288878926#0,5
2800.0,30620492#0,18
2800.0,30620492#1,5
2800.0,49073226#2,6
2800.0,49073264#0,1
2800.0,506322844#0,5
2800.0,506322846#0,1
2800.0,593847702#0,2
2800.0,593847704#0,3
2800.0,:3086736518_3,1
2800.0,:3086736518_4,1
2820.0,-300077497#5,27
2820.0,-300077497#8,4
2820.0,-51362429#1,2
2820.0,-593847703#3,12
2820.0,-E0,19
2820.0,232003903#0,1
2820.0,263217604#0,1
2820.0,288135626#0,1
2820.0,288878926#0,5
2820.0,30620492#0,18
2820.0,30620492#1,5
2820.0,49073226#2,7
2820.0,49073272#3,1
2820.0,506322844#0,5
2820.0,593847702#0,1
2820.0,593847704#0,1
2820.0,:3086736518_3,1
2820.0,:3086736518_4,1
2820.0,:cluster622618015_622618108_622618112_622618144_#2more_17,2
2820.0,:cluster622618015_622618108_622618112_622618144_#2more_39,2
2840.0,-300077497#5,23
2840.0,-300077497#8,4
2840.0,-51362429#1,2
2840.0,-593847703#3,14
2840.0,-E0,19
2840.0,1068234499#0,1
2840.0,263217604#0,1
2840.0,288878926#0,5
2840.0,30620492#0,18
2840.0,30620492#1,5
2840.0,360018417,1
2840.0,49073226#2,7
2840.0,506322844#0,7
2840.0,51362430,1
2840.0,593847702#0,1
2840.0,:3086736518_3,1
2840.0,:3086736518_4,1
2840.0,:3208478121_3,1
2840.0,:cluster_2528018119_655375236_17,2
2860.0,-300077497#5,17
2860.0,-300077497#8,4
2860.0,-51362429#1,2
2860.0,-593847703#3,20
2860.0,-E0,19
2860.0,1068234499#0,1
2860.0,182334378#0,1
2860.0,196961377#3,2
2860.0,30620492#0,18
2860.0,30620492#1,5
2860.0,49073226#2,7
2860.0,506322844#0,7
2860.0,593847702#0,1
2860.0,593849711#0,1
2860.0,594658760#0,1
2860.0,:3086736518_3,1
2860.0,:3086736518_4,1
2860.0,:cluster_2528018119_655375236_17,1
2860.0,:cluster_3431431575_4777363357_655375231_6982059025_7,1
2880.0,-300077497#5,20
2880.0,-51362429#1,3
2880.0,-593847703#3,18
2880.0,-E0,19
2880.0,1068234499#0,1
2880.0,182334378#0,1
2880.0,30620492#0,18
2880.0,30620492#1,5
2880.0,49073226#2,8
2880.0,506322844#0,7
2880.0,593847702#0,1
2880.0,594658760#0,1
2880.0,:3086736518_7,1
2880.0,:655375233_2,1
2880.0,:655375233_4,3
2900.0,-300077497#5,25
2900.0,-300077497#8,1
2900.0,-49073264#1,1
2900.0,-51362429#1,8
2900.0,-593847703#3,15
2900.0,-E0,19
2900.0,182334378#0,1
2900.0,263217604#0,3
2900.0,30620492#0,18
2900.0,30620492#1,5
2900.0,49073226#2,7
2900.0,49073272#3,1
2900.0,506322844#0,2
2900.0,593847702#0,1
2900.0,593847704#0,2
2900.0,594658760#0,1
2900.0,:655375239_6,1
2900.0,:cluster_623980147_623980152_9,1
2920.0,-300077497#5,27
2920.0,-300077497#8,1
2920.0,-51362429#1,2
2920.0,-593847703#3,15
2920.0,-E0,19
2920.0,263217604#0,4
2920.0,288878926#0,7
2920.0,30620492#0,18
2920.0,30620492#1,5
2920.0,49073226#2,5
2920.0,49073264#0,1
2920.0,49073272#3,2
2920.0,506322844#0,5
2920.0,593847702#0,1
2920.0,594658760#0,1
2920.0,:656132414_3,1
2920.0,:cluster_3431431575_4777363357_655375231_6982059025_3,2
2940.0,-300077497#5,19
2940.0,-300077497#8,1
2940.0,-49073264#1,1
2940.0,-593847703#3,22
2940.0,-E0,13
2940.0,288878926#0,11
2940.0,30620492#0,17
2940.0,30620492#1,5
2940.0,360018417,2
2940.0,360843888,1
2940.0,49073226#2,4
2940.0,506322844#0,6
2940.0,593847702#0,1
2940.0,593847704#0,3
2940.0,594658757#0,1
2940.0,594658760#0,2
2940.0,:3086736518_6,1
2940.0,:cluster3086736522_655375108_655375247_655375401_#1more_17,1
2940.0,:cluster622618015_622618108_622618112_622618144_#2more_0,1
2940.0,:cluster_2528018119_655375236_17,1
2940.0,:cluster_9383263990_9383263991_9383263992_9383263993_13,1
2960.0,-300077497#5,20
2960.0,-49073264#1,1
2960.0,-593847703#3,23
2960.0,-E0,17
2960.0,288878926#0,10
2960.0,30620492#0,18
2960.0,30620492#1,5
2960.0,360843888,2
2960.0,506322844#0,6
2960.0,593847702#0,1
2960.0,593847704#0,4
2960.0,594658760#0,1
2960.0,:cluster622618015_622618108_622618112_622618144_#2more_49,2
2960.0,:cluster655375336_end_0_655375336_end_1_655375336_end_10_655375336_end_11_#8more_17,1
2960.0,:cluster655375336_end_0_655375336_end_1_655375336_end_10_655375336_end_11_#8more_19,1
2960.0,:cluster_9383263990_9383263991_9383263992_9383263993_13,1
2980.0,-300077497#5,20
2980.0,-300077497#8,1
2980.0,-49073264#1,1
2980.0,-593847703#3,21
2980.0,-E0,19
2980.0,1068440004#1,2
2980.0,263217604#0,2
2980.0,288878926#0,10
2980.0,30620492#0,18
2980.0,30620492#1,5
2980.0,360843888,2
2980.0,49073264#0,1
2980.0,506322844#0,3
2980.0,593847704#0,4
2980.0,:655375233_2,1
2980.0,:655375233_4,1
2980.0,:655375239_5,1
3000.0,-300077497#5,27
3000.0,-51362429#1,2
3000.0,-593847703#3,15
3000.0,-E0,19
3000.0,1068440004#1,2
3000.0,263217604#0,4
3000.0,288878926#0,10
3000.0,30620492#0,18
3000.0,30620492#1,5
3000.0,360843888,2
3000.0,506322844#0,3
3000.0,593847702#0,2
3000.0,593847704#0,3
3000.0,:cluster622618015_622618108_622618112_622618144_#2more_17,2
3000.0,:cluster622618015_622618108_622618112_622618144_#2more_37,1
3000.0,:cluster622618015_622618108_622618112_622618144_#2more_39,1
3000.0,:cluster_3431431575_4777363357_655375231_6982059025_3,2
3020.0,-300077497#5,23
3020.0,-593847703#3,17
3020.0,-E0,19
3020.0,244450512#4,1
3020.0,244450512#5,1
3020.0,263217604#0,4
3020.0,288878926#0,10
3020.0,30620492#0,18
3020.0,30620492#1,5
3020.0,360018417,1
3020.0,49073226#2,4
3020.0,49073264#0,1
3020.0,506322844#0,5
3020.0,593847702#0,4
3020.0,:3208478121_3,1
3020.0,:cluster_2528018119_655375236_17,2
3040.0,-300077497#5,17
3040.0,-49073264#1,1
3040.0,-593847703#3,23
3040.0,-E0,15
3040.0,182334378#0,2
3040.0,196961377#3,2
3040.0,244450512#4,1
3040.0,244450512#5,2
3040.0,288878926#0,4
3040.0,30620492#0,18
3040.0,30620492#1,5
3040.0,49073226#2,4
3040.0,506322844#0,5
3040.0,593847702#0,4
3040.0,593847704#0,3
3040.0,593849711#0,1
3040.0,594658757#0,1
3040.0,594658760#0,1
3040.0,:3086736518_6,1
3040.0,:cluster622618015_622618108_622618112_622618144_#2more_0,1
3040.0,:cluster_2664674491_655375287_655375288_1,1
3060.0,-300077497#5,14
3060.0,-49073264#1,1
3060.0,-593847703#3,25
3060.0,-E0,15
3060.0,1068440004#1,1
3060.0,182334378#0,1
3060.0,244450512#5,3
3060.0,288878926#0,2
3060.0,30620492#0,18
3060.0,30620492#1,5
3060.0,49073226#2,4
3060.0,506322844#0,5
3060.0,51362430,2
3060.0,593847702#0,4
3060.0,593847704#0,6
3060.0,:3208478128_0,1
3060.0,:cluster655375336_end_0_655375336_end_1_655375336_end_10_655375336_end_11_#8more_17,1
3080.0,-300077497#5,20
3080.0,-300077497#8,1
3080.0,-49073264#1,1
3080.0,-593847703#3,25
3080.0,-E0,19
3080.0,1068440004#1,1
3080.0,182334378#0,1
3080.0,244450512#5,3
3080.0,288878926#0,2
3080.0,30620492#0,18
3080.0,30620492#1,5
3080.0,49073226#2,6
3080.0,49073272#3,2
3080.0,506322844#0,2
3080.0,593847704#0,6
3080.0,593852345#0,1
3080.0,:3086736515_0,1
3080.0,:3208478128_0,1
3080.0,:655375239_5,1
3100.0,-300077497#5,23
3100.0,-51362429#1,2
3100.0,-593847703#3,17
3100.0,-E0,19
3100.0,1068440004#1,1
3100.0,196961215#2,1
3100.0,244450512#5,3
3100.0,263217604#0,1
3100.0,288878926#0,2
3100.0,30620492#0,18
3100.0,30620492#1,5
3100.0,49073226#2,6
3100.0,49073272#3,2
3100.0,506322844#0,5
3100.0,593847702#0,1
3100.0,593847704#0,1
3100.0,593849718#0,4
3100.0,:3208478128_0,1
3100.0,:655375232_8,1
3100.0,:655375233_4,1
3100.0,:cluster622618015_622618108_622618112_622618144_#2more_39,2
3100.0,:cluster655375336_end_0_655375336_end_1_655375336_end_10_655375336_end_11_#8more_6,1
3100.0,:cluster_3431431575_4777363357_655375231_6982059025_3,2
3120.0,-300077497#5,16
3120.0,-51362429#1,2
3120.0,-593847703#3,23
3120.0,-E0,19
3120.0,182334378#0,1
3120.0,196961215#2,1
3120.0,232003903#0,1
3120.0,30620492#0,18
3120.0,30620492#1,5
3120.0,360018417,3
3120.0,360843888,1
3120.0,49073226#2,9
3120.0,506322844#0,5
3120.0,51362430,4
3120.0,593847702#0,1
3120.0,593849711#0,2
3120.0,:655375233_4,1
3120.0,:655375233_8,1
3140.0,-300077497#5,14
3140.0,-51362429#1,1
3140.0,-593847703#3,25
3140.0,-E0,17
3140.0,232003903#0,2
3140.0,288878926#0,3
3140.0,30620492#0,18
3140.0,30620492#1,5
3140.0,360843888,1
3140.0,49073226#2,10
3140.0,506322844#0,5
3140.0,593847702#0,1
3140.0,593849711#0,1
3140.0,:3086736518_6,2
3140.0,:655375233_4,1
3140.0,:655375233_8,1
3140.0,:cluster622618015_622618108_622618112_622618144_#2more_49,2
3140.0,:cluster_3431431575_4777363357_655375231_6982059025_3,1
3140.0,:cluster_623980147_623980152_9,1
3160.0,-300077497#5,14
3160.0,-300077497#8,1
3160.0,-593847703#3,25
3160.0,-E0,14
3160.0,232003903#0,2
3160.0,263217604#0,1
3160.0,288878926#0,10
3160.0,30620492#0,18
3160.0,30620492#1,5
3160.0,360843888,1
3160.0,49073226#2,5
3160.0,49073264#0,1
3160.0,506322844#0,2
3160.0,593847704#0,6
3160.0,:655375233_4,1
3160.0,:655375233_8,1
3160.0,:655375238_5,1
3160.0,:655375239_5,1
3160.0,:cluster_3431431575_4777363357_655375231_6982059025_3,1
3180.0,-300077497#5,22
3180.0,-300077497#8,1
3180.0,-593847703#3,25
3180.0,-E0,19
3180.0,232003903#0,2
3180.0,263217604#0,1
3180.0,288878926#0,13
3180.0,30620492#0,18
3180.0,30620492#1,5
3180.0,360843888,1
3180.0,49073226#2,3
3180.0,506322844#0,2
3180.0,593847704#0,4
3180.0,:655375233_4,1
3180.0,:655375233_8,1
3180.0,:cluster622618015_622618108_622618112_622618144_#2more_17,1
3180.0,:cluster622618015_622618108_622618112_622618144_#2more_39,2
3200.0,-300077497#5,23
3200.0,-51362429#1,1
3200.0,-593847703#3,20
3200.0,-E0,19
3200.0,263217604#0,1
3200.0,288878926#0,13
3200.0,30620492#0,18
3200.0,30620492#1,3
3200.0,360018417,1
3200.0,49073226#2,3
3200.0,506322844#0,3
3200.0,51362430,2
3200.0,593847702#0,1
3200.0,:3208478128_0,1
3200.0,:655375232_8,1
3200.0,:655375233_4,3
3200.0,:cluster_3431431575_4777363357_655375231_6982059025_3,1
3200.0,:cluster_9383263990_9383263991_9383263992_9383263993_13,1
3220.0,-300077497#5,23
3220.0,-51362429#1,1
3220.0,-593847703#3,20
3220.0,-E0,19
3220.0,196961377#3,1
3220.0,244450512#5,1
3220.0,288878926#0,7
3220.0,30620492#0,15
3220.0,30620492#1,5
3220.0,49073226#2,9
3220.0,506322844#0,5
3220.0,593847702#0,1
3220.0,593849711#0,1
3220.0,594658757#0,1
3220.0,:655375233_4,1
3220.0,:cluster622618015_622618108_622618112_622618144_#2more_0,1
3240.0,-300077497#5,23
3240.0,-51362429#1,1
3240.0,-593847703#3,20
3240.0,-E0,18
3240.0,244450512#5,1
3240.0,288878926#0,5
3240.0,30620492#0,18
3240.0,30620492#1,5
3240.0,49073226#2,9
3240.0,506322844#0,5
3240.0,593847702#0,1
3240.0,594658757#0,1
3240.0,:3086736518_6,1
3240.0,:655375233_4,1
3260.0,-300077497#5,27
3260.0,-51362429#1,1
3260.0,-593847703#3,20
3260.0,-E0,14
3260.0,244450512#5,1
3260.0,263217604#0,1
3260.0,288878926#0,5
3260.0,30620492#0,18
3260.0,30620492#1,5
3260.0,49073226#2,9
3260.0,49073272#3,1
3260.0,593847704#0,5
3260.0,594658757#0,1
3260.0,:655375233_4,1
3280.0,-300077497#5,27
3280.0,-51362429#1,1
3280.0,-593847703#3,20
3280.0,-E0,19
3280.0,244450512#5,1
3280.0,263217604#0,1
3280.0,288878926#0,5
3280.0,30620492#0,18
3280.0,30620492#1,5
3280.0,49073226#2,9
3280.0,49073264#0,1
3280.0,49073272#3,1
3280.0,593849718#0,2
3280.0,:655375233_4,1
3280.0,:cluster622618015_622618108_622618112_622618144_#2more_39,2
3300.0,-300077497#5,20
3300.0,-49073264#1,1
3300.0,-51362429#1,3
3300.0,-593847703#3,22
3300.0,-E0,19
3300.0,288878926#0,3
3300.0,30620492#0,14
3300.0,30620492#1,3
3300.0,360018417,1
3300.0,49073226#2,9
3300.0,506322842#0,1
3300.0,506322844#0,3
3300.0,51362430,1
3300.0,593849711#0,1
3300.0,594658757#0,1
3300.0,:2749340167_0,1
3300.0,:655375232_8,1
3300.0,:655375233_4,2
3300.0,:cluster_2528018119_655375236_17,1
3300.0,:cluster_9383263990_9383263991_9383263992_9383263993_13,1
3320.0,-300077497#5,20
3320.0,-49073264#1,1
3320.0,-51362429#1,8
3320.0,-593847703#3,20
3320.0,-E0,19
3320.0,30620492#0,15
3320.0,30620492#1,5
3320.0,49073226#2,10
3320.0,506322842#0,1
3320.0,506322844#0,5
3320.0,593849711#0,1
3320.0,594658757#0,1
3320.0,:3086736518_4,1
3340.0,-300077497#5,20
3340.0,-300077497#8,2
3340.0,-49073264#1,1
3340.0,-51362429#1,8
3340.0,-593847703#3,20
3340.0,-E0,19
3340.0,263217604#0,1
3340.0,30620492#0,18
3340.0,30620492#1,5
3340.0,49073226#2,10
3340.0,506322844#0,1
3340.0,506322846#0,1
3340.0,:3086736518_4,1
3340.0,:655375239_5,1
3340.0,:cluster655375336_end_0_655375336_end_1_655375336_end_10_655375336_end_11_#8more_19,1
3360.0,-300077497#5,24
3360.0,-51362429#1,8
3360.0,-593847703#3,20
3360.0,-E0,16
3360.0,1068440004#1,1
3360.0,263217604#0,1
3360.0,288135626#0,1
3360.0,30620492#0,18
3360.0,30620492#1,5
3360.0,49073226#2,10
3360.0,:3086736518_4,1
3360.0,:3086736518_6,2
3360.0,:cluster622618015_622618108_622618112_622618144_#2more_17,1
3380.0,-300077497#5,23
3380.0,-51362429#1,6
3380.0,-593847703#3,22
3380.0,-E0,19
3380.0,1068440004#1,1
3380.0,263217604#0,1
3380.0,288878926#0,4
3380.0,30620492#0,18
3380.0,30620492#1,3
3380.0,49073226#2,5
3380.0,506322844#0,1
3380.0,:3086736518_4,1
3380.0,:3086736518_6,2
3380.0,:cluster_3431431575_4777363357_655375231_6982059025_3,2
3380.0,:cluster_623980147_623980152_9,1
3380.0,:cluster_9383263990_9383263991_9383263992_9383263993_13,1
3400.0,-300077497#5,20
3400.0,-51362429#1,1
3400.0,-593847703#3,20
3400.0,-E0,19
3400.0,1068440004#1,1
3400.0,288878926#0,5
3400.0,30620492#0,13
3400.0,30620492#1,5
3400.0,49073226#2,4
3400.0,506322844#0,5
3400.0,593849711#0,2
3400.0,594658760#0,1
3400.0,:3086736518_6,2
3400.0,:655375233_4,3
3400.0,:cluster_2528018119_655375236_17,2
3400.0,:cluster_3431431575_4777363357_655375231_6982059025_3,2
3400.0,:cluster_623980147_623980152_4,1
3420.0,-300077497#5,20
3420.0,-51362429#1,1
3420.0,-593847703#3,18
3420.0,-E0,19
3420.0,288878926#0,10
3420.0,30620492#0,17
3420.0,30620492#1,5
3420.0,49073226#2,2
3420.0,506322844#0,6
3420.0,593847704#0,2
3420.0,594658760#0,1
3420.0,:3086736518_4,1
3420.0,:655375233_4,2
3420.0,:655375233_8,1
3440.0,-300077497#5,25
3440.0,-593847703#3,18
3440.0,-E0,19
3440.0,263217604#0,1
3440.0,288878926#0,12
3440.0,30620492#0,18
3440.0,30620492#1,5
3440.0,49073226#2,1
3440.0,593847704#0,2
3440.0,594658760#0,1
3440.0,:3086736518_4,1
3440.0,:655375233_4,2
3440.0,:655375233_8,1
3460.0,-300077497#5,25
3460.0,-593847703#3,18
3460.0,-E0,17
3460.0,263217604#0,1
3460.0,288878926#0,12
3460.0,30620492#0,18
3460.0,30620492#1,5
3460.0,49073226#2,1
3460.0,593849718#0,2
3460.0,594658760#0,1
3460.0,:3086736518_4,1
3460.0,:3086736518_6,2
3460.0,:655375233_4,2
3460.0,:655375233_8,1
3480.0,-300077497#5,19
3480.0,-593847703#3,23
3480.0,-E0,19
3480.0,288878926#0,10
3480.0,30620492#0,14
3480.0,30620492#1,4
3480.0,49073226#2,1
3480.0,506322844#0,5
3480.0,593849711#0,1
3480.0,594658757#0,1
3480.0,594658760#0,1
3480.0,:3086736518_4,1
3480.0,:3086736518_6,2
3480.0,:655375233_4,2
3480.0,:655375233_8,1
3480.0,:cluster655375336_end_0_655375336_end_1_655375336_end_10_655375336_end_11_#8more_6,1
3500.0,-300077497#5,18
3500.0,-593847703#3,21
3500.0,-E0,19
3500.0,232003903#0,1
3500.0,288878926#0,4
3500.0,30620492#0,16
3500.0,30620492#1,5
3500.0,49073226#2,1
3500.0,506322844#0,5
3500.0,594658757#0,1
3500.0,594658760#0,1
3500.0,:3086736518_4,1
3500.0,:3086736518_6,2
3500.0,:655375232_8,1
3500.0,:655375233_2,1
3500.0,:655375233_4,2
3500.0,:655375233_8,1
3500.0,:cluster_2528018119_655375236_17,1
3520.0,-300077497#5,18
3520.0,-300077497#8,1
3520.0,-593847703#3,17
3520.0,-E0,19
3520.0,232003903#0,1
3520.0,263217604#0,1
3520.0,288878926#0,4
3520.0,30620492#0,18
3520.0,30620492#1,5
3520.0,49073226#2,4
3520.0,49073272#1,1
3520.0,506322844#0,1
3520.0,593847702#0,3
3520.0,593847704#0,3
3520.0,594658757#0,1
3520.0,594658760#0,1
3520.0,:655375233_4,2
3520.0,:655375238_5,1
3520.0,:655375239_5,1
3520.0,:cluster_3431431575_4777363357_655375231_6982059025_3,1
3540.0,-300077497#5,22
3540.0,-593847703#3,17
3540.0,-E0,19
3540.0,232003903#0,1
3540.0,263217604#0,1
3540.0,288878926#0,4
3540.0,30620492#0,18
3540.0,30620492#1,5
3540.0,49073226#2,5
3540.0,49073264#0,2
3540.0,49073272#3,2
3540.0,593847704#0,1
3540.0,594658757#0,1
3540.0,594658760#0,1
3540.0,:655375233_4,2
3540.0,:cluster622618015_622618108_622618112_622618144_#2more_37,1
3540.0,:cluster622618015_622618108_622618112_622618144_#2more_39,1
3560.0,-300077497#5,18
3560.0,-49073264#1,2
3560.0,-593847703#3,19
3560.0,-E0,15
3560.0,263217604#0,1
3560.0,288878926#0,4
3560.0,30620492#0,18
3560.0,30620492#1,3
3560.0,360018417,1
3560.0,49073226#2,5
3560.0,49073272#3,1
3560.0,506322844#0,1
3560.0,51362430,1
3560.0,593847704#0,2
3560.0,594658757#0,1
3560.0,594658760#0,1
3560.0,:3086736518_6,2
3560.0,:3208478121_3,1
3560.0,:655375233_4,2
3560.0,:cluster622618015_622618108_622618112_622618144_#2more_17,1
3560.0,:cluster_2528018119_655375236_17,2
3560.0,:cluster_9383263990_9383263991_9383263992_9383263993_13,1
3580.0,-300077497#5,12
3580.0,-49073264#1,2
3580.0,-593847703#3,25
3580.0,-E0,15
3580.0,182334378#0,1
3580.0,196961377#3,3
3580.0,30620492#0,12
3580.0,30620492#1,5
3580.0,49073226#2,6
3580.0,506322842#0,1
3580.0,506322844#0,5
3580.0,593847704#0,6
3580.0,594658757#0,2
3580.0,594658760#0,1
3580.0,:655375233_4,2
3580.0,:cluster_2528018119_655375236_17,1
3600.0,-300077497#5,10
3600.0,-49073264#1,2
3600.0,-593847703#3,28
3600.0,-E0,19
3600.0,30620492#0,18
3600.0,30620492#1,5
3600.0,49073226#2,6
3600.0,506322842#0,1
3600.0,506322844#0,5
3600.0,593847704#0,6
3600.0,594658757#0,2
3600.0,594658760#0,1
3600.0,:655375233_4,2
3620.0,-300077497#5,15
3620.0,-49073264#1,2
3620.0,-51362429#1,6
3620.0,-593847703#3,20
3620.0,-E0,19
3620.0,288878926#0,6
3620.0,30620492#0,18
3620.0,30620492#1,5
3620.0,593847702#0,1
3620.0,593847704#0,6
3620.0,594658757#0,2
3620.0,594658760#0,1
3620.0,:3086736518_4,1
3620.0,:655375232_8,1
3620.0,:cluster_3431431575_4777363357_655375231_6982059025_3,1
3620.0,:cluster_5372642442_631668976_631668981_631669076_36,1
3640.0,-300077497#5,15
3640.0,-593847703#3,20
3640.0,-E0,19
3640.0,1068234499#0,1
3640.0,288878926#0,9
3640.0,30620492#0,18
3640.0,30620492#1,5
3640.0,49073226#2,4
3640.0,593847702#0,1
3640.0,593849718#0,3
3640.0,594658757#0,2
3640.0,594658760#0,1
3640.0,:cluster622618015_622618108_622618112_622618144_#2more_39,3
3640.0,:cluster_3431431575_4777363357_655375231_6982059025_3,1
3640.0,:cluster_623980147_623980152_9,1
3660.0,-300077497#5,6
3660.0,-593847703#3,27
3660.0,-E0,17
3660.0,1068234499#0,1
3660.0,288878926#0,11
3660.0,30620492#0,14
3660.0,30620492#1,3
3660.0,49073226#2,2
3660.0,506322844#0,4
3660.0,593847702#0,1
3660.0,593849711#0,1
3660.0,594658757#0,2
3660.0,594658760#0,1
3660.0,:2749340167_0,1
3660.0,:3086736518_6,2
3660.0,:cluster_2528018119_655375236_17,1
3660.0,:cluster_2528018119_655375236_19,1
3660.0,:cluster_9383263990_9383263991_9383263992_9383263993_13,1
3680.0,-593847703#3,33
3680.0,-E0,14
3680.0,1068234499#0,1
3680.0,182334378#0,1
3680.0,288878926#0,5
3680.0,30620492#0,15
3680.0,30620492#1,4
3680.0,49073226#2,2
3680.0,506322844#0,6
3680.0,593847702#0,1
3680.0,593847704#0,5
3680.0,594658757#0,2
3680.0,594658760#0,1
3680.0,:2749340167_0,1
3680.0,:cluster655375336_end_0_655375336_end_1_655375336_end_10_655375336_end_11_#8more_39,1
3700.0,-300077497#5,1
3700.0,-300077497#8,1
3700.0,-593847703#3,34
3700.0,-E0,19
3700.0,263217604#0,2
3700.0,288878926#0,5
3700.0,30620492#0,16
3700.0,30620492#1,5
3700.0,49073226#2,2
3700.0,49073264#0,1
3700.0,506322844#0,1
3700.0,593847704#0,5
3700.0,594658757#0,2
3700.0,594658760#0,1
3700.0,:655375238_5,1
3700.0,:655375239_6,1
3720.0,-300077497#5,3
3720.0,-51362429#1,1
3720.0,-593847703#3,24
3720.0,-E0,19
3720.0,263217604#0,4
3720.0,288878926#0,5
3720.0,30620492#0,18
3720.0,30620492#1,5
3720.0,49073226#2,2
3720.0,593847702#0,1
3720.0,593847704#0,5
3720.0,594658757#0,2
3720.0,:3086736518_4,1
3720.0,:3086736518_7,1
3720.0,:655375232_8,1
3720.0,:655375233_2,1
3720.0,:655375233_4,1
3720.0,:cluster622618015_622618108_622618112_622618144_#2more_17,1
3720.0,:cluster622618015_622618108_622618112_622618144_#2more_39,1
3740.0,-593847703#3,25
3740.0,-E0,19
3740.0,182334378#0,1
3740.0,263217604#0,4
3740.0,288878926#0,5
3740.0,30620492#0,18
3740.0,30620492#1,3
3740.0,49073226#2,6
3740.0,49073264#0,3
3740.0,593847702#0,2
3740.0,594658757#0,2
3740.0,:cluster_2528018119_655375236_17,1
3740.0,:cluster_9383263990_9383263991_9383263992_9383263993_13,2
3760.0,-49073264#1,3
3760.0,-593847703#3,26
3760.0,-E0,18
3760.0,182334378#0,1
3760.0,30620492#0,12
3760.0,30620492#1,5
3760.0,49073226#2,6
3760.0,506322842#0,1
3760.0,506322844#0,5
3760.0,593847702#0,2
3760.0,593849711#0,1
3760.0,594658757#0,4
3760.0,594658760#0,2
3760.0,:3086736518_6,1
3780.0,-49073264#1,3
3780.0,-593847703#3,26
3780.0,-E0,14
3780.0,182334378#0,1
3780.0,30620492#0,17
3780.0,30620492#1,5
3780.0,49073226#2,6
3780.0,506322842#0,1
3780.0,506322844#0,6
3780.0,593847702#0,2
3780.0,593847704#0,5
3780.0,594658757#0,4
3780.0,594658760#0,2
3800.0,-300077497#5,5
3800.0,-49073264#1,3
3800.0,-593847703#3,26
3800.0,-E0,18
3800.0,263217604#0,1
3800.0,30620492#0,18
3800.0,30620492#1,5
3800.0,49073226#2,6
3800.0,49073272#3,1
3800.0,506322846#2,1
3800.0,593847704#0,5
3800.0,594658757#0,3
3800.0,594658760#0,1
3800.0,:cluster655375336_end_0_655375336_end_1_655375336_end_10_655375336_end_11_#8more_17,1
3800.0,:cluster_623980090_623980094_0,1
3820.0,-300077497#5,5
3820.0,-593847703#3,18
3820.0,-E0,19
3820.0,1068234499#0,1
3820.0,196961215#2,1
3820.0,263217604#0,1
3820.0,30620492#0,18
3820.0,30620492#1,5
3820.0,49073226#2,6
3820.0,49073272#3,1
3820.0,593847702#0,1
3820.0,593849711#0,1
3820.0,593849718#0,3
3820.0,594658757#0,3
3820.0,594658760#0,1
3820.0,:3086736518_3,1
3820.0,:655375233_2,2
3820.0,:655375233_4,2
3820.0,:cluster622618015_622618108_622618112_622618144_#2more_39,2
3840.0,-593847703#3,20
3840.0,-E0,19
3840.0,1068234499#0,1
3840.0,182334378#0,1
3840.0,288878926#0,3
3840.0,30620492#0,14
3840.0,30620492#1,4
3840.0,360018417,1
3840.0,49073226#2,5
3840.0,506322844#0,5
3840.0,593847702#0,3
3840.0,593847704#0,1
3840.0,594658757#0,3
3840.0,594658760#0,2
3860.0,-593847703#3,20
3860.0,-E0,19
3860.0,1068234499#0,1
3860.0,182334378#0,1
3860.0,288878926#0,4
3860.0,30620492#0,16
3860.0,30620492#1,5
3860.0,506322844#0,5
3860.0,593847702#0,3
3860.0,593847704#0,1
3860.0,594658757#0,3
3860.0,594658760#0,2
3860.0,:cluster622618015_622618108_622618112_622618144_#2more_49,1
3880.0,-300077497#8,1
3880.0,-593847703#3,21
3880.0,-E0,13
3880.0,182334378#0,1
3880.0,263217604#0,2
3880.0,288878926#0,4
3880.0,30620492#0,17
3880.0,30620492#1,5
3880.0,49073272#1,3
3880.0,506322844#0,1
3880.0,593847704#0,7
3880.0,594658757#0,3
3880.0,594658760#0,2
3880.0,:655375239_5,2
3900.0,-300077497#5,4
3900.0,-593847703#3,21
3900.0,-E0,14
3900.0,263217604#0,2
3900.0,288878926#0,4
3900.0,30620492#0,18
3900.0,30620492#1,5
3900.0,49073272#3,3
3900.0,593847704#0,6
3900.0,594658757#0,3
3900.0,594658760#0,2
3900.0,:cluster622618015_622618108_622618112_622618144_#2more_42,1
3920.0,-49073264#1,1
3920.0,-593847703#3,19
3920.0,-E0,17
3920.0,263217604#0,2
3920.0,288878926#0,4
3920.0,30620492#0,18
3920.0,30620492#1,3
3920.0,360018417,1
3920.0,49073272#3,1
3920.0,506322844#0,1
3920.0,593849718#0,2
3920.0,594658757#0,1
3920.0,:3086736518_4,1
3920.0,:3208478121_3,1
3920.0,:655375233_4,3
3920.0,:cluster655375336_end_0_655375336_end_1_655375336_end_10_655375336_end_11_#8more_17,1
3920.0,:cluster_2528018119_655375236_17,2
3920.0,:cluster_9383263990_9383263991_9383263992_9383263993_13,1
3940.0,-49073264#1,1
3940.0,-51362429#1,2
3940.0,-593847703#3,13
3940.0,-E0,18
3940.0,196961377#3,3
3940.0,30620492#0,13
3940.0,30620492#1,5
3940.0,506322844#0,5
3940.0,594658757#0,3
3960.0,-49073264#1,1
3960.0,-593847703#3,13
3960.0,-E0,18
3960.0,30620492#0,18
3960.0,30620492#1,5
3960.0,49073226#2,2
3960.0,506322844#0,5
3960.0,594658757#0,3
3980.0,-300077497#5,5
3980.0,-49073264#1,1
3980.0,-593847703#3,13
3980.0,-E0,13
3980.0,30620492#0,18
3980.0,30620492#1,5
3980.0,49073226#2,2
3980.0,593847704#0,2
3980.0,594658757#0,3
4000.0,-300077497#5,5
4000.0,-593847703#3,13
4000.0,-E0,14
4000.0,30620492#0,18
4000.0,30620492#1,5
4000.0,49073226#2,2
4000.0,593849718#0,2
4000.0,594658757#0,2
4020.0,-593847703#3,14
4020.0,-E0,16
4020.0,182334378#0,2
4020.0,30620492#0,14
4020.0,30620492#1,3
4020.0,49073226#2,2
4020.0,506322844#0,5
4020.0,:2749340167_0,1
4020.0,:655375233_4,2
4040.0,-593847703#3,4
4040.0,-E0,16
4040.0,182334378#0,2
4040.0,30620492#0,13
4040.0,30620492#1,4
4040.0,49073226#2,2
4040.0,506322842#0,1
4040.0,506322844#0,7
4040.0,:2749340167_0,1
4060.0,-300077497#5,1
4060.0,-593847703#3,4
4060.0,-E0,18
4060.0,263217604#0,3
4060.0,30620492#0,17
4060.0,30620492#1,5
4060.0,49073226#2,2
4060.0,506322844#0,1
4060.0,506322846#0,1
4060.0,:655375239_5,1
4060.0,:655375239_6,1
4080.0,-300077497#5,3
4080.0,-593847703#3,4
4080.0,-E0,14
4080.0,263217604#0,4
4080.0,288135626#0,1
4080.0,288878926#0,2
4080.0,30620492#0,18
4080.0,30620492#1,5
4080.0,593847704#0,2
4080.0,:3086736518_6,2
4100.0,-593847703#3,6
4100.0,-E0,4
4100.0,1068234499#0,1
4100.0,263217604#0,4
4100.0,288878926#0,2
4100.0,30620492#0,18
4100.0,30620492#1,3
4100.0,593849718#0,3
4100.0,:cluster_2528018119_655375236_17,1
4100.0,:cluster_9383263990_9383263991_9383263992_9383263993_13,2
4120.0,-593847703#3,7
4120.0,1068234499#0,1
4120.0,30620492#0,13
4120.0,30620492#1,5
4120.0,506322844#0,5
4120.0,594658757#0,2
4120.0,594658760#0,2
4140.0,1068234499#0,1
4140.0,30620492#0,18
4140.0,30620492#1,5
4140.0,506322844#0,5
4140.0,594658757#0,2
4140.0,594658760#0,2
4160.0,-300077497#5,5
4160.0,-593847703#3,1
4160.0,30620492#0,18
4160.0,30620492#1,5
4160.0,594658757#0,2
4160.0,594658760#0,2
4180.0,-300077497#5,5
4180.0,-593847703#3,1
4180.0,-E0,1
4180.0,30620492#0,18
4180.0,30620492#1,5
4180.0,594658757#0,1
4180.0,594658760#0,1
4180.0,:cluster655375336_end_0_655375336_end_1_655375336_end_10_655375336_end_11_#8more_21,1
4200.0,-593847703#3,4
4200.0,-E0,1
4200.0,182334378#0,2
4200.0,30620492#0,14
4200.0,30620492#1,3
4200.0,506322844#0,5
4200.0,:2749340167_0,1
4200.0,:cluster655375336_end_0_655375336_end_1_655375336_end_10_655375336_end_11_#8more_17,1
4220.0,-593847703#3,4
4220.0,182334378#0,2
4220.0,30620492#0,16
4220.0,30620492#1,5
4220.0,506322844#0,5
4240.0,-300077497#8,2
4240.0,-E0,1
4240.0,263217604#0,1
4240.0,30620492#0,18
4240.0,30620492#1,5
4240.0,506322844#0,1
4240.0,:655375239_5,1
4240.0,:cluster655375336_end_0_655375336_end_1_655375336_end_10_655375336_end_11_#8more_5,1
4260.0,-300077497#5,4
4260.0,263217604#0,1
4260.0,30620492#0,18
4260.0,30620492#1,5
4280.0,-593847703#3,2
4280.0,263217604#0,1
4280.0,30620492#0,18
4280.0,30620492#1,3
4280.0,:cluster_2528018119_655375236_17,2
4280.0,:cluster_9383263990_9383263991_9383263992_9383263993_13,2
4300.0,-593847703#3,4
4300.0,30620492#0,12
4300.0,30620492#1,5
4300.0,506322842#0,1
4300.0,506322844#0,5
4300.0,594658757#0,1
4320.0,-593847703#3,4
4320.0,30620492#0,18
4320.0,30620492#1,5
4320.0,506322842#0,1
4320.0,506322844#0,5
4320.0,594658757#0,1
4340.0,-300077497#5,5
4340.0,30620492#0,18
4340.0,30620492#1,5
4340.0,594658757#0,1
4340.0,:cluster_5372642442_631668976_631668981_631669076_36,1
4360.0,-300077497#5,5
4360.0,1068234499#0,1
4360.0,30620492#0,18
4360.0,30620492#1,5
4360.0,594658757#0,1
4380.0,-593847703#3,5
4380.0,1068234499#0,1
4380.0,30620492#0,14
4380.0,30620492#1,3
4380.0,506322844#0,5
4380.0,:2749340167_0,1
4400.0,-593847703#3,5
4400.0,1068234499#0,1
4400.0,30620492#0,15
4400.0,30620492#1,5
4400.0,506322844#0,6
4420.0,-300077497#5,1
4420.0,-300077497#8,1
4420.0,-593847703#3,6
4420.0,263217604#0,2
4420.0,30620492#0,18
4420.0,30620492#1,5
4420.0,506322844#0,1
4420.0,:655375239_5,1
4440.0,-300077497#5,4
4440.0,-593847703#3,2
4440.0,263217604#0,2
4440.0,30620492#0,18
4440.0,30620492#1,5
4440.0,:655375233_4,3
4460.0,-593847703#3,2
4460.0,263217604#0,2
4460.0,30620492#0,18
4460.0,30620492#1,3
4460.0,:cluster_2528018119_655375236_17,2
4460.0,:cluster_9383263990_9383263991_9383263992_9383263993_13,2
4480.0,-593847703#3,4
4480.0,30620492#0,12
4480.0,30620492#1,3
4480.0,506322844#0,6
4480.0,594658760#0,2
4480.0,:2749340167_0,1
4480.0,:cluster_9383263990_9383263991_9383263992_9383263993_13,1
4500.0,-593847703#3,4
4500.0,30620492#0,16
4500.0,30620492#1,5
4500.0,506322844#0,8
4520.0,-300077497#5,5
4520.0,-593847703#3,4
4520.0,263217604#0,3
4520.0,30620492#0,18
4520.0,30620492#1,5
4540.0,-300077497#5,5
4540.0,-593847703#3,2
4540.0,263217604#0,3
4540.0,30620492#0,18
4540.0,30620492#1,5
4540.0,:655375233_4,2
4560.0,-593847703#3,5
4560.0,30620492#0,14
4560.0,30620492#1,4
4560.0,506322844#0,5
4560.0,594658757#0,2
4560.0,594658760#0,1
4580.0,-593847703#3,5
4580.0,-E0,1
4580.0,30620492#0,15
4580.0,30620492#1,4
4580.0,506322844#0,6
4580.0,:cluster655375336_end_0_655375336_end_1_655375336_end_10_655375336_end_11_#8more_21,2
4580.0,:cluster_9383263990_9383263991_9383263992_9383263993_13,1
4600.0,-300077497#5,1
4600.0,-300077497#8,1
4600.0,-593847703#3,5
4600.0,263217604#0,2
4600.0,30620492#0,17
4600.0,30620492#1,5
4600.0,506322844#0,1
4600.0,:655375238_5,1
4600.0,:655375239_5,1
4620.0,-300077497#5,5
4620.0,-593847703#3,5
4620.0,263217604#0,2
4620.0,30620492#0,18
4620.0,30620492#1,5
4640.0,-300077497#5,1
4640.0,-593847703#3,7
4640.0,263217604#0,2
4640.0,30620492#0,18
4640.0,30620492#1,3
4640.0,506322844#0,1
4640.0,:cluster_2528018119_655375236_17,2
4640.0,:cluster_9383263990_9383263991_9383263992_9383263993_13,1
4660.0,-593847703#3,1
4660.0,30620492#0,11
4660.0,30620492#1,3
4660.0,506322842#0,2
4660.0,506322844#0,6
4660.0,594658757#0,1
4660.0,594658760#0,1
4660.0,:cluster_9383263990_9383263991_9383263992_9383263993_13,1
4680.0,-593847703#3,1
4680.0,-E0,2
4680.0,30620492#0,14
4680.0,30620492#1,5
4680.0,506322842#0,2
4680.0,506322844#0,8
4700.0,-300077497#5,5
4700.0,-593847703#3,1
4700.0,263217604#0,4
4700.0,30620492#0,18
4700.0,30620492#1,5
4700.0,506322846#2,1
4720.0,-300077497#5,5
4720.0,-593847703#3,1
4720.0,1068234499#0,1
4720.0,263217604#0,4
4720.0,30620492#0,18
4720.0,30620492#1,5
4740.0,-593847703#3,5
4740.0,1068234499#0,1
4740.0,182334378#0,1
4740.0,30620492#0,14
4740.0,30620492#1,3
4740.0,506322842#0,1
4740.0,506322844#0,2
4740.0,594658757#0,1
4740.0,594658760#0,2
4740.0,:2749340167_0,1
4740.0,:cluster3086736522_655375108_655375247_655375401_#1more_14,1
4740.0,:cluster_9383263990_9383263991_9383263992_9383263993_13,2
4760.0,-E0,1
4760.0,1068234499#0,1
4760.0,30620492#0,14
4760.0,30620492#1,4
4760.0,506322842#0,1
4760.0,506322844#0,6
4760.0,594658757#0,1
4760.0,594658760#0,3
4760.0,:2749340167_0,1
4780.0,-300077497#5,1
4780.0,-300077497#8,1
4780.0,-E0,3
4780.0,182334378#0,1
4780.0,263217604#0,1
4780.0,30620492#0,18
4780.0,30620492#1,5
4780.0,506322844#0,1
4780.0,506322846#0,1
4780.0,:655375238_5,1
4780.0,:655375239_5,1
4800.0,-300077497#5,5
4800.0,182334378#0,1
4800.0,263217604#0,1
4800.0,288135626#0,1
4800.0,30620492#0,18
4800.0,30620492#1,5
4820.0,-300077497#5,1
4820.0,-593847703#3,1
4820.0,-E0,1
4820.0,1068234499#0,1
4820.0,182334378#0,1
4820.0,263217604#0,1
4820.0,30620492#0,18
4820.0,30620492#1,3
4820.0,:cluster_2528018119_655375236_17,1
4820.0,:cluster_2528018119_655375236_31,1
4820.0,:cluster_9383263990_9383263991_9383263992_9383263993_13,2
4840.0,-593847703#3,3
4840.0,-E0,2
4840.0,1068234499#0,1
4840.0,30620492#0,13
4840.0,30620492#1,5
4840.0,506322844#0,5
4840.0,594658760#0,1
4860.0,1068234499#0,1
4860.0,30620492#0,18
4860.0,30620492#1,5
4860.0,506322844#0,5
4860.0,:cluster655375336_end_0_655375336_end_1_655375336_end_10_655375336_end_11_#8more_17,1
4880.0,-300077497#5,5
4880.0,-593847703#3,1
4880.0,30620492#0,18
4880.0,30620492#1,5
4900.0,-300077497#5,5
4900.0,-593847703#3,1
4900.0,30620492#0,18
4900.0,30620492#1,5
4920.0,-593847703#3,5
4920.0,182334378#0,1
4920.0,30620492#0,14
4920.0,30620492#1,4
4920.0,506322844#0,5
4940.0,-593847703#3,5
4940.0,30620492#0,16
4940.0,30620492#1,5
4940.0,506322844#0,5
4960.0,-300077497#8,1
4960.0,-593847703#3,1
4960.0,263217604#0,1
4960.0,30620492#0,18
4960.0,30620492#1,5
4960.0,506322844#0,1
4960.0,:655375233_4,4
4960.0,:655375238_5,1
4960.0,:655375239_5,1
4980.0,-300077497#5,4
4980.0,263217604#0,1
4980.0,30620492#0,18
4980.0,30620492#1,5
5000.0,-593847703#3,2
5000.0,263217604#0,1
5000.0,30620492#0,18
5000.0,30620492#1,3
5000.0,:cluster_2528018119_655375236_17,2
5000.0,:cluster_9383263990_9383263991_9383263992_9383263993_13,2
5020.0,-593847703#3,4
5020.0,30620492#0,13
5020.0,30620492#1,5
5020.0,506322844#0,5
5020.0,594658757#0,1
5040.0,-593847703#3,4
5040.0,30620492#0,18
5040.0,30620492#1,5
5040.0,506322844#0,5
5040.0,594658757#0,1
5060.0,-300077497#5,5
5060.0,-593847703#3,2
5060.0,-E0,1
5060.0,30620492#0,18
5060.0,30620492#1,5
5060.0,:655375233_4,2
5080.0,-300077497#5,5
5080.0,30620492#0,18
5080.0,30620492#1,5
5100.0,-593847703#3,4
5100.0,-E0,1
5100.0,30620492#0,14
5100.0,30620492#1,4
5100.0,506322844#0,4
5100.0,:cluster_9383263990_9383263991_9383263992_9383263993_13,1
5120.0,-593847703#3,4
5120.0,30620492#0,14
5120.0,30620492#1,4
5120.0,506322844#0,7
5120.0,:cluster_9383263990_9383263991_9383263992_9383263993_13,1
5140.0,-300077497#8,2
5140.0,-593847703#3,4
5140.0,263217604#0,4
5140.0,30620492#0,16
5140.0,30620492#1,5
5140.0,506322844#0,1
5140.0,:655375239_5,1
5140.0,:655375239_6,1
5160.0,-300077497#5,4
5160.0,-593847703#3,4
5160.0,263217604#0,5
5160.0,30620492#0,18
5160.0,30620492#1,5
5180.0,-593847703#3,2
5180.0,263217604#0,5
5180.0,30620492#0,18
5180.0,30620492#1,3
5180.0,:cluster_2528018119_655375236_17,2
5180.0,:cluster_9383263990_9383263991_9383263992_9383263993_13,2
5200.0,-593847703#3,4
5200.0,30620492#0,12
5200.0,30620492#1,5
5200.0,506322844#0,6
5200.0,594658757#0,2
5200.0,594658760#0,3
5220.0,-593847703#3,4
5220.0,30620492#0,18
5220.0,30620492#1,5
5220.0,506322844#0,6
5220.0,594658757#0,2
5220.0,594658760#0,3
5240.0,-300077497#5,5
5240.0,-593847703#3,4
5240.0,263217604#0,1
5240.0,30620492#0,18
5240.0,30620492#1,5
5240.0,594658757#0,1
5240.0,594658760#0,2
5240.0,:cluster655375336_end_0_655375336_end_1_655375336_end_10_655375336_end_11_#8more_17,1
5240.0,:cluster655375336_end_0_655375336_end_1_655375336_end_10_655375336_end_11_#8more_21,1
5260.0,-300077497#5,5
5260.0,-593847703#3,4
5260.0,-E0,3
5260.0,263217604#0,1
5260.0,30620492#0,18
5260.0,30620492#1,5
5260.0,594658760#0,1
5280.0,-593847703#3,3
5280.0,30620492#0,14
5280.0,30620492#1,4
5280.0,360843888,1
5280.0,506322844#0,5
5280.0,594658760#0,1
5280.0,:655375233_4,1
5300.0,-593847703#3,3
5300.0,30620492#0,13
5300.0,30620492#1,5
5300.0,360843888,1
5300.0,506322844#0,6
5300.0,594658760#0,1
5320.0,-300077497#5,1
5320.0,-300077497#8,1
5320.0,-593847703#3,3
5320.0,-E0,1
5320.0,263217604#0,1
5320.0,30620492#0,13
5320.0,30620492#1,5
5320.0,360843888,1
5320.0,506322844#0,1
5320.0,:655375238_5,1
5320.0,:655375239_5,1
5340.0,-300077497#5,5
5340.0,-593847703#3,3
5340.0,263217604#0,1
5340.0,30620492#0,13
5340.0,30620492#1,5
5340.0,360843888,1
5360.0,-300077497#5,1
5360.0,-593847703#3,5
5360.0,244450512#5,1
5360.0,263217604#0,1
5360.0,30620492#0,13
5360.0,30620492#1,3
5360.0,506322844#0,1
5360.0,:cluster_2528018119_655375236_17,2
5360.0,:cluster_9383263990_9383263991_9383263992_9383263993_13,1
5380.0,244450512#5,1
5380.0,30620492#0,7
5380.0,30620492#1,5
5380.0,506322842#0,1
5380.0,506322844#0,5
5380.0,594658760#0,1
5380.0,:655375233_4,3
5400.0,244450512#5,1
5400.0,30620492#0,7
5400.0,30620492#1,5
5400.0,506322842#0,1
5400.0,506322844#0,5
5400.0,594658760#0,1
5420.0,-300077497#5,5
5420.0,244450512#5,1
5420.0,30620492#0,7
5420.0,30620492#1,5
5420.0,594658760#0,1
5420.0,:cluster_5372642442_631668976_631668981_631669076_36,1
5440.0,-300077497#5,5
5440.0,1068234499#0,1
5440.0,244450512#5,1
5440.0,30620492#0,7
5440.0,30620492#1,5
5440.0,49695736#0,1
5460.0,-593847703#3,5
5460.0,-E0,1
5460.0,1068234499#0,1
5460.0,30620492#0,3
5460.0,30620492#1,3
5460.0,49695736#0,1
5460.0,506322844#0,4
5460.0,:2749340167_0,1
5460.0,:cluster_9383263990_9383263991_9383263992_9383263993_13,1
5480.0,-593847703#3,1
5480.0,1068234499#0,1
5480.0,30620492#0,2
5480.0,30620492#1,5
5480.0,49695736#0,1
5480.0,506322844#0,5
5480.0,:655375233_4,4
5500.0,-300077497#5,1
5500.0,-300077497#8,1
5500.0,-593847703#3,2
5500.0,30620492#0,2
5500.0,30620492#1,5
5500.0,506322844#0,1
5500.0,:655375238_5,1
5500.0,:655375239_5,1
5520.0,-300077497#5,5
5520.0,-593847703#3,2
5520.0,30620492#0,2
5520.0,30620492#1,5
5540.0,-300077497#5,1
5540.0,-593847703#3,3
5540.0,182334378#0,1
5540.0,30620492#0,2
5540.0,30620492#1,3
5540.0,:cluster_2528018119_655375236_17,1
5540.0,:cluster_2528018119_655375236_31,1
5540.0,:cluster_9383263990_9383263991_9383263992_9383263993_13,2
5560.0,-593847703#3,5
5560.0,182334378#0,2
5560.0,506322844#0,6
5560.0,:cluster_9383263990_9383263991_9383263992_9383263993_13,1
5580.0,-593847703#3,3
5580.0,-E0,2
5580.0,506322844#0,7
5580.0,:655375233_4,2
5600.0,-300077497#5,4
5600.0,263217604#0,3
5620.0,-300077497#5,4
5620.0,263217604#0,3
