time,edge_id,vehicle_count
60.0,-300077497#5,1
60.0,-360018417,5
60.0,-51362430,7
60.0,-593847703#3,5
60.0,-E0,19
60.0,1068234498#0,23
60.0,1068234499#0,2
60.0,1068440001,5
60.0,1068440004#1,20
60.0,1068440006#0,1
60.0,1334905223#0,2
60.0,182334378#0,23
60.0,196961377#0,12
60.0,238526531#0,1
60.0,244450512#1,3
60.0,260881642#0,4
60.0,263217603#0,1
60.0,288135626#0,3
60.0,288135628#0,2
60.0,300077497#0,1
60.0,30620492#0,15
60.0,30620492#1,5
60.0,314800955,1
60.0,360843888,1
60.0,484988951#0,2
60.0,48794887#0,3
60.0,49695736#0,2
60.0,506322841#4,1
60.0,506322842#0,4
60.0,506322844#0,5
60.0,506322846#2,8
60.0,506322853#0,1
60.0,51362429#0,11
60.0,593847704#0,1
60.0,593849711#2,11
60.0,594658762#0,14
60.0,668037874,3
60.0,:3086736518_0,1
60.0,:655375232_11,1
60.0,:655375232_2,1
60.0,:655375232_6,2
60.0,:cluster11510670762_4554226152_0,1
60.0,:cluster619136880_619136881_cluster_4510442270_5296993511_5296993513_619136931_#1more_12,1
60.0,:cluster619136880_619136881_cluster_4510442270_5296993511_5296993513_619136931_#1more_8,1
60.0,:cluster655375228_655375240_0,2
60.0,:cluster655375336_end_0_655375336_end_1_655375336_end_10_655375336_end_11_#8more_12,1
60.0,:cluster655375336_end_0_655375336_end_1_655375336_end_10_655375336_end_11_#8more_25,2
60.0,:cluster_2528018119_655375236_17,1
60.0,:cluster_2528018119_655375236_19,1
60.0,:cluster_2528018119_655375236_3,1
60.0,:cluster_3208478133_655375293_655375296_9631728504_#1more_8,4
60.0,:cluster_3431431575_4777363357_655375231_6982059025_5,1
60.0,:cluster_5372642442_631668976_631668981_631669076_22,2
60.0,:cluster_5372642442_631668976_631668981_631669076_45,2
60.0,E0,1
80.0,-360018417,5
80.0,-51362430,9
80.0,-593847703#3,2
80.0,-594658757#2,3
80.0,-E0,19
80.0,1068234498#0,17
80.0,1068234499#0,9
80.0,1068440001,5
80.0,1068440004#1,27
80.0,1068440006#0,2
80.0,1334904386#0,2
80.0,182334378#0,17
80.0,196961377#0,20
80.0,238526531#0,7
80.0,244450512#1,2
80.0,260881642#0,3
80.0,263217603#0,2
80.0,288135626#0,4
80.0,288135628#0,1
80.0,30620492#0,18
80.0,30620492#1,5
80.0,314800955,1
80.0,360843888,1
80.0,484988951#0,4
80.0,48794887#0,3
80.0,49073226#2,2
80.0,49695736#0,6
80.0,506322841#3,1
80.0,506322842#0,10
80.0,506322844#0,5
80.0,506322846#2,13
80.0,506322853#0,1
80.0,51289045#5,1
80.0,51362429#0,15
80.0,593844221#0,2
80.0,593847704#0,2
80.0,593849711#2,14
80.0,594658762#0,14
80.0,668037874,4
80.0,:2444664370_0,1
80.0,:3086736518_0,1
80.0,:3086736518_4,2
80.0,:655375232_2,1
80.0,:655375232_6,1
80.0,:655375232_8,1
80.0,:655375233_4,1
80.0,:655375238_6,1
80.0,:656132414_2,1
80.0,:cluster11510670762_4554226152_0,1
80.0,:cluster655375228_655375240_2,1
80.0,:cluster655375336_end_0_655375336_end_1_655375336_end_10_655375336_end_11_#8more_10,1
80.0,:cluster655375336_end_0_655375336_end_1_655375336_end_10_655375336_end_11_#8more_12,2
80.0,:cluster655375336_end_0_655375336_end_1_655375336_end_10_655375336_end_11_#8more_25,1
80.0,:cluster_2038168688_655375573_3,1
80.0,:cluster_2664674491_655375287_655375288_5,1
80.0,:cluster_3208478133_655375293_655375296_9631728504_#1more_8,3
80.0,:cluster_5372642442_631668976_631668981_631669076_45,2
80.0,E0,2
100.0,-300077497#5,1
100.0,-300077497#8,1
100.0,-35274074#2,2
100.0,-360018417,1
100.0,-51362430,11
100.0,-593847703#3,3
100.0,-594658757#2,4
100.0,-E0,19
100.0,1068234498#0,19
100.0,1068234499#0,9
100.0,1068440001,4
100.0,1068440004#1,26
100.0,1068440006#0,2
100.0,182334378#0,17
100.0,186602412#0,1
100.0,196961377#0,22
100.0,238526531#0,7
100.0,244450512#1,2
100.0,260881642#0,3
100.0,263217603#0,4
100.0,288135626#0,3
100.0,288135628#0,1
100.0,288878926#0,2
100.0,300077497#0,2
100.0,303647015#0,1
100.0,30620492#0,18
100.0,30620492#1,5
100.0,314800955,1
100.0,360843888,1
100.0,484988951#0,4
100.0,48794887#0,3
100.0,49073272#4,3
100.0,49695736#0,7
100.0,506322841#4,1
100.0,506322842#0,7
100.0,506322844#0,3
100.0,506322846#0,8
100.0,506322846#2,4
100.0,506322848#0,1
100.0,506322851#0,3
100.0,506322853#0,1
100.0,51362429#0,16
100.0,51392936#0,1
100.0,593847704#0,2
100.0,593849711#2,18
100.0,594658760#0,1
100.0,594658762#0,16
100.0,668037874,3
100.0,:2444664370_0,1
100.0,:3086736518_0,1
100.0,:3086736518_4,2
100.0,:3208478121_0,1
100.0,:655375232_2,1
100.0,:655375232_6,1
100.0,:655375232_8,1
100.0,:655375233_4,1
100.0,:655375233_8,7
100.0,:655375238_5,1
100.0,:655375239_5,1
100.0,:656132414_2,1
100.0,:cluster11510670762_4554226152_0,1
100.0,:cluster3086736522_655375108_655375247_655375401_#1more_8,1
100.0,:cluster619136880_619136881_cluster_4510442270_5296993511_5296993513_619136931_#1more_12,1
100.0,:cluster619136880_619136881_cluster_4510442270_5296993511_5296993513_619136931_#1more_8,1
100.0,:cluster655375336_end_0_655375336_end_1_655375336_end_10_655375336_end_11_#8more_10,1
100.0,:cluster655375336_end_0_655375336_end_1_655375336_end_10_655375336_end_11_#8more_12,1
100.0,:cluster655375336_end_0_655375336_end_1_655375336_end_10_655375336_end_11_#8more_25,2
100.0,:cluster_2038168688_655375573_17,3
100.0,:cluster_2528018119_655375236_12,2
100.0,:cluster_2528018119_655375236_20,2
100.0,:cluster_2528018119_655375236_25,1
100.0,:cluster_2528018119_655375236_33,1
100.0,:cluster_3208478133_655375293_655375296_9631728504_#1more_8,2
100.0,:cluster_9383263990_9383263991_9383263992_9383263993_7,1
100.0,E0,1
120.0,-300077497#5,8
120.0,-300077497#8,1
120.0,-35274074#2,8
120.0,-51362430,12
120.0,-593847703#3,5
120.0,-594658757#2,4
120.0,-E0,19
120.0,1068234498#0,25
120.0,1068234499#0,8
120.0,1068440001,7
120.0,1068440004#1,31
120.0,1068440006#0,1
120.0,1334904386#0,1
120.0,182334378#0,20
120.0,196961377#0,27
120.0,232003903#0,2
120.0,244450512#1,3
120.0,260881642#0,2
120.0,263217603#0,4
120.0,263217604#0,1
120.0,288135626#0,3
120.0,288135628#0,1
120.0,288878926#0,2
120.0,300077497#0,7
120.0,30620492#0,18
120.0,30620492#1,5
120.0,314800955,1
120.0,35274074#0,1
120.0,360843888,1
120.0,484988951#0,4
120.0,48794887#0,2
120.0,49695736#0,4
120.0,506322841#4,1
120.0,506322842#0,8
120.0,506322844#0,3
120.0,506322846#0,3
120.0,506322846#2,5
120.0,506322851#0,4
120.0,506322853#0,4
120.0,51362429#0,17
120.0,593844221#0,1
120.0,593849711#2,19
120.0,594658762#0,23
120.0,668037874,4
120.0,:1973482489_4,1
120.0,:2444664370_0,2
120.0,:3086736518_0,1
120.0,:3086736518_4,2
120.0,:655375232_2,1
120.0,:655375232_6,1
120.0,:655375232_8,1
120.0,:655375233_4,1
120.0,:655375233_8,7
120.0,:655375238_1,1
120.0,:cluster11510670762_4554226152_0,1
120.0,:cluster3086736522_655375108_655375247_655375401_#1more_11,1
120.0,:cluster622618015_622618108_622618112_622618144_#2more_39,2
120.0,:cluster_2038168688_655375573_17,1
120.0,:cluster_2038168688_655375573_21,1
120.0,:cluster_2038168688_655375573_25,1
120.0,:cluster_2528018119_655375236_12,2
120.0,:cluster_2528018119_655375236_20,1
120.0,:cluster_2528018119_655375236_25,1
120.0,:cluster_2528018119_655375236_32,1
120.0,:cluster_2528018119_655375236_33,1
120.0,:cluster_2528018119_655375236_8,1
120.0,:cluster_3208478133_655375293_655375296_9631728504_#1more_8,5
120.0,:cluster_5372642442_631668976_631668981_631669076_36,1
120.0,:cluster_5372642442_631668976_631668981_631669076_47,1
120.0,E0,2
140.0,-300077497#5,6
140.0,-35274074#2,12
140.0,-360018417,5
140.0,-51362430,14
140.0,-593847703#3,11
140.0,-594658757#2,2
140.0,-E0,18
140.0,1068234498#0,30
140.0,1068234499#0,13
140.0,1068440001,9
140.0,1068440004#1,33
140.0,1068440006#0,1
140.0,1334904386#0,2
140.0,182334378#0,18
140.0,196961377#0,20
140.0,244450512#1,3
140.0,244450512#5,1
140.0,263217603#0,2
140.0,263217604#0,1
140.0,288135626#0,3
140.0,288135628#0,1
140.0,288878926#0,2
140.0,300077497#0,7
140.0,303647015#0,4
140.0,30620492#0,18
140.0,30620492#1,5
140.0,35274074#0,5
140.0,484988951#0,4
140.0,48794887#0,3
140.0,49073272#4,2
140.0,49695736#0,7
140.0,506322840#0,1
140.0,506322841#3,1
140.0,506322841#4,1
140.0,506322842#0,9
140.0,506322844#0,5
140.0,506322846#0,3
140.0,506322846#2,8
140.0,506322853#0,8
140.0,51362429#0,14
140.0,51362430,2
140.0,593844221#0,1
140.0,593849711#2,21
140.0,594658762#0,28
140.0,668037874,4
140.0,:2444664370_0,3
140.0,:2690921409_0,1
140.0,:3086736518_0,1
140.0,:3086736518_4,2
140.0,:3086736518_6,1
140.0,:655375232_2,2
140.0,:655375232_6,1
140.0,:655375232_8,1
140.0,:655375233_0,2
140.0,:655375233_4,1
140.0,:655375233_8,7
140.0,:cluster11510670762_4554226152_0,2
140.0,:cluster655375228_655375240_0,1
140.0,:cluster655375228_655375240_13,1
140.0,:cluster655375336_end_0_655375336_end_1_655375336_end_10_655375336_end_11_#8more_12,2
140.0,:cluster655375336_end_0_655375336_end_1_655375336_end_10_655375336_end_11_#8more_25,1
140.0,:cluster_2038168688_655375573_23,1
140.0,:cluster_2038168688_655375573_6,1
140.0,:cluster_2528018119_655375236_17,1
140.0,:cluster_3208478133_655375293_655375296_9631728504_#1more_8,1
140.0,:cluster_9383263990_9383263991_9383263992_9383263993_19,1
140.0,E0,2
160.0,-35274074#2,10
160.0,-360018417,5
160.0,-51362429#1,1
160.0,-51362430,18
160.0,-593847703#3,18
160.0,-593847704#2,1
160.0,-594658757#2,6
160.0,-E0,18
160.0,1068234498#0,25
160.0,1068234499#0,17
160.0,1068440001,10
160.0,1068440004#1,33
160.0,1068440006#0,1
160.0,1334904386#0,3
160.0,1334905223#0,2
160.0,182334378#0,14
160.0,186602412#0,3
160.0,196961377#0,22
160.0,238526531#0,5
160.0,244450512#1,3
160.0,244450512#4,1
160.0,244450512#5,1
160.0,263217603#0,2
160.0,288135626#0,3
160.0,288135628#0,1
160.0,300077497#6,3
160.0,30620492#0,18
160.0,30620492#1,5
160.0,35274074#0,1
160.0,484988951#0,4
160.0,48794887#0,2
160.0,49695736#0,9
160.0,506322841#4,1
160.0,506322842#0,15
160.0,506322844#0,5
160.0,506322846#0,7
160.0,506322846#2,12
160.0,506322853#0,9
160.0,51362429#0,15
160.0,51392936#0,1
160.0,593849711#2,19
160.0,594658760#0,1
160.0,594658762#0,24
160.0,668037874,4
160.0,:1973482489_3,1
160.0,:2444664370_0,1
160.0,:3086736518_0,2
160.0,:3086736518_4,2
160.0,:3086736518_6,1
160.0,:655375232_11,1
160.0,:655375232_2,2
160.0,:655375232_6,2
160.0,:655375232_8,1
160.0,:655375233_0,2
160.0,:655375233_4,1
160.0,:655375233_8,7
160.0,:655375238_3,1
160.0,:cluster11510670762_4554226152_0,2
160.0,:cluster619136880_619136881_cluster_4510442270_5296993511_5296993513_619136931_#1more_12,1
160.0,:cluster655375228_655375240_0,1
160.0,:cluster655375336_end_0_655375336_end_1_655375336_end_10_655375336_end_11_#8more_10,1
160.0,:cluster655375336_end_0_655375336_end_1_655375336_end_10_655375336_end_11_#8more_25,1
160.0,:cluster655375336_end_0_655375336_end_1_655375336_end_10_655375336_end_11_#8more_40,1
160.0,:cluster_2038168688_655375573_3,1
160.0,:cluster_5372642442_631668976_631668981_631669076_45,2
180.0,-35274074#2,10
180.0,-360018417,5
180.0,-51362430,19
180.0,-593847703#3,13
180.0,-594658757#2,10
180.0,-E0,18
180.0,1068234498#0,22
180.0,1068234499#0,17
180.0,1068440001,10
180.0,1068440004#1,33
180.0,1068440006#0,1
180.0,1334904386#0,6
180.0,182334378#0,13
180.0,186602412#0,4
180.0,196961377#0,25
180.0,238526531#0,13
180.0,244450512#1,3
180.0,244450512#5,2
180.0,263217603#0,2
180.0,288135626#0,3
180.0,288135628#0,1
180.0,300077497#6,4
180.0,30620492#0,18
180.0,30620492#1,5
180.0,484988951#0,3
180.0,48794887#0,3
180.0,49073226#2,4
180.0,49695736#0,12
180.0,506322840#0,1
180.0,506322841#3,1
180.0,506322841#4,1
180.0,506322842#0,18
180.0,506322844#0,5
180.0,506322846#0,3
180.0,506322846#2,18
180.0,506322853#0,9
180.0,51362429#0,17
180.0,51362430,1
180.0,593849711#2,21
180.0,594658760#0,1
180.0,594658762#0,20
180.0,668037874,5
180.0,:2444664370_0,1
180.0,:3086736518_0,2
180.0,:3086736518_4,2
180.0,:3086736518_6,1
180.0,:655375232_2,2
180.0,:655375232_6,2
180.0,:655375232_8,1
180.0,:655375233_0,2
180.0,:655375233_2,1
180.0,:655375233_4,5
180.0,:655375233_8,7
180.0,:cluster11510670762_4554226152_0,2
180.0,:cluster_3431431575_4777363357_655375231_6982059025_7,1
180.0,:cluster_5372642442_631668976_631668981_631669076_45,1
180.0,E0,2
200.0,-1334905223#2,2
200.0,-300077497#5,5
200.0,-300077497#8,1
200.0,-35274074#2,12
200.0,-51362430,19
200.0,-593847703#3,23
200.0,-594658757#2,10
200.0,-E0,18
200.0,-E1,1
200.0,1068234498#0,27
200.0,1068234499#0,11
200.0,1068440001,10
200.0,1068440004#1,33
200.0,1334904386#0,1
200.0,182334378#0,16
200.0,182334379#0,1
200.0,186602412#0,1
200.0,196961377#0,27
200.0,238526531#0,6
200.0,244450512#1,3
200.0,244450512#5,2
200.0,263217603#0,4
200.0,288135626#0,1
200.0,288135628#0,1
200.0,300077497#0,5
200.0,300077497#6,4
200.0,303647015#0,4
200.0,30620492#0,18
200.0,30620492#1,5
200.0,484988951#0,5
200.0,48794887#0,3
200.0,49073226#2,5
200.0,49073272#4,4
200.0,506322840#0,1
200.0,506322841#4,1
200.0,506322842#0,12
200.0,506322844#0,2
200.0,506322846#0,5
200.0,506322846#2,4
200.0,506322848#0,1
200.0,506322851#0,5
200.0,506322851#2,1
200.0,506322853#0,9
200.0,51362429#0,17
200.0,51362430,1
200.0,593849711#2,23
200.0,594658762#0,26
200.0,668037874,4
200.0,:1973482489_4,1
200.0,:2444664370_0,2
200.0,:3086736518_0,2
200.0,:3086736518_4,2
200.0,:3086736518_6,1
200.0,:655375232_2,2
200.0,:655375232_6,2
200.0,:655375232_8,1
200.0,:655375233_0,2
200.0,:655375233_2,1
200.0,:655375233_4,5
200.0,:655375233_8,7
200.0,:655375239_5,1
200.0,:655375241_0,2
200.0,:cluster11510670762_4554226152_0,2
200.0,:cluster11510670762_4554226152_1,1
200.0,:cluster3086736522_655375108_655375247_655375401_#1more_8,1
200.0,:cluster655375336_end_0_655375336_end_1_655375336_end_10_655375336_end_11_#8more_40,1
200.0,:cluster_2038168688_655375573_17,1
200.0,:cluster_2038168688_655375573_30,1
200.0,:cluster_2528018119_655375236_12,2
200.0,:cluster_2528018119_655375236_20,1
200.0,:cluster_2528018119_655375236_32,1
200.0,:cluster_2528018119_655375236_8,1
200.0,:cluster_5372642442_631668976_631668981_631669076_36,1
200.0,E0,1
220.0,-300077497#5,10
220.0,-35274074#2,12
220.0,-360018417,2
220.0,-51362430,19
220.0,-593847703#3,28
220.0,-594658757#2,4
220.0,-E0,18
220.0,1068234498#0,33
220.0,1068234499#0,8
220.0,1068440001,10
220.0,1068440004#1,33
220.0,1334904386#0,2
220.0,182334378#0,22
220.0,182334379#0,1
220.0,196961377#0,23
220.0,238526531#0,6
220.0,244450512#1,3
220.0,244450512#5,2
220.0,263217603#0,5
220.0,288135626#0,3
220.0,288135628#0,1
220.0,300077497#0,11
220.0,303647015#0,4
220.0,30620492#0,18
220.0,30620492#1,5
220.0,484988951#0,5
220.0,48794887#0,3
220.0,49073226#2,5
220.0,49073272#4,1
220.0,506322841#4,1
220.0,506322842#0,16
220.0,506322844#0,5
220.0,506322846#0,1
220.0,506322846#2,4
220.0,506322851#0,3
220.0,506322851#2,1
220.0,506322853#0,15
220.0,51362429#0,17
220.0,51362430,3
220.0,51392936#0,1
220.0,593849711#2,25
220.0,594658760#0,1
220.0,594658762#0,32
220.0,668037874,4
220.0,:2444664370_0,1
220.0,:3086736518_0,2
220.0,:3086736518_4,2
220.0,:3086736518_6,1
220.0,:619136999_2,1
220.0,:655375232_2,2
220.0,:655375232_6,2
220.0,:655375232_8,1
220.0,:655375233_0,2
220.0,:655375233_2,1
220.0,:655375233_4,5
220.0,:655375233_8,7
220.0,:655375238_6,1
220.0,:655375239_3,1
220.0,:cluster11510670762_4554226152_0,2
220.0,:cluster3086736522_655375108_655375247_655375401_#1more_11,2
220.0,:cluster_2038168688_655375573_30,1
220.0,:cluster_2528018119_655375236_29,1
220.0,:cluster_5372642442_631668976_631668981_631669076_36,1
220.0,E0,2
240.0,-300077497#5,6
240.0,-35274074#2,12
240.0,-360018417,5
240.0,-51362430,19
240.0,-593847703#3,30
240.0,-E0,18
240.0,1068234498#0,31
240.0,1068234499#0,14
240.0,1068440001,6
240.0,1068440004#1,33
240.0,1239087514,1
240.0,1334904386#0,2
240.0,1334905223#0,1
240.0,182334378#0,25
240.0,196961377#0,20
240.0,238526531#0,8
240.0,244450512#1,2
240.0,260881642#0,4
240.0,263217603#0,1
240.0,288135626#0,2
240.0,288135628#0,1
240.0,300077497#0,4
240.0,300077497#6,2
240.0,303647015#0,4
240.0,30620492#0,18
240.0,30620492#1,5
240.0,35274074#0,1
240.0,484988951#0,5
240.0,48794887#0,3
240.0,49073226#2,5
240.0,49695736#0,3
240.0,506322840#0,1
240.0,506322841#3,1
240.0,506322841#4,1
240.0,506322842#0,17
240.0,506322844#0,5
240.0,506322846#0,2
240.0,506322846#2,5
240.0,506322853#0,19
240.0,51362429#0,17
240.0,51362430,4
240.0,593844221#0,1
240.0,593849711#2,26
240.0,594658762#0,27
240.0,668037874,4
240.0,:3086736518_0,2
240.0,:3086736518_4,2
240.0,:3086736518_6,1
240.0,:655375232_2,2
240.0,:655375232_6,2
240.0,:655375232_8,1
240.0,:655375233_0,2
240.0,:655375233_2,1
240.0,:655375233_4,5
240.0,:655375233_8,7
240.0,:655375238_0,1
240.0,:cluster11510670762_4554226152_0,1
240.0,:cluster655375228_655375240_0,1
240.0,:cluster655375228_655375240_13,1
240.0,:cluster_2038168688_655375573_23,1
240.0,:cluster_2038168688_655375573_3,1
240.0,:cluster_2038168688_655375573_30,1
240.0,:cluster_2038168688_655375573_6,1
240.0,:cluster_2528018119_655375236_17,1
240.0,:cluster_2664674491_655375287_655375288_5,1
240.0,:cluster_3208478133_655375293_655375296_9631728504_#1more_8,4
240.0,:cluster_5372642442_631668976_631668981_631669076_26,1
240.0,:cluster_5372642442_631668976_631668981_631669076_45,2
240.0,E0,1
260.0,-300077497#5,5
260.0,-35274074#2,12
260.0,-360018417,5
260.0,-51362430,14
260.0,-593847703#3,32
260.0,-E0,18
260.0,1068234498#0,22
260.0,1068234499#0,16
260.0,1068440001,7
260.0,1068440004#1,33
260.0,1334904386#0,2
260.0,1334905223#0,2
260.0,182334378#0,22
260.0,186602412#0,4
260.0,196961377#0,25
260.0,232003903#0,1
260.0,238526531#0,16
260.0,244450512#1,3
260.0,260881642#0,4
260.0,263217603#0,2
260.0,288135626#0,1
260.0,288135628#0,1
260.0,300077497#0,3
260.0,300077497#6,5
260.0,30620492#0,18
260.0,30620492#1,5
260.0,484988951#0,5
260.0,48794887#0,2
260.0,49073226#2,5
260.0,49695736#0,7
260.0,506322840#0,1
260.0,506322841#4,1
260.0,506322842#0,21
260.0,506322844#0,5
260.0,506322846#2,9
260.0,506322853#0,19
260.0,51362429#0,17
260.0,51362430,5
260.0,593849711#2,26
260.0,594658762#0,20
260.0,668037874,3
260.0,:1973482489_3,1
260.0,:3086736518_0,2
260.0,:3086736518_4,2
260.0,:3086736518_6,1
260.0,:655375232_2,2
260.0,:655375232_6,2
260.0,:655375232_8,1
260.0,:655375233_0,2
260.0,:655375233_2,1
260.0,:655375233_4,5
260.0,:655375233_8,7
260.0,:656132414_2,1
260.0,:cluster655375228_655375240_2,1
260.0,:cluster655375336_end_0_655375336_end_1_655375336_end_10_655375336_end_11_#8more_10,1
260.0,:cluster655375336_end_0_655375336_end_1_655375336_end_10_655375336_end_11_#8more_12,1
260.0,:cluster655375336_end_0_655375336_end_1_655375336_end_10_655375336_end_11_#8more_25,2
260.0,:cluster_2038168688_655375573_24,1
260.0,:cluster_3208478133_655375293_655375296_9631728504_#1more_8,3
260.0,:cluster_5372642442_631668976_631668981_631669076_22,1
260.0,:cluster_5372642442_631668976_631668981_631669076_45,2
260.0,E0,2
280.0,-300077497#5,5
280.0,-300077497#8,2
280.0,-35274074#2,12
280.0,-360018417,1
280.0,-51362430,13
280.0,-593847703#3,35
280.0,-594658757#2,1
280.0,-E0,18
280.0,1068234498#0,21
280.0,1068234499#0,12
280.0,1068440001,5
280.0,1068440004#1,33
280.0,1334904386#0,1
280.0,182334378#0,20
280.0,186602412#0,1
280.0,196961377#0,27
280.0,232003903#0,2
280.0,238526531#0,16
280.0,244450512#1,2
280.0,260881642#0,3
280.0,263217603#0,4
280.0,288135626#0,2
280.0,288135628#0,1
280.0,300077497#0,5
280.0,300077497#6,5
280.0,303647015#0,2
280.0,30620492#0,18
280.0,30620492#1,5
280.0,484988951#0,5
280.0,48794887#0,3
280.0,49073226#2,8
280.0,49073272#4,3
280.0,49695736#0,9
280.0,506322841#3,1
280.0,506322842#0,19
280.0,506322844#0,2
280.0,506322846#0,5
280.0,506322846#2,3
280.0,506322848#0,3
280.0,506322851#0,3
280.0,506322853#0,19
280.0,51362429#0,17
280.0,51362430,5
280.0,51392936#0,1
280.0,593844221#0,1
280.0,593849711#2,22
280.0,594658760#0,1
280.0,594658762#0,22
280.0,668037874,4
280.0,:2444664370_0,1
280.0,:3086736518_0,2
280.0,:3086736518_4,2
280.0,:3086736518_6,1
280.0,:3208478121_0,1
280.0,:655375232_2,2
280.0,:655375232_6,3
280.0,:655375232_8,1
280.0,:655375233_0,2
280.0,:655375233_2,1
280.0,:655375233_4,5
280.0,:655375233_8,7
280.0,:655375238_5,1
280.0,:655375239_5,1
280.0,:656132414_2,1
280.0,:cluster11510670762_4554226152_0,1
280.0,:cluster655375336_end_0_655375336_end_1_655375336_end_10_655375336_end_11_#8more_40,2
280.0,:cluster_2038168688_655375573_17,1
280.0,:cluster_2528018119_655375236_12,2
280.0,:cluster_2528018119_655375236_20,1
280.0,:cluster_2528018119_655375236_32,1
280.0,:cluster_2664674491_655375287_655375288_5,1
280.0,:cluster_3208478133_655375293_655375296_9631728504_#1more_8,3
280.0,:cluster_9383263990_9383263991_9383263992_9383263993_7,2
280.0,E0,2
300.0,-300077497#5,11
300.0,-300077497#8,1
300.0,-35274074#2,12
300.0,-51362430,14
300.0,-593847703#3,35
300.0,-594658757#2,2
300.0,-E0,18
300.0,1068234498#0,26
300.0,1068234499#0,13
300.0,1068440001,5
300.0,1068440004#1,33
300.0,1334904386#0,4
300.0,182334378#0,16
300.0,196961377#0,27
300.0,232003903#0,2
300.0,238526531#0,16
300.0,244450512#1,3
300.0,260881642#0,3
300.0,263217603#0,5
300.0,263217604#0,2
300.0,288135626#0,2
300.0,288135628#0,1
300.0,300077497#0,12
300.0,300077497#6,5
300.0,303647015#0,1
300.0,30620492#0,18
300.0,30620492#1,5
300.0,484988951#0,5
300.0,48794887#0,2
300.0,49073226#2,8
300.0,49695736#0,5
300.0,506322841#4,1
300.0,506322842#0,17
300.0,506322844#0,2
300.0,506322846#2,2
300.0,506322851#0,3
300.0,506322851#2,3
300.0,506322853#0,19
300.0,51362429#0,17
300.0,51362430,5
300.0,593844221#0,1
300.0,593849711#2,24
300.0,594658762#0,29
300.0,668037874,4
300.0,:2444664370_0,2
300.0,:3086736518_0,2
300.0,:3086736518_4,2
300.0,:3086736518_6,1
300.0,:655375232_2,2
300.0,:655375232_6,3
300.0,:655375232_8,1
300.0,:655375233_0,2
300.0,:655375233_2,1
300.0,:655375233_4,5
300.0,:655375233_8,7
300.0,:655375238_5,1
300.0,:656132414_2,1
300.0,:cluster11510670762_4554226152_0,2
300.0,:cluster3086736522_655375108_655375247_655375401_#1more_11,1
300.0,:cluster655375336_end_0_655375336_end_1_655375336_end_10_655375336_end_11_#8more_13,1
300.0,:cluster_2528018119_655375236_12,2
300.0,:cluster_2528018119_655375236_20,1
300.0,:cluster_2528018119_655375236_32,1
300.0,:cluster_3208478133_655375293_655375296_9631728504_#1more_8,4
300.0,:cluster_5372642442_631668976_631668981_631669076_33,1
300.0,:cluster_5372642442_631668976_631668981_631669076_36,1
300.0,:cluster_5372642442_631668976_631668981_631669076_47,1
300.0,E0,1
320.0,-300077497#5,13
320.0,-35274074#2,12
320.0,-360018417,5
320.0,-51362430,15
320.0,-593847703#3,35
320.0,-E0,18
320.0,1068234498#0,34
320.0,1068234499#0,17
320.0,1068440001,9
320.0,1068440004#1,33
320.0,1334904386#0,4
320.0,182334378#0,17
320.0,196961377#0,20
320.0,238526531#0,16
320.0,244450512#1,3
320.0,263217603#0,1
320.0,263217604#0,2
320.0,300077497#0,12
320.0,303647015#0,2
320.0,30620492#0,18
320.0,30620492#1,4
320.0,35274074#0,1
320.0,484988951#0,5
320.0,49073226#2,8
320.0,49073272#4,2
320.0,49695736#0,5
320.0,506322840#0,1
320.0,506322842#0,17
320.0,506322844#0,7
320.0,506322846#2,2
320.0,506322851#2,7
320.0,506322853#0,19
320.0,51362429#0,17
320.0,51362430,7
320.0,593844221#0,1
320.0,593849711#2,24
320.0,594658762#0,31
320.0,668037874,4
320.0,:2444664370_0,2
320.0,:3086736518_0,2
320.0,:3086736518_4,2
320.0,:3086736518_6,1
320.0,:655375232_2,2
320.0,:655375232_6,3
320.0,:655375232_8,1
320.0,:655375233_0,2
320.0,:655375233_2,1
320.0,:655375233_4,5
320.0,:655375233_8,7
320.0,:655375238_6,1
320.0,:655375239_3,1
320.0,:cluster11510670762_4554226152_0,2
320.0,:cluster655375228_655375240_0,1
320.0,:cluster655375228_655375240_13,1
320.0,:cluster655375336_end_0_655375336_end_1_655375336_end_10_655375336_end_11_#8more_12,2
320.0,:cluster655375336_end_0_655375336_end_1_655375336_end_10_655375336_end_11_#8more_25,2
320.0,:cluster_3208478133_655375293_655375296_9631728504_#1more_8,1
320.0,:cluster_9383263990_9383263991_9383263992_9383263993_0,1
340.0,-300077497#5,13
340.0,-35274074#2,12
340.0,-360018417,5
340.0,-51362430,19
340.0,-593847703#3,35
340.0,-593847704#2,1
340.0,-594658757#2,3
340.0,-E0,18
340.0,1068234498#0,27
340.0,1068234499#0,18
340.0,1068440001,9
340.0,1068440004#1,33
340.0,1334904386#0,5
340.0,1334905223#0,2
340.0,182334378#0,13
340.0,196961377#0,21
340.0,238526531#0,22
340.0,244450512#1,3
340.0,244450512#4,1
340.0,288135626#0,2
340.0,288878926#0,1
340.0,300077497#0,4
340.0,30620492#0,17
340.0,30620492#1,5
340.0,35274074#0,3
340.0,484988951#0,5
340.0,49073226#2,4
340.0,49695736#0,9
340.0,506322842#0,17
340.0,506322844#0,7
340.0,506322846#0,4
340.0,506322846#2,3
340.0,506322851#2,7
340.0,506322853#0,19
340.0,51362429#0,17
340.0,51362430,8
340.0,593849711#2,24
340.0,594658760#0,1
340.0,594658762#0,24
340.0,668037874,4
340.0,:2444664370_0,1
340.0,:3086736518_0,2
340.0,:3086736518_4,2
340.0,:3086736518_6,1
340.0,:655375232_2,2
340.0,:655375232_6,3
340.0,:655375232_8,1
340.0,:655375233_0,2
340.0,:655375233_2,1
340.0,:655375233_4,5
340.0,:655375233_8,7
340.0,:655375238_1,1
340.0,:cluster11510670762_4554226152_0,2
340.0,:cluster619136880_619136881_cluster_4510442270_5296993511_5296993513_619136931_#1more_12,2
340.0,:cluster622618015_622618108_622618112_622618144_#2more_2,1
340.0,:cluster655375228_655375240_0,2
340.0,:cluster655375336_end_0_655375336_end_1_655375336_end_10_655375336_end_11_#8more_12,2
340.0,:cluster655375336_end_0_655375336_end_1_655375336_end_10_655375336_end_11_#8more_40,1
340.0,:cluster655375336_end_0_655375336_end_1_655375336_end_10_655375336_end_11_#8more_41,1
340.0,:cluster_2038168688_655375573_23,1
340.0,:cluster_2038168688_655375573_3,1
340.0,:cluster_5372642442_631668976_631668981_631669076_26,1
340.0,:cluster_5372642442_631668976_631668981_631669076_45,1
340.0,:cluster_623980147_623980152_9,1
340.0,E1,1
360.0,-300077497#5,14
360.0,-35274074#2,10
360.0,-360018417,5
360.0,-51362430,19
360.0,-593847703#3,35
360.0,-594658757#2,10
360.0,-E0,18
360.0,1068234498#0,24
360.0,1068234499#0,18
360.0,1068440001,9
360.0,1068440004#1,33
360.0,1334904386#0,8
360.0,1334905223#0,2
360.0,182334378#0,11
360.0,186602412#0,5
360.0,196961377#0,26
360.0,238526531#0,28
360.0,244450512#1,3
360.0,244450512#5,1
360.0,288135626#0,3
360.0,288878926#0,5
360.0,300077497#6,3
360.0,30620492#0,18
360.0,30620492#1,5
360.0,35274074#0,1
360.0,484988951#0,5
360.0,49695736#0,9
360.0,506322842#0,17
360.0,506322844#0,7
360.0,506322846#0,5
360.0,506322846#2,2
360.0,506322851#2,7
360.0,506322853#0,19
360.0,51362429#0,17
360.0,51362430,8
360.0,593849711#2,24
360.0,594658760#0,1
360.0,594658762#0,20
360.0,668037874,4
360.0,:2444664370_0,1
360.0,:3086736518_0,2
360.0,:3086736518_4,2
360.0,:3086736518_6,1
360.0,:655375232_2,2
360.0,:655375232_6,3
360.0,:655375232_8,1
360.0,:655375233_0,2
360.0,:655375233_2,1
360.0,:655375233_4,5
360.0,:655375233_8,7
360.0,:655375238_3,1
360.0,:cluster11510670762_4554226152_0,2
360.0,:cluster655375336_end_0_655375336_end_1_655375336_end_10_655375336_end_11_#8more_10,1
360.0,:cluster655375336_end_0_655375336_end_1_655375336_end_10_655375336_end_11_#8more_40,2
360.0,:cluster_5372642442_631668976_631668981_631669076_45,1
360.0,E1,1
380.0,-1334905223#2,1
380.0,-300077497#5,20
380.0,-35274074#2,12
380.0,-51362430,19
380.0,-593847703#3,35
380.0,-594658757#2,10
380.0,-E0,18
380.0,1068234498#0,30
380.0,1068234499#0,17
380.0,1068440001,9
380.0,1068440004#1,33
380.0,1068440006#0,1
380.0,1334904386#0,3
380.0,182334378#0,16
380.0,186602412#0,3
380.0,196961377#0,28
380.0,238526531#0,22
380.0,244450512#1,3
380.0,244450512#5,1
380.0,263217604#0,3
380.0,288135626#0,2
380.0,288878926#0,5
380.0,300077497#0,6
380.0,300077497#6,4
380.0,303647015#0,9
380.0,30620492#0,18
380.0,30620492#1,5
380.0,35274074#0,1
380.0,484988951#0,5
380.0,49073226#2,1
380.0,49073272#4,4
380.0,49695736#0,3
380.0,506322840#0,1
380.0,506322842#0,16
380.0,506322844#0,2
380.0,506322846#2,2
380.0,506322848#0,2
380.0,506322851#2,7
380.0,506322853#0,18
380.0,51362429#0,17
380.0,51362430,8
380.0,593849711#2,22
380.0,594658760#0,1
380.0,594658762#0,27
380.0,668037874,4
380.0,:2444664370_0,1
380.0,:3086736518_0,2
380.0,:3086736518_4,1
380.0,:3086736518_6,1
380.0,:655375232_2,2
380.0,:655375232_6,3
380.0,:655375232_8,2
380.0,:655375233_0,2
380.0,:655375233_2,1
380.0,:655375233_4,5
380.0,:655375233_8,7
380.0,:655375239_5,1
380.0,:655375241_0,1
380.0,:cluster11510670762_4554226152_0,2
380.0,:cluster_2038168688_655375573_30,1
380.0,:cluster_2528018119_655375236_12,1
380.0,:cluster_2528018119_655375236_29,1
400.0,-1334905223#2,1
400.0,-300077497#5,23
400.0,-35274074#2,12
400.0,-360018417,2
400.0,-51362430,19
400.0,-593847703#3,35
400.0,-594658757#2,6
400.0,-E0,18
400.0,1068234498#0,35
400.0,1068234499#0,13
400.0,1068440001,9
400.0,1068440004#1,33
400.0,1239087514,1
400.0,182334378#0,18
400.0,196961377#0,23
400.0,196961377#3,1
400.0,238526531#0,22
400.0,244450512#1,3
400.0,244450512#5,1
400.0,263217604#0,3
400.0,288878926#0,6
400.0,300077497#0,11
400.0,300077497#6,1
400.0,303647015#0,5
400.0,30620492#0,18
400.0,30620492#1,5
400.0,35274074#0,2
400.0,484988951#0,5
400.0,49073226#2,1
400.0,49073272#4,1
400.0,49695736#0,3
400.0,506322842#0,17
400.0,506322844#0,6
400.0,506322846#2,3
400.0,506322851#2,6
400.0,506322853#0,19
400.0,51362429#0,17
400.0,51362430,8
400.0,593847702#0,5
400.0,593849711#2,22
400.0,594658760#0,1
400.0,594658762#0,32
400.0,668037874,4
400.0,:3086736518_0,2
400.0,:3086736518_4,1
400.0,:3086736518_6,1
400.0,:619136999_2,1
400.0,:655375232_2,2
400.0,:655375232_6,3
400.0,:655375232_8,2
400.0,:655375233_0,2
400.0,:655375233_4,4
400.0,:655375233_8,3
400.0,:655375238_1,1
400.0,:655375239_3,1
400.0,:cluster11510670762_4554226152_0,2
400.0,:cluster3086736522_655375108_655375247_655375401_#1more_11,2
400.0,:cluster_2038168688_655375573_30,1
400.0,:cluster_2528018119_655375236_29,1
420.0,-300077497#5,23
420.0,-35274074#2,11
420.0,-360018417,5
420.0,-51362430,18
420.0,-593847703#3,35
420.0,-593847704#2,1
420.0,-594658757#2,1
420.0,-E0,18
420.0,1068234498#0,28
420.0,1068234499#0,13
420.0,1068440001,5
420.0,1068440004#1,28
420.0,1334905223#0,2
420.0,182334378#0,19
420.0,196961377#0,20
420.0,238526531#0,23
420.0,244450512#1,3
420.0,260881642#0,4
420.0,263217603#0,1
420.0,288135626#0,3
420.0,288878926#0,4
420.0,300077497#0,6
420.0,300077497#6,4
420.0,303647015#0,6
420.0,30620492#0,18
420.0,30620492#1,5
420.0,360843888,1
420.0,484988951#0,5
420.0,49073226#2,1
420.0,49695736#0,3
420.0,506322842#0,17
420.0,506322844#0,6
420.0,506322846#0,2
420.0,506322846#2,2
420.0,506322851#2,6
420.0,506322853#0,19
420.0,51362429#0,17
420.0,51362430,10
420.0,593844221#0,1
420.0,593847702#0,7
420.0,593849711#2,22
420.0,594658760#0,2
420.0,594658762#0,27
420.0,668037874,4
420.0,:3086736518_0,2
420.0,:3086736518_4,1
420.0,:3086736518_6,1
420.0,:655375232_2,2
420.0,:655375232_6,3
420.0,:655375232_8,2
420.0,:655375233_0,1
420.0,:655375233_4,4
420.0,:655375233_8,6
420.0,:655375238_3,1
420.0,:cluster11510670762_4554226152_0,1
420.0,:cluster3086736522_655375108_655375247_655375401_#1more_17,1
420.0,:cluster622618015_622618108_622618112_622618144_#2more_2,1
420.0,:cluster622618015_622618108_622618112_622618144_#2more_26,1
420.0,:cluster655375228_655375240_2,1
420.0,:cluster_2038168688_655375573_23,1
420.0,:cluster_2038168688_655375573_3,1
420.0,:cluster_2038168688_655375573_30,1
420.0,:cluster_2038168688_655375573_6,2
420.0,:cluster_3208478133_655375293_655375296_9631728504_#1more_8,5
420.0,:cluster_5372642442_631668976_631668981_631669076_22,3
420.0,:cluster_5372642442_631668976_631668981_631669076_26,1
420.0,:cluster_5372642442_631668976_631668981_631669076_45,1
420.0,E1,1
440.0,-300077497#5,23
440.0,-35274074#2,12
440.0,-360018417,5
440.0,-51362430,16
440.0,-593847703#3,35
440.0,-593847704#2,1
440.0,-594658757#2,1
440.0,-E0,18
440.0,1068234498#0,29
440.0,1068234499#0,18
440.0,1068440001,7
440.0,1068440004#1,32
440.0,1334905223#0,2
440.0,182334378#0,22
440.0,186602412#0,3
440.0,196961377#0,26
440.0,238526531#0,27
440.0,244450512#1,3
440.0,260881642#0,3
440.0,288135626#0,1
440.0,300077497#0,6
440.0,300077497#6,5
440.0,30620492#0,18
440.0,30620492#1,5
440.0,360843888,2
440.0,484988951#0,5
440.0,49073226#2,1
440.0,49695736#0,3
440.0,506322842#0,17
440.0,506322844#0,6
440.0,506322846#0,2
440.0,506322846#2,2
440.0,506322851#2,6
440.0,506322853#0,19
440.0,51362429#0,17
440.0,51362430,10
440.0,593844221#0,1
440.0,593847702#0,7
440.0,593847704#0,1
440.0,593849711#0,1
440.0,593849711#2,22
440.0,594658760#0,1
440.0,594658762#0,20
440.0,668037874,4
440.0,:2444664370_0,1
440.0,:3086736518_0,2
440.0,:3086736518_4,1
440.0,:3086736518_6,1
440.0,:655375232_2,2
440.0,:655375232_6,3
440.0,:655375232_8,2
440.0,:655375233_0,1
440.0,:655375233_4,4
440.0,:655375233_8,6
440.0,:cluster11510670762_4554226152_0,1
440.0,:cluster655375228_655375240_0,1
440.0,:cluster655375336_end_0_655375336_end_1_655375336_end_10_655375336_end_11_#8more_10,1
440.0,:cluster655375336_end_0_655375336_end_1_655375336_end_10_655375336_end_11_#8more_12,1
440.0,:cluster655375336_end_0_655375336_end_1_655375336_end_10_655375336_end_11_#8more_25,2
440.0,:cluster_3208478133_655375293_655375296_9631728504_#1more_8,3
440.0,E1,1
460.0,-300077497#5,24
460.0,-300077497#8,1
460.0,-35274074#2,12
460.0,-360018417,1
460.0,-51362430,16
460.0,-593847703#3,36
460.0,-594658757#2,4
460.0,-E0,18
460.0,1068234498#0,30
460.0,1068234499#0,16
460.0,1068440001,5
460.0,1068440004#1,32
460.0,1334904386#0,1
460.0,182334378#0,17
460.0,186602412#0,2
460.0,196961377#0,27
460.0,238526531#0,25
460.0,244450512#1,2
460.0,260881642#0,3
460.0,263217604#0,1
460.0,288135626#0,1
460.0,300077497#0,8
460.0,300077497#6,5
460.0,30620492#0,18
460.0,30620492#1,5
460.0,360843888,2
460.0,484988951#0,4
460.0,49073226#2,1
460.0,49073272#4,3
460.0,49695736#0,3
460.0,506322842#0,17
460.0,506322844#0,2
460.0,506322846#2,2
460.0,506322851#2,6
460.0,506322853#0,19
460.0,51362429#0,16
460.0,51362430,9
460.0,593844221#0,1
460.0,593847703#0,3
460.0,593847704#0,1
460.0,593849711#2,23
460.0,593849718#0,3
460.0,594658760#0,1
460.0,594658762#0,22
460.0,668037874,4
460.0,:2444664370_0,1
460.0,:3086736518_0,2
460.0,:3086736518_4,1
460.0,:3086736518_6,1
460.0,:3208478121_0,1
460.0,:655375232_2,1
460.0,:655375232_6,3
460.0,:655375232_8,2
460.0,:655375233_0,2
460.0,:655375233_4,4
460.0,:655375233_8,6
460.0,:655375238_5,1
460.0,:655375239_5,1
460.0,:656132414_2,1
460.0,:cluster11510670762_4554226152_0,2
460.0,:cluster622618015_622618108_622618112_622618144_#2more_31,4
460.0,:cluster655375336_end_0_655375336_end_1_655375336_end_10_655375336_end_11_#8more_10,2
460.0,:cluster655375336_end_0_655375336_end_1_655375336_end_10_655375336_end_11_#8more_12,1
460.0,:cluster655375336_end_0_655375336_end_1_655375336_end_10_655375336_end_11_#8more_25,1
460.0,:cluster_2038168688_655375573_9,1
460.0,:cluster_2528018119_655375236_12,2
460.0,:cluster_2528018119_655375236_32,1
460.0,:cluster_2664674491_655375287_655375288_5,1
460.0,:cluster_3208478133_655375293_655375296_9631728504_#1more_8,3
460.0,:cluster_9383263990_9383263991_9383263992_9383263993_7,1
480.0,-1334905223#2,1
480.0,-300077497#5,27
480.0,-300077497#8,4
480.0,-35274074#2,12
480.0,-51362430,14
480.0,-593847703#3,36
480.0,-594658757#2,6
480.0,-E0,19
480.0,1068234498#0,31
480.0,1068234499#0,15
480.0,1068440001,8
480.0,1068440004#1,32
480.0,1334904386#0,3
480.0,182334378#0,16
480.0,196961377#0,27
480.0,238526531#0,25
480.0,244450512#1,2
480.0,260881642#0,2
480.0,263217604#0,2
480.0,300077497#0,13
480.0,300077497#6,5
480.0,303647015#0,1
480.0,30620492#0,18
480.0,30620492#1,5
480.0,360843888,2
480.0,484988951#0,5
480.0,49073226#2,1
480.0,49073272#4,1
480.0,49695736#0,3
480.0,506322842#0,17
480.0,506322844#0,4
480.0,506322846#2,2
480.0,506322851#2,6
480.0,506322853#0,19
480.0,51362429#0,16
480.0,51362430,8
480.0,593847703#0,3
480.0,593849711#2,23
480.0,594658760#0,1
480.0,594658762#0,29
480.0,668037874,4
480.0,:2444664370_0,1
480.0,:3086736518_0,2
480.0,:3086736518_4,1
480.0,:3086736518_6,1
480.0,:655375232_2,1
480.0,:655375232_6,3
480.0,:655375232_8,2
480.0,:655375233_0,2
480.0,:655375233_4,4
480.0,:655375233_8,6
480.0,:cluster11510670762_4554226152_0,1
480.0,:cluster3086736522_655375108_655375247_655375401_#1more_11,1
480.0,:cluster622618015_622618108_622618112_622618144_#2more_39,1
480.0,:cluster655375336_end_0_655375336_end_1_655375336_end_10_655375336_end_11_#8more_10,1
480.0,:cluster655375336_end_0_655375336_end_1_655375336_end_10_655375336_end_11_#8more_12,1
480.0,:cluster655375336_end_0_655375336_end_1_655375336_end_10_655375336_end_11_#8more_25,1
480.0,:cluster_2528018119_655375236_12,1
480.0,:cluster_2528018119_655375236_29,1
480.0,:cluster_3208478133_655375293_655375296_9631728504_#1more_8,4
500.0,-300077497#5,27
500.0,-300077497#8,4
500.0,-35274074#2,12
500.0,-360018417,5
500.0,-51362430,18
500.0,-593847703#3,32
500.0,-E0,19
500.0,1068234498#0,35
500.0,1068234499#0,14
500.0,1068440001,7
500.0,1068440004#1,32
500.0,1334904386#0,4
500.0,182334378#0,18
500.0,196961377#0,20
500.0,238526531#0,25
500.0,244450512#1,2
500.0,244450512#4,1
500.0,244450512#5,1
500.0,263217603#0,1
500.0,263217604#0,2
500.0,300077497#0,14
500.0,303647015#0,6
500.0,30620492#0,18
500.0,30620492#1,4
500.0,35274074#0,1
500.0,484988951#0,4
500.0,49073226#2,1
500.0,49073272#4,2
500.0,49695736#0,3
500.0,506322842#0,17
500.0,506322844#0,6
500.0,506322846#2,3
500.0,506322851#2,6
500.0,506322853#0,19
500.0,51362429#0,16
500.0,51362430,8
500.0,593844221#0,2
500.0,593849711#2,23
500.0,594658760#0,1
500.0,594658762#0,28
500.0,668037874,4
500.0,:3086736518_0,2
500.0,:3086736518_4,2
500.0,:3086736518_6,1
500.0,:655375232_2,1
500.0,:655375232_6,3
500.0,:655375232_8,3
500.0,:655375233_0,2
500.0,:655375233_4,6
500.0,:655375233_8,6
500.0,:655375239_3,1
500.0,:656132414_2,1
500.0,:cluster11510670762_4554226152_0,2
500.0,:cluster3086736522_655375108_655375247_655375401_#1more_11,1
500.0,:cluster655375228_655375240_0,1
500.0,:cluster_2528018119_655375236_3,1
500.0,:cluster_3208478133_655375293_655375296_9631728504_#1more_8,2
500.0,:cluster_3431431575_4777363357_655375231_6982059025_5,1
500.0,:cluster_9383263990_9383263991_9383263992_9383263993_13,1
520.0,-300077497#5,26
520.0,-300077497#8,4
520.0,-35274074#2,12
520.0,-360018417,5
520.0,-51362430,17
520.0,-593847703#3,33
520.0,-E0,19
520.0,1068234498#0,32
520.0,1068234499#0,16
520.0,1068440001,9
520.0,1068440004#1,32
520.0,1334904386#0,5
520.0,1334905223#0,1
520.0,182334378#0,15
520.0,196961377#0,22
520.0,238526531#0,25
520.0,244450512#1,2
520.0,244450512#4,2
520.0,244450512#5,2
520.0,300077497#0,6
520.0,300077497#6,3
520.0,30620492#0,17
520.0,30620492#1,5
520.0,35274074#0,1
520.0,484988951#0,5
520.0,49073226#2,1
520.0,49695736#0,7
520.0,506322842#0,17
520.0,506322844#0,6
520.0,506322846#0,4
520.0,506322846#2,2
520.0,506322851#2,6
520.0,506322853#0,19
520.0,51362429#0,17
520.0,51362430,7
520.0,593849711#2,23
520.0,594658760#0,1
520.0,594658762#0,21
520.0,668037874,4
520.0,:2444664370_0,1
520.0,:3086736518_0,2
520.0,:3086736518_4,2
520.0,:3086736518_6,1
520.0,:655375232_2,1
520.0,:655375232_6,3
520.0,:655375232_8,3
520.0,:655375233_0,2
520.0,:655375233_4,6
520.0,:655375233_8,6
520.0,:655375238_0,1
520.0,:cluster11510670762_4554226152_0,2
520.0,:cluster619136880_619136881_cluster_4510442270_5296993511_5296993513_619136931_#1more_12,2
520.0,:cluster655375228_655375240_0,1
520.0,:cluster655375228_655375240_13,1
520.0,:cluster655375336_end_0_655375336_end_1_655375336_end_10_655375336_end_11_#8more_10,1
520.0,:cluster655375336_end_0_655375336_end_1_655375336_end_10_655375336_end_11_#8more_12,1
520.0,:cluster655375336_end_0_655375336_end_1_655375336_end_10_655375336_end_11_#8more_40,1
520.0,:cluster_2038168688_655375573_3,1
520.0,:cluster_9383263990_9383263991_9383263992_9383263993_13,1
540.0,-300077497#5,26
540.0,-300077497#8,3
540.0,-35274074#2,12
540.0,-360018417,5
540.0,-51362430,19
540.0,-593847703#3,33
540.0,-594658757#2,7
540.0,-E0,19
540.0,1068234498#0,30
540.0,1068234499#0,18
540.0,1068440001,9
540.0,1068440004#1,32
540.0,1334904386#0,8
540.0,1334905223#0,2
540.0,182334378#0,11
540.0,186602412#0,3
540.0,196961377#0,27
540.0,238526531#0,25
540.0,244450512#1,2
540.0,244450512#5,3
540.0,288135626#0,1
540.0,300077497#0,5
540.0,300077497#6,4
540.0,30620492#0,18
540.0,30620492#1,5
540.0,484988951#0,5
540.0,49073226#2,1
540.0,49695736#0,7
540.0,506322840#0,1
540.0,506322842#0,17
540.0,506322844#0,6
540.0,506322846#0,2
540.0,506322846#2,2
540.0,506322851#2,6
540.0,506322853#0,19
540.0,51362429#0,17
540.0,51362430,7
540.0,593849711#2,23
540.0,594658760#0,1
540.0,594658762#0,15
540.0,668037874,4
540.0,:1973482489_8,1
540.0,:3086736518_0,2
540.0,:3086736518_4,2
540.0,:3086736518_6,1
540.0,:3208478128_0,1
540.0,:655375232_2,1
540.0,:655375232_6,3
540.0,:655375232_8,3
540.0,:655375233_0,2
540.0,:655375233_4,6
540.0,:655375233_8,6
540.0,:655375238_5,1
540.0,:cluster11510670762_4554226152_0,2
540.0,:cluster655375336_end_0_655375336_end_1_655375336_end_10_655375336_end_11_#8more_12,2
540.0,:cluster_9383263990_9383263991_9383263992_9383263993_13,1
560.0,-300077497#5,27
560.0,-300077497#8,4
560.0,-35274074#2,12
560.0,-51362430,19
560.0,-593847703#3,35
560.0,-594658757#2,14
560.0,-E0,19
560.0,1068234498#0,33
560.0,1068234499#0,12
560.0,1068440001,9
560.0,1068440004#1,32
560.0,1334904386#0,2
560.0,182334378#0,9
560.0,186602412#0,1
560.0,196961377#0,27
560.0,238526531#0,25
560.0,244450512#1,2
560.0,244450512#5,3
560.0,263217604#0,1
560.0,300077497#0,10
560.0,300077497#6,4
560.0,303647015#0,8
560.0,30620492#0,18
560.0,30620492#1,5
560.0,484988951#0,5
560.0,49073272#4,4
560.0,49695736#0,1
560.0,506322842#0,17
560.0,506322844#0,5
560.0,506322846#2,2
560.0,506322851#2,6
560.0,506322853#0,19
560.0,51362429#0,17
560.0,51362430,7
560.0,593849711#2,23
560.0,594658760#0,1
560.0,594658762#0,15
560.0,668037874,4
560.0,:3086736518_0,2
560.0,:3086736518_4,2
560.0,:3086736518_6,1
560.0,:3208478128_0,1
560.0,:655375232_2,1
560.0,:655375232_6,3
560.0,:655375232_8,3
560.0,:655375233_0,2
560.0,:655375233_4,6
560.0,:655375233_8,6
560.0,:cluster11510670762_4554226152_0,2
560.0,:cluster_2528018119_655375236_12,1
560.0,:cluster_2528018119_655375236_25,1
560.0,:cluster_2528018119_655375236_29,2
560.0,:cluster_2528018119_655375236_9,1
560.0,:cluster_623980147_623980152_4,1
580.0,-300077497#5,27
580.0,-300077497#8,4
580.0,-35274074#2,12
580.0,-360018417,2
580.0,-51362430,19
580.0,-593847703#3,36
580.0,-594658757#2,10
580.0,-E0,19
580.0,1068234498#0,38
580.0,1068234499#0,6
580.0,1068440001,9
580.0,1068440004#1,32
580.0,1239087514,1
580.0,1334904386#0,2
580.0,182334378#0,13
580.0,196961377#0,23
580.0,232003903#0,1
580.0,238526531#0,25
580.0,244450512#1,2
580.0,244450512#5,3
580.0,263217604#0,1
580.0,288878926#0,1
580.0,300077497#0,16
580.0,300077497#6,1
580.0,303647015#0,4
580.0,30620492#0,18
580.0,30620492#1,5
580.0,484988951#0,5
580.0,49073272#4,1
580.0,49695736#0,1
580.0,506322842#0,17
580.0,506322844#0,5
580.0,506322846#2,2
580.0,506322851#2,6
580.0,506322853#0,19
580.0,51362429#0,17
580.0,51362430,7
580.0,593849711#2,23
580.0,594658760#0,1
580.0,594658762#0,15
580.0,668037874,4
580.0,:3086736518_0,2
580.0,:3086736518_4,2
580.0,:3086736518_6,1
580.0,:3208478128_0,1
580.0,:619136999_2,1
580.0,:655375232_2,1
580.0,:655375232_6,3
580.0,:655375232_8,3
580.0,:655375233_0,2
580.0,:655375233_4,6
580.0,:655375233_8,6
580.0,:655375238_0,1
580.0,:655375239_3,1
580.0,:cluster11510670762_4554226152_0,2
580.0,:cluster3086736522_655375108_655375247_655375401_#1more_11,2
580.0,:cluster_2528018119_655375236_29,1
580.0,E1,1
600.0,-300077497#5,27
600.0,-300077497#8,4
600.0,-35274074#2,12
600.0,-360018417,5
600.0,-51362430,19
600.0,-593847703#3,36
600.0,-594658757#2,5
600.0,-E0,19
600.0,1068234498#0,38
600.0,1068234499#0,6
600.0,1068440001,6
600.0,1068440004#1,32
600.0,1239087514,1
600.0,1334904386#0,2
600.0,1334905223#0,2
600.0,182334378#0,21
600.0,196961377#0,20
600.0,232003903#0,1
600.0,238526531#0,25
600.0,244450512#1,2
600.0,260881642#0,3
600.0,300077497#0,9
600.0,303647015#0,6
600.0,30620492#0,18
600.0,30620492#1,5
600.0,35274074#0,3
600.0,484988951#0,5
600.0,49695736#0,1
600.0,506322842#0,17
600.0,506322844#0,5
600.0,506322846#0,3
600.0,506322846#2,2
600.0,506322851#2,6
600.0,506322853#0,19
600.0,51362429#0,17
600.0,51362430,9
600.0,593844221#0,2
600.0,593849711#2,23
600.0,594658757#0,1
600.0,594658760#0,1
600.0,594658762#0,10
600.0,668037874,4
600.0,:3086736518_0,2
600.0,:3086736518_4,2
600.0,:3086736518_6,1
600.0,:655375232_2,1
600.0,:655375232_6,3
600.0,:655375232_8,3
600.0,:655375233_0,2
600.0,:655375233_4,6
600.0,:655375233_8,6
600.0,:655375238_6,1
600.0,:cluster11510670762_4554226152_0,1
600.0,:cluster655375228_655375240_0,1
600.0,:cluster_2038168688_655375573_3,1
600.0,:cluster_3208478133_655375293_655375296_9631728504_#1more_16,2
600.0,:cluster_3208478133_655375293_655375296_9631728504_#1more_8,2
620.0,-300077497#5,27
620.0,-300077497#8,4
620.0,-35274074#2,11
620.0,-360018417,5
620.0,-51362430,17
620.0,-593847703#3,36
620.0,-594658757#2,5
620.0,-E0,19
620.0,1068234498#0,38
620.0,1068234499#0,6
620.0,1068440001,5
620.0,1068440004#1,32
620.0,1334904386#0,2
620.0,1334905223#0,2
620.0,182334378#0,23
620.0,186602412#0,4
620.0,196961377#0,26
620.0,232003903#0,1
620.0,238526531#0,25
620.0,244450512#1,2
620.0,260881642#0,3
620.0,300077497#0,5
620.0,300077497#6,5
620.0,30620492#0,18
620.0,30620492#1,5
620.0,484988951#0,5
620.0,49695736#0,1
620.0,506322840#0,1
620.0,506322842#0,17
620.0,506322844#0,5
620.0,506322846#0,3
620.0,506322846#2,2
620.0,506322851#2,6
620.0,506322853#0,19
620.0,51362429#0,17
620.0,51362430,11
620.0,593844221#0,2
620.0,593849711#2,23
620.0,594658757#0,1
620.0,594658760#0,1
620.0,594658762#0,1
620.0,668037874,4
620.0,:1973482489_8,1
620.0,:3086736518_0,2
620.0,:3086736518_4,2
620.0,:3086736518_6,1
620.0,:655375232_2,1
620.0,:655375232_6,3
620.0,:655375232_8,3
620.0,:655375233_0,2
620.0,:655375233_4,6
620.0,:655375233_8,6
620.0,:cluster11510670762_4554226152_0,1
620.0,:cluster655375228_655375240_0,2
620.0,:cluster_2664674491_655375287_655375288_5,1
620.0,:cluster_3208478133_655375293_655375296_9631728504_#1more_16,1
620.0,:cluster_3208478133_655375293_655375296_9631728504_#1more_8,5
640.0,-300077497#5,27
640.0,-300077497#8,4
640.0,-35274074#2,12
640.0,-360018417,1
640.0,-51362430,16
640.0,-593847703#3,36
640.0,-594658757#2,5
640.0,-E0,19
640.0,1068234498#0,38
640.0,1068234499#0,5
640.0,1068440001,5
640.0,1068440004#1,32
640.0,182334378#0,21
640.0,186602412#0,2
640.0,196961377#0,27
640.0,232003903#0,1
640.0,238526531#0,24
640.0,244450512#1,3
640.0,260881642#0,3
640.0,300077497#0,6
640.0,300077497#6,5
640.0,303647015#0,2
640.0,30620492#0,18
640.0,30620492#1,5
640.0,484988951#0,5
640.0,49073272#4,3
640.0,49695736#0,6
640.0,506322842#0,15
640.0,506322844#0,5
640.0,506322846#2,2
640.0,506322851#2,6
640.0,506322853#0,19
640.0,51362429#0,17
640.0,51362430,11
640.0,593849711#2,23
640.0,594658757#0,1
640.0,594658760#0,1
640.0,668037874,4
640.0,:3086736518_0,2
640.0,:3086736518_4,2
640.0,:3086736518_6,1
640.0,:3208478121_0,1
640.0,:655375232_2,1
640.0,:655375232_6,3
640.0,:655375232_8,3
640.0,:655375233_0,2
640.0,:655375233_4,6
640.0,:655375233_8,6
640.0,:656132414_2,1
640.0,:cluster11510670762_4554226152_0,1
640.0,:cluster655375336_end_0_655375336_end_1_655375336_end_10_655375336_end_11_#8more_10,2
640.0,:cluster655375336_end_0_655375336_end_1_655375336_end_10_655375336_end_11_#8more_25,1
640.0,:cluster_2038168688_655375573_25,1
640.0,:cluster_2038168688_655375573_30,1
640.0,:cluster_2528018119_655375236_20,1
640.0,:cluster_3208478133_655375293_655375296_9631728504_#1more_16,1
640.0,:cluster_3208478133_655375293_655375296_9631728504_#1more_8,2
660.0,-300077497#5,27
660.0,-300077497#8,4
660.0,-35274074#2,12
660.0,-51362430,13
660.0,-593847703#3,36
660.0,-594658757#2,5
660.0,-E0,19
660.0,1068234498#0,38
660.0,1068234499#0,5
660.0,1068440001,4
660.0,1068440004#1,32
660.0,1334904386#0,2
660.0,182334378#0,18
660.0,196961377#0,27
660.0,232003903#0,1
660.0,238526531#0,24
660.0,244450512#1,3
660.0,260881642#0,3
660.0,300077497#0,13
660.0,300077497#6,5
660.0,30620492#0,18
660.0,30620492#1,5
660.0,484988951#0,5
660.0,49695736#0,5
660.0,506322842#0,15
660.0,506322844#0,5
660.0,506322846#2,3
660.0,506322851#2,6
660.0,506322853#0,19
660.0,51362429#0,17
660.0,51362430,12
660.0,593849711#2,23
660.0,594658757#0,1
660.0,594658760#0,1
660.0,668037874,4
660.0,:3086736518_0,2
660.0,:3086736518_4,2
660.0,:3086736518_6,1
660.0,:655375232_2,1
660.0,:655375232_6,3
660.0,:655375232_8,3
660.0,:655375233_0,2
660.0,:655375233_4,6
660.0,:655375233_8,6
660.0,:656132414_2,1
660.0,:cluster11510670762_4554226152_0,2
660.0,:cluster3086736522_655375108_655375247_655375401_#1more_11,1
660.0,:cluster655375336_end_0_655375336_end_1_655375336_end_10_655375336_end_11_#8more_10,1
660.0,:cluster655375336_end_0_655375336_end_1_655375336_end_10_655375336_end_11_#8more_12,1
660.0,:cluster655375336_end_0_655375336_end_1_655375336_end_10_655375336_end_11_#8more_25,2
660.0,:cluster_2038168688_655375573_25,1
660.0,:cluster_2038168688_655375573_30,1
660.0,:cluster_3208478133_655375293_655375296_9631728504_#1more_8,1
680.0,-300077497#5,27
680.0,-300077497#8,4
680.0,-35274074#2,12
680.0,-360018417,5
680.0,-51362430,13
680.0,-593847703#3,36
680.0,-594658757#2,2
680.0,-E0,19
680.0,1068234498#0,38
680.0,1068234499#0,5
680.0,1068440001,9
680.0,1068440004#1,32
680.0,1068440006#0,2
680.0,1334904386#0,3
680.0,182334378#0,17
680.0,196961377#0,21
680.0,238526531#0,24
680.0,244450512#1,3
680.0,300077497#0,9
680.0,300077497#6,1
680.0,303647015#0,6
680.0,30620492#0,18
680.0,30620492#1,5
680.0,484988951#0,5
680.0,49073226#2,1
680.0,49073272#4,2
680.0,49695736#0,5
680.0,506322842#0,15
680.0,506322844#0,5
680.0,506322846#2,2
680.0,506322851#2,6
680.0,506322853#0,18
680.0,51362429#0,17
680.0,51362430,13
680.0,593849711#2,21
680.0,594658757#0,1
680.0,594658760#0,1
680.0,668037874,4
680.0,:3086736518_0,2
680.0,:3086736518_4,2
680.0,:3086736518_6,1
680.0,:655375232_2,1
680.0,:655375232_6,3
680.0,:655375233_0,2
680.0,:655375233_4,6
680.0,:655375233_8,6
680.0,:655375238_1,1
680.0,:655375239_3,1
680.0,:cluster11510670762_4554226152_0,2
680.0,:cluster_2038168688_655375573_25,1
680.0,:cluster_2038168688_655375573_30,1
680.0,:cluster_3431431575_4777363357_655375231_6982059025_3,2
680.0,E1,1
700.0,-300077497#5,27
700.0,-300077497#8,4
700.0,-35274074#2,12
700.0,-360018417,5
700.0,-51362430,18
700.0,-593847701,1
700.0,-593847703#3,34
700.0,-594658757#2,3
700.0,-E0,19
700.0,1068234498#0,36
700.0,1068234499#0,5
700.0,1068440001,9
700.0,1068440004#1,32
700.0,1334904386#0,3
700.0,182334378#0,17
700.0,196961377#0,23
700.0,238526531#0,26
700.0,244450512#1,3
700.0,300077497#0,1
700.0,30620492#0,18
700.0,30620492#1,5
700.0,35274074#0,4
700.0,484988951#0,5
700.0,49073226#2,3
700.0,49695736#0,5
700.0,506322842#0,15
700.0,506322844#0,5
700.0,506322846#2,2
700.0,506322851#2,6
700.0,506322853#0,18
700.0,51362429#0,17
700.0,51362430,15
700.0,593849711#2,20
700.0,594658757#0,1
700.0,594658760#0,1
700.0,668037874,3
700.0,:3086736518_0,2
700.0,:3086736518_3,1
700.0,:3086736518_4,2
700.0,:3086736518_6,1
700.0,:655375232_2,1
700.0,:655375232_6,4
700.0,:655375232_8,1
700.0,:655375233_0,2
700.0,:655375233_4,5
700.0,:655375233_8,6
700.0,:655375238_1,1
700.0,:cluster11510670762_4554226152_0,2
700.0,:cluster619136880_619136881_cluster_4510442270_5296993511_5296993513_619136931_#1more_12,1
700.0,:cluster619136880_619136881_cluster_4510442270_5296993511_5296993513_619136931_#1more_8,1
700.0,:cluster655375336_end_0_655375336_end_1_655375336_end_10_655375336_end_11_#8more_12,1
700.0,:cluster655375336_end_0_655375336_end_1_655375336_end_10_655375336_end_11_#8more_40,1
700.0,:cluster_2038168688_655375573_25,1
700.0,:cluster_2038168688_655375573_3,2
700.0,:cluster_2038168688_655375573_30,1
700.0,:cluster_2038168688_655375573_6,2
720.0,-300077497#5,27
720.0,-300077497#8,4
720.0,-35274074#2,11
720.0,-360018417,5
720.0,-51362430,19
720.0,-593847701,1
720.0,-593847703#3,33
720.0,-594658757#2,8
720.0,-E0,19
720.0,1068234498#0,36
720.0,1068234499#0,5
720.0,1068440001,9
720.0,1068440004#1,32
720.0,1334904386#0,7
720.0,182334378#0,11
720.0,196961377#0,27
720.0,238526531#0,26
720.0,244450512#1,3
720.0,300077497#6,2
720.0,30620492#0,18
720.0,30620492#1,5
720.0,35274074#0,6
720.0,484988951#0,5
720.0,49073226#2,3
720.0,49695736#0,5
720.0,506322842#0,15
720.0,506322844#0,5
720.0,506322846#2,3
720.0,506322851#2,5
720.0,506322853#0,19
720.0,51362429#0,17
720.0,51362430,15
720.0,593847702#0,6
720.0,593847703#0,2
720.0,593849711#2,20
720.0,594658757#0,1
720.0,594658760#0,1
720.0,668037874,4
720.0,:3086736518_0,2
720.0,:3086736518_3,1
720.0,:3086736518_4,2
720.0,:3086736518_6,1
720.0,:655375232_2,1
720.0,:655375232_6,4
720.0,:655375232_8,1
720.0,:655375233_2,1
720.0,:655375233_4,5
720.0,:cluster11510670762_4554226152_0,2
720.0,:cluster655375336_end_0_655375336_end_1_655375336_end_10_655375336_end_11_#8more_12,2
720.0,:cluster_2038168688_655375573_3,2
720.0,:cluster_2038168688_655375573_30,1
720.0,:cluster_2038168688_655375573_6,2
740.0,-300077497#5,27
740.0,-300077497#8,4
740.0,-35274074#2,12
740.0,-51362430,19
740.0,-593847701,1
740.0,-593847703#3,33
740.0,-594658757#2,13
740.0,-E0,19
740.0,1068234498#0,36
740.0,1068234499#0,5
740.0,1068440001,9
740.0,1068440004#1,32
740.0,1334904386#0,3
740.0,182334378#0,7
740.0,186602412#0,1
740.0,196961377#0,28
740.0,238526531#0,25
740.0,244450512#1,3
740.0,300077497#0,4
740.0,300077497#6,2
740.0,303647015#0,7
740.0,30620492#0,18
740.0,30620492#1,5
740.0,35274074#0,6
740.0,484988951#0,5
740.0,49073226#2,3
740.0,49073272#4,4
740.0,49695736#0,1
740.0,506322842#0,15
740.0,506322844#0,5
740.0,506322846#0,1
740.0,506322846#2,2
740.0,506322851#2,5
740.0,506322853#0,19
740.0,51362429#0,17
740.0,51362430,15
740.0,593847703#0,2
740.0,593849711#2,20
740.0,593849718#0,4
740.0,594658757#0,1
740.0,668037874,4
740.0,:3086736518_0,2
740.0,:3086736518_3,1
740.0,:3086736518_4,2
740.0,:3086736518_6,1
740.0,:655375232_2,1
740.0,:655375232_6,4
740.0,:655375232_8,1
740.0,:655375233_2,1
740.0,:655375233_4,5
740.0,:655375233_8,1
740.0,:cluster11510670762_4554226152_0,2
740.0,:cluster655375336_end_0_655375336_end_1_655375336_end_10_655375336_end_11_#8more_12,1
740.0,:cluster655375336_end_0_655375336_end_1_655375336_end_10_655375336_end_11_#8more_40,1
740.0,:cluster_2038168688_655375573_30,1
740.0,:cluster_2038168688_655375573_6,2
760.0,-300077497#5,27
760.0,-300077497#8,4
760.0,-35274074#2,12
760.0,-360018417,2
760.0,-51362430,19
760.0,-593847701,1
760.0,-593847703#3,33
760.0,-594658757#2,9
760.0,-E0,19
760.0,1068234498#0,36
760.0,1068234499#0,4
760.0,1068440001,9
760.0,1068440004#1,33
760.0,1068440006#0,2
760.0,1334904386#0,5
760.0,182334378#0,13
760.0,196961377#0,23
760.0,196961377#3,1
760.0,238526531#0,25
760.0,244450512#1,3
760.0,303647015#0,4
760.0,30620492#0,18
760.0,30620492#1,5
760.0,35274074#0,10
760.0,484988951#0,5
760.0,49073226#2,3
760.0,49073272#4,1
760.0,49695736#0,1
760.0,506322842#0,15
760.0,506322844#0,5
760.0,506322846#2,2
760.0,506322851#2,5
760.0,506322853#0,19
760.0,51362429#0,13
760.0,51362430,15
760.0,593847703#0,5
760.0,593849711#2,21
760.0,593849718#0,2
760.0,594658757#0,1
760.0,668037874,4
760.0,:3086736518_0,1
760.0,:3086736518_3,1
760.0,:3086736518_4,2
760.0,:619136999_2,1
760.0,:655375232_2,2
760.0,:655375232_6,2
760.0,:655375232_8,1
760.0,:655375233_0,1
760.0,:655375233_2,1
760.0,:655375233_4,5
760.0,:655375233_8,1
760.0,:cluster11510670762_4554226152_0,2
760.0,:cluster3086736522_655375108_655375247_655375401_#1more_11,2
760.0,:cluster_2038168688_655375573_30,1
760.0,:cluster_2038168688_655375573_6,2
760.0,:cluster_2528018119_655375236_28,1
780.0,-300077497#5,27
780.0,-300077497#8,4
780.0,-35274074#2,12
780.0,-360018417,5
780.0,-51362430,19
780.0,-593847701,1
780.0,-593847703#3,34
780.0,-594658757#2,6
780.0,-E0,19
780.0,1068234498#0,36
780.0,1068234499#0,4
780.0,1068440001,4
780.0,1068440004#1,33
780.0,1068440006#0,2
780.0,1334904386#0,5
780.0,182334378#0,16
780.0,196961377#0,20
780.0,232003903#0,2
780.0,238526531#0,25
780.0,244450512#1,2
780.0,260881642#0,3
780.0,300077497#0,7
780.0,303647015#0,5
780.0,30620492#0,18
780.0,30620492#1,5
780.0,35274074#0,4
780.0,484988951#0,3
780.0,49073226#2,5
780.0,49695736#0,1
780.0,506322842#0,15
780.0,506322844#0,5
780.0,506322846#0,4
780.0,506322846#2,2
780.0,506322851#2,5
780.0,506322853#0,19
780.0,51362429#0,12
780.0,51362430,13
780.0,593844221#0,1
780.0,593847703#0,3
780.0,593847705,1
780.0,593849711#2,21
780.0,594658757#0,1
780.0,668037874,3
780.0,:3086736518_0,1
780.0,:3086736518_3,1
780.0,:3086736518_4,2
780.0,:655375233_0,1
780.0,:655375233_2,1
780.0,:655375233_4,5
780.0,:655375233_8,1
780.0,:cluster11510670762_4554226152_0,1
780.0,:cluster619136880_619136881_cluster_4510442270_5296993511_5296993513_619136931_#1more_8,1
780.0,:cluster622618015_622618108_622618112_622618144_#2more_49,1
780.0,:cluster_2038168688_655375573_3,2
780.0,:cluster_2038168688_655375573_30,1
780.0,:cluster_2038168688_655375573_6,2
780.0,:cluster_2664674491_655375287_655375288_5,1
780.0,:cluster_3208478133_655375293_655375296_9631728504_#1more_8,5
780.0,:cluster_3431431575_4777363357_655375231_6982059025_7,1
800.0,-300077497#5,26
800.0,-300077497#8,4
800.0,-35274074#2,12
800.0,-360018417,5
800.0,-51362429#1,2
800.0,-51362430,15
800.0,-593847703#3,33
800.0,-594658757#2,6
800.0,-E0,19
800.0,1068234498#0,36
800.0,1068234499#0,4
800.0,1068440001,7
800.0,1068440004#1,33
800.0,1068440006#0,5
800.0,1334904386#0,5
800.0,182334378#0,24
800.0,186602412#0,4
800.0,196961377#0,26
800.0,232003903#0,2
800.0,238526531#0,25
800.0,244450512#1,2
800.0,260881642#0,3
800.0,288878926#0,2
800.0,300077497#0,4
800.0,30620492#0,18
800.0,30620492#1,5
800.0,35274074#0,3
800.0,484988951#0,3
800.0,49073226#2,10
800.0,49695736#0,1
800.0,506322842#0,15
800.0,506322844#0,5
800.0,506322846#0,5
800.0,506322846#2,2
800.0,506322851#2,5
800.0,506322853#0,19
800.0,51362429#0,13
800.0,51362430,5
800.0,593844221#0,1
800.0,593847705,1
800.0,593849711#2,16
800.0,594658757#0,1
800.0,668037874,5
800.0,:1973482489_8,1
800.0,:3086736518_0,1
800.0,:3086736518_3,1
800.0,:3086736518_4,1
800.0,:3086736518_7,1
800.0,:655375232_8,2
800.0,:655375233_2,1
800.0,:655375233_4,5
800.0,:655375233_8,1
800.0,:655375238_1,1
800.0,:656132414_2,1
800.0,:cluster11510670762_4554226152_0,1
800.0,:cluster_2038168688_655375573_3,2
800.0,:cluster_2038168688_655375573_30,1
800.0,:cluster_2038168688_655375573_6,2
800.0,:cluster_2664674491_655375287_655375288_5,1
800.0,:cluster_3208478133_655375293_655375296_9631728504_#1more_8,5
800.0,:cluster_3431431575_4777363357_655375231_6982059025_7,1
800.0,:cluster_623980147_623980152_4,1
820.0,-300077497#5,26
820.0,-300077497#8,4
820.0,-35274074#2,12
820.0,-360018417,1
820.0,-51362429#1,5
820.0,-51362430,16
820.0,-593847703#3,32
820.0,-594658757#2,6
820.0,-E0,19
820.0,1068234498#0,36
820.0,1068234499#0,4
820.0,1068440001,10
820.0,1068440004#1,31
820.0,1068440006#0,5
820.0,182334378#0,22
820.0,186602412#0,5
820.0,196961377#0,27
820.0,232003903#0,2
820.0,238526531#0,25
820.0,244450512#1,2
820.0,260881642#0,3
820.0,288878926#0,9
820.0,303647015#0,5
820.0,30620492#0,17
820.0,30620492#1,5
820.0,35274074#0,5
820.0,484988951#0,4
820.0,49073226#2,4
820.0,49073272#4,3
820.0,49695736#0,1
820.0,506322842#0,15
820.0,506322844#0,5
820.0,506322846#0,3
820.0,506322846#2,3
820.0,506322851#2,5
820.0,506322853#0,19
820.0,51362429#0,13
820.0,51362430,3
820.0,593847702#0,3
820.0,593847704#0,4
820.0,593847705,1
820.0,593849711#2,17
820.0,594658757#0,1
820.0,668037874,4
820.0,:1973482489_3,1
820.0,:3086736518_0,1
820.0,:3208478121_0,1
820.0,:655375233_8,2
820.0,:cluster11510670762_4554226152_0,1
820.0,:cluster619136880_619136881_cluster_4510442270_5296993511_5296993513_619136931_#1more_12,1
820.0,:cluster655375336_end_0_655375336_end_1_655375336_end_10_655375336_end_11_#8more_10,1
820.0,:cluster655375336_end_0_655375336_end_1_655375336_end_10_655375336_end_11_#8more_12,1
820.0,:cluster655375336_end_0_655375336_end_1_655375336_end_10_655375336_end_11_#8more_25,2
820.0,:cluster_2038168688_655375573_30,1
820.0,:cluster_2038168688_655375573_6,2
820.0,:cluster_2664674491_655375287_655375288_5,1
820.0,:cluster_3208478133_655375293_655375296_9631728504_#1more_8,4
820.0,:cluster_3431431575_4777363357_655375231_6982059025_3,3
820.0,:cluster_3431431575_4777363357_655375231_6982059025_7,1
820.0,:cluster_623980147_623980152_4,1
840.0,-300077497#5,27
840.0,-300077497#8,4
840.0,-35274074#2,11
840.0,-51362429#1,1
840.0,-51362430,17
840.0,-593847703#3,34
840.0,-594658757#2,5
840.0,-E0,19
840.0,1068234498#0,36
840.0,1068234499#0,4
840.0,1068440001,5
840.0,1068440004#1,23
840.0,1068440006#0,5
840.0,182334378#0,22
840.0,186602412#0,2
840.0,196961377#0,27
840.0,232003903#0,2
840.0,238526531#0,25
840.0,244450512#1,3
840.0,260881642#0,2
840.0,288878926#0,15
840.0,300077497#0,4
840.0,30620492#0,18
840.0,30620492#1,5
840.0,35274074#0,5
840.0,484988951#0,3
840.0,49073226#2,8
840.0,49073272#3,1
840.0,49695736#0,4
840.0,506322842#0,15
840.0,506322844#0,5
840.0,506322846#2,2
840.0,506322851#2,5
840.0,506322853#0,19
840.0,51362429#0,15
840.0,593844221#0,1
840.0,593847702#0,11
840.0,593847704#0,2
840.0,593847705,1
840.0,593849711#2,19
840.0,594658757#0,1
840.0,668037874,4
840.0,:3086736518_0,1
840.0,:655375238_2,1
840.0,:656132414_2,1
840.0,:cluster11510670762_4554226152_0,2
840.0,:cluster3086736522_655375108_655375247_655375401_#1more_11,1
840.0,:cluster619136880_619136881_cluster_4510442270_5296993511_5296993513_619136931_#1more_12,1
840.0,:cluster622618015_622618108_622618112_622618144_#2more_39,2
840.0,:cluster655375336_end_0_655375336_end_1_655375336_end_10_655375336_end_11_#8more_12,1
840.0,:cluster655375336_end_0_655375336_end_1_655375336_end_10_655375336_end_11_#8more_25,1
840.0,:cluster655375336_end_0_655375336_end_1_655375336_end_10_655375336_end_11_#8more_40,1
840.0,:cluster_2038168688_655375573_30,1
840.0,:cluster_2038168688_655375573_6,2
840.0,:cluster_2528018119_655375236_20,1
840.0,:cluster_3431431575_4777363357_655375231_6982059025_3,3
840.0,:cluster_3431431575_4777363357_655375231_6982059025_7,1
860.0,-300077497#5,27
860.0,-300077497#8,4
860.0,-35274074#2,12
860.0,-360018417,5
860.0,-51362429#1,1
860.0,-51362430,16
860.0,-593847703#3,34
860.0,-594658757#2,2
860.0,-E0,19
860.0,1068234498#0,35
860.0,1068234499#0,4
860.0,1068440001,8
860.0,1068440004#1,31
860.0,1068440006#0,5
860.0,1334904386#0,2
860.0,182334378#0,18
860.0,182334379#0,1
860.0,196961377#0,20
860.0,238526531#0,25
860.0,244450512#1,3
860.0,288878926#0,15
860.0,300077497#0,3
860.0,303647015#0,4
860.0,30620492#0,18
860.0,30620492#1,5
860.0,35274074#0,5
860.0,360018417,1
860.0,484988951#0,3
860.0,49073226#2,10
860.0,49073272#4,2
860.0,49695736#0,2
860.0,506322842#0,15
860.0,506322844#0,5
860.0,506322846#0,3
860.0,506322846#2,2
860.0,506322851#2,5
860.0,506322853#0,19
860.0,51362429#0,16
860.0,51362430,2
860.0,593847702#0,11
860.0,593847705,1
860.0,593849711#2,19
860.0,594658757#0,1
860.0,668037874,4
860.0,:3086736518_0,1
860.0,:655375238_1,1
860.0,:655375238_2,1
860.0,:cluster11510670762_4554226152_0,2
860.0,:cluster619136880_619136881_cluster_4510442270_5296993511_5296993513_619136931_#1more_12,1
860.0,:cluster655375336_end_0_655375336_end_1_655375336_end_10_655375336_end_11_#8more_12,1
860.0,:cluster655375336_end_0_655375336_end_1_655375336_end_10_655375336_end_11_#8more_40,2
860.0,:cluster_2038168688_655375573_23,1
860.0,:cluster_2038168688_655375573_25,1
860.0,:cluster_2038168688_655375573_3,1
860.0,:cluster_2038168688_655375573_6,1
860.0,:cluster_3431431575_4777363357_655375231_6982059025_3,2
860.0,:cluster_3431431575_4777363357_655375231_6982059025_5,1
880.0,-300077497#5,27
880.0,-300077497#8,4
880.0,-35274074#2,12
880.0,-360018417,5
880.0,-51362429#1,1
880.0,-51362430,16
880.0,-593847703#3,34
880.0,-594658757#2,3
880.0,-E0,19
880.0,1068234498#0,33
880.0,1068234499#0,4
880.0,1068440001,10
880.0,1068440004#1,33
880.0,1068440006#0,3
880.0,1239087514,1
880.0,1334904386#0,4
880.0,182334378#0,18
880.0,186602412#0,4
880.0,196961377#0,23
880.0,196961377#3,1
880.0,238526531#0,28
880.0,244450512#1,3
880.0,288878926#0,7
880.0,30620492#0,18
880.0,30620492#1,5
880.0,484988951#0,3
880.0,49073226#2,10
880.0,49695736#0,2
880.0,506322842#0,15
880.0,506322844#0,5
880.0,506322846#0,8
880.0,506322846#2,2
880.0,506322851#2,5
880.0,506322853#0,19
880.0,51362429#0,9
880.0,593847702#0,11
880.0,593847703#0,7
880.0,593847705,1
880.0,593849711#0,1
880.0,593849711#2,21
880.0,593849718#0,2
880.0,594658757#0,1
880.0,668037874,3
880.0,:1973482489_3,1
880.0,:655375233_0,2
880.0,:655375238_2,1
880.0,:cluster11510670762_4554226152_0,2
880.0,:cluster11510670762_4554226152_1,1
880.0,:cluster619136880_619136881_cluster_4510442270_5296993511_5296993513_619136931_#1more_12,1
880.0,:cluster619136880_619136881_cluster_4510442270_5296993511_5296993513_619136931_#1more_8,1
880.0,:cluster622618015_622618108_622618112_622618144_#2more_0,1
880.0,:cluster_2038168688_655375573_23,1
880.0,:cluster_2038168688_655375573_25,1
880.0,:cluster_3431431575_4777363357_655375231_6982059025_3,2
880.0,:cluster_3431431575_4777363357_655375231_6982059025_5,1
900.0,-300077497#5,27
900.0,-300077497#8,4
900.0,-35274074#2,12
900.0,-360018417,5
900.0,-51362429#1,1
900.0,-51362430,19
900.0,-593847703#3,32
900.0,-594658757#2,7
900.0,-E0,19
900.0,1068234498#0,32
900.0,1068234499#0,4
900.0,1068440001,10
900.0,1068440004#1,33
900.0,1068440006#0,9
900.0,1334904386#0,5
900.0,182334378#0,13
900.0,186602412#0,5
900.0,196961377#0,27
900.0,238526531#0,29
900.0,244450512#1,3
900.0,288878926#0,5
900.0,300077497#0,4
900.0,30620492#0,18
900.0,30620492#1,5
900.0,484988951#0,5
900.0,49073226#2,10
900.0,49695736#0,2
900.0,506322842#0,15
900.0,506322844#0,5
900.0,506322846#0,3
900.0,506322846#2,2
900.0,506322851#2,5
900.0,506322853#0,19
900.0,51362429#0,11
900.0,51362430,1
900.0,593847702#0,11
900.0,593847703#0,5
900.0,593847705,2
900.0,593849711#2,14
900.0,594658757#0,1
900.0,668037874,4
900.0,:655375232_6,1
900.0,:655375233_4,2
900.0,:655375238_2,1
900.0,:cluster11510670762_4554226152_0,2
900.0,:cluster655375336_end_0_655375336_end_1_655375336_end_10_655375336_end_11_#8more_12,2
900.0,:cluster_2038168688_655375573_25,1
900.0,:cluster_3431431575_4777363357_655375231_6982059025_3,2
920.0,-1334905223#2,1
920.0,-300077497#5,27
920.0,-300077497#8,4
920.0,-35274074#2,12
920.0,-51362429#1,5
920.0,-51362430,19
920.0,-593847703#3,28
920.0,-594658757#2,14
920.0,-E0,19
920.0,1068234498#0,32
920.0,1068234499#0,4
920.0,1068440001,10
920.0,1068440004#1,33
920.0,1068440006#0,10
920.0,1334904386#0,2
920.0,182334378#0,5
920.0,186602412#0,1
920.0,196961377#0,27
920.0,238526531#0,26
920.0,244450512#1,3
920.0,288878926#0,5
920.0,300077497#0,2
920.0,303647015#0,3
920.0,30620492#0,18
920.0,30620492#1,5
920.0,35274074#0,4
920.0,484988951#0,4
920.0,49073226#2,10
920.0,49073272#4,4
920.0,506322842#0,15
920.0,506322844#0,5
920.0,506322846#2,2
920.0,506322847#0,1
920.0,506322851#2,5
920.0,506322853#0,19
920.0,51362429#0,15
920.0,593847702#0,2
920.0,593847703#0,5
920.0,593847705,2
920.0,593849711#2,16
920.0,593849718#0,6
920.0,668037874,4
920.0,:655375238_2,1
920.0,:655375241_0,1
920.0,:cluster11510670762_4554226152_0,2
920.0,:cluster3086736522_655375108_655375247_655375401_#1more_8,1
920.0,:cluster655375336_end_0_655375336_end_1_655375336_end_10_655375336_end_11_#8more_12,1
920.0,:cluster655375336_end_0_655375336_end_1_655375336_end_10_655375336_end_11_#8more_40,1
920.0,:cluster_2038168688_655375573_25,1
920.0,:cluster_3431431575_4777363357_655375231_6982059025_3,2
940.0,-300077497#5,27
940.0,-300077497#8,4
940.0,-35274074#2,12
940.0,-360018417,2
940.0,-506322847#4,1
940.0,-51362429#1,5
940.0,-51362430,19
940.0,-593847703#3,28
940.0,-594658757#2,11
940.0,-E0,19
940.0,1068234498#0,34
940.0,1068234499#0,4
940.0,1068440001,10
940.0,1068440004#1,22
940.0,1068440006#0,10
940.0,1334904386#0,6
940.0,196961377#0,23
940.0,238526531#0,26
940.0,244450512#1,3
940.0,288878926#0,5
940.0,303647015#0,4
940.0,30620492#0,18
940.0,30620492#1,5
940.0,35274074#0,6
940.0,484988951#0,4
940.0,49073226#2,10
940.0,49073272#4,1
940.0,506322842#0,14
940.0,506322844#0,5
940.0,506322846#2,1
940.0,506322851#2,5
940.0,506322853#0,19
940.0,51362429#0,16
940.0,593847702#0,13
940.0,593847703#0,5
940.0,593847705,2
940.0,593849711#2,16
940.0,668037874,4
940.0,:619136999_2,1
940.0,:655375238_2,1
940.0,:cluster11510670762_4554226152_0,2
940.0,:cluster3086736522_655375108_655375247_655375401_#1more_11,2
940.0,:cluster_2038168688_655375573_25,1
940.0,:cluster_3431431575_4777363357_655375231_6982059025_3,2
960.0,-300077497#5,26
960.0,-300077497#8,4
960.0,-35274074#2,12
960.0,-360018417,5
960.0,-51362429#1,5
960.0,-51362430,19
960.0,-593847703#3,28
960.0,-594658757#2,6
960.0,-E0,19
960.0,1068234498#0,34
960.0,1068234499#0,4
960.0,1068440001,4
960.0,1068440004#1,29
960.0,1068440006#0,9
960.0,1334904386#0,6
960.0,196961377#0,20
960.0,232003903#0,1
960.0,238526531#0,26
960.0,244450512#1,3
960.0,260881642#0,3
960.0,288878926#0,3
960.0,300077497#0,5
960.0,303647015#0,5
960.0,30620492#0,18
960.0,30620492#1,5
960.0,484988951#0,4
960.0,49073226#2,10
960.0,49695736#0,3
960.0,506322842#0,15
960.0,506322844#0,5
960.0,506322846#0,6
960.0,506322851#2,5
960.0,506322853#0,19
960.0,51362429#0,17
960.0,593844221#0,2
960.0,593847702#0,13
960.0,593847705,2
960.0,593849711#0,1
960.0,593849711#2,16
960.0,668037874,4
960.0,:1973482489_3,1
960.0,:655375238_2,1
960.0,:cluster11510670762_4554226152_0,1
960.0,:cluster_2038168688_655375573_25,1
960.0,:cluster_2528018119_655375236_17,1
960.0,:cluster_3208478133_655375293_655375296_9631728504_#1more_8,2
960.0,:cluster_3431431575_4777363357_655375231_6982059025_3,2
980.0,-300077497#5,26
980.0,-300077497#8,4
980.0,-35274074#2,12
980.0,-360018417,5
980.0,-51362429#1,5
980.0,-51362430,12
980.0,-593847703#3,29
980.0,-594658757#2,6
980.0,-E0,19
980.0,1068234498#0,35
980.0,1068234499#0,4
980.0,1068440001,6
980.0,1068440004#1,33
980.0,1068440006#0,8
980.0,1334904386#0,6
980.0,186602412#0,5
980.0,196961377#0,25
980.0,232003903#0,2
980.0,238526531#0,26
980.0,244450512#1,2
980.0,260881642#0,3
980.0,30620492#0,18
980.0,30620492#1,5
980.0,35274074#0,2
980.0,484988951#0,3
980.0,49073226#2,10
980.0,49695736#0,3
980.0,506322842#0,21
980.0,506322844#0,5
980.0,506322846#0,2
980.0,506322851#2,5
980.0,506322853#0,18
980.0,51362429#0,9
980.0,593844221#0,3
980.0,593847701,1
980.0,593847702#0,13
980.0,593847703#0,6
980.0,593849711#2,18
980.0,668037874,4
980.0,:655375233_0,2
980.0,:655375238_2,1
980.0,:656132414_2,1
980.0,:cluster11510670762_4554226152_0,1
980.0,:cluster619136880_619136881_cluster_4510442270_5296993511_5296993513_619136931_#1more_12,1
980.0,:cluster_2038168688_655375573_25,1
980.0,:cluster_2038168688_655375573_3,1
980.0,:cluster_2664674491_655375287_655375288_5,1
980.0,:cluster_3208478133_655375293_655375296_9631728504_#1more_8,5
980.0,:cluster_3431431575_4777363357_655375231_6982059025_3,2
980.0,:cluster_3431431575_4777363357_655375231_6982059025_5,1
1000.0,-300077497#5,27
1000.0,-300077497#8,4
1000.0,-35274074#2,12
1000.0,-360018417,1
1000.0,-51362429#1,7
1000.0,-51362430,15
1000.0,-593847703#3,29
1000.0,-594658757#2,6
1000.0,-E0,19
1000.0,1068234498#0,37
1000.0,1068234499#0,4
1000.0,1068440001,9
1000.0,1068440004#1,33
1000.0,1068440006#0,11
1000.0,186602412#0,4
1000.0,196961377#0,27
1000.0,232003903#0,2
1000.0,238526531#0,26
1000.0,244450512#1,2
1000.0,260881642#0,3
1000.0,300077497#0,2
1000.0,303647015#0,4
1000.0,30620492#0,18
1000.0,30620492#1,5
1000.0,484988951#0,4
1000.0,49073226#2,10
1000.0,49073272#4,3
1000.0,506322842#0,17
1000.0,506322844#0,4
1000.0,506322846#0,5
1000.0,506322851#2,5
1000.0,506322853#0,18
1000.0,51362429#0,13
1000.0,593844221#0,3
1000.0,593847702#0,5
1000.0,593847703#0,5
1000.0,593847705,1
1000.0,593849711#2,12
1000.0,593849718#0,3
1000.0,668037874,5
1000.0,:3208478121_0,1
1000.0,:655375232_11,1
1000.0,:655375238_5,1
1000.0,:cluster11510670762_4554226152_0,1
1000.0,:cluster3086736522_655375108_655375247_655375401_#1more_8,2
1000.0,:cluster622618015_622618108_622618112_622618144_#2more_31,5
1000.0,:cluster_2038168688_655375573_25,1
1000.0,:cluster_2528018119_655375236_32,1
1000.0,:cluster_2664674491_655375287_655375288_5,1
1000.0,:cluster_3208478133_655375293_655375296_9631728504_#1more_8,5
1000.0,:cluster_3431431575_4777363357_655375231_6982059025_3,2
1020.0,-300077497#5,27
1020.0,-300077497#8,4
1020.0,-35274074#2,12
1020.0,-51362429#1,9
1020.0,-51362430,18
1020.0,-593847703#3,25
1020.0,-594658757#2,5
1020.0,-E0,19
1020.0,1068234498#0,37
1020.0,1068234499#0,4
1020.0,1068440001,8
1020.0,1068440004#1,33
1020.0,1068440006#0,11
1020.0,186602412#0,1
1020.0,196961377#0,27
1020.0,232003903#0,2
1020.0,238526531#0,26
1020.0,244450512#1,3
1020.0,260881642#0,3
1020.0,288135626#0,2
1020.0,300077497#0,2
1020.0,30620492#0,18
1020.0,30620492#1,5
1020.0,484988951#0,4
1020.0,49073226#2,10
1020.0,49695736#0,4
1020.0,506322842#0,13
1020.0,506322844#0,5
1020.0,506322846#0,1
1020.0,506322851#0,2
1020.0,506322851#2,4
1020.0,506322853#0,19
1020.0,51362429#0,15
1020.0,593847702#0,1
1020.0,593847703#0,5
1020.0,593847704#0,1
1020.0,593847705,1
1020.0,593849711#2,15
1020.0,593849718#0,1
1020.0,668037874,5
1020.0,:655375233_4,1
1020.0,:655375238_1,1
1020.0,:655375238_5,1
1020.0,:cluster11510670762_4554226152_0,2
1020.0,:cluster3086736522_655375108_655375247_655375401_#1more_11,1
1020.0,:cluster655375336_end_0_655375336_end_1_655375336_end_10_655375336_end_11_#8more_25,3
1020.0,:cluster_2038168688_655375573_25,1
1020.0,:cluster_2528018119_655375236_32,1
1020.0,:cluster_3431431575_4777363357_655375231_6982059025_3,2
1020.0,:cluster_5372642442_631668976_631668981_631669076_33,1
1020.0,:cluster_5372642442_631668976_631668981_631669076_36,1
1020.0,:cluster_5372642442_631668976_631668981_631669076_47,1
1040.0,-300077497#5,27
1040.0,-300077497#8,4
1040.0,-35274074#2,12
1040.0,-360018417,5
1040.0,-51362429#1,9
1040.0,-51362430,19
1040.0,-593847703#3,25
1040.0,-E0,19
1040.0,1068234498#0,37
1040.0,1068234499#0,8
1040.0,1068440001,8
1040.0,1068440004#1,27
1040.0,1068440006#0,11
1040.0,196961377#0,20
1040.0,238526531#0,26
1040.0,244450512#1,3
1040.0,288135626#0,1
1040.0,288878926#0,4
1040.0,300077497#0,8
1040.0,303647015#0,6
1040.0,30620492#0,18
1040.0,30620492#1,5
1040.0,484988951#0,3
1040.0,49073226#2,5
1040.0,49073272#4,2
1040.0,49695736#0,4
1040.0,506322842#0,13
1040.0,506322844#0,5
1040.0,506322851#2,7
1040.0,506322853#0,19
1040.0,51362429#0,15
1040.0,51362430,2
1040.0,593847702#0,1
1040.0,593847703#0,1
1040.0,593847705,1
1040.0,593849711#2,15
1040.0,668037874,5
1040.0,:655375233_4,1
1040.0,:655375233_8,6
1040.0,:655375238_1,1
1040.0,:655375238_5,1
1040.0,:cluster11510670762_4554226152_0,2
1040.0,:cluster_2038168688_655375573_25,1
1040.0,:cluster_2528018119_655375236_3,2
1040.0,:cluster_3431431575_4777363357_655375231_6982059025_3,2
1040.0,:cluster_3431431575_4777363357_655375231_6982059025_5,1
1040.0,:cluster_623980147_623980152_4,1
1060.0,-300077497#5,27
1060.0,-300077497#8,4
1060.0,-35274074#2,12
1060.0,-360018417,5
1060.0,-51362429#1,2
1060.0,-51362430,18
1060.0,-593847703#3,25
1060.0,-593847704#2,1
1060.0,-E0,19
1060.0,1068234498#0,37
1060.0,1068234499#0,9
1060.0,1068440001,9
1060.0,1068440004#1,33
1060.0,1068440006#0,9
1060.0,196961377#0,21
1060.0,238526531#0,26
1060.0,244450512#1,3
1060.0,288878926#0,5
1060.0,300077497#0,11
1060.0,30620492#0,18
1060.0,30620492#1,5
1060.0,484988951#0,5
1060.0,49073226#2,5
1060.0,49695736#0,4
1060.0,506322842#0,13
1060.0,506322844#0,5
1060.0,506322851#2,7
1060.0,506322853#0,19
1060.0,51362429#0,16
1060.0,593847702#0,1
1060.0,593847704#0,1
1060.0,593847705,1
1060.0,593849711#0,2
1060.0,593849711#2,15
1060.0,668037874,4
1060.0,:655375233_4,1
1060.0,:655375233_8,6
1060.0,:655375238_1,1
1060.0,:655375238_5,1
1060.0,:cluster11510670762_4554226152_0,2
1060.0,:cluster619136880_619136881_cluster_4510442270_5296993511_5296993513_619136931_#1more_12,1
1060.0,:cluster619136880_619136881_cluster_4510442270_5296993511_5296993513_619136931_#1more_8,1
1060.0,:cluster655375336_end_0_655375336_end_1_655375336_end_10_655375336_end_11_#8more_31,1
1060.0,:cluster655375336_end_0_655375336_end_1_655375336_end_10_655375336_end_11_#8more_36,1
1060.0,:cluster_2038168688_655375573_25,1
1060.0,:cluster_3431431575_4777363357_655375231_6982059025_3,3
1080.0,-300077497#5,25
1080.0,-300077497#8,4
1080.0,-35274074#2,12
1080.0,-360018417,5
1080.0,-51362430,19
1080.0,-593847703#3,28
1080.0,-E0,17
1080.0,1068234498#0,37
1080.0,1068234499#0,8
1080.0,1068440001,9
1080.0,1068440004#1,34
1080.0,1068440006#0,8
1080.0,1334904386#0,1
1080.0,196961377#0,25
1080.0,238526531#0,26
1080.0,244450512#1,3
1080.0,288878926#0,9
1080.0,300077497#0,11
1080.0,30620492#0,18
1080.0,30620492#1,5
1080.0,484988951#0,4
1080.0,49073226#2,3
1080.0,49695736#0,4
1080.0,506322842#0,13
1080.0,506322844#0,5
1080.0,506322851#2,7
1080.0,506322853#0,19
1080.0,51362429#0,13
1080.0,51362430,2
1080.0,593847702#0,1
1080.0,593847704#0,2
1080.0,593849711#2,15
1080.0,668037874,4
1080.0,:3086736518_6,1
1080.0,:655375232_2,2
1080.0,:655375233_0,1
1080.0,:655375233_4,1
1080.0,:655375233_8,6
1080.0,:655375238_1,1
1080.0,:655375238_5,1
1080.0,:cluster11510670762_4554226152_0,2
1080.0,:cluster_2038168688_655375573_25,1
1080.0,:cluster_623980147_623980152_9,1
1100.0,-300077497#5,27
1100.0,-300077497#8,4
1100.0,-35274074#2,12
1100.0,-49073264#1,1
1100.0,-51362429#1,2
1100.0,-51362430,19
1100.0,-593847703#3,29
1100.0,-E0,18
1100.0,1068234498#0,37
1100.0,1068234499#0,7
1100.0,1068440001,9
1100.0,1068440004#1,34
1100.0,1068440006#0,8
1100.0,196961377#0,28
1100.0,238526531#0,26
1100.0,244450512#1,3
1100.0,244450512#4,1
1100.0,288878926#0,12
1100.0,300077497#0,15
1100.0,30620492#0,18
1100.0,30620492#1,5
1100.0,484988951#0,3
1100.0,49073226#2,1
1100.0,49073272#4,4
1100.0,506322842#0,13
1100.0,506322844#0,4
1100.0,506322851#2,7
1100.0,506322853#0,19
1100.0,51362429#0,12
1100.0,51362430,1
1100.0,593847704#0,2
1100.0,593849711#2,12
1100.0,668037874,4
1100.0,:3086736518_0,1
1100.0,:3086736518_6,1
1100.0,:655375232_11,1
1100.0,:655375232_2,1
1100.0,:655375233_0,2
1100.0,:655375233_4,1
1100.0,:655375233_8,6
1100.0,:655375238_6,1
1100.0,:cluster11510670762_4554226152_0,2
1100.0,:cluster619136880_619136881_cluster_4510442270_5296993511_5296993513_619136931_#1more_12,1
1100.0,:cluster_2038168688_655375573_25,1
1100.0,:cluster_3431431575_4777363357_655375231_6982059025_5,1
1120.0,-300077497#5,27
1120.0,-300077497#8,4
1120.0,-35274074#2,12
1120.0,-360018417,2
1120.0,-51362430,19
1120.0,-593847703#3,25
1120.0,-E0,18
1120.0,1068234498#0,37
1120.0,1068234499#0,7
1120.0,1068440001,9
1120.0,1068440004#1,34
1120.0,1068440006#0,8
1120.0,1239087514,1
1120.0,196961377#0,23
1120.0,196961377#3,1
1120.0,238526531#0,26
1120.0,244450512#1,3
1120.0,244450512#5,1
1120.0,288878926#0,12
1120.0,300077497#0,8
1120.0,30620492#0,17
1120.0,30620492#1,5
1120.0,35274074#0,8
1120.0,484988951#0,4
1120.0,49073226#2,5
1120.0,49073264#0,1
1120.0,506322842#0,13
1120.0,506322844#0,6
1120.0,506322851#2,7
1120.0,506322853#0,19
1120.0,51362429#0,17
1120.0,593847702#0,3
1120.0,593849711#2,14
1120.0,593849718#0,1
1120.0,668037874,4
1120.0,:3086736518_0,1
1120.0,:3086736518_6,1
1120.0,:3208478121_0,1
1120.0,:619136999_2,1
1120.0,:655375232_2,1
1120.0,:655375232_8,1
1120.0,:655375233_0,2
1120.0,:655375233_4,1
1120.0,:655375233_8,4
1120.0,:cluster11510670762_4554226152_0,2
1120.0,:cluster619136880_619136881_cluster_4510442270_5296993511_5296993513_619136931_#1more_12,1
1120.0,:cluster_2038168688_655375573_25,1
1120.0,:cluster_3431431575_4777363357_655375231_6982059025_3,2
1140.0,-300077497#5,27
1140.0,-300077497#8,4
1140.0,-35274074#2,11
1140.0,-360018417,5
1140.0,-49073264#1,1
1140.0,-51362429#1,1
1140.0,-51362430,17
1140.0,-593847703#3,25
1140.0,-E0,18
1140.0,1068234498#0,37
1140.0,1068234499#0,7
1140.0,1068440001,5
1140.0,1068440004#1,27
1140.0,1068440006#0,7
1140.0,182334378#0,1
1140.0,196961377#0,21
1140.0,232003903#0,1
1140.0,238526531#0,26
1140.0,244450512#1,2
1140.0,244450512#5,1
1140.0,260881642#0,3
1140.0,288878926#0,10
1140.0,30620492#0,18
1140.0,30620492#1,5
1140.0,35274074#0,4
1140.0,484988951#0,5
1140.0,49073226#2,7
1140.0,49073272#4,1
1140.0,506322842#0,13
1140.0,506322844#0,6
1140.0,506322846#0,8
1140.0,506322851#2,7
1140.0,506322853#0,19
1140.0,51362429#0,17
1140.0,593844221#0,1
1140.0,593847702#0,11
1140.0,593847703#0,2
1140.0,593847705,1
1140.0,593849711#0,1
1140.0,593849711#2,15
1140.0,668037874,4
1140.0,:3086736518_0,1
1140.0,:3086736518_4,1
1140.0,:3086736518_6,1
1140.0,:655375232_2,1
1140.0,:655375233_8,3
1140.0,:655375238_6,1
1140.0,:656132414_2,1
1140.0,:cluster11510670762_4554226152_0,1
1140.0,:cluster622618015_622618108_622618112_622618144_#2more_26,1
1140.0,:cluster_2038168688_655375573_23,1
1140.0,:cluster_2038168688_655375573_24,1
1140.0,:cluster_2038168688_655375573_25,1
1140.0,:cluster_2038168688_655375573_3,1
1140.0,:cluster_2664674491_655375287_655375288_5,1
1140.0,:cluster_3208478133_655375293_655375296_9631728504_#1more_8,5
1160.0,-300077497#5,26
1160.0,-300077497#8,4
1160.0,-35274074#2,12
1160.0,-360018417,5
1160.0,-49073264#1,1
1160.0,-51362429#1,1
1160.0,-51362430,16
1160.0,-593847703#3,25
1160.0,-E0,19
1160.0,1068234498#0,37
1160.0,1068234499#0,7
1160.0,1068440001,5
1160.0,1068440004#1,30
1160.0,1068440006#0,7
1160.0,186602412#0,5
1160.0,196961377#0,26
1160.0,232003903#0,2
1160.0,238526531#0,25
1160.0,244450512#1,2
1160.0,260881642#0,3
1160.0,288878926#0,4
1160.0,300077497#0,1
1160.0,30620492#0,18
1160.0,30620492#1,5
1160.0,484988951#0,5
1160.0,49073226#2,7
1160.0,49695736#0,2
1160.0,506322842#0,13
1160.0,506322844#0,6
1160.0,506322846#0,9
1160.0,506322851#2,7
1160.0,506322853#0,19
1160.0,51362429#0,17
1160.0,593844221#0,2
1160.0,593847702#0,15
1160.0,593847705,1
1160.0,593849711#2,15
1160.0,668037874,4
1160.0,:1973482489_3,1
1160.0,:3086736518_0,1
1160.0,:3086736518_4,1
1160.0,:3086736518_6,1
1160.0,:655375232_2,1
1160.0,:656132414_2,1
1160.0,:cluster11510670762_4554226152_0,1
1160.0,:cluster619136880_619136881_cluster_4510442270_5296993511_5296993513_619136931_#1more_12,1
1160.0,:cluster622618015_622618108_622618112_622618144_#2more_49,1
1160.0,:cluster_2528018119_655375236_17,1
1160.0,:cluster_2664674491_655375287_655375288_5,1
1160.0,:cluster_3208478133_655375293_655375296_9631728504_#1more_8,5
1180.0,-300077497#5,26
1180.0,-300077497#8,4
1180.0,-35274074#2,12
1180.0,-360018417,1
1180.0,-49073264#1,1
1180.0,-51362429#1,1
1180.0,-51362430,14
1180.0,-593847703#3,28
1180.0,-E0,19
1180.0,1068234498#0,37
1180.0,1068234499#0,5
1180.0,1068440001,10
1180.0,1068440004#1,33
1180.0,1068440006#0,7
1180.0,186602412#0,5
1180.0,196961377#0,27
1180.0,232003903#0,2
1180.0,238526531#0,25
1180.0,244450512#1,2
1180.0,260881642#0,2
1180.0,263217604#0,1
1180.0,288878926#0,4
1180.0,300077497#0,2
1180.0,30620492#0,18
1180.0,30620492#1,5
1180.0,35274074#0,1
1180.0,484988951#0,5
1180.0,49073226#2,7
1180.0,49073272#4,3
1180.0,506322842#0,13
1180.0,506322844#0,5
1180.0,506322846#0,3
1180.0,506322851#2,7
1180.0,506322853#0,19
1180.0,51362429#0,13
1180.0,593844221#0,2
1180.0,593847702#0,7
1180.0,593847703#0,2
1180.0,593849711#2,15
1180.0,593849718#0,4
1180.0,668037874,4
1180.0,:3086736518_0,1
1180.0,:3086736518_4,1
1180.0,:3086736518_6,1
1180.0,:3208478121_0,1
1180.0,:655375232_2,2
1180.0,:655375233_0,2
1180.0,:cluster11510670762_4554226152_0,1
1180.0,:cluster622618015_622618108_622618112_622618144_#2more_31,3
1180.0,:cluster622618015_622618108_622618112_622618144_#2more_35,1
1180.0,:cluster_2664674491_655375287_655375288_5,1
1180.0,:cluster_3208478133_655375293_655375296_9631728504_#1more_8,5
1200.0,-300077497#5,27
1200.0,-300077497#8,4
1200.0,-35274074#2,11
1200.0,-51362429#1,2
1200.0,-51362430,19
1200.0,-593847703#3,30
1200.0,-E0,19
1200.0,1068234498#0,35
1200.0,1068234499#0,3
1200.0,1068440001,10
1200.0,1068440004#1,33
1200.0,1068440006#0,7
1200.0,186602412#0,1
1200.0,196961215#2,1
1200.0,196961377#0,27
1200.0,232003903#0,2
1200.0,238526531#0,27
1200.0,244450512#1,3
1200.0,260881642#0,2
1200.0,263217604#0,1
1200.0,288878926#0,4
1200.0,30620492#0,18
1200.0,30620492#1,5
1200.0,35274074#0,3
1200.0,484988951#0,2
1200.0,49073226#2,7
1200.0,506322842#0,13
1200.0,506322844#0,5
1200.0,506322851#2,7
1200.0,506322853#0,19
1200.0,51362429#0,11
1200.0,593844221#0,2
1200.0,593847703#0,11
1200.0,593849711#2,14
1200.0,668037874,4
1200.0,:3086736518_0,1
1200.0,:3086736518_4,1
1200.0,:3086736518_6,1
1200.0,:655375232_6,1
1200.0,:655375238_2,1
1200.0,:cluster11510670762_4554226152_0,1
1200.0,:cluster622618015_622618108_622618112_622618144_#2more_17,1
1200.0,:cluster655375336_end_0_655375336_end_1_655375336_end_10_655375336_end_11_#8more_25,1
1200.0,:cluster_3208478133_655375293_655375296_9631728504_#1more_8,4
1200.0,:cluster_3431431575_4777363357_655375231_6982059025_5,1
1200.0,:cluster_3431431575_4777363357_655375231_6982059025_7,1
1220.0,-300077497#5,27
1220.0,-300077497#8,4
1220.0,-35274074#2,11
1220.0,-360018417,5
1220.0,-51362429#1,7
1220.0,-51362430,19
1220.0,-593847703#3,25
1220.0,-E0,19
1220.0,1068234498#0,35
1220.0,1068234499#0,3
1220.0,1068440001,9
1220.0,1068440004#1,33
1220.0,1068440006#0,8
1220.0,182334378#0,1
1220.0,196961215#2,1
1220.0,196961377#0,20
1220.0,238526531#0,25
1220.0,244450512#1,3
1220.0,263217604#0,1
1220.0,288878926#0,4
1220.0,300077497#0,1
1220.0,30620492#0,18
1220.0,30620492#1,5
1220.0,35274074#0,1
1220.0,484988951#0,3
1220.0,49073226#2,8
1220.0,49073272#4,2
1220.0,49695736#0,1
1220.0,506322842#0,11
1220.0,506322844#0,5
1220.0,506322848#0,1
1220.0,506322851#2,7
1220.0,506322853#0,19
1220.0,51362429#0,13
1220.0,51362430,2
1220.0,593844221#0,2
1220.0,593847702#0,1
1220.0,593847703#0,8
1220.0,593849711#2,13
1220.0,668037874,4
1220.0,:1973482489_4,1
1220.0,:3086736518_0,1
1220.0,:3086736518_6,1
1220.0,:655375232_8,1
1220.0,:655375233_4,2
1220.0,:655375238_2,1
1220.0,:655375238_3,1
1220.0,:655375239_3,1
1220.0,:cluster11510670762_4554226152_0,2
1220.0,:cluster_2038168688_655375573_3,1
1220.0,:cluster_2038168688_655375573_30,1
1220.0,:cluster_2038168688_655375573_6,1
1220.0,:cluster_2528018119_655375236_3,1
1220.0,:cluster_3208478133_655375293_655375296_9631728504_#1more_8,4
1220.0,:cluster_3431431575_4777363357_655375231_6982059025_5,1
1240.0,-300077497#5,27
1240.0,-300077497#8,4
1240.0,-35274074#2,11
1240.0,-360018417,5
1240.0,-51362429#1,9
1240.0,-51362430,19
1240.0,-593847703#3,24
1240.0,-593847704#2,3
1240.0,-E0,19
1240.0,1068234498#0,34
1240.0,1068234499#0,3
1240.0,1068440001,9
1240.0,1068440004#1,27
1240.0,1068440006#0,8
1240.0,186602412#0,1
1240.0,196961215#2,1
1240.0,196961377#0,22
1240.0,238526531#0,26
1240.0,244450512#1,3
1240.0,300077497#0,8
1240.0,30620492#0,18
1240.0,30620492#1,5
1240.0,35274074#0,2
1240.0,484988951#0,4
1240.0,49073226#2,8
1240.0,49695736#0,1
1240.0,506322842#0,11
1240.0,506322844#0,5
1240.0,506322846#2,1
1240.0,506322848#0,1
1240.0,506322851#2,7
1240.0,506322853#0,19
1240.0,51362429#0,15
1240.0,593844221#0,2
1240.0,593847702#0,3
1240.0,593847704#0,2
1240.0,593849711#2,15
1240.0,594658760#0,1
1240.0,668037874,1
1240.0,:3086736518_0,1
1240.0,:3086736518_6,1
1240.0,:655375233_8,4
1240.0,:655375238_2,1
1240.0,:655375238_3,1
1240.0,:cluster11510670762_4554226152_0,2
1240.0,:cluster619136880_619136881_cluster_4510442270_5296993511_5296993513_619136931_#1more_12,1
1240.0,:cluster619136880_619136881_cluster_4510442270_5296993511_5296993513_619136931_#1more_8,1
1240.0,:cluster_2038168688_655375573_30,1
1240.0,:cluster_2038168688_655375573_6,2
1240.0,:cluster_3208478133_655375293_655375296_9631728504_#1more_8,4
1260.0,-300077497#5,27
1260.0,-300077497#8,4
1260.0,-35274074#2,11
1260.0,-360018417,5
1260.0,-51362429#1,9
1260.0,-51362430,19
1260.0,-593847703#3,24
1260.0,-E0,19
1260.0,1068234498#0,33
1260.0,1068234499#0,3
1260.0,1068440001,9
1260.0,1068440004#1,24
1260.0,1068440006#0,6
1260.0,196961215#2,1
1260.0,196961377#0,25
1260.0,232003903#0,2
1260.0,238526531#0,28
1260.0,244450512#1,3
1260.0,30620492#0,18
1260.0,30620492#1,5
1260.0,35274074#0,5
1260.0,484988951#0,3
1260.0,49073226#2,8
1260.0,49695736#0,1
1260.0,506322842#0,11
1260.0,506322844#0,5
1260.0,506322846#0,3
1260.0,506322846#2,1
1260.0,506322848#0,1
1260.0,506322851#2,7
1260.0,506322853#0,19
1260.0,51362429#0,16
1260.0,593844221#0,2
1260.0,593847702#0,12
1260.0,593847704#0,2
1260.0,593849711#2,15
1260.0,594658760#0,1
1260.0,:3086736518_0,1
1260.0,:3086736518_6,1
1260.0,:655375238_1,1
1260.0,:655375238_2,1
1260.0,:655375238_3,1
1260.0,:cluster11510670762_4554226152_0,2
1260.0,:cluster_2038168688_655375573_23,1
1260.0,:cluster_2038168688_655375573_30,1
1260.0,:cluster_2038168688_655375573_6,2
1260.0,:cluster_3208478133_655375293_655375296_9631728504_#1more_8,4
1260.0,:cluster_3431431575_4777363357_655375231_6982059025_5,1
1280.0,-300077497#5,27
1280.0,-300077497#8,4
1280.0,-35274074#2,11
1280.0,-51362429#1,9
1280.0,-51362430,19
1280.0,-593847703#3,24
1280.0,-E0,19
1280.0,1068234498#0,33
1280.0,1068234499#0,4
1280.0,1068440001,9
1280.0,1068440004#1,33
1280.0,1068440006#0,6
1280.0,182334379#0,1
1280.0,186602412#0,3
1280.0,196961377#0,25
1280.0,238526531#0,26
1280.0,244450512#1,3
1280.0,288878926#0,7
1280.0,30620492#0,18
1280.0,30620492#1,5
1280.0,35274074#0,6
1280.0,484988951#0,4
1280.0,49073226#2,1
1280.0,49073272#4,3
1280.0,506322842#0,11
1280.0,506322844#0,5
1280.0,506322848#0,1
1280.0,506322851#2,7
1280.0,506322853#0,18
1280.0,51362429#0,15
1280.0,51362430,2
1280.0,593844221#0,2
1280.0,593847704#0,2
1280.0,593849711#2,15
1280.0,593849718#0,6
1280.0,594658760#0,1
1280.0,668037874,1
1280.0,:3086736518_6,1
1280.0,:655375232_2,2
1280.0,:655375233_0,1
1280.0,:655375238_2,1
1280.0,:655375238_3,1
1280.0,:655375241_0,1
1280.0,:cluster11510670762_4554226152_0,2
1280.0,:cluster_2038168688_655375573_30,1
1280.0,:cluster_2038168688_655375573_6,2
1280.0,:cluster_3208478133_655375293_655375296_9631728504_#1more_8,4
1280.0,:cluster_623980147_623980152_4,1
1300.0,-300077497#5,27
1300.0,-300077497#8,4
1300.0,-35274074#2,11
1300.0,-360018417,3
1300.0,-51362429#1,2
1300.0,-51362430,19
1300.0,-593847703#3,25
1300.0,-E0,19
1300.0,1068234498#0,33
1300.0,1068234499#0,2
1300.0,1068440001,9
1300.0,1068440004#1,33
1300.0,1068440006#0,6
1300.0,182334379#0,1
1300.0,196961377#0,23
1300.0,232003903#0,1
1300.0,238526531#0,26
1300.0,244450512#1,3
1300.0,288878926#0,10
1300.0,30620492#0,18
1300.0,30620492#1,5
1300.0,35274074#0,6
1300.0,484988951#0,2
1300.0,49073226#2,5
1300.0,49073272#4,1
1300.0,506322842#0,11
1300.0,506322844#0,5
1300.0,506322851#2,7
1300.0,506322853#0,15
1300.0,51362429#0,10
1300.0,593844221#0,2
1300.0,593847703#0,6
1300.0,593847704#0,1
1300.0,593849711#2,17
1300.0,593849718#0,2
1300.0,594658760#0,1
1300.0,668037874,1
1300.0,:3086736518_0,1
1300.0,:655375232_2,3
1300.0,:655375238_2,1
1300.0,:655375238_3,1
1300.0,:cluster11510670762_4554226152_0,2
1300.0,:cluster619136880_619136881_cluster_4510442270_5296993511_5296993513_619136931_#1more_8,1
1300.0,:cluster_2038168688_655375573_30,1
1300.0,:cluster_2038168688_655375573_6,2
1300.0,:cluster_3208478133_655375293_655375296_9631728504_#1more_8,4
1300.0,:cluster_3431431575_4777363357_655375231_6982059025_3,2
1300.0,:cluster_3431431575_4777363357_655375231_6982059025_5,1
1320.0,-300077497#5,27
1320.0,-300077497#8,4
1320.0,-35274074#2,11
1320.0,-360018417,5
1320.0,-51362430,19
1320.0,-593847703#3,22
1320.0,-E0,19
1320.0,1068234498#0,34
1320.0,1068234499#0,2
1320.0,1068440001,9
1320.0,1068440004#1,33
1320.0,1068440006#0,6
1320.0,182334379#0,1
1320.0,196961377#0,21
1320.0,196961377#3,1
1320.0,232003903#0,1
1320.0,238526531#0,26
1320.0,244450512#1,2
1320.0,260881642#0,3
1320.0,288135626#0,1
1320.0,288878926#0,11
1320.0,300077497#0,4
1320.0,30620492#0,18
1320.0,30620492#1,5
1320.0,360018417,1
1320.0,484988951#0,3
1320.0,49073226#2,8
1320.0,506322842#0,11
1320.0,506322844#0,5
1320.0,506322846#0,4
1320.0,506322851#2,3
1320.0,506322853#0,19
1320.0,51362429#0,14
1320.0,593844221#0,2
1320.0,593849711#0,1
1320.0,593849711#2,14
1320.0,594658760#0,1
1320.0,:3086736518_0,1
1320.0,:655375232_2,3
1320.0,:655375232_4,1
1320.0,:655375232_6,2
1320.0,:655375233_2,1
1320.0,:655375233_4,2
1320.0,:655375238_2,1
1320.0,:655375238_3,1
1320.0,:cluster11510670762_4554226152_0,2
1320.0,:cluster_2038168688_655375573_23,1
1320.0,:cluster_2038168688_655375573_3,1
1320.0,:cluster_2038168688_655375573_30,1
1320.0,:cluster_2038168688_655375573_6,2
1320.0,:cluster_2664674491_655375287_655375288_5,1
1320.0,:cluster_3208478133_655375293_655375296_9631728504_#1more_8,4
1320.0,:cluster_3431431575_4777363357_655375231_6982059025_5,1
1340.0,-300077497#5,25
1340.0,-300077497#8,4
1340.0,-35274074#2,11
1340.0,-360018417,5
1340.0,-51362430,19
1340.0,-593847701,1
1340.0,-593847703#3,20
1340.0,-593847704#2,3
1340.0,-E0,19
1340.0,1068234498#0,36
1340.0,1068234499#0,3
1340.0,1068440001,9
1340.0,1068440004#1,31
1340.0,1068440006#0,5
1340.0,182334379#0,1
1340.0,186602412#0,5
1340.0,196961377#0,21
1340.0,232003903#0,2
1340.0,238526531#0,26
1340.0,244450512#1,2
1340.0,260881642#0,4
1340.0,288878926#0,5
1340.0,30620492#0,18
1340.0,30620492#1,5
1340.0,35274074#0,2
1340.0,484988951#0,3
1340.0,49073226#2,8
1340.0,506322842#0,11
1340.0,506322844#0,5
1340.0,506322846#0,1
1340.0,506322851#2,3
1340.0,506322853#0,19
1340.0,51362429#0,15
1340.0,593844221#0,2
1340.0,593847702#0,3
1340.0,593849711#2,16
1340.0,594658760#0,1
1340.0,:3086736518_0,1
1340.0,:3086736518_4,1
1340.0,:655375232_2,3
1340.0,:655375232_4,1
1340.0,:655375232_6,2
1340.0,:655375233_8,2
1340.0,:655375238_2,1
1340.0,:655375238_3,1
1340.0,:cluster11510670762_4554226152_0,2
1340.0,:cluster622618015_622618108_622618112_622618144_#2more_49,2
1340.0,:cluster_2038168688_655375573_23,1
1340.0,:cluster_2038168688_655375573_30,1
1340.0,:cluster_2038168688_655375573_6,2
1340.0,:cluster_2528018119_655375236_17,1
1340.0,:cluster_2664674491_655375287_655375288_5,1
1340.0,:cluster_3208478133_655375293_655375296_9631728504_#1more_8,4
1340.0,:cluster_3431431575_4777363357_655375231_6982059025_5,1
1360.0,-300077497#5,25
1360.0,-300077497#8,4
1360.0,-35274074#2,11
1360.0,-360018417,1
1360.0,-51362430,19
1360.0,-593847701,1
1360.0,-593847703#3,24
1360.0,-E0,19
1360.0,1068234498#0,36
1360.0,1068440001,9
1360.0,1068440004#1,23
1360.0,1068440006#0,5
1360.0,182334379#0,1
1360.0,186602412#0,2
1360.0,196961377#0,21
1360.0,232003903#0,2
1360.0,238526531#0,26
1360.0,244450512#1,2
1360.0,260881642#0,3
1360.0,288878926#0,5
1360.0,300077497#0,1
1360.0,30620492#0,18
1360.0,30620492#1,5
1360.0,484988951#0,4
1360.0,49073226#2,8
1360.0,49073272#4,3
1360.0,506322842#0,11
1360.0,506322844#0,5
1360.0,506322846#0,1
1360.0,506322851#2,3
1360.0,506322853#0,19
1360.0,51362429#0,17
1360.0,593844221#0,2
1360.0,593847702#0,7
1360.0,593849711#2,16
1360.0,593849718#0,3
1360.0,594658760#0,1
1360.0,:1973482489_8,1
1360.0,:3086736518_0,1
1360.0,:3086736518_4,1
1360.0,:3208478121_0,1
1360.0,:655375232_2,3
1360.0,:655375232_4,1
1360.0,:655375232_6,2
1360.0,:655375238_2,1
1360.0,:655375238_3,1
1360.0,:cluster11510670762_4554226152_0,2
1360.0,:cluster622618015_622618108_622618112_622618144_#2more_31,5
1360.0,:cluster_2038168688_655375573_30,1
1360.0,:cluster_2038168688_655375573_6,2
1360.0,:cluster_2664674491_655375287_655375288_5,1
1360.0,:cluster_3208478133_655375293_655375296_9631728504_#1more_8,4
1380.0,-300077497#5,27
1380.0,-300077497#8,4
1380.0,-35274074#2,10
1380.0,-51362430,19
1380.0,-593847701,1
1380.0,-593847703#3,24
1380.0,-E0,18
1380.0,1068234498#0,36
1380.0,1068440001,9
1380.0,1068440004#1,31
1380.0,1068440006#0,5
1380.0,182334379#0,1
1380.0,196961377#0,21
1380.0,232003903#0,2
1380.0,238526531#0,26
1380.0,244450512#1,3
1380.0,260881642#0,2
1380.0,288878926#0,5
1380.0,300077497#6,1
1380.0,30620492#0,18
1380.0,30620492#1,5
1380.0,484988951#0,4
1380.0,49073226#2,8
1380.0,506322842#0,11
1380.0,506322844#0,5
1380.0,506322851#2,3
1380.0,506322853#0,16
1380.0,51362429#0,17
1380.0,593844221#0,2
1380.0,593849711#2,16
1380.0,594658760#0,1
1380.0,668037874,1
1380.0,:3086736518_0,1
1380.0,:3086736518_4,1
1380.0,:3086736518_6,1
1380.0,:655375232_2,3
1380.0,:655375232_4,1
1380.0,:655375232_6,2
1380.0,:655375238_0,1
1380.0,:655375238_3,1
1380.0,:cluster11510670762_4554226152_0,2
1380.0,:cluster619136880_619136881_cluster_4510442270_5296993511_5296993513_619136931_#1more_8,1
1380.0,:cluster619136899_619136900_cluster_619136929_619136942_6,1
1380.0,:cluster_2038168688_655375573_30,1
1380.0,:cluster_2038168688_655375573_6,2
1380.0,:cluster_3208478133_655375293_655375296_9631728504_#1more_8,4
1400.0,-300077497#5,25
1400.0,-300077497#8,4
1400.0,-35274074#2,12
1400.0,-360018417,4
1400.0,-51362429#1,1
1400.0,-51362430,19
1400.0,-593847701,1
1400.0,-593847703#3,25
1400.0,-E0,19
1400.0,1068234498#0,36
1400.0,1068440001,9
1400.0,1068440004#1,33
1400.0,1068440006#0,6
1400.0,182334379#0,1
1400.0,196961377#0,17
1400.0,196961377#3,3
1400.0,238526531#0,25
1400.0,244450512#1,3
1400.0,288878926#0,5
1400.0,300077497#0,1
1400.0,30620492#0,18
1400.0,30620492#1,5
1400.0,484988951#0,3
1400.0,49073226#2,8
1400.0,49073272#4,2
1400.0,506322842#0,10
1400.0,506322844#0,5
1400.0,506322846#0,2
1400.0,506322851#2,2
1400.0,506322853#0,14
1400.0,51362429#0,13
1400.0,51362430,2
1400.0,593844221#0,2
1400.0,593847703#0,5
1400.0,593849711#2,17
1400.0,594658760#0,1
1400.0,:3086736518_4,1
1400.0,:3086736518_6,1
1400.0,:619136999_2,1
1400.0,:655375232_6,1
1400.0,:655375233_0,2
1400.0,:cluster11510670762_4554226152_0,2
1400.0,:cluster_2038168688_655375573_30,1
1400.0,:cluster_2528018119_655375236_19,1
1400.0,:cluster_2528018119_655375236_3,2
1400.0,:cluster_3208478133_655375293_655375296_9631728504_#1more_8,4
1420.0,-300077497#5,23
1420.0,-300077497#8,4
1420.0,-35274074#2,12
1420.0,-360018417,5
1420.0,-51362429#1,4
1420.0,-51362430,19
1420.0,-593847703#3,24
1420.0,-593847704#2,2
1420.0,-E0,19
1420.0,1068234498#0,36
1420.0,1068440001,9
1420.0,1068440004#1,33
1420.0,1068440006#0,10
1420.0,182334379#0,1
1420.0,186602412#0,1
1420.0,196961377#0,17
1420.0,196961377#3,1
1420.0,238526531#0,25
1420.0,244450512#1,3
1420.0,300077497#0,5
1420.0,30620492#0,17
1420.0,30620492#1,5
1420.0,35274074#0,2
1420.0,484988951#0,4
1420.0,49073226#2,8
1420.0,506322842#0,10
1420.0,506322844#0,5
1420.0,506322853#0,16
1420.0,51362429#0,14
1420.0,593844221#0,2
1420.0,593847705,1
1420.0,593849711#0,1
1420.0,593849711#2,12
1420.0,594658760#0,1
1420.0,:3086736518_4,1
1420.0,:3086736518_6,1
1420.0,:655375232_8,1
1420.0,:655375233_4,1
1420.0,:655375238_6,1
1420.0,:cluster11510670762_4554226152_0,2
1420.0,:cluster622618015_622618108_622618112_622618144_#2more_49,2
1420.0,:cluster_2038168688_655375573_30,1
1420.0,:cluster_2528018119_655375236_17,2
1420.0,:cluster_2528018119_655375236_31,1
1420.0,:cluster_3208478133_655375293_655375296_9631728504_#1more_8,4
1440.0,-300077497#5,24
1440.0,-300077497#8,3
1440.0,-35274074#2,11
1440.0,-360018417,5
1440.0,-51362429#1,11
1440.0,-51362430,19
1440.0,-593847703#3,21
1440.0,-E0,19
1440.0,1068234498#0,36
1440.0,1068440001,9
1440.0,1068440004#1,33
1440.0,1068440006#0,9
1440.0,182334378#0,1
1440.0,182334379#0,1
1440.0,186602412#0,1
1440.0,196961377#0,17
1440.0,238526531#0,25
1440.0,244450512#1,3
1440.0,300077497#0,2
1440.0,30620492#0,18
1440.0,30620492#1,5
1440.0,35274074#0,3
1440.0,484988951#0,4
1440.0,49073226#2,9
1440.0,506322842#0,10
1440.0,506322844#0,5
1440.0,506322846#0,2
1440.0,506322853#0,16
1440.0,51362429#0,16
1440.0,593844221#0,2
1440.0,593847705,1
1440.0,593849711#2,15
1440.0,594658760#0,1
1440.0,:3086736518_6,1
1440.0,:655375232_8,1
1440.0,:655375233_4,1
1440.0,:655375238_2,1
1440.0,:cluster11510670762_4554226152_0,2
1440.0,:cluster655375336_end_0_655375336_end_1_655375336_end_10_655375336_end_11_#8more_31,1
1440.0,:cluster_2038168688_655375573_30,1
1440.0,:cluster_3208478133_655375293_655375296_9631728504_#1more_8,4
1460.0,-300077497#5,27
1460.0,-300077497#8,4
1460.0,-35274074#2,10
1460.0,-51362429#1,10
1460.0,-51362430,19
1460.0,-593847703#3,21
1460.0,-E0,19
1460.0,1068234498#0,36
1460.0,1068440001,9
1460.0,1068440004#1,26
1460.0,1068440006#0,8
1460.0,182334378#0,1
1460.0,182334379#0,1
1460.0,196961377#0,17
1460.0,238526531#0,24
1460.0,244450512#1,3
1460.0,300077497#6,1
1460.0,30620492#0,18
1460.0,30620492#1,5
1460.0,35274074#0,5
1460.0,484988951#0,4
1460.0,49073226#2,9
1460.0,49073272#4,4
1460.0,49695736#0,1
1460.0,506322842#0,8
1460.0,506322844#0,4
1460.0,506322846#2,1
1460.0,506322853#0,16
1460.0,51362429#0,17
1460.0,51362430,2
1460.0,593844221#0,1
1460.0,593847705,1
1460.0,593849711#2,15
1460.0,594658760#0,1
1460.0,:3086736518_6,1
1460.0,:655375232_8,1
1460.0,:655375233_4,1
1460.0,:655375233_8,7
1460.0,:655375238_3,1
1460.0,:cluster11510670762_4554226152_0,2
1460.0,:cluster655375336_end_0_655375336_end_1_655375336_end_10_655375336_end_11_#8more_25,2
1460.0,:cluster_2038168688_655375573_25,1
1460.0,:cluster_2038168688_655375573_30,1
1460.0,:cluster_3208478133_655375293_655375296_9631728504_#1more_8,1
1460.0,:cluster_3431431575_4777363357_655375231_6982059025_3,1
1480.0,-300077497#5,27
1480.0,-300077497#8,4
1480.0,-35274074#2,12
1480.0,-51362429#1,10
1480.0,-51362430,16
1480.0,-593847703#3,21
1480.0,-E0,19
1480.0,1068234498#0,36
1480.0,1068234499#0,1
1480.0,1068440001,7
1480.0,1068440004#1,33
1480.0,1068440006#0,8
1480.0,182334378#0,1
1480.0,182334379#0,1
1480.0,196961377#0,14
1480.0,196961377#3,2
1480.0,238526531#0,23
1480.0,244450512#1,3
1480.0,300077497#0,5
1480.0,30620492#0,18
1480.0,30620492#1,5
1480.0,35274074#0,5
1480.0,484988951#0,5
1480.0,49073226#2,9
1480.0,49073272#4,1
1480.0,49695736#0,3
1480.0,506322842#0,7
1480.0,506322844#0,5
1480.0,506322853#0,11
1480.0,51362429#0,17
1480.0,51362430,1
1480.0,593847705,1
1480.0,593849711#2,15
1480.0,594658760#0,1
1480.0,668037874,1
1480.0,:3086736518_6,1
1480.0,:619136999_0,1
1480.0,:619136999_2,1
1480.0,:655375232_8,1
1480.0,:655375233_4,1
1480.0,:655375233_8,7
1480.0,:656132414_2,1
1480.0,:cluster11510670762_4554226152_0,2
1480.0,:cluster619136880_619136881_cluster_4510442270_5296993511_5296993513_619136931_#1more_12,1
1480.0,:cluster619136880_619136881_cluster_4510442270_5296993511_5296993513_619136931_#1more_8,1
1480.0,:cluster655375336_end_0_655375336_end_1_655375336_end_10_655375336_end_11_#8more_25,1
1480.0,:cluster_2038168688_655375573_25,1
1480.0,:cluster_2038168688_655375573_30,1
1480.0,:cluster_3431431575_4777363357_655375231_6982059025_3,1
1500.0,-300077497#5,25
1500.0,-300077497#8,4
1500.0,-35274074#2,12
1500.0,-360018417,5
1500.0,-51362429#1,10
1500.0,-51362430,16
1500.0,-593847703#3,23
1500.0,-E0,19
1500.0,1068234498#0,35
1500.0,1068234499#0,1
1500.0,1068440001,5
1500.0,1068440004#1,33
1500.0,1068440006#0,8
1500.0,182334378#0,1
1500.0,196961377#0,11
1500.0,196961377#3,4
1500.0,238526531#0,25
1500.0,244450512#1,3
1500.0,260881642#0,4
1500.0,288878926#0,2
1500.0,30620492#0,18
1500.0,30620492#1,5
1500.0,35274074#0,6
1500.0,484988951#0,4
1500.0,49073226#2,7
1500.0,49695736#0,7
1500.0,506322842#0,7
1500.0,506322844#0,5
1500.0,506322853#0,10
1500.0,51362429#0,13
1500.0,51362430,1
1500.0,593849711#2,15
1500.0,594658760#0,1
1500.0,:3086736518_0,1
1500.0,:3086736518_6,1
1500.0,:655375232_2,2
1500.0,:655375232_8,1
1500.0,:655375233_0,2
1500.0,:655375233_4,1
1500.0,:655375233_8,7
1500.0,:cluster622618015_622618108_622618112_622618144_#2more_26,1
1500.0,:cluster622618015_622618108_622618112_622618144_#2more_49,1
1500.0,:cluster655375336_end_0_655375336_end_1_655375336_end_10_655375336_end_11_#8more_25,1
1500.0,:cluster_2038168688_655375573_25,1
1500.0,:cluster_2038168688_655375573_3,2
1500.0,:cluster_2038168688_655375573_30,1
1500.0,:cluster_2038168688_655375573_6,2
1500.0,:cluster_3208478133_655375293_655375296_9631728504_#1more_8,2
1500.0,:cluster_3431431575_4777363357_655375231_6982059025_3,1
1520.0,-300077497#5,25
1520.0,-300077497#8,2
1520.0,-35274074#2,12
1520.0,-360018417,5
1520.0,-51362429#1,6
1520.0,-51362430,11
1520.0,-593847703#3,23
1520.0,-593847704#2,2
1520.0,-E0,19
1520.0,1068234498#0,35
1520.0,1068234499#0,1
1520.0,1068440001,5
1520.0,1068440004#1,33
1520.0,1068440006#0,7
1520.0,182334378#0,1
1520.0,196961377#0,11
1520.0,196961377#3,3
1520.0,232003903#0,1
1520.0,238526531#0,25
1520.0,244450512#1,2
1520.0,260881642#0,3
1520.0,288878926#0,5
1520.0,30620492#0,18
1520.0,30620492#1,5
1520.0,35274074#0,6
1520.0,484988951#0,4
1520.0,49073226#2,5
1520.0,49695736#0,9
1520.0,506322842#0,7
1520.0,506322844#0,5
1520.0,506322853#0,10
1520.0,51362429#0,15
1520.0,593844221#0,2
1520.0,593849711#2,14
1520.0,594658760#0,1
1520.0,:3086736518_0,1
1520.0,:3086736518_6,1
1520.0,:655375232_11,1
1520.0,:655375232_2,2
1520.0,:655375233_0,2
1520.0,:655375233_4,1
1520.0,:655375233_8,7
1520.0,:655375238_5,1
1520.0,:656132414_2,1
1520.0,:cluster11510670762_4554226152_0,1
1520.0,:cluster622618015_622618108_622618112_622618144_#2more_49,2
1520.0,:cluster_2038168688_655375573_25,1
1520.0,:cluster_2038168688_655375573_3,2
1520.0,:cluster_2038168688_655375573_30,1
1520.0,:cluster_2038168688_655375573_6,2
1520.0,:cluster_2528018119_655375236_17,1
1520.0,:cluster_2664674491_655375287_655375288_5,1
1520.0,:cluster_3208478133_655375293_655375296_9631728504_#1more_8,5
1520.0,:cluster_3431431575_4777363357_655375231_6982059025_3,1
1520.0,:cluster_623980147_623980152_9,1
1540.0,-300077497#5,26
1540.0,-300077497#8,4
1540.0,-35274074#2,12
1540.0,-360018417,1
1540.0,-51362429#1,3
1540.0,-51362430,13
1540.0,-593847703#3,23
1540.0,-E0,19
1540.0,1068234498#0,36
1540.0,1068440001,6
1540.0,1068440004#1,33
1540.0,1068440006#0,6
1540.0,182334378#0,1
1540.0,196961377#0,11
1540.0,196961377#3,1
1540.0,232003903#0,2
1540.0,238526531#0,25
1540.0,244450512#1,2
1540.0,260881642#0,3
1540.0,288878926#0,12
1540.0,300077497#0,2
1540.0,30620492#0,18
1540.0,30620492#1,5
1540.0,35274074#0,6
1540.0,484988951#0,4
1540.0,49073226#2,2
1540.0,49073272#4,3
1540.0,49695736#0,7
1540.0,506322842#0,7
1540.0,506322844#0,4
1540.0,506322853#0,10
1540.0,51362429#0,16
1540.0,593844221#0,1
1540.0,593849711#2,14
1540.0,594658760#0,1
1540.0,:3086736518_0,1
1540.0,:3086736518_4,1
1540.0,:3086736518_6,1
1540.0,:3208478121_0,1
1540.0,:655375232_2,2
1540.0,:655375233_0,2
1540.0,:655375233_4,1
1540.0,:655375233_8,7
1540.0,:655375238_2,1
1540.0,:656132414_2,1
1540.0,:cluster11510670762_4554226152_0,1
1540.0,:cluster655375336_end_0_655375336_end_1_655375336_end_10_655375336_end_11_#8more_25,1
1540.0,:cluster_2038168688_655375573_3,2
1540.0,:cluster_2038168688_655375573_30,1
1540.0,:cluster_2038168688_655375573_6,2
1540.0,:cluster_2528018119_655375236_20,1
1540.0,:cluster_2528018119_655375236_32,1
1540.0,:cluster_2664674491_655375287_655375288_5,1
1540.0,:cluster_3208478133_655375293_655375296_9631728504_#1more_8,5
1540.0,:cluster_3431431575_4777363357_655375231_6982059025_3,2
1540.0,:cluster_623980147_623980152_4,1
1560.0,-300077497#5,27
1560.0,-300077497#8,4
1560.0,-35274074#2,12
1560.0,-51362430,15
1560.0,-593847703#3,23
1560.0,-E0,19
1560.0,1068234498#0,36
1560.0,1068440001,10
1560.0,1068440004#1,33
1560.0,1068440006#0,6
1560.0,182334378#0,1
1560.0,186602412#0,1
1560.0,196961377#0,11
1560.0,196961377#3,1
1560.0,232003903#0,2
1560.0,238526531#0,25
1560.0,244450512#1,3
1560.0,260881642#0,2
1560.0,288878926#0,13
1560.0,300077497#0,9
1560.0,30620492#0,18
1560.0,30620492#1,5
1560.0,35274074#0,6
1560.0,484988951#0,4
1560.0,49073226#2,7
1560.0,49695736#0,1
1560.0,506322842#0,7
1560.0,506322844#0,4
1560.0,506322846#0,1
1560.0,506322853#0,8
1560.0,51362429#0,17
1560.0,593844221#0,1
1560.0,593849711#2,14
1560.0,668037874,1
1560.0,:3086736518_0,1
1560.0,:3086736518_4,1
1560.0,:3086736518_6,1
1560.0,:655375232_2,2
1560.0,:655375233_0,2
1560.0,:655375233_4,1
1560.0,:655375233_8,7
1560.0,:655375238_1,1
1560.0,:655375238_5,1
1560.0,:cluster11510670762_4554226152_0,1
1560.0,:cluster619136880_619136881_cluster_4510442270_5296993511_5296993513_619136931_#1more_8,1
1560.0,:cluster_2038168688_655375573_30,1
1560.0,:cluster_2038168688_655375573_6,2
1560.0,:cluster_2528018119_655375236_20,1
1560.0,:cluster_3208478133_655375293_655375296_9631728504_#1more_8,5
1580.0,-300077497#5,24
1580.0,-300077497#8,4
1580.0,-35274074#2,12
1580.0,-360018417,4
1580.0,-51362430,19
1580.0,-593847703#3,24
1580.0,-E0,19
1580.0,1068234498#0,37
1580.0,1068440001,10
1580.0,1068440004#1,33
1580.0,1068440006#0,6
1580.0,182334378#0,1
1580.0,196961377#0,5
1580.0,196961377#3,6
1580.0,238526531#0,25
1580.0,244450512#1,3
1580.0,288878926#0,13
1580.0,300077497#0,11
1580.0,30620492#0,18
1580.0,30620492#1,5
1580.0,35274074#0,4
1580.0,484988951#0,4
1580.0,49073226#2,7
1580.0,49073272#4,1
1580.0,506322842#0,7
1580.0,506322844#0,5
1580.0,506322853#0,4
1580.0,51362429#0,17
1580.0,51362430,2
1580.0,593849711#2,14
1580.0,:3086736518_0,1
1580.0,:3086736518_4,1
1580.0,:3086736518_6,1
1580.0,:619136999_0,1
1580.0,:655375232_2,2
1580.0,:655375233_0,2
1580.0,:655375233_4,1
1580.0,:655375233_8,7
1580.0,:655375238_1,1
1580.0,:655375238_5,1
1580.0,:cluster11510670762_4554226152_0,1
1580.0,:cluster619136880_619136881_cluster_4510442270_5296993511_5296993513_619136931_#1more_12,1
1580.0,:cluster655375336_end_0_655375336_end_1_655375336_end_10_655375336_end_11_#8more_25,2
1580.0,:cluster_2038168688_655375573_23,1
1580.0,:cluster_2038168688_655375573_3,1
1580.0,:cluster_2038168688_655375573_30,1
1580.0,:cluster_2038168688_655375573_6,2
1580.0,:cluster_2528018119_655375236_17,1
1580.0,:cluster_2528018119_655375236_31,1
1580.0,:cluster_3208478133_655375293_655375296_9631728504_#1more_8,4
1600.0,-300077497#5,24
1600.0,-300077497#8,4
1600.0,-35274074#2,12
1600.0,-360018417,4
1600.0,-51362430,18
1600.0,-593847703#3,25
1600.0,-593847704#2,1
1600.0,-E0,19
1600.0,1068234498#0,37
1600.0,1068440001,10
1600.0,1068440004#1,33
1600.0,1068440006#0,6
1600.0,182334378#0,2
1600.0,186602412#0,2
1600.0,196961377#0,3
1600.0,196961377#3,9
1600.0,238526531#0,25
1600.0,244450512#1,3
1600.0,288878926#0,7
1600.0,300077497#0,11
1600.0,30620492#0,18
1600.0,30620492#1,5
1600.0,484988951#0,5
1600.0,49073226#2,7
1600.0,49695736#0,6
1600.0,506322842#0,7
1600.0,506322844#0,5
1600.0,506322846#0,3
1600.0,506322853#0,4
1600.0,51362429#0,17
1600.0,51362430,1
1600.0,593849711#2,14
1600.0,:1973482489_8,1
1600.0,:3086736518_0,1
1600.0,:3086736518_4,1
1600.0,:3086736518_6,1
1600.0,:655375232_2,2
1600.0,:655375233_0,2
1600.0,:655375233_4,1
1600.0,:655375233_8,7
1600.0,:655375238_1,1
1600.0,:655375238_5,1
1600.0,:cluster11510670762_4554226152_0,2
1600.0,:cluster622618015_622618108_622618112_622618144_#2more_2,1
1600.0,:cluster622618015_622618108_622618112_622618144_#2more_26,1
1600.0,:cluster_2038168688_655375573_30,1
1600.0,:cluster_2038168688_655375573_6,2
1620.0,-300077497#5,26
1620.0,-300077497#8,2
1620.0,-35274074#2,11
1620.0,-360018417,4
1620.0,-51362429#1,2
1620.0,-51362430,19
1620.0,-593847703#3,26
1620.0,-593847704#2,1
1620.0,-E0,19
1620.0,1068234498#0,37
1620.0,1068440001,10
1620.0,1068440004#1,33
1620.0,1068440006#0,6
1620.0,182334378#0,2
1620.0,186602412#0,1
1620.0,196961377#0,3
1620.0,196961377#3,7
1620.0,238526531#0,25
1620.0,244450512#1,3
1620.0,288878926#0,4
1620.0,300077497#0,9
1620.0,30620492#0,18
1620.0,30620492#1,5
1620.0,35274074#0,2
1620.0,484988951#0,5
1620.0,49073226#2,7
1620.0,49695736#0,6
1620.0,506322842#0,7
1620.0,506322844#0,5
1620.0,506322853#0,4
1620.0,51362429#0,17
1620.0,51362430,1
1620.0,593849711#0,1
1620.0,593849711#2,11
1620.0,:3086736518_0,1
1620.0,:3086736518_4,1
1620.0,:3086736518_6,1
1620.0,:655375232_11,1
1620.0,:655375232_2,2
1620.0,:655375233_0,2
1620.0,:655375233_4,1
1620.0,:655375233_8,7
1620.0,:655375238_2,1
1620.0,:655375238_6,1
1620.0,:cluster11510670762_4554226152_0,2
1620.0,:cluster622618015_622618108_622618112_622618144_#2more_49,1
1620.0,:cluster_2038168688_655375573_30,1
1620.0,:cluster_2038168688_655375573_6,2
1640.0,-300077497#5,27
1640.0,-300077497#8,3
1640.0,-35274074#2,12
1640.0,-51362429#1,7
1640.0,-51362430,19
1640.0,-593847703#3,23
1640.0,-E0,19
1640.0,1068234498#0,37
1640.0,1068440001,10
1640.0,1068440004#1,33
1640.0,1068440006#0,4
1640.0,1239087514,1
1640.0,182334378#0,2
1640.0,196961377#0,3
1640.0,196961377#3,7
1640.0,238526531#0,24
1640.0,244450512#1,3
1640.0,288878926#0,4
1640.0,300077497#0,8
1640.0,30620492#0,18
1640.0,30620492#1,5
1640.0,35274074#0,9
1640.0,484988951#0,5
1640.0,49073226#2,7
1640.0,49073272#4,3
1640.0,506322842#0,7
1640.0,506322844#0,5
1640.0,506322846#0,2
1640.0,506322853#0,4
1640.0,51362429#0,17
1640.0,51362430,1
1640.0,593847702#0,2
1640.0,593849711#2,10
1640.0,:3086736518_0,1
1640.0,:3086736518_3,1
1640.0,:3086736518_6,1
1640.0,:655375232_2,2
1640.0,:655375232_8,1
1640.0,:655375233_0,2
1640.0,:655375233_8,5
1640.0,:655375238_1,1
1640.0,:655375238_5,1
1640.0,:655375239_6,1
1640.0,:cluster11510670762_4554226152_0,2
1640.0,:cluster11510670762_4554226152_1,1
1640.0,:cluster_2038168688_655375573_25,1
1660.0,-300077497#5,27
1660.0,-300077497#8,4
1660.0,-35274074#2,12
1660.0,-51362429#1,8
1660.0,-51362430,19
1660.0,-593847703#3,23
1660.0,-E0,19
1660.0,1068234498#0,37
1660.0,1068440001,10
1660.0,1068440004#1,24
1660.0,1068440006#0,4
1660.0,182334378#0,2
1660.0,186602412#0,2
1660.0,196961377#0,2
1660.0,196961377#3,10
1660.0,238526531#0,24
1660.0,244450512#1,3
1660.0,263217604#0,2
1660.0,288878926#0,4
1660.0,300077497#0,8
1660.0,30620492#0,18
1660.0,30620492#1,5
1660.0,35274074#0,9
1660.0,484988951#0,5
1660.0,49073226#2,7
1660.0,506322842#0,7
1660.0,506322844#0,5
1660.0,51362429#0,17
1660.0,51362430,3
1660.0,593847702#0,13
1660.0,593847703#0,2
1660.0,593849711#2,10
1660.0,:3086736518_0,1
1660.0,:3086736518_6,1
1660.0,:655375232_2,2
1660.0,:655375233_8,3
1660.0,:655375238_1,1
1660.0,:655375238_5,1
1660.0,:cluster11510670762_4554226152_0,2
1660.0,:cluster619136880_619136881_cluster_4510442270_5296993511_5296993513_619136931_#1more_12,1
1660.0,:cluster619136880_619136881_cluster_4510442270_5296993511_5296993513_619136931_#1more_8,1
1660.0,:cluster622618015_622618108_622618112_622618144_#2more_39,1
1660.0,:cluster_2038168688_655375573_25,1
1680.0,-300077497#5,25
1680.0,-300077497#8,4
1680.0,-35274074#2,12
1680.0,-51362429#1,8
1680.0,-51362430,19
1680.0,-593847703#3,25
1680.0,-593847704#2,1
1680.0,-E0,19
1680.0,1068234498#0,35
1680.0,1068440001,5
1680.0,1068440004#1,26
1680.0,1068440006#0,4
1680.0,182334378#0,2
1680.0,196961377#0,3
1680.0,196961377#3,10
1680.0,238526531#0,25
1680.0,244450512#1,2
1680.0,260881642#0,4
1680.0,288878926#0,2
1680.0,300077497#0,9
1680.0,30620492#0,18
1680.0,30620492#1,5
1680.0,360843888,1
1680.0,484988951#0,5
1680.0,49073226#2,7
1680.0,49695736#0,3
1680.0,506322842#0,7
1680.0,506322844#0,5
1680.0,506322846#0,8
1680.0,51362429#0,17
1680.0,51362430,3
1680.0,593844221#0,1
1680.0,593847702#0,18
1680.0,593847704#0,1
1680.0,593849711#2,10
1680.0,594658760#0,1
1680.0,:3086736518_0,1
1680.0,:655375232_2,2
1680.0,:655375238_1,1
1680.0,:655375238_5,1
1680.0,:cluster622618015_622618108_622618112_622618144_#2more_2,1
1680.0,:cluster622618015_622618108_622618112_622618144_#2more_26,1
1680.0,:cluster655375336_end_0_655375336_end_1_655375336_end_10_655375336_end_11_#8more_25,2
1680.0,:cluster_2038168688_655375573_23,1
1680.0,:cluster_2038168688_655375573_25,1
1680.0,:cluster_3208478133_655375293_655375296_9631728504_#1more_8,1
1680.0,:cluster_5372642442_631668976_631668981_631669076_45,1
1700.0,-300077497#5,27
1700.0,-300077497#8,3
1700.0,-35274074#2,12
1700.0,-51362429#1,8
1700.0,-51362430,10
1700.0,-593847703#3,25
1700.0,-E0,18
1700.0,1068234498#0,34
1700.0,1068440001,3
1700.0,1068440004#1,33
1700.0,1068440006#0,4
1700.0,182334378#0,2
1700.0,186602412#0,4
1700.0,196961377#0,3
1700.0,196961377#3,4
1700.0,238526531#0,26
1700.0,244450512#1,2
1700.0,260881642#0,3
1700.0,300077497#0,9
1700.0,30620492#0,18
1700.0,30620492#1,5
1700.0,360843888,1
1700.0,484988951#0,5
1700.0,49073226#2,7
1700.0,49695736#0,11
1700.0,506322842#0,7
1700.0,506322844#0,5
1700.0,506322846#0,2
1700.0,51362429#0,11
1700.0,51362430,3
1700.0,593844221#0,1
1700.0,593847702#0,18
1700.0,593847703#0,3
1700.0,593847704#0,1
1700.0,593849711#0,2
1700.0,593849711#2,10
1700.0,594658760#0,1
1700.0,:1973482489_8,1
1700.0,:3086736518_0,1
1700.0,:3086736518_6,1
1700.0,:655375232_2,3
1700.0,:655375233_0,2
1700.0,:655375238_1,1
1700.0,:656132414_2,1
1700.0,:cluster11510670762_4554226152_0,1
1700.0,:cluster622618015_622618108_622618112_622618144_#2more_49,3
1700.0,:cluster_2038168688_655375573_25,1
1700.0,:cluster_2664674491_655375287_655375288_5,1
1700.0,:cluster_3208478133_655375293_655375296_9631728504_#1more_8,4
1700.0,:cluster_5372642442_631668976_631668981_631669076_45,1
1720.0,-300077497#5,27
1720.0,-300077497#8,4
1720.0,-35274074#2,12
1720.0,-51362429#1,9
1720.0,-51362430,11
1720.0,-593847703#3,25
1720.0,-E0,19
1720.0,1068234498#0,34
1720.0,1068440001,7
1720.0,1068440004#1,33
1720.0,1068440006#0,3
1720.0,182334378#0,2
1720.0,186602412#0,1
1720.0,196961377#0,3
1720.0,196961377#3,2
1720.0,232003903#0,1
1720.0,238526531#0,26
1720.0,244450512#1,2
1720.0,260881642#0,4
1720.0,300077497#0,3
1720.0,30620492#0,18
1720.0,30620492#1,4
1720.0,35274074#0,8
1720.0,360843888,1
1720.0,484988951#0,4
1720.0,49073226#2,7
1720.0,49695736#0,7
1720.0,506322842#0,7
1720.0,506322844#0,6
1720.0,51362429#0,10
1720.0,51362430,2
1720.0,593844221#0,1
1720.0,593847702#0,9
1720.0,593847703#0,9
1720.0,593847704#0,2
1720.0,593847705,1
1720.0,593849711#2,9
1720.0,593849718#0,4
1720.0,:655375232_2,2
1720.0,:655375238_1,1
1720.0,:cluster11510670762_4554226152_0,1
1720.0,:cluster622618015_622618108_622618112_622618144_#2more_31,5
1720.0,:cluster_2038168688_655375573_25,1
1720.0,:cluster_2528018119_655375236_20,1
1720.0,:cluster_2528018119_655375236_32,1
1720.0,:cluster_3208478133_655375293_655375296_9631728504_#1more_8,5
1720.0,:cluster_3431431575_4777363357_655375231_6982059025_5,1
1720.0,:cluster_5372642442_631668976_631668981_631669076_45,1
1740.0,-300077497#5,27
1740.0,-300077497#8,4
1740.0,-35274074#2,12
1740.0,-51362429#1,7
1740.0,-51362430,16
1740.0,-593847703#3,21
1740.0,-E0,19
1740.0,1068234498#0,36
1740.0,1068440001,9
1740.0,1068440004#1,33
1740.0,1068440006#0,2
1740.0,182334378#0,1
1740.0,196961377#0,3
1740.0,196961377#3,2
1740.0,232003903#0,2
1740.0,238526531#0,26
1740.0,244450512#1,3
1740.0,260881642#0,2
1740.0,263217604#0,1
1740.0,288878926#0,3
1740.0,300077497#0,6
1740.0,300077497#6,1
1740.0,30620492#0,16
1740.0,30620492#1,5
1740.0,35274074#0,13
1740.0,360843888,1
1740.0,484988951#0,3
1740.0,49073226#2,3
1740.0,506322842#0,6
1740.0,506322844#0,5
1740.0,51362429#0,16
1740.0,593844221#0,1
1740.0,593847703#0,7
1740.0,593847704#0,1
1740.0,593847705,1
1740.0,593849711#2,9
1740.0,593849718#0,1
1740.0,:655375232_2,2
1740.0,:655375233_4,3
1740.0,:cluster11510670762_4554226152_0,1
1740.0,:cluster622618015_622618108_622618112_622618144_#2more_39,1
1740.0,:cluster_2038168688_655375573_30,1
1740.0,:cluster_2528018119_655375236_20,1
1740.0,:cluster_2528018119_655375236_32,1
1740.0,:cluster_3208478133_655375293_655375296_9631728504_#1more_8,5
1740.0,:cluster_3431431575_4777363357_655375231_6982059025_3,2
1740.0,:cluster_5372642442_631668976_631668981_631669076_45,1
1740.0,:cluster_623980147_623980152_9,1
1760.0,-300077497#5,24
1760.0,-300077497#8,4
1760.0,-35274074#2,11
1760.0,-51362429#1,1
1760.0,-51362430,19
1760.0,-593847703#3,21
1760.0,-E0,19
1760.0,1068234498#0,36
1760.0,1068440001,9
1760.0,1068440004#1,27
1760.0,1239087514,1
1760.0,182334378#0,1
1760.0,196961377#3,5
1760.0,238526531#0,26
1760.0,244450512#1,3
1760.0,244450512#5,1
1760.0,263217604#0,1
1760.0,288878926#0,10
1760.0,300077497#0,3
1760.0,30620492#0,18
1760.0,30620492#1,5
1760.0,35274074#0,16
1760.0,484988951#0,4
1760.0,49073226#2,4
1760.0,506322842#0,5
1760.0,506322844#0,5
1760.0,506322846#2,1
1760.0,51362429#0,17
1760.0,51362430,2
1760.0,593844221#0,1
1760.0,593847703#0,3
1760.0,593847705,1
1760.0,593849711#2,9
1760.0,:3086736518_4,1
1760.0,:655375232_2,2
1760.0,:655375233_4,1
1760.0,:655375233_8,6
1760.0,:655375238_3,1
1760.0,:656132414_3,1
1760.0,:cluster11510670762_4554226152_0,1
1760.0,:cluster_2038168688_655375573_23,1
1760.0,:cluster_2038168688_655375573_3,1
1760.0,:cluster_2038168688_655375573_30,1
1760.0,:cluster_2038168688_655375573_6,2
1760.0,:cluster_2528018119_655375236_17,1
1760.0,:cluster_2528018119_655375236_3,2
1760.0,:cluster_3208478133_655375293_655375296_9631728504_#1more_8,5
1760.0,:cluster_3431431575_4777363357_655375231_6982059025_3,3
1760.0,:cluster_5372642442_631668976_631668981_631669076_45,1
1760.0,:cluster_623980147_623980152_4,1
1780.0,-300077497#5,24
1780.0,-300077497#8,4
1780.0,-35274074#2,12
1780.0,-51362430,19
1780.0,-593847703#3,22
1780.0,-E0,19
1780.0,1068234498#0,36
1780.0,1068440001,8
1780.0,1068440004#1,29
1780.0,182334378#0,1
1780.0,186602412#0,3
1780.0,196961377#3,4
1780.0,238526531#0,26
1780.0,244450512#1,3
1780.0,244450512#5,1
1780.0,288878926#0,7
1780.0,300077497#0,5
1780.0,30620492#0,18
1780.0,30620492#1,5
1780.0,35274074#0,10
1780.0,484988951#0,5
1780.0,49073226#2,5
1780.0,49695736#0,5
1780.0,506322842#0,5
1780.0,506322844#0,5
1780.0,506322846#0,6
1780.0,506322846#2,1
1780.0,51362429#0,18
1780.0,51362430,2
1780.0,593847705,1
1780.0,593849711#0,2
1780.0,593849711#2,9
1780.0,594658760#0,1
1780.0,:3086736518_4,1
1780.0,:655375232_2,2
1780.0,:655375233_4,1
1780.0,:655375233_8,6
1780.0,:cluster11510670762_4554226152_0,2
1780.0,:cluster622618015_622618108_622618112_622618144_#2more_2,1
1780.0,:cluster622618015_622618108_622618112_622618144_#2more_26,1
1780.0,:cluster655375336_end_0_655375336_end_1_655375336_end_10_655375336_end_11_#8more_25,1
1780.0,:cluster_2038168688_655375573_23,1
1780.0,:cluster_2038168688_655375573_24,1
1780.0,:cluster_2038168688_655375573_3,1
1780.0,:cluster_2038168688_655375573_6,1
1780.0,:cluster_5372642442_631668976_631668981_631669076_45,1
1780.0,:cluster_623980147_623980152_9,1
1800.0,-300077497#5,26
1800.0,-300077497#8,1
1800.0,-35274074#2,11
1800.0,-51362430,19
1800.0,-593847703#3,23
1800.0,-E0,18
1800.0,1068234498#0,36
1800.0,1068440001,8
1800.0,1068440004#1,34
1800.0,182334378#0,1
1800.0,186602412#0,4
1800.0,196961377#3,2
1800.0,238526531#0,26
1800.0,244450512#1,3
1800.0,244450512#5,1
1800.0,288878926#0,9
1800.0,300077497#0,2
1800.0,30620492#0,18
1800.0,30620492#1,5
1800.0,35274074#0,4
1800.0,484988951#0,5
1800.0,49073226#2,2
1800.0,49695736#0,6
1800.0,506322842#0,5
1800.0,506322844#0,5
1800.0,506322846#0,9
1800.0,506322846#2,1
1800.0,51362429#0,17
1800.0,51362430,2
1800.0,593847705,1
1800.0,593849711#0,1
1800.0,593849711#2,9
1800.0,594658760#0,1
1800.0,:1973482489_8,1
1800.0,:3086736518_4,1
1800.0,:3086736518_6,1
1800.0,:655375232_2,3
1800.0,:655375233_4,1
1800.0,:655375233_8,6
1800.0,:655375238_2,1
1800.0,:655375238_6,1
1800.0,:cluster11510670762_4554226152_0,2
1800.0,:cluster_2038168688_655375573_23,1
1800.0,:cluster_2038168688_655375573_24,1
1800.0,:cluster_5372642442_631668976_631668981_631669076_45,1
1820.0,-300077497#5,27
1820.0,-300077497#8,3
1820.0,-35274074#2,12
1820.0,-51362430,19
1820.0,-593847703#3,23
1820.0,-E0,19
1820.0,1068234498#0,36
1820.0,1068234499#0,1
1820.0,1068440001,8
1820.0,1068440004#1,34
1820.0,182334379#0,1
1820.0,186602412#0,4
1820.0,196961377#3,2
1820.0,238526531#0,25
1820.0,244450512#1,3
1820.0,244450512#5,1
1820.0,288878926#0,9
1820.0,300077497#0,5
1820.0,30620492#0,18
1820.0,30620492#1,5
1820.0,35274074#0,7
1820.0,484988951#0,4
1820.0,49073226#2,2
1820.0,506322842#0,3
1820.0,506322844#0,5
1820.0,506322846#0,5
1820.0,51362429#0,15
1820.0,51362430,1
1820.0,593847705,1
1820.0,593849711#2,9
1820.0,594658760#0,1
1820.0,:1973482489_3,1
1820.0,:3086736518_0,1
1820.0,:3086736518_4,1
1820.0,:3086736518_6,1
1820.0,:655375232_2,5
1820.0,:655375233_0,1
1820.0,:655375233_4,1
1820.0,:655375233_8,6
1820.0,:655375238_5,1
1820.0,:cluster11510670762_4554226152_0,2
1820.0,:cluster_2038168688_655375573_30,1
1820.0,:cluster_5372642442_631668976_631668981_631669076_45,1
1840.0,-300077497#5,27
1840.0,-300077497#8,4
1840.0,-35274074#2,12
1840.0,-51362429#1,3
1840.0,-51362430,19
1840.0,-593847703#3,21
1840.0,-E0,19
1840.0,1068234498#0,36
1840.0,1068440001,8
1840.0,1068440004#1,34
1840.0,182334379#0,1
1840.0,186602412#0,3
1840.0,196961377#3,2
1840.0,238526531#0,26
1840.0,244450512#1,3
1840.0,244450512#5,1
1840.0,288135626#0,1
1840.0,288878926#0,9
1840.0,300077497#0,4
1840.0,30620492#0,18
1840.0,30620492#1,5
1840.0,35274074#0,7
1840.0,484988951#0,5
1840.0,49073226#2,4
1840.0,506322842#0,3
1840.0,506322844#0,5
1840.0,51362429#0,15
1840.0,593847705,1
1840.0,593849711#2,5
1840.0,594658760#0,1
1840.0,:3086736518_0,1
1840.0,:3086736518_6,1
1840.0,:655375232_2,5
1840.0,:655375232_8,1
1840.0,:655375233_0,1
1840.0,:655375233_4,3
1840.0,:655375233_8,6
1840.0,:655375238_1,1
1840.0,:655375238_5,1
1840.0,:cluster11510670762_4554226152_0,2
1840.0,:cluster_2038168688_655375573_30,1
1860.0,-300077497#5,24
1860.0,-300077497#8,4
1860.0,-35274074#2,12
1860.0,-51362429#1,2
1860.0,-51362430,17
1860.0,-593847703#3,24
1860.0,-593847704#2,2
1860.0,-E0,19
1860.0,1068234498#0,36
1860.0,1068234499#0,1
1860.0,1068440001,4
1860.0,1068440004#1,34
1860.0,182334379#0,1
1860.0,196961377#3,1
1860.0,238526531#0,26
1860.0,244450512#1,3
1860.0,260881642#0,3
1860.0,288878926#0,6
1860.0,300077497#0,4
1860.0,30620492#0,18
1860.0,30620492#1,5
1860.0,484988951#0,4
1860.0,49073226#2,4
1860.0,49695736#0,2
1860.0,506322842#0,3
1860.0,506322844#0,5
1860.0,506322846#0,4
1860.0,51362429#0,16
1860.0,51362430,1
1860.0,593847705,1
1860.0,593849711#2,5
1860.0,594658760#0,1
1860.0,:3086736518_0,1
1860.0,:3086736518_6,1
1860.0,:655375232_2,5
1860.0,:655375233_0,1
1860.0,:655375233_4,3
1860.0,:655375233_8,6
1860.0,:655375238_1,1
1860.0,:655375238_5,1
1860.0,:656132414_2,1
1860.0,:cluster11510670762_4554226152_0,1
1860.0,:cluster622618015_622618108_622618112_622618144_#2more_2,1
1860.0,:cluster622618015_622618108_622618112_622618144_#2more_26,1
1860.0,:cluster655375336_end_0_655375336_end_1_655375336_end_10_655375336_end_11_#8more_25,2
1860.0,:cluster_2038168688_655375573_23,1
1860.0,:cluster_2038168688_655375573_30,1
1860.0,:cluster_2038168688_655375573_6,2
1860.0,:cluster_3208478133_655375293_655375296_9631728504_#1more_8,2
1860.0,:cluster_3431431575_4777363357_655375231_6982059025_3,2
1880.0,-300077497#5,23
1880.0,-300077497#8,2
1880.0,-35274074#2,12
1880.0,-51362429#1,1
1880.0,-51362430,9
1880.0,-593847703#3,27
1880.0,-E0,19
1880.0,1068234498#0,36
1880.0,1068234499#0,1
1880.0,1068440001,4
1880.0,1068440004#1,33
1880.0,182334379#0,1
1880.0,186602412#0,5
1880.0,238526531#0,26
1880.0,244450512#1,2
1880.0,260881642#0,4
1880.0,288878926#0,1
1880.0,300077497#0,4
1880.0,30620492#0,18
1880.0,30620492#1,5
1880.0,484988951#0,4
1880.0,49073226#2,7
1880.0,49695736#0,11
1880.0,506322842#0,3
1880.0,506322844#0,5
1880.0,51362429#0,17
1880.0,593847704#0,1
1880.0,593847705,1
1880.0,593849711#2,5
1880.0,594658760#0,1
1880.0,:3086736518_0,1
1880.0,:3086736518_6,1
1880.0,:655375232_2,5
1880.0,:655375233_0,1
1880.0,:655375233_4,3
1880.0,:655375233_8,7
1880.0,:655375238_1,1
1880.0,:655375238_5,1
1880.0,:656132414_2,1
1880.0,:cluster11510670762_4554226152_0,1
1880.0,:cluster622618015_622618108_622618112_622618144_#2more_49,2
1880.0,:cluster655375336_end_0_655375336_end_1_655375336_end_10_655375336_end_11_#8more_25,2
1880.0,:cluster_2038168688_655375573_30,1
1880.0,:cluster_2038168688_655375573_6,2
1880.0,:cluster_3208478133_655375293_655375296_9631728504_#1more_8,2
1900.0,-300077497#5,26
1900.0,-300077497#8,2
1900.0,-35274074#2,12
1900.0,-51362429#1,1
1900.0,-51362430,5
1900.0,-593847703#3,28
1900.0,-E0,19
1900.0,1068234498#0,36
1900.0,1068440001,7
1900.0,1068440004#1,33
1900.0,182334379#0,1
1900.0,238526531#0,25
1900.0,244450512#1,2
1900.0,260881642#0,3
1900.0,288878926#0,1
1900.0,300077497#0,5
1900.0,30620492#0,18
1900.0,30620492#1,5
1900.0,35274074#0,1
1900.0,484988951#0,4
1900.0,49073226#2,7
1900.0,49695736#0,8
1900.0,506322842#0,3
1900.0,506322844#0,1
1900.0,506322848#0,1
1900.0,51362429#0,17
1900.0,593844221#0,1
1900.0,593847704#0,1
1900.0,593847705,1
1900.0,593849711#2,5
1900.0,594658760#0,1
1900.0,:3086736518_0,1
1900.0,:3086736518_6,1
1900.0,:655375232_2,5
1900.0,:655375233_0,1
1900.0,:655375233_4,3
1900.0,:655375233_8,7
1900.0,:655375238_1,1
1900.0,:655375238_5,1
1900.0,:655375239_5,2
1900.0,:656132414_2,1
1900.0,:cluster11510670762_4554226152_0,1
1900.0,:cluster655375336_end_0_655375336_end_1_655375336_end_10_655375336_end_11_#8more_25,2
1900.0,:cluster_2038168688_655375573_30,1
1900.0,:cluster_2038168688_655375573_6,2
1900.0,:cluster_2528018119_655375236_20,1
1900.0,:cluster_2528018119_655375236_32,1
1900.0,:cluster_3208478133_655375293_655375296_9631728504_#1more_8,5
1920.0,-300077497#5,27
1920.0,-300077497#8,4
1920.0,-35274074#2,12
1920.0,-51362429#1,1
1920.0,-51362430,5
1920.0,-593847703#3,28
1920.0,-E0,19
1920.0,1068234498#0,36
1920.0,1068440001,7
1920.0,1068440004#1,33
1920.0,182334379#0,1
1920.0,238526531#0,25
1920.0,244450512#1,3
1920.0,260881642#0,2
1920.0,263217604#0,3
1920.0,288878926#0,1
1920.0,300077497#0,6
1920.0,30620492#0,18
1920.0,30620492#1,5
1920.0,35274074#0,7
1920.0,484988951#0,4
1920.0,49073226#2,7
1920.0,49695736#0,4
1920.0,506322842#0,3
1920.0,506322844#0,5
1920.0,51362429#0,17
1920.0,593844221#0,1
1920.0,593847705,1
1920.0,593849711#2,5
1920.0,594658760#0,1
1920.0,:3086736518_0,1
1920.0,:3086736518_6,1
1920.0,:655375232_2,5
1920.0,:655375233_0,1
1920.0,:655375233_4,3
1920.0,:655375233_8,7
1920.0,:655375238_1,1
1920.0,:cluster11510670762_4554226152_0,1
1920.0,:cluster622618015_622618108_622618112_622618144_#2more_42,1
1920.0,:cluster_2038168688_655375573_30,1
1920.0,:cluster_2038168688_655375573_6,2
1920.0,:cluster_2528018119_655375236_20,1
1920.0,:cluster_2528018119_655375236_32,1
1920.0,:cluster_3208478133_655375293_655375296_9631728504_#1more_8,5
1940.0,-300077497#5,23
1940.0,-300077497#8,4
1940.0,-35274074#2,12
1940.0,-49073264#1,1
1940.0,-51362429#1,5
1940.0,-51362430,4
1940.0,-593847703#3,28
1940.0,-E0,19
1940.0,1068234498#0,36
1940.0,1068440001,8
1940.0,1068440004#1,33
1940.0,182334379#0,1
1940.0,238526531#0,24
1940.0,244450512#1,3
1940.0,263217604#0,3
1940.0,288878926#0,1
1940.0,300077497#0,4
1940.0,30620492#0,18
1940.0,30620492#1,5
1940.0,35274074#0,12
1940.0,484988951#0,4
1940.0,49073226#2,7
1940.0,49695736#0,2
1940.0,506322842#0,3
1940.0,506322844#0,5
1940.0,506322848#0,1
1940.0,51362429#0,17
1940.0,593844221#0,1
1940.0,593847705,1
1940.0,593849711#2,1
1940.0,594658760#0,1
1940.0,:3086736518_0,1
1940.0,:3086736518_4,1
1940.0,:3086736518_6,1
1940.0,:655375232_2,5
1940.0,:655375233_0,1
1940.0,:655375233_4,4
1940.0,:655375233_8,7
1940.0,:cluster11510670762_4554226152_0,1
1940.0,:cluster_2038168688_655375573_23,1
1940.0,:cluster_2038168688_655375573_3,1
1940.0,:cluster_2038168688_655375573_30,1
1940.0,:cluster_2038168688_655375573_6,2
1940.0,:cluster_2528018119_655375236_17,2
1940.0,:cluster_3208478133_655375293_655375296_9631728504_#1more_8,5
1960.0,-300077497#5,23
1960.0,-300077497#8,4
1960.0,-35274074#2,10
1960.0,-49073264#1,1
1960.0,-51362429#1,8
1960.0,-51362430,4
1960.0,-593847703#3,28
1960.0,-E0,19
1960.0,1068234498#0,35
1960.0,1068440001,8
1960.0,1068440004#1,33
1960.0,186602412#0,2
1960.0,238526531#0,26
1960.0,244450512#1,3
1960.0,244450512#4,2
1960.0,300077497#6,2
1960.0,30620492#0,18
1960.0,30620492#1,5
1960.0,35274074#0,8
1960.0,484988951#0,4
1960.0,49073226#2,7
1960.0,49695736#0,2
1960.0,506322842#0,3
1960.0,506322844#0,5
1960.0,506322846#0,5
1960.0,506322848#0,1
1960.0,51362429#0,17
1960.0,593847705,1
1960.0,593849711#2,1
1960.0,594658757#0,1
1960.0,594658760#0,1
1960.0,:1973482489_3,1
1960.0,:3086736518_0,1
1960.0,:3086736518_6,1
1960.0,:655375232_2,5
1960.0,:655375233_0,1
1960.0,:655375233_2,1
1960.0,:655375233_4,3
1960.0,:655375233_8,7
1960.0,:cluster11510670762_4554226152_0,1
1960.0,:cluster655375336_end_0_655375336_end_1_655375336_end_10_655375336_end_11_#8more_25,2
1960.0,:cluster_2038168688_655375573_23,1
1960.0,:cluster_2038168688_655375573_3,1
1960.0,:cluster_2038168688_655375573_30,1
1960.0,:cluster_2038168688_655375573_6,2
1960.0,:cluster_3208478133_655375293_655375296_9631728504_#1more_8,4
1980.0,-300077497#5,27
1980.0,-35274074#2,10
1980.0,-49073264#1,1
1980.0,-51362429#1,3
1980.0,-51362430,4
1980.0,-593847703#3,28
1980.0,-E0,19
1980.0,1068234498#0,35
1980.0,1068440001,7
1980.0,1068440004#1,33
1980.0,186602412#0,5
1980.0,238526531#0,26
1980.0,244450512#1,3
1980.0,244450512#5,2
1980.0,288878926#0,5
1980.0,300077497#6,2
1980.0,30620492#0,18
1980.0,30620492#1,5
1980.0,484988951#0,4
1980.0,49073226#2,4
1980.0,49695736#0,8
1980.0,506322842#0,3
1980.0,506322844#0,5
1980.0,506322846#0,10
1980.0,506322848#0,1
1980.0,51362429#0,17
1980.0,593847705,1
1980.0,593849711#2,1
1980.0,594658757#0,1
1980.0,594658760#0,1
1980.0,:3086736518_0,1
1980.0,:3086736518_6,1
1980.0,:655375232_2,5
1980.0,:655375233_0,1
1980.0,:655375233_2,1
1980.0,:655375233_4,3
1980.0,:655375233_8,7
1980.0,:655375238_2,1
1980.0,:cluster11510670762_4554226152_0,2
1980.0,:cluster_2038168688_655375573_23,1
1980.0,:cluster_3431431575_4777363357_655375231_6982059025_3,2
1980.0,:cluster_623980147_623980152_9,1
2000.0,-300077497#5,27
2000.0,-300077497#8,4
2000.0,-35274074#2,12
2000.0,-49073264#1,1
2000.0,-51362430,4
2000.0,-593847703#3,28
2000.0,-E0,19
2000.0,1068234498#0,35
2000.0,1068440001,7
2000.0,1068440004#1,33
2000.0,186602412#0,4
2000.0,238526531#0,24
2000.0,244450512#1,3
2000.0,244450512#5,2
2000.0,288878926#0,12
2000.0,300077497#0,6
2000.0,300077497#6,2
2000.0,30620492#0,18
2000.0,30620492#1,5
2000.0,484988951#0,4
2000.0,49073226#2,2
2000.0,49695736#0,1
2000.0,506322842#0,2
2000.0,506322844#0,5
2000.0,506322846#0,4
2000.0,51362429#0,17
2000.0,593847705,1
2000.0,593849711#2,1
2000.0,594658757#0,1
2000.0,594658760#0,1
2000.0,:1973482489_8,1
2000.0,:3086736518_0,1
2000.0,:3086736518_6,1
2000.0,:655375232_2,5
2000.0,:655375233_0,1
2000.0,:655375233_2,1
2000.0,:655375233_4,3
2000.0,:655375233_8,7
2000.0,:655375238_2,1
2000.0,:cluster11510670762_4554226152_0,2
2000.0,:cluster_2038168688_655375573_25,1
2000.0,:cluster_2528018119_655375236_20,1
2000.0,:cluster_623980147_623980152_4,1
2020.0,-300077497#5,27
2020.0,-300077497#8,4
2020.0,-35274074#2,12
2020.0,-51362430,4
2020.0,-593847703#3,28
2020.0,-E0,19
2020.0,1068234498#0,36
2020.0,1068440001,7
2020.0,1068440004#1,33
2020.0,186602412#0,3
2020.0,238526531#0,24
2020.0,244450512#1,3
2020.0,244450512#5,2
2020.0,288878926#0,13
2020.0,300077497#0,2
2020.0,30620492#0,18
2020.0,30620492#1,5
2020.0,35274074#0,6
2020.0,484988951#0,3
2020.0,49073226#2,2
2020.0,506322842#0,2
2020.0,506322844#0,5
2020.0,51362429#0,16
2020.0,593847703#0,2
2020.0,593849711#2,1
2020.0,594658757#0,1
2020.0,594658760#0,1
2020.0,:3086736518_0,1
2020.0,:3086736518_6,1
2020.0,:655375232_2,5
2020.0,:655375233_0,2
2020.0,:655375233_2,1
2020.0,:655375233_4,3
2020.0,:655375233_8,7
2020.0,:655375238_2,1
2020.0,:cluster11510670762_4554226152_0,2
2020.0,:cluster_2038168688_655375573_25,1
2040.0,-300077497#5,21
2040.0,-300077497#8,4
2040.0,-35274074#2,11
2040.0,-51362429#1,1
2040.0,-51362430,2
2040.0,-593847703#3,32
2040.0,-E0,19
2040.0,1068234498#0,35
2040.0,1068440001,4
2040.0,1068440004#1,33
2040.0,238526531#0,25
2040.0,244450512#1,2
2040.0,260881642#0,3
2040.0,288878926#0,11
2040.0,300077497#0,2
2040.0,30620492#0,17
2040.0,30620492#1,5
2040.0,484988951#0,4
2040.0,49073226#2,2
2040.0,49695736#0,1
2040.0,506322842#0,2
2040.0,506322844#0,5
2040.0,506322846#0,6
2040.0,51362429#0,17
2040.0,51362430,2
2040.0,593849711#0,2
2040.0,594658757#0,1
2040.0,594658760#0,1
2040.0,:1973482489_3,1
2040.0,:3086736518_0,1
2040.0,:3086736518_6,1
2040.0,:655375232_2,5
2040.0,:655375233_0,2
2040.0,:655375233_2,1
2040.0,:655375233_4,3
2040.0,:655375233_8,7
2040.0,:655375238_2,1
2040.0,:655375238_3,1
2040.0,:656132414_2,1
2040.0,:cluster11510670762_4554226152_0,1
2040.0,:cluster655375336_end_0_655375336_end_1_655375336_end_10_655375336_end_11_#8more_25,2
2040.0,:cluster_2038168688_655375573_23,1
2040.0,:cluster_2038168688_655375573_25,1
2040.0,:cluster_2528018119_655375236_17,1
2040.0,:cluster_2528018119_655375236_31,1
2040.0,:cluster_2664674491_655375287_655375288_5,1
2040.0,:cluster_3208478133_655375293_655375296_9631728504_#1more_8,2
2060.0,-300077497#5,22
2060.0,-300077497#8,2
2060.0,-35274074#2,11
2060.0,-593847703#3,35
2060.0,-593847704#2,2
2060.0,-E0,19
2060.0,1068234498#0,34
2060.0,1068440004#1,33
2060.0,182334378#0,1
2060.0,186602412#0,4
2060.0,238526531#0,26
2060.0,244450512#1,2
2060.0,260881642#0,3
2060.0,288878926#0,4
2060.0,30620492#0,18
2060.0,30620492#1,5
2060.0,484988951#0,5
2060.0,49073226#2,4
2060.0,49695736#0,10
2060.0,506322842#0,2
2060.0,506322844#0,5
2060.0,506322846#0,3
2060.0,51362429#0,17
2060.0,51362430,1
2060.0,593844221#0,1
2060.0,594658757#0,1
2060.0,594658760#0,1
2060.0,:1973482489_8,1
2060.0,:3086736518_0,1
2060.0,:3086736518_6,1
2060.0,:655375232_2,5
2060.0,:655375233_0,2
2060.0,:655375233_2,1
2060.0,:655375233_4,2
2060.0,:655375233_8,7
2060.0,:655375238_3,1
2060.0,:655375238_5,1
2060.0,:cluster655375336_end_0_655375336_end_1_655375336_end_10_655375336_end_11_#8more_25,1
2060.0,:cluster_2038168688_655375573_25,1
2060.0,:cluster_3208478133_655375293_655375296_9631728504_#1more_8,1
2080.0,-300077497#5,26
2080.0,-300077497#8,2
2080.0,-35274074#2,9
2080.0,-593847703#3,35
2080.0,-E0,19
2080.0,1068234498#0,34
2080.0,1068440004#1,28
2080.0,182334378#0,1
2080.0,186602412#0,2
2080.0,238526531#0,26
2080.0,260881642#0,1
2080.0,288878926#0,4
2080.0,300077497#0,2
2080.0,300077497#6,2
2080.0,30620492#0,18
2080.0,30620492#1,5
2080.0,484988951#0,5
2080.0,49073226#2,4
2080.0,49695736#0,8
2080.0,506322842#0,2
2080.0,506322844#0,2
2080.0,51362429#0,17
2080.0,51362430,1
2080.0,593847702#0,2
2080.0,593847703#0,2
2080.0,593849718#0,2
2080.0,594658757#0,1
2080.0,594658760#0,1
2080.0,:3086736518_0,1
2080.0,:3086736518_6,1
2080.0,:655375232_2,5
2080.0,:655375233_4,2
2080.0,:655375233_8,6
2080.0,:655375238_5,1
2080.0,:655375239_5,1
2080.0,:cluster622618015_622618108_622618112_622618144_#2more_31,3
2080.0,:cluster655375336_end_0_655375336_end_1_655375336_end_10_655375336_end_11_#8more_25,1
2080.0,:cluster_2038168688_655375573_25,1
2080.0,:cluster_2528018119_655375236_20,1
2080.0,:cluster_2528018119_655375236_32,1
2100.0,-300077497#5,27
2100.0,-300077497#8,4
2100.0,-35274074#2,12
2100.0,-593847703#3,35
2100.0,-E0,18
2100.0,1068234498#0,34
2100.0,1068440004#1,32
2100.0,196961215#2,1
2100.0,238526531#0,23
2100.0,263217604#0,1
2100.0,288878926#0,4
2100.0,300077497#0,5
2100.0,300077497#6,2
2100.0,30620492#0,18
2100.0,30620492#1,5
2100.0,35274074#0,4
2100.0,484988951#0,5
2100.0,49073226#2,4
2100.0,49695736#0,2
2100.0,506322842#0,1
2100.0,506322844#0,6
2100.0,506322848#0,1
2100.0,51362429#0,17
2100.0,51362430,1
2100.0,593847703#0,2
2100.0,593847704#0,1
2100.0,594658757#0,1
2100.0,:3086736518_0,1
2100.0,:3086736518_6,1
2100.0,:655375232_2,5
2100.0,:655375233_4,2
2100.0,:655375233_8,6
2100.0,:655375238_1,1
2100.0,:cluster_2038168688_655375573_30,1
2100.0,:cluster_2528018119_655375236_20,1
2100.0,:cluster_2528018119_655375236_32,1
2120.0,-300077497#5,27
2120.0,-300077497#8,4
2120.0,-35274074#2,12
2120.0,-593847703#3,35
2120.0,-E0,18
2120.0,1068234498#0,34
2120.0,1068440004#1,33
2120.0,196961215#2,1
2120.0,238526531#0,23
2120.0,263217604#0,1
2120.0,288878926#0,4
2120.0,300077497#0,5
2120.0,30620492#0,18
2120.0,30620492#1,5
2120.0,35274074#0,6
2120.0,484988951#0,4
2120.0,49073226#2,4
2120.0,506322842#0,1
2120.0,506322844#0,7
2120.0,51362429#0,11
2120.0,51362430,1
2120.0,593847703#0,1
2120.0,:3086736518_0,2
2120.0,:3086736518_6,1
2120.0,:655375232_2,3
2120.0,:655375233_0,1
2120.0,:655375233_4,2
2120.0,:655375233_8,6
2120.0,:655375238_6,1
2120.0,:cluster_2038168688_655375573_23,1
2120.0,:cluster_2038168688_655375573_3,1
2120.0,:cluster_2038168688_655375573_30,1
2120.0,:cluster_2038168688_655375573_6,2
2120.0,:cluster_3431431575_4777363357_655375231_6982059025_5,1
2140.0,-300077497#5,27
2140.0,-300077497#8,4
2140.0,-35274074#2,12
2140.0,-593847703#3,35
2140.0,-593847704#2,2
2140.0,-E0,19
2140.0,1068234498#0,31
2140.0,1068440004#1,33
2140.0,186602412#0,2
2140.0,196961215#2,1
2140.0,238526531#0,26
2140.0,288135626#0,1
2140.0,300077497#0,1
2140.0,30620492#0,18
2140.0,30620492#1,5
2140.0,35274074#0,5
2140.0,484988951#0,3
2140.0,49073226#2,7
2140.0,506322842#0,1
2140.0,506322844#0,7
2140.0,506322846#0,4
2140.0,51362429#0,14
2140.0,594658760#0,1
2140.0,:1973482489_8,1
2140.0,:3086736518_0,2
2140.0,:3086736518_6,1
2140.0,:655375232_2,2
2140.0,:655375233_0,2
2140.0,:655375233_4,2
2140.0,:655375233_8,6
2140.0,:cluster_2038168688_655375573_23,1
2140.0,:cluster_2038168688_655375573_3,1
2140.0,:cluster_2038168688_655375573_30,1
2140.0,:cluster_2038168688_655375573_6,2
2140.0,:cluster_5372642442_631668976_631668981_631669076_45,1
2160.0,-300077497#5,27
2160.0,-300077497#8,4
2160.0,-35274074#2,12
2160.0,-51362429#1,3
2160.0,-593847701,1
2160.0,-593847703#3,28
2160.0,-E0,19
2160.0,1068234498#0,33
2160.0,1068234499#0,1
2160.0,1068440004#1,33
2160.0,186602412#0,4
2160.0,196961215#2,1
2160.0,238526531#0,27
2160.0,30620492#0,18
2160.0,30620492#1,5
2160.0,35274074#0,1
2160.0,484988951#0,4
2160.0,49073226#2,7
2160.0,506322842#0,1
2160.0,506322844#0,7
2160.0,506322846#0,4
2160.0,51362429#0,16
2160.0,593847702#0,1
2160.0,594658760#0,1
2160.0,:1973482489_3,1
2160.0,:3086736518_0,2
2160.0,:3086736518_6,1
2160.0,:3086736518_7,1
2160.0,:655375232_2,2
2160.0,:655375233_0,2
2160.0,:655375233_2,1
2160.0,:655375233_4,1
2160.0,:655375233_8,6
2160.0,:cluster_2038168688_655375573_30,1
2160.0,:cluster_2038168688_655375573_6,2
2160.0,:cluster_3431431575_4777363357_655375231_6982059025_3,1
2180.0,-300077497#5,27
2180.0,-300077497#8,4
2180.0,-35274074#2,12
2180.0,-51362429#1,3
2180.0,-593847703#3,28
2180.0,-E0,19
2180.0,1068234498#0,34
2180.0,1068440004#1,28
2180.0,186602412#0,4
2180.0,196961215#2,1
2180.0,238526531#0,26
2180.0,263217604#0,2
2180.0,300077497#0,1
2180.0,30620492#0,18
2180.0,30620492#1,5
2180.0,35274074#0,1
2180.0,484988951#0,4
2180.0,49073226#2,9
2180.0,49073264#0,1
2180.0,49073272#3,1
2180.0,506322842#0,1
2180.0,506322844#0,5
2180.0,51362429#0,17
2180.0,593847702#0,5
2180.0,593847704#0,1
2180.0,594658760#0,1
2180.0,:3086736518_0,2
2180.0,:3086736518_6,1
2180.0,:655375232_2,2
2180.0,:655375233_0,2
2180.0,:655375233_4,1
2180.0,:655375233_8,5
2180.0,:655375241_0,1
2180.0,:cluster622618015_622618108_622618112_622618144_#2more_31,1
2180.0,:cluster_2038168688_655375573_30,1
2180.0,:cluster_2038168688_655375573_6,2
2200.0,-300077497#5,27
2200.0,-300077497#8,4
2200.0,-35274074#2,12
2200.0,-51362429#1,3
2200.0,-593847703#3,28
2200.0,-E0,19
2200.0,1068234498#0,35
2200.0,1068440004#1,31
2200.0,238526531#0,26
2200.0,263217604#0,2
2200.0,288878926#0,2
2200.0,30620492#0,18
2200.0,30620492#1,5
2200.0,35274074#0,1
2200.0,484988951#0,4
2200.0,49073226#2,7
2200.0,49073264#0,1
2200.0,49073272#3,1
2200.0,506322842#0,1
2200.0,506322844#0,5
2200.0,51362429#0,17
2200.0,593847702#0,10
2200.0,594658760#0,1
2200.0,:3086736518_0,2
2200.0,:3086736518_6,1
2200.0,:655375232_2,2
2200.0,:655375233_0,2
2200.0,:655375233_4,1
2200.0,:655375233_8,1
2200.0,:cluster622618015_622618108_622618112_622618144_#2more_17,1
2200.0,:cluster_2038168688_655375573_30,1
2200.0,:cluster_2038168688_655375573_6,2
2200.0,:cluster_623980147_623980152_4,1
2220.0,-300077497#5,23
2220.0,-300077497#8,4
2220.0,-35274074#2,12
2220.0,-49073264#1,1
2220.0,-593847703#3,32
2220.0,-E0,19
2220.0,1068234498#0,35
2220.0,1068440004#1,34
2220.0,238526531#0,26
2220.0,288878926#0,6
2220.0,30620492#0,18
2220.0,30620492#1,5
2220.0,360018417,1
2220.0,360843888,1
2220.0,484988951#0,4
2220.0,49073226#2,4
2220.0,506322842#0,1
2220.0,506322844#0,5
2220.0,506322846#0,1
2220.0,51362429#0,16
2220.0,593847702#0,10
2220.0,593849711#0,1
2220.0,594658757#0,1
2220.0,594658760#0,1
2220.0,:3086736518_0,1
2220.0,:3086736518_6,1
2220.0,:655375232_2,3
2220.0,:655375233_0,3
2220.0,:655375233_4,1
2220.0,:655375233_8,1
2220.0,:cluster_2038168688_655375573_30,1
2220.0,:cluster_2038168688_655375573_6,2
2220.0,:cluster_623980147_623980152_9,1
2240.0,-300077497#5,23
2240.0,-35274074#2,12
2240.0,-49073264#1,1
2240.0,-593847703#3,34
2240.0,-593847704#2,1
2240.0,-E0,19
2240.0,1068234498#0,35
2240.0,1068440004#1,34
2240.0,186602412#0,1
2240.0,238526531#0,26
2240.0,288878926#0,5
2240.0,30620492#0,18
2240.0,30620492#1,5
2240.0,360843888,1
2240.0,484988951#0,4
2240.0,506322842#0,1
2240.0,506322844#0,5
2240.0,51362429#0,17
2240.0,593847702#0,10
2240.0,594658757#0,1
2240.0,594658760#0,1
2240.0,:3086736518_0,1
2240.0,:3086736518_6,1
2240.0,:655375232_2,3
2240.0,:655375233_0,3
2240.0,:655375233_4,1
2240.0,:655375233_8,1
2240.0,:655375238_5,2
2240.0,:cluster622618015_622618108_622618112_622618144_#2more_49,1
2240.0,:cluster_2038168688_655375573_30,1
2240.0,:cluster_2038168688_655375573_6,2
2260.0,-300077497#5,25
2260.0,-300077497#8,2
2260.0,-35274074#2,11
2260.0,-49073264#1,1
2260.0,-51362429#1,1
2260.0,-593847703#3,28
2260.0,-E0,19
2260.0,1068234498#0,35
2260.0,1068440004#1,34
2260.0,238526531#0,25
2260.0,288878926#0,5
2260.0,30620492#0,18
2260.0,30620492#1,5
2260.0,360843888,1
2260.0,484988951#0,4
2260.0,506322842#0,1
2260.0,506322844#0,2
2260.0,51362429#0,17
2260.0,593847702#0,3
2260.0,593847704#0,1
2260.0,593849718#0,2
2260.0,594658757#0,1
2260.0,594658760#0,1
2260.0,:3086736518_0,1
2260.0,:3086736518_6,1
2260.0,:655375232_2,3
2260.0,:655375233_0,3
2260.0,:655375233_4,4
2260.0,:655375233_8,1
2260.0,:655375238_2,1
2260.0,:655375238_5,1
2260.0,:655375239_5,1
2260.0,:cluster622618015_622618108_622618112_622618144_#2more_31,6
2260.0,:cluster_2038168688_655375573_30,1
2260.0,:cluster_2038168688_655375573_6,2
2260.0,:cluster_2038168688_655375573_8,1
2280.0,-300077497#5,27
2280.0,-300077497#8,4
2280.0,-35274074#2,11
2280.0,-593847703#3,26
2280.0,-E0,19
2280.0,1068234498#0,35
2280.0,1068440004#1,28
2280.0,186602412#0,1
2280.0,238526531#0,25
2280.0,288878926#0,5
2280.0,30620492#0,18
2280.0,30620492#1,5
2280.0,360843888,1
2280.0,484988951#0,4
2280.0,49073226#2,3
2280.0,506322842#0,1
2280.0,506322844#0,6
2280.0,51362429#0,17
2280.0,593847702#0,3
2280.0,593847703#0,3
2280.0,594658757#0,1
2280.0,594658760#0,1
2280.0,:1973482489_8,1
2280.0,:3086736518_0,1
2280.0,:3086736518_4,1
2280.0,:3086736518_6,1
2280.0,:655375232_2,3
2280.0,:655375233_4,2
2280.0,:655375233_8,6
2280.0,:655375238_3,1
2280.0,:655375238_5,1
2280.0,:cluster622618015_622618108_622618112_622618144_#2more_17,1
2280.0,:cluster622618015_622618108_622618112_622618144_#2more_42,1
2280.0,:cluster_2038168688_655375573_25,1
2300.0,-300077497#5,23
2300.0,-300077497#8,4
2300.0,-35274074#2,11
2300.0,-49073264#1,1
2300.0,-593847703#3,28
2300.0,-E0,19
2300.0,1068234498#0,35
2300.0,1068440004#1,31
2300.0,238526531#0,25
2300.0,244450512#5,1
2300.0,288878926#0,5
2300.0,300077497#0,2
2300.0,30620492#0,18
2300.0,30620492#1,5
2300.0,484988951#0,4
2300.0,49073226#2,3
2300.0,506322842#0,1
2300.0,506322844#0,6
2300.0,51362429#0,17
2300.0,593847702#0,3
2300.0,594658757#0,1
2300.0,594658760#0,1
2300.0,:3086736518_0,1
2300.0,:3086736518_4,1
2300.0,:3086736518_6,1
2300.0,:655375232_2,3
2300.0,:655375233_4,2
2300.0,:655375233_8,6
2300.0,:655375238_3,1
2300.0,:655375238_5,1
2300.0,:cluster_2038168688_655375573_25,1
2300.0,:cluster_2528018119_655375236_17,2
2300.0,:cluster_2528018119_655375236_3,1
2320.0,-300077497#5,21
2320.0,-300077497#8,4
2320.0,-35274074#2,11
2320.0,-49073264#1,1
2320.0,-593847703#3,31
2320.0,-E0,19
2320.0,1068234498#0,34
2320.0,1068440004#1,33
2320.0,238526531#0,26
2320.0,244450512#5,1
2320.0,300077497#0,2
2320.0,30620492#0,18
2320.0,30620492#1,5
2320.0,484988951#0,4
2320.0,49073226#2,3
2320.0,506322842#0,1
2320.0,506322844#0,6
2320.0,51362429#0,17
2320.0,593847702#0,3
2320.0,593849711#0,1
2320.0,594658757#0,1
2320.0,594658760#0,1
2320.0,:3086736518_0,1
2320.0,:3086736518_4,1
2320.0,:3086736518_6,1
2320.0,:655375232_2,2
2320.0,:655375233_0,1
2320.0,:655375233_4,2
2320.0,:655375233_8,6
2320.0,:655375238_1,1
2320.0,:655375238_3,1
2320.0,:655375238_5,1
2320.0,:cluster_2038168688_655375573_25,1
2320.0,:cluster_2528018119_655375236_17,1
2340.0,-300077497#5,22
2340.0,-35274074#2,10
2340.0,-49073264#1,1
2340.0,-593847703#3,33
2340.0,-E0,19
2340.0,1068234498#0,34
2340.0,1068440004#1,33
2340.0,232003903#0,1
2340.0,238526531#0,26
2340.0,244450512#5,1
2340.0,300077497#0,2
2340.0,300077497#6,1
2340.0,30620492#0,17
2340.0,30620492#1,5
2340.0,35274074#0,1
2340.0,484988951#0,4
2340.0,49073226#2,3
2340.0,506322842#0,1
2340.0,506322844#0,6
2340.0,51362429#0,15
2340.0,593847702#0,3
2340.0,594658757#0,1
2340.0,594658760#0,1
2340.0,:3086736518_0,2
2340.0,:3086736518_4,1
2340.0,:3086736518_6,1
2340.0,:655375232_2,3
2340.0,:655375233_0,2
2340.0,:655375233_4,2
2340.0,:655375233_8,6
2340.0,:655375238_1,1
2340.0,:655375238_2,1
2340.0,:cluster655375336_end_0_655375336_end_1_655375336_end_10_655375336_end_11_#8more_6,1
2340.0,:cluster_2038168688_655375573_25,1
2360.0,-1334905223#2,1
2360.0,-300077497#5,26
2360.0,-300077497#8,3
2360.0,-35274074#2,12
2360.0,-49073264#1,1
2360.0,-51362429#1,1
2360.0,-593847703#3,31
2360.0,-E0,19
2360.0,1068234498#0,34
2360.0,1068440004#1,33
2360.0,238526531#0,24
2360.0,244450512#5,1
2360.0,263217604#0,1
2360.0,300077497#6,1
2360.0,30620492#0,18
2360.0,30620492#1,5
2360.0,35274074#0,3
2360.0,484988951#0,4
2360.0,49073226#2,3
2360.0,49073272#3,1
2360.0,506322844#0,2
2360.0,51362429#0,17
2360.0,51362430,2
2360.0,593852345#0,1
2360.0,594658757#0,1
2360.0,594658760#0,1
2360.0,:3086736518_0,2
2360.0,:3086736518_6,1
2360.0,:655375232_2,3
2360.0,:655375232_8,2
2360.0,:655375233_0,2
2360.0,:655375233_4,3
2360.0,:655375233_8,6
2360.0,:655375238_1,1
2360.0,:655375238_5,1
2360.0,:655375239_5,1
2360.0,:cluster_2038168688_655375573_30,1
2380.0,-300077497#5,27
2380.0,-300077497#8,4
2380.0,-35274074#2,12
2380.0,-51362429#1,1
2380.0,-593847703#3,29
2380.0,-E0,19
2380.0,1068234498#0,34
2380.0,1068440004#1,33
2380.0,196961215#2,1
2380.0,238526531#0,23
2380.0,244450512#5,1
2380.0,263217604#0,2
2380.0,30620492#0,18
2380.0,30620492#1,5
2380.0,35274074#0,4
2380.0,484988951#0,5
2380.0,49073226#2,7
2380.0,49073272#3,1
2380.0,506322844#0,5
2380.0,51362429#0,17
2380.0,51362430,1
2380.0,593847702#0,2
2380.0,593847704#0,1
2380.0,594658757#0,1
2380.0,594658760#0,1
2380.0,:3086736518_0,2
2380.0,:3086736518_6,1
2380.0,:655375232_2,3
2380.0,:655375233_0,2
2380.0,:655375233_4,2
2380.0,:655375233_8,4
2380.0,:cluster_2038168688_655375573_8,1
2400.0,-300077497#5,23
2400.0,-300077497#8,4
2400.0,-35274074#2,12
2400.0,-51362429#1,1
2400.0,-593847703#3,33
2400.0,-E0,19
2400.0,1068234498#0,32
2400.0,1068440004#1,33
2400.0,196961215#2,1
2400.0,238526531#0,24
2400.0,288135626#0,1
2400.0,30620492#0,18
2400.0,30620492#1,5
2400.0,360018417,2
2400.0,360843888,1
2400.0,484988951#0,5
2400.0,49073226#2,7
2400.0,506322844#0,5
2400.0,506322846#0,4
2400.0,51362429#0,17
2400.0,51362430,2
2400.0,593847702#0,2
2400.0,594658757#0,1
2400.0,594658760#0,1
2400.0,:3086736518_0,2
2400.0,:3086736518_6,1
2400.0,:655375232_2,3
2400.0,:655375233_0,2
2400.0,:655375233_4,2
2400.0,:655375233_8,4
2400.0,:cluster3086736522_655375108_655375247_655375401_#1more_17,1
2400.0,:cluster_2038168688_655375573_25,1
2420.0,-300077497#5,24
2420.0,-35274074#2,12
2420.0,-51362429#1,1
2420.0,-593847703#3,34
2420.0,-E0,19
2420.0,1068234498#0,29
2420.0,1068234499#0,2
2420.0,1068440004#1,33
2420.0,186602412#0,4
2420.0,196961215#2,1
2420.0,238526531#0,25
2420.0,30620492#0,18
2420.0,30620492#1,5
2420.0,360843888,2
2420.0,484988951#0,5
2420.0,49073226#2,7
2420.0,506322844#0,5
2420.0,51362429#0,17
2420.0,51362430,2
2420.0,593847702#0,2
2420.0,593847704#0,1
2420.0,593849711#0,1
2420.0,594658757#0,1
2420.0,594658760#0,1
2420.0,:3086736518_0,2
2420.0,:655375232_2,3
2420.0,:655375233_0,2
2420.0,:655375233_4,2
2420.0,:655375233_8,4
2420.0,:655375238_5,2
2420.0,:cluster622618015_622618108_622618112_622618144_#2more_49,1
2420.0,:cluster_2038168688_655375573_25,1
2420.0,:cluster_5372642442_631668976_631668981_631669076_45,1
2440.0,-300077497#5,26
2440.0,-300077497#8,3
2440.0,-35274074#2,11
2440.0,-593847703#3,34
2440.0,-E0,19
2440.0,1068234498#0,33
2440.0,1068440004#1,33
2440.0,238526531#0,26
2440.0,288878926#0,4
2440.0,300077497#0,2
2440.0,30620492#0,18
2440.0,30620492#1,5
2440.0,360843888,2
2440.0,484988951#0,3
2440.0,49073226#2,3
2440.0,506322844#0,2
2440.0,51362429#0,13
2440.0,51362430,1
2440.0,593847704#0,1
2440.0,593849718#0,2
2440.0,594658757#0,1
2440.0,594658760#0,1
2440.0,:3086736518_0,3
2440.0,:655375232_2,5
2440.0,:655375233_0,3
2440.0,:655375233_4,2
2440.0,:655375233_8,4
2440.0,:655375238_2,1
2440.0,:655375239_5,1
2440.0,:cluster_2038168688_655375573_25,1
2440.0,:cluster_3431431575_4777363357_655375231_6982059025_3,1
2440.0,:cluster_3431431575_4777363357_655375231_6982059025_5,1
2440.0,:cluster_623980147_623980152_4,1
2460.0,-300077497#5,27
2460.0,-300077497#8,4
2460.0,-35274074#2,11
2460.0,-593847703#3,32
2460.0,-E0,19
2460.0,1068234498#0,34
2460.0,1068440004#1,33
2460.0,238526531#0,26
2460.0,263217604#0,2
2460.0,288878926#0,9
2460.0,300077497#6,2
2460.0,30620492#0,18
2460.0,30620492#1,5
2460.0,360843888,2
2460.0,484988951#0,2
2460.0,49073226#2,1
2460.0,506322844#0,6
2460.0,51362429#0,15
2460.0,594658757#0,1
2460.0,:3086736518_0,3
2460.0,:3086736518_4,1
2460.0,:655375232_2,5
2460.0,:655375233_0,3
2460.0,:655375233_4,3
2460.0,:655375233_8,4
2460.0,:655375238_3,1
2460.0,:655375238_5,1
2460.0,:655375239_6,1
2460.0,:cluster622618015_622618108_622618112_622618144_#2more_39,1
2460.0,:cluster_3431431575_4777363357_655375231_6982059025_7,2
2480.0,-300077497#5,25
2480.0,-300077497#8,4
2480.0,-35274074#2,11
2480.0,-51362429#1,2
2480.0,-593847703#3,32
2480.0,-E0,19
2480.0,1068234498#0,36
2480.0,1068440004#1,33
2480.0,182334378#0,1
2480.0,238526531#0,26
2480.0,244450512#4,1
2480.0,244450512#5,1
2480.0,263217604#0,3
2480.0,288878926#0,12
2480.0,30620492#0,18
2480.0,30620492#1,5
2480.0,484988951#0,3
2480.0,506322844#0,6
2480.0,51362429#0,16
2480.0,593847702#0,2
2480.0,594658757#0,1
2480.0,:3086736518_0,3
2480.0,:655375232_2,5
2480.0,:655375233_0,3
2480.0,:655375233_4,2
2480.0,:655375233_8,2
2480.0,:655375238_3,1
2480.0,:655375238_5,1
2480.0,:cluster_3431431575_4777363357_655375231_6982059025_3,1
2480.0,:cluster_3431431575_4777363357_655375231_6982059025_5,1
2500.0,-300077497#5,24
2500.0,-300077497#8,4
2500.0,-35274074#2,11
2500.0,-593847703#3,32
2500.0,-E0,19
2500.0,1068234498#0,36
2500.0,1068440004#1,29
2500.0,182334378#0,1
2500.0,238526531#0,26
2500.0,244450512#4,1
2500.0,244450512#5,2
2500.0,288878926#0,7
2500.0,300077497#0,3
2500.0,30620492#0,18
2500.0,30620492#1,5
2500.0,360843888,1
2500.0,484988951#0,4
2500.0,49073226#2,2
2500.0,506322844#0,6
2500.0,51362429#0,17
2500.0,593847702#0,2
2500.0,593849711#0,1
2500.0,594658757#0,1
2500.0,:3086736518_0,3
2500.0,:655375232_2,5
2500.0,:655375233_4,2
2500.0,:655375233_8,6
2500.0,:655375238_3,1
2500.0,:655375238_5,1
2500.0,:cluster622618015_622618108_622618112_622618144_#2more_0,1
2500.0,:cluster_2528018119_655375236_17,1
2500.0,:cluster_2664674491_655375287_655375288_1,1
2520.0,-300077497#5,25
2520.0,-300077497#8,3
2520.0,-35274074#2,11
2520.0,-593847703#3,34
2520.0,-E0,18
2520.0,1068234498#0,36
2520.0,1068440004#1,33
2520.0,182334378#0,1
2520.0,238526531#0,26
2520.0,244450512#4,1
2520.0,244450512#5,3
2520.0,288878926#0,5
2520.0,300077497#0,1
2520.0,300077497#6,1
2520.0,30620492#0,18
2520.0,30620492#1,5
2520.0,35274074#0,2
2520.0,484988951#0,4
2520.0,49073226#2,2
2520.0,506322844#0,6
2520.0,51362429#0,17
2520.0,593847702#0,2
2520.0,594658757#0,1
2520.0,:3086736518_0,3
2520.0,:3086736518_6,1
2520.0,:3208478128_0,1
2520.0,:655375232_2,5
2520.0,:655375233_4,2
2520.0,:655375233_8,6
2540.0,-300077497#5,27
2540.0,-300077497#8,4
2540.0,-35274074#2,11
2540.0,-593847703#3,34
2540.0,-E0,18
2540.0,1068234498#0,36
2540.0,1068440004#1,33
2540.0,238526531#0,25
2540.0,244450512#4,1
2540.0,244450512#5,3
2540.0,263217604#0,1
2540.0,288878926#0,5
2540.0,300077497#6,1
2540.0,30620492#0,18
2540.0,30620492#1,5
2540.0,35274074#0,3
2540.0,484988951#0,4
2540.0,49073226#2,2
2540.0,506322844#0,5
2540.0,51362429#0,17
2540.0,:3086736518_0,3
2540.0,:3086736518_6,1
2540.0,:3208478128_0,1
2540.0,:655375232_2,4
2540.0,:655375233_0,2
2540.0,:655375233_4,2
2540.0,:655375233_8,6
2540.0,:655375238_2,1
2540.0,:656132414_3,1
2560.0,-300077497#5,27
2560.0,-300077497#8,4
2560.0,-35274074#2,11
2560.0,-593847703#3,34
2560.0,-E0,19
2560.0,1068234498#0,36
2560.0,1068440004#1,33
2560.0,238526531#0,24
2560.0,244450512#4,1
2560.0,244450512#5,3
2560.0,263217604#0,2
2560.0,288878926#0,5
2560.0,30620492#0,18
2560.0,30620492#1,5
2560.0,35274074#0,3
2560.0,484988951#0,5
2560.0,49073226#2,2
2560.0,506322844#0,6
2560.0,51362429#0,17
2560.0,:3086736518_0,3
2560.0,:3086736518_6,1
2560.0,:3208478128_0,1
2560.0,:655375232_2,4
2560.0,:655375233_0,2
2560.0,:655375233_4,2
2560.0,:655375233_8,6
2560.0,:655375238_2,1
2560.0,:655375238_3,1
2580.0,-300077497#5,26
2580.0,-300077497#8,4
2580.0,-35274074#2,11
2580.0,-51362429#1,2
2580.0,-593847703#3,29
2580.0,-E0,19
2580.0,1068234498#0,35
2580.0,1068440004#1,33
2580.0,1239087514,1
2580.0,238526531#0,24
2580.0,288878926#0,3
2580.0,30620492#0,18
2580.0,30620492#1,5
2580.0,360843888,1
2580.0,484988951#0,5
2580.0,49073226#2,3
2580.0,506322844#0,6
2580.0,506322846#0,3
2580.0,51362429#0,17
2580.0,51362430,3
2580.0,593847702#0,1
2580.0,593849711#0,1
2580.0,:3086736518_0,3
2580.0,:3086736518_6,1
2580.0,:655375232_2,4
2580.0,:655375232_8,1
2580.0,:655375233_0,2
2580.0,:655375233_4,2
2580.0,:655375233_8,5
2580.0,:655375238_2,1
2580.0,:655375238_3,1
2580.0,:656132414_3,1
2580.0,:cluster3086736522_655375108_655375247_655375401_#1more_17,1
2580.0,:cluster_3431431575_4777363357_655375231_6982059025_3,2
2580.0,:cluster_5372642442_631668976_631668981_631669076_45,1
2600.0,-300077497#5,23
2600.0,-300077497#8,3
2600.0,-35274074#2,11
2600.0,-51362429#1,1
2600.0,-593847703#3,33
2600.0,-E0,19
2600.0,1068234498#0,33
2600.0,1068440004#1,31
2600.0,186602412#0,1
2600.0,238526531#0,26
2600.0,30620492#0,18
2600.0,30620492#1,5
2600.0,360843888,2
2600.0,484988951#0,5
2600.0,49073226#2,7
2600.0,506322844#0,6
2600.0,51362429#0,17
2600.0,51362430,5
2600.0,593847702#0,1
2600.0,:3086736518_0,3
2600.0,:3086736518_4,1
2600.0,:3086736518_6,1
2600.0,:655375232_2,4
2600.0,:655375233_0,2
2600.0,:655375233_4,1
2600.0,:655375233_8,7
2600.0,:655375238_3,1
2600.0,:655375238_5,1
2600.0,:cluster_5372642442_631668976_631668981_631669076_45,1
2620.0,-300077497#5,25
2620.0,-300077497#8,2
2620.0,-35274074#2,11
2620.0,-51362429#1,1
2620.0,-593847703#3,33
2620.0,-E0,19
2620.0,1068234498#0,35
2620.0,1068440004#1,32
2620.0,238526531#0,25
2620.0,263217604#0,1
2620.0,30620492#0,18
2620.0,30620492#1,5
2620.0,360843888,2
2620.0,484988951#0,5
2620.0,49073226#2,7
2620.0,506322844#0,3
2620.0,506322848#0,1
2620.0,51362429#0,17
2620.0,51362430,5
2620.0,593849718#0,1
2620.0,:3086736518_0,3
2620.0,:3086736518_4,1
2620.0,:3086736518_6,1
2620.0,:655375232_2,4
2620.0,:655375233_0,2
2620.0,:655375233_4,1
2620.0,:655375233_8,7
2620.0,:655375238_3,1
2620.0,:655375238_5,1
2620.0,:655375239_5,2
2620.0,:cluster_9383263990_9383263991_9383263992_9383263993_7,1
2640.0,-300077497#5,27
2640.0,-300077497#8,4
2640.0,-35274074#2,11
2640.0,-51362429#1,1
2640.0,-593847703#3,33
2640.0,-E0,19
2640.0,1068234498#0,39
2640.0,1068440004#1,32
2640.0,238526531#0,25
2640.0,263217604#0,2
2640.0,300077497#6,1
2640.0,30620492#0,17
2640.0,30620492#1,5
2640.0,360843888,2
2640.0,484988951#0,4
2640.0,49073226#2,7
2640.0,506322844#0,6
2640.0,51362429#0,16
2640.0,51362430,5
2640.0,:3086736518_0,3
2640.0,:3086736518_4,1
2640.0,:3086736518_6,1
2640.0,:655375232_2,5
2640.0,:655375233_0,2
2640.0,:655375233_4,1
2640.0,:655375233_8,7
2640.0,:cluster_3431431575_4777363357_655375231_6982059025_5,1
2660.0,-300077497#5,26
2660.0,-300077497#8,4
2660.0,-35274074#2,12
2660.0,-51362429#1,1
2660.0,-593847703#3,34
2660.0,-E0,19
2660.0,1068234498#0,42
2660.0,1068440004#1,32
2660.0,238526531#0,24
2660.0,244450512#4,1
2660.0,244450512#5,1
2660.0,263217604#0,2
2660.0,30620492#0,18
2660.0,30620492#1,5
2660.0,484988951#0,5
2660.0,49073226#2,7
2660.0,506322844#0,6
2660.0,51362429#0,18
2660.0,51362430,3
2660.0,:3086736518_0,3
2660.0,:3086736518_4,1
2660.0,:3086736518_6,1
2660.0,:655375232_2,5
2660.0,:655375233_0,2
2660.0,:655375233_4,1
2660.0,:655375233_8,7
2680.0,-300077497#5,25
2680.0,-300077497#8,4
2680.0,-35274074#2,12
2680.0,-51362429#1,2
2680.0,-593847703#3,29
2680.0,-E0,19
2680.0,1068234498#0,34
2680.0,1068234499#0,2
2680.0,1068440004#1,32
2680.0,238526531#0,25
2680.0,244450512#4,1
2680.0,244450512#5,2
2680.0,288135626#0,3
2680.0,288878926#0,4
2680.0,30620492#0,18
2680.0,30620492#1,5
2680.0,484988951#0,5
2680.0,49073226#2,2
2680.0,506322844#0,6
2680.0,51362429#0,18
2680.0,51362430,3
2680.0,593847702#0,2
2680.0,593849711#0,1
2680.0,:2444664370_0,1
2680.0,:3086736518_0,3
2680.0,:3086736518_6,1
2680.0,:655375232_2,5
2680.0,:655375233_0,2
2680.0,:655375233_2,2
2680.0,:655375233_4,3
2680.0,:655375233_8,5
2680.0,:cluster_2664674491_655375287_655375288_1,1
2680.0,:cluster_3431431575_4777363357_655375231_6982059025_3,2
2680.0,:cluster_5372642442_631668976_631668981_631669076_45,1
2680.0,:cluster_623980147_623980152_4,1
2700.0,-300077497#5,25
2700.0,-300077497#8,3
2700.0,-35274074#2,10
2700.0,-593847703#3,30
2700.0,-E0,19
2700.0,1068234498#0,34
2700.0,1068234499#0,6
2700.0,1068440004#1,32
2700.0,238526531#0,26
2700.0,244450512#5,3
2700.0,288878926#0,9
2700.0,30620492#0,18
2700.0,30620492#1,5
2700.0,484988951#0,5
2700.0,49073226#2,1
2700.0,506322844#0,6
2700.0,51362429#0,18
2700.0,51362430,3
2700.0,593847702#0,4
2700.0,593847704#0,1
2700.0,:3086736518_0,3
2700.0,:3086736518_4,1
2700.0,:3086736518_6,1
2700.0,:3208478128_0,1
2700.0,:655375232_2,5
2700.0,:655375233_0,2
2700.0,:655375233_4,1
2700.0,:655375233_8,5
2700.0,:655375238_2,1
2700.0,:655375238_3,1
2720.0,-300077497#5,26
2720.0,-300077497#8,4
2720.0,-35274074#2,11
2720.0,-593847703#3,30
2720.0,-E0,19
2720.0,1068234498#0,34
2720.0,1068440004#1,32
2720.0,238526531#0,25
2720.0,244450512#5,3
2720.0,263217604#0,1
2720.0,288878926#0,10
2720.0,300077497#0,6
2720.0,30620492#0,18
2720.0,30620492#1,5
2720.0,484988951#0,5
2720.0,49073272#3,2
2720.0,506322844#0,5
2720.0,51362429#0,18
2720.0,51362430,3
2720.0,593847704#0,1
2720.0,:3086736518_0,3
2720.0,:3086736518_4,1
2720.0,:3086736518_6,1
2720.0,:3208478128_0,1
2720.0,:655375232_2,5
2720.0,:655375233_0,2
2720.0,:655375233_4,1
2720.0,:655375233_8,5
2720.0,:655375238_3,1
2720.0,:655375238_5,1
2740.0,-300077497#5,27
2740.0,-300077497#8,4
2740.0,-35274074#2,11
2740.0,-593847703#3,30
2740.0,-E0,19
2740.0,1068234498#0,38
2740.0,1068440004#1,32
2740.0,238526531#0,24
2740.0,244450512#5,3
2740.0,263217604#0,1
2740.0,288878926#0,10
2740.0,300077497#6,1
2740.0,30620492#0,18
2740.0,30620492#1,5
2740.0,484988951#0,5
2740.0,49073272#3,3
2740.0,506322844#0,5
2740.0,51362429#0,18
2740.0,51362430,3
2740.0,:3086736518_0,3
2740.0,:3086736518_4,1
2740.0,:3086736518_6,1
2740.0,:3208478128_0,1
2740.0,:655375232_2,5
2740.0,:655375233_0,2
2740.0,:655375233_4,1
2740.0,:655375233_8,5
2740.0,:655375238_0,1
2740.0,:655375238_3,1
2740.0,:655375239_3,2
2760.0,-300077497#5,24
2760.0,-300077497#8,4
2760.0,-35274074#2,10
2760.0,-593847703#3,33
2760.0,-E0,19
2760.0,1068234498#0,37
2760.0,1068440004#1,32
2760.0,238526531#0,24
2760.0,288135626#0,1
2760.0,288878926#0,8
2760.0,300077497#0,1
2760.0,30620492#0,18
2760.0,30620492#1,5
2760.0,360018417,3
2760.0,484988951#0,5
2760.0,506322844#0,5
2760.0,51362429#0,18
2760.0,51362430,6
2760.0,593849711#0,1
2760.0,594658760#0,1
2760.0,:3086736518_0,3
2760.0,:3086736518_4,1
2760.0,:3086736518_6,1
2760.0,:655375232_2,4
2760.0,:655375233_0,2
2760.0,:655375233_4,1
2760.0,:655375233_8,5
2760.0,:656132414_3,1
2780.0,-300077497#5,24
2780.0,-300077497#8,1
2780.0,-35274074#2,10
2780.0,-51362429#1,2
2780.0,-593847703#3,29
2780.0,-E0,19
2780.0,1068234498#0,35
2780.0,1068234499#0,1
2780.0,1068440004#1,32
2780.0,182334378#0,1
2780.0,196961377#3,1
2780.0,238526531#0,26
2780.0,288878926#0,2
2780.0,30620492#0,18
2780.0,30620492#1,5
2780.0,484988951#0,5
2780.0,49695736#0,1
2780.0,506322844#0,5
2780.0,51362429#0,18
2780.0,51362430,7
2780.0,593847704#0,1
2780.0,:3086736518_0,3
2780.0,:3086736518_4,1
2780.0,:3086736518_6,1
2780.0,:655375232_2,4
2780.0,:655375233_0,2
2780.0,:655375233_4,3
2780.0,:655375233_8,5
2780.0,:655375238_1,1
2780.0,:655375238_5,1
2780.0,:cluster622618015_622618108_622618112_622618144_#2more_49,2
2800.0,-300077497#5,26
2800.0,-300077497#8,2
2800.0,-35274074#2,12
2800.0,-51362429#1,3
2800.0,-593847703#3,29
2800.0,-E0,19
2800.0,1068234498#0,35
2800.0,1068440004#1,30
2800.0,232003903#0,1
2800.0,238526531#0,24
2800.0,288878926#0,2
2800.0,300077497#0,1
2800.0,30620492#0,18
2800.0,30620492#1,5
2800.0,35274074#0,1
2800.0,484988951#0,5
2800.0,49073226#2,1
2800.0,506322844#0,2
2800.0,51362429#0,18
2800.0,51362430,7
2800.0,593847702#0,2
2800.0,593847703#0,1
2800.0,593847704#0,1
2800.0,:3086736518_0,3
2800.0,:3086736518_6,1
2800.0,:655375232_2,4
2800.0,:655375233_0,1
2800.0,:655375233_4,1
2800.0,:655375233_8,5
2800.0,:655375238_5,1
2800.0,:655375239_5,1
2820.0,-300077497#5,27
2820.0,-300077497#8,4
2820.0,-35274074#2,10
2820.0,-593847703#3,29
2820.0,-E0,19
2820.0,1068234498#0,35
2820.0,1068440004#1,29
2820.0,232003903#0,1
2820.0,238526531#0,23
2820.0,288878926#0,2
2820.0,300077497#6,1
2820.0,30620492#0,18
2820.0,30620492#1,5
2820.0,35274074#0,1
2820.0,484988951#0,5
2820.0,49073226#2,4
2820.0,49073272#3,1
2820.0,506322844#0,5
2820.0,51362429#0,18
2820.0,51362430,7
2820.0,593847703#0,1
2820.0,593847704#0,1
2820.0,:3086736518_0,3
2820.0,:655375232_2,4
2820.0,:655375233_0,1
2820.0,:655375233_4,1
2820.0,:655375233_8,6
2820.0,:655375238_2,1
2820.0,:655375238_3,1
2820.0,:cluster622618015_622618108_622618112_622618144_#2more_42,1
2820.0,:cluster_2038168688_655375573_25,1
2840.0,-300077497#5,23
2840.0,-300077497#8,4
2840.0,-35274074#2,11
2840.0,-49073264#1,1
2840.0,-593847703#3,31
2840.0,-E0,18
2840.0,1068234498#0,35
2840.0,1068440004#1,29
2840.0,238526531#0,23
2840.0,288878926#0,2
2840.0,300077497#0,1
2840.0,30620492#0,18
2840.0,30620492#1,5
2840.0,360018417,1
2840.0,484988951#0,5
2840.0,49073226#2,4
2840.0,506322844#0,5
2840.0,51362429#0,17
2840.0,51362430,8
2840.0,593847703#0,1
2840.0,593847705,1
2840.0,:3086736518_0,2
2840.0,:3086736518_6,1
2840.0,:655375232_2,3
2840.0,:655375233_0,1
2840.0,:655375233_4,1
2840.0,:655375233_8,6
2840.0,:655375238_2,1
2840.0,:655375238_3,1
2840.0,:cluster_2038168688_655375573_23,1
2840.0,:cluster_2528018119_655375236_17,1
2840.0,:cluster_2528018119_655375236_31,1
2860.0,-300077497#5,21
2860.0,-300077497#8,4
2860.0,-35274074#2,11
2860.0,-49073264#1,1
2860.0,-593847703#3,33
2860.0,-E0,18
2860.0,1068234498#0,33
2860.0,1068440004#1,29
2860.0,1239087514,1
2860.0,186602412#0,1
2860.0,196961377#3,1
2860.0,238526531#0,26
2860.0,300077497#0,2
2860.0,30620492#0,18
2860.0,30620492#1,5
2860.0,35274074#0,1
2860.0,484988951#0,4
2860.0,49073226#2,4
2860.0,506322844#0,5
2860.0,51362429#0,17
2860.0,51362430,8
2860.0,:3086736518_0,3
2860.0,:3086736518_6,1
2860.0,:655375232_2,2
2860.0,:655375233_0,2
2860.0,:655375233_4,1
2860.0,:655375233_8,6
2860.0,:655375238_2,1
2860.0,:655375238_3,1
2860.0,:cluster_3208478133_655375293_655375296_9631728504_#1more_10,1
2860.0,:cluster_3431431575_4777363357_655375231_6982059025_5,1
2880.0,-300077497#5,25
2880.0,-35274074#2,11
2880.0,-49073264#1,1
2880.0,-593847703#3,31
2880.0,-E0,18
2880.0,1068234498#0,33
2880.0,1068440004#1,29
2880.0,238526531#0,26
2880.0,300077497#6,1
2880.0,30620492#0,18
2880.0,30620492#1,5
2880.0,484988951#0,5
2880.0,49073226#2,4
2880.0,506322844#0,5
2880.0,506322846#0,1
2880.0,51362429#0,18
2880.0,51362430,9
2880.0,:3086736518_0,3
2880.0,:3086736518_6,1
2880.0,:655375232_2,2
2880.0,:655375232_8,1
2880.0,:655375233_0,2
2880.0,:655375233_2,1
2880.0,:655375233_4,2
2880.0,:655375233_8,6
2880.0,:655375238_1,1
2880.0,:655375238_6,1
2900.0,-1334905223#2,1
2900.0,-300077497#5,27
2900.0,-300077497#8,3
2900.0,-35274074#2,11
2900.0,-49073264#1,1
2900.0,-593847703#3,27
2900.0,-E0,18
2900.0,1068234498#0,34
2900.0,1068440004#1,27
2900.0,238526531#0,24
2900.0,263217604#0,2
2900.0,300077497#6,2
2900.0,30620492#0,18
2900.0,30620492#1,5
2900.0,35274074#0,2
2900.0,484988951#0,5
2900.0,49073226#2,5
2900.0,49073272#1,1
2900.0,506322844#0,2
2900.0,51362429#0,18
2900.0,51362430,9
2900.0,593847702#0,1
2900.0,:3086736518_0,3
2900.0,:3086736518_6,1
2900.0,:655375232_2,2
2900.0,:655375233_0,2
2900.0,:655375233_4,4
2900.0,:655375233_8,5
2900.0,:655375239_6,1
2900.0,:cluster622618015_622618108_622618112_622618144_#2more_31,1
2900.0,:cluster_623980147_623980152_9,1
2920.0,-300077497#5,27
2920.0,-300077497#8,4
2920.0,-35274074#2,12
2920.0,-593847703#3,27
2920.0,-E0,18
2920.0,1068234498#0,34
2920.0,1068440004#1,26
2920.0,238526531#0,23
2920.0,263217604#0,4
2920.0,288878926#0,6
2920.0,30620492#0,18
2920.0,30620492#1,5
2920.0,35274074#0,2
2920.0,484988951#0,5
2920.0,49073272#3,1
2920.0,506322844#0,5
2920.0,51362429#0,18
2920.0,51362430,9
2920.0,593847702#0,1
2920.0,:3086736518_0,3
2920.0,:3086736518_6,1
2920.0,:655375232_2,2
2920.0,:655375233_0,2
2920.0,:655375233_4,4
2920.0,:655375233_8,6
2940.0,-300077497#5,22
2940.0,-300077497#8,4
2940.0,-35274074#2,12
2940.0,-593847703#3,32
2940.0,-E0,18
2940.0,1068234498#0,32
2940.0,1068440004#1,26
2940.0,238526531#0,24
2940.0,288878926#0,4
2940.0,30620492#0,18
2940.0,30620492#1,4
2940.0,360018417,1
2940.0,360843888,1
2940.0,484988951#0,5
2940.0,506322844#0,6
2940.0,506322846#0,2
2940.0,51362429#0,18
2940.0,51362430,9
2940.0,593847702#0,1
2940.0,593849711#0,1
2940.0,594658757#0,1
2940.0,594658760#0,1
2940.0,:3086736518_0,3
2940.0,:3086736518_6,1
2940.0,:655375232_2,2
2940.0,:655375233_0,2
2940.0,:655375233_4,4
2940.0,:655375233_8,6
2940.0,:cluster3086736522_655375108_655375247_655375401_#1more_17,1
2940.0,:cluster_5372642442_631668976_631668981_631669076_45,2
2960.0,-300077497#5,22
2960.0,-300077497#8,1
2960.0,-35274074#2,12
2960.0,-593847703#3,34
2960.0,-E0,18
2960.0,1068234498#0,31
2960.0,1068440004#1,26
2960.0,238526531#0,28
2960.0,30620492#0,17
2960.0,30620492#1,5
2960.0,360843888,2
2960.0,484988951#0,5
2960.0,506322844#0,6
2960.0,51362429#0,17
2960.0,51362430,9
2960.0,593847702#0,1
2960.0,593849711#0,1
2960.0,594658757#0,1
2960.0,594658760#0,1
2960.0,:3086736518_0,3
2960.0,:3086736518_6,1
2960.0,:655375232_2,2
2960.0,:655375233_0,2
2960.0,:655375233_4,4
2960.0,:655375233_8,6
2960.0,:655375238_5,1
2960.0,:cluster_2528018119_655375236_3,1
2980.0,-300077497#5,26
2980.0,-300077497#8,2
2980.0,-35274074#2,10
2980.0,-593847703#3,32
2980.0,-E0,18
2980.0,1068234498#0,32
2980.0,1068440004#1,26
2980.0,238526531#0,25
2980.0,263217604#0,1
2980.0,300077497#0,1
2980.0,300077497#6,2
2980.0,30620492#0,18
2980.0,30620492#1,5
2980.0,360843888,2
2980.0,484988951#0,5
2980.0,506322844#0,2
2980.0,506322848#0,1
2980.0,51362429#0,17
2980.0,51362430,9
2980.0,593849718#0,1
2980.0,594658757#0,1
2980.0,594658760#0,1
2980.0,:3086736518_0,3
2980.0,:3086736518_4,2
2980.0,:3086736518_6,1
2980.0,:655375232_2,2
2980.0,:655375233_0,2
2980.0,:655375233_4,4
2980.0,:655375233_8,6
2980.0,:655375239_5,1
2980.0,:cluster_2528018119_655375236_12,1
2980.0,:cluster_9383263990_9383263991_9383263992_9383263993_7,1
3000.0,-300077497#5,27
3000.0,-300077497#8,4
3000.0,-35274074#2,12
3000.0,-51362429#1,5
3000.0,-593847703#3,27
3000.0,-E0,18
3000.0,1068234498#0,33
3000.0,1068440004#1,26
3000.0,238526531#0,23
3000.0,263217604#0,1
3000.0,300077497#6,2
3000.0,30620492#0,18
3000.0,30620492#1,5
3000.0,35274074#0,1
3000.0,360843888,2
3000.0,484988951#0,5
3000.0,506322844#0,5
3000.0,51362429#0,17
3000.0,51362430,9
3000.0,593847702#0,3
3000.0,594658757#0,1
3000.0,594658760#0,1
3000.0,:3086736518_0,3
3000.0,:3086736518_6,1
3000.0,:655375232_2,2
3000.0,:655375233_0,2
3000.0,:655375233_4,2
3000.0,:655375233_8,5
3000.0,:655375238_0,1
3000.0,:cluster_3431431575_4777363357_655375231_6982059025_3,2
3020.0,-300077497#5,23
3020.0,-300077497#8,4
3020.0,-35274074#2,4
3020.0,-593847703#3,29
3020.0,-E0,18
3020.0,1068234498#0,37
3020.0,1068440004#1,25
3020.0,238526531#0,23
3020.0,244450512#4,1
3020.0,244450512#5,1
3020.0,263217604#0,1
3020.0,300077497#6,1
3020.0,30620492#0,18
3020.0,30620492#1,5
3020.0,484988951#0,5
3020.0,49073226#2,7
3020.0,506322844#0,5
3020.0,51362429#0,17
3020.0,51362430,9
3020.0,593847702#0,3
3020.0,594658757#0,1
3020.0,594658760#0,1
3020.0,:3086736518_0,3
3020.0,:3086736518_6,1
3020.0,:655375232_2,2
3020.0,:655375233_0,2
3020.0,:655375233_4,2
3020.0,:655375233_8,6
3020.0,:655375238_3,1
3020.0,:655375239_3,1
3020.0,:cluster_2038168688_655375573_23,1
3020.0,:cluster_2528018119_655375236_17,2
3020.0,E1,1
3040.0,-300077497#5,23
3040.0,-300077497#8,4
3040.0,-593847703#3,31
3040.0,-E0,18
3040.0,1068234498#0,30
3040.0,1068234499#0,2
3040.0,1068440004#1,25
3040.0,186602412#0,1
3040.0,238526531#0,26
3040.0,244450512#5,2
3040.0,300077497#6,4
3040.0,30620492#0,18
3040.0,30620492#1,5
3040.0,484988951#0,5
3040.0,49073226#2,7
3040.0,506322844#0,5
3040.0,51362429#0,17
3040.0,51362430,9
3040.0,593847702#0,3
3040.0,594658757#0,1
3040.0,594658760#0,2
3040.0,:2444664370_0,1
3040.0,:3086736518_0,3
3040.0,:3086736518_6,1
3040.0,:655375232_2,2
3040.0,:655375233_0,2
3040.0,:655375233_4,2
3040.0,:655375233_8,6
3040.0,:cluster_5372642442_631668976_631668981_631669076_45,1
3060.0,-300077497#5,26
3060.0,-593847703#3,32
3060.0,-E0,18
3060.0,1068234498#0,33
3060.0,1068234499#0,3
3060.0,1068440004#1,25
3060.0,238526531#0,27
3060.0,244450512#5,2
3060.0,300077497#6,4
3060.0,30620492#0,18
3060.0,30620492#1,5
3060.0,484988951#0,5
3060.0,49073226#2,7
3060.0,506322844#0,5
3060.0,51362429#0,17
3060.0,51362430,9
3060.0,593847702#0,3
3060.0,594658757#0,1
3060.0,594658760#0,2
3060.0,:3086736518_0,3
3060.0,:3086736518_6,1
3060.0,:655375232_2,2
3060.0,:655375233_0,2
3060.0,:655375233_4,2
3060.0,:655375233_8,6
3080.0,-1334905223#2,1
3080.0,-300077497#5,26
3080.0,-300077497#8,3
3080.0,-35274074#2,6
3080.0,-49073264#1,1
3080.0,-593847703#3,32
3080.0,-E0,18
3080.0,1068234498#0,36
3080.0,1068440004#1,25
3080.0,238526531#0,19
3080.0,244450512#5,2
3080.0,263217604#0,1
3080.0,300077497#0,3
3080.0,300077497#6,4
3080.0,30620492#0,18
3080.0,30620492#1,5
3080.0,484988951#0,5
3080.0,49073226#2,7
3080.0,49073272#3,1
3080.0,506322844#0,6
3080.0,51362429#0,17
3080.0,51362430,9
3080.0,594658757#0,1
3080.0,594658760#0,2
3080.0,:3086736518_0,3
3080.0,:3086736518_6,1
3080.0,:655375232_2,2
3080.0,:655375233_0,2
3080.0,:655375233_4,2
3080.0,:655375233_8,6
3080.0,:655375238_5,1
3080.0,:cluster_2038168688_655375573_25,1
3100.0,-300077497#5,27
3100.0,-300077497#8,4
3100.0,-35274074#2,12
3100.0,-51362429#1,4
3100.0,-593847703#3,26
3100.0,-E0,18
3100.0,1068234498#0,36
3100.0,1068440004#1,25
3100.0,238526531#0,14
3100.0,244450512#5,2
3100.0,263217604#0,2
3100.0,300077497#0,1
3100.0,300077497#6,1
3100.0,30620492#0,18
3100.0,30620492#1,5
3100.0,484988951#0,5
3100.0,49073226#2,7
3100.0,49073272#3,1
3100.0,506322844#0,6
3100.0,51362429#0,17
3100.0,51362430,9
3100.0,593847702#0,1
3100.0,594658757#0,1
3100.0,594658760#0,2
3100.0,:3086736518_0,3
3100.0,:3086736518_6,1
3100.0,:655375232_2,2
3100.0,:655375233_0,2
3100.0,:655375233_4,3
3100.0,:655375233_8,5
3100.0,:655375238_0,1
3100.0,:655375239_3,1
3120.0,-300077497#5,20
3120.0,-300077497#8,4
3120.0,-35274074#2,5
3120.0,-51362429#1,4
3120.0,-593847703#3,31
3120.0,-E0,18
3120.0,1068234498#0,32
3120.0,1068440004#1,24
3120.0,182334378#0,1
3120.0,238526531#0,16
3120.0,300077497#6,2
3120.0,30620492#0,18
3120.0,30620492#1,5
3120.0,360018417,1
3120.0,360843888,1
3120.0,484988951#0,5
3120.0,49073226#2,7
3120.0,506322844#0,6
3120.0,51362429#0,17
3120.0,51362430,11
3120.0,593847702#0,1
3120.0,594658757#0,1
3120.0,594658760#0,2
3120.0,:3086736518_0,3
3120.0,:3086736518_6,1
3120.0,:655375232_2,2
3120.0,:655375233_0,2
3120.0,:655375233_4,2
3120.0,:655375233_8,6
3120.0,:655375238_3,1
3120.0,:cluster3086736522_655375108_655375247_655375401_#1more_17,1
3120.0,:cluster655375336_end_0_655375336_end_1_655375336_end_10_655375336_end_11_#8more_6,1
3120.0,:cluster_5372642442_631668976_631668981_631669076_45,2
3140.0,-300077497#5,22
3140.0,-300077497#8,1
3140.0,-35274074#2,4
3140.0,-51362429#1,3
3140.0,-593847703#3,31
3140.0,-E0,17
3140.0,1068234498#0,27
3140.0,1068440004#1,24
3140.0,232003903#0,2
3140.0,238526531#0,23
3140.0,288135626#0,1
3140.0,288878926#0,2
3140.0,300077497#6,4
3140.0,30620492#0,18
3140.0,30620492#1,5
3140.0,360843888,2
3140.0,484988951#0,5
3140.0,49073226#2,4
3140.0,506322844#0,6
3140.0,51362429#0,17
3140.0,51362430,11
3140.0,593847702#0,1
3140.0,593847704#0,1
3140.0,593849711#0,1
3140.0,594658757#0,1
3140.0,594658760#0,2
3140.0,:3086736518_0,3
3140.0,:3086736518_6,1
3140.0,:655375232_2,2
3140.0,:655375233_0,2
3140.0,:655375233_4,2
3140.0,:655375233_8,6
3140.0,:655375238_5,1
3140.0,:cluster_3431431575_4777363357_655375231_6982059025_3,1
3140.0,:cluster_5372642442_631668976_631668981_631669076_26,1
3140.0,:cluster_5372642442_631668976_631668981_631669076_45,1
3140.0,:cluster_623980147_623980152_9,1
3160.0,-300077497#5,25
3160.0,-300077497#8,2
3160.0,-35274074#2,7
3160.0,-593847703#3,31
3160.0,-E0,19
3160.0,1068234498#0,28
3160.0,1068234499#0,1
3160.0,1068440004#1,24
3160.0,232003903#0,2
3160.0,238526531#0,20
3160.0,263217604#0,1
3160.0,288878926#0,9
3160.0,300077497#0,1
3160.0,300077497#6,4
3160.0,30620492#0,18
3160.0,30620492#1,5
3160.0,360843888,2
3160.0,484988951#0,4
3160.0,49073226#2,1
3160.0,506322844#0,2
3160.0,506322848#0,2
3160.0,51362429#0,15
3160.0,51362430,11
3160.0,593847703#0,1
3160.0,593847704#0,1
3160.0,593849718#0,1
3160.0,594658760#0,1
3160.0,:3086736518_0,2
3160.0,:3086736518_6,1
3160.0,:655375232_2,4
3160.0,:655375233_0,2
3160.0,:655375233_4,2
3160.0,:655375233_8,6
3160.0,:655375239_5,1
3160.0,:cluster655375336_end_0_655375336_end_1_655375336_end_10_655375336_end_11_#8more_17,1
3160.0,:cluster_2038168688_655375573_8,1
3160.0,:cluster_2038168688_655375573_9,1
3160.0,:cluster_3431431575_4777363357_655375231_6982059025_5,1
3160.0,:cluster_623980147_623980152_4,1
3160.0,:cluster_9383263990_9383263991_9383263992_9383263993_7,1
3180.0,-1334905223#2,1
3180.0,-300077497#5,27
3180.0,-300077497#8,4
3180.0,-35274074#2,12
3180.0,-593847703#3,31
3180.0,-E0,19
3180.0,1068234498#0,28
3180.0,1068440004#1,24
3180.0,232003903#0,2
3180.0,238526531#0,14
3180.0,263217604#0,3
3180.0,288878926#0,12
3180.0,300077497#0,2
3180.0,300077497#6,4
3180.0,30620492#0,18
3180.0,30620492#1,5
3180.0,360843888,2
3180.0,484988951#0,5
3180.0,506322840#0,1
3180.0,506322844#0,4
3180.0,51362429#0,16
3180.0,51362430,9
3180.0,593847703#0,1
3180.0,594658760#0,1
3180.0,:3086736518_0,2
3180.0,:3086736518_6,1
3180.0,:655375232_2,4
3180.0,:655375233_0,2
3180.0,:655375233_4,2
3180.0,:655375233_8,6
3180.0,:655375241_0,1
3180.0,:cluster622618015_622618108_622618112_622618144_#2more_39,1
3180.0,:cluster655375336_end_0_655375336_end_1_655375336_end_10_655375336_end_11_#8more_17,1
3200.0,-300077497#5,25
3200.0,-300077497#8,4
3200.0,-35274074#2,8
3200.0,-593847703#3,30
3200.0,-E0,19
3200.0,1068234498#0,32
3200.0,1068440004#1,24
3200.0,238526531#0,14
3200.0,244450512#4,2
3200.0,263217604#0,3
3200.0,288878926#0,12
3200.0,300077497#0,1
3200.0,300077497#6,1
3200.0,30620492#0,18
3200.0,30620492#1,5
3200.0,484988951#0,2
3200.0,49073226#2,5
3200.0,506322844#0,8
3200.0,51362429#0,16
3200.0,51362430,7
3200.0,594658760#0,1
3200.0,:3086736518_0,2
3200.0,:3086736518_6,1
3200.0,:655375232_2,4
3200.0,:655375232_8,1
3200.0,:655375233_0,2
3200.0,:655375233_4,2
3200.0,:655375233_8,6
3200.0,:655375238_3,1
3200.0,:655375239_3,1
3200.0,:cluster655375336_end_0_655375336_end_1_655375336_end_10_655375336_end_11_#8more_17,1
3200.0,:cluster_3431431575_4777363357_655375231_6982059025_3,2
3200.0,:cluster_3431431575_4777363357_655375231_6982059025_7,2
3220.0,-300077497#5,25
3220.0,-300077497#8,4
3220.0,-35274074#2,3
3220.0,-51362429#1,1
3220.0,-593847703#3,30
3220.0,-E0,19
3220.0,1068234498#0,27
3220.0,1068234499#0,3
3220.0,1068440004#1,19
3220.0,238526531#0,18
3220.0,244450512#4,1
3220.0,244450512#5,2
3220.0,288135626#0,1
3220.0,288878926#0,6
3220.0,300077497#6,4
3220.0,30620492#0,18
3220.0,30620492#1,5
3220.0,35274074#0,1
3220.0,484988951#0,4
3220.0,49073226#2,13
3220.0,506322844#0,8
3220.0,51362429#0,16
3220.0,51362430,1
3220.0,593847702#0,6
3220.0,593849711#0,2
3220.0,594658757#0,1
3220.0,594658760#0,2
3220.0,:3086736518_0,2
3220.0,:3086736518_6,1
3220.0,:655375232_2,4
3220.0,:655375233_0,2
3220.0,:655375233_4,1
3220.0,:655375233_8,5
3220.0,:cluster655375336_end_0_655375336_end_1_655375336_end_10_655375336_end_11_#8more_17,1
3220.0,:cluster_3431431575_4777363357_655375231_6982059025_7,1
3220.0,:cluster_5372642442_631668976_631668981_631669076_26,1
3220.0,:cluster_5372642442_631668976_631668981_631669076_45,2
3240.0,-300077497#5,27
3240.0,-300077497#8,2
3240.0,-35274074#2,3
3240.0,-51362429#1,1
3240.0,-593847703#3,30
3240.0,-E0,19
3240.0,1068234498#0,20
3240.0,1068234499#0,4
3240.0,1068440004#1,19
3240.0,238526531#0,26
3240.0,244450512#5,3
3240.0,288135626#0,1
3240.0,288878926#0,4
3240.0,300077497#6,4
3240.0,30620492#0,18
3240.0,30620492#1,5
3240.0,484988951#0,5
3240.0,49073226#2,14
3240.0,506322844#0,8
3240.0,51362429#0,16
3240.0,593847702#0,11
3240.0,594658760#0,2
3240.0,:1973482489_8,1
3240.0,:3086736518_0,2
3240.0,:3086736518_6,1
3240.0,:655375232_2,4
3240.0,:655375233_0,2
3240.0,:655375233_4,1
3240.0,:655375233_8,1
3240.0,:cluster655375336_end_0_655375336_end_1_655375336_end_10_655375336_end_11_#8more_17,1
3240.0,:cluster_5372642442_631668976_631668981_631669076_22,1
3240.0,:cluster_5372642442_631668976_631668981_631669076_45,1
3260.0,-1334905223#2,1
3260.0,-300077497#5,27
3260.0,-300077497#8,4
3260.0,-35274074#2,9
3260.0,-51362429#1,1
3260.0,-593847703#3,30
3260.0,-E0,19
3260.0,1068234498#0,27
3260.0,1068440004#1,19
3260.0,238526531#0,13
3260.0,244450512#5,3
3260.0,263217604#0,5
3260.0,288878926#0,4
3260.0,300077497#0,5
3260.0,300077497#6,4
3260.0,30620492#0,16
3260.0,30620492#1,5
3260.0,484988951#0,5
3260.0,49073226#2,14
3260.0,506322840#0,1
3260.0,506322844#0,5
3260.0,506322848#0,2
3260.0,51362429#0,16
3260.0,593849718#0,6
3260.0,594658760#0,2
3260.0,:3086736518_0,1
3260.0,:3086736518_6,1
3260.0,:655375232_2,4
3260.0,:655375233_0,3
3260.0,:655375233_4,1
3260.0,:655375233_8,1
3260.0,:655375241_0,1
3260.0,:cluster655375336_end_0_655375336_end_1_655375336_end_10_655375336_end_11_#8more_17,1
3260.0,:cluster_2038168688_655375573_25,1
3260.0,:cluster_2528018119_655375236_29,1
3260.0,:cluster_9383263990_9383263991_9383263992_9383263993_7,2
3280.0,-1334905223#2,1
3280.0,-300077497#5,27
3280.0,-300077497#8,4
3280.0,-35274074#2,12
3280.0,-51362429#1,1
3280.0,-593847703#3,30
3280.0,-E0,19
3280.0,1068234498#0,34
3280.0,1068440004#1,19
3280.0,238526531#0,11
3280.0,244450512#5,3
3280.0,263217604#0,5
3280.0,288878926#0,4
3280.0,300077497#0,4
3280.0,300077497#6,1
3280.0,30620492#0,18
3280.0,30620492#1,5
3280.0,484988951#0,5
3280.0,49073226#2,14
3280.0,506322844#0,5
3280.0,51362429#0,16
3280.0,594658760#0,2
3280.0,:3086736518_0,1
3280.0,:3086736518_6,1
3280.0,:655375232_2,4
3280.0,:655375233_0,3
3280.0,:655375233_4,1
3280.0,:655375233_8,1
3280.0,:655375238_0,1
3280.0,:655375239_3,1
3280.0,:cluster655375336_end_0_655375336_end_1_655375336_end_10_655375336_end_11_#8more_17,1
3300.0,-300077497#5,25
3300.0,-300077497#8,4
3300.0,-35274074#2,7
3300.0,-51362429#1,3
3300.0,-593847703#3,29
3300.0,-E0,19
3300.0,1068234498#0,34
3300.0,1068440004#1,19
3300.0,238526531#0,12
3300.0,288135626#0,3
3300.0,288878926#0,2
3300.0,300077497#6,2
3300.0,30620492#0,18
3300.0,30620492#1,5
3300.0,360843888,1
3300.0,484988951#0,5
3300.0,49073226#2,14
3300.0,506322844#0,5
3300.0,51362429#0,16
3300.0,51362430,3
3300.0,593847702#0,1
3300.0,593849711#0,2
3300.0,594658760#0,4
3300.0,:3086736518_0,1
3300.0,:3086736518_6,1
3300.0,:655375232_2,4
3300.0,:655375233_0,3
3300.0,:655375233_4,3
3300.0,:655375238_3,1
3300.0,:cluster3086736522_655375108_655375247_655375401_#1more_17,2
3300.0,:cluster655375336_end_0_655375336_end_1_655375336_end_10_655375336_end_11_#8more_17,1
3300.0,:cluster_5372642442_631668976_631668981_631669076_45,2
3320.0,-300077497#5,26
3320.0,-300077497#8,2
3320.0,-35274074#2,6
3320.0,-51362429#1,5
3320.0,-593847703#3,29
3320.0,-E0,19
3320.0,1068234498#0,26
3320.0,1068234499#0,3
3320.0,1068440004#1,13
3320.0,238526531#0,19
3320.0,300077497#0,3
3320.0,300077497#6,4
3320.0,30620492#0,18
3320.0,30620492#1,5
3320.0,360843888,3
3320.0,484988951#0,5
3320.0,49073226#2,14
3320.0,506322844#0,5
3320.0,51362429#0,16
3320.0,51362430,3
3320.0,593847702#0,1
3320.0,594658760#0,4
3320.0,:3086736518_0,1
3320.0,:3086736518_4,1
3320.0,:3086736518_6,1
3320.0,:655375232_2,4
3320.0,:655375233_4,1
3320.0,:655375233_8,6
3320.0,:cluster655375336_end_0_655375336_end_1_655375336_end_10_655375336_end_11_#8more_17,1
3320.0,:cluster_5372642442_631668976_631668981_631669076_45,3
3340.0,-300077497#5,26
3340.0,-300077497#8,4
3340.0,-35274074#2,9
3340.0,-51362429#1,5
3340.0,-593847703#3,29
3340.0,-E0,19
3340.0,1068234498#0,27
3340.0,1068440004#1,12
3340.0,238526531#0,17
3340.0,300077497#0,2
3340.0,300077497#6,4
3340.0,30620492#0,18
3340.0,30620492#1,5
3340.0,35274074#0,3
3340.0,360843888,3
3340.0,484988951#0,5
3340.0,49073226#2,14
3340.0,506322844#0,5
3340.0,506322848#0,2
3340.0,51362429#0,16
3340.0,51362430,3
3340.0,593849718#0,1
3340.0,594658760#0,3
3340.0,:3086736518_0,1
3340.0,:3086736518_4,1
3340.0,:3086736518_6,1
3340.0,:655375232_2,4
3340.0,:655375233_4,1
3340.0,:655375233_8,7
3340.0,:cluster655375336_end_0_655375336_end_1_655375336_end_10_655375336_end_11_#8more_17,1
3340.0,:cluster655375336_end_0_655375336_end_1_655375336_end_10_655375336_end_11_#8more_18,1
3340.0,:cluster_2038168688_655375573_9,1
3340.0,:cluster_2528018119_655375236_29,1
3340.0,:cluster_9383263990_9383263991_9383263992_9383263993_7,2
3360.0,-1334905223#2,2
3360.0,-300077497#5,27
3360.0,-300077497#8,4
3360.0,-35274074#2,12
3360.0,-51362429#1,5
3360.0,-593847703#3,29
3360.0,-E0,19
3360.0,1068234498#0,34
3360.0,1068440004#1,13
3360.0,238526531#0,11
3360.0,263217604#0,1
3360.0,300077497#0,3
3360.0,300077497#6,4
3360.0,30620492#0,18
3360.0,30620492#1,5
3360.0,35274074#0,3
3360.0,360843888,3
3360.0,484988951#0,5
3360.0,49073226#2,14
3360.0,506322840#0,1
3360.0,506322844#0,5
3360.0,51362429#0,15
3360.0,51362430,3
3360.0,593847705,1
3360.0,594658760#0,3
3360.0,:3086736518_0,2
3360.0,:3086736518_4,1
3360.0,:3086736518_6,1
3360.0,:655375232_2,3
3360.0,:655375233_4,1
3360.0,:655375233_8,7
3360.0,:655375241_0,2
3360.0,:cluster655375336_end_0_655375336_end_1_655375336_end_10_655375336_end_11_#8more_17,1
3380.0,-300077497#5,26
3380.0,-300077497#8,4
3380.0,-35274074#2,9
3380.0,-51362429#1,5
3380.0,-593847703#3,30
3380.0,-E0,19
3380.0,1068234498#0,37
3380.0,1068440004#1,13
3380.0,238526531#0,11
3380.0,244450512#4,2
3380.0,244450512#5,1
3380.0,263217604#0,1
3380.0,288878926#0,4
3380.0,300077497#6,1
3380.0,30620492#0,18
3380.0,30620492#1,5
3380.0,484988951#0,5
3380.0,49073226#2,9
3380.0,506322844#0,5
3380.0,506322846#0,1
3380.0,51362429#0,13
3380.0,51362430,3
3380.0,594658760#0,3
3380.0,:3086736518_0,2
3380.0,:3086736518_4,1
3380.0,:3086736518_6,1
3380.0,:655375232_2,4
3380.0,:655375233_0,2
3380.0,:655375233_4,1
3380.0,:655375233_8,7
3380.0,:655375238_3,1
3380.0,:655375239_3,1
3380.0,:cluster655375336_end_0_655375336_end_1_655375336_end_10_655375336_end_11_#8more_17,1
3380.0,:cluster_2038168688_655375573_23,1
3380.0,:cluster_2038168688_655375573_3,1
3380.0,:cluster_623980147_623980152_9,1
3400.0,-300077497#5,25
3400.0,-300077497#8,4
3400.0,-35274074#2,4
3400.0,-51362429#1,2
3400.0,-593847703#3,27
3400.0,-E0,19
3400.0,1068234498#0,26
3400.0,1068234499#0,3
3400.0,1068440004#1,13
3400.0,186602412#0,3
3400.0,238526531#0,16
3400.0,244450512#4,1
3400.0,244450512#5,3
3400.0,288135626#0,1
3400.0,288878926#0,5
3400.0,300077497#6,4
3400.0,30620492#0,18
3400.0,30620492#1,5
3400.0,484988951#0,2
3400.0,49073226#2,5
3400.0,506322844#0,5
3400.0,51362429#0,13
3400.0,51362430,2
3400.0,593847702#0,1
3400.0,593849711#0,1
3400.0,594658760#0,3
3400.0,:3086736518_0,2
3400.0,:3086736518_6,1
3400.0,:655375232_2,4
3400.0,:655375232_8,1
3400.0,:655375233_0,2
3400.0,:655375233_2,1
3400.0,:655375233_4,2
3400.0,:655375233_8,6
3400.0,:cluster622618015_622618108_622618112_622618144_#2more_0,1
3400.0,:cluster655375336_end_0_655375336_end_1_655375336_end_10_655375336_end_11_#8more_17,1
3400.0,:cluster_2528018119_655375236_17,1
3400.0,:cluster_3431431575_4777363357_655375231_6982059025_3,3
3400.0,:cluster_3431431575_4777363357_655375231_6982059025_7,2
3400.0,:cluster_5372642442_631668976_631668981_631669076_26,1
3400.0,:cluster_5372642442_631668976_631668981_631669076_45,1
3400.0,:cluster_623980147_623980152_4,1
3420.0,-300077497#5,26
3420.0,-300077497#8,3
3420.0,-35274074#2,4
3420.0,-51362429#1,6
3420.0,-593847703#3,25
3420.0,-E0,19
3420.0,1068234498#0,19
3420.0,1068234499#0,4
3420.0,1068440004#1,13
3420.0,238526531#0,23
3420.0,244450512#5,3
3420.0,288878926#0,10
3420.0,300077497#6,4
3420.0,30620492#0,18
3420.0,30620492#1,5
3420.0,484988951#0,4
3420.0,49073226#2,8
3420.0,506322844#0,5
3420.0,51362429#0,14
3420.0,593847702#0,4
3420.0,593847703#0,1
3420.0,594658760#0,3
3420.0,:3086736518_0,2
3420.0,:3086736518_4,1
3420.0,:3086736518_6,1
3420.0,:3208478128_0,1
3420.0,:655375232_2,4
3420.0,:655375233_0,1
3420.0,:655375233_8,3
3420.0,:cluster655375336_end_0_655375336_end_1_655375336_end_10_655375336_end_11_#8more_17,1
3420.0,:cluster_3431431575_4777363357_655375231_6982059025_3,1
3420.0,:cluster_5372642442_631668976_631668981_631669076_45,2
3440.0,-1334905223#2,1
3440.0,-300077497#5,27
3440.0,-300077497#8,4
3440.0,-35274074#2,10
3440.0,-51362429#1,5
3440.0,-593847703#3,25
3440.0,-E0,19
3440.0,1068234498#0,24
3440.0,1068440004#1,6
3440.0,238526531#0,11
3440.0,244450512#5,3
3440.0,288878926#0,12
3440.0,300077497#0,4
3440.0,300077497#6,4
3440.0,30620492#0,18
3440.0,30620492#1,5
3440.0,484988951#0,4
3440.0,49073226#2,8
3440.0,49073272#3,1
3440.0,506322840#0,3
3440.0,506322844#0,4
3440.0,506322848#0,1
3440.0,51362429#0,16
3440.0,593847702#0,7
3440.0,593847703#0,2
3440.0,593849718#0,1
3440.0,594658760#0,3
3440.0,:3086736518_0,2
3440.0,:3086736518_4,1
3440.0,:3086736518_6,1
3440.0,:3208478128_0,1
3440.0,:655375232_2,4
3440.0,:655375241_0,1
3440.0,:cluster622618015_622618108_622618112_622618144_#2more_31,3
3440.0,:cluster655375336_end_0_655375336_end_1_655375336_end_10_655375336_end_11_#8more_17,1
3440.0,:cluster_2038168688_655375573_8,1
3440.0,:cluster_9383263990_9383263991_9383263992_9383263993_7,1
3460.0,-300077497#5,27
3460.0,-300077497#8,4
3460.0,-35274074#2,12
3460.0,-51362429#1,5
3460.0,-593847703#3,25
3460.0,-E0,18
3460.0,1068234498#0,30
3460.0,1068440004#1,6
3460.0,238526531#0,10
3460.0,244450512#5,3
3460.0,288878926#0,12
3460.0,300077497#0,2
3460.0,300077497#6,2
3460.0,30620492#0,18
3460.0,30620492#1,5
3460.0,484988951#0,4
3460.0,49073226#2,8
3460.0,49073272#3,1
3460.0,506322844#0,6
3460.0,51362429#0,17
3460.0,593847702#0,7
3460.0,593847703#0,2
3460.0,594658760#0,2
3460.0,:3086736518_0,2
3460.0,:3086736518_4,1
3460.0,:3086736518_6,1
3460.0,:3208478128_0,1
3460.0,:655375232_2,4
3460.0,:655375239_3,1
3460.0,:cluster622618015_622618108_622618112_622618144_#2more_39,1
3460.0,:cluster655375336_end_0_655375336_end_1_655375336_end_10_655375336_end_11_#8more_17,1
3480.0,-300077497#5,26
3480.0,-300077497#8,4
3480.0,-35274074#2,6
3480.0,-51362429#1,5
3480.0,-593847703#3,26
3480.0,-E0,19
3480.0,1068234498#0,29
3480.0,1068440004#1,6
3480.0,238526531#0,11
3480.0,288135626#0,3
3480.0,288878926#0,10
3480.0,300077497#0,2
3480.0,300077497#6,2
3480.0,30620492#0,18
3480.0,30620492#1,5
3480.0,360018417,1
3480.0,484988951#0,3
3480.0,49073226#2,8
3480.0,506322844#0,6
3480.0,51362429#0,11
3480.0,51362430,3
3480.0,593847702#0,7
3480.0,593847703#0,9
3480.0,593847705,1
3480.0,593849711#0,1
3480.0,594658760#0,2
3480.0,:3086736518_0,2
3480.0,:3086736518_4,1
3480.0,:3086736518_6,1
3480.0,:655375232_2,3
3480.0,:655375233_0,1
3480.0,:656132414_3,1
3480.0,:cluster_2528018119_655375236_3,1
3480.0,:cluster_3431431575_4777363357_655375231_6982059025_5,1
3480.0,:cluster_5372642442_631668976_631668981_631669076_22,1
3480.0,:cluster_5372642442_631668976_631668981_631669076_45,2
3500.0,-300077497#5,27
3500.0,-300077497#8,3
3500.0,-35274074#2,5
3500.0,-51362429#1,5
3500.0,-593847703#3,24
3500.0,-E0,19
3500.0,1068234498#0,25
3500.0,1068234499#0,4
3500.0,1068440004#1,6
3500.0,238526531#0,18
3500.0,288135626#0,2
3500.0,288878926#0,4
3500.0,300077497#0,6
3500.0,300077497#6,3
3500.0,30620492#0,18
3500.0,30620492#1,5
3500.0,484988951#0,4
3500.0,49073226#2,8
3500.0,506322844#0,6
3500.0,506322846#0,1
3500.0,51362429#0,13
3500.0,51362430,2
3500.0,593847702#0,7
3500.0,593847705,1
3500.0,594658760#0,2
3500.0,:3086736518_0,2
3500.0,:3086736518_6,1
3500.0,:655375232_2,3
3500.0,:655375232_8,1
3500.0,:655375233_2,1
3500.0,:655375233_4,1
3500.0,:655375238_1,1
3500.0,:cluster622618015_622618108_622618112_622618144_#2more_49,1
3500.0,:cluster_2038168688_655375573_24,1
3500.0,:cluster_3431431575_4777363357_655375231_6982059025_5,1
3500.0,:cluster_5372642442_631668976_631668981_631669076_45,2
3520.0,-300077497#5,27
3520.0,-300077497#8,4
3520.0,-35274074#2,7
3520.0,-51362429#1,9
3520.0,-593847703#3,20
3520.0,-E0,19
3520.0,1068234498#0,24
3520.0,1068234499#0,2
3520.0,1068440004#1,6
3520.0,186602412#0,2
3520.0,238526531#0,15
3520.0,263217604#0,1
3520.0,288878926#0,4
3520.0,300077497#0,2
3520.0,300077497#6,3
3520.0,30620492#0,18
3520.0,30620492#1,5
3520.0,35274074#0,7
3520.0,484988951#0,5
3520.0,49073226#2,8
3520.0,49073264#0,1
3520.0,49073272#1,1
3520.0,506322844#0,5
3520.0,506322848#0,2
3520.0,51362429#0,15
3520.0,593847702#0,2
3520.0,593847704#0,1
3520.0,593847705,1
3520.0,593849718#0,1
3520.0,594658760#0,2
3520.0,:3086736518_0,2
3520.0,:655375232_2,3
3520.0,:655375238_3,1
3520.0,:cluster622618015_622618108_622618112_622618144_#2more_31,4
3520.0,:cluster622618015_622618108_622618112_622618144_#2more_34,1
3520.0,:cluster_2038168688_655375573_8,1
3520.0,:cluster_2038168688_655375573_9,1
3520.0,:cluster_2528018119_655375236_12,1
3520.0,:cluster_2528018119_655375236_29,1
3520.0,:cluster_9383263990_9383263991_9383263992_9383263993_7,1
3540.0,-300077497#5,27
3540.0,-300077497#8,4
3540.0,-35274074#2,12
3540.0,-49073264#1,1
3540.0,-51362429#1,9
3540.0,-593847703#3,20
3540.0,-E0,19
3540.0,1068234498#0,30
3540.0,238526531#0,6
3540.0,263217604#0,1
3540.0,288878926#0,4
3540.0,300077497#0,6
3540.0,300077497#6,4
3540.0,30620492#0,18
3540.0,30620492#1,5
3540.0,35274074#0,7
3540.0,484988951#0,4
3540.0,49073226#2,12
3540.0,49073272#3,3
3540.0,506322840#0,3
3540.0,506322844#0,5
3540.0,51362429#0,16
3540.0,593847702#0,6
3540.0,593847705,1
3540.0,594658760#0,2
3540.0,:3086736518_0,2
3540.0,:655375232_2,3
3540.0,:655375241_0,2
3540.0,:cluster622618015_622618108_622618112_622618144_#2more_17,1
3540.0,:cluster622618015_622618108_622618112_622618144_#2more_39,1
3540.0,:cluster_9383263990_9383263991_9383263992_9383263993_7,1
3560.0,-300077497#5,26
3560.0,-300077497#8,4
3560.0,-35274074#2,11
3560.0,-51362429#1,9
3560.0,-593847703#3,21
3560.0,-E0,18
3560.0,1068234498#0,36
3560.0,238526531#0,6
3560.0,263217604#0,1
3560.0,288878926#0,4
3560.0,300077497#6,1
3560.0,30620492#0,17
3560.0,30620492#1,5
3560.0,35274074#0,3
3560.0,360018417,1
3560.0,484988951#0,4
3560.0,49073226#2,12
3560.0,49073272#3,1
3560.0,506322844#0,5
3560.0,506322846#0,1
3560.0,51362429#0,16
3560.0,593847702#0,6
3560.0,593847705,1
3560.0,594658760#0,2
3560.0,:3086736518_0,2
3560.0,:3086736518_6,1
3560.0,:3208478121_3,1
3560.0,:655375232_2,3
3560.0,:655375238_3,1
3560.0,:655375239_3,1
3560.0,:cluster_2038168688_655375573_23,1
3560.0,:cluster_2038168688_655375573_24,1
3560.0,:cluster_2038168688_655375573_3,1
3580.0,-300077497#5,26
3580.0,-300077497#8,4
3580.0,-35274074#2,6
3580.0,-51362429#1,9
3580.0,-593847703#3,21
3580.0,-E0,18
3580.0,1068234498#0,30
3580.0,1068234499#0,2
3580.0,186602412#0,3
3580.0,196961377#3,3
3580.0,238526531#0,10
3580.0,244450512#4,1
3580.0,288135626#0,2
3580.0,300077497#6,4
3580.0,30620492#0,18
3580.0,30620492#1,5
3580.0,484988951#0,3
3580.0,49073226#2,12
3580.0,506322844#0,5
3580.0,506322846#0,3
3580.0,51362429#0,11
3580.0,593847702#0,6
3580.0,593847703#0,7
3580.0,594658760#0,2
3580.0,:1973482489_8,1
3580.0,:2444664370_0,1
3580.0,:3086736518_0,2
3580.0,:3086736518_6,1
3580.0,:655375232_2,2
3580.0,:655375233_0,3
3580.0,:cluster_3431431575_4777363357_655375231_6982059025_5,1
3580.0,:cluster_5372642442_631668976_631668981_631669076_45,2
3600.0,-300077497#5,27
3600.0,-300077497#8,3
3600.0,-35274074#2,6
3600.0,-51362429#1,9
3600.0,-593847703#3,22
3600.0,-E0,19
3600.0,1068234498#0,22
3600.0,1068234499#0,5
3600.0,186602412#0,1
3600.0,238526531#0,18
3600.0,244450512#5,1
3600.0,288135626#0,1
3600.0,300077497#0,4
3600.0,300077497#6,4
3600.0,30620492#0,18
3600.0,30620492#1,5
3600.0,484988951#0,4
3600.0,49073226#2,12
3600.0,506322844#0,5
3600.0,51362429#0,13
3600.0,593847702#0,6
3600.0,593847703#0,6
3600.0,594658760#0,2
3600.0,:3086736518_0,2
3600.0,:3086736518_6,1
3600.0,:cluster_5372642442_631668976_631668981_631669076_45,1
3620.0,-1334905223#2,2
3620.0,-300077497#5,27
3620.0,-300077497#8,4
3620.0,-35274074#2,12
3620.0,-49073264#1,1
3620.0,-51362429#1,9
3620.0,-593847703#3,20
3620.0,-E0,19
3620.0,1068234498#0,26
3620.0,238526531#0,6
3620.0,244450512#5,1
3620.0,263217604#0,1
3620.0,288878926#0,6
3620.0,300077497#0,5
3620.0,300077497#6,4
3620.0,30620492#0,18
3620.0,30620492#1,5
3620.0,35274074#0,4
3620.0,484988951#0,3
3620.0,49073226#2,5
3620.0,49073272#3,1
3620.0,506322840#0,2
3620.0,506322844#0,5
3620.0,506322848#0,1
3620.0,51362429#0,14
3620.0,593847703#0,6
3620.0,594658760#0,2
3620.0,:3086736518_0,2
3620.0,:3086736518_6,1
3620.0,:655375233_4,1
3620.0,:655375241_0,2
3620.0,:cluster_2528018119_655375236_29,1
3620.0,:cluster_3431431575_4777363357_655375231_6982059025_5,1
3620.0,:cluster_623980147_623980152_9,1
3640.0,-300077497#5,27
3640.0,-300077497#8,4
3640.0,-35274074#2,12
3640.0,-593847703#3,20
3640.0,-E0,19
3640.0,1068234498#0,33
3640.0,238526531#0,6
3640.0,244450512#5,1
3640.0,263217604#0,1
3640.0,288878926#0,13
3640.0,300077497#0,4
3640.0,300077497#6,1
3640.0,30620492#0,18
3640.0,30620492#1,5
3640.0,35274074#0,4
3640.0,484988951#0,3
3640.0,49073226#2,5
3640.0,49073272#3,1
3640.0,506322844#0,5
3640.0,51362429#0,15
3640.0,593847703#0,6
3640.0,594658760#0,2
3640.0,:3086736518_0,2
3640.0,:3086736518_6,1
3640.0,:655375233_4,1
3640.0,:655375238_0,1
3640.0,:655375239_3,1
3640.0,:cluster_3431431575_4777363357_655375231_6982059025_3,3
3640.0,:cluster_3431431575_4777363357_655375231_6982059025_5,1
3660.0,-300077497#5,27
3660.0,-300077497#8,4
3660.0,-35274074#2,7
3660.0,-593847703#3,20
3660.0,-E0,19
3660.0,1068234498#0,29
3660.0,238526531#0,7
3660.0,288135626#0,3
3660.0,288878926#0,11
3660.0,300077497#0,6
3660.0,300077497#6,2
3660.0,30620492#0,18
3660.0,30620492#1,5
3660.0,360018417,1
3660.0,360843888,1
3660.0,484988951#0,4
3660.0,49073226#2,8
3660.0,506322844#0,5
3660.0,506322846#0,4
3660.0,51362429#0,17
3660.0,51362430,1
3660.0,593849711#0,2
3660.0,594658760#0,2
3660.0,:3086736518_0,2
3660.0,:3086736518_6,1
3660.0,:655375233_4,1
3660.0,:655375238_3,1
3660.0,:cluster_5372642442_631668976_631668981_631669076_22,1
3660.0,:cluster_5372642442_631668976_631668981_631669076_26,1
3660.0,:cluster_5372642442_631668976_631668981_631669076_45,2
3680.0,-300077497#5,27
3680.0,-300077497#8,4
3680.0,-35274074#2,6
3680.0,-593847703#3,20
3680.0,-E0,19
3680.0,1068234498#0,23
3680.0,1068234499#0,4
3680.0,186602412#0,3
3680.0,238526531#0,15
3680.0,288878926#0,5
3680.0,300077497#6,3
3680.0,30620492#0,18
3680.0,30620492#1,5
3680.0,35274074#0,3
3680.0,360843888,1
3680.0,484988951#0,4
3680.0,49073226#2,8
3680.0,506322844#0,5
3680.0,506322846#0,1
3680.0,51362429#0,10
3680.0,593847703#0,3
3680.0,594658760#0,2
3680.0,:3086736518_0,2
3680.0,:3086736518_6,1
3680.0,:655375232_2,3
3680.0,:655375233_0,3
3680.0,:655375233_4,1
3680.0,:655375238_3,1
3680.0,:cluster622618015_622618108_622618112_622618144_#2more_49,1
3680.0,:cluster_2038168688_655375573_23,1
3680.0,:cluster_2038168688_655375573_3,1
3680.0,:cluster_3431431575_4777363357_655375231_6982059025_5,1
3680.0,:cluster_5372642442_631668976_631668981_631669076_26,1
3680.0,:cluster_5372642442_631668976_631668981_631669076_45,2
3700.0,-300077497#5,27
3700.0,-300077497#8,4
3700.0,-35274074#2,9
3700.0,-593847703#3,20
3700.0,-E0,19
3700.0,1068234498#0,21
3700.0,186602412#0,3
3700.0,238526531#0,14
3700.0,288878926#0,5
3700.0,300077497#0,2
3700.0,300077497#6,4
3700.0,30620492#0,18
3700.0,30620492#1,5
3700.0,360843888,1
3700.0,484988951#0,4
3700.0,49073226#2,8
3700.0,506322844#0,5
3700.0,506322846#0,2
3700.0,506322848#0,2
3700.0,51362429#0,13
3700.0,593847703#0,10
3700.0,593847705,1
3700.0,594658760#0,2
3700.0,:1973482489_8,1
3700.0,:3086736518_6,1
3700.0,:655375233_4,1
3700.0,:cluster_2038168688_655375573_9,1
3700.0,:cluster_2528018119_655375236_12,1
3700.0,:cluster_2528018119_655375236_29,1
3700.0,:cluster_9383263990_9383263991_9383263992_9383263993_7,1
3720.0,-1334905223#2,2
3720.0,-300077497#5,27
3720.0,-300077497#8,4
3720.0,-35274074#2,12
3720.0,-51362429#1,4
3720.0,-593847703#3,11
3720.0,-E0,19
3720.0,1068234498#0,24
3720.0,186602412#0,1
3720.0,238526531#0,8
3720.0,288878926#0,5
3720.0,300077497#0,4
3720.0,300077497#6,4
3720.0,30620492#0,18
3720.0,30620492#1,5
3720.0,360843888,1
3720.0,484988951#0,4
3720.0,49073226#2,8
3720.0,506322840#0,1
3720.0,506322844#0,5
3720.0,51362429#0,13
3720.0,593847703#0,10
3720.0,593847705,1
3720.0,594658760#0,2
3720.0,:3086736518_4,1
3720.0,:3086736518_6,1
3720.0,:655375232_8,1
3720.0,:655375233_4,3
3720.0,:655375241_0,1
3740.0,-300077497#5,23
3740.0,-300077497#8,4
3740.0,-35274074#2,10
3740.0,-51362429#1,8
3740.0,-593847703#3,13
3740.0,-593847705,1
3740.0,-E0,19
3740.0,1068234498#0,27
3740.0,182334378#0,1
3740.0,238526531#0,8
3740.0,244450512#5,1
3740.0,288878926#0,5
3740.0,300077497#0,2
3740.0,300077497#6,1
3740.0,30620492#0,18
3740.0,30620492#1,5
3740.0,484988951#0,4
3740.0,49073226#2,9
3740.0,506322844#0,5
3740.0,51362429#0,14
3740.0,593847703#0,6
3740.0,593847705,1
3740.0,594658760#0,2
3740.0,:3086736518_6,1
3740.0,:655375238_3,1
3740.0,:cluster_2528018119_655375236_17,2
3740.0,:cluster_2528018119_655375236_3,1
3760.0,-300077497#5,20
3760.0,-300077497#8,4
3760.0,-35274074#2,6
3760.0,-51362429#1,8
3760.0,-593847703#3,18
3760.0,-593847705,1
3760.0,-E0,19
3760.0,1068234498#0,23
3760.0,1068234499#0,2
3760.0,238526531#0,14
3760.0,244450512#5,1
3760.0,288135626#0,1
3760.0,300077497#0,6
3760.0,300077497#6,3
3760.0,30620492#0,18
3760.0,30620492#1,5
3760.0,35274074#0,2
3760.0,484988951#0,3
3760.0,49073226#2,9
3760.0,506322844#0,5
3760.0,51362429#0,15
3760.0,593847705,1
3760.0,593849711#0,1
3760.0,594658760#0,2
3760.0,:2444664370_0,1
3760.0,:3086736518_6,1
3760.0,:655375238_1,1
3760.0,:cluster_3431431575_4777363357_655375231_6982059025_5,1
3760.0,:cluster_5372642442_631668976_631668981_631669076_45,1
3780.0,-300077497#5,24
3780.0,-35274074#2,6
3780.0,-51362429#1,8
3780.0,-593847703#3,18
3780.0,-593847705,1
3780.0,-E0,19
3780.0,1068234498#0,18
3780.0,1068234499#0,4
3780.0,238526531#0,19
3780.0,244450512#5,1
3780.0,288135626#0,2
3780.0,300077497#0,3
3780.0,300077497#6,3
3780.0,30620492#0,18
3780.0,30620492#1,5
3780.0,35274074#0,3
3780.0,484988951#0,4
3780.0,49073226#2,9
3780.0,506322844#0,5
3780.0,506322846#0,2
3780.0,51362429#0,12
3780.0,593847703#0,1
3780.0,593847705,1
3780.0,594658760#0,1
3780.0,:1973482489_3,1
3780.0,:2444664370_0,1
3780.0,:3086736518_0,1
3780.0,:3086736518_6,1
3780.0,:655375232_2,4
3780.0,:655375233_0,1
3780.0,:cluster_5372642442_631668976_631668981_631669076_45,2
3800.0,-300077497#5,27
3800.0,-300077497#8,4
3800.0,-35274074#2,12
3800.0,-51362429#1,8
3800.0,-593847703#3,18
3800.0,-593847705,1
3800.0,-E0,19
3800.0,1068234498#0,24
3800.0,238526531#0,10
3800.0,244450512#5,1
3800.0,300077497#0,6
3800.0,300077497#6,3
3800.0,30620492#0,18
3800.0,30620492#1,5
3800.0,35274074#0,6
3800.0,484988951#0,4
3800.0,49073226#2,9
3800.0,506322840#0,3
3800.0,506322844#0,3
3800.0,506322848#0,1
3800.0,51362429#0,12
3800.0,593847703#0,8
3800.0,593847704#0,1
3800.0,594658760#0,1
3800.0,:3086736518_0,1
3800.0,:655375232_2,1
3800.0,:655375241_0,1
3800.0,:cluster_2528018119_655375236_29,1
3820.0,-300077497#5,27
3820.0,-300077497#8,4
3820.0,-35274074#2,12
3820.0,-51362429#1,9
3820.0,-593847703#3,16
3820.0,-E0,19
3820.0,1068234498#0,28
3820.0,238526531#0,8
3820.0,244450512#5,1
3820.0,300077497#0,4
3820.0,300077497#6,1
3820.0,30620492#0,18
3820.0,30620492#1,5
3820.0,35274074#0,6
3820.0,484988951#0,4
3820.0,49073226#2,9
3820.0,506322844#0,5
3820.0,51362429#0,12
3820.0,593847702#0,2
3820.0,593847703#0,7
3820.0,594658760#0,1
3820.0,:3086736518_0,1
3820.0,:655375232_2,1
3820.0,:655375238_0,1
3820.0,:655375239_3,2
3820.0,:655375241_0,2
3840.0,-300077497#5,25
3840.0,-300077497#8,4
3840.0,-35274074#2,8
3840.0,-51362429#1,9
3840.0,-593847703#3,18
3840.0,-E0,19
3840.0,1068234498#0,31
3840.0,238526531#0,10
3840.0,288878926#0,2
3840.0,300077497#0,5
3840.0,300077497#6,1
3840.0,30620492#0,18
3840.0,30620492#1,5
3840.0,484988951#0,4
3840.0,49073226#2,7
3840.0,506322844#0,5
3840.0,506322846#0,6
3840.0,51362429#0,15
3840.0,51362430,1
3840.0,593847702#0,2
3840.0,594658760#0,1
3840.0,:3086736518_0,1
3840.0,:655375232_2,1
3840.0,:655375238_3,1
3840.0,:655375239_3,1
3840.0,:cluster_2528018119_655375236_3,1
3840.0,:cluster_5372642442_631668976_631668981_631669076_45,2
3860.0,-300077497#5,23
3860.0,-300077497#8,4
3860.0,-35274074#2,8
3860.0,-51362429#1,2
3860.0,-593847703#3,19
3860.0,-E0,19
3860.0,1068234498#0,23
3860.0,186602412#0,5
3860.0,238526531#0,17
3860.0,288135626#0,2
3860.0,288878926#0,4
3860.0,300077497#0,2
3860.0,300077497#6,2
3860.0,30620492#0,17
3860.0,30620492#1,4
3860.0,35274074#0,1
3860.0,484988951#0,3
3860.0,49073226#2,5
3860.0,506322844#0,6
3860.0,506322846#0,1
3860.0,51362429#0,16
3860.0,593847702#0,2
3860.0,594658760#0,1
3860.0,:3086736518_0,1
3860.0,:655375232_2,1
3860.0,:cluster_2038168688_655375573_23,1
3860.0,:cluster_2038168688_655375573_3,1
3860.0,:cluster_2528018119_655375236_17,1
3860.0,:cluster_3431431575_4777363357_655375231_6982059025_3,2
3860.0,:cluster_3431431575_4777363357_655375231_6982059025_5,1
3860.0,:cluster_5372642442_631668976_631668981_631669076_26,1
3860.0,:cluster_5372642442_631668976_631668981_631669076_45,2
3860.0,:cluster_623980147_623980152_9,1
3880.0,-300077497#5,25
3880.0,-300077497#8,4
3880.0,-35274074#2,10
3880.0,-593847703#3,20
3880.0,-E0,18
3880.0,1068234498#0,22
3880.0,1068234499#0,1
3880.0,186602412#0,3
3880.0,238526531#0,14
3880.0,263217604#0,1
3880.0,288878926#0,11
3880.0,300077497#0,1
3880.0,300077497#6,2
3880.0,30620492#0,17
3880.0,30620492#1,5
3880.0,35274074#0,2
3880.0,484988951#0,4
3880.0,49073226#2,2
3880.0,49073264#0,1
3880.0,506322844#0,4
3880.0,506322848#0,3
3880.0,51362429#0,15
3880.0,594658760#0,1
3880.0,:1973482489_3,1
3880.0,:3086736518_0,1
3880.0,:3086736518_6,1
3880.0,:655375232_2,2
3880.0,:655375233_0,1
3880.0,:655375238_3,1
3880.0,:cluster622618015_622618108_622618112_622618144_#2more_35,1
3880.0,:cluster_2038168688_655375573_9,1
3880.0,:cluster_2528018119_655375236_12,1
3880.0,:cluster_2528018119_655375236_29,1
3880.0,:cluster_623980147_623980152_4,1
3880.0,:cluster_9383263990_9383263991_9383263992_9383263993_7,1
3900.0,-1334905223#2,2
3900.0,-300077497#5,27
3900.0,-300077497#8,4
3900.0,-35274074#2,12
3900.0,-593847703#3,20
3900.0,-E0,18
3900.0,1068234498#0,29
3900.0,238526531#0,9
3900.0,263217604#0,1
3900.0,288878926#0,13
3900.0,300077497#0,4
3900.0,300077497#6,4
3900.0,30620492#0,18
3900.0,30620492#1,5
3900.0,35274074#0,2
3900.0,484988951#0,2
3900.0,49073226#2,2
3900.0,506322840#0,1
3900.0,506322844#0,5
3900.0,51362429#0,12
3900.0,593847703#0,6
3900.0,593847704#0,1
3900.0,593852345#0,1
3900.0,594658760#0,1
3900.0,:3086736518_0,1
3900.0,:655375232_2,3
3900.0,:655375241_0,2
3900.0,:cluster622618015_622618108_622618112_622618144_#2more_17,1
3900.0,:cluster_3431431575_4777363357_655375231_6982059025_5,1
3920.0,-300077497#5,25
3920.0,-300077497#8,4
3920.0,-35274074#2,10
3920.0,-593847703#3,20
3920.0,-E0,19
3920.0,1068234498#0,34
3920.0,196961215#2,1
3920.0,238526531#0,9
3920.0,263217604#0,1
3920.0,288878926#0,13
3920.0,300077497#0,2
3920.0,300077497#6,1
3920.0,30620492#0,18
3920.0,30620492#1,5
3920.0,484988951#0,4
3920.0,49073226#2,2
3920.0,506322844#0,5
3920.0,506322846#0,1
3920.0,51362429#0,14
3920.0,593847703#0,2
3920.0,594658760#0,1
3920.0,:3086736518_0,1
3920.0,:655375232_2,3
3920.0,:655375233_4,2
3920.0,:655375238_3,1
3920.0,:cluster_2038168688_655375573_23,1
3920.0,:cluster_2528018119_655375236_3,2
3940.0,-300077497#5,24
3940.0,-300077497#8,4
3940.0,-35274074#2,4
3940.0,-51362429#1,5
3940.0,-593847703#3,16
3940.0,-E0,19
3940.0,1068234498#0,25
3940.0,1068234499#0,2
3940.0,186602412#0,2
3940.0,196961215#2,1
3940.0,238526531#0,13
3940.0,288878926#0,7
3940.0,300077497#0,4
3940.0,300077497#6,4
3940.0,30620492#0,18
3940.0,30620492#1,5
3940.0,484988951#0,4
3940.0,49073226#2,2
3940.0,506322844#0,5
3940.0,51362429#0,15
3940.0,593847702#0,1
3940.0,593849711#0,1
3940.0,594658760#0,2
3940.0,:2444664370_0,1
3940.0,:3086736518_0,1
3940.0,:655375232_2,3
3940.0,:655375238_1,1
3940.0,:655375238_6,1
3940.0,:cluster_2528018119_655375236_17,1
3940.0,:cluster_5372642442_631668976_631668981_631669076_26,1
3940.0,:cluster_5372642442_631668976_631668981_631669076_45,2
3960.0,-300077497#5,24
3960.0,-300077497#8,2
3960.0,-35274074#2,4
3960.0,-593847703#3,18
3960.0,-E0,19
3960.0,1068234498#0,22
3960.0,1068234499#0,3
3960.0,196961215#2,1
3960.0,232003903#0,1
3960.0,238526531#0,21
3960.0,288878926#0,5
3960.0,300077497#6,4
3960.0,30620492#0,18
3960.0,30620492#1,5
3960.0,35274074#0,3
3960.0,484988951#0,3
3960.0,49073226#2,7
3960.0,506322844#0,5
3960.0,506322846#0,2
3960.0,51362429#0,16
3960.0,593847702#0,1
3960.0,594658760#0,2
3960.0,:3086736518_0,1
3960.0,:655375232_2,3
3960.0,:655375238_6,1
3960.0,:cluster_3431431575_4777363357_655375231_6982059025_5,1
3960.0,:cluster_5372642442_631668976_631668981_631669076_45,1
3980.0,-300077497#5,27
3980.0,-300077497#8,4
3980.0,-35274074#2,10
3980.0,-593847703#3,18
3980.0,-E0,18
3980.0,1068234498#0,26
3980.0,186602412#0,2
3980.0,196961215#2,1
3980.0,238526531#0,10
3980.0,288878926#0,5
3980.0,300077497#0,3
3980.0,300077497#6,4
3980.0,30620492#0,18
3980.0,30620492#1,5
3980.0,35274074#0,4
3980.0,484988951#0,4
3980.0,49073226#2,7
3980.0,49073272#3,1
3980.0,506322840#0,2
3980.0,506322844#0,4
3980.0,51362429#0,17
3980.0,51362430,1
3980.0,594658760#0,2
3980.0,:3086736518_0,1
3980.0,:3086736518_6,1
3980.0,:655375232_2,3
3980.0,:655375241_0,2
3980.0,:cluster_2038168688_655375573_25,1
3980.0,:cluster_9383263990_9383263991_9383263992_9383263993_7,1
4000.0,-300077497#5,27
4000.0,-300077497#8,4
4000.0,-35274074#2,12
4000.0,-593847703#3,18
4000.0,-E0,18
4000.0,1068234498#0,33
4000.0,196961215#2,1
4000.0,238526531#0,9
4000.0,263217604#0,1
4000.0,288878926#0,5
4000.0,300077497#6,2
4000.0,30620492#0,18
4000.0,30620492#1,5
4000.0,35274074#0,4
4000.0,484988951#0,4
4000.0,49073226#2,7
4000.0,49073272#3,1
4000.0,506322844#0,6
4000.0,51362429#0,11
4000.0,593847703#0,7
4000.0,594658760#0,2
4000.0,:3086736518_0,1
4000.0,:3086736518_6,1
4000.0,:655375232_2,2
4000.0,:655375233_0,2
4000.0,:655375238_0,1
4000.0,:655375239_3,1
4000.0,:cluster_3431431575_4777363357_655375231_6982059025_5,1
4020.0,-300077497#5,21
4020.0,-300077497#8,4
4020.0,-35274074#2,5
4020.0,-593847703#3,20
4020.0,-E0,19
4020.0,1068234498#0,34
4020.0,196961215#2,1
4020.0,238526531#0,10
4020.0,288135626#0,3
4020.0,288878926#0,3
4020.0,300077497#0,7
4020.0,300077497#6,2
4020.0,30620492#0,18
4020.0,30620492#1,5
4020.0,360018417,1
4020.0,484988951#0,4
4020.0,49073226#2,7
4020.0,506322844#0,6
4020.0,506322846#0,4
4020.0,51362429#0,14
4020.0,593849711#0,1
4020.0,594658760#0,2
4020.0,:3086736518_0,1
4020.0,:3086736518_6,1
4020.0,:655375232_2,2
4020.0,:655375233_2,1
4020.0,:655375233_4,1
4020.0,:cluster655375336_end_0_655375336_end_1_655375336_end_10_655375336_end_11_#8more_17,1
4020.0,:cluster_2528018119_655375236_17,1
4020.0,:cluster_2528018119_655375236_31,1
4020.0,:cluster_5372642442_631668976_631668981_631669076_45,2
4020.0,E1,1
4040.0,-300077497#5,19
4040.0,-300077497#8,1
4040.0,-35274074#2,5
4040.0,-51362429#1,5
4040.0,-593847703#3,18
4040.0,-E0,19
4040.0,1068234498#0,26
4040.0,1068234499#0,3
4040.0,1068440004#1,1
4040.0,182334378#0,2
4040.0,186602412#0,2
4040.0,196961215#2,1
4040.0,238526531#0,18
4040.0,300077497#0,2
4040.0,300077497#6,2
4040.0,30620492#0,18
4040.0,30620492#1,5
4040.0,484988951#0,3
4040.0,49073226#2,8
4040.0,506322844#0,6
4040.0,506322846#0,2
4040.0,51362429#0,16
4040.0,593847702#0,1
4040.0,593847704#0,1
4040.0,593849711#0,1
4040.0,594658760#0,1
4040.0,:3086736518_0,1
4040.0,:3086736518_6,1
4040.0,:655375232_2,2
4040.0,:655375233_4,1
4040.0,:655375238_1,1
4040.0,:655375238_5,1
4040.0,:cluster655375336_end_0_655375336_end_1_655375336_end_10_655375336_end_11_#8more_17,1
4040.0,:cluster_2038168688_655375573_23,1
4040.0,:cluster_2038168688_655375573_3,1
4040.0,:cluster_3431431575_4777363357_655375231_6982059025_5,1
4040.0,:cluster_5372642442_631668976_631668981_631669076_45,2
4060.0,-300077497#5,22
4060.0,-300077497#8,2
4060.0,-35274074#2,7
4060.0,-51362429#1,5
4060.0,-593847703#3,18
4060.0,-E0,19
4060.0,1068234498#0,26
4060.0,1068440004#1,1
4060.0,186602412#0,3
4060.0,196961215#2,1
4060.0,232003903#0,1
4060.0,238526531#0,14
4060.0,263217604#0,1
4060.0,300077497#0,2
4060.0,300077497#6,3
4060.0,30620492#0,18
4060.0,30620492#1,5
4060.0,35274074#0,3
4060.0,484988951#0,4
4060.0,49073226#2,8
4060.0,49073264#0,1
4060.0,506322844#0,2
4060.0,506322848#0,2
4060.0,51362429#0,17
4060.0,593847704#0,1
4060.0,594658760#0,1
4060.0,:2444664370_0,1
4060.0,:3086736518_0,1
4060.0,:3086736518_6,1
4060.0,:655375232_2,2
4060.0,:655375233_4,1
4060.0,:655375233_8,1
4060.0,:655375239_5,1
4060.0,:cluster655375336_end_0_655375336_end_1_655375336_end_10_655375336_end_11_#8more_17,1
4060.0,:cluster_2038168688_655375573_8,1
4060.0,:cluster_2038168688_655375573_9,1
4060.0,:cluster_2528018119_655375236_29,1
4060.0,:cluster_9383263990_9383263991_9383263992_9383263993_7,2
4080.0,-1334905223#2,1
4080.0,-300077497#5,27
4080.0,-300077497#8,4
4080.0,-35274074#2,12
4080.0,-51362429#1,3
4080.0,-593847703#3,18
4080.0,-E0,19
4080.0,1068234498#0,32
4080.0,1068440004#1,1
4080.0,232003903#0,1
4080.0,238526531#0,7
4080.0,263217604#0,1
4080.0,288878926#0,4
4080.0,300077497#0,3
4080.0,300077497#6,4
4080.0,30620492#0,18
4080.0,30620492#1,5
4080.0,35274074#0,3
4080.0,484988951#0,4
4080.0,49073226#2,4
4080.0,506322840#0,1
4080.0,506322844#0,3
4080.0,51362429#0,17
4080.0,594658760#0,1
4080.0,:3086736518_0,1
4080.0,:3086736518_6,1
4080.0,:655375232_2,2
4080.0,:655375233_4,1
4080.0,:655375233_8,1
4080.0,:655375241_0,2
4080.0,:cluster622618015_622618108_622618112_622618144_#2more_17,1
4080.0,:cluster622618015_622618108_622618112_622618144_#2more_42,1
4080.0,:cluster655375336_end_0_655375336_end_1_655375336_end_10_655375336_end_11_#8more_17,1
4080.0,:cluster_3431431575_4777363357_655375231_6982059025_3,2
4080.0,:cluster_623980147_623980152_9,1
4100.0,-300077497#5,23
4100.0,-300077497#8,4
4100.0,-35274074#2,9
4100.0,-49073264#1,1
4100.0,-593847703#3,20
4100.0,-E0,19
4100.0,1068234498#0,38
4100.0,1068440004#1,1
4100.0,238526531#0,7
4100.0,263217604#0,1
4100.0,288878926#0,11
4100.0,300077497#6,1
4100.0,30620492#0,18
4100.0,30620492#1,5
4100.0,484988951#0,2
4100.0,49073226#2,2
4100.0,506322844#0,6
4100.0,506322846#0,1
4100.0,51362429#0,14
4100.0,51362430,1
4100.0,594658760#0,1
4100.0,:3086736518_0,3
4100.0,:3086736518_6,1
4100.0,:655375232_2,2
4100.0,:655375233_0,2
4100.0,:655375233_4,1
4100.0,:655375233_8,1
4100.0,:655375238_3,1
4100.0,:655375239_3,1
4100.0,:cluster655375336_end_0_655375336_end_1_655375336_end_10_655375336_end_11_#8more_17,1
4100.0,:cluster_2038168688_655375573_23,1
4100.0,:cluster_2038168688_655375573_3,1
4100.0,:cluster_2528018119_655375236_17,2
4100.0,:cluster_3431431575_4777363357_655375231_6982059025_5,1
4100.0,:cluster_623980147_623980152_4,1
4120.0,-300077497#5,17
4120.0,-300077497#8,4
4120.0,-35274074#2,4
4120.0,-49073264#1,1
4120.0,-593847703#3,25
4120.0,-E0,19
4120.0,1068234498#0,31
4120.0,1068234499#0,2
4120.0,1068440004#1,1
4120.0,182334378#0,1
4120.0,186602412#0,3
4120.0,232003903#0,1
4120.0,238526531#0,11
4120.0,244450512#4,1
4120.0,288135626#0,3
4120.0,288878926#0,7
4120.0,300077497#6,4
4120.0,30620492#0,18
4120.0,30620492#1,5
4120.0,484988951#0,4
4120.0,506322844#0,6
4120.0,51362429#0,16
4120.0,593849711#0,2
4120.0,594658760#0,1
4120.0,:3086736518_0,3
4120.0,:3086736518_6,1
4120.0,:655375232_2,2
4120.0,:655375233_0,2
4120.0,:655375233_4,1
4120.0,:655375233_8,1
4120.0,:cluster655375336_end_0_655375336_end_1_655375336_end_10_655375336_end_11_#8more_17,1
4120.0,:cluster_2528018119_655375236_17,1
4120.0,:cluster_5372642442_631668976_631668981_631669076_26,1
4120.0,:cluster_5372642442_631668976_631668981_631669076_45,1
4120.0,:cluster_623980147_623980152_9,1
4140.0,-300077497#5,19
4140.0,-35274074#2,4
4140.0,-49073264#1,1
4140.0,-51362429#1,2
4140.0,-593847703#3,18
4140.0,-E0,19
4140.0,1068234498#0,25
4140.0,1068234499#0,5
4140.0,1068440004#1,1
4140.0,232003903#0,1
4140.0,238526531#0,18
4140.0,244450512#5,1
4140.0,288135626#0,1
4140.0,288878926#0,6
4140.0,300077497#6,4
4140.0,30620492#0,18
4140.0,30620492#1,5
4140.0,484988951#0,2
4140.0,49073226#2,1
4140.0,506322844#0,6
4140.0,51362429#0,17
4140.0,51362430,2
4140.0,593847702#0,4
4140.0,593847703#0,2
4140.0,593847704#0,1
4140.0,594658760#0,1
4140.0,:3086736518_0,3
4140.0,:3086736518_4,1
4140.0,:3086736518_6,1
4140.0,:655375232_2,2
4140.0,:655375232_8,1
4140.0,:cluster655375336_end_0_655375336_end_1_655375336_end_10_655375336_end_11_#8more_17,1
4140.0,:cluster_3431431575_4777363357_655375231_6982059025_3,1
4140.0,:cluster_3431431575_4777363357_655375231_6982059025_7,1
4140.0,:cluster_5372642442_631668976_631668981_631669076_22,1
4140.0,:cluster_5372642442_631668976_631668981_631669076_45,1
4160.0,-1334905223#2,1
4160.0,-300077497#5,24
4160.0,-35274074#2,10
4160.0,-49073264#1,2
4160.0,-593847703#3,18
4160.0,-E0,19
4160.0,1068234498#0,30
4160.0,238526531#0,4
4160.0,244450512#5,1
4160.0,263217604#0,2
4160.0,288878926#0,6
4160.0,300077497#0,6
4160.0,300077497#6,4
4160.0,30620492#0,18
4160.0,30620492#1,5
4160.0,484988951#0,5
4160.0,49073226#2,6
4160.0,49073264#0,1
4160.0,49073272#3,2
4160.0,506322840#0,2
4160.0,506322844#0,2
4160.0,506322848#0,2
4160.0,51362429#0,17
4160.0,593847702#0,1
4160.0,593847703#0,2
4160.0,593847704#0,1
4160.0,594658760#0,1
4160.0,:3086736518_0,3
4160.0,:3086736518_4,1
4160.0,:3086736518_6,1
4160.0,:655375232_2,2
4160.0,:655375238_5,1
4160.0,:655375239_6,1
4160.0,:655375241_0,1
4160.0,:cluster655375336_end_0_655375336_end_1_655375336_end_10_655375336_end_11_#8more_17,1
4160.0,:cluster_2038168688_655375573_8,1
4160.0,:cluster_2528018119_655375236_29,1
4160.0,:cluster_9383263990_9383263991_9383263992_9383263993_7,2
4180.0,-1334905223#2,1
4180.0,-300077497#5,27
4180.0,-300077497#8,1
4180.0,-35274074#2,12
4180.0,-593847703#3,18
4180.0,-E0,19
4180.0,1068234498#0,33
4180.0,238526531#0,3
4180.0,244450512#5,1
4180.0,263217604#0,3
4180.0,288878926#0,6
4180.0,300077497#0,5
4180.0,300077497#6,2
4180.0,30620492#0,17
4180.0,30620492#1,5
4180.0,484988951#0,5
4180.0,49073226#2,6
4180.0,49073272#3,3
4180.0,506322844#0,5
4180.0,51362429#0,17
4180.0,593847702#0,1
4180.0,593847703#0,2
4180.0,593849711#0,1
4180.0,594658760#0,1
4180.0,:3086736518_0,3
4180.0,:3086736518_4,1
4180.0,:3086736518_6,1
4180.0,:655375232_2,2
4180.0,:655375239_3,1
4180.0,:cluster655375336_end_0_655375336_end_1_655375336_end_10_655375336_end_11_#8more_17,1
4180.0,E1,1
4200.0,-300077497#5,18
4200.0,-300077497#8,1
4200.0,-35274074#2,8
4200.0,-593847703#3,25
4200.0,-E0,19
4200.0,1068234498#0,31
4200.0,238526531#0,5
4200.0,288135626#0,1
4200.0,288878926#0,4
4200.0,300077497#0,2
4200.0,300077497#6,2
4200.0,30620492#0,18
4200.0,30620492#1,5
4200.0,360018417,3
4200.0,360843888,1
4200.0,484988951#0,5
4200.0,49073226#2,6
4200.0,506322844#0,5
4200.0,51362429#0,10
4200.0,51362430,1
4200.0,593847702#0,1
4200.0,593847703#0,5
4200.0,593849711#0,1
4200.0,594658760#0,3
4200.0,:3086736518_0,1
4200.0,:3086736518_4,1
4200.0,:3086736518_6,1
4200.0,:655375232_2,3
4200.0,:655375233_0,3
4200.0,:655375238_3,1
4200.0,:cluster655375336_end_0_655375336_end_1_655375336_end_10_655375336_end_11_#8more_17,1
4200.0,:cluster_2528018119_655375236_17,2
4200.0,:cluster_5372642442_631668976_631668981_631669076_26,1
4200.0,:cluster_5372642442_631668976_631668981_631669076_45,1
4220.0,-300077497#5,18
4220.0,-35274074#2,7
4220.0,-593847703#3,27
4220.0,-E0,19
4220.0,1068234498#0,25
4220.0,1068234499#0,1
4220.0,238526531#0,12
4220.0,300077497#0,6
4220.0,300077497#6,4
4220.0,30620492#0,18
4220.0,30620492#1,5
4220.0,360843888,1
4220.0,484988951#0,3
4220.0,49073226#2,10
4220.0,506322844#0,5
4220.0,506322846#0,1
4220.0,51362429#0,12
4220.0,593847702#0,1
4220.0,593847703#0,4
4220.0,593849711#0,1
4220.0,594658760#0,3
4220.0,:3086736518_0,1
4220.0,:3086736518_4,1
4220.0,:3086736518_6,1
4220.0,:655375232_2,1
4220.0,:cluster622618015_622618108_622618112_622618144_#2more_49,2
4220.0,:cluster655375336_end_0_655375336_end_1_655375336_end_10_655375336_end_11_#8more_17,1
4220.0,:cluster_2038168688_655375573_23,1
4220.0,:cluster_2528018119_655375236_17,1
4220.0,:cluster_2528018119_655375236_3,1
4220.0,:cluster_5372642442_631668976_631668981_631669076_45,2
4240.0,-300077497#5,19
4240.0,-300077497#8,1
4240.0,-35274074#2,10
4240.0,-51362429#1,3
4240.0,-593847703#3,18
4240.0,-E0,20
4240.0,1068234498#0,24
4240.0,1068234499#0,4
4240.0,186602412#0,2
4240.0,238526531#0,9
4240.0,263217604#0,1
4240.0,300077497#0,3
4240.0,300077497#6,4
4240.0,30620492#0,18
4240.0,30620492#1,5
4240.0,35274074#0,4
4240.0,360843888,1
4240.0,484988951#0,4
4240.0,49073226#2,11
4240.0,49073272#3,1
4240.0,506322844#0,2
4240.0,506322848#0,3
4240.0,51362429#0,14
4240.0,593847702#0,2
4240.0,593847703#0,4
4240.0,594658760#0,3
4240.0,:3086736518_0,1
4240.0,:3086736518_4,1
4240.0,:3086736518_6,1
4240.0,:655375232_2,1
4240.0,:655375232_8,1
4240.0,:655375233_4,3
4240.0,:655375238_1,1
4240.0,:655375239_5,1
4240.0,:cluster_2038168688_655375573_8,1
4240.0,:cluster_2038168688_655375573_9,1
4260.0,-1334905223#2,2
4260.0,-300077497#5,26
4260.0,-35274074#2,12
4260.0,-51362429#1,7
4260.0,-593847703#3,18
4260.0,-E0,20
4260.0,1068234498#0,29
4260.0,238526531#0,5
4260.0,263217604#0,1
4260.0,300077497#0,7
4260.0,300077497#6,4
4260.0,30620492#0,18
4260.0,30620492#1,5
4260.0,35274074#0,4
4260.0,360843888,1
4260.0,484988951#0,4
4260.0,49073226#2,11
4260.0,49073272#3,3
4260.0,506322840#0,2
4260.0,506322844#0,3
4260.0,51362429#0,14
4260.0,593847703#0,4
4260.0,594658760#0,3
4260.0,:3086736518_0,1
4260.0,:3086736518_4,1
4260.0,:3086736518_6,1
4260.0,:655375232_2,1
4260.0,:655375238_1,1
4260.0,:655375238_5,1
4260.0,:655375241_0,1
4280.0,-300077497#5,24
4280.0,-35274074#2,12
4280.0,-51362429#1,7
4280.0,-593847703#3,20
4280.0,-E0,20
4280.0,1068234498#0,34
4280.0,238526531#0,5
4280.0,244450512#5,1
4280.0,263217604#0,1
4280.0,300077497#0,2
4280.0,300077497#6,2
4280.0,30620492#0,18
4280.0,30620492#1,5
4280.0,35274074#0,3
4280.0,360018417,1
4280.0,484988951#0,4
4280.0,49073226#2,11
4280.0,49073272#3,1
4280.0,506322844#0,6
4280.0,506322846#0,1
4280.0,51362429#0,16
4280.0,594658760#0,3
4280.0,:3086736518_0,1
4280.0,:3086736518_4,1
4280.0,:3086736518_6,1
4280.0,:3208478121_3,1
4280.0,:655375232_2,1
4280.0,:655375239_3,1
4280.0,:cluster_2038168688_655375573_23,1
4280.0,:cluster_2038168688_655375573_3,1
4280.0,:cluster_2038168688_655375573_6,1
4280.0,:cluster_2528018119_655375236_19,1
4280.0,:cluster_2528018119_655375236_3,2
4300.0,-300077497#5,19
4300.0,-35274074#2,8
4300.0,-51362429#1,7
4300.0,-593847703#3,25
4300.0,-E0,20
4300.0,1068234498#0,26
4300.0,1068234499#0,3
4300.0,182334378#0,1
4300.0,186602412#0,3
4300.0,196961377#3,2
4300.0,238526531#0,9
4300.0,244450512#5,1
4300.0,288135626#0,1
4300.0,300077497#0,1
4300.0,300077497#6,3
4300.0,30620492#0,18
4300.0,30620492#1,5
4300.0,35274074#0,2
4300.0,484988951#0,4
4300.0,49073226#2,11
4300.0,506322844#0,6
4300.0,506322846#0,3
4300.0,51362429#0,12
4300.0,593847703#0,1
4300.0,594658757#0,1
4300.0,594658760#0,3
4300.0,:1973482489_3,1
4300.0,:3086736518_0,2
4300.0,:3086736518_4,1
4300.0,:3086736518_6,1
4300.0,:655375232_2,3
4300.0,:655375233_0,1
4300.0,:655375238_6,1
4300.0,:cluster622618015_622618108_622618112_622618144_#2more_26,1
4300.0,:cluster_5372642442_631668976_631668981_631669076_22,1
4300.0,:cluster_5372642442_631668976_631668981_631669076_45,2
4320.0,-300077497#5,19
4320.0,-35274074#2,7
4320.0,-51362429#1,7
4320.0,-593847703#3,25
4320.0,-E0,20
4320.0,1068234498#0,22
4320.0,1068234499#0,5
4320.0,186602412#0,2
4320.0,238526531#0,17
4320.0,244450512#5,1
4320.0,288878926#0,5
4320.0,300077497#6,4
4320.0,30620492#0,18
4320.0,30620492#1,5
4320.0,484988951#0,4
4320.0,49073226#2,5
4320.0,506322844#0,6
4320.0,506322846#0,3
4320.0,51362429#0,6
4320.0,51362430,1
4320.0,593847703#0,12
4320.0,594658757#0,1
4320.0,594658760#0,2
4320.0,:3086736518_0,1
4320.0,:3086736518_4,1
4320.0,:3086736518_6,1
4320.0,:cluster_5372642442_631668976_631668981_631669076_45,1
4320.0,:cluster_623980147_623980152_9,1
4340.0,-1334905223#2,1
4340.0,-300077497#5,25
4340.0,-300077497#8,1
4340.0,-35274074#2,12
4340.0,-51362429#1,2
4340.0,-593847703#3,20
4340.0,-E0,20
4340.0,1068234498#0,26
4340.0,186602412#0,1
4340.0,238526531#0,8
4340.0,244450512#5,1
4340.0,263217604#0,1
4340.0,288878926#0,12
4340.0,300077497#0,5
4340.0,300077497#6,4
4340.0,30620492#0,18
4340.0,30620492#1,5
4340.0,484988951#0,2
4340.0,49073226#2,3
4340.0,506322844#0,2
4340.0,506322848#0,1
4340.0,51362429#0,10
4340.0,593847703#0,12
4340.0,594658757#0,1
4340.0,594658760#0,2
4340.0,:3086736518_0,1
4340.0,:3086736518_4,1
4340.0,:3086736518_6,1
4340.0,:655375232_8,1
4340.0,:655375233_4,2
4340.0,:655375239_5,1
4340.0,:655375241_0,1
4340.0,:cluster_2038168688_655375573_9,1
4340.0,:cluster_3431431575_4777363357_655375231_6982059025_3,2
4340.0,:cluster_3431431575_4777363357_655375231_6982059025_5,1
4340.0,:cluster_3431431575_4777363357_655375231_6982059025_7,1
4340.0,:cluster_623980147_623980152_4,1
4340.0,:cluster_9383263990_9383263991_9383263992_9383263993_7,1
4360.0,-1334905223#2,1
4360.0,-300077497#5,27
4360.0,-300077497#8,1
4360.0,-35274074#2,12
4360.0,-51362429#1,5
4360.0,-593847703#3,18
4360.0,-E0,20
4360.0,1068234498#0,34
4360.0,238526531#0,8
4360.0,244450512#5,1
4360.0,263217604#0,2
4360.0,288878926#0,13
4360.0,300077497#0,3
4360.0,300077497#6,1
4360.0,30620492#0,18
4360.0,30620492#1,5
4360.0,484988951#0,4
4360.0,49073226#2,8
4360.0,506322844#0,6
4360.0,51362429#0,11
4360.0,593847703#0,12
4360.0,594658757#0,1
4360.0,594658760#0,2
4360.0,:3086736518_0,1
4360.0,:3086736518_6,1
4360.0,:655375238_0,1
4360.0,:655375239_3,1
4360.0,:655375241_0,1
4380.0,-300077497#5,24
4380.0,-300077497#8,1
4380.0,-35274074#2,7
4380.0,-51362429#1,5
4380.0,-593847703#3,21
4380.0,-E0,20
4380.0,1068234498#0,32
4380.0,238526531#0,9
4380.0,288135626#0,3
4380.0,288878926#0,11
4380.0,300077497#0,7
4380.0,300077497#6,1
4380.0,30620492#0,18
4380.0,30620492#1,5
4380.0,360843888,1
4380.0,484988951#0,3
4380.0,49073226#2,8
4380.0,506322844#0,6
4380.0,51362429#0,12
4380.0,51362430,1
4380.0,593847703#0,4
4380.0,593849711#0,1
4380.0,594658757#0,1
4380.0,594658760#0,2
4380.0,:3086736518_0,1
4380.0,:3086736518_6,1
4380.0,:655375238_3,1
4380.0,:cluster3086736522_655375108_655375247_655375401_#1more_17,1
4380.0,:cluster_2528018119_655375236_3,1
4380.0,:cluster_3431431575_4777363357_655375231_6982059025_5,1
4380.0,:cluster_5372642442_631668976_631668981_631669076_22,3
4380.0,:cluster_5372642442_631668976_631668981_631669076_45,2
4400.0,-300077497#5,25
4400.0,-35274074#2,6
4400.0,-51362429#1,5
4400.0,-593847703#3,21
4400.0,-E0,20
4400.0,1068234498#0,22
4400.0,1068234499#0,7
4400.0,238526531#0,14
4400.0,288135626#0,3
4400.0,288878926#0,5
4400.0,300077497#0,7
4400.0,300077497#6,3
4400.0,30620492#0,18
4400.0,30620492#1,5
4400.0,35274074#0,1
4400.0,360843888,2
4400.0,484988951#0,3
4400.0,49073226#2,8
4400.0,506322844#0,6
4400.0,51362429#0,13
4400.0,594658757#0,1
4400.0,594658760#0,2
4400.0,:2444664370_0,1
4400.0,:3086736518_6,1
4400.0,:655375232_2,2
4400.0,:655375233_0,1
4400.0,:655375238_1,1
4400.0,:cluster_2038168688_655375573_23,1
4400.0,:cluster_2038168688_655375573_24,1
4400.0,:cluster_2038168688_655375573_3,1
4400.0,:cluster_5372642442_631668976_631668981_631669076_26,1
4400.0,:cluster_5372642442_631668976_631668981_631669076_45,2
4420.0,-300077497#5,26
4420.0,-300077497#8,2
4420.0,-35274074#2,9
4420.0,-51362429#1,5
4420.0,-593847703#3,21
4420.0,-E0,20
4420.0,1068234498#0,23
4420.0,1068234499#0,5
4420.0,186602412#0,2
4420.0,238526531#0,13
4420.0,263217604#0,1
4420.0,288135626#0,2
4420.0,288878926#0,5
4420.0,300077497#0,3
4420.0,300077497#6,3
4420.0,30620492#0,18
4420.0,30620492#1,5
4420.0,35274074#0,6
4420.0,360843888,2
4420.0,484988951#0,3
4420.0,49073226#2,9
4420.0,506322844#0,2
4420.0,506322846#0,1
4420.0,506322848#0,2
4420.0,51362429#0,12
4420.0,593847703#0,8
4420.0,593847705,1
4420.0,594658757#0,1
4420.0,594658760#0,2
4420.0,:1973482489_3,1
4420.0,:2444664370_0,1
4420.0,:3086736518_0,1
4420.0,:3086736518_6,1
4420.0,:655375232_2,1
4420.0,:655375238_1,1
4420.0,:655375239_5,1
4420.0,:cluster_2038168688_655375573_8,1
4420.0,:cluster_2528018119_655375236_12,1
4420.0,:cluster_2528018119_655375236_29,1
4420.0,:cluster_9383263990_9383263991_9383263992_9383263993_7,1
4440.0,-1334905223#2,2
4440.0,-300077497#5,27
4440.0,-300077497#8,4
4440.0,-35274074#2,11
4440.0,-51362429#1,5
4440.0,-593847703#3,18
4440.0,-E0,20
4440.0,1068234498#0,28
4440.0,238526531#0,8
4440.0,263217604#0,2
4440.0,288878926#0,5
4440.0,300077497#0,9
4440.0,300077497#6,5
4440.0,30620492#0,18
4440.0,30620492#1,5
4440.0,35274074#0,8
4440.0,360843888,2
4440.0,484988951#0,4
4440.0,49073226#2,9
4440.0,506322840#0,1
4440.0,506322844#0,5
4440.0,51362429#0,12
4440.0,593847703#0,6
4440.0,593847705,1
4440.0,594658757#0,1
4440.0,594658760#0,2
4440.0,:3086736518_0,1
4440.0,:3086736518_4,1
4440.0,:3086736518_6,1
4440.0,:655375232_2,1
4440.0,:655375233_4,2
4440.0,:655375241_0,1
4440.0,:cluster_2528018119_655375236_12,1
4440.0,:cluster_2528018119_655375236_29,1
4440.0,:cluster_9383263990_9383263991_9383263992_9383263993_7,1
4460.0,-300077497#5,26
4460.0,-300077497#8,4
4460.0,-35274074#2,12
4460.0,-51362429#1,9
4460.0,-593847703#3,16
4460.0,-E0,20
4460.0,1068234498#0,29
4460.0,182334378#0,1
4460.0,238526531#0,7
4460.0,244450512#4,1
4460.0,263217604#0,2
4460.0,288878926#0,5
4460.0,300077497#0,5
4460.0,300077497#6,1
4460.0,30620492#0,18
4460.0,30620492#1,5
4460.0,35274074#0,4
4460.0,484988951#0,3
4460.0,49073226#2,9
4460.0,506322844#0,5
4460.0,51362429#0,12
4460.0,593847703#0,2
4460.0,593847704#0,1
4460.0,593847705,1
4460.0,594658757#0,1
4460.0,594658760#0,2
4460.0,:3086736518_0,1
4460.0,:3086736518_6,1
4460.0,:3208478128_0,1
4460.0,:655375232_2,1
4460.0,:655375238_0,1
4460.0,:655375239_3,1
4460.0,:cluster_2038168688_655375573_23,1
4460.0,:cluster_2038168688_655375573_24,1
4460.0,:cluster_2038168688_655375573_3,1
4460.0,:cluster_2038168688_655375573_6,1
4460.0,:cluster_2528018119_655375236_17,1
4460.0,:cluster_2528018119_655375236_3,2
4460.0,:cluster_3431431575_4777363357_655375231_6982059025_5,1
4480.0,-300077497#5,24
4480.0,-300077497#8,4
4480.0,-35274074#2,11
4480.0,-51362429#1,9
4480.0,-593847703#3,18
4480.0,-E0,20
4480.0,1068234498#0,19
4480.0,1068234499#0,2
4480.0,182334378#0,1
4480.0,186602412#0,3
4480.0,238526531#0,11
4480.0,244450512#4,1
4480.0,244450512#5,2
4480.0,288135626#0,1
4480.0,300077497#0,4
4480.0,300077497#6,3
4480.0,30620492#0,17
4480.0,30620492#1,5
4480.0,35274074#0,1
4480.0,484988951#0,4
4480.0,49073226#2,9
4480.0,506322844#0,5
4480.0,506322846#0,5
4480.0,51362429#0,15
4480.0,593847704#0,1
4480.0,593847705,1
4480.0,593849711#0,1
4480.0,594658757#0,2
4480.0,594658760#0,2
4480.0,:2444664370_0,1
4480.0,:3086736518_0,1
4480.0,:3086736518_6,1
4480.0,:655375232_2,1
4480.0,:cluster_5372642442_631668976_631668981_631669076_45,2
4500.0,-300077497#5,27
4500.0,-300077497#8,1
4500.0,-35274074#2,11
4500.0,-51362429#1,9
4500.0,-593847703#3,19
4500.0,-E0,20
4500.0,1068234498#0,12
4500.0,1068234499#0,4
4500.0,186602412#0,4
4500.0,232003903#0,1
4500.0,238526531#0,19
4500.0,244450512#5,3
4500.0,300077497#0,1
4500.0,300077497#6,3
4500.0,30620492#0,18
4500.0,30620492#1,5
4500.0,484988951#0,4
4500.0,49073226#2,9
4500.0,506322844#0,5
4500.0,506322846#0,1
4500.0,51362429#0,16
4500.0,593847704#0,1
4500.0,593847705,1
4500.0,594658757#0,2
4500.0,594658760#0,2
4500.0,:3086736518_0,1
4500.0,:3086736518_6,1
4500.0,:655375232_2,1
4500.0,:655375238_6,1
4500.0,:cluster_2038168688_655375573_23,1
4500.0,:cluster_5372642442_631668976_631668981_631669076_45,1
4520.0,-1334905223#2,1
4520.0,-300077497#5,27
4520.0,-300077497#8,4
4520.0,-35274074#2,11
4520.0,-51362429#1,9
4520.0,-593847703#3,19
4520.0,-E0,20
4520.0,1068234498#0,12
4520.0,186602412#0,2
4520.0,238526531#0,11
4520.0,244450512#5,3
4520.0,300077497#0,4
4520.0,300077497#6,4
4520.0,30620492#0,18
4520.0,30620492#1,5
4520.0,35274074#0,2
4520.0,484988951#0,3
4520.0,49073226#2,9
4520.0,506322840#0,1
4520.0,506322844#0,5
4520.0,506322848#0,1
4520.0,51362429#0,7
4520.0,593847703#0,7
4520.0,593847704#0,1
4520.0,594658757#0,2
4520.0,594658760#0,2
4520.0,:3086736518_0,2
4520.0,:3086736518_6,1
4520.0,:655375232_2,2
4520.0,:655375233_0,2
4520.0,:655375241_0,2
4520.0,:cluster_2038168688_655375573_25,1
4520.0,:cluster_2038168688_655375573_9,1
4520.0,:cluster_3431431575_4777363357_655375231_6982059025_5,1
4520.0,:cluster_9383263990_9383263991_9383263992_9383263993_7,1
4540.0,-300077497#5,27
4540.0,-300077497#8,4
4540.0,-35274074#2,12
4540.0,-51362429#1,9
4540.0,-593847703#3,18
4540.0,-E0,20
4540.0,1068234498#0,12
4540.0,238526531#0,11
4540.0,244450512#5,3
4540.0,288878926#0,1
4540.0,300077497#0,2
4540.0,300077497#6,1
4540.0,30620492#0,18
4540.0,30620492#1,5
4540.0,35274074#0,2
4540.0,484988951#0,4
4540.0,49073226#2,8
4540.0,49073264#0,1
4540.0,506322844#0,5
4540.0,51362429#0,11
4540.0,593847703#0,8
4540.0,593847705,1
4540.0,594658757#0,2
4540.0,594658760#0,2
4540.0,:3086736518_0,2
4540.0,:3086736518_6,1
4540.0,:655375232_2,2
4540.0,:655375233_4,1
4540.0,:655375238_0,1
4540.0,:655375239_3,1
4540.0,:cluster_623980147_623980152_4,1
4560.0,-300077497#5,27
4560.0,-300077497#8,4
4560.0,-35274074#2,6
4560.0,-49073264#1,1
4560.0,-51362429#1,6
4560.0,-593847703#3,18
4560.0,-E0,20
4560.0,1068234498#0,8
4560.0,238526531#0,12
4560.0,288878926#0,5
4560.0,300077497#0,7
4560.0,300077497#6,2
4560.0,30620492#0,18
4560.0,30620492#1,5
4560.0,484988951#0,4
4560.0,49073226#2,5
4560.0,506322844#0,5
4560.0,506322846#0,2
4560.0,51362429#0,12
4560.0,51362430,3
4560.0,593847705,1
4560.0,593849711#0,1
4560.0,594658757#0,2
4560.0,594658760#0,2
4560.0,:3086736518_0,2
4560.0,:3086736518_6,1
4560.0,:655375232_2,2
4560.0,:655375238_3,1
4560.0,:cluster_2528018119_655375236_3,1
4560.0,:cluster_5372642442_631668976_631668981_631669076_26,1
4560.0,:cluster_5372642442_631668976_631668981_631669076_45,2
4560.0,:cluster_623980147_623980152_4,1
4580.0,-300077497#5,23
4580.0,-300077497#8,4
4580.0,-35274074#2,6
4580.0,-49073264#1,1
4580.0,-51362429#1,1
4580.0,-593847703#3,21
4580.0,-E0,20
4580.0,238526531#0,20
4580.0,288878926#0,5
4580.0,300077497#0,1
4580.0,300077497#6,3
4580.0,30620492#0,18
4580.0,30620492#1,5
4580.0,35274074#0,2
4580.0,484988951#0,4
4580.0,49073226#2,4
4580.0,506322844#0,5
4580.0,506322846#0,2
4580.0,51362429#0,15
4580.0,593847705,1
4580.0,594658757#0,2
4580.0,594658760#0,2
4580.0,:3086736518_0,2
4580.0,:3086736518_6,1
4580.0,:655375232_2,2
4580.0,:655375238_6,1
4580.0,:cluster_2038168688_655375573_23,1
4580.0,:cluster_2038168688_655375573_3,1
4580.0,:cluster_2528018119_655375236_17,1
4580.0,:cluster_3431431575_4777363357_655375231_6982059025_3,1
4580.0,:cluster_5372642442_631668976_631668981_631669076_45,3
4600.0,-300077497#5,23
4600.0,-300077497#8,3
4600.0,-35274074#2,8
4600.0,-49073264#1,1
4600.0,-593847703#3,22
4600.0,-E0,20
4600.0,186602412#0,4
4600.0,238526531#0,13
4600.0,288878926#0,11
4600.0,300077497#6,4
4600.0,30620492#0,18
4600.0,30620492#1,5
4600.0,35274074#0,2
4600.0,484988951#0,2
4600.0,49073226#2,3
4600.0,506322844#0,5
4600.0,506322846#0,1
4600.0,506322848#0,3
4600.0,51362429#0,16
4600.0,593847705,1
4600.0,594658757#0,2
4600.0,594658760#0,2
4600.0,:1973482489_3,1
4600.0,:3086736518_0,2
4600.0,:3086736518_6,1
4600.0,:655375232_2,2
4600.0,:655375238_5,1
4600.0,:cluster_2038168688_655375573_8,1
4600.0,:cluster_2038168688_655375573_9,1
4600.0,:cluster_3431431575_4777363357_655375231_6982059025_5,1
4600.0,:cluster_9383263990_9383263991_9383263992_9383263993_7,2
4620.0,-1334905223#2,2
4620.0,-300077497#5,27
4620.0,-300077497#8,4
4620.0,-35274074#2,12
4620.0,-593847703#3,22
4620.0,-E0,20
4620.0,186602412#0,1
4620.0,238526531#0,9
4620.0,288878926#0,11
4620.0,300077497#6,4
4620.0,30620492#0,18
4620.0,30620492#1,5
4620.0,35274074#0,2
4620.0,484988951#0,3
4620.0,49073226#2,3
4620.0,506322844#0,4
4620.0,51362429#0,12
4620.0,593847703#0,6
4620.0,593847704#0,1
4620.0,594658757#0,1
4620.0,594658760#0,1
4620.0,:3086736518_0,2
4620.0,:655375232_2,2
4620.0,:655375233_0,3
4620.0,:655375241_0,1
4620.0,:cluster622618015_622618108_622618112_622618144_#2more_17,1
4620.0,:cluster_3431431575_4777363357_655375231_6982059025_5,1
4640.0,-300077497#5,23
4640.0,-300077497#8,4
4640.0,-35274074#2,6
4640.0,-593847703#3,24
4640.0,-E0,20
4640.0,238526531#0,9
4640.0,288878926#0,11
4640.0,300077497#0,2
4640.0,300077497#6,1
4640.0,30620492#0,18
4640.0,30620492#1,5
4640.0,484988951#0,3
4640.0,49073226#2,3
4640.0,506322844#0,5
4640.0,51362429#0,14
4640.0,593847703#0,5
4640.0,594658757#0,1
4640.0,594658760#0,1
4640.0,:3086736518_0,1
4640.0,:655375238_3,1
4640.0,:655375239_3,1
4640.0,:cluster_2038168688_655375573_23,1
4640.0,:cluster_2038168688_655375573_24,1
4640.0,:cluster_2528018119_655375236_17,1
4640.0,:cluster_2528018119_655375236_19,1
4640.0,:cluster_2528018119_655375236_3,2
4640.0,:cluster_3431431575_4777363357_655375231_6982059025_5,1
4660.0,-300077497#5,20
4660.0,-300077497#8,4
4660.0,-35274074#2,1
4660.0,-51362429#1,2
4660.0,-593847703#3,21
4660.0,-E0,20
4660.0,182334378#0,1
4660.0,186602412#0,2
4660.0,238526531#0,9
4660.0,288878926#0,5
4660.0,300077497#0,7
4660.0,300077497#6,4
4660.0,30620492#0,18
4660.0,30620492#1,5
4660.0,35274074#0,1
4660.0,484988951#0,4
4660.0,49073226#2,4
4660.0,506322844#0,5
4660.0,51362429#0,16
4660.0,593847702#0,1
4660.0,593849711#0,1
4660.0,594658757#0,1
4660.0,594658760#0,1
4660.0,:3086736518_0,1
4660.0,:655375238_1,1
4660.0,:cluster622618015_622618108_622618112_622618144_#2more_0,1
4660.0,:cluster_2528018119_655375236_17,2
4660.0,:cluster_3431431575_4777363357_655375231_6982059025_3,1
4680.0,-300077497#5,23
4680.0,-35274074#2,1
4680.0,-593847703#3,24
4680.0,-E0,20
4680.0,1068440004#1,1
4680.0,182334378#0,1
4680.0,238526531#0,9
4680.0,288878926#0,3
4680.0,300077497#0,5
4680.0,300077497#6,4
4680.0,30620492#0,18
4680.0,30620492#1,5
4680.0,35274074#0,1
4680.0,484988951#0,4
4680.0,49073226#2,7
4680.0,49695736#0,1
4680.0,506322844#0,5
4680.0,506322846#0,2
4680.0,51362429#0,17
4680.0,593847702#0,1
4680.0,:3086736518_0,1
4680.0,:655375238_6,1
4700.0,-300077497#5,26
4700.0,-300077497#8,3
4700.0,-35274074#2,7
4700.0,-593847703#3,25
4700.0,-E0,19
4700.0,1068440004#1,1
4700.0,186602412#0,2
4700.0,238526531#0,2
4700.0,288878926#0,3
4700.0,300077497#0,2
4700.0,300077497#6,4
4700.0,30620492#0,18
4700.0,30620492#1,5
4700.0,35274074#0,4
4700.0,484988951#0,4
4700.0,49073226#2,7
4700.0,49073272#3,1
4700.0,506322844#0,2
4700.0,51362429#0,17
4700.0,51362430,1
4700.0,:3086736518_0,1
4700.0,:3086736518_6,1
4700.0,:655375238_1,1
4700.0,:655375238_5,1
4700.0,:655375239_5,1
4700.0,:cluster_2038168688_655375573_25,1
4720.0,-300077497#5,27
4720.0,-300077497#8,4
4720.0,-35274074#2,8
4720.0,-593847703#3,25
4720.0,-E0,19
4720.0,1068440004#1,1
4720.0,288878926#0,3
4720.0,300077497#6,2
4720.0,30620492#0,18
4720.0,30620492#1,5
4720.0,35274074#0,7
4720.0,484988951#0,4
4720.0,49073226#2,7
4720.0,49073272#3,1
4720.0,506322844#0,5
4720.0,51362429#0,10
4720.0,593847703#0,3
4720.0,:3086736518_0,1
4720.0,:3086736518_6,1
4720.0,:655375232_2,3
4720.0,:655375233_0,2
4720.0,:655375239_3,1
4720.0,:cluster_3431431575_4777363357_655375231_6982059025_5,1
4740.0,-300077497#5,22
4740.0,-300077497#8,4
4740.0,-593847703#3,28
4740.0,-E0,19
4740.0,1068440004#1,1
4740.0,288878926#0,1
4740.0,300077497#0,5
4740.0,300077497#6,2
4740.0,30620492#0,18
4740.0,30620492#1,5
4740.0,360018417,1
4740.0,484988951#0,4
4740.0,49073226#2,8
4740.0,506322844#0,5
4740.0,506322846#0,7
4740.0,51362429#0,13
4740.0,593847703#0,1
4740.0,593847705,1
4740.0,593849711#0,1
4740.0,:3086736518_0,1
4740.0,:3086736518_6,1
4740.0,:655375238_3,1
4740.0,:cluster_2528018119_655375236_19,2
4740.0,:cluster_2528018119_655375236_3,1
4760.0,-300077497#5,20
4760.0,-300077497#8,1
4760.0,-51362429#1,3
4760.0,-593847703#3,23
4760.0,-E0,19
4760.0,1068440004#1,1
4760.0,182334378#0,2
4760.0,186602412#0,5
4760.0,232003903#0,1
4760.0,300077497#0,4
4760.0,300077497#6,3
4760.0,30620492#0,18
4760.0,30620492#1,5
4760.0,35274074#0,1
4760.0,484988951#0,3
4760.0,49073226#2,8
4760.0,506322844#0,5
4760.0,51362429#0,14
4760.0,593847704#0,1
4760.0,593847705,1
4760.0,593849711#0,1
4760.0,:1973482489_3,1
4760.0,:3086736518_0,1
4760.0,:3086736518_4,1
4760.0,:3086736518_6,1
4760.0,:655375232_8,1
4760.0,:655375233_4,3
4760.0,:655375238_1,1
4760.0,:655375238_5,1
4760.0,:cluster_2038168688_655375573_3,1
4760.0,:cluster_3431431575_4777363357_655375231_6982059025_5,1
4780.0,-300077497#5,23
4780.0,-300077497#8,1
4780.0,-51362429#1,5
4780.0,-593847703#3,23
4780.0,-E0,19
4780.0,182334378#0,2
4780.0,186602412#0,2
4780.0,232003903#0,1
4780.0,288878926#0,3
4780.0,300077497#6,3
4780.0,30620492#0,17
4780.0,30620492#1,5
4780.0,35274074#0,4
4780.0,484988951#0,3
4780.0,49073226#2,5
4780.0,506322844#0,2
4780.0,51362429#0,17
4780.0,593847702#0,1
4780.0,593847704#0,2
4780.0,593847705,1
4780.0,:3086736518_0,1
4780.0,:3086736518_4,1
4780.0,:3086736518_6,1
4780.0,:655375238_1,1
4780.0,:655375238_5,1
4780.0,:655375239_5,1
4780.0,:cluster_3431431575_4777363357_655375231_6982059025_3,1
4800.0,-300077497#5,27
4800.0,-300077497#8,3
4800.0,-593847703#3,24
4800.0,-E0,19
4800.0,182334378#0,2
4800.0,232003903#0,1
4800.0,263217604#0,2
4800.0,288878926#0,9
4800.0,300077497#6,3
4800.0,30620492#0,18
4800.0,30620492#1,5
4800.0,35274074#0,5
4800.0,484988951#0,3
4800.0,49073226#2,4
4800.0,506322844#0,4
4800.0,51362429#0,17
4800.0,593847702#0,1
4800.0,593847705,1
4800.0,:3086736518_0,1
4800.0,:3086736518_4,1
4800.0,:3086736518_6,1
4800.0,:cluster622618015_622618108_622618112_622618144_#2more_37,2
4800.0,:cluster_623980147_623980152_9,1
4820.0,-300077497#5,24
4820.0,-300077497#8,3
4820.0,-593847703#3,26
4820.0,-E0,19
4820.0,1239087514,1
4820.0,263217604#0,2
4820.0,288878926#0,13
4820.0,30620492#0,18
4820.0,30620492#1,5
4820.0,35274074#0,1
4820.0,360018417,1
4820.0,484988951#0,3
4820.0,49073226#2,1
4820.0,506322844#0,7
4820.0,506322846#0,1
4820.0,51362429#0,13
4820.0,51362430,1
4820.0,593847702#0,1
4820.0,593847703#0,2
4820.0,:3086736518_0,2
4820.0,:3086736518_4,1
4820.0,:3086736518_6,1
4820.0,:3208478121_3,1
4820.0,:655375232_2,2
4820.0,:655375233_0,1
4820.0,:656132414_3,1
4820.0,:cluster_2038168688_655375573_23,1
4820.0,:cluster_2038168688_655375573_3,1
4820.0,:cluster_2038168688_655375573_6,1
4820.0,:cluster_2528018119_655375236_31,1
4840.0,-300077497#5,19
4840.0,-300077497#8,3
4840.0,-593847703#3,28
4840.0,-E0,19
4840.0,1068440004#1,1
4840.0,186602412#0,3
4840.0,196961377#3,2
4840.0,244450512#4,2
4840.0,288878926#0,7
4840.0,300077497#0,2
4840.0,30620492#0,18
4840.0,30620492#1,5
4840.0,49073226#2,2
4840.0,506322844#0,7
4840.0,506322846#0,1
4840.0,51362429#0,14
4840.0,593847702#0,1
4840.0,593847703#0,3
4840.0,593847705,1
4840.0,593849711#0,1
4840.0,:1973482489_3,1
4840.0,:3086736518_0,2
4840.0,:3086736518_4,1
4840.0,:3086736518_6,1
4840.0,:655375232_2,4
4840.0,:cluster11510670762_4554226152_1,1
4840.0,:cluster622618015_622618108_622618112_622618144_#2more_0,1
4840.0,:cluster_2528018119_655375236_17,1
4840.0,:cluster_2528018119_655375236_31,1
4840.0,:cluster_3431431575_4777363357_655375231_6982059025_7,2
4860.0,-300077497#5,20
4860.0,-51362429#1,1
4860.0,-593847703#3,24
4860.0,-E0,19
4860.0,1068440004#1,1
4860.0,182334378#0,2
4860.0,244450512#5,2
4860.0,288878926#0,6
4860.0,30620492#0,18
4860.0,30620492#1,5
4860.0,35274074#0,2
4860.0,49073226#2,4
4860.0,506322844#0,7
4860.0,51362429#0,14
4860.0,51362430,1
4860.0,593847702#0,1
4860.0,593847704#0,1
4860.0,593847705,1
4860.0,:3086736518_0,2
4860.0,:3086736518_4,1
4860.0,:655375232_2,4
4860.0,:655375232_8,1
4860.0,:655375233_2,1
4860.0,:655375233_4,2
4860.0,:cluster_3431431575_4777363357_655375231_6982059025_7,1
4880.0,-300077497#5,23
4880.0,-300077497#8,2
4880.0,-51362429#1,3
4880.0,-593847703#3,22
4880.0,-E0,19
4880.0,182334378#0,1
4880.0,244450512#5,2
4880.0,263217604#0,3
4880.0,288878926#0,6
4880.0,30620492#0,18
4880.0,30620492#1,5
4880.0,35274074#0,2
4880.0,49073226#2,10
4880.0,49073272#1,1
4880.0,506322844#0,1
4880.0,51362429#0,14
4880.0,593847702#0,1
4880.0,593847704#0,1
4880.0,593847705,1
4880.0,:3086736515_0,1
4880.0,:3086736518_0,2
4880.0,:655375232_2,4
4880.0,:655375238_5,1
4880.0,:655375239_6,1
4880.0,:cluster_3208478133_655375293_655375296_9631728504_#1more_10,1
4900.0,-300077497#5,27
4900.0,-51362429#1,3
4900.0,-593847703#3,22
4900.0,-E0,19
4900.0,182334378#0,1
4900.0,244450512#5,2
4900.0,263217604#0,5
4900.0,288878926#0,6
4900.0,30620492#0,18
4900.0,30620492#1,5
4900.0,35274074#0,2
4900.0,484988951#0,1
4900.0,49073226#2,10
4900.0,49073272#3,1
4900.0,506322844#0,7
4900.0,51362429#0,14
4900.0,593847702#0,1
4900.0,593847705,1
4900.0,593849718#0,1
4900.0,:3086736518_0,2
4900.0,:655375232_2,4
4900.0,:cluster622618015_622618108_622618112_622618144_#2more_17,1
4920.0,-300077497#5,23
4920.0,-51362429#1,3
4920.0,-593847703#3,26
4920.0,-E0,18
4920.0,182334378#0,1
4920.0,288878926#0,4
4920.0,30620492#0,18
4920.0,30620492#1,5
4920.0,360018417,1
4920.0,360843888,1
4920.0,49073226#2,11
4920.0,506322844#0,7
4920.0,506322846#0,2
4920.0,51362429#0,14
4920.0,51362430,2
4920.0,593847702#0,1
4920.0,593849711#0,1
4920.0,594658757#0,1
4920.0,594658760#0,1
4920.0,:3086736518_0,2
4920.0,:3086736518_6,1
4920.0,:655375232_2,3
4920.0,:655375233_0,2
4920.0,:cluster3086736522_655375108_655375247_655375401_#1more_17,1
4920.0,:cluster3086736522_655375108_655375247_655375401_#1more_30,1
4940.0,-300077497#5,21
4940.0,-51362429#1,3
4940.0,-593847703#3,27
4940.0,-E0,18
4940.0,182334378#0,1
4940.0,186602412#0,2
4940.0,300077497#0,1
4940.0,30620492#0,18
4940.0,30620492#1,5
4940.0,360843888,2
4940.0,49073226#2,13
4940.0,506322844#0,7
4940.0,51362429#0,10
4940.0,593847702#0,1
4940.0,593847703#0,7
4940.0,593847705,1
4940.0,593849711#0,1
4940.0,594658757#0,2
4940.0,594658760#0,1
4940.0,:3086736518_0,1
4940.0,:3086736518_6,1
4940.0,:655375232_2,2
4940.0,:cluster_2528018119_655375236_17,1
4940.0,:cluster_2528018119_655375236_3,1
4960.0,-300077497#5,22
4960.0,-300077497#8,1
4960.0,-51362429#1,3
4960.0,-593847703#3,25
4960.0,-E0,19
4960.0,263217604#0,2
4960.0,30620492#0,18
4960.0,30620492#1,5
4960.0,35274074#0,1
4960.0,360843888,2
4960.0,49073226#2,13
4960.0,49073264#0,1
4960.0,506322844#0,3
4960.0,51362429#0,10
4960.0,593847703#0,5
4960.0,593847705,1
4960.0,594658757#0,2
4960.0,594658760#0,1
4960.0,:3086736518_0,1
4960.0,:3086736518_4,1
4960.0,:3086736518_6,1
4960.0,:655375232_2,2
4960.0,:655375233_4,2
4960.0,:655375238_1,1
4960.0,:655375238_5,1
4960.0,:655375239_5,1
4980.0,-300077497#5,27
4980.0,-300077497#8,4
4980.0,-49073264#1,1
4980.0,-51362429#1,10
4980.0,-593847703#3,19
4980.0,-E0,19
4980.0,263217604#0,3
4980.0,30620492#0,18
4980.0,30620492#1,5
4980.0,35274074#0,2
4980.0,360843888,2
4980.0,49073226#2,13
4980.0,506322844#0,2
4980.0,51362429#0,10
4980.0,593847702#0,1
4980.0,593847703#0,5
4980.0,593847705,1
4980.0,594658757#0,2
4980.0,594658760#0,1
4980.0,:3086736518_0,1
4980.0,:3086736518_6,1
4980.0,:655375232_2,2
5000.0,-300077497#5,24
5000.0,-300077497#8,4
5000.0,-51362429#1,10
5000.0,-593847703#3,20
5000.0,-E0,19
5000.0,244450512#4,1
5000.0,263217604#0,3
5000.0,300077497#0,2
5000.0,30620492#0,18
5000.0,30620492#1,5
5000.0,49073226#2,13
5000.0,506322844#0,7
5000.0,506322846#0,1
5000.0,51362429#0,10
5000.0,593847702#0,1
5000.0,593847703#0,1
5000.0,593847705,1
5000.0,594658757#0,2
5000.0,594658760#0,1
5000.0,:3086736518_0,1
5000.0,:3086736518_6,1
5000.0,:3208478128_0,1
5000.0,:655375232_2,2
5000.0,:cluster_2038168688_655375573_23,1
5000.0,:cluster_2528018119_655375236_19,2
5000.0,:cluster_2528018119_655375236_3,2
5020.0,-300077497#5,20
5020.0,-300077497#8,4
5020.0,-51362429#1,9
5020.0,-593847703#3,21
5020.0,-E0,19
5020.0,1068440004#1,1
5020.0,182334378#0,3
5020.0,186602412#0,2
5020.0,244450512#4,1
5020.0,244450512#5,2
5020.0,288878926#0,3
5020.0,300077497#0,2
5020.0,30620492#0,18
5020.0,30620492#1,5
5020.0,35274074#0,2
5020.0,49073226#2,8
5020.0,506322844#0,7
5020.0,51362429#0,10
5020.0,593847702#0,1
5020.0,593847705,1
5020.0,594658757#0,3
5020.0,594658760#0,1
5020.0,:3086736518_0,1
5020.0,:3086736518_6,1
5020.0,:655375232_2,2
5020.0,:655375238_1,1
5020.0,:cluster622618015_622618108_622618112_622618144_#2more_0,1
5020.0,:cluster_2528018119_655375236_17,1
5020.0,:cluster_2664674491_655375287_655375288_1,1
5020.0,:cluster_623980147_623980152_4,1
5040.0,-300077497#5,21
5040.0,-51362429#1,4
5040.0,-593847703#3,24
5040.0,-E0,19
5040.0,1068440004#1,1
5040.0,232003903#0,1
5040.0,244450512#5,3
5040.0,288878926#0,9
5040.0,300077497#0,1
5040.0,30620492#0,18
5040.0,30620492#1,5
5040.0,49073226#2,5
5040.0,506322844#0,7
5040.0,506322846#0,3
5040.0,51362429#0,3
5040.0,51362430,2
5040.0,593847702#0,1
5040.0,593847703#0,6
5040.0,593847704#0,1
5040.0,594658757#0,3
5040.0,594658760#0,1
5040.0,:3086736518_0,2
5040.0,:3208478128_0,1
5040.0,:655375232_2,1
5040.0,:655375233_0,2
5040.0,:655375238_1,1
5040.0,:655375238_5,1
5040.0,:cluster_3431431575_4777363357_655375231_6982059025_3,2
5060.0,-300077497#5,27
5060.0,-300077497#8,2
5060.0,-593847703#3,22
5060.0,-E0,19
5060.0,1068440004#1,1
5060.0,186602412#0,1
5060.0,244450512#5,3
5060.0,263217604#0,2
5060.0,288878926#0,13
5060.0,300077497#0,1
5060.0,30620492#0,18
5060.0,30620492#1,5
5060.0,49073226#2,7
5060.0,49073272#3,1
5060.0,506322844#0,2
5060.0,51362429#0,3
5060.0,593847703#0,7
5060.0,593847704#0,1
5060.0,594658757#0,3
5060.0,594658760#0,1
5060.0,:3086736518_0,2
5060.0,:3208478128_0,1
5060.0,:655375232_2,1
5060.0,:655375233_2,1
5060.0,:655375233_4,1
5060.0,:655375238_1,1
5060.0,:655375239_5,1
5060.0,:cluster_3431431575_4777363357_655375231_6982059025_7,3
5080.0,-300077497#5,27
5080.0,-300077497#8,4
5080.0,-51362429#1,3
5080.0,-593847703#3,17
5080.0,-E0,19
5080.0,1068440004#1,1
5080.0,244450512#5,3
5080.0,263217604#0,3
5080.0,288878926#0,13
5080.0,30620492#0,17
5080.0,30620492#1,4
5080.0,35274074#0,2
5080.0,49073226#2,10
5080.0,49073272#3,1
5080.0,506322844#0,6
5080.0,51362429#0,3
5080.0,593847702#0,2
5080.0,593847703#0,7
5080.0,593847704#0,2
5080.0,593849718#0,1
5080.0,594658757#0,3
5080.0,594658760#0,1
5080.0,:3086736518_0,2
5080.0,:3208478128_0,1
5080.0,:655375232_2,1
5100.0,-300077497#5,23
5100.0,-300077497#8,4
5100.0,-51362429#1,3
5100.0,-593847703#3,19
5100.0,-E0,19
5100.0,288878926#0,11
5100.0,300077497#0,7
5100.0,30620492#0,17
5100.0,30620492#1,5
5100.0,360018417,1
5100.0,360843888,1
5100.0,49073226#2,10
5100.0,506322844#0,6
5100.0,506322846#0,2
5100.0,51362429#0,3
5100.0,51362430,3
5100.0,593847702#0,3
5100.0,593847704#0,1
5100.0,593849711#0,1
5100.0,594658757#0,3
5100.0,594658760#0,1
5100.0,:3086736518_0,2
5100.0,:655375232_2,1
5100.0,:656132414_3,1
5100.0,:cluster3086736522_655375108_655375247_655375401_#1more_17,2
5100.0,:cluster_2528018119_655375236_19,2
5100.0,:cluster_623980090_623980094_0,1
5120.0,-300077497#5,23
5120.0,-300077497#8,3
5120.0,-51362429#1,3
5120.0,-593847703#3,19
5120.0,-E0,18
5120.0,182334378#0,2
5120.0,186602412#0,1
5120.0,196961215#2,1
5120.0,288878926#0,5
5120.0,300077497#0,1
5120.0,30620492#0,18
5120.0,30620492#1,5
5120.0,35274074#0,2
5120.0,360843888,3
5120.0,484988951#0,1
5120.0,49073226#2,13
5120.0,506322844#0,6
5120.0,506322846#0,1
5120.0,51362429#0,3
5120.0,593847702#0,3
5120.0,593847704#0,1
5120.0,593849711#0,1
5120.0,594658757#0,3
5120.0,594658760#0,1
5120.0,:3086736518_0,2
5120.0,:3086736518_6,1
5120.0,:655375232_2,1
5120.0,:655375238_1,1
5120.0,:655375238_5,1
5120.0,:cluster622618015_622618108_622618112_622618144_#2more_49,1
5120.0,:cluster_2038168688_655375573_23,1
5120.0,:cluster_2038168688_655375573_3,1
5140.0,-300077497#5,27
5140.0,-300077497#8,4
5140.0,-51362429#1,3
5140.0,-593847703#3,19
5140.0,-E0,18
5140.0,182334378#0,2
5140.0,186602412#0,3
5140.0,196961215#2,1
5140.0,263217604#0,1
5140.0,288878926#0,5
5140.0,30620492#0,18
5140.0,30620492#1,5
5140.0,35274074#0,1
5140.0,360843888,3
5140.0,484988951#0,1
5140.0,49073226#2,13
5140.0,49073272#1,2
5140.0,49073272#3,1
5140.0,506322844#0,3
5140.0,506322846#0,2
5140.0,593847703#0,6
5140.0,593847704#0,1
5140.0,594658757#0,3
5140.0,594658760#0,1
5140.0,:3086736518_6,1
5140.0,:655375238_6,1
5160.0,-300077497#5,27
5160.0,-300077497#8,4
5160.0,-51362429#1,3
5160.0,-593847703#3,19
5160.0,-E0,19
5160.0,182334378#0,2
5160.0,186602412#0,1
5160.0,196961215#2,1
5160.0,263217604#0,1
5160.0,288878926#0,5
5160.0,30620492#0,18
5160.0,30620492#1,5
5160.0,35274074#0,2
5160.0,360843888,3
5160.0,484988951#0,1
5160.0,49073226#2,13
5160.0,49073272#3,3
5160.0,506322844#0,5
5160.0,593847703#0,6
5160.0,594658757#0,1
5160.0,:cluster622618015_622618108_622618112_622618144_#2more_39,1
5160.0,:cluster622618015_622618108_622618112_622618144_#2more_42,1
5160.0,:cluster655375336_end_0_655375336_end_1_655375336_end_10_655375336_end_11_#8more_17,1
5160.0,:cluster655375336_end_0_655375336_end_1_655375336_end_10_655375336_end_11_#8more_19,1
5160.0,:cluster655375336_end_0_655375336_end_1_655375336_end_10_655375336_end_11_#8more_21,1
5180.0,-300077497#5,23
5180.0,-300077497#8,4
5180.0,-49073264#1,1
5180.0,-51362429#1,6
5180.0,-593847703#3,14
5180.0,-E0,20
5180.0,1068440004#1,1
5180.0,182334378#0,2
5180.0,196961215#2,1
5180.0,244450512#4,2
5180.0,244450512#5,1
5180.0,263217604#0,1
5180.0,288878926#0,5
5180.0,300077497#0,2
5180.0,30620492#0,18
5180.0,30620492#1,5
5180.0,360018417,1
5180.0,484988951#0,1
5180.0,49073226#2,13
5180.0,49073272#3,1
5180.0,506322844#0,5
5180.0,593847702#0,1
5180.0,593847703#0,2
5180.0,593847704#0,1
5180.0,594658757#0,1
5180.0,:3208478121_3,1
5180.0,:655375232_8,1
5180.0,:cluster655375336_end_0_655375336_end_1_655375336_end_10_655375336_end_11_#8more_21,1
5180.0,:cluster_2038168688_655375573_23,1
5180.0,:cluster_2038168688_655375573_24,1
5180.0,:cluster_2528018119_655375236_17,2
5180.0,:cluster_2528018119_655375236_19,1
5180.0,:cluster_2528018119_655375236_3,2
5200.0,-300077497#5,18
5200.0,-300077497#8,4
5200.0,-49073264#1,1
5200.0,-51362429#1,7
5200.0,-593847703#3,19
5200.0,-E0,20
5200.0,182334378#0,4
5200.0,186602412#0,2
5200.0,196961215#2,1
5200.0,196961377#3,3
5200.0,244450512#5,3
5200.0,300077497#0,3
5200.0,30620492#0,18
5200.0,30620492#1,5
5200.0,35274074#0,2
5200.0,484988951#0,1
5200.0,49073226#2,13
5200.0,506322844#0,5
5200.0,593847702#0,2
5200.0,593847704#0,1
5200.0,593849711#0,1
5200.0,594658757#0,1
5200.0,594658760#0,1
5200.0,:655375238_1,1
5200.0,:cluster655375336_end_0_655375336_end_1_655375336_end_10_655375336_end_11_#8more_21,1
5200.0,:cluster_2528018119_655375236_17,1
5220.0,-300077497#5,22
5220.0,-49073264#1,1
5220.0,-51362429#1,7
5220.0,-593847703#3,20
5220.0,-E0,18
5220.0,182334378#0,4
5220.0,196961215#2,1
5220.0,244450512#5,3
5220.0,300077497#0,1
5220.0,30620492#0,18
5220.0,30620492#1,5
5220.0,35274074#0,1
5220.0,484988951#0,1
5220.0,49073226#2,13
5220.0,506322844#0,5
5220.0,506322846#0,3
5220.0,593847702#0,2
5220.0,593847704#0,1
5220.0,594658757#0,1
5220.0,594658760#0,1
5220.0,:3086736518_6,2
5220.0,:655375238_6,1
5220.0,:cluster655375336_end_0_655375336_end_1_655375336_end_10_655375336_end_11_#8more_21,1
5240.0,-300077497#5,27
5240.0,-300077497#8,1
5240.0,-49073264#1,1
5240.0,-51362429#1,7
5240.0,-593847703#3,20
5240.0,-E0,15
5240.0,182334378#0,4
5240.0,186602412#0,1
5240.0,244450512#5,3
5240.0,263217604#0,1
5240.0,30620492#0,18
5240.0,30620492#1,5
5240.0,35274074#0,3
5240.0,484988951#0,1
5240.0,49073226#2,12
5240.0,49073272#3,1
5240.0,506322844#0,2
5240.0,593847704#0,6
5240.0,:3086736515_0,1
5240.0,:655375239_5,1
5240.0,:cluster655375336_end_0_655375336_end_1_655375336_end_10_655375336_end_11_#8more_17,1
5240.0,:cluster655375336_end_0_655375336_end_1_655375336_end_10_655375336_end_11_#8more_21,2
5240.0,:cluster_623980147_623980152_3,1
5240.0,:cluster_623980147_623980152_9,1
5260.0,-300077497#5,27
5260.0,-300077497#8,3
5260.0,-51362429#1,6
5260.0,-593847703#3,20
5260.0,-E0,19
5260.0,182334378#0,4
5260.0,244450512#5,3
5260.0,263217604#0,2
5260.0,288878926#0,8
5260.0,30620492#0,18
5260.0,30620492#1,5
5260.0,35274074#0,3
5260.0,49073226#2,8
5260.0,49073272#3,2
5260.0,506322844#0,5
5260.0,593849711#0,1
5260.0,593849718#0,2
5260.0,:cluster622618015_622618108_622618112_622618144_#2more_39,3
5280.0,-300077497#5,21
5280.0,-300077497#8,3
5280.0,-51362429#1,7
5280.0,-593847703#3,18
5280.0,-E0,19
5280.0,182334378#0,4
5280.0,288878926#0,11
5280.0,30620492#0,18
5280.0,30620492#1,5
5280.0,360018417,2
5280.0,49073226#2,3
5280.0,506322844#0,5
5280.0,506322846#0,2
5280.0,51362430,3
5280.0,593849711#0,2
5280.0,594658760#0,2
5280.0,:1973482489_3,1
5280.0,:3086736518_3,1
5280.0,:3086736518_4,1
5280.0,:655375232_8,1
5280.0,:655375233_2,1
5280.0,:655375233_4,1
5280.0,:cluster_3431431575_4777363357_655375231_6982059025_3,2
5300.0,-300077497#5,23
5300.0,-51362429#1,6
5300.0,-593847703#3,18
5300.0,-E0,19
5300.0,182334378#0,4
5300.0,288878926#0,8
5300.0,30620492#0,18
5300.0,30620492#1,5
5300.0,49073226#2,8
5300.0,506322844#0,5
5300.0,593847702#0,1
5300.0,593847704#0,1
5300.0,593849711#0,1
5300.0,594658760#0,2
5300.0,:655375233_4,1
5300.0,:655375238_5,1
5300.0,:cluster622618015_622618108_622618112_622618144_#2more_49,2
5320.0,-300077497#5,24
5320.0,-300077497#8,1
5320.0,-51362429#1,6
5320.0,-593847703#3,18
5320.0,-E0,18
5320.0,1068440004#1,2
5320.0,182334378#0,4
5320.0,263217604#0,1
5320.0,288878926#0,8
5320.0,30620492#0,18
5320.0,30620492#1,5
5320.0,49073226#2,8
5320.0,49073272#1,1
5320.0,506322844#0,2
5320.0,593847704#0,1
5320.0,:3086736518_6,1
5320.0,:655375233_4,1
5320.0,:655375238_5,1
5320.0,:655375239_5,1
5340.0,-300077497#5,27
5340.0,-300077497#8,4
5340.0,-51362429#1,6
5340.0,-593847703#3,18
5340.0,-E0,13
5340.0,1068440004#1,2
5340.0,182334378#0,4
5340.0,263217604#0,2
5340.0,288878926#0,8
5340.0,30620492#0,18
5340.0,30620492#1,5
5340.0,49073226#2,8
5340.0,49073272#3,1
5340.0,506322844#0,4
5340.0,593847704#0,3
5340.0,:655375233_4,1
5340.0,:cluster622618015_622618108_622618112_622618144_#2more_37,1
5340.0,:cluster622618015_622618108_622618112_622618144_#2more_39,1
5360.0,-300077497#5,27
5360.0,-300077497#8,4
5360.0,-51362429#1,6
5360.0,-593847703#3,18
5360.0,-E0,19
5360.0,1068440004#1,2
5360.0,182334378#0,4
5360.0,263217604#0,2
5360.0,288878926#0,8
5360.0,30620492#0,18
5360.0,30620492#1,5
5360.0,360018417,1
5360.0,49073226#2,8
5360.0,49073272#1,1
5360.0,49073272#3,1
5360.0,506322844#0,5
5360.0,:3208478121_3,1
5360.0,:655375233_4,1
5380.0,-300077497#5,26
5380.0,-300077497#8,4
5380.0,-51362429#1,7
5380.0,-593847703#3,14
5380.0,-E0,19
5380.0,1068440004#1,2
5380.0,182334378#0,4
5380.0,196961377#3,3
5380.0,244450512#4,2
5380.0,288878926#0,2
5380.0,30620492#0,18
5380.0,30620492#1,5
5380.0,49073226#2,8
5380.0,506322844#0,5
5380.0,593847704#0,1
5380.0,593849711#0,1
5380.0,:619136999_3,1
5380.0,:655375232_8,1
5380.0,:655375233_2,1
5380.0,:655375233_4,1
5380.0,:cluster622618015_622618108_622618112_622618144_#2more_0,1
5380.0,:cluster_2528018119_655375236_17,1
5400.0,-300077497#5,25
5400.0,-300077497#8,4
5400.0,-51362429#1,9
5400.0,-593847703#3,16
5400.0,-E0,19
5400.0,182334378#0,4
5400.0,244450512#5,2
5400.0,30620492#0,17
5400.0,30620492#1,5
5400.0,49073226#2,8
5400.0,506322844#0,6
5400.0,593847702#0,3
5400.0,593847704#0,1
5400.0,593849711#0,1
5400.0,:cluster622618015_622618108_622618112_622618144_#2more_49,1
5420.0,-300077497#5,27
5420.0,-300077497#8,3
5420.0,-51362429#1,9
5420.0,-593847703#3,16
5420.0,-E0,19
5420.0,182334378#0,1
5420.0,232003903#0,1
5420.0,244450512#5,2
5420.0,263217604#0,1
5420.0,30620492#0,18
5420.0,30620492#1,5
5420.0,49073226#2,8
5420.0,49073272#1,1
5420.0,49073272#3,1
5420.0,506322844#0,3
5420.0,593847704#0,1
5420.0,593852345#0,1
5420.0,:655375239_5,1
5420.0,:cluster655375336_end_0_655375336_end_1_655375336_end_10_655375336_end_11_#8more_6,1
5440.0,-300077497#5,27
5440.0,-300077497#8,4
5440.0,-51362429#1,9
5440.0,-593847703#3,16
5440.0,-E0,13
5440.0,196961215#2,1
5440.0,244450512#5,2
5440.0,263217604#0,2
5440.0,30620492#0,18
5440.0,30620492#1,5
5440.0,484988951#0,1
5440.0,49073226#2,8
5440.0,49073272#3,3
5440.0,506322844#0,5
5440.0,51362430,2
5440.0,593847704#0,4
5460.0,-300077497#5,22
5460.0,-300077497#8,4
5460.0,-51362429#1,9
5460.0,-593847703#3,20
5460.0,-E0,18
5460.0,182334378#0,1
5460.0,196961215#2,1
5460.0,30620492#0,18
5460.0,30620492#1,5
5460.0,360018417,4
5460.0,484988951#0,2
5460.0,49073226#2,9
5460.0,49073264#0,2
5460.0,506322844#0,5
5460.0,51362430,2
5460.0,593847704#0,1
5460.0,594658760#0,2
5480.0,-300077497#5,24
5480.0,-49073264#1,2
5480.0,-51362429#1,9
5480.0,-593847703#3,18
5480.0,-E0,19
5480.0,232003903#0,1
5480.0,288878926#0,3
5480.0,30620492#0,18
5480.0,30620492#1,5
5480.0,49073226#2,10
5480.0,506322844#0,5
5480.0,593847704#0,1
5480.0,593849711#0,1
5480.0,594658760#0,2
5480.0,:655375233_4,2
5480.0,:655375238_5,2
5480.0,:cluster622618015_622618108_622618112_622618144_#2more_26,1
5480.0,:cluster622618015_622618108_622618112_622618144_#2more_49,2
5480.0,:cluster_623980147_623980152_9,1
5500.0,-300077497#5,27
5500.0,-300077497#8,2
5500.0,-49073264#1,2
5500.0,-51362429#1,6
5500.0,-593847703#3,18
5500.0,-E0,19
5500.0,232003903#0,1
5500.0,288878926#0,10
5500.0,30620492#0,18
5500.0,30620492#1,5
5500.0,49073226#2,4
5500.0,506322844#0,1
5500.0,593847704#0,1
5500.0,594658760#0,2
5500.0,:655375233_4,1
5500.0,:655375239_5,2
5500.0,:cluster_3431431575_4777363357_655375231_6982059025_3,3
5500.0,:cluster_623980147_623980152_4,1
5520.0,-300077497#5,27
5520.0,-300077497#8,4
5520.0,-51362429#1,4
5520.0,-593847703#3,18
5520.0,-E0,19
5520.0,1068440004#1,1
5520.0,232003903#0,1
5520.0,263217604#0,1
5520.0,288878926#0,13
5520.0,30620492#0,18
5520.0,30620492#1,5
5520.0,49073226#2,7
5520.0,506322844#0,5
5520.0,594658760#0,1
5520.0,:655375233_4,1
5520.0,:cluster622618015_622618108_622618112_622618144_#2more_17,2
5520.0,:cluster622618015_622618108_622618112_622618144_#2more_39,1
5540.0,-300077497#5,27
5540.0,-300077497#8,4
5540.0,-51362429#1,4
5540.0,-593847703#3,18
5540.0,-E0,14
5540.0,1068440004#1,1
5540.0,263217604#0,1
5540.0,288878926#0,13
5540.0,30620492#0,18
5540.0,30620492#1,5
5540.0,484988951#0,1
5540.0,49073226#2,7
5540.0,506322844#0,6
5540.0,593847704#0,4
5540.0,594658760#0,1
5540.0,:3086736518_6,1
5540.0,:655375233_4,1
5560.0,-300077497#5,27
5560.0,-300077497#8,4
5560.0,-51362429#1,4
5560.0,-593847703#3,18
5560.0,-E0,17
5560.0,1068440004#1,1
5560.0,244450512#4,1
5560.0,288878926#0,7
5560.0,30620492#0,18
5560.0,30620492#1,5
5560.0,49073226#2,8
5560.0,506322844#0,6
5560.0,593847704#0,5
5560.0,593849711#0,1
5560.0,:655375233_4,1
5580.0,-300077497#5,27
5580.0,-300077497#8,4
5580.0,-51362429#1,4
5580.0,-593847703#3,17
5580.0,-E0,19
5580.0,1068440004#1,1
5580.0,244450512#5,1
5580.0,288878926#0,5
5580.0,30620492#0,18
5580.0,30620492#1,5
5580.0,49073226#2,8
5580.0,506322844#0,6
5580.0,593847704#0,6
5580.0,:3086736518_4,1
5580.0,:655375233_4,1
5600.0,-300077497#5,27
5600.0,-300077497#8,4
5600.0,-51362429#1,9
5600.0,-593847703#3,14
5600.0,-E0,19
5600.0,1068440004#1,1
5600.0,244450512#5,1
5600.0,263217604#0,1
5600.0,288878926#0,5
5600.0,30620492#0,18
5600.0,30620492#1,5
5600.0,49073226#2,8
5600.0,506322844#0,5
5600.0,593847704#0,6
5620.0,-300077497#5,27
5620.0,-300077497#8,4
5620.0,-51362429#1,9
5620.0,-593847703#3,14
5620.0,-E0,19
5620.0,244450512#5,1
5620.0,263217604#0,1
5620.0,288878926#0,5
5620.0,30620492#0,18
5620.0,30620492#1,5
5620.0,49073226#2,8
5620.0,49073264#0,1
5620.0,506322844#0,5
5620.0,593847702#0,1
5620.0,593849718#0,1
5620.0,593852345#0,1
5620.0,:cluster622618015_622618108_622618112_622618144_#2more_37,1
5620.0,:cluster622618015_622618108_622618112_622618144_#2more_42,2
5640.0,-300077497#5,20
5640.0,-300077497#8,4
5640.0,-49073264#1,3
5640.0,-51362429#1,9
5640.0,-593847703#3,17
5640.0,-E0,15
5640.0,182334378#0,3
5640.0,196961215#2,1
5640.0,288878926#0,3
5640.0,30620492#0,18
5640.0,30620492#1,5
5640.0,360018417,1
5640.0,49073226#2,8
5640.0,506322844#0,5
5640.0,51362430,1
5640.0,593847702#0,1
5640.0,593847704#0,2
5640.0,593849711#0,2
5640.0,594658757#0,1
5640.0,:3086736518_6,2
5640.0,:cluster_2528018119_655375236_17,1
5660.0,-300077497#5,22
5660.0,-300077497#8,1
5660.0,-49073264#1,3
5660.0,-51362429#1,9
5660.0,-593847703#3,18
5660.0,-E0,15
5660.0,196961215#2,1
5660.0,30620492#0,18
5660.0,30620492#1,5
5660.0,49073226#2,8
5660.0,506322844#0,5
5660.0,593847702#0,1
5660.0,593847704#0,6
5660.0,594658757#0,1
5660.0,:655375238_5,1
5660.0,:cluster655375336_end_0_655375336_end_1_655375336_end_10_655375336_end_11_#8more_5,1
5660.0,:cluster655375336_end_0_655375336_end_1_655375336_end_10_655375336_end_11_#8more_6,1
5660.0,:cluster_3431431575_4777363357_655375231_6982059025_7,1
5680.0,-300077497#5,25
5680.0,-300077497#8,1
5680.0,-49073264#1,3
5680.0,-51362429#1,9
5680.0,-593847703#3,18
5680.0,-E0,19
5680.0,196961215#2,1
5680.0,232003903#0,1
5680.0,30620492#0,18
5680.0,30620492#1,5
5680.0,49073226#2,9
5680.0,49073272#1,1
5680.0,506322844#0,2
5680.0,593847704#0,6
5680.0,594658757#0,1
5680.0,:655375238_5,1
5680.0,:655375239_5,1
5700.0,-300077497#5,27
5700.0,-300077497#8,4
5700.0,-49073264#1,2
5700.0,-51362429#1,9
5700.0,-593847703#3,18
5700.0,-E0,19
5700.0,196961215#2,1
5700.0,232003903#0,1
5700.0,263217604#0,4
5700.0,30620492#0,17
5700.0,30620492#1,5
5700.0,49073226#2,9
5700.0,49073272#3,1
5700.0,506322844#0,3
5700.0,593847704#0,4
5700.0,594658757#0,1
5700.0,:cluster622618015_622618108_622618112_622618144_#2more_17,1
5700.0,:cluster622618015_622618108_622618112_622618144_#2more_39,2
5720.0,-300077497#5,27
5720.0,-300077497#8,4
5720.0,-51362429#1,8
5720.0,-593847703#3,18
5720.0,-E0,19
5720.0,263217604#0,4
5720.0,288878926#0,5
5720.0,30620492#0,18
5720.0,30620492#1,5
5720.0,360018417,1
5720.0,49073226#2,5
5720.0,506322844#0,5
5720.0,51362430,1
5720.0,593849718#0,2
5720.0,594658757#0,1
5720.0,:cluster_623980147_623980152_4,1
5740.0,-300077497#5,26
5740.0,-300077497#8,4
5740.0,-51362429#1,1
5740.0,-593847703#3,18
5740.0,-E0,17
5740.0,196961377#3,1
5740.0,244450512#4,2
5740.0,288878926#0,6
5740.0,30620492#0,18
5740.0,30620492#1,5
5740.0,49073226#2,5
5740.0,506322844#0,5
5740.0,593849711#0,1
5740.0,594658757#0,1
5740.0,594658760#0,2
5740.0,:3086736518_6,2
5740.0,:cluster622618015_622618108_622618112_622618144_#2more_0,1
5740.0,:cluster_2528018119_655375236_17,1
5740.0,:cluster_3431431575_4777363357_655375231_6982059025_3,2
5760.0,-300077497#5,22
5760.0,-300077497#8,4
5760.0,-593847703#3,22
5760.0,-E0,13
5760.0,1068440004#1,1
5760.0,244450512#5,2
5760.0,288878926#0,10
5760.0,30620492#0,18
5760.0,30620492#1,5
5760.0,49073226#2,1
5760.0,506322844#0,5
5760.0,593847704#0,6
5760.0,594658757#0,1
5760.0,594658760#0,1
5760.0,:cluster655375336_end_0_655375336_end_1_655375336_end_10_655375336_end_11_#8more_39,1
5760.0,:cluster_623980147_623980152_9,1
5780.0,-300077497#5,25
5780.0,-300077497#8,2
5780.0,-593847703#3,22
5780.0,-E0,19
5780.0,1068440004#1,1
5780.0,244450512#5,2
5780.0,288878926#0,12
5780.0,30620492#0,18
5780.0,30620492#1,5
5780.0,506322844#0,3
5780.0,593847704#0,6
5780.0,594658757#0,1
5780.0,594658760#0,1
5780.0,:655375238_5,1
5780.0,:655375239_5,1
5800.0,-300077497#5,27
5800.0,-300077497#8,4
5800.0,-51362429#1,3
5800.0,-593847703#3,15
5800.0,-E0,19
5800.0,1068440004#1,1
5800.0,244450512#5,2
5800.0,288878926#0,12
5800.0,30620492#0,18
5800.0,30620492#1,5
5800.0,506322844#0,7
5800.0,593849718#0,2
5800.0,594658757#0,1
5800.0,594658760#0,1
5800.0,:3086736518_4,1
5800.0,:655375232_8,1
5800.0,:655375233_4,2
5800.0,:cluster622618015_622618108_622618112_622618144_#2more_39,3
5820.0,-300077497#5,19
5820.0,-300077497#8,4
5820.0,-593847703#3,20
5820.0,-E0,19
5820.0,182334378#0,1
5820.0,288878926#0,10
5820.0,30620492#0,18
5820.0,30620492#1,5
5820.0,49073226#2,7
5820.0,506322844#0,7
5820.0,51362430,2
5820.0,593847702#0,1
5820.0,593849711#0,1
5820.0,594658757#0,1
5820.0,594658760#0,1
5820.0,:cluster_2528018119_655375236_17,2
5840.0,-300077497#5,22
5840.0,-593847703#3,22
5840.0,-E0,18
5840.0,232003903#0,1
5840.0,288878926#0,4
5840.0,30620492#0,18
5840.0,30620492#1,5
5840.0,484988951#0,2
5840.0,49073226#2,7
5840.0,506322844#0,7
5840.0,593847702#0,1
5840.0,594658757#0,1
5840.0,594658760#0,1
5840.0,:3086736518_6,1
5840.0,:655375238_5,1
5860.0,-300077497#5,24
5860.0,-300077497#8,1
5860.0,-593847703#3,22
5860.0,-E0,13
5860.0,232003903#0,1
5860.0,263217604#0,2
5860.0,288878926#0,4
5860.0,30620492#0,18
5860.0,30620492#1,5
5860.0,49073226#2,9
5860.0,506322844#0,1
5860.0,593847704#0,5
5860.0,593852345#0,1
5860.0,594658757#0,1
5860.0,594658760#0,1
5860.0,:655375238_5,1
5860.0,:655375239_5,2
5880.0,-300077497#5,27
5880.0,-300077497#8,4
5880.0,-593847703#3,22
5880.0,-E0,19
5880.0,196961215#2,1
5880.0,232003903#0,1
5880.0,263217604#0,4
5880.0,288878926#0,4
5880.0,30620492#0,18
5880.0,30620492#1,5
5880.0,49073226#2,9
5880.0,506322844#0,3
5880.0,593847704#0,3
5880.0,594658757#0,1
5880.0,594658760#0,1
5880.0,:cluster622618015_622618108_622618112_622618144_#2more_39,2
5900.0,-300077497#5,23
5900.0,-300077497#8,4
5900.0,-51362429#1,1
5900.0,-593847703#3,18
5900.0,-E0,19
5900.0,196961215#2,1
5900.0,263217604#0,4
5900.0,288878926#0,4
5900.0,30620492#0,18
5900.0,30620492#1,5
5900.0,49073226#2,9
5900.0,506322844#0,5
5900.0,51362430,1
5900.0,594658757#0,1
5900.0,594658760#0,1
5900.0,:655375232_8,1
5900.0,:655375233_4,3
5900.0,:cluster_2528018119_655375236_17,3
5920.0,-300077497#5,19
5920.0,-300077497#8,4
5920.0,-51362429#1,7
5920.0,-593847703#3,22
5920.0,-E0,19
5920.0,182334378#0,1
5920.0,196961215#2,1
5920.0,244450512#4,1
5920.0,30620492#0,18
5920.0,30620492#1,5
5920.0,49073226#2,10
5920.0,506322844#0,5
5920.0,594658757#0,1
5920.0,594658760#0,4
5940.0,-300077497#5,23
5940.0,-51362429#1,7
5940.0,-593847703#3,22
5940.0,-E0,19
5940.0,1068440004#1,2
5940.0,182334378#0,1
5940.0,196961215#2,1
5940.0,244450512#5,1
5940.0,30620492#0,18
5940.0,30620492#1,5
5940.0,49073226#2,10
5940.0,506322844#0,5
5940.0,594658757#0,1
5940.0,594658760#0,2
5960.0,-300077497#5,27
5960.0,-300077497#8,3
5960.0,-51362429#1,5
5960.0,-593847703#3,22
5960.0,-E0,14
5960.0,1068440004#1,2
5960.0,1239087514,1
5960.0,244450512#5,1
5960.0,288878926#0,7
5960.0,30620492#0,18
5960.0,30620492#1,5
5960.0,49073226#2,4
5960.0,506322844#0,2
5960.0,593847704#0,4
5960.0,594658760#0,2
5960.0,:655375239_5,1
5960.0,:cluster_3431431575_4777363357_655375231_6982059025_3,1
5960.0,:cluster_623980147_623980152_9,1
5980.0,-300077497#5,27
5980.0,-300077497#8,4
5980.0,-593847703#3,22
5980.0,-E0,19
5980.0,1068440004#1,2
5980.0,244450512#5,1
5980.0,288878926#0,13
5980.0,30620492#0,18
5980.0,30620492#1,5
5980.0,49073226#2,5
5980.0,49073272#1,1
5980.0,506322844#0,5
5980.0,593849718#0,2
5980.0,594658760#0,2
5980.0,:cluster622618015_622618108_622618112_622618144_#2more_39,1
5980.0,:cluster_3431431575_4777363357_655375231_6982059025_7,1
6000.0,-300077497#5,26
6000.0,-300077497#8,4
6000.0,-593847703#3,20
6000.0,-E0,19
6000.0,1068440004#1,2
6000.0,288878926#0,11
6000.0,30620492#0,16
6000.0,30620492#1,5
6000.0,360018417,1
6000.0,49073226#2,6
6000.0,506322842#0,1
6000.0,506322844#0,5
6000.0,593844221#0,1
6000.0,593849711#0,2
6000.0,594658760#0,1
6000.0,:3086736518_4,1
6000.0,:655375233_10,1
6000.0,:655375233_4,1
6000.0,:cluster655375336_end_0_655375336_end_1_655375336_end_10_655375336_end_11_#8more_18,1
6020.0,-300077497#5,23
6020.0,-300077497#8,3
6020.0,-51362429#1,3
6020.0,-593847703#3,19
6020.0,-E0,20
6020.0,1068440004#1,1
6020.0,288878926#0,5
6020.0,30620492#0,18
6020.0,30620492#1,5
6020.0,49073226#2,8
6020.0,506322842#0,1
6020.0,506322844#0,5
6020.0,593847702#0,1
6020.0,594658760#0,1
6020.0,:655375233_8,2
6020.0,:cluster622618015_622618108_622618112_622618144_#2more_49,1
6020.0,:cluster_2528018119_655375236_17,2
6040.0,-300077497#5,23
6040.0,-300077497#8,4
6040.0,-51362429#1,3
6040.0,-593847703#3,22
6040.0,-E0,20
6040.0,288878926#0,5
6040.0,30620492#0,18
6040.0,30620492#1,5
6040.0,49073226#2,8
6040.0,49073264#0,1
6040.0,49073272#1,1
6040.0,506322844#0,5
6040.0,506322846#0,1
6040.0,593847702#0,1
6040.0,594658760#0,1
6040.0,:cluster622618015_622618108_622618112_622618144_#2more_29,1
6060.0,-300077497#5,27
6060.0,-300077497#8,4
6060.0,-51362429#1,3
6060.0,-593847703#3,22
6060.0,-E0,14
6060.0,288135626#0,1
6060.0,288878926#0,5
6060.0,30620492#0,18
6060.0,30620492#1,5
6060.0,49073226#2,8
6060.0,49073272#3,3
6060.0,506322844#0,5
6060.0,593847704#0,4
6060.0,:3086736518_6,2
6060.0,:cluster622618015_622618108_622618112_622618144_#2more_17,1
6060.0,:cluster622618015_622618108_622618112_622618144_#2more_37,1
6080.0,-300077497#5,26
6080.0,-300077497#8,4
6080.0,-51362429#1,3
6080.0,-593847703#3,23
6080.0,-E0,17
6080.0,1068234499#0,1
6080.0,288878926#0,5
6080.0,30620492#0,18
6080.0,30620492#1,5
6080.0,360018417,1
6080.0,49073226#2,8
6080.0,49073272#1,1
6080.0,49073272#3,1
6080.0,506322844#0,6
6080.0,593849718#0,2
6080.0,593852345#0,1
6080.0,:3208478121_3,1
6080.0,:cluster622618015_622618108_622618112_622618144_#2more_39,2
6100.0,-300077497#5,22
6100.0,-300077497#8,4
6100.0,-51362429#1,3
6100.0,-593847703#3,23
6100.0,-E0,19
6100.0,1068234499#0,1
6100.0,196961215#2,1
6100.0,196961377#3,3
6100.0,30620492#0,18
6100.0,30620492#1,5
6100.0,49073226#2,8
6100.0,506322844#0,6
6100.0,:619136999_3,1
6100.0,:655375233_4,2
6100.0,:cluster_2528018119_655375236_17,2
6120.0,-300077497#5,22
6120.0,-300077497#8,3
6120.0,-51362429#1,8
6120.0,-593847703#3,22
6120.0,-E0,19
6120.0,1068234499#0,1
6120.0,196961215#2,1
6120.0,30620492#0,18
6120.0,30620492#1,5
6120.0,49073226#2,8
6120.0,506322844#0,6
6120.0,593847702#0,1
6140.0,-300077497#5,27
6140.0,-300077497#8,4
6140.0,-49073264#1,1
6140.0,-51362429#1,8
6140.0,-593847703#3,22
6140.0,-E0,19
6140.0,182334378#0,1
6140.0,196961215#2,1
6140.0,263217604#0,1
6140.0,30620492#0,18
6140.0,30620492#1,5
6140.0,49073226#2,8
6140.0,506322844#0,3
6160.0,-300077497#5,27
6160.0,-300077497#8,4
6160.0,-51362429#1,8
6160.0,-593847703#3,22
6160.0,-E0,15
6160.0,182334378#0,1
6160.0,196961215#2,1
6160.0,263217604#0,1
6160.0,30620492#0,18
6160.0,30620492#1,5
6160.0,49073226#2,8
6160.0,506322844#0,6
6160.0,593847704#0,2
6160.0,:3086736518_6,2
6180.0,-300077497#5,26
6180.0,-300077497#8,4
6180.0,-51362429#1,8
6180.0,-593847703#3,23
6180.0,-E0,15
6180.0,288878926#0,2
6180.0,30620492#0,18
6180.0,30620492#1,5
6180.0,49073226#2,6
6180.0,506322844#0,6
6180.0,593847704#0,6
6180.0,594658760#0,1
6180.0,:cluster_623980147_623980152_9,1
6200.0,-300077497#5,23
6200.0,-300077497#8,3
6200.0,-593847703#3,25
6200.0,-E0,19
6200.0,1068440004#1,1
6200.0,288878926#0,6
6200.0,30620492#0,18
6200.0,30620492#1,5
6200.0,49073226#2,4
6200.0,506322844#0,6
6200.0,593847704#0,6
6200.0,:cluster_2528018119_655375236_31,2
6200.0,:cluster_3431431575_4777363357_655375231_6982059025_3,3
6200.0,:cluster_623980147_623980152_4,1
6220.0,-300077497#5,23
6220.0,-300077497#8,3
6220.0,-51362429#1,5
6220.0,-593847703#3,16
6220.0,-E0,19
6220.0,1068440004#1,1
6220.0,232003903#0,2
6220.0,263217604#0,1
6220.0,288878926#0,13
6220.0,30620492#0,18
6220.0,30620492#1,5
6220.0,49073226#2,1
6220.0,506322844#0,5
6220.0,593847704#0,6
6220.0,:3086736518_4,1
6220.0,:655375232_8,1
6220.0,:655375238_5,1
6220.0,:cluster622618015_622618108_622618112_622618144_#2more_34,1
6240.0,-300077497#5,27
6240.0,-300077497#8,4
6240.0,-49073264#1,1
6240.0,-593847703#3,16
6240.0,-E0,19
6240.0,232003903#0,2
6240.0,263217604#0,1
6240.0,288878926#0,13
6240.0,30620492#0,18
6240.0,30620492#1,5
6240.0,49073226#2,6
6240.0,506322844#0,4
6240.0,593847702#0,1
6240.0,593847704#0,5
6240.0,:3086736518_4,1
6240.0,:cluster622618015_622618108_622618112_622618144_#2more_39,1
6240.0,:cluster_3431431575_4777363357_655375231_6982059025_3,1
6260.0,-300077497#5,23
6260.0,-300077497#8,4
6260.0,-593847703#3,18
6260.0,-E0,17
6260.0,263217604#0,1
6260.0,288878926#0,13
6260.0,30620492#0,18
6260.0,30620492#1,5
6260.0,49073226#2,7
6260.0,506322844#0,6
6260.0,51362430,2
6260.0,593847702#0,1
6260.0,593849718#0,1
6260.0,:3086736518_4,1
6260.0,:3086736518_6,2
6260.0,:cluster_2528018119_655375236_17,2
6280.0,-300077497#5,23
6280.0,-300077497#8,4
6280.0,-593847703#3,20
6280.0,-E0,18
6280.0,288878926#0,7
6280.0,30620492#0,18
6280.0,30620492#1,5
6280.0,49073226#2,8
6280.0,506322844#0,6
6280.0,593847702#0,1
6280.0,593849711#0,1
6280.0,594658760#0,1
6280.0,:3086736518_4,1
6280.0,:3086736518_6,2
6280.0,:cluster622618015_622618108_622618112_622618144_#2more_0,1
6280.0,:cluster_3431431575_4777363357_655375231_6982059025_7,1
6300.0,-300077497#5,26
6300.0,-593847703#3,21
6300.0,-E0,19
6300.0,1068440004#1,1
6300.0,288878926#0,5
6300.0,30620492#0,18
6300.0,30620492#1,4
6300.0,49073226#2,9
6300.0,506322844#0,6
6300.0,593847702#0,1
6300.0,:3086736518_4,1
6300.0,:3086736518_6,2
6320.0,-300077497#5,26
6320.0,-300077497#8,3
6320.0,-51362429#1,2
6320.0,-593847703#3,15
6320.0,-E0,19
6320.0,1068440004#1,1
6320.0,263217604#0,2
6320.0,288878926#0,5
6320.0,30620492#0,16
6320.0,30620492#1,5
6320.0,49073226#2,9
6320.0,49073272#3,1
6320.0,506322844#0,6
6320.0,593847704#0,1
6320.0,:3086736518_4,1
6320.0,:3086736518_6,1
6320.0,:655375232_8,1
6320.0,:655375233_4,3
6320.0,:655375238_5,1
6320.0,:655375239_6,1
6340.0,-300077497#5,27
6340.0,-300077497#8,5
6340.0,-51362429#1,4
6340.0,-593847703#3,15
6340.0,-E0,19
6340.0,263217604#0,4
6340.0,288878926#0,5
6340.0,30620492#0,18
6340.0,30620492#1,5
6340.0,49073226#2,9
6340.0,49073272#3,1
6340.0,506322844#0,5
6340.0,:3086736518_4,1
6340.0,:655375233_4,2
6340.0,:655375233_8,1
6340.0,:cluster622618015_622618108_622618112_622618144_#2more_39,1
6360.0,-300077497#5,22
6360.0,-300077497#8,5
6360.0,-51362429#1,4
6360.0,-593847703#3,20
6360.0,-E0,18
6360.0,288878926#0,3
6360.0,30620492#0,18
6360.0,30620492#1,5
6360.0,360018417,1
6360.0,360843888,1
6360.0,49073226#2,9
6360.0,506322844#0,5
6360.0,593849711#0,1
6360.0,594658757#0,2
6360.0,594658760#0,1
6360.0,:3086736518_4,1
6360.0,:3086736518_6,1
6360.0,:655375233_4,2
6360.0,:655375233_8,1
6380.0,-300077497#5,20
6380.0,-300077497#8,2
6380.0,-51362429#1,4
6380.0,-593847703#3,22
6380.0,-E0,17
6380.0,182334378#0,1
6380.0,30620492#0,18
6380.0,30620492#1,5
6380.0,360843888,1
6380.0,49073226#2,9
6380.0,506322844#0,5
6380.0,593849711#0,1
6380.0,594658757#0,2
6380.0,594658760#0,1
6380.0,:3086736518_4,1
6380.0,:3086736518_6,2
6380.0,:655375233_4,2
6380.0,:655375233_8,1
6380.0,:655375238_5,1
6380.0,:cluster_2528018119_655375236_17,1
6400.0,-300077497#5,24
6400.0,-300077497#8,2
6400.0,-51362429#1,4
6400.0,-593847703#3,23
6400.0,-E0,20
6400.0,232003903#0,1
6400.0,30620492#0,18
6400.0,30620492#1,5
6400.0,360843888,1
6400.0,49073226#2,9
6400.0,506322844#0,2
6400.0,594658757#0,1
6400.0,:3086736518_4,1
6400.0,:3086736518_6,2
6400.0,:655375233_4,2
6400.0,:655375233_8,1
6400.0,:655375239_5,1
6420.0,-300077497#5,27
6420.0,-300077497#8,4
6420.0,-51362429#1,5
6420.0,-593847703#3,19
6420.0,-E0,20
6420.0,232003903#0,1
6420.0,263217604#0,1
6420.0,288878926#0,4
6420.0,30620492#0,18
6420.0,30620492#1,5
6420.0,360843888,1
6420.0,49073226#2,5
6420.0,506322844#0,4
6420.0,593847704#0,1
6420.0,594658757#0,1
6420.0,:3086736518_4,1
6420.0,:3086736518_6,2
6420.0,:655375233_4,3
6420.0,:655375233_8,1
6420.0,:cluster_3431431575_4777363357_655375231_6982059025_3,1
6440.0,-300077497#5,23
6440.0,-300077497#8,4
6440.0,-593847703#3,20
6440.0,-E0,20
6440.0,244450512#4,1
6440.0,263217604#0,1
6440.0,288878926#0,10
6440.0,30620492#0,18
6440.0,30620492#1,5
6440.0,49073226#2,5
6440.0,49073264#0,1
6440.0,506322844#0,6
6440.0,51362430,1
6440.0,593847702#0,1
6440.0,593847704#0,1
6440.0,593849718#0,1
6440.0,594658757#0,1
6440.0,:655375233_2,1
6440.0,:655375233_4,2
6440.0,:cluster_2528018119_655375236_17,2
6440.0,:cluster_3431431575_4777363357_655375231_6982059025_3,1
6440.0,:cluster_623980147_623980152_9,1
6460.0,-300077497#5,20
6460.0,-300077497#8,4
6460.0,-49073264#1,1
6460.0,-593847703#3,25
6460.0,-E0,20
6460.0,244450512#4,1
6460.0,244450512#5,1
6460.0,288878926#0,7
6460.0,30620492#0,18
6460.0,30620492#1,5
6460.0,49073226#2,4
6460.0,506322844#0,6
6460.0,593847702#0,1
6460.0,593847704#0,1
6460.0,593849711#0,2
6460.0,594658757#0,1
6460.0,:655375233_2,1
6460.0,:655375233_4,2
6460.0,:cluster_623980147_623980152_4,1
6480.0,-300077497#5,23
6480.0,-49073264#1,1
6480.0,-593847703#3,26
6480.0,-E0,14
6480.0,244450512#5,2
6480.0,288878926#0,9
6480.0,30620492#0,18
6480.0,30620492#1,5
6480.0,49073226#2,1
6480.0,506322844#0,6
6480.0,593847702#0,1
6480.0,593847704#0,7
6480.0,594658757#0,1
6480.0,:655375233_2,1
6480.0,:655375233_4,2
6500.0,-300077497#5,26
6500.0,-300077497#8,2
6500.0,-49073264#1,1
6500.0,-593847703#3,26
6500.0,-E0,18
6500.0,244450512#5,2
6500.0,263217604#0,2
6500.0,288878926#0,9
6500.0,30620492#0,18
6500.0,30620492#1,5
6500.0,49073226#2,1
6500.0,49073272#3,1
6500.0,506322844#0,2
6500.0,593847704#0,7
6500.0,:655375233_2,1
6500.0,:655375233_4,2
6500.0,:655375238_5,1
6500.0,:655375239_5,1
6520.0,-300077497#5,27
6520.0,-300077497#8,4
6520.0,-593847703#3,23
6520.0,-E0,19
6520.0,244450512#5,2
6520.0,263217604#0,2
6520.0,288878926#0,9
6520.0,30620492#0,18
6520.0,30620492#1,5
6520.0,49073226#2,1
6520.0,49073272#1,1
6520.0,49073272#3,1
6520.0,506322844#0,6
6520.0,593847702#0,1
6520.0,593849718#0,3
6520.0,:3086736518_7,1
6520.0,:655375232_8,1
6520.0,:655375233_4,3
6520.0,:cluster622618015_622618108_622618112_622618144_#2more_39,3
6540.0,-300077497#5,19
6540.0,-300077497#8,4
6540.0,-593847703#3,25
6540.0,-E0,19
6540.0,182334378#0,1
6540.0,232003903#0,1
6540.0,288878926#0,7
6540.0,30620492#0,18
6540.0,30620492#1,5
6540.0,360018417,2
6540.0,360843888,1
6540.0,49073226#2,6
6540.0,506322844#0,6
6540.0,51362430,2
6540.0,593847702#0,2
6540.0,593847704#0,1
6540.0,593849711#0,2
6540.0,594658760#0,1
6540.0,:cluster_2528018119_655375236_17,2
6560.0,-300077497#5,20
6560.0,-593847703#3,27
6560.0,-E0,19
6560.0,232003903#0,2
6560.0,288878926#0,1
6560.0,30620492#0,18
6560.0,30620492#1,5
6560.0,360843888,1
6560.0,49073226#2,8
6560.0,506322844#0,6
6560.0,593847702#0,2
6560.0,593847704#0,1
6560.0,593849711#0,1
6560.0,594658760#0,1
6560.0,:655375238_5,2
6560.0,:cluster622618015_622618108_622618112_622618144_#2more_49,2
6560.0,:cluster_2528018119_655375236_17,1
6580.0,-300077497#5,23
6580.0,-300077497#8,1
6580.0,-593847703#3,28
6580.0,-E0,13
6580.0,1068440004#1,1
6580.0,232003903#0,2
6580.0,263217604#0,1
6580.0,288878926#0,1
6580.0,30620492#0,18
6580.0,30620492#1,5
6580.0,360843888,1
6580.0,49073226#2,8
6580.0,49073272#1,1
6580.0,506322844#0,2
6580.0,593847704#0,4
6580.0,593852345#0,1
6580.0,:3086736518_6,1
6580.0,:655375238_5,1
6580.0,:655375239_5,1
6600.0,-300077497#5,27
6600.0,-300077497#8,3
6600.0,-593847703#3,28
6600.0,-E0,17
6600.0,1068440004#1,1
6600.0,196961215#2,1
6600.0,232003903#0,2
6600.0,263217604#0,3
6600.0,288878926#0,1
6600.0,30620492#0,18
6600.0,30620492#1,5
6600.0,360843888,1
6600.0,49073226#2,8
6600.0,49073272#3,1
6600.0,506322844#0,3
6600.0,593847704#0,3
6600.0,:cluster622618015_622618108_622618112_622618144_#2more_37,1
6600.0,:cluster622618015_622618108_622618112_622618144_#2more_39,1
6620.0,-300077497#5,24
6620.0,-300077497#8,4
6620.0,-593847703#3,28
6620.0,-E0,19
6620.0,1068440004#1,1
6620.0,196961215#2,1
6620.0,244450512#5,1
6620.0,263217604#0,3
6620.0,288878926#0,1
6620.0,30620492#0,17
6620.0,30620492#1,4
6620.0,360018417,1
6620.0,49073226#2,8
6620.0,506322844#0,6
6620.0,51362430,2
6620.0,:3208478121_3,1
6620.0,:655375233_4,2
6620.0,:cluster_2528018119_655375236_17,1
6620.0,:cluster_9383263990_9383263991_9383263992_9383263993_13,1
6640.0,-300077497#5,23
6640.0,-300077497#8,4
6640.0,-51362429#1,5
6640.0,-593847703#3,23
6640.0,-E0,19
6640.0,1068440004#1,1
6640.0,196961215#2,1
6640.0,196961377#3,2
6640.0,244450512#4,2
6640.0,244450512#5,1
6640.0,30620492#0,17
6640.0,30620492#1,5
6640.0,49073226#2,11
6640.0,506322844#0,7
6640.0,593847704#0,1
6640.0,594658757#0,1
6640.0,:3086736518_4,1
6640.0,:cluster_2528018119_655375236_17,1
6640.0,:cluster_9383263990_9383263991_9383263992_9383263993_13,1
6660.0,-300077497#5,24
6660.0,-300077497#8,1
6660.0,-51362429#1,4
6660.0,-593847703#3,25
6660.0,-E0,19
6660.0,1068440004#1,1
6660.0,232003903#0,1
6660.0,244450512#5,3
6660.0,288878926#0,6
6660.0,30620492#0,18
6660.0,30620492#1,5
6660.0,49073226#2,5
6660.0,506322844#0,7
6660.0,593847702#0,1
6660.0,593847704#0,1
6660.0,:3086736518_4,1
6660.0,:cluster_3431431575_4777363357_655375231_6982059025_3,1
6660.0,:cluster_623980147_623980152_9,1
6660.0,:cluster_9383263990_9383263991_9383263992_9383263993_13,1
6680.0,-300077497#5,27
6680.0,-300077497#8,4
6680.0,-593847703#3,25
6680.0,-E0,17
6680.0,1068440004#1,1
6680.0,244450512#5,3
6680.0,263217604#0,3
6680.0,288878926#0,13
6680.0,30620492#0,18
6680.0,30620492#1,5
6680.0,484988951#0,1
6680.0,49073226#2,4
6680.0,49073272#3,1
6680.0,506322844#0,3
6680.0,593847704#0,1
6680.0,:3086736518_4,1
6680.0,:3086736518_6,2
6700.0,-300077497#5,27
6700.0,-300077497#8,4
6700.0,-593847703#3,25
6700.0,-E0,19
6700.0,1068440004#1,1
6700.0,244450512#5,3
6700.0,263217604#0,3
6700.0,288878926#0,13
6700.0,30620492#0,18
6700.0,30620492#1,5
6700.0,49073226#2,5
6700.0,49073272#3,2
6700.0,506322844#0,6
6700.0,:3086736518_4,1
6700.0,:3086736518_6,2
6720.0,-300077497#5,24
6720.0,-300077497#8,4
6720.0,-593847703#3,27
6720.0,-E0,19
6720.0,1068440004#1,1
6720.0,232003903#0,1
6720.0,288878926#0,11
6720.0,30620492#0,18
6720.0,30620492#1,5
6720.0,360018417,2
6720.0,49073226#2,5
6720.0,506322844#0,6
6720.0,51362430,3
6720.0,593849711#0,2
6720.0,594658757#0,2
6720.0,594658760#0,1
6720.0,:3086736518_4,1
6720.0,:3086736518_6,2
6740.0,-300077497#5,21
6740.0,-300077497#8,1
6740.0,-51362429#1,1
6740.0,-593847703#3,23
6740.0,-E0,19
6740.0,1068440004#1,1
6740.0,232003903#0,1
6740.0,288878926#0,5
6740.0,30620492#0,18
6740.0,30620492#1,5
6740.0,49073226#2,9
6740.0,506322844#0,6
6740.0,593847704#0,2
6740.0,594658757#0,2
6740.0,594658760#0,1
6740.0,:3086736518_4,1
6740.0,:655375233_4,4
6740.0,:655375238_5,1
6740.0,:cluster622618015_622618108_622618112_622618144_#2more_49,2
6740.0,:cluster_2528018119_655375236_17,2
6740.0,:cluster_2528018119_655375236_19,1
6760.0,-300077497#5,22
6760.0,-300077497#8,3
6760.0,-593847703#3,25
6760.0,-E0,19
6760.0,232003903#0,2
6760.0,263217604#0,1
6760.0,288878926#0,5
6760.0,30620492#0,18
6760.0,30620492#1,5
6760.0,49073226#2,10
6760.0,506322844#0,2
6760.0,593847704#0,2
6760.0,594658757#0,2
6760.0,:3086736518_4,1
6760.0,:655375233_4,4
6760.0,:655375233_8,1
6760.0,:655375238_5,1
6760.0,:655375239_5,1
6760.0,:cluster655375336_end_0_655375336_end_1_655375336_end_10_655375336_end_11_#8more_16,1
6780.0,-300077497#5,27
6780.0,-300077497#8,4
6780.0,-593847703#3,25
6780.0,-E0,17
6780.0,1068440004#1,1
6780.0,232003903#0,2
6780.0,263217604#0,1
6780.0,288878926#0,5
6780.0,30620492#0,18
6780.0,30620492#1,5
6780.0,49073226#2,10
6780.0,506322844#0,5
6780.0,594658757#0,2
6780.0,:3086736518_4,1
6780.0,:3086736518_6,2
6780.0,:655375233_4,4
6780.0,:655375233_8,1
6780.0,:cluster622618015_622618108_622618112_622618144_#2more_39,2
6800.0,-300077497#5,23
6800.0,-300077497#8,4
6800.0,-593847703#3,27
6800.0,-E0,18
6800.0,1068440004#1,1
6800.0,263217604#0,1
6800.0,288878926#0,5
6800.0,30620492#0,18
6800.0,30620492#1,5
6800.0,49073226#2,10
6800.0,506322844#0,8
6800.0,51362430,2
6800.0,594658757#0,2
6800.0,:3086736518_4,1
6800.0,:3086736518_6,2
6800.0,:655375233_4,4
6800.0,:655375233_8,1
6800.0,:cluster_2528018119_655375236_17,2
6820.0,-300077497#5,21
6820.0,-300077497#8,4
6820.0,-593847703#3,30
6820.0,-E0,19
6820.0,1068440004#1,2
6820.0,244450512#4,1
6820.0,30620492#0,18
6820.0,30620492#1,5
6820.0,49073226#2,12
6820.0,506322844#0,8
6820.0,593849711#0,1
6820.0,594658757#0,2
6820.0,:3086736518_4,1
6820.0,:3086736518_6,2
6820.0,:655375233_4,4
6820.0,:655375233_8,1
6840.0,-300077497#5,23
6840.0,-51362429#1,3
6840.0,-593847703#3,27
6840.0,-E0,19
6840.0,1068440004#1,2
6840.0,182334378#0,1
6840.0,244450512#5,1
6840.0,30620492#0,18
6840.0,30620492#1,5
6840.0,49073226#2,12
6840.0,506322844#0,8
6840.0,593847704#0,2
6840.0,594658757#0,2
6840.0,:3086736518_4,1
6840.0,:655375233_4,5
6840.0,:655375233_8,1
6860.0,-300077497#5,26
6860.0,-300077497#8,3
6860.0,-51362429#1,5
6860.0,-593847703#3,27
6860.0,-E0,19
6860.0,244450512#5,1
6860.0,263217604#0,3
6860.0,30620492#0,18
6860.0,30620492#1,5
6860.0,49073226#2,12
6860.0,506322844#0,2
6860.0,51362430,1
6860.0,593847704#0,2
6860.0,594658757#0,2
6860.0,:3086736518_4,1
6860.0,:655375233_4,3
6860.0,:655375233_8,3
6860.0,:655375238_5,1
6860.0,:655375239_5,1
6880.0,-300077497#5,27
6880.0,-300077497#8,4
6880.0,-51362429#1,5
6880.0,-593847703#3,27
6880.0,-E0,18
6880.0,244450512#5,1
6880.0,263217604#0,4
6880.0,288878926#0,1
6880.0,30620492#0,18
6880.0,30620492#1,5
6880.0,49073226#2,11
6880.0,506322844#0,7
6880.0,593849718#0,2
6880.0,594658757#0,2
6880.0,:3086736518_4,1
6880.0,:3086736518_6,1
6880.0,:655375233_4,3
6880.0,:655375233_8,3
6880.0,:cluster_623980147_623980152_4,1
6900.0,-300077497#5,20
6900.0,-300077497#8,4
6900.0,-51362429#1,2
6900.0,-593847703#3,30
6900.0,-E0,16
6900.0,182334378#0,1
6900.0,232003903#0,1
6900.0,288878926#0,5
6900.0,30620492#0,18
6900.0,30620492#1,5
6900.0,360843888,1
6900.0,49073226#2,6
6900.0,506322844#0,7
6900.0,51362430,1
6900.0,593849711#0,1
6900.0,594658757#0,2
6900.0,594658760#0,1
6900.0,:3086736518_4,1
6900.0,:3086736518_6,2
6900.0,:655375233_4,3
6900.0,:655375233_8,3
6900.0,:cluster3086736522_655375108_655375247_655375401_#1more_17,2
6900.0,:cluster622618015_622618108_622618112_622618144_#2more_0,1
6900.0,:cluster655375336_end_0_655375336_end_1_655375336_end_10_655375336_end_11_#8more_38,1
6900.0,:cluster_2528018119_655375236_17,1
6900.0,:cluster_3431431575_4777363357_655375231_6982059025_3,2
6920.0,-300077497#5,23
6920.0,-593847703#3,31
6920.0,-E0,19
6920.0,1068440004#1,1
6920.0,232003903#0,2
6920.0,288878926#0,6
6920.0,30620492#0,18
6920.0,30620492#1,5
6920.0,360843888,3
6920.0,49073226#2,4
6920.0,506322844#0,7
6920.0,594658757#0,2
6920.0,594658760#0,1
6920.0,:3086736518_4,1
6920.0,:3086736518_6,2
6920.0,:655375233_4,3
6920.0,:655375233_8,3
6920.0,:655375238_5,1
6920.0,:cluster_623980147_623980152_9,1
6940.0,-300077497#5,25
6940.0,-51362429#1,1
6940.0,-593847703#3,29
6940.0,-E0,19
6940.0,1068440004#1,1
6940.0,232003903#0,2
6940.0,263217604#0,3
6940.0,288878926#0,11
6940.0,30620492#0,17
6940.0,30620492#1,5
6940.0,360843888,3
6940.0,506322844#0,4
6940.0,593847704#0,2
6940.0,594658757#0,2
6940.0,594658760#0,1
6940.0,:3086736518_4,2
6940.0,:3086736518_6,1
6940.0,:655375233_4,2
6940.0,:655375233_8,3
6940.0,:655375238_5,1
6940.0,:655375239_5,1
6960.0,-300077497#5,27
6960.0,-300077497#8,4
6960.0,-593847703#3,28
6960.0,-E0,19
6960.0,232003903#0,2
6960.0,263217604#0,4
6960.0,288878926#0,11
6960.0,30620492#0,18
6960.0,30620492#1,5
6960.0,360843888,3
6960.0,49073226#2,4
6960.0,506322844#0,5
6960.0,593847702#0,3
6960.0,593847704#0,2
6960.0,594658757#0,2
6960.0,594658760#0,1
6960.0,:3086736518_4,1
6960.0,:655375233_4,1
6960.0,:655375233_8,1
6960.0,:cluster622618015_622618108_622618112_622618144_#2more_42,1
6980.0,-300077497#5,25
6980.0,-300077497#8,4
6980.0,-49073264#1,1
6980.0,-593847703#3,30
6980.0,-E0,19
6980.0,244450512#4,1
6980.0,244450512#5,1
6980.0,263217604#0,4
6980.0,288878926#0,11
6980.0,30620492#0,18
6980.0,30620492#1,5
6980.0,49073226#2,4
6980.0,506322844#0,5
6980.0,51362430,2
6980.0,593847702#0,4
6980.0,594658757#0,2
6980.0,594658760#0,1
6980.0,:3086736518_4,1
6980.0,:3208478128_0,1
6980.0,:655375233_4,1
7000.0,-300077497#5,22
7000.0,-300077497#8,4
7000.0,-49073264#1,1
7000.0,-593847703#3,31
7000.0,-E0,17
7000.0,244450512#4,1
7000.0,244450512#5,3
7000.0,288878926#0,5
7000.0,30620492#0,18
7000.0,30620492#1,5
7000.0,49073226#2,6
7000.0,506322844#0,5
7000.0,593847702#0,4
7000.0,593849711#0,1
7000.0,594658757#0,3
7000.0,594658760#0,2
7000.0,:3086736518_4,1
7000.0,:3086736518_6,2
7000.0,:655375233_4,1
7000.0,:cluster_2528018119_655375236_17,1
7000.0,:cluster_2664674491_655375287_655375288_1,1
7000.0,:cluster_3208478133_655375293_655375296_9631728504_#1more_10,1
7020.0,-300077497#5,26
7020.0,-49073264#1,1
7020.0,-593847703#3,32
7020.0,-E0,19
7020.0,244450512#4,1
7020.0,244450512#5,3
7020.0,288878926#0,3
7020.0,30620492#0,18
7020.0,30620492#1,5
7020.0,49073226#2,6
7020.0,506322844#0,5
7020.0,593847702#0,4
7020.0,594658757#0,3
7020.0,594658760#0,2
7020.0,:3086736518_4,1
7020.0,:3086736518_6,2
7020.0,:3208478128_0,1
7020.0,:655375233_4,1
7020.0,:cluster_3431431575_4777363357_655375231_6982059025_7,1
7040.0,-300077497#5,27
7040.0,-300077497#8,4
7040.0,-49073264#1,2
7040.0,-51362429#1,1
7040.0,-593847703#3,28
7040.0,-E0,19
7040.0,1068440004#1,1
7040.0,244450512#4,1
7040.0,244450512#5,3
7040.0,288878926#0,3
7040.0,30620492#0,18
7040.0,30620492#1,5
7040.0,49073226#2,7
7040.0,49073272#3,2
7040.0,506322844#0,4
7040.0,593852345#0,1
7040.0,594658757#0,2
7040.0,594658760#0,1
7040.0,:3086736518_3,1
7040.0,:3086736518_6,2
7040.0,:3208478128_0,1
7040.0,:655375232_8,1
7040.0,:655375233_2,1
7040.0,:655375233_4,2
7060.0,-300077497#5,27
7060.0,-300077497#8,4
7060.0,-51362429#1,3
7060.0,-593847703#3,23
7060.0,-E0,19
7060.0,196961215#2,1
7060.0,244450512#4,1
7060.0,244450512#5,3
7060.0,288878926#0,3
7060.0,30620492#0,18
7060.0,30620492#1,5
7060.0,49073226#2,9
7060.0,49073272#1,1
7060.0,49073272#3,2
7060.0,506322844#0,5
7060.0,593847702#0,2
7060.0,593847704#0,1
7060.0,594658757#0,2
7060.0,594658760#0,1
7060.0,:3086736518_4,1
7060.0,:3208478128_0,1
7060.0,:655375233_4,1
7060.0,:655375233_8,1
7060.0,:cluster622618015_622618108_622618112_622618144_#2more_37,1
7080.0,-300077497#5,22
7080.0,-300077497#8,4
7080.0,-51362429#1,3
7080.0,-593847703#3,28
7080.0,-E0,19
7080.0,1239087514,1
7080.0,196961215#2,1
7080.0,288878926#0,1
7080.0,30620492#0,18
7080.0,30620492#1,5
7080.0,360018417,4
7080.0,49073226#2,9
7080.0,506322844#0,5
7080.0,51362430,4
7080.0,593847702#0,2
7080.0,593849711#0,2
7080.0,594658757#0,2
7080.0,594658760#0,1
7080.0,:3086736518_4,1
7080.0,:655375233_4,1
7080.0,:655375233_8,1
7100.0,-300077497#5,22
7100.0,-300077497#8,1
7100.0,-51362429#1,3
7100.0,-593847703#3,30
7100.0,-E0,17
7100.0,196961215#2,1
7100.0,30620492#0,18
7100.0,30620492#1,5
7100.0,484988951#0,1
7100.0,49073226#2,13
7100.0,506322844#0,5
7100.0,593847702#0,2
7100.0,594658757#0,2
7100.0,594658760#0,1
7100.0,:3086736518_4,1
7100.0,:3086736518_6,2
7100.0,:655375233_4,1
7100.0,:655375233_8,1
7100.0,:655375238_5,1
7100.0,:cluster622618015_622618108_622618112_622618144_#2more_49,3
7120.0,-300077497#5,25
7120.0,-300077497#8,2
7120.0,-51362429#1,2
7120.0,-593847703#3,30
7120.0,-E0,19
7120.0,288878926#0,4
7120.0,30620492#0,18
7120.0,30620492#1,5
7120.0,484988951#0,1
7120.0,49073226#2,9
7120.0,49073264#0,1
7120.0,49073272#3,1
7120.0,506322844#0,1
7120.0,594658757#0,2
7120.0,594658760#0,1
7120.0,:3086736518_4,1
7120.0,:3086736518_6,2
7120.0,:655375233_4,1
7120.0,:655375233_8,1
7120.0,:655375239_5,2
7120.0,:cluster_3431431575_4777363357_655375231_6982059025_3,1
7120.0,:cluster_623980147_623980152_4,1
7140.0,-300077497#5,27
7140.0,-300077497#8,4
7140.0,-593847703#3,28
7140.0,-E0,19
7140.0,288878926#0,11
7140.0,30620492#0,18
7140.0,30620492#1,5
7140.0,49073226#2,5
7140.0,49073272#3,1
7140.0,506322844#0,5
7140.0,594658757#0,2
7140.0,594658760#0,1
7140.0,:3086736518_4,1
7140.0,:3086736518_6,2
7140.0,:655375232_8,1
7140.0,:655375233_2,1
7140.0,:655375233_4,1
7140.0,:655375233_8,1
7140.0,:cluster622618015_622618108_622618112_622618144_#2more_17,1
7140.0,:cluster_3431431575_4777363357_655375231_6982059025_3,2
7160.0,-300077497#5,26
7160.0,-300077497#8,4
7160.0,-51362429#1,2
7160.0,-593847703#3,25
7160.0,-E0,19
7160.0,288878926#0,13
7160.0,30620492#0,18
7160.0,30620492#1,5
7160.0,360018417,1
7160.0,49073226#2,7
7160.0,506322844#0,5
7160.0,593847702#0,2
7160.0,593847704#0,2
7160.0,594658757#0,2
7160.0,594658760#0,1
7160.0,:3086736518_4,2
7160.0,:655375233_4,1
7180.0,-300077497#5,26
7180.0,-300077497#8,4
7180.0,-51362429#1,2
7180.0,-593847703#3,25
7180.0,-E0,19
7180.0,288878926#0,7
7180.0,30620492#0,18
7180.0,30620492#1,5
7180.0,49073226#2,7
7180.0,506322844#0,5
7180.0,593847702#0,2
7180.0,593847704#0,2
7180.0,593849711#0,1
7180.0,594658757#0,2
7180.0,594658760#0,1
7180.0,:3086736518_4,2
7180.0,:655375233_4,1
7180.0,:cluster622618015_622618108_622618112_622618144_#2more_26,1
7200.0,-300077497#5,27
7200.0,-300077497#8,3
7200.0,-51362429#1,2
7200.0,-593847703#3,25
7200.0,-E0,17
7200.0,288878926#0,5
7200.0,30620492#0,18
7200.0,30620492#1,5
7200.0,49073226#2,7
7200.0,506322844#0,5
7200.0,593847702#0,2
7200.0,593847704#0,2
7200.0,594658757#0,2
7200.0,594658760#0,1
7200.0,:3086736518_4,2
7200.0,:3086736518_6,2
7200.0,:655375233_4,1
7220.0,-300077497#5,27
7220.0,-300077497#8,4
7220.0,-49073264#1,1
7220.0,-51362429#1,2
7220.0,-593847703#3,25
7220.0,-E0,19
7220.0,288878926#0,5
7220.0,30620492#0,18
7220.0,30620492#1,5
7220.0,49073226#2,7
7220.0,49073272#3,1
7220.0,506322844#0,5
7220.0,593847704#0,2
7220.0,594658757#0,2
7220.0,:3086736518_4,2
7220.0,:3086736518_6,2
7220.0,:655375233_4,1
7240.0,-300077497#5,27
7240.0,-300077497#8,4
7240.0,-51362429#1,2
7240.0,-593847703#3,25
7240.0,-E0,19
7240.0,288878926#0,5
7240.0,30620492#0,17
7240.0,30620492#1,5
7240.0,49073226#2,7
7240.0,49073264#0,1
7240.0,49073272#3,1
7240.0,506322844#0,5
7240.0,593849718#0,1
7240.0,594658757#0,2
7240.0,:3086736518_4,2
7240.0,:3086736518_6,2
7240.0,:655375233_4,1
7260.0,-300077497#5,21
7260.0,-300077497#8,4
7260.0,-49073264#1,1
7260.0,-51362429#1,7
7260.0,-593847703#3,24
7260.0,-E0,19
7260.0,288878926#0,3
7260.0,30620492#0,18
7260.0,30620492#1,5
7260.0,360018417,1
7260.0,49073226#2,7
7260.0,506322844#0,5
7260.0,593847704#0,1
7260.0,593849711#0,1
7260.0,594658757#0,2
7260.0,:3086736518_6,1
7260.0,:655375232_8,1
7260.0,:655375233_4,2
7260.0,:cluster_2528018119_655375236_17,1
7280.0,-300077497#5,23
7280.0,-300077497#8,1
7280.0,-49073264#1,1
7280.0,-51362429#1,8
7280.0,-593847703#3,25
7280.0,-E0,19
7280.0,30620492#0,18
7280.0,30620492#1,5
7280.0,49073226#2,7
7280.0,506322844#0,5
7280.0,593847704#0,2
7280.0,593849711#0,1
7280.0,594658757#0,2
7280.0,:655375233_4,2
7280.0,:655375238_5,1
7280.0,:cluster_2528018119_655375236_17,1
7300.0,-300077497#5,26
7300.0,-300077497#8,2
7300.0,-49073264#1,1
7300.0,-51362429#1,8
7300.0,-593847703#3,26
7300.0,-E0,17
7300.0,30620492#0,18
7300.0,30620492#1,5
7300.0,49073226#2,7
7300.0,506322844#0,2
7300.0,593847704#0,2
7300.0,594658757#0,2
7300.0,:3086736518_6,2
7300.0,:655375233_4,2
7300.0,:655375239_5,1
7320.0,-300077497#5,27
7320.0,-300077497#8,4
7320.0,-51362429#1,8
7320.0,-593847703#3,26
7320.0,-E0,15
7320.0,30620492#0,18
7320.0,30620492#1,5
7320.0,49073226#2,7
7320.0,506322844#0,2
7320.0,593847704#0,5
7320.0,594658757#0,2
7320.0,:655375233_4,2
7320.0,:cluster622618015_622618108_622618112_622618144_#2more_17,1
7320.0,:cluster622618015_622618108_622618112_622618144_#2more_39,2
7340.0,-300077497#5,27
7340.0,-300077497#8,4
7340.0,-51362429#1,8
7340.0,-593847703#3,26
7340.0,-E0,20
7340.0,30620492#0,18
7340.0,30620492#1,3
7340.0,49073226#2,7
7340.0,506322844#0,2
7340.0,593849718#0,3
7340.0,594658757#0,1
7340.0,:655375233_4,2
7340.0,:cluster_9383263990_9383263991_9383263992_9383263993_13,2
7360.0,-300077497#5,27
7360.0,-300077497#8,4
7360.0,-51362429#1,9
7360.0,-593847703#3,20
7360.0,-E0,20
7360.0,288878926#0,3
7360.0,30620492#0,15
7360.0,30620492#1,4
7360.0,49073226#2,1
7360.0,506322844#0,5
7360.0,593849711#0,1
7360.0,594658757#0,1
7360.0,:3086736518_4,1
7360.0,:655375232_8,1
7360.0,:655375233_4,4
7360.0,:cluster622618015_622618108_622618112_622618144_#2more_0,1
7360.0,:cluster_623980147_623980152_4,1
7360.0,:cluster_9383263990_9383263991_9383263992_9383263993_13,1
7380.0,-300077497#5,25
7380.0,-300077497#8,4
7380.0,-51362429#1,4
7380.0,-593847703#3,22
7380.0,-E0,20
7380.0,288878926#0,5
7380.0,30620492#0,14
7380.0,30620492#1,5
7380.0,49073226#2,3
7380.0,506322842#0,1
7380.0,506322844#0,7
7380.0,594658757#0,1
7380.0,:2749340167_0,1
7380.0,:655375233_4,3
7380.0,:cluster_3431431575_4777363357_655375231_6982059025_3,3
7380.0,:cluster_623980147_623980152_4,1
7400.0,-300077497#5,26
7400.0,-300077497#8,2
7400.0,-35274074#2,1
7400.0,-593847703#3,22
7400.0,-E0,19
7400.0,263217604#0,2
7400.0,288878926#0,12
7400.0,30620492#0,18
7400.0,30620492#1,5
7400.0,49073226#2,4
7400.0,506322844#0,4
7400.0,594658757#0,1
7400.0,:2749340167_0,1
7400.0,:3086736518_6,1
7400.0,:655375233_4,3
7400.0,:655375238_5,1
7400.0,:655375239_5,1
7420.0,-300077497#5,27
7420.0,-300077497#8,4
7420.0,-35274074#2,1
7420.0,-593847703#3,22
7420.0,-E0,14
7420.0,263217604#0,2
7420.0,288878926#0,13
7420.0,30620492#0,18
7420.0,30620492#1,5
7420.0,49073226#2,3
7420.0,506322844#0,3
7420.0,593847704#0,5
7420.0,594658757#0,1
7420.0,:2749340167_0,1
7420.0,:655375233_4,3
7420.0,:cluster622618015_622618108_622618112_622618144_#2more_39,1
7440.0,-300077497#5,25
7440.0,-300077497#8,4
7440.0,-35274074#2,1
7440.0,-593847703#3,24
7440.0,-E0,19
7440.0,288878926#0,11
7440.0,30620492#0,16
7440.0,30620492#1,5
7440.0,49073226#2,3
7440.0,506322842#0,1
7440.0,506322844#0,5
7440.0,593847704#0,1
7440.0,593849711#0,2
7440.0,593849718#0,1
7440.0,594658757#0,1
7440.0,594658760#0,1
7440.0,:655375233_4,3
7460.0,-300077497#5,22
7460.0,-300077497#8,2
7460.0,-51362429#1,2
7460.0,-593847703#3,22
7460.0,-E0,19
7460.0,182334378#0,1
7460.0,288878926#0,5
7460.0,30620492#0,17
7460.0,30620492#1,4
7460.0,49073226#2,3
7460.0,506322842#0,1
7460.0,506322844#0,6
7460.0,593847704#0,1
7460.0,594658757#0,1
7460.0,594658760#0,1
7460.0,:2749340167_0,1
7460.0,:3086736518_4,1
7460.0,:655375232_8,1
7460.0,:655375233_4,3
7460.0,:655375238_2,1
7460.0,:655375238_5,1
7480.0,-300077497#5,24
7480.0,-300077497#8,2
7480.0,-51362429#1,4
7480.0,-593847703#3,19
7480.0,-E0,19
7480.0,263217604#0,1
7480.0,288878926#0,5
7480.0,30620492#0,18
7480.0,30620492#1,5
7480.0,49073226#2,7
7480.0,506322844#0,1
7480.0,506322846#0,1
7480.0,593847704#0,2
7480.0,594658757#0,1
7480.0,594658760#0,1
7480.0,:3086736518_4,1
7480.0,:655375233_8,1
7480.0,:655375238_5,2
7480.0,:655375239_5,1
7480.0,:655375239_6,1
7500.0,-300077497#5,27
7500.0,-300077497#8,3
7500.0,-51362429#1,4
7500.0,-593847703#3,19
7500.0,-E0,19
7500.0,263217604#0,2
7500.0,288135626#0,1
7500.0,288878926#0,5
7500.0,30620492#0,18
7500.0,30620492#1,5
7500.0,49073226#2,7
7500.0,593847702#0,1
7500.0,594658757#0,1
7500.0,594658760#0,1
7500.0,:3086736518_4,1
7500.0,:cluster622618015_622618108_622618112_622618144_#2more_39,1
7500.0,:cluster622618015_622618108_622618112_622618144_#2more_42,1
7520.0,-300077497#5,23
7520.0,-300077497#8,3
7520.0,-49073264#1,1
7520.0,-51362429#1,4
7520.0,-593847703#3,21
7520.0,-E0,17
7520.0,1068234499#0,1
7520.0,263217604#0,2
7520.0,288878926#0,5
7520.0,30620492#0,18
7520.0,30620492#1,3
7520.0,49073226#2,7
7520.0,593847702#0,1
7520.0,594658757#0,1
7520.0,594658760#0,1
7520.0,:3086736518_4,1
7520.0,:3086736518_6,2
7520.0,:cluster_2528018119_655375236_17,1
7520.0,:cluster_2528018119_655375236_31,1
7520.0,:cluster_9383263990_9383263991_9383263992_9383263993_13,2
7540.0,-300077497#5,22
7540.0,-300077497#8,3
7540.0,-49073264#1,1
7540.0,-51362429#1,4
7540.0,-593847703#3,23
7540.0,-E0,20
7540.0,1068234499#0,1
7540.0,232003903#0,1
7540.0,30620492#0,11
7540.0,30620492#1,5
7540.0,49073226#2,7
7540.0,506322842#0,1
7540.0,506322844#0,6
7540.0,593847702#0,1
7540.0,593849711#0,1
7540.0,594658757#0,1
7540.0,594658760#0,1
7540.0,:3086736518_4,1
7540.0,:3086736518_6,2
7560.0,-300077497#5,24
7560.0,-49073264#1,1
7560.0,-51362429#1,5
7560.0,-593847703#3,21
7560.0,-E0,20
7560.0,1068234499#0,1
7560.0,30620492#0,17
7560.0,30620492#1,5
7560.0,484988951#0,1
7560.0,49073226#2,7
7560.0,506322842#0,1
7560.0,506322844#0,6
7560.0,593847702#0,1
7560.0,594658757#0,1
7560.0,594658760#0,1
7560.0,:3086736518_6,2
7560.0,:655375233_10,1
7560.0,:655375233_2,1
7560.0,:655375233_4,1
7580.0,-300077497#5,27
7580.0,-49073264#1,1
7580.0,-51362429#1,9
7580.0,-593847703#3,19
7580.0,-E0,20
7580.0,263217604#0,3
7580.0,30620492#0,18
7580.0,30620492#1,5
7580.0,49073226#2,7
7580.0,49073272#1,2
7580.0,49073272#3,1
7580.0,593847704#0,2
7580.0,594658757#0,1
7580.0,594658760#0,1
7580.0,:cluster_5372642442_631668976_631668981_631669076_47,1
7580.0,:cluster_623980147_623980152_9,1
7600.0,-300077497#5,27
7600.0,-51362429#1,4
7600.0,-593847703#3,20
7600.0,-E0,20
7600.0,263217604#0,3
7600.0,288878926#0,7
7600.0,30620492#0,18
7600.0,30620492#1,5
7600.0,49073226#2,4
7600.0,49073272#3,3
7600.0,593849718#0,2
7600.0,594658757#0,1
7600.0,594658760#0,1
7600.0,:cluster_3431431575_4777363357_655375231_6982059025_3,1
7600.0,:cluster_623980147_623980152_4,1
7620.0,-300077497#5,23
7620.0,-593847703#3,24
7620.0,-E0,14
7620.0,288878926#0,11
7620.0,30620492#0,14
7620.0,30620492#1,3
7620.0,360018417,3
7620.0,360843888,1
7620.0,49073226#2,3
7620.0,506322844#0,4
7620.0,593847704#0,5
7620.0,593849711#0,1
7620.0,594658757#0,2
7620.0,594658760#0,2
7620.0,:2749340167_0,1
7620.0,:3086736518_6,1
7620.0,:cluster_3431431575_4777363357_655375231_6982059025_3,1
7620.0,:cluster_9383263990_9383263991_9383263992_9383263993_13,1
7640.0,-300077497#5,20
7640.0,-593847703#3,26
7640.0,-E0,17
7640.0,288878926#0,8
7640.0,30620492#0,15
7640.0,30620492#1,4
7640.0,360843888,1
7640.0,49073226#2,1
7640.0,506322844#0,6
7640.0,593847704#0,6
7640.0,:2749340167_0,1
7640.0,:cluster622618015_622618108_622618112_622618144_#2more_26,1
7640.0,:cluster622618015_622618108_622618112_622618144_#2more_49,2
7640.0,:cluster655375336_end_0_655375336_end_1_655375336_end_10_655375336_end_11_#8more_17,1
7640.0,:cluster655375336_end_0_655375336_end_1_655375336_end_10_655375336_end_11_#8more_21,1
7640.0,:cluster_2528018119_655375236_17,1
7660.0,-300077497#5,21
7660.0,-300077497#8,1
7660.0,-593847703#3,25
7660.0,-E0,19
7660.0,263217604#0,1
7660.0,288878926#0,8
7660.0,30620492#0,17
7660.0,30620492#1,5
7660.0,360843888,1
7660.0,49073226#2,1
7660.0,506322844#0,1
7660.0,593847704#0,6
7660.0,:655375233_2,1
7660.0,:655375233_4,1
7660.0,:655375238_5,1
7660.0,:655375239_5,1
7680.0,-300077497#5,25
7680.0,-51362429#1,1
7680.0,-593847703#3,20
7680.0,-E0,19
7680.0,263217604#0,1
7680.0,288878926#0,8
7680.0,30620492#0,18
7680.0,30620492#1,5
7680.0,360843888,1
7680.0,49073226#2,4
7680.0,593847702#0,1
7680.0,593847704#0,5
7680.0,:3086736518_4,1
7680.0,:cluster622618015_622618108_622618112_622618144_#2more_39,2
7700.0,-300077497#5,21
7700.0,-593847703#3,22
7700.0,-E0,19
7700.0,244450512#5,1
7700.0,263217604#0,1
7700.0,288878926#0,8
7700.0,30620492#0,18
7700.0,30620492#1,3
7700.0,360018417,1
7700.0,49073226#2,5
7700.0,49073264#0,2
7700.0,506322844#0,1
7700.0,593847702#0,1
7700.0,:3086736518_4,1
7700.0,:cluster_2528018119_655375236_17,1
7700.0,:cluster_2528018119_655375236_31,1
7700.0,:cluster_9383263990_9383263991_9383263992_9383263993_13,1
7720.0,-300077497#5,17
7720.0,-49073264#1,2
7720.0,-593847703#3,26
7720.0,-E0,17
7720.0,182334378#0,2
7720.0,196961377#3,1
7720.0,244450512#5,1
7720.0,288878926#0,2
7720.0,30620492#0,13
7720.0,30620492#1,5
7720.0,49073226#2,5
7720.0,506322844#0,5
7720.0,593847702#0,1
7720.0,593849711#0,1
7720.0,594658760#0,1
7720.0,:3086736518_4,1
7720.0,:3086736518_6,2
7720.0,:cluster622618015_622618108_622618112_622618144_#2more_0,1
7740.0,-300077497#5,15
7740.0,-49073264#1,2
7740.0,-593847703#3,28
7740.0,-E0,19
7740.0,232003903#0,1
7740.0,244450512#5,1
7740.0,30620492#0,17
7740.0,30620492#1,5
7740.0,49073226#2,5
7740.0,506322844#0,6
7740.0,593847702#0,1
7740.0,594658760#0,1
7740.0,:3086736518_4,1
7740.0,:3086736518_6,2
7760.0,-300077497#5,19
7760.0,-49073264#1,2
7760.0,-593847703#3,28
7760.0,-E0,19
7760.0,244450512#5,1
7760.0,263217604#0,2
7760.0,30620492#0,18
7760.0,30620492#1,5
7760.0,484988951#0,1
7760.0,49073226#2,5
7760.0,49073272#3,1
7760.0,594658760#0,1
7760.0,:3086736518_4,1
7760.0,:3086736518_6,2
7780.0,-300077497#5,19
7780.0,-51362429#1,2
7780.0,-593847703#3,19
7780.0,-E0,19
7780.0,244450512#5,1
7780.0,263217604#0,2
7780.0,30620492#0,18
7780.0,30620492#1,5
7780.0,49073226#2,7
7780.0,49073272#3,1
7780.0,593847702#0,2
7780.0,593847704#0,3
7780.0,594658760#0,1
7780.0,:655375232_8,1
7780.0,:cluster_3431431575_4777363357_655375231_6982059025_3,1
7800.0,-300077497#5,10
7800.0,-51362429#1,3
7800.0,-593847703#3,25
7800.0,-E0,19
7800.0,182334378#0,1
7800.0,30620492#0,14
7800.0,30620492#1,4
7800.0,360018417,1
7800.0,49073226#2,8
7800.0,506322844#0,5
7800.0,593844221#0,1
7800.0,593847702#0,2
7800.0,593847704#0,1
7800.0,594658757#0,1
7800.0,594658760#0,2
7800.0,:cluster_2528018119_655375236_17,1
7800.0,:cluster_2528018119_655375236_19,1
7820.0,-300077497#5,2
7820.0,-51362429#1,2
7820.0,-593847703#3,30
7820.0,-E0,17
7820.0,182334378#0,5
7820.0,288878926#0,2
7820.0,30620492#0,15
7820.0,30620492#1,5
7820.0,49073226#2,5
7820.0,506322844#0,6
7820.0,593844221#0,1
7820.0,593847702#0,2
7820.0,593847704#0,2
7820.0,594658757#0,1
7820.0,594658760#0,2
7820.0,:3086736518_6,1
7820.0,:cluster_2528018119_655375236_31,1
7820.0,:cluster_3431431575_4777363357_655375231_6982059025_3,1
7820.0,:cluster_623980147_623980152_9,1
7840.0,-300077497#5,3
7840.0,-300077497#8,1
7840.0,-593847703#3,30
7840.0,-E0,14
7840.0,182334378#0,6
7840.0,263217604#0,1
7840.0,288878926#0,9
7840.0,30620492#0,18
7840.0,30620492#1,5
7840.0,49073226#2,1
7840.0,49073264#0,1
7840.0,49073272#1,1
7840.0,593844221#0,1
7840.0,593847704#0,6
7840.0,594658760#0,1
7840.0,:655375238_5,1
7840.0,:655375239_5,2
7840.0,:cluster655375336_end_0_655375336_end_1_655375336_end_10_655375336_end_11_#8more_17,1
7840.0,:cluster655375336_end_0_655375336_end_1_655375336_end_10_655375336_end_11_#8more_21,1
7840.0,:cluster_623980147_623980152_4,1
7860.0,-300077497#5,7
7860.0,-593847703#3,30
7860.0,-E0,20
7860.0,182334378#0,3
7860.0,232003903#0,1
7860.0,263217604#0,1
7860.0,288878926#0,11
7860.0,30620492#0,18
7860.0,30620492#1,5
7860.0,49073272#3,1
7860.0,593847704#0,4
7860.0,594658760#0,1
7860.0,:cluster622618015_622618108_622618112_622618144_#2more_17,1
7860.0,:cluster622618015_622618108_622618112_622618144_#2more_37,1
7860.0,:cluster622618015_622618108_622618112_622618144_#2more_39,1
7880.0,-300077497#5,4
7880.0,-51362429#1,3
7880.0,-593847703#3,25
7880.0,-E0,20
7880.0,182334378#0,3
7880.0,263217604#0,1
7880.0,288878926#0,11
7880.0,30620492#0,18
7880.0,30620492#1,3
7880.0,360018417,1
7880.0,49073272#3,1
7880.0,506322844#0,1
7880.0,51362430,1
7880.0,593849718#0,1
7880.0,594658760#0,1
7880.0,:3086736518_4,1
7880.0,:3208478121_3,1
7880.0,:655375232_8,1
7880.0,:655375233_4,2
7880.0,:cluster_2528018119_655375236_17,1
7880.0,:cluster_9383263990_9383263991_9383263992_9383263993_13,1
7900.0,-593847703#3,29
7900.0,-E0,20
7900.0,182334378#0,4
7900.0,196961377#3,3
7900.0,288878926#0,5
7900.0,30620492#0,13
7900.0,30620492#1,5
7900.0,49073226#2,7
7900.0,506322844#0,5
7900.0,593849711#0,2
7900.0,594658757#0,1
7900.0,594658760#0,1
7900.0,:3086736518_4,1
7920.0,-593847703#3,29
7920.0,-E0,19
7920.0,182334378#0,4
7920.0,288878926#0,3
7920.0,30620492#0,17
7920.0,30620492#1,5
7920.0,49073226#2,7
7920.0,506322844#0,6
7920.0,593849711#0,1
7920.0,594658757#0,1
7920.0,594658760#0,1
7920.0,:3086736518_4,1
7920.0,:3086736518_6,1
7940.0,-300077497#5,4
7940.0,-593847703#3,29
7940.0,-E0,18
7940.0,182334378#0,4
7940.0,263217604#0,2
7940.0,288878926#0,3
7940.0,30620492#0,18
7940.0,30620492#1,5
7940.0,49073226#2,7
7940.0,594658757#0,1
7940.0,594658760#0,1
7940.0,:3086736518_4,1
7940.0,:3086736518_6,2
7960.0,-300077497#5,4
7960.0,-593847703#3,29
7960.0,-E0,19
7960.0,182334378#0,3
7960.0,263217604#0,2
7960.0,288878926#0,3
7960.0,30620492#0,18
7960.0,30620492#1,5
7960.0,49073226#2,7
7960.0,594658757#0,1
7960.0,594658760#0,1
7960.0,:3086736518_4,1
7960.0,:3086736518_6,2
7980.0,-51362429#1,1
7980.0,-593847703#3,27
7980.0,-E0,19
7980.0,182334378#0,4
7980.0,288878926#0,1
7980.0,30620492#0,14
7980.0,30620492#1,3
7980.0,49073226#2,7
7980.0,506322842#0,1
7980.0,506322844#0,2
7980.0,593847704#0,1
7980.0,593849711#0,1
7980.0,594658757#0,2
7980.0,594658760#0,2
7980.0,:2749340167_0,1
7980.0,:3086736518_4,1
7980.0,:3086736518_6,1
7980.0,:655375232_8,1
7980.0,:655375233_4,3
7980.0,:cluster_9383263990_9383263991_9383263992_9383263993_10,1
7980.0,:cluster_9383263990_9383263991_9383263992_9383263993_13,1
8000.0,-51362429#1,4
8000.0,-593847703#3,26
8000.0,-E0,19
8000.0,182334378#0,4
8000.0,30620492#0,14
8000.0,30620492#1,5
8000.0,49073226#2,7
8000.0,506322842#0,2
8000.0,506322844#0,5
8000.0,593847704#0,2
8000.0,594658757#0,2
8000.0,594658760#0,2
8000.0,:3086736518_4,1
8000.0,:655375233_4,1
8020.0,-300077497#5,1
8020.0,-300077497#8,1
8020.0,-35274074#2,1
8020.0,-51362429#1,4
8020.0,-593847703#3,26
8020.0,-E0,19
8020.0,182334378#0,4
8020.0,30620492#0,18
8020.0,30620492#1,5
8020.0,49073226#2,7
8020.0,506322844#0,1
8020.0,506322846#0,1
8020.0,593847704#0,2
8020.0,594658757#0,2
8020.0,594658760#0,2
8020.0,:3086736518_4,1
8020.0,:655375233_4,1
8020.0,:655375238_5,1
8020.0,:655375239_5,1
8040.0,-300077497#5,6
8040.0,-51362429#1,4
8040.0,-593847703#3,26
8040.0,-E0,15
8040.0,182334378#0,4
8040.0,288135626#0,1
8040.0,30620492#0,18
8040.0,30620492#1,5
8040.0,49073226#2,7
8040.0,593847704#0,1
8040.0,594658757#0,2
8040.0,594658760#0,2
8040.0,:3086736518_4,1
8040.0,:3086736518_6,2
8040.0,:655375233_4,1
8040.0,:cluster622618015_622618108_622618112_622618144_#2more_39,1
8060.0,-300077497#5,2
8060.0,-51362429#1,1
8060.0,-593847703#3,27
8060.0,-E0,19
8060.0,1068234499#0,1
8060.0,182334378#0,1
8060.0,288878926#0,4
8060.0,30620492#0,18
8060.0,30620492#1,3
8060.0,49073226#2,3
8060.0,594658757#0,2
8060.0,594658760#0,2
8060.0,:3086736518_4,1
8060.0,:3086736518_6,2
8060.0,:655375233_4,1
8060.0,:cluster_2528018119_655375236_17,2
8060.0,:cluster_3431431575_4777363357_655375231_6982059025_3,2
8060.0,:cluster_623980147_623980152_9,1
8060.0,:cluster_9383263990_9383263991_9383263992_9383263993_13,2
8080.0,-51362429#1,1
8080.0,-593847703#3,26
8080.0,-E0,19
8080.0,1068234499#0,1
8080.0,182334378#0,2
8080.0,288878926#0,5
8080.0,30620492#0,12
8080.0,30620492#1,5
8080.0,506322842#0,1
8080.0,506322844#0,5
8080.0,593849711#0,2
8080.0,594658757#0,2
8080.0,594658760#0,2
8080.0,:3086736518_6,2
8080.0,:655375232_8,1
8080.0,:655375233_2,1
8080.0,:655375233_4,3
8100.0,-593847703#3,18
8100.0,-E0,19
8100.0,1068234499#0,1
8100.0,182334378#0,2
8100.0,288878926#0,5
8100.0,30620492#0,16
8100.0,30620492#1,5
8100.0,49073226#2,1
8100.0,506322842#0,1
8100.0,506322844#0,7
8100.0,593847702#0,2
8100.0,593847704#0,4
8100.0,594658757#0,2
8100.0,594658760#0,2
8100.0,:cluster_3431431575_4777363357_655375231_6982059025_3,1
8120.0,-300077497#5,4
8120.0,-35274074#2,1
8120.0,-593847703#3,19
8120.0,-E0,19
8120.0,182334378#0,2
8120.0,263217604#0,3
8120.0,288878926#0,7
8120.0,30620492#0,18
8120.0,30620492#1,5
8120.0,49073272#3,1
8120.0,593847704#0,4
8120.0,594658757#0,2
8120.0,594658760#0,2
8120.0,:cluster_623980090_623980094_0,1
8140.0,-300077497#5,5
8140.0,-593847703#3,19
8140.0,-E0,13
8140.0,182334378#0,2
8140.0,196961215#2,1
8140.0,263217604#0,3
8140.0,288878926#0,7
8140.0,30620492#0,18
8140.0,30620492#1,5
8140.0,49073264#0,1
8140.0,49073272#1,1
8140.0,49073272#3,1
8140.0,593847704#0,1
8140.0,593849718#0,2
8140.0,594658757#0,2
8140.0,594658760#0,2
8140.0,:3086736518_6,1
8160.0,-49073264#1,1
8160.0,-593847703#3,23
8160.0,-E0,17
8160.0,182334378#0,1
8160.0,196961215#2,1
8160.0,288878926#0,5
8160.0,30620492#0,14
8160.0,30620492#1,4
8160.0,360018417,2
8160.0,506322844#0,5
8160.0,593847704#0,1
8160.0,593849711#0,1
8160.0,594658757#0,3
8160.0,594658760#0,3
8180.0,-49073264#1,1
8180.0,-593847703#3,21
8180.0,-E0,20
8180.0,182334378#0,1
8180.0,196961215#2,1
8180.0,30620492#0,16
8180.0,30620492#1,4
8180.0,506322844#0,5
8180.0,593847704#0,1
8180.0,594658757#0,2
8180.0,594658760#0,2
8180.0,:655375233_2,1
8180.0,:655375233_4,1
8180.0,:cluster622618015_622618108_622618112_622618144_#2more_49,1
8180.0,:cluster655375336_end_0_655375336_end_1_655375336_end_10_655375336_end_11_#8more_21,1
8180.0,:cluster_9383263990_9383263991_9383263992_9383263993_13,1
8200.0,-300077497#5,1
8200.0,-300077497#8,2
8200.0,-49073264#1,1
8200.0,-593847703#3,12
8200.0,-E0,20
8200.0,182334378#0,1
8200.0,196961215#2,1
8200.0,263217604#0,2
8200.0,30620492#0,16
8200.0,30620492#1,5
8200.0,506322844#0,1
8200.0,593847702#0,1
8200.0,593847704#0,1
8200.0,594658757#0,2
8200.0,594658760#0,2
8200.0,:655375239_6,1
8200.0,:cluster622618015_622618108_622618112_622618144_#2more_34,1
8200.0,:cluster655375336_end_0_655375336_end_1_655375336_end_10_655375336_end_11_#8more_21,1
8220.0,-300077497#5,4
8220.0,-49073264#1,2
8220.0,-593847703#3,12
8220.0,-E0,20
8220.0,182334378#0,1
8220.0,196961215#2,1
8220.0,263217604#0,3
8220.0,30620492#0,18
8220.0,30620492#1,5
8220.0,594658757#0,2
8220.0,594658760#0,2
8220.0,:cluster622618015_622618108_622618112_622618144_#2more_17,1
8220.0,:cluster622618015_622618108_622618112_622618144_#2more_37,1
8220.0,:cluster655375336_end_0_655375336_end_1_655375336_end_10_655375336_end_11_#8more_21,1
8240.0,-300077497#5,1
8240.0,-593847703#3,14
8240.0,-E0,16
8240.0,182334378#0,1
8240.0,196961215#2,1
8240.0,263217604#0,3
8240.0,30620492#0,18
8240.0,30620492#1,3
8240.0,360018417,1
8240.0,593847704#0,2
8240.0,594658757#0,2
8240.0,594658760#0,2
8240.0,:cluster655375336_end_0_655375336_end_1_655375336_end_10_655375336_end_11_#8more_21,1
8240.0,:cluster_2528018119_655375236_17,1
8240.0,:cluster_9383263990_9383263991_9383263992_9383263993_13,2
8260.0,-593847703#3,16
8260.0,-E0,8
8260.0,196961215#2,1
8260.0,196961377#3,1
8260.0,30620492#0,13
8260.0,30620492#1,5
8260.0,506322844#0,5
8260.0,593847704#0,3
8260.0,594658757#0,3
8260.0,594658760#0,4
8260.0,:cluster655375336_end_0_655375336_end_1_655375336_end_10_655375336_end_11_#8more_39,1
8280.0,-593847703#3,16
8280.0,-E0,15
8280.0,196961215#2,1
8280.0,30620492#0,18
8280.0,30620492#1,5
8280.0,506322844#0,5
8280.0,593847704#0,3
8280.0,594658757#0,2
8280.0,594658760#0,3
8280.0,:cluster655375336_end_0_655375336_end_1_655375336_end_10_655375336_end_11_#8more_17,1
8280.0,:cluster655375336_end_0_655375336_end_1_655375336_end_10_655375336_end_11_#8more_21,1
8300.0,-300077497#5,5
8300.0,-593847703#3,5
8300.0,-E0,20
8300.0,288878926#0,1
8300.0,30620492#0,18
8300.0,30620492#1,5
8300.0,593847704#0,3
8300.0,594658757#0,1
8300.0,594658760#0,2
8300.0,:cluster655375336_end_0_655375336_end_1_655375336_end_10_655375336_end_11_#8more_21,1
8320.0,-300077497#5,5
8320.0,-593847703#3,5
8320.0,-E0,20
8320.0,288878926#0,1
8320.0,30620492#0,18
8320.0,30620492#1,5
8320.0,593849718#0,3
8320.0,594658757#0,1
8320.0,594658760#0,2
8320.0,:cluster655375336_end_0_655375336_end_1_655375336_end_10_655375336_end_11_#8more_21,1
8340.0,-593847703#3,9
8340.0,-E0,18
8340.0,182334378#0,1
8340.0,30620492#0,14
8340.0,30620492#1,4
8340.0,506322844#0,5
8340.0,594658757#0,1
8340.0,594658760#0,2
8340.0,:3086736518_6,1
8340.0,:cluster655375336_end_0_655375336_end_1_655375336_end_10_655375336_end_11_#8more_21,1
8360.0,-593847703#3,9
8360.0,-E0,11
8360.0,182334378#0,1
8360.0,30620492#0,14
8360.0,30620492#1,5
8360.0,506322844#0,7
8360.0,593847704#0,4
8360.0,594658757#0,1
8360.0,594658760#0,2
8360.0,:cluster655375336_end_0_655375336_end_1_655375336_end_10_655375336_end_11_#8more_21,1
8380.0,-300077497#5,1
8380.0,-300077497#8,1
8380.0,-593847703#3,9
8380.0,-E0,18
8380.0,263217604#0,2
8380.0,30620492#0,18
8380.0,30620492#1,5
8380.0,506322844#0,1
8380.0,593847704#0,4
8380.0,:655375238_5,1
8380.0,:655375239_5,1
8380.0,:cluster655375336_end_0_655375336_end_1_655375336_end_10_655375336_end_11_#8more_17,2
8400.0,-300077497#5,5
8400.0,-E0,20
8400.0,263217604#0,2
8400.0,30620492#0,18
8400.0,30620492#1,5
8400.0,593847704#0,3
8400.0,:cluster622618015_622618108_622618112_622618144_#2more_39,1
8420.0,-300077497#5,1
8420.0,-593847703#3,2
8420.0,-E0,20
8420.0,263217604#0,2
8420.0,30620492#0,18
8420.0,30620492#1,3
8420.0,:cluster_2528018119_655375236_17,2
8420.0,:cluster_9383263990_9383263991_9383263992_9383263993_13,2
8440.0,-593847703#3,5
8440.0,-E0,19
8440.0,30620492#0,12
8440.0,30620492#1,5
8440.0,506322844#0,6
8440.0,594658757#0,1
8440.0,594658760#0,1
8440.0,:3086736518_6,1
8460.0,-593847703#3,5
8460.0,-E0,14
8460.0,30620492#0,17
8460.0,30620492#1,5
8460.0,506322844#0,7
8460.0,593847704#0,6
8460.0,594658757#0,1
8460.0,594658760#0,1
8480.0,-300077497#5,4
8480.0,-593847703#3,5
8480.0,-E0,19
8480.0,263217604#0,3
8480.0,30620492#0,18
8480.0,30620492#1,5
8480.0,593847704#0,6
8500.0,-300077497#5,4
8500.0,-E0,19
8500.0,263217604#0,3
8500.0,30620492#0,18
8500.0,30620492#1,5
8500.0,593849718#0,4
8500.0,:655375233_4,1
8500.0,:cluster622618015_622618108_622618112_622618144_#2more_39,2
8520.0,-593847703#3,4
8520.0,-E0,19
8520.0,30620492#0,14
8520.0,30620492#1,3
8520.0,360843888,1
8520.0,506322842#0,1
8520.0,506322844#0,4
8520.0,594658760#0,2
8520.0,:cluster_9383263990_9383263991_9383263992_9383263993_13,1
8540.0,-593847703#3,4
8540.0,-E0,19
8540.0,30620492#0,15
8540.0,30620492#1,5
8540.0,360843888,1
8540.0,506322842#0,1
8540.0,506322844#0,5
8540.0,594658760#0,2
8560.0,-300077497#5,1
8560.0,-300077497#8,1
8560.0,-593847703#3,4
8560.0,-E0,13
8560.0,263217604#0,1
8560.0,30620492#0,17
8560.0,30620492#1,5
8560.0,360843888,1
8560.0,506322844#0,1
8560.0,506322846#0,1
8560.0,593847704#0,2
8560.0,594658760#0,2
8560.0,:655375238_5,1
8560.0,:655375239_5,1
8580.0,-300077497#5,4
8580.0,-593847703#3,4
8580.0,-E0,18
8580.0,263217604#0,2
8580.0,288135626#0,1
8580.0,30620492#0,18
8580.0,30620492#1,5
8580.0,360843888,1
8580.0,:cluster622618015_622618108_622618112_622618144_#2more_39,2
8600.0,-593847703#3,1
8600.0,-E0,19
8600.0,1068234499#0,1
8600.0,182334378#0,1
8600.0,244450512#5,1
8600.0,263217604#0,2
8600.0,30620492#0,18
8600.0,30620492#1,3
8600.0,:655375233_4,3
8600.0,:cluster_2528018119_655375236_17,1
8600.0,:cluster_2528018119_655375236_31,1
8600.0,:cluster_9383263990_9383263991_9383263992_9383263993_13,2
8620.0,-593847703#3,1
8620.0,-E0,19
8620.0,1068234499#0,1
8620.0,182334378#0,2
8620.0,244450512#5,1
8620.0,30620492#0,12
8620.0,30620492#1,5
8620.0,506322842#0,1
8620.0,506322844#0,5
8620.0,594658757#0,1
8620.0,594658760#0,1
8640.0,-593847703#3,1
8640.0,-E0,19
8640.0,1068234499#0,1
8640.0,182334378#0,2
8640.0,244450512#5,1
8640.0,30620492#0,16
8640.0,30620492#1,5
8640.0,506322842#0,1
8640.0,506322844#0,7
8640.0,594658757#0,1
8640.0,594658760#0,1
8660.0,-300077497#5,4
8660.0,-593847703#3,2
8660.0,-E0,13
8660.0,182334378#0,2
8660.0,244450512#5,1
8660.0,263217604#0,3
8660.0,30620492#0,18
8660.0,30620492#1,5
8660.0,506322846#2,1
8660.0,593847704#0,3
8660.0,594658757#0,1
8660.0,594658760#0,1
8660.0,:3086736518_6,1
8680.0,-300077497#5,4
8680.0,-593847703#3,2
8680.0,-E0,15
8680.0,1068234499#0,1
8680.0,244450512#5,1
8680.0,263217604#0,3
8680.0,30620492#0,18
8680.0,30620492#1,5
8680.0,593849718#0,4
8680.0,594658757#0,1
8680.0,594658760#0,1
8700.0,-593847703#3,4
8700.0,-E0,16
8700.0,1068234499#0,1
8700.0,30620492#0,14
8700.0,30620492#1,4
8700.0,506322844#0,5
8700.0,594658757#0,2
8700.0,594658760#0,3
8700.0,:655375233_4,2
8720.0,-E0,16
8720.0,1068234499#0,1
8720.0,30620492#0,16
8720.0,30620492#1,4
8720.0,506322844#0,5
8720.0,594658757#0,2
8720.0,594658760#0,3
8720.0,:cluster_9383263990_9383263991_9383263992_9383263993_13,1
8740.0,-300077497#5,1
8740.0,-300077497#8,1
8740.0,-593847703#3,1
8740.0,-E0,17
8740.0,263217604#0,1
8740.0,30620492#0,17
8740.0,30620492#1,5
8740.0,594658757#0,1
8740.0,594658760#0,2
8740.0,:655375238_5,1
8740.0,:655375239_5,1
8740.0,:655375239_6,1
8740.0,:cluster655375336_end_0_655375336_end_1_655375336_end_10_655375336_end_11_#8more_21,1
8760.0,-300077497#5,4
8760.0,-593847703#3,1
8760.0,-E0,15
8760.0,263217604#0,2
8760.0,30620492#0,18
8760.0,30620492#1,5
8760.0,593847704#0,3
8760.0,594658760#0,1
8760.0,:cluster655375336_end_0_655375336_end_1_655375336_end_10_655375336_end_11_#8more_21,1
8780.0,-593847703#3,2
8780.0,-E0,15
8780.0,182334378#0,1
8780.0,263217604#0,2
8780.0,30620492#0,18
8780.0,30620492#1,3
8780.0,593847704#0,1
8780.0,593849718#0,3
8780.0,:cluster_2528018119_655375236_17,2
8780.0,:cluster_9383263990_9383263991_9383263992_9383263993_13,2
8800.0,-593847703#3,4
8800.0,-E0,16
8800.0,30620492#0,13
8800.0,30620492#1,5
8800.0,506322844#0,5
8800.0,593847704#0,1
8800.0,594658757#0,1
8800.0,594658760#0,1
8820.0,-E0,16
8820.0,30620492#0,17
8820.0,30620492#1,5
8820.0,506322844#0,6
8820.0,593847704#0,1
8820.0,594658757#0,1
8820.0,594658760#0,1
8840.0,-300077497#5,3
8840.0,-E0,16
8840.0,263217604#0,3
8840.0,30620492#0,18
8840.0,30620492#1,5
8840.0,593847704#0,1
8840.0,594658757#0,1
8840.0,594658760#0,1
8860.0,-300077497#5,3
8860.0,-E0,16
8860.0,263217604#0,3
8860.0,30620492#0,18
8860.0,30620492#1,5
8860.0,593849718#0,1
8860.0,:3086736518_6,1
8880.0,-593847703#3,3
8880.0,-E0,12
8880.0,30620492#0,14
8880.0,30620492#1,4
8880.0,506322844#0,5
8880.0,593847704#0,4
8880.0,594658757#0,1
8880.0,594658760#0,2
8900.0,-593847703#3,3
8900.0,-E0,12
8900.0,30620492#0,16
8900.0,30620492#1,5
8900.0,506322844#0,5
8900.0,593847704#0,4
8900.0,594658757#0,1
8900.0,594658760#0,2
8920.0,-300077497#5,1
8920.0,-300077497#8,1
8920.0,-E0,12
8920.0,30620492#0,18
8920.0,30620492#1,5
8920.0,506322844#0,1
8920.0,593847704#0,4
8920.0,594658757#0,1
8920.0,594658760#0,2
8920.0,:655375238_5,1
8920.0,:655375239_5,1
8940.0,-300077497#5,5
8940.0,-E0,14
8940.0,30620492#0,18
8940.0,30620492#1,5
8940.0,593847704#0,2
8940.0,594658760#0,1
8940.0,:cluster622618015_622618108_622618112_622618144_#2more_39,2
8960.0,-300077497#5,1
8960.0,-593847703#3,2
8960.0,-E0,14
8960.0,30620492#0,18
8960.0,30620492#1,3
8960.0,593849718#0,1
8960.0,:3086736518_6,1
8960.0,:cluster_2528018119_655375236_17,2
8960.0,:cluster_9383263990_9383263991_9383263992_9383263993_13,2
8980.0,-593847703#3,5
8980.0,-E0,4
8980.0,30620492#0,13
8980.0,30620492#1,4
8980.0,506322844#0,5
8980.0,593847704#0,1
8980.0,:cluster_9383263990_9383263991_9383263992_9383263993_13,1
9000.0,-593847703#3,5
9000.0,30620492#0,17
9000.0,30620492#1,5
9000.0,506322844#0,6
9000.0,593847704#0,1
9020.0,-300077497#5,4
9020.0,263217604#0,2
9020.0,30620492#0,18
9020.0,30620492#1,5
9020.0,593847704#0,1
9020.0,:655375233_4,1
9040.0,-300077497#5,4
9040.0,263217604#0,2
9040.0,30620492#0,18
9040.0,30620492#1,5
9040.0,593849718#0,1
9060.0,-593847703#3,3
9060.0,30620492#0,14
9060.0,30620492#1,4
9060.0,506322844#0,4
9060.0,594658760#0,2
9060.0,:cluster655375336_end_0_655375336_end_1_655375336_end_10_655375336_end_11_#8more_5,1
9060.0,:cluster_9383263990_9383263991_9383263992_9383263993_13,1
9080.0,-593847703#3,3
9080.0,30620492#0,14
9080.0,30620492#1,5
9080.0,506322844#0,7
9080.0,594658760#0,2
9100.0,-300077497#5,1
9100.0,-593847703#3,3
9100.0,263217604#0,3
9100.0,30620492#0,18
9100.0,30620492#1,5
9100.0,506322844#0,1
9100.0,594658760#0,2
9100.0,:655375238_5,1
9100.0,:655375239_5,1
9120.0,-300077497#5,4
9120.0,-E0,1
9120.0,263217604#0,3
9120.0,30620492#0,18
9120.0,30620492#1,5
9120.0,594658760#0,1
9120.0,:655375233_4,3
9140.0,-593847703#3,2
9140.0,-E0,1
9140.0,263217604#0,3
9140.0,30620492#0,18
9140.0,30620492#1,3
9140.0,506322844#0,1
9140.0,:cluster_2528018119_655375236_17,2
9140.0,:cluster_9383263990_9383263991_9383263992_9383263993_13,1
9160.0,-593847703#3,4
9160.0,30620492#0,13
9160.0,30620492#1,5
9160.0,506322844#0,5
9160.0,594658757#0,1
9160.0,594658760#0,1
9160.0,:cluster655375336_end_0_655375336_end_1_655375336_end_10_655375336_end_11_#8more_17,1
9180.0,-593847703#3,4
9180.0,-E0,1
9180.0,30620492#0,18
9180.0,30620492#1,5
9180.0,506322844#0,5
9200.0,-300077497#5,5
9200.0,-593847703#3,4
9200.0,30620492#0,18
9200.0,30620492#1,5
9220.0,-300077497#5,5
9220.0,-593847703#3,2
9220.0,30620492#0,18
9220.0,30620492#1,5
9220.0,:655375233_4,2
9240.0,-593847703#3,5
9240.0,30620492#0,14
9240.0,30620492#1,4
9240.0,506322844#0,4
9240.0,:cluster_9383263990_9383263991_9383263992_9383263993_13,1
9260.0,-593847703#3,5
9260.0,30620492#0,15
9260.0,30620492#1,5
9260.0,506322844#0,6
9280.0,-300077497#5,1
9280.0,-300077497#8,2
9280.0,-593847703#3,5
9280.0,263217604#0,1
9280.0,30620492#0,18
9280.0,30620492#1,5
9280.0,506322844#0,1
9280.0,:655375239_5,1
9300.0,-300077497#5,5
9300.0,-593847703#3,5
9300.0,263217604#0,1
9300.0,30620492#0,18
9300.0,30620492#1,5
9320.0,-300077497#5,1
9320.0,-593847703#3,7
9320.0,263217604#0,1
9320.0,30620492#0,18
9320.0,30620492#1,3
9320.0,:cluster_2528018119_655375236_17,2
9320.0,:cluster_9383263990_9383263991_9383263992_9383263993_13,2
9340.0,-593847703#3,1
9340.0,30620492#0,13
9340.0,30620492#1,5
9340.0,506322844#0,5
9340.0,594658757#0,1
9360.0,-593847703#3,1
9360.0,30620492#0,18
9360.0,30620492#1,5
9360.0,506322844#0,5
9380.0,-300077497#5,5
9380.0,-593847703#3,1
9380.0,30620492#0,18
9380.0,30620492#1,5
9400.0,-300077497#5,5
9400.0,-593847703#3,1
9400.0,30620492#0,18
9400.0,30620492#1,5
9420.0,-593847703#3,5
9420.0,182334378#0,1
9420.0,30620492#0,14
9420.0,30620492#1,4
9420.0,506322844#0,5
9440.0,-E0,1
9440.0,30620492#0,15
9440.0,30620492#1,4
9440.0,506322844#0,6
9440.0,:cluster_9383263990_9383263991_9383263992_9383263993_13,1
9460.0,-300077497#5,1
9460.0,-300077497#8,1
9460.0,263217604#0,2
9460.0,30620492#0,17
9460.0,30620492#1,5
9460.0,506322844#0,1
9460.0,:655375238_5,1
9460.0,:655375239_5,1
9480.0,-300077497#5,5
9480.0,263217604#0,2
9480.0,30620492#0,18
9480.0,30620492#1,5
9500.0,-300077497#5,1
9500.0,-593847703#3,2
9500.0,263217604#0,2
9500.0,30620492#0,18
9500.0,30620492#1,3
9500.0,:cluster_2528018119_655375236_17,1
9500.0,:cluster_2528018119_655375236_31,1
9500.0,:cluster_9383263990_9383263991_9383263992_9383263993_13,2
9520.0,-593847703#3,4
9520.0,182334378#0,1
9520.0,30620492#0,12
9520.0,30620492#1,5
9520.0,506322844#0,6
9520.0,594658760#0,2
9540.0,-E0,1
9540.0,182334378#0,1
9540.0,30620492#0,18
9540.0,30620492#1,5
9540.0,506322844#0,6
9560.0,-300077497#5,5
9560.0,-E0,1
9560.0,263217604#0,1
9560.0,30620492#0,18
9560.0,30620492#1,5
9580.0,-300077497#5,5
9580.0,263217604#0,1
9580.0,30620492#0,18
9580.0,30620492#1,5
9600.0,-593847703#3,4
9600.0,-E0,1
9600.0,30620492#0,14
9600.0,30620492#1,4
9600.0,506322842#0,1
9600.0,506322844#0,3
9600.0,594658757#0,1
9600.0,:cluster_9383263990_9383263991_9383263992_9383263993_13,1
9620.0,-593847703#3,4
9620.0,-E0,1
9620.0,30620492#0,14
9620.0,30620492#1,5
9620.0,506322842#0,1
9620.0,506322844#0,6
9640.0,-300077497#5,1
9640.0,-300077497#8,1
9640.0,263217604#0,1
9640.0,30620492#0,18
9640.0,30620492#1,5
9640.0,506322844#0,1
9640.0,506322846#0,1
9640.0,:655375233_4,4
9640.0,:655375238_5,1
9640.0,:655375239_5,1
9660.0,-300077497#5,5
9660.0,263217604#0,1
9660.0,288135626#0,1
9660.0,30620492#0,18
9660.0,30620492#1,5
9680.0,-300077497#5,1
9680.0,-593847703#3,1
9680.0,1068234499#0,1
9680.0,182334378#0,1
9680.0,263217604#0,1
9680.0,30620492#0,18
9680.0,30620492#1,3
9680.0,:cluster_2528018119_655375236_17,1
9680.0,:cluster_2528018119_655375236_31,1
9680.0,:cluster_9383263990_9383263991_9383263992_9383263993_13,2
9700.0,-593847703#3,3
9700.0,-E0,2
9700.0,1068234499#0,1
9700.0,30620492#0,13
9700.0,30620492#1,5
9700.0,506322844#0,5
9700.0,594658760#0,1
9720.0,-593847703#3,3
9720.0,1068234499#0,1
9720.0,30620492#0,18
9720.0,30620492#1,5
9720.0,506322844#0,5
9740.0,-300077497#5,4
9740.0,-593847703#3,2
9740.0,263217604#0,1
9740.0,30620492#0,18
9740.0,30620492#1,5
9740.0,:655375233_4,2
9760.0,-300077497#5,4
9760.0,263217604#0,1
9760.0,30620492#0,18
9760.0,30620492#1,5
9780.0,-593847703#3,2
9780.0,182334378#0,1
9780.0,30620492#0,14
9780.0,30620492#1,4
9780.0,506322844#0,5
9780.0,594658760#0,1
9780.0,:cluster655375336_end_0_655375336_end_1_655375336_end_10_655375336_end_11_#8more_5,1
9800.0,-593847703#3,2
9800.0,30620492#0,15
9800.0,30620492#1,5
9800.0,506322844#0,6
9800.0,:cluster655375336_end_0_655375336_end_1_655375336_end_10_655375336_end_11_#8more_17,1
9820.0,-300077497#5,1
9820.0,-300077497#8,1
9820.0,-593847703#3,2
9820.0,263217604#0,1
9820.0,30620492#0,18
9820.0,30620492#1,5
9820.0,506322844#0,1
9820.0,:655375238_5,1
9820.0,:655375239_5,1
9840.0,-300077497#5,5
9840.0,-593847703#3,2
9840.0,263217604#0,1
9840.0,30620492#0,18
9840.0,30620492#1,5
9860.0,-300077497#5,1
9860.0,-593847703#3,2
9860.0,263217604#0,1
9860.0,30620492#0,18
9860.0,30620492#1,3
9860.0,:cluster_2528018119_655375236_17,2
9860.0,:cluster_9383263990_9383263991_9383263992_9383263993_13,2
9880.0,-593847703#3,5
9880.0,30620492#0,12
9880.0,30620492#1,5
9880.0,506322842#0,1
9880.0,506322844#0,5
9880.0,594658760#0,1
9900.0,-593847703#3,5
9900.0,30620492#0,16
9900.0,30620492#1,5
9900.0,49695736#0,1
9900.0,506322842#0,1
9900.0,506322844#0,7
9920.0,-300077497#5,4
9920.0,-593847703#3,6
9920.0,263217604#0,3
9920.0,30620492#0,18
9920.0,30620492#1,5
9920.0,:cluster_5372642442_631668976_631668981_631669076_36,1
9940.0,-300077497#5,4
9940.0,-593847703#3,6
9940.0,1068234499#0,1
9940.0,263217604#0,3
9940.0,30620492#0,18
9940.0,30620492#1,5
9960.0,-593847703#3,3
9960.0,1068234499#0,1
9960.0,30620492#0,14
9960.0,30620492#1,4
9960.0,506322844#0,5
9960.0,594658757#0,1
9960.0,594658760#0,2
9980.0,-593847703#3,3
9980.0,1068234499#0,1
9980.0,30620492#0,14
9980.0,30620492#1,5
9980.0,506322844#0,7
9980.0,594658757#0,1
9980.0,594658760#0,2
10000.0,-300077497#8,1
10000.0,-593847703#3,4
10000.0,-E0,2
10000.0,263217604#0,4
10000.0,30620492#0,17
10000.0,30620492#1,5
10000.0,506322844#0,1
10000.0,:655375238_5,1
10000.0,:655375239_5,1
10000.0,:cluster655375336_end_0_655375336_end_1_655375336_end_10_655375336_end_11_#8more_17,1
10020.0,-300077497#5,4
10020.0,-593847703#3,4
10020.0,263217604#0,4
10020.0,30620492#0,18
10020.0,30620492#1,5
10040.0,-593847703#3,6
10040.0,263217604#0,4
10040.0,30620492#0,18
10040.0,30620492#1,3
10040.0,:cluster_2528018119_655375236_17,1
10040.0,:cluster_2528018119_655375236_19,1
10040.0,:cluster_9383263990_9383263991_9383263992_9383263993_10,1
10040.0,:cluster_9383263990_9383263991_9383263992_9383263993_13,1
10060.0,-E0,1
10060.0,30620492#0,11
10060.0,30620492#1,5
10060.0,506322842#0,2
10060.0,506322844#0,5
10060.0,594658757#0,1
10060.0,594658760#0,3
10060.0,:655375233_4,3
10080.0,30620492#0,16
10080.0,30620492#1,5
10080.0,506322842#0,2
10080.0,506322844#0,6
10080.0,594658760#0,2
10100.0,-300077497#5,6
10100.0,263217604#0,1
10100.0,30620492#0,18
10100.0,30620492#1,5
10100.0,:cluster_5372642442_631668976_631668981_631669076_36,1
10120.0,-300077497#5,6
10120.0,1068234499#0,1
10120.0,263217604#0,1
10120.0,30620492#0,18
10120.0,30620492#1,5
10140.0,-593847703#3,4
10140.0,1068234499#0,1
10140.0,182334378#0,1
10140.0,30620492#0,14
10140.0,30620492#1,4
10140.0,506322844#0,5
10140.0,594658757#0,1
10140.0,:cluster655375336_end_0_655375336_end_1_655375336_end_10_655375336_end_11_#8more_5,1
10160.0,1068234499#0,1
10160.0,30620492#0,14
10160.0,30620492#1,5
10160.0,506322844#0,7
10160.0,594658757#0,1
10160.0,:655375233_4,4
10180.0,-300077497#5,1
10180.0,-300077497#8,1
10180.0,-593847703#3,1
10180.0,263217604#0,2
10180.0,30620492#0,18
10180.0,30620492#1,5
10180.0,506322844#0,1
10180.0,:655375238_5,1
10180.0,:655375239_5,1
10180.0,:cluster655375336_end_0_655375336_end_1_655375336_end_10_655375336_end_11_#8more_21,1
10200.0,-300077497#5,5
10200.0,-593847703#3,1
10200.0,263217604#0,2
10200.0,30620492#0,18
10200.0,30620492#1,5
10220.0,-300077497#5,1
10220.0,-593847703#3,3
10220.0,263217604#0,2
10220.0,30620492#0,18
10220.0,30620492#1,3
10220.0,:cluster_2528018119_655375236_17,2
10220.0,:cluster_9383263990_9383263991_9383263992_9383263993_13,2
10240.0,-593847703#3,6
10240.0,30620492#0,12
10240.0,30620492#1,5
10240.0,506322844#0,6
10240.0,594658760#0,2
10260.0,-593847703#3,4
10260.0,-E0,1
10260.0,30620492#0,17
10260.0,30620492#1,5
10260.0,506322844#0,7
10260.0,594658760#0,1
10260.0,:655375233_4,2
10280.0,-300077497#5,4
10280.0,-E0,1
10280.0,263217604#0,3
10280.0,30620492#0,18
10280.0,30620492#1,5
10300.0,-300077497#5,4
10300.0,263217604#0,3
10300.0,30620492#0,18
10300.0,30620492#1,5
10320.0,-593847703#3,3
10320.0,30620492#0,14
10320.0,30620492#1,2
10320.0,360843888,1
10320.0,506322842#0,1
10320.0,506322844#0,3
10320.0,594658757#0,1
10320.0,594658760#0,1
10320.0,:2749340167_0,1
10320.0,:cluster655375336_end_0_655375336_end_1_655375336_end_10_655375336_end_11_#8more_5,1
10320.0,:cluster_9383263990_9383263991_9383263992_9383263993_13,2
10340.0,-593847703#3,3
10340.0,30620492#0,15
10340.0,30620492#1,5
10340.0,360843888,1
10340.0,506322842#0,1
10340.0,506322844#0,5
10340.0,594658757#0,1
10340.0,594658760#0,1
10360.0,-300077497#8,1
10360.0,-35274074#2,1
10360.0,-593847703#3,3
10360.0,263217604#0,1
10360.0,30620492#0,18
10360.0,30620492#1,5
10360.0,360843888,1
10360.0,506322844#0,1
10360.0,594658757#0,1
10360.0,594658760#0,1
10360.0,:655375238_5,1
10360.0,:655375239_5,1
10380.0,-300077497#5,5
10380.0,-E0,2
10380.0,263217604#0,1
10380.0,30620492#0,18
10380.0,30620492#1,5
10380.0,360843888,1
10400.0,-300077497#5,1
10400.0,-593847703#3,1
10400.0,182334378#0,1
10400.0,263217604#0,1
10400.0,30620492#0,18
10400.0,30620492#1,3
10400.0,506322844#0,1
10400.0,:3208478128_0,1
10400.0,:cluster_2528018119_655375236_17,1
10400.0,:cluster_2528018119_655375236_19,1
10400.0,:cluster_9383263990_9383263991_9383263992_9383263993_13,1
10420.0,-593847703#3,3
10420.0,-E0,2
10420.0,244450512#5,1
10420.0,30620492#0,12
10420.0,30620492#1,4
10420.0,506322844#0,6
10420.0,594658757#0,1
10420.0,:cluster_9383263990_9383263991_9383263992_9383263993_13,1
10440.0,-593847703#3,3
10440.0,244450512#5,1
10440.0,30620492#0,16
10440.0,30620492#1,5
10440.0,506322844#0,8
10440.0,594658757#0,1
10460.0,-300077497#5,4
10460.0,-593847703#3,3
10460.0,244450512#5,1
10460.0,263217604#0,4
10460.0,30620492#0,18
10460.0,30620492#1,5
10480.0,-300077497#5,4
10480.0,244450512#5,1
10480.0,263217604#0,4
10480.0,30620492#0,18
10480.0,30620492#1,5
10500.0,-593847703#3,4
10500.0,30620492#0,14
10500.0,30620492#1,4
10500.0,506322844#0,5
10500.0,593844221#0,1
10500.0,594658757#0,1
10500.0,594658760#0,2
10500.0,:cluster3086736522_655375108_655375247_655375401_#1more_14,1
10520.0,-593847703#3,4
10520.0,-E0,1
10520.0,30620492#0,16
10520.0,30620492#1,5
10520.0,506322844#0,5
10520.0,594658757#0,1
10520.0,594658760#0,3
10540.0,-300077497#8,1
10540.0,-593847703#3,4
10540.0,263217604#0,1
10540.0,30620492#0,18
10540.0,30620492#1,5
10540.0,506322844#0,1
10540.0,594658757#0,1
10540.0,594658760#0,3
10540.0,:655375238_5,1
10540.0,:655375239_5,1
10560.0,-300077497#5,4
10560.0,-593847703#3,4
10560.0,263217604#0,1
10560.0,30620492#0,18
10560.0,30620492#1,5
10560.0,594658760#0,2
10560.0,:cluster655375336_end_0_655375336_end_1_655375336_end_10_655375336_end_11_#8more_17,1
10560.0,:cluster655375336_end_0_655375336_end_1_655375336_end_10_655375336_end_11_#8more_21,1
10580.0,-593847703#3,2
10580.0,-E0,2
10580.0,263217604#0,1
10580.0,30620492#0,18
10580.0,30620492#1,3
10580.0,594658760#0,1
10580.0,:cluster_2528018119_655375236_17,2
10580.0,:cluster_9383263990_9383263991_9383263992_9383263993_13,2
10600.0,-593847703#3,4
10600.0,30620492#0,13
10600.0,30620492#1,5
10600.0,506322844#0,5
10600.0,594658760#0,2
10620.0,-593847703#3,4
10620.0,30620492#0,18
10620.0,30620492#1,5
10620.0,506322844#0,5
10620.0,594658760#0,2
10640.0,-300077497#5,5
10640.0,-593847703#3,4
10640.0,-E0,1
10640.0,30620492#0,18
10640.0,30620492#1,5
10640.0,594658760#0,1
10660.0,-300077497#5,5
10660.0,-593847703#3,4
10660.0,-E0,1
10660.0,30620492#0,18
10660.0,30620492#1,5
10680.0,-593847703#3,3
10680.0,182334378#0,2
10680.0,30620492#0,14
10680.0,30620492#1,3
10680.0,506322844#0,5
10680.0,:2749340167_0,1
10680.0,:655375233_4,4
10700.0,-E0,1
10700.0,30620492#0,15
10700.0,30620492#1,5
10700.0,506322844#0,6
10700.0,:cluster655375336_end_0_655375336_end_1_655375336_end_10_655375336_end_11_#8more_5,1
10720.0,-300077497#5,1
10720.0,-300077497#8,1
10720.0,263217604#0,1
10720.0,30620492#0,18
10720.0,30620492#1,5
10720.0,506322844#0,1
10720.0,:655375238_5,1
10720.0,:655375239_5,1
10740.0,-300077497#5,5
10740.0,263217604#0,1
10740.0,30620492#0,18
10740.0,30620492#1,5
10760.0,-300077497#5,1
10760.0,-593847703#3,1
10760.0,182334378#0,1
10760.0,263217604#0,1
10760.0,30620492#0,18
10760.0,30620492#1,3
10760.0,:cluster_2528018119_655375236_17,2
10760.0,:cluster_9383263990_9383263991_9383263992_9383263993_13,2
10780.0,-593847703#3,1
10780.0,-E0,2
10780.0,30620492#0,13
10780.0,30620492#1,4
10780.0,506322844#0,5
10780.0,594658760#0,1
10780.0,:655375233_4,2
10780.0,:cluster_9383263990_9383263991_9383263992_9383263993_13,1
10800.0,30620492#0,17
10800.0,30620492#1,5
10800.0,506322844#0,6
10800.0,594658760#0,1
10820.0,-300077497#5,4
10820.0,263217604#0,2
10820.0,30620492#0,18
10820.0,30620492#1,5
10820.0,594658760#0,1
10840.0,-300077497#5,4
10840.0,263217604#0,2
10840.0,30620492#0,18
10840.0,30620492#1,5
10860.0,-593847703#3,4
10860.0,30620492#0,14
10860.0,30620492#1,3
10860.0,506322842#0,1
10860.0,506322844#0,3
10860.0,594658760#0,2
10860.0,:2749340167_0,1
10860.0,:cluster_9383263990_9383263991_9383263992_9383263993_13,1
10880.0,-593847703#3,4
10880.0,-E0,2
10880.0,30620492#0,13
10880.0,30620492#1,5
10880.0,506322842#0,3
10880.0,506322844#0,5
10900.0,-300077497#8,2
10900.0,-35274074#2,2
10900.0,263217604#0,1
10900.0,30620492#0,18
10900.0,30620492#1,5
10900.0,506322844#0,1
10900.0,506322846#0,1
10900.0,:655375239_5,1
10920.0,-300077497#5,6
10920.0,263217604#0,1
10920.0,288135626#0,1
10920.0,30620492#0,18
10920.0,30620492#1,5
10940.0,-300077497#5,2
10940.0,1068234499#0,1
10940.0,182334378#0,2
10940.0,263217604#0,1
10940.0,30620492#0,18
10940.0,30620492#1,3
10940.0,:cluster_2528018119_655375236_17,1
10940.0,:cluster_2528018119_655375236_19,1
10940.0,:cluster_9383263990_9383263991_9383263992_9383263993_13,2
10960.0,-593847703#3,3
10960.0,-E0,1
10960.0,1068234499#0,1
10960.0,30620492#0,13
10960.0,30620492#1,3
10960.0,506322844#0,5
10960.0,594658760#0,1
10960.0,:cluster655375336_end_0_655375336_end_1_655375336_end_10_655375336_end_11_#8more_39,1
10960.0,:cluster655375336_end_0_655375336_end_1_655375336_end_10_655375336_end_11_#8more_5,1
10960.0,:cluster_9383263990_9383263991_9383263992_9383263993_13,2
10980.0,-593847703#3,3
10980.0,1068234499#0,1
10980.0,30620492#0,14
10980.0,30620492#1,5
10980.0,506322844#0,8
10980.0,594658760#0,1
10980.0,:2749340167_0,1
11000.0,-300077497#5,4
11000.0,263217604#0,4
11000.0,30620492#0,18
11000.0,30620492#1,5
11000.0,594658760#0,1
11000.0,:2749340167_0,1
11020.0,-300077497#5,4
11020.0,263217604#0,4
11020.0,30620492#0,18
11020.0,30620492#1,5
11020.0,49695736#0,1
11020.0,:2749340167_0,1
11040.0,-593847703#3,3
11040.0,182334378#0,1
11040.0,30620492#0,15
11040.0,30620492#1,3
11040.0,49695736#0,1
11040.0,506322844#0,4
11040.0,594658757#0,2
11040.0,594658760#0,2
11040.0,:2749340167_0,1
11040.0,:cluster_9383263990_9383263991_9383263992_9383263993_13,1
11060.0,-593847703#3,3
11060.0,-E0,4
11060.0,182334378#0,1
11060.0,30620492#0,16
11060.0,30620492#1,5
11060.0,49695736#0,1
11060.0,506322844#0,5
11080.0,-300077497#8,1
11080.0,-593847703#3,4
11080.0,-E0,1
11080.0,263217604#0,1
11080.0,30620492#0,18
11080.0,30620492#1,5
11080.0,506322844#0,1
11080.0,:655375238_5,1
11080.0,:655375239_5,1
11100.0,-300077497#5,4
11100.0,263217604#0,1
11100.0,30620492#0,18
11100.0,30620492#1,5
11120.0,-593847703#3,2
11120.0,263217604#0,1
11120.0,30620492#0,18
11120.0,30620492#1,3
11120.0,:cluster_2528018119_655375236_17,1
11120.0,:cluster_2528018119_655375236_31,1
11120.0,:cluster_9383263990_9383263991_9383263992_9383263993_13,2
11140.0,-593847703#3,3
11140.0,182334378#0,1
11140.0,30620492#0,12
11140.0,30620492#1,5
11140.0,506322844#0,6
11140.0,594658757#0,1
11160.0,-593847703#3,3
11160.0,30620492#0,18
11160.0,30620492#1,5
11160.0,506322844#0,6
11160.0,594658757#0,1
11180.0,-300077497#5,3
11180.0,-593847703#3,3
11180.0,263217604#0,3
11180.0,30620492#0,18
11180.0,30620492#1,5
11180.0,594658757#0,1
11200.0,-300077497#5,3
11200.0,263217604#0,3
11200.0,30620492#0,18
11200.0,30620492#1,5
11200.0,594658757#0,1
11200.0,:655375233_4,1
11220.0,-593847703#3,2
11220.0,182334378#0,1
11220.0,30620492#0,14
11220.0,30620492#1,3
11220.0,506322844#0,4
11220.0,594658757#0,1
11220.0,594658760#0,2
11220.0,:2749340167_0,1
11220.0,:cluster_9383263990_9383263991_9383263992_9383263993_13,1
11240.0,-593847703#3,2
11240.0,-E0,3
11240.0,182334378#0,1
11240.0,30620492#0,14
11240.0,30620492#1,5
11240.0,506322842#0,1
11240.0,506322844#0,6
11260.0,-300077497#8,1
11260.0,-593847703#3,2
11260.0,182334378#0,1
11260.0,263217604#0,2
11260.0,30620492#0,18
11260.0,30620492#1,5
11260.0,506322844#0,1
11260.0,506322846#0,1
11260.0,:655375238_5,1
11260.0,:655375239_5,1
11280.0,-300077497#5,4
11280.0,-593847703#3,2
11280.0,263217604#0,2
11280.0,288135626#0,1
11280.0,30620492#0,18
11280.0,30620492#1,5
11300.0,-593847703#3,2
11300.0,1068234499#0,1
11300.0,263217604#0,2
11300.0,30620492#0,18
11300.0,30620492#1,3
11300.0,:655375233_4,2
11300.0,:cluster_2528018119_655375236_17,2
11300.0,:cluster_9383263990_9383263991_9383263992_9383263993_13,2
11320.0,-593847703#3,1
11320.0,1068234499#0,1
11320.0,30620492#0,13
11320.0,30620492#1,5
11320.0,506322844#0,5
11320.0,594658757#0,1
11320.0,594658760#0,1
11340.0,-593847703#3,1
11340.0,-E0,1
11340.0,1068234499#0,1
11340.0,30620492#0,18
11340.0,30620492#1,5
11340.0,506322844#0,5
11360.0,-300077497#5,5
11360.0,-593847703#3,2
11360.0,30620492#0,18
11360.0,30620492#1,5
11380.0,-300077497#5,5
11380.0,-593847703#3,2
11380.0,30620492#0,18
11380.0,30620492#1,5
11400.0,-593847703#3,5
11400.0,182334378#0,2
11400.0,30620492#0,14
11400.0,30620492#1,3
11400.0,506322844#0,5
11400.0,:cluster_9383263990_9383263991_9383263992_9383263993_13,1
11420.0,30620492#0,14
11420.0,30620492#1,5
11420.0,506322844#0,7
11440.0,-300077497#5,1
11440.0,-300077497#8,1
11440.0,263217604#0,2
11440.0,30620492#0,18
11440.0,30620492#1,5
11440.0,506322844#0,1
11440.0,:655375238_5,1
11440.0,:655375239_5,1
11460.0,-300077497#5,5
11460.0,263217604#0,2
11460.0,30620492#0,18
11460.0,30620492#1,5
11480.0,-300077497#5,1
11480.0,-593847703#3,2
11480.0,263217604#0,2
11480.0,30620492#0,18
11480.0,30620492#1,3
11480.0,:cluster_2528018119_655375236_17,2
11480.0,:cluster_9383263990_9383263991_9383263992_9383263993_10,1
11480.0,:cluster_9383263990_9383263991_9383263992_9383263993_13,1
11500.0,-593847703#3,5
11500.0,30620492#0,12
11500.0,30620492#1,5
11500.0,506322842#0,1
11500.0,506322844#0,5
11500.0,594658757#0,1
11500.0,594658760#0,1
11520.0,-E0,2
11520.0,30620492#0,17
11520.0,30620492#1,5
11520.0,506322842#0,1
11520.0,506322844#0,6
11540.0,-300077497#5,5
11540.0,263217604#0,1
11540.0,30620492#0,18
11540.0,30620492#1,5
11540.0,:cluster_5372642442_631668976_631668981_631669076_36,1
11560.0,-300077497#5,5
11560.0,1068234499#0,1
11560.0,263217604#0,1
11560.0,30620492#0,18
11560.0,30620492#1,5
11580.0,-593847703#3,4
11580.0,-E0,1
11580.0,1068234499#0,1
11580.0,30620492#0,14
11580.0,30620492#1,3
11580.0,506322844#0,4
11580.0,594658757#0,1
11580.0,:2749340167_0,1
11580.0,:cluster_9383263990_9383263991_9383263992_9383263993_13,1
11600.0,-593847703#3,4
11600.0,1068234499#0,1
11600.0,30620492#0,15
11600.0,30620492#1,5
11600.0,506322844#0,6
11600.0,594658757#0,1
11620.0,-300077497#8,1
11620.0,-593847703#3,1
11620.0,263217604#0,2
11620.0,30620492#0,18
11620.0,30620492#1,5
11620.0,:655375238_5,1
11620.0,:655375239_5,2
11640.0,-300077497#5,4
11640.0,-593847703#3,1
11640.0,263217604#0,2
11640.0,30620492#0,18
11640.0,30620492#1,5
11660.0,-593847703#3,3
11660.0,263217604#0,2
11660.0,30620492#0,18
11660.0,30620492#1,3
11660.0,:cluster_2528018119_655375236_17,2
11660.0,:cluster_9383263990_9383263991_9383263992_9383263993_13,2
11680.0,-593847703#3,5
11680.0,30620492#0,12
11680.0,30620492#1,4
11680.0,506322844#0,5
11680.0,594658757#0,1
11680.0,594658760#0,1
11680.0,:2749340167_0,1
11680.0,:cluster_9383263990_9383263991_9383263992_9383263993_13,1
11700.0,-593847703#3,5
11700.0,30620492#0,15
11700.0,30620492#1,5
11700.0,506322844#0,8
11700.0,:cluster655375336_end_0_655375336_end_1_655375336_end_10_655375336_end_11_#8more_17,1
11700.0,:cluster655375336_end_0_655375336_end_1_655375336_end_10_655375336_end_11_#8more_21,1
11720.0,-300077497#5,5
11720.0,-593847703#3,1
11720.0,263217604#0,3
11720.0,30620492#0,18
11720.0,30620492#1,5
11720.0,:655375233_4,4
11740.0,-300077497#5,5
11740.0,263217604#0,3
11740.0,30620492#0,18
11740.0,30620492#1,5
11760.0,-593847703#3,4
11760.0,30620492#0,14
11760.0,30620492#1,3
11760.0,506322844#0,4
11760.0,594658757#0,1
11760.0,594658760#0,2
11760.0,:2749340167_0,1
11760.0,:cluster655375336_end_0_655375336_end_1_655375336_end_10_655375336_end_11_#8more_5,1
11760.0,:cluster_9383263990_9383263991_9383263992_9383263993_13,1
11780.0,-593847703#3,4
11780.0,-E0,1
11780.0,30620492#0,12
11780.0,30620492#1,4
11780.0,506322844#0,8
11780.0,594658757#0,1
11780.0,594658760#0,1
11780.0,:2749340167_0,1
11780.0,:cluster_9383263990_9383263991_9383263992_9383263993_13,1
11800.0,-300077497#5,1
11800.0,-300077497#8,1
11800.0,-593847703#3,4
11800.0,-E0,2
11800.0,263217604#0,3
11800.0,30620492#0,16
11800.0,30620492#1,5
11800.0,506322844#0,1
11800.0,:2749340167_0,1
11800.0,:655375238_5,1
11800.0,:655375239_5,1
11800.0,:655375239_6,1
11820.0,-300077497#5,5
11820.0,-593847703#3,2
11820.0,263217604#0,4
11820.0,30620492#0,18
11820.0,30620492#1,5
11820.0,:2749340167_0,1
11820.0,:655375233_4,2
11840.0,-300077497#5,1
11840.0,-593847703#3,2
11840.0,263217604#0,4
11840.0,30620492#0,18
11840.0,30620492#1,3
11840.0,506322844#0,1
11840.0,:2749340167_0,1
11840.0,:cluster_2528018119_655375236_17,2
11840.0,:cluster_9383263990_9383263991_9383263992_9383263993_13,1
11860.0,-593847703#3,5
11860.0,244450512#4,1
11860.0,30620492#0,14
11860.0,30620492#1,5
11860.0,506322844#0,5
11860.0,594658757#0,1
11860.0,594658760#0,2
11880.0,-593847703#3,5
11880.0,244450512#5,1
11880.0,30620492#0,18
11880.0,30620492#1,5
11880.0,506322844#0,5
11880.0,594658757#0,1
11880.0,594658760#0,2
11900.0,-300077497#5,5
11900.0,-593847703#3,5
11900.0,-E0,2
11900.0,244450512#5,1
11900.0,30620492#0,18
11900.0,30620492#1,5
11900.0,:cluster655375336_end_0_655375336_end_1_655375336_end_10_655375336_end_11_#8more_17,1
11920.0,-300077497#5,5
11920.0,-593847703#3,5
11920.0,244450512#5,1
11920.0,30620492#0,18
11920.0,30620492#1,5
11940.0,-593847703#3,5
11940.0,-E0,1
11940.0,30620492#0,14
11940.0,30620492#1,3
11940.0,506322844#0,5
11940.0,:2749340167_0,1
11960.0,-593847703#3,5
11960.0,30620492#0,16
11960.0,30620492#1,5
11960.0,506322844#0,5
11980.0,-300077497#5,1
11980.0,-300077497#8,1
11980.0,-593847703#3,5
11980.0,30620492#0,18
11980.0,30620492#1,5
11980.0,506322844#0,1
11980.0,:655375238_5,1
11980.0,:655375239_5,1
12000.0,-300077497#5,5
12000.0,-593847703#3,5
12000.0,30620492#0,18
12000.0,30620492#1,5
12020.0,-300077497#5,1
12020.0,-593847703#3,6
12020.0,182334378#0,1
12020.0,30620492#0,18
12020.0,30620492#1,3
12020.0,:cluster_2528018119_655375236_17,1
12020.0,:cluster_2528018119_655375236_31,1
12020.0,:cluster_9383263990_9383263991_9383263992_9383263993_13,2
12040.0,-E0,2
12040.0,30620492#0,13
12040.0,30620492#1,4
12040.0,506322844#0,5
12040.0,:655375233_4,1
12040.0,:cluster_9383263990_9383263991_9383263992_9383263993_13,1
12060.0,30620492#0,16
12060.0,30620492#1,5
12060.0,506322844#0,7
12080.0,-300077497#5,5
12080.0,263217604#0,2
12080.0,30620492#0,18
12080.0,30620492#1,5
12100.0,-300077497#5,5
12100.0,263217604#0,2
12100.0,30620492#0,18
12100.0,30620492#1,5
12120.0,-593847703#3,4
12120.0,30620492#0,14
12120.0,30620492#1,4
12120.0,506322844#0,5
12120.0,594658760#0,2
12120.0,:cluster655375336_end_0_655375336_end_1_655375336_end_10_655375336_end_11_#8more_5,1
12140.0,30620492#0,15
12140.0,30620492#1,5
12140.0,506322844#0,6
12140.0,594658760#0,2
12160.0,-300077497#8,1
12160.0,-E0,1
12160.0,263217604#0,2
12160.0,30620492#0,18
12160.0,30620492#1,5
12160.0,506322844#0,1
12160.0,594658760#0,1
12160.0,:655375238_5,1
12160.0,:655375239_5,1
12180.0,-300077497#5,4
12180.0,-E0,1
12180.0,263217604#0,2
12180.0,30620492#0,18
12180.0,30620492#1,5
12200.0,-593847703#3,1
12200.0,182334378#0,1
12200.0,263217604#0,2
12200.0,30620492#0,18
12200.0,30620492#1,3
12200.0,:cluster_2528018119_655375236_17,2
12200.0,:cluster_9383263990_9383263991_9383263992_9383263993_10,1
12200.0,:cluster_9383263990_9383263991_9383263992_9383263993_13,1
12220.0,-593847703#3,3
12220.0,-E0,1
12220.0,30620492#0,12
12220.0,30620492#1,5
12220.0,506322842#0,1
12220.0,506322844#0,5
12220.0,594658757#0,1
12220.0,594658760#0,1
12240.0,30620492#0,17
12240.0,30620492#1,5
12240.0,506322842#0,1
12240.0,506322844#0,6
12240.0,594658757#0,1
12240.0,594658760#0,1
12240.0,:655375233_4,3
12260.0,-300077497#5,5
12260.0,263217604#0,1
12260.0,30620492#0,18
12260.0,30620492#1,5
12260.0,594658757#0,1
12260.0,594658760#0,1
12260.0,:cluster_5372642442_631668976_631668981_631669076_36,1
12280.0,-300077497#5,5
12280.0,-E0,2
12280.0,1068234499#0,1
12280.0,263217604#0,1
12280.0,30620492#0,18
12280.0,30620492#1,5
12300.0,-593847703#3,5
12300.0,1068234499#0,1
12300.0,30620492#0,14
12300.0,30620492#1,4
12300.0,506322844#0,5
12300.0,594658757#0,1
12320.0,-593847703#3,5
12320.0,1068234499#0,1
12320.0,30620492#0,14
12320.0,30620492#1,5
12320.0,506322844#0,7
12320.0,594658757#0,1
12340.0,-300077497#5,1
12340.0,-300077497#8,1
12340.0,-593847703#3,3
12340.0,182334378#0,1
12340.0,263217604#0,3
12340.0,30620492#0,18
12340.0,30620492#1,5
12340.0,506322844#0,1
12340.0,594658757#0,1
12340.0,:655375233_4,2
12340.0,:655375239_5,1
12360.0,-300077497#5,4
12360.0,-E0,1
12360.0,263217604#0,3
12360.0,30620492#0,18
12360.0,30620492#1,5
12380.0,-593847703#3,2
12380.0,263217604#0,3
12380.0,30620492#0,18
12380.0,30620492#1,3
12380.0,506322844#0,1
12380.0,:cluster_2528018119_655375236_17,1
12380.0,:cluster_2528018119_655375236_31,1
12380.0,:cluster_9383263990_9383263991_9383263992_9383263993_13,1
12400.0,-593847703#3,3
12400.0,182334378#0,1
12400.0,30620492#0,12
12400.0,30620492#1,4
12400.0,506322844#0,6
12400.0,594658757#0,2
12400.0,594658760#0,1
12400.0,:cluster_9383263990_9383263991_9383263992_9383263993_13,1
12420.0,-593847703#3,3
12420.0,-E0,1
12420.0,30620492#0,15
12420.0,30620492#1,5
12420.0,506322844#0,9
12420.0,594658757#0,2
12420.0,594658760#0,1
12440.0,-300077497#5,3
12440.0,-593847703#3,3
12440.0,263217604#0,6
12440.0,30620492#0,18
12440.0,30620492#1,5
12440.0,594658757#0,2
12440.0,594658760#0,1
12460.0,-300077497#5,3
12460.0,263217604#0,6
12460.0,30620492#0,18
12460.0,30620492#1,5
12460.0,594658757#0,1
12460.0,:cluster655375336_end_0_655375336_end_1_655375336_end_10_655375336_end_11_#8more_17,1
12460.0,:cluster655375336_end_0_655375336_end_1_655375336_end_10_655375336_end_11_#8more_21,1
12480.0,-593847703#3,2
12480.0,-E0,1
12480.0,263217604#0,1
12480.0,30620492#0,14
12480.0,30620492#1,3
12480.0,506322844#0,5
12480.0,594658757#0,2
12480.0,594658760#0,2
12480.0,:cluster3086736522_655375108_655375247_655375401_#1more_16,1
12480.0,:cluster655375336_end_0_655375336_end_1_655375336_end_10_655375336_end_11_#8more_5,1
12480.0,:cluster_9383263990_9383263991_9383263992_9383263993_13,1
12500.0,-593847703#3,2
12500.0,30620492#0,14
12500.0,30620492#1,5
12500.0,506322844#0,7
12500.0,594658757#0,3
12500.0,594658760#0,3
12520.0,-300077497#5,1
12520.0,-593847703#3,2
12520.0,263217604#0,3
12520.0,30620492#0,18
12520.0,30620492#1,5
12520.0,506322844#0,1
12520.0,594658757#0,3
12520.0,594658760#0,3
12520.0,:655375239_5,2
12540.0,-300077497#5,4
12540.0,-593847703#3,2
12540.0,-E0,1
12540.0,263217604#0,3
12540.0,30620492#0,18
12540.0,30620492#1,5
12540.0,594658757#0,2
12540.0,594658760#0,2
12540.0,:cluster655375336_end_0_655375336_end_1_655375336_end_10_655375336_end_11_#8more_17,1
12560.0,-593847703#3,2
12560.0,-E0,1
12560.0,263217604#0,3
12560.0,30620492#0,18
12560.0,30620492#1,3
12560.0,:cluster655375336_end_0_655375336_end_1_655375336_end_10_655375336_end_11_#8more_17,1
12560.0,:cluster655375336_end_0_655375336_end_1_655375336_end_10_655375336_end_11_#8more_21,2
12560.0,:cluster_2528018119_655375236_17,1
12560.0,:cluster_2528018119_655375236_19,1
12560.0,:cluster_9383263990_9383263991_9383263992_9383263993_13,2
12580.0,-593847703#3,3
12580.0,182334378#0,1
12580.0,244450512#4,1
12580.0,30620492#0,13
12580.0,30620492#1,4
12580.0,506322844#0,5
12580.0,594658757#0,1
12580.0,594658760#0,1
12580.0,:cluster_9383263990_9383263991_9383263992_9383263993_13,1
12600.0,-593847703#3,3
12600.0,-E0,1
12600.0,244450512#5,1
12600.0,30620492#0,17
12600.0,30620492#1,5
12600.0,506322844#0,6
12620.0,-300077497#5,4
12620.0,-593847703#3,3
12620.0,244450512#5,1
12620.0,263217604#0,2
12620.0,30620492#0,18
12620.0,30620492#1,5
12640.0,-300077497#5,4
12640.0,-593847703#3,3
12640.0,244450512#5,1
12640.0,263217604#0,2
12640.0,30620492#0,18
12640.0,30620492#1,5
12660.0,-593847703#3,2
12660.0,182334378#0,1
12660.0,30620492#0,14
12660.0,30620492#1,3
12660.0,506322844#0,4
12660.0,593844221#0,1
12660.0,594658760#0,2
12660.0,:2749340167_0,1
12660.0,:cluster_9383263990_9383263991_9383263992_9383263993_13,1
12680.0,-593847703#3,1
12680.0,-E0,2
12680.0,30620492#0,13
12680.0,30620492#1,5
12680.0,506322844#0,8
12680.0,594658760#0,2
12700.0,-300077497#5,1
12700.0,-300077497#8,1
12700.0,-593847703#3,1
12700.0,263217604#0,3
12700.0,30620492#0,18
12700.0,30620492#1,5
12700.0,506322844#0,1
12700.0,594658760#0,2
12700.0,:655375238_5,1
12700.0,:655375239_5,1
12720.0,-300077497#5,5
12720.0,-593847703#3,1
12720.0,263217604#0,3
12720.0,30620492#0,18
12720.0,30620492#1,5
12720.0,594658760#0,2
12740.0,-300077497#5,1
12740.0,-593847703#3,3
12740.0,263217604#0,3
12740.0,30620492#0,18
12740.0,30620492#1,3
12740.0,594658760#0,1
12740.0,:cluster_2528018119_655375236_17,2
12740.0,:cluster_9383263990_9383263991_9383263992_9383263993_13,2
12760.0,-593847703#3,2
12760.0,30620492#0,12
12760.0,30620492#1,5
12760.0,506322842#0,1
12760.0,506322844#0,5
12760.0,594658757#0,1
12760.0,594658760#0,2
12760.0,:655375233_4,3
12780.0,30620492#0,14
12780.0,30620492#1,5
12780.0,506322842#0,1
12780.0,506322844#0,5
12800.0,-300077497#5,5
12800.0,30620492#0,14
12800.0,30620492#1,5
12800.0,506322846#2,1
12820.0,-300077497#5,5
12820.0,1068234499#0,1
12820.0,30620492#0,14
12820.0,30620492#1,5
12840.0,-593847703#3,5
12840.0,1068234499#0,1
12840.0,30620492#0,10
12840.0,30620492#1,4
12840.0,506322844#0,4
12840.0,:cluster_9383263990_9383263991_9383263992_9383263993_13,1
12860.0,-593847703#3,3
12860.0,1068234499#0,1
12860.0,30620492#0,9
12860.0,30620492#1,5
12860.0,506322844#0,5
12860.0,:655375233_4,2
12880.0,-300077497#8,1
12880.0,182334378#0,1
12880.0,263217604#0,1
12880.0,30620492#0,9
12880.0,30620492#1,5
12880.0,506322844#0,1
12880.0,:655375238_5,1
12880.0,:655375239_5,1
12900.0,-300077497#5,4
12900.0,263217604#0,1
12900.0,30620492#0,9
12900.0,30620492#1,5
12920.0,-300077497#5,1
12920.0,-593847703#3,2
12920.0,263217604#0,1
12920.0,30620492#0,9
12920.0,30620492#1,3
12920.0,:cluster_2528018119_655375236_31,1
12920.0,:cluster_9383263990_9383263991_9383263992_9383263993_13,2
12940.0,-593847703#3,3
12940.0,182334378#0,1
12940.0,30620492#0,2
12940.0,30620492#1,3
12940.0,506322844#0,7
12940.0,594658757#0,1
12940.0,:2749340167_0,1
12940.0,:cluster_9383263990_9383263991_9383263992_9383263993_13,1
12960.0,-593847703#3,3
12960.0,-E0,1
12960.0,182334378#0,1
12960.0,30620492#0,1
12960.0,30620492#1,5
12960.0,506322844#0,8
12980.0,-300077497#5,5
12980.0,-E0,1
12980.0,263217604#0,3
12980.0,30620492#0,1
12980.0,30620492#1,5
13000.0,-300077497#5,5
13000.0,263217604#0,3
13000.0,30620492#0,1
13000.0,30620492#1,5
13020.0,-593847703#3,4
13020.0,-E0,1
13020.0,30620492#1,1
13020.0,360843888,1
13020.0,506322844#0,5
13020.0,594658757#0,1
13020.0,594658760#0,1
13040.0,-593847703#3,4
13040.0,-E0,2
13040.0,360843888,1
13040.0,506322844#0,6
13060.0,-300077497#5,1
13060.0,-300077497#8,1
13060.0,-593847703#3,4
13060.0,263217604#0,4
13060.0,360843888,1
13080.0,-300077497#5,2
13080.0,263217604#0,4
13080.0,360843888,1
13100.0,-593847703#3,2
13100.0,263217604#0,4
13100.0,:3208478128_0,1
