time,edge_id,vehicle_count
60.0,-300077497#5,1
60.0,-360018417,5
60.0,-51362429#1,1
60.0,-51362430,7
60.0,-593847703#3,9
60.0,-E0,19
60.0,1068234498#0,22
60.0,1068234499#0,3
60.0,1068440001,3
60.0,1068440004#1,12
60.0,1068440006#0,2
60.0,1334905223#0,2
60.0,182334378#0,20
60.0,196961377#0,6
60.0,238526531#0,1
60.0,244450512#1,3
60.0,260881642#0,4
60.0,288135626#0,3
60.0,288135628#0,1
60.0,30620492#0,15
60.0,30620492#1,5
60.0,314800955,1
60.0,484988951#0,3
60.0,48794887#0,2
60.0,506322842#0,5
60.0,506322844#0,6
60.0,506322846#2,8
60.0,51362429#0,10
60.0,51392936#0,1
60.0,593844221#0,1
60.0,593847703#0,1
60.0,593847704#0,1
60.0,593847705,1
60.0,593849711#2,9
60.0,594658760#0,2
60.0,594658762#0,9
60.0,668037874,1
60.0,:655375232_11,1
60.0,:cluster11510670762_4554226152_0,1
60.0,:cluster619136880_619136881_cluster_4510442270_5296993511_5296993513_619136931_#1more_12,1
60.0,:cluster655375228_655375240_0,2
60.0,:cluster655375336_end_0_655375336_end_1_655375336_end_10_655375336_end_11_#8more_12,1
60.0,:cluster655375336_end_0_655375336_end_1_655375336_end_10_655375336_end_11_#8more_25,3
60.0,:cluster_2528018119_655375236_3,2
60.0,:cluster_3208478133_655375293_655375296_9631728504_#1more_8,3
60.0,:cluster_3431431575_4777363357_655375231_6982059025_5,1
60.0,:cluster_5372642442_631668976_631668981_631669076_22,3
60.0,:cluster_5372642442_631668976_631668981_631669076_45,1
60.0,E0,2
80.0,-360018417,5
80.0,-51362430,7
80.0,-593847703#3,4
80.0,-594658757#2,2
80.0,-E0,19
80.0,1068234498#0,17
80.0,1068234499#0,10
80.0,1068440001,4
80.0,1068440004#1,18
80.0,1068440006#0,4
80.0,1334905223#0,2
80.0,182334378#0,18
80.0,196961377#0,11
80.0,232003903#0,1
80.0,238526531#0,7
80.0,244450512#1,2
80.0,260881642#0,3
80.0,263217603#0,1
80.0,288135626#0,3
80.0,300077497#0,1
80.0,30620492#0,18
80.0,30620492#1,5
80.0,35274074#0,1
80.0,484988951#0,4
80.0,48794887#0,2
80.0,49073226#2,3
80.0,49695736#0,6
80.0,506322842#0,9
80.0,506322844#0,6
80.0,506322846#2,10
80.0,51362429#0,13
80.0,593844221#0,2
80.0,593847702#0,2
80.0,593847704#0,2
80.0,593847705,1
80.0,593849711#2,11
80.0,594658760#0,2
80.0,594658762#0,9
80.0,668037874,2
80.0,:3086736518_4,1
80.0,:655375233_4,2
80.0,:655375238_1,1
80.0,:656132414_2,1
80.0,:cluster11510670762_4554226152_0,2
80.0,:cluster655375228_655375240_0,1
80.0,:cluster655375336_end_0_655375336_end_1_655375336_end_10_655375336_end_11_#8more_10,1
80.0,:cluster655375336_end_0_655375336_end_1_655375336_end_10_655375336_end_11_#8more_12,3
80.0,:cluster_3208478133_655375293_655375296_9631728504_#1more_8,3
80.0,:cluster_5372642442_631668976_631668981_631669076_45,2
80.0,E0,2
100.0,-300077497#5,1
100.0,-300077497#8,1
100.0,-35274074#2,2
100.0,-360018417,1
100.0,-51362430,8
100.0,-593847703#3,6
100.0,-594658757#2,4
100.0,-E0,19
100.0,1068234498#0,20
100.0,1068234499#0,7
100.0,1068440001,6
100.0,1068440004#1,13
100.0,1068440006#0,4
100.0,182334378#0,18
100.0,196961377#0,13
100.0,232003903#0,1
100.0,238526531#0,6
100.0,244450512#1,2
100.0,260881642#0,4
100.0,263217603#0,1
100.0,263217604#0,1
100.0,288135626#0,1
100.0,288878926#0,3
100.0,300077497#0,2
100.0,30620492#0,18
100.0,30620492#1,5
100.0,35274074#0,2
100.0,484988951#0,3
100.0,48794887#0,2
100.0,49073226#2,3
100.0,49073272#4,3
100.0,49695736#0,8
100.0,506322841#4,1
100.0,506322842#0,8
100.0,506322844#0,3
100.0,506322846#0,5
100.0,506322846#2,3
100.0,506322848#0,3
100.0,506322851#0,2
100.0,51362429#0,15
100.0,593844221#0,1
100.0,593847702#0,6
100.0,593847704#0,2
100.0,593847705,1
100.0,593849711#2,15
100.0,593849718#0,2
100.0,594658760#0,2
100.0,594658762#0,11
100.0,668037874,4
100.0,:2444664370_0,1
100.0,:3208478121_0,1
100.0,:655375233_8,4
100.0,:655375238_5,1
100.0,:655375239_5,1
100.0,:656132414_2,1
100.0,:cluster11510670762_4554226152_0,1
100.0,:cluster619136880_619136881_cluster_4510442270_5296993511_5296993513_619136931_#1more_12,1
100.0,:cluster655375336_end_0_655375336_end_1_655375336_end_10_655375336_end_11_#8more_10,1
100.0,:cluster655375336_end_0_655375336_end_1_655375336_end_10_655375336_end_11_#8more_12,1
100.0,:cluster655375336_end_0_655375336_end_1_655375336_end_10_655375336_end_11_#8more_25,2
100.0,:cluster_2038168688_655375573_17,1
100.0,:cluster_2038168688_655375573_21,1
100.0,:cluster_2038168688_655375573_8,1
100.0,:cluster_2528018119_655375236_12,2
100.0,:cluster_2528018119_655375236_20,1
100.0,:cluster_2528018119_655375236_28,1
100.0,:cluster_2528018119_655375236_32,1
100.0,:cluster_3208478133_655375293_655375296_9631728504_#1more_8,1
100.0,:cluster_3431431575_4777363357_655375231_6982059025_5,1
100.0,:cluster_9383263990_9383263991_9383263992_9383263993_7,1
100.0,E0,2
120.0,-1334905223#2,1
120.0,-300077497#5,8
120.0,-300077497#8,1
120.0,-35274074#2,8
120.0,-51362430,10
120.0,-593847703#3,8
120.0,-594658757#2,4
120.0,-E0,19
120.0,1068234498#0,28
120.0,1068234499#0,8
120.0,1068440001,7
120.0,1068440004#1,15
120.0,1068440006#0,2
120.0,1334904386#0,1
120.0,182334378#0,20
120.0,196961377#0,19
120.0,232003903#0,3
120.0,244450512#1,2
120.0,260881642#0,2
120.0,263217603#0,1
120.0,263217604#0,2
120.0,288135626#0,3
120.0,288135628#0,1
120.0,288878926#0,6
120.0,300077497#0,8
120.0,30620492#0,18
120.0,30620492#1,5
120.0,35274074#0,2
120.0,484988951#0,4
120.0,48794887#0,2
120.0,49073272#4,1
120.0,49695736#0,4
120.0,506322842#0,6
120.0,506322844#0,3
120.0,506322846#0,3
120.0,506322846#2,6
120.0,506322851#0,2
120.0,506322853#0,2
120.0,51362429#0,16
120.0,593844221#0,1
120.0,593847702#0,7
120.0,593847705,1
120.0,593849711#2,16
120.0,593849718#0,3
120.0,594658760#0,1
120.0,594658762#0,16
120.0,668037874,3
120.0,:1973482489_4,1
120.0,:655375238_1,1
120.0,:cluster11510670762_4554226152_0,1
120.0,:cluster3086736522_655375108_655375247_655375401_#1more_11,1
120.0,:cluster619136880_619136881_cluster_4510442270_5296993511_5296993513_619136931_#1more_12,1
120.0,:cluster622618015_622618108_622618112_622618144_#2more_37,1
120.0,:cluster622618015_622618108_622618112_622618144_#2more_39,1
120.0,:cluster_2038168688_655375573_21,1
120.0,:cluster_2038168688_655375573_30,1
120.0,:cluster_2528018119_655375236_12,2
120.0,:cluster_2528018119_655375236_20,1
120.0,:cluster_2528018119_655375236_25,1
120.0,:cluster_2528018119_655375236_32,1
120.0,:cluster_3208478133_655375293_655375296_9631728504_#1more_8,5
120.0,E0,2
140.0,-300077497#5,6
140.0,-35274074#2,12
140.0,-360018417,5
140.0,-51362430,14
140.0,-593847703#3,10
140.0,-594658757#2,2
140.0,-E0,18
140.0,1068234498#0,36
140.0,1068234499#0,11
140.0,1068440001,9
140.0,1068440004#1,22
140.0,1068440006#0,2
140.0,1334904386#0,2
140.0,182334378#0,14
140.0,196961377#0,17
140.0,244450512#1,2
140.0,263217603#0,1
140.0,263217604#0,2
140.0,288135626#0,2
140.0,288135628#0,1
140.0,288878926#0,6
140.0,300077497#0,8
140.0,303647015#0,4
140.0,30620492#0,18
140.0,30620492#1,5
140.0,35274074#0,4
140.0,360018417,1
140.0,484988951#0,4
140.0,48794887#0,1
140.0,49073272#4,2
140.0,49695736#0,6
140.0,506322842#0,3
140.0,506322844#0,6
140.0,506322846#2,9
140.0,506322851#0,1
140.0,506322851#2,1
140.0,506322853#0,1
140.0,51362429#0,13
140.0,51362430,2
140.0,593844216#0,1
140.0,593844221#0,1
140.0,593847702#0,7
140.0,593847703#0,1
140.0,593849711#2,22
140.0,594658760#0,1
140.0,594658762#0,20
140.0,668037874,4
140.0,:2444664370_0,1
140.0,:3086736518_0,1
140.0,:3086736518_6,1
140.0,:655375232_2,2
140.0,:655375233_0,1
140.0,:655375238_6,1
140.0,:cluster11510670762_4554226152_0,2
140.0,:cluster619136880_619136881_cluster_4510442270_5296993511_5296993513_619136931_#1more_12,2
140.0,:cluster655375228_655375240_0,1
140.0,:cluster655375228_655375240_13,1
140.0,:cluster655375336_end_0_655375336_end_1_655375336_end_10_655375336_end_11_#8more_10,1
140.0,:cluster655375336_end_0_655375336_end_1_655375336_end_10_655375336_end_11_#8more_12,2
140.0,:cluster655375336_end_0_655375336_end_1_655375336_end_10_655375336_end_11_#8more_25,1
140.0,:cluster_2038168688_655375573_23,1
140.0,:cluster_2038168688_655375573_24,1
140.0,:cluster_2038168688_655375573_3,1
140.0,:cluster_2038168688_655375573_6,1
140.0,:cluster_2528018119_655375236_17,1
140.0,:cluster_2528018119_655375236_19,1
160.0,-186602412#3,1
160.0,-300077497#5,2
160.0,-35274074#2,12
160.0,-360018417,5
160.0,-51362430,17
160.0,-593847703#3,13
160.0,-593847704#2,2
160.0,-594658757#2,4
160.0,-E0,19
160.0,1068234498#0,26
160.0,1068234499#0,15
160.0,1068440001,10
160.0,1068440004#1,29
160.0,1068440006#0,2
160.0,1334904386#0,5
160.0,1334905223#0,2
160.0,182334378#0,13
160.0,186602412#0,2
160.0,196961377#0,22
160.0,196961377#3,1
160.0,238526531#0,4
160.0,244450512#1,2
160.0,244450512#4,1
160.0,263217603#0,1
160.0,288135626#0,4
160.0,288135628#0,1
160.0,300077497#6,1
160.0,30620492#0,18
160.0,30620492#1,5
160.0,314800955,1
160.0,35274074#0,2
160.0,484988951#0,3
160.0,48794887#0,2
160.0,49695736#0,9
160.0,506322840#0,1
160.0,506322842#0,8
160.0,506322844#0,6
160.0,506322846#0,8
160.0,506322846#2,15
160.0,506322853#0,3
160.0,51289045#7,1
160.0,51362429#0,13
160.0,51392936#0,1
160.0,593844216#0,1
160.0,593847702#0,7
160.0,593847703#0,4
160.0,593847704#0,1
160.0,593847705,1
160.0,593849711#0,1
160.0,593849711#2,22
160.0,594658760#0,2
160.0,594658762#0,18
160.0,668037874,3
160.0,:1973482489_3,1
160.0,:3086736518_0,2
160.0,:655375232_2,1
160.0,:655375232_6,2
160.0,:655375238_0,1
160.0,:655375241_0,1
160.0,:cluster11510670762_4554226152_0,2
160.0,:cluster619136880_619136881_cluster_4510442270_5296993511_5296993513_619136931_#1more_12,2
160.0,:cluster619136880_619136881_cluster_4510442270_5296993511_5296993513_619136931_#1more_8,1
160.0,:cluster655375228_655375240_2,1
160.0,:cluster655375336_end_0_655375336_end_1_655375336_end_10_655375336_end_11_#8more_12,1
160.0,:cluster655375336_end_0_655375336_end_1_655375336_end_10_655375336_end_11_#8more_40,2
160.0,:cluster_2038168688_655375573_3,2
160.0,:cluster_2528018119_655375236_19,1
160.0,:cluster_2528018119_655375236_3,2
160.0,:cluster_3431431575_4777363357_655375231_6982059025_5,1
160.0,:cluster_5372642442_631668976_631668981_631669076_45,3
160.0,E0,2
180.0,-1334905223#2,1
180.0,-300077497#5,1
180.0,-35274074#2,10
180.0,-360018417,5
180.0,-51362429#1,1
180.0,-51362430,18
180.0,-593847703#3,7
180.0,-594658757#2,7
180.0,-E0,19
180.0,1068234498#0,20
180.0,1068234499#0,15
180.0,1068440001,10
180.0,1068440004#1,33
180.0,1068440006#0,5
180.0,1334904386#0,11
180.0,1334905223#0,1
180.0,182334378#0,10
180.0,186602412#0,5
180.0,196961377#0,27
180.0,232003903#0,1
180.0,238526531#0,12
180.0,244450512#1,2
180.0,244450512#5,1
180.0,263217603#0,2
180.0,288135626#0,4
180.0,300077497#0,1
180.0,300077497#6,4
180.0,30620492#0,18
180.0,30620492#1,5
180.0,35274074#0,1
180.0,484988951#0,3
180.0,48794887#0,2
180.0,49073226#2,3
180.0,49695736#0,9
180.0,506322840#0,1
180.0,506322842#0,10
180.0,506322844#0,6
180.0,506322846#0,6
180.0,506322846#2,16
180.0,506322853#0,3
180.0,51362429#0,15
180.0,51362430,2
180.0,593844216#0,1
180.0,593847702#0,8
180.0,593847704#0,1
180.0,593847705,1
180.0,593849711#2,19
180.0,594658760#0,2
180.0,594658762#0,15
180.0,668037874,3
180.0,:1973482489_8,1
180.0,:2444664370_0,1
180.0,:3086736518_0,2
180.0,:3086736518_4,1
180.0,:655375232_2,1
180.0,:655375232_6,1
180.0,:655375232_8,1
180.0,:655375233_2,1
180.0,:655375233_4,2
180.0,:655375238_6,1
180.0,:cluster11510670762_4554226152_0,2
180.0,:cluster655375228_655375240_0,1
180.0,:cluster_3431431575_4777363357_655375231_6982059025_5,1
180.0,:cluster_5372642442_631668976_631668981_631669076_22,1
180.0,:cluster_5372642442_631668976_631668981_631669076_45,1
180.0,E0,2
200.0,-1334905223#2,1
200.0,-300077497#5,5
200.0,-300077497#8,1
200.0,-35274074#2,12
200.0,-51362429#1,1
200.0,-51362430,19
200.0,-593847703#3,11
200.0,-594658757#2,9
200.0,-E0,19
200.0,-E1,1
200.0,1068234498#0,24
200.0,1068234499#0,8
200.0,1068440001,10
200.0,1068440004#1,28
200.0,1068440006#0,4
200.0,182334378#0,12
200.0,186602412#0,5
200.0,196961377#0,29
200.0,232003903#0,1
200.0,238526531#0,5
200.0,244450512#1,2
200.0,244450512#5,1
200.0,263217603#0,3
200.0,263217604#0,3
200.0,288135626#0,3
200.0,300077497#0,6
200.0,300077497#6,4
200.0,303647015#0,11
200.0,30620492#0,18
200.0,30620492#1,5
200.0,35274074#0,3
200.0,484988951#0,4
200.0,48794887#0,2
200.0,49073226#2,5
200.0,49073272#4,4
200.0,506322840#0,1
200.0,506322842#0,4
200.0,506322844#0,2
200.0,506322846#0,5
200.0,506322846#2,4
200.0,506322848#0,1
200.0,506322851#0,4
200.0,506322851#2,1
200.0,506322853#0,3
200.0,51362429#0,16
200.0,51362430,3
200.0,593842812#2,1
200.0,593847702#0,2
200.0,593847704#0,1
200.0,593847705,1
200.0,593849711#2,20
200.0,593849718#0,1
200.0,593852345#0,1
200.0,594658760#0,1
200.0,594658762#0,21
200.0,668037874,4
200.0,:2444664370_0,2
200.0,:3086736518_0,2
200.0,:3086736518_3,1
200.0,:3086736518_4,2
200.0,:655375232_2,1
200.0,:655375232_6,1
200.0,:655375232_8,1
200.0,:655375233_8,4
200.0,:655375239_5,1
200.0,:655375241_0,1
200.0,:cluster11510670762_4554226152_0,2
200.0,:cluster622618015_622618108_622618112_622618144_#2more_35,1
200.0,:cluster_2038168688_655375573_21,1
200.0,:cluster_2038168688_655375573_9,1
200.0,:cluster_2528018119_655375236_12,2
200.0,:cluster_2528018119_655375236_20,2
200.0,:cluster_3431431575_4777363357_655375231_6982059025_3,1
200.0,:cluster_3431431575_4777363357_655375231_6982059025_5,1
200.0,:cluster_5372642442_631668976_631668981_631669076_33,2
200.0,:cluster_9383263990_9383263991_9383263992_9383263993_7,1
200.0,E0,2
220.0,-1334905223#2,1
220.0,-300077497#5,10
220.0,-35274074#2,12
220.0,-360018417,2
220.0,-51362430,19
220.0,-593847703#3,11
220.0,-594658757#2,3
220.0,-E0,19
220.0,1068234498#0,33
220.0,1068234499#0,6
220.0,1068440001,10
220.0,1068440004#1,26
220.0,1239087514,2
220.0,182334378#0,20
220.0,196961215#2,2
220.0,196961377#0,24
220.0,196961377#3,2
220.0,238526531#0,5
220.0,244450512#1,2
220.0,244450512#5,1
220.0,263217603#0,3
220.0,263217604#0,3
220.0,288135626#0,2
220.0,288135628#0,1
220.0,300077497#0,10
220.0,300077497#6,1
220.0,303647015#0,4
220.0,30620492#0,18
220.0,30620492#1,5
220.0,35274074#0,4
220.0,484988951#0,5
220.0,48794887#0,1
220.0,49073226#2,7
220.0,49073272#4,1
220.0,506322842#0,6
220.0,506322844#0,6
220.0,506322846#0,1
220.0,506322846#2,3
220.0,506322851#0,3
220.0,506322851#2,2
220.0,506322853#0,9
220.0,51362429#0,17
220.0,51362430,5
220.0,593844221#0,1
220.0,593847702#0,11
220.0,593847705,1
220.0,593849711#2,21
220.0,593849718#0,1
220.0,594658760#0,1
220.0,594658762#0,26
220.0,668037874,4
220.0,:2444664370_0,2
220.0,:3086736518_0,2
220.0,:3086736518_3,1
220.0,:3086736518_4,2
220.0,:655375232_2,1
220.0,:655375232_6,1
220.0,:655375232_8,1
220.0,:655375238_1,1
220.0,:655375239_3,1
220.0,:cluster11510670762_4554226152_0,2
220.0,:cluster3086736522_655375108_655375247_655375401_#1more_11,2
220.0,:cluster655375336_end_0_655375336_end_1_655375336_end_10_655375336_end_11_#8more_31,1
220.0,:cluster_2038168688_655375573_30,1
220.0,:cluster_2528018119_655375236_29,2
220.0,:cluster_5372642442_631668976_631668981_631669076_47,2
220.0,E0,2
240.0,-300077497#5,6
240.0,-35274074#2,12
240.0,-360018417,5
240.0,-51362430,19
240.0,-593847703#3,14
240.0,-E0,19
240.0,1068234498#0,31
240.0,1068234499#0,12
240.0,1068440001,10
240.0,1068440004#1,33
240.0,1334905223#0,2
240.0,182334378#0,22
240.0,196961215#2,2
240.0,196961377#0,20
240.0,232003903#0,1
240.0,238526531#0,6
240.0,244450512#1,3
240.0,260881642#0,3
240.0,263217603#0,1
240.0,288135626#0,3
240.0,288135628#0,1
240.0,300077497#0,4
240.0,300077497#6,2
240.0,303647015#0,4
240.0,30620492#0,18
240.0,30620492#1,5
240.0,35274074#0,3
240.0,360843888,1
240.0,484988951#0,5
240.0,48794887#0,2
240.0,49073226#2,7
240.0,49695736#0,1
240.0,506322842#0,11
240.0,506322844#0,6
240.0,506322846#0,3
240.0,506322846#2,3
240.0,506322853#0,14
240.0,51362429#0,15
240.0,51362430,8
240.0,593844221#0,1
240.0,593847702#0,11
240.0,593849711#2,21
240.0,594658757#0,1
240.0,594658760#0,1
240.0,594658762#0,26
240.0,668037874,4
240.0,:3086736518_0,1
240.0,:3086736518_3,1
240.0,:3086736518_4,2
240.0,:655375232_2,3
240.0,:655375232_6,1
240.0,:655375232_8,1
240.0,:655375233_0,2
240.0,:655375238_0,1
240.0,:cluster11510670762_4554226152_0,2
240.0,:cluster3086736522_655375108_655375247_655375401_#1more_17,1
240.0,:cluster622618015_622618108_622618112_622618144_#2more_49,2
240.0,:cluster655375228_655375240_0,1
240.0,:cluster_2038168688_655375573_23,1
240.0,:cluster_2038168688_655375573_3,1
240.0,:cluster_2038168688_655375573_30,1
240.0,:cluster_2038168688_655375573_6,2
240.0,:cluster_5372642442_631668976_631668981_631669076_22,2
240.0,E0,2
240.0,E1,1
260.0,-300077497#5,6
260.0,-35274074#2,12
260.0,-360018417,5
260.0,-51362429#1,1
260.0,-51362430,19
260.0,-593847703#3,14
260.0,-594658757#2,5
260.0,-E0,19
260.0,1068234498#0,25
260.0,1068234499#0,13
260.0,1068440001,10
260.0,1068440004#1,33
260.0,1068440006#0,1
260.0,1334905223#0,2
260.0,182334378#0,18
260.0,186602412#0,4
260.0,196961215#2,2
260.0,196961377#0,25
260.0,232003903#0,1
260.0,238526531#0,10
260.0,244450512#1,2
260.0,260881642#0,3
260.0,263217603#0,1
260.0,288135626#0,8
260.0,288135628#0,1
260.0,300077497#0,4
260.0,300077497#6,5
260.0,30620492#0,18
260.0,30620492#1,5
260.0,314800955,1
260.0,360843888,2
260.0,484988951#0,5
260.0,48794887#0,2
260.0,49073226#2,7
260.0,49695736#0,3
260.0,506322842#0,12
260.0,506322844#0,6
260.0,506322846#0,3
260.0,506322846#2,4
260.0,506322853#0,14
260.0,51362429#0,16
260.0,51362430,6
260.0,51392936#0,1
260.0,593844221#0,1
260.0,593847702#0,11
260.0,593847703#0,4
260.0,593849711#2,21
260.0,594658757#0,1
260.0,594658760#0,1
260.0,594658762#0,20
260.0,668037874,4
260.0,:2444664370_0,1
260.0,:3086736518_0,1
260.0,:3086736518_3,1
260.0,:3086736518_4,2
260.0,:cluster11510670762_4554226152_0,2
260.0,:cluster619136880_619136881_cluster_4510442270_5296993511_5296993513_619136931_#1more_12,1
260.0,:cluster655375228_655375240_0,2
260.0,:cluster655375336_end_0_655375336_end_1_655375336_end_10_655375336_end_11_#8more_12,1
260.0,:cluster_2038168688_655375573_24,1
260.0,:cluster_2038168688_655375573_6,1
260.0,:cluster_2528018119_655375236_3,1
260.0,:cluster_2664674491_655375287_655375288_5,1
260.0,:cluster_5372642442_631668976_631668981_631669076_45,2
260.0,E0,1
260.0,E1,1
280.0,-300077497#5,6
280.0,-300077497#8,2
280.0,-35274074#2,12
280.0,-360018417,1
280.0,-51362429#1,5
280.0,-51362430,19
280.0,-593847703#3,12
280.0,-594658757#2,11
280.0,-E0,19
280.0,1068234498#0,24
280.0,1068234499#0,8
280.0,1068440001,10
280.0,1068440004#1,33
280.0,1068440006#0,7
280.0,1334904386#0,2
280.0,182334378#0,10
280.0,186602412#0,4
280.0,196961215#2,2
280.0,196961377#0,27
280.0,232003903#0,1
280.0,238526531#0,11
280.0,244450512#1,2
280.0,260881642#0,4
280.0,263217603#0,1
280.0,263217604#0,2
280.0,288135626#0,8
280.0,300077497#0,7
280.0,300077497#6,5
280.0,30620492#0,18
280.0,30620492#1,5
280.0,360843888,2
280.0,484988951#0,5
280.0,48794887#0,2
280.0,49073226#2,10
280.0,49073272#4,3
280.0,506322842#0,12
280.0,506322844#0,2
280.0,506322846#0,4
280.0,506322846#2,3
280.0,506322848#0,3
280.0,506322851#0,1
280.0,506322853#0,14
280.0,51362429#0,17
280.0,51362430,2
280.0,593844221#0,1
280.0,593847702#0,3
280.0,593847703#0,3
280.0,593849711#2,12
280.0,593849718#0,3
280.0,594658757#0,1
280.0,594658760#0,1
280.0,594658762#0,23
280.0,668037874,3
280.0,:2444664370_0,1
280.0,:3086736518_0,1
280.0,:3086736518_7,1
280.0,:3208478121_0,1
280.0,:655375232_8,1
280.0,:655375233_4,3
280.0,:655375239_5,1
280.0,:cluster11510670762_4554226152_0,2
280.0,:cluster622618015_622618108_622618112_622618144_#2more_31,5
280.0,:cluster655375336_end_0_655375336_end_1_655375336_end_10_655375336_end_11_#8more_12,1
280.0,:cluster655375336_end_0_655375336_end_1_655375336_end_10_655375336_end_11_#8more_40,1
280.0,:cluster_2038168688_655375573_17,2
280.0,:cluster_2528018119_655375236_12,1
280.0,:cluster_2528018119_655375236_25,1
280.0,:cluster_2528018119_655375236_29,1
280.0,:cluster_2528018119_655375236_33,1
280.0,:cluster_2528018119_655375236_9,1
280.0,:cluster_9383263990_9383263991_9383263992_9383263993_7,1
280.0,E0,2
300.0,-1334905223#2,1
300.0,-300077497#5,14
300.0,-300077497#8,1
300.0,-35274074#2,12
300.0,-51362429#1,9
300.0,-51362430,19
300.0,-593847703#3,14
300.0,-594658757#2,12
300.0,-E0,19
300.0,1068234498#0,27
300.0,1068234499#0,4
300.0,1068440001,10
300.0,1068440004#1,31
300.0,1068440006#0,6
300.0,1334904386#0,4
300.0,182334378#0,14
300.0,196961215#2,2
300.0,196961377#0,27
300.0,232003903#0,2
300.0,238526531#0,9
300.0,244450512#1,3
300.0,260881642#0,3
300.0,263217603#0,1
300.0,263217604#0,2
300.0,288135626#0,1
300.0,300077497#0,15
300.0,300077497#6,5
300.0,303647015#0,1
300.0,30620492#0,18
300.0,30620492#1,5
300.0,360843888,2
300.0,484988951#0,5
300.0,48794887#0,1
300.0,49073226#2,11
300.0,49073272#4,2
300.0,506322842#0,13
300.0,506322844#0,3
300.0,506322846#0,1
300.0,506322846#2,3
300.0,506322851#0,2
300.0,506322853#0,14
300.0,51362429#0,17
300.0,51362430,2
300.0,593844221#0,1
300.0,593847703#0,3
300.0,593847704#0,1
300.0,593849711#2,15
300.0,594658757#0,1
300.0,594658760#0,1
300.0,594658762#0,30
300.0,668037874,4
300.0,:1973482489_4,1
300.0,:2444664370_0,1
300.0,:3086736518_0,1
300.0,:655375233_8,2
300.0,:655375241_0,1
300.0,:cluster11510670762_4554226152_0,2
300.0,:cluster3086736522_655375108_655375247_655375401_#1more_11,1
300.0,:cluster622618015_622618108_622618112_622618144_#2more_39,1
300.0,:cluster655375336_end_0_655375336_end_1_655375336_end_10_655375336_end_11_#8more_34,1
300.0,:cluster_2528018119_655375236_12,1
300.0,:cluster_2528018119_655375236_29,1
300.0,:cluster_3431431575_4777363357_655375231_6982059025_3,1
300.0,:cluster_5372642442_631668976_631668981_631669076_33,2
300.0,:cluster_5372642442_631668976_631668981_631669076_36,1
300.0,:cluster_5372642442_631668976_631668981_631669076_47,2
300.0,E0,2
320.0,-300077497#5,14
320.0,-35274074#2,12
320.0,-360018417,5
320.0,-51362429#1,9
320.0,-51362430,19
320.0,-593847703#3,14
320.0,-594658757#2,2
320.0,-E0,19
320.0,1068234498#0,28
320.0,1068234499#0,6
320.0,1068440001,10
320.0,1068440004#1,23
320.0,1068440006#0,6
320.0,1334904386#0,4
320.0,182334378#0,12
320.0,196961215#2,2
320.0,196961377#0,20
320.0,238526531#0,9
320.0,244450512#1,3
320.0,244450512#4,1
320.0,244450512#5,1
320.0,263217604#0,2
320.0,288135626#0,1
320.0,300077497#0,16
320.0,303647015#0,8
320.0,30620492#0,18
320.0,30620492#1,4
320.0,35274074#0,2
320.0,360018417,1
320.0,484988951#0,5
320.0,49073226#2,11
320.0,49073272#4,2
320.0,506322842#0,11
320.0,506322844#0,7
320.0,506322846#0,1
320.0,506322846#2,3
320.0,506322851#0,1
320.0,506322851#2,1
320.0,506322853#0,17
320.0,51362429#0,17
320.0,51362430,4
320.0,593844216#0,1
320.0,593844221#0,1
320.0,593847702#0,11
320.0,593849711#2,15
320.0,594658757#0,1
320.0,594658760#0,1
320.0,594658762#0,30
320.0,668037874,4
320.0,:1973482489_4,1
320.0,:3086736518_0,1
320.0,:655375238_0,1
320.0,:cluster11510670762_4554226152_0,2
320.0,:cluster3086736522_655375108_655375247_655375401_#1more_11,2
320.0,:cluster655375228_655375240_0,1
320.0,:cluster655375228_655375240_13,1
320.0,:cluster655375336_end_0_655375336_end_1_655375336_end_10_655375336_end_11_#8more_10,1
320.0,:cluster655375336_end_0_655375336_end_1_655375336_end_10_655375336_end_11_#8more_12,1
320.0,:cluster655375336_end_0_655375336_end_1_655375336_end_10_655375336_end_11_#8more_40,1
320.0,:cluster_2528018119_655375236_19,1
320.0,:cluster_2528018119_655375236_3,1
320.0,:cluster_3208478133_655375293_655375296_9631728504_#1more_10,1
320.0,:cluster_3431431575_4777363357_655375231_6982059025_3,1
340.0,-300077497#5,9
340.0,-35274074#2,12
340.0,-360018417,5
340.0,-51362429#1,8
340.0,-51362430,19
340.0,-593847703#3,19
340.0,-594658757#2,6
340.0,-E0,19
340.0,1068234498#0,25
340.0,1068234499#0,10
340.0,1068440001,10
340.0,1068440004#1,31
340.0,1068440006#0,6
340.0,1334904386#0,8
340.0,1334905223#0,2
340.0,182334378#0,10
340.0,186602412#0,1
340.0,196961377#0,22
340.0,196961377#3,1
340.0,238526531#0,13
340.0,244450512#1,3
340.0,244450512#4,1
340.0,244450512#5,2
340.0,288135626#0,2
340.0,288878926#0,5
340.0,300077497#0,10
340.0,300077497#6,5
340.0,303647015#0,1
340.0,30620492#0,17
340.0,30620492#1,5
340.0,484988951#0,5
340.0,49073226#2,6
340.0,506322840#0,2
340.0,506322842#0,11
340.0,506322844#0,7
340.0,506322846#0,1
340.0,506322846#2,4
340.0,506322853#0,19
340.0,51362429#0,17
340.0,51362430,5
340.0,593844216#0,1
340.0,593844221#0,1
340.0,593847702#0,11
340.0,593849711#2,15
340.0,594658757#0,1
340.0,594658760#0,2
340.0,594658762#0,22
340.0,668037874,3
340.0,:3086736518_0,1
340.0,:cluster11510670762_4554226152_0,2
340.0,:cluster619136880_619136881_cluster_4510442270_5296993511_5296993513_619136931_#1more_12,1
340.0,:cluster619136880_619136881_cluster_4510442270_5296993511_5296993513_619136931_#1more_8,1
340.0,:cluster622618015_622618108_622618112_622618144_#2more_0,1
340.0,:cluster622618015_622618108_622618112_622618144_#2more_45,1
340.0,:cluster655375228_655375240_0,1
340.0,:cluster655375228_655375240_2,1
340.0,:cluster655375336_end_0_655375336_end_1_655375336_end_10_655375336_end_11_#8more_12,1
340.0,:cluster655375336_end_0_655375336_end_1_655375336_end_10_655375336_end_11_#8more_40,2
340.0,:cluster_3431431575_4777363357_655375231_6982059025_3,1
340.0,:cluster_5372642442_631668976_631668981_631669076_45,2
340.0,:cluster_623980147_623980152_4,1
360.0,-300077497#5,10
360.0,-35274074#2,12
360.0,-360018417,5
360.0,-51362429#1,2
360.0,-51362430,19
360.0,-593847703#3,19
360.0,-594658757#2,11
360.0,-E0,19
360.0,1068234498#0,21
360.0,1068234499#0,12
360.0,1068440001,10
360.0,1068440004#1,33
360.0,1068440006#0,6
360.0,1334904386#0,13
360.0,1334905223#0,2
360.0,182334378#0,8
360.0,196961377#0,26
360.0,238526531#0,20
360.0,244450512#1,3
360.0,244450512#5,3
360.0,288135626#0,1
360.0,288878926#0,9
360.0,300077497#0,10
360.0,300077497#6,5
360.0,30620492#0,18
360.0,30620492#1,5
360.0,484988951#0,3
360.0,49073226#2,4
360.0,506322842#0,11
360.0,506322844#0,7
360.0,506322846#2,9
360.0,506322853#0,19
360.0,51362429#0,9
360.0,51362430,5
360.0,593844216#0,1
360.0,593844221#0,1
360.0,593847702#0,11
360.0,593847703#0,8
360.0,593849711#2,15
360.0,593849718#0,1
360.0,594658757#0,1
360.0,594658760#0,2
360.0,594658762#0,15
360.0,668037874,4
360.0,:3086736518_0,1
360.0,:655375233_0,1
360.0,:cluster11510670762_4554226152_0,2
360.0,:cluster655375228_655375240_0,1
360.0,:cluster655375336_end_0_655375336_end_1_655375336_end_10_655375336_end_11_#8more_12,1
360.0,:cluster655375336_end_0_655375336_end_1_655375336_end_10_655375336_end_11_#8more_41,1
360.0,:cluster_3431431575_4777363357_655375231_6982059025_3,2
360.0,:cluster_3431431575_4777363357_655375231_6982059025_5,1
360.0,:cluster_3431431575_4777363357_655375231_6982059025_7,1
360.0,:cluster_5372642442_631668976_631668981_631669076_45,2
360.0,:cluster_623980147_623980152_4,1
380.0,-1334905223#2,1
380.0,-300077497#5,14
380.0,-35274074#2,12
380.0,-51362429#1,3
380.0,-51362430,19
380.0,-593847703#3,17
380.0,-594658757#2,13
380.0,-E0,19
380.0,1068234498#0,27
380.0,1068234499#0,6
380.0,1068440001,10
380.0,1068440004#1,34
380.0,1068440006#0,5
380.0,1239087514,1
380.0,1334904386#0,2
380.0,182334378#0,15
380.0,196961377#0,28
380.0,238526531#0,15
380.0,244450512#1,3
380.0,244450512#5,3
380.0,263217604#0,5
380.0,288878926#0,13
380.0,300077497#0,16
380.0,300077497#6,5
380.0,303647015#0,13
380.0,30620492#0,18
380.0,30620492#1,5
380.0,484988951#0,4
380.0,49073226#2,10
380.0,49073272#4,4
380.0,506322840#0,2
380.0,506322842#0,10
380.0,506322844#0,2
380.0,506322846#2,2
380.0,506322848#0,1
380.0,506322851#0,1
380.0,506322851#2,1
380.0,506322853#0,19
380.0,51362429#0,13
380.0,593844216#0,1
380.0,593844221#0,1
380.0,593847703#0,8
380.0,593849711#2,11
380.0,593849718#0,6
380.0,594658757#0,1
380.0,594658760#0,1
380.0,594658762#0,15
380.0,668037874,4
380.0,:3086736518_0,1
380.0,:655375233_4,2
380.0,:655375239_5,1
380.0,:655375241_0,2
380.0,:cluster11510670762_4554226152_0,2
380.0,:cluster_2528018119_655375236_12,1
380.0,:cluster_2528018119_655375236_29,1
380.0,:cluster_5372642442_631668976_631668981_631669076_36,1
380.0,:cluster_9383263990_9383263991_9383263992_9383263993_7,1
400.0,-300077497#5,16
400.0,-35274074#2,12
400.0,-360018417,2
400.0,-51362429#1,7
400.0,-51362430,19
400.0,-593847703#3,13
400.0,-594658757#2,9
400.0,-E0,19
400.0,1068234498#0,33
400.0,1068234499#0,6
400.0,1068440001,10
400.0,1068440004#1,34
400.0,1068440006#0,2
400.0,1239087514,1
400.0,1334904386#0,1
400.0,182334378#0,16
400.0,196961377#0,23
400.0,196961377#3,1
400.0,232003903#0,1
400.0,238526531#0,15
400.0,244450512#1,3
400.0,244450512#5,3
400.0,263217604#0,6
400.0,288878926#0,13
400.0,300077497#0,17
400.0,300077497#6,2
400.0,303647015#0,4
400.0,30620492#0,18
400.0,30620492#1,5
400.0,484988951#0,3
400.0,49073226#2,12
400.0,49073272#4,1
400.0,506322842#0,10
400.0,506322844#0,7
400.0,506322846#2,2
400.0,506322851#2,2
400.0,506322853#0,19
400.0,51362429#0,15
400.0,593842812#2,1
400.0,593844221#0,1
400.0,593847702#0,1
400.0,593847703#0,8
400.0,593847704#0,1
400.0,593849711#2,15
400.0,594658757#0,1
400.0,594658760#0,1
400.0,594658762#0,15
400.0,668037874,4
400.0,:3086736518_0,1
400.0,:619136999_2,1
400.0,:655375238_0,1
400.0,:655375239_3,1
400.0,:cluster11510670762_4554226152_0,2
400.0,:cluster3086736522_655375108_655375247_655375401_#1more_11,2
400.0,:cluster655375336_end_0_655375336_end_1_655375336_end_10_655375336_end_11_#8more_31,1
420.0,-300077497#5,11
420.0,-35274074#2,12
420.0,-360018417,5
420.0,-51362429#1,7
420.0,-51362430,19
420.0,-593847703#3,18
420.0,-594658757#2,4
420.0,-E0,19
420.0,1068234498#0,29
420.0,1068234499#0,6
420.0,1068440001,10
420.0,1068440004#1,22
420.0,1068440006#0,2
420.0,1334904386#0,1
420.0,1334905223#0,1
420.0,182334378#0,19
420.0,196961377#0,20
420.0,232003903#0,2
420.0,238526531#0,16
420.0,244450512#1,2
420.0,260881642#0,2
420.0,263217603#0,1
420.0,263217604#0,1
420.0,288135626#0,3
420.0,288878926#0,11
420.0,300077497#0,15
420.0,303647015#0,6
420.0,30620492#0,18
420.0,30620492#1,5
420.0,35274074#0,3
420.0,360843888,2
420.0,484988951#0,5
420.0,49073226#2,12
420.0,506322840#0,1
420.0,506322842#0,10
420.0,506322844#0,7
420.0,506322846#2,3
420.0,506322851#2,2
420.0,506322853#0,19
420.0,51362429#0,16
420.0,51362430,3
420.0,593842812#2,1
420.0,593844221#0,1
420.0,593847702#0,13
420.0,593847704#0,1
420.0,593849711#2,15
420.0,594658757#0,1
420.0,594658760#0,2
420.0,594658762#0,8
420.0,668037874,4
420.0,:3086736518_0,1
420.0,:655375238_0,1
420.0,:cluster11510670762_4554226152_0,2
420.0,:cluster3086736522_655375108_655375247_655375401_#1more_17,1
420.0,:cluster622618015_622618108_622618112_622618144_#2more_2,1
420.0,:cluster622618015_622618108_622618112_622618144_#2more_26,1
420.0,:cluster655375228_655375240_0,1
420.0,:cluster655375228_655375240_2,1
420.0,:cluster_2528018119_655375236_3,1
420.0,:cluster_2664674491_655375287_655375288_5,1
420.0,:cluster_5372642442_631668976_631668981_631669076_26,1
420.0,:cluster_5372642442_631668976_631668981_631669076_45,2
420.0,:cluster_9383263990_9383263991_9383263992_9383263993_0,1
440.0,-300077497#5,11
440.0,-35274074#2,12
440.0,-360018417,5
440.0,-51362429#1,7
440.0,-51362430,19
440.0,-593847703#3,18
440.0,-594658757#2,4
440.0,-E0,19
440.0,1068234498#0,23
440.0,1068234499#0,9
440.0,1068440001,8
440.0,1068440004#1,29
440.0,1068440006#0,2
440.0,1334904386#0,1
440.0,1334905223#0,1
440.0,182334378#0,22
440.0,196961377#0,26
440.0,232003903#0,2
440.0,238526531#0,23
440.0,244450512#1,2
440.0,260881642#0,3
440.0,288135626#0,2
440.0,288878926#0,5
440.0,300077497#0,12
440.0,300077497#6,5
440.0,30620492#0,18
440.0,30620492#1,5
440.0,360843888,4
440.0,484988951#0,5
440.0,49073226#2,12
440.0,506322842#0,10
440.0,506322844#0,7
440.0,506322846#0,2
440.0,506322846#2,2
440.0,506322851#2,2
440.0,506322853#0,19
440.0,51362429#0,17
440.0,51362430,2
440.0,593842812#2,1
440.0,593844221#0,1
440.0,593847702#0,13
440.0,593847704#0,1
440.0,593849711#2,15
440.0,594658757#0,1
440.0,594658760#0,2
440.0,668037874,4
440.0,:1973482489_8,1
440.0,:3086736518_0,1
440.0,:cluster11510670762_4554226152_0,2
440.0,:cluster622618015_622618108_622618112_622618144_#2more_49,1
440.0,:cluster655375228_655375240_13,1
440.0,:cluster655375228_655375240_2,1
440.0,:cluster655375336_end_0_655375336_end_1_655375336_end_10_655375336_end_11_#8more_12,2
440.0,:cluster655375336_end_0_655375336_end_1_655375336_end_10_655375336_end_11_#8more_25,1
440.0,:cluster_2664674491_655375287_655375288_5,1
440.0,:cluster_3208478133_655375293_655375296_9631728504_#1more_8,1
440.0,:cluster_5372642442_631668976_631668981_631669076_26,1
440.0,:cluster_5372642442_631668976_631668981_631669076_45,2
460.0,-300077497#5,12
460.0,-300077497#8,1
460.0,-35274074#2,12
460.0,-360018417,1
460.0,-51362429#1,7
460.0,-51362430,19
460.0,-593847703#3,18
460.0,-594658757#2,10
460.0,-E0,19
460.0,1068234498#0,22
460.0,1068234499#0,8
460.0,1068440001,8
460.0,1068440004#1,33
460.0,1068440006#0,2
460.0,1334904386#0,2
460.0,182334378#0,14
460.0,196961377#0,27
460.0,232003903#0,2
460.0,238526531#0,23
460.0,244450512#1,3
460.0,260881642#0,4
460.0,263217604#0,3
460.0,288878926#0,5
460.0,300077497#0,15
460.0,300077497#6,5
460.0,303647015#0,1
460.0,30620492#0,18
460.0,30620492#1,5
460.0,360843888,4
460.0,484988951#0,3
460.0,49073226#2,12
460.0,49073272#4,3
460.0,506322842#0,10
460.0,506322844#0,2
460.0,506322846#2,2
460.0,506322848#0,3
460.0,506322851#2,2
460.0,506322853#0,19
460.0,51362429#0,10
460.0,51362430,2
460.0,593842812#2,1
460.0,593844221#0,1
460.0,593847702#0,5
460.0,593847703#0,5
460.0,593847704#0,1
460.0,593849711#2,15
460.0,593849718#0,3
460.0,594658757#0,1
460.0,594658760#0,2
460.0,668037874,4
460.0,:3086736518_0,1
460.0,:3208478121_0,1
460.0,:655375232_2,1
460.0,:655375233_0,1
460.0,:655375239_5,1
460.0,:cluster11510670762_4554226152_0,2
460.0,:cluster622618015_622618108_622618112_622618144_#2more_31,5
460.0,:cluster655375336_end_0_655375336_end_1_655375336_end_10_655375336_end_11_#8more_12,1
460.0,:cluster655375336_end_0_655375336_end_1_655375336_end_10_655375336_end_11_#8more_40,1
460.0,:cluster_2038168688_655375573_9,1
460.0,:cluster_2528018119_655375236_12,1
460.0,:cluster_2528018119_655375236_29,1
460.0,:cluster_3208478133_655375293_655375296_9631728504_#1more_8,1
460.0,:cluster_3431431575_4777363357_655375231_6982059025_5,1
480.0,-1334905223#2,2
480.0,-300077497#5,18
480.0,-35274074#2,12
480.0,-49073264#1,1
480.0,-51362429#1,9
480.0,-51362430,17
480.0,-593847703#3,18
480.0,-594658757#2,13
480.0,-E0,19
480.0,1068234498#0,24
480.0,1068234499#0,6
480.0,1068440001,9
480.0,1068440004#1,33
480.0,1068440006#0,2
480.0,1334904386#0,4
480.0,182334378#0,10
480.0,196961377#0,27
480.0,232003903#0,2
480.0,238526531#0,22
480.0,244450512#1,3
480.0,260881642#0,3
480.0,263217604#0,4
480.0,288878926#0,5
480.0,300077497#0,19
480.0,300077497#6,5
480.0,303647015#0,2
480.0,30620492#0,18
480.0,30620492#1,5
480.0,360843888,4
480.0,484988951#0,4
480.0,49073226#2,13
480.0,506322842#0,10
480.0,506322844#0,3
480.0,506322846#2,3
480.0,506322851#2,2
480.0,506322853#0,19
480.0,51362429#0,13
480.0,593842812#2,1
480.0,593844221#0,1
480.0,593847703#0,6
480.0,593847705,1
480.0,593849711#2,13
480.0,594658757#0,1
480.0,594658760#0,2
480.0,668037874,4
480.0,:655375238_5,1
480.0,:655375241_0,2
480.0,:cluster11510670762_4554226152_0,2
480.0,:cluster3086736522_655375108_655375247_655375401_#1more_11,1
480.0,:cluster622618015_622618108_622618112_622618144_#2more_37,1
480.0,:cluster655375336_end_0_655375336_end_1_655375336_end_10_655375336_end_11_#8more_12,2
480.0,:cluster655375336_end_0_655375336_end_1_655375336_end_10_655375336_end_11_#8more_40,1
480.0,:cluster_3208478133_655375293_655375296_9631728504_#1more_8,1
500.0,-300077497#5,19
500.0,-35274074#2,12
500.0,-360018417,5
500.0,-51362429#1,9
500.0,-51362430,19
500.0,-593847703#3,17
500.0,-594658757#2,5
500.0,-E0,19
500.0,1068234498#0,30
500.0,1068234499#0,6
500.0,1068440001,9
500.0,1068440004#1,34
500.0,1239087514,2
500.0,1334904386#0,5
500.0,182334378#0,16
500.0,196961377#0,20
500.0,238526531#0,21
500.0,244450512#1,3
500.0,244450512#4,3
500.0,244450512#5,1
500.0,263217604#0,4
500.0,288878926#0,5
500.0,300077497#0,15
500.0,303647015#0,7
500.0,30620492#0,18
500.0,30620492#1,5
500.0,35274074#0,2
500.0,360018417,1
500.0,484988951#0,4
500.0,49073226#2,13
500.0,49073272#4,2
500.0,506322842#0,10
500.0,506322844#0,6
500.0,506322846#2,3
500.0,506322851#2,2
500.0,506322853#0,19
500.0,51362429#0,13
500.0,51362430,1
500.0,593842812#2,1
500.0,593844221#0,1
500.0,593847703#0,2
500.0,593847704#0,1
500.0,593847705,1
500.0,593849711#2,15
500.0,594658757#0,1
500.0,594658760#0,1
500.0,668037874,4
500.0,:655375239_3,1
500.0,:655375244_1,1
500.0,:cluster11510670762_4554226152_0,2
500.0,:cluster3086736522_655375108_655375247_655375401_#1more_11,2
500.0,:cluster_2528018119_655375236_3,2
500.0,:cluster_3208478133_655375293_655375296_9631728504_#1more_8,1
520.0,-300077497#5,18
520.0,-35274074#2,12
520.0,-360018417,5
520.0,-51362429#1,9
520.0,-51362430,19
520.0,-593847703#3,18
520.0,-593847704#2,3
520.0,-594658757#2,6
520.0,-E0,20
520.0,1068234498#0,26
520.0,1068234499#0,8
520.0,1068440001,9
520.0,1068440004#1,22
520.0,1334904386#0,7
520.0,182334378#0,10
520.0,196961377#0,21
520.0,196961377#3,1
520.0,238526531#0,26
520.0,244450512#1,3
520.0,244450512#4,2
520.0,244450512#5,3
520.0,300077497#0,10
520.0,300077497#6,1
520.0,303647015#0,1
520.0,30620492#0,18
520.0,30620492#1,5
520.0,35274074#0,2
520.0,484988951#0,5
520.0,49073226#2,13
520.0,49695736#0,1
520.0,506322842#0,9
520.0,506322844#0,6
520.0,506322846#0,4
520.0,506322846#2,2
520.0,506322851#2,2
520.0,506322853#0,19
520.0,51362429#0,13
520.0,51362430,3
520.0,593847702#0,10
520.0,593847704#0,1
520.0,593847705,1
520.0,593849711#2,17
520.0,594658757#0,2
520.0,594658760#0,2
520.0,668037874,3
520.0,:1973482489_8,1
520.0,:3208478128_0,1
520.0,:655375233_8,2
520.0,:655375238_0,1
520.0,:cluster11510670762_4554226152_0,2
520.0,:cluster619136880_619136881_cluster_4510442270_5296993511_5296993513_619136931_#1more_12,2
520.0,:cluster619136880_619136881_cluster_4510442270_5296993511_5296993513_619136931_#1more_8,1
520.0,:cluster655375336_end_0_655375336_end_1_655375336_end_10_655375336_end_11_#8more_10,1
520.0,:cluster655375336_end_0_655375336_end_1_655375336_end_10_655375336_end_11_#8more_12,2
520.0,:cluster655375336_end_0_655375336_end_1_655375336_end_10_655375336_end_11_#8more_25,1
520.0,:cluster_2038168688_655375573_23,1
520.0,:cluster_2038168688_655375573_3,1
520.0,:cluster_5372642442_631668976_631668981_631669076_26,1
540.0,-300077497#5,18
540.0,-35274074#2,11
540.0,-360018417,5
540.0,-51362429#1,9
540.0,-51362430,19
540.0,-593847703#3,18
540.0,-594658757#2,10
540.0,-E0,20
540.0,1068234498#0,28
540.0,1068234499#0,8
540.0,1068440001,9
540.0,1068440004#1,27
540.0,1334904386#0,11
540.0,182334378#0,4
540.0,186602412#0,4
540.0,196961377#0,26
540.0,238526531#0,27
540.0,244450512#1,3
540.0,244450512#4,2
540.0,244450512#5,3
540.0,300077497#0,8
540.0,300077497#6,5
540.0,30620492#0,18
540.0,30620492#1,5
540.0,484988951#0,5
540.0,49073226#2,13
540.0,49695736#0,2
540.0,506322842#0,9
540.0,506322844#0,6
540.0,506322846#0,2
540.0,506322846#2,3
540.0,506322851#2,2
540.0,506322853#0,19
540.0,51362429#0,13
540.0,51362430,3
540.0,593847702#0,12
540.0,593847704#0,2
540.0,593847705,1
540.0,593849711#2,17
540.0,594658757#0,2
540.0,594658760#0,2
540.0,668037874,4
540.0,:3208478128_0,1
540.0,:cluster11510670762_4554226152_0,2
540.0,:cluster655375336_end_0_655375336_end_1_655375336_end_10_655375336_end_11_#8more_40,1
560.0,-1334905223#2,1
560.0,-300077497#5,24
560.0,-35274074#2,12
560.0,-51362429#1,9
560.0,-51362430,19
560.0,-593847703#3,18
560.0,-594658757#2,13
560.0,-E0,20
560.0,1068234498#0,32
560.0,1068234499#0,6
560.0,1068440001,9
560.0,1068440004#1,29
560.0,1334904386#0,2
560.0,186602412#0,1
560.0,196961377#0,27
560.0,238526531#0,24
560.0,244450512#1,3
560.0,244450512#4,2
560.0,244450512#5,3
560.0,263217604#0,2
560.0,300077497#0,12
560.0,300077497#6,5
560.0,303647015#0,11
560.0,30620492#0,18
560.0,30620492#1,5
560.0,484988951#0,5
560.0,49073226#2,12
560.0,49073272#4,4
560.0,506322842#0,8
560.0,506322844#0,2
560.0,506322846#2,2
560.0,506322851#2,2
560.0,506322853#0,19
560.0,51362429#0,6
560.0,51362430,3
560.0,593847703#0,3
560.0,593847704#0,2
560.0,593849711#2,17
560.0,593849718#0,6
560.0,594658757#0,1
560.0,594658760#0,2
560.0,668037874,4
560.0,:3086736518_0,1
560.0,:3208478128_0,1
560.0,:655375232_2,2
560.0,:655375233_0,1
560.0,:655375239_5,1
560.0,:655375241_0,1
560.0,:cluster11510670762_4554226152_0,2
560.0,:cluster_2038168688_655375573_30,1
560.0,:cluster_623980147_623980152_9,1
580.0,-300077497#5,27
580.0,-35274074#2,12
580.0,-360018417,2
580.0,-51362429#1,8
580.0,-51362430,19
580.0,-593847703#3,18
580.0,-594658757#2,7
580.0,-E0,20
580.0,1068234498#0,33
580.0,1068234499#0,6
580.0,1068440001,9
580.0,1068440004#1,30
580.0,1068440006#0,2
580.0,1334904386#0,1
580.0,196961377#0,23
580.0,238526531#0,24
580.0,244450512#1,3
580.0,244450512#4,2
580.0,244450512#5,3
580.0,263217604#0,2
580.0,288878926#0,7
580.0,300077497#0,10
580.0,300077497#6,2
580.0,303647015#0,5
580.0,30620492#0,18
580.0,30620492#1,5
580.0,484988951#0,5
580.0,49073226#2,5
580.0,49073272#3,1
580.0,49073272#4,1
580.0,506322842#0,8
580.0,506322844#0,5
580.0,506322846#2,2
580.0,506322851#2,2
580.0,506322853#0,19
580.0,51362429#0,4
580.0,51362430,3
580.0,593847703#0,6
580.0,593847705,1
580.0,593849711#2,15
580.0,593849718#0,1
580.0,594658757#0,1
580.0,594658760#0,1
580.0,668037874,4
580.0,:3208478128_0,1
580.0,:619136999_2,1
580.0,:655375238_0,1
580.0,:655375239_3,1
580.0,:cluster11510670762_4554226152_0,2
580.0,:cluster3086736522_655375108_655375247_655375401_#1more_11,2
580.0,:cluster_2038168688_655375573_30,1
580.0,:cluster_3431431575_4777363357_655375231_6982059025_3,1
580.0,:cluster_623980147_623980152_4,1
600.0,-300077497#5,27
600.0,-35274074#2,12
600.0,-360018417,5
600.0,-51362429#1,2
600.0,-51362430,18
600.0,-593847703#3,13
600.0,-594658757#2,2
600.0,-E0,20
600.0,1068234498#0,33
600.0,1068234499#0,6
600.0,1068440001,7
600.0,1068440004#1,30
600.0,1334904386#0,1
600.0,196961377#0,20
600.0,232003903#0,2
600.0,238526531#0,25
600.0,244450512#1,3
600.0,244450512#5,2
600.0,260881642#0,4
600.0,288135626#0,3
600.0,288878926#0,11
600.0,300077497#0,7
600.0,303647015#0,5
600.0,30620492#0,18
600.0,30620492#1,5
600.0,35274074#0,3
600.0,360018417,1
600.0,360843888,1
600.0,484988951#0,3
600.0,49073226#2,6
600.0,49695736#0,1
600.0,506322842#0,8
600.0,506322844#0,5
600.0,506322846#0,1
600.0,506322846#2,3
600.0,506322851#2,2
600.0,506322853#0,18
600.0,51362429#0,7
600.0,51362430,1
600.0,593844221#0,1
600.0,593847702#0,1
600.0,593847704#0,1
600.0,593847705,1
600.0,593849711#0,2
600.0,593849711#2,15
600.0,594658757#0,1
600.0,668037874,4
600.0,:655375232_8,1
600.0,:655375233_4,1
600.0,:655375238_1,1
600.0,:656132414_3,1
600.0,:cluster11510670762_4554226152_0,1
600.0,:cluster3086736522_655375108_655375247_655375401_#1more_17,1
600.0,:cluster622618015_622618108_622618112_622618144_#2more_45,1
600.0,:cluster_2038168688_655375573_23,1
600.0,:cluster_2038168688_655375573_3,1
600.0,:cluster_2038168688_655375573_30,1
600.0,:cluster_2038168688_655375573_6,1
600.0,:cluster_3208478133_655375293_655375296_9631728504_#1more_16,2
600.0,:cluster_3208478133_655375293_655375296_9631728504_#1more_8,3
600.0,:cluster_3431431575_4777363357_655375231_6982059025_3,3
600.0,:cluster_3431431575_4777363357_655375231_6982059025_5,1
600.0,:cluster_5372642442_631668976_631668981_631669076_22,1
600.0,:cluster_5372642442_631668976_631668981_631669076_26,1
620.0,-300077497#5,21
620.0,-35274074#2,11
620.0,-360018417,5
620.0,-51362429#1,3
620.0,-51362430,17
620.0,-593847703#3,16
620.0,-594658757#2,2
620.0,-E0,20
620.0,1068234498#0,34
620.0,1068234499#0,11
620.0,1068440001,7
620.0,1068440004#1,20
620.0,1334904386#0,1
620.0,186602412#0,3
620.0,196961377#0,25
620.0,232003903#0,2
620.0,238526531#0,27
620.0,244450512#1,2
620.0,244450512#5,2
620.0,260881642#0,4
620.0,288878926#0,8
620.0,300077497#6,2
620.0,30620492#0,18
620.0,30620492#1,5
620.0,35274074#0,3
620.0,360843888,2
620.0,484988951#0,2
620.0,49073226#2,7
620.0,49695736#0,1
620.0,506322842#0,8
620.0,506322844#0,5
620.0,506322846#0,3
620.0,506322846#2,2
620.0,506322851#2,2
620.0,506322853#0,18
620.0,51362429#0,13
620.0,593844221#0,1
620.0,593847702#0,7
620.0,593847704#0,1
620.0,593847705,1
620.0,593849711#2,15
620.0,594658757#0,1
620.0,668037874,1
620.0,:655375233_8,4
620.0,:655375238_3,1
620.0,:cluster11510670762_4554226152_0,1
620.0,:cluster622618015_622618108_622618112_622618144_#2more_49,1
620.0,:cluster_2038168688_655375573_23,1
620.0,:cluster_2038168688_655375573_3,1
620.0,:cluster_2038168688_655375573_30,1
620.0,:cluster_2038168688_655375573_6,2
620.0,:cluster_2528018119_655375236_17,2
620.0,:cluster_2528018119_655375236_19,1
620.0,:cluster_3208478133_655375293_655375296_9631728504_#1more_16,2
620.0,:cluster_3208478133_655375293_655375296_9631728504_#1more_8,5
620.0,:cluster_3431431575_4777363357_655375231_6982059025_3,1
620.0,:cluster_3431431575_4777363357_655375231_6982059025_7,1
640.0,-300077497#5,21
640.0,-300077497#8,2
640.0,-35274074#2,12
640.0,-360018417,1
640.0,-51362429#1,3
640.0,-51362430,19
640.0,-593847703#3,21
640.0,-594658757#2,2
640.0,-E0,20
640.0,1068234498#0,35
640.0,1068234499#0,6
640.0,1068440001,6
640.0,1068440004#1,19
640.0,186602412#0,4
640.0,196961377#0,26
640.0,232003903#0,3
640.0,238526531#0,25
640.0,244450512#1,2
640.0,244450512#5,1
640.0,260881642#0,3
640.0,288878926#0,8
640.0,300077497#0,1
640.0,300077497#6,4
640.0,303647015#0,1
640.0,30620492#0,17
640.0,30620492#1,5
640.0,360843888,2
640.0,484988951#0,4
640.0,49073226#2,9
640.0,49073272#4,3
640.0,49695736#0,4
640.0,506322842#0,7
640.0,506322844#0,2
640.0,506322846#0,3
640.0,506322846#2,3
640.0,506322848#0,1
640.0,506322851#2,1
640.0,506322853#0,19
640.0,51362429#0,16
640.0,593847702#0,3
640.0,593847704#0,1
640.0,593847705,1
640.0,593849711#2,15
640.0,593849718#0,2
640.0,594658757#0,1
640.0,:3208478121_0,1
640.0,:655375238_5,2
640.0,:655375239_5,1
640.0,:cluster11510670762_4554226152_0,1
640.0,:cluster622618015_622618108_622618112_622618144_#2more_31,7
640.0,:cluster655375336_end_0_655375336_end_1_655375336_end_10_655375336_end_11_#8more_25,1
640.0,:cluster_2038168688_655375573_21,1
640.0,:cluster_2038168688_655375573_24,1
640.0,:cluster_2528018119_655375236_12,2
640.0,:cluster_2528018119_655375236_32,1
640.0,:cluster_2664674491_655375287_655375288_5,1
640.0,:cluster_3208478133_655375293_655375296_9631728504_#1more_16,3
640.0,:cluster_3208478133_655375293_655375296_9631728504_#1more_8,1
660.0,-300077497#5,27
660.0,-300077497#8,4
660.0,-35274074#2,12
660.0,-49073264#1,1
660.0,-51362429#1,3
660.0,-51362430,15
660.0,-593847703#3,21
660.0,-594658757#2,1
660.0,-E0,18
660.0,1068234498#0,36
660.0,1068234499#0,6
660.0,1068440001,4
660.0,1068440004#1,19
660.0,186602412#0,2
660.0,196961377#0,26
660.0,232003903#0,3
660.0,238526531#0,25
660.0,244450512#1,3
660.0,260881642#0,3
660.0,288878926#0,8
660.0,300077497#0,8
660.0,300077497#6,4
660.0,30620492#0,18
660.0,30620492#1,5
660.0,360843888,2
660.0,484988951#0,4
660.0,49073226#2,9
660.0,49073272#4,1
660.0,49695736#0,1
660.0,506322842#0,7
660.0,506322844#0,4
660.0,506322846#2,2
660.0,506322851#2,1
660.0,506322853#0,17
660.0,51362429#0,13
660.0,51362430,3
660.0,593847703#0,1
660.0,593847704#0,1
660.0,593847705,1
660.0,593849711#2,15
660.0,594658757#0,1
660.0,668037874,2
660.0,:3086736518_0,1
660.0,:3086736518_6,1
660.0,:655375232_2,3
660.0,:655375233_0,1
660.0,:656132414_2,1
660.0,:cluster11510670762_4554226152_0,2
660.0,:cluster3086736522_655375108_655375247_655375401_#1more_11,1
660.0,:cluster622618015_622618108_622618112_622618144_#2more_39,1
660.0,:cluster655375336_end_0_655375336_end_1_655375336_end_10_655375336_end_11_#8more_25,3
660.0,:cluster_2038168688_655375573_30,1
660.0,:cluster_2528018119_655375236_12,2
680.0,-300077497#5,27
680.0,-300077497#8,4
680.0,-35274074#2,12
680.0,-360018417,5
680.0,-51362429#1,4
680.0,-51362430,15
680.0,-593847703#3,22
680.0,-E0,19
680.0,1068234498#0,36
680.0,1068234499#0,6
680.0,1068440001,8
680.0,1068440004#1,19
680.0,182334378#0,1
680.0,196961377#0,20
680.0,196961377#3,1
680.0,238526531#0,25
680.0,244450512#1,3
680.0,244450512#4,1
680.0,288878926#0,8
680.0,300077497#0,6
680.0,303647015#0,2
680.0,30620492#0,18
680.0,30620492#1,5
680.0,35274074#0,3
680.0,484988951#0,3
680.0,49073226#2,9
680.0,49073272#4,2
680.0,49695736#0,3
680.0,506322842#0,7
680.0,506322844#0,5
680.0,506322846#2,2
680.0,506322853#0,16
680.0,51362429#0,12
680.0,51362430,2
680.0,593847703#0,2
680.0,593847704#0,1
680.0,593849711#2,14
680.0,:3086736518_0,1
680.0,:3208478128_0,1
680.0,:655375232_2,1
680.0,:655375238_6,1
680.0,:cluster11510670762_4554226152_0,2
680.0,:cluster619136880_619136881_cluster_4510442270_5296993511_5296993513_619136931_#1more_12,1
680.0,:cluster619136880_619136881_cluster_4510442270_5296993511_5296993513_619136931_#1more_8,1
680.0,:cluster655375336_end_0_655375336_end_1_655375336_end_10_655375336_end_11_#8more_21,1
680.0,:cluster_2038168688_655375573_23,1
680.0,:cluster_2038168688_655375573_30,1
680.0,:cluster_2528018119_655375236_3,1
680.0,:cluster_3431431575_4777363357_655375231_6982059025_7,2
680.0,:cluster_4374470814_4374470816_656132411_656132475_5,1
700.0,-300077497#5,27
700.0,-300077497#8,4
700.0,-35274074#2,12
700.0,-360018417,5
700.0,-51362429#1,7
700.0,-51362430,19
700.0,-593847703#3,18
700.0,-593847704#2,2
700.0,-E0,20
700.0,1068234498#0,35
700.0,1068234499#0,7
700.0,1068440001,8
700.0,1068440004#1,19
700.0,186602412#0,2
700.0,196961377#0,22
700.0,238526531#0,25
700.0,244450512#1,3
700.0,244450512#5,2
700.0,288878926#0,2
700.0,300077497#0,2
700.0,300077497#6,2
700.0,30620492#0,18
700.0,30620492#1,5
700.0,35274074#0,1
700.0,484988951#0,4
700.0,49073226#2,14
700.0,49695736#0,3
700.0,506322842#0,7
700.0,506322844#0,5
700.0,506322846#0,4
700.0,506322846#2,2
700.0,506322853#0,16
700.0,51362429#0,14
700.0,593844221#0,1
700.0,593847702#0,1
700.0,593847704#0,1
700.0,593849711#0,1
700.0,593849711#2,13
700.0,:3086736518_0,1
700.0,:3086736518_4,1
700.0,:655375232_2,1
700.0,:655375233_4,1
700.0,:cluster11510670762_4554226152_0,2
700.0,:cluster622618015_622618108_622618112_622618144_#2more_26,1
700.0,:cluster_2038168688_655375573_23,1
700.0,:cluster_2038168688_655375573_30,1
700.0,:cluster_2038168688_655375573_6,1
720.0,-300077497#5,27
720.0,-300077497#8,4
720.0,-35274074#2,10
720.0,-360018417,5
720.0,-51362429#1,9
720.0,-51362430,19
720.0,-593847703#3,18
720.0,-E0,20
720.0,1068234498#0,35
720.0,1068234499#0,7
720.0,1068440001,8
720.0,1068440004#1,13
720.0,186602412#0,4
720.0,196961377#0,22
720.0,238526531#0,25
720.0,244450512#1,3
720.0,244450512#5,2
720.0,300077497#6,4
720.0,30620492#0,18
720.0,30620492#1,5
720.0,484988951#0,3
720.0,49073226#2,14
720.0,49695736#0,3
720.0,506322842#0,7
720.0,506322844#0,5
720.0,506322846#0,3
720.0,506322846#2,2
720.0,506322853#0,16
720.0,51362429#0,15
720.0,593844221#0,1
720.0,593847702#0,3
720.0,593847704#0,2
720.0,593849711#2,19
720.0,:3086736518_0,1
720.0,:655375232_2,1
720.0,:655375233_8,4
720.0,:cluster11510670762_4554226152_0,2
720.0,:cluster_2038168688_655375573_30,1
720.0,:cluster_2038168688_655375573_6,1
720.0,:cluster_3431431575_4777363357_655375231_6982059025_5,1
740.0,-300077497#5,27
740.0,-300077497#8,4
740.0,-35274074#2,12
740.0,-51362429#1,9
740.0,-51362430,19
740.0,-593847703#3,19
740.0,-E0,20
740.0,1068234498#0,35
740.0,1068234499#0,3
740.0,1068440001,8
740.0,1068440004#1,9
740.0,186602412#0,4
740.0,196961377#0,22
740.0,238526531#0,24
740.0,244450512#1,3
740.0,244450512#5,2
740.0,300077497#0,5
740.0,300077497#6,4
740.0,30620492#0,18
740.0,30620492#1,5
740.0,484988951#0,4
740.0,49073226#2,14
740.0,49073272#4,4
740.0,506322842#0,6
740.0,506322844#0,5
740.0,506322853#0,16
740.0,51362429#0,17
740.0,593844221#0,1
740.0,593847702#0,2
740.0,593847704#0,2
740.0,593849711#2,19
740.0,593849718#0,2
740.0,:3086736518_0,1
740.0,:655375232_2,1
740.0,:cluster11510670762_4554226152_0,2
740.0,:cluster622618015_622618108_622618112_622618144_#2more_31,6
740.0,:cluster_2038168688_655375573_30,1
740.0,:cluster_2528018119_655375236_29,1
760.0,-300077497#5,27
760.0,-300077497#8,4
760.0,-35274074#2,12
760.0,-360018417,1
760.0,-51362429#1,9
760.0,-51362430,19
760.0,-593847703#3,19
760.0,-E0,19
760.0,1068234498#0,35
760.0,1068234499#0,3
760.0,1068440001,8
760.0,1068440004#1,9
760.0,196961377#0,17
760.0,196961377#3,4
760.0,238526531#0,24
760.0,244450512#1,3
760.0,244450512#5,2
760.0,300077497#6,2
760.0,30620492#0,18
760.0,30620492#1,5
760.0,35274074#0,3
760.0,484988951#0,4
760.0,49073226#2,14
760.0,49073264#0,1
760.0,49073272#3,1
760.0,49073272#4,1
760.0,506322842#0,6
760.0,506322844#0,5
760.0,506322853#0,11
760.0,51362429#0,15
760.0,593844221#0,1
760.0,593847702#0,1
760.0,593849711#2,19
760.0,668037874,1
760.0,:3086736518_0,1
760.0,:3086736518_6,1
760.0,:619136999_2,1
760.0,:655375232_2,2
760.0,:655375233_0,1
760.0,:655375238_0,1
760.0,:655375239_3,1
760.0,:cluster11510670762_4554226152_0,2
760.0,:cluster619136880_619136881_cluster_4510442270_5296993511_5296993513_619136931_#1more_12,1
760.0,:cluster619136880_619136881_cluster_4510442270_5296993511_5296993513_619136931_#1more_8,1
760.0,:cluster_2038168688_655375573_30,1
780.0,-300077497#5,27
780.0,-300077497#8,4
780.0,-35274074#2,12
780.0,-360018417,5
780.0,-49073264#1,1
780.0,-51362429#1,9
780.0,-51362430,19
780.0,-593847703#3,19
780.0,-E0,19
780.0,1068234498#0,34
780.0,1068234499#0,3
780.0,1068440001,8
780.0,1068440004#1,9
780.0,196961377#0,18
780.0,196961377#3,2
780.0,238526531#0,25
780.0,244450512#1,2
780.0,260881642#0,3
780.0,300077497#0,2
780.0,30620492#0,18
780.0,30620492#1,5
780.0,360018417,1
780.0,484988951#0,3
780.0,49073226#2,14
780.0,506322842#0,6
780.0,506322844#0,5
780.0,506322846#0,2
780.0,506322853#0,10
780.0,51362429#0,11
780.0,51362430,2
780.0,593844221#0,1
780.0,593847702#0,1
780.0,593847703#0,6
780.0,593849711#2,19
780.0,:3086736518_0,2
780.0,:3086736518_6,1
780.0,:cluster11510670762_4554226152_0,2
780.0,:cluster622618015_622618108_622618112_622618144_#2more_49,2
780.0,:cluster_2038168688_655375573_30,1
780.0,:cluster_2038168688_655375573_6,1
780.0,:cluster_2528018119_655375236_3,2
800.0,-300077497#5,27
800.0,-300077497#8,4
800.0,-35274074#2,12
800.0,-360018417,5
800.0,-49073264#1,1
800.0,-51362429#1,9
800.0,-51362430,19
800.0,-593847703#3,18
800.0,-E0,19
800.0,1068234498#0,33
800.0,1068234499#0,3
800.0,1068440001,8
800.0,1068440004#1,9
800.0,1068440006#0,4
800.0,186602412#0,1
800.0,196961377#0,18
800.0,238526531#0,26
800.0,244450512#1,3
800.0,260881642#0,3
800.0,288878926#0,2
800.0,300077497#0,6
800.0,30620492#0,18
800.0,30620492#1,5
800.0,35274074#0,2
800.0,484988951#0,4
800.0,49073226#2,11
800.0,506322842#0,6
800.0,506322844#0,5
800.0,506322853#0,10
800.0,51362429#0,12
800.0,593844221#0,1
800.0,593847702#0,1
800.0,593849711#2,15
800.0,:3086736518_0,2
800.0,:3086736518_6,1
800.0,:655375233_4,1
800.0,:cluster11510670762_4554226152_0,2
800.0,:cluster_2038168688_655375573_3,1
800.0,:cluster_2038168688_655375573_30,1
800.0,:cluster_2038168688_655375573_6,1
800.0,:cluster_3431431575_4777363357_655375231_6982059025_5,1
800.0,:cluster_623980147_623980152_9,1
820.0,-300077497#5,27
820.0,-300077497#8,4
820.0,-35274074#2,12
820.0,-360018417,1
820.0,-49073264#1,1
820.0,-51362429#1,7
820.0,-51362430,19
820.0,-593847703#3,18
820.0,-E0,19
820.0,1068234498#0,33
820.0,1068234499#0,3
820.0,1068440001,8
820.0,1068440004#1,7
820.0,1068440006#0,1
820.0,186602412#0,2
820.0,196961377#0,18
820.0,232003903#0,3
820.0,238526531#0,25
820.0,244450512#1,3
820.0,260881642#0,4
820.0,288878926#0,9
820.0,30620492#0,18
820.0,30620492#1,5
820.0,35274074#0,5
820.0,484988951#0,3
820.0,49073226#2,6
820.0,49073264#0,1
820.0,49073272#4,3
820.0,506322842#0,6
820.0,506322844#0,5
820.0,506322846#0,1
820.0,506322848#0,1
820.0,506322853#0,10
820.0,51362429#0,16
820.0,593844221#0,1
820.0,593849711#2,15
820.0,:3086736518_0,2
820.0,:3086736518_6,1
820.0,:3208478121_0,1
820.0,:655375233_4,1
820.0,:655375233_8,2
820.0,:655375238_6,1
820.0,:cluster11510670762_4554226152_0,2
820.0,:cluster_2038168688_655375573_30,1
820.0,:cluster_2038168688_655375573_6,1
820.0,:cluster_3431431575_4777363357_655375231_6982059025_3,2
820.0,:cluster_623980147_623980152_9,1
840.0,-300077497#5,27
840.0,-300077497#8,4
840.0,-35274074#2,12
840.0,-51362429#1,3
840.0,-51362430,19
840.0,-593847703#3,18
840.0,-E0,19
840.0,1068234498#0,33
840.0,1068234499#0,3
840.0,1068440001,8
840.0,1068440004#1,2
840.0,1068440006#0,1
840.0,196961377#0,18
840.0,232003903#0,3
840.0,238526531#0,25
840.0,244450512#1,3
840.0,260881642#0,2
840.0,288878926#0,13
840.0,30620492#0,18
840.0,30620492#1,5
840.0,35274074#0,6
840.0,484988951#0,4
840.0,49073226#2,8
840.0,49073272#4,1
840.0,506322842#0,6
840.0,506322844#0,5
840.0,506322853#0,7
840.0,51362429#0,17
840.0,593844221#0,1
840.0,593849711#2,15
840.0,668037874,1
840.0,:3086736518_0,2
840.0,:3086736518_6,1
840.0,:655375233_4,1
840.0,:655375233_8,7
840.0,:cluster11510670762_4554226152_0,2
840.0,:cluster619136880_619136881_cluster_4510442270_5296993511_5296993513_619136931_#1more_8,1
840.0,:cluster619136899_619136900_cluster_619136929_619136942_6,1
840.0,:cluster622618015_622618108_622618112_622618144_#2more_17,2
840.0,:cluster_2038168688_655375573_30,1
840.0,:cluster_2038168688_655375573_6,1
840.0,:cluster_3431431575_4777363357_655375231_6982059025_3,1
860.0,-300077497#5,27
860.0,-300077497#8,4
860.0,-35274074#2,12
860.0,-360018417,4
860.0,-51362429#1,3
860.0,-51362430,19
860.0,-593847703#3,18
860.0,-E0,19
860.0,1068234498#0,33
860.0,1068234499#0,3
860.0,1068440001,8
860.0,1068440004#1,2
860.0,1068440006#0,1
860.0,196961377#0,11
860.0,196961377#3,6
860.0,238526531#0,25
860.0,244450512#1,3
860.0,288878926#0,13
860.0,30620492#0,18
860.0,30620492#1,5
860.0,35274074#0,3
860.0,484988951#0,4
860.0,49073226#2,8
860.0,49073272#4,2
860.0,506322842#0,6
860.0,506322844#0,5
860.0,506322853#0,4
860.0,51362429#0,17
860.0,51362430,2
860.0,593844216#0,1
860.0,593844221#0,1
860.0,593849711#2,15
860.0,:3086736518_0,2
860.0,:3086736518_6,1
860.0,:655375233_4,1
860.0,:655375233_8,7
860.0,:cluster11510670762_4554226152_0,2
860.0,:cluster619136880_619136881_cluster_4510442270_5296993511_5296993513_619136931_#1more_12,1
860.0,:cluster_2038168688_655375573_23,1
860.0,:cluster_2038168688_655375573_3,1
860.0,:cluster_2038168688_655375573_30,1
860.0,:cluster_2038168688_655375573_6,2
860.0,:cluster_3431431575_4777363357_655375231_6982059025_3,1
880.0,-300077497#5,27
880.0,-300077497#8,4
880.0,-35274074#2,12
880.0,-360018417,5
880.0,-51362429#1,3
880.0,-51362430,19
880.0,-593847703#3,18
880.0,-593847704#2,1
880.0,-E0,19
880.0,1068234498#0,35
880.0,1068234499#0,3
880.0,1068440001,8
880.0,1068440004#1,2
880.0,1239087514,1
880.0,186602412#0,2
880.0,196961377#0,11
880.0,196961377#3,5
880.0,238526531#0,25
880.0,244450512#1,3
880.0,288878926#0,7
880.0,30620492#0,18
880.0,30620492#1,5
880.0,484988951#0,3
880.0,49073226#2,8
880.0,506322842#0,6
880.0,506322844#0,5
880.0,506322846#0,3
880.0,506322853#0,4
880.0,51362429#0,12
880.0,593842812#2,1
880.0,593844221#0,1
880.0,593849711#0,1
880.0,593849711#2,15
880.0,:3086736518_0,2
880.0,:3086736518_6,1
880.0,:655375232_2,5
880.0,:655375233_0,1
880.0,:655375233_4,1
880.0,:655375233_8,7
880.0,:cluster11510670762_4554226152_0,2
880.0,:cluster622618015_622618108_622618112_622618144_#2more_0,1
880.0,:cluster622618015_622618108_622618112_622618144_#2more_26,1
880.0,:cluster_2038168688_655375573_30,1
880.0,:cluster_2038168688_655375573_6,2
880.0,:cluster_3431431575_4777363357_655375231_6982059025_3,1
880.0,:cluster_3431431575_4777363357_655375231_6982059025_5,1
900.0,-300077497#5,27
900.0,-300077497#8,4
900.0,-35274074#2,12
900.0,-360018417,5
900.0,-51362429#1,7
900.0,-51362430,19
900.0,-593847703#3,17
900.0,-E0,19
900.0,1068234498#0,35
900.0,1068234499#0,3
900.0,1068440001,8
900.0,1068440004#1,2
900.0,186602412#0,2
900.0,196961377#0,11
900.0,196961377#3,2
900.0,238526531#0,25
900.0,244450512#1,3
900.0,288878926#0,6
900.0,30620492#0,18
900.0,30620492#1,5
900.0,484988951#0,5
900.0,49073226#2,8
900.0,506322842#0,6
900.0,506322844#0,5
900.0,506322853#0,4
900.0,51362429#0,14
900.0,593842812#2,1
900.0,593844221#0,1
900.0,593849711#0,1
900.0,593849711#2,11
900.0,:3086736518_0,2
900.0,:3086736518_4,1
900.0,:3086736518_6,1
900.0,:655375232_2,5
900.0,:655375233_0,1
900.0,:655375233_4,1
900.0,:655375233_8,7
900.0,:cluster11510670762_4554226152_0,2
900.0,:cluster622618015_622618108_622618112_622618144_#2more_49,1
900.0,:cluster_2038168688_655375573_30,1
900.0,:cluster_2038168688_655375573_6,2
900.0,:cluster_3431431575_4777363357_655375231_6982059025_3,1
920.0,-300077497#5,27
920.0,-300077497#8,4
920.0,-35274074#2,12
920.0,-51362429#1,9
920.0,-51362430,19
920.0,-593847703#3,17
920.0,-E0,19
920.0,1068234498#0,35
920.0,1068234499#0,2
920.0,1068440001,8
920.0,1068440004#1,2
920.0,196961377#0,11
920.0,196961377#3,2
920.0,238526531#0,25
920.0,244450512#1,3
920.0,288878926#0,6
920.0,30620492#0,18
920.0,30620492#1,5
920.0,484988951#0,4
920.0,49073226#2,8
920.0,49073272#4,4
920.0,506322842#0,6
920.0,506322844#0,5
920.0,506322853#0,4
920.0,51362429#0,17
920.0,593842812#2,1
920.0,593844221#0,1
920.0,593847702#0,7
920.0,593847703#0,1
920.0,593849711#2,15
920.0,:3086736518_0,2
920.0,:3086736518_6,1
920.0,:655375232_2,5
920.0,:cluster11510670762_4554226152_0,2
920.0,:cluster_2038168688_655375573_30,1
920.0,:cluster_2038168688_655375573_6,2
920.0,:cluster_2528018119_655375236_8,1
920.0,:cluster_3431431575_4777363357_655375231_6982059025_3,1
940.0,-300077497#5,26
940.0,-300077497#8,4
940.0,-35274074#2,12
940.0,-51362429#1,9
940.0,-51362430,19
940.0,-593847703#3,19
940.0,-E0,19
940.0,1068234498#0,35
940.0,1068234499#0,2
940.0,1068440001,8
940.0,196961377#0,7
940.0,196961377#3,6
940.0,238526531#0,25
940.0,244450512#1,3
940.0,288878926#0,6
940.0,30620492#0,16
940.0,30620492#1,5
940.0,484988951#0,4
940.0,49073226#2,8
940.0,49073272#4,1
940.0,506322842#0,6
940.0,506322844#0,6
940.0,51362429#0,17
940.0,593842812#2,1
940.0,593844221#0,1
940.0,593847702#0,8
940.0,593847703#0,1
940.0,593849711#2,15
940.0,:3086736518_0,2
940.0,:3086736518_6,1
940.0,:619136999_0,1
940.0,:619136999_2,1
940.0,:655375232_2,5
940.0,:cluster11510670762_4554226152_0,2
940.0,:cluster619136880_619136881_cluster_4510442270_5296993511_5296993513_619136931_#1more_8,1
940.0,:cluster_2038168688_655375573_30,1
940.0,:cluster_2038168688_655375573_6,2
940.0,:cluster_3431431575_4777363357_655375231_6982059025_3,1
960.0,-300077497#5,27
960.0,-300077497#8,4
960.0,-35274074#2,11
960.0,-360018417,4
960.0,-51362429#1,9
960.0,-51362430,19
960.0,-593847703#3,19
960.0,-E0,19
960.0,1068234498#0,35
960.0,1068234499#0,2
960.0,1068440001,8
960.0,196961377#0,1
960.0,196961377#3,10
960.0,238526531#0,25
960.0,244450512#1,2
960.0,260881642#0,3
960.0,288878926#0,4
960.0,300077497#0,1
960.0,30620492#0,17
960.0,30620492#1,5
960.0,484988951#0,4
960.0,49073226#2,8
960.0,506322842#0,7
960.0,506322844#0,6
960.0,51362429#0,17
960.0,593842812#2,1
960.0,593844221#0,1
960.0,593847702#0,8
960.0,593849711#0,2
960.0,593849711#2,15
960.0,:3086736518_0,2
960.0,:3086736518_6,1
960.0,:655375232_2,5
960.0,:655375238_2,1
960.0,:cluster11510670762_4554226152_0,1
960.0,:cluster622618015_622618108_622618112_622618144_#2more_26,1
960.0,:cluster_2038168688_655375573_30,1
960.0,:cluster_2038168688_655375573_6,2
960.0,:cluster_3208478133_655375293_655375296_9631728504_#1more_8,1
960.0,:cluster_3431431575_4777363357_655375231_6982059025_3,1
980.0,-300077497#5,27
980.0,-300077497#8,4
980.0,-35274074#2,12
980.0,-360018417,4
980.0,-51362429#1,9
980.0,-51362430,17
980.0,-593847703#3,19
980.0,-E0,19
980.0,1068234498#0,35
980.0,1068234499#0,2
980.0,1068440001,9
980.0,196961377#0,1
980.0,196961377#3,6
980.0,238526531#0,25
980.0,244450512#1,2
980.0,260881642#0,3
980.0,30620492#0,18
980.0,30620492#1,5
980.0,484988951#0,3
980.0,49073226#2,8
980.0,506322842#0,7
980.0,506322844#0,6
980.0,506322846#0,2
980.0,51362429#0,13
980.0,593842812#2,1
980.0,593844221#0,1
980.0,593847702#0,8
980.0,593847703#0,7
980.0,593849711#0,1
980.0,593849711#2,15
980.0,:3086736518_0,2
980.0,:3086736518_6,1
980.0,:655375232_2,1
980.0,:655375233_0,4
980.0,:655375238_2,1
980.0,:cluster11510670762_4554226152_0,2
980.0,:cluster622618015_622618108_622618112_622618144_#2more_49,3
980.0,:cluster_2038168688_655375573_24,1
980.0,:cluster_2664674491_655375287_655375288_5,1
980.0,:cluster_3208478133_655375293_655375296_9631728504_#1more_8,1
980.0,:cluster_3431431575_4777363357_655375231_6982059025_3,1
980.0,:cluster_3431431575_4777363357_655375231_6982059025_5,1
1000.0,-300077497#5,27
1000.0,-300077497#8,4
1000.0,-35274074#2,12
1000.0,-51362429#1,9
1000.0,-51362430,18
1000.0,-593847703#3,19
1000.0,-E0,19
1000.0,1068234498#0,35
1000.0,1068234499#0,2
1000.0,1068440001,10
1000.0,182334379#0,1
1000.0,186602412#0,3
1000.0,196961377#0,1
1000.0,196961377#3,4
1000.0,238526531#0,25
1000.0,244450512#1,2
1000.0,260881642#0,4
1000.0,263217604#0,2
1000.0,30620492#0,18
1000.0,30620492#1,5
1000.0,484988951#0,4
1000.0,49073226#2,8
1000.0,49073272#4,3
1000.0,506322842#0,7
1000.0,506322844#0,5
1000.0,51362429#0,16
1000.0,593842812#2,1
1000.0,593844221#0,1
1000.0,593847703#0,10
1000.0,593847705,1
1000.0,593849711#2,15
1000.0,593849718#0,2
1000.0,:3086736518_6,1
1000.0,:3208478121_0,1
1000.0,:655375232_2,1
1000.0,:655375238_2,1
1000.0,:cluster622618015_622618108_622618112_622618144_#2more_31,5
1000.0,:cluster622618015_622618108_622618112_622618144_#2more_35,1
1000.0,:cluster_3208478133_655375293_655375296_9631728504_#1more_8,2
1000.0,:cluster_3431431575_4777363357_655375231_6982059025_3,1
1020.0,-300077497#5,27
1020.0,-300077497#8,4
1020.0,-35274074#2,12
1020.0,-51362429#1,9
1020.0,-51362430,18
1020.0,-593847703#3,19
1020.0,-E0,19
1020.0,1068234498#0,35
1020.0,1068234499#0,2
1020.0,1068440001,5
1020.0,182334379#0,1
1020.0,196961215#2,1
1020.0,196961377#0,1
1020.0,196961377#3,4
1020.0,238526531#0,25
1020.0,244450512#1,2
1020.0,260881642#0,2
1020.0,263217604#0,2
1020.0,30620492#0,18
1020.0,30620492#1,5
1020.0,484988951#0,4
1020.0,49073226#2,8
1020.0,49695736#0,4
1020.0,506322842#0,6
1020.0,506322844#0,5
1020.0,506322846#0,1
1020.0,51362429#0,17
1020.0,593842812#2,1
1020.0,593844221#0,1
1020.0,593847703#0,10
1020.0,593847705,1
1020.0,593849711#2,15
1020.0,:3086736518_6,1
1020.0,:655375232_2,1
1020.0,:655375233_4,1
1020.0,:655375238_2,1
1020.0,:cluster11510670762_4554226152_0,2
1020.0,:cluster655375336_end_0_655375336_end_1_655375336_end_10_655375336_end_11_#8more_25,1
1020.0,:cluster_2528018119_655375236_32,1
1020.0,:cluster_3431431575_4777363357_655375231_6982059025_3,1
1040.0,-300077497#5,27
1040.0,-300077497#8,4
1040.0,-35274074#2,12
1040.0,-51362429#1,6
1040.0,-51362430,14
1040.0,-593847703#3,19
1040.0,-E0,20
1040.0,1068234498#0,35
1040.0,1068234499#0,2
1040.0,1068440001,10
1040.0,182334379#0,1
1040.0,196961377#3,5
1040.0,238526531#0,24
1040.0,244450512#1,2
1040.0,263217604#0,2
1040.0,288135626#0,1
1040.0,288878926#0,5
1040.0,300077497#0,5
1040.0,30620492#0,18
1040.0,30620492#1,5
1040.0,35274074#0,1
1040.0,484988951#0,4
1040.0,49073226#2,4
1040.0,49695736#0,3
1040.0,506322842#0,5
1040.0,506322844#0,5
1040.0,51362429#0,17
1040.0,593847703#0,5
1040.0,593847705,1
1040.0,593849711#2,15
1040.0,:3086736518_6,1
1040.0,:655375232_2,1
1040.0,:655375233_4,1
1040.0,:655375238_2,1
1040.0,:cluster11510670762_4554226152_0,2
1040.0,:cluster_2528018119_655375236_3,2
1040.0,:cluster_3431431575_4777363357_655375231_6982059025_3,3
1040.0,:cluster_623980147_623980152_9,1
1060.0,-300077497#5,24
1060.0,-300077497#8,4
1060.0,-35274074#2,12
1060.0,-51362430,18
1060.0,-593847703#3,21
1060.0,-593847704#2,1
1060.0,-E0,20
1060.0,1068234498#0,34
1060.0,1068234499#0,3
1060.0,1068440001,10
1060.0,196961377#3,4
1060.0,238526531#0,26
1060.0,244450512#1,2
1060.0,288878926#0,6
1060.0,300077497#0,6
1060.0,30620492#0,18
1060.0,30620492#1,5
1060.0,35274074#0,2
1060.0,484988951#0,4
1060.0,49073226#2,4
1060.0,49695736#0,3
1060.0,506322842#0,5
1060.0,506322844#0,5
1060.0,506322846#0,2
1060.0,51362429#0,17
1060.0,593847705,1
1060.0,593849711#0,1
1060.0,593849711#2,15
1060.0,594658760#0,2
1060.0,:1973482489_3,1
1060.0,:3086736518_6,1
1060.0,:655375232_2,1
1060.0,:655375233_4,1
1060.0,:655375238_2,1
1060.0,:cluster11510670762_4554226152_0,2
1060.0,:cluster622618015_622618108_622618112_622618144_#2more_0,1
1060.0,:cluster622618015_622618108_622618112_622618144_#2more_26,1
1060.0,:cluster_2038168688_655375573_24,1
1060.0,:cluster_2038168688_655375573_3,1
1060.0,:cluster_2528018119_655375236_17,1
1060.0,:cluster_3431431575_4777363357_655375231_6982059025_3,2
1060.0,:cluster_623980147_623980152_4,1
1080.0,-300077497#5,21
1080.0,-300077497#8,4
1080.0,-35274074#2,12
1080.0,-51362430,19
1080.0,-593847703#3,24
1080.0,-E0,20
1080.0,1068234498#0,35
1080.0,1068234499#0,3
1080.0,1068440001,10
1080.0,182334378#0,1
1080.0,186602412#0,4
1080.0,196961377#3,2
1080.0,238526531#0,26
1080.0,244450512#1,2
1080.0,288878926#0,11
1080.0,30620492#0,18
1080.0,30620492#1,5
1080.0,35274074#0,3
1080.0,484988951#0,4
1080.0,49695736#0,3
1080.0,506322842#0,5
1080.0,506322844#0,5
1080.0,506322846#0,4
1080.0,51362429#0,10
1080.0,593847703#0,3
1080.0,593847704#0,1
1080.0,593849711#0,2
1080.0,593849711#2,15
1080.0,594658760#0,2
1080.0,:3086736518_0,1
1080.0,:655375232_2,3
1080.0,:655375233_0,3
1080.0,:655375233_4,1
1080.0,:655375238_2,1
1080.0,:cluster11510670762_4554226152_0,2
1080.0,:cluster_2038168688_655375573_23,1
1100.0,-300077497#5,26
1100.0,-300077497#8,3
1100.0,-35274074#2,12
1100.0,-51362429#1,2
1100.0,-51362430,19
1100.0,-593847703#3,27
1100.0,-E0,20
1100.0,1068234498#0,35
1100.0,1068440001,10
1100.0,182334378#0,1
1100.0,186602412#0,3
1100.0,196961377#3,2
1100.0,238526531#0,26
1100.0,244450512#1,2
1100.0,288878926#0,11
1100.0,300077497#0,3
1100.0,30620492#0,18
1100.0,30620492#1,5
1100.0,35274074#0,3
1100.0,484988951#0,3
1100.0,506322842#0,5
1100.0,506322844#0,3
1100.0,51362429#0,10
1100.0,593847703#0,9
1100.0,593847704#0,1
1100.0,593849711#2,12
1100.0,594658760#0,2
1100.0,:3086736518_0,1
1100.0,:655375232_11,1
1100.0,:655375233_4,1
1100.0,:655375238_5,1
1100.0,:655375239_5,1
1100.0,:cluster11510670762_4554226152_0,2
1100.0,:cluster_3431431575_4777363357_655375231_6982059025_5,1
1120.0,-300077497#5,27
1120.0,-300077497#8,4
1120.0,-35274074#2,12
1120.0,-51362429#1,3
1120.0,-51362430,19
1120.0,-593847703#3,20
1120.0,-E0,20
1120.0,1068234498#0,36
1120.0,1068440001,10
1120.0,182334378#0,1
1120.0,196961377#3,2
1120.0,238526531#0,25
1120.0,244450512#1,2
1120.0,263217604#0,1
1120.0,288878926#0,11
1120.0,30620492#0,18
1120.0,30620492#1,5
1120.0,35274074#0,6
1120.0,484988951#0,4
1120.0,49073226#2,4
1120.0,506322842#0,4
1120.0,506322844#0,7
1120.0,51362429#0,13
1120.0,593847703#0,8
1120.0,593849711#2,14
1120.0,593849718#0,1
1120.0,594658760#0,2
1120.0,:3086736518_0,1
1120.0,:3086736518_4,1
1120.0,:655375232_8,1
1120.0,:655375233_2,1
1120.0,:655375233_4,1
1120.0,:655375238_2,1
1120.0,:cluster11510670762_4554226152_0,2
1120.0,:cluster_2038168688_655375573_30,1
1120.0,:cluster_3431431575_4777363357_655375231_6982059025_3,1
1140.0,-300077497#5,26
1140.0,-300077497#8,4
1140.0,-35274074#2,12
1140.0,-51362429#1,4
1140.0,-51362430,17
1140.0,-593847703#3,21
1140.0,-593847704#2,1
1140.0,-E0,20
1140.0,1068234498#0,36
1140.0,1068440001,6
1140.0,182334378#0,1
1140.0,196961377#3,1
1140.0,238526531#0,25
1140.0,244450512#1,3
1140.0,260881642#0,3
1140.0,288878926#0,9
1140.0,300077497#0,7
1140.0,30620492#0,18
1140.0,30620492#1,5
1140.0,360843888,1
1140.0,484988951#0,4
1140.0,49073226#2,7
1140.0,506322842#0,3
1140.0,506322844#0,7
1140.0,506322846#0,4
1140.0,506322846#2,1
1140.0,51362429#0,15
1140.0,593844221#0,2
1140.0,593847702#0,1
1140.0,593849711#2,16
1140.0,594658760#0,2
1140.0,:3086736518_0,1
1140.0,:655375238_2,1
1140.0,:cluster11510670762_4554226152_0,1
1140.0,:cluster622618015_622618108_622618112_622618144_#2more_2,1
1140.0,:cluster622618015_622618108_622618112_622618144_#2more_26,1
1140.0,:cluster_2038168688_655375573_30,1
1140.0,:cluster_2038168688_655375573_6,2
1140.0,:cluster_2528018119_655375236_3,1
1140.0,:cluster_3208478133_655375293_655375296_9631728504_#1more_8,5
1160.0,-300077497#5,26
1160.0,-300077497#8,3
1160.0,-35274074#2,12
1160.0,-51362429#1,4
1160.0,-51362430,16
1160.0,-593847703#3,21
1160.0,-593847704#2,3
1160.0,-E0,20
1160.0,1068234498#0,34
1160.0,1068440001,6
1160.0,182334378#0,1
1160.0,186602412#0,3
1160.0,238526531#0,26
1160.0,244450512#1,2
1160.0,260881642#0,3
1160.0,288878926#0,3
1160.0,300077497#0,4
1160.0,30620492#0,18
1160.0,30620492#1,5
1160.0,360843888,1
1160.0,484988951#0,4
1160.0,49073226#2,7
1160.0,49695736#0,3
1160.0,506322842#0,3
1160.0,506322844#0,7
1160.0,506322846#0,2
1160.0,506322846#2,1
1160.0,51362429#0,16
1160.0,593844221#0,1
1160.0,593847702#0,1
1160.0,593849711#2,18
1160.0,594658760#0,2
1160.0,:3086736518_0,1
1160.0,:655375238_1,1
1160.0,:655375238_5,1
1160.0,:cluster11510670762_4554226152_0,1
1160.0,:cluster622618015_622618108_622618112_622618144_#2more_49,2
1160.0,:cluster_2038168688_655375573_3,1
1160.0,:cluster_2038168688_655375573_30,1
1160.0,:cluster_2038168688_655375573_6,2
1160.0,:cluster_2528018119_655375236_17,1
1160.0,:cluster_2664674491_655375287_655375288_5,1
1160.0,:cluster_3208478133_655375293_655375296_9631728504_#1more_8,5
1160.0,:cluster_5372642442_631668976_631668981_631669076_26,1
1180.0,-300077497#5,26
1180.0,-300077497#8,4
1180.0,-35274074#2,12
1180.0,-51362429#1,4
1180.0,-51362430,19
1180.0,-593847703#3,23
1180.0,-E0,19
1180.0,1068234498#0,34
1180.0,1068440001,6
1180.0,182334378#0,1
1180.0,186602412#0,3
1180.0,238526531#0,26
1180.0,244450512#1,2
1180.0,260881642#0,3
1180.0,263217604#0,2
1180.0,288135626#0,1
1180.0,288878926#0,3
1180.0,300077497#0,6
1180.0,30620492#0,18
1180.0,30620492#1,5
1180.0,360843888,1
1180.0,484988951#0,4
1180.0,49073226#2,7
1180.0,49073272#3,1
1180.0,506322842#0,2
1180.0,506322844#0,5
1180.0,506322846#0,1
1180.0,51362429#0,12
1180.0,593844221#0,1
1180.0,593847703#0,1
1180.0,593847705,1
1180.0,593849711#2,18
1180.0,594658760#0,2
1180.0,:3086736518_0,1
1180.0,:3086736518_6,1
1180.0,:655375232_2,4
1180.0,:655375233_0,1
1180.0,:655375238_1,1
1180.0,:655375238_5,1
1180.0,:cluster11510670762_4554226152_0,1
1180.0,:cluster_2038168688_655375573_30,1
1180.0,:cluster_2038168688_655375573_6,2
1180.0,:cluster_2038168688_655375573_9,1
1180.0,:cluster_2528018119_655375236_32,1
1180.0,:cluster_2664674491_655375287_655375288_5,1
1180.0,:cluster_3208478133_655375293_655375296_9631728504_#1more_8,5
1200.0,-1334905223#2,1
1200.0,-300077497#5,27
1200.0,-300077497#8,4
1200.0,-35274074#2,11
1200.0,-51362429#1,5
1200.0,-51362430,16
1200.0,-593847703#3,23
1200.0,-E0,19
1200.0,1068234498#0,34
1200.0,1068440001,9
1200.0,182334378#0,2
1200.0,238526531#0,26
1200.0,244450512#1,3
1200.0,260881642#0,2
1200.0,263217604#0,2
1200.0,288135626#0,1
1200.0,288878926#0,3
1200.0,300077497#0,4
1200.0,30620492#0,18
1200.0,30620492#1,5
1200.0,35274074#0,3
1200.0,360843888,1
1200.0,484988951#0,4
1200.0,49073226#2,7
1200.0,49073272#3,1
1200.0,506322842#0,2
1200.0,506322844#0,5
1200.0,51362429#0,12
1200.0,593847703#0,7
1200.0,593849711#2,15
1200.0,594658760#0,2
1200.0,:3086736518_0,2
1200.0,:3086736518_6,1
1200.0,:655375232_11,1
1200.0,:655375232_2,2
1200.0,:655375232_6,1
1200.0,:655375238_2,1
1200.0,:655375238_6,1
1200.0,:cluster11510670762_4554226152_0,1
1200.0,:cluster655375336_end_0_655375336_end_1_655375336_end_10_655375336_end_11_#8more_25,2
1200.0,:cluster_2038168688_655375573_30,1
1200.0,:cluster_2038168688_655375573_6,2
1200.0,:cluster_3208478133_655375293_655375296_9631728504_#1more_8,4
1220.0,-300077497#5,24
1220.0,-300077497#8,4
1220.0,-35274074#2,12
1220.0,-51362429#1,9
1220.0,-51362430,19
1220.0,-593847703#3,22
1220.0,-E0,19
1220.0,1068234498#0,35
1220.0,1068234499#0,1
1220.0,1068440001,8
1220.0,1068440006#0,3
1220.0,182334378#0,2
1220.0,238526531#0,25
1220.0,244450512#1,3
1220.0,263217604#0,2
1220.0,288878926#0,3
1220.0,300077497#0,3
1220.0,30620492#0,18
1220.0,30620492#1,5
1220.0,35274074#0,4
1220.0,360018417,1
1220.0,484988951#0,4
1220.0,49073226#2,7
1220.0,49695736#0,5
1220.0,506322842#0,2
1220.0,506322844#0,5
1220.0,506322846#0,2
1220.0,51362429#0,14
1220.0,593849711#2,13
1220.0,594658760#0,2
1220.0,:3086736518_0,2
1220.0,:3086736518_6,1
1220.0,:3208478128_0,1
1220.0,:655375232_2,2
1220.0,:655375233_4,1
1220.0,:655375238_2,1
1220.0,:cluster11510670762_4554226152_0,2
1220.0,:cluster_2038168688_655375573_23,1
1220.0,:cluster_2038168688_655375573_24,1
1220.0,:cluster_2038168688_655375573_25,1
1220.0,:cluster_2038168688_655375573_3,1
1220.0,:cluster_2038168688_655375573_6,1
1220.0,:cluster_2528018119_655375236_19,2
1220.0,:cluster_2528018119_655375236_3,2
1240.0,-300077497#5,23
1240.0,-300077497#8,4
1240.0,-35274074#2,12
1240.0,-51362429#1,9
1240.0,-51362430,19
1240.0,-593847703#3,23
1240.0,-E0,19
1240.0,1068234498#0,35
1240.0,1068234499#0,1
1240.0,1068440001,8
1240.0,1068440006#0,3
1240.0,182334378#0,4
1240.0,186602412#0,3
1240.0,196961377#3,1
1240.0,238526531#0,26
1240.0,244450512#1,3
1240.0,244450512#4,1
1240.0,244450512#5,1
1240.0,300077497#0,1
1240.0,30620492#0,18
1240.0,30620492#1,5
1240.0,35274074#0,2
1240.0,484988951#0,4
1240.0,49073226#2,7
1240.0,49695736#0,5
1240.0,506322842#0,2
1240.0,506322844#0,5
1240.0,506322846#0,6
1240.0,51362429#0,16
1240.0,593849711#2,13
1240.0,594658760#0,3
1240.0,:3086736518_0,2
1240.0,:3086736518_6,1
1240.0,:655375232_2,2
1240.0,:655375233_4,1
1240.0,:655375238_1,1
1240.0,:655375238_2,1
1240.0,:cluster11510670762_4554226152_0,2
1240.0,:cluster_2038168688_655375573_25,1
1260.0,-300077497#5,26
1260.0,-300077497#8,1
1260.0,-35274074#2,12
1260.0,-51362429#1,9
1260.0,-51362430,19
1260.0,-593847703#3,23
1260.0,-E0,19
1260.0,1068234498#0,35
1260.0,1068234499#0,1
1260.0,1068440001,8
1260.0,182334378#0,4
1260.0,186602412#0,5
1260.0,232003903#0,2
1260.0,238526531#0,26
1260.0,244450512#1,3
1260.0,244450512#5,2
1260.0,30620492#0,17
1260.0,30620492#1,5
1260.0,484988951#0,4
1260.0,49073226#2,7
1260.0,49695736#0,5
1260.0,506322842#0,2
1260.0,506322844#0,5
1260.0,506322846#0,2
1260.0,51362429#0,17
1260.0,593849711#2,13
1260.0,594658760#0,3
1260.0,:1973482489_3,1
1260.0,:3086736518_0,2
1260.0,:3086736518_6,1
1260.0,:655375232_2,2
1260.0,:655375233_4,1
1260.0,:655375238_1,1
1260.0,:655375238_5,1
1260.0,:cluster11510670762_4554226152_0,2
1260.0,:cluster655375336_end_0_655375336_end_1_655375336_end_10_655375336_end_11_#8more_47,1
1260.0,:cluster_2038168688_655375573_25,1
1280.0,-300077497#5,27
1280.0,-300077497#8,4
1280.0,-35274074#2,12
1280.0,-51362429#1,9
1280.0,-51362430,19
1280.0,-593847703#3,23
1280.0,-E0,19
1280.0,1068234498#0,35
1280.0,1068440001,8
1280.0,182334378#0,5
1280.0,186602412#0,1
1280.0,238526531#0,26
1280.0,244450512#1,3
1280.0,244450512#5,2
1280.0,288878926#0,6
1280.0,300077497#0,5
1280.0,30620492#0,18
1280.0,30620492#1,5
1280.0,35274074#0,1
1280.0,484988951#0,5
1280.0,506322842#0,1
1280.0,506322844#0,5
1280.0,51362429#0,15
1280.0,51362430,2
1280.0,593849711#2,13
1280.0,594658760#0,3
1280.0,:3086736518_0,1
1280.0,:3086736518_6,1
1280.0,:655375232_2,3
1280.0,:655375233_0,2
1280.0,:655375233_4,1
1280.0,:655375238_2,1
1280.0,:cluster11510670762_4554226152_0,2
1280.0,:cluster_2038168688_655375573_30,1
1280.0,:cluster_623980147_623980152_4,1
1300.0,-300077497#5,27
1300.0,-300077497#8,4
1300.0,-35274074#2,11
1300.0,-51362429#1,2
1300.0,-51362430,19
1300.0,-593847703#3,23
1300.0,-E0,19
1300.0,1068234498#0,35
1300.0,1068440001,8
1300.0,182334378#0,5
1300.0,238526531#0,26
1300.0,244450512#1,3
1300.0,244450512#5,2
1300.0,288878926#0,8
1300.0,30620492#0,18
1300.0,30620492#1,5
1300.0,35274074#0,6
1300.0,484988951#0,3
1300.0,49073226#2,3
1300.0,506322842#0,1
1300.0,506322844#0,5
1300.0,51362429#0,14
1300.0,593847703#0,10
1300.0,593847704#0,1
1300.0,593847705,1
1300.0,593849711#2,13
1300.0,594658760#0,3
1300.0,:3086736518_0,1
1300.0,:655375232_2,2
1300.0,:655375233_4,1
1300.0,:655375238_2,1
1300.0,:655375238_3,1
1300.0,:cluster11510670762_4554226152_0,2
1300.0,:cluster_2038168688_655375573_30,1
1300.0,:cluster_3431431575_4777363357_655375231_6982059025_3,2
1300.0,:cluster_623980147_623980152_4,1
1320.0,-300077497#5,26
1320.0,-300077497#8,4
1320.0,-35274074#2,11
1320.0,-51362430,17
1320.0,-593847703#3,21
1320.0,-593847704#2,1
1320.0,-E0,19
1320.0,1068234498#0,35
1320.0,1068440001,5
1320.0,1239087514,1
1320.0,182334378#0,5
1320.0,238526531#0,26
1320.0,244450512#1,3
1320.0,260881642#0,4
1320.0,288878926#0,11
1320.0,300077497#0,7
1320.0,30620492#0,18
1320.0,30620492#1,5
1320.0,484988951#0,4
1320.0,49073226#2,5
1320.0,49695736#0,1
1320.0,506322842#0,1
1320.0,506322844#0,5
1320.0,506322846#0,4
1320.0,51362429#0,16
1320.0,51362430,1
1320.0,593844221#0,1
1320.0,593847704#0,1
1320.0,593847705,1
1320.0,593849711#2,9
1320.0,594658760#0,3
1320.0,:3086736518_0,1
1320.0,:3086736518_4,1
1320.0,:655375232_2,2
1320.0,:655375232_8,1
1320.0,:655375233_4,2
1320.0,:655375238_2,1
1320.0,:655375238_3,1
1320.0,:656132414_2,1
1320.0,:cluster11510670762_4554226152_0,1
1320.0,:cluster622618015_622618108_622618112_622618144_#2more_2,1
1320.0,:cluster_2038168688_655375573_30,1
1320.0,:cluster_2038168688_655375573_6,2
1320.0,:cluster_3208478133_655375293_655375296_9631728504_#1more_8,3
1320.0,:cluster_3431431575_4777363357_655375231_6982059025_3,2
1340.0,-300077497#5,27
1340.0,-300077497#8,3
1340.0,-35274074#2,11
1340.0,-51362429#1,6
1340.0,-51362430,15
1340.0,-593847703#3,17
1340.0,-593847704#2,1
1340.0,-E0,19
1340.0,1068234498#0,35
1340.0,1068440001,7
1340.0,182334378#0,5
1340.0,186602412#0,2
1340.0,238526531#0,26
1340.0,244450512#1,2
1340.0,260881642#0,3
1340.0,288878926#0,5
1340.0,300077497#0,2
1340.0,30620492#0,18
1340.0,30620492#1,5
1340.0,484988951#0,4
1340.0,49073226#2,7
1340.0,49695736#0,3
1340.0,506322842#0,1
1340.0,506322844#0,5
1340.0,506322846#0,2
1340.0,51362429#0,17
1340.0,51362430,1
1340.0,593844221#0,1
1340.0,593847702#0,1
1340.0,593847704#0,1
1340.0,593847705,1
1340.0,593849711#2,9
1340.0,594658760#0,3
1340.0,:3086736518_0,1
1340.0,:655375232_2,2
1340.0,:655375238_1,1
1340.0,:655375238_3,1
1340.0,:655375238_5,1
1340.0,:cluster_2038168688_655375573_23,1
1340.0,:cluster_2038168688_655375573_3,1
1340.0,:cluster_2038168688_655375573_30,1
1340.0,:cluster_2038168688_655375573_6,2
1340.0,:cluster_2664674491_655375287_655375288_5,1
1340.0,:cluster_3208478133_655375293_655375296_9631728504_#1more_8,4
1340.0,:cluster_3431431575_4777363357_655375231_6982059025_5,1
1360.0,-300077497#5,27
1360.0,-300077497#8,4
1360.0,-35274074#2,11
1360.0,-51362429#1,6
1360.0,-51362430,16
1360.0,-593847703#3,17
1360.0,-E0,19
1360.0,1068234498#0,35
1360.0,1068440001,7
1360.0,182334378#0,5
1360.0,186602412#0,4
1360.0,238526531#0,26
1360.0,260881642#0,3
1360.0,288878926#0,5
1360.0,300077497#0,4
1360.0,30620492#0,18
1360.0,30620492#1,5
1360.0,484988951#0,5
1360.0,49073226#2,7
1360.0,49073272#3,1
1360.0,506322842#0,1
1360.0,506322844#0,5
1360.0,506322846#0,1
1360.0,51362429#0,18
1360.0,593844221#0,1
1360.0,593847704#0,1
1360.0,593847705,1
1360.0,593849711#2,9
1360.0,594658760#0,3
1360.0,:3086736518_0,1
1360.0,:655375232_2,2
1360.0,:655375238_1,1
1360.0,:655375238_3,1
1360.0,:655375238_5,1
1360.0,:cluster11510670762_4554226152_0,1
1360.0,:cluster_2038168688_655375573_24,1
1360.0,:cluster_2038168688_655375573_30,1
1360.0,:cluster_2528018119_655375236_32,1
1360.0,:cluster_2664674491_655375287_655375288_5,1
1360.0,:cluster_3208478133_655375293_655375296_9631728504_#1more_8,5
1380.0,-300077497#5,27
1380.0,-300077497#8,4
1380.0,-35274074#2,11
1380.0,-51362429#1,6
1380.0,-51362430,18
1380.0,-593847703#3,17
1380.0,-E0,18
1380.0,1068234498#0,35
1380.0,1068440001,7
1380.0,182334378#0,5
1380.0,186602412#0,2
1380.0,238526531#0,26
1380.0,288878926#0,5
1380.0,300077497#0,5
1380.0,30620492#0,18
1380.0,30620492#1,5
1380.0,484988951#0,5
1380.0,49073226#2,7
1380.0,49073272#3,1
1380.0,506322842#0,1
1380.0,506322844#0,5
1380.0,51362429#0,18
1380.0,593844221#0,1
1380.0,593847705,1
1380.0,593849711#2,9
1380.0,594658760#0,2
1380.0,:3086736518_0,1
1380.0,:3086736518_6,1
1380.0,:655375232_2,2
1380.0,:655375238_1,1
1380.0,:655375238_3,1
1380.0,:655375238_5,1
1380.0,:656132414_2,1
1380.0,:cluster11510670762_4554226152_0,1
1380.0,:cluster622618015_622618108_622618112_622618144_#2more_39,1
1380.0,:cluster_2038168688_655375573_30,1
1380.0,:cluster_3208478133_655375293_655375296_9631728504_#1more_8,5
1400.0,-300077497#5,25
1400.0,-300077497#8,4
1400.0,-35274074#2,11
1400.0,-51362429#1,6
1400.0,-51362430,18
1400.0,-593847703#3,19
1400.0,-E0,18
1400.0,1068234498#0,35
1400.0,1068440001,6
1400.0,182334378#0,4
1400.0,238526531#0,26
1400.0,288878926#0,5
1400.0,300077497#0,5
1400.0,30620492#0,18
1400.0,30620492#1,5
1400.0,360018417,1
1400.0,484988951#0,3
1400.0,49073226#2,7
1400.0,49695736#0,4
1400.0,506322842#0,1
1400.0,506322844#0,5
1400.0,51362429#0,14
1400.0,593847703#0,5
1400.0,593847705,1
1400.0,593849711#2,9
1400.0,594658760#0,2
1400.0,:3086736518_6,1
1400.0,:655375232_2,3
1400.0,:655375233_0,2
1400.0,:655375238_1,1
1400.0,:655375238_3,1
1400.0,:655375238_5,1
1400.0,:656132414_2,1
1400.0,:cluster11510670762_4554226152_0,2
1400.0,:cluster655375336_end_0_655375336_end_1_655375336_end_10_655375336_end_11_#8more_25,2
1400.0,:cluster_2038168688_655375573_30,1
1400.0,:cluster_2528018119_655375236_3,1
1400.0,:cluster_3431431575_4777363357_655375231_6982059025_5,1
1420.0,-300077497#5,25
1420.0,-300077497#8,4
1420.0,-35274074#2,11
1420.0,-51362429#1,9
1420.0,-51362430,15
1420.0,-593847703#3,18
1420.0,-593847704#2,2
1420.0,-E0,19
1420.0,1068234498#0,35
1420.0,1068440001,10
1420.0,182334378#0,4
1420.0,196961377#3,1
1420.0,238526531#0,26
1420.0,300077497#0,11
1420.0,30620492#0,18
1420.0,30620492#1,5
1420.0,484988951#0,4
1420.0,49073226#2,9
1420.0,49695736#0,6
1420.0,506322842#0,1
1420.0,506322844#0,5
1420.0,51362429#0,15
1420.0,593847704#0,1
1420.0,593847705,1
1420.0,593849711#2,6
1420.0,594658760#0,2
1420.0,:655375232_2,3
1420.0,:655375233_4,1
1420.0,:655375238_1,1
1420.0,:655375238_3,1
1420.0,:655375238_5,1
1420.0,:cluster11510670762_4554226152_0,2
1420.0,:cluster_2038168688_655375573_30,1
1440.0,-300077497#5,27
1440.0,-300077497#8,3
1440.0,-35274074#2,11
1440.0,-51362429#1,9
1440.0,-51362430,19
1440.0,-593847703#3,18
1440.0,-E0,19
1440.0,1068234498#0,35
1440.0,1068440001,10
1440.0,182334378#0,4
1440.0,238526531#0,26
1440.0,300077497#0,8
1440.0,300077497#6,1
1440.0,30620492#0,18
1440.0,30620492#1,5
1440.0,35274074#0,3
1440.0,484988951#0,4
1440.0,49073226#2,9
1440.0,49695736#0,6
1440.0,506322842#0,1
1440.0,506322844#0,5
1440.0,51362429#0,16
1440.0,593847704#0,1
1440.0,593847705,1
1440.0,593849711#2,6
1440.0,594658760#0,2
1440.0,:655375232_2,3
1440.0,:655375233_4,1
1440.0,:655375238_1,1
1440.0,:cluster11510670762_4554226152_0,2
1440.0,:cluster_2038168688_655375573_30,1
1460.0,-300077497#5,27
1460.0,-300077497#8,4
1460.0,-35274074#2,12
1460.0,-51362429#1,9
1460.0,-51362430,19
1460.0,-593847703#3,18
1460.0,-E0,19
1460.0,1068234498#0,35
1460.0,1068440001,10
1460.0,182334378#0,4
1460.0,238526531#0,25
1460.0,300077497#0,6
1460.0,300077497#6,1
1460.0,30620492#0,18
1460.0,30620492#1,5
1460.0,35274074#0,11
1460.0,484988951#0,4
1460.0,49073226#2,9
1460.0,506322842#0,1
1460.0,506322844#0,5
1460.0,51362429#0,16
1460.0,593847704#0,1
1460.0,593847705,1
1460.0,593849711#2,6
1460.0,594658760#0,2
1460.0,:655375232_2,3
1460.0,:655375233_4,1
1460.0,:655375238_1,1
1460.0,:cluster11510670762_4554226152_0,2
1460.0,:cluster_2038168688_655375573_25,1
1480.0,-300077497#5,27
1480.0,-300077497#8,4
1480.0,-35274074#2,11
1480.0,-51362429#1,9
1480.0,-51362430,19
1480.0,-593847703#3,18
1480.0,-E0,18
1480.0,1068234498#0,35
1480.0,1068440001,10
1480.0,182334378#0,4
1480.0,238526531#0,25
1480.0,30620492#0,18
1480.0,30620492#1,5
1480.0,35274074#0,18
1480.0,484988951#0,4
1480.0,49073226#2,9
1480.0,506322842#0,1
1480.0,506322844#0,5
1480.0,51362429#0,17
1480.0,593847705,1
1480.0,593849711#2,6
1480.0,593849718#0,1
1480.0,594658760#0,2
1480.0,:3086736518_6,1
1480.0,:655375232_2,3
1480.0,:655375233_4,1
1480.0,:655375238_3,1
1480.0,:cluster11510670762_4554226152_0,2
1480.0,:cluster_2038168688_655375573_25,1
1500.0,-300077497#5,27
1500.0,-300077497#8,4
1500.0,-35274074#2,12
1500.0,-51362429#1,9
1500.0,-51362430,18
1500.0,-593847703#3,18
1500.0,-E0,19
1500.0,1068234498#0,31
1500.0,1068440001,5
1500.0,182334378#0,2
1500.0,238526531#0,27
1500.0,288135626#0,4
1500.0,288878926#0,2
1500.0,30620492#0,18
1500.0,30620492#1,5
1500.0,35274074#0,6
1500.0,484988951#0,3
1500.0,49073226#2,7
1500.0,49695736#0,3
1500.0,506322842#0,1
1500.0,506322844#0,5
1500.0,506322846#0,8
1500.0,51362429#0,13
1500.0,593847703#0,5
1500.0,593849711#2,6
1500.0,594658760#0,2
1500.0,:3086736518_0,1
1500.0,:3086736518_6,1
1500.0,:655375232_2,2
1500.0,:655375233_0,2
1500.0,:655375233_4,1
1500.0,:cluster11510670762_4554226152_0,1
1500.0,:cluster655375336_end_0_655375336_end_1_655375336_end_10_655375336_end_11_#8more_25,2
1500.0,:cluster655375336_end_0_655375336_end_1_655375336_end_10_655375336_end_11_#8more_6,1
1500.0,:cluster_2038168688_655375573_23,1
1500.0,:cluster_2038168688_655375573_24,1
1500.0,:cluster_2038168688_655375573_3,1
1500.0,:cluster_2038168688_655375573_6,1
1500.0,:cluster_3208478133_655375293_655375296_9631728504_#1more_8,2
1500.0,:cluster_3431431575_4777363357_655375231_6982059025_5,1
1520.0,-300077497#5,24
1520.0,-300077497#8,4
1520.0,-35274074#2,12
1520.0,-51362429#1,7
1520.0,-51362430,11
1520.0,-593847703#3,20
1520.0,-593847704#2,1
1520.0,-E0,19
1520.0,1068234498#0,33
1520.0,1068234499#0,4
1520.0,1068440001,5
1520.0,182334378#0,1
1520.0,186602412#0,5
1520.0,232003903#0,2
1520.0,238526531#0,27
1520.0,288878926#0,5
1520.0,300077497#0,4
1520.0,30620492#0,18
1520.0,30620492#1,5
1520.0,484988951#0,4
1520.0,49073226#2,4
1520.0,49695736#0,6
1520.0,506322842#0,1
1520.0,506322844#0,5
1520.0,506322846#0,11
1520.0,51362429#0,15
1520.0,593844221#0,2
1520.0,593847704#0,1
1520.0,593849711#2,3
1520.0,594658760#0,2
1520.0,:1973482489_3,1
1520.0,:3086736518_0,1
1520.0,:655375232_2,2
1520.0,:655375233_4,1
1520.0,:656132414_2,1
1520.0,:cluster11510670762_4554226152_0,1
1520.0,:cluster_2528018119_655375236_17,1
1520.0,:cluster_3208478133_655375293_655375296_9631728504_#1more_8,5
1520.0,:cluster_3431431575_4777363357_655375231_6982059025_3,1
1520.0,:cluster_623980147_623980152_9,1
1540.0,-300077497#5,24
1540.0,-300077497#8,4
1540.0,-35274074#2,12
1540.0,-51362429#1,4
1540.0,-51362430,15
1540.0,-593847703#3,18
1540.0,-E0,19
1540.0,1068234498#0,36
1540.0,1068234499#0,2
1540.0,1068440001,6
1540.0,182334378#0,1
1540.0,182334379#0,1
1540.0,186602412#0,4
1540.0,232003903#0,2
1540.0,238526531#0,25
1540.0,288878926#0,11
1540.0,300077497#0,2
1540.0,30620492#0,18
1540.0,30620492#1,5
1540.0,35274074#0,4
1540.0,484988951#0,4
1540.0,49073226#2,3
1540.0,49695736#0,5
1540.0,506322842#0,1
1540.0,506322844#0,5
1540.0,506322846#0,5
1540.0,506322848#0,1
1540.0,51362429#0,16
1540.0,593844221#0,1
1540.0,593847704#0,2
1540.0,593849711#2,3
1540.0,594658760#0,2
1540.0,:1973482489_8,1
1540.0,:3086736518_0,1
1540.0,:3086736518_4,1
1540.0,:655375232_2,2
1540.0,:655375233_4,1
1540.0,:cluster11510670762_4554226152_0,1
1540.0,:cluster_2528018119_655375236_12,2
1540.0,:cluster_2528018119_655375236_20,1
1540.0,:cluster_3208478133_655375293_655375296_9631728504_#1more_8,5
1540.0,:cluster_3431431575_4777363357_655375231_6982059025_3,1
1540.0,:cluster_623980147_623980152_4,1
1540.0,:cluster_9383263990_9383263991_9383263992_9383263993_7,1
1560.0,-300077497#5,27
1560.0,-300077497#8,4
1560.0,-35274074#2,11
1560.0,-51362430,15
1560.0,-593847703#3,18
1560.0,-E0,19
1560.0,1068234498#0,36
1560.0,1068234499#0,2
1560.0,1068440001,9
1560.0,182334378#0,1
1560.0,182334379#0,1
1560.0,186602412#0,4
1560.0,232003903#0,2
1560.0,238526531#0,25
1560.0,288878926#0,13
1560.0,300077497#0,5
1560.0,30620492#0,18
1560.0,30620492#1,4
1560.0,35274074#0,6
1560.0,484988951#0,4
1560.0,49073226#2,7
1560.0,506322842#0,1
1560.0,506322844#0,6
1560.0,51362429#0,17
1560.0,593844221#0,1
1560.0,593849711#2,3
1560.0,594658760#0,2
1560.0,:3086736518_0,1
1560.0,:3086736518_4,1
1560.0,:655375232_2,2
1560.0,:655375233_4,1
1560.0,:655375238_1,1
1560.0,:655375238_2,1
1560.0,:655375239_6,1
1560.0,:cluster11510670762_4554226152_0,1
1560.0,:cluster622618015_622618108_622618112_622618144_#2more_37,1
1560.0,:cluster622618015_622618108_622618112_622618144_#2more_39,1
1560.0,:cluster_2528018119_655375236_29,2
1560.0,:cluster_3208478133_655375293_655375296_9631728504_#1more_8,5
1580.0,-300077497#5,24
1580.0,-300077497#8,4
1580.0,-35274074#2,12
1580.0,-51362430,18
1580.0,-593847703#3,20
1580.0,-E0,18
1580.0,1068234498#0,36
1580.0,1068440001,9
1580.0,182334378#0,1
1580.0,182334379#0,1
1580.0,238526531#0,24
1580.0,263217604#0,1
1580.0,288878926#0,13
1580.0,300077497#0,2
1580.0,300077497#6,1
1580.0,30620492#0,17
1580.0,30620492#1,4
1580.0,35274074#0,9
1580.0,360018417,1
1580.0,484988951#0,4
1580.0,49073226#2,7
1580.0,506322844#0,8
1580.0,51362429#0,17
1580.0,51362430,2
1580.0,593844221#0,1
1580.0,593849711#2,3
1580.0,594658760#0,2
1580.0,:3086736518_0,1
1580.0,:3086736518_4,1
1580.0,:3086736518_6,1
1580.0,:655375232_2,2
1580.0,:655375233_4,1
1580.0,:655375238_2,1
1580.0,:655375239_3,1
1580.0,:cluster11510670762_4554226152_0,1
1580.0,:cluster655375336_end_0_655375336_end_1_655375336_end_10_655375336_end_11_#8more_25,2
1580.0,:cluster_2038168688_655375573_23,1
1580.0,:cluster_2038168688_655375573_3,1
1580.0,:cluster_2038168688_655375573_30,1
1580.0,:cluster_2038168688_655375573_6,1
1580.0,:cluster_2528018119_655375236_17,1
1580.0,:cluster_3208478133_655375293_655375296_9631728504_#1more_8,3
1580.0,:cluster_9383263990_9383263991_9383263992_9383263993_13,1
1600.0,-300077497#5,23
1600.0,-300077497#8,4
1600.0,-35274074#2,11
1600.0,-51362430,19
1600.0,-593847703#3,22
1600.0,-593847704#2,4
1600.0,-E0,18
1600.0,1068234498#0,35
1600.0,1068440001,8
1600.0,186602412#0,2
1600.0,196961377#3,1
1600.0,238526531#0,26
1600.0,244450512#4,1
1600.0,288878926#0,7
1600.0,30620492#0,17
1600.0,30620492#1,5
1600.0,35274074#0,1
1600.0,484988951#0,4
1600.0,49073226#2,7
1600.0,49695736#0,6
1600.0,506322844#0,8
1600.0,506322846#0,4
1600.0,51362429#0,9
1600.0,51362430,1
1600.0,593847703#0,3
1600.0,593849711#2,3
1600.0,594658760#0,2
1600.0,:1973482489_3,1
1600.0,:3086736518_0,1
1600.0,:3086736518_4,1
1600.0,:3086736518_6,1
1600.0,:655375232_2,3
1600.0,:655375233_0,2
1600.0,:655375233_4,1
1600.0,:655375238_2,1
1600.0,:655375238_3,1
1600.0,:cluster11510670762_4554226152_0,2
1600.0,:cluster655375336_end_0_655375336_end_1_655375336_end_10_655375336_end_11_#8more_39,1
1600.0,:cluster_2038168688_655375573_23,1
1600.0,:cluster_2038168688_655375573_3,1
1600.0,:cluster_2038168688_655375573_30,1
1600.0,:cluster_2038168688_655375573_6,2
1600.0,:cluster_3431431575_4777363357_655375231_6982059025_5,1
1600.0,:cluster_9383263990_9383263991_9383263992_9383263993_13,1
1620.0,-300077497#5,26
1620.0,-300077497#8,1
1620.0,-35274074#2,11
1620.0,-51362429#1,2
1620.0,-51362430,19
1620.0,-593847703#3,23
1620.0,-E0,19
1620.0,1068234498#0,34
1620.0,1068440001,8
1620.0,186602412#0,5
1620.0,238526531#0,27
1620.0,244450512#5,1
1620.0,288878926#0,5
1620.0,300077497#0,2
1620.0,30620492#0,18
1620.0,30620492#1,5
1620.0,484988951#0,3
1620.0,49073226#2,9
1620.0,49695736#0,6
1620.0,506322844#0,8
1620.0,506322846#0,1
1620.0,51362429#0,12
1620.0,593847703#0,7
1620.0,594658760#0,2
1620.0,:3086736518_0,1
1620.0,:3086736518_4,1
1620.0,:3086736518_6,1
1620.0,:655375232_11,1
1620.0,:655375232_2,1
1620.0,:655375233_4,1
1620.0,:655375238_3,1
1620.0,:cluster11510670762_4554226152_0,2
1620.0,:cluster_2038168688_655375573_30,1
1620.0,:cluster_2038168688_655375573_6,2
1620.0,:cluster_9383263990_9383263991_9383263992_9383263993_13,1
1640.0,-300077497#5,26
1640.0,-300077497#8,3
1640.0,-35274074#2,12
1640.0,-51362429#1,8
1640.0,-51362430,19
1640.0,-593847703#3,19
1640.0,-E0,19
1640.0,1068234498#0,34
1640.0,1068440001,8
1640.0,186602412#0,1
1640.0,238526531#0,24
1640.0,244450512#5,1
1640.0,263217604#0,3
1640.0,288878926#0,5
1640.0,300077497#0,5
1640.0,300077497#6,1
1640.0,30620492#0,18
1640.0,30620492#1,5
1640.0,35274074#0,2
1640.0,484988951#0,4
1640.0,49073226#2,9
1640.0,506322840#0,1
1640.0,506322844#0,5
1640.0,506322846#0,1
1640.0,506322848#0,1
1640.0,51362429#0,13
1640.0,593847703#0,7
1640.0,594658760#0,2
1640.0,:3086736518_0,1
1640.0,:3086736518_6,1
1640.0,:655375232_2,1
1640.0,:655375232_8,1
1640.0,:655375238_1,1
1640.0,:655375238_5,1
1640.0,:cluster11510670762_4554226152_0,2
1640.0,:cluster_2038168688_655375573_25,1
1660.0,-300077497#5,27
1660.0,-300077497#8,4
1660.0,-35274074#2,11
1660.0,-51362429#1,9
1660.0,-51362430,19
1660.0,-593847703#3,19
1660.0,-E0,19
1660.0,1068234498#0,34
1660.0,1068440001,8
1660.0,238526531#0,24
1660.0,244450512#5,1
1660.0,263217604#0,3
1660.0,288878926#0,5
1660.0,30620492#0,18
1660.0,30620492#1,5
1660.0,35274074#0,8
1660.0,484988951#0,4
1660.0,49073226#2,9
1660.0,506322844#0,6
1660.0,51362429#0,13
1660.0,593847703#0,7
1660.0,594658760#0,2
1660.0,:3086736518_0,1
1660.0,:3086736518_6,1
1660.0,:655375232_2,1
1660.0,:655375238_2,1
1660.0,:655375238_3,1
1660.0,:cluster11510670762_4554226152_0,2
1680.0,-300077497#5,24
1680.0,-300077497#8,4
1680.0,-35274074#2,11
1680.0,-51362429#1,9
1680.0,-51362430,17
1680.0,-593847703#3,21
1680.0,-E0,19
1680.0,1068234498#0,33
1680.0,1068440001,6
1680.0,238526531#0,25
1680.0,288878926#0,3
1680.0,300077497#0,7
1680.0,30620492#0,18
1680.0,30620492#1,5
1680.0,360843888,1
1680.0,484988951#0,4
1680.0,49073226#2,9
1680.0,49695736#0,3
1680.0,506322844#0,6
1680.0,506322846#0,8
1680.0,51362429#0,15
1680.0,51362430,1
1680.0,593849711#0,2
1680.0,594658760#0,3
1680.0,:3086736518_0,1
1680.0,:3086736518_6,1
1680.0,:655375232_2,1
1680.0,:655375238_2,1
1680.0,:655375238_3,1
1680.0,:cluster11510670762_4554226152_0,1
1680.0,:cluster655375336_end_0_655375336_end_1_655375336_end_10_655375336_end_11_#8more_25,1
1680.0,:cluster_2528018119_655375236_17,1
1680.0,:cluster_3208478133_655375293_655375296_9631728504_#1more_8,1
1700.0,-300077497#5,26
1700.0,-300077497#8,2
1700.0,-35274074#2,11
1700.0,-51362429#1,9
1700.0,-51362430,11
1700.0,-593847703#3,22
1700.0,-E0,19
1700.0,1068234498#0,30
1700.0,1068440001,4
1700.0,186602412#0,5
1700.0,238526531#0,26
1700.0,288135626#0,1
1700.0,300077497#0,3
1700.0,30620492#0,18
1700.0,30620492#1,5
1700.0,360843888,1
1700.0,484988951#0,4
1700.0,49073226#2,9
1700.0,49695736#0,9
1700.0,506322844#0,6
1700.0,506322846#0,3
1700.0,51362429#0,12
1700.0,593844221#0,1
1700.0,593847703#0,1
1700.0,594658760#0,3
1700.0,:1973482489_3,1
1700.0,:3086736518_0,2
1700.0,:3086736518_6,1
1700.0,:655375232_2,2
1700.0,:655375233_0,1
1700.0,:655375238_1,1
1700.0,:655375238_3,1
1700.0,:655375238_5,1
1700.0,:cluster11510670762_4554226152_0,1
1700.0,:cluster_2038168688_655375573_23,1
1700.0,:cluster_3208478133_655375293_655375296_9631728504_#1more_8,4
1700.0,:cluster_5372642442_631668976_631668981_631669076_22,1
1720.0,-300077497#5,27
1720.0,-300077497#8,4
1720.0,-35274074#2,11
1720.0,-51362429#1,9
1720.0,-51362430,13
1720.0,-593847703#3,22
1720.0,-E0,19
1720.0,1068234498#0,30
1720.0,1068234499#0,2
1720.0,1068440001,6
1720.0,1068440004#1,1
1720.0,186602412#0,3
1720.0,238526531#0,26
1720.0,263217604#0,1
1720.0,300077497#0,3
1720.0,300077497#6,1
1720.0,30620492#0,18
1720.0,30620492#1,5
1720.0,35274074#0,3
1720.0,360843888,1
1720.0,484988951#0,3
1720.0,49073226#2,9
1720.0,49695736#0,7
1720.0,506322844#0,4
1720.0,51362429#0,9
1720.0,593844221#0,1
1720.0,593847703#0,6
1720.0,593847704#0,1
1720.0,594658760#0,1
1720.0,:3086736518_0,2
1720.0,:655375232_2,2
1720.0,:cluster11510670762_4554226152_0,1
1720.0,:cluster_2528018119_655375236_12,2
1720.0,:cluster_2528018119_655375236_20,1
1720.0,:cluster_2528018119_655375236_32,1
1720.0,:cluster_2528018119_655375236_33,1
1720.0,:cluster_3208478133_655375293_655375296_9631728504_#1more_8,4
1720.0,:cluster_3431431575_4777363357_655375231_6982059025_5,1
1740.0,-300077497#5,27
1740.0,-300077497#8,4
1740.0,-35274074#2,12
1740.0,-51362429#1,7
1740.0,-51362430,18
1740.0,-593847703#3,19
1740.0,-E0,19
1740.0,1068234498#0,36
1740.0,1068234499#0,2
1740.0,1068440001,6
1740.0,1068440004#1,1
1740.0,182334379#0,1
1740.0,238526531#0,25
1740.0,263217604#0,1
1740.0,288878926#0,4
1740.0,300077497#0,6
1740.0,300077497#6,1
1740.0,30620492#0,18
1740.0,30620492#1,5
1740.0,35274074#0,6
1740.0,360843888,1
1740.0,484988951#0,4
1740.0,49073226#2,6
1740.0,506322844#0,5
1740.0,51362429#0,13
1740.0,593844221#0,1
1740.0,593847703#0,6
1740.0,594658760#0,1
1740.0,:3086736518_0,2
1740.0,:655375232_2,2
1740.0,:655375233_4,3
1740.0,:655375238_6,1
1740.0,:cluster11510670762_4554226152_0,1
1740.0,:cluster622618015_622618108_622618112_622618144_#2more_39,1
1740.0,:cluster_2528018119_655375236_12,2
1740.0,:cluster_2528018119_655375236_20,1
1740.0,:cluster_3208478133_655375293_655375296_9631728504_#1more_8,5
1740.0,:cluster_3431431575_4777363357_655375231_6982059025_3,2
1760.0,-300077497#5,27
1760.0,-300077497#8,4
1760.0,-35274074#2,12
1760.0,-51362429#1,2
1760.0,-51362430,16
1760.0,-593847703#3,18
1760.0,-E0,19
1760.0,1068234498#0,36
1760.0,1068234499#0,1
1760.0,1068440001,9
1760.0,182334379#0,1
1760.0,238526531#0,25
1760.0,244450512#5,1
1760.0,263217604#0,1
1760.0,288878926#0,10
1760.0,300077497#0,5
1760.0,30620492#0,18
1760.0,30620492#1,5
1760.0,35274074#0,9
1760.0,484988951#0,4
1760.0,49073226#2,5
1760.0,506322844#0,5
1760.0,51362429#0,13
1760.0,593844221#0,1
1760.0,593847703#0,2
1760.0,594658760#0,1
1760.0,:3086736518_0,2
1760.0,:3086736518_4,1
1760.0,:655375232_2,2
1760.0,:655375233_4,1
1760.0,:655375233_8,1
1760.0,:655375238_1,1
1760.0,:cluster11510670762_4554226152_0,1
1760.0,:cluster_2038168688_655375573_23,1
1760.0,:cluster_2038168688_655375573_24,1
1760.0,:cluster_2038168688_655375573_3,1
1760.0,:cluster_2038168688_655375573_6,1
1760.0,:cluster_2528018119_655375236_3,2
1760.0,:cluster_3208478133_655375293_655375296_9631728504_#1more_8,5
1760.0,:cluster_3431431575_4777363357_655375231_6982059025_3,3
1760.0,:cluster_623980147_623980152_9,1
1780.0,-300077497#5,27
1780.0,-300077497#8,4
1780.0,-35274074#2,12
1780.0,-51362430,17
1780.0,-593847703#3,18
1780.0,-593847704#2,3
1780.0,-E0,19
1780.0,1068234498#0,37
1780.0,1068234499#0,1
1780.0,1068440001,8
1780.0,182334379#0,1
1780.0,186602412#0,3
1780.0,238526531#0,25
1780.0,244450512#4,1
1780.0,244450512#5,1
1780.0,288878926#0,7
1780.0,300077497#0,3
1780.0,300077497#6,3
1780.0,30620492#0,18
1780.0,30620492#1,5
1780.0,35274074#0,2
1780.0,484988951#0,4
1780.0,49073226#2,7
1780.0,49695736#0,5
1780.0,506322844#0,5
1780.0,506322846#0,10
1780.0,51362429#0,15
1780.0,594658760#0,1
1780.0,:1973482489_3,1
1780.0,:3086736518_0,2
1780.0,:3086736518_4,1
1780.0,:655375232_2,2
1780.0,:655375233_4,1
1780.0,:655375233_8,1
1780.0,:655375238_6,1
1780.0,:cluster11510670762_4554226152_0,2
1780.0,:cluster655375336_end_0_655375336_end_1_655375336_end_10_655375336_end_11_#8more_25,1
1780.0,:cluster_623980147_623980152_9,1
1800.0,-300077497#5,25
1800.0,-300077497#8,4
1800.0,-35274074#2,12
1800.0,-51362430,17
1800.0,-593847703#3,20
1800.0,-593847704#2,1
1800.0,-E0,18
1800.0,1068234498#0,37
1800.0,1068234499#0,1
1800.0,1068440001,8
1800.0,182334379#0,1
1800.0,186602412#0,5
1800.0,238526531#0,25
1800.0,244450512#5,2
1800.0,288878926#0,9
1800.0,300077497#6,3
1800.0,30620492#0,18
1800.0,30620492#1,5
1800.0,484988951#0,4
1800.0,49073226#2,4
1800.0,49695736#0,6
1800.0,506322844#0,5
1800.0,506322846#0,9
1800.0,51362429#0,15
1800.0,594658760#0,1
1800.0,:3086736518_0,1
1800.0,:3086736518_4,1
1800.0,:3086736518_6,1
1800.0,:655375232_2,3
1800.0,:655375233_0,2
1800.0,:655375233_4,1
1800.0,:655375233_8,1
1800.0,:cluster11510670762_4554226152_0,2
1800.0,:cluster_2038168688_655375573_23,1
1820.0,-300077497#5,26
1820.0,-300077497#8,2
1820.0,-35274074#2,12
1820.0,-51362430,17
1820.0,-593847703#3,20
1820.0,-E0,19
1820.0,1068234498#0,37
1820.0,1068440001,8
1820.0,182334379#0,1
1820.0,186602412#0,4
1820.0,238526531#0,25
1820.0,244450512#5,2
1820.0,288878926#0,9
1820.0,300077497#0,6
1820.0,300077497#6,3
1820.0,30620492#0,18
1820.0,30620492#1,5
1820.0,484988951#0,3
1820.0,49073226#2,4
1820.0,506322844#0,4
1820.0,506322846#0,3
1820.0,51362429#0,15
1820.0,593847705,1
1820.0,594658760#0,1
1820.0,:1973482489_8,1
1820.0,:3086736518_0,2
1820.0,:3086736518_4,1
1820.0,:3086736518_6,1
1820.0,:655375232_2,3
1820.0,:655375233_0,3
1820.0,:655375233_4,1
1820.0,:655375233_8,1
1820.0,:655375238_5,1
1820.0,:655375239_5,1
1820.0,:cluster11510670762_4554226152_0,2
1820.0,:cluster_2528018119_655375236_29,1
1840.0,-300077497#5,27
1840.0,-300077497#8,4
1840.0,-35274074#2,12
1840.0,-51362429#1,1
1840.0,-51362430,17
1840.0,-593847703#3,17
1840.0,-E0,19
1840.0,1068234498#0,37
1840.0,1068440001,8
1840.0,182334379#0,1
1840.0,186602412#0,1
1840.0,238526531#0,24
1840.0,244450512#5,2
1840.0,288878926#0,9
1840.0,300077497#0,1
1840.0,30620492#0,18
1840.0,30620492#1,5
1840.0,35274074#0,5
1840.0,484988951#0,2
1840.0,49073226#2,4
1840.0,506322844#0,5
1840.0,51362429#0,16
1840.0,593847705,1
1840.0,594658760#0,1
1840.0,:3086736518_0,2
1840.0,:3086736518_4,1
1840.0,:3086736518_6,1
1840.0,:655375232_2,3
1840.0,:655375232_8,1
1840.0,:655375233_0,3
1840.0,:655375233_4,2
1840.0,:655375233_8,1
1840.0,:655375238_2,1
1840.0,:655375238_6,1
1840.0,:cluster11510670762_4554226152_0,2
1860.0,-300077497#5,21
1860.0,-300077497#8,4
1860.0,-35274074#2,11
1860.0,-51362429#1,4
1860.0,-51362430,14
1860.0,-593847703#3,22
1860.0,-E0,19
1860.0,1068234498#0,37
1860.0,1068440001,5
1860.0,182334379#0,1
1860.0,238526531#0,24
1860.0,288878926#0,7
1860.0,300077497#0,1
1860.0,30620492#0,18
1860.0,30620492#1,5
1860.0,484988951#0,1
1860.0,49073226#2,4
1860.0,49695736#0,2
1860.0,506322844#0,5
1860.0,506322846#0,6
1860.0,51362429#0,17
1860.0,51362430,1
1860.0,593844221#0,1
1860.0,593847702#0,1
1860.0,593847703#0,1
1860.0,593847705,1
1860.0,593849711#0,1
1860.0,594658760#0,1
1860.0,:3086736518_0,2
1860.0,:3086736518_6,1
1860.0,:655375232_2,3
1860.0,:655375238_2,1
1860.0,:655375238_3,1
1860.0,:656132414_2,1
1860.0,:656132414_3,1
1860.0,:cluster11510670762_4554226152_0,1
1860.0,:cluster655375336_end_0_655375336_end_1_655375336_end_10_655375336_end_11_#8more_25,1
1860.0,:cluster_2528018119_655375236_3,1
1860.0,:cluster_3208478133_655375293_655375296_9631728504_#1more_8,2
1860.0,:cluster_3431431575_4777363357_655375231_6982059025_3,2
1880.0,-300077497#5,22
1880.0,-300077497#8,2
1880.0,-35274074#2,11
1880.0,-51362429#1,3
1880.0,-51362430,8
1880.0,-593847703#3,22
1880.0,-593847704#2,1
1880.0,-E0,19
1880.0,1068234498#0,36
1880.0,1068440001,4
1880.0,186602412#0,4
1880.0,238526531#0,26
1880.0,288878926#0,1
1880.0,300077497#0,2
1880.0,30620492#0,18
1880.0,30620492#1,5
1880.0,484988951#0,3
1880.0,49073226#2,7
1880.0,49695736#0,10
1880.0,506322844#0,5
1880.0,51362429#0,17
1880.0,593844221#0,1
1880.0,593847702#0,1
1880.0,593847705,1
1880.0,594658760#0,1
1880.0,:3086736518_0,2
1880.0,:3086736518_6,1
1880.0,:655375232_2,3
1880.0,:655375238_1,1
1880.0,:655375238_3,1
1880.0,:655375238_5,1
1880.0,:cluster11510670762_4554226152_0,1
1880.0,:cluster655375336_end_0_655375336_end_1_655375336_end_10_655375336_end_11_#8more_25,2
1880.0,:cluster_2528018119_655375236_17,1
1880.0,:cluster_3208478133_655375293_655375296_9631728504_#1more_8,1
1900.0,-300077497#5,26
1900.0,-300077497#8,4
1900.0,-35274074#2,9
1900.0,-51362429#1,3
1900.0,-593847703#3,23
1900.0,-E0,19
1900.0,1068234498#0,36
1900.0,1068440001,7
1900.0,238526531#0,25
1900.0,288878926#0,1
1900.0,300077497#0,2
1900.0,300077497#6,1
1900.0,30620492#0,17
1900.0,30620492#1,5
1900.0,35274074#0,3
1900.0,484988951#0,3
1900.0,49073226#2,7
1900.0,49695736#0,9
1900.0,506322844#0,3
1900.0,51362429#0,17
1900.0,593844221#0,1
1900.0,593847705,1
1900.0,593852345#0,1
1900.0,594658760#0,1
1900.0,:3086736518_0,2
1900.0,:3086736518_6,1
1900.0,:655375232_2,3
1900.0,:655375238_3,1
1900.0,:cluster11510670762_4554226152_0,1
1900.0,:cluster_2038168688_655375573_25,1
1900.0,:cluster_2528018119_655375236_20,1
1900.0,:cluster_2528018119_655375236_32,1
1900.0,:cluster_3208478133_655375293_655375296_9631728504_#1more_8,5
1920.0,-300077497#5,27
1920.0,-300077497#8,4
1920.0,-35274074#2,12
1920.0,-51362429#1,3
1920.0,-593847703#3,23
1920.0,-E0,19
1920.0,1068234498#0,37
1920.0,1068440001,7
1920.0,196961215#2,1
1920.0,238526531#0,20
1920.0,288878926#0,1
1920.0,300077497#0,7
1920.0,300077497#6,2
1920.0,30620492#0,18
1920.0,30620492#1,5
1920.0,35274074#0,5
1920.0,49073226#2,7
1920.0,49695736#0,2
1920.0,506322844#0,5
1920.0,506322848#0,2
1920.0,51362429#0,12
1920.0,593844221#0,1
1920.0,593847701,1
1920.0,593847703#0,8
1920.0,594658760#0,1
1920.0,:3086736518_6,1
1920.0,:655375232_2,2
1920.0,:655375233_0,1
1920.0,:655375238_6,1
1920.0,:cluster11510670762_4554226152_0,1
1920.0,:cluster_2528018119_655375236_20,1
1920.0,:cluster_3208478133_655375293_655375296_9631728504_#1more_8,5
1920.0,:cluster_3431431575_4777363357_655375231_6982059025_7,2
1940.0,-300077497#5,24
1940.0,-300077497#8,4
1940.0,-35274074#2,12
1940.0,-51362429#1,3
1940.0,-593847703#3,22
1940.0,-E0,19
1940.0,1068234498#0,37
1940.0,1068440001,7
1940.0,196961215#2,1
1940.0,238526531#0,20
1940.0,288878926#0,1
1940.0,300077497#0,5
1940.0,30620492#0,18
1940.0,30620492#1,5
1940.0,35274074#0,9
1940.0,49073226#2,9
1940.0,506322844#0,5
1940.0,506322848#0,2
1940.0,51362429#0,12
1940.0,593844221#0,1
1940.0,593847701,1
1940.0,593847703#0,5
1940.0,594658760#0,1
1940.0,:655375232_2,2
1940.0,:655375233_4,2
1940.0,:cluster11510670762_4554226152_0,1
1940.0,:cluster622618015_622618108_622618112_622618144_#2more_39,1
1940.0,:cluster_2038168688_655375573_23,1
1940.0,:cluster_2038168688_655375573_24,1
1940.0,:cluster_2038168688_655375573_3,1
1940.0,:cluster_2038168688_655375573_6,1
1940.0,:cluster_2528018119_655375236_17,1
1940.0,:cluster_2528018119_655375236_19,1
1940.0,:cluster_2528018119_655375236_3,2
1940.0,:cluster_3208478133_655375293_655375296_9631728504_#1more_8,5
1960.0,-300077497#5,22
1960.0,-300077497#8,4
1960.0,-35274074#2,12
1960.0,-51362429#1,10
1960.0,-593847703#3,15
1960.0,-E0,19
1960.0,1068234498#0,29
1960.0,1068234499#0,1
1960.0,1068440001,7
1960.0,182334378#0,1
1960.0,186602412#0,2
1960.0,196961215#2,1
1960.0,238526531#0,25
1960.0,300077497#0,6
1960.0,30620492#0,18
1960.0,30620492#1,5
1960.0,35274074#0,2
1960.0,49073226#2,9
1960.0,506322844#0,5
1960.0,506322846#0,11
1960.0,506322848#0,2
1960.0,51362429#0,12
1960.0,593844221#0,1
1960.0,593847701,1
1960.0,594658760#0,1
1960.0,:1973482489_8,1
1960.0,:3086736518_4,1
1960.0,:655375232_2,2
1960.0,:655375238_6,1
1960.0,:cluster11510670762_4554226152_0,1
1960.0,:cluster655375336_end_0_655375336_end_1_655375336_end_10_655375336_end_11_#8more_25,2
1960.0,:cluster_2038168688_655375573_23,1
1960.0,:cluster_2038168688_655375573_3,1
1960.0,:cluster_2528018119_655375236_17,3
1960.0,:cluster_3208478133_655375293_655375296_9631728504_#1more_8,3
1960.0,:cluster_3431431575_4777363357_655375231_6982059025_3,1
1960.0,:cluster_5372642442_631668976_631668981_631669076_45,2
1980.0,-300077497#5,21
1980.0,-300077497#8,2
1980.0,-35274074#2,11
1980.0,-51362429#1,7
1980.0,-593847703#3,22
1980.0,-E0,19
1980.0,1068234498#0,31
1980.0,1068234499#0,1
1980.0,1068440001,6
1980.0,186602412#0,5
1980.0,238526531#0,28
1980.0,288135626#0,2
1980.0,288878926#0,7
1980.0,300077497#0,1
1980.0,30620492#0,18
1980.0,30620492#1,5
1980.0,35274074#0,3
1980.0,49073226#2,5
1980.0,49695736#0,6
1980.0,506322844#0,5
1980.0,506322846#0,10
1980.0,506322848#0,2
1980.0,51362429#0,12
1980.0,51362430,1
1980.0,593847701,1
1980.0,594658760#0,1
1980.0,:1973482489_3,1
1980.0,:2444664370_0,1
1980.0,:3086736518_4,1
1980.0,:655375232_2,2
1980.0,:655375238_1,1
1980.0,:cluster11510670762_4554226152_0,2
1980.0,:cluster_3431431575_4777363357_655375231_6982059025_3,2
2000.0,-1334905223#2,1
2000.0,-300077497#5,25
2000.0,-300077497#8,2
2000.0,-35274074#2,12
2000.0,-593847703#3,22
2000.0,-E0,17
2000.0,1068234498#0,32
2000.0,1068234499#0,2
2000.0,1068440001,6
2000.0,186602412#0,5
2000.0,238526531#0,24
2000.0,288878926#0,13
2000.0,300077497#0,6
2000.0,30620492#0,18
2000.0,30620492#1,5
2000.0,35274074#0,5
2000.0,49073226#2,7
2000.0,506322840#0,1
2000.0,506322844#0,2
2000.0,506322846#0,3
2000.0,51362429#0,12
2000.0,593847701,1
2000.0,594658760#0,1
2000.0,:1973482489_3,1
2000.0,:3086736518_4,1
2000.0,:3086736518_6,2
2000.0,:655375232_2,2
2000.0,:655375238_5,2
2000.0,:655375239_5,1
2000.0,:655375239_6,1
2000.0,:655375241_0,1
2000.0,:cluster11510670762_4554226152_0,2
2000.0,:cluster_2528018119_655375236_12,1
2000.0,:cluster_2528018119_655375236_29,1
2000.0,:cluster_3431431575_4777363357_655375231_6982059025_3,2
2020.0,-300077497#5,27
2020.0,-300077497#8,2
2020.0,-35274074#2,12
2020.0,-593847703#3,22
2020.0,-E0,19
2020.0,1068234498#0,32
2020.0,1068440001,6
2020.0,186602412#0,2
2020.0,238526531#0,24
2020.0,263217604#0,1
2020.0,288878926#0,13
2020.0,300077497#0,5
2020.0,30620492#0,18
2020.0,30620492#1,5
2020.0,35274074#0,12
2020.0,49073226#2,8
2020.0,506322844#0,5
2020.0,51362429#0,11
2020.0,593847701,2
2020.0,:3086736518_4,1
2020.0,:3086736518_6,2
2020.0,:655375232_2,2
2020.0,:655375238_6,1
2020.0,:cluster11510670762_4554226152_0,2
2020.0,:cluster_3431431575_4777363357_655375231_6982059025_3,1
2040.0,-300077497#5,24
2040.0,-300077497#8,2
2040.0,-35274074#2,11
2040.0,-593847703#3,24
2040.0,-E0,19
2040.0,1068234498#0,30
2040.0,238526531#0,25
2040.0,288135626#0,1
2040.0,288878926#0,11
2040.0,300077497#6,1
2040.0,30620492#0,18
2040.0,30620492#1,5
2040.0,35274074#0,2
2040.0,360843888,1
2040.0,49073226#2,8
2040.0,49695736#0,3
2040.0,506322844#0,5
2040.0,506322846#0,8
2040.0,51362429#0,11
2040.0,593847701,2
2040.0,593849711#0,1
2040.0,:3086736518_4,1
2040.0,:3086736518_6,2
2040.0,:655375232_2,2
2040.0,:cluster11510670762_4554226152_0,1
2040.0,:cluster655375336_end_0_655375336_end_1_655375336_end_10_655375336_end_11_#8more_25,2
2040.0,:cluster655375336_end_0_655375336_end_1_655375336_end_10_655375336_end_11_#8more_6,1
2040.0,:cluster_2038168688_655375573_23,1
2040.0,:cluster_2038168688_655375573_24,1
2040.0,:cluster_2038168688_655375573_3,1
2040.0,:cluster_2038168688_655375573_6,1
2040.0,:cluster_3208478133_655375293_655375296_9631728504_#1more_8,2
2040.0,:cluster_3431431575_4777363357_655375231_6982059025_3,1
2060.0,-300077497#5,26
2060.0,-35274074#2,10
2060.0,-51362429#1,3
2060.0,-593847703#3,19
2060.0,-E0,19
2060.0,1068234498#0,35
2060.0,1068234499#0,1
2060.0,186602412#0,4
2060.0,232003903#0,1
2060.0,238526531#0,25
2060.0,288878926#0,5
2060.0,300077497#6,1
2060.0,30620492#0,18
2060.0,30620492#1,5
2060.0,360843888,1
2060.0,49073226#2,8
2060.0,49695736#0,8
2060.0,506322844#0,5
2060.0,506322846#0,7
2060.0,51362429#0,11
2060.0,593847701,2
2060.0,593847704#0,1
2060.0,:1973482489_8,1
2060.0,:3086736518_4,1
2060.0,:3086736518_6,1
2060.0,:655375232_2,2
2060.0,:655375233_4,2
2060.0,:655375238_2,1
2060.0,:cluster_3431431575_4777363357_655375231_6982059025_3,1
2080.0,-300077497#5,27
2080.0,-300077497#8,2
2080.0,-35274074#2,10
2080.0,-51362429#1,3
2080.0,-593847703#3,19
2080.0,-E0,19
2080.0,1068234498#0,37
2080.0,186602412#0,4
2080.0,232003903#0,1
2080.0,238526531#0,22
2080.0,263217604#0,1
2080.0,288878926#0,5
2080.0,300077497#0,2
2080.0,300077497#6,3
2080.0,30620492#0,18
2080.0,30620492#1,5
2080.0,360843888,1
2080.0,49073226#2,8
2080.0,49695736#0,4
2080.0,506322844#0,2
2080.0,51362429#0,11
2080.0,593847701,2
2080.0,593847704#0,2
2080.0,:1973482489_3,1
2080.0,:3086736518_4,1
2080.0,:655375232_2,2
2080.0,:655375233_4,2
2080.0,:655375239_5,1
2080.0,:cluster_2038168688_655375573_25,1
2080.0,:cluster_2528018119_655375236_12,1
2080.0,:cluster_2528018119_655375236_20,1
2080.0,:cluster_2528018119_655375236_32,1
2080.0,:cluster_3431431575_4777363357_655375231_6982059025_3,1
2100.0,-300077497#5,27
2100.0,-300077497#8,4
2100.0,-35274074#2,12
2100.0,-51362429#1,3
2100.0,-593847703#3,19
2100.0,-E0,17
2100.0,1068234498#0,38
2100.0,232003903#0,1
2100.0,238526531#0,21
2100.0,263217604#0,2
2100.0,288878926#0,5
2100.0,300077497#0,6
2100.0,300077497#6,3
2100.0,30620492#0,18
2100.0,30620492#1,5
2100.0,35274074#0,2
2100.0,360843888,1
2100.0,49073226#2,8
2100.0,506322844#0,5
2100.0,51362429#0,11
2100.0,593847701,2
2100.0,:3086736518_4,1
2100.0,:3086736518_6,2
2100.0,:655375232_2,2
2100.0,:655375233_4,2
2100.0,:655375238_6,1
2100.0,:cluster622618015_622618108_622618112_622618144_#2more_39,2
2100.0,:cluster_3431431575_4777363357_655375231_6982059025_3,1
2120.0,-300077497#5,25
2120.0,-300077497#8,4
2120.0,-35274074#2,12
2120.0,-51362429#1,3
2120.0,-593847703#3,20
2120.0,-E0,18
2120.0,1068234498#0,38
2120.0,182334378#0,1
2120.0,238526531#0,21
2120.0,244450512#5,1
2120.0,263217604#0,2
2120.0,288878926#0,5
2120.0,300077497#6,1
2120.0,30620492#0,18
2120.0,30620492#1,5
2120.0,35274074#0,4
2120.0,49073226#2,8
2120.0,506322844#0,5
2120.0,506322846#0,1
2120.0,51362429#0,11
2120.0,51362430,1
2120.0,593847701,1
2120.0,:3086736518_0,1
2120.0,:3086736518_4,1
2120.0,:3086736518_6,2
2120.0,:655375232_2,2
2120.0,:655375233_4,2
2120.0,:cluster_2038168688_655375573_23,1
2120.0,:cluster_2038168688_655375573_3,1
2120.0,:cluster_2038168688_655375573_6,1
2120.0,:cluster_3431431575_4777363357_655375231_6982059025_3,1
2140.0,-300077497#5,23
2140.0,-300077497#8,4
2140.0,-35274074#2,12
2140.0,-51362429#1,3
2140.0,-593847703#3,20
2140.0,-E0,19
2140.0,1068234498#0,33
2140.0,182334378#0,1
2140.0,186602412#0,3
2140.0,238526531#0,26
2140.0,244450512#4,1
2140.0,244450512#5,1
2140.0,30620492#0,18
2140.0,30620492#1,5
2140.0,49073226#2,9
2140.0,506322844#0,5
2140.0,506322846#0,5
2140.0,51362429#0,11
2140.0,593847701,1
2140.0,593849711#0,1
2140.0,594658760#0,1
2140.0,:3086736518_0,1
2140.0,:3086736518_4,1
2140.0,:3086736518_6,2
2140.0,:655375232_2,2
2140.0,:655375233_4,2
2140.0,:cluster_2528018119_655375236_17,2
2140.0,:cluster_3431431575_4777363357_655375231_6982059025_3,1
2160.0,-300077497#5,23
2160.0,-300077497#8,2
2160.0,-35274074#2,10
2160.0,-51362429#1,6
2160.0,-593847703#3,19
2160.0,-E0,19
2160.0,1068234498#0,32
2160.0,186602412#0,3
2160.0,238526531#0,27
2160.0,244450512#5,2
2160.0,30620492#0,18
2160.0,30620492#1,5
2160.0,49073226#2,9
2160.0,506322844#0,5
2160.0,51362429#0,11
2160.0,593847701,1
2160.0,593847702#0,1
2160.0,593847704#0,2
2160.0,594658760#0,1
2160.0,:3086736518_0,1
2160.0,:3086736518_4,1
2160.0,:3086736518_6,1
2160.0,:3086736518_7,1
2160.0,:655375232_2,2
2160.0,:655375233_4,2
2160.0,:655375238_2,1
2160.0,:655375238_3,1
2160.0,:656132414_3,1
2160.0,:cluster_3431431575_4777363357_655375231_6982059025_3,1
2180.0,-1334905223#2,1
2180.0,-300077497#5,27
2180.0,-300077497#8,4
2180.0,-35274074#2,11
2180.0,-51362429#1,7
2180.0,-593847703#3,19
2180.0,-E0,19
2180.0,1068234498#0,32
2180.0,238526531#0,25
2180.0,244450512#5,2
2180.0,30620492#0,18
2180.0,30620492#1,5
2180.0,49073226#2,10
2180.0,49073272#3,1
2180.0,506322844#0,4
2180.0,51362429#0,11
2180.0,593847701,1
2180.0,593847704#0,3
2180.0,594658760#0,1
2180.0,:3086736518_0,1
2180.0,:3086736518_4,1
2180.0,:3086736518_6,1
2180.0,:655375232_2,2
2180.0,:655375238_3,1
2180.0,:cluster_3431431575_4777363357_655375231_6982059025_3,1
2200.0,-300077497#5,27
2200.0,-300077497#8,4
2200.0,-35274074#2,7
2200.0,-51362429#1,7
2200.0,-593847703#3,19
2200.0,-E0,19
2200.0,1068234498#0,32
2200.0,238526531#0,22
2200.0,244450512#5,2
2200.0,288878926#0,1
2200.0,300077497#6,2
2200.0,30620492#0,17
2200.0,30620492#1,5
2200.0,49073226#2,8
2200.0,49073272#1,1
2200.0,49073272#3,2
2200.0,506322844#0,5
2200.0,51362429#0,11
2200.0,593847701,1
2200.0,593849718#0,1
2200.0,:3086736518_0,1
2200.0,:3086736518_4,1
2200.0,:3086736518_6,1
2200.0,:655375232_2,2
2200.0,:655375238_3,1
2200.0,:655375239_3,1
2200.0,:cluster655375336_end_0_655375336_end_1_655375336_end_10_655375336_end_11_#8more_16,1
2200.0,:cluster_2038168688_655375573_8,1
2200.0,:cluster_3431431575_4777363357_655375231_6982059025_3,1
2200.0,:cluster_623980147_623980152_4,1
2220.0,-300077497#5,21
2220.0,-300077497#8,4
2220.0,-51362429#1,6
2220.0,-593847703#3,24
2220.0,-E0,19
2220.0,1068234498#0,34
2220.0,1068440004#1,1
2220.0,182334378#0,1
2220.0,238526531#0,22
2220.0,288135626#0,1
2220.0,288878926#0,5
2220.0,300077497#6,2
2220.0,30620492#0,18
2220.0,30620492#1,5
2220.0,360018417,3
2220.0,49073226#2,4
2220.0,506322844#0,5
2220.0,51362429#0,8
2220.0,51362430,2
2220.0,593847703#0,1
2220.0,593849711#0,2
2220.0,:3086736518_0,2
2220.0,:3086736518_4,1
2220.0,:3086736518_6,1
2220.0,:655375232_2,4
2220.0,:cluster_2528018119_655375236_17,1
2220.0,:cluster_5372642442_631668976_631668981_631669076_26,1
2220.0,:cluster_623980147_623980152_9,1
2240.0,-300077497#5,20
2240.0,-300077497#8,1
2240.0,-51362429#1,4
2240.0,-593847703#3,26
2240.0,-E0,19
2240.0,1068234498#0,31
2240.0,1068234499#0,1
2240.0,1068440004#1,1
2240.0,196961377#3,1
2240.0,232003903#0,1
2240.0,238526531#0,26
2240.0,288878926#0,4
2240.0,300077497#0,1
2240.0,300077497#6,2
2240.0,30620492#0,18
2240.0,30620492#1,5
2240.0,506322844#0,5
2240.0,51362429#0,8
2240.0,:3086736518_0,2
2240.0,:3086736518_4,1
2240.0,:3086736518_6,1
2240.0,:655375232_2,4
2240.0,:655375238_5,1
2240.0,:cluster622618015_622618108_622618112_622618144_#2more_49,2
2240.0,:cluster_2528018119_655375236_17,2
2240.0,:cluster_3431431575_4777363357_655375231_6982059025_3,2
2240.0,:cluster_3431431575_4777363357_655375231_6982059025_7,2
2240.0,:cluster_5372642442_631668976_631668981_631669076_26,1
2240.0,:cluster_5372642442_631668976_631668981_631669076_45,1
2260.0,-300077497#5,22
2260.0,-300077497#8,1
2260.0,-35274074#2,3
2260.0,-51362429#1,1
2260.0,-593847703#3,22
2260.0,-E0,19
2260.0,1068234498#0,33
2260.0,1068440004#1,1
2260.0,232003903#0,2
2260.0,238526531#0,22
2260.0,288878926#0,8
2260.0,300077497#0,1
2260.0,300077497#6,2
2260.0,30620492#0,18
2260.0,30620492#1,5
2260.0,35274074#0,1
2260.0,49073226#2,4
2260.0,506322844#0,3
2260.0,51362429#0,8
2260.0,593847704#0,1
2260.0,:3086736518_0,2
2260.0,:3086736518_4,1
2260.0,:655375232_2,4
2260.0,:655375232_8,1
2260.0,:655375233_4,4
2260.0,:655375238_5,1
2260.0,:655375239_5,1
2260.0,:cluster_2038168688_655375573_8,1
2260.0,:cluster_5372642442_631668976_631668981_631669076_45,1
2260.0,:cluster_9383263990_9383263991_9383263992_9383263993_7,1
2280.0,-300077497#5,27
2280.0,-300077497#8,4
2280.0,-35274074#2,9
2280.0,-51362429#1,3
2280.0,-593847703#3,20
2280.0,-E0,19
2280.0,1068234498#0,37
2280.0,232003903#0,2
2280.0,238526531#0,16
2280.0,288878926#0,8
2280.0,300077497#6,3
2280.0,30620492#0,18
2280.0,30620492#1,5
2280.0,35274074#0,1
2280.0,49073226#2,7
2280.0,506322844#0,4
2280.0,51362429#0,8
2280.0,593847702#0,1
2280.0,593847704#0,1
2280.0,:3086736518_0,2
2280.0,:655375232_2,4
2280.0,:655375238_3,1
2280.0,:cluster622618015_622618108_622618112_622618144_#2more_39,1
2280.0,:cluster_5372642442_631668976_631668981_631669076_45,1
2300.0,-300077497#5,23
2300.0,-300077497#8,4
2300.0,-35274074#2,6
2300.0,-51362429#1,3
2300.0,-593847703#3,22
2300.0,-E0,19
2300.0,1068234498#0,38
2300.0,238526531#0,14
2300.0,288878926#0,8
2300.0,300077497#6,2
2300.0,30620492#0,18
2300.0,30620492#1,5
2300.0,360018417,1
2300.0,49073226#2,7
2300.0,506322844#0,6
2300.0,51362429#0,8
2300.0,51362430,2
2300.0,593847702#0,1
2300.0,:3086736518_0,2
2300.0,:655375232_2,4
2300.0,:cluster_2038168688_655375573_23,1
2300.0,:cluster_2528018119_655375236_17,2
2300.0,E1,1
2320.0,-300077497#5,23
2320.0,-300077497#8,4
2320.0,-51362429#1,3
2320.0,-593847703#3,24
2320.0,-E0,18
2320.0,1068234498#0,28
2320.0,1068234499#0,2
2320.0,186602412#0,1
2320.0,196961377#3,1
2320.0,238526531#0,19
2320.0,288135626#0,1
2320.0,288878926#0,2
2320.0,300077497#6,4
2320.0,30620492#0,18
2320.0,30620492#1,5
2320.0,49073226#2,9
2320.0,506322844#0,6
2320.0,51362429#0,7
2320.0,593847702#0,1
2320.0,593849711#0,1
2320.0,:3086736518_0,2
2320.0,:3086736518_6,1
2320.0,:655375232_2,3
2320.0,:655375233_0,2
2320.0,:cluster622618015_622618108_622618112_622618144_#2more_0,1
2320.0,:cluster_5372642442_631668976_631668981_631669076_45,2
2340.0,-300077497#5,25
2340.0,-51362429#1,3
2340.0,-593847703#3,26
2340.0,-E0,18
2340.0,1068234498#0,19
2340.0,1068234499#0,3
2340.0,238526531#0,27
2340.0,288135626#0,1
2340.0,300077497#6,4
2340.0,30620492#0,18
2340.0,30620492#1,5
2340.0,49073226#2,9
2340.0,506322844#0,6
2340.0,51362429#0,2
2340.0,593847702#0,1
2340.0,593847703#0,10
2340.0,593847704#0,1
2340.0,:2444664370_0,1
2340.0,:3086736518_0,1
2340.0,:655375232_2,1
2340.0,:cluster_5372642442_631668976_631668981_631669076_22,1
2340.0,:cluster_5372642442_631668976_631668981_631669076_45,1
2360.0,-1334905223#2,1
2360.0,-300077497#5,26
2360.0,-300077497#8,2
2360.0,-35274074#2,6
2360.0,-49073264#1,1
2360.0,-51362429#1,3
2360.0,-593847703#3,22
2360.0,-E0,19
2360.0,1068234498#0,25
2360.0,238526531#0,17
2360.0,263217604#0,1
2360.0,300077497#0,5
2360.0,300077497#6,4
2360.0,30620492#0,18
2360.0,30620492#1,5
2360.0,49073226#2,9
2360.0,506322840#0,1
2360.0,506322844#0,3
2360.0,506322848#0,1
2360.0,51362429#0,2
2360.0,593847703#0,10
2360.0,593847704#0,1
2360.0,:3086736518_0,1
2360.0,:655375232_2,1
2360.0,:655375233_2,1
2360.0,:655375233_4,3
2360.0,:655375238_5,1
2360.0,:655375239_5,2
2360.0,:655375241_0,1
2360.0,:cluster_2038168688_655375573_25,1
2360.0,:cluster_2528018119_655375236_29,1
2380.0,-300077497#5,27
2380.0,-300077497#8,4
2380.0,-35274074#2,12
2380.0,-51362429#1,9
2380.0,-593847703#3,16
2380.0,-E0,19
2380.0,1068234498#0,33
2380.0,238526531#0,12
2380.0,263217604#0,1
2380.0,300077497#0,4
2380.0,300077497#6,1
2380.0,30620492#0,18
2380.0,30620492#1,5
2380.0,49073226#2,9
2380.0,506322844#0,5
2380.0,51362429#0,2
2380.0,593847702#0,1
2380.0,593847703#0,10
2380.0,593849718#0,1
2380.0,:3086736518_0,1
2380.0,:3086736518_4,1
2380.0,:655375232_2,1
2380.0,:655375238_0,1
2380.0,:655375239_3,1
2400.0,-300077497#5,19
2400.0,-300077497#8,4
2400.0,-35274074#2,8
2400.0,-51362429#1,9
2400.0,-593847703#3,22
2400.0,-E0,19
2400.0,1068234498#0,30
2400.0,238526531#0,13
2400.0,288135626#0,3
2400.0,300077497#0,7
2400.0,300077497#6,2
2400.0,30620492#0,18
2400.0,30620492#1,5
2400.0,360843888,1
2400.0,49073226#2,9
2400.0,506322844#0,5
2400.0,51362429#0,2
2400.0,593847702#0,1
2400.0,:3086736518_0,1
2400.0,:3086736518_4,1
2400.0,:655375232_2,1
2400.0,:cluster_2528018119_655375236_19,2
2400.0,:cluster_2528018119_655375236_27,1
2400.0,:cluster_2528018119_655375236_3,2
2400.0,:cluster_5372642442_631668976_631668981_631669076_22,1
2400.0,:cluster_5372642442_631668976_631668981_631669076_26,1
2400.0,:cluster_5372642442_631668976_631668981_631669076_45,2
2420.0,-300077497#5,19
2420.0,-300077497#8,1
2420.0,-35274074#2,8
2420.0,-51362429#1,9
2420.0,-593847703#3,23
2420.0,-E0,18
2420.0,1068234498#0,25
2420.0,1068234499#0,4
2420.0,182334378#0,2
2420.0,182334379#0,1
2420.0,232003903#0,1
2420.0,238526531#0,21
2420.0,288135626#0,1
2420.0,300077497#0,5
2420.0,300077497#6,2
2420.0,30620492#0,18
2420.0,30620492#1,5
2420.0,360843888,1
2420.0,49073226#2,9
2420.0,506322844#0,5
2420.0,506322846#0,1
2420.0,51362429#0,2
2420.0,593847702#0,1
2420.0,:3086736518_0,1
2420.0,:3086736518_4,1
2420.0,:3086736518_6,1
2420.0,:655375232_2,1
2420.0,:655375238_1,1
2420.0,:655375238_5,1
2420.0,:cluster_2038168688_655375573_23,1
2420.0,:cluster_2038168688_655375573_3,1
2420.0,:cluster_5372642442_631668976_631668981_631669076_26,1
2440.0,-300077497#5,22
2440.0,-300077497#8,1
2440.0,-35274074#2,11
2440.0,-51362429#1,8
2440.0,-593847703#3,23
2440.0,-E0,19
2440.0,1068234498#0,22
2440.0,1068234499#0,4
2440.0,186602412#0,3
2440.0,232003903#0,2
2440.0,238526531#0,18
2440.0,288878926#0,3
2440.0,300077497#0,2
2440.0,300077497#6,2
2440.0,30620492#0,18
2440.0,30620492#1,5
2440.0,35274074#0,5
2440.0,360843888,1
2440.0,49073226#2,5
2440.0,49073272#3,1
2440.0,506322844#0,1
2440.0,506322848#0,2
2440.0,593847703#0,3
2440.0,:3086736518_0,1
2440.0,:3086736518_4,1
2440.0,:3086736518_6,1
2440.0,:655375238_1,1
2440.0,:655375238_5,1
2440.0,:655375239_5,2
2440.0,:cluster_2528018119_655375236_12,1
2440.0,:cluster_2528018119_655375236_29,1
2440.0,:cluster_3431431575_4777363357_655375231_6982059025_3,1
2440.0,:cluster_623980147_623980152_4,1
2440.0,:cluster_9383263990_9383263991_9383263992_9383263993_7,1
2460.0,-1334905223#2,1
2460.0,-300077497#5,27
2460.0,-300077497#8,3
2460.0,-35274074#2,12
2460.0,-51362429#1,1
2460.0,-593847703#3,21
2460.0,-E0,19
2460.0,1068234498#0,30
2460.0,232003903#0,2
2460.0,238526531#0,14
2460.0,263217604#0,1
2460.0,288878926#0,10
2460.0,300077497#0,6
2460.0,300077497#6,3
2460.0,30620492#0,18
2460.0,30620492#1,5
2460.0,35274074#0,6
2460.0,360843888,1
2460.0,49073226#2,5
2460.0,49073272#3,1
2460.0,506322840#0,1
2460.0,506322844#0,3
2460.0,506322847#0,1
2460.0,593847703#0,3
2460.0,:3086736518_0,1
2460.0,:3086736518_6,1
2460.0,:655375232_8,1
2460.0,:655375233_4,2
2460.0,:655375238_0,1
2460.0,:655375241_0,1
2460.0,:cluster_3431431575_4777363357_655375231_6982059025_3,2
2480.0,-300077497#5,25
2480.0,-300077497#8,3
2480.0,-35274074#2,10
2480.0,-506322847#4,1
2480.0,-51362429#1,5
2480.0,-593847703#3,20
2480.0,-E0,19
2480.0,1068234498#0,34
2480.0,238526531#0,14
2480.0,244450512#4,1
2480.0,263217604#0,1
2480.0,288878926#0,13
2480.0,300077497#0,2
2480.0,300077497#6,1
2480.0,30620492#0,18
2480.0,30620492#1,5
2480.0,35274074#0,2
2480.0,360018417,1
2480.0,49073226#2,5
2480.0,506322844#0,5
2480.0,51362430,2
2480.0,593847704#0,1
2480.0,:3086736518_0,1
2480.0,:655375238_3,1
2480.0,:655375239_3,1
2480.0,:cluster_2038168688_655375573_23,1
2480.0,:cluster_2038168688_655375573_24,1
2480.0,:cluster_2038168688_655375573_3,1
2480.0,:cluster_2038168688_655375573_6,1
2480.0,:cluster_2528018119_655375236_3,1
2480.0,:cluster_3431431575_4777363357_655375231_6982059025_3,1
2480.0,E1,1
2500.0,-300077497#5,24
2500.0,-300077497#8,3
2500.0,-35274074#2,5
2500.0,-51362429#1,4
2500.0,-593847703#3,21
2500.0,-E0,19
2500.0,1068234498#0,26
2500.0,186602412#0,3
2500.0,196961377#3,1
2500.0,238526531#0,19
2500.0,244450512#5,1
2500.0,288878926#0,7
2500.0,300077497#0,1
2500.0,300077497#6,4
2500.0,30620492#0,17
2500.0,30620492#1,5
2500.0,35274074#0,1
2500.0,49073226#2,9
2500.0,506322844#0,6
2500.0,506322846#0,4
2500.0,593847704#0,1
2500.0,593849711#0,1
2500.0,594658760#0,1
2500.0,:3086736518_0,1
2500.0,:655375238_1,1
2500.0,:cluster622618015_622618108_622618112_622618144_#2more_0,1
2500.0,:cluster_5372642442_631668976_631668981_631669076_26,1
2500.0,:cluster_5372642442_631668976_631668981_631669076_45,2
2520.0,-300077497#5,27
2520.0,-35274074#2,5
2520.0,-51362429#1,4
2520.0,-593847703#3,21
2520.0,-E0,18
2520.0,1068234498#0,20
2520.0,186602412#0,3
2520.0,238526531#0,26
2520.0,244450512#5,1
2520.0,288878926#0,5
2520.0,300077497#6,4
2520.0,30620492#0,18
2520.0,30620492#1,5
2520.0,49073226#2,9
2520.0,506322844#0,6
2520.0,506322846#0,2
2520.0,593847704#0,1
2520.0,594658760#0,1
2520.0,:3086736518_0,1
2520.0,:3086736518_6,1
2520.0,:655375238_6,1
2520.0,:cluster_5372642442_631668976_631668981_631669076_45,2
2540.0,-300077497#5,27
2540.0,-300077497#8,4
2540.0,-35274074#2,12
2540.0,-51362429#1,4
2540.0,-593847703#3,21
2540.0,-E0,19
2540.0,1068234498#0,23
2540.0,186602412#0,2
2540.0,238526531#0,12
2540.0,244450512#5,1
2540.0,263217604#0,2
2540.0,288878926#0,5
2540.0,300077497#6,4
2540.0,30620492#0,18
2540.0,30620492#1,5
2540.0,35274074#0,1
2540.0,49073226#2,9
2540.0,506322840#0,3
2540.0,506322844#0,5
2540.0,506322848#0,4
2540.0,593847703#0,1
2540.0,593847704#0,2
2540.0,594658760#0,1
2540.0,:655375241_0,1
2540.0,:cluster_9383263990_9383263991_9383263992_9383263993_7,1
2560.0,-1334905223#2,2
2560.0,-300077497#5,27
2560.0,-300077497#8,4
2560.0,-35274074#2,10
2560.0,-51362429#1,4
2560.0,-593847703#3,21
2560.0,-E0,19
2560.0,1068234498#0,27
2560.0,238526531#0,12
2560.0,244450512#5,1
2560.0,263217604#0,4
2560.0,288878926#0,5
2560.0,300077497#6,1
2560.0,30620492#0,18
2560.0,30620492#1,5
2560.0,35274074#0,1
2560.0,49073226#2,9
2560.0,506322844#0,5
2560.0,593847703#0,1
2560.0,593849718#0,2
2560.0,594658760#0,1
2560.0,:655375238_3,1
2560.0,:655375239_3,1
2560.0,:655375241_0,1
2580.0,-300077497#5,27
2580.0,-300077497#8,4
2580.0,-35274074#2,2
2580.0,-51362429#1,9
2580.0,-593847703#3,16
2580.0,-E0,19
2580.0,1068234498#0,31
2580.0,238526531#0,14
2580.0,288135626#0,1
2580.0,288878926#0,3
2580.0,300077497#0,1
2580.0,300077497#6,2
2580.0,30620492#0,18
2580.0,30620492#1,5
2580.0,360843888,1
2580.0,49073226#2,9
2580.0,506322844#0,5
2580.0,506322846#0,1
2580.0,51362430,1
2580.0,593849711#0,1
2580.0,594658760#0,3
2580.0,:cluster3086736522_655375108_655375247_655375401_#1more_14,1
2580.0,:cluster_5372642442_631668976_631668981_631669076_26,1
2580.0,:cluster_5372642442_631668976_631668981_631669076_45,1
2580.0,E1,1
2600.0,-300077497#5,25
2600.0,-300077497#8,4
2600.0,-51362429#1,9
2600.0,-593847703#3,18
2600.0,-E0,19
2600.0,1068234498#0,24
2600.0,1068234499#0,1
2600.0,238526531#0,21
2600.0,300077497#6,4
2600.0,30620492#0,18
2600.0,30620492#1,5
2600.0,360843888,1
2600.0,49073226#2,10
2600.0,506322844#0,5
2600.0,506322846#0,1
2600.0,594658760#0,4
2600.0,:cluster_5372642442_631668976_631668981_631669076_45,2
2620.0,-300077497#5,26
2620.0,-300077497#8,2
2620.0,-35274074#2,3
2620.0,-51362429#1,9
2620.0,-593847703#3,18
2620.0,-E0,17
2620.0,1068234498#0,20
2620.0,1068234499#0,1
2620.0,186602412#0,1
2620.0,238526531#0,20
2620.0,300077497#0,1
2620.0,300077497#6,4
2620.0,30620492#0,18
2620.0,30620492#1,5
2620.0,360843888,1
2620.0,49073226#2,10
2620.0,506322844#0,4
2620.0,506322848#0,1
2620.0,594658760#0,4
2620.0,:3086736518_6,2
2620.0,:655375238_5,1
2620.0,:655375239_5,1
2620.0,:cluster_9383263990_9383263991_9383263992_9383263993_7,2
2640.0,-1334905223#2,1
2640.0,-300077497#5,27
2640.0,-300077497#8,4
2640.0,-35274074#2,9
2640.0,-51362429#1,9
2640.0,-593847703#3,18
2640.0,-E0,14
2640.0,1068234498#0,20
2640.0,238526531#0,11
2640.0,300077497#0,2
2640.0,300077497#6,4
2640.0,30620492#0,18
2640.0,30620492#1,5
2640.0,360843888,1
2640.0,49073226#2,10
2640.0,506322844#0,5
2640.0,593847704#0,3
2640.0,594658760#0,4
2640.0,:655375241_0,1
2640.0,:cluster622618015_622618108_622618112_622618144_#2more_39,2
2640.0,:cluster_2038168688_655375573_25,1
2660.0,-300077497#5,27
2660.0,-300077497#8,4
2660.0,-35274074#2,8
2660.0,-51362429#1,9
2660.0,-593847703#3,18
2660.0,-E0,19
2660.0,1068234498#0,20
2660.0,1068440004#1,1
2660.0,238526531#0,9
2660.0,300077497#6,1
2660.0,30620492#0,18
2660.0,30620492#1,5
2660.0,49073226#2,10
2660.0,506322844#0,5
2660.0,593849718#0,1
2660.0,594658760#0,3
2660.0,:3208478128_0,1
2660.0,:655375238_3,1
2660.0,E1,1
2680.0,-300077497#5,24
2680.0,-300077497#8,4
2680.0,-35274074#2,3
2680.0,-51362429#1,6
2680.0,-593847703#3,16
2680.0,-E0,19
2680.0,1068234498#0,10
2680.0,1068234499#0,2
2680.0,1068440004#1,1
2680.0,238526531#0,14
2680.0,244450512#5,1
2680.0,288878926#0,3
2680.0,300077497#6,4
2680.0,30620492#0,18
2680.0,30620492#1,5
2680.0,49073226#2,6
2680.0,506322844#0,5
2680.0,593847704#0,2
2680.0,593849711#0,1
2680.0,594658760#0,3
2680.0,:655375233_4,1
2680.0,:cluster622618015_622618108_622618112_622618144_#2more_0,1
2680.0,:cluster_2528018119_655375236_17,2
2680.0,:cluster_3431431575_4777363357_655375231_6982059025_3,2
2680.0,:cluster_5372642442_631668976_631668981_631669076_26,1
2680.0,:cluster_5372642442_631668976_631668981_631669076_45,2
2700.0,-300077497#5,21
2700.0,-300077497#8,4
2700.0,-35274074#2,3
2700.0,-51362429#1,1
2700.0,-593847703#3,21
2700.0,-E0,19
2700.0,1068234498#0,4
2700.0,1068234499#0,2
2700.0,238526531#0,21
2700.0,244450512#5,1
2700.0,288878926#0,8
2700.0,300077497#6,4
2700.0,30620492#0,18
2700.0,30620492#1,5
2700.0,49073226#2,4
2700.0,506322844#0,5
2700.0,593847702#0,1
2700.0,593847704#0,2
2700.0,594658760#0,3
2700.0,:cluster_3431431575_4777363357_655375231_6982059025_3,3
2700.0,:cluster_5372642442_631668976_631668981_631669076_45,2
2700.0,:cluster_623980147_623980152_9,1
2720.0,-1334905223#2,1
2720.0,-300077497#5,26
2720.0,-300077497#8,2
2720.0,-35274074#2,9
2720.0,-593847703#3,21
2720.0,-E0,18
2720.0,1068234498#0,4
2720.0,238526531#0,10
2720.0,244450512#5,1
2720.0,288878926#0,13
2720.0,300077497#0,2
2720.0,300077497#6,4
2720.0,30620492#0,18
2720.0,30620492#1,5
2720.0,49073226#2,4
2720.0,49073272#3,1
2720.0,506322840#0,2
2720.0,506322844#0,2
2720.0,506322848#0,1
2720.0,593847704#0,2
2720.0,594658760#0,3
2720.0,:3086736518_6,1
2720.0,:655375238_5,1
2720.0,:655375239_5,1
2720.0,:655375241_0,2
2720.0,:cluster_2038168688_655375573_8,1
2740.0,-300077497#5,27
2740.0,-300077497#8,4
2740.0,-35274074#2,12
2740.0,-593847703#3,21
2740.0,-E0,14
2740.0,1068234498#0,4
2740.0,238526531#0,8
2740.0,244450512#5,1
2740.0,288878926#0,13
2740.0,300077497#6,1
2740.0,30620492#0,18
2740.0,30620492#1,5
2740.0,49073226#2,4
2740.0,49073264#0,2
2740.0,49073272#1,1
2740.0,49073272#3,1
2740.0,506322844#0,6
2740.0,593847704#0,2
2740.0,594658760#0,3
2740.0,:655375238_0,1
2740.0,:655375239_3,1
2740.0,:cluster622618015_622618108_622618112_622618144_#2more_39,1
2760.0,-300077497#5,27
2760.0,-300077497#8,4
2760.0,-35274074#2,4
2760.0,-49073264#1,3
2760.0,-593847703#3,21
2760.0,-E0,19
2760.0,238526531#0,9
2760.0,288878926#0,11
2760.0,300077497#6,2
2760.0,30620492#0,18
2760.0,30620492#1,5
2760.0,360018417,2
2760.0,49073226#2,4
2760.0,506322844#0,6
2760.0,51362430,1
2760.0,593849711#0,2
2760.0,593852345#0,1
2760.0,594658760#0,3
2760.0,:655375238_3,1
2760.0,:cluster_5372642442_631668976_631668981_631669076_26,1
2760.0,:cluster_5372642442_631668976_631668981_631669076_45,2
2780.0,-300077497#5,23
2780.0,-300077497#8,4
2780.0,-35274074#2,3
2780.0,-49073264#1,3
2780.0,-51362429#1,1
2780.0,-593847703#3,19
2780.0,-E0,19
2780.0,196961215#2,1
2780.0,238526531#0,12
2780.0,288878926#0,5
2780.0,300077497#6,4
2780.0,30620492#0,18
2780.0,30620492#1,5
2780.0,49073226#2,5
2780.0,506322844#0,6
2780.0,594658760#0,3
2780.0,:3086736518_4,1
2780.0,:655375232_8,1
2780.0,:655375233_2,1
2780.0,:655375233_4,1
2780.0,:cluster622618015_622618108_622618112_622618144_#2more_49,2
2780.0,:cluster_2528018119_655375236_17,1
2800.0,-300077497#5,23
2800.0,-300077497#8,3
2800.0,-35274074#2,6
2800.0,-49073264#1,3
2800.0,-51362429#1,6
2800.0,-593847703#3,18
2800.0,-E0,19
2800.0,196961215#2,1
2800.0,238526531#0,7
2800.0,263217604#0,1
2800.0,288878926#0,5
2800.0,300077497#6,4
2800.0,30620492#0,18
2800.0,30620492#1,4
2800.0,49073226#2,5
2800.0,49073272#1,1
2800.0,506322844#0,5
2800.0,594658760#0,3
2800.0,:655375238_5,1
2800.0,:cluster_2038168688_655375573_8,1
2800.0,:cluster_9383263990_9383263991_9383263992_9383263993_7,1
2820.0,-300077497#5,27
2820.0,-300077497#8,4
2820.0,-35274074#2,12
2820.0,-49073264#1,1
2820.0,-51362429#1,3
2820.0,-593847703#3,18
2820.0,-E0,19
2820.0,182334378#0,1
2820.0,196961215#2,1
2820.0,238526531#0,2
2820.0,263217604#0,1
2820.0,288878926#0,5
2820.0,300077497#6,4
2820.0,30620492#0,16
2820.0,30620492#1,5
2820.0,49073226#2,8
2820.0,49073272#3,1
2820.0,506322844#0,6
2820.0,594658760#0,2
2820.0,:cluster622618015_622618108_622618112_622618144_#2more_17,2
2840.0,-300077497#5,23
2840.0,-300077497#8,4
2840.0,-35274074#2,5
2840.0,-51362429#1,3
2840.0,-593847703#3,20
2840.0,-E0,14
2840.0,182334378#0,1
2840.0,196961215#2,1
2840.0,238526531#0,2
2840.0,263217604#0,1
2840.0,288878926#0,5
2840.0,300077497#6,1
2840.0,30620492#0,18
2840.0,30620492#1,5
2840.0,360018417,1
2840.0,49073226#2,8
2840.0,506322844#0,7
2840.0,593847704#0,5
2840.0,594658760#0,2
2840.0,:655375238_3,1
2840.0,:655375239_3,1
2840.0,:cluster_2528018119_655375236_17,1
2840.0,:cluster_2528018119_655375236_31,1
2860.0,-300077497#5,21
2860.0,-300077497#8,4
2860.0,-51362429#1,3
2860.0,-593847703#3,21
2860.0,-E0,19
2860.0,196961215#2,1
2860.0,196961377#3,1
2860.0,232003903#0,1
2860.0,238526531#0,2
2860.0,300077497#6,4
2860.0,30620492#0,18
2860.0,30620492#1,5
2860.0,49073226#2,8
2860.0,506322844#0,7
2860.0,593847704#0,5
2860.0,593849711#0,1
2860.0,594658757#0,1
2860.0,594658760#0,2
2860.0,:cluster_2528018119_655375236_17,2
2880.0,-300077497#5,23
2880.0,-51362429#1,3
2880.0,-593847703#3,22
2880.0,-E0,19
2880.0,196961215#2,1
2880.0,238526531#0,2
2880.0,300077497#6,4
2880.0,30620492#0,18
2880.0,30620492#1,5
2880.0,484988951#0,1
2880.0,49073226#2,8
2880.0,506322844#0,7
2880.0,593847704#0,5
2880.0,594658757#0,1
2880.0,594658760#0,2
2880.0,:3086736518_4,1
2880.0,:655375233_4,2
2900.0,-300077497#5,27
2900.0,-300077497#8,2
2900.0,-35274074#2,2
2900.0,-51362429#1,9
2900.0,-593847703#3,18
2900.0,-E0,19
2900.0,263217604#0,3
2900.0,300077497#6,4
2900.0,30620492#0,18
2900.0,30620492#1,5
2900.0,49073226#2,8
2900.0,506322844#0,2
2900.0,593847702#0,1
2900.0,593847704#0,5
2900.0,594658757#0,1
2900.0,594658760#0,2
2900.0,:655375239_5,1
2900.0,:cluster_623980147_623980152_3,1
2900.0,:cluster_623980147_623980152_4,1
2920.0,-300077497#5,27
2920.0,-300077497#8,4
2920.0,-51362429#1,4
2920.0,-593847703#3,18
2920.0,-E0,19
2920.0,263217604#0,3
2920.0,288878926#0,8
2920.0,300077497#6,2
2920.0,30620492#0,18
2920.0,30620492#1,5
2920.0,49073226#2,4
2920.0,506322844#0,5
2920.0,593847702#0,1
2920.0,593849718#0,4
2920.0,594658757#0,1
2920.0,594658760#0,2
2920.0,:655375239_3,1
2920.0,:cluster622618015_622618108_622618112_622618144_#2more_39,1
2920.0,:cluster_3431431575_4777363357_655375231_6982059025_3,2
2920.0,:cluster_623980147_623980152_4,1
2940.0,-300077497#5,20
2940.0,-300077497#8,4
2940.0,-593847703#3,22
2940.0,-E0,14
2940.0,182334378#0,2
2940.0,288878926#0,11
2940.0,30620492#0,18
2940.0,30620492#1,5
2940.0,360843888,1
2940.0,49073226#2,6
2940.0,506322844#0,5
2940.0,593847702#0,1
2940.0,593847704#0,4
2940.0,593849711#0,1
2940.0,594658757#0,1
2940.0,594658760#0,3
2940.0,:3086736518_6,1
2940.0,:cluster3086736522_655375108_655375247_655375401_#1more_17,1
2940.0,:cluster_2528018119_655375236_17,1
2960.0,-300077497#5,22
2960.0,-593847703#3,23
2960.0,-E0,18
2960.0,182334378#0,1
2960.0,288878926#0,9
2960.0,30620492#0,18
2960.0,30620492#1,5
2960.0,360843888,2
2960.0,49073226#2,3
2960.0,506322844#0,5
2960.0,593847702#0,1
2960.0,593847704#0,6
2960.0,594658760#0,2
2960.0,:655375238_5,2
2960.0,:cluster655375336_end_0_655375336_end_1_655375336_end_10_655375336_end_11_#8more_17,1
2960.0,:cluster655375336_end_0_655375336_end_1_655375336_end_10_655375336_end_11_#8more_21,1
2980.0,-300077497#5,25
2980.0,-300077497#8,1
2980.0,-593847703#3,21
2980.0,-E0,20
2980.0,288878926#0,9
2980.0,30620492#0,18
2980.0,30620492#1,5
2980.0,360843888,2
2980.0,49073226#2,3
2980.0,49073272#3,1
2980.0,506322844#0,2
2980.0,593847704#0,6
2980.0,594658760#0,2
2980.0,:655375233_2,1
2980.0,:655375233_4,1
2980.0,:655375238_5,1
2980.0,:655375239_5,1
2980.0,:cluster655375336_end_0_655375336_end_1_655375336_end_10_655375336_end_11_#8more_21,1
2980.0,:cluster655375336_end_0_655375336_end_1_655375336_end_10_655375336_end_11_#8more_6,1
3000.0,-300077497#5,27
3000.0,-300077497#8,4
3000.0,-51362429#1,2
3000.0,-593847703#3,17
3000.0,-E0,20
3000.0,263217604#0,1
3000.0,288878926#0,9
3000.0,30620492#0,18
3000.0,30620492#1,5
3000.0,360843888,2
3000.0,49073226#2,3
3000.0,49073272#3,1
3000.0,506322844#0,5
3000.0,593847702#0,2
3000.0,593847704#0,5
3000.0,594658760#0,2
3000.0,:cluster622618015_622618108_622618112_622618144_#2more_39,1
3000.0,:cluster655375336_end_0_655375336_end_1_655375336_end_10_655375336_end_11_#8more_21,1
3000.0,:cluster655375336_end_0_655375336_end_1_655375336_end_10_655375336_end_11_#8more_6,1
3000.0,:cluster_3431431575_4777363357_655375231_6982059025_3,2
3020.0,-300077497#5,23
3020.0,-300077497#8,4
3020.0,-593847703#3,19
3020.0,-E0,20
3020.0,244450512#4,1
3020.0,244450512#5,1
3020.0,263217604#0,1
3020.0,288878926#0,9
3020.0,30620492#0,18
3020.0,30620492#1,5
3020.0,360018417,1
3020.0,49073226#2,7
3020.0,49073272#3,1
3020.0,506322844#0,5
3020.0,593847702#0,2
3020.0,593849718#0,1
3020.0,594658760#0,2
3020.0,:3208478121_3,1
3020.0,:cluster655375336_end_0_655375336_end_1_655375336_end_10_655375336_end_11_#8more_21,1
3020.0,:cluster655375336_end_0_655375336_end_1_655375336_end_10_655375336_end_11_#8more_6,1
3020.0,:cluster_2528018119_655375236_17,2
3040.0,-300077497#5,20
3040.0,-300077497#8,4
3040.0,-593847703#3,24
3040.0,-E0,16
3040.0,196961377#3,3
3040.0,244450512#4,1
3040.0,244450512#5,2
3040.0,288878926#0,3
3040.0,30620492#0,18
3040.0,30620492#1,5
3040.0,49073226#2,7
3040.0,506322844#0,5
3040.0,593847702#0,2
3040.0,593847704#0,2
3040.0,593849711#0,1
3040.0,594658760#0,2
3040.0,:3086736518_6,2
3040.0,:cluster622618015_622618108_622618112_622618144_#2more_0,1
3040.0,:cluster655375336_end_0_655375336_end_1_655375336_end_10_655375336_end_11_#8more_21,1
3040.0,:cluster655375336_end_0_655375336_end_1_655375336_end_10_655375336_end_11_#8more_6,1
3060.0,-300077497#5,22
3060.0,-593847703#3,26
3060.0,-E0,16
3060.0,244450512#5,3
3060.0,288878926#0,1
3060.0,30620492#0,18
3060.0,30620492#1,5
3060.0,49073226#2,7
3060.0,506322844#0,5
3060.0,593847702#0,2
3060.0,593847704#0,5
3060.0,593849711#0,1
3060.0,:cluster655375336_end_0_655375336_end_1_655375336_end_10_655375336_end_11_#8more_13,1
3060.0,:cluster655375336_end_0_655375336_end_1_655375336_end_10_655375336_end_11_#8more_17,1
3060.0,:cluster655375336_end_0_655375336_end_1_655375336_end_10_655375336_end_11_#8more_6,1
3080.0,-300077497#5,26
3080.0,-300077497#8,2
3080.0,-593847703#3,27
3080.0,-E0,19
3080.0,244450512#5,3
3080.0,288878926#0,1
3080.0,30620492#0,18
3080.0,30620492#1,5
3080.0,49073226#2,7
3080.0,49073272#3,1
3080.0,506322844#0,2
3080.0,51362430,1
3080.0,593847704#0,5
3080.0,:655375238_5,1
3080.0,:655375239_5,1
3080.0,:cluster_623980090_623980094_0,1
3100.0,-300077497#5,27
3100.0,-300077497#8,4
3100.0,-51362429#1,4
3100.0,-593847703#3,20
3100.0,-E0,19
3100.0,196961215#2,1
3100.0,244450512#5,3
3100.0,263217604#0,1
3100.0,288878926#0,1
3100.0,30620492#0,18
3100.0,30620492#1,5
3100.0,49073226#2,8
3100.0,49073272#3,1
3100.0,506322844#0,7
3100.0,593847702#0,2
3100.0,593847704#0,1
3100.0,593849718#0,3
3100.0,:cluster622618015_622618108_622618112_622618144_#2more_39,2
3120.0,-300077497#5,18
3120.0,-300077497#8,4
3120.0,-51362429#1,4
3120.0,-593847703#3,25
3120.0,-E0,19
3120.0,182334378#0,1
3120.0,196961215#2,1
3120.0,232003903#0,1
3120.0,30620492#0,17
3120.0,30620492#1,5
3120.0,360018417,1
3120.0,360843888,1
3120.0,49073226#2,8
3120.0,506322844#0,7
3120.0,51362430,3
3120.0,593847702#0,2
3120.0,593847704#0,1
3120.0,:cluster_2528018119_655375236_17,1
3120.0,:cluster_2528018119_655375236_19,1
3140.0,-300077497#5,19
3140.0,-300077497#8,1
3140.0,-51362429#1,3
3140.0,-593847703#3,27
3140.0,-E0,17
3140.0,182334378#0,1
3140.0,232003903#0,2
3140.0,288878926#0,3
3140.0,30620492#0,18
3140.0,30620492#1,5
3140.0,360843888,1
3140.0,49073226#2,8
3140.0,506322844#0,7
3140.0,593847702#0,2
3140.0,593847704#0,1
3140.0,:3086736518_6,2
3140.0,:655375238_5,1
3140.0,:cluster_3431431575_4777363357_655375231_6982059025_3,1
3140.0,:cluster_623980147_623980152_4,1
3160.0,-300077497#5,21
3160.0,-300077497#8,1
3160.0,-51362429#1,1
3160.0,-593847703#3,27
3160.0,-E0,15
3160.0,182334378#0,2
3160.0,232003903#0,2
3160.0,263217604#0,3
3160.0,288878926#0,9
3160.0,30620492#0,18
3160.0,30620492#1,5
3160.0,360843888,1
3160.0,49073226#2,3
3160.0,49073272#1,2
3160.0,506322844#0,2
3160.0,593847704#0,6
3160.0,:655375238_5,1
3160.0,:655375239_5,1
3160.0,:cluster_3431431575_4777363357_655375231_6982059025_3,2
3160.0,:cluster_623980147_623980152_9,1
3180.0,-300077497#5,27
3180.0,-300077497#8,1
3180.0,-593847703#3,27
3180.0,-E0,19
3180.0,232003903#0,2
3180.0,263217604#0,5
3180.0,288878926#0,13
3180.0,30620492#0,18
3180.0,30620492#1,5
3180.0,360843888,1
3180.0,49073226#2,3
3180.0,49073272#3,2
3180.0,506322844#0,3
3180.0,593847704#0,5
3180.0,:cluster622618015_622618108_622618112_622618144_#2more_42,1
3200.0,-300077497#5,26
3200.0,-300077497#8,1
3200.0,-49073264#1,1
3200.0,-51362429#1,2
3200.0,-593847703#3,22
3200.0,-E0,19
3200.0,244450512#5,1
3200.0,263217604#0,5
3200.0,288878926#0,13
3200.0,30620492#0,18
3200.0,30620492#1,5
3200.0,360018417,1
3200.0,49073226#2,3
3200.0,506322844#0,6
3200.0,51362430,2
3200.0,593847702#0,1
3200.0,593847704#0,1
3200.0,593849718#0,1
3200.0,:3208478121_3,1
3200.0,:655375232_8,1
3200.0,:655375233_2,1
3220.0,-300077497#5,26
3220.0,-300077497#8,1
3220.0,-49073264#1,1
3220.0,-593847703#3,22
3220.0,-E0,19
3220.0,196961377#3,2
3220.0,244450512#4,2
3220.0,244450512#5,1
3220.0,288878926#0,7
3220.0,30620492#0,18
3220.0,30620492#1,5
3220.0,49073226#2,8
3220.0,506322844#0,6
3220.0,593847702#0,2
3220.0,593847704#0,1
3220.0,593849711#0,1
3220.0,594658760#0,2
3220.0,:cluster622618015_622618108_622618112_622618144_#2more_0,1
3220.0,:cluster_2664674491_655375287_655375288_1,1
3240.0,-300077497#5,26
3240.0,-49073264#1,1
3240.0,-593847703#3,23
3240.0,-E0,18
3240.0,1068440004#1,1
3240.0,244450512#5,3
3240.0,288878926#0,5
3240.0,30620492#0,18
3240.0,30620492#1,5
3240.0,49073226#2,8
3240.0,506322844#0,6
3240.0,593847702#0,2
3240.0,593847704#0,1
3240.0,594658760#0,1
3240.0,:3086736518_6,1
3240.0,:3208478128_0,1
3260.0,-300077497#5,27
3260.0,-300077497#8,4
3260.0,-49073264#1,2
3260.0,-593847703#3,23
3260.0,-E0,14
3260.0,1068440004#1,1
3260.0,244450512#5,3
3260.0,263217604#0,1
3260.0,288878926#0,5
3260.0,30620492#0,18
3260.0,30620492#1,5
3260.0,49073226#2,8
3260.0,49073272#3,1
3260.0,506322844#0,5
3260.0,593847704#0,5
3260.0,594658760#0,1
3260.0,:3208478128_0,1
3280.0,-300077497#5,27
3280.0,-300077497#8,4
3280.0,-593847703#3,23
3280.0,-E0,19
3280.0,1068440004#1,1
3280.0,244450512#5,3
3280.0,263217604#0,2
3280.0,288878926#0,5
3280.0,30620492#0,18
3280.0,30620492#1,5
3280.0,49073226#2,8
3280.0,49073272#3,2
3280.0,506322844#0,7
3280.0,593849718#0,2
3280.0,:3208478128_0,1
3280.0,:cluster622618015_622618108_622618112_622618144_#2more_39,2
3300.0,-300077497#5,20
3300.0,-300077497#8,4
3300.0,-51362429#1,1
3300.0,-593847703#3,23
3300.0,-E0,19
3300.0,1068440004#1,1
3300.0,182334378#0,1
3300.0,288878926#0,3
3300.0,30620492#0,18
3300.0,30620492#1,5
3300.0,360018417,2
3300.0,360843888,1
3300.0,49073226#2,8
3300.0,506322844#0,7
3300.0,51362430,4
3300.0,593847702#0,1
3300.0,593849711#0,1
3300.0,:655375232_8,1
3300.0,:655375233_4,3
3300.0,:cluster3086736522_655375108_655375247_655375401_#1more_17,1
3320.0,-300077497#5,19
3320.0,-300077497#8,1
3320.0,-51362429#1,5
3320.0,-593847703#3,22
3320.0,-E0,19
3320.0,232003903#0,1
3320.0,30620492#0,18
3320.0,30620492#1,5
3320.0,360843888,2
3320.0,49073226#2,13
3320.0,506322844#0,7
3320.0,593847702#0,2
3320.0,593847704#0,1
3320.0,:655375238_5,1
3320.0,:cluster622618015_622618108_622618112_622618144_#2more_49,1
3320.0,:cluster_2528018119_655375236_17,2
3340.0,-300077497#5,22
3340.0,-300077497#8,2
3340.0,-51362429#1,5
3340.0,-593847703#3,24
3340.0,-E0,19
3340.0,232003903#0,1
3340.0,263217604#0,2
3340.0,30620492#0,18
3340.0,30620492#1,5
3340.0,360843888,2
3340.0,49073226#2,13
3340.0,49073264#0,1
3340.0,506322844#0,2
3340.0,593847704#0,1
3340.0,593852345#0,1
3340.0,:655375239_5,1
3360.0,-300077497#5,27
3360.0,-300077497#8,4
3360.0,-51362429#1,5
3360.0,-593847703#3,24
3360.0,-E0,14
3360.0,196961215#2,1
3360.0,232003903#0,1
3360.0,263217604#0,2
3360.0,30620492#0,18
3360.0,30620492#1,5
3360.0,360843888,2
3360.0,49073226#2,13
3360.0,506322844#0,3
3360.0,593847704#0,4
3360.0,:cluster622618015_622618108_622618112_622618144_#2more_17,1
3360.0,:cluster622618015_622618108_622618112_622618144_#2more_37,1
3360.0,:cluster622618015_622618108_622618112_622618144_#2more_42,1
3380.0,-300077497#5,23
3380.0,-300077497#8,4
3380.0,-49073264#1,1
3380.0,-51362429#1,4
3380.0,-593847703#3,26
3380.0,-E0,19
3380.0,244450512#4,1
3380.0,244450512#5,1
3380.0,263217604#0,2
3380.0,288878926#0,5
3380.0,30620492#0,18
3380.0,30620492#1,5
3380.0,360018417,1
3380.0,49073226#2,8
3380.0,506322844#0,6
3380.0,51362430,1
3380.0,:3208478121_3,1
3380.0,:cluster_2528018119_655375236_17,2
3380.0,:cluster_3431431575_4777363357_655375231_6982059025_3,1
3380.0,:cluster_623980147_623980152_4,1
3400.0,-300077497#5,21
3400.0,-300077497#8,4
3400.0,-49073264#1,1
3400.0,-51362429#1,1
3400.0,-593847703#3,26
3400.0,-E0,19
3400.0,1239087514,1
3400.0,196961377#3,2
3400.0,244450512#4,1
3400.0,244450512#5,2
3400.0,288878926#0,6
3400.0,30620492#0,18
3400.0,30620492#1,5
3400.0,49073226#2,5
3400.0,506322844#0,6
3400.0,593849711#0,1
3400.0,594658760#0,1
3400.0,:3086736518_4,1
3400.0,:655375233_4,2
3400.0,:cluster622618015_622618108_622618112_622618144_#2more_0,1
3400.0,:cluster_3431431575_4777363357_655375231_6982059025_3,2
3420.0,-300077497#5,24
3420.0,-49073264#1,1
3420.0,-51362429#1,2
3420.0,-593847703#3,24
3420.0,-E0,19
3420.0,1068440004#1,1
3420.0,244450512#5,3
3420.0,288878926#0,10
3420.0,30620492#0,16
3420.0,30620492#1,5
3420.0,484988951#0,1
3420.0,49073226#2,5
3420.0,506322844#0,7
3420.0,:cluster_623980147_623980152_9,1
3440.0,-300077497#5,27
3440.0,-300077497#8,3
3440.0,-49073264#1,1
3440.0,-593847703#3,24
3440.0,-E0,19
3440.0,244450512#5,3
3440.0,263217604#0,4
3440.0,288878926#0,13
3440.0,30620492#0,18
3440.0,30620492#1,5
3440.0,49073226#2,6
3440.0,506322844#0,2
3440.0,593847702#0,1
3440.0,:655375239_5,1
3460.0,-300077497#5,27
3460.0,-300077497#8,4
3460.0,-593847703#3,24
3460.0,-E0,13
3460.0,244450512#5,3
3460.0,263217604#0,4
3460.0,288878926#0,13
3460.0,30620492#0,18
3460.0,30620492#1,5
3460.0,49073226#2,6
3460.0,506322844#0,5
3460.0,593847702#0,1
3460.0,593847704#0,4
3460.0,:3086736518_6,1
3480.0,-300077497#5,25
3480.0,-300077497#8,4
3480.0,-593847703#3,26
3480.0,-E0,17
3480.0,263217604#0,1
3480.0,288878926#0,11
3480.0,30620492#0,18
3480.0,30620492#1,5
3480.0,360018417,1
3480.0,360843888,1
3480.0,49073226#2,6
3480.0,506322844#0,5
3480.0,51362430,3
3480.0,593847702#0,1
3480.0,593847704#0,3
3480.0,593849711#0,1
3480.0,594658760#0,2
3500.0,-300077497#5,25
3500.0,-300077497#8,2
3500.0,-593847703#3,25
3500.0,-E0,19
3500.0,288878926#0,5
3500.0,30620492#0,18
3500.0,30620492#1,5
3500.0,360843888,1
3500.0,49073226#2,9
3500.0,506322844#0,5
3500.0,593847702#0,1
3500.0,593847704#0,3
3500.0,594658760#0,3
3500.0,:655375233_4,2
3500.0,:cluster622618015_622618108_622618112_622618144_#2more_49,1
3500.0,:cluster_2528018119_655375236_17,1
3520.0,-300077497#5,25
3520.0,-300077497#8,4
3520.0,-51362429#1,4
3520.0,-593847703#3,19
3520.0,-E0,19
3520.0,288878926#0,5
3520.0,30620492#0,18
3520.0,30620492#1,5
3520.0,360843888,1
3520.0,49073226#2,10
3520.0,49073264#0,1
3520.0,506322844#0,4
3520.0,593847704#0,4
3520.0,594658760#0,3
3520.0,:655375233_4,2
3520.0,:cluster_3431431575_4777363357_655375231_6982059025_3,1
3540.0,-300077497#5,27
3540.0,-300077497#8,4
3540.0,-51362429#1,4
3540.0,-593847703#3,19
3540.0,-E0,19
3540.0,1068440004#1,1
3540.0,288878926#0,5
3540.0,30620492#0,18
3540.0,30620492#1,5
3540.0,360843888,1
3540.0,49073226#2,11
3540.0,506322844#0,5
3540.0,593847704#0,3
3540.0,594658760#0,2
3540.0,:655375233_4,2
3540.0,:cluster622618015_622618108_622618112_622618144_#2more_17,1
3540.0,:cluster622618015_622618108_622618112_622618144_#2more_39,1
3560.0,-300077497#5,23
3560.0,-300077497#8,4
3560.0,-51362429#1,4
3560.0,-593847703#3,21
3560.0,-E0,15
3560.0,1068440004#1,1
3560.0,244450512#5,1
3560.0,288878926#0,5
3560.0,30620492#0,18
3560.0,30620492#1,5
3560.0,49073226#2,11
3560.0,506322844#0,5
3560.0,593847704#0,1
3560.0,593852345#0,1
3560.0,594658760#0,2
3560.0,:3086736518_6,1
3560.0,:655375233_4,2
3560.0,:cluster_2528018119_655375236_17,2
3580.0,-300077497#5,21
3580.0,-300077497#8,4
3580.0,-51362429#1,4
3580.0,-593847703#3,23
3580.0,-E0,15
3580.0,1068440004#1,1
3580.0,196961215#2,1
3580.0,244450512#5,1
3580.0,30620492#0,18
3580.0,30620492#1,5
3580.0,49073226#2,11
3580.0,506322844#0,5
3580.0,593847704#0,4
3580.0,593849711#0,1
3580.0,594658760#0,2
3580.0,:655375233_4,2
3580.0,:cluster_2528018119_655375236_17,1
3580.0,:cluster_3208478133_655375293_655375296_9631728504_#1more_10,1
3600.0,-300077497#5,23
3600.0,-51362429#1,4
3600.0,-593847703#3,26
3600.0,-E0,19
3600.0,1068440004#1,1
3600.0,196961215#2,1
3600.0,244450512#5,1
3600.0,30620492#0,18
3600.0,30620492#1,5
3600.0,484988951#0,1
3600.0,49073226#2,11
3600.0,506322844#0,5
3600.0,593847704#0,4
3600.0,594658760#0,2
3600.0,:655375233_4,2
3620.0,-300077497#5,27
3620.0,-300077497#8,3
3620.0,-51362429#1,8
3620.0,-593847703#3,19
3620.0,-E0,19
3620.0,1068440004#1,1
3620.0,244450512#5,1
3620.0,288878926#0,7
3620.0,30620492#0,18
3620.0,30620492#1,5
3620.0,49073226#2,5
3620.0,506322844#0,2
3620.0,593847702#0,1
3620.0,593847704#0,4
3620.0,594658760#0,2
3620.0,:3086736518_4,1
3620.0,:655375233_4,2
3620.0,:655375239_5,1
3620.0,:cluster_3431431575_4777363357_655375231_6982059025_3,1
3620.0,:cluster_623980147_623980152_4,1
3640.0,-300077497#5,27
3640.0,-300077497#8,4
3640.0,-593847703#3,19
3640.0,-E0,19
3640.0,244450512#5,1
3640.0,288878926#0,13
3640.0,30620492#0,18
3640.0,30620492#1,5
3640.0,49073226#2,6
3640.0,49073264#0,1
3640.0,49073272#3,1
3640.0,506322844#0,6
3640.0,593849718#0,3
3640.0,594658760#0,2
3640.0,:3086736518_4,1
3640.0,:655375233_4,2
3640.0,:655375233_8,1
3640.0,:cluster_3431431575_4777363357_655375231_6982059025_3,3
3660.0,-300077497#5,23
3660.0,-300077497#8,4
3660.0,-49073264#1,1
3660.0,-593847703#3,23
3660.0,-E0,17
3660.0,288878926#0,11
3660.0,30620492#0,18
3660.0,30620492#1,5
3660.0,360018417,1
3660.0,49073226#2,8
3660.0,506322844#0,6
3660.0,51362430,1
3660.0,593849711#0,2
3660.0,594658760#0,2
3660.0,:3086736518_4,1
3660.0,:3086736518_6,2
3660.0,:655375233_4,2
3660.0,:655375233_8,1
3660.0,:cluster_3431431575_4777363357_655375231_6982059025_3,1
3680.0,-300077497#5,25
3680.0,-300077497#8,1
3680.0,-49073264#1,1
3680.0,-593847703#3,23
3680.0,-E0,18
3680.0,288878926#0,5
3680.0,30620492#0,18
3680.0,30620492#1,5
3680.0,49073226#2,9
3680.0,506322844#0,6
3680.0,594658760#0,2
3680.0,:3086736518_4,1
3680.0,:3086736518_6,2
3680.0,:655375233_4,2
3680.0,:655375233_8,1
3680.0,:655375238_5,1
3680.0,:cluster622618015_622618108_622618112_622618144_#2more_49,1
3680.0,:cluster_3431431575_4777363357_655375231_6982059025_3,1
3700.0,-300077497#5,27
3700.0,-300077497#8,3
3700.0,-49073264#1,1
3700.0,-593847703#3,23
3700.0,-E0,19
3700.0,263217604#0,1
3700.0,288878926#0,5
3700.0,30620492#0,18
3700.0,30620492#1,5
3700.0,49073226#2,9
3700.0,506322844#0,2
3700.0,594658760#0,2
3700.0,:3086736518_4,1
3700.0,:3086736518_6,2
3700.0,:655375233_4,2
3700.0,:655375233_8,1
3700.0,:655375239_5,1
3700.0,:cluster_3431431575_4777363357_655375231_6982059025_3,1
3720.0,-300077497#5,27
3720.0,-300077497#8,4
3720.0,-51362429#1,2
3720.0,-593847703#3,20
3720.0,-E0,19
3720.0,263217604#0,4
3720.0,288878926#0,5
3720.0,30620492#0,17
3720.0,30620492#1,5
3720.0,49073226#2,9
3720.0,506322844#0,5
3720.0,593847702#0,1
3720.0,593847704#0,2
3720.0,594658760#0,2
3720.0,:3086736518_6,1
3720.0,:655375232_8,1
3720.0,:655375233_4,2
3720.0,:cluster622618015_622618108_622618112_622618144_#2more_17,1
3720.0,:cluster_3431431575_4777363357_655375231_6982059025_3,1
3740.0,-300077497#5,23
3740.0,-300077497#8,4
3740.0,-51362429#1,4
3740.0,-593847703#3,22
3740.0,-E0,19
3740.0,263217604#0,4
3740.0,288878926#0,5
3740.0,30620492#0,18
3740.0,30620492#1,5
3740.0,49073226#2,9
3740.0,49073264#0,1
3740.0,506322844#0,5
3740.0,593847702#0,1
3740.0,593849718#0,1
3740.0,594658760#0,2
3740.0,:3086736518_4,1
3740.0,:3086736518_6,1
3740.0,:cluster_2528018119_655375236_17,2
3740.0,:cluster_3431431575_4777363357_655375231_6982059025_3,1
3760.0,-300077497#5,23
3760.0,-300077497#8,4
3760.0,-49073264#1,1
3760.0,-51362429#1,4
3760.0,-593847703#3,25
3760.0,-E0,18
3760.0,244450512#4,2
3760.0,30620492#0,18
3760.0,30620492#1,5
3760.0,360843888,1
3760.0,49073226#2,9
3760.0,506322844#0,5
3760.0,593847702#0,1
3760.0,593849711#0,1
3760.0,594658760#0,2
3760.0,:3086736518_4,1
3760.0,:3086736518_6,2
3760.0,:cluster_2664674491_655375287_655375288_1,1
3760.0,:cluster_3431431575_4777363357_655375231_6982059025_3,1
3780.0,-300077497#5,25
3780.0,-49073264#1,1
3780.0,-51362429#1,4
3780.0,-593847703#3,26
3780.0,-E0,18
3780.0,1068440004#1,1
3780.0,244450512#5,3
3780.0,30620492#0,18
3780.0,30620492#1,5
3780.0,49073226#2,9
3780.0,506322844#0,5
3780.0,593847702#0,1
3780.0,594658760#0,2
3780.0,:3086736518_4,1
3780.0,:3086736518_6,2
3780.0,:3208478128_0,1
3780.0,:cluster_3431431575_4777363357_655375231_6982059025_3,1
3800.0,-300077497#5,26
3800.0,-300077497#8,4
3800.0,-49073264#1,1
3800.0,-51362429#1,4
3800.0,-593847703#3,26
3800.0,-E0,19
3800.0,1068440004#1,1
3800.0,244450512#5,3
3800.0,30620492#0,18
3800.0,30620492#1,5
3800.0,49073226#2,9
3800.0,49073272#3,1
3800.0,506322844#0,4
3800.0,594658760#0,1
3800.0,:3086736518_4,1
3800.0,:3086736518_6,2
3800.0,:3208478128_0,1
3800.0,:655375238_5,1
3800.0,:cluster_3431431575_4777363357_655375231_6982059025_3,1
3820.0,-300077497#5,27
3820.0,-300077497#8,4
3820.0,-51362429#1,5
3820.0,-593847703#3,21
3820.0,-E0,19
3820.0,1068440004#1,1
3820.0,244450512#5,3
3820.0,30620492#0,18
3820.0,30620492#1,5
3820.0,49073226#2,9
3820.0,49073272#3,1
3820.0,506322844#0,6
3820.0,593847704#0,2
3820.0,594658760#0,1
3820.0,:3086736518_4,1
3820.0,:3208478128_0,1
3820.0,:655375233_4,4
3820.0,:cluster_3431431575_4777363357_655375231_6982059025_3,1
3840.0,-300077497#5,23
3840.0,-300077497#8,4
3840.0,-51362429#1,9
3840.0,-593847703#3,24
3840.0,-E0,19
3840.0,288878926#0,2
3840.0,30620492#0,18
3840.0,30620492#1,5
3840.0,360018417,1
3840.0,49073226#2,8
3840.0,506322844#0,6
3840.0,51362430,4
3840.0,593847704#0,2
3840.0,594658760#0,1
3840.0,:655375233_4,1
3840.0,:655375233_8,1
3840.0,:cluster_3431431575_4777363357_655375231_6982059025_3,1
3860.0,-300077497#5,25
3860.0,-300077497#8,1
3860.0,-51362429#1,5
3860.0,-593847703#3,24
3860.0,-E0,19
3860.0,288878926#0,4
3860.0,30620492#0,18
3860.0,30620492#1,5
3860.0,49073226#2,8
3860.0,506322844#0,6
3860.0,593847704#0,2
3860.0,594658760#0,1
3860.0,:655375233_4,1
3860.0,:655375233_8,1
3860.0,:655375238_5,1
3860.0,:cluster622618015_622618108_622618112_622618144_#2more_49,1
3860.0,:cluster_3431431575_4777363357_655375231_6982059025_3,2
3860.0,:cluster_623980147_623980152_9,1
3880.0,-300077497#5,27
3880.0,-300077497#8,3
3880.0,-51362429#1,2
3880.0,-593847703#3,24
3880.0,-E0,13
3880.0,263217604#0,1
3880.0,288878926#0,11
3880.0,30620492#0,18
3880.0,30620492#1,5
3880.0,49073226#2,4
3880.0,506322844#0,2
3880.0,593847704#0,8
3880.0,594658760#0,1
3880.0,:655375233_4,1
3880.0,:655375233_8,1
3880.0,:655375239_5,1
3880.0,:cluster_3431431575_4777363357_655375231_6982059025_3,2
3880.0,:cluster_623980147_623980152_4,1
3900.0,-300077497#5,27
3900.0,-300077497#8,4
3900.0,-593847703#3,24
3900.0,-E0,17
3900.0,263217604#0,2
3900.0,288878926#0,13
3900.0,30620492#0,18
3900.0,30620492#1,5
3900.0,49073226#2,7
3900.0,506322844#0,5
3900.0,593847704#0,6
3900.0,594658760#0,1
3900.0,:655375233_4,1
3900.0,:655375233_8,1
3900.0,:cluster622618015_622618108_622618112_622618144_#2more_39,2
3920.0,-300077497#5,26
3920.0,-300077497#8,4
3920.0,-593847703#3,22
3920.0,-E0,18
3920.0,263217604#0,2
3920.0,288878926#0,13
3920.0,30620492#0,18
3920.0,30620492#1,5
3920.0,49073226#2,7
3920.0,506322844#0,5
3920.0,593849718#0,3
3920.0,:655375232_8,1
3920.0,:655375233_4,3
3920.0,:655375233_8,1
3940.0,-300077497#5,26
3940.0,-300077497#8,4
3940.0,-51362429#1,1
3940.0,-593847703#3,22
3940.0,-E0,18
3940.0,244450512#4,1
3940.0,288878926#0,7
3940.0,30620492#0,18
3940.0,30620492#1,5
3940.0,49073226#2,7
3940.0,506322844#0,5
3940.0,593849711#0,2
3940.0,594658757#0,1
3940.0,:655375233_4,3
3940.0,:655375233_8,1
3960.0,-300077497#5,25
3960.0,-300077497#8,3
3960.0,-51362429#1,1
3960.0,-593847703#3,23
3960.0,-E0,18
3960.0,182334378#0,1
3960.0,244450512#5,1
3960.0,288878926#0,5
3960.0,30620492#0,18
3960.0,30620492#1,5
3960.0,49073226#2,7
3960.0,506322844#0,5
3960.0,594658757#0,1
3960.0,:655375233_4,3
3960.0,:655375233_8,1
3980.0,-300077497#5,26
3980.0,-300077497#8,2
3980.0,-51362429#1,1
3980.0,-593847703#3,23
3980.0,-E0,13
3980.0,244450512#5,1
3980.0,288878926#0,5
3980.0,30620492#0,18
3980.0,30620492#1,5
3980.0,49073226#2,7
3980.0,506322844#0,4
3980.0,51362430,1
3980.0,593847704#0,4
3980.0,594658757#0,1
3980.0,:3086736518_6,1
3980.0,:655375233_4,3
3980.0,:655375233_8,1
3980.0,:655375238_5,1
3980.0,:655375239_5,1
4000.0,-300077497#5,27
4000.0,-300077497#8,4
4000.0,-51362429#1,1
4000.0,-593847703#3,23
4000.0,-E0,14
4000.0,244450512#5,1
4000.0,288878926#0,5
4000.0,30620492#0,18
4000.0,30620492#1,5
4000.0,49073226#2,7
4000.0,506322844#0,7
4000.0,593849718#0,3
4000.0,:655375233_4,3
4000.0,:655375233_8,1
4000.0,:cluster622618015_622618108_622618112_622618144_#2more_39,2
4000.0,:cluster_3431431575_4777363357_655375231_6982059025_7,1
4020.0,-300077497#5,21
4020.0,-300077497#8,4
4020.0,-51362429#1,1
4020.0,-593847703#3,26
4020.0,-E0,14
4020.0,182334378#0,1
4020.0,288878926#0,3
4020.0,30620492#0,18
4020.0,30620492#1,4
4020.0,49073226#2,8
4020.0,506322844#0,7
4020.0,51362430,1
4020.0,593849711#0,1
4020.0,:3086736518_4,1
4020.0,:655375233_4,4
4020.0,:655375233_8,1
4040.0,-300077497#5,22
4040.0,-300077497#8,1
4040.0,-51362429#1,4
4040.0,-593847703#3,25
4040.0,-E0,14
4040.0,182334378#0,1
4040.0,30620492#0,17
4040.0,30620492#1,5
4040.0,49073226#2,9
4040.0,506322844#0,7
4040.0,593847704#0,1
4040.0,:655375233_2,1
4040.0,:655375233_4,2
4040.0,:655375233_8,1
4040.0,:655375238_5,2
4060.0,-300077497#5,26
4060.0,-300077497#8,2
4060.0,-51362429#1,4
4060.0,-593847703#3,25
4060.0,-E0,14
4060.0,232003903#0,1
4060.0,263217604#0,2
4060.0,30620492#0,18
4060.0,30620492#1,5
4060.0,49073226#2,9
4060.0,506322844#0,2
4060.0,593847704#0,1
4060.0,:655375233_2,1
4060.0,:655375233_4,2
4060.0,:655375233_8,1
4060.0,:655375239_5,1
4080.0,-300077497#5,27
4080.0,-300077497#8,4
4080.0,-51362429#1,3
4080.0,-593847703#3,25
4080.0,-E0,10
4080.0,232003903#0,1
4080.0,263217604#0,2
4080.0,288878926#0,4
4080.0,30620492#0,18
4080.0,30620492#1,5
4080.0,49073226#2,5
4080.0,506322844#0,5
4080.0,593847704#0,2
4080.0,:3086736518_6,2
4080.0,:655375233_2,1
4080.0,:655375233_4,2
4080.0,:655375233_8,1
4080.0,:cluster622618015_622618108_622618112_622618144_#2more_42,1
4080.0,:cluster_3431431575_4777363357_655375231_6982059025_3,1
4100.0,-300077497#5,23
4100.0,-300077497#8,4
4100.0,-49073264#1,1
4100.0,-593847703#3,27
4100.0,-E0,9
4100.0,263217604#0,2
4100.0,288878926#0,10
4100.0,30620492#0,18
4100.0,30620492#1,5
4100.0,49073226#2,2
4100.0,506322844#0,5
4100.0,51362430,1
4100.0,593847704#0,1
4100.0,593849718#0,2
4100.0,:655375233_2,1
4100.0,:655375233_4,2
4100.0,:655375233_8,1
4100.0,:cluster622618015_622618108_622618112_622618144_#2more_39,2
4100.0,:cluster_2528018119_655375236_17,1
4100.0,:cluster_2528018119_655375236_19,1
4100.0,:cluster_623980147_623980152_9,1
4120.0,-300077497#5,21
4120.0,-300077497#8,4
4120.0,-49073264#1,1
4120.0,-593847703#3,29
4120.0,-E0,9
4120.0,232003903#0,1
4120.0,244450512#4,1
4120.0,288878926#0,7
4120.0,30620492#0,18
4120.0,30620492#1,5
4120.0,506322844#0,5
4120.0,593847704#0,1
4120.0,593849711#0,1
4120.0,594658760#0,1
4120.0,:655375233_2,1
4120.0,:655375233_4,2
4120.0,:655375233_8,1
4120.0,:cluster11510670762_4554226152_1,1
4120.0,:cluster622618015_622618108_622618112_622618144_#2more_0,1
4120.0,:cluster_623980147_623980152_9,1
4140.0,-300077497#5,24
4140.0,-49073264#1,1
4140.0,-593847703#3,30
4140.0,-E0,9
4140.0,244450512#5,1
4140.0,288878926#0,6
4140.0,30620492#0,18
4140.0,30620492#1,5
4140.0,49073226#2,1
4140.0,506322844#0,5
4140.0,593847704#0,1
4140.0,594658760#0,1
4140.0,:655375233_2,1
4140.0,:655375233_4,2
4140.0,:655375233_8,1
4140.0,:cluster_3431431575_4777363357_655375231_6982059025_7,1
4160.0,-300077497#5,26
4160.0,-300077497#8,3
4160.0,-49073264#1,1
4160.0,-593847703#3,30
4160.0,-E0,9
4160.0,244450512#5,1
4160.0,288878926#0,6
4160.0,30620492#0,18
4160.0,30620492#1,5
4160.0,49073226#2,2
4160.0,506322844#0,3
4160.0,593847704#0,1
4160.0,593852345#0,1
4160.0,594658760#0,1
4160.0,:655375233_4,1
4160.0,:655375238_5,1
4160.0,:655375239_6,1
4160.0,:cluster622618015_622618108_622618112_622618144_#2more_35,1
4180.0,-300077497#5,27
4180.0,-300077497#8,4
4180.0,-593847703#3,30
4180.0,-E0,8
4180.0,196961215#2,2
4180.0,244450512#5,1
4180.0,263217604#0,2
4180.0,288878926#0,6
4180.0,30620492#0,18
4180.0,30620492#1,5
4180.0,49073226#2,2
4180.0,506322844#0,6
4180.0,593849718#0,1
4180.0,:3086736518_6,2
4180.0,:655375233_4,1
4200.0,-300077497#5,24
4200.0,-300077497#8,4
4200.0,-593847703#3,33
4200.0,-E0,2
4200.0,196961215#2,2
4200.0,288878926#0,4
4200.0,30620492#0,18
4200.0,30620492#1,5
4200.0,360843888,1
4200.0,49073226#2,2
4200.0,506322844#0,6
4200.0,51362430,1
4200.0,593847704#0,6
4200.0,593849711#0,2
4200.0,594658760#0,1
4200.0,:655375233_4,1
4220.0,-300077497#5,25
4220.0,-300077497#8,1
4220.0,-593847703#3,34
4220.0,-E0,3
4220.0,196961215#2,2
4220.0,30620492#0,18
4220.0,30620492#1,5
4220.0,360843888,1
4220.0,49073226#2,3
4220.0,506322844#0,6
4220.0,593847704#0,6
4220.0,:655375233_4,1
4220.0,:655375238_5,1
4240.0,-300077497#5,26
4240.0,-300077497#8,3
4240.0,-51362429#1,3
4240.0,-593847703#3,24
4240.0,-E0,3
4240.0,196961215#2,2
4240.0,263217604#0,1
4240.0,30620492#0,18
4240.0,30620492#1,5
4240.0,360843888,1
4240.0,49073226#2,3
4240.0,506322844#0,2
4240.0,593847702#0,2
4240.0,593847704#0,6
4240.0,:3086736518_3,1
4240.0,:655375232_8,1
4240.0,:655375233_2,1
4240.0,:655375233_4,2
4240.0,:655375238_5,1
4240.0,:655375239_5,1
4240.0,:cluster_3431431575_4777363357_655375231_6982059025_3,1
4260.0,-300077497#5,27
4260.0,-300077497#8,4
4260.0,-51362429#1,3
4260.0,-593847703#3,24
4260.0,-E0,3
4260.0,196961215#2,2
4260.0,263217604#0,1
4260.0,30620492#0,18
4260.0,30620492#1,5
4260.0,360843888,1
4260.0,49073226#2,7
4260.0,49073264#0,1
4260.0,49073272#3,1
4260.0,506322844#0,5
4260.0,593847702#0,1
4260.0,593847704#0,5
4260.0,:cluster622618015_622618108_622618112_622618144_#2more_39,2
4280.0,-300077497#5,23
4280.0,-300077497#8,4
4280.0,-51362429#1,3
4280.0,-593847703#3,26
4280.0,-E0,2
4280.0,196961215#2,2
4280.0,244450512#5,1
4280.0,263217604#0,1
4280.0,30620492#0,18
4280.0,30620492#1,5
4280.0,360018417,1
4280.0,49073226#2,7
4280.0,49073272#3,1
4280.0,506322844#0,5
4280.0,593847702#0,1
4280.0,593849718#0,2
4280.0,:3086736518_6,1
4280.0,:cluster622618015_622618108_622618112_622618144_#2more_17,1
4280.0,:cluster_2528018119_655375236_17,1
4280.0,:cluster_2528018119_655375236_31,1
4300.0,-300077497#5,18
4300.0,-300077497#8,4
4300.0,-51362429#1,3
4300.0,-593847703#3,30
4300.0,182334378#0,3
4300.0,196961215#2,2
4300.0,196961377#3,2
4300.0,244450512#4,1
4300.0,244450512#5,1
4300.0,30620492#0,18
4300.0,30620492#1,5
4300.0,49073226#2,7
4300.0,506322844#0,5
4300.0,593847702#0,1
4300.0,593847704#0,3
4320.0,-300077497#5,22
4320.0,-51362429#1,3
4320.0,-593847703#3,30
4320.0,232003903#0,1
4320.0,244450512#5,2
4320.0,288878926#0,7
4320.0,30620492#0,18
4320.0,30620492#1,5
4320.0,49073226#2,1
4320.0,506322844#0,5
4320.0,51362430,2
4320.0,593847702#0,1
4320.0,593847704#0,3
4320.0,:cluster_623980147_623980152_9,1
4340.0,-300077497#5,27
4340.0,-300077497#8,2
4340.0,-49073264#1,1
4340.0,-51362429#1,1
4340.0,-593847703#3,25
4340.0,244450512#5,2
4340.0,263217604#0,1
4340.0,288878926#0,10
4340.0,30620492#0,16
4340.0,30620492#1,5
4340.0,49073226#2,3
4340.0,506322844#0,3
4340.0,51362430,1
4340.0,593847704#0,3
4340.0,:3086736518_4,1
4340.0,:655375232_8,1
4340.0,:655375233_4,2
4340.0,:655375239_5,1
4340.0,:cluster_623980147_623980152_4,1
4360.0,-300077497#5,27
4360.0,-300077497#8,4
4360.0,-51362429#1,1
4360.0,-593847703#3,23
4360.0,244450512#5,2
4360.0,263217604#0,1
4360.0,288878926#0,13
4360.0,30620492#0,18
4360.0,30620492#1,5
4360.0,49073226#2,7
4360.0,49073272#1,1
4360.0,49073272#3,1
4360.0,506322844#0,5
4360.0,593847704#0,1
4360.0,593852345#0,1
4380.0,-300077497#5,24
4380.0,-300077497#8,4
4380.0,-51362429#1,1
4380.0,-593847703#3,25
4380.0,182334378#0,1
4380.0,196961215#2,1
4380.0,288878926#0,11
4380.0,30620492#0,18
4380.0,30620492#1,5
4380.0,360018417,3
4380.0,360843888,1
4380.0,49073226#2,7
4380.0,506322844#0,5
4380.0,51362430,2
4380.0,593849711#0,2
4400.0,-300077497#5,25
4400.0,-300077497#8,1
4400.0,-51362429#1,1
4400.0,-593847703#3,25
4400.0,182334378#0,1
4400.0,196961215#2,1
4400.0,196961377#3,1
4400.0,288878926#0,5
4400.0,30620492#0,18
4400.0,30620492#1,5
4400.0,360843888,1
4400.0,49073226#2,9
4400.0,506322844#0,5
4400.0,:655375238_5,1
4400.0,:cluster622618015_622618108_622618112_622618144_#2more_49,2
4400.0,:cluster_2528018119_655375236_17,1
4420.0,-300077497#5,26
4420.0,-300077497#8,4
4420.0,-51362429#1,1
4420.0,-593847703#3,26
4420.0,182334378#0,1
4420.0,196961215#2,1
4420.0,288878926#0,5
4420.0,30620492#0,18
4420.0,30620492#1,5
4420.0,360843888,1
4420.0,49073226#2,9
4420.0,506322844#0,4
4440.0,-300077497#5,27
4440.0,-300077497#8,4
4440.0,-51362429#1,1
4440.0,-593847703#3,23
4440.0,196961215#2,1
4440.0,232003903#0,1
4440.0,263217604#0,1
4440.0,288878926#0,5
4440.0,30620492#0,18
4440.0,30620492#1,5
4440.0,360843888,1
4440.0,49073226#2,9
4440.0,506322844#0,4
4440.0,:3086736518_3,1
4440.0,:655375233_2,1
4440.0,:655375233_4,1
4460.0,-300077497#5,23
4460.0,-300077497#8,4
4460.0,-51362429#1,5
4460.0,-593847703#3,22
4460.0,196961215#2,1
4460.0,244450512#5,1
4460.0,263217604#0,1
4460.0,288878926#0,5
4460.0,30620492#0,18
4460.0,30620492#1,3
4460.0,49073226#2,9
4460.0,49073272#1,1
4460.0,506322844#0,4
4460.0,51362430,1
4460.0,593847702#0,1
4460.0,:cluster_2528018119_655375236_17,1
4460.0,:cluster_2528018119_655375236_19,1
4460.0,:cluster_9383263990_9383263991_9383263992_9383263993_10,1
4460.0,:cluster_9383263990_9383263991_9383263992_9383263993_13,1
4480.0,-300077497#5,21
4480.0,-300077497#8,4
4480.0,-51362429#1,5
4480.0,-593847703#3,25
4480.0,182334378#0,1
4480.0,196961215#2,1
4480.0,196961377#3,1
4480.0,244450512#5,1
4480.0,30620492#0,15
4480.0,30620492#1,5
4480.0,49073226#2,10
4480.0,506322842#0,1
4480.0,506322844#0,6
4480.0,593847702#0,1
4480.0,594658757#0,1
4500.0,-300077497#5,24
4500.0,-51362429#1,5
4500.0,-593847703#3,26
4500.0,1068440004#1,1
4500.0,196961215#2,1
4500.0,232003903#0,1
4500.0,244450512#5,1
4500.0,30620492#0,18
4500.0,30620492#1,5
4500.0,49073226#2,10
4500.0,506322842#0,1
4500.0,506322844#0,6
4500.0,593847702#0,1
4520.0,-300077497#5,27
4520.0,-300077497#8,2
4520.0,-51362429#1,5
4520.0,-593847703#3,26
4520.0,1068440004#1,1
4520.0,196961215#2,1
4520.0,244450512#5,1
4520.0,263217604#0,1
4520.0,30620492#0,18
4520.0,30620492#1,5
4520.0,484988951#0,1
4520.0,49073226#2,10
4520.0,49073272#3,1
4520.0,:cluster_5372642442_631668976_631668981_631669076_36,1
4540.0,-300077497#5,27
4540.0,-300077497#8,2
4540.0,-51362429#1,5
4540.0,-593847703#3,24
4540.0,1068234499#0,1
4540.0,1068440004#1,1
4540.0,244450512#5,1
4540.0,263217604#0,1
4540.0,288878926#0,1
4540.0,30620492#0,18
4540.0,30620492#1,5
4540.0,49073226#2,9
4540.0,49073272#3,1
4540.0,:655375233_4,2
4540.0,:cluster_623980147_623980152_4,1
4540.0,:cluster_623980147_623980152_8,1
4560.0,-300077497#5,22
4560.0,-300077497#8,2
4560.0,-51362429#1,7
4560.0,-593847703#3,23
4560.0,1068234499#0,1
4560.0,1068440004#1,1
4560.0,182334378#0,1
4560.0,288878926#0,7
4560.0,30620492#0,14
4560.0,30620492#1,4
4560.0,360018417,1
4560.0,49073226#2,5
4560.0,506322844#0,5
4560.0,51362430,1
4560.0,593847704#0,1
4560.0,593849711#0,1
4560.0,594658757#0,1
4560.0,:cluster_3431431575_4777363357_655375231_6982059025_3,2
4580.0,-300077497#5,24
4580.0,-51362429#1,1
4580.0,-593847703#3,23
4580.0,-E0,1
4580.0,1068234499#0,1
4580.0,1068440004#1,1
4580.0,288878926#0,7
4580.0,30620492#0,15
4580.0,30620492#1,5
4580.0,49073226#2,4
4580.0,506322844#0,6
4580.0,593847702#0,1
4580.0,593847704#0,1
4580.0,:cluster622618015_622618108_622618112_622618144_#2more_49,1
4580.0,:cluster_3431431575_4777363357_655375231_6982059025_3,3
4580.0,:cluster_623980147_623980152_9,1
4600.0,-300077497#5,25
4600.0,-300077497#8,1
4600.0,-593847703#3,24
4600.0,1068440004#1,1
4600.0,263217604#0,1
4600.0,288878926#0,13
4600.0,30620492#0,18
4600.0,30620492#1,5
4600.0,49073226#2,3
4600.0,506322844#0,1
4600.0,593847704#0,1
4600.0,593852345#0,1
4600.0,:655375238_5,1
4600.0,:655375239_5,1
4620.0,-300077497#5,27
4620.0,-300077497#8,2
4620.0,-593847703#3,24
4620.0,1068440004#1,1
4620.0,196961215#2,1
4620.0,263217604#0,1
4620.0,288878926#0,13
4620.0,30620492#0,18
4620.0,30620492#1,5
4620.0,49073226#2,3
4620.0,:cluster622618015_622618108_622618112_622618144_#2more_52,1
4640.0,-300077497#5,26
4640.0,-300077497#8,2
4640.0,-593847703#3,25
4640.0,1068440004#1,1
4640.0,196961215#2,2
4640.0,263217604#0,1
4640.0,288878926#0,13
4640.0,30620492#0,18
4640.0,30620492#1,3
4640.0,49073226#2,3
4640.0,:cluster_9383263990_9383263991_9383263992_9383263993_13,2
4660.0,-300077497#5,24
4660.0,-300077497#8,2
4660.0,-51362429#1,2
4660.0,-593847703#3,18
4660.0,1068440004#1,1
4660.0,196961215#2,2
4660.0,288878926#0,7
4660.0,30620492#0,11
4660.0,30620492#1,4
4660.0,49073226#2,4
4660.0,506322844#0,7
4660.0,593847702#0,1
4660.0,593849711#0,1
4660.0,594658757#0,1
4660.0,:2749340167_0,1
4660.0,:655375232_8,1
4660.0,:cluster622618015_622618108_622618112_622618144_#2more_0,1
4660.0,:cluster_2528018119_655375236_17,1
4660.0,:cluster_3431431575_4777363357_655375231_6982059025_3,2
4680.0,-300077497#5,21
4680.0,-300077497#8,1
4680.0,-51362429#1,2
4680.0,-593847703#3,22
4680.0,-E0,1
4680.0,182334378#0,1
4680.0,196961215#2,2
4680.0,288878926#0,5
4680.0,30620492#0,17
4680.0,30620492#1,5
4680.0,49073226#2,7
4680.0,506322844#0,7
4680.0,593847702#0,2
4700.0,-300077497#5,26
4700.0,-51362429#1,2
4700.0,-593847703#3,22
4700.0,196961215#2,2
4700.0,263217604#0,3
4700.0,288878926#0,5
4700.0,30620492#0,18
4700.0,30620492#1,5
4700.0,49073226#2,7
4700.0,49073272#3,2
4700.0,51362430,1
4720.0,-300077497#5,26
4720.0,-51362429#1,2
4720.0,-593847703#3,22
4720.0,196961215#2,2
4720.0,263217604#0,3
4720.0,288878926#0,5
4720.0,30620492#0,18
4720.0,30620492#1,5
4720.0,49073226#2,8
4720.0,49073272#3,2
4740.0,-300077497#5,24
4740.0,-51362429#1,2
4740.0,-593847703#3,22
4740.0,196961215#2,2
4740.0,288878926#0,3
4740.0,30620492#0,14
4740.0,30620492#1,4
4740.0,360018417,2
4740.0,49073226#2,8
4740.0,506322844#0,5
4740.0,593849711#0,1
4740.0,594658757#0,1
4740.0,594658760#0,2
4740.0,:cluster_2528018119_655375236_17,2
4760.0,-300077497#5,19
4760.0,-51362429#1,5
4760.0,-593847703#3,18
4760.0,182334378#0,1
4760.0,196961215#2,2
4760.0,30620492#0,14
4760.0,30620492#1,5
4760.0,49073226#2,8
4760.0,506322844#0,7
4760.0,593849711#0,1
4760.0,594658757#0,1
4760.0,594658760#0,2
4760.0,:3086736518_4,2
4760.0,:655375232_8,1
4760.0,:655375233_4,2
4760.0,:cluster622618015_622618108_622618112_622618144_#2more_49,1
4760.0,:cluster_2528018119_655375236_17,1
4780.0,-300077497#5,19
4780.0,-51362429#1,8
4780.0,-593847703#3,19
4780.0,-E0,2
4780.0,182334378#0,1
4780.0,263217604#0,4
4780.0,288878926#0,5
4780.0,30620492#0,18
4780.0,30620492#1,5
4780.0,49073226#2,6
4780.0,506322844#0,1
4780.0,:655375238_5,1
4780.0,:655375239_5,1
4780.0,:cluster_3431431575_4777363357_655375231_6982059025_3,1
4800.0,-300077497#5,22
4800.0,-593847703#3,19
4800.0,182334378#0,1
4800.0,263217604#0,4
4800.0,288878926#0,11
4800.0,30620492#0,18
4800.0,30620492#1,5
4800.0,49073226#2,5
4800.0,:cluster_3431431575_4777363357_655375231_6982059025_3,3
4800.0,:cluster_623980147_623980152_9,1
4820.0,-300077497#5,19
4820.0,-593847703#3,21
4820.0,-E0,1
4820.0,263217604#0,4
4820.0,288878926#0,13
4820.0,30620492#0,18
4820.0,30620492#1,3
4820.0,49073226#2,7
4820.0,:cluster_2528018119_655375236_17,1
4820.0,:cluster_9383263990_9383263991_9383263992_9383263993_13,2
4840.0,-300077497#5,19
4840.0,-593847703#3,22
4840.0,288878926#0,7
4840.0,30620492#0,12
4840.0,30620492#1,3
4840.0,49073226#2,7
4840.0,506322844#0,5
4840.0,593849711#0,1
4840.0,594658760#0,4
4840.0,:2749340167_0,1
4840.0,:cluster622618015_622618108_622618112_622618144_#2more_0,1
4840.0,:cluster_9383263990_9383263991_9383263992_9383263993_13,2
4860.0,-300077497#5,18
4860.0,-51362429#1,1
4860.0,-593847703#3,17
4860.0,288878926#0,5
4860.0,30620492#0,17
4860.0,30620492#1,5
4860.0,49073226#2,7
4860.0,506322844#0,7
4860.0,593847702#0,1
4860.0,594658760#0,3
4860.0,:3086736518_4,1
4860.0,:655375232_8,1
4860.0,:655375233_4,2
4860.0,:cluster655375336_end_0_655375336_end_1_655375336_end_10_655375336_end_11_#8more_17,1
4880.0,-300077497#5,22
4880.0,-51362429#1,6
4880.0,-593847703#3,14
4880.0,-E0,3
4880.0,263217604#0,3
4880.0,288878926#0,5
4880.0,30620492#0,18
4880.0,30620492#1,5
4880.0,49073226#2,7
4880.0,49073272#3,1
4880.0,593847704#0,1
4900.0,-300077497#5,22
4900.0,-51362429#1,6
4900.0,-593847703#3,14
4900.0,263217604#0,3
4900.0,288878926#0,5
4900.0,30620492#0,18
4900.0,30620492#1,5
4900.0,49073226#2,7
4900.0,49073264#0,1
4900.0,49073272#3,1
4920.0,-300077497#5,14
4920.0,-49073264#1,1
4920.0,-51362429#1,6
4920.0,-593847703#3,20
4920.0,182334378#0,1
4920.0,288878926#0,3
4920.0,30620492#0,14
4920.0,30620492#1,4
4920.0,360018417,1
4920.0,49073226#2,7
4920.0,506322844#0,4
4920.0,593849711#0,2
4920.0,594658757#0,1
4920.0,594658760#0,2
4920.0,:cluster_2528018119_655375236_17,1
4920.0,:cluster_9383263990_9383263991_9383263992_9383263993_13,1
4940.0,-300077497#5,10
4940.0,-49073264#1,1
4940.0,-51362429#1,6
4940.0,-593847703#3,24
4940.0,-E0,1
4940.0,232003903#0,1
4940.0,30620492#0,12
4940.0,30620492#1,5
4940.0,49073226#2,7
4940.0,506322842#0,1
4940.0,506322844#0,8
4940.0,593849711#0,1
4940.0,594658760#0,2
4940.0,:cluster_2528018119_655375236_17,1
4960.0,-300077497#5,11
4960.0,-300077497#8,2
4960.0,-49073264#1,1
4960.0,-51362429#1,6
4960.0,-593847703#3,22
4960.0,-E0,2
4960.0,232003903#0,1
4960.0,263217604#0,3
4960.0,30620492#0,18
4960.0,30620492#1,5
4960.0,49073226#2,7
4960.0,506322844#0,1
4960.0,506322846#0,1
4960.0,:3086736518_4,1
4960.0,:655375233_2,2
4960.0,:655375239_5,1
4980.0,-300077497#5,15
4980.0,-51362429#1,9
4980.0,-593847703#3,17
4980.0,232003903#0,1
4980.0,263217604#0,3
4980.0,288135626#0,1
4980.0,30620492#0,18
4980.0,30620492#1,5
4980.0,49073226#2,7
4980.0,593847702#0,2
4980.0,:cluster622618015_622618108_622618112_622618144_#2more_17,1
5000.0,-300077497#5,12
5000.0,-51362429#1,9
5000.0,-593847703#3,18
5000.0,1068234499#0,1
5000.0,263217604#0,3
5000.0,30620492#0,18
5000.0,30620492#1,3
5000.0,49073226#2,7
5000.0,506322844#0,1
5000.0,51362430,1
5000.0,593847702#0,2
5000.0,:cluster_2528018119_655375236_17,1
5000.0,:cluster_2528018119_655375236_31,1
5000.0,:cluster_9383263990_9383263991_9383263992_9383263993_13,1
5020.0,-300077497#5,2
5020.0,-51362429#1,5
5020.0,-593847703#3,26
5020.0,-E0,1
5020.0,1068234499#0,1
5020.0,244450512#4,1
5020.0,288878926#0,3
5020.0,30620492#0,13
5020.0,30620492#1,5
5020.0,49073226#2,3
5020.0,506322844#0,5
5020.0,593847702#0,2
5020.0,593849711#0,1
5020.0,594658757#0,1
5020.0,594658760#0,1
5020.0,:cluster622618015_622618108_622618112_622618144_#2more_0,1
5020.0,:cluster655375336_end_0_655375336_end_1_655375336_end_10_655375336_end_11_#8more_5,1
5020.0,:cluster_2528018119_655375236_17,2
5020.0,:cluster_3431431575_4777363357_655375231_6982059025_3,3
5020.0,:cluster_623980147_623980152_4,1
5040.0,-593847703#3,30
5040.0,1068234499#0,1
5040.0,244450512#5,1
5040.0,288878926#0,9
5040.0,30620492#0,18
5040.0,30620492#1,5
5040.0,49073226#2,5
5040.0,506322844#0,5
5040.0,593847702#0,2
5040.0,594658757#0,1
5040.0,594658760#0,1
5060.0,-300077497#5,5
5060.0,-49073264#1,1
5060.0,-593847703#3,28
5060.0,-E0,2
5060.0,182334378#0,1
5060.0,244450512#5,1
5060.0,288878926#0,13
5060.0,30620492#0,18
5060.0,30620492#1,5
5060.0,49073226#2,1
5060.0,49073264#0,1
5060.0,:655375233_4,2
5080.0,-300077497#5,5
5080.0,-51362429#1,4
5080.0,-593847703#3,20
5080.0,244450512#5,1
5080.0,288878926#0,13
5080.0,30620492#0,18
5080.0,30620492#1,5
5080.0,49073226#2,1
5080.0,593847704#0,1
5080.0,:cluster622618015_622618108_622618112_622618144_#2more_17,1
5100.0,-593847703#3,25
5100.0,-E0,1
5100.0,288878926#0,11
5100.0,30620492#0,14
5100.0,30620492#1,3
5100.0,49073226#2,5
5100.0,49073264#0,1
5100.0,506322844#0,4
5100.0,593849711#0,1
5100.0,:2749340167_0,1
5100.0,:cluster_9383263990_9383263991_9383263992_9383263993_13,1
5120.0,-49073264#1,1
5120.0,-593847703#3,25
5120.0,288878926#0,5
5120.0,30620492#0,16
5120.0,30620492#1,5
5120.0,49073226#2,5
5120.0,506322844#0,5
5140.0,-300077497#8,1
5140.0,-49073264#1,1
5140.0,-593847703#3,25
5140.0,263217604#0,1
5140.0,288878926#0,5
5140.0,30620492#0,18
5140.0,30620492#1,5
5140.0,49073226#2,5
5140.0,506322844#0,1
5140.0,:655375239_5,2
5160.0,-300077497#5,4
5160.0,-593847703#3,25
5160.0,263217604#0,1
5160.0,288878926#0,5
5160.0,30620492#0,18
5160.0,30620492#1,5
5160.0,49073226#2,5
5160.0,:cluster622618015_622618108_622618112_622618144_#2more_17,1
5180.0,-51362429#1,1
5180.0,-593847703#3,16
5180.0,263217604#0,1
5180.0,288878926#0,5
5180.0,30620492#0,18
5180.0,30620492#1,3
5180.0,49073226#2,6
5180.0,593847702#0,2
5180.0,:cluster_2528018119_655375236_17,2
5180.0,:cluster_3431431575_4777363357_655375231_6982059025_3,1
5180.0,:cluster_9383263990_9383263991_9383263992_9383263993_13,2
5200.0,-51362429#1,1
5200.0,-593847703#3,18
5200.0,30620492#0,12
5200.0,30620492#1,3
5200.0,49073226#2,7
5200.0,506322844#0,6
5200.0,593847702#0,2
5200.0,594658760#0,1
5200.0,:2749340167_0,1
5200.0,:cluster_9383263990_9383263991_9383263992_9383263993_13,1
5220.0,-51362429#1,1
5220.0,-593847703#3,18
5220.0,30620492#0,16
5220.0,30620492#1,5
5220.0,49073226#2,7
5220.0,506322844#0,7
5220.0,593847702#0,2
5220.0,594658760#0,1
5240.0,-300077497#5,5
5240.0,-49073264#1,1
5240.0,-51362429#1,1
5240.0,-593847703#3,18
5240.0,263217604#0,2
5240.0,30620492#0,18
5240.0,30620492#1,5
5240.0,49073226#2,6
5240.0,49073272#3,1
5240.0,:cluster655375336_end_0_655375336_end_1_655375336_end_10_655375336_end_11_#8more_17,1
5240.0,:cluster_623980147_623980152_9,1
5260.0,-300077497#5,5
5260.0,-593847703#3,18
5260.0,263217604#0,2
5260.0,288878926#0,7
5260.0,30620492#0,18
5260.0,30620492#1,5
5260.0,49073272#3,1
5260.0,:cluster_623980147_623980152_4,1
5280.0,-593847703#3,10
5280.0,-E0,1
5280.0,288878926#0,6
5280.0,30620492#0,14
5280.0,30620492#1,3
5280.0,360018417,1
5280.0,506322842#0,1
5280.0,506322844#0,2
5280.0,593847702#0,1
5280.0,593847704#0,1
5280.0,593849711#0,1
5280.0,594658757#0,1
5280.0,594658760#0,1
5280.0,:2749340167_0,1
5280.0,:655375233_4,3
5280.0,:cluster655375336_end_0_655375336_end_1_655375336_end_10_655375336_end_11_#8more_5,1
5280.0,:cluster_3431431575_4777363357_655375231_6982059025_3,1
5280.0,:cluster_9383263990_9383263991_9383263992_9383263993_13,2
5300.0,-593847703#3,10
5300.0,288878926#0,1
5300.0,30620492#0,14
5300.0,30620492#1,5
5300.0,506322842#0,2
5300.0,506322844#0,5
5300.0,593847702#0,1
5300.0,593847704#0,1
5300.0,594658757#0,1
5300.0,594658760#0,1
5300.0,:cluster622618015_622618108_622618112_622618144_#2more_49,1
5320.0,-300077497#8,1
5320.0,-593847703#3,10
5320.0,-E0,1
5320.0,263217604#0,1
5320.0,288878926#0,1
5320.0,30620492#0,18
5320.0,30620492#1,5
5320.0,49073272#3,1
5320.0,506322844#0,1
5320.0,506322846#0,2
5320.0,593847704#0,1
5320.0,:655375238_5,1
5320.0,:655375239_5,1
5320.0,:cluster655375336_end_0_655375336_end_1_655375336_end_10_655375336_end_11_#8more_21,1
5340.0,-300077497#5,4
5340.0,-593847703#3,10
5340.0,263217604#0,1
5340.0,288135626#0,2
5340.0,288878926#0,1
5340.0,30620492#0,18
5340.0,30620492#1,5
5340.0,49073272#3,1
5340.0,:cluster622618015_622618108_622618112_622618144_#2more_42,1
5360.0,-49073264#1,1
5360.0,-593847703#3,11
5360.0,1068234499#0,2
5360.0,182334378#0,1
5360.0,263217604#0,1
5360.0,288878926#0,1
5360.0,30620492#0,18
5360.0,30620492#1,3
5360.0,360018417,1
5360.0,:cluster_2528018119_655375236_17,2
5360.0,:cluster_9383263990_9383263991_9383263992_9383263993_13,2
5380.0,-49073264#1,1
5380.0,-593847703#3,5
5380.0,-E0,1
5380.0,1068234499#0,2
5380.0,196961377#3,1
5380.0,30620492#0,13
5380.0,30620492#1,4
5380.0,506322844#0,5
5380.0,594658757#0,1
5380.0,:655375233_4,3
5380.0,:cluster_9383263990_9383263991_9383263992_9383263993_13,1
5400.0,-49073264#1,1
5400.0,-593847703#3,1
5400.0,1068234499#0,2
5400.0,30620492#0,17
5400.0,30620492#1,5
5400.0,506322844#0,6
5400.0,594658757#0,1
5420.0,-300077497#5,4
5420.0,-49073264#1,1
5420.0,-593847703#3,2
5420.0,-E0,1
5420.0,263217604#0,2
5420.0,30620492#0,18
5420.0,30620492#1,5
5420.0,594658757#0,1
5440.0,-300077497#5,4
5440.0,-593847703#3,2
5440.0,-E0,1
5440.0,263217604#0,2
5440.0,30620492#0,18
5440.0,30620492#1,5
5460.0,-593847703#3,6
5460.0,30620492#0,14
5460.0,30620492#1,4
5460.0,506322844#0,5
5460.0,594658760#0,2
5480.0,-593847703#3,2
5480.0,30620492#0,15
5480.0,30620492#1,4
5480.0,506322844#0,6
5480.0,594658760#0,2
5480.0,:655375233_4,4
5480.0,:cluster_9383263990_9383263991_9383263992_9383263993_13,1
5500.0,-300077497#8,1
5500.0,263217604#0,3
5500.0,30620492#0,17
5500.0,30620492#1,5
5500.0,506322844#0,1
5500.0,594658760#0,2
5500.0,:655375238_5,1
5500.0,:655375239_5,1
5520.0,-300077497#5,4
5520.0,263217604#0,3
5520.0,30620492#0,18
5520.0,30620492#1,5
5520.0,594658760#0,1
5540.0,-593847703#3,2
5540.0,263217604#0,3
5540.0,30620492#0,18
5540.0,30620492#1,3
5540.0,:cluster_2528018119_655375236_17,1
5540.0,:cluster_2528018119_655375236_31,1
5540.0,:cluster_9383263990_9383263991_9383263992_9383263993_13,2
5560.0,-593847703#3,3
5560.0,182334378#0,1
5560.0,30620492#0,13
5560.0,30620492#1,4
5560.0,506322844#0,5
5560.0,594658757#0,1
5560.0,594658760#0,2
5560.0,:cluster_9383263990_9383263991_9383263992_9383263993_13,1
5580.0,-593847703#3,1
5580.0,-E0,1
5580.0,30620492#0,16
5580.0,30620492#1,5
5580.0,506322844#0,7
5580.0,594658757#0,1
5580.0,594658760#0,2
5580.0,:655375233_4,2
5600.0,-300077497#5,5
5600.0,263217604#0,2
5600.0,30620492#0,18
5600.0,30620492#1,5
5600.0,594658757#0,1
5600.0,594658760#0,2
5620.0,-300077497#5,5
5620.0,263217604#0,2
5620.0,30620492#0,18
5620.0,30620492#1,5
5620.0,594658760#0,1
5620.0,:cluster655375336_end_0_655375336_end_1_655375336_end_10_655375336_end_11_#8more_17,1
5620.0,:cluster655375336_end_0_655375336_end_1_655375336_end_10_655375336_end_11_#8more_21,1
5640.0,-593847703#3,3
5640.0,-E0,2
5640.0,30620492#0,14
5640.0,30620492#1,3
5640.0,506322844#0,4
5640.0,594658757#0,2
5640.0,:2749340167_0,1
5640.0,:cluster655375336_end_0_655375336_end_1_655375336_end_10_655375336_end_11_#8more_5,1
5640.0,:cluster_9383263990_9383263991_9383263992_9383263993_13,1
5660.0,-593847703#3,3
5660.0,30620492#0,14
5660.0,30620492#1,5
5660.0,506322844#0,7
5660.0,594658757#0,2
5680.0,-593847703#3,3
5680.0,263217604#0,5
5680.0,30620492#0,17
5680.0,30620492#1,5
5680.0,594658757#0,2
5680.0,:655375238_5,1
5680.0,:655375239_5,2
5700.0,-300077497#5,3
5700.0,-E0,1
5700.0,263217604#0,5
5700.0,30620492#0,18
5700.0,30620492#1,5
5700.0,594658757#0,1
5720.0,-593847703#3,2
5720.0,-E0,1
5720.0,263217604#0,5
5720.0,30620492#0,18
5720.0,30620492#1,3
5720.0,506322844#0,1
5720.0,:cluster_2528018119_655375236_17,1
5720.0,:cluster_9383263990_9383263991_9383263992_9383263993_13,1
5740.0,-593847703#3,3
5740.0,30620492#0,13
5740.0,30620492#1,4
5740.0,506322844#0,5
5740.0,594658757#0,2
5740.0,594658760#0,2
5740.0,:cluster655375336_end_0_655375336_end_1_655375336_end_10_655375336_end_11_#8more_17,1
5740.0,:cluster_9383263990_9383263991_9383263992_9383263993_13,1
5760.0,-593847703#3,3
5760.0,-E0,1
5760.0,30620492#0,17
5760.0,30620492#1,5
5760.0,506322844#0,6
5780.0,-300077497#5,5
5780.0,-593847703#3,3
5780.0,263217604#0,1
5780.0,30620492#0,18
5780.0,30620492#1,5
5800.0,-300077497#5,5
5800.0,263217604#0,1
5800.0,30620492#0,18
5800.0,30620492#1,5
5820.0,-593847703#3,5
5820.0,30620492#0,14
5820.0,30620492#1,4
5820.0,506322844#0,5
5820.0,594658757#0,1
5840.0,-593847703#3,5
5840.0,30620492#0,16
5840.0,30620492#1,5
5840.0,506322844#0,5
5840.0,594658757#0,1
5860.0,-300077497#5,1
5860.0,-300077497#8,2
5860.0,-593847703#3,5
5860.0,30620492#0,18
5860.0,30620492#1,5
5860.0,506322844#0,1
5860.0,594658757#0,1
5860.0,:655375239_5,1
5880.0,-300077497#5,5
5880.0,-593847703#3,5
5880.0,30620492#0,18
5880.0,30620492#1,5
5880.0,594658757#0,1
5900.0,-300077497#5,1
5900.0,-593847703#3,1
5900.0,182334378#0,1
5900.0,30620492#0,18
5900.0,30620492#1,3
5900.0,506322844#0,1
5900.0,:655375233_4,1
5900.0,:cluster_2528018119_655375236_17,2
5900.0,:cluster_9383263990_9383263991_9383263992_9383263993_13,1
5920.0,-593847703#3,4
5920.0,182334378#0,1
5920.0,30620492#0,12
5920.0,30620492#1,5
5920.0,506322844#0,6
5940.0,-593847703#3,4
5940.0,182334378#0,1
5940.0,30620492#0,18
5940.0,30620492#1,5
5940.0,506322844#0,6
5960.0,-300077497#5,4
5960.0,-593847703#3,4
5960.0,-E0,1
5960.0,263217604#0,2
5960.0,30620492#0,18
5960.0,30620492#1,5
5980.0,-300077497#5,4
5980.0,-593847703#3,4
5980.0,263217604#0,2
5980.0,30620492#0,18
5980.0,30620492#1,5
6000.0,-593847703#3,3
6000.0,182334378#0,1
6000.0,30620492#0,14
6000.0,30620492#1,4
6000.0,506322844#0,5
6000.0,594658757#0,1
6000.0,594658760#0,1
6000.0,:655375233_4,3
6020.0,-E0,1
6020.0,30620492#0,16
6020.0,30620492#1,5
6020.0,506322844#0,5
6020.0,594658757#0,1
6020.0,594658760#0,1
6040.0,-300077497#5,1
6040.0,-300077497#8,1
6040.0,30620492#0,18
6040.0,30620492#1,5
6040.0,506322844#0,1
6040.0,594658757#0,1
6040.0,594658760#0,1
6040.0,:655375238_5,1
6040.0,:655375239_5,1
6060.0,-300077497#5,5
6060.0,30620492#0,18
6060.0,30620492#1,5
6060.0,594658757#0,1
6060.0,594658760#0,1
6080.0,-300077497#5,1
6080.0,-593847703#3,2
6080.0,-E0,1
6080.0,30620492#0,18
6080.0,30620492#1,3
6080.0,:cluster655375336_end_0_655375336_end_1_655375336_end_10_655375336_end_11_#8more_21,1
6080.0,:cluster_2528018119_655375236_17,2
6080.0,:cluster_9383263990_9383263991_9383263992_9383263993_13,2
6100.0,-593847703#3,3
6100.0,30620492#0,12
6100.0,30620492#1,4
6100.0,506322842#0,1
6100.0,506322844#0,5
6100.0,:655375233_4,2
6100.0,:cluster_9383263990_9383263991_9383263992_9383263993_13,1
6120.0,30620492#0,16
6120.0,30620492#1,5
6120.0,506322842#0,1
6120.0,506322844#0,7
6140.0,-300077497#5,5
6140.0,263217604#0,2
6140.0,30620492#0,18
6140.0,30620492#1,5
6140.0,:cluster_5372642442_631668976_631668981_631669076_47,1
6160.0,-300077497#5,5
6160.0,-593847703#3,1
6160.0,263217604#0,2
6160.0,30620492#0,18
6160.0,30620492#1,5
6180.0,-593847703#3,6
6180.0,30620492#0,14
6180.0,30620492#1,3
6180.0,506322842#0,2
6180.0,506322844#0,2
6180.0,594658757#0,1
6180.0,594658760#0,1
6180.0,:2749340167_0,1
6180.0,:cluster_9383263990_9383263991_9383263992_9383263993_13,1
6200.0,-593847703#3,6
6200.0,-E0,2
6200.0,30620492#0,12
6200.0,30620492#1,4
6200.0,506322842#0,2
6200.0,506322844#0,7
6200.0,:2749340167_0,1
6220.0,-300077497#5,1
6220.0,-300077497#8,1
6220.0,-35274074#2,1
6220.0,263217604#0,2
6220.0,30620492#0,18
6220.0,30620492#1,5
6220.0,506322846#0,1
6220.0,:655375238_5,1
6220.0,:655375239_5,2
6240.0,-300077497#5,6
6240.0,263217604#0,2
6240.0,288135626#0,1
6240.0,30620492#0,18
6240.0,30620492#1,5
6260.0,-300077497#5,2
6260.0,-593847703#3,2
6260.0,1068234499#0,1
6260.0,263217604#0,2
6260.0,30620492#0,18
6260.0,30620492#1,3
6260.0,:cluster_2528018119_655375236_17,2
6260.0,:cluster_9383263990_9383263991_9383263992_9383263993_13,2
6280.0,-593847703#3,6
6280.0,1068234499#0,1
6280.0,244450512#4,1
6280.0,30620492#0,11
6280.0,30620492#1,3
6280.0,506322842#0,1
6280.0,506322844#0,6
6280.0,594658757#0,1
6280.0,:2749340167_0,1
6280.0,:cluster_9383263990_9383263991_9383263992_9383263993_13,1
6300.0,-593847703#3,6
6300.0,1068234499#0,1
6300.0,244450512#5,1
6300.0,30620492#0,16
6300.0,30620492#1,5
6300.0,506322842#0,1
6300.0,506322844#0,7
6320.0,-300077497#5,4
6320.0,244450512#5,1
6320.0,263217604#0,3
6320.0,30620492#0,18
6320.0,30620492#1,5
6320.0,506322846#2,1
6340.0,-300077497#5,4
6340.0,244450512#5,1
6340.0,263217604#0,3
6340.0,30620492#0,18
6340.0,30620492#1,5
6340.0,:2444664370_0,1
6360.0,-593847703#3,3
6360.0,-E0,2
6360.0,1068234499#0,1
6360.0,30620492#0,14
6360.0,30620492#1,4
6360.0,506322844#0,5
6360.0,594658757#0,2
6360.0,594658760#0,1
6380.0,-593847703#3,3
6380.0,1068234499#0,1
6380.0,30620492#0,13
6380.0,30620492#1,4
6380.0,506322844#0,8
6380.0,594658757#0,1
6380.0,:2749340167_0,1
6380.0,:cluster655375336_end_0_655375336_end_1_655375336_end_10_655375336_end_11_#8more_17,1
6380.0,:cluster655375336_end_0_655375336_end_1_655375336_end_10_655375336_end_11_#8more_21,1
6400.0,-300077497#8,1
6400.0,-593847703#3,3
6400.0,-E0,1
6400.0,182334378#0,1
6400.0,263217604#0,4
6400.0,30620492#0,17
6400.0,30620492#1,5
6400.0,506322844#0,1
6400.0,:655375239_5,1
6400.0,:655375239_6,2
6420.0,-300077497#5,3
6420.0,263217604#0,6
6420.0,30620492#0,18
6420.0,30620492#1,5
6440.0,-593847703#3,2
6440.0,263217604#0,6
6440.0,30620492#0,18
6440.0,30620492#1,3
6440.0,:cluster_2528018119_655375236_17,1
6440.0,:cluster_9383263990_9383263991_9383263992_9383263993_13,2
6460.0,-593847703#3,3
6460.0,30620492#0,11
6460.0,30620492#1,4
6460.0,506322842#0,1
6460.0,506322844#0,5
6460.0,594658757#0,1
6460.0,594658760#0,5
6460.0,:2749340167_0,1
6460.0,:cluster_9383263990_9383263991_9383263992_9383263993_13,1
6480.0,-593847703#3,3
6480.0,-E0,1
6480.0,30620492#0,15
6480.0,30620492#1,5
6480.0,506322842#0,1
6480.0,506322844#0,7
6480.0,594658760#0,2
6480.0,:2749340167_0,1
6480.0,:cluster655375336_end_0_655375336_end_1_655375336_end_10_655375336_end_11_#8more_17,2
6480.0,:cluster655375336_end_0_655375336_end_1_655375336_end_10_655375336_end_11_#8more_21,1
6500.0,-300077497#5,6
6500.0,-593847703#3,3
6500.0,-E0,1
6500.0,263217604#0,2
6500.0,30620492#0,18
6500.0,30620492#1,5
6500.0,:2749340167_0,1
6520.0,-300077497#5,6
6520.0,263217604#0,2
6520.0,30620492#0,18
6520.0,30620492#1,5
6520.0,:2749340167_0,1
6520.0,:655375233_4,3
6540.0,-593847703#3,6
6540.0,30620492#0,15
6540.0,30620492#1,4
6540.0,506322844#0,5
6540.0,594658757#0,1
6540.0,594658760#0,1
6560.0,-593847703#3,6
6560.0,30620492#0,17
6560.0,30620492#1,5
6560.0,506322844#0,5
6560.0,594658757#0,1
6560.0,594658760#0,1
6580.0,-300077497#5,1
6580.0,-300077497#8,1
6580.0,-593847703#3,6
6580.0,-E0,2
6580.0,30620492#0,18
6580.0,30620492#1,5
6580.0,506322844#0,1
6580.0,:655375238_5,1
6580.0,:655375239_5,1
6600.0,-300077497#5,5
6600.0,-593847703#3,6
6600.0,30620492#0,18
6600.0,30620492#1,5
6620.0,-300077497#5,1
6620.0,-593847703#3,6
6620.0,30620492#0,18
6620.0,30620492#1,3
6620.0,:655375233_4,2
6620.0,:cluster_2528018119_655375236_17,2
6620.0,:cluster_9383263990_9383263991_9383263992_9383263993_13,2
6640.0,-593847703#3,2
6640.0,30620492#0,11
6640.0,30620492#1,3
6640.0,506322844#0,6
6640.0,:2749340167_0,2
6640.0,:cluster_9383263990_9383263991_9383263992_9383263993_13,1
6660.0,-593847703#3,2
6660.0,30620492#0,16
6660.0,30620492#1,5
6660.0,506322844#0,8
6680.0,-300077497#5,4
6680.0,-593847703#3,2
6680.0,263217604#0,4
6680.0,30620492#0,18
6680.0,30620492#1,5
6700.0,-300077497#5,4
6700.0,-593847703#3,2
6700.0,263217604#0,4
6700.0,30620492#0,18
6700.0,30620492#1,5
6720.0,-593847703#3,5
6720.0,-E0,1
6720.0,30620492#0,14
6720.0,30620492#1,4
6720.0,506322844#0,4
6720.0,594658757#0,1
6720.0,594658760#0,2
6720.0,:cluster3086736522_655375108_655375247_655375401_#1more_14,1
6720.0,:cluster_9383263990_9383263991_9383263992_9383263993_13,1
6740.0,30620492#0,16
6740.0,30620492#1,5
6740.0,506322844#0,5
6740.0,594658757#0,1
6740.0,594658760#0,3
6760.0,-300077497#8,1
6760.0,263217604#0,1
6760.0,30620492#0,18
6760.0,30620492#1,5
6760.0,506322844#0,1
6760.0,594658760#0,2
6760.0,:655375238_5,1
6760.0,:655375239_5,1
6760.0,:cluster655375336_end_0_655375336_end_1_655375336_end_10_655375336_end_11_#8more_17,1
6760.0,:cluster655375336_end_0_655375336_end_1_655375336_end_10_655375336_end_11_#8more_21,1
6780.0,-300077497#5,4
6780.0,-E0,1
6780.0,263217604#0,1
6780.0,30620492#0,18
6780.0,30620492#1,5
6780.0,594658760#0,1
6800.0,-593847703#3,2
6800.0,263217604#0,1
6800.0,30620492#0,18
6800.0,30620492#1,3
6800.0,594658760#0,1
6800.0,:cluster_2528018119_655375236_17,1
6800.0,:cluster_2528018119_655375236_19,1
6800.0,:cluster_9383263990_9383263991_9383263992_9383263993_13,2
6820.0,-593847703#3,3
6820.0,-E0,1
6820.0,30620492#0,13
6820.0,30620492#1,3
6820.0,506322844#0,5
6820.0,594658760#0,2
6820.0,:cluster_9383263990_9383263991_9383263992_9383263993_13,2
6840.0,-E0,1
6840.0,30620492#0,16
6840.0,30620492#1,5
6840.0,506322844#0,7
6840.0,594658760#0,1
6860.0,-300077497#5,5
6860.0,-E0,1
6860.0,263217604#0,2
6860.0,30620492#0,18
6860.0,30620492#1,5
6880.0,-300077497#5,5
6880.0,263217604#0,2
6880.0,30620492#0,18
6880.0,30620492#1,5
6900.0,-593847703#3,4
6900.0,182334378#0,1
6900.0,30620492#0,14
6900.0,30620492#1,4
6900.0,506322844#0,4
6900.0,594658760#0,2
6900.0,:cluster_9383263990_9383263991_9383263992_9383263993_13,1
6920.0,-593847703#3,4
6920.0,30620492#0,14
6920.0,30620492#1,5
6920.0,506322844#0,7
6920.0,594658760#0,2
6940.0,-300077497#8,2
6940.0,263217604#0,3
6940.0,30620492#0,18
6940.0,30620492#1,5
6940.0,506322844#0,1
6940.0,594658760#0,2
6940.0,:655375239_5,1
6960.0,-300077497#5,4
6960.0,-E0,2
6960.0,263217604#0,3
6960.0,30620492#0,18
6960.0,30620492#1,5
6980.0,-593847703#3,2
6980.0,263217604#0,3
6980.0,30620492#0,18
6980.0,30620492#1,3
6980.0,506322844#0,1
6980.0,:cluster_2528018119_655375236_17,1
6980.0,:cluster_2528018119_655375236_19,1
6980.0,:cluster_9383263990_9383263991_9383263992_9383263993_13,1
7000.0,-593847703#3,3
7000.0,-E0,1
7000.0,30620492#0,13
7000.0,30620492#1,3
7000.0,506322844#0,5
7000.0,594658760#0,3
7000.0,:cluster_9383263990_9383263991_9383263992_9383263993_13,2
7020.0,-593847703#3,3
7020.0,30620492#0,13
7020.0,30620492#1,5
7020.0,506322844#0,9
7020.0,594658760#0,3
7020.0,:2749340167_0,1
7040.0,-300077497#5,2
7040.0,-E0,1
7040.0,263217604#0,7
7040.0,30620492#0,17
7040.0,30620492#1,5
7040.0,594658760#0,2
7040.0,:2749340167_0,1
7040.0,:655375233_4,2
7060.0,-300077497#5,2
7060.0,-E0,1
7060.0,263217604#0,7
7060.0,30620492#0,18
7060.0,30620492#1,5
7060.0,:2749340167_0,1
7080.0,-593847703#3,2
7080.0,263217604#0,1
7080.0,30620492#0,15
7080.0,30620492#1,3
7080.0,506322844#0,5
7080.0,594658757#0,1
7080.0,594658760#0,2
7080.0,:2749340167_0,1
7080.0,:cluster3086736522_655375108_655375247_655375401_#1more_14,1
7080.0,:cluster3086736522_655375108_655375247_655375401_#1more_16,1
7080.0,:cluster3086736522_655375108_655375247_655375401_#1more_30,1
7100.0,-593847703#3,2
7100.0,30620492#0,13
7100.0,30620492#1,5
7100.0,506322842#0,1
7100.0,506322844#0,7
7100.0,594658757#0,4
7100.0,594658760#0,3
7120.0,-300077497#8,1
7120.0,-35274074#2,1
7120.0,-593847703#3,2
7120.0,263217604#0,4
7120.0,30620492#0,17
7120.0,30620492#1,5
7120.0,506322844#0,1
7120.0,594658757#0,4
7120.0,594658760#0,3
7120.0,:655375238_5,1
7120.0,:655375239_6,1
7140.0,-300077497#5,4
7140.0,263217604#0,5
7140.0,30620492#0,18
7140.0,30620492#1,5
7140.0,594658757#0,3
7140.0,594658760#0,2
7140.0,:655375233_4,2
7140.0,:cluster655375336_end_0_655375336_end_1_655375336_end_10_655375336_end_11_#8more_17,1
7140.0,:cluster655375336_end_0_655375336_end_1_655375336_end_10_655375336_end_11_#8more_21,1
7160.0,-593847703#3,2
7160.0,-E0,2
7160.0,263217604#0,5
7160.0,30620492#0,18
7160.0,30620492#1,3
7160.0,594658757#0,2
7160.0,594658760#0,1
7160.0,:cluster_2528018119_655375236_17,2
7160.0,:cluster_9383263990_9383263991_9383263992_9383263993_13,2
7180.0,-593847703#3,4
7180.0,30620492#0,13
7180.0,30620492#1,4
7180.0,506322844#0,5
7180.0,594658757#0,5
7180.0,594658760#0,3
7180.0,:cluster_9383263990_9383263991_9383263992_9383263993_13,1
7200.0,-593847703#3,4
7200.0,30620492#0,17
7200.0,30620492#1,5
7200.0,506322844#0,6
7200.0,594658757#0,5
7200.0,594658760#0,3
7220.0,-300077497#5,5
7220.0,-593847703#3,4
7220.0,-E0,1
7220.0,263217604#0,1
7220.0,30620492#0,18
7220.0,30620492#1,5
7220.0,594658757#0,4
7220.0,594658760#0,2
7220.0,:cluster655375336_end_0_655375336_end_1_655375336_end_10_655375336_end_11_#8more_17,1
7240.0,-300077497#5,5
7240.0,-593847703#3,4
7240.0,-E0,2
7240.0,263217604#0,1
7240.0,30620492#0,18
7240.0,30620492#1,5
7240.0,594658757#0,2
7240.0,:cluster655375336_end_0_655375336_end_1_655375336_end_10_655375336_end_11_#8more_17,1
7240.0,:cluster655375336_end_0_655375336_end_1_655375336_end_10_655375336_end_11_#8more_21,1
7260.0,-593847703#3,3
7260.0,182334378#0,2
7260.0,30620492#0,14
7260.0,30620492#1,4
7260.0,506322844#0,5
7260.0,594658757#0,1
7280.0,-593847703#3,3
7280.0,-E0,1
7280.0,30620492#0,15
7280.0,30620492#1,5
7280.0,506322844#0,6
7280.0,594658757#0,1
7280.0,:cluster655375336_end_0_655375336_end_1_655375336_end_10_655375336_end_11_#8more_5,1
7300.0,-300077497#5,1
7300.0,-300077497#8,1
7300.0,-593847703#3,3
7300.0,263217604#0,1
7300.0,30620492#0,18
7300.0,30620492#1,5
7300.0,506322844#0,1
7300.0,594658757#0,1
7300.0,:655375238_5,1
7300.0,:655375239_5,1
7320.0,-300077497#5,5
7320.0,-593847703#3,3
7320.0,263217604#0,1
7320.0,30620492#0,18
7320.0,30620492#1,5
7320.0,594658757#0,1
7340.0,-300077497#5,1
7340.0,-593847703#3,5
7340.0,-E0,1
7340.0,263217604#0,1
7340.0,30620492#0,18
7340.0,30620492#1,3
7340.0,:cluster_2528018119_655375236_17,2
7340.0,:cluster_9383263990_9383263991_9383263992_9383263993_13,2
7360.0,30620492#0,13
7360.0,30620492#1,5
7360.0,506322844#0,5
7360.0,594658757#0,1
7380.0,30620492#0,18
7380.0,30620492#1,5
7380.0,506322844#0,5
7380.0,594658757#0,1
7400.0,-300077497#5,4
7400.0,263217604#0,1
7400.0,30620492#0,18
7400.0,30620492#1,5
7400.0,594658757#0,1
7420.0,-300077497#5,4
7420.0,-E0,1
7420.0,263217604#0,1
7420.0,30620492#0,18
7420.0,30620492#1,5
7440.0,-593847703#3,4
7440.0,30620492#0,14
7440.0,30620492#1,3
7440.0,506322842#0,1
7440.0,506322844#0,3
7440.0,594658757#0,1
7440.0,:cluster_9383263990_9383263991_9383263992_9383263993_13,2
7460.0,-E0,1
7460.0,30620492#0,14
7460.0,30620492#1,5
7460.0,506322842#0,1
7460.0,506322844#0,6
7480.0,-300077497#5,1
7480.0,-300077497#8,1
7480.0,263217604#0,1
7480.0,30620492#0,18
7480.0,30620492#1,5
7480.0,506322846#0,1
7480.0,:655375238_5,1
7480.0,:655375239_5,2
7500.0,-300077497#5,5
7500.0,263217604#0,1
7500.0,288135626#0,1
7500.0,30620492#0,18
7500.0,30620492#1,5
7520.0,-300077497#5,1
7520.0,-593847703#3,3
7520.0,263217604#0,1
7520.0,30620492#0,18
7520.0,30620492#1,3
7520.0,:cluster_2528018119_655375236_17,2
7520.0,:cluster_9383263990_9383263991_9383263992_9383263993_13,2
7540.0,-593847703#3,6
7540.0,30620492#0,12
7540.0,30620492#1,4
7540.0,506322844#0,5
7540.0,594658760#0,1
7540.0,:2749340167_0,1
7540.0,:cluster_9383263990_9383263991_9383263992_9383263993_13,1
7560.0,-593847703#3,2
7560.0,30620492#0,17
7560.0,30620492#1,5
7560.0,506322844#0,6
7560.0,594658760#0,1
7560.0,:655375233_4,4
7580.0,-300077497#5,5
7580.0,263217604#0,1
7580.0,30620492#0,18
7580.0,30620492#1,5
7580.0,594658760#0,1
7600.0,-300077497#5,5
7600.0,-E0,1
7600.0,263217604#0,1
7600.0,30620492#0,18
7600.0,30620492#1,5
7620.0,-593847703#3,3
7620.0,182334378#0,2
7620.0,30620492#0,14
7620.0,30620492#1,4
7620.0,506322844#0,5
7620.0,594658757#0,1
7640.0,-593847703#3,3
7640.0,-E0,1
7640.0,182334378#0,2
7640.0,30620492#0,16
7640.0,30620492#1,5
7640.0,506322844#0,5
7660.0,-300077497#8,2
7660.0,-593847703#3,1
7660.0,-E0,1
7660.0,263217604#0,1
7660.0,30620492#0,18
7660.0,30620492#1,5
7660.0,506322844#0,1
7660.0,:655375233_4,2
7660.0,:655375239_5,1
7660.0,:cluster655375336_end_0_655375336_end_1_655375336_end_10_655375336_end_11_#8more_5,1
7680.0,-300077497#5,4
7680.0,263217604#0,1
7680.0,30620492#0,18
7680.0,30620492#1,5
7700.0,-593847703#3,2
7700.0,263217604#0,1
7700.0,30620492#0,18
7700.0,30620492#1,3
7700.0,506322844#0,1
7700.0,:cluster_2528018119_655375236_17,1
7700.0,:cluster_2528018119_655375236_19,1
7700.0,:cluster_9383263990_9383263991_9383263992_9383263993_13,1
7720.0,-593847703#3,3
7720.0,182334378#0,1
7720.0,30620492#0,13
7720.0,30620492#1,4
7720.0,506322844#0,5
7720.0,594658760#0,1
7720.0,:cluster_9383263990_9383263991_9383263992_9383263993_13,1
7740.0,-593847703#3,3
7740.0,30620492#0,16
7740.0,30620492#1,5
7740.0,506322844#0,7
7740.0,594658760#0,1
7760.0,-300077497#5,5
7760.0,-593847703#3,3
7760.0,263217604#0,2
7760.0,30620492#0,18
7760.0,30620492#1,5
7760.0,594658760#0,1
7780.0,-300077497#5,5
7780.0,263217604#0,2
7780.0,30620492#0,18
7780.0,30620492#1,5
7780.0,594658760#0,1
7800.0,-593847703#3,5
7800.0,30620492#0,14
7800.0,30620492#1,3
7800.0,506322842#0,1
7800.0,506322844#0,4
7800.0,594658757#0,1
7800.0,594658760#0,1
7800.0,:cluster_9383263990_9383263991_9383263992_9383263993_13,1
7820.0,-593847703#3,5
7820.0,-E0,2
7820.0,30620492#0,13
7820.0,30620492#1,5
7820.0,506322842#0,1
7820.0,506322844#0,7
7840.0,-300077497#5,1
7840.0,-300077497#8,1
7840.0,-593847703#3,5
7840.0,263217604#0,2
7840.0,30620492#0,18
7840.0,30620492#1,5
7840.0,506322844#0,1
7840.0,506322846#0,1
7840.0,:655375238_5,1
7840.0,:655375239_5,1
7860.0,-300077497#5,5
7860.0,-593847703#3,5
7860.0,263217604#0,2
7860.0,288135626#0,1
7860.0,30620492#0,18
7860.0,30620492#1,5
7880.0,-300077497#5,1
7880.0,-593847703#3,2
7880.0,1068234499#0,1
7880.0,263217604#0,2
7880.0,30620492#0,18
7880.0,30620492#1,3
7880.0,506322844#0,1
7880.0,:cluster_2528018119_655375236_17,2
7880.0,:cluster_9383263990_9383263991_9383263992_9383263993_13,1
7900.0,-593847703#3,5
7900.0,1068234499#0,1
7900.0,30620492#0,13
7900.0,30620492#1,5
7900.0,506322844#0,5
7900.0,594658760#0,2
7920.0,-593847703#3,5
7920.0,1068234499#0,1
7920.0,30620492#0,18
7920.0,30620492#1,5
7920.0,506322844#0,5
7940.0,-300077497#5,5
7940.0,-593847703#3,6
7940.0,30620492#0,18
7940.0,30620492#1,5
7960.0,-300077497#5,5
7960.0,-593847703#3,6
7960.0,30620492#0,18
7960.0,30620492#1,5
7980.0,-593847703#3,1
7980.0,182334378#0,3
7980.0,30620492#0,14
7980.0,30620492#1,3
7980.0,506322844#0,5
7980.0,:655375233_4,3
7980.0,:cluster_9383263990_9383263991_9383263992_9383263993_21,1
8000.0,-593847703#3,1
8000.0,-E0,1
8000.0,182334378#0,1
8000.0,30620492#0,14
8000.0,30620492#1,5
8000.0,506322842#0,1
8000.0,506322844#0,6
8020.0,-300077497#5,1
8020.0,-300077497#8,1
8020.0,-593847703#3,1
8020.0,182334378#0,1
8020.0,263217604#0,1
8020.0,30620492#0,18
8020.0,30620492#1,5
8020.0,506322844#0,1
8020.0,506322846#0,1
8020.0,:655375238_5,1
8020.0,:655375239_5,1
8040.0,-300077497#5,5
8040.0,-593847703#3,1
8040.0,-E0,1
8040.0,263217604#0,1
8040.0,288135626#0,1
8040.0,30620492#0,18
8040.0,30620492#1,5
8060.0,-300077497#5,2
8060.0,-593847703#3,1
8060.0,1068234499#0,1
8060.0,182334378#0,1
8060.0,263217604#0,1
8060.0,30620492#0,18
8060.0,30620492#1,3
8060.0,506322844#0,1
8060.0,:cluster_2528018119_655375236_17,1
8060.0,:cluster_2528018119_655375236_31,1
8060.0,:cluster_9383263990_9383263991_9383263992_9383263993_13,1
8080.0,-E0,2
8080.0,1068234499#0,1
8080.0,30620492#0,12
8080.0,30620492#1,5
8080.0,506322842#0,1
8080.0,506322844#0,5
8080.0,594658757#0,1
8080.0,:655375233_4,3
8100.0,-E0,1
8100.0,1068234499#0,1
8100.0,30620492#0,12
8100.0,30620492#1,5
8100.0,506322842#0,1
8100.0,506322844#0,7
8120.0,-300077497#5,4
8120.0,-593847703#3,1
8120.0,263217604#0,3
8120.0,30620492#0,12
8120.0,30620492#1,5
8120.0,:cluster_5372642442_631668976_631668981_631669076_47,1
8140.0,-300077497#5,4
8140.0,-593847703#3,2
8140.0,263217604#0,3
8140.0,30620492#0,12
8140.0,30620492#1,5
8160.0,-593847703#3,6
8160.0,30620492#0,8
8160.0,30620492#1,3
8160.0,506322844#0,5
8160.0,594658760#0,2
8160.0,:cluster3086736522_655375108_655375247_655375401_#1more_14,1
8160.0,:cluster_9383263990_9383263991_9383263992_9383263993_13,1
8180.0,-593847703#3,4
8180.0,30620492#0,5
8180.0,30620492#1,5
8180.0,506322844#0,7
8180.0,594658760#0,3
8180.0,:655375233_4,2
8200.0,-300077497#5,1
8200.0,-300077497#8,1
8200.0,-E0,1
8200.0,263217604#0,3
8200.0,30620492#0,5
8200.0,30620492#1,5
8200.0,506322844#0,1
8200.0,:655375239_5,1
8220.0,-300077497#5,4
8220.0,263217604#0,3
8220.0,30620492#0,5
8220.0,30620492#1,5
8240.0,-593847703#3,2
8240.0,263217604#0,3
8240.0,30620492#0,5
8240.0,30620492#1,3
8240.0,506322844#0,1
8240.0,:cluster_2528018119_655375236_17,2
8240.0,:cluster_9383263990_9383263991_9383263992_9383263993_10,1
8260.0,-593847703#3,4
8260.0,244450512#4,1
8260.0,30620492#1,2
8260.0,506322842#0,1
8260.0,506322844#0,6
8260.0,594658757#0,1
8260.0,594658760#0,1
8260.0,:cluster_9383263990_9383263991_9383263992_9383263993_13,1
8280.0,-593847703#3,4
8280.0,244450512#5,1
8280.0,30620492#1,1
8280.0,506322842#0,1
8280.0,506322844#0,8
8280.0,:cluster655375336_end_0_655375336_end_1_655375336_end_10_655375336_end_11_#8more_17,1
8280.0,:cluster655375336_end_0_655375336_end_1_655375336_end_10_655375336_end_11_#8more_21,1
8300.0,-300077497#5,5
8300.0,244450512#5,1
8300.0,263217604#0,4
8300.0,30620492#1,1
8320.0,-300077497#5,5
8320.0,244450512#5,1
8320.0,263217604#0,4
8320.0,30620492#1,1
8340.0,-593847703#3,4
8340.0,-E0,2
8340.0,506322844#0,1
8340.0,594658757#0,2
8340.0,594658760#0,1
8340.0,:cluster3086736522_655375108_655375247_655375401_#1more_16,1
8360.0,-593847703#3,4
8360.0,-E0,2
8360.0,506322844#0,1
8360.0,594658757#0,2
8380.0,-300077497#5,1
8380.0,-593847703#3,4
8380.0,-E0,2
