time,edge_id,vehicle_count
60.0,-300077497#5,1
60.0,-360018417,5
60.0,-51362429#1,1
60.0,-51362430,5
60.0,-593847703#3,5
60.0,-E0,19
60.0,1068234498#0,21
60.0,1068234499#0,1
60.0,1068440001,2
60.0,1068440004#1,14
60.0,1068440006#0,2
60.0,1334905223#0,2
60.0,182334378#0,17
60.0,196961377#0,4
60.0,238526531#0,2
60.0,244450512#1,2
60.0,260881642#0,3
60.0,263217603#0,1
60.0,288135626#0,3
60.0,288135628#0,1
60.0,300077497#0,2
60.0,30620492#0,15
60.0,30620492#1,5
60.0,360843888,1
60.0,484988951#0,4
60.0,48794887#0,2
60.0,49695736#0,1
60.0,506322840#0,2
60.0,506322841#4,1
60.0,506322842#0,2
60.0,506322844#0,6
60.0,506322846#2,8
60.0,51362429#0,9
60.0,51392936#0,1
60.0,593844221#0,1
60.0,593847703#0,1
60.0,593847704#0,1
60.0,593847705,1
60.0,593849711#2,11
60.0,594658757#0,1
60.0,594658760#0,3
60.0,594658762#0,7
60.0,:655375232_11,1
60.0,:cluster11510670762_4554226152_0,1
60.0,:cluster3086736522_655375108_655375247_655375401_#1more_14,1
60.0,:cluster619136880_619136881_cluster_4510442270_5296993511_5296993513_619136931_#1more_8,1
60.0,:cluster655375228_655375240_0,1
60.0,:cluster655375228_655375240_2,1
60.0,:cluster655375336_end_0_655375336_end_1_655375336_end_10_655375336_end_11_#8more_10,1
60.0,:cluster655375336_end_0_655375336_end_1_655375336_end_10_655375336_end_11_#8more_12,1
60.0,:cluster655375336_end_0_655375336_end_1_655375336_end_10_655375336_end_11_#8more_25,2
60.0,:cluster_2528018119_655375236_17,1
60.0,:cluster_2528018119_655375236_3,1
60.0,:cluster_3208478133_655375293_655375296_9631728504_#1more_8,3
60.0,:cluster_5372642442_631668976_631668981_631669076_22,2
60.0,:cluster_5372642442_631668976_631668981_631669076_26,1
60.0,:cluster_5372642442_631668976_631668981_631669076_45,1
60.0,E0,3
80.0,-360018417,5
80.0,-51362429#1,1
80.0,-51362430,4
80.0,-593847703#3,2
80.0,-E0,19
80.0,1068234498#0,18
80.0,1068234499#0,8
80.0,1068440001,1
80.0,1068440004#1,20
80.0,1068440006#0,2
80.0,1334905223#0,1
80.0,182334378#0,20
80.0,196961377#0,8
80.0,232003903#0,1
80.0,238526531#0,9
80.0,244450512#1,2
80.0,260881642#0,3
80.0,263217603#0,2
80.0,288135626#0,3
80.0,288135628#0,1
80.0,300077497#0,1
80.0,30620492#0,18
80.0,30620492#1,5
80.0,35274074#0,2
80.0,360843888,1
80.0,484988951#0,3
80.0,48794887#0,2
80.0,49073226#2,4
80.0,49695736#0,10
80.0,506322841#3,1
80.0,506322842#0,3
80.0,506322844#0,6
80.0,506322846#2,9
80.0,51362429#0,12
80.0,593847704#0,2
80.0,593847705,1
80.0,593849711#2,14
80.0,594658757#0,1
80.0,594658760#0,4
80.0,594658762#0,5
80.0,668037874,2
80.0,:655375232_8,2
80.0,:655375233_4,1
80.0,:655375238_6,1
80.0,:656132414_2,1
80.0,:cluster11510670762_4554226152_0,1
80.0,:cluster655375336_end_0_655375336_end_1_655375336_end_10_655375336_end_11_#8more_10,1
80.0,:cluster655375336_end_0_655375336_end_1_655375336_end_10_655375336_end_11_#8more_12,1
80.0,:cluster655375336_end_0_655375336_end_1_655375336_end_10_655375336_end_11_#8more_25,2
80.0,:cluster_2664674491_655375287_655375288_5,1
80.0,:cluster_3208478133_655375293_655375296_9631728504_#1more_8,2
80.0,:cluster_3431431575_4777363357_655375231_6982059025_5,1
80.0,:cluster_5372642442_631668976_631668981_631669076_45,2
80.0,E0,1
100.0,-300077497#5,1
100.0,-300077497#8,1
100.0,-35274074#2,3
100.0,-360018417,1
100.0,-51362430,4
100.0,-593847703#3,4
100.0,-594658757#2,2
100.0,-E0,19
100.0,1068234498#0,21
100.0,1068234499#0,7
100.0,1068440001,2
100.0,1068440004#1,17
100.0,1068440006#0,2
100.0,1334904386#0,3
100.0,182334378#0,15
100.0,186602412#0,1
100.0,196961377#0,10
100.0,232003903#0,1
100.0,238526531#0,5
100.0,244450512#1,2
100.0,260881642#0,3
100.0,263217603#0,1
100.0,263217604#0,1
100.0,288135626#0,2
100.0,288135628#0,1
100.0,288878926#0,3
100.0,300077497#0,2
100.0,30620492#0,18
100.0,30620492#1,5
100.0,35274074#0,2
100.0,360843888,1
100.0,484988951#0,4
100.0,48794887#0,1
100.0,49073226#2,4
100.0,49073272#4,3
100.0,49695736#0,7
100.0,506322842#0,3
100.0,506322844#0,2
100.0,506322846#0,5
100.0,506322846#2,2
100.0,506322848#0,2
100.0,506322851#0,2
100.0,51362429#0,15
100.0,593844221#0,2
100.0,593847702#0,6
100.0,593847704#0,2
100.0,593847705,1
100.0,593849711#2,16
100.0,594658757#0,1
100.0,594658760#0,4
100.0,594658762#0,8
100.0,668037874,2
100.0,:1973482489_8,1
100.0,:2444664370_0,1
100.0,:3208478121_0,1
100.0,:655375233_8,4
100.0,:655375238_5,1
100.0,:655375239_5,1
100.0,:cluster11510670762_4554226152_0,1
100.0,:cluster619136880_619136881_cluster_4510442270_5296993511_5296993513_619136931_#1more_12,1
100.0,:cluster619136880_619136881_cluster_4510442270_5296993511_5296993513_619136931_#1more_8,1
100.0,:cluster655375336_end_0_655375336_end_1_655375336_end_10_655375336_end_11_#8more_12,2
100.0,:cluster655375336_end_0_655375336_end_1_655375336_end_10_655375336_end_11_#8more_25,1
100.0,:cluster655375336_end_0_655375336_end_1_655375336_end_10_655375336_end_11_#8more_40,1
100.0,:cluster_2038168688_655375573_17,1
100.0,:cluster_2038168688_655375573_9,1
100.0,:cluster_2528018119_655375236_12,2
100.0,:cluster_2528018119_655375236_20,1
100.0,:cluster_2528018119_655375236_32,1
100.0,:cluster_2664674491_655375287_655375288_5,1
100.0,:cluster_3208478133_655375293_655375296_9631728504_#1more_8,4
100.0,:cluster_3431431575_4777363357_655375231_6982059025_3,1
100.0,:cluster_9383263990_9383263991_9383263992_9383263993_7,2
100.0,E0,3
120.0,-1334905223#2,3
120.0,-300077497#5,8
120.0,-300077497#8,1
120.0,-35274074#2,6
120.0,-51362430,4
120.0,-593847703#3,5
120.0,-594658757#2,3
120.0,-E0,19
120.0,1068234498#0,28
120.0,1068234499#0,8
120.0,1068440001,5
120.0,1068440004#1,25
120.0,1068440006#0,1
120.0,1334904386#0,3
120.0,182334378#0,20
120.0,196961377#0,16
120.0,232003903#0,2
120.0,244450512#1,3
120.0,260881642#0,2
120.0,263217603#0,1
120.0,263217604#0,2
120.0,288135626#0,2
120.0,288135628#0,1
120.0,288878926#0,8
120.0,300077497#0,8
120.0,303647015#0,1
120.0,30620492#0,18
120.0,30620492#1,5
120.0,35274074#0,2
120.0,360843888,1
120.0,484988951#0,4
120.0,48794887#0,2
120.0,49073272#4,1
120.0,49695736#0,3
120.0,506322840#0,1
120.0,506322842#0,1
120.0,506322844#0,3
120.0,506322846#0,1
120.0,506322846#2,5
120.0,506322851#0,2
120.0,506322853#0,2
120.0,51362429#0,16
120.0,593844221#0,3
120.0,593847702#0,8
120.0,593847705,1
120.0,593849711#2,18
120.0,593849718#0,1
120.0,594658762#0,12
120.0,668037874,1
120.0,:2444664370_0,1
120.0,:655375238_1,1
120.0,:655375241_0,1
120.0,:656132414_2,1
120.0,:cluster11510670762_4554226152_0,1
120.0,:cluster3086736522_655375108_655375247_655375401_#1more_11,1
120.0,:cluster619136880_619136881_cluster_4510442270_5296993511_5296993513_619136931_#1more_12,1
120.0,:cluster622618015_622618108_622618112_622618144_#2more_39,2
120.0,:cluster655375336_end_0_655375336_end_1_655375336_end_10_655375336_end_11_#8more_18,1
120.0,:cluster_2528018119_655375236_12,2
120.0,:cluster_2528018119_655375236_20,1
120.0,:cluster_2528018119_655375236_25,2
120.0,:cluster_2528018119_655375236_32,1
120.0,:cluster_3208478133_655375293_655375296_9631728504_#1more_8,5
120.0,:cluster_5372642442_631668976_631668981_631669076_36,1
120.0,:cluster_5372642442_631668976_631668981_631669076_47,1
120.0,E0,3
140.0,-300077497#5,6
140.0,-35274074#2,7
140.0,-360018417,5
140.0,-51362430,4
140.0,-593847703#3,10
140.0,-594658757#2,1
140.0,-E0,18
140.0,1068234498#0,35
140.0,1068234499#0,12
140.0,1068440001,8
140.0,1068440004#1,30
140.0,1068440006#0,1
140.0,1334904386#0,3
140.0,182334378#0,17
140.0,196961377#0,14
140.0,244450512#1,3
140.0,263217603#0,1
140.0,263217604#0,2
140.0,288135626#0,2
140.0,288135628#0,1
140.0,288878926#0,8
140.0,300077497#0,8
140.0,303647015#0,4
140.0,30620492#0,18
140.0,30620492#1,5
140.0,35274074#0,4
140.0,484988951#0,4
140.0,48794887#0,1
140.0,49073272#4,2
140.0,49695736#0,6
140.0,506322841#4,1
140.0,506322842#0,4
140.0,506322844#0,6
140.0,506322846#2,2
140.0,506322853#0,2
140.0,51362429#0,12
140.0,51362430,3
140.0,593844221#0,1
140.0,593847702#0,8
140.0,593847703#0,1
140.0,593847705,1
140.0,593849711#2,21
140.0,594658762#0,15
140.0,668037874,1
140.0,:2444664370_0,2
140.0,:3086736518_0,1
140.0,:3086736518_6,1
140.0,:3208478128_0,1
140.0,:655375232_2,3
140.0,:655375233_0,1
140.0,:655375238_6,1
140.0,:cluster11510670762_4554226152_0,2
140.0,:cluster619136880_619136881_cluster_4510442270_5296993511_5296993513_619136931_#1more_12,2
140.0,:cluster655375228_655375240_0,1
140.0,:cluster655375228_655375240_13,1
140.0,:cluster655375336_end_0_655375336_end_1_655375336_end_10_655375336_end_11_#8more_12,2
140.0,:cluster655375336_end_0_655375336_end_1_655375336_end_10_655375336_end_11_#8more_25,1
140.0,:cluster655375336_end_0_655375336_end_1_655375336_end_10_655375336_end_11_#8more_41,1
140.0,:cluster_2038168688_655375573_23,1
140.0,:cluster_2038168688_655375573_24,1
140.0,:cluster_2038168688_655375573_3,1
140.0,:cluster_2038168688_655375573_6,1
140.0,:cluster_2528018119_655375236_17,1
140.0,E0,1
160.0,-35274074#2,6
160.0,-360018417,5
160.0,-51362429#1,1
160.0,-51362430,10
160.0,-593847703#3,17
160.0,-593847704#2,2
160.0,-594658757#2,6
160.0,-E0,19
160.0,1068234498#0,27
160.0,1068234499#0,16
160.0,1068440001,9
160.0,1068440004#1,33
160.0,1068440006#0,1
160.0,1334904386#0,4
160.0,1334905223#0,1
160.0,182334378#0,11
160.0,186602412#0,3
160.0,196961377#0,19
160.0,238526531#0,4
160.0,244450512#1,3
160.0,244450512#4,2
160.0,244450512#5,1
160.0,263217603#0,2
160.0,288135626#0,7
160.0,288135628#0,1
160.0,288878926#0,1
160.0,300077497#0,1
160.0,300077497#6,3
160.0,30620492#0,18
160.0,30620492#1,5
160.0,35274074#0,1
160.0,484988951#0,4
160.0,48794887#0,2
160.0,49695736#0,9
160.0,506322840#0,1
160.0,506322841#4,1
160.0,506322842#0,8
160.0,506322844#0,6
160.0,506322846#0,9
160.0,506322846#2,2
160.0,506322853#0,2
160.0,51289045#7,1
160.0,51362429#0,13
160.0,51392936#0,1
160.0,593847702#0,8
160.0,593847703#0,4
160.0,593847704#0,1
160.0,593849711#0,1
160.0,593849711#2,18
160.0,594658762#0,11
160.0,668037874,1
160.0,:2444664370_0,1
160.0,:3086736518_0,1
160.0,:655375232_11,1
160.0,:655375232_2,1
160.0,:655375232_6,2
160.0,:655375238_3,1
160.0,:cluster11510670762_4554226152_0,2
160.0,:cluster619136880_619136881_cluster_4510442270_5296993511_5296993513_619136931_#1more_12,1
160.0,:cluster622618015_622618108_622618112_622618144_#2more_0,1
160.0,:cluster655375228_655375240_0,1
160.0,:cluster655375228_655375240_13,1
160.0,:cluster655375336_end_0_655375336_end_1_655375336_end_10_655375336_end_11_#8more_12,2
160.0,:cluster655375336_end_0_655375336_end_1_655375336_end_10_655375336_end_11_#8more_40,1
160.0,:cluster_2038168688_655375573_3,1
160.0,:cluster_2528018119_655375236_3,1
160.0,:cluster_3431431575_4777363357_655375231_6982059025_5,1
160.0,:cluster_5372642442_631668976_631668981_631669076_45,2
160.0,:cluster_9383263990_9383263991_9383263992_9383263993_19,1
160.0,E0,3
180.0,-35274074#2,6
180.0,-360018417,5
180.0,-51362429#1,1
180.0,-51362430,16
180.0,-593847703#3,10
180.0,-594658757#2,12
180.0,-E0,19
180.0,1068234498#0,21
180.0,1068234499#0,16
180.0,1068440001,9
180.0,1068440004#1,33
180.0,1068440006#0,7
180.0,1334904386#0,7
180.0,1334905223#0,2
180.0,182334378#0,12
180.0,186602412#0,5
180.0,196961377#0,21
180.0,238526531#0,11
180.0,244450512#1,3
180.0,244450512#5,3
180.0,263217603#0,3
180.0,288135626#0,7
180.0,288135628#0,1
180.0,300077497#0,2
180.0,300077497#6,4
180.0,30620492#0,18
180.0,30620492#1,5
180.0,35274074#0,1
180.0,484988951#0,3
180.0,48794887#0,1
180.0,49073226#2,4
180.0,49695736#0,9
180.0,506322840#0,1
180.0,506322841#3,1
180.0,506322842#0,11
180.0,506322844#0,6
180.0,506322846#0,4
180.0,506322846#2,3
180.0,506322853#0,2
180.0,51362429#0,16
180.0,593847702#0,8
180.0,593847703#0,1
180.0,593847704#0,1
180.0,593849711#2,13
180.0,594658762#0,8
180.0,668037874,3
180.0,:1973482489_8,1
180.0,:2444664370_0,1
180.0,:3086736518_0,1
180.0,:3086736518_4,2
180.0,:655375232_2,1
180.0,:655375232_8,1
180.0,:655375233_2,1
180.0,:655375233_4,2
180.0,:cluster11510670762_4554226152_0,2
180.0,:cluster_3431431575_4777363357_655375231_6982059025_3,1
180.0,:cluster_5372642442_631668976_631668981_631669076_45,2
180.0,E0,2
200.0,-1334905223#2,1
200.0,-300077497#5,5
200.0,-35274074#2,11
200.0,-51362429#1,5
200.0,-51362430,19
200.0,-593847703#3,16
200.0,-594658757#2,13
200.0,-E0,19
200.0,1068234498#0,25
200.0,1068234499#0,8
200.0,1068440001,9
200.0,1068440004#1,27
200.0,1068440006#0,6
200.0,1334904386#0,1
200.0,182334378#0,18
200.0,186602412#0,2
200.0,196961377#0,26
200.0,238526531#0,1
200.0,244450512#1,3
200.0,244450512#5,3
200.0,263217603#0,2
200.0,263217604#0,1
200.0,288135626#0,6
200.0,300077497#0,6
200.0,300077497#6,4
200.0,303647015#0,7
200.0,30620492#0,18
200.0,30620492#1,5
200.0,35274074#0,2
200.0,484988951#0,4
200.0,48794887#0,1
200.0,49073226#2,7
200.0,49073272#4,5
200.0,506322840#0,2
200.0,506322842#0,7
200.0,506322844#0,2
200.0,506322846#0,3
200.0,506322846#2,4
200.0,506322848#0,1
200.0,506322853#0,2
200.0,51362429#0,17
200.0,51362430,1
200.0,593847702#0,2
200.0,593847703#0,1
200.0,593847704#0,2
200.0,593849711#2,16
200.0,593849718#0,3
200.0,594658762#0,13
200.0,668037874,1
200.0,:1973482489_4,2
200.0,:2444664370_0,1
200.0,:3086736518_0,1
200.0,:655375232_2,1
200.0,:655375233_8,4
200.0,:655375238_1,1
200.0,:655375238_5,1
200.0,:655375239_6,1
200.0,:655375241_0,2
200.0,:cluster11510670762_4554226152_0,2
200.0,:cluster619136880_619136881_cluster_4510442270_5296993511_5296993513_619136931_#1more_12,2
200.0,:cluster622618015_622618108_622618112_622618144_#2more_31,1
200.0,:cluster_2038168688_655375573_17,1
200.0,:cluster_2038168688_655375573_21,1
200.0,:cluster_2038168688_655375573_25,1
200.0,:cluster_2528018119_655375236_12,2
200.0,:cluster_2528018119_655375236_20,2
200.0,:cluster_2528018119_655375236_8,1
200.0,:cluster_3431431575_4777363357_655375231_6982059025_3,1
200.0,:cluster_5372642442_631668976_631668981_631669076_33,1
200.0,E0,2
220.0,-300077497#5,8
220.0,-35274074#2,12
220.0,-360018417,2
220.0,-51362429#1,5
220.0,-51362430,19
220.0,-593847703#3,17
220.0,-594658757#2,7
220.0,-E0,19
220.0,1068234498#0,31
220.0,1068234499#0,7
220.0,1068440001,9
220.0,1068440004#1,23
220.0,1068440006#0,2
220.0,1239087514,1
220.0,1334904386#0,1
220.0,1334905223#0,1
220.0,182334378#0,21
220.0,196961377#0,24
220.0,196961377#3,2
220.0,232003903#0,1
220.0,238526531#0,1
220.0,244450512#1,3
220.0,244450512#5,3
220.0,263217603#0,2
220.0,263217604#0,3
220.0,288135626#0,4
220.0,288135628#0,1
220.0,300077497#0,10
220.0,303647015#0,4
220.0,30620492#0,18
220.0,30620492#1,5
220.0,35274074#0,5
220.0,484988951#0,5
220.0,48794887#0,1
220.0,49073226#2,8
220.0,49073272#4,1
220.0,506322842#0,6
220.0,506322844#0,5
220.0,506322846#0,1
220.0,506322846#2,4
220.0,506322851#0,5
220.0,506322851#2,1
220.0,506322853#0,2
220.0,51362429#0,17
220.0,51362430,2
220.0,593847702#0,12
220.0,593847703#0,1
220.0,593849711#2,16
220.0,593849718#0,2
220.0,594658762#0,16
220.0,668037874,4
220.0,:2444664370_0,1
220.0,:3086736518_0,1
220.0,:655375232_2,1
220.0,:655375238_1,1
220.0,:655375239_3,1
220.0,:cluster11510670762_4554226152_0,2
220.0,:cluster3086736522_655375108_655375247_655375401_#1more_11,2
220.0,:cluster655375336_end_0_655375336_end_1_655375336_end_10_655375336_end_11_#8more_13,1
220.0,:cluster_2038168688_655375573_17,1
220.0,:cluster_2038168688_655375573_30,1
220.0,:cluster_2528018119_655375236_29,1
220.0,:cluster_5372642442_631668976_631668981_631669076_36,1
220.0,E0,2
240.0,-300077497#5,4
240.0,-35274074#2,12
240.0,-360018417,5
240.0,-51362429#1,5
240.0,-51362430,19
240.0,-593847703#3,21
240.0,-594658757#2,2
240.0,-E0,18
240.0,1068234498#0,27
240.0,1068234499#0,12
240.0,1068440001,6
240.0,1068440004#1,31
240.0,1068440006#0,1
240.0,1334904386#0,1
240.0,1334905223#0,2
240.0,182334378#0,23
240.0,196961377#0,20
240.0,232003903#0,2
240.0,238526531#0,2
240.0,244450512#1,2
240.0,260881642#0,3
240.0,263217603#0,1
240.0,288135626#0,2
240.0,288135628#0,1
240.0,300077497#0,3
240.0,300077497#6,2
240.0,303647015#0,5
240.0,30620492#0,17
240.0,30620492#1,5
240.0,35274074#0,3
240.0,360843888,1
240.0,484988951#0,5
240.0,48794887#0,1
240.0,49073226#2,8
240.0,49695736#0,2
240.0,506322841#4,1
240.0,506322842#0,8
240.0,506322844#0,6
240.0,506322846#0,3
240.0,506322846#2,5
240.0,506322853#0,8
240.0,51362429#0,15
240.0,51362430,4
240.0,593844221#0,3
240.0,593847702#0,12
240.0,593849711#2,16
240.0,594658760#0,1
240.0,594658762#0,15
240.0,668037874,4
240.0,:2444664370_0,1
240.0,:3086736518_0,1
240.0,:3086736518_6,1
240.0,:655375232_2,2
240.0,:655375233_0,1
240.0,:655375238_0,1
240.0,:656132414_3,1
240.0,:cluster11510670762_4554226152_0,1
240.0,:cluster3086736522_655375108_655375247_655375401_#1more_17,1
240.0,:cluster622618015_622618108_622618112_622618144_#2more_49,2
240.0,:cluster655375228_655375240_0,2
240.0,:cluster_2038168688_655375573_23,1
240.0,:cluster_2038168688_655375573_3,2
240.0,:cluster_2038168688_655375573_30,1
240.0,:cluster_2038168688_655375573_6,2
240.0,:cluster_2664674491_655375287_655375288_5,1
240.0,:cluster_3208478133_655375293_655375296_9631728504_#1more_16,1
240.0,:cluster_3208478133_655375293_655375296_9631728504_#1more_8,1
240.0,:cluster_5372642442_631668976_631668981_631669076_26,1
240.0,:cluster_5372642442_631668976_631668981_631669076_45,2
240.0,:cluster_9383263990_9383263991_9383263992_9383263993_13,1
240.0,E0,3
260.0,-1334905223#2,1
260.0,-300077497#5,1
260.0,-35274074#2,12
260.0,-360018417,5
260.0,-51362429#1,5
260.0,-51362430,14
260.0,-593847703#3,23
260.0,-594658757#2,2
260.0,-E0,19
260.0,1068234498#0,21
260.0,1068234499#0,12
260.0,1068440001,4
260.0,1068440004#1,33
260.0,1068440006#0,1
260.0,1334904386#0,1
260.0,1334905223#0,1
260.0,182334378#0,20
260.0,186602412#0,4
260.0,196961377#0,25
260.0,232003903#0,2
260.0,238526531#0,10
260.0,244450512#1,2
260.0,260881642#0,5
260.0,263217603#0,1
260.0,288135626#0,2
260.0,288135628#0,1
260.0,300077497#0,4
260.0,300077497#6,5
260.0,30620492#0,18
260.0,30620492#1,5
260.0,314800955,1
260.0,360843888,2
260.0,484988951#0,2
260.0,48794887#0,1
260.0,49073226#2,8
260.0,49695736#0,7
260.0,506322840#0,1
260.0,506322841#4,1
260.0,506322842#0,12
260.0,506322844#0,6
260.0,506322846#0,3
260.0,506322846#2,10
260.0,506322853#0,8
260.0,51362429#0,12
260.0,51362430,4
260.0,51392936#0,1
260.0,593844221#0,1
260.0,593847702#0,12
260.0,593847703#0,7
260.0,593847704#0,1
260.0,593847705,1
260.0,593849711#2,18
260.0,594658760#0,1
260.0,594658762#0,12
260.0,668037874,4
260.0,:1973482489_8,1
260.0,:2444664370_0,1
260.0,:3086736518_0,1
260.0,:655375232_2,2
260.0,:656132414_2,1
260.0,:cluster11510670762_4554226152_0,1
260.0,:cluster619136880_619136881_cluster_4510442270_5296993511_5296993513_619136931_#1more_12,1
260.0,:cluster655375228_655375240_0,1
260.0,:cluster655375336_end_0_655375336_end_1_655375336_end_10_655375336_end_11_#8more_12,2
260.0,:cluster655375336_end_0_655375336_end_1_655375336_end_10_655375336_end_11_#8more_25,1
260.0,:cluster655375336_end_0_655375336_end_1_655375336_end_10_655375336_end_11_#8more_40,1
260.0,:cluster_2038168688_655375573_24,1
260.0,:cluster_2038168688_655375573_6,1
260.0,:cluster_2528018119_655375236_17,1
260.0,:cluster_2528018119_655375236_3,1
260.0,:cluster_3208478133_655375293_655375296_9631728504_#1more_8,3
260.0,:cluster_3431431575_4777363357_655375231_6982059025_5,1
260.0,:cluster_5372642442_631668976_631668981_631669076_26,1
260.0,:cluster_5372642442_631668976_631668981_631669076_45,2
260.0,:cluster_9383263990_9383263991_9383263992_9383263993_0,1
260.0,:cluster_9383263990_9383263991_9383263992_9383263993_13,1
260.0,E0,2
280.0,-300077497#5,2
280.0,-300077497#8,1
280.0,-35274074#2,12
280.0,-360018417,1
280.0,-51362429#1,6
280.0,-51362430,13
280.0,-593847703#3,22
280.0,-594658757#2,6
280.0,-E0,19
280.0,-E1,1
280.0,1068234498#0,21
280.0,1068234499#0,10
280.0,1068440001,7
280.0,1068440004#1,33
280.0,1068440006#0,3
280.0,1334904386#0,2
280.0,182334378#0,15
280.0,186602412#0,3
280.0,196961377#0,28
280.0,232003903#0,2
280.0,238526531#0,14
280.0,244450512#1,2
280.0,260881642#0,2
280.0,263217603#0,1
280.0,263217604#0,1
280.0,288135626#0,2
280.0,288135628#0,1
280.0,300077497#0,7
280.0,300077497#6,5
280.0,303647015#0,1
280.0,30620492#0,18
280.0,30620492#1,5
280.0,314800955,1
280.0,360843888,2
280.0,484988951#0,2
280.0,48794887#0,1
280.0,49073226#2,11
280.0,49073272#4,3
280.0,49695736#0,4
280.0,506322841#3,1
280.0,506322842#0,9
280.0,506322844#0,3
280.0,506322846#0,5
280.0,506322846#2,3
280.0,506322848#0,1
280.0,506322851#0,2
280.0,506322853#0,8
280.0,51362429#0,16
280.0,593844221#0,1
280.0,593847702#0,5
280.0,593847703#0,5
280.0,593847704#0,1
280.0,593847705,1
280.0,593849711#2,16
280.0,593849718#0,3
280.0,594658760#0,1
280.0,594658762#0,14
280.0,668037874,4
280.0,:2444664370_0,1
280.0,:3086736518_0,1
280.0,:3208478121_0,1
280.0,:655375232_2,2
280.0,:655375232_6,1
280.0,:655375233_4,2
280.0,:655375238_5,1
280.0,:655375239_5,1
280.0,:cluster11510670762_4554226152_0,1
280.0,:cluster622618015_622618108_622618112_622618144_#2more_31,5
280.0,:cluster655375336_end_0_655375336_end_1_655375336_end_10_655375336_end_11_#8more_10,2
280.0,:cluster655375336_end_0_655375336_end_1_655375336_end_10_655375336_end_11_#8more_25,2
280.0,:cluster_2038168688_655375573_17,1
280.0,:cluster_2528018119_655375236_12,2
280.0,:cluster_2528018119_655375236_20,1
280.0,:cluster_2528018119_655375236_32,1
280.0,:cluster_2664674491_655375287_655375288_5,1
280.0,:cluster_3208478133_655375293_655375296_9631728504_#1more_8,3
280.0,:cluster_3431431575_4777363357_655375231_6982059025_5,1
280.0,:cluster_5372642442_631668976_631668981_631669076_33,1
280.0,:cluster_9383263990_9383263991_9383263992_9383263993_7,1
280.0,E0,2
300.0,-1334905223#2,1
300.0,-300077497#5,9
300.0,-35274074#2,12
300.0,-51362429#1,8
300.0,-51362430,16
300.0,-593847703#3,17
300.0,-594658757#2,5
300.0,-E0,19
300.0,-E1,1
300.0,1068234498#0,30
300.0,1068234499#0,8
300.0,1068440001,3
300.0,1068440004#1,31
300.0,1068440006#0,3
300.0,1334904386#0,1
300.0,182334378#0,20
300.0,196961377#0,28
300.0,232003903#0,2
300.0,238526531#0,13
300.0,244450512#1,3
300.0,260881642#0,2
300.0,263217603#0,1
300.0,263217604#0,2
300.0,288135626#0,2
300.0,300077497#0,14
300.0,300077497#6,5
300.0,303647015#0,2
300.0,30620492#0,18
300.0,30620492#1,5
300.0,360843888,2
300.0,484988951#0,4
300.0,48794887#0,1
300.0,49073226#2,12
300.0,49695736#0,6
300.0,506322840#0,1
300.0,506322842#0,9
300.0,506322844#0,3
300.0,506322846#0,5
300.0,506322846#2,2
300.0,506322851#0,2
300.0,506322853#0,11
300.0,51362429#0,17
300.0,593844221#0,2
300.0,593847702#0,1
300.0,593847703#0,5
300.0,593847705,1
300.0,593849711#2,17
300.0,594658760#0,1
300.0,594658762#0,18
300.0,668037874,4
300.0,:2444664370_0,2
300.0,:3086736518_0,1
300.0,:3086736518_4,1
300.0,:655375232_2,2
300.0,:655375232_6,1
300.0,:655375232_8,1
300.0,:655375233_4,2
300.0,:655375233_8,2
300.0,:655375238_5,1
300.0,:656132414_2,1
300.0,:cluster11510670762_4554226152_0,1
300.0,:cluster3086736522_655375108_655375247_655375401_#1more_11,1
300.0,:cluster622618015_622618108_622618112_622618144_#2more_39,1
300.0,:cluster655375336_end_0_655375336_end_1_655375336_end_10_655375336_end_11_#8more_40,1
300.0,:cluster_2528018119_655375236_12,2
300.0,:cluster_2528018119_655375236_20,1
300.0,:cluster_2528018119_655375236_32,1
300.0,:cluster_3208478133_655375293_655375296_9631728504_#1more_8,3
300.0,:cluster_5372642442_631668976_631668981_631669076_36,1
300.0,:cluster_5372642442_631668976_631668981_631669076_47,1
300.0,E0,1
320.0,-300077497#5,9
320.0,-35274074#2,12
320.0,-360018417,5
320.0,-51362429#1,8
320.0,-51362430,13
320.0,-593847703#3,20
320.0,-E0,19
320.0,1068234498#0,34
320.0,1068234499#0,12
320.0,1068440001,8
320.0,1068440004#1,29
320.0,1068440006#0,3
320.0,1334904386#0,2
320.0,182334378#0,19
320.0,196961377#0,20
320.0,196961377#3,1
320.0,232003903#0,1
320.0,238526531#0,13
320.0,244450512#1,3
320.0,244450512#5,1
320.0,263217604#0,2
320.0,288135626#0,3
320.0,300077497#0,15
320.0,303647015#0,4
320.0,30620492#0,18
320.0,30620492#1,5
320.0,35274074#0,3
320.0,484988951#0,4
320.0,49073226#2,12
320.0,49073272#4,2
320.0,49695736#0,3
320.0,506322842#0,8
320.0,506322844#0,8
320.0,506322846#2,3
320.0,506322851#0,1
320.0,506322853#0,13
320.0,51362429#0,17
320.0,51362430,3
320.0,593844221#0,1
320.0,593847702#0,1
320.0,593847703#0,2
320.0,593847705,1
320.0,593849711#2,17
320.0,594658760#0,1
320.0,594658762#0,16
320.0,668037874,4
320.0,:2444664370_0,2
320.0,:3086736518_0,1
320.0,:3086736518_4,1
320.0,:3208478128_0,1
320.0,:655375232_2,2
320.0,:655375232_6,1
320.0,:655375232_8,1
320.0,:655375233_4,2
320.0,:655375233_8,6
320.0,:655375238_0,1
320.0,:cluster11510670762_4554226152_0,2
320.0,:cluster655375228_655375240_13,1
320.0,:cluster655375228_655375240_2,1
320.0,:cluster655375336_end_0_655375336_end_1_655375336_end_10_655375336_end_11_#8more_12,2
320.0,:cluster655375336_end_0_655375336_end_1_655375336_end_10_655375336_end_11_#8more_25,3
320.0,:cluster_2528018119_655375236_17,2
320.0,:cluster_2528018119_655375236_3,2
320.0,:cluster_3208478133_655375293_655375296_9631728504_#1more_10,1
320.0,:cluster_5372642442_631668976_631668981_631669076_47,1
340.0,-300077497#5,9
340.0,-35274074#2,12
340.0,-360018417,5
340.0,-51362429#1,8
340.0,-51362430,17
340.0,-593847703#3,22
340.0,-593847704#2,1
340.0,-594658757#2,4
340.0,-E0,18
340.0,1068234498#0,27
340.0,1068234499#0,17
340.0,1068440001,9
340.0,1068440004#1,34
340.0,1068440006#0,3
340.0,1334904386#0,4
340.0,1334905223#0,1
340.0,182334378#0,16
340.0,196961377#0,22
340.0,238526531#0,17
340.0,244450512#1,3
340.0,244450512#5,2
340.0,288135626#0,5
340.0,288878926#0,3
340.0,300077497#0,11
340.0,30620492#0,18
340.0,30620492#1,5
340.0,35274074#0,3
340.0,484988951#0,5
340.0,49073226#2,7
340.0,49695736#0,7
340.0,506322840#0,2
340.0,506322842#0,8
340.0,506322844#0,8
340.0,506322846#0,4
340.0,506322846#2,4
340.0,506322853#0,14
340.0,51362429#0,17
340.0,51362430,5
340.0,593847702#0,1
340.0,593847705,1
340.0,593849711#2,17
340.0,594658760#0,3
340.0,594658762#0,7
340.0,668037874,4
340.0,:1973482489_8,1
340.0,:2444664370_0,1
340.0,:3086736518_0,1
340.0,:3086736518_4,1
340.0,:3086736518_6,1
340.0,:655375232_2,2
340.0,:655375232_6,1
340.0,:655375232_8,1
340.0,:655375233_4,2
340.0,:655375233_8,6
340.0,:655375238_1,1
340.0,:cluster11510670762_4554226152_0,2
340.0,:cluster619136880_619136881_cluster_4510442270_5296993511_5296993513_619136931_#1more_12,1
340.0,:cluster622618015_622618108_622618112_622618144_#2more_2,1
340.0,:cluster655375228_655375240_0,1
340.0,:cluster655375228_655375240_13,1
340.0,:cluster655375336_end_0_655375336_end_1_655375336_end_10_655375336_end_11_#8more_40,2
340.0,:cluster_2038168688_655375573_23,1
340.0,:cluster_2038168688_655375573_3,1
340.0,:cluster_5372642442_631668976_631668981_631669076_26,1
340.0,:cluster_5372642442_631668976_631668981_631669076_45,2
340.0,E1,1
360.0,-300077497#5,8
360.0,-35274074#2,12
360.0,-360018417,5
360.0,-51362429#1,2
360.0,-51362430,19
360.0,-593847703#3,23
360.0,-594658757#2,11
360.0,-E0,18
360.0,1068234498#0,21
360.0,1068234499#0,17
360.0,1068440001,9
360.0,1068440004#1,34
360.0,1068440006#0,3
360.0,1334904386#0,7
360.0,1334905223#0,2
360.0,182334378#0,10
360.0,186602412#0,5
360.0,196961377#0,26
360.0,238526531#0,24
360.0,244450512#1,3
360.0,244450512#5,2
360.0,288135626#0,7
360.0,288878926#0,6
360.0,300077497#0,3
360.0,300077497#6,2
360.0,30620492#0,18
360.0,30620492#1,5
360.0,35274074#0,3
360.0,484988951#0,5
360.0,49073226#2,4
360.0,49695736#0,7
360.0,506322842#0,8
360.0,506322844#0,8
360.0,506322846#0,4
360.0,506322846#2,4
360.0,506322853#0,14
360.0,51362429#0,14
360.0,51362430,4
360.0,593847702#0,1
360.0,593849711#2,17
360.0,593849718#0,1
360.0,594658760#0,3
360.0,594658762#0,1
360.0,668037874,4
360.0,:1973482489_3,1
360.0,:2444664370_0,1
360.0,:3086736518_0,2
360.0,:3086736518_4,1
360.0,:3086736518_6,1
360.0,:655375232_2,4
360.0,:655375232_6,1
360.0,:655375232_8,1
360.0,:655375233_0,2
360.0,:655375233_4,2
360.0,:655375233_8,6
360.0,:655375238_1,1
360.0,:cluster11510670762_4554226152_0,2
360.0,:cluster655375228_655375240_2,1
360.0,:cluster655375336_end_0_655375336_end_1_655375336_end_10_655375336_end_11_#8more_10,1
360.0,:cluster655375336_end_0_655375336_end_1_655375336_end_10_655375336_end_11_#8more_12,1
360.0,:cluster_2038168688_655375573_23,1
360.0,:cluster_3431431575_4777363357_655375231_6982059025_3,2
360.0,:cluster_5372642442_631668976_631668981_631669076_22,1
360.0,:cluster_5372642442_631668976_631668981_631669076_45,1
360.0,:cluster_623980147_623980152_9,1
360.0,E1,1
380.0,-1334905223#2,1
380.0,-300077497#5,14
380.0,-300077497#8,1
380.0,-35274074#2,12
380.0,-51362430,19
380.0,-593847703#3,24
380.0,-594658757#2,12
380.0,-E0,18
380.0,1068234498#0,25
380.0,1068234499#0,12
380.0,1068440001,9
380.0,1068440004#1,34
380.0,1068440006#0,2
380.0,1239087514,1
380.0,1334904386#0,2
380.0,182334378#0,17
380.0,186602412#0,4
380.0,196961377#0,27
380.0,238526531#0,21
380.0,244450512#1,3
380.0,244450512#5,2
380.0,263217603#0,1
380.0,263217604#0,3
380.0,288135626#0,6
380.0,288878926#0,13
380.0,300077497#0,7
380.0,300077497#6,2
380.0,303647015#0,7
380.0,30620492#0,18
380.0,30620492#1,5
380.0,35274074#0,5
380.0,484988951#0,5
380.0,49073226#2,2
380.0,49073272#4,5
380.0,506322840#0,2
380.0,506322842#0,8
380.0,506322844#0,2
380.0,506322846#2,2
380.0,506322851#2,1
380.0,506322853#0,14
380.0,51362429#0,16
380.0,51362430,2
380.0,593849711#2,16
380.0,594658760#0,3
380.0,594658762#0,1
380.0,668037874,3
380.0,:2444664370_0,2
380.0,:3086736518_0,2
380.0,:3086736518_4,2
380.0,:3086736518_6,1
380.0,:655375232_2,4
380.0,:655375232_6,2
380.0,:655375232_8,1
380.0,:655375233_0,2
380.0,:655375233_2,1
380.0,:655375233_4,2
380.0,:655375233_8,6
380.0,:655375238_1,1
380.0,:655375239_5,1
380.0,:655375241_0,1
380.0,:cluster11510670762_4554226152_0,2
380.0,:cluster_2528018119_655375236_12,2
380.0,:cluster_2528018119_655375236_20,1
400.0,-300077497#5,17
400.0,-35274074#2,12
400.0,-360018417,3
400.0,-51362430,19
400.0,-593847703#3,24
400.0,-593847705,1
400.0,-594658757#2,7
400.0,-E0,18
400.0,1068234498#0,32
400.0,1068234499#0,8
400.0,1068440001,9
400.0,1068440004#1,34
400.0,1239087514,1
400.0,1334904386#0,3
400.0,182334378#0,16
400.0,196961377#0,23
400.0,232003903#0,1
400.0,238526531#0,21
400.0,244450512#1,3
400.0,244450512#5,2
400.0,263217603#0,1
400.0,263217604#0,4
400.0,288135626#0,5
400.0,288878926#0,13
400.0,300077497#0,11
400.0,303647015#0,4
400.0,30620492#0,18
400.0,30620492#1,5
400.0,35274074#0,9
400.0,484988951#0,5
400.0,49073226#2,2
400.0,49073272#4,1
400.0,506322842#0,6
400.0,506322844#0,5
400.0,506322846#2,3
400.0,506322853#0,14
400.0,51362429#0,16
400.0,51362430,4
400.0,593847702#0,4
400.0,593849711#2,16
400.0,594658760#0,3
400.0,594658762#0,1
400.0,668037874,4
400.0,:2444664370_0,1
400.0,:3086736518_0,2
400.0,:3086736518_4,2
400.0,:3086736518_6,1
400.0,:655375232_2,4
400.0,:655375232_6,2
400.0,:655375232_8,1
400.0,:655375233_0,2
400.0,:655375233_4,2
400.0,:655375233_8,3
400.0,:cluster11510670762_4554226152_0,2
400.0,:cluster3086736522_655375108_655375247_655375401_#1more_11,2
400.0,:cluster_2528018119_655375236_29,1
400.0,:cluster_5372642442_631668976_631668981_631669076_47,1
420.0,-300077497#5,17
420.0,-35274074#2,12
420.0,-360018417,5
420.0,-51362430,17
420.0,-593847703#3,24
420.0,-593847705,1
420.0,-594658757#2,2
420.0,-E0,18
420.0,1068234498#0,30
420.0,1068234499#0,14
420.0,1068440001,5
420.0,1068440004#1,30
420.0,1334904386#0,3
420.0,182334378#0,20
420.0,196961377#0,19
420.0,232003903#0,1
420.0,238526531#0,22
420.0,244450512#1,3
420.0,244450512#5,2
420.0,260881642#0,4
420.0,288135626#0,3
420.0,288878926#0,11
420.0,300077497#0,3
420.0,300077497#6,2
420.0,303647015#0,6
420.0,30620492#0,18
420.0,30620492#1,5
420.0,35274074#0,3
420.0,360843888,1
420.0,484988951#0,5
420.0,49073226#2,2
420.0,506322842#0,6
420.0,506322844#0,5
420.0,506322846#0,8
420.0,506322846#2,3
420.0,506322853#0,14
420.0,51362429#0,17
420.0,51362430,4
420.0,593844221#0,1
420.0,593847702#0,4
420.0,593849711#0,1
420.0,593849711#2,16
420.0,594658757#0,1
420.0,594658760#0,5
420.0,668037874,4
420.0,:2444664370_0,1
420.0,:3086736518_0,2
420.0,:3086736518_4,2
420.0,:3086736518_6,1
420.0,:655375232_2,4
420.0,:655375232_6,2
420.0,:655375232_8,1
420.0,:655375233_0,2
420.0,:655375233_4,2
420.0,:655375233_8,7
420.0,:655375238_0,1
420.0,:656132414_2,1
420.0,:cluster11510670762_4554226152_0,1
420.0,:cluster622618015_622618108_622618112_622618144_#2more_2,1
420.0,:cluster_2038168688_655375573_23,1
420.0,:cluster_2038168688_655375573_24,1
420.0,:cluster_2038168688_655375573_3,1
420.0,:cluster_3208478133_655375293_655375296_9631728504_#1more_8,5
420.0,:cluster_5372642442_631668976_631668981_631669076_45,2
440.0,-300077497#5,12
440.0,-35274074#2,11
440.0,-360018417,5
440.0,-51362430,16
440.0,-593847703#3,29
440.0,-593847705,1
440.0,-594658757#2,2
440.0,-E0,18
440.0,1068234498#0,28
440.0,1068234499#0,14
440.0,1068440001,8
440.0,1068440004#1,33
440.0,1334904386#0,3
440.0,182334378#0,21
440.0,186602412#0,3
440.0,196961377#0,25
440.0,232003903#0,1
440.0,238526531#0,29
440.0,244450512#1,3
440.0,260881642#0,3
440.0,288135626#0,3
440.0,288878926#0,5
440.0,300077497#0,2
440.0,300077497#6,5
440.0,30620492#0,18
440.0,30620492#1,5
440.0,360843888,1
440.0,484988951#0,5
440.0,49073226#2,2
440.0,506322842#0,6
440.0,506322844#0,5
440.0,506322846#0,7
440.0,506322846#2,2
440.0,506322853#0,14
440.0,51362429#0,17
440.0,51362430,4
440.0,593844221#0,1
440.0,593847702#0,4
440.0,593849711#2,16
440.0,594658757#0,1
440.0,594658760#0,4
440.0,668037874,1
440.0,:1973482489_8,1
440.0,:2444664370_0,1
440.0,:3086736518_0,2
440.0,:3086736518_4,2
440.0,:3086736518_6,1
440.0,:655375232_2,4
440.0,:655375232_6,2
440.0,:655375232_8,1
440.0,:655375233_0,2
440.0,:655375233_4,2
440.0,:655375233_8,7
440.0,:cluster11510670762_4554226152_0,1
440.0,:cluster655375336_end_0_655375336_end_1_655375336_end_10_655375336_end_11_#8more_10,1
440.0,:cluster655375336_end_0_655375336_end_1_655375336_end_10_655375336_end_11_#8more_12,1
440.0,:cluster655375336_end_0_655375336_end_1_655375336_end_10_655375336_end_11_#8more_25,2
440.0,:cluster_3208478133_655375293_655375296_9631728504_#1more_15,1
440.0,:cluster_3208478133_655375293_655375296_9631728504_#1more_16,1
440.0,:cluster_3208478133_655375293_655375296_9631728504_#1more_8,3
440.0,:cluster_5372642442_631668976_631668981_631669076_45,1
460.0,-300077497#5,13
460.0,-300077497#8,1
460.0,-35274074#2,12
460.0,-360018417,1
460.0,-51362430,19
460.0,-593847703#3,29
460.0,-593847705,1
460.0,-594658757#2,3
460.0,-E0,18
460.0,1068234498#0,30
460.0,1068234499#0,12
460.0,1068440001,6
460.0,1068440004#1,33
460.0,1334904386#0,5
460.0,182334378#0,15
460.0,186602412#0,4
460.0,196961377#0,26
460.0,232003903#0,1
460.0,238526531#0,25
460.0,244450512#1,3
460.0,260881642#0,3
460.0,288135626#0,3
460.0,288878926#0,5
460.0,300077497#0,4
460.0,300077497#6,5
460.0,303647015#0,3
460.0,30620492#0,18
460.0,30620492#1,5
460.0,360843888,1
460.0,484988951#0,5
460.0,49073226#2,2
460.0,49073272#1,1
460.0,49073272#4,3
460.0,506322842#0,4
460.0,506322844#0,2
460.0,506322846#0,1
460.0,506322846#2,2
460.0,506322848#0,3
460.0,506322853#0,14
460.0,51362429#0,17
460.0,51362430,4
460.0,593844221#0,2
460.0,593849711#2,16
460.0,593849718#0,1
460.0,594658757#0,1
460.0,594658760#0,4
460.0,:1973482489_3,1
460.0,:2444664370_0,1
460.0,:3086736518_0,2
460.0,:3086736518_4,2
460.0,:3086736518_6,1
460.0,:3208478121_0,1
460.0,:655375232_2,4
460.0,:655375232_6,2
460.0,:655375232_8,1
460.0,:655375233_0,2
460.0,:655375233_4,2
460.0,:655375233_8,7
460.0,:655375238_5,1
460.0,:655375239_5,1
460.0,:cluster11510670762_4554226152_0,2
460.0,:cluster622618015_622618108_622618112_622618144_#2more_31,2
460.0,:cluster655375336_end_0_655375336_end_1_655375336_end_10_655375336_end_11_#8more_12,2
460.0,:cluster655375336_end_0_655375336_end_1_655375336_end_10_655375336_end_11_#8more_40,1
460.0,:cluster_2038168688_655375573_21,1
460.0,:cluster_2038168688_655375573_9,1
460.0,:cluster_2528018119_655375236_12,2
460.0,:cluster_2528018119_655375236_32,1
460.0,:cluster_3208478133_655375293_655375296_9631728504_#1more_16,1
460.0,:cluster_3208478133_655375293_655375296_9631728504_#1more_8,3
460.0,:cluster_9383263990_9383263991_9383263992_9383263993_7,1
480.0,-1334905223#2,2
480.0,-300077497#5,19
480.0,-35274074#2,12
480.0,-51362430,16
480.0,-593847703#3,29
480.0,-593847705,1
480.0,-594658757#2,8
480.0,-E0,18
480.0,1068234498#0,32
480.0,1068234499#0,7
480.0,1068440001,9
480.0,1068440004#1,33
480.0,1334904386#0,5
480.0,182334378#0,11
480.0,196961377#0,26
480.0,232003903#0,1
480.0,238526531#0,24
480.0,244450512#1,3
480.0,260881642#0,2
480.0,263217604#0,3
480.0,288135626#0,1
480.0,288878926#0,5
480.0,300077497#0,11
480.0,300077497#6,5
480.0,303647015#0,3
480.0,30620492#0,18
480.0,30620492#1,5
480.0,360843888,1
480.0,484988951#0,5
480.0,49073226#2,2
480.0,49073272#3,1
480.0,506322842#0,3
480.0,506322844#0,3
480.0,506322846#0,1
480.0,506322846#2,3
480.0,506322853#0,12
480.0,51362429#0,17
480.0,51362430,4
480.0,593844221#0,2
480.0,593849711#2,16
480.0,594658757#0,1
480.0,594658760#0,4
480.0,668037874,1
480.0,:3086736518_0,2
480.0,:3086736518_4,2
480.0,:3086736518_6,1
480.0,:655375232_2,4
480.0,:655375232_6,2
480.0,:655375232_8,1
480.0,:655375233_0,2
480.0,:655375233_4,2
480.0,:655375233_8,7
480.0,:655375241_0,1
480.0,:cluster11510670762_4554226152_0,2
480.0,:cluster3086736522_655375108_655375247_655375401_#1more_11,1
480.0,:cluster619136880_619136881_cluster_4510442270_5296993511_5296993513_619136931_#1more_8,1
480.0,:cluster655375336_end_0_655375336_end_1_655375336_end_10_655375336_end_11_#8more_12,1
480.0,:cluster655375336_end_0_655375336_end_1_655375336_end_10_655375336_end_11_#8more_40,2
480.0,:cluster_2038168688_655375573_30,1
480.0,:cluster_2528018119_655375236_12,1
480.0,:cluster_2528018119_655375236_28,1
480.0,:cluster_2528018119_655375236_29,2
480.0,:cluster_3208478133_655375293_655375296_9631728504_#1more_16,1
480.0,:cluster_3208478133_655375293_655375296_9631728504_#1more_8,3
500.0,-300077497#5,19
500.0,-35274074#2,12
500.0,-360018417,5
500.0,-51362430,18
500.0,-593847703#3,29
500.0,-593847705,1
500.0,-E0,18
500.0,1068234498#0,35
500.0,1068234499#0,3
500.0,1068440001,9
500.0,1068440004#1,33
500.0,1334904386#0,7
500.0,182334378#0,18
500.0,196961377#0,20
500.0,196961377#3,1
500.0,238526531#0,24
500.0,244450512#1,3
500.0,244450512#4,1
500.0,263217604#0,3
500.0,288878926#0,5
500.0,300077497#0,10
500.0,303647015#0,7
500.0,30620492#0,18
500.0,30620492#1,5
500.0,35274074#0,3
500.0,360018417,1
500.0,484988951#0,5
500.0,49073226#2,2
500.0,49073272#4,2
500.0,506322842#0,3
500.0,506322844#0,8
500.0,506322846#2,2
500.0,506322853#0,10
500.0,51362429#0,17
500.0,51362430,5
500.0,593844221#0,2
500.0,593849711#2,16
500.0,594658757#0,1
500.0,594658760#0,4
500.0,668037874,1
500.0,:2444664370_0,1
500.0,:3086736518_0,2
500.0,:3086736518_4,2
500.0,:3086736518_6,1
500.0,:655375232_2,4
500.0,:655375232_6,2
500.0,:655375232_8,1
500.0,:655375233_0,2
500.0,:655375233_4,5
500.0,:655375233_8,7
500.0,:655375238_0,1
500.0,:cluster11510670762_4554226152_0,2
500.0,:cluster3086736522_655375108_655375247_655375401_#1more_11,1
500.0,:cluster619136880_619136881_cluster_4510442270_5296993511_5296993513_619136931_#1more_12,1
500.0,:cluster_2038168688_655375573_30,1
500.0,:cluster_3208478133_655375293_655375296_9631728504_#1more_16,1
500.0,:cluster_3208478133_655375293_655375296_9631728504_#1more_8,3
520.0,-300077497#5,16
520.0,-35274074#2,11
520.0,-360018417,5
520.0,-51362430,19
520.0,-593847703#3,31
520.0,-593847704#2,1
520.0,-593847705,1
520.0,-594658757#2,6
520.0,-E0,18
520.0,1068234498#0,32
520.0,1068234499#0,5
520.0,1068440001,9
520.0,1068440004#1,33
520.0,1334904386#0,7
520.0,182334378#0,14
520.0,186602412#0,1
520.0,196961377#0,22
520.0,196961377#3,1
520.0,238526531#0,26
520.0,244450512#1,3
520.0,244450512#5,1
520.0,300077497#0,4
520.0,300077497#6,5
520.0,303647015#0,1
520.0,30620492#0,18
520.0,30620492#1,5
520.0,484988951#0,5
520.0,49073226#2,2
520.0,506322842#0,3
520.0,506322844#0,8
520.0,506322846#0,1
520.0,506322846#2,1
520.0,506322853#0,10
520.0,51362429#0,17
520.0,51362430,7
520.0,593844221#0,2
520.0,593849711#2,16
520.0,594658757#0,2
520.0,594658760#0,6
520.0,:3086736518_0,2
520.0,:3086736518_4,2
520.0,:3086736518_6,1
520.0,:655375232_2,4
520.0,:655375232_6,2
520.0,:655375232_8,1
520.0,:655375233_0,2
520.0,:655375233_4,5
520.0,:655375233_8,7
520.0,:cluster11510670762_4554226152_0,2
520.0,:cluster622618015_622618108_622618112_622618144_#2more_49,1
520.0,:cluster655375336_end_0_655375336_end_1_655375336_end_10_655375336_end_11_#8more_12,1
520.0,:cluster_2038168688_655375573_30,1
520.0,:cluster_2038168688_655375573_6,1
520.0,:cluster_2528018119_655375236_17,1
520.0,:cluster_3208478133_655375293_655375296_9631728504_#1more_16,1
520.0,:cluster_3208478133_655375293_655375296_9631728504_#1more_8,3
520.0,:cluster_5372642442_631668976_631668981_631669076_45,1
540.0,-300077497#5,15
540.0,-35274074#2,12
540.0,-360018417,5
540.0,-51362430,19
540.0,-593847703#3,33
540.0,-593847705,1
540.0,-594658757#2,13
540.0,-E0,18
540.0,1068234498#0,33
540.0,1068234499#0,5
540.0,1068440001,9
540.0,1068440004#1,33
540.0,1334904386#0,9
540.0,182334378#0,5
540.0,196961377#0,22
540.0,238526531#0,28
540.0,244450512#1,3
540.0,244450512#5,1
540.0,300077497#0,4
540.0,300077497#6,5
540.0,30620492#0,18
540.0,30620492#1,4
540.0,484988951#0,5
540.0,49073226#2,2
540.0,506322842#0,3
540.0,506322844#0,8
540.0,506322846#0,1
540.0,506322853#0,10
540.0,51362429#0,17
540.0,51362430,7
540.0,593844221#0,2
540.0,593849711#2,16
540.0,594658757#0,2
540.0,594658760#0,6
540.0,:3086736518_0,2
540.0,:3086736518_4,2
540.0,:3086736518_6,1
540.0,:655375232_2,4
540.0,:655375232_6,2
540.0,:655375232_8,1
540.0,:655375233_0,2
540.0,:655375233_4,5
540.0,:655375233_8,7
540.0,:cluster11510670762_4554226152_0,2
540.0,:cluster655375336_end_0_655375336_end_1_655375336_end_10_655375336_end_11_#8more_12,2
540.0,:cluster_3208478133_655375293_655375296_9631728504_#1more_16,1
540.0,:cluster_3208478133_655375293_655375296_9631728504_#1more_8,3
560.0,-1334905223#2,2
560.0,-300077497#5,20
560.0,-300077497#8,1
560.0,-35274074#2,12
560.0,-51362430,19
560.0,-593847703#3,34
560.0,-593847705,1
560.0,-594658757#2,19
560.0,-E0,18
560.0,1068234498#0,34
560.0,1068440001,9
560.0,1068440004#1,33
560.0,1334904386#0,1
560.0,196961377#0,22
560.0,238526531#0,25
560.0,244450512#1,3
560.0,244450512#5,1
560.0,263217604#0,4
560.0,300077497#0,7
560.0,300077497#6,5
560.0,303647015#0,8
560.0,30620492#0,16
560.0,30620492#1,5
560.0,484988951#0,5
560.0,49073226#2,1
560.0,49073272#4,5
560.0,506322840#0,1
560.0,506322842#0,3
560.0,506322844#0,2
560.0,506322853#0,10
560.0,51362429#0,15
560.0,51362430,7
560.0,593844221#0,2
560.0,593847703#0,2
560.0,593849711#2,16
560.0,594658757#0,2
560.0,594658760#0,6
560.0,:3086736518_0,2
560.0,:3086736518_4,2
560.0,:3086736518_6,1
560.0,:655375232_2,4
560.0,:655375232_6,2
560.0,:655375232_8,1
560.0,:655375233_0,1
560.0,:655375233_4,5
560.0,:655375233_8,7
560.0,:655375238_5,1
560.0,:655375239_5,1
560.0,:cluster11510670762_4554226152_0,2
560.0,:cluster_2528018119_655375236_28,1
560.0,:cluster_3208478133_655375293_655375296_9631728504_#1more_16,1
560.0,:cluster_3208478133_655375293_655375296_9631728504_#1more_8,3
560.0,:cluster_623980147_623980152_9,1
580.0,-300077497#5,25
580.0,-35274074#2,12
580.0,-51362429#1,1
580.0,-51362430,19
580.0,-593847703#3,35
580.0,-593847705,1
580.0,-594658757#2,13
580.0,-E0,19
580.0,1068234498#0,34
580.0,1068440001,9
580.0,1068440004#1,33
580.0,1068440006#0,1
580.0,1334904386#0,1
580.0,196961377#0,19
580.0,196961377#3,4
580.0,238526531#0,25
580.0,244450512#1,3
580.0,244450512#5,1
580.0,263217604#0,5
580.0,288878926#0,2
580.0,300077497#0,5
580.0,300077497#6,2
580.0,303647015#0,4
580.0,30620492#0,18
580.0,30620492#1,5
580.0,484988951#0,4
580.0,49073272#4,1
580.0,506322842#0,3
580.0,506322844#0,6
580.0,506322853#0,4
580.0,51362429#0,16
580.0,51362430,6
580.0,593844221#0,2
580.0,593847703#0,2
580.0,593849711#2,15
580.0,594658757#0,1
580.0,594658760#0,5
580.0,668037874,1
580.0,:3086736518_0,2
580.0,:3086736518_4,2
580.0,:3086736518_6,1
580.0,:619136999_2,1
580.0,:655375232_2,3
580.0,:655375232_6,2
580.0,:655375233_0,2
580.0,:655375233_4,5
580.0,:655375233_8,7
580.0,:655375238_0,1
580.0,:655375239_3,1
580.0,:cluster11510670762_4554226152_0,2
580.0,:cluster3086736522_655375108_655375247_655375401_#1more_11,2
580.0,:cluster619136880_619136881_cluster_4510442270_5296993511_5296993513_619136931_#1more_8,1
580.0,:cluster619136899_619136900_cluster_619136929_619136942_6,1
580.0,:cluster655375336_end_0_655375336_end_1_655375336_end_10_655375336_end_11_#8more_21,1
580.0,:cluster_3208478133_655375293_655375296_9631728504_#1more_16,1
580.0,:cluster_3208478133_655375293_655375296_9631728504_#1more_8,3
580.0,:cluster_3431431575_4777363357_655375231_6982059025_5,1
600.0,-300077497#5,27
600.0,-35274074#2,9
600.0,-360018417,5
600.0,-51362429#1,1
600.0,-51362430,19
600.0,-593847703#3,33
600.0,-594658757#2,8
600.0,-E0,19
600.0,1068234498#0,35
600.0,1068440001,9
600.0,1068440004#1,33
600.0,1334904386#0,1
600.0,196961377#0,18
600.0,196961377#3,3
600.0,232003903#0,1
600.0,238526531#0,25
600.0,244450512#1,3
600.0,260881642#0,3
600.0,288878926#0,3
600.0,300077497#0,1
600.0,300077497#6,1
600.0,303647015#0,6
600.0,30620492#0,18
600.0,30620492#1,5
600.0,360843888,1
600.0,484988951#0,5
600.0,49073226#2,2
600.0,49695736#0,1
600.0,506322842#0,3
600.0,506322844#0,6
600.0,506322853#0,4
600.0,51362429#0,17
600.0,51362430,1
600.0,593844221#0,2
600.0,593847704#0,1
600.0,593849711#0,1
600.0,593849711#2,15
600.0,594658757#0,2
600.0,594658760#0,6
600.0,:3086736518_0,2
600.0,:3086736518_4,1
600.0,:3086736518_6,1
600.0,:655375232_2,3
600.0,:655375232_6,2
600.0,:655375232_8,1
600.0,:655375233_0,2
600.0,:655375233_4,4
600.0,:655375233_8,7
600.0,:655375238_1,1
600.0,:cluster11510670762_4554226152_0,2
600.0,:cluster3086736522_655375108_655375247_655375401_#1more_17,1
600.0,:cluster622618015_622618108_622618112_622618144_#2more_26,1
600.0,:cluster655375336_end_0_655375336_end_1_655375336_end_10_655375336_end_11_#8more_21,1
600.0,:cluster_3208478133_655375293_655375296_9631728504_#1more_16,2
600.0,:cluster_3208478133_655375293_655375296_9631728504_#1more_8,3
600.0,:cluster_3431431575_4777363357_655375231_6982059025_3,1
600.0,:cluster_623980147_623980152_4,1
620.0,-300077497#5,25
620.0,-35274074#2,6
620.0,-360018417,5
620.0,-51362430,19
620.0,-593847703#3,34
620.0,-594658757#2,8
620.0,-E0,19
620.0,1068234498#0,40
620.0,1068440001,9
620.0,1068440004#1,29
620.0,1334904386#0,1
620.0,196961377#0,18
620.0,196961377#3,2
620.0,232003903#0,1
620.0,238526531#0,25
620.0,244450512#1,2
620.0,260881642#0,2
620.0,288878926#0,5
620.0,300077497#6,4
620.0,30620492#0,18
620.0,30620492#1,5
620.0,360843888,2
620.0,484988951#0,5
620.0,49073226#2,1
620.0,49695736#0,1
620.0,506322842#0,3
620.0,506322844#0,6
620.0,506322846#0,2
620.0,506322853#0,4
620.0,51362429#0,17
620.0,51362430,1
620.0,593844221#0,2
620.0,593847702#0,8
620.0,593847703#0,1
620.0,593847704#0,2
620.0,593849711#2,15
620.0,594658757#0,2
620.0,594658760#0,6
620.0,:3086736518_0,2
620.0,:3086736518_4,1
620.0,:3086736518_6,1
620.0,:655375232_2,3
620.0,:655375232_6,2
620.0,:655375233_0,1
620.0,:655375233_4,2
620.0,:655375233_8,3
620.0,:cluster11510670762_4554226152_0,2
620.0,:cluster622618015_622618108_622618112_622618144_#2more_49,2
620.0,:cluster655375336_end_0_655375336_end_1_655375336_end_10_655375336_end_11_#8more_21,1
620.0,:cluster_2528018119_655375236_31,1
620.0,:cluster_2664674491_655375287_655375288_5,1
620.0,:cluster_3208478133_655375293_655375296_9631728504_#1more_16,2
620.0,:cluster_3208478133_655375293_655375296_9631728504_#1more_8,3
640.0,-300077497#5,25
640.0,-300077497#8,3
640.0,-35274074#2,9
640.0,-360018417,1
640.0,-51362430,19
640.0,-593847703#3,35
640.0,-594658757#2,8
640.0,-E0,19
640.0,1068234498#0,40
640.0,1068440001,9
640.0,1068440004#1,32
640.0,186602412#0,1
640.0,196961377#0,18
640.0,232003903#0,2
640.0,238526531#0,21
640.0,244450512#1,2
640.0,260881642#0,2
640.0,263217604#0,1
640.0,288878926#0,5
640.0,300077497#6,4
640.0,303647015#0,1
640.0,30620492#0,18
640.0,30620492#1,5
640.0,360843888,2
640.0,484988951#0,5
640.0,49073226#2,1
640.0,49073272#4,3
640.0,506322842#0,2
640.0,506322844#0,2
640.0,506322853#0,4
640.0,51362429#0,17
640.0,51362430,1
640.0,593844221#0,2
640.0,593847702#0,3
640.0,593847703#0,2
640.0,593847704#0,3
640.0,593849711#2,15
640.0,593849718#0,3
640.0,594658757#0,2
640.0,594658760#0,6
640.0,:3086736518_0,2
640.0,:3086736518_4,1
640.0,:3208478121_0,1
640.0,:655375232_2,3
640.0,:655375232_6,2
640.0,:655375233_4,2
640.0,:655375239_5,1
640.0,:cluster11510670762_4554226152_0,2
640.0,:cluster622618015_622618108_622618112_622618144_#2more_31,5
640.0,:cluster655375336_end_0_655375336_end_1_655375336_end_10_655375336_end_11_#8more_21,1
640.0,:cluster_2038168688_655375573_21,1
640.0,:cluster_2038168688_655375573_8,1
640.0,:cluster_2664674491_655375287_655375288_5,1
640.0,:cluster_3208478133_655375293_655375296_9631728504_#1more_16,2
640.0,:cluster_3208478133_655375293_655375296_9631728504_#1more_8,3
660.0,-300077497#5,27
660.0,-300077497#8,4
660.0,-35274074#2,12
660.0,-49073264#1,1
660.0,-51362430,19
660.0,-593847703#3,35
660.0,-594658757#2,7
660.0,-E0,19
660.0,1068234498#0,40
660.0,1068440001,9
660.0,1068440004#1,34
660.0,196961377#0,18
660.0,232003903#0,2
660.0,238526531#0,19
660.0,244450512#1,2
660.0,260881642#0,3
660.0,263217604#0,1
660.0,288878926#0,5
660.0,300077497#6,4
660.0,30620492#0,18
660.0,30620492#1,5
660.0,360843888,2
660.0,484988951#0,5
660.0,49073226#2,1
660.0,506322842#0,2
660.0,506322844#0,5
660.0,506322853#0,1
660.0,51362429#0,13
660.0,51362430,1
660.0,593844221#0,2
660.0,593847703#0,3
660.0,593847704#0,1
660.0,593849711#2,15
660.0,593852345#0,1
660.0,594658757#0,2
660.0,594658760#0,6
660.0,668037874,1
660.0,:3086736518_0,2
660.0,:3086736518_4,1
660.0,:3086736518_6,1
660.0,:655375232_2,2
660.0,:655375232_6,2
660.0,:655375233_0,3
660.0,:655375233_4,2
660.0,:cluster11510670762_4554226152_0,2
660.0,:cluster3086736522_655375108_655375247_655375401_#1more_11,1
660.0,:cluster619136880_619136881_cluster_4510442270_5296993511_5296993513_619136931_#1more_8,1
660.0,:cluster619136899_619136900_cluster_619136929_619136942_6,1
660.0,:cluster622618015_622618108_622618112_622618144_#2more_39,1
660.0,:cluster622618015_622618108_622618112_622618144_#2more_42,1
660.0,:cluster_2038168688_655375573_30,1
660.0,:cluster_3208478133_655375293_655375296_9631728504_#1more_16,2
660.0,:cluster_3208478133_655375293_655375296_9631728504_#1more_8,3
680.0,-300077497#5,26
680.0,-300077497#8,4
680.0,-35274074#2,10
680.0,-360018417,3
680.0,-49073264#1,1
680.0,-51362429#1,1
680.0,-51362430,19
680.0,-593847703#3,36
680.0,-E0,19
680.0,1068234498#0,40
680.0,1068440001,9
680.0,1068440004#1,34
680.0,1068440006#0,1
680.0,196961215#2,1
680.0,196961377#0,11
680.0,196961377#3,6
680.0,238526531#0,19
680.0,244450512#1,2
680.0,244450512#4,1
680.0,263217604#0,1
680.0,288878926#0,5
680.0,300077497#0,2
680.0,303647015#0,7
680.0,30620492#0,18
680.0,30620492#1,5
680.0,484988951#0,2
680.0,49073226#2,2
680.0,49073272#4,2
680.0,506322842#0,2
680.0,506322844#0,5
680.0,51362429#0,14
680.0,51362430,2
680.0,593844221#0,2
680.0,593847703#0,8
680.0,593847705,1
680.0,593849711#2,13
680.0,594658757#0,2
680.0,594658760#0,6
680.0,:3086736518_0,1
680.0,:3086736518_4,1
680.0,:3086736518_6,1
680.0,:3208478128_0,1
680.0,:655375232_11,1
680.0,:655375232_6,1
680.0,:655375233_4,2
680.0,:cluster11510670762_4554226152_0,2
680.0,:cluster655375336_end_0_655375336_end_1_655375336_end_10_655375336_end_11_#8more_31,1
680.0,:cluster_2528018119_655375236_3,2
680.0,:cluster_3208478133_655375293_655375296_9631728504_#1more_16,2
680.0,:cluster_3208478133_655375293_655375296_9631728504_#1more_8,3
680.0,:cluster_3431431575_4777363357_655375231_6982059025_7,2
700.0,-300077497#5,26
700.0,-300077497#8,4
700.0,-35274074#2,10
700.0,-360018417,5
700.0,-49073264#1,1
700.0,-51362429#1,3
700.0,-51362430,19
700.0,-593847703#3,30
700.0,-E0,19
700.0,1068234498#0,33
700.0,1068440001,9
700.0,1068440004#1,34
700.0,1068440006#0,2
700.0,196961215#2,1
700.0,196961377#0,9
700.0,196961377#3,4
700.0,238526531#0,23
700.0,244450512#1,2
700.0,244450512#5,2
700.0,300077497#0,6
700.0,30620492#0,18
700.0,30620492#1,5
700.0,35274074#0,2
700.0,484988951#0,4
700.0,49073226#2,7
700.0,506322842#0,2
700.0,506322844#0,5
700.0,51362429#0,16
700.0,51362430,1
700.0,593844221#0,2
700.0,593847702#0,1
700.0,593847704#0,1
700.0,593847705,1
700.0,593849711#0,1
700.0,593849711#2,14
700.0,594658757#0,2
700.0,594658760#0,7
700.0,:3086736518_0,1
700.0,:3086736518_4,2
700.0,:655375233_4,4
700.0,:655375238_6,1
700.0,:cluster11510670762_4554226152_0,2
700.0,:cluster622618015_622618108_622618112_622618144_#2more_26,1
700.0,:cluster622618015_622618108_622618112_622618144_#2more_49,1
700.0,:cluster_3208478133_655375293_655375296_9631728504_#1more_16,2
700.0,:cluster_3208478133_655375293_655375296_9631728504_#1more_8,3
700.0,:cluster_5372642442_631668976_631668981_631669076_26,1
700.0,:cluster_5372642442_631668976_631668981_631669076_45,2
720.0,-300077497#5,27
720.0,-300077497#8,3
720.0,-35274074#2,8
720.0,-360018417,5
720.0,-49073264#1,1
720.0,-51362429#1,8
720.0,-51362430,19
720.0,-593847703#3,28
720.0,-E0,19
720.0,1068234498#0,27
720.0,1068440001,9
720.0,1068440004#1,28
720.0,1068440006#0,2
720.0,196961215#2,1
720.0,196961377#0,9
720.0,238526531#0,31
720.0,244450512#1,2
720.0,244450512#5,2
720.0,288135626#0,1
720.0,30620492#0,18
720.0,30620492#1,5
720.0,35274074#0,4
720.0,484988951#0,3
720.0,49073226#2,7
720.0,506322842#0,2
720.0,506322844#0,5
720.0,506322846#0,3
720.0,51362429#0,17
720.0,593844221#0,2
720.0,593847702#0,1
720.0,593847704#0,1
720.0,593847705,1
720.0,593849711#2,16
720.0,594658757#0,2
720.0,594658760#0,7
720.0,:1973482489_8,1
720.0,:3086736518_0,1
720.0,:3086736518_4,1
720.0,:655375233_4,1
720.0,:655375233_8,6
720.0,:655375238_2,1
720.0,:655375238_3,1
720.0,:655375238_6,1
720.0,:cluster11510670762_4554226152_0,2
720.0,:cluster_3208478133_655375293_655375296_9631728504_#1more_16,2
720.0,:cluster_3208478133_655375293_655375296_9631728504_#1more_8,3
720.0,:cluster_3431431575_4777363357_655375231_6982059025_3,1
720.0,:cluster_3431431575_4777363357_655375231_6982059025_7,1
720.0,:cluster_5372642442_631668976_631668981_631669076_22,1
740.0,-300077497#5,27
740.0,-300077497#8,4
740.0,-35274074#2,11
740.0,-49073264#1,1
740.0,-51362429#1,8
740.0,-51362430,19
740.0,-593847703#3,28
740.0,-E0,19
740.0,1068234498#0,33
740.0,1068440001,9
740.0,1068440004#1,31
740.0,1068440006#0,2
740.0,186602412#0,2
740.0,196961215#2,1
740.0,196961377#0,9
740.0,238526531#0,23
740.0,244450512#1,2
740.0,244450512#5,2
740.0,300077497#0,1
740.0,30620492#0,18
740.0,30620492#1,5
740.0,35274074#0,5
740.0,484988951#0,4
740.0,49073226#2,9
740.0,49073272#4,4
740.0,506322840#0,2
740.0,506322842#0,1
740.0,506322844#0,5
740.0,51362429#0,17
740.0,593844221#0,2
740.0,593847704#0,1
740.0,593847705,1
740.0,593849711#2,16
740.0,594658757#0,2
740.0,594658760#0,6
740.0,:3086736518_0,1
740.0,:3086736518_4,1
740.0,:655375233_4,1
740.0,:655375233_8,6
740.0,:655375238_2,1
740.0,:655375238_3,1
740.0,:655375241_0,3
740.0,:cluster11510670762_4554226152_0,2
740.0,:cluster_2038168688_655375573_30,1
740.0,:cluster_2528018119_655375236_29,1
740.0,:cluster_3208478133_655375293_655375296_9631728504_#1more_16,2
740.0,:cluster_3208478133_655375293_655375296_9631728504_#1more_8,3
760.0,-300077497#5,27
760.0,-300077497#8,4
760.0,-35274074#2,11
760.0,-360018417,2
760.0,-51362429#1,8
760.0,-51362430,19
760.0,-593847703#3,28
760.0,-E0,18
760.0,1068234498#0,37
760.0,1068440001,9
760.0,1068440004#1,34
760.0,1068440006#0,1
760.0,1239087513,1
760.0,1239087514,1
760.0,196961215#2,1
760.0,196961377#0,2
760.0,196961377#3,4
760.0,238526531#0,23
760.0,244450512#1,2
760.0,244450512#5,2
760.0,300077497#0,1
760.0,300077497#6,1
760.0,30620492#0,18
760.0,30620492#1,5
760.0,35274074#0,5
760.0,484988951#0,5
760.0,49073226#2,9
760.0,506322842#0,1
760.0,506322844#0,5
760.0,51362429#0,16
760.0,593849711#2,16
760.0,593849718#0,1
760.0,594658757#0,2
760.0,594658760#0,6
760.0,:3086736518_0,1
760.0,:3086736518_4,1
760.0,:3086736518_6,1
760.0,:619136999_2,1
760.0,:655375232_2,1
760.0,:655375233_0,1
760.0,:655375233_4,1
760.0,:655375233_8,6
760.0,:655375238_2,1
760.0,:655375238_3,1
760.0,:cluster11510670762_4554226152_0,1
760.0,:cluster_2038168688_655375573_30,1
760.0,:cluster_3208478133_655375293_655375296_9631728504_#1more_16,1
760.0,:cluster_3208478133_655375293_655375296_9631728504_#1more_8,3
780.0,-300077497#5,26
780.0,-300077497#8,4
780.0,-35274074#2,11
780.0,-360018417,4
780.0,-51362429#1,8
780.0,-51362430,17
780.0,-593847703#3,29
780.0,-E0,19
780.0,1068234498#0,31
780.0,1068440001,10
780.0,1068440004#1,34
780.0,196961215#2,1
780.0,196961377#3,2
780.0,232003903#0,1
780.0,238526531#0,24
780.0,244450512#1,2
780.0,260881642#0,4
780.0,288135626#0,3
780.0,30620492#0,18
780.0,30620492#1,5
780.0,35274074#0,1
780.0,484988951#0,4
780.0,49073226#2,9
780.0,49695736#0,1
780.0,506322842#0,1
780.0,506322844#0,5
780.0,506322846#0,3
780.0,51362429#0,15
780.0,593849711#2,16
780.0,594658757#0,1
780.0,594658760#0,4
780.0,:3086736518_0,1
780.0,:3086736518_4,1
780.0,:3086736518_6,1
780.0,:655375232_2,1
780.0,:655375233_0,2
780.0,:655375233_4,1
780.0,:655375233_8,6
780.0,:655375238_2,1
780.0,:655375238_3,1
780.0,:cluster11510670762_4554226152_0,1
780.0,:cluster622618015_622618108_622618112_622618144_#2more_49,2
780.0,:cluster655375336_end_0_655375336_end_1_655375336_end_10_655375336_end_11_#8more_17,1
780.0,:cluster655375336_end_0_655375336_end_1_655375336_end_10_655375336_end_11_#8more_21,1
780.0,:cluster_2038168688_655375573_30,1
780.0,:cluster_2038168688_655375573_6,2
780.0,:cluster_2664674491_655375287_655375288_5,1
780.0,:cluster_3208478133_655375293_655375296_9631728504_#1more_16,3
780.0,:cluster_3208478133_655375293_655375296_9631728504_#1more_8,5
780.0,:cluster_5372642442_631668976_631668981_631669076_45,2
800.0,-300077497#5,26
800.0,-300077497#8,4
800.0,-35274074#2,11
800.0,-360018417,4
800.0,-51362429#1,9
800.0,-51362430,18
800.0,-593847703#3,26
800.0,-E0,19
800.0,1068234498#0,27
800.0,1068234499#0,5
800.0,1068440001,10
800.0,1068440004#1,34
800.0,186602412#0,2
800.0,232003903#0,1
800.0,238526531#0,29
800.0,244450512#1,2
800.0,260881642#0,3
800.0,288878926#0,3
800.0,30620492#0,18
800.0,30620492#1,5
800.0,484988951#0,4
800.0,49073226#2,7
800.0,49695736#0,1
800.0,506322842#0,1
800.0,506322844#0,5
800.0,506322846#0,1
800.0,51362429#0,17
800.0,593849711#2,15
800.0,594658757#0,1
800.0,594658760#0,4
800.0,:3086736518_0,1
800.0,:3086736518_3,1
800.0,:3086736518_4,1
800.0,:3086736518_6,1
800.0,:655375232_2,1
800.0,:655375233_0,2
800.0,:655375233_2,1
800.0,:655375233_4,2
800.0,:655375233_8,6
800.0,:655375238_2,1
800.0,:655375238_3,1
800.0,:cluster11510670762_4554226152_0,1
800.0,:cluster655375336_end_0_655375336_end_1_655375336_end_10_655375336_end_11_#8more_17,1
800.0,:cluster655375336_end_0_655375336_end_1_655375336_end_10_655375336_end_11_#8more_21,1
800.0,:cluster655375336_end_0_655375336_end_1_655375336_end_10_655375336_end_11_#8more_48,1
800.0,:cluster_2038168688_655375573_30,1
800.0,:cluster_2038168688_655375573_6,2
800.0,:cluster_2664674491_655375287_655375288_5,1
800.0,:cluster_3208478133_655375293_655375296_9631728504_#1more_16,3
800.0,:cluster_3208478133_655375293_655375296_9631728504_#1more_8,5
800.0,:cluster_5372642442_631668976_631668981_631669076_45,1
800.0,:cluster_623980147_623980152_4,1
820.0,-300077497#5,27
820.0,-300077497#8,4
820.0,-35274074#2,11
820.0,-51362429#1,6
820.0,-51362430,19
820.0,-593847703#3,25
820.0,-E0,19
820.0,1068234498#0,27
820.0,1068234499#0,2
820.0,1068440001,10
820.0,1068440004#1,32
820.0,232003903#0,2
820.0,238526531#0,28
820.0,244450512#1,2
820.0,260881642#0,2
820.0,288878926#0,10
820.0,300077497#0,2
820.0,30620492#0,18
820.0,30620492#1,5
820.0,484988951#0,4
820.0,49073226#2,5
820.0,49073272#4,4
820.0,506322842#0,1
820.0,506322844#0,5
820.0,506322848#0,2
820.0,51362429#0,17
820.0,593847702#0,5
820.0,593847703#0,2
820.0,593847704#0,1
820.0,593849711#2,15
820.0,593849718#0,1
820.0,593852345#0,1
820.0,594658757#0,1
820.0,594658760#0,4
820.0,:3086736518_0,1
820.0,:3086736518_6,1
820.0,:655375232_2,1
820.0,:655375233_8,2
820.0,:655375238_3,1
820.0,:655375238_5,1
820.0,:cluster11510670762_4554226152_0,1
820.0,:cluster655375336_end_0_655375336_end_1_655375336_end_10_655375336_end_11_#8more_17,1
820.0,:cluster655375336_end_0_655375336_end_1_655375336_end_10_655375336_end_11_#8more_21,1
820.0,:cluster_2038168688_655375573_30,1
820.0,:cluster_2038168688_655375573_6,2
820.0,:cluster_2528018119_655375236_12,1
820.0,:cluster_2528018119_655375236_29,1
820.0,:cluster_2664674491_655375287_655375288_5,1
820.0,:cluster_3208478133_655375293_655375296_9631728504_#1more_16,3
820.0,:cluster_3208478133_655375293_655375296_9631728504_#1more_8,5
820.0,:cluster_3431431575_4777363357_655375231_6982059025_3,2
820.0,:cluster_9383263990_9383263991_9383263992_9383263993_7,1
840.0,-300077497#5,27
840.0,-300077497#8,4
840.0,-35274074#2,11
840.0,-49073264#1,1
840.0,-51362429#1,1
840.0,-51362430,19
840.0,-593847703#3,25
840.0,-E0,19
840.0,1068234498#0,28
840.0,1068440001,10
840.0,1068440004#1,25
840.0,232003903#0,2
840.0,238526531#0,25
840.0,244450512#1,2
840.0,260881642#0,2
840.0,288878926#0,13
840.0,300077497#0,5
840.0,300077497#6,1
840.0,30620492#0,18
840.0,30620492#1,5
840.0,484988951#0,4
840.0,49073226#2,8
840.0,506322842#0,1
840.0,506322844#0,5
840.0,506322846#0,2
840.0,506322848#0,2
840.0,51362429#0,17
840.0,593847702#0,11
840.0,593847703#0,1
840.0,593849711#2,15
840.0,593849718#0,1
840.0,593852345#0,1
840.0,594658757#0,1
840.0,594658760#0,4
840.0,:3086736518_0,1
840.0,:3086736518_6,1
840.0,:655375232_2,1
840.0,:655375238_3,1
840.0,:655375238_5,1
840.0,:655375241_0,1
840.0,:cluster11510670762_4554226152_0,1
840.0,:cluster622618015_622618108_622618112_622618144_#2more_39,1
840.0,:cluster655375336_end_0_655375336_end_1_655375336_end_10_655375336_end_11_#8more_17,1
840.0,:cluster655375336_end_0_655375336_end_1_655375336_end_10_655375336_end_11_#8more_21,1
840.0,:cluster_2038168688_655375573_30,1
840.0,:cluster_3208478133_655375293_655375296_9631728504_#1more_16,3
840.0,:cluster_3208478133_655375293_655375296_9631728504_#1more_8,5
840.0,:cluster_3431431575_4777363357_655375231_6982059025_3,1
860.0,-1334905223#2,1
860.0,-300077497#5,27
860.0,-300077497#8,4
860.0,-35274074#2,11
860.0,-51362429#1,1
860.0,-51362430,19
860.0,-593847703#3,25
860.0,-E0,19
860.0,1068234498#0,34
860.0,1068440001,10
860.0,1068440004#1,29
860.0,186602412#0,2
860.0,238526531#0,25
860.0,244450512#1,2
860.0,288878926#0,13
860.0,300077497#0,1
860.0,30620492#0,17
860.0,30620492#1,5
860.0,484988951#0,4
860.0,49073226#2,8
860.0,506322842#0,1
860.0,506322844#0,6
860.0,51362429#0,17
860.0,51362430,1
860.0,593847702#0,11
860.0,593849711#2,15
860.0,594658757#0,1
860.0,594658760#0,4
860.0,:3086736518_0,1
860.0,:3086736518_6,1
860.0,:655375232_2,1
860.0,:655375238_3,1
860.0,:655375238_5,1
860.0,:cluster11510670762_4554226152_0,1
860.0,:cluster655375336_end_0_655375336_end_1_655375336_end_10_655375336_end_11_#8more_17,1
860.0,:cluster655375336_end_0_655375336_end_1_655375336_end_10_655375336_end_11_#8more_21,1
860.0,:cluster_2038168688_655375573_30,1
860.0,:cluster_3208478133_655375293_655375296_9631728504_#1more_11,1
860.0,:cluster_3208478133_655375293_655375296_9631728504_#1more_16,3
860.0,:cluster_3208478133_655375293_655375296_9631728504_#1more_8,5
860.0,:cluster_3431431575_4777363357_655375231_6982059025_3,1
860.0,:cluster_623980090_623980094_0,1
880.0,-300077497#5,27
880.0,-300077497#8,4
880.0,-35274074#2,11
880.0,-51362429#1,1
880.0,-51362430,19
880.0,-593847703#3,25
880.0,-E0,19
880.0,1068234498#0,34
880.0,1068440001,10
880.0,1068440004#1,32
880.0,196961215#2,1
880.0,238526531#0,25
880.0,244450512#1,2
880.0,288878926#0,7
880.0,300077497#0,1
880.0,30620492#0,18
880.0,30620492#1,5
880.0,484988951#0,3
880.0,49073226#2,8
880.0,506322842#0,1
880.0,506322844#0,6
880.0,51362429#0,10
880.0,593847702#0,11
880.0,593847703#0,4
880.0,593849711#0,2
880.0,593849711#2,15
880.0,594658757#0,1
880.0,594658760#0,1
880.0,:3086736518_0,1
880.0,:3086736518_6,1
880.0,:655375232_2,1
880.0,:655375233_0,2
880.0,:655375238_1,1
880.0,:655375238_3,1
880.0,:655375238_5,1
880.0,:cluster11510670762_4554226152_0,1
880.0,:cluster655375336_end_0_655375336_end_1_655375336_end_10_655375336_end_11_#8more_17,1
880.0,:cluster655375336_end_0_655375336_end_1_655375336_end_10_655375336_end_11_#8more_21,1
880.0,:cluster_2038168688_655375573_30,1
880.0,:cluster_2528018119_655375236_3,1
880.0,:cluster_3208478133_655375293_655375296_9631728504_#1more_11,1
880.0,:cluster_3208478133_655375293_655375296_9631728504_#1more_16,3
880.0,:cluster_3208478133_655375293_655375296_9631728504_#1more_8,5
880.0,:cluster_3431431575_4777363357_655375231_6982059025_3,1
900.0,-300077497#5,25
900.0,-300077497#8,4
900.0,-35274074#2,11
900.0,-51362429#1,5
900.0,-51362430,19
900.0,-593847703#3,24
900.0,-E0,19
900.0,1068234498#0,36
900.0,1068440001,10
900.0,1068440004#1,32
900.0,196961215#2,1
900.0,238526531#0,25
900.0,244450512#1,2
900.0,288878926#0,5
900.0,300077497#0,5
900.0,30620492#0,18
900.0,30620492#1,5
900.0,484988951#0,4
900.0,49073226#2,8
900.0,506322842#0,1
900.0,506322844#0,6
900.0,51362429#0,11
900.0,593847702#0,11
900.0,593847703#0,2
900.0,593847704#0,1
900.0,593849711#2,11
900.0,594658757#0,1
900.0,594658760#0,1
900.0,:3086736518_0,1
900.0,:3086736518_6,1
900.0,:655375233_4,2
900.0,:655375238_1,1
900.0,:655375238_3,1
900.0,:655375238_5,1
900.0,:cluster11510670762_4554226152_0,1
900.0,:cluster655375336_end_0_655375336_end_1_655375336_end_10_655375336_end_11_#8more_17,1
900.0,:cluster655375336_end_0_655375336_end_1_655375336_end_10_655375336_end_11_#8more_21,1
900.0,:cluster655375336_end_0_655375336_end_1_655375336_end_10_655375336_end_11_#8more_6,1
900.0,:cluster_2038168688_655375573_30,1
900.0,:cluster_3208478133_655375293_655375296_9631728504_#1more_11,1
900.0,:cluster_3208478133_655375293_655375296_9631728504_#1more_16,3
900.0,:cluster_3208478133_655375293_655375296_9631728504_#1more_8,5
900.0,:cluster_3431431575_4777363357_655375231_6982059025_3,1
920.0,-300077497#5,26
920.0,-300077497#8,3
920.0,-35274074#2,11
920.0,-49073264#1,1
920.0,-51362429#1,11
920.0,-51362430,19
920.0,-593847703#3,17
920.0,-E0,19
920.0,1068234498#0,36
920.0,1068440001,10
920.0,1068440004#1,32
920.0,196961215#2,1
920.0,238526531#0,25
920.0,244450512#1,2
920.0,263217604#0,1
920.0,288878926#0,5
920.0,300077497#0,5
920.0,30620492#0,18
920.0,30620492#1,5
920.0,484988951#0,4
920.0,49073226#2,8
920.0,506322842#0,1
920.0,506322844#0,4
920.0,51362429#0,15
920.0,593847703#0,2
920.0,593847704#0,1
920.0,593849711#2,16
920.0,593849718#0,5
920.0,594658757#0,1
920.0,594658760#0,1
920.0,:3086736518_0,1
920.0,:3086736518_6,1
920.0,:655375233_4,2
920.0,:655375238_1,1
920.0,:655375238_3,1
920.0,:655375238_5,1
920.0,:655375239_5,1
920.0,:cluster11510670762_4554226152_0,1
920.0,:cluster655375336_end_0_655375336_end_1_655375336_end_10_655375336_end_11_#8more_17,1
920.0,:cluster655375336_end_0_655375336_end_1_655375336_end_10_655375336_end_11_#8more_21,1
920.0,:cluster655375336_end_0_655375336_end_1_655375336_end_10_655375336_end_11_#8more_6,1
920.0,:cluster_2038168688_655375573_30,1
920.0,:cluster_3208478133_655375293_655375296_9631728504_#1more_11,1
920.0,:cluster_3208478133_655375293_655375296_9631728504_#1more_16,3
920.0,:cluster_3208478133_655375293_655375296_9631728504_#1more_8,5
920.0,:cluster_3431431575_4777363357_655375231_6982059025_3,2
940.0,-300077497#5,27
940.0,-300077497#8,4
940.0,-35274074#2,12
940.0,-51362429#1,10
940.0,-51362430,19
940.0,-593847703#3,17
940.0,-E0,19
940.0,1068234498#0,36
940.0,1068440001,10
940.0,1068440004#1,26
940.0,196961215#2,1
940.0,238526531#0,24
940.0,244450512#1,2
940.0,263217604#0,1
940.0,288878926#0,5
940.0,30620492#0,18
940.0,30620492#1,5
940.0,35274074#0,6
940.0,484988951#0,4
940.0,49073226#2,9
940.0,49073264#0,1
940.0,506322842#0,1
940.0,506322844#0,5
940.0,51362429#0,16
940.0,593847703#0,2
940.0,593849711#2,17
940.0,594658757#0,1
940.0,594658760#0,1
940.0,:3086736518_0,1
940.0,:3086736518_6,1
940.0,:655375233_4,2
940.0,:655375233_8,6
940.0,:cluster11510670762_4554226152_0,1
940.0,:cluster655375336_end_0_655375336_end_1_655375336_end_10_655375336_end_11_#8more_17,1
940.0,:cluster655375336_end_0_655375336_end_1_655375336_end_10_655375336_end_11_#8more_21,1
940.0,:cluster655375336_end_0_655375336_end_1_655375336_end_10_655375336_end_11_#8more_6,1
940.0,:cluster_2038168688_655375573_8,1
940.0,:cluster_3208478133_655375293_655375296_9631728504_#1more_11,1
940.0,:cluster_3208478133_655375293_655375296_9631728504_#1more_16,3
940.0,:cluster_3208478133_655375293_655375296_9631728504_#1more_8,5
940.0,:cluster_3431431575_4777363357_655375231_6982059025_3,2
960.0,-300077497#5,26
960.0,-300077497#8,4
960.0,-35274074#2,12
960.0,-49073264#1,1
960.0,-51362429#1,10
960.0,-51362430,19
960.0,-593847703#3,18
960.0,-593847704#2,2
960.0,-E0,19
960.0,1068234498#0,36
960.0,1068440001,10
960.0,1068440004#1,26
960.0,196961215#2,1
960.0,238526531#0,24
960.0,244450512#1,3
960.0,260881642#0,3
960.0,288878926#0,2
960.0,300077497#0,2
960.0,30620492#0,18
960.0,30620492#1,5
960.0,484988951#0,3
960.0,49073226#2,9
960.0,506322842#0,1
960.0,506322844#0,5
960.0,506322846#0,6
960.0,51362429#0,16
960.0,593849711#2,17
960.0,594658757#0,2
960.0,594658760#0,1
960.0,:3086736518_0,1
960.0,:3086736518_6,1
960.0,:655375233_4,2
960.0,:655375233_8,6
960.0,:cluster11510670762_4554226152_0,1
960.0,:cluster622618015_622618108_622618112_622618144_#2more_0,1
960.0,:cluster655375336_end_0_655375336_end_1_655375336_end_10_655375336_end_11_#8more_17,1
960.0,:cluster655375336_end_0_655375336_end_1_655375336_end_10_655375336_end_11_#8more_21,1
960.0,:cluster655375336_end_0_655375336_end_1_655375336_end_10_655375336_end_11_#8more_6,1
960.0,:cluster_2038168688_655375573_25,1
960.0,:cluster_3208478133_655375293_655375296_9631728504_#1more_11,1
960.0,:cluster_3208478133_655375293_655375296_9631728504_#1more_16,3
960.0,:cluster_3208478133_655375293_655375296_9631728504_#1more_8,5
960.0,:cluster_3431431575_4777363357_655375231_6982059025_3,2
960.0,:cluster_3431431575_4777363357_655375231_6982059025_5,1
980.0,-300077497#5,27
980.0,-300077497#8,3
980.0,-35274074#2,11
980.0,-49073264#1,1
980.0,-51362429#1,10
980.0,-51362430,19
980.0,-593847703#3,18
980.0,-E0,19
980.0,1068234498#0,34
980.0,1068440001,10
980.0,1068440004#1,26
980.0,186602412#0,6
980.0,196961215#2,1
980.0,238526531#0,26
980.0,244450512#1,2
980.0,260881642#0,3
980.0,30620492#0,18
980.0,30620492#1,5
980.0,484988951#0,3
980.0,49073226#2,9
980.0,506322842#0,1
980.0,506322844#0,5
980.0,506322846#0,2
980.0,51362429#0,12
980.0,593849711#2,17
980.0,594658757#0,2
980.0,594658760#0,1
980.0,:3086736518_0,1
980.0,:3086736518_6,1
980.0,:655375232_2,1
980.0,:655375233_0,2
980.0,:655375233_4,2
980.0,:655375233_8,6
980.0,:655375238_2,1
980.0,:cluster11510670762_4554226152_0,1
980.0,:cluster655375336_end_0_655375336_end_1_655375336_end_10_655375336_end_11_#8more_17,1
980.0,:cluster655375336_end_0_655375336_end_1_655375336_end_10_655375336_end_11_#8more_21,1
980.0,:cluster655375336_end_0_655375336_end_1_655375336_end_10_655375336_end_11_#8more_6,1
980.0,:cluster_2038168688_655375573_25,1
980.0,:cluster_2664674491_655375287_655375288_5,1
980.0,:cluster_3208478133_655375293_655375296_9631728504_#1more_11,1
980.0,:cluster_3208478133_655375293_655375296_9631728504_#1more_16,3
980.0,:cluster_3208478133_655375293_655375296_9631728504_#1more_8,5
980.0,:cluster_3431431575_4777363357_655375231_6982059025_3,2
980.0,:cluster_3431431575_4777363357_655375231_6982059025_5,1
1000.0,-300077497#5,27
1000.0,-300077497#8,4
1000.0,-35274074#2,11
1000.0,-49073264#1,1
1000.0,-51362429#1,10
1000.0,-51362430,19
1000.0,-593847703#3,18
1000.0,-E0,19
1000.0,1068234498#0,34
1000.0,1068440001,10
1000.0,1068440004#1,26
1000.0,1068440006#0,1
1000.0,186602412#0,2
1000.0,196961215#2,1
1000.0,238526531#0,24
1000.0,244450512#1,2
1000.0,260881642#0,3
1000.0,30620492#0,18
1000.0,30620492#1,5
1000.0,484988951#0,4
1000.0,49073226#2,9
1000.0,506322844#0,5
1000.0,506322848#0,1
1000.0,51362429#0,15
1000.0,593849711#2,15
1000.0,594658757#0,2
1000.0,594658760#0,1
1000.0,:3086736518_0,1
1000.0,:3086736518_6,1
1000.0,:655375232_2,1
1000.0,:655375232_6,1
1000.0,:655375233_0,2
1000.0,:655375233_4,2
1000.0,:655375233_8,6
1000.0,:655375238_2,1
1000.0,:655375238_3,1
1000.0,:cluster11510670762_4554226152_0,1
1000.0,:cluster655375336_end_0_655375336_end_1_655375336_end_10_655375336_end_11_#8more_17,1
1000.0,:cluster655375336_end_0_655375336_end_1_655375336_end_10_655375336_end_11_#8more_21,1
1000.0,:cluster655375336_end_0_655375336_end_1_655375336_end_10_655375336_end_11_#8more_6,1
1000.0,:cluster_2038168688_655375573_25,1
1000.0,:cluster_2038168688_655375573_30,1
1000.0,:cluster_3208478133_655375293_655375296_9631728504_#1more_11,1
1000.0,:cluster_3208478133_655375293_655375296_9631728504_#1more_16,3
1000.0,:cluster_3208478133_655375293_655375296_9631728504_#1more_8,5
1000.0,:cluster_3431431575_4777363357_655375231_6982059025_3,2
1020.0,-300077497#5,27
1020.0,-300077497#8,4
1020.0,-35274074#2,11
1020.0,-51362429#1,10
1020.0,-51362430,19
1020.0,-593847703#3,18
1020.0,-E0,19
1020.0,1068234498#0,34
1020.0,1068440001,10
1020.0,1068440004#1,26
1020.0,1068440006#0,2
1020.0,196961215#2,1
1020.0,238526531#0,24
1020.0,244450512#1,3
1020.0,260881642#0,2
1020.0,30620492#0,18
1020.0,30620492#1,5
1020.0,484988951#0,4
1020.0,49073226#2,9
1020.0,506322844#0,5
1020.0,51362429#0,17
1020.0,593849711#2,15
1020.0,594658757#0,2
1020.0,594658760#0,1
1020.0,:3086736518_0,1
1020.0,:3086736518_6,1
1020.0,:655375232_2,1
1020.0,:655375233_0,2
1020.0,:655375233_4,2
1020.0,:655375233_8,6
1020.0,:655375238_2,1
1020.0,:655375238_3,1
1020.0,:cluster11510670762_4554226152_0,1
1020.0,:cluster622618015_622618108_622618112_622618144_#2more_17,1
1020.0,:cluster655375336_end_0_655375336_end_1_655375336_end_10_655375336_end_11_#8more_17,1
1020.0,:cluster655375336_end_0_655375336_end_1_655375336_end_10_655375336_end_11_#8more_21,1
1020.0,:cluster655375336_end_0_655375336_end_1_655375336_end_10_655375336_end_11_#8more_6,1
1020.0,:cluster_2038168688_655375573_25,1
1020.0,:cluster_2038168688_655375573_30,1
1020.0,:cluster_3208478133_655375293_655375296_9631728504_#1more_11,1
1020.0,:cluster_3208478133_655375293_655375296_9631728504_#1more_16,3
1020.0,:cluster_3208478133_655375293_655375296_9631728504_#1more_8,5
1020.0,:cluster_3431431575_4777363357_655375231_6982059025_3,2
1040.0,-300077497#5,27
1040.0,-300077497#8,4
1040.0,-35274074#2,11
1040.0,-51362429#1,9
1040.0,-51362430,19
1040.0,-593847703#3,18
1040.0,-E0,19
1040.0,1068234498#0,37
1040.0,1068440001,10
1040.0,1068440004#1,25
1040.0,1068440006#0,2
1040.0,238526531#0,24
1040.0,244450512#1,3
1040.0,288878926#0,5
1040.0,30620492#0,18
1040.0,30620492#1,5
1040.0,484988951#0,4
1040.0,49073226#2,5
1040.0,506322844#0,5
1040.0,51362429#0,17
1040.0,593849711#2,15
1040.0,594658757#0,2
1040.0,594658760#0,1
1040.0,:3086736518_0,1
1040.0,:3086736518_6,1
1040.0,:655375232_2,1
1040.0,:655375233_0,2
1040.0,:655375233_4,2
1040.0,:655375233_8,7
1040.0,:655375238_2,1
1040.0,:655375238_3,1
1040.0,:cluster11510670762_4554226152_0,1
1040.0,:cluster655375336_end_0_655375336_end_1_655375336_end_10_655375336_end_11_#8more_17,1
1040.0,:cluster655375336_end_0_655375336_end_1_655375336_end_10_655375336_end_11_#8more_21,1
1040.0,:cluster655375336_end_0_655375336_end_1_655375336_end_10_655375336_end_11_#8more_6,1
1040.0,:cluster_2038168688_655375573_25,1
1040.0,:cluster_2038168688_655375573_30,1
1040.0,:cluster_3208478133_655375293_655375296_9631728504_#1more_11,1
1040.0,:cluster_3208478133_655375293_655375296_9631728504_#1more_16,3
1040.0,:cluster_3208478133_655375293_655375296_9631728504_#1more_8,5
1040.0,:cluster_3431431575_4777363357_655375231_6982059025_3,2
1040.0,:cluster_623980147_623980152_9,1
1060.0,-300077497#5,27
1060.0,-300077497#8,4
1060.0,-35274074#2,11
1060.0,-51362429#1,3
1060.0,-51362430,19
1060.0,-593847703#3,18
1060.0,-E0,18
1060.0,1068234498#0,33
1060.0,1068234499#0,2
1060.0,1068440001,9
1060.0,1068440004#1,25
1060.0,1068440006#0,1
1060.0,238526531#0,26
1060.0,244450512#1,3
1060.0,288878926#0,6
1060.0,30620492#0,18
1060.0,30620492#1,5
1060.0,484988951#0,4
1060.0,49073226#2,4
1060.0,49695736#0,1
1060.0,506322844#0,5
1060.0,51362429#0,17
1060.0,51362430,1
1060.0,593847704#0,1
1060.0,593849711#0,1
1060.0,593849711#2,15
1060.0,594658757#0,2
1060.0,594658760#0,1
1060.0,:3086736518_0,1
1060.0,:3086736518_6,1
1060.0,:655375232_2,1
1060.0,:655375233_0,2
1060.0,:655375233_4,2
1060.0,:655375233_8,7
1060.0,:655375238_2,1
1060.0,:655375238_3,1
1060.0,:cluster11510670762_4554226152_0,2
1060.0,:cluster622618015_622618108_622618112_622618144_#2more_0,1
1060.0,:cluster655375336_end_0_655375336_end_1_655375336_end_10_655375336_end_11_#8more_17,1
1060.0,:cluster655375336_end_0_655375336_end_1_655375336_end_10_655375336_end_11_#8more_21,1
1060.0,:cluster655375336_end_0_655375336_end_1_655375336_end_10_655375336_end_11_#8more_31,1
1060.0,:cluster655375336_end_0_655375336_end_1_655375336_end_10_655375336_end_11_#8more_6,1
1060.0,:cluster_2038168688_655375573_25,1
1060.0,:cluster_2038168688_655375573_30,1
1060.0,:cluster_3208478133_655375293_655375296_9631728504_#1more_11,1
1060.0,:cluster_3208478133_655375293_655375296_9631728504_#1more_16,2
1060.0,:cluster_3208478133_655375293_655375296_9631728504_#1more_8,4
1060.0,:cluster_3431431575_4777363357_655375231_6982059025_3,2
1060.0,:cluster_5372642442_631668976_631668981_631669076_45,1
1060.0,:cluster_623980147_623980152_4,1
1080.0,-300077497#5,26
1080.0,-300077497#8,4
1080.0,-35274074#2,11
1080.0,-51362430,19
1080.0,-593847703#3,19
1080.0,-E0,19
1080.0,1068234498#0,33
1080.0,1068234499#0,2
1080.0,1068440001,8
1080.0,1068440004#1,25
1080.0,238526531#0,28
1080.0,244450512#1,3
1080.0,288878926#0,11
1080.0,30620492#0,18
1080.0,30620492#1,5
1080.0,484988951#0,5
1080.0,49073226#2,3
1080.0,49695736#0,2
1080.0,506322844#0,5
1080.0,51362429#0,17
1080.0,51362430,2
1080.0,593847704#0,1
1080.0,593849711#2,15
1080.0,594658757#0,1
1080.0,594658760#0,1
1080.0,:3086736518_0,1
1080.0,:3086736518_6,1
1080.0,:655375232_2,1
1080.0,:655375233_0,2
1080.0,:655375233_4,2
1080.0,:655375233_8,7
1080.0,:655375238_2,1
1080.0,:655375238_3,1
1080.0,:cluster11510670762_4554226152_0,2
1080.0,:cluster655375336_end_0_655375336_end_1_655375336_end_10_655375336_end_11_#8more_21,1
1080.0,:cluster655375336_end_0_655375336_end_1_655375336_end_10_655375336_end_11_#8more_6,1
1080.0,:cluster_2038168688_655375573_25,1
1080.0,:cluster_2038168688_655375573_30,1
1080.0,:cluster_3208478133_655375293_655375296_9631728504_#1more_11,1
1080.0,:cluster_3208478133_655375293_655375296_9631728504_#1more_16,2
1080.0,:cluster_3208478133_655375293_655375296_9631728504_#1more_8,4
1100.0,-300077497#5,27
1100.0,-300077497#8,3
1100.0,-35274074#2,11
1100.0,-51362429#1,2
1100.0,-51362430,18
1100.0,-593847703#3,19
1100.0,-E0,19
1100.0,1068234498#0,33
1100.0,1068440001,8
1100.0,1068440004#1,25
1100.0,238526531#0,26
1100.0,244450512#1,3
1100.0,288878926#0,13
1100.0,300077497#0,3
1100.0,30620492#0,18
1100.0,30620492#1,5
1100.0,484988951#0,5
1100.0,49073226#2,1
1100.0,506322844#0,5
1100.0,51362429#0,17
1100.0,51362430,3
1100.0,593847704#0,1
1100.0,593849711#2,12
1100.0,594658757#0,1
1100.0,594658760#0,1
1100.0,:3086736518_0,1
1100.0,:3086736518_6,1
1100.0,:655375232_11,1
1100.0,:655375232_2,1
1100.0,:655375233_0,2
1100.0,:655375233_4,2
1100.0,:655375233_8,7
1100.0,:655375238_1,1
1100.0,:655375238_3,1
1100.0,:655375238_5,1
1100.0,:cluster11510670762_4554226152_0,2
1100.0,:cluster655375336_end_0_655375336_end_1_655375336_end_10_655375336_end_11_#8more_21,1
1100.0,:cluster_2038168688_655375573_25,1
1100.0,:cluster_2038168688_655375573_30,1
1100.0,:cluster_2038168688_655375573_9,2
1100.0,:cluster_3208478133_655375293_655375296_9631728504_#1more_11,1
1100.0,:cluster_3208478133_655375293_655375296_9631728504_#1more_16,2
1100.0,:cluster_3208478133_655375293_655375296_9631728504_#1more_8,4
1120.0,-300077497#5,27
1120.0,-300077497#8,4
1120.0,-35274074#2,11
1120.0,-51362430,19
1120.0,-593847703#3,15
1120.0,-E0,19
1120.0,1068234498#0,34
1120.0,1068440001,8
1120.0,1068440004#1,25
1120.0,238526531#0,26
1120.0,244450512#1,3
1120.0,288878926#0,13
1120.0,300077497#0,3
1120.0,30620492#0,18
1120.0,30620492#1,5
1120.0,484988951#0,5
1120.0,49073226#2,5
1120.0,506322844#0,5
1120.0,51362429#0,17
1120.0,51362430,3
1120.0,593847702#0,3
1120.0,593847704#0,2
1120.0,593849711#2,15
1120.0,593849718#0,1
1120.0,594658757#0,1
1120.0,594658760#0,1
1120.0,:3086736518_0,1
1120.0,:3086736518_4,1
1120.0,:3086736518_6,1
1120.0,:655375232_2,1
1120.0,:655375233_0,2
1120.0,:655375233_4,1
1120.0,:655375233_8,5
1120.0,:655375238_1,1
1120.0,:655375238_3,1
1120.0,:655375238_5,1
1120.0,:cluster11510670762_4554226152_0,2
1120.0,:cluster655375336_end_0_655375336_end_1_655375336_end_10_655375336_end_11_#8more_21,1
1120.0,:cluster_2038168688_655375573_25,1
1120.0,:cluster_2038168688_655375573_30,1
1120.0,:cluster_2038168688_655375573_9,2
1120.0,:cluster_3208478133_655375293_655375296_9631728504_#1more_11,1
1120.0,:cluster_3208478133_655375293_655375296_9631728504_#1more_16,2
1120.0,:cluster_3208478133_655375293_655375296_9631728504_#1more_8,4
1120.0,:cluster_3431431575_4777363357_655375231_6982059025_3,1
1140.0,-300077497#5,21
1140.0,-300077497#8,4
1140.0,-35274074#2,11
1140.0,-51362429#1,1
1140.0,-51362430,19
1140.0,-593847703#3,21
1140.0,-E0,19
1140.0,1068234498#0,35
1140.0,1068440001,8
1140.0,1068440004#1,16
1140.0,238526531#0,26
1140.0,244450512#1,2
1140.0,260881642#0,3
1140.0,288135626#0,1
1140.0,288878926#0,11
1140.0,300077497#0,3
1140.0,30620492#0,18
1140.0,30620492#1,5
1140.0,484988951#0,5
1140.0,49073226#2,7
1140.0,49073264#0,1
1140.0,506322844#0,5
1140.0,51362429#0,17
1140.0,51362430,3
1140.0,593844221#0,1
1140.0,593847702#0,14
1140.0,593847703#0,2
1140.0,593847704#0,1
1140.0,593849711#2,16
1140.0,594658757#0,1
1140.0,594658760#0,1
1140.0,:3086736518_0,1
1140.0,:3086736518_6,1
1140.0,:655375232_2,1
1140.0,:655375233_8,3
1140.0,:655375238_1,1
1140.0,:655375238_3,1
1140.0,:655375238_5,1
1140.0,:cluster11510670762_4554226152_0,1
1140.0,:cluster622618015_622618108_622618112_622618144_#2more_2,1
1140.0,:cluster655375336_end_0_655375336_end_1_655375336_end_10_655375336_end_11_#8more_21,1
1140.0,:cluster_2038168688_655375573_25,1
1140.0,:cluster_2038168688_655375573_30,1
1140.0,:cluster_2038168688_655375573_9,2
1140.0,:cluster_2664674491_655375287_655375288_5,1
1140.0,:cluster_3208478133_655375293_655375296_9631728504_#1more_11,1
1140.0,:cluster_3208478133_655375293_655375296_9631728504_#1more_16,2
1140.0,:cluster_3208478133_655375293_655375296_9631728504_#1more_8,5
1160.0,-300077497#5,21
1160.0,-300077497#8,3
1160.0,-35274074#2,11
1160.0,-49073264#1,1
1160.0,-51362429#1,1
1160.0,-51362430,19
1160.0,-593847703#3,21
1160.0,-593847704#2,4
1160.0,-E0,19
1160.0,1068234498#0,37
1160.0,1068234499#0,1
1160.0,1068440001,7
1160.0,1068440004#1,14
1160.0,238526531#0,26
1160.0,288878926#0,4
1160.0,300077497#0,5
1160.0,30620492#0,17
1160.0,30620492#1,5
1160.0,484988951#0,5
1160.0,49073226#2,7
1160.0,49695736#0,2
1160.0,506322844#0,5
1160.0,51362429#0,17
1160.0,51362430,3
1160.0,593844221#0,1
1160.0,593847702#0,19
1160.0,593847704#0,1
1160.0,593849711#2,18
1160.0,594658757#0,1
1160.0,594658760#0,1
1160.0,:3086736518_0,1
1160.0,:3086736518_6,1
1160.0,:655375232_2,1
1160.0,:655375238_1,1
1160.0,:655375238_3,1
1160.0,:655375238_5,1
1160.0,:cluster11510670762_4554226152_0,1
1160.0,:cluster655375336_end_0_655375336_end_1_655375336_end_10_655375336_end_11_#8more_21,1
1160.0,:cluster_2038168688_655375573_25,1
1160.0,:cluster_2038168688_655375573_30,1
1160.0,:cluster_2038168688_655375573_9,2
1160.0,:cluster_2528018119_655375236_17,1
1160.0,:cluster_2528018119_655375236_19,1
1160.0,:cluster_3208478133_655375293_655375296_9631728504_#1more_11,1
1160.0,:cluster_3208478133_655375293_655375296_9631728504_#1more_16,2
1160.0,:cluster_3208478133_655375293_655375296_9631728504_#1more_8,4
1180.0,-300077497#5,24
1180.0,-300077497#8,3
1180.0,-35274074#2,11
1180.0,-49073264#1,1
1180.0,-51362429#1,1
1180.0,-51362430,18
1180.0,-593847703#3,22
1180.0,-E0,19
1180.0,1068234498#0,38
1180.0,1068440001,6
1180.0,1068440004#1,14
1180.0,182334378#0,2
1180.0,238526531#0,26
1180.0,288878926#0,4
1180.0,300077497#0,6
1180.0,300077497#6,1
1180.0,30620492#0,18
1180.0,30620492#1,5
1180.0,35274074#0,1
1180.0,484988951#0,5
1180.0,49073226#2,7
1180.0,506322844#0,2
1180.0,51362429#0,13
1180.0,51362430,3
1180.0,593844221#0,1
1180.0,593847702#0,10
1180.0,593847703#0,1
1180.0,593847704#0,1
1180.0,593849711#2,18
1180.0,593849718#0,3
1180.0,594658757#0,1
1180.0,:3086736518_0,1
1180.0,:3086736518_6,1
1180.0,:655375232_2,3
1180.0,:655375233_0,2
1180.0,:655375238_1,1
1180.0,:655375239_5,1
1180.0,:656132414_2,1
1180.0,:cluster11510670762_4554226152_0,1
1180.0,:cluster622618015_622618108_622618112_622618144_#2more_31,6
1180.0,:cluster655375336_end_0_655375336_end_1_655375336_end_10_655375336_end_11_#8more_21,1
1180.0,:cluster_2038168688_655375573_25,1
1180.0,:cluster_2038168688_655375573_30,1
1180.0,:cluster_2038168688_655375573_9,2
1180.0,:cluster_2528018119_655375236_29,1
1180.0,:cluster_3208478133_655375293_655375296_9631728504_#1more_11,1
1180.0,:cluster_3208478133_655375293_655375296_9631728504_#1more_16,2
1180.0,:cluster_3208478133_655375293_655375296_9631728504_#1more_8,5
1200.0,-300077497#5,27
1200.0,-300077497#8,4
1200.0,-35274074#2,12
1200.0,-49073264#1,1
1200.0,-51362429#1,2
1200.0,-51362430,16
1200.0,-593847703#3,22
1200.0,-E0,19
1200.0,1068234498#0,38
1200.0,1068440001,9
1200.0,1068440004#1,15
1200.0,238526531#0,26
1200.0,288878926#0,4
1200.0,300077497#0,4
1200.0,300077497#6,3
1200.0,30620492#0,18
1200.0,30620492#1,5
1200.0,35274074#0,2
1200.0,484988951#0,5
1200.0,49073226#2,7
1200.0,506322844#0,4
1200.0,506322848#0,1
1200.0,51362429#0,12
1200.0,593844221#0,1
1200.0,593847703#0,9
1200.0,593847705,1
1200.0,593849711#2,18
1200.0,593849718#0,3
1200.0,594658757#0,1
1200.0,:3086736518_0,1
1200.0,:3086736518_6,1
1200.0,:655375232_2,1
1200.0,:655375232_6,2
1200.0,:655375238_6,1
1200.0,:cluster11510670762_4554226152_0,1
1200.0,:cluster622618015_622618108_622618112_622618144_#2more_17,1
1200.0,:cluster622618015_622618108_622618112_622618144_#2more_39,1
1200.0,:cluster655375336_end_0_655375336_end_1_655375336_end_10_655375336_end_11_#8more_21,1
1200.0,:cluster655375336_end_0_655375336_end_1_655375336_end_10_655375336_end_11_#8more_25,2
1200.0,:cluster655375336_end_0_655375336_end_1_655375336_end_10_655375336_end_11_#8more_6,1
1200.0,:cluster_2038168688_655375573_30,1
1200.0,:cluster_3208478133_655375293_655375296_9631728504_#1more_11,1
1200.0,:cluster_3208478133_655375293_655375296_9631728504_#1more_16,2
1200.0,:cluster_3208478133_655375293_655375296_9631728504_#1more_8,3
1200.0,:cluster_9383263990_9383263991_9383263992_9383263993_7,1
1220.0,-300077497#5,23
1220.0,-300077497#8,4
1220.0,-35274074#2,8
1220.0,-51362429#1,4
1220.0,-51362430,18
1220.0,-593847703#3,20
1220.0,-E0,20
1220.0,1068234498#0,38
1220.0,1068440001,9
1220.0,1068440004#1,15
1220.0,1068440006#0,4
1220.0,238526531#0,26
1220.0,288878926#0,4
1220.0,300077497#0,3
1220.0,300077497#6,1
1220.0,30620492#0,18
1220.0,30620492#1,5
1220.0,35274074#0,2
1220.0,484988951#0,3
1220.0,49073226#2,7
1220.0,49695736#0,5
1220.0,506322844#0,5
1220.0,51362429#0,13
1220.0,51362430,3
1220.0,593844216#0,1
1220.0,593847703#0,3
1220.0,593847705,1
1220.0,593849711#2,15
1220.0,594658757#0,1
1220.0,:3086736518_0,1
1220.0,:3086736518_4,1
1220.0,:3086736518_6,1
1220.0,:655375232_2,1
1220.0,:655375232_6,1
1220.0,:655375232_8,1
1220.0,:655375233_4,1
1220.0,:655375238_3,1
1220.0,:655375239_3,1
1220.0,:cluster11510670762_4554226152_0,2
1220.0,:cluster_2038168688_655375573_23,1
1220.0,:cluster_2038168688_655375573_3,1
1220.0,:cluster_2038168688_655375573_30,1
1220.0,:cluster_2038168688_655375573_6,2
1220.0,:cluster_2528018119_655375236_17,1
1220.0,:cluster_2528018119_655375236_19,1
1220.0,:cluster_2528018119_655375236_26,1
1220.0,:cluster_2528018119_655375236_3,1
1220.0,:cluster_3431431575_4777363357_655375231_6982059025_5,1
1220.0,:cluster_3431431575_4777363357_655375231_6982059025_7,1
1240.0,-300077497#5,20
1240.0,-300077497#8,4
1240.0,-35274074#2,8
1240.0,-51362429#1,8
1240.0,-51362430,19
1240.0,-593847703#3,19
1240.0,-E0,20
1240.0,1068234498#0,38
1240.0,1068440001,9
1240.0,1068440004#1,9
1240.0,1068440006#0,4
1240.0,182334378#0,2
1240.0,186602412#0,2
1240.0,238526531#0,26
1240.0,300077497#0,3
1240.0,30620492#0,18
1240.0,30620492#1,5
1240.0,35274074#0,2
1240.0,484988951#0,4
1240.0,49073226#2,9
1240.0,49695736#0,5
1240.0,506322844#0,5
1240.0,506322846#0,3
1240.0,51362429#0,16
1240.0,593844216#0,1
1240.0,593847702#0,3
1240.0,593847704#0,1
1240.0,593847705,1
1240.0,593849711#2,17
1240.0,594658757#0,1
1240.0,:1973482489_3,1
1240.0,:3086736518_0,1
1240.0,:3086736518_6,1
1240.0,:655375232_2,1
1240.0,:655375232_6,1
1240.0,:655375233_8,4
1240.0,:655375238_6,1
1240.0,:cluster11510670762_4554226152_0,2
1240.0,:cluster_2038168688_655375573_23,1
1240.0,:cluster_2528018119_655375236_17,2
1260.0,-300077497#5,23
1260.0,-35274074#2,7
1260.0,-51362429#1,8
1260.0,-51362430,19
1260.0,-593847703#3,22
1260.0,-E0,20
1260.0,1068234498#0,38
1260.0,1068440001,9
1260.0,1068440004#1,5
1260.0,182334378#0,1
1260.0,186602412#0,3
1260.0,232003903#0,3
1260.0,238526531#0,26
1260.0,300077497#0,2
1260.0,30620492#0,18
1260.0,30620492#1,5
1260.0,484988951#0,4
1260.0,49073226#2,12
1260.0,49695736#0,5
1260.0,506322844#0,5
1260.0,506322846#0,2
1260.0,51362429#0,17
1260.0,51362430,1
1260.0,593842812#2,1
1260.0,593847702#0,11
1260.0,593847704#0,1
1260.0,593847705,1
1260.0,593849711#2,17
1260.0,594658757#0,1
1260.0,:1973482489_8,1
1260.0,:3086736518_0,1
1260.0,:3086736518_6,1
1260.0,:655375232_2,1
1260.0,:655375232_6,1
1260.0,:655375238_2,1
1260.0,:655375238_6,1
1260.0,:cluster11510670762_4554226152_0,2
1260.0,:cluster655375336_end_0_655375336_end_1_655375336_end_10_655375336_end_11_#8more_47,1
1280.0,-300077497#5,26
1280.0,-300077497#8,4
1280.0,-35274074#2,12
1280.0,-49073264#1,1
1280.0,-51362429#1,8
1280.0,-51362430,19
1280.0,-593847703#3,22
1280.0,-E0,19
1280.0,1068234498#0,38
1280.0,1068440001,9
1280.0,1068440004#1,5
1280.0,182334378#0,1
1280.0,186602412#0,1
1280.0,238526531#0,21
1280.0,288878926#0,4
1280.0,300077497#0,5
1280.0,30620492#0,18
1280.0,30620492#1,5
1280.0,35274074#0,2
1280.0,484988951#0,5
1280.0,49073226#2,7
1280.0,506322844#0,3
1280.0,51362429#0,15
1280.0,51362430,3
1280.0,593844216#0,1
1280.0,593844221#0,1
1280.0,593847704#0,1
1280.0,593849711#2,17
1280.0,593849718#0,6
1280.0,594658757#0,1
1280.0,:3086736515_0,1
1280.0,:3086736518_6,2
1280.0,:655375232_2,3
1280.0,:655375232_6,1
1280.0,:655375233_0,2
1280.0,:655375238_1,1
1280.0,:655375238_5,1
1280.0,:cluster11510670762_4554226152_0,2
1280.0,:cluster_623980147_623980152_9,1
1300.0,-300077497#5,27
1300.0,-300077497#8,4
1300.0,-35274074#2,11
1300.0,-51362429#1,2
1300.0,-51362430,19
1300.0,-593847703#3,22
1300.0,-E0,19
1300.0,1068234498#0,38
1300.0,1068440001,9
1300.0,1068440004#1,5
1300.0,1068440006#0,1
1300.0,182334378#0,1
1300.0,238526531#0,21
1300.0,263217604#0,1
1300.0,288878926#0,11
1300.0,30620492#0,18
1300.0,30620492#1,5
1300.0,35274074#0,8
1300.0,484988951#0,4
1300.0,49073226#2,4
1300.0,506322844#0,5
1300.0,51362429#0,15
1300.0,51362430,1
1300.0,593844216#0,1
1300.0,593844221#0,1
1300.0,593847703#0,7
1300.0,593847705,1
1300.0,593849711#2,17
1300.0,594658757#0,1
1300.0,:3086736518_6,1
1300.0,:655375232_2,2
1300.0,:655375238_3,1
1300.0,:cluster11510670762_4554226152_0,2
1300.0,:cluster622618015_622618108_622618112_622618144_#2more_39,1
1300.0,:cluster622618015_622618108_622618112_622618144_#2more_52,1
1300.0,:cluster_3431431575_4777363357_655375231_6982059025_3,2
1300.0,:cluster_623980147_623980152_4,1
1320.0,-300077497#5,26
1320.0,-300077497#8,4
1320.0,-35274074#2,9
1320.0,-51362429#1,3
1320.0,-51362430,19
1320.0,-593847703#3,21
1320.0,-593847704#2,1
1320.0,-E0,19
1320.0,1068234498#0,34
1320.0,1068440001,9
1320.0,1068440004#1,5
1320.0,1068440006#0,1
1320.0,182334378#0,1
1320.0,238526531#0,23
1320.0,288878926#0,10
1320.0,300077497#0,5
1320.0,30620492#0,18
1320.0,30620492#1,5
1320.0,484988951#0,4
1320.0,49073226#2,8
1320.0,506322844#0,5
1320.0,506322846#0,8
1320.0,51362429#0,16
1320.0,593844216#0,1
1320.0,593844221#0,1
1320.0,593847705,1
1320.0,593849711#2,13
1320.0,593852345#0,1
1320.0,594658757#0,1
1320.0,594658760#0,1
1320.0,:3086736518_4,1
1320.0,:3086736518_6,1
1320.0,:655375232_2,2
1320.0,:655375232_6,2
1320.0,:655375233_4,1
1320.0,:cluster11510670762_4554226152_0,2
1320.0,:cluster622618015_622618108_622618112_622618144_#2more_2,1
1320.0,:cluster_5372642442_631668976_631668981_631669076_26,1
1320.0,:cluster_5372642442_631668976_631668981_631669076_45,1
1340.0,-300077497#5,27
1340.0,-300077497#8,3
1340.0,-35274074#2,8
1340.0,-51362429#1,3
1340.0,-51362430,19
1340.0,-593847703#3,19
1340.0,-593847704#2,2
1340.0,-E0,19
1340.0,1068234498#0,28
1340.0,1068440001,9
1340.0,1068440004#1,3
1340.0,182334378#0,1
1340.0,186602412#0,5
1340.0,196961215#2,1
1340.0,232003903#0,1
1340.0,238526531#0,29
1340.0,288135626#0,1
1340.0,288878926#0,5
1340.0,30620492#0,18
1340.0,30620492#1,5
1340.0,35274074#0,1
1340.0,484988951#0,3
1340.0,49073226#2,8
1340.0,506322844#0,5
1340.0,506322846#0,3
1340.0,51362429#0,16
1340.0,593842812#2,1
1340.0,593844221#0,1
1340.0,593847704#0,1
1340.0,593847705,1
1340.0,593849711#2,17
1340.0,594658757#0,1
1340.0,594658760#0,1
1340.0,:1973482489_8,1
1340.0,:3086736518_4,1
1340.0,:3086736518_6,1
1340.0,:655375232_2,2
1340.0,:655375232_6,2
1340.0,:655375232_8,1
1340.0,:655375233_4,2
1340.0,:655375233_8,2
1340.0,:655375238_1,1
1340.0,:655375238_2,1
1340.0,:cluster11510670762_4554226152_0,2
1340.0,:cluster_2038168688_655375573_3,2
1340.0,:cluster_3431431575_4777363357_655375231_6982059025_5,1
1340.0,:cluster_5372642442_631668976_631668981_631669076_45,1
1360.0,-300077497#5,27
1360.0,-300077497#8,4
1360.0,-35274074#2,10
1360.0,-51362429#1,3
1360.0,-51362430,19
1360.0,-593847703#3,19
1360.0,-E0,19
1360.0,1068234498#0,30
1360.0,1068440001,9
1360.0,1068440004#1,1
1360.0,182334378#0,1
1360.0,186602412#0,4
1360.0,196961215#2,1
1360.0,232003903#0,1
1360.0,238526531#0,22
1360.0,288878926#0,5
1360.0,300077497#0,1
1360.0,30620492#0,18
1360.0,30620492#1,5
1360.0,35274074#0,2
1360.0,484988951#0,4
1360.0,49073226#2,8
1360.0,506322844#0,4
1360.0,506322848#0,3
1360.0,51362429#0,17
1360.0,593842812#2,1
1360.0,593844221#0,1
1360.0,593847704#0,1
1360.0,593847705,1
1360.0,593849711#2,18
1360.0,594658757#0,1
1360.0,:3086736518_4,1
1360.0,:3086736518_6,1
1360.0,:655375232_2,2
1360.0,:655375232_6,2
1360.0,:655375232_8,1
1360.0,:655375233_4,2
1360.0,:655375233_8,5
1360.0,:655375238_2,1
1360.0,:655375238_3,1
1360.0,:cluster11510670762_4554226152_0,2
1360.0,:cluster_2038168688_655375573_9,1
1360.0,:cluster_9383263990_9383263991_9383263992_9383263993_7,1
1380.0,-300077497#5,27
1380.0,-300077497#8,4
1380.0,-35274074#2,11
1380.0,-51362429#1,3
1380.0,-51362430,19
1380.0,-593847703#3,19
1380.0,-E0,19
1380.0,1068234498#0,31
1380.0,1068440001,9
1380.0,1068440004#1,1
1380.0,182334378#0,1
1380.0,196961215#2,1
1380.0,232003903#0,1
1380.0,238526531#0,21
1380.0,288878926#0,5
1380.0,300077497#6,1
1380.0,30620492#0,18
1380.0,30620492#1,5
1380.0,35274074#0,2
1380.0,484988951#0,4
1380.0,49073226#2,8
1380.0,506322844#0,5
1380.0,51362429#0,17
1380.0,593842812#2,1
1380.0,593844221#0,1
1380.0,593847705,1
1380.0,593849711#2,18
1380.0,594658757#0,1
1380.0,:3086736518_4,1
1380.0,:3086736518_6,1
1380.0,:655375232_2,2
1380.0,:655375232_6,2
1380.0,:655375232_8,1
1380.0,:655375233_4,2
1380.0,:655375233_8,5
1380.0,:655375238_2,1
1380.0,:655375238_3,1
1380.0,:cluster11510670762_4554226152_0,2
1380.0,:cluster622618015_622618108_622618112_622618144_#2more_37,1
1400.0,-300077497#5,25
1400.0,-300077497#8,4
1400.0,-35274074#2,11
1400.0,-51362429#1,3
1400.0,-51362430,19
1400.0,-593847703#3,20
1400.0,-E0,19
1400.0,1068234498#0,35
1400.0,1068440001,9
1400.0,1068440004#1,1
1400.0,182334378#0,2
1400.0,196961215#2,1
1400.0,238526531#0,21
1400.0,288878926#0,5
1400.0,30620492#0,18
1400.0,30620492#1,5
1400.0,360018417,1
1400.0,484988951#0,3
1400.0,49073226#2,8
1400.0,506322844#0,5
1400.0,506322846#0,1
1400.0,51362429#0,17
1400.0,51362430,1
1400.0,593842812#2,1
1400.0,593844221#0,1
1400.0,593849711#2,18
1400.0,:3086736518_0,1
1400.0,:3086736518_4,1
1400.0,:3086736518_6,1
1400.0,:655375232_2,2
1400.0,:655375232_6,2
1400.0,:655375232_8,1
1400.0,:655375233_0,2
1400.0,:655375233_4,2
1400.0,:655375233_8,5
1400.0,:655375238_2,1
1400.0,:655375238_3,1
1400.0,:cluster11510670762_4554226152_0,2
1400.0,:cluster_2038168688_655375573_23,1
1420.0,-300077497#5,25
1420.0,-300077497#8,4
1420.0,-35274074#2,11
1420.0,-51362429#1,7
1420.0,-51362430,19
1420.0,-593847703#3,19
1420.0,-E0,19
1420.0,1068234498#0,28
1420.0,1068234499#0,2
1420.0,1068440001,9
1420.0,1068440004#1,1
1420.0,182334378#0,2
1420.0,186602412#0,2
1420.0,196961215#2,1
1420.0,196961377#3,1
1420.0,238526531#0,25
1420.0,288135626#0,1
1420.0,30620492#0,18
1420.0,30620492#1,5
1420.0,484988951#0,4
1420.0,49073226#2,8
1420.0,506322844#0,5
1420.0,51362429#0,17
1420.0,593842812#2,1
1420.0,593844221#0,1
1420.0,593849711#0,1
1420.0,593849711#2,13
1420.0,:3086736518_0,1
1420.0,:3086736518_4,1
1420.0,:3086736518_6,1
1420.0,:655375232_2,2
1420.0,:655375232_6,3
1420.0,:655375232_8,1
1420.0,:655375233_0,2
1420.0,:655375233_4,3
1420.0,:655375233_8,5
1420.0,:655375238_2,1
1420.0,:655375238_3,1
1420.0,:cluster11510670762_4554226152_0,2
1420.0,:cluster_5372642442_631668976_631668981_631669076_45,1
1440.0,-300077497#5,27
1440.0,-300077497#8,3
1440.0,-35274074#2,10
1440.0,-51362429#1,7
1440.0,-51362430,19
1440.0,-593847703#3,18
1440.0,-E0,19
1440.0,1068234498#0,28
1440.0,1068234499#0,3
1440.0,1068440001,9
1440.0,1068440004#1,1
1440.0,182334378#0,2
1440.0,196961215#2,1
1440.0,238526531#0,27
1440.0,288135626#0,3
1440.0,300077497#6,2
1440.0,30620492#0,18
1440.0,30620492#1,5
1440.0,484988951#0,4
1440.0,49073226#2,8
1440.0,506322844#0,5
1440.0,51362429#0,17
1440.0,593842812#2,1
1440.0,593844221#0,1
1440.0,593849711#2,17
1440.0,:3086736518_0,1
1440.0,:3086736518_4,1
1440.0,:3086736518_6,1
1440.0,:655375232_2,2
1440.0,:655375232_6,3
1440.0,:655375232_8,1
1440.0,:655375233_0,2
1440.0,:655375233_4,4
1440.0,:655375233_8,5
1440.0,:cluster11510670762_4554226152_0,2
1460.0,-1334905223#2,1
1460.0,-300077497#5,27
1460.0,-300077497#8,4
1460.0,-35274074#2,12
1460.0,-51362429#1,7
1460.0,-51362430,19
1460.0,-593847703#3,18
1460.0,-E0,19
1460.0,1068234498#0,28
1460.0,1068440001,9
1460.0,182334378#0,2
1460.0,196961215#2,1
1460.0,238526531#0,23
1460.0,263217604#0,1
1460.0,300077497#0,6
1460.0,300077497#6,2
1460.0,30620492#0,17
1460.0,30620492#1,5
1460.0,484988951#0,4
1460.0,49073226#2,8
1460.0,506322844#0,5
1460.0,51362429#0,17
1460.0,593842812#2,1
1460.0,593844221#0,1
1460.0,593849711#2,17
1460.0,:3086736518_0,1
1460.0,:3086736518_4,1
1460.0,:3086736518_6,1
1460.0,:655375232_2,2
1460.0,:655375232_6,3
1460.0,:655375232_8,1
1460.0,:655375233_0,2
1460.0,:655375233_4,4
1460.0,:655375233_8,6
1460.0,:655375241_0,1
1460.0,:cluster11510670762_4554226152_0,2
1480.0,-300077497#5,27
1480.0,-300077497#8,4
1480.0,-35274074#2,12
1480.0,-51362429#1,7
1480.0,-51362430,19
1480.0,-593847703#3,18
1480.0,-E0,19
1480.0,1068234498#0,28
1480.0,1068440001,9
1480.0,182334378#0,2
1480.0,196961215#2,1
1480.0,238526531#0,23
1480.0,263217604#0,1
1480.0,300077497#0,2
1480.0,300077497#6,1
1480.0,30620492#0,18
1480.0,30620492#1,5
1480.0,484988951#0,4
1480.0,49073226#2,8
1480.0,506322844#0,5
1480.0,51362429#0,17
1480.0,593842812#2,1
1480.0,593844221#0,1
1480.0,593849711#2,17
1480.0,:3086736518_0,1
1480.0,:3086736518_4,1
1480.0,:3086736518_6,1
1480.0,:655375232_2,2
1480.0,:655375232_6,3
1480.0,:655375232_8,1
1480.0,:655375233_0,2
1480.0,:655375233_4,4
1480.0,:655375233_8,6
1480.0,:655375238_0,1
1480.0,:655375239_3,1
1480.0,:cluster11510670762_4554226152_0,2
1500.0,-300077497#5,25
1500.0,-300077497#8,4
1500.0,-35274074#2,12
1500.0,-51362429#1,7
1500.0,-51362430,19
1500.0,-593847703#3,19
1500.0,-E0,19
1500.0,1068234498#0,23
1500.0,1068440001,9
1500.0,182334378#0,2
1500.0,238526531#0,24
1500.0,288135626#0,3
1500.0,288878926#0,3
1500.0,30620492#0,18
1500.0,30620492#1,5
1500.0,360843888,1
1500.0,484988951#0,4
1500.0,49073226#2,6
1500.0,506322844#0,5
1500.0,51362429#0,17
1500.0,593842812#2,1
1500.0,593844221#0,1
1500.0,593849711#2,17
1500.0,:3086736518_0,1
1500.0,:3086736518_4,1
1500.0,:3086736518_6,1
1500.0,:655375232_2,2
1500.0,:655375232_6,3
1500.0,:655375232_8,1
1500.0,:655375233_0,2
1500.0,:655375233_4,4
1500.0,:655375233_8,6
1500.0,:cluster11510670762_4554226152_0,2
1500.0,:cluster_2528018119_655375236_17,2
1500.0,:cluster_5372642442_631668976_631668981_631669076_45,1
1520.0,-300077497#5,21
1520.0,-300077497#8,4
1520.0,-35274074#2,12
1520.0,-51362429#1,5
1520.0,-51362430,18
1520.0,-593847703#3,24
1520.0,-593847704#2,2
1520.0,-E0,19
1520.0,1068234498#0,22
1520.0,1068234499#0,3
1520.0,1068440001,6
1520.0,182334378#0,3
1520.0,238526531#0,26
1520.0,288878926#0,5
1520.0,30620492#0,18
1520.0,30620492#1,5
1520.0,360843888,1
1520.0,484988951#0,4
1520.0,49073226#2,4
1520.0,506322844#0,5
1520.0,51362429#0,17
1520.0,593842812#2,1
1520.0,593844221#0,3
1520.0,593849711#2,13
1520.0,:3086736518_0,1
1520.0,:3086736518_4,1
1520.0,:3086736518_6,1
1520.0,:655375232_2,2
1520.0,:655375232_6,3
1520.0,:655375232_8,1
1520.0,:655375233_0,2
1520.0,:655375233_4,4
1520.0,:655375233_8,6
1520.0,:cluster11510670762_4554226152_0,2
1520.0,:cluster_3208478133_655375293_655375296_9631728504_#1more_8,1
1520.0,:cluster_3431431575_4777363357_655375231_6982059025_3,1
1520.0,:cluster_623980147_623980152_4,1
1540.0,-300077497#5,24
1540.0,-300077497#8,2
1540.0,-35274074#2,12
1540.0,-51362430,17
1540.0,-593847703#3,23
1540.0,-E0,19
1540.0,1068234498#0,22
1540.0,1068234499#0,1
1540.0,1068440001,8
1540.0,182334378#0,3
1540.0,238526531#0,25
1540.0,288878926#0,11
1540.0,300077497#0,2
1540.0,30620492#0,18
1540.0,30620492#1,5
1540.0,360843888,1
1540.0,484988951#0,4
1540.0,49073226#2,3
1540.0,506322840#0,1
1540.0,506322844#0,2
1540.0,51362429#0,17
1540.0,593842812#2,1
1540.0,593844221#0,1
1540.0,593849711#2,13
1540.0,:3086736518_0,1
1540.0,:3086736518_4,1
1540.0,:3086736518_6,1
1540.0,:655375232_2,2
1540.0,:655375232_6,3
1540.0,:655375232_8,1
1540.0,:655375233_0,2
1540.0,:655375233_4,5
1540.0,:655375233_8,6
1540.0,:655375238_5,2
1540.0,:655375239_5,1
1540.0,:cluster11510670762_4554226152_0,2
1540.0,:cluster_2528018119_655375236_12,1
1540.0,:cluster_2528018119_655375236_29,1
1540.0,:cluster_3208478133_655375293_655375296_9631728504_#1more_8,1
1540.0,:cluster_3431431575_4777363357_655375231_6982059025_3,1
1540.0,:cluster_623980147_623980152_4,1
1560.0,-300077497#5,27
1560.0,-300077497#8,4
1560.0,-35274074#2,11
1560.0,-51362430,18
1560.0,-593847703#3,23
1560.0,-E0,19
1560.0,1068234498#0,22
1560.0,1068440001,9
1560.0,182334378#0,2
1560.0,238526531#0,25
1560.0,288878926#0,13
1560.0,300077497#0,3
1560.0,30620492#0,18
1560.0,30620492#1,5
1560.0,35274074#0,1
1560.0,360843888,1
1560.0,484988951#0,4
1560.0,49073226#2,3
1560.0,506322844#0,7
1560.0,51362429#0,17
1560.0,593842812#2,1
1560.0,593844221#0,1
1560.0,593849711#2,13
1560.0,:3086736518_0,1
1560.0,:3086736518_4,1
1560.0,:3086736518_6,1
1560.0,:655375232_2,2
1560.0,:655375232_6,3
1560.0,:655375232_8,1
1560.0,:655375233_0,2
1560.0,:655375233_4,5
1560.0,:655375233_8,6
1560.0,:655375238_2,1
1560.0,:655375238_6,1
1560.0,:cluster11510670762_4554226152_0,2
1560.0,:cluster_3208478133_655375293_655375296_9631728504_#1more_8,1
1580.0,-300077497#5,27
1580.0,-300077497#8,4
1580.0,-35274074#2,11
1580.0,-51362430,19
1580.0,-593847703#3,23
1580.0,-E0,19
1580.0,1068234498#0,22
1580.0,1068440001,9
1580.0,182334378#0,1
1580.0,238526531#0,24
1580.0,288878926#0,13
1580.0,30620492#0,18
1580.0,30620492#1,5
1580.0,484988951#0,4
1580.0,49073226#2,3
1580.0,506322844#0,7
1580.0,506322846#0,1
1580.0,51362429#0,17
1580.0,593844221#0,1
1580.0,593849711#2,13
1580.0,:3086736518_0,1
1580.0,:3086736518_4,1
1580.0,:3086736518_6,1
1580.0,:3208478128_0,1
1580.0,:655375232_2,2
1580.0,:655375232_6,3
1580.0,:655375232_8,1
1580.0,:655375233_0,2
1580.0,:655375233_4,5
1580.0,:655375233_8,6
1580.0,:655375238_2,1
1580.0,:655375238_3,1
1580.0,:cluster11510670762_4554226152_0,2
1580.0,:cluster655375336_end_0_655375336_end_1_655375336_end_10_655375336_end_11_#8more_25,1
1580.0,:cluster655375336_end_0_655375336_end_1_655375336_end_10_655375336_end_11_#8more_6,1
1580.0,:cluster_2038168688_655375573_23,1
1600.0,-300077497#5,25
1600.0,-300077497#8,4
1600.0,-35274074#2,11
1600.0,-51362430,19
1600.0,-593847703#3,23
1600.0,-E0,19
1600.0,1068234498#0,21
1600.0,1068440001,9
1600.0,182334378#0,1
1600.0,186602412#0,2
1600.0,238526531#0,25
1600.0,244450512#5,1
1600.0,288878926#0,7
1600.0,30620492#0,18
1600.0,30620492#1,5
1600.0,484988951#0,4
1600.0,49073226#2,3
1600.0,49695736#0,1
1600.0,506322844#0,7
1600.0,51362429#0,15
1600.0,593844221#0,1
1600.0,593847703#0,2
1600.0,593847704#0,1
1600.0,593849711#0,1
1600.0,593849711#2,13
1600.0,:3086736518_0,1
1600.0,:3086736518_4,1
1600.0,:655375232_2,2
1600.0,:655375232_6,3
1600.0,:655375232_8,1
1600.0,:655375233_0,2
1600.0,:655375233_4,5
1600.0,:655375233_8,6
1600.0,:655375238_2,1
1600.0,:655375238_3,1
1600.0,:655375244_1,1
1600.0,:cluster11510670762_4554226152_0,2
1600.0,:cluster622618015_622618108_622618112_622618144_#2more_2,1
1600.0,:cluster_2528018119_655375236_17,1
1600.0,:cluster_2528018119_655375236_19,1
1620.0,-300077497#5,21
1620.0,-300077497#8,4
1620.0,-35274074#2,11
1620.0,-51362429#1,3
1620.0,-51362430,19
1620.0,-593847703#3,26
1620.0,-E0,19
1620.0,1068234498#0,20
1620.0,1068440001,9
1620.0,1068440006#0,2
1620.0,182334378#0,4
1620.0,238526531#0,26
1620.0,244450512#5,1
1620.0,288878926#0,5
1620.0,300077497#0,1
1620.0,30620492#0,18
1620.0,30620492#1,5
1620.0,484988951#0,4
1620.0,49073226#2,3
1620.0,49695736#0,1
1620.0,506322844#0,7
1620.0,51362429#0,17
1620.0,593844221#0,1
1620.0,593847704#0,1
1620.0,593849711#2,10
1620.0,:3086736518_0,2
1620.0,:3086736518_4,1
1620.0,:655375232_2,1
1620.0,:655375232_6,2
1620.0,:655375233_0,2
1620.0,:655375233_4,5
1620.0,:655375233_8,6
1620.0,:655375238_2,1
1620.0,:655375238_3,1
1620.0,:cluster11510670762_4554226152_0,2
1640.0,-300077497#5,24
1640.0,-300077497#8,2
1640.0,-35274074#2,11
1640.0,-51362429#1,1
1640.0,-51362430,19
1640.0,-593847701,1
1640.0,-593847703#3,24
1640.0,-E0,19
1640.0,1068234498#0,20
1640.0,1068440001,9
1640.0,1239087514,1
1640.0,182334378#0,4
1640.0,238526531#0,25
1640.0,244450512#5,1
1640.0,263217604#0,2
1640.0,288878926#0,5
1640.0,300077497#0,1
1640.0,30620492#0,18
1640.0,30620492#1,5
1640.0,484988951#0,4
1640.0,49073226#2,7
1640.0,506322840#0,1
1640.0,506322844#0,2
1640.0,51362429#0,17
1640.0,593844221#0,1
1640.0,593847704#0,1
1640.0,593849711#2,8
1640.0,:3086736518_0,2
1640.0,:3086736518_4,1
1640.0,:655375232_2,1
1640.0,:655375232_6,2
1640.0,:655375232_8,1
1640.0,:655375233_0,2
1640.0,:655375233_4,5
1640.0,:655375233_8,6
1640.0,:655375238_1,1
1640.0,:655375238_3,1
1640.0,:655375238_5,2
1640.0,:655375239_5,2
1640.0,:cluster11510670762_4554226152_0,2
1640.0,:cluster11510670762_4554226152_1,1
1660.0,-300077497#5,27
1660.0,-300077497#8,4
1660.0,-35274074#2,9
1660.0,-51362429#1,1
1660.0,-51362430,19
1660.0,-593847701,1
1660.0,-593847703#3,24
1660.0,-E0,19
1660.0,1068234498#0,20
1660.0,1068440001,9
1660.0,182334378#0,4
1660.0,238526531#0,25
1660.0,244450512#5,1
1660.0,263217604#0,2
1660.0,288878926#0,5
1660.0,300077497#6,1
1660.0,30620492#0,18
1660.0,30620492#1,5
1660.0,35274074#0,2
1660.0,484988951#0,5
1660.0,49073226#2,7
1660.0,506322844#0,5
1660.0,51362429#0,17
1660.0,51362430,1
1660.0,593844221#0,1
1660.0,593847702#0,3
1660.0,593847703#0,1
1660.0,593849711#2,8
1660.0,:3086736518_0,2
1660.0,:3086736518_4,1
1660.0,:655375232_2,1
1660.0,:655375232_6,2
1660.0,:655375232_8,1
1660.0,:655375233_0,1
1660.0,:655375233_4,3
1660.0,:655375233_8,3
1660.0,:655375238_3,1
1660.0,:cluster11510670762_4554226152_0,2
1680.0,-300077497#5,20
1680.0,-300077497#8,4
1680.0,-35274074#2,2
1680.0,-51362429#1,1
1680.0,-51362430,19
1680.0,-593847701,1
1680.0,-593847703#3,29
1680.0,-593847704#2,1
1680.0,-E0,19
1680.0,1068234498#0,20
1680.0,1068440001,9
1680.0,182334378#0,5
1680.0,238526531#0,24
1680.0,288878926#0,3
1680.0,300077497#0,1
1680.0,300077497#6,2
1680.0,30620492#0,18
1680.0,30620492#1,5
1680.0,360843888,1
1680.0,484988951#0,5
1680.0,49073226#2,7
1680.0,506322844#0,5
1680.0,506322846#0,2
1680.0,51362429#0,17
1680.0,51362430,2
1680.0,593844221#0,1
1680.0,593847702#0,3
1680.0,593849711#2,8
1680.0,594658760#0,1
1680.0,:3086736518_0,2
1680.0,:3086736518_4,1
1680.0,:655375232_2,1
1680.0,:655375232_6,2
1680.0,:655375232_8,1
1680.0,:655375233_0,1
1680.0,:655375233_4,3
1680.0,:655375233_8,3
1680.0,:655375238_3,1
1680.0,:cluster11510670762_4554226152_0,2
1680.0,:cluster622618015_622618108_622618112_622618144_#2more_2,1
1680.0,:cluster_2528018119_655375236_17,1
1700.0,-300077497#5,23
1700.0,-35274074#2,1
1700.0,-51362429#1,2
1700.0,-51362430,19
1700.0,-593847701,1
1700.0,-593847703#3,30
1700.0,-593847704#2,1
1700.0,-E0,18
1700.0,1068234498#0,19
1700.0,1068440001,9
1700.0,1068440006#0,2
1700.0,182334378#0,5
1700.0,186602412#0,1
1700.0,238526531#0,25
1700.0,300077497#6,4
1700.0,30620492#0,18
1700.0,30620492#1,5
1700.0,360843888,1
1700.0,484988951#0,4
1700.0,49073226#2,7
1700.0,506322844#0,5
1700.0,506322846#0,1
1700.0,51362429#0,10
1700.0,51362430,2
1700.0,593844221#0,1
1700.0,593847702#0,3
1700.0,593847703#0,2
1700.0,593849711#2,8
1700.0,594658760#0,1
1700.0,:3086736518_0,2
1700.0,:3086736518_4,1
1700.0,:3086736518_6,1
1700.0,:655375232_2,5
1700.0,:655375233_0,2
1700.0,:655375233_4,3
1700.0,:655375233_8,3
1700.0,:655375238_5,1
1700.0,:cluster11510670762_4554226152_0,2
1700.0,:cluster_3431431575_4777363357_655375231_6982059025_5,1
1720.0,-300077497#5,25
1720.0,-300077497#8,1
1720.0,-35274074#2,4
1720.0,-51362429#1,3
1720.0,-51362430,19
1720.0,-593847701,1
1720.0,-593847703#3,30
1720.0,-E0,19
1720.0,1068234498#0,19
1720.0,1068440001,9
1720.0,1068440006#0,2
1720.0,182334378#0,5
1720.0,186602412#0,1
1720.0,238526531#0,21
1720.0,300077497#6,4
1720.0,30620492#0,18
1720.0,30620492#1,5
1720.0,360843888,1
1720.0,484988951#0,4
1720.0,49073226#2,7
1720.0,49073264#0,1
1720.0,49073272#1,1
1720.0,506322844#0,2
1720.0,51362429#0,9
1720.0,593844221#0,1
1720.0,593847703#0,6
1720.0,593849711#2,4
1720.0,593849718#0,1
1720.0,:3086736518_0,2
1720.0,:3086736518_4,1
1720.0,:3086736518_6,1
1720.0,:655375232_2,3
1720.0,:655375232_4,1
1720.0,:655375232_6,2
1720.0,:655375233_0,1
1720.0,:655375233_4,3
1720.0,:655375233_8,3
1720.0,:655375238_5,1
1720.0,:655375239_5,2
1720.0,:cluster11510670762_4554226152_0,2
1720.0,:cluster_2038168688_655375573_8,1
1720.0,:cluster_3431431575_4777363357_655375231_6982059025_7,1
1740.0,-300077497#5,27
1740.0,-300077497#8,4
1740.0,-35274074#2,11
1740.0,-51362429#1,7
1740.0,-51362430,19
1740.0,-593847703#3,28
1740.0,-E0,19
1740.0,1068234498#0,19
1740.0,1068440001,9
1740.0,1068440006#0,3
1740.0,182334378#0,5
1740.0,232003903#0,2
1740.0,238526531#0,15
1740.0,263217604#0,1
1740.0,288878926#0,3
1740.0,300077497#6,4
1740.0,30620492#0,18
1740.0,30620492#1,5
1740.0,360843888,1
1740.0,484988951#0,2
1740.0,49073226#2,5
1740.0,49073272#3,1
1740.0,506322844#0,5
1740.0,51362429#0,14
1740.0,593844221#0,1
1740.0,593847703#0,6
1740.0,:3086736518_0,2
1740.0,:3086736518_6,1
1740.0,:655375232_2,3
1740.0,:655375232_8,1
1740.0,:655375233_0,1
1740.0,:655375233_4,3
1740.0,:655375233_8,3
1740.0,:cluster11510670762_4554226152_0,2
1740.0,:cluster622618015_622618108_622618112_622618144_#2more_17,1
1740.0,:cluster655375336_end_0_655375336_end_1_655375336_end_10_655375336_end_11_#8more_48,1
1740.0,:cluster_3431431575_4777363357_655375231_6982059025_3,2
1740.0,:cluster_3431431575_4777363357_655375231_6982059025_5,1
1740.0,:cluster_623980147_623980152_4,1
1760.0,-300077497#5,26
1760.0,-300077497#8,4
1760.0,-35274074#2,6
1760.0,-51362429#1,3
1760.0,-51362430,19
1760.0,-593847703#3,28
1760.0,-E0,19
1760.0,1068234498#0,19
1760.0,1068440001,9
1760.0,1068440006#0,1
1760.0,1239087514,1
1760.0,182334378#0,5
1760.0,238526531#0,14
1760.0,244450512#5,1
1760.0,263217604#0,1
1760.0,288878926#0,9
1760.0,300077497#0,2
1760.0,300077497#6,2
1760.0,30620492#0,18
1760.0,30620492#1,4
1760.0,360018417,1
1760.0,484988951#0,4
1760.0,49073226#2,5
1760.0,506322844#0,5
1760.0,51362429#0,17
1760.0,51362430,2
1760.0,593844216#0,1
1760.0,593844221#0,1
1760.0,593847703#0,2
1760.0,:3086736518_0,2
1760.0,:3086736518_4,1
1760.0,:3086736518_6,1
1760.0,:655375232_2,3
1760.0,:655375233_0,1
1760.0,:655375233_4,1
1760.0,:655375233_8,3
1760.0,:656132414_3,1
1760.0,:cluster11510670762_4554226152_0,2
1760.0,:cluster_2528018119_655375236_3,2
1760.0,:cluster_3431431575_4777363357_655375231_6982059025_3,3
1760.0,:cluster_623980147_623980152_9,1
1760.0,E1,1
1780.0,-300077497#5,26
1780.0,-300077497#8,4
1780.0,-35274074#2,1
1780.0,-51362430,19
1780.0,-593847703#3,28
1780.0,-593847704#2,3
1780.0,-E0,19
1780.0,1068234498#0,11
1780.0,1068440001,9
1780.0,1068440006#0,1
1780.0,182334378#0,5
1780.0,196961377#3,1
1780.0,238526531#0,20
1780.0,244450512#5,1
1780.0,288878926#0,7
1780.0,300077497#0,4
1780.0,300077497#6,4
1780.0,30620492#0,16
1780.0,30620492#1,5
1780.0,35274074#0,1
1780.0,484988951#0,5
1780.0,49073226#2,7
1780.0,506322844#0,6
1780.0,51362429#0,17
1780.0,51362430,3
1780.0,593844216#0,1
1780.0,593844221#0,1
1780.0,593849711#0,1
1780.0,594658760#0,1
1780.0,:3086736518_0,2
1780.0,:3086736518_4,1
1780.0,:3086736518_6,1
1780.0,:655375232_2,3
1780.0,:655375233_0,1
1780.0,:655375233_4,1
1780.0,:655375233_8,3
1780.0,:655375238_6,1
1780.0,:cluster11510670762_4554226152_0,2
1780.0,:cluster_5372642442_631668976_631668981_631669076_45,2
1780.0,:cluster_623980147_623980152_9,1
1800.0,-300077497#5,25
1800.0,-300077497#8,3
1800.0,-35274074#2,1
1800.0,-51362430,19
1800.0,-593847703#3,31
1800.0,-E0,19
1800.0,1068234498#0,4
1800.0,1068234499#0,1
1800.0,1068440001,9
1800.0,1068440006#0,1
1800.0,182334378#0,5
1800.0,238526531#0,27
1800.0,244450512#5,1
1800.0,288878926#0,8
1800.0,300077497#6,4
1800.0,30620492#0,18
1800.0,30620492#1,5
1800.0,35274074#0,3
1800.0,484988951#0,5
1800.0,49073226#2,5
1800.0,506322844#0,6
1800.0,506322846#0,2
1800.0,51362429#0,17
1800.0,51362430,3
1800.0,593844216#0,1
1800.0,593844221#0,1
1800.0,594658760#0,1
1800.0,:3086736518_0,2
1800.0,:3086736518_4,1
1800.0,:3086736518_6,1
1800.0,:655375232_2,3
1800.0,:655375233_0,1
1800.0,:655375233_4,1
1800.0,:655375233_8,3
1800.0,:cluster11510670762_4554226152_0,2
1800.0,:cluster_2038168688_655375573_3,1
1800.0,:cluster_5372642442_631668976_631668981_631669076_45,1
1820.0,-1334905223#2,2
1820.0,-300077497#5,26
1820.0,-300077497#8,2
1820.0,-35274074#2,7
1820.0,-51362430,19
1820.0,-593847703#3,31
1820.0,-E0,19
1820.0,1068234498#0,4
1820.0,1068440001,9
1820.0,1239087513,1
1820.0,182334378#0,5
1820.0,186602412#0,3
1820.0,238526531#0,14
1820.0,244450512#5,1
1820.0,263217604#0,1
1820.0,288878926#0,8
1820.0,300077497#0,1
1820.0,300077497#6,4
1820.0,30620492#0,18
1820.0,30620492#1,5
1820.0,35274074#0,3
1820.0,484988951#0,5
1820.0,49073226#2,5
1820.0,506322840#0,2
1820.0,506322844#0,4
1820.0,506322848#0,1
1820.0,51362429#0,17
1820.0,51362430,3
1820.0,593842812#0,1
1820.0,593844221#0,1
1820.0,594658760#0,1
1820.0,:3086736518_0,2
1820.0,:3086736518_4,1
1820.0,:3086736518_6,1
1820.0,:655375232_2,3
1820.0,:655375233_0,1
1820.0,:655375233_4,1
1820.0,:655375233_8,3
1820.0,:655375238_5,1
1820.0,:655375239_5,1
1820.0,:655375241_0,1
1820.0,:cluster11510670762_4554226152_0,1
1820.0,:cluster655375336_end_0_655375336_end_1_655375336_end_10_655375336_end_11_#8more_31,1
1820.0,:cluster_2038168688_655375573_25,1
1820.0,:cluster_9383263990_9383263991_9383263992_9383263993_7,1
1840.0,-1334905223#2,1
1840.0,-300077497#5,27
1840.0,-300077497#8,4
1840.0,-35274074#2,11
1840.0,-51362429#1,1
1840.0,-51362430,19
1840.0,-593847703#3,28
1840.0,-E0,19
1840.0,1068234498#0,4
1840.0,1068440001,8
1840.0,1239087513,1
1840.0,182334378#0,5
1840.0,238526531#0,10
1840.0,244450512#5,1
1840.0,263217604#0,1
1840.0,288878926#0,8
1840.0,300077497#6,1
1840.0,30620492#0,18
1840.0,30620492#1,5
1840.0,35274074#0,3
1840.0,484988951#0,5
1840.0,49073226#2,5
1840.0,49695736#0,1
1840.0,506322844#0,7
1840.0,51362429#0,17
1840.0,51362430,4
1840.0,593842812#2,1
1840.0,593844221#0,1
1840.0,594658760#0,1
1840.0,:3086736518_0,2
1840.0,:3086736518_6,1
1840.0,:655375232_2,3
1840.0,:655375232_8,1
1840.0,:655375233_0,1
1840.0,:655375233_4,3
1840.0,:655375233_8,3
1840.0,:655375238_3,1
1840.0,:655375239_3,1
1840.0,:cluster11510670762_4554226152_0,1
1860.0,-300077497#5,26
1860.0,-300077497#8,4
1860.0,-35274074#2,3
1860.0,-51362430,16
1860.0,-593847703#3,29
1860.0,-593847704#2,1
1860.0,-E0,19
1860.0,1068440001,9
1860.0,182334378#0,5
1860.0,238526531#0,11
1860.0,288878926#0,6
1860.0,300077497#6,2
1860.0,30620492#0,18
1860.0,30620492#1,5
1860.0,484988951#0,5
1860.0,49073226#2,5
1860.0,49695736#0,1
1860.0,506322844#0,7
1860.0,506322846#0,3
1860.0,51362429#0,17
1860.0,51362430,5
1860.0,593842812#2,1
1860.0,593844221#0,1
1860.0,594658760#0,2
1860.0,:3086736518_0,2
1860.0,:3086736518_6,1
1860.0,:655375232_2,3
1860.0,:655375233_0,1
1860.0,:655375233_4,3
1860.0,:655375233_8,3
1860.0,:655375238_3,1
1860.0,:656132414_2,1
1860.0,:cluster11510670762_4554226152_0,2
1860.0,:cluster622618015_622618108_622618112_622618144_#2more_2,1
1860.0,:cluster_3208478133_655375293_655375296_9631728504_#1more_8,1
1860.0,:cluster_3431431575_4777363357_655375231_6982059025_3,2
1860.0,:cluster_5372642442_631668976_631668981_631669076_26,1
1860.0,:cluster_5372642442_631668976_631668981_631669076_45,2
1880.0,-300077497#5,25
1880.0,-300077497#8,3
1880.0,-35274074#2,2
1880.0,-51362430,18
1880.0,-593847703#3,31
1880.0,-593847704#2,3
1880.0,-E0,19
1880.0,1068440001,9
1880.0,182334378#0,5
1880.0,186602412#0,2
1880.0,238526531#0,14
1880.0,300077497#6,4
1880.0,30620492#0,18
1880.0,30620492#1,5
1880.0,484988951#0,5
1880.0,49073226#2,7
1880.0,49695736#0,1
1880.0,506322844#0,7
1880.0,51362429#0,17
1880.0,51362430,5
1880.0,593842812#2,1
1880.0,594658760#0,2
1880.0,:3086736518_0,2
1880.0,:3086736518_6,1
1880.0,:655375232_2,3
1880.0,:655375233_0,1
1880.0,:655375233_4,3
1880.0,:655375233_8,3
1880.0,:656132414_2,1
1880.0,:cluster11510670762_4554226152_0,1
1880.0,:cluster_3208478133_655375293_655375296_9631728504_#1more_8,2
1900.0,-300077497#5,26
1900.0,-300077497#8,2
1900.0,-35274074#2,5
1900.0,-51362430,17
1900.0,-593847703#3,31
1900.0,-E0,19
1900.0,1068440001,5
1900.0,182334378#0,4
1900.0,238526531#0,9
1900.0,263217604#0,2
1900.0,300077497#0,2
1900.0,300077497#6,4
1900.0,30620492#0,18
1900.0,30620492#1,5
1900.0,484988951#0,5
1900.0,49073226#2,7
1900.0,506322844#0,4
1900.0,506322848#0,1
1900.0,51362429#0,17
1900.0,51362430,5
1900.0,593842812#2,1
1900.0,593844221#0,4
1900.0,594658760#0,2
1900.0,:3086736518_0,2
1900.0,:3086736518_6,1
1900.0,:655375232_2,3
1900.0,:655375233_0,1
1900.0,:655375233_4,3
1900.0,:655375233_8,3
1900.0,:655375238_5,1
1900.0,:655375239_5,2
1900.0,:cluster11510670762_4554226152_0,2
1900.0,:cluster_3208478133_655375293_655375296_9631728504_#1more_8,3
1900.0,:cluster_9383263990_9383263991_9383263992_9383263993_7,1
1920.0,-300077497#5,27
1920.0,-300077497#8,4
1920.0,-35274074#2,11
1920.0,-51362430,15
1920.0,-593847703#3,31
1920.0,-E0,19
1920.0,1068440001,6
1920.0,182334378#0,2
1920.0,232003903#0,2
1920.0,238526531#0,2
1920.0,263217604#0,3
1920.0,300077497#0,2
1920.0,300077497#6,4
1920.0,30620492#0,18
1920.0,30620492#1,5
1920.0,35274074#0,2
1920.0,484988951#0,5
1920.0,49073226#2,7
1920.0,49695736#0,1
1920.0,506322844#0,5
1920.0,51362429#0,17
1920.0,51362430,5
1920.0,593842812#2,1
1920.0,593844221#0,1
1920.0,593847703#0,2
1920.0,594658760#0,2
1920.0,:3086736518_0,1
1920.0,:3086736518_6,1
1920.0,:655375232_2,3
1920.0,:655375233_0,1
1920.0,:655375233_4,3
1920.0,:655375233_8,3
1920.0,:cluster11510670762_4554226152_0,1
1920.0,:cluster_2038168688_655375573_25,1
1920.0,:cluster_2528018119_655375236_20,1
1920.0,:cluster_3208478133_655375293_655375296_9631728504_#1more_8,5
1940.0,-300077497#5,24
1940.0,-300077497#8,4
1940.0,-35274074#2,10
1940.0,-51362430,14
1940.0,-593847703#3,31
1940.0,-E0,19
1940.0,1068440001,8
1940.0,182334378#0,2
1940.0,238526531#0,2
1940.0,263217604#0,3
1940.0,300077497#0,3
1940.0,30620492#0,18
1940.0,30620492#1,5
1940.0,35274074#0,2
1940.0,484988951#0,5
1940.0,49073226#2,7
1940.0,506322844#0,5
1940.0,506322846#0,1
1940.0,51362429#0,17
1940.0,51362430,7
1940.0,593844221#0,1
1940.0,594658760#0,2
1940.0,:3086736518_0,1
1940.0,:3086736518_4,1
1940.0,:3086736518_6,1
1940.0,:655375232_2,3
1940.0,:655375233_0,1
1940.0,:655375233_4,4
1940.0,:655375233_8,3
1940.0,:655375238_1,1
1940.0,:cluster11510670762_4554226152_0,1
1940.0,:cluster_2038168688_655375573_23,1
1940.0,:cluster_2528018119_655375236_17,1
1940.0,:cluster_3208478133_655375293_655375296_9631728504_#1more_1,1
1940.0,:cluster_3208478133_655375293_655375296_9631728504_#1more_8,5
1960.0,-300077497#5,23
1960.0,-300077497#8,4
1960.0,-35274074#2,8
1960.0,-51362429#1,5
1960.0,-51362430,14
1960.0,-593847703#3,30
1960.0,-E0,19
1960.0,1068440001,8
1960.0,182334378#0,2
1960.0,186602412#0,2
1960.0,238526531#0,2
1960.0,244450512#4,1
1960.0,300077497#6,1
1960.0,30620492#0,18
1960.0,30620492#1,5
1960.0,35274074#0,2
1960.0,484988951#0,5
1960.0,49073226#2,7
1960.0,506322844#0,5
1960.0,506322846#0,4
1960.0,51362429#0,17
1960.0,51362430,7
1960.0,593844221#0,1
1960.0,593847702#0,3
1960.0,594658757#0,1
1960.0,594658760#0,3
1960.0,:3086736518_0,1
1960.0,:3086736518_6,1
1960.0,:655375232_2,3
1960.0,:655375233_0,1
1960.0,:655375233_4,1
1960.0,:655375233_8,1
1960.0,:655375238_3,1
1960.0,:cluster11510670762_4554226152_0,1
1960.0,:cluster655375336_end_0_655375336_end_1_655375336_end_10_655375336_end_11_#8more_25,2
1960.0,:cluster_2528018119_655375236_17,1
1960.0,:cluster_3208478133_655375293_655375296_9631728504_#1more_1,1
1960.0,:cluster_3208478133_655375293_655375296_9631728504_#1more_8,3
1980.0,-300077497#5,25
1980.0,-300077497#8,1
1980.0,-35274074#2,6
1980.0,-51362430,14
1980.0,-593847703#3,32
1980.0,-E0,19
1980.0,1068440001,7
1980.0,182334378#0,2
1980.0,186602412#0,4
1980.0,238526531#0,2
1980.0,244450512#5,1
1980.0,288878926#0,5
1980.0,300077497#6,4
1980.0,30620492#0,18
1980.0,30620492#1,5
1980.0,484988951#0,5
1980.0,49073226#2,4
1980.0,49695736#0,6
1980.0,506322844#0,5
1980.0,506322846#0,1
1980.0,51362429#0,17
1980.0,51362430,7
1980.0,593844221#0,1
1980.0,593847702#0,3
1980.0,594658757#0,1
1980.0,594658760#0,3
1980.0,:3086736518_0,1
1980.0,:3086736518_6,1
1980.0,:655375232_2,3
1980.0,:655375233_0,1
1980.0,:655375233_4,1
1980.0,:655375233_8,1
1980.0,:cluster11510670762_4554226152_0,2
1980.0,:cluster_3431431575_4777363357_655375231_6982059025_3,2
1980.0,:cluster_623980147_623980152_9,1
2000.0,-300077497#5,27
2000.0,-300077497#8,4
2000.0,-35274074#2,8
2000.0,-49073264#1,1
2000.0,-51362430,12
2000.0,-593847703#3,32
2000.0,-E0,18
2000.0,1068440001,9
2000.0,182334378#0,2
2000.0,244450512#5,1
2000.0,288878926#0,12
2000.0,300077497#0,6
2000.0,300077497#6,4
2000.0,30620492#0,18
2000.0,30620492#1,5
2000.0,484988951#0,5
2000.0,49073272#3,2
2000.0,506322844#0,5
2000.0,51362429#0,17
2000.0,51362430,7
2000.0,593844221#0,1
2000.0,593847704#0,2
2000.0,594658757#0,1
2000.0,594658760#0,3
2000.0,:3086736518_0,1
2000.0,:3086736518_6,1
2000.0,:655375232_2,3
2000.0,:655375233_0,1
2000.0,:655375233_4,1
2000.0,:655375233_8,1
2000.0,:cluster11510670762_4554226152_0,2
2020.0,-300077497#5,27
2020.0,-300077497#8,4
2020.0,-35274074#2,7
2020.0,-51362430,12
2020.0,-593847703#3,32
2020.0,-E0,19
2020.0,1068440001,9
2020.0,1068440004#1,1
2020.0,182334378#0,2
2020.0,244450512#5,1
2020.0,263217604#0,1
2020.0,288878926#0,12
2020.0,30620492#0,18
2020.0,30620492#1,5
2020.0,35274074#0,6
2020.0,484988951#0,4
2020.0,49073272#3,2
2020.0,506322844#0,5
2020.0,51362429#0,13
2020.0,51362430,7
2020.0,593844221#0,1
2020.0,593849718#0,2
2020.0,594658760#0,2
2020.0,:3086736518_0,3
2020.0,:3086736518_6,1
2020.0,:655375232_2,2
2020.0,:655375233_0,2
2020.0,:655375233_4,1
2020.0,:655375233_8,1
2020.0,:655375238_3,1
2020.0,:655375239_3,1
2020.0,:cluster11510670762_4554226152_0,2
2020.0,:cluster_3431431575_4777363357_655375231_6982059025_5,1
2040.0,-300077497#5,26
2040.0,-300077497#8,4
2040.0,-51362430,12
2040.0,-593847703#3,33
2040.0,-E0,19
2040.0,1068440001,9
2040.0,1068440004#1,1
2040.0,182334378#0,2
2040.0,288878926#0,10
2040.0,300077497#6,3
2040.0,30620492#0,18
2040.0,30620492#1,5
2040.0,360018417,2
2040.0,484988951#0,5
2040.0,506322844#0,5
2040.0,506322846#0,6
2040.0,51362429#0,14
2040.0,51362430,7
2040.0,593844221#0,1
2040.0,593849711#0,1
2040.0,594658760#0,3
2040.0,:3086736518_0,3
2040.0,:3086736518_6,1
2040.0,:655375232_2,2
2040.0,:655375233_0,2
2040.0,:655375233_4,1
2040.0,:655375233_8,1
2040.0,:cluster11510670762_4554226152_0,2
2060.0,-300077497#5,26
2060.0,-300077497#8,3
2060.0,-51362429#1,1
2060.0,-51362430,12
2060.0,-593847703#3,24
2060.0,-E0,19
2060.0,1068440001,9
2060.0,1068440004#1,1
2060.0,182334378#0,2
2060.0,186602412#0,5
2060.0,288878926#0,4
2060.0,300077497#6,3
2060.0,30620492#0,18
2060.0,30620492#1,5
2060.0,484988951#0,5
2060.0,49073226#2,1
2060.0,506322844#0,5
2060.0,51362429#0,16
2060.0,51362430,5
2060.0,593844221#0,1
2060.0,593847702#0,3
2060.0,594658760#0,3
2060.0,:3086736518_0,3
2060.0,:3086736518_6,1
2060.0,:655375232_2,2
2060.0,:655375233_0,2
2060.0,:655375233_4,4
2060.0,:655375233_8,1
2060.0,:cluster11510670762_4554226152_0,2
2060.0,:cluster622618015_622618108_622618112_622618144_#2more_49,2
2060.0,:cluster_3431431575_4777363357_655375231_6982059025_3,2
2080.0,-300077497#5,27
2080.0,-300077497#8,4
2080.0,-51362430,12
2080.0,-593847703#3,24
2080.0,-E0,19
2080.0,1068440001,9
2080.0,182334378#0,2
2080.0,288878926#0,4
2080.0,300077497#6,3
2080.0,30620492#0,17
2080.0,30620492#1,5
2080.0,484988951#0,5
2080.0,49073226#2,4
2080.0,49073264#0,1
2080.0,49073272#1,1
2080.0,506322844#0,5
2080.0,51362429#0,17
2080.0,51362430,4
2080.0,593844221#0,1
2080.0,594658760#0,3
2080.0,:3086736518_0,3
2080.0,:3086736518_6,1
2080.0,:655375232_2,2
2080.0,:655375233_0,1
2080.0,:655375233_4,4
2080.0,:655375233_8,2
2080.0,:cluster11510670762_4554226152_0,2
2080.0,:cluster622618015_622618108_622618112_622618144_#2more_34,1
2100.0,-300077497#5,27
2100.0,-300077497#8,4
2100.0,-49073264#1,2
2100.0,-51362430,12
2100.0,-593847703#3,24
2100.0,-E0,19
2100.0,1068440001,9
2100.0,1068440004#1,1
2100.0,182334378#0,2
2100.0,288878926#0,4
2100.0,300077497#6,3
2100.0,30620492#0,18
2100.0,30620492#1,5
2100.0,484988951#0,5
2100.0,49073226#2,4
2100.0,49073272#3,1
2100.0,506322844#0,5
2100.0,51362429#0,17
2100.0,51362430,4
2100.0,593844221#0,1
2100.0,594658760#0,2
2100.0,:3086736518_0,3
2100.0,:3086736518_6,1
2100.0,:655375232_2,2
2100.0,:655375233_0,1
2100.0,:655375233_4,4
2100.0,:655375233_8,2
2100.0,:cluster11510670762_4554226152_0,2
2120.0,-300077497#5,23
2120.0,-300077497#8,4
2120.0,-51362430,12
2120.0,-593847703#3,26
2120.0,-E0,19
2120.0,1068440001,9
2120.0,1068440004#1,1
2120.0,182334378#0,2
2120.0,288878926#0,4
2120.0,30620492#0,18
2120.0,30620492#1,5
2120.0,360018417,1
2120.0,484988951#0,4
2120.0,49073226#2,4
2120.0,506322844#0,5
2120.0,51362429#0,13
2120.0,51362430,4
2120.0,593844221#0,1
2120.0,594658760#0,2
2120.0,:3086736518_0,3
2120.0,:3086736518_6,1
2120.0,:655375232_2,2
2120.0,:655375233_0,2
2120.0,:655375233_4,4
2120.0,:655375233_8,2
2120.0,:cluster11510670762_4554226152_0,2
2120.0,:cluster_2528018119_655375236_17,2
2120.0,:cluster_3431431575_4777363357_655375231_6982059025_5,1
2140.0,-300077497#5,21
2140.0,-300077497#8,4
2140.0,-51362430,12
2140.0,-593847703#3,29
2140.0,-E0,19
2140.0,1068440001,9
2140.0,1068440004#1,1
2140.0,182334378#0,2
2140.0,196961377#3,1
2140.0,30620492#0,18
2140.0,30620492#1,5
2140.0,484988951#0,5
2140.0,49073226#2,4
2140.0,506322844#0,5
2140.0,51362429#0,17
2140.0,593844221#0,1
2140.0,594658760#0,2
2140.0,:3086736518_0,3
2140.0,:3086736518_6,1
2140.0,:655375232_2,1
2140.0,:655375233_0,2
2140.0,:655375233_4,4
2140.0,:655375233_8,2
2140.0,:cluster11510670762_4554226152_0,2
2140.0,:cluster_2528018119_655375236_17,1
2160.0,-300077497#5,24
2160.0,-51362429#1,2
2160.0,-51362430,12
2160.0,-593847703#3,25
2160.0,-E0,19
2160.0,1068440001,9
2160.0,1068440004#1,1
2160.0,182334378#0,2
2160.0,30620492#0,18
2160.0,30620492#1,5
2160.0,484988951#0,5
2160.0,49073226#2,4
2160.0,506322844#0,5
2160.0,51362429#0,17
2160.0,593844221#0,1
2160.0,593847704#0,1
2160.0,594658760#0,2
2160.0,:3086736518_0,3
2160.0,:3086736518_4,1
2160.0,:3086736518_6,1
2160.0,:655375232_2,1
2160.0,:655375232_8,1
2160.0,:655375233_0,2
2160.0,:655375233_2,1
2160.0,:655375233_4,3
2160.0,:655375233_8,2
2160.0,:cluster11510670762_4554226152_0,2
2160.0,:cluster_3431431575_4777363357_655375231_6982059025_3,1
2180.0,-300077497#5,27
2180.0,-300077497#8,4
2180.0,-51362429#1,2
2180.0,-51362430,12
2180.0,-593847703#3,25
2180.0,-E0,19
2180.0,1068440001,9
2180.0,182334378#0,2
2180.0,30620492#0,18
2180.0,30620492#1,5
2180.0,484988951#0,5
2180.0,49073226#2,7
2180.0,49073264#0,1
2180.0,49073272#3,1
2180.0,506322844#0,3
2180.0,51362429#0,17
2180.0,593844221#0,1
2180.0,593847703#0,2
2180.0,593847704#0,1
2180.0,594658760#0,2
2180.0,:3086736518_0,3
2180.0,:3086736518_6,1
2180.0,:655375232_2,1
2180.0,:655375233_4,2
2180.0,:655375233_8,1
2180.0,:cluster11510670762_4554226152_0,2
2180.0,:cluster622618015_622618108_622618112_622618144_#2more_29,1
2200.0,-300077497#5,27
2200.0,-300077497#8,4
2200.0,-51362429#1,2
2200.0,-51362430,12
2200.0,-593847703#3,25
2200.0,-E0,19
2200.0,1068440001,9
2200.0,182334378#0,2
2200.0,288878926#0,1
2200.0,30620492#0,18
2200.0,30620492#1,5
2200.0,484988951#0,5
2200.0,49073226#2,6
2200.0,49073272#3,2
2200.0,506322844#0,6
2200.0,51362429#0,17
2200.0,593844221#0,1
2200.0,593847703#0,2
2200.0,594658760#0,2
2200.0,:3086736518_0,3
2200.0,:3086736518_6,1
2200.0,:655375232_2,1
2200.0,:655375233_4,2
2200.0,:655375233_8,1
2200.0,:cluster11510670762_4554226152_0,2
2200.0,:cluster622618015_622618108_622618112_622618144_#2more_17,1
2200.0,:cluster622618015_622618108_622618112_622618144_#2more_43,1
2220.0,-300077497#5,22
2220.0,-300077497#8,4
2220.0,-51362430,12
2220.0,-593847703#3,30
2220.0,-E0,19
2220.0,1068440001,9
2220.0,232003903#0,1
2220.0,288878926#0,5
2220.0,300077497#0,2
2220.0,30620492#0,18
2220.0,30620492#1,5
2220.0,360018417,2
2220.0,484988951#0,5
2220.0,49073226#2,1
2220.0,506322844#0,6
2220.0,51362429#0,13
2220.0,593844221#0,1
2220.0,593849711#0,1
2220.0,593852345#0,1
2220.0,594658760#0,2
2220.0,:3086736518_0,1
2220.0,:3086736518_6,1
2220.0,:655375232_2,4
2220.0,:655375233_0,3
2220.0,:655375233_4,2
2220.0,:655375233_8,1
2220.0,:cluster11510670762_4554226152_0,2
2220.0,:cluster_623980147_623980152_9,1
2240.0,-300077497#5,21
2240.0,-51362430,12
2240.0,-593847703#3,33
2240.0,-E0,19
2240.0,1068440001,9
2240.0,232003903#0,1
2240.0,288878926#0,1
2240.0,30620492#0,18
2240.0,30620492#1,5
2240.0,484988951#0,3
2240.0,506322844#0,6
2240.0,506322846#0,2
2240.0,51362429#0,13
2240.0,593844221#0,1
2240.0,593849711#0,1
2240.0,593852345#0,1
2240.0,594658760#0,2
2240.0,:3086736518_0,3
2240.0,:3086736518_6,1
2240.0,:655375232_2,3
2240.0,:655375233_0,3
2240.0,:655375233_4,2
2240.0,:655375233_8,1
2240.0,:655375238_5,2
2240.0,:cluster11510670762_4554226152_0,2
2240.0,:cluster622618015_622618108_622618112_622618144_#2more_49,2
2240.0,:cluster_3431431575_4777363357_655375231_6982059025_7,1
2260.0,-300077497#5,24
2260.0,-300077497#8,1
2260.0,-51362429#1,2
2260.0,-51362430,12
2260.0,-593847703#3,27
2260.0,-E0,19
2260.0,1068440001,9
2260.0,186602412#0,2
2260.0,232003903#0,1
2260.0,263217604#0,1
2260.0,288878926#0,4
2260.0,30620492#0,18
2260.0,30620492#1,5
2260.0,484988951#0,4
2260.0,49073226#2,1
2260.0,506322844#0,2
2260.0,51362429#0,15
2260.0,593844221#0,1
2260.0,593852345#0,1
2260.0,594658760#0,2
2260.0,:3086736518_0,3
2260.0,:3086736518_3,1
2260.0,:3086736518_6,1
2260.0,:655375232_2,3
2260.0,:655375232_8,1
2260.0,:655375233_0,3
2260.0,:655375233_2,1
2260.0,:655375233_4,3
2260.0,:655375233_8,1
2260.0,:655375238_5,1
2260.0,:655375239_5,1
2260.0,:cluster11510670762_4554226152_0,2
2280.0,-300077497#5,27
2280.0,-300077497#8,4
2280.0,-51362430,12
2280.0,-593847703#3,26
2280.0,-E0,19
2280.0,1068440001,6
2280.0,196961215#2,1
2280.0,232003903#0,1
2280.0,263217604#0,2
2280.0,288878926#0,4
2280.0,30620492#0,18
2280.0,30620492#1,5
2280.0,484988951#0,4
2280.0,49073226#2,4
2280.0,506322844#0,4
2280.0,51362429#0,16
2280.0,593844221#0,1
2280.0,593847702#0,3
2280.0,593847703#0,3
2280.0,594658760#0,2
2280.0,:3086736518_0,3
2280.0,:3086736518_6,1
2280.0,:655375232_2,3
2280.0,:655375233_4,1
2280.0,:cluster11510670762_4554226152_0,2
2280.0,:cluster622618015_622618108_622618112_622618144_#2more_42,2
2280.0,:cluster_3208478133_655375293_655375296_9631728504_#1more_8,2
2300.0,-300077497#5,24
2300.0,-300077497#8,4
2300.0,-49073264#1,2
2300.0,-51362430,10
2300.0,-593847703#3,27
2300.0,-E0,19
2300.0,1068440001,8
2300.0,196961215#2,1
2300.0,263217604#0,2
2300.0,288878926#0,4
2300.0,300077497#0,2
2300.0,30620492#0,18
2300.0,30620492#1,5
2300.0,484988951#0,4
2300.0,49073226#2,4
2300.0,49695736#0,2
2300.0,506322844#0,7
2300.0,51362429#0,17
2300.0,51362430,1
2300.0,593844221#0,1
2300.0,593847702#0,3
2300.0,594658760#0,2
2300.0,:3086736518_0,3
2300.0,:3086736518_6,1
2300.0,:655375232_2,3
2300.0,:655375233_4,1
2300.0,:cluster11510670762_4554226152_0,2
2300.0,:cluster_2528018119_655375236_17,1
2300.0,:cluster_2528018119_655375236_19,1
2300.0,:cluster_2528018119_655375236_3,1
2320.0,-300077497#5,20
2320.0,-300077497#8,4
2320.0,-49073264#1,2
2320.0,-51362430,10
2320.0,-593847703#3,31
2320.0,-E0,19
2320.0,1068440001,8
2320.0,182334378#0,2
2320.0,196961215#2,1
2320.0,30620492#0,18
2320.0,30620492#1,5
2320.0,35274074#0,2
2320.0,484988951#0,5
2320.0,49073226#2,4
2320.0,49695736#0,2
2320.0,506322844#0,7
2320.0,51362429#0,15
2320.0,593844221#0,1
2320.0,593847702#0,3
2320.0,594658760#0,3
2320.0,:3086736518_0,2
2320.0,:3086736518_6,1
2320.0,:655375232_2,4
2320.0,:655375233_0,2
2320.0,:655375233_4,1
2320.0,:cluster11510670762_4554226152_0,2
2320.0,:cluster_2038168688_655375573_3,1
2340.0,-300077497#5,24
2340.0,-49073264#1,2
2340.0,-51362430,10
2340.0,-593847703#3,31
2340.0,-E0,19
2340.0,1068440001,8
2340.0,182334379#0,1
2340.0,186602412#0,2
2340.0,196961215#2,1
2340.0,30620492#0,18
2340.0,30620492#1,5
2340.0,484988951#0,4
2340.0,49073226#2,4
2340.0,49695736#0,2
2340.0,506322844#0,7
2340.0,506322846#0,1
2340.0,51362429#0,14
2340.0,593847702#0,3
2340.0,593847703#0,11
2340.0,594658760#0,3
2340.0,:3086736518_0,1
2340.0,:3086736518_6,1
2340.0,:655375232_2,1
2340.0,:655375233_4,1
2340.0,:cluster11510670762_4554226152_0,2
2340.0,:cluster655375336_end_0_655375336_end_1_655375336_end_10_655375336_end_11_#8more_25,1
2340.0,:cluster655375336_end_0_655375336_end_1_655375336_end_10_655375336_end_11_#8more_6,2
2360.0,-300077497#5,27
2360.0,-300077497#8,3
2360.0,-49073264#1,2
2360.0,-51362430,10
2360.0,-593847703#3,27
2360.0,-E0,19
2360.0,1068440001,8
2360.0,182334379#0,1
2360.0,196961215#2,1
2360.0,263217604#0,3
2360.0,300077497#0,3
2360.0,30620492#0,18
2360.0,30620492#1,5
2360.0,484988951#0,4
2360.0,49073226#2,4
2360.0,49073272#3,3
2360.0,506322844#0,2
2360.0,51362429#0,14
2360.0,51362430,2
2360.0,593847703#0,10
2360.0,593847704#0,1
2360.0,594658760#0,3
2360.0,:3086736518_0,1
2360.0,:3086736518_4,1
2360.0,:3086736518_6,1
2360.0,:655375232_2,1
2360.0,:655375232_8,1
2360.0,:655375233_4,3
2360.0,:655375239_5,1
2360.0,:cluster11510670762_4554226152_0,2
2380.0,-300077497#5,27
2380.0,-300077497#8,4
2380.0,-51362429#1,5
2380.0,-51362430,10
2380.0,-593847703#3,21
2380.0,-E0,19
2380.0,1068440001,8
2380.0,182334379#0,1
2380.0,196961215#2,1
2380.0,263217604#0,3
2380.0,30620492#0,17
2380.0,30620492#1,5
2380.0,35274074#0,3
2380.0,484988951#0,4
2380.0,49073226#2,8
2380.0,49073272#1,1
2380.0,49073272#3,3
2380.0,506322844#0,6
2380.0,51362429#0,16
2380.0,593847702#0,2
2380.0,593847703#0,10
2380.0,594658760#0,3
2380.0,:3086736518_0,1
2380.0,:3086736518_6,1
2380.0,:655375232_2,1
2380.0,:655375233_4,1
2380.0,:cluster11510670762_4554226152_0,2
2400.0,-300077497#5,23
2400.0,-300077497#8,4
2400.0,-51362429#1,5
2400.0,-51362430,7
2400.0,-593847703#3,23
2400.0,-E0,19
2400.0,1068440001,5
2400.0,182334378#0,1
2400.0,196961215#2,1
2400.0,238526531#0,1
2400.0,300077497#0,6
2400.0,30620492#0,18
2400.0,30620492#1,5
2400.0,360018417,4
2400.0,360843888,1
2400.0,484988951#0,3
2400.0,49073226#2,9
2400.0,506322844#0,6
2400.0,506322846#0,3
2400.0,51362429#0,17
2400.0,593844221#0,1
2400.0,593847702#0,2
2400.0,593847703#0,1
2400.0,594658760#0,4
2400.0,:3086736518_0,1
2400.0,:3086736518_6,1
2400.0,:655375232_2,1
2400.0,:655375233_4,1
2400.0,:656132414_2,1
2400.0,:cluster11510670762_4554226152_0,1
2400.0,:cluster3086736522_655375108_655375247_655375401_#1more_17,1
2400.0,:cluster_2528018119_655375236_17,1
2400.0,:cluster_2528018119_655375236_19,1
2400.0,:cluster_2528018119_655375236_3,2
2400.0,:cluster_3208478133_655375293_655375296_9631728504_#1more_8,5
2400.0,:cluster_3431431575_4777363357_655375231_6982059025_7,1
2420.0,-300077497#5,21
2420.0,-300077497#8,1
2420.0,-51362429#1,5
2420.0,-51362430,5
2420.0,-593847703#3,28
2420.0,-E0,19
2420.0,1068440001,4
2420.0,186602412#0,2
2420.0,196961215#2,1
2420.0,238526531#0,1
2420.0,300077497#0,5
2420.0,30620492#0,18
2420.0,30620492#1,5
2420.0,360843888,2
2420.0,484988951#0,4
2420.0,49073226#2,10
2420.0,49695736#0,6
2420.0,506322844#0,6
2420.0,506322846#0,2
2420.0,51362429#0,17
2420.0,593847702#0,2
2420.0,593849711#0,1
2420.0,594658760#0,4
2420.0,:3086736518_0,1
2420.0,:3086736518_6,1
2420.0,:655375232_2,1
2420.0,:655375233_4,1
2420.0,:655375238_1,1
2420.0,:655375238_5,1
2420.0,:cluster11510670762_4554226152_0,1
2420.0,:cluster622618015_622618108_622618112_622618144_#2more_49,3
2420.0,:cluster655375336_end_0_655375336_end_1_655375336_end_10_655375336_end_11_#8more_25,2
2420.0,:cluster655375336_end_0_655375336_end_1_655375336_end_10_655375336_end_11_#8more_6,1
2420.0,:cluster_2038168688_655375573_23,1
2420.0,:cluster_2528018119_655375236_17,1
2420.0,:cluster_3208478133_655375293_655375296_9631728504_#1more_8,2
2440.0,-300077497#5,22
2440.0,-300077497#8,3
2440.0,-51362429#1,4
2440.0,-593847703#3,29
2440.0,-E0,19
2440.0,1068440001,1
2440.0,186602412#0,2
2440.0,232003903#0,1
2440.0,263217604#0,1
2440.0,288878926#0,4
2440.0,300077497#0,2
2440.0,30620492#0,18
2440.0,30620492#1,5
2440.0,35274074#0,6
2440.0,360843888,2
2440.0,484988951#0,3
2440.0,49073226#2,7
2440.0,49073272#1,2
2440.0,49695736#0,8
2440.0,506322844#0,2
2440.0,506322848#0,1
2440.0,51362429#0,10
2440.0,593847703#0,7
2440.0,593847705,1
2440.0,594658760#0,4
2440.0,:3086736518_0,1
2440.0,:3086736518_6,1
2440.0,:655375232_2,1
2440.0,:655375233_0,1
2440.0,:655375233_4,1
2440.0,:655375238_5,1
2440.0,:655375239_5,1
2440.0,:cluster655375336_end_0_655375336_end_1_655375336_end_10_655375336_end_11_#8more_25,4
2440.0,:cluster_2528018119_655375236_20,1
2440.0,:cluster_2528018119_655375236_32,1
2440.0,:cluster_3208478133_655375293_655375296_9631728504_#1more_8,3
2440.0,:cluster_3431431575_4777363357_655375231_6982059025_3,1
2460.0,-300077497#5,27
2460.0,-300077497#8,4
2460.0,-593847703#3,27
2460.0,-E0,19
2460.0,232003903#0,1
2460.0,263217604#0,2
2460.0,288878926#0,10
2460.0,300077497#0,6
2460.0,30620492#0,18
2460.0,30620492#1,5
2460.0,35274074#0,8
2460.0,360843888,2
2460.0,484988951#0,4
2460.0,49073226#2,4
2460.0,49073272#3,2
2460.0,49695736#0,9
2460.0,506322844#0,4
2460.0,51362429#0,11
2460.0,593847703#0,8
2460.0,593847705,1
2460.0,594658760#0,4
2460.0,:3086736518_0,1
2460.0,:3086736518_4,1
2460.0,:3086736518_6,1
2460.0,:655375233_4,2
2460.0,:655375238_6,1
2460.0,:cluster_2528018119_655375236_20,1
2460.0,:cluster_2528018119_655375236_32,1
2460.0,:cluster_3431431575_4777363357_655375231_6982059025_3,1
2460.0,:cluster_623980147_623980152_9,1
2480.0,-300077497#5,26
2480.0,-300077497#8,4
2480.0,-51362429#1,4
2480.0,-593847703#3,25
2480.0,-E0,19
2480.0,1068440004#1,1
2480.0,182334379#0,1
2480.0,244450512#4,1
2480.0,244450512#5,1
2480.0,263217604#0,2
2480.0,288878926#0,13
2480.0,300077497#0,4
2480.0,30620492#0,18
2480.0,30620492#1,5
2480.0,35274074#0,12
2480.0,360018417,1
2480.0,484988951#0,4
2480.0,49073226#2,3
2480.0,49695736#0,7
2480.0,506322844#0,5
2480.0,51362429#0,11
2480.0,51362430,1
2480.0,593847703#0,4
2480.0,593847704#0,1
2480.0,593847705,1
2480.0,594658760#0,3
2480.0,:3086736518_0,1
2480.0,:3086736518_6,1
2480.0,:3208478121_3,1
2480.0,:cluster_2038168688_655375573_23,1
2480.0,:cluster_2038168688_655375573_24,1
2480.0,:cluster_2038168688_655375573_3,1
2480.0,:cluster_2038168688_655375573_6,1
2480.0,:cluster_2528018119_655375236_3,2
2480.0,:cluster_3431431575_4777363357_655375231_6982059025_3,1
2500.0,-300077497#5,26
2500.0,-300077497#8,4
2500.0,-51362429#1,1
2500.0,-593847703#3,25
2500.0,-E0,19
2500.0,186602412#0,3
2500.0,196961377#3,2
2500.0,238526531#0,1
2500.0,244450512#4,2
2500.0,244450512#5,2
2500.0,288878926#0,7
2500.0,300077497#0,3
2500.0,30620492#0,18
2500.0,30620492#1,5
2500.0,35274074#0,4
2500.0,484988951#0,4
2500.0,49073226#2,7
2500.0,49695736#0,7
2500.0,506322844#0,5
2500.0,506322846#0,11
2500.0,51362429#0,14
2500.0,593847702#0,1
2500.0,593847704#0,1
2500.0,593847705,1
2500.0,593849711#0,1
2500.0,594658760#0,3
2500.0,:3086736518_0,1
2500.0,:3086736518_6,1
2500.0,:655375238_6,1
2500.0,:cluster622618015_622618108_622618112_622618144_#2more_0,1
2500.0,:cluster_2038168688_655375573_24,1
2500.0,:cluster_2038168688_655375573_3,1
2520.0,-300077497#5,27
2520.0,-300077497#8,2
2520.0,-51362429#1,1
2520.0,-593847703#3,25
2520.0,-E0,18
2520.0,186602412#0,5
2520.0,238526531#0,1
2520.0,244450512#5,3
2520.0,288878926#0,5
2520.0,30620492#0,18
2520.0,30620492#1,5
2520.0,35274074#0,3
2520.0,484988951#0,4
2520.0,49073226#2,8
2520.0,49695736#0,7
2520.0,506322844#0,5
2520.0,506322846#0,11
2520.0,51362429#0,16
2520.0,593847702#0,1
2520.0,593847704#0,1
2520.0,593847705,1
2520.0,593849711#0,1
2520.0,594658760#0,3
2520.0,:1973482489_8,1
2520.0,:3086736518_0,1
2520.0,:3086736518_6,2
2520.0,:3208478128_0,1
2520.0,:cluster_2038168688_655375573_23,1
2540.0,-300077497#5,27
2540.0,-300077497#8,4
2540.0,-51362429#1,1
2540.0,-593847703#3,25
2540.0,-E0,18
2540.0,182334379#0,1
2540.0,186602412#0,5
2540.0,244450512#5,3
2540.0,288878926#0,5
2540.0,300077497#0,5
2540.0,30620492#0,18
2540.0,30620492#1,5
2540.0,35274074#0,3
2540.0,484988951#0,3
2540.0,49073226#2,8
2540.0,506322844#0,6
2540.0,506322846#0,5
2540.0,51362429#0,11
2540.0,593847703#0,6
2540.0,593847704#0,2
2540.0,594658760#0,3
2540.0,:1973482489_3,1
2540.0,:3086736515_0,1
2540.0,:3086736518_0,1
2540.0,:3086736518_6,1
2540.0,:3208478128_0,1
2540.0,:655375232_2,2
2540.0,:655375233_0,2
2540.0,:655375238_1,1
2540.0,:cluster_3431431575_4777363357_655375231_6982059025_5,1
2560.0,-300077497#5,27
2560.0,-300077497#8,4
2560.0,-51362429#1,1
2560.0,-593847703#3,25
2560.0,-E0,19
2560.0,182334379#0,1
2560.0,186602412#0,3
2560.0,244450512#5,3
2560.0,263217604#0,1
2560.0,288878926#0,5
2560.0,300077497#0,1
2560.0,30620492#0,18
2560.0,30620492#1,5
2560.0,35274074#0,8
2560.0,484988951#0,4
2560.0,49073226#2,8
2560.0,49073264#0,2
2560.0,506322844#0,5
2560.0,51362429#0,13
2560.0,593847703#0,8
2560.0,593849711#0,1
2560.0,594658760#0,3
2560.0,:3208478128_0,1
2560.0,:655375232_2,1
2560.0,:cluster622618015_622618108_622618112_622618144_#2more_39,1
2580.0,-300077497#5,24
2580.0,-300077497#8,4
2580.0,-49073264#1,2
2580.0,-51362429#1,6
2580.0,-593847703#3,19
2580.0,-E0,19
2580.0,182334378#0,1
2580.0,238526531#0,1
2580.0,288878926#0,3
2580.0,300077497#0,5
2580.0,30620492#0,18
2580.0,30620492#1,5
2580.0,484988951#0,4
2580.0,49073226#2,8
2580.0,506322844#0,5
2580.0,506322846#0,7
2580.0,51362429#0,15
2580.0,51362430,3
2580.0,593849711#0,1
2580.0,594658760#0,4
2580.0,:3086736518_4,1
2580.0,:655375232_2,1
2580.0,:655375232_8,1
2580.0,:656132414_3,1
2580.0,:cluster_2038168688_655375573_23,1
2580.0,:cluster_2038168688_655375573_3,1
2580.0,:cluster_2528018119_655375236_17,1
2580.0,:cluster_2528018119_655375236_19,1
2580.0,:cluster_2528018119_655375236_3,2
2600.0,-300077497#5,21
2600.0,-300077497#8,2
2600.0,-49073264#1,2
2600.0,-51362429#1,7
2600.0,-593847703#3,23
2600.0,-E0,19
2600.0,182334378#0,1
2600.0,186602412#0,4
2600.0,232003903#0,1
2600.0,238526531#0,1
2600.0,300077497#0,3
2600.0,30620492#0,18
2600.0,30620492#1,5
2600.0,35274074#0,1
2600.0,484988951#0,5
2600.0,49073226#2,8
2600.0,506322844#0,5
2600.0,506322846#0,4
2600.0,51362429#0,16
2600.0,51362430,2
2600.0,594658760#0,4
2600.0,:1973482489_8,1
2600.0,:3086736518_4,1
2600.0,:655375232_2,1
2600.0,:655375238_1,1
2600.0,:cluster_2038168688_655375573_23,1
2600.0,:cluster_2528018119_655375236_17,1
2620.0,-300077497#5,23
2620.0,-300077497#8,2
2620.0,-49073264#1,2
2620.0,-51362429#1,7
2620.0,-593847703#3,24
2620.0,-E0,17
2620.0,186602412#0,5
2620.0,232003903#0,2
2620.0,30620492#0,18
2620.0,30620492#1,5
2620.0,35274074#0,4
2620.0,484988951#0,4
2620.0,49073226#2,8
2620.0,506322844#0,2
2620.0,506322848#0,1
2620.0,51362429#0,17
2620.0,51362430,2
2620.0,594658760#0,4
2620.0,:3086736518_4,1
2620.0,:3086736518_6,2
2620.0,:655375232_2,1
2620.0,:655375238_5,1
2620.0,:655375239_5,1
2640.0,-300077497#5,27
2640.0,-300077497#8,4
2640.0,-51362429#1,7
2640.0,-593847703#3,24
2640.0,-E0,18
2640.0,232003903#0,2
2640.0,263217604#0,1
2640.0,30620492#0,18
2640.0,30620492#1,5
2640.0,35274074#0,5
2640.0,484988951#0,5
2640.0,49073226#2,8
2640.0,506322844#0,3
2640.0,51362429#0,13
2640.0,51362430,1
2640.0,594658760#0,3
2640.0,:3086736518_0,2
2640.0,:3086736518_4,1
2640.0,:3086736518_6,2
2640.0,:655375232_2,3
2640.0,:cluster622618015_622618108_622618112_622618144_#2more_17,2
2660.0,-300077497#5,26
2660.0,-300077497#8,4
2660.0,-51362429#1,7
2660.0,-593847703#3,25
2660.0,-E0,19
2660.0,263217604#0,1
2660.0,30620492#0,18
2660.0,30620492#1,5
2660.0,35274074#0,1
2660.0,484988951#0,4
2660.0,49073226#2,12
2660.0,506322844#0,6
2660.0,506322846#0,1
2660.0,51362429#0,15
2660.0,51362430,2
2660.0,594658760#0,3
2660.0,:3086736518_0,2
2660.0,:3086736518_4,1
2660.0,:3086736518_6,2
2660.0,:655375232_2,3
2660.0,:cluster_2038168688_655375573_23,1
2660.0,:cluster_2038168688_655375573_3,1
2660.0,:cluster_2038168688_655375573_6,1
2680.0,-300077497#5,23
2680.0,-300077497#8,4
2680.0,-51362429#1,8
2680.0,-593847703#3,20
2680.0,-E0,19
2680.0,182334378#0,1
2680.0,186602412#0,3
2680.0,288878926#0,4
2680.0,30620492#0,16
2680.0,30620492#1,4
2680.0,484988951#0,5
2680.0,49073226#2,7
2680.0,506322844#0,6
2680.0,506322846#0,1
2680.0,51362429#0,16
2680.0,593847704#0,2
2680.0,593849711#0,1
2680.0,594658760#0,4
2680.0,:1973482489_3,1
2680.0,:2749340167_0,1
2680.0,:3086736518_0,2
2680.0,:3086736518_4,2
2680.0,:655375232_2,3
2680.0,:655375233_4,2
2680.0,:cluster_623980147_623980152_4,1
2700.0,-300077497#5,25
2700.0,-51362429#1,3
2700.0,-593847703#3,20
2700.0,-E0,19
2700.0,182334378#0,1
2700.0,288878926#0,9
2700.0,30620492#0,17
2700.0,30620492#1,5
2700.0,484988951#0,4
2700.0,49073226#2,4
2700.0,506322844#0,7
2700.0,51362429#0,17
2700.0,593847704#0,2
2700.0,594658760#0,4
2700.0,:3086736518_0,2
2700.0,:3086736518_4,1
2700.0,:655375232_2,3
2700.0,:655375233_4,2
2700.0,:655375238_5,2
2700.0,:cluster_2038168688_655375573_23,1
2700.0,:cluster_3431431575_4777363357_655375231_6982059025_3,2
2700.0,:cluster_623980147_623980152_4,1
2720.0,-300077497#5,27
2720.0,-300077497#8,4
2720.0,-593847703#3,20
2720.0,-E0,19
2720.0,186602412#0,1
2720.0,263217604#0,3
2720.0,288878926#0,13
2720.0,30620492#0,18
2720.0,30620492#1,5
2720.0,484988951#0,4
2720.0,49073226#2,6
2720.0,506322844#0,4
2720.0,51362429#0,17
2720.0,593847704#0,2
2720.0,594658760#0,4
2720.0,:3086736518_0,2
2720.0,:3086736518_4,1
2720.0,:655375232_2,3
2720.0,:655375233_4,2
2720.0,:655375239_6,1
2720.0,:cluster655375336_end_0_655375336_end_1_655375336_end_10_655375336_end_11_#8more_6,1
2740.0,-300077497#5,27
2740.0,-300077497#8,4
2740.0,-593847703#3,20
2740.0,-E0,18
2740.0,263217604#0,4
2740.0,288878926#0,13
2740.0,30620492#0,18
2740.0,30620492#1,5
2740.0,484988951#0,4
2740.0,49073226#2,6
2740.0,506322844#0,5
2740.0,51362429#0,13
2740.0,51362430,1
2740.0,593847703#0,2
2740.0,593849718#0,2
2740.0,594658760#0,4
2740.0,:3086736518_0,2
2740.0,:3086736518_4,1
2740.0,:3086736518_6,1
2740.0,:655375232_2,3
2740.0,:655375233_0,2
2740.0,:655375233_4,2
2760.0,-300077497#5,25
2760.0,-300077497#8,4
2760.0,-593847703#3,22
2760.0,-E0,18
2760.0,288878926#0,11
2760.0,300077497#0,5
2760.0,30620492#0,18
2760.0,30620492#1,5
2760.0,360843888,1
2760.0,484988951#0,2
2760.0,49073226#2,9
2760.0,506322844#0,5
2760.0,51362429#0,12
2760.0,593847703#0,2
2760.0,593849711#0,1
2760.0,594658757#0,1
2760.0,594658760#0,5
2760.0,:3086736518_0,2
2760.0,:3086736518_4,1
2760.0,:3086736518_6,1
2760.0,:655375232_2,2
2760.0,:655375233_4,2
2760.0,:cluster3086736522_655375108_655375247_655375401_#1more_17,1
2760.0,:cluster_2528018119_655375236_3,2
2780.0,-300077497#5,26
2780.0,-300077497#8,2
2780.0,-51362429#1,2
2780.0,-593847703#3,18
2780.0,-E0,19
2780.0,288878926#0,6
2780.0,300077497#0,7
2780.0,30620492#0,18
2780.0,30620492#1,5
2780.0,360843888,2
2780.0,484988951#0,3
2780.0,49073226#2,9
2780.0,506322844#0,5
2780.0,51362429#0,14
2780.0,593847704#0,2
2780.0,594658757#0,1
2780.0,594658760#0,5
2780.0,:3086736518_0,2
2780.0,:3086736518_4,1
2780.0,:655375232_2,2
2780.0,:655375233_4,4
2780.0,:655375238_1,1
2780.0,:cluster_2038168688_655375573_23,1
2780.0,:cluster_2528018119_655375236_17,1
2800.0,-300077497#5,26
2800.0,-300077497#8,4
2800.0,-51362429#1,6
2800.0,-593847703#3,18
2800.0,-E0,19
2800.0,186602412#0,1
2800.0,288878926#0,6
2800.0,30620492#0,18
2800.0,30620492#1,5
2800.0,35274074#0,7
2800.0,360843888,2
2800.0,484988951#0,4
2800.0,49073226#2,10
2800.0,506322844#0,5
2800.0,51362429#0,15
2800.0,593847704#0,2
2800.0,594658757#0,1
2800.0,594658760#0,5
2800.0,:3086736518_0,2
2800.0,:655375232_2,2
2800.0,:655375233_4,1
2800.0,:655375238_1,1
2820.0,-300077497#5,27
2820.0,-300077497#8,4
2820.0,-51362429#1,6
2820.0,-593847703#3,18
2820.0,-E0,19
2820.0,263217604#0,2
2820.0,288878926#0,6
2820.0,30620492#0,18
2820.0,30620492#1,5
2820.0,35274074#0,8
2820.0,360843888,2
2820.0,484988951#0,4
2820.0,49073226#2,10
2820.0,506322844#0,5
2820.0,51362429#0,16
2820.0,594658757#0,1
2820.0,594658760#0,5
2820.0,:3086736518_0,2
2820.0,:655375232_2,2
2820.0,:655375233_4,1
2820.0,:cluster622618015_622618108_622618112_622618144_#2more_39,1
2820.0,:cluster622618015_622618108_622618112_622618144_#2more_52,1
2840.0,-300077497#5,23
2840.0,-300077497#8,4
2840.0,-51362429#1,6
2840.0,-593847703#3,20
2840.0,-E0,18
2840.0,196961215#2,1
2840.0,244450512#4,1
2840.0,244450512#5,1
2840.0,263217604#0,2
2840.0,288878926#0,6
2840.0,30620492#0,18
2840.0,30620492#1,4
2840.0,35274074#0,4
2840.0,484988951#0,4
2840.0,49073226#2,10
2840.0,506322844#0,6
2840.0,51362429#0,15
2840.0,594658757#0,1
2840.0,594658760#0,5
2840.0,:3086736518_0,1
2840.0,:3086736518_6,1
2840.0,:655375232_2,3
2840.0,:655375233_0,2
2840.0,:655375233_4,1
2840.0,:cluster_2038168688_655375573_23,1
2840.0,:cluster_2038168688_655375573_24,1
2840.0,:cluster_2038168688_655375573_3,1
2840.0,:cluster_2038168688_655375573_6,1
2840.0,:cluster_2528018119_655375236_17,2
2840.0,:cluster_9383263990_9383263991_9383263992_9383263993_13,1
2860.0,-300077497#5,21
2860.0,-300077497#8,4
2860.0,-51362429#1,6
2860.0,-593847703#3,23
2860.0,-E0,19
2860.0,1239087514,1
2860.0,186602412#0,2
2860.0,196961215#2,1
2860.0,244450512#5,2
2860.0,300077497#0,3
2860.0,30620492#0,17
2860.0,30620492#1,5
2860.0,484988951#0,3
2860.0,49073226#2,10
2860.0,506322844#0,6
2860.0,506322846#0,5
2860.0,51362429#0,10
2860.0,593847703#0,6
2860.0,593849711#0,2
2860.0,594658757#0,1
2860.0,594658760#0,7
2860.0,:1973482489_8,1
2860.0,:3086736518_0,1
2860.0,:3086736518_6,1
2860.0,:655375233_4,1
2860.0,:cluster_2528018119_655375236_3,1
2860.0,:cluster_3431431575_4777363357_655375231_6982059025_5,1
2860.0,:cluster_9383263990_9383263991_9383263992_9383263993_13,1
2880.0,-300077497#5,25
2880.0,-51362429#1,6
2880.0,-593847703#3,20
2880.0,-E0,19
2880.0,1068440004#1,2
2880.0,186602412#0,3
2880.0,196961215#2,1
2880.0,244450512#5,2
2880.0,300077497#0,5
2880.0,30620492#0,18
2880.0,30620492#1,5
2880.0,35274074#0,2
2880.0,49073226#2,11
2880.0,506322844#0,6
2880.0,51362429#0,14
2880.0,593847703#0,2
2880.0,594658757#0,1
2880.0,594658760#0,5
2880.0,:3086736518_0,1
2880.0,:3086736518_4,1
2880.0,:3086736518_6,1
2880.0,:655375232_8,1
2880.0,:655375233_2,1
2880.0,:655375233_4,1
2880.0,:655375238_6,1
2880.0,:cluster_9383263990_9383263991_9383263992_9383263993_13,1
2900.0,-300077497#5,27
2900.0,-300077497#8,4
2900.0,-51362429#1,9
2900.0,-593847703#3,20
2900.0,-E0,19
2900.0,244450512#5,2
2900.0,263217604#0,1
2900.0,300077497#0,1
2900.0,30620492#0,18
2900.0,30620492#1,5
2900.0,35274074#0,6
2900.0,49073226#2,10
2900.0,49073272#3,1
2900.0,506322844#0,4
2900.0,51362429#0,14
2900.0,593847703#0,2
2900.0,594658757#0,1
2900.0,594658760#0,5
2900.0,:3086736518_0,1
2900.0,:3086736518_6,1
2900.0,:655375233_8,2
2900.0,:655375238_1,1
2900.0,:cluster_623980147_623980152_3,1
2900.0,:cluster_623980147_623980152_9,1
2920.0,-300077497#5,27
2920.0,-300077497#8,4
2920.0,-51362429#1,7
2920.0,-593847703#3,20
2920.0,-E0,19
2920.0,244450512#5,2
2920.0,263217604#0,1
2920.0,288878926#0,8
2920.0,30620492#0,18
2920.0,30620492#1,5
2920.0,35274074#0,8
2920.0,49073226#2,5
2920.0,49073272#3,1
2920.0,506322844#0,5
2920.0,51362429#0,14
2920.0,593847702#0,2
2920.0,593847703#0,2
2920.0,594658757#0,1
2920.0,594658760#0,5
2920.0,:3086736518_0,1
2920.0,:3086736518_6,1
2920.0,:cluster_3431431575_4777363357_655375231_6982059025_3,1
2940.0,-300077497#5,24
2940.0,-300077497#8,4
2940.0,-593847703#3,22
2940.0,-E0,19
2940.0,288878926#0,11
2940.0,300077497#0,2
2940.0,30620492#0,17
2940.0,30620492#1,5
2940.0,360018417,1
2940.0,49073226#2,6
2940.0,506322844#0,6
2940.0,506322846#0,8
2940.0,51362429#0,14
2940.0,51362430,2
2940.0,593847702#0,2
2940.0,593849711#0,2
2940.0,594658757#0,1
2940.0,594658760#0,5
2940.0,:3086736518_0,1
2940.0,:3086736518_6,1
2940.0,:cluster_2528018119_655375236_17,1
2940.0,:cluster_3431431575_4777363357_655375231_6982059025_3,2
2940.0,:cluster_9383263990_9383263991_9383263992_9383263993_13,1
2960.0,-300077497#5,26
2960.0,-300077497#8,1
2960.0,-593847703#3,23
2960.0,-E0,19
2960.0,186602412#0,4
2960.0,288878926#0,9
2960.0,300077497#0,1
2960.0,30620492#0,18
2960.0,30620492#1,5
2960.0,49073226#2,7
2960.0,506322844#0,6
2960.0,506322846#0,3
2960.0,51362429#0,5
2960.0,593847702#0,2
2960.0,593847703#0,7
2960.0,593847704#0,1
2960.0,594658757#0,1
2960.0,594658760#0,4
2960.0,:1973482489_3,1
2960.0,:3086736518_0,1
2960.0,:655375233_0,1
2960.0,:655375238_5,1
2960.0,:cluster622618015_622618108_622618112_622618144_#2more_49,1
2960.0,:cluster655375336_end_0_655375336_end_1_655375336_end_10_655375336_end_11_#8more_13,1
2960.0,:cluster_9383263990_9383263991_9383263992_9383263993_13,1
2980.0,-300077497#5,27
2980.0,-300077497#8,4
2980.0,-593847703#3,22
2980.0,-E0,19
2980.0,186602412#0,2
2980.0,263217604#0,1
2980.0,288878926#0,9
2980.0,30620492#0,18
2980.0,30620492#1,5
2980.0,35274074#0,1
2980.0,49073226#2,7
2980.0,49073272#1,1
2980.0,506322844#0,4
2980.0,51362429#0,5
2980.0,593847703#0,8
2980.0,593847704#0,1
2980.0,594658757#0,1
2980.0,594658760#0,4
2980.0,:3086736518_0,1
2980.0,:619137000_0,1
2980.0,:655375233_4,2
3000.0,-300077497#5,27
3000.0,-300077497#8,4
3000.0,-51362429#1,8
3000.0,-593847703#3,16
3000.0,-E0,19
3000.0,263217604#0,2
3000.0,288878926#0,9
3000.0,30620492#0,18
3000.0,30620492#1,5
3000.0,35274074#0,1
3000.0,49073226#2,7
3000.0,49073272#3,2
3000.0,506322844#0,6
3000.0,51362429#0,5
3000.0,593847703#0,8
3000.0,594658757#0,1
3000.0,594658760#0,4
3000.0,:3086736518_0,1
3000.0,:cluster622618015_622618108_622618112_622618144_#2more_39,1
3020.0,-300077497#5,25
3020.0,-300077497#8,4
3020.0,-51362429#1,7
3020.0,-593847703#3,18
3020.0,-E0,19
3020.0,263217604#0,2
3020.0,288878926#0,9
3020.0,300077497#0,2
3020.0,30620492#0,18
3020.0,30620492#1,5
3020.0,360018417,1
3020.0,49073226#2,8
3020.0,506322844#0,6
3020.0,51362429#0,5
3020.0,593847703#0,4
3020.0,594658757#0,1
3020.0,594658760#0,4
3020.0,:3086736518_0,1
3020.0,:3208478121_3,1
3020.0,:cluster_2038168688_655375573_23,1
3020.0,:cluster_2528018119_655375236_3,2
3040.0,-300077497#5,25
3040.0,-300077497#8,4
3040.0,-51362429#1,7
3040.0,-593847703#3,18
3040.0,-E0,18
3040.0,186602412#0,1
3040.0,196961377#3,2
3040.0,244450512#4,1
3040.0,288878926#0,3
3040.0,300077497#0,5
3040.0,30620492#0,18
3040.0,30620492#1,5
3040.0,35274074#0,2
3040.0,49073226#2,8
3040.0,506322844#0,6
3040.0,51362429#0,5
3040.0,593849711#0,1
3040.0,594658757#0,1
3040.0,594658760#0,5
3040.0,:3086736518_0,1
3040.0,:3086736518_6,1
3040.0,:655375238_6,1
3040.0,:cluster622618015_622618108_622618112_622618144_#2more_0,1
3060.0,-300077497#5,27
3060.0,-300077497#8,2
3060.0,-51362429#1,7
3060.0,-593847703#3,18
3060.0,-E0,18
3060.0,244450512#5,1
3060.0,288878926#0,1
3060.0,300077497#0,1
3060.0,30620492#0,18
3060.0,30620492#1,5
3060.0,35274074#0,3
3060.0,49073226#2,8
3060.0,506322844#0,6
3060.0,506322846#0,3
3060.0,593847703#0,4
3060.0,593847704#0,1
3060.0,594658760#0,4
3060.0,:655375233_0,2
3060.0,:655375238_1,1
3060.0,:cluster655375336_end_0_655375336_end_1_655375336_end_10_655375336_end_11_#8more_17,1
3060.0,:cluster655375336_end_0_655375336_end_1_655375336_end_10_655375336_end_11_#8more_21,1
3080.0,-300077497#5,27
3080.0,-300077497#8,4
3080.0,-51362429#1,7
3080.0,-593847703#3,18
3080.0,-E0,20
3080.0,186602412#0,1
3080.0,244450512#5,1
3080.0,263217604#0,1
3080.0,288878926#0,1
3080.0,30620492#0,18
3080.0,30620492#1,5
3080.0,35274074#0,5
3080.0,49073226#2,8
3080.0,506322844#0,5
3080.0,593847703#0,6
3080.0,593847704#0,2
3080.0,594658760#0,4
3100.0,-300077497#5,27
3100.0,-300077497#8,4
3100.0,-51362429#1,9
3100.0,-593847703#3,13
3100.0,-E0,20
3100.0,244450512#5,1
3100.0,263217604#0,1
3100.0,288878926#0,1
3100.0,30620492#0,18
3100.0,30620492#1,5
3100.0,35274074#0,5
3100.0,49073226#2,8
3100.0,506322844#0,5
3100.0,593847702#0,3
3100.0,593847703#0,6
3100.0,593849718#0,1
3100.0,593852345#0,1
3100.0,594658760#0,4
3120.0,-300077497#5,23
3120.0,-300077497#8,4
3120.0,-51362429#1,9
3120.0,-593847703#3,15
3120.0,-E0,20
3120.0,196961215#2,1
3120.0,300077497#0,6
3120.0,30620492#0,18
3120.0,30620492#1,5
3120.0,49073226#2,8
3120.0,506322844#0,5
3120.0,506322846#0,5
3120.0,51362430,1
3120.0,593847702#0,3
3120.0,594658757#0,1
3120.0,594658760#0,4
3120.0,:cluster_2528018119_655375236_17,1
3120.0,:cluster_2528018119_655375236_31,1
3140.0,-300077497#5,19
3140.0,-300077497#8,1
3140.0,-51362429#1,9
3140.0,-593847703#3,20
3140.0,-E0,18
3140.0,1068440004#1,1
3140.0,182334378#0,1
3140.0,186602412#0,5
3140.0,232003903#0,1
3140.0,288878926#0,3
3140.0,300077497#0,2
3140.0,30620492#0,18
3140.0,30620492#1,5
3140.0,49073226#2,6
3140.0,506322844#0,5
3140.0,506322846#0,1
3140.0,593847702#0,3
3140.0,594658757#0,1
3140.0,594658760#0,4
3140.0,:3086736518_6,2
3140.0,:655375238_1,1
3140.0,:655375238_5,1
3140.0,:cluster_2038168688_655375573_23,1
3140.0,:cluster_2038168688_655375573_3,1
3140.0,:cluster_623980147_623980152_9,1
3160.0,-300077497#5,22
3160.0,-300077497#8,1
3160.0,-51362429#1,1
3160.0,-593847703#3,20
3160.0,-E0,15
3160.0,1068440004#1,1
3160.0,182334378#0,1
3160.0,186602412#0,3
3160.0,232003903#0,1
3160.0,288878926#0,10
3160.0,30620492#0,18
3160.0,30620492#1,5
3160.0,35274074#0,2
3160.0,49073226#2,4
3160.0,49073264#0,1
3160.0,506322844#0,2
3160.0,593847704#0,5
3160.0,594658757#0,1
3160.0,594658760#0,4
3160.0,:655375238_1,1
3160.0,:655375238_5,1
3160.0,:655375239_5,1
3160.0,:cluster622618015_622618108_622618112_622618144_#2more_34,2
3160.0,:cluster_3431431575_4777363357_655375231_6982059025_3,3
3160.0,:cluster_623980147_623980152_4,1
3180.0,-300077497#5,27
3180.0,-300077497#8,2
3180.0,-49073264#1,2
3180.0,-593847703#3,20
3180.0,-E0,19
3180.0,1068440004#1,1
3180.0,232003903#0,2
3180.0,263217604#0,2
3180.0,288878926#0,13
3180.0,30620492#0,18
3180.0,30620492#1,5
3180.0,35274074#0,3
3180.0,49073226#2,6
3180.0,506322844#0,3
3180.0,593847704#0,3
3180.0,594658757#0,1
3180.0,594658760#0,4
3180.0,:cluster622618015_622618108_622618112_622618144_#2more_17,1
3180.0,:cluster622618015_622618108_622618112_622618144_#2more_39,2
3200.0,-300077497#5,27
3200.0,-300077497#8,2
3200.0,-51362429#1,1
3200.0,-593847703#3,15
3200.0,-E0,19
3200.0,1068440004#1,1
3200.0,263217604#0,2
3200.0,288878926#0,13
3200.0,30620492#0,18
3200.0,30620492#1,5
3200.0,484988951#0,1
3200.0,49073226#2,6
3200.0,506322844#0,5
3200.0,506322846#0,1
3200.0,51362430,1
3200.0,593847702#0,2
3200.0,594658757#0,1
3200.0,594658760#0,4
3200.0,:655375233_2,1
3200.0,:cluster_2038168688_655375573_23,1
3200.0,:cluster_2038168688_655375573_3,1
3200.0,:cluster_3431431575_4777363357_655375231_6982059025_3,1
3220.0,-300077497#5,24
3220.0,-300077497#8,2
3220.0,-51362429#1,1
3220.0,-593847703#3,17
3220.0,-E0,19
3220.0,186602412#0,3
3220.0,244450512#4,1
3220.0,288878926#0,7
3220.0,30620492#0,18
3220.0,30620492#1,5
3220.0,49073226#2,9
3220.0,506322844#0,5
3220.0,593847702#0,4
3220.0,593849711#0,2
3220.0,594658757#0,1
3220.0,594658760#0,5
3220.0,:cluster_2528018119_655375236_17,1
3240.0,-300077497#5,23
3240.0,-300077497#8,1
3240.0,-51362429#1,1
3240.0,-593847703#3,19
3240.0,-E0,18
3240.0,244450512#5,1
3240.0,288878926#0,5
3240.0,30620492#0,17
3240.0,30620492#1,5
3240.0,49073226#2,9
3240.0,506322844#0,5
3240.0,593847702#0,4
3240.0,594658757#0,1
3240.0,594658760#0,5
3240.0,:3086736518_6,1
3240.0,:655375238_5,1
3260.0,-300077497#5,27
3260.0,-300077497#8,4
3260.0,-51362429#1,1
3260.0,-593847703#3,19
3260.0,-E0,13
3260.0,1068440004#1,1
3260.0,244450512#5,1
3260.0,288878926#0,5
3260.0,30620492#0,18
3260.0,30620492#1,5
3260.0,49073226#2,9
3260.0,49073272#3,3
3260.0,506322844#0,5
3260.0,593847704#0,6
3260.0,594658757#0,1
3260.0,594658760#0,4
3260.0,:3086736515_0,1
3280.0,-300077497#5,27
3280.0,-300077497#8,4
3280.0,-51362429#1,1
3280.0,-593847703#3,19
3280.0,-E0,19
3280.0,1068440004#1,1
3280.0,244450512#5,1
3280.0,263217604#0,1
3280.0,288878926#0,5
3280.0,30620492#0,18
3280.0,30620492#1,5
3280.0,49073226#2,9
3280.0,49073264#0,1
3280.0,49073272#3,3
3280.0,49695736#0,1
3280.0,506322844#0,5
3280.0,593847704#0,2
3280.0,593849711#0,1
3280.0,593849718#0,1
3280.0,:cluster622618015_622618108_622618112_622618144_#2more_39,1
3280.0,:cluster622618015_622618108_622618112_622618144_#2more_52,1
3300.0,-300077497#5,19
3300.0,-300077497#8,4
3300.0,-49073264#1,1
3300.0,-51362429#1,1
3300.0,-593847703#3,17
3300.0,-E0,19
3300.0,1068440004#1,1
3300.0,182334378#0,2
3300.0,196961215#2,1
3300.0,232003903#0,1
3300.0,288878926#0,3
3300.0,30620492#0,18
3300.0,30620492#1,5
3300.0,360018417,5
3300.0,360843888,1
3300.0,49073226#2,9
3300.0,49695736#0,1
3300.0,506322844#0,5
3300.0,51362430,1
3300.0,593847702#0,1
3300.0,593849711#0,2
3300.0,:3086736518_4,1
3300.0,:655375232_8,1
3300.0,:655375233_4,1
3300.0,:cluster_2528018119_655375236_19,1
3300.0,:cluster_2528018119_655375236_31,1
3320.0,-300077497#5,13
3320.0,-300077497#8,1
3320.0,-49073264#1,1
3320.0,-51362429#1,6
3320.0,-593847703#3,20
3320.0,-E0,19
3320.0,182334378#0,5
3320.0,196961215#2,1
3320.0,196961377#3,2
3320.0,232003903#0,2
3320.0,30620492#0,18
3320.0,30620492#1,5
3320.0,360843888,1
3320.0,49073226#2,10
3320.0,49695736#0,1
3320.0,506322844#0,5
3320.0,593847702#0,2
3320.0,593849711#0,1
3320.0,:655375238_5,1
3320.0,:cluster622618015_622618108_622618112_622618144_#2more_49,2
3320.0,:cluster_2528018119_655375236_31,1
3340.0,-300077497#5,16
3340.0,-300077497#8,2
3340.0,-49073264#1,1
3340.0,-51362429#1,6
3340.0,-593847703#3,21
3340.0,-E0,19
3340.0,182334378#0,6
3340.0,196961215#2,1
3340.0,232003903#0,2
3340.0,30620492#0,18
3340.0,30620492#1,5
3340.0,360843888,1
3340.0,49073226#2,10
3340.0,49073272#1,1
3340.0,49073272#3,1
3340.0,506322844#0,2
3340.0,:655375239_5,1
3360.0,-300077497#5,23
3360.0,-51362429#1,6
3360.0,-593847703#3,21
3360.0,-E0,13
3360.0,182334378#0,6
3360.0,196961215#2,1
3360.0,232003903#0,2
3360.0,263217604#0,1
3360.0,30620492#0,18
3360.0,30620492#1,5
3360.0,360843888,1
3360.0,49073226#2,10
3360.0,49073272#3,2
3360.0,506322844#0,3
3360.0,593847704#0,5
3360.0,:655375238_5,1
3360.0,:cluster622618015_622618108_622618112_622618144_#2more_17,1
3360.0,:cluster622618015_622618108_622618112_622618144_#2more_43,1
3380.0,-300077497#5,20
3380.0,-51362429#1,5
3380.0,-593847703#3,23
3380.0,-E0,18
3380.0,1239087514,2
3380.0,182334378#0,2
3380.0,263217604#0,1
3380.0,288878926#0,5
3380.0,30620492#0,18
3380.0,30620492#1,5
3380.0,360018417,1
3380.0,49073226#2,5
3380.0,506322844#0,8
3380.0,51362430,2
3380.0,593849718#0,3
3380.0,593852345#0,2
3380.0,:3208478121_3,1
3380.0,:3208478128_0,1
3380.0,:cluster622618015_622618108_622618112_622618144_#2more_39,1
3380.0,:cluster655375336_end_0_655375336_end_1_655375336_end_10_655375336_end_11_#8more_6,1
3380.0,:cluster_2528018119_655375236_17,2
3380.0,:cluster_3431431575_4777363357_655375231_6982059025_3,1
3380.0,:cluster_623980147_623980152_4,1
3400.0,-300077497#5,18
3400.0,-593847703#3,23
3400.0,-E0,19
3400.0,182334378#0,2
3400.0,196961377#3,2
3400.0,244450512#5,1
3400.0,288878926#0,6
3400.0,30620492#0,18
3400.0,30620492#1,5
3400.0,49073226#2,6
3400.0,506322844#0,8
3400.0,51362430,1
3400.0,593849711#0,1
3400.0,593852345#0,2
3400.0,594658760#0,1
3400.0,:655375233_4,3
3400.0,:cluster622618015_622618108_622618112_622618144_#2more_0,1
3400.0,:cluster_2528018119_655375236_17,1
3400.0,:cluster_3431431575_4777363357_655375231_6982059025_3,2
3400.0,:cluster_3431431575_4777363357_655375231_6982059025_7,1
3420.0,-300077497#5,17
3420.0,-51362429#1,4
3420.0,-593847703#3,22
3420.0,-E0,19
3420.0,1068440004#1,1
3420.0,182334378#0,2
3420.0,244450512#5,1
3420.0,288878926#0,10
3420.0,30620492#0,18
3420.0,30620492#1,5
3420.0,49073226#2,4
3420.0,506322844#0,8
3420.0,593852345#0,2
3420.0,:cluster_3431431575_4777363357_655375231_6982059025_3,1
3420.0,:cluster_623980147_623980152_9,1
3440.0,-300077497#5,22
3440.0,-593847703#3,22
3440.0,-E0,19
3440.0,182334378#0,2
3440.0,196961215#2,2
3440.0,244450512#5,1
3440.0,263217604#0,5
3440.0,288878926#0,13
3440.0,30620492#0,18
3440.0,30620492#1,5
3440.0,49073226#2,6
3440.0,506322844#0,2
3440.0,593847702#0,1
3440.0,:655375239_6,1
3440.0,:cluster_3431431575_4777363357_655375231_6982059025_3,1
3460.0,-300077497#5,23
3460.0,-49073264#1,1
3460.0,-593847703#3,22
3460.0,-E0,14
3460.0,182334378#0,2
3460.0,196961215#2,2
3460.0,244450512#5,1
3460.0,263217604#0,7
3460.0,288878926#0,13
3460.0,30620492#0,18
3460.0,30620492#1,5
3460.0,49073226#2,7
3460.0,506322844#0,5
3460.0,593847704#0,3
3460.0,:3086736518_6,1
3480.0,-300077497#5,22
3480.0,-593847703#3,23
3480.0,-E0,18
3480.0,196961215#2,2
3480.0,263217604#0,3
3480.0,288878926#0,11
3480.0,30620492#0,18
3480.0,30620492#1,5
3480.0,360018417,1
3480.0,360843888,1
3480.0,49073226#2,7
3480.0,506322844#0,6
3480.0,51362430,1
3480.0,593847704#0,2
3480.0,593849711#0,1
3480.0,594658760#0,1
3480.0,:cluster3086736522_655375108_655375247_655375401_#1more_17,2
3480.0,:cluster655375336_end_0_655375336_end_1_655375336_end_10_655375336_end_11_#8more_6,1
3500.0,-300077497#5,21
3500.0,-593847703#3,21
3500.0,-E0,19
3500.0,196961215#2,2
3500.0,232003903#0,1
3500.0,288878926#0,5
3500.0,30620492#0,18
3500.0,30620492#1,5
3500.0,360843888,6
3500.0,49073226#2,8
3500.0,506322844#0,6
3500.0,593847704#0,2
3500.0,594658760#0,1
3500.0,:655375233_2,1
3500.0,:655375233_4,1
3500.0,:cluster622618015_622618108_622618112_622618144_#2more_49,1
3500.0,:cluster_2528018119_655375236_17,1
3520.0,-300077497#5,22
3520.0,-300077497#8,1
3520.0,-51362429#1,6
3520.0,-593847703#3,15
3520.0,-E0,19
3520.0,196961215#2,2
3520.0,232003903#0,1
3520.0,263217604#0,2
3520.0,288878926#0,5
3520.0,30620492#0,18
3520.0,30620492#1,5
3520.0,360843888,6
3520.0,49073226#2,8
3520.0,49073272#1,1
3520.0,506322844#0,2
3520.0,593847702#0,1
3520.0,593847704#0,3
3520.0,594658760#0,1
3520.0,:655375239_5,1
3540.0,-300077497#5,27
3540.0,-300077497#8,2
3540.0,-51362429#1,6
3540.0,-593847703#3,15
3540.0,-E0,19
3540.0,1068440004#1,1
3540.0,196961215#2,2
3540.0,232003903#0,1
3540.0,263217604#0,3
3540.0,288878926#0,5
3540.0,30620492#0,18
3540.0,30620492#1,4
3540.0,360843888,6
3540.0,49073226#2,8
3540.0,49073272#3,2
3540.0,506322844#0,3
3540.0,593847704#0,1
3540.0,:cluster622618015_622618108_622618112_622618144_#2more_39,2
3560.0,-300077497#5,23
3560.0,-300077497#8,3
3560.0,-49073264#1,1
3560.0,-51362429#1,6
3560.0,-593847703#3,17
3560.0,-E0,15
3560.0,1068440004#1,1
3560.0,196961215#2,2
3560.0,244450512#4,5
3560.0,244450512#5,1
3560.0,263217604#0,3
3560.0,288878926#0,5
3560.0,30620492#0,17
3560.0,30620492#1,5
3560.0,360018417,1
3560.0,49073226#2,8
3560.0,506322844#0,7
3560.0,51362430,1
3560.0,593847704#0,2
3560.0,:3086736518_6,1
3560.0,:3208478121_3,1
3560.0,:cluster_2528018119_655375236_17,1
3560.0,:cluster_2528018119_655375236_31,1
3580.0,-300077497#5,20
3580.0,-300077497#8,3
3580.0,-49073264#1,1
3580.0,-51362429#1,6
3580.0,-593847703#3,21
3580.0,-E0,16
3580.0,1068440004#1,1
3580.0,196961215#2,2
3580.0,196961377#3,2
3580.0,244450512#4,2
3580.0,244450512#5,3
3580.0,30620492#0,18
3580.0,30620492#1,5
3580.0,49073226#2,9
3580.0,506322844#0,7
3580.0,593847704#0,5
3580.0,593849711#0,1
3580.0,594658757#0,2
3580.0,594658760#0,1
3580.0,:3208478128_0,1
3600.0,-300077497#5,23
3600.0,-49073264#1,1
3600.0,-51362429#1,6
3600.0,-593847703#3,21
3600.0,-E0,19
3600.0,1068440004#1,1
3600.0,196961215#2,2
3600.0,244450512#4,2
3600.0,244450512#5,3
3600.0,30620492#0,18
3600.0,30620492#1,5
3600.0,49073226#2,9
3600.0,506322844#0,7
3600.0,593847704#0,5
3600.0,594658757#0,2
3600.0,594658760#0,1
3600.0,:3208478128_0,1
3620.0,-300077497#5,27
3620.0,-300077497#8,3
3620.0,-49073264#1,1
3620.0,-51362429#1,9
3620.0,-593847703#3,13
3620.0,-E0,19
3620.0,1068440004#1,2
3620.0,244450512#4,2
3620.0,244450512#5,3
3620.0,263217604#0,2
3620.0,288878926#0,8
3620.0,30620492#0,18
3620.0,30620492#1,5
3620.0,49073226#2,2
3620.0,506322844#0,2
3620.0,593847702#0,2
3620.0,593847704#0,6
3620.0,594658757#0,1
3620.0,:3208478128_0,1
3620.0,:655375232_8,1
3620.0,:655375239_5,1
3620.0,:cluster_3431431575_4777363357_655375231_6982059025_3,1
3620.0,:cluster_623980147_623980152_4,1
3640.0,-300077497#5,27
3640.0,-300077497#8,4
3640.0,-51362429#1,1
3640.0,-593847703#3,13
3640.0,-E0,19
3640.0,244450512#4,2
3640.0,244450512#5,3
3640.0,263217604#0,2
3640.0,288878926#0,13
3640.0,30620492#0,18
3640.0,30620492#1,5
3640.0,49073226#2,7
3640.0,49073272#1,2
3640.0,506322844#0,5
3640.0,593847702#0,4
3640.0,593849718#0,2
3640.0,594658757#0,1
3640.0,:3208478128_0,1
3640.0,:cluster622618015_622618108_622618112_622618144_#2more_42,1
3640.0,:cluster_3431431575_4777363357_655375231_6982059025_3,1
3660.0,-300077497#5,22
3660.0,-300077497#8,4
3660.0,-49073264#1,1
3660.0,-51362429#1,1
3660.0,-593847703#3,18
3660.0,-E0,17
3660.0,1239087514,2
3660.0,288878926#0,11
3660.0,30620492#0,18
3660.0,30620492#1,5
3660.0,360018417,2
3660.0,49073226#2,8
3660.0,506322844#0,5
3660.0,51362430,3
3660.0,593844221#0,1
3660.0,593847702#0,4
3660.0,593847704#0,1
3660.0,593849711#0,1
3660.0,594658757#0,3
3660.0,:3086736518_6,1
3680.0,-300077497#5,24
3680.0,-300077497#8,1
3680.0,-49073264#1,1
3680.0,-51362429#1,1
3680.0,-593847703#3,18
3680.0,-E0,14
3680.0,1068440004#1,1
3680.0,288878926#0,5
3680.0,30620492#0,18
3680.0,30620492#1,5
3680.0,484988951#0,2
3680.0,49073226#2,11
3680.0,506322844#0,5
3680.0,593847702#0,4
3680.0,593847704#0,6
3680.0,594658757#0,3
3680.0,:655375238_5,1
3680.0,:cluster622618015_622618108_622618112_622618144_#2more_49,2
3700.0,-300077497#5,27
3700.0,-300077497#8,2
3700.0,-49073264#1,1
3700.0,-51362429#1,1
3700.0,-593847703#3,18
3700.0,-E0,19
3700.0,1068440004#1,1
3700.0,288878926#0,5
3700.0,30620492#0,18
3700.0,30620492#1,5
3700.0,49073226#2,13
3700.0,49073272#1,3
3700.0,506322844#0,2
3700.0,593847704#0,6
3700.0,594658757#0,3
3700.0,:655375239_5,1
3700.0,:cluster622618015_622618108_622618112_622618144_#2more_29,1
3720.0,-300077497#5,27
3720.0,-300077497#8,4
3720.0,-51362429#1,4
3720.0,-593847703#3,10
3720.0,-E0,19
3720.0,1068440004#1,1
3720.0,288878926#0,5
3720.0,30620492#0,18
3720.0,30620492#1,5
3720.0,49073226#2,13
3720.0,49073272#1,1
3720.0,49073272#3,3
3720.0,506322844#0,5
3720.0,593847702#0,1
3720.0,593847704#0,4
3720.0,594658757#0,3
3720.0,:3086736518_4,1
3720.0,:655375232_8,1
3720.0,:655375233_2,1
3720.0,:655375233_4,1
3720.0,:cluster622618015_622618108_622618112_622618144_#2more_17,1
3720.0,:cluster622618015_622618108_622618112_622618144_#2more_39,1
3720.0,:cluster622618015_622618108_622618112_622618144_#2more_42,1
3740.0,-300077497#5,23
3740.0,-300077497#8,4
3740.0,-49073264#1,1
3740.0,-51362429#1,7
3740.0,-593847703#3,12
3740.0,-E0,19
3740.0,288878926#0,5
3740.0,30620492#0,18
3740.0,30620492#1,5
3740.0,360018417,1
3740.0,49073226#2,13
3740.0,49073272#1,2
3740.0,49073272#3,1
3740.0,506322844#0,5
3740.0,593847702#0,3
3740.0,593849718#0,1
3740.0,594658757#0,3
3740.0,:3208478121_3,1
3740.0,:cluster_2528018119_655375236_17,2
3760.0,-300077497#5,14
3760.0,-300077497#8,4
3760.0,-49073264#1,1
3760.0,-51362429#1,7
3760.0,-593847703#3,20
3760.0,-E0,18
3760.0,1068440004#1,1
3760.0,182334378#0,1
3760.0,196961377#3,3
3760.0,30620492#0,18
3760.0,30620492#1,5
3760.0,360018417,1
3760.0,49073226#2,13
3760.0,506322844#0,5
3760.0,593847702#0,3
3760.0,593849711#0,1
3760.0,594658757#0,3
3760.0,:3086736518_6,1
3760.0,:619136999_3,1
3760.0,:cluster_2528018119_655375236_19,1
3780.0,-300077497#5,18
3780.0,-49073264#1,1
3780.0,-51362429#1,7
3780.0,-593847703#3,20
3780.0,-E0,13
3780.0,1068440004#1,1
3780.0,232003903#0,1
3780.0,30620492#0,18
3780.0,30620492#1,5
3780.0,49073226#2,13
3780.0,506322844#0,5
3780.0,51362430,1
3780.0,593847702#0,3
3780.0,593847704#0,5
3780.0,593849711#0,1
3780.0,594658757#0,3
3800.0,-300077497#5,24
3800.0,-300077497#8,1
3800.0,-49073264#1,1
3800.0,-51362429#1,7
3800.0,-593847703#3,20
3800.0,-E0,19
3800.0,1068440004#1,1
3800.0,30620492#0,18
3800.0,30620492#1,5
3800.0,49073226#2,14
3800.0,49073272#3,3
3800.0,506322844#0,2
3800.0,51362430,1
3800.0,593847704#0,5
3800.0,594658757#0,2
3800.0,:655375239_6,1
3820.0,-300077497#5,27
3820.0,-51362429#1,8
3820.0,-593847703#3,15
3820.0,-E0,19
3820.0,1068440004#1,3
3820.0,263217604#0,1
3820.0,30620492#0,18
3820.0,30620492#1,5
3820.0,484988951#0,1
3820.0,49073226#2,14
3820.0,49073272#3,3
3820.0,506322844#0,5
3820.0,593847702#0,1
3820.0,593849718#0,2
3820.0,:655375232_8,1
3820.0,:655375233_2,1
3820.0,:655375233_4,1
3820.0,:cluster622618015_622618108_622618112_622618144_#2more_39,2
3840.0,-300077497#5,20
3840.0,-51362429#1,9
3840.0,-593847703#3,20
3840.0,-E0,19
3840.0,182334378#0,1
3840.0,288878926#0,2
3840.0,30620492#0,18
3840.0,30620492#1,5
3840.0,360018417,3
3840.0,360843888,1
3840.0,484988951#0,1
3840.0,49073226#2,12
3840.0,506322844#0,5
3840.0,593847702#0,3
3840.0,593847704#0,1
3840.0,:655375233_8,2
3840.0,:cluster_2528018119_655375236_17,1
3860.0,-300077497#5,19
3860.0,-51362429#1,7
3860.0,-593847703#3,22
3860.0,-E0,19
3860.0,196961377#3,1
3860.0,288878926#0,5
3860.0,30620492#0,17
3860.0,30620492#1,5
3860.0,360843888,1
3860.0,49073226#2,5
3860.0,506322844#0,5
3860.0,593847702#0,5
3860.0,593847704#0,1
3860.0,:cluster622618015_622618108_622618112_622618144_#2more_49,2
3860.0,:cluster655375336_end_0_655375336_end_1_655375336_end_10_655375336_end_11_#8more_6,1
3860.0,:cluster_2528018119_655375236_17,1
3860.0,:cluster_3431431575_4777363357_655375231_6982059025_3,2
3860.0,:cluster_3431431575_4777363357_655375231_6982059025_7,1
3860.0,:cluster_623980147_623980152_4,1
3880.0,-300077497#5,20
3880.0,-300077497#8,1
3880.0,-51362429#1,2
3880.0,-593847703#3,23
3880.0,-E0,13
3880.0,232003903#0,1
3880.0,288878926#0,12
3880.0,30620492#0,18
3880.0,30620492#1,5
3880.0,360843888,1
3880.0,49073226#2,5
3880.0,49073272#1,2
3880.0,49073272#3,1
3880.0,506322844#0,2
3880.0,593847702#0,1
3880.0,593847704#0,7
3880.0,:655375238_5,1
3880.0,:655375239_5,1
3880.0,:cluster622618015_622618108_622618112_622618144_#2more_29,1
3880.0,:cluster_3431431575_4777363357_655375231_6982059025_3,2
3900.0,-300077497#5,26
3900.0,-593847703#3,23
3900.0,-E0,18
3900.0,232003903#0,1
3900.0,288878926#0,13
3900.0,30620492#0,18
3900.0,30620492#1,5
3900.0,360843888,1
3900.0,49073226#2,8
3900.0,49073272#1,2
3900.0,49073272#3,3
3900.0,593847704#0,5
3900.0,:cluster622618015_622618108_622618112_622618144_#2more_37,1
3900.0,:cluster622618015_622618108_622618112_622618144_#2more_39,1
3920.0,-300077497#5,26
3920.0,-593847703#3,20
3920.0,-E0,19
3920.0,244450512#5,1
3920.0,288878926#0,13
3920.0,30620492#0,18
3920.0,30620492#1,3
3920.0,360018417,1
3920.0,49073226#2,8
3920.0,49073264#0,1
3920.0,49073272#1,3
3920.0,49073272#3,1
3920.0,51362430,1
3920.0,593849718#0,2
3920.0,:3086736518_4,1
3920.0,:3208478121_3,1
3920.0,:655375233_4,2
3920.0,:cluster_9383263990_9383263991_9383263992_9383263993_13,2
3940.0,-300077497#5,23
3940.0,-49073264#1,1
3940.0,-51362429#1,6
3940.0,-593847703#3,15
3940.0,-E0,19
3940.0,196961377#3,3
3940.0,244450512#5,1
3940.0,288878926#0,7
3940.0,30620492#0,13
3940.0,30620492#1,5
3940.0,360018417,2
3940.0,49073226#2,9
3940.0,506322844#0,5
3940.0,593847702#0,1
3940.0,593849711#0,2
3940.0,:619136999_3,1
3940.0,:cluster_2528018119_655375236_17,3
3960.0,-300077497#5,23
3960.0,-49073264#1,1
3960.0,-51362429#1,6
3960.0,-593847703#3,18
3960.0,-E0,19
3960.0,196961377#3,2
3960.0,244450512#5,1
3960.0,288878926#0,5
3960.0,30620492#0,15
3960.0,30620492#1,5
3960.0,49073226#2,9
3960.0,506322842#0,1
3960.0,506322844#0,7
3960.0,593847702#0,1
3960.0,593849711#0,1
3960.0,:cluster622618015_622618108_622618112_622618144_#2more_49,1
3980.0,-300077497#5,27
3980.0,-300077497#8,1
3980.0,-49073264#1,1
3980.0,-51362429#1,6
3980.0,-593847703#3,18
3980.0,-E0,13
3980.0,196961377#3,2
3980.0,244450512#5,1
3980.0,263217604#0,2
3980.0,288878926#0,5
3980.0,30620492#0,18
3980.0,30620492#1,5
3980.0,49073226#2,9
3980.0,49073272#3,1
3980.0,593847704#0,5
3980.0,:3086736518_6,1
3980.0,:cluster_5372642442_631668976_631668981_631669076_36,1
4000.0,-300077497#5,27
4000.0,-300077497#8,1
4000.0,-51362429#1,6
4000.0,-593847703#3,18
4000.0,-E0,17
4000.0,1068234499#0,1
4000.0,196961377#3,2
4000.0,244450512#5,1
4000.0,263217604#0,2
4000.0,288878926#0,5
4000.0,30620492#0,18
4000.0,30620492#1,5
4000.0,49073226#2,9
4000.0,49073272#3,1
4000.0,593849718#0,4
4000.0,:cluster622618015_622618108_622618112_622618144_#2more_39,2
4020.0,-300077497#5,27
4020.0,-300077497#8,1
4020.0,-51362429#1,6
4020.0,-593847703#3,17
4020.0,-E0,19
4020.0,1068234499#0,1
4020.0,196961377#3,1
4020.0,288878926#0,3
4020.0,30620492#0,14
4020.0,30620492#1,3
4020.0,360018417,1
4020.0,49073226#2,9
4020.0,506322844#0,4
4020.0,51362430,1
4020.0,593849711#0,1
4020.0,594658757#0,2
4020.0,:2749340167_0,1
4020.0,:655375233_4,1
4020.0,:cluster622618015_622618108_622618112_622618144_#2more_26,1
4020.0,:cluster_9383263990_9383263991_9383263992_9383263993_13,1
4040.0,-300077497#5,22
4040.0,-300077497#8,1
4040.0,-51362429#1,9
4040.0,-593847703#3,16
4040.0,-E0,19
4040.0,1068234499#0,1
4040.0,30620492#0,16
4040.0,30620492#1,5
4040.0,49073226#2,10
4040.0,506322844#0,5
4040.0,593847702#0,1
4040.0,593847704#0,1
4040.0,593849711#0,2
4040.0,594658757#0,2
4040.0,:cluster_2528018119_655375236_17,1
4040.0,:cluster_2528018119_655375236_31,1
4060.0,-300077497#5,22
4060.0,-300077497#8,3
4060.0,-51362429#1,9
4060.0,-593847703#3,18
4060.0,-E0,19
4060.0,232003903#0,1
4060.0,30620492#0,18
4060.0,30620492#1,5
4060.0,49073226#2,10
4060.0,49073264#0,1
4060.0,506322844#0,1
4060.0,593847704#0,1
4060.0,594658757#0,2
4060.0,:655375238_5,1
4060.0,:655375239_5,1
4080.0,-300077497#5,27
4080.0,-300077497#8,1
4080.0,-51362429#1,8
4080.0,-593847703#3,18
4080.0,-E0,15
4080.0,232003903#0,1
4080.0,288878926#0,3
4080.0,30620492#0,18
4080.0,30620492#1,5
4080.0,49073226#2,6
4080.0,593847704#0,2
4080.0,594658757#0,2
4080.0,:3086736518_6,2
4080.0,:cluster622618015_622618108_622618112_622618144_#2more_17,1
4080.0,:cluster622618015_622618108_622618112_622618144_#2more_43,1
4080.0,:cluster_3431431575_4777363357_655375231_6982059025_3,1
4080.0,:cluster_623980147_623980152_9,1
4100.0,-300077497#5,23
4100.0,-300077497#8,1
4100.0,-51362429#1,1
4100.0,-593847703#3,20
4100.0,-E0,15
4100.0,288878926#0,10
4100.0,30620492#0,18
4100.0,30620492#1,3
4100.0,49073226#2,4
4100.0,51362430,1
4100.0,593847704#0,2
4100.0,593849718#0,2
4100.0,593852345#0,1
4100.0,594658757#0,1
4100.0,:cluster622618015_622618108_622618112_622618144_#2more_39,1
4100.0,:cluster655375336_end_0_655375336_end_1_655375336_end_10_655375336_end_11_#8more_21,1
4100.0,:cluster_2528018119_655375236_17,2
4100.0,:cluster_3431431575_4777363357_655375231_6982059025_3,3
4100.0,:cluster_623980147_623980152_9,1
4100.0,:cluster_9383263990_9383263991_9383263992_9383263993_13,2
4120.0,-300077497#5,21
4120.0,-300077497#8,1
4120.0,-593847703#3,23
4120.0,-E0,19
4120.0,1239087514,1
4120.0,288878926#0,7
4120.0,30620492#0,13
4120.0,30620492#1,5
4120.0,49073226#2,6
4120.0,506322844#0,5
4120.0,593847704#0,2
4120.0,593849711#0,1
4120.0,593852345#0,1
4120.0,:cluster_623980147_623980152_9,1
4140.0,-300077497#5,21
4140.0,-51362429#1,3
4140.0,-593847703#3,18
4140.0,-E0,19
4140.0,196961215#2,1
4140.0,288878926#0,8
4140.0,30620492#0,16
4140.0,30620492#1,5
4140.0,49073226#2,6
4140.0,506322844#0,7
4140.0,593847704#0,2
4140.0,:655375232_8,1
4140.0,:cluster_3431431575_4777363357_655375231_6982059025_3,1
4160.0,-300077497#5,24
4160.0,-51362429#1,3
4160.0,-593847703#3,18
4160.0,-E0,19
4160.0,196961215#2,1
4160.0,263217604#0,4
4160.0,288878926#0,8
4160.0,30620492#0,18
4160.0,30620492#1,5
4160.0,49073226#2,8
4160.0,593847704#0,2
4180.0,-300077497#5,24
4180.0,-51362429#1,3
4180.0,-593847703#3,18
4180.0,-E0,17
4180.0,196961215#2,1
4180.0,263217604#0,4
4180.0,288878926#0,8
4180.0,30620492#0,18
4180.0,30620492#1,5
4180.0,49073226#2,8
4180.0,593849718#0,2
4180.0,:3086736518_6,2
4200.0,-300077497#5,21
4200.0,-51362429#1,3
4200.0,-593847703#3,21
4200.0,-E0,15
4200.0,196961215#2,1
4200.0,288878926#0,6
4200.0,30620492#0,14
4200.0,30620492#1,3
4200.0,49073226#2,8
4200.0,506322844#0,5
4200.0,593847704#0,5
4200.0,593849711#0,2
4200.0,594658757#0,2
4200.0,594658760#0,1
4200.0,:2749340167_0,1
4200.0,:cluster3086736522_655375108_655375247_655375401_#1more_16,1
4220.0,-300077497#5,17
4220.0,-51362429#1,3
4220.0,-593847703#3,23
4220.0,-E0,20
4220.0,196961215#2,1
4220.0,30620492#0,16
4220.0,30620492#1,5
4220.0,49073226#2,8
4220.0,506322844#0,5
4220.0,593847704#0,5
4220.0,594658757#0,3
4220.0,:cluster_2528018119_655375236_17,2
4240.0,-300077497#5,18
4240.0,-300077497#8,1
4240.0,-51362429#1,5
4240.0,-593847703#3,16
4240.0,-E0,20
4240.0,196961215#2,1
4240.0,263217604#0,1
4240.0,30620492#0,17
4240.0,30620492#1,5
4240.0,49073226#2,8
4240.0,506322844#0,1
4240.0,593847702#0,2
4240.0,593847704#0,6
4240.0,594658757#0,3
4240.0,:3086736518_4,1
4240.0,:655375233_2,1
4240.0,:655375233_4,1
4240.0,:655375238_5,1
4240.0,:655375239_5,1
4260.0,-300077497#5,22
4260.0,-51362429#1,7
4260.0,-593847703#3,16
4260.0,-E0,20
4260.0,196961215#2,1
4260.0,263217604#0,1
4260.0,30620492#0,18
4260.0,30620492#1,5
4260.0,49073226#2,8
4260.0,49073264#0,1
4260.0,49073272#3,1
4260.0,593847702#0,1
4260.0,593847704#0,4
4260.0,594658757#0,3
4260.0,:cluster622618015_622618108_622618112_622618144_#2more_39,1
4260.0,:cluster622618015_622618108_622618112_622618144_#2more_42,1
4280.0,-300077497#5,18
4280.0,-49073264#1,1
4280.0,-51362429#1,7
4280.0,-593847703#3,18
4280.0,-E0,19
4280.0,196961215#2,1
4280.0,263217604#0,1
4280.0,30620492#0,18
4280.0,30620492#1,3
4280.0,360018417,1
4280.0,49073226#2,8
4280.0,593847702#0,1
4280.0,593849711#0,1
4280.0,594658757#0,3
4280.0,:3086736518_6,1
4280.0,:3208478121_3,1
4280.0,:cluster_2528018119_655375236_17,2
4280.0,:cluster_9383263990_9383263991_9383263992_9383263993_13,2
4300.0,-300077497#5,10
4300.0,-49073264#1,1
4300.0,-51362429#1,7
4300.0,-593847703#3,25
4300.0,-E0,14
4300.0,182334378#0,1
4300.0,196961215#2,1
4300.0,196961377#3,2
4300.0,30620492#0,12
4300.0,30620492#1,5
4300.0,49073226#2,8
4300.0,506322842#0,1
4300.0,506322844#0,5
4300.0,593847702#0,1
4300.0,593847704#0,6
4300.0,594658757#0,4
4300.0,:cluster_2528018119_655375236_17,2
4320.0,-300077497#5,8
4320.0,-49073264#1,1
4320.0,-51362429#1,7
4320.0,-593847703#3,29
4320.0,-E0,19
4320.0,288878926#0,6
4320.0,30620492#0,16
4320.0,30620492#1,5
4320.0,49073226#2,2
4320.0,506322842#0,1
4320.0,506322844#0,7
4320.0,593847702#0,1
4320.0,593847704#0,6
4320.0,594658757#0,4
4320.0,:cluster_623980147_623980152_9,1
4340.0,-300077497#5,13
4340.0,-49073264#1,1
4340.0,-51362429#1,1
4340.0,-593847703#3,24
4340.0,-E0,19
4340.0,263217604#0,2
4340.0,288878926#0,10
4340.0,30620492#0,18
4340.0,30620492#1,5
4340.0,49073226#2,3
4340.0,49073272#3,1
4340.0,593847702#0,1
4340.0,593847704#0,6
4340.0,594658757#0,4
4340.0,:655375232_8,1
4340.0,:655375233_4,2
4340.0,:cluster_3431431575_4777363357_655375231_6982059025_3,2
4340.0,:cluster_5372642442_631668976_631668981_631669076_36,1
4340.0,:cluster_623980147_623980152_4,1
4360.0,-300077497#5,13
4360.0,-51362429#1,1
4360.0,-593847703#3,22
4360.0,-E0,19
4360.0,1068234499#0,1
4360.0,263217604#0,2
4360.0,288878926#0,13
4360.0,30620492#0,18
4360.0,30620492#1,5
4360.0,49073226#2,7
4360.0,49073272#3,1
4360.0,593847702#0,1
4360.0,593849718#0,3
4360.0,594658757#0,4
4360.0,:cluster622618015_622618108_622618112_622618144_#2more_39,3
4380.0,-300077497#5,5
4380.0,-51362429#1,1
4380.0,-593847703#3,29
4380.0,-E0,19
4380.0,1068234499#0,1
4380.0,288878926#0,11
4380.0,30620492#0,14
4380.0,30620492#1,4
4380.0,360018417,1
4380.0,49073226#2,7
4380.0,506322844#0,5
4380.0,593847702#0,1
4380.0,593849711#0,2
4380.0,594658757#0,5
4380.0,594658760#0,1
4380.0,:cluster_2528018119_655375236_17,1
4400.0,-51362429#1,1
4400.0,-593847703#3,35
4400.0,-E0,11
4400.0,1068234499#0,1
4400.0,288878926#0,5
4400.0,30620492#0,16
4400.0,30620492#1,4
4400.0,49073226#2,7
4400.0,506322844#0,6
4400.0,593847702#0,1
4400.0,593847704#0,6
4400.0,594658757#0,5
4400.0,594658760#0,1
4400.0,:cluster622618015_622618108_622618112_622618144_#2more_49,1
4400.0,:cluster_9383263990_9383263991_9383263992_9383263993_13,1
4420.0,-300077497#5,1
4420.0,-300077497#8,2
4420.0,-51362429#1,1
4420.0,-593847703#3,35
4420.0,-E0,17
4420.0,1068234499#0,1
4420.0,263217604#0,2
4420.0,288878926#0,5
4420.0,30620492#0,17
4420.0,30620492#1,5
4420.0,49073226#2,7
4420.0,49073264#0,1
4420.0,506322844#0,1
4420.0,593847704#0,6
4420.0,:655375239_5,1
4420.0,:cluster655375336_end_0_655375336_end_1_655375336_end_10_655375336_end_11_#8more_21,1
4440.0,-300077497#5,5
4440.0,-49073264#1,1
4440.0,-51362429#1,1
4440.0,-593847703#3,31
4440.0,-E0,19
4440.0,1068234499#0,1
4440.0,263217604#0,2
4440.0,288878926#0,5
4440.0,30620492#0,18
4440.0,30620492#1,5
4440.0,49073226#2,7
4440.0,593847704#0,4
4440.0,:655375233_2,1
4440.0,:655375233_4,3
4440.0,:cluster622618015_622618108_622618112_622618144_#2more_39,2
4460.0,-300077497#5,2
4460.0,-51362429#1,5
4460.0,-593847703#3,25
4460.0,-E0,19
4460.0,1068234499#0,1
4460.0,182334378#0,1
4460.0,263217604#0,2
4460.0,288878926#0,5
4460.0,30620492#0,18
4460.0,30620492#1,3
4460.0,49073226#2,7
4460.0,593847702#0,1
4460.0,593849718#0,2
4460.0,:cluster_2528018119_655375236_31,1
4460.0,:cluster_9383263990_9383263991_9383263992_9383263993_13,2
4480.0,-51362429#1,5
4480.0,-593847703#3,26
4480.0,-E0,19
4480.0,1068234499#0,1
4480.0,182334378#0,3
4480.0,30620492#0,13
4480.0,30620492#1,5
4480.0,49073226#2,7
4480.0,506322844#0,5
4480.0,593847702#0,1
4480.0,594658757#0,2
4500.0,-51362429#1,5
4500.0,-593847703#3,26
4500.0,-E0,13
4500.0,1068234499#0,1
4500.0,182334378#0,3
4500.0,30620492#0,16
4500.0,30620492#1,5
4500.0,49073226#2,7
4500.0,506322844#0,7
4500.0,593847702#0,1
4500.0,593847704#0,4
4500.0,594658757#0,2
4500.0,:3086736518_6,1
4520.0,-300077497#5,5
4520.0,-51362429#1,5
4520.0,-593847703#3,27
4520.0,-E0,17
4520.0,263217604#0,2
4520.0,30620492#0,18
4520.0,30620492#1,5
4520.0,49073226#2,7
4520.0,49073272#3,1
4520.0,593847704#0,5
4520.0,594658757#0,2
4540.0,-300077497#5,5
4540.0,-51362429#1,5
4540.0,-593847703#3,25
4540.0,-E0,19
4540.0,263217604#0,2
4540.0,288878926#0,1
4540.0,30620492#0,18
4540.0,30620492#1,5
4540.0,49073226#2,5
4540.0,49073272#3,1
4540.0,593849718#0,4
4540.0,594658757#0,2
4540.0,:655375233_4,2
4540.0,:cluster622618015_622618108_622618112_622618144_#2more_39,1
4540.0,:cluster_623980147_623980152_4,1
4560.0,-51362429#1,1
4560.0,-593847703#3,18
4560.0,-E0,19
4560.0,182334378#0,3
4560.0,288878926#0,6
4560.0,30620492#0,14
4560.0,30620492#1,3
4560.0,360018417,1
4560.0,49073226#2,5
4560.0,506322844#0,5
4560.0,593847702#0,1
4560.0,593847704#0,2
4560.0,593849711#0,1
4560.0,594658757#0,3
4560.0,594658760#0,1
4560.0,:2749340167_0,1
4580.0,-593847703#3,18
4580.0,-E0,19
4580.0,182334378#0,3
4580.0,288878926#0,5
4580.0,30620492#0,16
4580.0,30620492#1,5
4580.0,506322844#0,5
4580.0,593847702#0,1
4580.0,593847704#0,2
4580.0,594658757#0,3
4580.0,594658760#0,1
4580.0,:cluster622618015_622618108_622618112_622618144_#2more_49,1
4580.0,:cluster_623980147_623980152_4,1
4600.0,-593847703#3,18
4600.0,-E0,15
4600.0,182334378#0,3
4600.0,263217604#0,2
4600.0,288878926#0,6
4600.0,30620492#0,17
4600.0,30620492#1,5
4600.0,506322844#0,2
4600.0,593847704#0,4
4600.0,593852345#0,1
4600.0,594658757#0,3
4600.0,594658760#0,1
4600.0,:3086736518_6,1
4600.0,:655375239_5,1
4600.0,:655375239_6,1
4620.0,-300077497#5,2
4620.0,-593847703#3,18
4620.0,-E0,9
4620.0,182334378#0,1
4620.0,196961215#2,1
4620.0,263217604#0,4
4620.0,288878926#0,6
4620.0,30620492#0,18
4620.0,30620492#1,5
4620.0,593847704#0,5
4620.0,594658757#0,3
4620.0,594658760#0,1
4620.0,:cluster622618015_622618108_622618112_622618144_#2more_37,1
4620.0,:cluster622618015_622618108_622618112_622618144_#2more_52,1
4620.0,:cluster655375336_end_0_655375336_end_1_655375336_end_10_655375336_end_11_#8more_39,1
4620.0,:cluster655375336_end_0_655375336_end_1_655375336_end_10_655375336_end_11_#8more_5,1
4640.0,-593847703#3,20
4640.0,-E0,16
4640.0,196961215#2,2
4640.0,263217604#0,4
4640.0,288878926#0,6
4640.0,30620492#0,18
4640.0,30620492#1,3
4640.0,360018417,1
4640.0,593849718#0,3
4640.0,594658757#0,3
4640.0,594658760#0,1
4640.0,:cluster_9383263990_9383263991_9383263992_9383263993_13,2
4660.0,-51362429#1,1
4660.0,-593847703#3,8
4660.0,-E0,19
4660.0,196961215#2,2
4660.0,196961377#3,1
4660.0,30620492#0,13
4660.0,30620492#1,5
4660.0,506322844#0,5
4660.0,593849711#0,1
4660.0,594658757#0,5
4660.0,594658760#0,3
4660.0,:cluster622618015_622618108_622618112_622618144_#2more_0,1
4660.0,:cluster_3431431575_4777363357_655375231_6982059025_3,2
4680.0,-593847703#3,8
4680.0,-E0,19
4680.0,196961215#2,2
4680.0,30620492#0,18
4680.0,30620492#1,5
4680.0,49073226#2,3
4680.0,506322844#0,5
4680.0,594658757#0,5
4680.0,594658760#0,3
4700.0,-300077497#5,5
4700.0,-593847703#3,8
4700.0,-E0,17
4700.0,196961215#2,2
4700.0,30620492#0,18
4700.0,30620492#1,5
4700.0,49073226#2,3
4700.0,594658757#0,5
4700.0,594658760#0,3
4700.0,:3086736518_6,2
4720.0,-300077497#5,5
4720.0,-593847703#3,8
4720.0,-E0,14
4720.0,196961215#2,2
4720.0,30620492#0,18
4720.0,30620492#1,5
4720.0,49073226#2,3
4720.0,593847704#0,1
4720.0,593849718#0,2
4720.0,594658757#0,5
4720.0,594658760#0,3
4740.0,-593847703#3,11
4740.0,-E0,18
4740.0,182334378#0,2
4740.0,196961215#2,2
4740.0,30620492#0,14
4740.0,30620492#1,4
4740.0,49073226#2,3
4740.0,506322844#0,4
4740.0,594658757#0,5
4740.0,594658760#0,3
4740.0,:cluster_9383263990_9383263991_9383263992_9383263993_13,1
4760.0,-593847703#3,1
4760.0,-E0,20
4760.0,182334378#0,2
4760.0,196961215#2,2
4760.0,30620492#0,16
4760.0,30620492#1,5
4760.0,49073226#2,3
4760.0,506322844#0,5
4760.0,594658757#0,4
4760.0,594658760#0,2
4760.0,:655375233_4,1
4780.0,-300077497#5,1
4780.0,-300077497#8,1
4780.0,-593847703#3,1
4780.0,-E0,20
4780.0,182334378#0,2
4780.0,263217604#0,2
4780.0,288878926#0,5
4780.0,30620492#0,17
4780.0,30620492#1,5
4780.0,506322844#0,1
4780.0,594658757#0,4
4780.0,594658760#0,2
4780.0,:655375239_5,1
4800.0,-300077497#5,4
4800.0,-593847703#3,1
4800.0,-E0,19
4800.0,182334378#0,2
4800.0,263217604#0,2
4800.0,288878926#0,5
4800.0,30620492#0,18
4800.0,30620492#1,5
4800.0,594658757#0,4
4800.0,594658760#0,2
4800.0,:3086736518_6,1
4820.0,-593847703#3,3
4820.0,-E0,14
4820.0,182334378#0,2
4820.0,263217604#0,2
4820.0,288878926#0,5
4820.0,30620492#0,18
4820.0,30620492#1,3
4820.0,593847704#0,2
4820.0,594658757#0,4
4820.0,594658760#0,2
4820.0,:cluster622618015_622618108_622618112_622618144_#2more_39,1
4820.0,:cluster_2528018119_655375236_17,1
4820.0,:cluster_2528018119_655375236_19,1
4820.0,:cluster_9383263990_9383263991_9383263992_9383263993_13,2
4840.0,-593847703#3,4
4840.0,-E0,17
4840.0,30620492#0,13
4840.0,30620492#1,5
4840.0,506322844#0,5
4840.0,593847704#0,2
4840.0,593849711#0,1
4840.0,594658757#0,5
4840.0,594658760#0,3
4860.0,-E0,17
4860.0,30620492#0,17
4860.0,30620492#1,5
4860.0,506322844#0,6
4860.0,593847704#0,2
4860.0,594658757#0,4
4860.0,594658760#0,2
4860.0,:cluster655375336_end_0_655375336_end_1_655375336_end_10_655375336_end_11_#8more_17,1
4860.0,:cluster655375336_end_0_655375336_end_1_655375336_end_10_655375336_end_11_#8more_21,1
4880.0,-300077497#5,4
4880.0,-E0,20
4880.0,263217604#0,2
4880.0,30620492#0,18
4880.0,30620492#1,5
4880.0,593847704#0,2
4880.0,594658757#0,3
4880.0,594658760#0,1
4880.0,:cluster655375336_end_0_655375336_end_1_655375336_end_10_655375336_end_11_#8more_21,1
4900.0,-300077497#5,4
4900.0,-E0,20
4900.0,263217604#0,2
4900.0,30620492#0,18
4900.0,30620492#1,5
4900.0,593849718#0,2
4900.0,594658757#0,3
4900.0,594658760#0,1
4900.0,:cluster655375336_end_0_655375336_end_1_655375336_end_10_655375336_end_11_#8more_21,1
4920.0,-593847703#3,4
4920.0,-E0,14
4920.0,30620492#0,14
4920.0,30620492#1,3
4920.0,506322844#0,5
4920.0,593847704#0,6
4920.0,594658757#0,4
4920.0,594658760#0,2
4920.0,:cluster655375336_end_0_655375336_end_1_655375336_end_10_655375336_end_11_#8more_21,1
4920.0,:cluster_9383263990_9383263991_9383263992_9383263993_21,1
4940.0,-593847703#3,4
4940.0,-E0,16
4940.0,30620492#0,15
4940.0,30620492#1,4
4940.0,506322842#0,1
4940.0,506322844#0,5
4940.0,593847704#0,6
4940.0,594658757#0,3
4940.0,594658760#0,1
4940.0,:cluster655375336_end_0_655375336_end_1_655375336_end_10_655375336_end_11_#8more_17,1
4940.0,:cluster_9383263990_9383263991_9383263992_9383263993_13,1
4960.0,-300077497#5,1
4960.0,-300077497#8,1
4960.0,-E0,19
4960.0,263217604#0,2
4960.0,30620492#0,17
4960.0,30620492#1,5
4960.0,506322844#0,1
4960.0,506322846#0,1
4960.0,593847704#0,6
4960.0,594658757#0,1
4960.0,:655375233_4,3
4960.0,:655375239_5,1
4960.0,:cluster655375336_end_0_655375336_end_1_655375336_end_10_655375336_end_11_#8more_21,1
4980.0,-300077497#5,4
4980.0,-E0,20
4980.0,263217604#0,2
4980.0,288135626#0,1
4980.0,30620492#0,18
4980.0,30620492#1,5
4980.0,593847704#0,5
4980.0,594658757#0,1
4980.0,:cluster622618015_622618108_622618112_622618144_#2more_39,1
5000.0,-593847703#3,3
5000.0,-E0,20
5000.0,263217604#0,2
5000.0,30620492#0,18
5000.0,30620492#1,3
5000.0,593849718#0,2
5000.0,594658757#0,1
5000.0,:cluster_2528018119_655375236_17,2
5000.0,:cluster_9383263990_9383263991_9383263992_9383263993_13,2
5020.0,-593847703#3,5
5020.0,-E0,14
5020.0,30620492#0,13
5020.0,30620492#1,4
5020.0,506322844#0,5
5020.0,593847704#0,5
5020.0,594658757#0,1
5020.0,594658760#0,2
5020.0,:3086736518_6,1
5020.0,:cluster_9383263990_9383263991_9383263992_9383263993_13,1
5040.0,-593847703#3,5
5040.0,-E0,4
5040.0,30620492#0,15
5040.0,30620492#1,5
5040.0,506322842#0,1
5040.0,506322844#0,7
5040.0,593847704#0,6
5040.0,594658757#0,1
5040.0,594658760#0,2
5060.0,-300077497#5,4
5060.0,-593847703#3,3
5060.0,-E0,3
5060.0,263217604#0,3
5060.0,30620492#0,18
5060.0,30620492#1,5
5060.0,593847704#0,6
5060.0,:655375233_4,2
5060.0,:cluster_5372642442_631668976_631668981_631669076_47,1
5080.0,-300077497#5,4
5080.0,-593847703#3,1
5080.0,263217604#0,3
5080.0,30620492#0,18
5080.0,30620492#1,5
5080.0,593849718#0,3
5080.0,:cluster622618015_622618108_622618112_622618144_#2more_39,3
5100.0,-593847703#3,4
5100.0,30620492#0,14
5100.0,30620492#1,3
5100.0,506322842#0,1
5100.0,506322844#0,3
5100.0,594658757#0,1
5100.0,594658760#0,2
5100.0,:2749340167_0,1
5100.0,:cluster655375336_end_0_655375336_end_1_655375336_end_10_655375336_end_11_#8more_39,1
5100.0,:cluster_9383263990_9383263991_9383263992_9383263993_13,1
5120.0,-593847703#3,4
5120.0,30620492#0,14
5120.0,30620492#1,5
5120.0,506322842#0,1
5120.0,506322844#0,6
5120.0,594658757#0,1
5120.0,594658760#0,2
5140.0,-300077497#5,1
5140.0,-300077497#8,1
5140.0,-593847703#3,4
5140.0,-E0,2
5140.0,263217604#0,1
5140.0,30620492#0,18
5140.0,30620492#1,5
5140.0,506322844#0,1
5140.0,506322846#0,1
5140.0,594658760#0,1
5140.0,:655375238_5,1
5140.0,:655375239_5,1
5160.0,-300077497#5,5
5160.0,-593847703#3,4
5160.0,263217604#0,1
5160.0,288135626#0,1
5160.0,30620492#0,18
5160.0,30620492#1,5
5180.0,-300077497#5,1
5180.0,-593847703#3,2
5180.0,1068234499#0,1
5180.0,263217604#0,1
5180.0,30620492#0,18
5180.0,30620492#1,3
5180.0,506322844#0,1
5180.0,:cluster_2528018119_655375236_17,2
5180.0,:cluster_9383263990_9383263991_9383263992_9383263993_13,1
5200.0,-593847703#3,5
5200.0,1068234499#0,1
5200.0,30620492#0,11
5200.0,30620492#1,4
5200.0,506322844#0,7
5200.0,594658757#0,1
5200.0,:2749340167_0,1
5220.0,-593847703#3,5
5220.0,1068234499#0,1
5220.0,30620492#0,16
5220.0,30620492#1,5
5220.0,506322844#0,8
5220.0,594658757#0,1
5240.0,-300077497#5,3
5240.0,-593847703#3,6
5240.0,263217604#0,5
5240.0,30620492#0,18
5240.0,30620492#1,5
5240.0,:cluster655375336_end_0_655375336_end_1_655375336_end_10_655375336_end_11_#8more_21,1
5260.0,-300077497#5,3
5260.0,-593847703#3,6
5260.0,263217604#0,5
5260.0,30620492#0,18
5260.0,30620492#1,5
5280.0,-593847703#3,2
5280.0,-E0,1
5280.0,263217604#0,1
5280.0,30620492#0,14
5280.0,30620492#1,4
5280.0,506322844#0,5
5280.0,594658757#0,1
5280.0,594658760#0,2
5280.0,:cluster3086736522_655375108_655375247_655375401_#1more_14,1
5300.0,-593847703#3,2
5300.0,30620492#0,15
5300.0,30620492#1,5
5300.0,506322844#0,6
5300.0,594658757#0,1
5300.0,594658760#0,4
5320.0,-300077497#5,1
5320.0,-300077497#8,1
5320.0,-593847703#3,2
5320.0,-E0,1
5320.0,263217604#0,2
5320.0,30620492#0,18
5320.0,30620492#1,5
5320.0,506322844#0,1
5320.0,594658760#0,3
5320.0,:655375239_5,1
5320.0,:cluster655375336_end_0_655375336_end_1_655375336_end_10_655375336_end_11_#8more_17,1
5340.0,-300077497#5,4
5340.0,-593847703#3,2
5340.0,-E0,2
5340.0,263217604#0,2
5340.0,30620492#0,18
5340.0,30620492#1,5
5340.0,:cluster655375336_end_0_655375336_end_1_655375336_end_10_655375336_end_11_#8more_17,1
5360.0,-593847703#3,4
5360.0,263217604#0,2
5360.0,30620492#0,18
5360.0,30620492#1,3
5360.0,:cluster_2528018119_655375236_17,2
5360.0,:cluster_9383263990_9383263991_9383263992_9383263993_13,2
5380.0,30620492#0,13
5380.0,30620492#1,3
5380.0,506322844#0,5
5380.0,594658757#0,2
5380.0,:655375233_4,2
5380.0,:cluster_9383263990_9383263991_9383263992_9383263993_10,1
5380.0,:cluster_9383263990_9383263991_9383263992_9383263993_13,1
5400.0,30620492#0,16
5400.0,30620492#1,5
5400.0,506322842#0,1
5400.0,506322844#0,6
5400.0,594658757#0,2
5420.0,-300077497#5,4
5420.0,263217604#0,2
5420.0,30620492#0,18
5420.0,30620492#1,5
5420.0,594658757#0,2
5420.0,:cluster_5372642442_631668976_631668981_631669076_36,1
5440.0,-300077497#5,4
5440.0,-E0,2
5440.0,1068234499#0,1
5440.0,263217604#0,2
5440.0,30620492#0,18
5440.0,30620492#1,5
5460.0,-593847703#3,3
5460.0,1068234499#0,1
5460.0,182334378#0,1
5460.0,30620492#0,14
5460.0,30620492#1,4
5460.0,506322844#0,5
5460.0,594658757#0,1
5460.0,594658760#0,1
5480.0,1068234499#0,1
5480.0,30620492#0,15
5480.0,30620492#1,5
5480.0,506322844#0,6
5480.0,594658757#0,1
5480.0,594658760#0,1
5480.0,:655375233_4,3
5500.0,-300077497#5,1
5500.0,-300077497#8,1
5500.0,-593847703#3,1
5500.0,263217604#0,1
5500.0,30620492#0,18
5500.0,30620492#1,5
5500.0,506322844#0,1
5500.0,594658757#0,1
5500.0,594658760#0,1
5500.0,:655375238_5,1
5500.0,:655375239_5,1
5520.0,-300077497#5,5
5520.0,-593847703#3,1
5520.0,-E0,1
5520.0,263217604#0,1
5520.0,30620492#0,18
5520.0,30620492#1,5
5540.0,-300077497#5,1
5540.0,-593847703#3,2
5540.0,182334378#0,1
5540.0,263217604#0,1
5540.0,30620492#0,18
5540.0,30620492#1,3
5540.0,506322844#0,1
5540.0,:cluster_2528018119_655375236_17,2
5540.0,:cluster_9383263990_9383263991_9383263992_9383263993_13,1
5560.0,-593847703#3,5
5560.0,182334378#0,1
5560.0,30620492#0,13
5560.0,30620492#1,4
5560.0,506322844#0,5
5560.0,594658757#0,1
5560.0,:cluster_9383263990_9383263991_9383263992_9383263993_13,1
5580.0,-593847703#3,3
5580.0,-E0,1
5580.0,30620492#0,17
5580.0,30620492#1,5
5580.0,506322844#0,6
5580.0,594658757#0,1
5580.0,:655375233_4,2
5600.0,-300077497#5,5
5600.0,263217604#0,1
5600.0,30620492#0,18
5600.0,30620492#1,5
5600.0,594658757#0,1
5620.0,-300077497#5,5
5620.0,263217604#0,1
5620.0,30620492#0,18
5620.0,30620492#1,5
5620.0,:cluster655375336_end_0_655375336_end_1_655375336_end_10_655375336_end_11_#8more_21,1
5640.0,-593847703#3,5
5640.0,30620492#0,14
5640.0,30620492#1,3
5640.0,506322842#0,1
5640.0,506322844#0,2
5640.0,594658760#0,1
5640.0,:2749340167_0,1
5640.0,:cluster_9383263990_9383263991_9383263992_9383263993_13,2
5660.0,-593847703#3,5
5660.0,30620492#0,15
5660.0,30620492#1,5
5660.0,506322842#0,1
5660.0,506322844#0,5
5660.0,594658760#0,1
5680.0,-300077497#5,1
5680.0,-300077497#8,1
5680.0,-593847703#3,5
5680.0,30620492#0,18
5680.0,30620492#1,5
5680.0,506322844#0,1
5680.0,506322846#0,1
5680.0,594658760#0,1
5680.0,:655375238_5,1
5680.0,:655375239_5,1
5700.0,-300077497#5,5
5700.0,-E0,1
5700.0,288135626#0,1
5700.0,30620492#0,18
5700.0,30620492#1,5
5720.0,-300077497#5,1
5720.0,-593847703#3,2
5720.0,1068234499#0,1
5720.0,30620492#0,18
5720.0,30620492#1,3
5720.0,:cluster_2528018119_655375236_17,2
5720.0,:cluster_9383263990_9383263991_9383263992_9383263993_13,2
5740.0,-593847703#3,5
5740.0,1068234499#0,1
5740.0,30620492#0,12
5740.0,30620492#1,5
5740.0,506322842#0,1
5740.0,506322844#0,5
5760.0,-593847703#3,5
5760.0,1068234499#0,1
5760.0,30620492#0,18
5760.0,30620492#1,5
5760.0,506322842#0,1
5760.0,506322844#0,5
5780.0,-300077497#5,4
5780.0,-593847703#3,6
5780.0,263217604#0,1
5780.0,30620492#0,18
5780.0,30620492#1,5
5780.0,:cluster_5372642442_631668976_631668981_631669076_36,1
5800.0,-300077497#5,4
5800.0,1068234499#0,1
5800.0,263217604#0,1
5800.0,30620492#0,18
5800.0,30620492#1,5
5820.0,-593847703#3,3
5820.0,1068234499#0,1
5820.0,182334378#0,1
5820.0,30620492#0,14
5820.0,30620492#1,3
5820.0,506322842#0,2
5820.0,506322844#0,3
5820.0,594658757#0,1
5820.0,:cluster_9383263990_9383263991_9383263992_9383263993_13,1
5840.0,-593847703#3,3
5840.0,1068234499#0,1
5840.0,30620492#0,13
5840.0,30620492#1,4
5840.0,506322842#0,2
5840.0,506322844#0,6
5840.0,594658757#0,1
5840.0,:cluster_9383263990_9383263991_9383263992_9383263993_13,1
5860.0,-300077497#5,1
5860.0,-300077497#8,1
5860.0,-35274074#2,1
5860.0,-593847703#3,4
5860.0,263217604#0,3
5860.0,30620492#0,17
5860.0,30620492#1,5
5860.0,506322846#0,1
5860.0,594658757#0,1
5860.0,:655375238_5,1
5860.0,:655375239_5,1
5880.0,-300077497#5,5
5880.0,-593847703#3,4
5880.0,263217604#0,3
5880.0,288135626#0,1
5880.0,30620492#0,18
5880.0,30620492#1,5
5880.0,594658757#0,1
5900.0,-300077497#5,1
5900.0,-593847703#3,2
5900.0,1068234499#0,1
5900.0,263217604#0,3
5900.0,30620492#0,18
5900.0,30620492#1,3
5900.0,:cluster_2528018119_655375236_17,2
5900.0,:cluster_9383263990_9383263991_9383263992_9383263993_13,2
5920.0,-593847703#3,5
5920.0,1068234499#0,1
5920.0,30620492#0,13
5920.0,30620492#1,4
5920.0,506322844#0,5
5920.0,594658757#0,2
5920.0,594658760#0,1
5920.0,:cluster_9383263990_9383263991_9383263992_9383263993_13,1
5940.0,-593847703#3,5
5940.0,1068234499#0,1
5940.0,30620492#0,17
5940.0,30620492#1,5
5940.0,506322844#0,6
5960.0,-300077497#5,4
5960.0,-593847703#3,6
5960.0,263217604#0,2
5960.0,30620492#0,18
5960.0,30620492#1,5
5980.0,-300077497#5,4
5980.0,-593847703#3,6
5980.0,263217604#0,2
5980.0,30620492#0,18
5980.0,30620492#1,5
6000.0,-593847703#3,6
6000.0,30620492#0,14
6000.0,30620492#1,4
6000.0,506322844#0,4
6000.0,594658757#0,1
6000.0,594658760#0,1
6000.0,:655375233_4,4
6000.0,:cluster_9383263990_9383263991_9383263992_9383263993_13,1
6020.0,30620492#0,14
6020.0,30620492#1,5
6020.0,506322844#0,7
6020.0,594658757#0,1
6020.0,594658760#0,1
6040.0,-300077497#5,1
6040.0,-300077497#8,1
6040.0,263217604#0,2
6040.0,30620492#0,18
6040.0,30620492#1,5
6040.0,506322844#0,1
6040.0,594658757#0,1
6040.0,594658760#0,1
6040.0,:655375238_5,1
6040.0,:655375239_5,1
6060.0,-300077497#5,5
6060.0,263217604#0,2
6060.0,30620492#0,18
6060.0,30620492#1,5
6060.0,594658757#0,1
6060.0,594658760#0,1
6080.0,-300077497#5,1
6080.0,-593847703#3,2
6080.0,-E0,1
6080.0,263217604#0,2
6080.0,30620492#0,18
6080.0,30620492#1,3
6080.0,:cluster655375336_end_0_655375336_end_1_655375336_end_10_655375336_end_11_#8more_17,1
6080.0,:cluster_2528018119_655375236_17,1
6080.0,:cluster_2528018119_655375236_19,1
6080.0,:cluster_9383263990_9383263991_9383263992_9383263993_13,2
6100.0,-593847703#3,2
6100.0,182334378#0,1
6100.0,30620492#0,13
6100.0,30620492#1,4
6100.0,506322844#0,5
6100.0,594658757#0,1
6100.0,594658760#0,1
6100.0,:655375233_4,2
6100.0,:cluster_9383263990_9383263991_9383263992_9383263993_13,1
6120.0,182334378#0,1
6120.0,30620492#0,17
6120.0,30620492#1,5
6120.0,506322844#0,6
6140.0,-300077497#5,4
6140.0,263217604#0,2
6140.0,30620492#0,18
6140.0,30620492#1,5
6140.0,:cluster655375336_end_0_655375336_end_1_655375336_end_10_655375336_end_11_#8more_39,1
6160.0,-300077497#5,4
6160.0,263217604#0,2
6160.0,30620492#0,18
6160.0,30620492#1,5
6180.0,-593847703#3,4
6180.0,30620492#0,14
6180.0,30620492#1,4
6180.0,506322844#0,4
6180.0,594658760#0,2
6180.0,:cluster_9383263990_9383263991_9383263992_9383263993_13,1
6200.0,-593847703#3,4
6200.0,-E0,1
6200.0,30620492#0,14
6200.0,30620492#1,4
6200.0,506322844#0,7
6200.0,:2749340167_0,1
6200.0,:cluster655375336_end_0_655375336_end_1_655375336_end_10_655375336_end_11_#8more_17,1
6220.0,-300077497#5,1
6220.0,-300077497#8,1
6220.0,263217604#0,2
6220.0,30620492#0,17
6220.0,30620492#1,5
6220.0,506322844#0,1
6220.0,:655375238_5,1
6220.0,:655375239_5,1
6220.0,:655375239_6,1
6240.0,-300077497#5,5
6240.0,263217604#0,3
6240.0,30620492#0,18
6240.0,30620492#1,5
6260.0,-300077497#5,1
6260.0,-593847703#3,2
6260.0,263217604#0,3
6260.0,30620492#0,18
6260.0,30620492#1,3
6260.0,506322842#0,1
6260.0,:cluster_2528018119_655375236_17,1
6260.0,:cluster_2528018119_655375236_31,1
6260.0,:cluster_9383263990_9383263991_9383263992_9383263993_10,1
6280.0,-593847703#3,4
6280.0,-E0,1
6280.0,30620492#0,11
6280.0,30620492#1,3
6280.0,506322842#0,3
6280.0,506322844#0,5
6280.0,594658757#0,1
6280.0,594658760#0,2
6280.0,:cluster_9383263990_9383263991_9383263992_9383263993_13,1
6300.0,-593847703#3,4
6300.0,-E0,1
6300.0,30620492#0,13
6300.0,30620492#1,4
6300.0,506322842#0,3
6300.0,506322844#0,8
6300.0,:2749340167_0,1
6320.0,-300077497#5,4
6320.0,263217604#0,4
6320.0,30620492#0,17
6320.0,30620492#1,5
6320.0,506322846#2,2
6320.0,:655375238_2,1
6340.0,-300077497#5,5
6340.0,1068234499#0,2
6340.0,263217604#0,4
6340.0,30620492#0,18
6340.0,30620492#1,5
6360.0,-593847703#3,5
6360.0,1068234499#0,2
6360.0,263217604#0,1
6360.0,30620492#0,14
6360.0,30620492#1,3
6360.0,506322842#0,1
6360.0,506322844#0,4
6360.0,594658760#0,2
6360.0,:cluster3086736522_655375108_655375247_655375401_#1more_14,1
6360.0,:cluster_9383263990_9383263991_9383263992_9383263993_13,1
6380.0,-593847703#3,5
6380.0,1068234499#0,2
6380.0,30620492#0,14
6380.0,30620492#1,5
6380.0,506322842#0,1
6380.0,506322844#0,6
6380.0,594658760#0,3
6380.0,:cluster655375336_end_0_655375336_end_1_655375336_end_10_655375336_end_11_#8more_17,1
6400.0,-300077497#8,1
6400.0,-593847703#3,7
6400.0,-E0,2
6400.0,263217604#0,2
6400.0,30620492#0,18
6400.0,30620492#1,5
6400.0,506322844#0,1
6400.0,506322846#0,1
6400.0,:655375238_5,1
6400.0,:655375239_5,1
6420.0,-300077497#5,4
6420.0,263217604#0,2
6420.0,288135626#0,1
6420.0,30620492#0,18
6420.0,30620492#1,5
6420.0,:655375233_4,3
6440.0,-593847703#3,3
6440.0,263217604#0,2
6440.0,30620492#0,18
6440.0,30620492#1,3
6440.0,:cluster_2528018119_655375236_17,2
6440.0,:cluster_9383263990_9383263991_9383263992_9383263993_13,2
6460.0,-593847703#3,5
6460.0,30620492#0,12
6460.0,30620492#1,5
6460.0,506322842#0,1
6460.0,506322844#0,5
6460.0,594658757#0,2
6480.0,-593847703#3,5
6480.0,-E0,2
6480.0,30620492#0,18
6480.0,30620492#1,5
6480.0,506322842#0,1
6480.0,506322844#0,5
6500.0,-300077497#5,4
6500.0,-593847703#3,5
6500.0,263217604#0,1
6500.0,30620492#0,18
6500.0,30620492#1,5
6500.0,:655375238_2,1
6520.0,-300077497#5,5
6520.0,-593847703#3,1
6520.0,263217604#0,1
6520.0,30620492#0,18
6520.0,30620492#1,5
6520.0,:655375233_4,4
6540.0,-593847703#3,5
6540.0,30620492#0,15
6540.0,30620492#1,3
6540.0,506322842#0,1
6540.0,506322844#0,2
6540.0,594658757#0,1
6540.0,:cluster_9383263990_9383263991_9383263992_9383263993_10,1
6540.0,:cluster_9383263990_9383263991_9383263992_9383263993_13,1
6560.0,-593847703#3,5
6560.0,30620492#0,14
6560.0,30620492#1,5
6560.0,506322842#0,2
6560.0,506322844#0,5
6560.0,594658757#0,1
6580.0,-300077497#5,1
6580.0,-300077497#8,1
6580.0,-593847703#3,5
6580.0,-E0,1
6580.0,30620492#0,18
6580.0,30620492#1,5
6580.0,506322844#0,1
6580.0,506322846#0,2
6580.0,:655375238_5,1
6580.0,:655375239_5,1
6600.0,-300077497#5,5
6600.0,-593847703#3,5
6600.0,288135626#0,2
6600.0,30620492#0,18
6600.0,30620492#1,5
6620.0,-300077497#5,1
6620.0,-593847703#3,5
6620.0,1068234499#0,2
6620.0,30620492#0,18
6620.0,30620492#1,3
6620.0,:655375233_4,2
6620.0,:cluster_2528018119_655375236_17,2
6620.0,:cluster_9383263990_9383263991_9383263992_9383263993_13,2
6640.0,-593847703#3,3
6640.0,1068234499#0,2
6640.0,30620492#0,12
6640.0,30620492#1,5
6640.0,506322844#0,6
6660.0,-593847703#3,3
6660.0,1068234499#0,2
6660.0,30620492#0,18
6660.0,30620492#1,5
6660.0,506322844#0,6
6680.0,-300077497#5,5
6680.0,-593847703#3,4
6680.0,182334378#0,1
6680.0,263217604#0,1
6680.0,30620492#0,18
6680.0,30620492#1,5
6700.0,-300077497#5,5
6700.0,-593847703#3,4
6700.0,182334378#0,1
6700.0,263217604#0,1
6700.0,30620492#0,18
6700.0,30620492#1,5
6720.0,-593847703#3,8
6720.0,-E0,1
6720.0,30620492#0,14
6720.0,30620492#1,4
6720.0,506322844#0,5
6720.0,594658760#0,1
6720.0,:cluster655375336_end_0_655375336_end_1_655375336_end_10_655375336_end_11_#8more_5,1
6740.0,30620492#0,13
6740.0,30620492#1,5
6740.0,506322844#0,7
6740.0,594658760#0,1
6760.0,-300077497#5,1
6760.0,-300077497#8,1
6760.0,263217604#0,2
6760.0,30620492#0,13
6760.0,30620492#1,5
6760.0,506322844#0,1
6760.0,:655375238_5,1
6760.0,:655375239_5,1
6760.0,:cluster655375336_end_0_655375336_end_1_655375336_end_10_655375336_end_11_#8more_17,1
6780.0,-300077497#5,5
6780.0,263217604#0,2
6780.0,30620492#0,13
6780.0,30620492#1,5
6800.0,-300077497#5,1
6800.0,-593847703#3,1
6800.0,182334378#0,1
6800.0,263217604#0,2
6800.0,30620492#0,13
6800.0,30620492#1,3
6800.0,:cluster_2528018119_655375236_17,2
6800.0,:cluster_9383263990_9383263991_9383263992_9383263993_13,2
6820.0,-593847703#3,4
6820.0,-E0,1
6820.0,30620492#0,8
6820.0,30620492#1,4
6820.0,506322844#0,5
6820.0,594658757#0,1
6820.0,594658760#0,1
6820.0,:cluster_9383263990_9383263991_9383263992_9383263993_13,1
6840.0,-E0,1
6840.0,30620492#0,7
6840.0,30620492#1,5
6840.0,506322844#0,6
6840.0,:cluster655375336_end_0_655375336_end_1_655375336_end_10_655375336_end_11_#8more_17,1
6860.0,-300077497#5,5
6860.0,263217604#0,1
6860.0,30620492#0,7
6860.0,30620492#1,5
6880.0,-300077497#5,5
6880.0,263217604#0,1
6880.0,30620492#0,7
6880.0,30620492#1,5
6900.0,-593847703#3,5
6900.0,30620492#0,3
6900.0,30620492#1,2
6900.0,506322842#0,1
6900.0,506322844#0,3
6900.0,594658760#0,1
6900.0,:2749340167_0,1
6900.0,:cluster_9383263990_9383263991_9383263992_9383263993_13,2
6920.0,-593847703#3,5
6920.0,30620492#1,5
6920.0,506322842#0,1
6920.0,506322844#0,6
6920.0,594658760#0,1
6940.0,-300077497#8,1
6940.0,-35274074#2,1
6940.0,263217604#0,2
6940.0,30620492#1,5
6940.0,506322844#0,1
6940.0,594658760#0,1
6940.0,:655375233_4,1
6940.0,:655375238_5,1
6940.0,:655375239_5,1
6960.0,-300077497#5,5
6960.0,-E0,1
6960.0,263217604#0,2
6960.0,30620492#1,5
6980.0,-300077497#5,1
6980.0,-593847703#3,2
6980.0,263217604#0,2
6980.0,30620492#1,3
6980.0,506322844#0,1
6980.0,:cluster_2528018119_655375236_17,2
6980.0,:cluster_9383263990_9383263991_9383263992_9383263993_13,1
7000.0,-593847703#3,5
7000.0,506322842#0,1
7000.0,506322844#0,4
7000.0,594658757#0,1
7000.0,594658760#0,1
7020.0,-593847703#3,5
7020.0,506322842#0,1
7020.0,506322844#0,4
7020.0,594658757#0,1
7020.0,594658760#0,1
7040.0,-300077497#5,2
7040.0,-593847703#3,1
7040.0,-E0,2
7040.0,263217604#0,3
7040.0,:655375233_4,4
7060.0,-300077497#5,2
7060.0,263217604#0,3
