time,edge_id,vehicle_count
60.0,-300077497#5,2
60.0,-360018417,5
60.0,-51362429#1,2
60.0,-51362430,6
60.0,-593847703#3,6
60.0,-E0,15
60.0,1068234498#0,24
60.0,1068234499#0,2
60.0,1068440001,4
60.0,1068440004#1,17
60.0,1334905223#0,2
60.0,182334378#0,20
60.0,196961377#0,7
60.0,232003903#0,1
60.0,238526531#0,1
60.0,244450512#1,3
60.0,260881642#0,3
60.0,263217603#0,1
60.0,288135626#0,3
60.0,288135628#0,1
60.0,300077497#0,1
60.0,30620492#0,15
60.0,30620492#1,5
60.0,360843888,1
60.0,484988951#0,4
60.0,48794887#0,2
60.0,49073226#2,1
60.0,49695736#0,2
60.0,506322841#4,1
60.0,506322842#0,3
60.0,506322844#0,5
60.0,506322846#2,2
60.0,506322853#0,2
60.0,51289045#5,1
60.0,51362429#0,10
60.0,51392936#0,1
60.0,593847703#0,2
60.0,593847704#0,1
60.0,593847705,1
60.0,593849711#2,5
60.0,594658760#0,3
60.0,594658762#0,10
60.0,668037874,1
60.0,:655375232_11,1
60.0,:656132414_2,1
60.0,:cluster11510670762_4554226152_0,1
60.0,:cluster619136880_619136881_cluster_4510442270_5296993511_5296993513_619136931_#1more_12,1
60.0,:cluster655375228_655375240_0,1
60.0,:cluster655375336_end_0_655375336_end_1_655375336_end_10_655375336_end_11_#8more_12,2
60.0,:cluster655375336_end_0_655375336_end_1_655375336_end_10_655375336_end_11_#8more_25,2
60.0,:cluster_2528018119_655375236_3,1
60.0,:cluster_3208478133_655375293_655375296_9631728504_#1more_8,4
60.0,:cluster_5372642442_631668976_631668981_631669076_45,2
60.0,E0,1
80.0,-300077497#5,2
80.0,-360018417,5
80.0,-51362429#1,1
80.0,-51362430,6
80.0,-594658757#2,3
80.0,-E0,19
80.0,1068234498#0,22
80.0,1068234499#0,6
80.0,1068440001,6
80.0,1068440004#1,24
80.0,1334905223#0,1
80.0,182334378#0,18
80.0,196961377#0,12
80.0,232003903#0,2
80.0,238526531#0,9
80.0,244450512#1,3
80.0,259080307#0,1
80.0,260881642#0,3
80.0,263217603#0,1
80.0,288135628#0,1
80.0,300077497#0,2
80.0,30620492#0,18
80.0,30620492#1,5
80.0,35274074#0,1
80.0,360843888,1
80.0,484988951#0,4
80.0,48794887#0,2
80.0,49073226#2,6
80.0,49695736#0,7
80.0,506322841#4,1
80.0,506322842#0,5
80.0,506322844#0,5
80.0,506322846#2,3
80.0,506322853#0,2
80.0,51362429#0,14
80.0,593844221#0,1
80.0,593847702#0,1
80.0,593847704#0,2
80.0,593847705,1
80.0,593849711#2,7
80.0,594658760#0,3
80.0,594658762#0,9
80.0,668037874,2
80.0,:3086736518_3,1
80.0,:6251747844_2,1
80.0,:655375233_4,2
80.0,:655375238_1,1
80.0,:656132414_2,1
80.0,:cluster11510670762_4554226152_0,2
80.0,:cluster619136880_619136881_cluster_4510442270_5296993511_5296993513_619136931_#1more_12,1
80.0,:cluster655375228_655375240_0,1
80.0,:cluster655375228_655375240_13,1
80.0,:cluster655375336_end_0_655375336_end_1_655375336_end_10_655375336_end_11_#8more_40,3
80.0,:cluster_3208478133_655375293_655375296_9631728504_#1more_8,3
80.0,:cluster_5372642442_631668976_631668981_631669076_45,2
80.0,E0,1
100.0,-300077497#5,3
100.0,-300077497#8,1
100.0,-35274074#2,2
100.0,-360018417,1
100.0,-51362430,11
100.0,-593847703#3,4
100.0,-594658757#2,7
100.0,-E0,19
100.0,1068234498#0,24
100.0,1068234499#0,3
100.0,1068440001,7
100.0,1068440004#1,23
100.0,1334904386#0,2
100.0,182334378#0,12
100.0,196961377#0,15
100.0,232003903#0,2
100.0,238526531#0,8
100.0,244450512#1,2
100.0,260881642#0,4
100.0,263217603#0,1
100.0,288135628#0,1
100.0,288878926#0,3
100.0,300077497#0,2
100.0,30620492#0,18
100.0,30620492#1,5
100.0,314800955,1
100.0,35274074#0,3
100.0,360843888,1
100.0,484988951#0,4
100.0,48794887#0,1
100.0,49073226#2,5
100.0,49073272#4,4
100.0,49695736#0,2
100.0,506322841#4,1
100.0,506322842#0,4
100.0,506322844#0,2
100.0,506322846#0,4
100.0,506322846#2,2
100.0,506322848#0,1
100.0,506322853#0,2
100.0,51362429#0,16
100.0,593844221#0,1
100.0,593847702#0,6
100.0,593847704#0,3
100.0,593847705,1
100.0,593849711#2,9
100.0,593849718#0,1
100.0,594658760#0,3
100.0,594658762#0,14
100.0,668037874,3
100.0,:1973482489_8,1
100.0,:655375233_8,4
100.0,:655375238_5,1
100.0,:655375239_5,1
100.0,:cluster11510670762_4554226152_0,2
100.0,:cluster3086736522_655375108_655375247_655375401_#1more_8,2
100.0,:cluster619136880_619136881_cluster_4510442270_5296993511_5296993513_619136931_#1more_12,1
100.0,:cluster619136880_619136881_cluster_4510442270_5296993511_5296993513_619136931_#1more_8,1
100.0,:cluster655375336_end_0_655375336_end_1_655375336_end_10_655375336_end_11_#8more_12,2
100.0,:cluster655375336_end_0_655375336_end_1_655375336_end_10_655375336_end_11_#8more_40,1
100.0,:cluster_2038168688_655375573_21,1
100.0,:cluster_2038168688_655375573_8,1
100.0,:cluster_2528018119_655375236_12,2
100.0,:cluster_2528018119_655375236_20,1
100.0,:cluster_2528018119_655375236_32,1
100.0,:cluster_2528018119_655375236_33,1
100.0,:cluster_3208478133_655375293_655375296_9631728504_#1more_8,3
100.0,:cluster_3431431575_4777363357_655375231_6982059025_3,1
100.0,:cluster_9383263990_9383263991_9383263992_9383263993_7,2
100.0,E0,1
120.0,-300077497#5,10
120.0,-300077497#8,1
120.0,-35274074#2,9
120.0,-51362430,15
120.0,-593847703#3,5
120.0,-594658757#2,8
120.0,-E0,19
120.0,1068234498#0,31
120.0,1068440001,6
120.0,1068440004#1,26
120.0,1334904386#0,2
120.0,182334378#0,18
120.0,196961377#0,22
120.0,232003903#0,2
120.0,244450512#1,3
120.0,260881642#0,2
120.0,263217603#0,1
120.0,263217604#0,1
120.0,288135626#0,2
120.0,288135628#0,1
120.0,288878926#0,9
120.0,300077497#0,8
120.0,303647015#0,1
120.0,30620492#0,18
120.0,30620492#1,5
120.0,314800955,1
120.0,35274074#0,3
120.0,360843888,1
120.0,484988951#0,4
120.0,48794887#0,2
120.0,49695736#0,2
120.0,506322840#0,1
120.0,506322841#3,1
120.0,506322842#0,4
120.0,506322844#0,3
120.0,506322846#0,2
120.0,506322846#2,3
120.0,506322851#0,2
120.0,51289045#5,1
120.0,51362429#0,17
120.0,593844221#0,2
120.0,593847702#0,7
120.0,593847704#0,1
120.0,593847705,1
120.0,593849711#2,12
120.0,594658762#0,20
120.0,668037874,3
120.0,:655375238_1,1
120.0,:655375241_0,1
120.0,:656132414_2,1
120.0,:cluster11510670762_4554226152_0,2
120.0,:cluster3086736522_655375108_655375247_655375401_#1more_11,1
120.0,:cluster619136880_619136881_cluster_4510442270_5296993511_5296993513_619136931_#1more_12,1
120.0,:cluster619136880_619136881_cluster_4510442270_5296993511_5296993513_619136931_#1more_8,1
120.0,:cluster619136899_619136900_cluster_619136929_619136942_6,1
120.0,:cluster622618015_622618108_622618112_622618144_#2more_39,2
120.0,:cluster655375336_end_0_655375336_end_1_655375336_end_10_655375336_end_11_#8more_42,1
120.0,:cluster_2038168688_655375573_17,1
120.0,:cluster_2038168688_655375573_30,1
120.0,:cluster_2528018119_655375236_12,1
120.0,:cluster_2528018119_655375236_29,1
120.0,:cluster_2528018119_655375236_33,1
120.0,:cluster_3208478133_655375293_655375296_9631728504_#1more_8,4
120.0,:cluster_5372642442_631668976_631668981_631669076_36,1
120.0,E0,1
140.0,-300077497#5,8
140.0,-35274074#2,11
140.0,-360018417,5
140.0,-49073264#1,1
140.0,-51362430,18
140.0,-593847703#3,7
140.0,-E0,18
140.0,1068234498#0,38
140.0,1068234499#0,2
140.0,1068440001,7
140.0,1068440004#1,33
140.0,1334904386#0,2
140.0,182334378#0,17
140.0,196961377#0,20
140.0,244450512#1,3
140.0,244450512#4,1
140.0,263217603#0,1
140.0,263217604#0,1
140.0,288135626#0,1
140.0,288135628#0,1
140.0,288878926#0,9
140.0,300077497#0,5
140.0,300077497#6,1
140.0,303647015#0,8
140.0,30620492#0,18
140.0,30620492#1,5
140.0,35274074#0,5
140.0,484988951#0,4
140.0,48794887#0,1
140.0,49073272#4,2
140.0,49695736#0,7
140.0,506322841#4,1
140.0,506322842#0,2
140.0,506322844#0,5
140.0,506322846#0,2
140.0,506322846#2,6
140.0,506322851#0,1
140.0,506322853#0,2
140.0,51362429#0,13
140.0,51362430,3
140.0,593847702#0,7
140.0,593847703#0,1
140.0,593847705,1
140.0,593849711#2,14
140.0,594658762#0,24
140.0,668037874,3
140.0,:1973482489_4,1
140.0,:3086736518_0,1
140.0,:3086736518_6,1
140.0,:655375232_2,3
140.0,:655375233_0,1
140.0,:655375238_0,1
140.0,:cluster11510670762_4554226152_0,2
140.0,:cluster655375228_655375240_13,1
140.0,:cluster655375228_655375240_2,1
140.0,:cluster655375336_end_0_655375336_end_1_655375336_end_10_655375336_end_11_#8more_12,1
140.0,:cluster655375336_end_0_655375336_end_1_655375336_end_10_655375336_end_11_#8more_40,2
140.0,:cluster655375336_end_0_655375336_end_1_655375336_end_10_655375336_end_11_#8more_41,1
140.0,:cluster_2038168688_655375573_23,1
140.0,:cluster_2038168688_655375573_3,1
140.0,:cluster_2038168688_655375573_6,1
140.0,:cluster_2528018119_655375236_17,2
140.0,:cluster_5372642442_631668976_631668981_631669076_47,1
140.0,E0,1
160.0,-1334905223#2,1
160.0,-186602412#3,1
160.0,-35274074#2,10
160.0,-360018417,5
160.0,-49073264#1,1
160.0,-51362429#1,1
160.0,-51362430,16
160.0,-593847703#3,17
160.0,-593847704#2,3
160.0,-594658757#2,7
160.0,-E0,19
160.0,1068234498#0,27
160.0,1068234499#0,6
160.0,1068440001,10
160.0,1068440004#1,33
160.0,1334904386#0,5
160.0,1334905223#0,1
160.0,182334378#0,9
160.0,186602412#0,3
160.0,196961377#0,23
160.0,232003903#0,1
160.0,238526531#0,4
160.0,244450512#1,3
160.0,244450512#5,1
160.0,259080307#0,1
160.0,263217603#0,1
160.0,288135626#0,5
160.0,288135628#0,1
160.0,288878926#0,1
160.0,300077497#0,1
160.0,300077497#6,4
160.0,30620492#0,18
160.0,30620492#1,5
160.0,484988951#0,3
160.0,48794887#0,2
160.0,49695736#0,7
160.0,506322841#4,1
160.0,506322842#0,7
160.0,506322844#0,5
160.0,506322846#0,5
160.0,506322846#2,8
160.0,506322853#0,3
160.0,51289045#5,1
160.0,51362429#0,14
160.0,51392936#0,1
160.0,593847702#0,7
160.0,593847703#0,4
160.0,593847704#0,1
160.0,593847705,1
160.0,593849711#0,1
160.0,593849711#2,14
160.0,593849718#0,1
160.0,594658760#0,1
160.0,594658762#0,23
160.0,668037874,4
160.0,:1973482489_3,1
160.0,:2444664370_0,1
160.0,:655375232_11,1
160.0,:655375232_2,3
160.0,:655375232_6,1
160.0,:cluster11510670762_4554226152_0,2
160.0,:cluster619136880_619136881_cluster_4510442270_5296993511_5296993513_619136931_#1more_12,1
160.0,:cluster655375228_655375240_2,1
160.0,:cluster655375336_end_0_655375336_end_1_655375336_end_10_655375336_end_11_#8more_12,2
160.0,:cluster_2528018119_655375236_3,1
160.0,:cluster_3431431575_4777363357_655375231_6982059025_7,1
160.0,:cluster_5372642442_631668976_631668981_631669076_22,1
160.0,:cluster_5372642442_631668976_631668981_631669076_45,1
160.0,E0,1
180.0,-1334905223#2,1
180.0,-35274074#2,10
180.0,-360018417,5
180.0,-49073264#1,1
180.0,-51362429#1,1
180.0,-51362430,19
180.0,-593847703#3,11
180.0,-594658757#2,13
180.0,-E0,19
180.0,1068234498#0,22
180.0,1068234499#0,13
180.0,1068440001,10
180.0,1068440004#1,33
180.0,1068440006#0,2
180.0,1334904386#0,7
180.0,1334905223#0,1
180.0,182334378#0,10
180.0,186602412#0,4
180.0,196961377#0,27
180.0,232003903#0,1
180.0,238526531#0,10
180.0,244450512#1,3
180.0,244450512#5,1
180.0,263217603#0,1
180.0,288135626#0,1
180.0,288135628#0,1
180.0,300077497#0,2
180.0,300077497#6,4
180.0,30620492#0,18
180.0,30620492#1,5
180.0,35274074#0,1
180.0,484988951#0,4
180.0,48794887#0,2
180.0,49073226#2,6
180.0,49695736#0,8
180.0,506322840#0,2
180.0,506322841#4,1
180.0,506322842#0,13
180.0,506322844#0,5
180.0,506322846#2,9
180.0,506322853#0,3
180.0,51362429#0,16
180.0,51362430,1
180.0,593847702#0,7
180.0,593847704#0,1
180.0,593847705,1
180.0,593849711#2,14
180.0,594658760#0,1
180.0,594658762#0,19
180.0,668037874,4
180.0,:2444664370_0,1
180.0,:3086736518_4,2
180.0,:6251747844_2,1
180.0,:655375232_2,3
180.0,:655375232_8,1
180.0,:655375233_4,2
180.0,:655375238_6,1
180.0,:656132414_3,1
180.0,:cluster11510670762_4554226152_0,2
180.0,:cluster655375228_655375240_13,1
180.0,:cluster_5372642442_631668976_631668981_631669076_45,1
200.0,-1334905223#2,2
200.0,-300077497#5,5
200.0,-35274074#2,12
200.0,-49073264#1,1
200.0,-51362429#1,5
200.0,-51362430,19
200.0,-593847703#3,13
200.0,-594658757#2,14
200.0,-E0,19
200.0,-E1,1
200.0,1068234498#0,27
200.0,1068234499#0,9
200.0,1068440001,10
200.0,1068440004#1,27
200.0,1068440006#0,1
200.0,1334904386#0,1
200.0,182334378#0,15
200.0,182334379#0,1
200.0,196961377#0,29
200.0,238526531#0,7
200.0,244450512#1,3
200.0,244450512#5,1
200.0,263217603#0,1
200.0,263217604#0,2
200.0,288135626#0,3
200.0,288135628#0,1
200.0,300077497#0,5
200.0,300077497#6,4
200.0,303647015#0,6
200.0,30620492#0,18
200.0,30620492#1,5
200.0,35274074#0,3
200.0,484988951#0,4
200.0,48794887#0,1
200.0,49073226#2,7
200.0,49073272#4,4
200.0,506322842#0,10
200.0,506322844#0,2
200.0,506322846#0,4
200.0,506322846#2,5
200.0,506322848#0,1
200.0,506322851#0,1
200.0,506322851#2,1
200.0,506322853#0,3
200.0,51362429#0,16
200.0,51362430,4
200.0,593847702#0,2
200.0,593847704#0,4
200.0,593847705,1
200.0,593849711#2,16
200.0,593849718#0,3
200.0,594658760#0,2
200.0,594658762#0,25
200.0,668037874,3
200.0,:1973482489_4,1
200.0,:2444664370_0,1
200.0,:655375232_2,3
200.0,:655375233_8,4
200.0,:655375238_1,1
200.0,:655375239_5,1
200.0,:cluster11510670762_4554226152_0,2
200.0,:cluster_2528018119_655375236_12,2
200.0,:cluster_2528018119_655375236_20,1
200.0,:cluster_3431431575_4777363357_655375231_6982059025_5,1
200.0,:cluster_5372642442_631668976_631668981_631669076_36,1
200.0,E0,1
220.0,-300077497#5,7
220.0,-300077497#8,1
220.0,-35274074#2,12
220.0,-360018417,2
220.0,-51362429#1,5
220.0,-51362430,19
220.0,-593847703#3,16
220.0,-594658757#2,8
220.0,-E0,19
220.0,1068234498#0,33
220.0,1068234499#0,7
220.0,1068440001,10
220.0,1068440004#1,24
220.0,1334904386#0,1
220.0,1334905223#0,2
220.0,182334378#0,21
220.0,182334379#0,1
220.0,196961377#0,24
220.0,196961377#3,2
220.0,238526531#0,7
220.0,244450512#1,3
220.0,244450512#5,1
220.0,263217603#0,1
220.0,263217604#0,4
220.0,288135626#0,2
220.0,300077497#0,8
220.0,303647015#0,4
220.0,30620492#0,18
220.0,30620492#1,5
220.0,35274074#0,7
220.0,484988951#0,5
220.0,48794887#0,2
220.0,49073226#2,7
220.0,49073272#4,1
220.0,506322841#3,1
220.0,506322842#0,12
220.0,506322844#0,8
220.0,506322846#0,1
220.0,506322846#2,3
220.0,506322851#0,4
220.0,506322851#2,1
220.0,506322853#0,4
220.0,51289045#5,1
220.0,51362429#0,17
220.0,51362430,4
220.0,593847702#0,12
220.0,593847705,1
220.0,593849711#2,18
220.0,593849718#0,4
220.0,594658762#0,32
220.0,668037874,4
220.0,:1973482489_4,1
220.0,:655375232_2,3
220.0,:655375238_1,1
220.0,:655375239_3,1
220.0,:655375241_0,1
220.0,:cluster11510670762_4554226152_0,2
220.0,:cluster3086736522_655375108_655375247_655375401_#1more_11,2
220.0,:cluster655375336_end_0_655375336_end_1_655375336_end_10_655375336_end_11_#8more_42,1
220.0,:cluster_2528018119_655375236_29,1
220.0,:cluster_5372642442_631668976_631668981_631669076_36,1
240.0,-1334905223#2,1
240.0,-300077497#5,6
240.0,-35274074#2,12
240.0,-360018417,5
240.0,-51362429#1,5
240.0,-51362430,19
240.0,-593847703#3,18
240.0,-594658757#2,3
240.0,-E0,18
240.0,1068234498#0,28
240.0,1068234499#0,11
240.0,1068440001,5
240.0,1068440004#1,31
240.0,1334904386#0,1
240.0,1334905223#0,2
240.0,182334378#0,23
240.0,196961377#0,20
240.0,238526531#0,9
240.0,244450512#1,2
240.0,260881642#0,4
240.0,263217603#0,1
240.0,288135626#0,3
240.0,288135628#0,1
240.0,300077497#0,2
240.0,300077497#6,2
240.0,303647015#0,6
240.0,30620492#0,18
240.0,30620492#1,5
240.0,314800955,1
240.0,360843888,1
240.0,484988951#0,5
240.0,48794887#0,2
240.0,49073226#2,7
240.0,49695736#0,1
240.0,506322841#4,1
240.0,506322842#0,15
240.0,506322844#0,8
240.0,506322846#0,8
240.0,506322846#2,5
240.0,506322851#2,2
240.0,506322853#0,7
240.0,51362429#0,17
240.0,51362430,5
240.0,593844221#0,1
240.0,593847702#0,12
240.0,593849711#2,18
240.0,594658760#0,1
240.0,594658762#0,28
240.0,668037874,4
240.0,:3086736518_0,1
240.0,:3086736518_6,1
240.0,:655375232_2,2
240.0,:655375233_0,1
240.0,:655375238_0,1
240.0,:cluster11510670762_4554226152_0,1
240.0,:cluster3086736522_655375108_655375247_655375401_#1more_17,2
240.0,:cluster622618015_622618108_622618112_622618144_#2more_49,2
240.0,:cluster655375228_655375240_0,1
240.0,:cluster_2038168688_655375573_3,2
240.0,:cluster_3208478133_655375293_655375296_9631728504_#1more_8,5
240.0,:cluster_5372642442_631668976_631668981_631669076_22,1
240.0,:cluster_5372642442_631668976_631668981_631669076_26,1
240.0,:cluster_5372642442_631668976_631668981_631669076_45,1
240.0,E0,1
260.0,-1334905223#2,1
260.0,-300077497#5,6
260.0,-35274074#2,11
260.0,-360018417,5
260.0,-51362429#1,5
260.0,-51362430,17
260.0,-593847703#3,18
260.0,-594658757#2,3
260.0,-E0,19
260.0,1068234498#0,27
260.0,1068234499#0,15
260.0,1068440001,4
260.0,1068440004#1,33
260.0,1334904386#0,1
260.0,1334905223#0,2
260.0,182334378#0,21
260.0,186602412#0,5
260.0,196961377#0,25
260.0,238526531#0,16
260.0,244450512#1,2
260.0,260881642#0,3
260.0,263217603#0,1
260.0,288135628#0,1
260.0,300077497#0,2
260.0,300077497#6,5
260.0,30620492#0,18
260.0,30620492#1,5
260.0,314800955,1
260.0,360843888,3
260.0,484988951#0,4
260.0,48794887#0,2
260.0,49073226#2,7
260.0,49695736#0,7
260.0,506322840#0,1
260.0,506322841#4,1
260.0,506322842#0,19
260.0,506322844#0,8
260.0,506322846#0,3
260.0,506322846#2,7
260.0,506322853#0,9
260.0,51289045#5,1
260.0,51362429#0,14
260.0,51362430,4
260.0,51392936#0,1
260.0,593847702#0,12
260.0,593847703#0,5
260.0,593847705,1
260.0,593849711#2,19
260.0,594658760#0,1
260.0,594658762#0,20
260.0,668037874,4
260.0,:1973482489_3,1
260.0,:3086736518_0,2
260.0,:3086736518_6,1
260.0,:655375232_2,1
260.0,:cluster11510670762_4554226152_0,1
260.0,:cluster619136880_619136881_cluster_4510442270_5296993511_5296993513_619136931_#1more_12,1
260.0,:cluster655375228_655375240_0,1
260.0,:cluster655375336_end_0_655375336_end_1_655375336_end_10_655375336_end_11_#8more_10,1
260.0,:cluster655375336_end_0_655375336_end_1_655375336_end_10_655375336_end_11_#8more_12,1
260.0,:cluster655375336_end_0_655375336_end_1_655375336_end_10_655375336_end_11_#8more_25,2
260.0,:cluster_2664674491_655375287_655375288_5,1
260.0,:cluster_3208478133_655375293_655375296_9631728504_#1more_8,2
260.0,:cluster_5372642442_631668976_631668981_631669076_45,2
260.0,E0,1
280.0,-300077497#5,6
280.0,-35274074#2,12
280.0,-360018417,1
280.0,-51362429#1,7
280.0,-51362430,10
280.0,-593847703#3,16
280.0,-594658757#2,3
280.0,-E0,19
280.0,-E1,1
280.0,1068234498#0,27
280.0,1068234499#0,13
280.0,1068440001,5
280.0,1068440004#1,33
280.0,1068440006#0,2
280.0,182334378#0,21
280.0,186602412#0,2
280.0,196961377#0,28
280.0,232003903#0,1
280.0,238526531#0,15
280.0,244450512#1,3
280.0,260881642#0,3
280.0,263217603#0,2
280.0,263217604#0,3
280.0,288135628#0,1
280.0,300077497#0,4
280.0,300077497#6,5
280.0,303647015#0,1
280.0,30620492#0,18
280.0,30620492#1,5
280.0,314800955,1
280.0,360843888,3
280.0,484988951#0,2
280.0,48794887#0,2
280.0,49073226#2,8
280.0,49073272#4,3
280.0,49695736#0,10
280.0,506322841#4,1
280.0,506322842#0,18
280.0,506322844#0,3
280.0,506322846#0,2
280.0,506322846#2,2
280.0,506322848#0,3
280.0,506322851#0,2
280.0,506322853#0,9
280.0,51289045#7,1
280.0,51362429#0,15
280.0,51362430,2
280.0,593847702#0,4
280.0,593847703#0,4
280.0,593847705,1
280.0,593849711#2,14
280.0,593849718#0,3
280.0,594658760#0,1
280.0,594658762#0,22
280.0,668037874,4
280.0,:3086736518_0,2
280.0,:3086736518_4,1
280.0,:3086736518_6,1
280.0,:3208478121_0,1
280.0,:655375232_2,1
280.0,:655375232_6,1
280.0,:655375233_2,1
280.0,:655375233_4,1
280.0,:655375238_5,1
280.0,:655375239_5,1
280.0,:cluster622618015_622618108_622618112_622618144_#2more_31,5
280.0,:cluster655375336_end_0_655375336_end_1_655375336_end_10_655375336_end_11_#8more_12,2
280.0,:cluster655375336_end_0_655375336_end_1_655375336_end_10_655375336_end_11_#8more_25,2
280.0,:cluster655375336_end_0_655375336_end_1_655375336_end_10_655375336_end_11_#8more_40,1
280.0,:cluster_2038168688_655375573_21,1
280.0,:cluster_2038168688_655375573_9,1
280.0,:cluster_2528018119_655375236_12,2
280.0,:cluster_2528018119_655375236_20,1
280.0,:cluster_3208478133_655375293_655375296_9631728504_#1more_8,4
280.0,:cluster_3431431575_4777363357_655375231_6982059025_7,2
280.0,:cluster_9383263990_9383263991_9383263992_9383263993_7,2
280.0,E0,1
300.0,-1334905223#2,2
300.0,-300077497#5,13
300.0,-300077497#8,1
300.0,-35274074#2,12
300.0,-51362429#1,10
300.0,-51362430,11
300.0,-593847703#3,11
300.0,-594658757#2,6
300.0,-E0,19
300.0,-E1,1
300.0,1068234498#0,31
300.0,1068234499#0,13
300.0,1068440001,6
300.0,1068440004#1,32
300.0,1068440006#0,1
300.0,1334904386#0,2
300.0,182334378#0,19
300.0,196961377#0,28
300.0,232003903#0,1
300.0,238526531#0,10
300.0,244450512#1,3
300.0,260881642#0,2
300.0,263217603#0,2
300.0,263217604#0,3
300.0,288135626#0,1
300.0,288135628#0,1
300.0,300077497#0,11
300.0,300077497#6,5
300.0,30620492#0,18
300.0,30620492#1,5
300.0,360843888,3
300.0,484988951#0,4
300.0,48794887#0,1
300.0,49073226#2,10
300.0,49695736#0,5
300.0,506322840#0,2
300.0,506322841#4,1
300.0,506322842#0,17
300.0,506322844#0,2
300.0,506322846#0,3
300.0,506322846#2,4
300.0,506322851#0,1
300.0,506322853#0,11
300.0,51362429#0,15
300.0,593844221#0,2
300.0,593847702#0,1
300.0,593847703#0,4
300.0,593847705,1
300.0,593849711#2,16
300.0,594658760#0,1
300.0,594658762#0,29
300.0,668037874,4
300.0,:3086736518_0,2
300.0,:3086736518_6,1
300.0,:655375232_2,1
300.0,:655375232_6,1
300.0,:655375232_8,1
300.0,:655375233_2,1
300.0,:655375233_4,2
300.0,:655375233_8,1
300.0,:655375238_5,1
300.0,:655375241_0,2
300.0,:cluster11510670762_4554226152_0,2
300.0,:cluster3086736522_655375108_655375247_655375401_#1more_11,1
300.0,:cluster655375336_end_0_655375336_end_1_655375336_end_10_655375336_end_11_#8more_31,1
300.0,:cluster_2038168688_655375573_17,1
300.0,:cluster_2038168688_655375573_30,1
300.0,:cluster_2528018119_655375236_12,2
300.0,:cluster_2528018119_655375236_20,2
300.0,:cluster_3208478133_655375293_655375296_9631728504_#1more_8,3
300.0,:cluster_9383263990_9383263991_9383263992_9383263993_7,1
300.0,E0,1
320.0,-300077497#5,13
320.0,-35274074#2,12
320.0,-360018417,5
320.0,-51362429#1,10
320.0,-51362430,15
320.0,-593847703#3,13
320.0,-E0,19
320.0,1068234498#0,37
320.0,1068234499#0,13
320.0,1068440001,7
320.0,1068440004#1,32
320.0,1068440006#0,1
320.0,1334904386#0,2
320.0,182334378#0,17
320.0,196961377#0,20
320.0,196961377#3,1
320.0,238526531#0,10
320.0,244450512#1,3
320.0,244450512#4,2
320.0,244450512#5,1
320.0,263217604#0,3
320.0,288135626#0,2
320.0,300077497#0,12
320.0,303647015#0,6
320.0,30620492#0,18
320.0,30620492#1,4
320.0,35274074#0,2
320.0,484988951#0,4
320.0,49073226#2,10
320.0,49073272#4,2
320.0,49695736#0,5
320.0,506322840#0,1
320.0,506322842#0,14
320.0,506322844#0,5
320.0,506322846#2,9
320.0,506322853#0,12
320.0,51362429#0,15
320.0,51362430,2
320.0,593844221#0,1
320.0,593847702#0,1
320.0,593847703#0,1
320.0,593847705,1
320.0,593849711#2,16
320.0,594658760#0,1
320.0,594658762#0,31
320.0,668037874,4
320.0,:1973482489_4,1
320.0,:3086736518_0,2
320.0,:3086736518_6,1
320.0,:655375232_2,1
320.0,:655375232_6,1
320.0,:655375232_8,1
320.0,:655375233_2,1
320.0,:655375233_4,2
320.0,:655375233_8,3
320.0,:655375238_1,1
320.0,:656132414_2,1
320.0,:cluster11510670762_4554226152_0,2
320.0,:cluster655375228_655375240_0,1
320.0,:cluster655375228_655375240_2,1
320.0,:cluster655375336_end_0_655375336_end_1_655375336_end_10_655375336_end_11_#8more_10,2
320.0,:cluster655375336_end_0_655375336_end_1_655375336_end_10_655375336_end_11_#8more_25,2
320.0,:cluster_2038168688_655375573_3,1
320.0,:cluster_2038168688_655375573_30,1
320.0,:cluster_2528018119_655375236_17,2
320.0,:cluster_2528018119_655375236_3,2
320.0,:cluster_3208478133_655375293_655375296_9631728504_#1more_10,1
320.0,E1,1
340.0,-300077497#5,10
340.0,-35274074#2,12
340.0,-360018417,5
340.0,-51362429#1,9
340.0,-51362430,16
340.0,-593847703#3,18
340.0,-594658757#2,2
340.0,-E0,19
340.0,1068234498#0,28
340.0,1068234499#0,17
340.0,1068440001,10
340.0,1068440004#1,33
340.0,1068440006#0,1
340.0,1334904386#0,6
340.0,1334905223#0,2
340.0,182334378#0,13
340.0,186602412#0,1
340.0,196961377#0,22
340.0,238526531#0,15
340.0,244450512#1,3
340.0,244450512#4,1
340.0,244450512#5,3
340.0,288878926#0,3
340.0,300077497#0,9
340.0,30620492#0,17
340.0,30620492#1,5
340.0,35274074#0,1
340.0,484988951#0,3
340.0,49073226#2,4
340.0,49695736#0,8
340.0,506322842#0,14
340.0,506322844#0,5
340.0,506322846#0,4
340.0,506322846#2,14
340.0,506322853#0,12
340.0,51362429#0,16
340.0,51362430,2
340.0,593847702#0,1
340.0,593847705,1
340.0,593849711#2,16
340.0,594658760#0,3
340.0,594658762#0,24
340.0,668037874,3
340.0,:1973482489_8,1
340.0,:3086736518_0,2
340.0,:3086736518_6,1
340.0,:655375232_2,1
340.0,:655375232_6,1
340.0,:655375232_8,1
340.0,:655375233_2,1
340.0,:655375233_4,2
340.0,:655375233_8,3
340.0,:655375238_1,1
340.0,:cluster11510670762_4554226152_0,2
340.0,:cluster619136880_619136881_cluster_4510442270_5296993511_5296993513_619136931_#1more_12,1
340.0,:cluster619136880_619136881_cluster_4510442270_5296993511_5296993513_619136931_#1more_8,1
340.0,:cluster622618015_622618108_622618112_622618144_#2more_45,2
340.0,:cluster655375228_655375240_0,1
340.0,:cluster655375228_655375240_2,1
340.0,:cluster655375336_end_0_655375336_end_1_655375336_end_10_655375336_end_11_#8more_12,1
340.0,:cluster_2038168688_655375573_23,1
340.0,:cluster_2038168688_655375573_3,1
340.0,:cluster_2038168688_655375573_30,1
340.0,:cluster_3431431575_4777363357_655375231_6982059025_3,1
340.0,:cluster_3431431575_4777363357_655375231_6982059025_7,1
340.0,:cluster_5372642442_631668976_631668981_631669076_45,2
340.0,:cluster_623980147_623980152_4,1
340.0,E1,1
360.0,-300077497#5,9
360.0,-35274074#2,12
360.0,-360018417,5
360.0,-51362429#1,5
360.0,-51362430,19
360.0,-593847703#3,19
360.0,-594658757#2,6
360.0,-E0,19
360.0,1068234498#0,20
360.0,1068234499#0,18
360.0,1068440001,10
360.0,1068440004#1,34
360.0,1068440006#0,1
360.0,1334904386#0,9
360.0,1334905223#0,2
360.0,182334378#0,10
360.0,186602412#0,5
360.0,196961377#0,26
360.0,232003903#0,2
360.0,238526531#0,22
360.0,244450512#1,3
360.0,244450512#5,3
360.0,263217603#0,1
360.0,288878926#0,8
360.0,300077497#0,1
360.0,300077497#6,2
360.0,30620492#0,18
360.0,30620492#1,5
360.0,35274074#0,3
360.0,484988951#0,3
360.0,49073226#2,7
360.0,49695736#0,8
360.0,506322842#0,14
360.0,506322844#0,5
360.0,506322846#0,3
360.0,506322846#2,18
360.0,506322853#0,12
360.0,51362429#0,17
360.0,593847702#0,1
360.0,593849711#2,16
360.0,594658760#0,3
360.0,594658762#0,18
360.0,668037874,5
360.0,:3086736518_0,2
360.0,:3086736518_6,1
360.0,:3208478128_0,1
360.0,:655375232_2,3
360.0,:655375232_6,1
360.0,:655375233_0,1
360.0,:655375233_2,1
360.0,:655375233_4,2
360.0,:655375233_8,3
360.0,:655375238_6,1
360.0,:cluster11510670762_4554226152_0,2
360.0,:cluster655375336_end_0_655375336_end_1_655375336_end_10_655375336_end_11_#8more_12,1
360.0,:cluster655375336_end_0_655375336_end_1_655375336_end_10_655375336_end_11_#8more_41,1
360.0,:cluster_2038168688_655375573_23,1
360.0,:cluster_2038168688_655375573_30,1
360.0,:cluster_3431431575_4777363357_655375231_6982059025_3,1
360.0,:cluster_5372642442_631668976_631668981_631669076_45,2
360.0,E1,1
380.0,-1334905223#2,1
380.0,-300077497#5,15
380.0,-300077497#8,1
380.0,-35274074#2,12
380.0,-51362429#1,3
380.0,-51362430,19
380.0,-593847703#3,19
380.0,-594658757#2,9
380.0,-E0,19
380.0,1068234498#0,23
380.0,1068234499#0,14
380.0,1068440001,10
380.0,1068440004#1,34
380.0,1068440006#0,1
380.0,1239087514,1
380.0,1334904386#0,1
380.0,182334378#0,16
380.0,186602412#0,3
380.0,196961377#0,27
380.0,238526531#0,19
380.0,244450512#1,3
380.0,244450512#5,3
380.0,263217603#0,1
380.0,288878926#0,14
380.0,300077497#0,6
380.0,300077497#6,3
380.0,303647015#0,9
380.0,30620492#0,18
380.0,30620492#1,5
380.0,35274074#0,5
380.0,484988951#0,4
380.0,49073226#2,5
380.0,49073272#4,4
380.0,49695736#0,1
380.0,506322840#0,1
380.0,506322842#0,10
380.0,506322844#0,2
380.0,506322846#0,1
380.0,506322846#2,3
380.0,506322851#0,5
380.0,506322851#2,1
380.0,506322853#0,12
380.0,51362429#0,17
380.0,51362430,2
380.0,593849711#2,11
380.0,594658760#0,3
380.0,594658762#0,25
380.0,668037874,5
380.0,:1973482489_4,1
380.0,:3086736518_0,2
380.0,:3086736518_4,1
380.0,:3086736518_6,1
380.0,:3208478128_0,1
380.0,:655375232_2,3
380.0,:655375232_6,1
380.0,:655375233_0,1
380.0,:655375233_2,1
380.0,:655375233_4,3
380.0,:655375233_8,3
380.0,:655375239_5,1
380.0,:655375241_0,1
380.0,:cluster11510670762_4554226152_0,2
380.0,:cluster_2038168688_655375573_8,1
380.0,:cluster_2528018119_655375236_12,2
380.0,:cluster_2528018119_655375236_21,1
380.0,:cluster_3431431575_4777363357_655375231_6982059025_3,2
380.0,:cluster_5372642442_631668976_631668981_631669076_36,1
380.0,:cluster_623980147_623980152_9,1
380.0,:cluster_9383263990_9383263991_9383263992_9383263993_7,1
400.0,-300077497#5,18
400.0,-35274074#2,12
400.0,-360018417,2
400.0,-51362429#1,6
400.0,-51362430,19
400.0,-593847703#3,17
400.0,-594658757#2,5
400.0,-E0,19
400.0,1068234498#0,26
400.0,1068234499#0,12
400.0,1068440001,10
400.0,1068440004#1,34
400.0,1239087514,1
400.0,1334904386#0,1
400.0,182334378#0,17
400.0,182334379#0,1
400.0,196961377#0,23
400.0,238526531#0,19
400.0,244450512#1,3
400.0,244450512#5,3
400.0,263217603#0,1
400.0,263217604#0,1
400.0,288135626#0,2
400.0,288878926#0,15
400.0,300077497#0,8
400.0,303647015#0,4
400.0,30620492#0,18
400.0,30620492#1,5
400.0,35274074#0,8
400.0,484988951#0,5
400.0,49073226#2,7
400.0,49073272#4,1
400.0,506322842#0,10
400.0,506322844#0,5
400.0,506322846#2,2
400.0,506322853#0,18
400.0,51362429#0,18
400.0,51362430,3
400.0,593847702#0,1
400.0,593849711#2,15
400.0,594658760#0,3
400.0,594658762#0,25
400.0,668037874,5
400.0,:3086736518_0,2
400.0,:3086736518_6,1
400.0,:3208478128_0,1
400.0,:619136999_2,1
400.0,:655375232_2,3
400.0,:655375232_6,1
400.0,:655375233_0,1
400.0,:655375233_4,3
400.0,:655375233_8,3
400.0,:655375238_1,1
400.0,:cluster11510670762_4554226152_0,2
400.0,:cluster3086736522_655375108_655375247_655375401_#1more_11,2
400.0,:cluster_2038168688_655375573_25,1
400.0,:cluster_2528018119_655375236_29,1
420.0,-300077497#5,17
420.0,-35274074#2,12
420.0,-360018417,5
420.0,-51362429#1,6
420.0,-51362430,18
420.0,-593847703#3,17
420.0,-593847704#2,1
420.0,-E0,19
420.0,1068234498#0,25
420.0,1068234499#0,12
420.0,1068440001,7
420.0,1068440004#1,32
420.0,1239087514,1
420.0,1334904386#0,1
420.0,1334905223#0,2
420.0,182334378#0,24
420.0,196961377#0,20
420.0,238526531#0,21
420.0,244450512#1,2
420.0,260881642#0,3
420.0,288135626#0,4
420.0,288878926#0,11
420.0,300077497#0,1
420.0,300077497#6,3
420.0,303647015#0,5
420.0,30620492#0,18
420.0,30620492#1,5
420.0,35274074#0,1
420.0,484988951#0,5
420.0,49073226#2,7
420.0,506322842#0,10
420.0,506322844#0,5
420.0,506322846#0,8
420.0,506322846#2,3
420.0,506322853#0,18
420.0,51362429#0,18
420.0,51362430,6
420.0,593844221#0,1
420.0,593847702#0,1
420.0,593849711#0,1
420.0,593849711#2,15
420.0,594658757#0,1
420.0,594658760#0,3
420.0,594658762#0,19
420.0,668037874,5
420.0,:2444664370_0,1
420.0,:3086736518_0,2
420.0,:3086736518_6,1
420.0,:655375232_2,3
420.0,:655375232_6,1
420.0,:655375233_0,1
420.0,:655375233_4,3
420.0,:655375233_8,5
420.0,:656132414_2,1
420.0,:cluster11510670762_4554226152_0,1
420.0,:cluster622618015_622618108_622618112_622618144_#2more_45,2
420.0,:cluster655375228_655375240_0,1
420.0,:cluster655375228_655375240_2,1
420.0,:cluster_2038168688_655375573_24,1
420.0,:cluster_2038168688_655375573_25,1
420.0,:cluster_2038168688_655375573_3,1
420.0,:cluster_2038168688_655375573_6,1
420.0,:cluster_2528018119_655375236_17,1
420.0,:cluster_2664674491_655375287_655375288_5,1
420.0,:cluster_3208478133_655375293_655375296_9631728504_#1more_16,1
420.0,:cluster_3208478133_655375293_655375296_9631728504_#1more_8,3
420.0,:cluster_5372642442_631668976_631668981_631669076_22,2
420.0,:cluster_5372642442_631668976_631668981_631669076_26,1
420.0,:cluster_5372642442_631668976_631668981_631669076_45,1
440.0,-300077497#5,16
440.0,-35274074#2,12
440.0,-360018417,5
440.0,-51362429#1,6
440.0,-51362430,17
440.0,-593847703#3,18
440.0,-E0,19
440.0,1068234498#0,24
440.0,1068234499#0,17
440.0,1068440001,6
440.0,1068440004#1,33
440.0,1334904386#0,1
440.0,1334905223#0,1
440.0,182334378#0,23
440.0,186602412#0,4
440.0,196961377#0,26
440.0,238526531#0,28
440.0,244450512#1,2
440.0,260881642#0,4
440.0,263217603#0,1
440.0,288135626#0,1
440.0,288878926#0,5
440.0,300077497#6,5
440.0,30620492#0,18
440.0,30620492#1,5
440.0,484988951#0,5
440.0,49073226#2,7
440.0,506322842#0,10
440.0,506322844#0,5
440.0,506322846#0,6
440.0,506322846#2,3
440.0,506322853#0,18
440.0,51362429#0,18
440.0,51362430,7
440.0,593847702#0,1
440.0,593849711#2,15
440.0,594658757#0,1
440.0,594658760#0,3
440.0,594658762#0,11
440.0,668037874,3
440.0,:2444664370_0,2
440.0,:3086736518_0,2
440.0,:3086736518_6,1
440.0,:655375232_2,3
440.0,:655375232_6,1
440.0,:655375233_0,1
440.0,:655375233_4,3
440.0,:655375233_8,5
440.0,:656132414_2,1
440.0,:cluster11510670762_4554226152_0,1
440.0,:cluster655375228_655375240_0,1
440.0,:cluster655375228_655375240_2,1
440.0,:cluster655375336_end_0_655375336_end_1_655375336_end_10_655375336_end_11_#8more_10,1
440.0,:cluster655375336_end_0_655375336_end_1_655375336_end_10_655375336_end_11_#8more_12,1
440.0,:cluster655375336_end_0_655375336_end_1_655375336_end_10_655375336_end_11_#8more_25,2
440.0,:cluster_3208478133_655375293_655375296_9631728504_#1more_16,1
440.0,:cluster_3208478133_655375293_655375296_9631728504_#1more_8,4
440.0,:cluster_5372642442_631668976_631668981_631669076_45,1
460.0,-300077497#5,17
460.0,-300077497#8,1
460.0,-35274074#2,12
460.0,-360018417,1
460.0,-51362429#1,6
460.0,-51362430,14
460.0,-593847703#3,18
460.0,-594658757#2,1
460.0,-E0,19
460.0,1068234498#0,25
460.0,1068234499#0,16
460.0,1068440001,7
460.0,1068440004#1,33
460.0,1334904386#0,1
460.0,182334378#0,19
460.0,186602412#0,4
460.0,196961377#0,27
460.0,238526531#0,25
460.0,244450512#1,2
460.0,260881642#0,4
460.0,263217603#0,2
460.0,288135626#0,1
460.0,288878926#0,5
460.0,300077497#0,2
460.0,300077497#6,5
460.0,303647015#0,1
460.0,30620492#0,18
460.0,30620492#1,5
460.0,484988951#0,5
460.0,49073226#2,7
460.0,49073272#3,1
460.0,49073272#4,3
460.0,49695736#0,2
460.0,506322842#0,10
460.0,506322844#0,2
460.0,506322846#2,2
460.0,506322848#0,4
460.0,506322853#0,18
460.0,51362429#0,17
460.0,51362430,8
460.0,593844221#0,1
460.0,593849711#2,15
460.0,594658757#0,1
460.0,594658760#0,3
460.0,594658762#0,8
460.0,668037874,4
460.0,:2444664370_0,2
460.0,:3086736518_0,2
460.0,:3086736518_6,1
460.0,:3208478121_0,1
460.0,:655375232_2,4
460.0,:655375232_6,1
460.0,:655375233_0,1
460.0,:655375233_4,3
460.0,:655375233_8,5
460.0,:655375238_5,1
460.0,:655375239_5,2
460.0,:cluster655375336_end_0_655375336_end_1_655375336_end_10_655375336_end_11_#8more_12,3
460.0,:cluster655375336_end_0_655375336_end_1_655375336_end_10_655375336_end_11_#8more_40,1
460.0,:cluster_2038168688_655375573_9,1
460.0,:cluster_2528018119_655375236_12,2
460.0,:cluster_2528018119_655375236_20,1
460.0,:cluster_2528018119_655375236_32,1
460.0,:cluster_3208478133_655375293_655375296_9631728504_#1more_8,4
480.0,-1334905223#2,2
480.0,-300077497#5,25
480.0,-300077497#8,1
480.0,-35274074#2,12
480.0,-51362429#1,9
480.0,-51362430,13
480.0,-593847703#3,18
480.0,-594658757#2,3
480.0,-E0,19
480.0,1068234498#0,31
480.0,1068234499#0,17
480.0,1068440001,7
480.0,1068440004#1,33
480.0,1334904386#0,3
480.0,182334378#0,15
480.0,196961377#0,27
480.0,238526531#0,24
480.0,244450512#1,3
480.0,260881642#0,2
480.0,263217603#0,2
480.0,288135626#0,1
480.0,288878926#0,5
480.0,300077497#0,6
480.0,300077497#6,5
480.0,303647015#0,1
480.0,30620492#0,18
480.0,30620492#1,5
480.0,484988951#0,5
480.0,49073226#2,7
480.0,49073272#3,1
480.0,49073272#4,1
480.0,506322842#0,10
480.0,506322844#0,2
480.0,506322846#2,3
480.0,506322853#0,18
480.0,51362429#0,17
480.0,51362430,8
480.0,593844221#0,1
480.0,593849711#2,12
480.0,594658757#0,1
480.0,594658760#0,3
480.0,594658762#0,8
480.0,668037874,4
480.0,:2444664370_0,1
480.0,:3086736518_0,2
480.0,:3086736518_6,1
480.0,:655375232_2,4
480.0,:655375232_6,1
480.0,:655375233_0,1
480.0,:655375233_4,3
480.0,:655375233_8,5
480.0,:655375238_1,1
480.0,:655375238_5,1
480.0,:655375241_0,1
480.0,:cluster11510670762_4554226152_0,2
480.0,:cluster3086736522_655375108_655375247_655375401_#1more_11,1
480.0,:cluster655375336_end_0_655375336_end_1_655375336_end_10_655375336_end_11_#8more_12,2
480.0,:cluster655375336_end_0_655375336_end_1_655375336_end_10_655375336_end_11_#8more_40,1
480.0,:cluster_2038168688_655375573_9,1
480.0,:cluster_2528018119_655375236_12,2
480.0,:cluster_2528018119_655375236_32,1
480.0,:cluster_3208478133_655375293_655375296_9631728504_#1more_8,4
500.0,-300077497#5,27
500.0,-35274074#2,12
500.0,-360018417,4
500.0,-51362429#1,9
500.0,-51362430,18
500.0,-593847703#3,17
500.0,-E0,19
500.0,1068234498#0,36
500.0,1068234499#0,15
500.0,1068440001,7
500.0,1068440004#1,33
500.0,1334904386#0,4
500.0,182334378#0,19
500.0,196961377#0,19
500.0,238526531#0,24
500.0,244450512#1,3
500.0,288135626#0,1
500.0,288878926#0,5
500.0,300077497#0,6
500.0,303647015#0,3
500.0,30620492#0,18
500.0,30620492#1,4
500.0,35274074#0,3
500.0,360018417,1
500.0,484988951#0,5
500.0,49073226#2,7
500.0,49073272#4,3
500.0,506322840#0,1
500.0,506322842#0,10
500.0,506322844#0,5
500.0,506322846#2,2
500.0,506322853#0,18
500.0,51362429#0,17
500.0,51362430,8
500.0,593844221#0,2
500.0,593849711#2,15
500.0,594658757#0,1
500.0,594658760#0,3
500.0,594658762#0,6
500.0,668037874,4
500.0,:2444664370_0,1
500.0,:3086736518_0,2
500.0,:3086736518_6,1
500.0,:619136999_2,1
500.0,:655375232_2,4
500.0,:655375232_6,1
500.0,:655375233_0,1
500.0,:655375233_4,4
500.0,:655375233_8,5
500.0,:655375238_6,1
500.0,:cluster11510670762_4554226152_0,2
500.0,:cluster3086736522_655375108_655375247_655375401_#1more_11,1
500.0,:cluster655375228_655375240_0,1
500.0,:cluster655375228_655375240_13,1
500.0,:cluster_2038168688_655375573_23,1
500.0,:cluster_2038168688_655375573_24,1
500.0,:cluster_3208478133_655375293_655375296_9631728504_#1more_8,3
500.0,:cluster_9383263990_9383263991_9383263992_9383263993_13,1
500.0,:cluster_9383263990_9383263991_9383263992_9383263993_19,1
520.0,-300077497#5,26
520.0,-35274074#2,11
520.0,-360018417,5
520.0,-51362429#1,9
520.0,-51362430,17
520.0,-593847703#3,18
520.0,-E0,19
520.0,1068234498#0,32
520.0,1068234499#0,17
520.0,1068440001,9
520.0,1068440004#1,32
520.0,1334904386#0,4
520.0,1334905223#0,2
520.0,182334378#0,19
520.0,186602412#0,2
520.0,196961377#0,21
520.0,196961377#3,1
520.0,238526531#0,26
520.0,244450512#1,3
520.0,288135626#0,2
520.0,300077497#6,5
520.0,30620492#0,17
520.0,30620492#1,5
520.0,484988951#0,5
520.0,49073226#2,7
520.0,49695736#0,5
520.0,506322842#0,10
520.0,506322844#0,6
520.0,506322846#0,5
520.0,506322846#2,2
520.0,506322853#0,17
520.0,51362429#0,17
520.0,51362430,8
520.0,593849711#0,1
520.0,593849711#2,15
520.0,594658757#0,1
520.0,594658760#0,3
520.0,668037874,3
520.0,:1973482489_8,1
520.0,:2444664370_0,2
520.0,:3086736518_0,2
520.0,:3086736518_6,1
520.0,:655375232_2,4
520.0,:655375232_6,1
520.0,:655375233_0,1
520.0,:655375233_4,4
520.0,:655375233_8,6
520.0,:cluster11510670762_4554226152_0,2
520.0,:cluster619136880_619136881_cluster_4510442270_5296993511_5296993513_619136931_#1more_12,1
520.0,:cluster619136880_619136881_cluster_4510442270_5296993511_5296993513_619136931_#1more_8,1
520.0,:cluster655375336_end_0_655375336_end_1_655375336_end_10_655375336_end_11_#8more_12,3
520.0,:cluster655375336_end_0_655375336_end_1_655375336_end_10_655375336_end_11_#8more_40,1
520.0,:cluster_5372642442_631668976_631668981_631669076_45,1
520.0,:cluster_9383263990_9383263991_9383263992_9383263993_13,1
540.0,-300077497#5,26
540.0,-35274074#2,11
540.0,-360018417,5
540.0,-51362429#1,9
540.0,-51362430,19
540.0,-593847703#3,18
540.0,-594658757#2,7
540.0,-E0,19
540.0,1068234498#0,34
540.0,1068234499#0,18
540.0,1068440001,9
540.0,1068440004#1,32
540.0,1334904386#0,6
540.0,182334378#0,12
540.0,186602412#0,4
540.0,196961377#0,25
540.0,238526531#0,27
540.0,244450512#1,3
540.0,288135626#0,1
540.0,300077497#6,5
540.0,30620492#0,18
540.0,30620492#1,5
540.0,484988951#0,5
540.0,49073226#2,7
540.0,49695736#0,5
540.0,506322842#0,10
540.0,506322844#0,6
540.0,506322846#2,3
540.0,506322853#0,17
540.0,51362429#0,17
540.0,51362430,8
540.0,593849711#2,15
540.0,594658757#0,1
540.0,594658760#0,3
540.0,668037874,3
540.0,:2444664370_0,2
540.0,:3086736518_0,2
540.0,:3086736518_6,1
540.0,:655375232_2,4
540.0,:655375232_6,1
540.0,:655375233_0,1
540.0,:655375233_4,4
540.0,:655375233_8,6
540.0,:cluster11510670762_4554226152_0,2
540.0,:cluster655375336_end_0_655375336_end_1_655375336_end_10_655375336_end_11_#8more_10,1
540.0,:cluster655375336_end_0_655375336_end_1_655375336_end_10_655375336_end_11_#8more_40,2
540.0,:cluster_9383263990_9383263991_9383263992_9383263993_13,1
560.0,-1334905223#2,1
560.0,-300077497#5,27
560.0,-300077497#8,4
560.0,-35274074#2,12
560.0,-51362429#1,9
560.0,-51362430,19
560.0,-593847703#3,18
560.0,-594658757#2,10
560.0,-E0,19
560.0,1068234498#0,34
560.0,1068234499#0,16
560.0,1068440001,9
560.0,1068440004#1,32
560.0,1334904386#0,5
560.0,182334378#0,10
560.0,196961377#0,28
560.0,238526531#0,24
560.0,244450512#1,3
560.0,263217604#0,1
560.0,288135626#0,1
560.0,300077497#0,6
560.0,300077497#6,5
560.0,303647015#0,6
560.0,30620492#0,18
560.0,30620492#1,5
560.0,484988951#0,5
560.0,49073226#2,6
560.0,49073272#4,4
560.0,506322842#0,9
560.0,506322844#0,5
560.0,506322846#2,2
560.0,506322853#0,17
560.0,51362429#0,15
560.0,51362430,8
560.0,593847703#0,3
560.0,593847704#0,1
560.0,593849711#2,15
560.0,594658757#0,1
560.0,594658760#0,2
560.0,668037874,4
560.0,:2444664370_0,1
560.0,:3086736518_0,1
560.0,:655375232_2,4
560.0,:655375232_6,1
560.0,:655375233_0,1
560.0,:655375233_4,4
560.0,:655375233_8,6
560.0,:655375241_0,1
560.0,:656132414_3,1
560.0,:cluster11510670762_4554226152_0,2
560.0,:cluster_2038168688_655375573_30,1
560.0,:cluster_2528018119_655375236_12,1
560.0,:cluster_2528018119_655375236_29,1
560.0,:cluster_623980147_623980152_9,1
580.0,-300077497#5,27
580.0,-300077497#8,4
580.0,-35274074#2,12
580.0,-360018417,3
580.0,-51362429#1,8
580.0,-51362430,19
580.0,-593847703#3,18
580.0,-594658757#2,5
580.0,-E0,19
580.0,1068234498#0,35
580.0,1068234499#0,9
580.0,1068440001,9
580.0,1068440004#1,32
580.0,1068440006#0,1
580.0,1334904386#0,4
580.0,182334378#0,13
580.0,196961377#0,24
580.0,196961377#3,1
580.0,238526531#0,24
580.0,244450512#1,3
580.0,263217604#0,1
580.0,288135626#0,1
580.0,288878926#0,7
580.0,300077497#0,8
580.0,300077497#6,2
580.0,303647015#0,5
580.0,30620492#0,18
580.0,30620492#1,5
580.0,35274074#0,5
580.0,484988951#0,5
580.0,506322842#0,9
580.0,506322844#0,5
580.0,506322846#2,2
580.0,506322853#0,17
580.0,51362429#0,16
580.0,51362430,8
580.0,593847703#0,4
580.0,593849711#2,15
580.0,594658757#0,1
580.0,594658760#0,2
580.0,668037874,4
580.0,:2444664370_0,1
580.0,:3086736518_0,1
580.0,:655375232_2,4
580.0,:655375233_0,1
580.0,:655375233_4,4
580.0,:655375233_8,6
580.0,:655375239_3,1
580.0,:cluster11510670762_4554226152_0,2
580.0,:cluster3086736522_655375108_655375247_655375401_#1more_11,2
580.0,:cluster_2038168688_655375573_30,1
580.0,:cluster_2528018119_655375236_29,1
580.0,:cluster_3431431575_4777363357_655375231_6982059025_3,1
600.0,-300077497#5,21
600.0,-300077497#8,4
600.0,-35274074#2,11
600.0,-360018417,5
600.0,-51362429#1,1
600.0,-51362430,19
600.0,-593847703#3,18
600.0,-593847704#2,1
600.0,-594658757#2,1
600.0,-E0,19
600.0,1068234498#0,34
600.0,1068234499#0,9
600.0,1068440001,5
600.0,1068440004#1,32
600.0,1334904386#0,4
600.0,182334378#0,20
600.0,196961377#0,21
600.0,232003903#0,1
600.0,238526531#0,25
600.0,244450512#1,3
600.0,260881642#0,3
600.0,288135626#0,1
600.0,288878926#0,8
600.0,300077497#0,3
600.0,300077497#6,2
600.0,303647015#0,4
600.0,30620492#0,18
600.0,30620492#1,5
600.0,484988951#0,5
600.0,49073226#2,5
600.0,506322842#0,9
600.0,506322844#0,5
600.0,506322846#0,3
600.0,506322846#2,2
600.0,506322853#0,17
600.0,51362429#0,17
600.0,51362430,7
600.0,593844221#0,3
600.0,593847704#0,1
600.0,593849711#2,15
600.0,594658757#0,1
600.0,594658760#0,3
600.0,668037874,4
600.0,:2444664370_0,1
600.0,:3086736518_0,1
600.0,:655375232_2,4
600.0,:655375233_0,1
600.0,:655375233_2,1
600.0,:655375233_4,4
600.0,:655375233_8,6
600.0,:655375238_3,1
600.0,:cluster11510670762_4554226152_0,1
600.0,:cluster622618015_622618108_622618112_622618144_#2more_0,1
600.0,:cluster622618015_622618108_622618112_622618144_#2more_2,1
600.0,:cluster622618015_622618108_622618112_622618144_#2more_26,1
600.0,:cluster_2038168688_655375573_30,1
600.0,:cluster_2038168688_655375573_6,2
600.0,:cluster_2528018119_655375236_17,2
600.0,:cluster_3208478133_655375293_655375296_9631728504_#1more_8,2
600.0,:cluster_3431431575_4777363357_655375231_6982059025_3,1
600.0,E1,1
620.0,-300077497#5,19
620.0,-300077497#8,2
620.0,-35274074#2,11
620.0,-360018417,5
620.0,-51362430,15
620.0,-593847703#3,21
620.0,-593847704#2,2
620.0,-594658757#2,1
620.0,-E0,19
620.0,1068234498#0,33
620.0,1068234499#0,9
620.0,1068440001,7
620.0,1068440004#1,32
620.0,1334904386#0,4
620.0,182334378#0,23
620.0,186602412#0,2
620.0,196961377#0,27
620.0,232003903#0,1
620.0,238526531#0,26
620.0,244450512#1,2
620.0,260881642#0,3
620.0,288135626#0,1
620.0,288878926#0,9
620.0,300077497#6,4
620.0,30620492#0,18
620.0,30620492#1,5
620.0,484988951#0,5
620.0,49073226#2,1
620.0,506322842#0,9
620.0,506322844#0,5
620.0,506322846#0,4
620.0,506322846#2,2
620.0,506322853#0,17
620.0,51362429#0,17
620.0,51362430,7
620.0,593844221#0,3
620.0,593847702#0,3
620.0,593847703#0,1
620.0,593847704#0,1
620.0,593849711#2,15
620.0,594658757#0,1
620.0,594658760#0,3
620.0,668037874,4
620.0,:2444664370_0,1
620.0,:3086736518_0,1
620.0,:655375232_2,4
620.0,:655375233_2,1
620.0,:655375233_4,4
620.0,:655375233_8,3
620.0,:655375238_5,1
620.0,:cluster11510670762_4554226152_0,1
620.0,:cluster622618015_622618108_622618112_622618144_#2more_49,1
620.0,:cluster_2038168688_655375573_3,1
620.0,:cluster_2528018119_655375236_17,2
620.0,:cluster_2664674491_655375287_655375288_5,1
620.0,:cluster_3208478133_655375293_655375296_9631728504_#1more_8,4
640.0,-300077497#5,22
640.0,-300077497#8,1
640.0,-35274074#2,12
640.0,-360018417,1
640.0,-51362430,18
640.0,-593847703#3,25
640.0,-594658757#2,1
640.0,-E0,18
640.0,1068234498#0,33
640.0,1068234499#0,7
640.0,1068440001,4
640.0,1068440004#1,33
640.0,182334378#0,20
640.0,186602412#0,4
640.0,196961377#0,27
640.0,232003903#0,1
640.0,238526531#0,24
640.0,244450512#1,2
640.0,260881642#0,3
640.0,288135626#0,1
640.0,288878926#0,9
640.0,300077497#6,4
640.0,303647015#0,4
640.0,30620492#0,18
640.0,30620492#1,5
640.0,35274074#0,1
640.0,484988951#0,5
640.0,49073226#2,1
640.0,49073272#4,3
640.0,49695736#0,4
640.0,506322842#0,8
640.0,506322844#0,2
640.0,506322846#2,2
640.0,506322853#0,17
640.0,51362429#0,17
640.0,51362430,7
640.0,593847704#0,2
640.0,593849711#2,15
640.0,593849718#0,2
640.0,594658757#0,1
640.0,594658760#0,3
640.0,668037874,4
640.0,:1973482489_3,1
640.0,:2444664370_0,1
640.0,:3086736518_0,1
640.0,:3208478121_0,1
640.0,:655375232_2,4
640.0,:655375233_2,1
640.0,:655375233_4,4
640.0,:655375233_8,3
640.0,:655375238_5,1
640.0,:655375239_5,1
640.0,:cluster11510670762_4554226152_0,1
640.0,:cluster622618015_622618108_622618112_622618144_#2more_31,1
640.0,:cluster655375336_end_0_655375336_end_1_655375336_end_10_655375336_end_11_#8more_10,1
640.0,:cluster655375336_end_0_655375336_end_1_655375336_end_10_655375336_end_11_#8more_12,2
640.0,:cluster655375336_end_0_655375336_end_1_655375336_end_10_655375336_end_11_#8more_25,2
640.0,:cluster_2038168688_655375573_30,1
640.0,:cluster_2528018119_655375236_20,1
640.0,:cluster_2528018119_655375236_32,1
640.0,:cluster_3208478133_655375293_655375296_9631728504_#1more_8,2
640.0,:cluster_9383263990_9383263991_9383263992_9383263993_7,1
660.0,-300077497#5,27
660.0,-300077497#8,3
660.0,-35274074#2,12
660.0,-51362430,12
660.0,-593847703#3,28
660.0,-594658757#2,3
660.0,-E0,18
660.0,1068234498#0,34
660.0,1068234499#0,6
660.0,1068440001,5
660.0,1068440004#1,33
660.0,1334904386#0,1
660.0,182334378#0,17
660.0,196961377#0,27
660.0,232003903#0,1
660.0,238526531#0,24
660.0,244450512#1,3
660.0,260881642#0,2
660.0,263217604#0,1
660.0,288878926#0,9
660.0,300077497#0,6
660.0,300077497#6,4
660.0,30620492#0,18
660.0,30620492#1,5
660.0,35274074#0,2
660.0,484988951#0,5
660.0,49073226#2,1
660.0,49073272#4,1
660.0,49695736#0,2
660.0,506322842#0,8
660.0,506322844#0,3
660.0,506322846#2,2
660.0,506322853#0,17
660.0,51362429#0,15
660.0,51362430,7
660.0,593844221#0,1
660.0,593847704#0,1
660.0,593849711#2,15
660.0,594658757#0,1
660.0,594658760#0,3
660.0,668037874,4
660.0,:3086736518_0,2
660.0,:3086736518_6,1
660.0,:655375232_2,3
660.0,:655375233_0,2
660.0,:655375233_2,1
660.0,:655375233_4,4
660.0,:655375233_8,3
660.0,:656132414_2,1
660.0,:cluster11510670762_4554226152_0,2
660.0,:cluster3086736522_655375108_655375247_655375401_#1more_11,1
660.0,:cluster622618015_622618108_622618112_622618144_#2more_37,1
660.0,:cluster655375336_end_0_655375336_end_1_655375336_end_10_655375336_end_11_#8more_10,1
660.0,:cluster655375336_end_0_655375336_end_1_655375336_end_10_655375336_end_11_#8more_12,1
660.0,:cluster655375336_end_0_655375336_end_1_655375336_end_10_655375336_end_11_#8more_25,1
660.0,:cluster_2038168688_655375573_30,1
660.0,:cluster_2528018119_655375236_32,1
660.0,:cluster_3208478133_655375293_655375296_9631728504_#1more_8,2
680.0,-300077497#5,26
680.0,-300077497#8,3
680.0,-35274074#2,11
680.0,-360018417,5
680.0,-51362429#1,1
680.0,-51362430,15
680.0,-593847703#3,29
680.0,-594658757#2,1
680.0,-E0,19
680.0,1068234498#0,34
680.0,1068234499#0,6
680.0,1068440001,9
680.0,1068440004#1,33
680.0,1334904386#0,2
680.0,182334378#0,20
680.0,196961377#0,20
680.0,238526531#0,24
680.0,244450512#1,3
680.0,263217604#0,1
680.0,288878926#0,9
680.0,300077497#0,4
680.0,303647015#0,3
680.0,30620492#0,18
680.0,30620492#1,5
680.0,35274074#0,4
680.0,360018417,1
680.0,484988951#0,4
680.0,49073226#2,3
680.0,49073272#4,2
680.0,49695736#0,4
680.0,506322842#0,8
680.0,506322844#0,7
680.0,506322846#2,2
680.0,506322853#0,17
680.0,51362429#0,13
680.0,51362430,5
680.0,593847703#0,1
680.0,593849711#2,13
680.0,594658760#0,2
680.0,668037874,4
680.0,:3086736518_0,1
680.0,:3086736518_6,1
680.0,:655375232_2,2
680.0,:655375232_4,1
680.0,:655375232_6,1
680.0,:655375233_0,1
680.0,:655375233_2,1
680.0,:655375233_4,4
680.0,:655375233_8,3
680.0,:655375238_3,1
680.0,:655375238_6,1
680.0,:cluster11510670762_4554226152_0,2
680.0,:cluster655375336_end_0_655375336_end_1_655375336_end_10_655375336_end_11_#8more_21,1
680.0,:cluster_2038168688_655375573_23,1
680.0,:cluster_2038168688_655375573_3,1
680.0,:cluster_2038168688_655375573_30,1
680.0,:cluster_2038168688_655375573_6,2
680.0,:cluster_2528018119_655375236_3,2
680.0,:cluster_3431431575_4777363357_655375231_6982059025_5,1
700.0,-300077497#5,25
700.0,-300077497#8,3
700.0,-35274074#2,12
700.0,-360018417,5
700.0,-51362429#1,3
700.0,-51362430,18
700.0,-593847703#3,28
700.0,-593847704#2,1
700.0,-594658757#2,1
700.0,-E0,19
700.0,1068234498#0,31
700.0,1068234499#0,6
700.0,1068440001,9
700.0,1068440004#1,33
700.0,1068440006#0,1
700.0,1334904386#0,2
700.0,182334378#0,19
700.0,186602412#0,2
700.0,196961377#0,22
700.0,196961377#3,1
700.0,238526531#0,26
700.0,244450512#1,3
700.0,244450512#4,1
700.0,288878926#0,3
700.0,300077497#0,1
700.0,30620492#0,18
700.0,30620492#1,5
700.0,35274074#0,4
700.0,484988951#0,4
700.0,49073226#2,10
700.0,49695736#0,4
700.0,506322842#0,8
700.0,506322844#0,7
700.0,506322846#0,3
700.0,506322846#2,3
700.0,506322853#0,17
700.0,51362429#0,15
700.0,593849711#0,1
700.0,593849711#2,11
700.0,594658760#0,2
700.0,668037874,1
700.0,:1973482489_3,1
700.0,:3086736518_0,1
700.0,:3086736518_3,1
700.0,:3086736518_6,1
700.0,:655375232_2,2
700.0,:655375232_8,1
700.0,:655375233_0,1
700.0,:655375233_2,1
700.0,:655375233_4,2
700.0,:655375233_8,3
700.0,:655375238_1,1
700.0,:cluster11510670762_4554226152_0,2
700.0,:cluster619136880_619136881_cluster_4510442270_5296993511_5296993513_619136931_#1more_12,1
700.0,:cluster619136880_619136881_cluster_4510442270_5296993511_5296993513_619136931_#1more_8,1
700.0,:cluster622618015_622618108_622618112_622618144_#2more_2,1
700.0,:cluster655375336_end_0_655375336_end_1_655375336_end_10_655375336_end_11_#8more_12,1
700.0,:cluster655375336_end_0_655375336_end_1_655375336_end_10_655375336_end_11_#8more_21,1
700.0,:cluster655375336_end_0_655375336_end_1_655375336_end_10_655375336_end_11_#8more_40,2
700.0,:cluster_2038168688_655375573_23,1
700.0,:cluster_2038168688_655375573_24,2
700.0,:cluster_2038168688_655375573_3,1
700.0,:cluster_5372642442_631668976_631668981_631669076_45,1
720.0,-300077497#5,25
720.0,-300077497#8,1
720.0,-35274074#2,12
720.0,-360018417,5
720.0,-51362429#1,7
720.0,-51362430,19
720.0,-593847703#3,28
720.0,-594658757#2,5
720.0,-E0,19
720.0,1068234498#0,29
720.0,1068234499#0,6
720.0,1068440001,9
720.0,1068440004#1,27
720.0,1068440006#0,1
720.0,1334904386#0,7
720.0,182334378#0,14
720.0,186602412#0,4
720.0,196961377#0,25
720.0,238526531#0,28
720.0,244450512#1,3
720.0,244450512#5,1
720.0,288878926#0,1
720.0,30620492#0,18
720.0,30620492#1,5
720.0,484988951#0,3
720.0,49073226#2,10
720.0,49695736#0,4
720.0,506322842#0,8
720.0,506322844#0,7
720.0,506322846#0,6
720.0,506322846#2,2
720.0,506322853#0,17
720.0,51362429#0,15
720.0,593847702#0,7
720.0,593847703#0,1
720.0,593847704#0,1
720.0,593849711#2,11
720.0,594658760#0,2
720.0,:1973482489_8,1
720.0,:3086736518_0,1
720.0,:3086736518_6,1
720.0,:655375232_2,2
720.0,:655375233_8,4
720.0,:655375238_6,1
720.0,:cluster11510670762_4554226152_0,2
720.0,:cluster655375336_end_0_655375336_end_1_655375336_end_10_655375336_end_11_#8more_10,1
720.0,:cluster655375336_end_0_655375336_end_1_655375336_end_10_655375336_end_11_#8more_12,1
720.0,:cluster655375336_end_0_655375336_end_1_655375336_end_10_655375336_end_11_#8more_21,1
720.0,:cluster_3431431575_4777363357_655375231_6982059025_7,2
720.0,:cluster_5372642442_631668976_631668981_631669076_45,1
740.0,-1334905223#2,2
740.0,-300077497#5,26
740.0,-300077497#8,2
740.0,-35274074#2,12
740.0,-51362429#1,7
740.0,-51362430,19
740.0,-593847703#3,28
740.0,-594658757#2,10
740.0,-E0,19
740.0,1068234498#0,30
740.0,1068234499#0,6
740.0,1068440001,9
740.0,1068440004#1,27
740.0,1068440006#0,1
740.0,1334904386#0,4
740.0,182334378#0,10
740.0,186602412#0,5
740.0,196961377#0,25
740.0,238526531#0,25
740.0,244450512#1,3
740.0,244450512#5,1
740.0,263217604#0,2
740.0,288878926#0,1
740.0,300077497#0,4
740.0,300077497#6,1
740.0,303647015#0,7
740.0,30620492#0,18
740.0,30620492#1,5
740.0,35274074#0,1
740.0,484988951#0,4
740.0,49073226#2,12
740.0,49073272#3,1
740.0,49073272#4,4
740.0,506322842#0,7
740.0,506322844#0,4
740.0,506322846#2,2
740.0,506322853#0,17
740.0,51362429#0,15
740.0,593847702#0,2
740.0,593847703#0,1
740.0,593847704#0,1
740.0,593849711#2,11
740.0,593849718#0,4
740.0,594658760#0,2
740.0,:3086736518_0,1
740.0,:3086736518_6,1
740.0,:655375232_2,2
740.0,:655375238_5,1
740.0,:655375239_5,1
740.0,:655375241_0,1
740.0,:cluster11510670762_4554226152_0,2
740.0,:cluster622618015_622618108_622618112_622618144_#2more_31,5
740.0,:cluster655375336_end_0_655375336_end_1_655375336_end_10_655375336_end_11_#8more_12,2
740.0,:cluster655375336_end_0_655375336_end_1_655375336_end_10_655375336_end_11_#8more_21,1
740.0,:cluster_2038168688_655375573_30,1
760.0,-300077497#5,27
760.0,-300077497#8,4
760.0,-35274074#2,12
760.0,-360018417,2
760.0,-51362429#1,7
760.0,-51362430,19
760.0,-593847703#3,29
760.0,-594658757#2,6
760.0,-E0,19
760.0,1068234498#0,35
760.0,1068234499#0,5
760.0,1068440001,9
760.0,1068440004#1,35
760.0,1239087514,1
760.0,1334904386#0,4
760.0,182334378#0,16
760.0,196961377#0,23
760.0,238526531#0,25
760.0,244450512#1,3
760.0,244450512#5,1
760.0,263217604#0,3
760.0,288878926#0,1
760.0,303647015#0,5
760.0,30620492#0,18
760.0,30620492#1,5
760.0,35274074#0,5
760.0,484988951#0,4
760.0,49073226#2,12
760.0,49073264#0,1
760.0,49073272#3,1
760.0,506322842#0,7
760.0,506322844#0,6
760.0,506322846#2,3
760.0,506322853#0,13
760.0,51362429#0,13
760.0,593847702#0,1
760.0,593847703#0,1
760.0,593849711#2,11
760.0,668037874,2
760.0,:3086736518_0,1
760.0,:3086736518_6,1
760.0,:3208478121_0,1
760.0,:619136999_2,1
760.0,:655375232_2,3
760.0,:655375233_0,1
760.0,:cluster11510670762_4554226152_0,2
760.0,:cluster3086736522_655375108_655375247_655375401_#1more_11,2
760.0,:cluster655375336_end_0_655375336_end_1_655375336_end_10_655375336_end_11_#8more_21,1
760.0,:cluster_2038168688_655375573_30,1
780.0,-300077497#5,27
780.0,-300077497#8,4
780.0,-35274074#2,12
780.0,-360018417,5
780.0,-49073264#1,1
780.0,-51362429#1,7
780.0,-51362430,18
780.0,-593847703#3,29
780.0,-594658757#2,2
780.0,-E0,19
780.0,1068234498#0,33
780.0,1068234499#0,5
780.0,1068440001,5
780.0,1068440004#1,35
780.0,1334904386#0,5
780.0,182334378#0,14
780.0,196961377#0,22
780.0,238526531#0,25
780.0,244450512#1,3
780.0,260881642#0,3
780.0,288135626#0,2
780.0,300077497#0,4
780.0,303647015#0,6
780.0,30620492#0,18
780.0,30620492#1,5
780.0,360018417,1
780.0,360843888,1
780.0,484988951#0,5
780.0,49073226#2,12
780.0,49073272#4,1
780.0,506322842#0,7
780.0,506322844#0,6
780.0,506322846#0,3
780.0,506322846#2,3
780.0,506322853#0,13
780.0,51362429#0,7
780.0,51362430,1
780.0,593844221#0,2
780.0,593847702#0,1
780.0,593847703#0,5
780.0,593847704#0,1
780.0,593847705,1
780.0,593849711#2,11
780.0,594658760#0,1
780.0,:655375232_2,2
780.0,:cluster11510670762_4554226152_0,1
780.0,:cluster3086736522_655375108_655375247_655375401_#1more_17,1
780.0,:cluster655375336_end_0_655375336_end_1_655375336_end_10_655375336_end_11_#8more_21,1
780.0,:cluster_2038168688_655375573_30,1
780.0,:cluster_2038168688_655375573_6,2
780.0,:cluster_2528018119_655375236_3,1
780.0,:cluster_3208478133_655375293_655375296_9631728504_#1more_8,4
780.0,:cluster_5372642442_631668976_631668981_631669076_26,1
800.0,-300077497#5,27
800.0,-300077497#8,4
800.0,-35274074#2,12
800.0,-360018417,5
800.0,-49073264#1,1
800.0,-51362429#1,8
800.0,-51362430,14
800.0,-593847703#3,26
800.0,-594658757#2,2
800.0,-E0,20
800.0,1068234498#0,33
800.0,1068234499#0,7
800.0,1068440001,8
800.0,1068440004#1,35
800.0,1334904386#0,5
800.0,182334378#0,15
800.0,186602412#0,3
800.0,196961377#0,22
800.0,238526531#0,26
800.0,244450512#1,2
800.0,260881642#0,2
800.0,288878926#0,2
800.0,300077497#0,3
800.0,30620492#0,18
800.0,30620492#1,5
800.0,35274074#0,3
800.0,360843888,2
800.0,484988951#0,5
800.0,49073226#2,9
800.0,506322842#0,7
800.0,506322844#0,6
800.0,506322846#0,1
800.0,506322846#2,2
800.0,506322853#0,13
800.0,51362429#0,7
800.0,51362430,1
800.0,593844221#0,2
800.0,593847702#0,1
800.0,593847704#0,1
800.0,593847705,1
800.0,593849711#2,8
800.0,594658760#0,1
800.0,:655375232_2,2
800.0,:655375233_4,3
800.0,:655375238_1,1
800.0,:cluster11510670762_4554226152_0,1
800.0,:cluster655375336_end_0_655375336_end_1_655375336_end_10_655375336_end_11_#8more_31,1
800.0,:cluster_2038168688_655375573_30,1
800.0,:cluster_2038168688_655375573_6,2
800.0,:cluster_2664674491_655375287_655375288_5,1
800.0,:cluster_3208478133_655375293_655375296_9631728504_#1more_8,5
800.0,:cluster_3431431575_4777363357_655375231_6982059025_3,1
800.0,:cluster_623980147_623980152_9,1
820.0,-300077497#5,27
820.0,-300077497#8,4
820.0,-35274074#2,12
820.0,-360018417,1
820.0,-49073264#1,1
820.0,-51362429#1,6
820.0,-51362430,19
820.0,-593847703#3,26
820.0,-594658757#2,2
820.0,-E0,20
820.0,1068234498#0,33
820.0,1068234499#0,5
820.0,1068440001,8
820.0,1068440004#1,33
820.0,182334378#0,13
820.0,186602412#0,2
820.0,196961377#0,22
820.0,232003903#0,1
820.0,238526531#0,26
820.0,244450512#1,2
820.0,260881642#0,3
820.0,263217604#0,1
820.0,288878926#0,9
820.0,300077497#0,2
820.0,303647015#0,4
820.0,30620492#0,17
820.0,30620492#1,5
820.0,35274074#0,4
820.0,360843888,2
820.0,484988951#0,3
820.0,49073226#2,4
820.0,49073272#4,3
820.0,506322842#0,7
820.0,506322844#0,5
820.0,506322846#0,2
820.0,506322846#2,2
820.0,506322853#0,13
820.0,51362429#0,9
820.0,593847704#0,1
820.0,593847705,1
820.0,593849711#2,8
820.0,593849718#0,1
820.0,594658760#0,1
820.0,:3086736518_4,1
820.0,:3208478121_0,1
820.0,:655375232_2,2
820.0,:655375233_4,1
820.0,:655375233_8,2
820.0,:cluster11510670762_4554226152_0,1
820.0,:cluster3086736522_655375108_655375247_655375401_#1more_8,1
820.0,:cluster655375336_end_0_655375336_end_1_655375336_end_10_655375336_end_11_#8more_12,1
820.0,:cluster655375336_end_0_655375336_end_1_655375336_end_10_655375336_end_11_#8more_25,3
820.0,:cluster_2038168688_655375573_30,1
820.0,:cluster_2038168688_655375573_6,2
820.0,:cluster_3208478133_655375293_655375296_9631728504_#1more_8,4
820.0,:cluster_3431431575_4777363357_655375231_6982059025_3,2
820.0,:cluster_3431431575_4777363357_655375231_6982059025_5,1
820.0,:cluster_623980147_623980152_4,1
840.0,-300077497#5,27
840.0,-300077497#8,4
840.0,-35274074#2,12
840.0,-51362430,17
840.0,-593847703#3,26
840.0,-594658757#2,4
840.0,-E0,20
840.0,1068234498#0,33
840.0,1068234499#0,5
840.0,1068440001,5
840.0,1068440004#1,29
840.0,1334904386#0,1
840.0,182334378#0,8
840.0,196961377#0,22
840.0,232003903#0,1
840.0,238526531#0,26
840.0,244450512#1,2
840.0,260881642#0,2
840.0,263217604#0,1
840.0,288878926#0,13
840.0,300077497#0,4
840.0,300077497#6,2
840.0,30620492#0,18
840.0,30620492#1,5
840.0,35274074#0,4
840.0,360843888,2
840.0,484988951#0,4
840.0,49073226#2,8
840.0,49695736#0,1
840.0,506322842#0,7
840.0,506322844#0,5
840.0,506322846#2,2
840.0,506322853#0,10
840.0,51362429#0,14
840.0,593844221#0,1
840.0,593847705,1
840.0,593849711#2,8
840.0,594658760#0,1
840.0,668037874,1
840.0,:3086736518_4,1
840.0,:655375232_2,2
840.0,:655375233_4,1
840.0,:655375233_8,7
840.0,:656132414_2,1
840.0,:cluster11510670762_4554226152_0,2
840.0,:cluster3086736522_655375108_655375247_655375401_#1more_11,1
840.0,:cluster619136880_619136881_cluster_4510442270_5296993511_5296993513_619136931_#1more_8,1
840.0,:cluster619136899_619136900_cluster_619136929_619136942_6,1
840.0,:cluster622618015_622618108_622618112_622618144_#2more_17,1
840.0,:cluster622618015_622618108_622618112_622618144_#2more_39,1
840.0,:cluster655375336_end_0_655375336_end_1_655375336_end_10_655375336_end_11_#8more_12,1
840.0,:cluster655375336_end_0_655375336_end_1_655375336_end_10_655375336_end_11_#8more_40,1
840.0,:cluster_2038168688_655375573_30,1
840.0,:cluster_2038168688_655375573_6,2
840.0,:cluster_2528018119_655375236_20,1
840.0,:cluster_3208478133_655375293_655375296_9631728504_#1more_8,3
840.0,:cluster_3431431575_4777363357_655375231_6982059025_3,2
860.0,-300077497#5,27
860.0,-300077497#8,4
860.0,-35274074#2,12
860.0,-360018417,4
860.0,-51362430,16
860.0,-593847703#3,27
860.0,-594658757#2,2
860.0,-E0,19
860.0,1068234498#0,33
860.0,1068234499#0,5
860.0,1068440001,8
860.0,1068440004#1,33
860.0,1334904386#0,3
860.0,182334378#0,1
860.0,196961377#0,17
860.0,196961377#3,4
860.0,238526531#0,26
860.0,244450512#1,2
860.0,244450512#4,1
860.0,244450512#5,1
860.0,263217604#0,1
860.0,288878926#0,13
860.0,300077497#0,1
860.0,303647015#0,4
860.0,30620492#0,18
860.0,30620492#1,5
860.0,35274074#0,6
860.0,484988951#0,4
860.0,49073226#2,9
860.0,49073272#4,2
860.0,49695736#0,2
860.0,506322842#0,7
860.0,506322844#0,5
860.0,506322846#2,2
860.0,506322853#0,7
860.0,51362429#0,16
860.0,51362430,1
860.0,593844221#0,1
860.0,593847705,1
860.0,593849711#2,8
860.0,594658760#0,1
860.0,:3086736518_4,1
860.0,:3086736518_6,1
860.0,:655375232_2,2
860.0,:655375233_4,1
860.0,:655375233_8,7
860.0,:655375238_1,1
860.0,:cluster11510670762_4554226152_0,2
860.0,:cluster3086736522_655375108_655375247_655375401_#1more_11,1
860.0,:cluster619136880_619136881_cluster_4510442270_5296993511_5296993513_619136931_#1more_12,1
860.0,:cluster655375336_end_0_655375336_end_1_655375336_end_10_655375336_end_11_#8more_12,2
860.0,:cluster655375336_end_0_655375336_end_1_655375336_end_10_655375336_end_11_#8more_40,1
860.0,:cluster_2038168688_655375573_23,1
860.0,:cluster_2038168688_655375573_3,1
860.0,:cluster_2038168688_655375573_30,1
860.0,:cluster_2038168688_655375573_6,2
860.0,:cluster_3208478133_655375293_655375296_9631728504_#1more_8,1
860.0,:cluster_3431431575_4777363357_655375231_6982059025_3,1
880.0,-300077497#5,27
880.0,-300077497#8,4
880.0,-35274074#2,12
880.0,-360018417,5
880.0,-51362430,18
880.0,-593847703#3,27
880.0,-594658757#2,4
880.0,-E0,19
880.0,1068234498#0,33
880.0,1068234499#0,5
880.0,1068440001,9
880.0,1068440004#1,33
880.0,1334904386#0,4
880.0,182334378#0,1
880.0,186602412#0,2
880.0,196961377#0,17
880.0,196961377#3,3
880.0,238526531#0,26
880.0,244450512#1,2
880.0,244450512#4,1
880.0,244450512#5,2
880.0,288878926#0,7
880.0,30620492#0,18
880.0,30620492#1,5
880.0,35274074#0,1
880.0,484988951#0,4
880.0,49073226#2,9
880.0,49695736#0,2
880.0,506322842#0,7
880.0,506322844#0,5
880.0,506322846#0,4
880.0,506322846#2,2
880.0,506322853#0,7
880.0,51362429#0,13
880.0,593844221#0,2
880.0,593849711#0,1
880.0,593849711#2,8
880.0,594658760#0,1
880.0,:1973482489_8,1
880.0,:3086736518_0,1
880.0,:3086736518_4,1
880.0,:3086736518_6,1
880.0,:655375232_2,2
880.0,:655375233_0,2
880.0,:655375233_4,1
880.0,:655375233_8,7
880.0,:cluster11510670762_4554226152_0,2
880.0,:cluster622618015_622618108_622618112_622618144_#2more_26,1
880.0,:cluster_2038168688_655375573_23,1
880.0,:cluster_2038168688_655375573_3,1
880.0,:cluster_2038168688_655375573_30,1
880.0,:cluster_2038168688_655375573_6,2
880.0,:cluster_3431431575_4777363357_655375231_6982059025_3,1
900.0,-300077497#5,25
900.0,-300077497#8,4
900.0,-35274074#2,12
900.0,-360018417,5
900.0,-51362429#1,4
900.0,-51362430,19
900.0,-593847703#3,27
900.0,-594658757#2,4
900.0,-E0,19
900.0,1068234498#0,33
900.0,1068234499#0,5
900.0,1068440001,9
900.0,1068440004#1,33
900.0,1334904386#0,5
900.0,186602412#0,5
900.0,196961377#0,17
900.0,238526531#0,26
900.0,244450512#1,2
900.0,244450512#5,3
900.0,288878926#0,5
900.0,30620492#0,18
900.0,30620492#1,5
900.0,484988951#0,4
900.0,49073226#2,9
900.0,49695736#0,4
900.0,506322842#0,7
900.0,506322844#0,5
900.0,506322846#0,1
900.0,506322846#2,3
900.0,506322853#0,7
900.0,51362429#0,14
900.0,593849711#0,1
900.0,593849711#2,4
900.0,594658760#0,1
900.0,:3086736518_0,1
900.0,:3086736518_3,1
900.0,:3086736518_6,1
900.0,:655375232_2,2
900.0,:655375232_8,1
900.0,:655375233_0,2
900.0,:655375233_4,2
900.0,:655375233_8,7
900.0,:cluster11510670762_4554226152_0,2
900.0,:cluster622618015_622618108_622618112_622618144_#2more_49,1
900.0,:cluster_2038168688_655375573_30,1
900.0,:cluster_2038168688_655375573_6,2
900.0,:cluster_3431431575_4777363357_655375231_6982059025_3,1
920.0,-300077497#5,26
920.0,-300077497#8,2
920.0,-35274074#2,12
920.0,-51362429#1,7
920.0,-51362430,19
920.0,-593847703#3,26
920.0,-594658757#2,4
920.0,-E0,19
920.0,1068234498#0,33
920.0,1068234499#0,5
920.0,1068440001,9
920.0,1068440004#1,33
920.0,196961377#0,17
920.0,238526531#0,26
920.0,244450512#1,2
920.0,244450512#5,3
920.0,288878926#0,5
920.0,300077497#0,4
920.0,303647015#0,3
920.0,30620492#0,18
920.0,30620492#1,5
920.0,484988951#0,4
920.0,49073226#2,9
920.0,49073272#4,4
920.0,506322842#0,6
920.0,506322844#0,4
920.0,506322846#2,1
920.0,506322853#0,7
920.0,51362429#0,17
920.0,593847702#0,4
920.0,593847704#0,1
920.0,593849711#2,4
920.0,594658760#0,1
920.0,:3086736518_0,1
920.0,:3086736518_6,1
920.0,:655375232_2,2
920.0,:655375233_0,2
920.0,:655375233_4,1
920.0,:655375233_8,3
920.0,:655375238_5,1
920.0,:655375239_5,1
920.0,:cluster11510670762_4554226152_0,2
920.0,:cluster_2038168688_655375573_30,1
920.0,:cluster_2038168688_655375573_6,2
920.0,:cluster_3431431575_4777363357_655375231_6982059025_3,1
940.0,-300077497#5,27
940.0,-300077497#8,4
940.0,-35274074#2,12
940.0,-51362429#1,7
940.0,-51362430,19
940.0,-593847703#3,26
940.0,-E0,19
940.0,1068234498#0,33
940.0,1068234499#0,5
940.0,1068440001,9
940.0,1068440004#1,30
940.0,196961377#0,13
940.0,196961377#3,4
940.0,238526531#0,25
940.0,244450512#1,2
940.0,244450512#5,3
940.0,288878926#0,5
940.0,303647015#0,4
940.0,30620492#0,18
940.0,30620492#1,5
940.0,35274074#0,4
940.0,484988951#0,4
940.0,49073226#2,9
940.0,49073272#4,1
940.0,506322842#0,6
940.0,506322844#0,6
940.0,506322853#0,1
940.0,51362429#0,17
940.0,593847702#0,7
940.0,593849711#2,4
940.0,593849718#0,1
940.0,594658760#0,1
940.0,668037874,1
940.0,:2444664370_0,1
940.0,:3086736518_0,1
940.0,:3086736518_6,1
940.0,:619136999_0,1
940.0,:619136999_2,1
940.0,:655375232_2,2
940.0,:655375233_0,1
940.0,:655375233_4,1
940.0,:655375233_8,3
940.0,:655375238_2,1
940.0,:cluster11510670762_4554226152_0,2
940.0,:cluster619136880_619136881_cluster_4510442270_5296993511_5296993513_619136931_#1more_8,1
940.0,:cluster619136899_619136900_cluster_619136929_619136942_6,1
940.0,:cluster_2038168688_655375573_6,2
940.0,:cluster_2038168688_655375573_8,1
940.0,:cluster_3431431575_4777363357_655375231_6982059025_3,1
960.0,-300077497#5,26
960.0,-300077497#8,4
960.0,-35274074#2,12
960.0,-360018417,5
960.0,-51362429#1,7
960.0,-51362430,19
960.0,-593847703#3,26
960.0,-593847704#2,1
960.0,-E0,19
960.0,1068234498#0,33
960.0,1068234499#0,6
960.0,1068440001,6
960.0,1068440004#1,33
960.0,186602412#0,1
960.0,196961377#0,11
960.0,196961377#3,5
960.0,238526531#0,25
960.0,244450512#1,2
960.0,260881642#0,3
960.0,288878926#0,2
960.0,30620492#0,18
960.0,30620492#1,5
960.0,484988951#0,4
960.0,49073226#2,9
960.0,49695736#0,1
960.0,506322842#0,6
960.0,506322844#0,6
960.0,506322846#0,4
960.0,506322853#0,1
960.0,51362429#0,17
960.0,51362430,2
960.0,593844221#0,1
960.0,593847702#0,7
960.0,593849711#0,1
960.0,593849711#2,4
960.0,594658760#0,1
960.0,:1973482489_3,1
960.0,:3086736518_0,1
960.0,:3086736518_6,1
960.0,:655375232_2,2
960.0,:655375233_0,1
960.0,:655375233_4,1
960.0,:655375233_8,3
960.0,:655375238_2,1
960.0,:656132414_3,1
960.0,:cluster622618015_622618108_622618112_622618144_#2more_2,1
960.0,:cluster622618015_622618108_622618112_622618144_#2more_26,1
960.0,:cluster_2038168688_655375573_25,1
960.0,:cluster_2528018119_655375236_17,1
960.0,:cluster_3208478133_655375293_655375296_9631728504_#1more_8,3
960.0,:cluster_3431431575_4777363357_655375231_6982059025_3,1
980.0,-300077497#5,26
980.0,-300077497#8,4
980.0,-35274074#2,12
980.0,-360018417,5
980.0,-51362429#1,7
980.0,-51362430,14
980.0,-593847703#3,27
980.0,-E0,19
980.0,1068234498#0,33
980.0,1068234499#0,6
980.0,1068440001,8
980.0,1068440004#1,33
980.0,186602412#0,3
980.0,196961377#0,11
980.0,238526531#0,25
980.0,244450512#1,2
980.0,260881642#0,3
980.0,30620492#0,18
980.0,30620492#1,5
980.0,484988951#0,3
980.0,49073226#2,9
980.0,49695736#0,1
980.0,506322842#0,6
980.0,506322844#0,6
980.0,506322853#0,1
980.0,51362429#0,12
980.0,51362430,2
980.0,593844221#0,1
980.0,593847702#0,7
980.0,593849711#0,1
980.0,593849711#2,4
980.0,594658760#0,1
980.0,:3086736518_0,4
980.0,:3086736518_6,1
980.0,:655375232_2,4
980.0,:655375233_0,2
980.0,:655375233_4,1
980.0,:655375233_8,3
980.0,:655375238_2,1
980.0,:cluster11510670762_4554226152_0,1
980.0,:cluster622618015_622618108_622618112_622618144_#2more_49,3
980.0,:cluster_2038168688_655375573_25,1
980.0,:cluster_3208478133_655375293_655375296_9631728504_#1more_8,5
980.0,:cluster_3431431575_4777363357_655375231_6982059025_3,1
980.0,:cluster_3431431575_4777363357_655375231_6982059025_5,1
1000.0,-300077497#5,27
1000.0,-300077497#8,4
1000.0,-35274074#2,12
1000.0,-360018417,1
1000.0,-51362429#1,9
1000.0,-51362430,18
1000.0,-593847703#3,27
1000.0,-E0,19
1000.0,1068234498#0,33
1000.0,1068234499#0,6
1000.0,1068440001,8
1000.0,1068440004#1,33
1000.0,196961377#0,11
1000.0,238526531#0,25
1000.0,244450512#1,2
1000.0,260881642#0,3
1000.0,263217604#0,1
1000.0,300077497#0,1
1000.0,30620492#0,18
1000.0,30620492#1,5
1000.0,484988951#0,2
1000.0,49073226#2,10
1000.0,49073272#4,3
1000.0,506322842#0,6
1000.0,506322844#0,4
1000.0,506322853#0,1
1000.0,51362429#0,15
1000.0,593844221#0,1
1000.0,593849711#2,2
1000.0,593849718#0,3
1000.0,594658760#0,1
1000.0,:3086736518_0,4
1000.0,:3086736518_6,1
1000.0,:3208478121_0,1
1000.0,:655375232_2,4
1000.0,:655375233_0,2
1000.0,:655375233_4,1
1000.0,:655375233_8,3
1000.0,:655375238_5,1
1000.0,:cluster11510670762_4554226152_0,1
1000.0,:cluster622618015_622618108_622618112_622618144_#2more_31,4
1000.0,:cluster_2038168688_655375573_25,1
1000.0,:cluster_2664674491_655375287_655375288_5,1
1000.0,:cluster_3208478133_655375293_655375296_9631728504_#1more_8,5
1000.0,:cluster_3431431575_4777363357_655375231_6982059025_3,1
1000.0,:cluster_3431431575_4777363357_655375231_6982059025_7,2
1020.0,-300077497#5,27
1020.0,-300077497#8,4
1020.0,-35274074#2,12
1020.0,-51362429#1,9
1020.0,-51362430,19
1020.0,-593847703#3,22
1020.0,-E0,19
1020.0,1068234498#0,33
1020.0,1068234499#0,6
1020.0,1068440001,6
1020.0,1068440004#1,33
1020.0,196961377#0,11
1020.0,238526531#0,25
1020.0,244450512#1,3
1020.0,260881642#0,2
1020.0,263217604#0,1
1020.0,30620492#0,18
1020.0,30620492#1,5
1020.0,484988951#0,4
1020.0,49073226#2,12
1020.0,49695736#0,3
1020.0,506322842#0,6
1020.0,506322844#0,5
1020.0,51362429#0,17
1020.0,593849711#2,2
1020.0,594658760#0,1
1020.0,:3086736518_0,4
1020.0,:3086736518_6,1
1020.0,:655375232_2,4
1020.0,:655375233_0,2
1020.0,:655375233_2,1
1020.0,:655375233_4,5
1020.0,:655375233_8,3
1020.0,:655375238_1,1
1020.0,:655375238_5,1
1020.0,:cluster11510670762_4554226152_0,2
1020.0,:cluster619136880_619136881_cluster_4510442270_5296993511_5296993513_619136931_#1more_8,1
1020.0,:cluster655375336_end_0_655375336_end_1_655375336_end_10_655375336_end_11_#8more_25,2
1020.0,:cluster_2038168688_655375573_25,1
1020.0,:cluster_2528018119_655375236_32,1
1020.0,:cluster_3208478133_655375293_655375296_9631728504_#1more_8,1
1020.0,:cluster_3431431575_4777363357_655375231_6982059025_3,1
1040.0,-300077497#5,27
1040.0,-300077497#8,4
1040.0,-35274074#2,12
1040.0,-360018417,3
1040.0,-51362429#1,9
1040.0,-51362430,18
1040.0,-593847703#3,22
1040.0,-E0,19
1040.0,1068234498#0,33
1040.0,1068234499#0,6
1040.0,1068440001,7
1040.0,1068440004#1,33
1040.0,196961377#0,2
1040.0,196961377#3,4
1040.0,238526531#0,25
1040.0,244450512#1,3
1040.0,263217604#0,1
1040.0,288878926#0,4
1040.0,300077497#0,4
1040.0,30620492#0,18
1040.0,30620492#1,5
1040.0,484988951#0,4
1040.0,49073226#2,7
1040.0,49073272#4,2
1040.0,49695736#0,3
1040.0,506322842#0,5
1040.0,506322844#0,5
1040.0,51362429#0,17
1040.0,593849711#2,2
1040.0,594658760#0,1
1040.0,:3086736518_0,4
1040.0,:3086736518_6,1
1040.0,:619136999_0,1
1040.0,:655375232_2,4
1040.0,:655375233_0,2
1040.0,:655375233_2,1
1040.0,:655375233_4,5
1040.0,:655375233_8,3
1040.0,:655375238_1,1
1040.0,:655375238_5,1
1040.0,:cluster11510670762_4554226152_0,2
1040.0,:cluster_2038168688_655375573_25,1
1040.0,:cluster_3431431575_4777363357_655375231_6982059025_3,1
1040.0,:cluster_623980147_623980152_9,1
1060.0,-300077497#5,27
1060.0,-300077497#8,4
1060.0,-35274074#2,12
1060.0,-360018417,3
1060.0,-51362429#1,4
1060.0,-51362430,17
1060.0,-593847703#3,23
1060.0,-593847704#2,1
1060.0,-E0,19
1060.0,1068234498#0,33
1060.0,1068234499#0,5
1060.0,1068440001,8
1060.0,1068440004#1,33
1060.0,196961377#3,6
1060.0,238526531#0,25
1060.0,244450512#1,3
1060.0,288878926#0,5
1060.0,300077497#0,4
1060.0,30620492#0,18
1060.0,30620492#1,5
1060.0,484988951#0,4
1060.0,49073226#2,4
1060.0,49695736#0,3
1060.0,506322842#0,4
1060.0,506322844#0,5
1060.0,51362429#0,17
1060.0,593849711#0,1
1060.0,593849711#2,2
1060.0,594658760#0,2
1060.0,:3086736518_0,4
1060.0,:3086736518_6,1
1060.0,:655375232_2,4
1060.0,:655375233_0,2
1060.0,:655375233_2,1
1060.0,:655375233_4,5
1060.0,:655375233_8,3
1060.0,:655375238_1,1
1060.0,:655375238_5,1
1060.0,:cluster11510670762_4554226152_0,2
1060.0,:cluster622618015_622618108_622618112_622618144_#2more_26,1
1060.0,:cluster_2038168688_655375573_25,1
1060.0,:cluster_3431431575_4777363357_655375231_6982059025_3,2
1060.0,:cluster_623980147_623980152_4,1
1080.0,-300077497#5,24
1080.0,-300077497#8,4
1080.0,-35274074#2,12
1080.0,-360018417,3
1080.0,-51362430,17
1080.0,-593847703#3,26
1080.0,-E0,19
1080.0,1068234498#0,32
1080.0,1068234499#0,5
1080.0,1068440001,8
1080.0,1068440004#1,33
1080.0,196961377#3,3
1080.0,238526531#0,25
1080.0,244450512#1,3
1080.0,288878926#0,10
1080.0,300077497#0,4
1080.0,30620492#0,18
1080.0,30620492#1,5
1080.0,484988951#0,4
1080.0,49073226#2,4
1080.0,49695736#0,3
1080.0,506322842#0,4
1080.0,506322844#0,5
1080.0,51362429#0,15
1080.0,593849711#0,1
1080.0,593849711#2,2
1080.0,594658760#0,2
1080.0,:3086736518_0,4
1080.0,:3086736518_6,1
1080.0,:655375232_2,6
1080.0,:655375233_0,2
1080.0,:655375233_2,1
1080.0,:655375233_4,5
1080.0,:655375233_8,3
1080.0,:655375238_1,1
1080.0,:655375238_5,1
1080.0,:cluster11510670762_4554226152_0,2
1080.0,:cluster_2038168688_655375573_25,1
1100.0,-300077497#5,26
1100.0,-300077497#8,3
1100.0,-35274074#2,12
1100.0,-51362429#1,2
1100.0,-51362430,17
1100.0,-593847703#3,27
1100.0,-E0,19
1100.0,1068234498#0,34
1100.0,1068234499#0,4
1100.0,1068440001,8
1100.0,1068440004#1,33
1100.0,182334379#0,1
1100.0,196961377#3,3
1100.0,238526531#0,25
1100.0,244450512#1,3
1100.0,288878926#0,12
1100.0,300077497#0,6
1100.0,30620492#0,18
1100.0,30620492#1,5
1100.0,484988951#0,3
1100.0,49073226#2,2
1100.0,49073272#4,2
1100.0,506322842#0,3
1100.0,506322844#0,3
1100.0,506322848#0,2
1100.0,51362429#0,16
1100.0,594658760#0,1
1100.0,:3086736518_0,4
1100.0,:3086736518_6,1
1100.0,:655375232_2,6
1100.0,:655375233_0,2
1100.0,:655375233_2,1
1100.0,:655375233_4,5
1100.0,:655375233_8,3
1100.0,:655375238_1,1
1100.0,:655375238_5,1
1100.0,:655375239_5,1
1100.0,:cluster11510670762_4554226152_0,2
1100.0,:cluster_2038168688_655375573_25,1
1100.0,:cluster_3431431575_4777363357_655375231_6982059025_5,1
1100.0,:cluster_5372642442_631668976_631668981_631669076_36,1
1120.0,-300077497#5,27
1120.0,-300077497#8,4
1120.0,-35274074#2,12
1120.0,-51362430,17
1120.0,-593847703#3,27
1120.0,-E0,19
1120.0,1068234498#0,34
1120.0,1068234499#0,5
1120.0,1068440001,8
1120.0,1068440004#1,33
1120.0,182334379#0,1
1120.0,196961377#3,3
1120.0,238526531#0,25
1120.0,244450512#1,3
1120.0,288878926#0,12
1120.0,30620492#0,16
1120.0,30620492#1,5
1120.0,35274074#0,6
1120.0,484988951#0,4
1120.0,49073226#2,4
1120.0,506322842#0,2
1120.0,506322844#0,5
1120.0,51362429#0,17
1120.0,593847704#0,1
1120.0,594658760#0,1
1120.0,:3086736518_0,4
1120.0,:3086736518_6,1
1120.0,:655375232_2,6
1120.0,:655375233_0,2
1120.0,:655375233_2,1
1120.0,:655375233_4,2
1120.0,:655375233_8,3
1120.0,:655375238_2,1
1120.0,:655375238_6,1
1120.0,:cluster11510670762_4554226152_0,2
1120.0,:cluster_2038168688_655375573_30,1
1120.0,:cluster_3431431575_4777363357_655375231_6982059025_3,2
1140.0,-300077497#5,27
1140.0,-300077497#8,4
1140.0,-35274074#2,11
1140.0,-51362430,14
1140.0,-593847703#3,27
1140.0,-E0,19
1140.0,1068234498#0,34
1140.0,1068234499#0,5
1140.0,1068440001,5
1140.0,1068440004#1,33
1140.0,182334379#0,1
1140.0,196961377#3,2
1140.0,238526531#0,25
1140.0,244450512#1,1
1140.0,260881642#0,3
1140.0,288878926#0,10
1140.0,30620492#0,18
1140.0,30620492#1,5
1140.0,484988951#0,4
1140.0,49073226#2,6
1140.0,506322842#0,2
1140.0,506322844#0,6
1140.0,506322846#0,4
1140.0,51362429#0,17
1140.0,593844221#0,2
1140.0,593847704#0,1
1140.0,593849711#0,1
1140.0,594658760#0,1
1140.0,:3086736518_0,4
1140.0,:3086736518_6,1
1140.0,:655375232_2,6
1140.0,:655375233_0,2
1140.0,:655375233_2,1
1140.0,:655375233_4,2
1140.0,:655375233_8,3
1140.0,:655375238_2,1
1140.0,:655375238_3,1
1140.0,:656132414_2,1
1140.0,:cluster622618015_622618108_622618112_622618144_#2more_26,1
1140.0,:cluster_2038168688_655375573_23,1
1140.0,:cluster_2038168688_655375573_30,1
1140.0,:cluster_2038168688_655375573_6,2
1140.0,:cluster_2664674491_655375287_655375288_5,1
1140.0,:cluster_3208478133_655375293_655375296_9631728504_#1more_8,5
1160.0,-300077497#5,25
1160.0,-300077497#8,4
1160.0,-35274074#2,11
1160.0,-51362430,11
1160.0,-593847703#3,30
1160.0,-593847704#2,5
1160.0,-E0,19
1160.0,1068234498#0,34
1160.0,1068234499#0,5
1160.0,1068440001,6
1160.0,1068440004#1,33
1160.0,182334379#0,1
1160.0,186602412#0,4
1160.0,196961377#3,2
1160.0,238526531#0,25
1160.0,244450512#1,2
1160.0,260881642#0,2
1160.0,288878926#0,3
1160.0,30620492#0,18
1160.0,30620492#1,5
1160.0,484988951#0,4
1160.0,49073226#2,6
1160.0,49695736#0,3
1160.0,506322842#0,2
1160.0,506322844#0,6
1160.0,51362429#0,17
1160.0,593844221#0,1
1160.0,593847704#0,1
1160.0,594658760#0,1
1160.0,:3086736518_0,4
1160.0,:3086736518_6,1
1160.0,:655375232_2,6
1160.0,:655375233_0,2
1160.0,:655375233_2,1
1160.0,:655375233_4,2
1160.0,:655375233_8,3
1160.0,:655375238_2,1
1160.0,:655375238_3,1
1160.0,:cluster11510670762_4554226152_0,1
1160.0,:cluster622618015_622618108_622618112_622618144_#2more_49,1
1160.0,:cluster_2038168688_655375573_30,1
1160.0,:cluster_2038168688_655375573_6,2
1160.0,:cluster_2664674491_655375287_655375288_5,1
1160.0,:cluster_3208478133_655375293_655375296_9631728504_#1more_8,5
1180.0,-300077497#5,26
1180.0,-300077497#8,3
1180.0,-35274074#2,11
1180.0,-51362430,9
1180.0,-593847703#3,32
1180.0,-E0,19
1180.0,1068234498#0,34
1180.0,1068234499#0,3
1180.0,1068440001,7
1180.0,1068440004#1,33
1180.0,182334379#0,1
1180.0,238526531#0,25
1180.0,244450512#1,2
1180.0,260881642#0,3
1180.0,263217604#0,1
1180.0,288878926#0,3
1180.0,300077497#0,3
1180.0,30620492#0,18
1180.0,30620492#1,5
1180.0,484988951#0,4
1180.0,49073226#2,6
1180.0,506322842#0,2
1180.0,506322844#0,5
1180.0,51362429#0,17
1180.0,593844221#0,1
1180.0,593847704#0,1
1180.0,594658760#0,1
1180.0,:3086736518_0,4
1180.0,:3086736518_6,1
1180.0,:655375232_2,6
1180.0,:655375233_0,2
1180.0,:655375233_2,1
1180.0,:655375233_4,2
1180.0,:655375233_8,3
1180.0,:655375238_3,1
1180.0,:655375238_5,1
1180.0,:656132414_2,1
1180.0,:cluster11510670762_4554226152_0,1
1180.0,:cluster_2038168688_655375573_30,1
1180.0,:cluster_2038168688_655375573_6,2
1180.0,:cluster_3208478133_655375293_655375296_9631728504_#1more_8,5
1200.0,-300077497#5,27
1200.0,-300077497#8,4
1200.0,-35274074#2,11
1200.0,-51362430,9
1200.0,-593847703#3,35
1200.0,-E0,19
1200.0,1068234498#0,34
1200.0,1068234499#0,2
1200.0,1068440001,7
1200.0,1068440004#1,33
1200.0,182334379#0,1
1200.0,238526531#0,24
1200.0,244450512#1,3
1200.0,260881642#0,3
1200.0,263217604#0,1
1200.0,288878926#0,3
1200.0,300077497#6,1
1200.0,30620492#0,18
1200.0,30620492#1,5
1200.0,35274074#0,3
1200.0,484988951#0,4
1200.0,49073226#2,6
1200.0,506322842#0,2
1200.0,506322844#0,5
1200.0,51362429#0,17
1200.0,593844221#0,1
1200.0,594658760#0,1
1200.0,:3086736518_0,4
1200.0,:3086736518_6,1
1200.0,:655375232_2,6
1200.0,:655375233_0,2
1200.0,:655375233_2,1
1200.0,:655375233_4,2
1200.0,:655375233_8,3
1200.0,:655375238_3,1
1200.0,:656132414_2,1
1200.0,:cluster11510670762_4554226152_0,1
1200.0,:cluster622618015_622618108_622618112_622618144_#2more_39,1
1200.0,:cluster655375336_end_0_655375336_end_1_655375336_end_10_655375336_end_11_#8more_25,2
1200.0,:cluster_2038168688_655375573_24,1
1200.0,:cluster_2038168688_655375573_6,1
1200.0,:cluster_2038168688_655375573_8,1
1200.0,:cluster_3208478133_655375293_655375296_9631728504_#1more_8,3
1220.0,-300077497#5,27
1220.0,-300077497#8,4
1220.0,-35274074#2,12
1220.0,-51362430,9
1220.0,-593847703#3,35
1220.0,-E0,19
1220.0,1068234498#0,34
1220.0,1068234499#0,2
1220.0,1068440001,6
1220.0,1068440004#1,33
1220.0,182334379#0,1
1220.0,186602412#0,2
1220.0,238526531#0,23
1220.0,244450512#1,3
1220.0,263217604#0,1
1220.0,288878926#0,3
1220.0,300077497#0,1
1220.0,30620492#0,18
1220.0,30620492#1,5
1220.0,484988951#0,4
1220.0,49073226#2,6
1220.0,49695736#0,5
1220.0,506322842#0,1
1220.0,506322844#0,5
1220.0,51362429#0,17
1220.0,594658760#0,1
1220.0,:3086736518_0,4
1220.0,:3086736518_6,1
1220.0,:655375232_2,6
1220.0,:655375233_0,2
1220.0,:655375233_2,1
1220.0,:655375233_4,2
1220.0,:655375233_8,3
1220.0,:656132414_2,1
1220.0,:cluster11510670762_4554226152_0,2
1220.0,:cluster_2038168688_655375573_3,2
1220.0,:cluster_2038168688_655375573_30,1
1220.0,:cluster_2038168688_655375573_6,1
1240.0,-300077497#5,27
1240.0,-300077497#8,4
1240.0,-35274074#2,12
1240.0,-51362430,9
1240.0,-593847703#3,35
1240.0,-E0,19
1240.0,1068234498#0,32
1240.0,1068234499#0,2
1240.0,1068440001,6
1240.0,1068440004#1,33
1240.0,186602412#0,2
1240.0,238526531#0,25
1240.0,244450512#1,3
1240.0,300077497#0,1
1240.0,30620492#0,18
1240.0,30620492#1,5
1240.0,484988951#0,4
1240.0,49073226#2,6
1240.0,49695736#0,5
1240.0,506322842#0,1
1240.0,506322844#0,5
1240.0,506322846#0,1
1240.0,51362429#0,17
1240.0,593847702#0,1
1240.0,594658757#0,1
1240.0,594658760#0,1
1240.0,:3086736518_0,4
1240.0,:3086736518_6,1
1240.0,:655375232_2,6
1240.0,:655375233_0,1
1240.0,:655375233_2,1
1240.0,:655375233_4,2
1240.0,:655375233_8,2
1240.0,:656132414_2,1
1240.0,:cluster11510670762_4554226152_0,2
1240.0,:cluster_2038168688_655375573_30,1
1240.0,:cluster_2038168688_655375573_6,1
1240.0,:cluster_5372642442_631668976_631668981_631669076_45,1
1260.0,-300077497#5,27
1260.0,-300077497#8,4
1260.0,-35274074#2,12
1260.0,-51362430,9
1260.0,-593847703#3,35
1260.0,-E0,19
1260.0,1068234498#0,32
1260.0,1068234499#0,2
1260.0,1068440001,6
1260.0,1068440004#1,33
1260.0,186602412#0,1
1260.0,238526531#0,26
1260.0,244450512#1,3
1260.0,30620492#0,18
1260.0,30620492#1,5
1260.0,484988951#0,4
1260.0,49073226#2,6
1260.0,49695736#0,5
1260.0,506322842#0,1
1260.0,506322844#0,5
1260.0,51362429#0,17
1260.0,593847702#0,3
1260.0,593847704#0,1
1260.0,594658757#0,1
1260.0,594658760#0,1
1260.0,:3086736518_0,4
1260.0,:3086736518_6,1
1260.0,:655375232_2,6
1260.0,:655375233_0,1
1260.0,:655375233_4,2
1260.0,:655375233_8,1
1260.0,:656132414_2,1
1260.0,:cluster11510670762_4554226152_0,2
1260.0,:cluster_2038168688_655375573_3,1
1260.0,:cluster_2038168688_655375573_30,1
1260.0,:cluster_2038168688_655375573_6,1
1280.0,-300077497#5,27
1280.0,-300077497#8,4
1280.0,-35274074#2,12
1280.0,-49073264#1,1
1280.0,-51362430,9
1280.0,-593847703#3,35
1280.0,-E0,18
1280.0,1068234498#0,32
1280.0,1068234499#0,2
1280.0,1068440001,6
1280.0,1068440004#1,33
1280.0,186602412#0,1
1280.0,238526531#0,25
1280.0,244450512#1,3
1280.0,288878926#0,6
1280.0,300077497#0,5
1280.0,30620492#0,18
1280.0,30620492#1,5
1280.0,484988951#0,4
1280.0,49073264#0,1
1280.0,506322844#0,5
1280.0,506322846#2,1
1280.0,51362429#0,17
1280.0,593847704#0,2
1280.0,593847705,1
1280.0,594658757#0,1
1280.0,594658760#0,1
1280.0,:3086736518_0,3
1280.0,:3086736518_6,1
1280.0,:655375232_2,6
1280.0,:655375233_0,1
1280.0,:655375233_4,2
1280.0,:655375233_8,1
1280.0,:656132414_2,1
1280.0,:cluster11510670762_4554226152_0,2
1280.0,:cluster_2038168688_655375573_30,1
1280.0,:cluster_2038168688_655375573_6,1
1280.0,:cluster_9383263990_9383263991_9383263992_9383263993_7,1
1300.0,-300077497#5,27
1300.0,-300077497#8,4
1300.0,-35274074#2,12
1300.0,-51362430,9
1300.0,-593847703#3,35
1300.0,-E0,18
1300.0,1068234498#0,37
1300.0,1068234499#0,3
1300.0,1068440001,6
1300.0,1068440004#1,33
1300.0,238526531#0,25
1300.0,244450512#1,3
1300.0,288878926#0,6
1300.0,30620492#0,18
1300.0,30620492#1,5
1300.0,35274074#0,5
1300.0,484988951#0,4
1300.0,49073264#0,1
1300.0,506322844#0,5
1300.0,51362429#0,17
1300.0,593847703#0,2
1300.0,593849711#0,1
1300.0,593849718#0,1
1300.0,594658757#0,1
1300.0,594658760#0,1
1300.0,:3086736518_0,3
1300.0,:3086736518_6,1
1300.0,:655375232_2,4
1300.0,:655375233_0,2
1300.0,:655375233_4,2
1300.0,:655375233_8,1
1300.0,:656132414_2,1
1300.0,:cluster11510670762_4554226152_0,2
1300.0,:cluster_2038168688_655375573_30,1
1300.0,:cluster_2038168688_655375573_6,1
1320.0,-300077497#5,27
1320.0,-300077497#8,4
1320.0,-35274074#2,12
1320.0,-49073264#1,1
1320.0,-51362430,6
1320.0,-593847703#3,31
1320.0,-593847704#2,2
1320.0,-E0,19
1320.0,1068234498#0,37
1320.0,1068234499#0,3
1320.0,1068440001,3
1320.0,1068440004#1,33
1320.0,238526531#0,25
1320.0,244450512#1,2
1320.0,260881642#0,3
1320.0,288135626#0,2
1320.0,288878926#0,4
1320.0,300077497#0,2
1320.0,30620492#0,18
1320.0,30620492#1,5
1320.0,484988951#0,4
1320.0,49695736#0,2
1320.0,506322844#0,5
1320.0,506322846#0,3
1320.0,51362429#0,17
1320.0,593844221#0,1
1320.0,594658757#0,1
1320.0,594658760#0,1
1320.0,:3086736518_0,3
1320.0,:3086736518_4,2
1320.0,:3086736518_6,1
1320.0,:655375232_2,4
1320.0,:655375232_8,1
1320.0,:655375233_0,2
1320.0,:655375233_2,1
1320.0,:655375233_4,2
1320.0,:655375233_8,1
1320.0,:656132414_2,1
1320.0,:cluster11510670762_4554226152_0,1
1320.0,:cluster_2038168688_655375573_23,1
1320.0,:cluster_2038168688_655375573_30,1
1320.0,:cluster_2038168688_655375573_6,2
1320.0,:cluster_2664674491_655375287_655375288_5,1
1320.0,:cluster_3208478133_655375293_655375296_9631728504_#1more_8,4
1340.0,-300077497#5,24
1340.0,-300077497#8,4
1340.0,-35274074#2,12
1340.0,-49073264#1,1
1340.0,-51362429#1,7
1340.0,-51362430,1
1340.0,-593847703#3,27
1340.0,-E0,19
1340.0,1068234498#0,38
1340.0,1068234499#0,5
1340.0,1068440001,7
1340.0,1068440004#1,29
1340.0,186602412#0,3
1340.0,238526531#0,25
1340.0,244450512#1,3
1340.0,260881642#0,3
1340.0,300077497#6,1
1340.0,30620492#0,18
1340.0,30620492#1,5
1340.0,484988951#0,4
1340.0,49695736#0,4
1340.0,506322844#0,5
1340.0,506322846#0,1
1340.0,51362429#0,17
1340.0,593844221#0,1
1340.0,593847702#0,4
1340.0,593847703#0,2
1340.0,594658757#0,1
1340.0,594658760#0,1
1340.0,:3086736518_0,3
1340.0,:3086736518_6,1
1340.0,:655375232_2,4
1340.0,:655375233_4,1
1340.0,:655375233_8,2
1340.0,:cluster11510670762_4554226152_0,1
1340.0,:cluster_2038168688_655375573_3,1
1340.0,:cluster_2038168688_655375573_30,1
1340.0,:cluster_2038168688_655375573_6,2
1340.0,:cluster_2528018119_655375236_17,1
1340.0,:cluster_2528018119_655375236_19,1
1340.0,:cluster_3208478133_655375293_655375296_9631728504_#1more_8,4
1340.0,:cluster_3431431575_4777363357_655375231_6982059025_3,1
1360.0,-300077497#5,24
1360.0,-300077497#8,4
1360.0,-35274074#2,12
1360.0,-49073264#1,1
1360.0,-51362429#1,1
1360.0,-593847703#3,30
1360.0,-E0,19
1360.0,1068234498#0,38
1360.0,1068440001,7
1360.0,1068440004#1,27
1360.0,182334378#0,2
1360.0,186602412#0,2
1360.0,238526531#0,25
1360.0,244450512#1,2
1360.0,260881642#0,3
1360.0,300077497#0,2
1360.0,300077497#6,1
1360.0,30620492#0,18
1360.0,30620492#1,5
1360.0,484988951#0,4
1360.0,49073226#2,7
1360.0,49073264#0,1
1360.0,506322844#0,5
1360.0,51362429#0,17
1360.0,593844221#0,1
1360.0,593847703#0,2
1360.0,593849718#0,1
1360.0,594658757#0,1
1360.0,594658760#0,1
1360.0,:3086736518_0,3
1360.0,:3086736518_6,1
1360.0,:655375232_2,4
1360.0,:655375233_4,1
1360.0,:655375233_8,7
1360.0,:cluster11510670762_4554226152_0,1
1360.0,:cluster622618015_622618108_622618112_622618144_#2more_31,2
1360.0,:cluster_2038168688_655375573_30,1
1360.0,:cluster_2038168688_655375573_6,2
1360.0,:cluster_2528018119_655375236_12,2
1360.0,:cluster_2528018119_655375236_20,2
1360.0,:cluster_2664674491_655375287_655375288_5,1
1360.0,:cluster_3208478133_655375293_655375296_9631728504_#1more_8,5
1380.0,-300077497#5,27
1380.0,-300077497#8,4
1380.0,-35274074#2,11
1380.0,-49073264#1,1
1380.0,-51362429#1,1
1380.0,-593847703#3,30
1380.0,-E0,19
1380.0,1068234498#0,38
1380.0,1068440001,7
1380.0,1068440004#1,33
1380.0,182334378#0,2
1380.0,238526531#0,25
1380.0,244450512#1,2
1380.0,260881642#0,3
1380.0,300077497#0,4
1380.0,300077497#6,1
1380.0,30620492#0,18
1380.0,30620492#1,5
1380.0,35274074#0,1
1380.0,484988951#0,4
1380.0,49073226#2,7
1380.0,506322844#0,5
1380.0,51362429#0,17
1380.0,593844221#0,1
1380.0,593847703#0,2
1380.0,594658757#0,1
1380.0,594658760#0,1
1380.0,:3086736518_0,3
1380.0,:3086736518_6,1
1380.0,:655375232_2,4
1380.0,:655375233_4,1
1380.0,:655375233_8,7
1380.0,:655375238_2,1
1380.0,:655375238_6,1
1380.0,:cluster11510670762_4554226152_0,1
1380.0,:cluster622618015_622618108_622618112_622618144_#2more_17,1
1380.0,:cluster_2038168688_655375573_30,1
1380.0,:cluster_2038168688_655375573_6,2
1380.0,:cluster_3208478133_655375293_655375296_9631728504_#1more_8,5
1400.0,-300077497#5,24
1400.0,-300077497#8,4
1400.0,-35274074#2,11
1400.0,-51362429#1,1
1400.0,-593847703#3,32
1400.0,-E0,19
1400.0,1068234498#0,38
1400.0,1068440001,6
1400.0,1068440004#1,33
1400.0,182334378#0,1
1400.0,238526531#0,24
1400.0,244450512#1,2
1400.0,300077497#0,2
1400.0,30620492#0,18
1400.0,30620492#1,5
1400.0,484988951#0,4
1400.0,49073226#2,7
1400.0,49695736#0,4
1400.0,506322844#0,7
1400.0,506322846#0,3
1400.0,51362429#0,16
1400.0,51362430,1
1400.0,594658757#0,1
1400.0,594658760#0,1
1400.0,:3086736518_0,3
1400.0,:3086736518_6,1
1400.0,:655375232_2,6
1400.0,:655375233_0,1
1400.0,:655375233_4,1
1400.0,:655375233_8,7
1400.0,:655375238_2,1
1400.0,:655375238_3,1
1400.0,:cluster11510670762_4554226152_0,2
1400.0,:cluster655375336_end_0_655375336_end_1_655375336_end_10_655375336_end_11_#8more_25,2
1400.0,:cluster_2038168688_655375573_23,1
1400.0,:cluster_2038168688_655375573_25,1
1400.0,:cluster_2038168688_655375573_3,1
1400.0,:cluster_2038168688_655375573_6,1
1400.0,:cluster_2528018119_655375236_17,1
1420.0,-300077497#5,24
1420.0,-300077497#8,4
1420.0,-35274074#2,11
1420.0,-51362429#1,1
1420.0,-593847703#3,31
1420.0,-E0,19
1420.0,1068234498#0,35
1420.0,1068440001,6
1420.0,1068440004#1,33
1420.0,182334378#0,1
1420.0,186602412#0,4
1420.0,238526531#0,26
1420.0,244450512#1,2
1420.0,30620492#0,17
1420.0,30620492#1,4
1420.0,35274074#0,2
1420.0,484988951#0,4
1420.0,49073226#2,7
1420.0,49695736#0,6
1420.0,506322844#0,7
1420.0,506322846#0,1
1420.0,51362429#0,17
1420.0,594658757#0,1
1420.0,:1973482489_8,1
1420.0,:2749340167_0,1
1420.0,:3086736518_0,3
1420.0,:3086736518_4,1
1420.0,:3086736518_6,1
1420.0,:655375232_2,6
1420.0,:655375233_0,1
1420.0,:655375233_4,2
1420.0,:655375233_8,7
1420.0,:655375238_2,1
1420.0,:655375238_3,1
1420.0,:cluster11510670762_4554226152_0,2
1420.0,:cluster_2038168688_655375573_25,1
1420.0,:cluster_5372642442_631668976_631668981_631669076_26,1
1440.0,-300077497#5,26
1440.0,-300077497#8,3
1440.0,-35274074#2,10
1440.0,-51362429#1,4
1440.0,-593847703#3,28
1440.0,-E0,19
1440.0,1068234498#0,33
1440.0,1068440001,6
1440.0,1068440004#1,33
1440.0,182334378#0,1
1440.0,238526531#0,29
1440.0,244450512#1,2
1440.0,300077497#6,2
1440.0,30620492#0,17
1440.0,30620492#1,5
1440.0,484988951#0,4
1440.0,49073226#2,7
1440.0,49695736#0,6
1440.0,506322844#0,7
1440.0,506322846#0,1
1440.0,51362429#0,17
1440.0,593847702#0,2
1440.0,593847704#0,1
1440.0,594658757#0,1
1440.0,:1973482489_8,1
1440.0,:3086736518_0,3
1440.0,:3086736518_4,1
1440.0,:3086736518_6,1
1440.0,:655375232_2,6
1440.0,:655375233_0,1
1440.0,:655375233_4,2
1440.0,:655375233_8,5
1440.0,:cluster11510670762_4554226152_0,2
1440.0,:cluster_2038168688_655375573_25,1
1460.0,-300077497#5,27
1460.0,-300077497#8,3
1460.0,-35274074#2,11
1460.0,-51362429#1,4
1460.0,-593847703#3,28
1460.0,-E0,19
1460.0,1068234498#0,34
1460.0,1068440001,6
1460.0,1068440004#1,33
1460.0,182334378#0,1
1460.0,186602412#0,1
1460.0,238526531#0,24
1460.0,244450512#1,2
1460.0,263217604#0,2
1460.0,300077497#0,6
1460.0,300077497#6,2
1460.0,30620492#0,18
1460.0,30620492#1,5
1460.0,484988951#0,4
1460.0,49073226#2,7
1460.0,506322840#0,1
1460.0,506322844#0,4
1460.0,51362429#0,17
1460.0,593847704#0,1
1460.0,593849718#0,1
1460.0,594658757#0,1
1460.0,:3086736518_0,3
1460.0,:3086736518_4,1
1460.0,:3086736518_6,1
1460.0,:655375232_2,6
1460.0,:655375233_0,1
1460.0,:655375233_4,2
1460.0,:655375233_8,5
1460.0,:655375238_2,1
1460.0,:655375239_5,1
1460.0,:655375241_0,2
1460.0,:cluster11510670762_4554226152_0,2
1480.0,-300077497#5,27
1480.0,-300077497#8,4
1480.0,-35274074#2,11
1480.0,-51362429#1,4
1480.0,-593847703#3,28
1480.0,-E0,19
1480.0,1068234498#0,34
1480.0,1068440001,6
1480.0,1068440004#1,33
1480.0,182334378#0,1
1480.0,238526531#0,23
1480.0,244450512#1,2
1480.0,263217604#0,2
1480.0,30620492#0,18
1480.0,30620492#1,5
1480.0,35274074#0,6
1480.0,484988951#0,4
1480.0,49073226#2,7
1480.0,49073272#3,1
1480.0,506322844#0,5
1480.0,51362429#0,17
1480.0,594658757#0,1
1480.0,:3086736518_0,3
1480.0,:3086736518_4,1
1480.0,:3086736518_6,1
1480.0,:655375232_2,6
1480.0,:655375233_0,1
1480.0,:655375233_4,2
1480.0,:655375233_8,5
1480.0,:655375238_2,1
1480.0,:655375238_3,1
1480.0,:cluster11510670762_4554226152_0,2
1500.0,-300077497#5,22
1500.0,-300077497#8,4
1500.0,-35274074#2,11
1500.0,-51362429#1,4
1500.0,-593847703#3,33
1500.0,-E0,19
1500.0,1068234498#0,29
1500.0,1068440004#1,33
1500.0,182334378#0,1
1500.0,238526531#0,24
1500.0,244450512#1,2
1500.0,260881642#0,3
1500.0,288135626#0,3
1500.0,288878926#0,2
1500.0,30620492#0,18
1500.0,30620492#1,5
1500.0,360018417,1
1500.0,360843888,1
1500.0,484988951#0,4
1500.0,49073226#2,5
1500.0,49695736#0,3
1500.0,506322844#0,5
1500.0,506322846#0,6
1500.0,51362429#0,17
1500.0,594658757#0,1
1500.0,:3086736518_0,2
1500.0,:3086736518_4,1
1500.0,:3086736518_6,1
1500.0,:655375232_2,6
1500.0,:655375233_0,2
1500.0,:655375233_4,2
1500.0,:655375233_8,5
1500.0,:655375238_2,1
1500.0,:655375238_3,1
1500.0,:cluster11510670762_4554226152_0,1
1500.0,:cluster3086736522_655375108_655375247_655375401_#1more_17,1
1500.0,:cluster655375336_end_0_655375336_end_1_655375336_end_10_655375336_end_11_#8more_25,2
1500.0,:cluster_3208478133_655375293_655375296_9631728504_#1more_8,2
1500.0,:cluster_5372642442_631668976_631668981_631669076_45,2
1520.0,-300077497#5,24
1520.0,-300077497#8,2
1520.0,-35274074#2,11
1520.0,-593847703#3,33
1520.0,-E0,19
1520.0,1068234498#0,27
1520.0,1068234499#0,3
1520.0,1068440004#1,33
1520.0,182334378#0,1
1520.0,186602412#0,6
1520.0,238526531#0,28
1520.0,244450512#1,2
1520.0,260881642#0,2
1520.0,288135626#0,1
1520.0,288878926#0,5
1520.0,30620492#0,18
1520.0,30620492#1,5
1520.0,360843888,2
1520.0,484988951#0,4
1520.0,49073226#2,2
1520.0,49695736#0,6
1520.0,506322844#0,5
1520.0,51362429#0,17
1520.0,593844221#0,2
1520.0,594658757#0,1
1520.0,:3086736518_0,2
1520.0,:3086736518_4,1
1520.0,:3086736518_6,1
1520.0,:655375232_2,6
1520.0,:655375233_0,2
1520.0,:655375233_4,2
1520.0,:655375233_8,5
1520.0,:655375238_3,1
1520.0,:655375238_5,1
1520.0,:cluster622618015_622618108_622618112_622618144_#2more_49,1
1520.0,:cluster_2664674491_655375287_655375288_5,1
1520.0,:cluster_5372642442_631668976_631668981_631669076_26,1
1520.0,:cluster_623980147_623980152_9,1
1540.0,-300077497#5,27
1540.0,-300077497#8,3
1540.0,-35274074#2,11
1540.0,-593847703#3,28
1540.0,-E0,19
1540.0,1068234498#0,28
1540.0,1068234499#0,2
1540.0,1068440004#1,33
1540.0,182334378#0,1
1540.0,238526531#0,26
1540.0,244450512#1,2
1540.0,260881642#0,3
1540.0,288878926#0,8
1540.0,300077497#0,2
1540.0,300077497#6,1
1540.0,30620492#0,18
1540.0,30620492#1,5
1540.0,360843888,2
1540.0,484988951#0,4
1540.0,49073226#2,2
1540.0,49695736#0,4
1540.0,506322844#0,2
1540.0,506322848#0,1
1540.0,51362429#0,17
1540.0,593847702#0,2
1540.0,593847704#0,1
1540.0,594658757#0,1
1540.0,:3086736518_0,2
1540.0,:3086736518_6,1
1540.0,:655375232_2,6
1540.0,:655375233_0,2
1540.0,:655375233_4,2
1540.0,:655375233_8,4
1540.0,:655375239_5,1
1540.0,:cluster_2528018119_655375236_12,2
1540.0,:cluster_2528018119_655375236_20,1
1540.0,:cluster_2528018119_655375236_32,1
1540.0,:cluster_2664674491_655375287_655375288_5,1
1540.0,:cluster_3431431575_4777363357_655375231_6982059025_3,2
1540.0,:cluster_9383263990_9383263991_9383263992_9383263993_7,2
1560.0,-1334905223#2,1
1560.0,-300077497#5,27
1560.0,-300077497#8,4
1560.0,-35274074#2,12
1560.0,-593847703#3,28
1560.0,-E0,19
1560.0,1068234498#0,34
1560.0,1068440004#1,31
1560.0,182334378#0,1
1560.0,238526531#0,24
1560.0,244450512#1,3
1560.0,260881642#0,2
1560.0,263217604#0,1
1560.0,288878926#0,12
1560.0,300077497#0,6
1560.0,300077497#6,1
1560.0,30620492#0,18
1560.0,30620492#1,5
1560.0,35274074#0,2
1560.0,360843888,2
1560.0,484988951#0,4
1560.0,506322844#0,6
1560.0,51362429#0,17
1560.0,593847704#0,1
1560.0,593852345#0,1
1560.0,:3086736518_0,2
1560.0,:3086736518_6,1
1560.0,:655375232_2,6
1560.0,:655375233_0,2
1560.0,:655375233_4,2
1560.0,:655375233_8,6
1560.0,:655375238_6,1
1560.0,:cluster622618015_622618108_622618112_622618144_#2more_37,1
1560.0,:cluster_2528018119_655375236_12,1
1560.0,:cluster_2528018119_655375236_29,2
1580.0,-300077497#5,23
1580.0,-300077497#8,4
1580.0,-35274074#2,12
1580.0,-593847703#3,30
1580.0,-E0,19
1580.0,1068234498#0,36
1580.0,1068440004#1,33
1580.0,182334378#0,1
1580.0,196961215#2,1
1580.0,238526531#0,24
1580.0,244450512#1,3
1580.0,244450512#5,1
1580.0,263217604#0,1
1580.0,288878926#0,12
1580.0,300077497#0,1
1580.0,300077497#6,1
1580.0,30620492#0,18
1580.0,30620492#1,5
1580.0,35274074#0,4
1580.0,360018417,1
1580.0,484988951#0,4
1580.0,506322844#0,6
1580.0,51362429#0,17
1580.0,593847704#0,1
1580.0,593852345#0,1
1580.0,:3086736518_0,2
1580.0,:3208478128_0,1
1580.0,:655375232_2,6
1580.0,:655375233_0,2
1580.0,:655375233_4,2
1580.0,:655375233_8,6
1580.0,:655375238_0,1
1580.0,:655375239_3,1
1580.0,:cluster_2038168688_655375573_23,1
1580.0,:cluster_2038168688_655375573_24,1
1580.0,:cluster_2038168688_655375573_3,1
1580.0,:cluster_2038168688_655375573_6,1
1580.0,:cluster_2528018119_655375236_17,2
1600.0,-300077497#5,22
1600.0,-300077497#8,4
1600.0,-35274074#2,12
1600.0,-593847703#3,32
1600.0,-E0,18
1600.0,1068234498#0,32
1600.0,1068440004#1,33
1600.0,182334378#0,1
1600.0,186602412#0,2
1600.0,196961215#2,2
1600.0,196961377#3,1
1600.0,238526531#0,27
1600.0,244450512#1,3
1600.0,244450512#5,2
1600.0,288878926#0,6
1600.0,30620492#0,18
1600.0,30620492#1,5
1600.0,484988951#0,4
1600.0,506322844#0,6
1600.0,506322846#0,5
1600.0,51362429#0,16
1600.0,593847704#0,1
1600.0,593849711#0,1
1600.0,594658760#0,1
1600.0,:1973482489_8,1
1600.0,:3086736518_0,3
1600.0,:3086736518_6,1
1600.0,:655375232_2,6
1600.0,:655375233_0,2
1600.0,:655375233_4,2
1600.0,:655375233_8,6
1600.0,:cluster622618015_622618108_622618112_622618144_#2more_0,1
1600.0,:cluster_2528018119_655375236_17,1
1600.0,:cluster_5372642442_631668976_631668981_631669076_26,1
1620.0,-300077497#5,25
1620.0,-35274074#2,10
1620.0,-593847703#3,34
1620.0,-E0,19
1620.0,1068234498#0,33
1620.0,1068440004#1,33
1620.0,186602412#0,4
1620.0,196961215#2,2
1620.0,238526531#0,28
1620.0,244450512#1,3
1620.0,244450512#5,2
1620.0,288878926#0,4
1620.0,300077497#6,1
1620.0,30620492#0,18
1620.0,30620492#1,5
1620.0,35274074#0,1
1620.0,484988951#0,4
1620.0,506322844#0,6
1620.0,51362429#0,18
1620.0,593847704#0,1
1620.0,594658760#0,1
1620.0,:3086736518_0,3
1620.0,:3086736518_6,1
1620.0,:655375232_2,6
1620.0,:655375233_0,2
1620.0,:655375233_4,2
1620.0,:655375233_8,6
1640.0,-1334905223#2,2
1640.0,-300077497#5,27
1640.0,-300077497#8,3
1640.0,-35274074#2,12
1640.0,-51362429#1,2
1640.0,-593847703#3,28
1640.0,-E0,19
1640.0,1068234498#0,33
1640.0,1068440004#1,33
1640.0,196961215#2,2
1640.0,238526531#0,23
1640.0,244450512#1,3
1640.0,244450512#5,2
1640.0,263217604#0,1
1640.0,288878926#0,4
1640.0,300077497#6,1
1640.0,30620492#0,18
1640.0,30620492#1,5
1640.0,35274074#0,1
1640.0,484988951#0,4
1640.0,506322844#0,4
1640.0,51362429#0,18
1640.0,593847704#0,1
1640.0,594658760#0,1
1640.0,:3086736518_0,3
1640.0,:3086736518_6,1
1640.0,:655375232_2,6
1640.0,:655375233_0,2
1640.0,:655375233_4,4
1640.0,:655375233_8,6
1640.0,:655375239_5,1
1640.0,:655375241_0,1
1640.0,:cluster_3431431575_4777363357_655375231_6982059025_3,2
1660.0,-300077497#5,27
1660.0,-300077497#8,4
1660.0,-35274074#2,12
1660.0,-593847703#3,28
1660.0,-E0,19
1660.0,1068234498#0,34
1660.0,1068440004#1,32
1660.0,196961215#2,2
1660.0,238526531#0,23
1660.0,244450512#1,3
1660.0,244450512#5,2
1660.0,263217604#0,1
1660.0,288878926#0,4
1660.0,30620492#0,18
1660.0,30620492#1,5
1660.0,35274074#0,1
1660.0,484988951#0,4
1660.0,49073226#2,4
1660.0,506322844#0,6
1660.0,51362429#0,18
1660.0,593847702#0,1
1660.0,593849718#0,1
1660.0,594658760#0,1
1660.0,:3086736518_0,3
1660.0,:3086736518_4,1
1660.0,:3086736518_6,1
1660.0,:655375232_2,6
1660.0,:655375233_0,2
1660.0,:655375233_4,2
1660.0,:655375233_8,6
1680.0,-300077497#5,22
1680.0,-300077497#8,4
1680.0,-35274074#2,12
1680.0,-593847703#3,32
1680.0,-E0,19
1680.0,1068234498#0,33
1680.0,1068440004#1,33
1680.0,182334378#0,1
1680.0,196961215#2,2
1680.0,238526531#0,24
1680.0,244450512#1,2
1680.0,260881642#0,3
1680.0,288135626#0,1
1680.0,288878926#0,2
1680.0,30620492#0,18
1680.0,30620492#1,5
1680.0,484988951#0,4
1680.0,49073226#2,4
1680.0,506322844#0,6
1680.0,506322846#0,1
1680.0,51362429#0,18
1680.0,51362430,2
1680.0,593847702#0,1
1680.0,593849711#0,1
1680.0,594658760#0,2
1680.0,:3086736518_0,3
1680.0,:3086736518_4,1
1680.0,:3086736518_6,1
1680.0,:655375232_2,6
1680.0,:655375233_0,2
1680.0,:655375233_4,2
1680.0,:655375233_8,6
1680.0,:cluster_2664674491_655375287_655375288_5,1
1680.0,:cluster_5372642442_631668976_631668981_631669076_45,1
1700.0,-300077497#5,22
1700.0,-300077497#8,1
1700.0,-35274074#2,12
1700.0,-593847703#3,34
1700.0,-E0,19
1700.0,1068234498#0,32
1700.0,1068234499#0,1
1700.0,1068440004#1,33
1700.0,196961215#2,2
1700.0,232003903#0,1
1700.0,238526531#0,28
1700.0,244450512#1,2
1700.0,260881642#0,3
1700.0,30620492#0,18
1700.0,30620492#1,5
1700.0,484988951#0,5
1700.0,49073226#2,4
1700.0,506322844#0,6
1700.0,51362429#0,18
1700.0,51362430,1
1700.0,593847702#0,1
1700.0,594658760#0,2
1700.0,:3086736518_0,3
1700.0,:3086736518_4,1
1700.0,:3086736518_6,1
1700.0,:655375232_2,6
1700.0,:655375233_0,2
1700.0,:655375233_4,2
1700.0,:655375233_8,6
1700.0,:655375238_5,1
1700.0,:cluster_2664674491_655375287_655375288_5,1
1720.0,-300077497#5,26
1720.0,-300077497#8,1
1720.0,-35274074#2,10
1720.0,-593847703#3,34
1720.0,-E0,19
1720.0,1068234498#0,32
1720.0,1068440004#1,33
1720.0,196961215#2,2
1720.0,232003903#0,1
1720.0,238526531#0,23
1720.0,260881642#0,3
1720.0,263217604#0,2
1720.0,300077497#0,1
1720.0,300077497#6,1
1720.0,30620492#0,18
1720.0,30620492#1,4
1720.0,484988951#0,5
1720.0,49073226#2,4
1720.0,506322844#0,2
1720.0,506322848#0,4
1720.0,51362429#0,17
1720.0,51362430,1
1720.0,593847703#0,1
1720.0,593849718#0,1
1720.0,594658760#0,2
1720.0,:3086736518_0,3
1720.0,:3086736518_4,1
1720.0,:3086736518_6,1
1720.0,:655375232_2,6
1720.0,:655375233_0,2
1720.0,:655375233_4,2
1720.0,:655375233_8,6
1720.0,:655375238_5,1
1720.0,:655375239_5,1
1720.0,:cluster_2038168688_655375573_8,1
1740.0,-1334905223#2,3
1740.0,-300077497#5,27
1740.0,-300077497#8,4
1740.0,-35274074#2,10
1740.0,-51362429#1,3
1740.0,-593847703#3,29
1740.0,-E0,19
1740.0,1068234498#0,34
1740.0,1068440004#1,34
1740.0,232003903#0,1
1740.0,238526531#0,21
1740.0,263217604#0,3
1740.0,288878926#0,6
1740.0,300077497#6,3
1740.0,30620492#0,17
1740.0,30620492#1,5
1740.0,484988951#0,5
1740.0,506322844#0,6
1740.0,51362429#0,17
1740.0,51362430,1
1740.0,593847702#0,2
1740.0,593847703#0,1
1740.0,594658760#0,1
1740.0,:3086736518_0,3
1740.0,:3086736518_4,1
1740.0,:3086736518_6,1
1740.0,:655375232_2,6
1740.0,:655375233_0,2
1740.0,:655375233_4,3
1740.0,:655375233_8,5
1740.0,:655375238_3,1
1740.0,:655375241_0,1
1760.0,-300077497#5,25
1760.0,-300077497#8,4
1760.0,-35274074#2,12
1760.0,-593847703#3,29
1760.0,-E0,19
1760.0,1068234498#0,35
1760.0,1068440004#1,31
1760.0,238526531#0,19
1760.0,263217604#0,3
1760.0,288878926#0,9
1760.0,300077497#0,1
1760.0,30620492#0,18
1760.0,30620492#1,5
1760.0,484988951#0,5
1760.0,49073226#2,3
1760.0,506322844#0,6
1760.0,51362429#0,17
1760.0,51362430,2
1760.0,593847702#0,6
1760.0,593847703#0,2
1760.0,594658760#0,1
1760.0,:3086736518_0,3
1760.0,:3086736518_4,1
1760.0,:3086736518_6,1
1760.0,:655375232_2,6
1760.0,:655375233_8,4
1760.0,:cluster_3431431575_4777363357_655375231_6982059025_3,1
1760.0,:cluster_623980147_623980152_4,1
1780.0,-300077497#5,23
1780.0,-300077497#8,4
1780.0,-35274074#2,12
1780.0,-593847703#3,31
1780.0,-E0,19
1780.0,1068234498#0,28
1780.0,1068234499#0,3
1780.0,1068440004#1,28
1780.0,238526531#0,24
1780.0,244450512#4,1
1780.0,288135626#0,1
1780.0,288878926#0,7
1780.0,300077497#0,2
1780.0,30620492#0,18
1780.0,30620492#1,5
1780.0,35274074#0,1
1780.0,484988951#0,5
1780.0,506322844#0,6
1780.0,51362429#0,17
1780.0,51362430,2
1780.0,593847702#0,14
1780.0,593849711#0,1
1780.0,594658757#0,1
1780.0,594658760#0,2
1780.0,:3086736518_0,3
1780.0,:3086736518_4,1
1780.0,:3086736518_6,1
1780.0,:655375232_2,6
1780.0,:cluster622618015_622618108_622618112_622618144_#2more_0,1
1780.0,:cluster_5372642442_631668976_631668981_631669076_45,2
1780.0,:cluster_623980147_623980152_4,1
1800.0,-300077497#5,24
1800.0,-35274074#2,12
1800.0,-593847703#3,32
1800.0,-E0,19
1800.0,1068234498#0,23
1800.0,1068234499#0,4
1800.0,1068440004#1,32
1800.0,186602412#0,1
1800.0,238526531#0,32
1800.0,244450512#5,1
1800.0,288135626#0,1
1800.0,288878926#0,6
1800.0,300077497#0,1
1800.0,30620492#0,18
1800.0,30620492#1,5
1800.0,484988951#0,5
1800.0,506322844#0,6
1800.0,51362429#0,17
1800.0,51362430,2
1800.0,593847702#0,14
1800.0,594658757#0,1
1800.0,594658760#0,2
1800.0,:3086736518_0,2
1800.0,:3086736518_4,1
1800.0,:3086736518_6,1
1800.0,:655375232_2,5
1800.0,:655375233_0,2
1800.0,:655375238_1,1
1800.0,:655375238_5,2
1820.0,-1334905223#2,2
1820.0,-300077497#5,27
1820.0,-300077497#8,4
1820.0,-35274074#2,11
1820.0,-49073264#1,1
1820.0,-593847703#3,32
1820.0,-E0,19
1820.0,1068234498#0,27
1820.0,1068440004#1,32
1820.0,238526531#0,25
1820.0,244450512#5,1
1820.0,263217604#0,2
1820.0,288878926#0,6
1820.0,300077497#0,6
1820.0,30620492#0,18
1820.0,30620492#1,5
1820.0,484988951#0,3
1820.0,49073272#3,1
1820.0,506322840#0,3
1820.0,506322844#0,4
1820.0,51362429#0,13
1820.0,51362430,1
1820.0,593847703#0,11
1820.0,593849718#0,6
1820.0,593852345#0,1
1820.0,594658760#0,1
1820.0,:3086736518_0,1
1820.0,:3086736518_4,1
1820.0,:3086736518_6,1
1820.0,:655375232_2,1
1820.0,:655375238_2,1
1820.0,:655375238_6,1
1820.0,:655375241_0,1
1820.0,:cluster622618015_622618108_622618112_622618144_#2more_31,1
1820.0,:cluster655375336_end_0_655375336_end_1_655375336_end_10_655375336_end_11_#8more_18,1
1820.0,:cluster655375336_end_0_655375336_end_1_655375336_end_10_655375336_end_11_#8more_19,1
1820.0,:cluster_3431431575_4777363357_655375231_6982059025_5,1
1820.0,:cluster_3431431575_4777363357_655375231_6982059025_7,1
1820.0,:cluster_9383263990_9383263991_9383263992_9383263993_7,1
1840.0,-300077497#5,27
1840.0,-300077497#8,4
1840.0,-35274074#2,11
1840.0,-51362429#1,1
1840.0,-593847703#3,29
1840.0,-E0,19
1840.0,1068234498#0,32
1840.0,1068440004#1,34
1840.0,196961215#2,1
1840.0,238526531#0,24
1840.0,244450512#5,1
1840.0,263217604#0,3
1840.0,288878926#0,6
1840.0,30620492#0,18
1840.0,30620492#1,5
1840.0,35274074#0,2
1840.0,484988951#0,4
1840.0,49073226#2,4
1840.0,49073272#3,1
1840.0,506322844#0,6
1840.0,51362429#0,15
1840.0,593847703#0,11
1840.0,594658760#0,1
1840.0,:3086736518_0,1
1840.0,:3086736518_4,1
1840.0,:3086736518_6,1
1840.0,:655375232_2,1
1840.0,:655375233_4,2
1840.0,:655375238_2,1
1840.0,:655375238_3,1
1840.0,:655375239_3,1
1860.0,-300077497#5,23
1860.0,-300077497#8,4
1860.0,-35274074#2,11
1860.0,-51362429#1,5
1860.0,-593847703#3,26
1860.0,-E0,19
1860.0,1068234498#0,30
1860.0,1068440004#1,32
1860.0,196961215#2,1
1860.0,238526531#0,24
1860.0,288135626#0,3
1860.0,288878926#0,4
1860.0,300077497#0,7
1860.0,30620492#0,18
1860.0,30620492#1,5
1860.0,360018417,1
1860.0,360843888,2
1860.0,484988951#0,4
1860.0,49073226#2,5
1860.0,506322844#0,6
1860.0,506322846#0,2
1860.0,51362429#0,16
1860.0,51362430,1
1860.0,593847702#0,1
1860.0,593847703#0,2
1860.0,593849711#0,2
1860.0,594658760#0,2
1860.0,:3086736518_0,1
1860.0,:3086736518_6,1
1860.0,:655375232_2,1
1860.0,:655375233_8,2
1860.0,:655375238_2,1
1860.0,:655375238_3,1
1860.0,:cluster_2528018119_655375236_17,1
1860.0,:cluster_2528018119_655375236_3,2
1860.0,:cluster_3431431575_4777363357_655375231_6982059025_3,3
1860.0,:cluster_5372642442_631668976_631668981_631669076_22,1
1860.0,:cluster_5372642442_631668976_631668981_631669076_26,1
1860.0,:cluster_5372642442_631668976_631668981_631669076_45,1
1880.0,-300077497#5,25
1880.0,-300077497#8,1
1880.0,-35274074#2,11
1880.0,-51362429#1,5
1880.0,-593847703#3,27
1880.0,-E0,19
1880.0,1068234498#0,33
1880.0,1068234499#0,4
1880.0,1068440004#1,23
1880.0,186602412#0,1
1880.0,196961215#2,1
1880.0,238526531#0,26
1880.0,300077497#0,7
1880.0,30620492#0,18
1880.0,30620492#1,5
1880.0,35274074#0,1
1880.0,360843888,2
1880.0,484988951#0,4
1880.0,49073226#2,8
1880.0,506322844#0,6
1880.0,506322846#0,1
1880.0,51362429#0,17
1880.0,593847702#0,12
1880.0,594658760#0,2
1880.0,:3086736518_0,1
1880.0,:3086736518_6,1
1880.0,:655375232_2,1
1880.0,:655375238_1,1
1880.0,:655375238_3,1
1880.0,:655375238_5,2
1880.0,:cluster622618015_622618108_622618112_622618144_#2more_49,1
1900.0,-300077497#5,27
1900.0,-300077497#8,4
1900.0,-35274074#2,11
1900.0,-51362429#1,5
1900.0,-593847703#3,27
1900.0,-E0,19
1900.0,1068234498#0,36
1900.0,1068440004#1,23
1900.0,186602412#0,1
1900.0,196961215#2,1
1900.0,238526531#0,26
1900.0,263217604#0,1
1900.0,300077497#0,7
1900.0,300077497#6,1
1900.0,30620492#0,18
1900.0,30620492#1,5
1900.0,35274074#0,2
1900.0,360843888,2
1900.0,484988951#0,4
1900.0,49073226#2,8
1900.0,49073272#3,1
1900.0,506322844#0,3
1900.0,51362429#0,17
1900.0,593847702#0,4
1900.0,593849718#0,1
1900.0,594658760#0,2
1900.0,:1973482489_8,1
1900.0,:3086736518_0,1
1900.0,:3086736518_6,1
1900.0,:655375232_2,1
1900.0,:655375238_6,1
1900.0,:cluster622618015_622618108_622618112_622618144_#2more_31,5
1900.0,:cluster622618015_622618108_622618112_622618144_#2more_34,1
1900.0,:cluster_2528018119_655375236_12,1
1900.0,:cluster_2528018119_655375236_29,1
1920.0,-300077497#5,27
1920.0,-300077497#8,4
1920.0,-35274074#2,11
1920.0,-49073264#1,1
1920.0,-51362429#1,5
1920.0,-593847703#3,27
1920.0,-E0,19
1920.0,1068234498#0,36
1920.0,1068440004#1,23
1920.0,196961215#2,1
1920.0,238526531#0,25
1920.0,263217604#0,3
1920.0,300077497#0,1
1920.0,300077497#6,4
1920.0,30620492#0,18
1920.0,30620492#1,5
1920.0,35274074#0,8
1920.0,360843888,2
1920.0,484988951#0,4
1920.0,49073226#2,8
1920.0,49073272#3,2
1920.0,506322844#0,5
1920.0,51362429#0,13
1920.0,593847703#0,6
1920.0,593847705,1
1920.0,594658760#0,1
1920.0,:3086736518_0,2
1920.0,:3086736518_6,1
1920.0,:655375232_2,1
1920.0,:655375233_0,1
1920.0,:655375238_3,1
1940.0,-300077497#5,24
1940.0,-300077497#8,4
1940.0,-35274074#2,7
1940.0,-51362429#1,5
1940.0,-593847703#3,27
1940.0,-E0,19
1940.0,1068234498#0,36
1940.0,1068440004#1,23
1940.0,196961215#2,1
1940.0,238526531#0,24
1940.0,244450512#4,2
1940.0,263217604#0,3
1940.0,300077497#0,2
1940.0,300077497#6,1
1940.0,30620492#0,18
1940.0,30620492#1,5
1940.0,35274074#0,4
1940.0,360018417,1
1940.0,484988951#0,4
1940.0,49073226#2,9
1940.0,506322844#0,5
1940.0,506322846#0,1
1940.0,51362429#0,14
1940.0,593847703#0,1
1940.0,593847705,1
1940.0,594658760#0,1
1940.0,:3086736518_0,2
1940.0,:3086736518_6,1
1940.0,:3208478121_3,1
1940.0,:655375232_2,1
1940.0,:655375233_4,2
1940.0,:655375238_3,1
1940.0,:655375239_3,1
1940.0,:cluster_2038168688_655375573_23,1
1940.0,:cluster_2038168688_655375573_3,1
1940.0,:cluster_2038168688_655375573_6,1
1940.0,:cluster_2528018119_655375236_17,1
1940.0,:cluster_2528018119_655375236_3,2
1960.0,-300077497#5,22
1960.0,-300077497#8,4
1960.0,-35274074#2,4
1960.0,-51362429#1,10
1960.0,-593847703#3,23
1960.0,-E0,19
1960.0,1068234498#0,33
1960.0,1068440004#1,23
1960.0,186602412#0,3
1960.0,196961215#2,1
1960.0,196961377#3,2
1960.0,238526531#0,26
1960.0,244450512#4,1
1960.0,244450512#5,2
1960.0,300077497#0,2
1960.0,300077497#6,2
1960.0,30620492#0,18
1960.0,30620492#1,5
1960.0,35274074#0,2
1960.0,484988951#0,4
1960.0,49073226#2,9
1960.0,506322844#0,5
1960.0,506322846#0,5
1960.0,51362429#0,16
1960.0,593847705,1
1960.0,594658760#0,2
1960.0,:3086736518_0,2
1960.0,:3086736518_4,1
1960.0,:3086736518_6,1
1960.0,:655375232_2,1
1960.0,:655375233_4,1
1960.0,:655375238_6,1
1960.0,:cluster_2528018119_655375236_17,1
1960.0,:cluster_2664674491_655375287_655375288_1,1
1960.0,:cluster_5372642442_631668976_631668981_631669076_45,1
1980.0,-300077497#5,25
1980.0,-35274074#2,4
1980.0,-51362429#1,6
1980.0,-593847703#3,25
1980.0,-E0,19
1980.0,1068234498#0,32
1980.0,1068440004#1,16
1980.0,186602412#0,3
1980.0,238526531#0,28
1980.0,244450512#5,3
1980.0,288878926#0,6
1980.0,300077497#6,2
1980.0,30620492#0,18
1980.0,30620492#1,5
1980.0,484988951#0,4
1980.0,49073226#2,5
1980.0,506322844#0,5
1980.0,506322846#0,3
1980.0,51362429#0,17
1980.0,593847705,1
1980.0,594658760#0,2
1980.0,:1973482489_3,1
1980.0,:3086736518_0,2
1980.0,:3086736518_4,1
1980.0,:3086736518_6,1
1980.0,:3208478128_0,1
1980.0,:655375232_2,1
1980.0,:655375233_4,1
1980.0,:655375233_8,7
1980.0,:655375238_1,1
1980.0,:cluster_3431431575_4777363357_655375231_6982059025_3,2
1980.0,:cluster_623980147_623980152_4,1
2000.0,-1334905223#2,2
2000.0,-300077497#5,27
2000.0,-300077497#8,4
2000.0,-35274074#2,9
2000.0,-593847703#3,25
2000.0,-E0,19
2000.0,1068234498#0,34
2000.0,1068440004#1,16
2000.0,186602412#0,2
2000.0,238526531#0,19
2000.0,244450512#5,3
2000.0,288878926#0,13
2000.0,300077497#6,2
2000.0,30620492#0,18
2000.0,30620492#1,5
2000.0,35274074#0,1
2000.0,484988951#0,4
2000.0,49073226#2,5
2000.0,506322844#0,3
2000.0,51362429#0,17
2000.0,593847705,1
2000.0,594658760#0,2
2000.0,:3086736518_0,2
2000.0,:3086736518_4,1
2000.0,:3086736518_6,1
2000.0,:3208478128_0,1
2000.0,:655375232_2,1
2000.0,:655375233_4,1
2000.0,:655375233_8,7
2000.0,:655375238_3,1
2000.0,:cluster_2038168688_655375573_25,1
2000.0,:cluster_3431431575_4777363357_655375231_6982059025_3,2
2020.0,-300077497#5,27
2020.0,-300077497#8,4
2020.0,-35274074#2,10
2020.0,-593847703#3,25
2020.0,-E0,19
2020.0,1068234498#0,37
2020.0,1068440004#1,16
2020.0,238526531#0,16
2020.0,244450512#5,3
2020.0,288878926#0,13
2020.0,300077497#6,1
2020.0,30620492#0,18
2020.0,30620492#1,5
2020.0,35274074#0,1
2020.0,484988951#0,4
2020.0,49073226#2,7
2020.0,506322844#0,5
2020.0,51362429#0,13
2020.0,594658760#0,2
2020.0,:3086736518_0,3
2020.0,:3086736518_4,1
2020.0,:3086736518_6,1
2020.0,:3208478128_0,1
2020.0,:655375232_2,5
2020.0,:655375233_0,1
2020.0,:655375233_4,1
2020.0,:655375233_8,7
2020.0,:655375238_3,1
2020.0,:655375239_3,1
2020.0,E1,1
2040.0,-300077497#5,27
2040.0,-300077497#8,4
2040.0,-35274074#2,1
2040.0,-593847703#3,25
2040.0,-E0,19
2040.0,1068234498#0,31
2040.0,1068440004#1,16
2040.0,238526531#0,18
2040.0,288135626#0,2
2040.0,288878926#0,11
2040.0,300077497#6,3
2040.0,30620492#0,17
2040.0,30620492#1,5
2040.0,484988951#0,4
2040.0,49073226#2,7
2040.0,506322844#0,7
2040.0,506322846#0,1
2040.0,51362429#0,14
2040.0,51362430,3
2040.0,593849711#0,1
2040.0,594658760#0,2
2040.0,:3086736518_0,3
2040.0,:3086736518_4,1
2040.0,:3086736518_6,1
2040.0,:655375232_2,5
2040.0,:655375233_0,1
2040.0,:655375233_4,1
2040.0,:655375233_8,7
2040.0,:655375238_3,1
2040.0,:656132414_3,1
2040.0,:cluster_5372642442_631668976_631668981_631669076_26,1
2040.0,:cluster_5372642442_631668976_631668981_631669076_45,1
2060.0,-300077497#5,27
2060.0,-300077497#8,4
2060.0,-35274074#2,1
2060.0,-51362429#1,4
2060.0,-593847703#3,21
2060.0,-E0,19
2060.0,1068234498#0,24
2060.0,1068234499#0,2
2060.0,1068440004#1,16
2060.0,238526531#0,25
2060.0,288878926#0,5
2060.0,300077497#6,4
2060.0,30620492#0,18
2060.0,30620492#1,5
2060.0,484988951#0,5
2060.0,49073226#2,7
2060.0,506322844#0,7
2060.0,51362429#0,17
2060.0,593847702#0,5
2060.0,593847704#0,1
2060.0,594658760#0,2
2060.0,:3086736518_0,3
2060.0,:3086736518_4,1
2060.0,:3086736518_6,1
2060.0,:655375232_2,5
2060.0,:655375233_0,1
2060.0,:655375233_8,3
2060.0,:cluster_5372642442_631668976_631668981_631669076_45,2
2080.0,-300077497#5,27
2080.0,-300077497#8,4
2080.0,-35274074#2,4
2080.0,-51362429#1,4
2080.0,-593847703#3,21
2080.0,-E0,19
2080.0,1068234498#0,22
2080.0,1068440004#1,7
2080.0,238526531#0,22
2080.0,263217604#0,2
2080.0,288135626#0,1
2080.0,288878926#0,5
2080.0,300077497#0,2
2080.0,300077497#6,4
2080.0,30620492#0,18
2080.0,30620492#1,5
2080.0,484988951#0,5
2080.0,49073226#2,7
2080.0,49073272#1,1
2080.0,506322844#0,5
2080.0,506322848#0,2
2080.0,51362429#0,17
2080.0,593847702#0,10
2080.0,593847703#0,1
2080.0,593847704#0,1
2080.0,593849718#0,2
2080.0,594658760#0,2
2080.0,:3086736518_0,3
2080.0,:3086736518_4,1
2080.0,:3086736518_6,1
2080.0,:655375232_2,5
2080.0,:cluster622618015_622618108_622618112_622618144_#2more_31,4
2080.0,:cluster_2038168688_655375573_8,1
2080.0,:cluster_9383263990_9383263991_9383263992_9383263993_7,2
2100.0,-300077497#5,27
2100.0,-300077497#8,4
2100.0,-35274074#2,11
2100.0,-51362429#1,4
2100.0,-593847703#3,21
2100.0,-E0,19
2100.0,1068234498#0,29
2100.0,1068440004#1,7
2100.0,238526531#0,12
2100.0,263217604#0,2
2100.0,288878926#0,5
2100.0,300077497#0,3
2100.0,300077497#6,4
2100.0,30620492#0,18
2100.0,30620492#1,5
2100.0,484988951#0,5
2100.0,49073226#2,7
2100.0,49073272#3,1
2100.0,506322840#0,2
2100.0,506322844#0,5
2100.0,51362429#0,17
2100.0,593847702#0,3
2100.0,593849718#0,2
2100.0,594658760#0,2
2100.0,:3086736518_0,3
2100.0,:3086736518_4,1
2100.0,:3086736518_6,1
2100.0,:655375232_2,5
2100.0,:655375241_0,1
2100.0,:cluster622618015_622618108_622618112_622618144_#2more_37,1
2100.0,:cluster_2038168688_655375573_8,1
2120.0,-300077497#5,25
2120.0,-300077497#8,4
2120.0,-35274074#2,10
2120.0,-51362429#1,4
2120.0,-593847703#3,22
2120.0,-E0,19
2120.0,1068234498#0,34
2120.0,1068440004#1,7
2120.0,182334378#0,1
2120.0,238526531#0,12
2120.0,263217604#0,2
2120.0,288878926#0,5
2120.0,300077497#6,2
2120.0,30620492#0,18
2120.0,30620492#1,5
2120.0,360018417,1
2120.0,484988951#0,5
2120.0,49073226#2,7
2120.0,506322844#0,5
2120.0,51362429#0,13
2120.0,593847702#0,3
2120.0,593847703#0,5
2120.0,593847704#0,1
2120.0,594658760#0,2
2120.0,:3086736518_0,2
2120.0,:3086736518_4,1
2120.0,:3208478121_3,1
2120.0,:655375232_2,2
2120.0,:655375233_0,3
2140.0,-300077497#5,23
2140.0,-300077497#8,4
2140.0,-35274074#2,5
2140.0,-51362429#1,4
2140.0,-593847703#3,22
2140.0,-E0,19
2140.0,1068234498#0,27
2140.0,1068234499#0,2
2140.0,1068440004#1,7
2140.0,182334378#0,1
2140.0,196961377#3,2
2140.0,238526531#0,17
2140.0,288135626#0,4
2140.0,300077497#0,6
2140.0,300077497#6,4
2140.0,30620492#0,18
2140.0,30620492#1,5
2140.0,484988951#0,2
2140.0,49073226#2,11
2140.0,506322844#0,5
2140.0,51362429#0,13
2140.0,593847702#0,3
2140.0,593847703#0,5
2140.0,593847704#0,1
2140.0,593849711#0,1
2140.0,594658757#0,1
2140.0,594658760#0,3
2140.0,:3086736518_0,1
2140.0,:3086736518_4,1
2140.0,:655375232_2,1
2140.0,:cluster_2528018119_655375236_17,2
2140.0,:cluster_2528018119_655375236_3,2
2140.0,:cluster_3431431575_4777363357_655375231_6982059025_5,1
2140.0,:cluster_5372642442_631668976_631668981_631669076_26,1
2140.0,:cluster_5372642442_631668976_631668981_631669076_45,2
2160.0,-300077497#5,23
2160.0,-300077497#8,2
2160.0,-35274074#2,5
2160.0,-51362429#1,8
2160.0,-593847703#3,19
2160.0,-E0,19
2160.0,1068234498#0,21
2160.0,1068234499#0,6
2160.0,1068440004#1,7
2160.0,182334378#0,1
2160.0,238526531#0,24
2160.0,288135626#0,3
2160.0,300077497#0,7
2160.0,300077497#6,4
2160.0,30620492#0,18
2160.0,30620492#1,5
2160.0,35274074#0,4
2160.0,484988951#0,4
2160.0,49073226#2,11
2160.0,506322844#0,5
2160.0,51362429#0,15
2160.0,51362430,1
2160.0,593847702#0,3
2160.0,593847703#0,1
2160.0,593847704#0,1
2160.0,594658757#0,1
2160.0,594658760#0,3
2160.0,:3086736518_0,1
2160.0,:655375232_2,1
2160.0,:655375232_8,1
2160.0,:655375233_4,2
2160.0,:655375238_6,1
2160.0,:cluster_5372642442_631668976_631668981_631669076_45,1
2180.0,-300077497#5,26
2180.0,-300077497#8,4
2180.0,-35274074#2,11
2180.0,-51362429#1,9
2180.0,-593847703#3,19
2180.0,-E0,19
2180.0,1068234498#0,26
2180.0,1068234499#0,1
2180.0,238526531#0,16
2180.0,300077497#0,10
2180.0,300077497#6,4
2180.0,30620492#0,18
2180.0,30620492#1,5
2180.0,35274074#0,7
2180.0,484988951#0,4
2180.0,49073226#2,11
2180.0,49073272#3,1
2180.0,506322840#0,1
2180.0,506322844#0,3
2180.0,51362429#0,16
2180.0,51362430,1
2180.0,593847703#0,1
2180.0,593847704#0,1
2180.0,594658757#0,1
2180.0,594658760#0,3
2180.0,:3086736518_0,1
2180.0,:655375232_2,1
2180.0,:655375233_4,1
2180.0,:655375233_8,7
2180.0,:655375238_1,1
2180.0,:655375238_5,1
2180.0,:655375239_6,1
2180.0,:655375241_0,1
2180.0,:cluster_2038168688_655375573_25,1
2180.0,:cluster_2528018119_655375236_12,1
2180.0,:cluster_2528018119_655375236_29,1
2200.0,-300077497#5,27
2200.0,-300077497#8,4
2200.0,-35274074#2,12
2200.0,-51362429#1,9
2200.0,-593847703#3,19
2200.0,-E0,19
2200.0,1068234498#0,30
2200.0,238526531#0,16
2200.0,263217604#0,1
2200.0,288878926#0,1
2200.0,300077497#0,6
2200.0,300077497#6,1
2200.0,30620492#0,18
2200.0,30620492#1,5
2200.0,35274074#0,12
2200.0,484988951#0,5
2200.0,49073226#2,9
2200.0,49073272#3,1
2200.0,506322844#0,5
2200.0,51362429#0,16
2200.0,593847703#0,1
2200.0,593849718#0,1
2200.0,594658757#0,1
2200.0,594658760#0,3
2200.0,:3086736518_0,1
2200.0,:655375232_2,1
2200.0,:655375233_4,1
2200.0,:655375233_8,7
2200.0,:655375238_0,1
2200.0,:655375239_3,2
2200.0,:cluster_623980147_623980152_4,1
2220.0,-300077497#5,25
2220.0,-300077497#8,4
2220.0,-35274074#2,9
2220.0,-51362429#1,8
2220.0,-593847703#3,21
2220.0,-E0,18
2220.0,1068234498#0,32
2220.0,238526531#0,17
2220.0,288135626#0,3
2220.0,288878926#0,5
2220.0,300077497#0,1
2220.0,300077497#6,3
2220.0,30620492#0,17
2220.0,30620492#1,5
2220.0,360018417,1
2220.0,484988951#0,4
2220.0,49073226#2,4
2220.0,506322844#0,6
2220.0,506322846#0,8
2220.0,51362429#0,14
2220.0,593849711#0,2
2220.0,594658757#0,2
2220.0,594658760#0,2
2220.0,:3086736518_0,2
2220.0,:3086736518_6,1
2220.0,:655375232_2,2
2220.0,:655375233_0,1
2220.0,:655375233_4,1
2220.0,:655375233_8,7
2220.0,:cluster_2038168688_655375573_24,1
2220.0,:cluster_2038168688_655375573_3,2
2220.0,:cluster_2038168688_655375573_6,1
2220.0,:cluster_5372642442_631668976_631668981_631669076_45,2
2220.0,:cluster_623980147_623980152_4,1
2220.0,:cluster_9383263990_9383263991_9383263992_9383263993_13,1
2240.0,-300077497#5,25
2240.0,-300077497#8,2
2240.0,-35274074#2,8
2240.0,-51362429#1,6
2240.0,-593847703#3,22
2240.0,-E0,19
2240.0,1068234498#0,25
2240.0,1068234499#0,4
2240.0,186602412#0,5
2240.0,238526531#0,24
2240.0,288878926#0,4
2240.0,300077497#6,4
2240.0,30620492#0,18
2240.0,30620492#1,5
2240.0,484988951#0,3
2240.0,506322844#0,6
2240.0,506322846#0,7
2240.0,51362429#0,14
2240.0,594658757#0,2
2240.0,594658760#0,2
2240.0,:1973482489_8,1
2240.0,:3086736518_0,2
2240.0,:3086736518_6,1
2240.0,:655375232_2,2
2240.0,:655375233_0,2
2240.0,:655375233_4,1
2240.0,:655375233_8,7
2240.0,:cluster622618015_622618108_622618112_622618144_#2more_49,1
2240.0,:cluster_2528018119_655375236_17,1
2240.0,:cluster_3431431575_4777363357_655375231_6982059025_3,2
2240.0,:cluster_3431431575_4777363357_655375231_6982059025_5,1
2240.0,:cluster_5372642442_631668976_631668981_631669076_26,1
2240.0,:cluster_5372642442_631668976_631668981_631669076_45,2
2240.0,:cluster_9383263990_9383263991_9383263992_9383263993_13,1
2260.0,-300077497#5,25
2260.0,-300077497#8,4
2260.0,-35274074#2,11
2260.0,-51362429#1,2
2260.0,-593847703#3,21
2260.0,-E0,19
2260.0,1068234498#0,24
2260.0,1068234499#0,1
2260.0,186602412#0,5
2260.0,238526531#0,20
2260.0,263217604#0,1
2260.0,288135626#0,1
2260.0,288878926#0,8
2260.0,300077497#0,2
2260.0,300077497#6,4
2260.0,30620492#0,18
2260.0,30620492#1,5
2260.0,484988951#0,4
2260.0,49073226#2,6
2260.0,506322844#0,4
2260.0,506322848#0,2
2260.0,51362429#0,16
2260.0,593847702#0,1
2260.0,594658757#0,2
2260.0,594658760#0,2
2260.0,:1973482489_3,1
2260.0,:3086736518_0,2
2260.0,:3086736518_6,1
2260.0,:655375232_2,2
2260.0,:655375233_0,2
2260.0,:655375233_4,1
2260.0,:655375233_8,6
2260.0,:cluster_2038168688_655375573_8,1
2260.0,:cluster_2038168688_655375573_9,1
2260.0,:cluster_2528018119_655375236_12,1
2260.0,:cluster_2528018119_655375236_29,1
2260.0,:cluster_9383263990_9383263991_9383263992_9383263993_7,2
2280.0,-1334905223#2,3
2280.0,-300077497#5,27
2280.0,-300077497#8,4
2280.0,-35274074#2,12
2280.0,-51362429#1,2
2280.0,-593847703#3,20
2280.0,-E0,19
2280.0,1068234498#0,32
2280.0,238526531#0,17
2280.0,263217604#0,1
2280.0,288878926#0,8
2280.0,300077497#0,6
2280.0,300077497#6,4
2280.0,30620492#0,18
2280.0,30620492#1,5
2280.0,484988951#0,4
2280.0,49073226#2,7
2280.0,49695736#0,1
2280.0,506322840#0,2
2280.0,506322844#0,5
2280.0,51362429#0,17
2280.0,593847702#0,7
2280.0,593847703#0,2
2280.0,594658757#0,2
2280.0,594658760#0,1
2280.0,:3086736518_0,2
2280.0,:3086736518_4,1
2280.0,:3086736518_6,1
2280.0,:655375232_2,2
2280.0,:655375241_0,1
2300.0,-300077497#5,24
2300.0,-300077497#8,4
2300.0,-35274074#2,11
2300.0,-51362429#1,2
2300.0,-593847703#3,23
2300.0,-E0,19
2300.0,1068234498#0,38
2300.0,238526531#0,17
2300.0,263217604#0,1
2300.0,288878926#0,8
2300.0,300077497#0,2
2300.0,300077497#6,1
2300.0,30620492#0,18
2300.0,30620492#1,5
2300.0,484988951#0,4
2300.0,49073226#2,7
2300.0,506322844#0,5
2300.0,51362429#0,17
2300.0,593847702#0,7
2300.0,594658757#0,2
2300.0,594658760#0,1
2300.0,:3086736518_0,2
2300.0,:3086736518_4,1
2300.0,:3086736518_6,1
2300.0,:655375232_2,2
2300.0,:655375238_3,1
2300.0,:655375239_3,1
2300.0,:cluster_2528018119_655375236_17,1
2320.0,-300077497#5,24
2320.0,-300077497#8,4
2320.0,-35274074#2,7
2320.0,-51362429#1,2
2320.0,-593847703#3,24
2320.0,-E0,19
2320.0,1068234498#0,29
2320.0,1068234499#0,3
2320.0,238526531#0,21
2320.0,288135626#0,3
2320.0,288878926#0,2
2320.0,300077497#6,3
2320.0,30620492#0,18
2320.0,30620492#1,5
2320.0,35274074#0,2
2320.0,484988951#0,4
2320.0,49073226#2,7
2320.0,506322844#0,5
2320.0,51362429#0,15
2320.0,593847702#0,7
2320.0,593849711#0,1
2320.0,594658757#0,2
2320.0,594658760#0,2
2320.0,:3086736518_0,2
2320.0,:3086736518_4,1
2320.0,:3086736518_6,1
2320.0,:655375232_2,2
2320.0,:655375233_0,2
2320.0,:655375238_3,1
2320.0,:cluster622618015_622618108_622618112_622618144_#2more_0,1
2320.0,:cluster_5372642442_631668976_631668981_631669076_26,1
2320.0,:cluster_5372642442_631668976_631668981_631669076_45,2
2340.0,-300077497#5,26
2340.0,-300077497#8,1
2340.0,-35274074#2,7
2340.0,-51362429#1,2
2340.0,-593847703#3,25
2340.0,-E0,19
2340.0,1068234498#0,24
2340.0,1068234499#0,6
2340.0,238526531#0,28
2340.0,288135626#0,1
2340.0,300077497#6,4
2340.0,30620492#0,18
2340.0,30620492#1,5
2340.0,484988951#0,3
2340.0,49073226#2,7
2340.0,506322844#0,5
2340.0,506322846#0,1
2340.0,51362429#0,10
2340.0,593847702#0,7
2340.0,593847703#0,12
2340.0,594658757#0,2
2340.0,594658760#0,2
2340.0,:1973482489_3,1
2340.0,:3086736518_0,1
2340.0,:3086736518_4,1
2340.0,:3086736518_6,1
2340.0,:655375232_2,1
2340.0,:cluster_3431431575_4777363357_655375231_6982059025_5,1
2340.0,:cluster_5372642442_631668976_631668981_631669076_45,2
2360.0,-1334905223#2,1
2360.0,-300077497#5,27
2360.0,-300077497#8,3
2360.0,-35274074#2,12
2360.0,-51362429#1,3
2360.0,-593847703#3,21
2360.0,-E0,19
2360.0,1068234498#0,31
2360.0,186602412#0,1
2360.0,238526531#0,19
2360.0,300077497#0,6
2360.0,300077497#6,4
2360.0,30620492#0,18
2360.0,30620492#1,5
2360.0,484988951#0,4
2360.0,49073226#2,7
2360.0,49073272#3,2
2360.0,506322840#0,3
2360.0,506322844#0,4
2360.0,506322848#0,1
2360.0,51362429#0,12
2360.0,593847703#0,12
2360.0,594658757#0,2
2360.0,594658760#0,2
2360.0,:3086736518_0,1
2360.0,:3086736518_4,1
2360.0,:3086736518_6,1
2360.0,:655375232_2,1
2360.0,:655375233_4,3
2360.0,:655375239_5,1
2360.0,:cluster_2528018119_655375236_29,1
2360.0,:cluster_9383263990_9383263991_9383263992_9383263993_7,1
2380.0,-300077497#5,27
2380.0,-300077497#8,4
2380.0,-35274074#2,12
2380.0,-51362429#1,9
2380.0,-593847703#3,18
2380.0,-E0,19
2380.0,1068234498#0,35
2380.0,238526531#0,19
2380.0,300077497#0,5
2380.0,300077497#6,2
2380.0,30620492#0,18
2380.0,30620492#1,5
2380.0,484988951#0,4
2380.0,49073226#2,7
2380.0,49073272#3,2
2380.0,506322844#0,5
2380.0,51362429#0,12
2380.0,593847703#0,12
2380.0,594658757#0,2
2380.0,594658760#0,2
2380.0,:3086736518_0,1
2380.0,:3086736518_6,1
2380.0,:655375232_2,1
2380.0,:655375233_4,1
2380.0,:655375239_3,1
2400.0,-300077497#5,23
2400.0,-300077497#8,4
2400.0,-35274074#2,9
2400.0,-51362429#1,9
2400.0,-593847703#3,20
2400.0,-E0,19
2400.0,1068234498#0,30
2400.0,238526531#0,20
2400.0,288135626#0,3
2400.0,300077497#0,7
2400.0,300077497#6,1
2400.0,30620492#0,18
2400.0,30620492#1,5
2400.0,360018417,2
2400.0,484988951#0,4
2400.0,49073226#2,7
2400.0,506322844#0,5
2400.0,51362429#0,15
2400.0,593847703#0,2
2400.0,594658757#0,2
2400.0,594658760#0,2
2400.0,:3086736518_0,1
2400.0,:3086736518_6,1
2400.0,:655375232_2,1
2400.0,:655375233_4,1
2400.0,:cluster_2528018119_655375236_17,1
2400.0,:cluster_2528018119_655375236_19,1
2400.0,:cluster_2528018119_655375236_27,1
2400.0,:cluster_2528018119_655375236_3,2
2400.0,:cluster_5372642442_631668976_631668981_631669076_22,3
2400.0,:cluster_5372642442_631668976_631668981_631669076_45,1
2420.0,-300077497#5,21
2420.0,-300077497#8,1
2420.0,-35274074#2,9
2420.0,-51362429#1,9
2420.0,-593847703#3,24
2420.0,-E0,19
2420.0,1068234498#0,25
2420.0,1068234499#0,7
2420.0,238526531#0,25
2420.0,300077497#0,7
2420.0,300077497#6,1
2420.0,30620492#0,18
2420.0,30620492#1,5
2420.0,484988951#0,4
2420.0,49073226#2,7
2420.0,506322844#0,5
2420.0,506322846#0,2
2420.0,51362429#0,15
2420.0,593849711#0,1
2420.0,594658757#0,2
2420.0,594658760#0,2
2420.0,:2444664370_0,1
2420.0,:3086736518_0,1
2420.0,:3086736518_6,1
2420.0,:655375232_2,1
2420.0,:655375233_4,1
2420.0,:655375238_1,1
2420.0,:655375238_5,1
2420.0,:cluster622618015_622618108_622618112_622618144_#2more_49,1
2420.0,:cluster655375336_end_0_655375336_end_1_655375336_end_10_655375336_end_11_#8more_6,1
2420.0,:cluster_2038168688_655375573_24,1
2420.0,:cluster_2528018119_655375236_17,1
2420.0,:cluster_5372642442_631668976_631668981_631669076_26,1
2420.0,:cluster_5372642442_631668976_631668981_631669076_45,1
2440.0,-300077497#5,22
2440.0,-300077497#8,3
2440.0,-35274074#2,12
2440.0,-51362429#1,8
2440.0,-593847703#3,25
2440.0,-E0,19
2440.0,1068234498#0,27
2440.0,1068234499#0,4
2440.0,186602412#0,3
2440.0,232003903#0,1
2440.0,238526531#0,23
2440.0,288878926#0,3
2440.0,300077497#0,3
2440.0,300077497#6,1
2440.0,30620492#0,18
2440.0,30620492#1,5
2440.0,35274074#0,6
2440.0,484988951#0,2
2440.0,49073226#2,3
2440.0,506322844#0,2
2440.0,51362429#0,11
2440.0,593847703#0,7
2440.0,594658757#0,2
2440.0,594658760#0,2
2440.0,:2444664370_0,1
2440.0,:3086736518_0,2
2440.0,:3086736518_6,1
2440.0,:655375232_2,2
2440.0,:655375233_0,2
2440.0,:655375233_4,1
2440.0,:655375238_1,1
2440.0,:655375238_5,1
2440.0,:655375239_5,1
2440.0,:cluster_2038168688_655375573_9,1
2440.0,:cluster_2528018119_655375236_12,1
2440.0,:cluster_2528018119_655375236_29,1
2440.0,:cluster_3431431575_4777363357_655375231_6982059025_3,1
2440.0,:cluster_3431431575_4777363357_655375231_6982059025_5,1
2440.0,:cluster_623980147_623980152_4,1
2440.0,:cluster_9383263990_9383263991_9383263992_9383263993_7,1
2460.0,-1334905223#2,1
2460.0,-300077497#5,27
2460.0,-300077497#8,4
2460.0,-35274074#2,12
2460.0,-593847703#3,23
2460.0,-E0,19
2460.0,1068234498#0,30
2460.0,232003903#0,1
2460.0,238526531#0,23
2460.0,263217604#0,2
2460.0,288878926#0,10
2460.0,300077497#0,9
2460.0,300077497#6,1
2460.0,30620492#0,18
2460.0,30620492#1,5
2460.0,35274074#0,7
2460.0,484988951#0,4
2460.0,49073226#2,5
2460.0,506322844#0,4
2460.0,51362429#0,12
2460.0,593847703#0,6
2460.0,594658757#0,1
2460.0,594658760#0,2
2460.0,:3086736518_0,2
2460.0,:3086736518_4,1
2460.0,:655375232_2,2
2460.0,:655375233_4,2
2460.0,:655375238_6,1
2460.0,:cluster622618015_622618108_622618112_622618144_#2more_39,1
2460.0,:cluster_3431431575_4777363357_655375231_6982059025_3,1
2480.0,-300077497#5,24
2480.0,-300077497#8,4
2480.0,-35274074#2,11
2480.0,-51362429#1,6
2480.0,-593847703#3,18
2480.0,-E0,19
2480.0,1068234498#0,30
2480.0,238526531#0,23
2480.0,263217604#0,2
2480.0,288878926#0,13
2480.0,300077497#0,2
2480.0,300077497#6,1
2480.0,30620492#0,18
2480.0,30620492#1,5
2480.0,35274074#0,4
2480.0,484988951#0,3
2480.0,49073226#2,3
2480.0,506322844#0,7
2480.0,506322846#0,1
2480.0,51362429#0,12
2480.0,51362430,1
2480.0,593847703#0,2
2480.0,594658757#0,1
2480.0,594658760#0,2
2480.0,:3086736518_0,2
2480.0,:3086736518_4,1
2480.0,:655375232_2,2
2480.0,:655375233_4,1
2480.0,:655375238_3,1
2480.0,:655375239_3,1
2480.0,:cluster_2038168688_655375573_23,1
2480.0,:cluster_2038168688_655375573_24,1
2480.0,:cluster_2038168688_655375573_3,1
2480.0,:cluster_2528018119_655375236_17,1
2480.0,:cluster_2528018119_655375236_3,2
2480.0,:cluster_3431431575_4777363357_655375231_6982059025_3,2
2480.0,:cluster_3431431575_4777363357_655375231_6982059025_5,1
2500.0,-300077497#5,22
2500.0,-300077497#8,4
2500.0,-35274074#2,8
2500.0,-51362429#1,4
2500.0,-593847703#3,20
2500.0,-E0,19
2500.0,1068234498#0,26
2500.0,1068234499#0,3
2500.0,182334378#0,1
2500.0,186602412#0,2
2500.0,238526531#0,25
2500.0,244450512#4,1
2500.0,288878926#0,7
2500.0,300077497#0,2
2500.0,300077497#6,2
2500.0,30620492#0,18
2500.0,30620492#1,5
2500.0,35274074#0,2
2500.0,484988951#0,3
2500.0,49073226#2,7
2500.0,506322844#0,7
2500.0,506322846#0,5
2500.0,51362429#0,15
2500.0,593849711#0,1
2500.0,594658757#0,1
2500.0,594658760#0,3
2500.0,:1973482489_8,1
2500.0,:3086736518_0,2
2500.0,:3086736518_4,1
2500.0,:655375232_2,2
2500.0,:655375233_4,1
2500.0,:655375238_1,1
2500.0,:cluster622618015_622618108_622618112_622618144_#2more_0,1
2500.0,:cluster_2038168688_655375573_3,1
2500.0,:cluster_3431431575_4777363357_655375231_6982059025_5,1
2500.0,:cluster_5372642442_631668976_631668981_631669076_45,1
2520.0,-300077497#5,25
2520.0,-300077497#8,1
2520.0,-35274074#2,7
2520.0,-51362429#1,4
2520.0,-593847703#3,20
2520.0,-E0,18
2520.0,1068234498#0,32
2520.0,1068234499#0,3
2520.0,182334378#0,1
2520.0,186602412#0,4
2520.0,238526531#0,26
2520.0,244450512#5,1
2520.0,288878926#0,5
2520.0,300077497#6,2
2520.0,30620492#0,17
2520.0,30620492#1,5
2520.0,35274074#0,2
2520.0,484988951#0,4
2520.0,49073226#2,8
2520.0,506322844#0,7
2520.0,506322846#0,2
2520.0,51362429#0,17
2520.0,594658757#0,1
2520.0,594658760#0,3
2520.0,:1973482489_3,1
2520.0,:3086736518_0,2
2520.0,:3086736518_4,1
2520.0,:3086736518_6,1
2520.0,:655375232_2,2
2520.0,:655375233_4,1
2520.0,:655375238_3,1
2540.0,-300077497#5,27
2540.0,-300077497#8,4
2540.0,-35274074#2,12
2540.0,-51362429#1,4
2540.0,-593847703#3,20
2540.0,-E0,18
2540.0,1068234498#0,36
2540.0,1068440004#1,1
2540.0,186602412#0,1
2540.0,238526531#0,20
2540.0,244450512#5,1
2540.0,263217604#0,3
2540.0,288878926#0,5
2540.0,300077497#0,3
2540.0,300077497#6,4
2540.0,30620492#0,18
2540.0,30620492#1,5
2540.0,35274074#0,2
2540.0,484988951#0,3
2540.0,49073226#2,8
2540.0,506322844#0,4
2540.0,51362429#0,10
2540.0,593847703#0,6
2540.0,594658757#0,1
2540.0,594658760#0,3
2540.0,:3086736518_0,2
2540.0,:3086736518_4,1
2540.0,:3086736518_6,1
2540.0,:655375232_2,1
2540.0,:655375233_0,3
2540.0,:655375233_4,1
2540.0,:cluster_3431431575_4777363357_655375231_6982059025_5,1
2560.0,-300077497#5,27
2560.0,-300077497#8,4
2560.0,-35274074#2,12
2560.0,-51362429#1,4
2560.0,-593847703#3,20
2560.0,-E0,19
2560.0,1068234498#0,37
2560.0,1068440004#1,1
2560.0,238526531#0,19
2560.0,244450512#5,1
2560.0,263217604#0,3
2560.0,288878926#0,5
2560.0,300077497#0,1
2560.0,300077497#6,1
2560.0,30620492#0,18
2560.0,30620492#1,5
2560.0,35274074#0,2
2560.0,484988951#0,4
2560.0,49073226#2,8
2560.0,506322844#0,5
2560.0,506322848#0,1
2560.0,51362429#0,14
2560.0,593847703#0,11
2560.0,594658757#0,1
2560.0,594658760#0,3
2560.0,:3086736518_0,1
2560.0,:3086736518_4,1
2560.0,:3086736518_6,1
2560.0,:655375233_4,1
2560.0,:655375238_0,1
2560.0,:655375239_3,1
2560.0,E1,1
2580.0,-300077497#5,25
2580.0,-300077497#8,4
2580.0,-35274074#2,6
2580.0,-51362429#1,9
2580.0,-593847703#3,13
2580.0,-E0,19
2580.0,1068234498#0,32
2580.0,1068440004#1,1
2580.0,238526531#0,20
2580.0,288135626#0,1
2580.0,288878926#0,3
2580.0,300077497#0,7
2580.0,300077497#6,2
2580.0,30620492#0,18
2580.0,30620492#1,5
2580.0,360843888,1
2580.0,484988951#0,4
2580.0,49073226#2,8
2580.0,506322844#0,5
2580.0,506322846#0,2
2580.0,506322848#0,1
2580.0,51362429#0,16
2580.0,51362430,1
2580.0,593847702#0,2
2580.0,593847703#0,2
2580.0,593847704#0,1
2580.0,593849711#0,2
2580.0,594658757#0,1
2580.0,594658760#0,2
2580.0,:3086736518_0,1
2580.0,:3086736518_6,1
2580.0,:cluster3086736522_655375108_655375247_655375401_#1more_17,2
2580.0,:cluster_2528018119_655375236_17,2
2580.0,:cluster_2528018119_655375236_3,2
2580.0,:cluster_5372642442_631668976_631668981_631669076_26,1
2580.0,:cluster_5372642442_631668976_631668981_631669076_45,2
2600.0,-300077497#5,20
2600.0,-300077497#8,4
2600.0,-35274074#2,6
2600.0,-51362429#1,9
2600.0,-593847703#3,17
2600.0,-E0,19
2600.0,1068234498#0,27
2600.0,1068234499#0,1
2600.0,182334378#0,2
2600.0,238526531#0,27
2600.0,300077497#0,4
2600.0,300077497#6,2
2600.0,30620492#0,18
2600.0,30620492#1,5
2600.0,35274074#0,3
2600.0,360843888,3
2600.0,484988951#0,4
2600.0,49073226#2,8
2600.0,506322844#0,5
2600.0,506322846#0,1
2600.0,506322848#0,1
2600.0,51362429#0,17
2600.0,593847702#0,3
2600.0,593847704#0,1
2600.0,594658757#0,1
2600.0,594658760#0,2
2600.0,:3086736518_0,1
2600.0,:3086736518_6,1
2600.0,:655375238_1,1
2600.0,:cluster_2038168688_655375573_23,1
2600.0,:cluster_2038168688_655375573_3,1
2600.0,:cluster_2528018119_655375236_17,1
2600.0,:cluster_5372642442_631668976_631668981_631669076_45,1
2620.0,-300077497#5,23
2620.0,-300077497#8,2
2620.0,-35274074#2,9
2620.0,-51362429#1,9
2620.0,-593847703#3,18
2620.0,-E0,19
2620.0,1068234498#0,29
2620.0,1068234499#0,1
2620.0,1068440004#1,1
2620.0,182334378#0,1
2620.0,186602412#0,3
2620.0,238526531#0,22
2620.0,300077497#0,3
2620.0,300077497#6,2
2620.0,30620492#0,18
2620.0,30620492#1,5
2620.0,35274074#0,2
2620.0,360843888,3
2620.0,484988951#0,4
2620.0,49073226#2,8
2620.0,49073264#0,1
2620.0,506322844#0,3
2620.0,506322846#0,2
2620.0,506322848#0,3
2620.0,51362429#0,17
2620.0,593847704#0,1
2620.0,594658757#0,1
2620.0,594658760#0,2
2620.0,:1973482489_8,1
2620.0,:3086736518_0,1
2620.0,:3086736518_6,1
2620.0,:619137000_0,1
2620.0,:655375238_1,1
2620.0,:655375238_5,2
2620.0,:655375239_5,1
2620.0,:cluster622618015_622618108_622618112_622618144_#2more_34,1
2640.0,-1334905223#2,2
2640.0,-300077497#5,27
2640.0,-300077497#8,4
2640.0,-35274074#2,12
2640.0,-49073264#1,1
2640.0,-51362429#1,9
2640.0,-593847703#3,18
2640.0,-E0,19
2640.0,1068234498#0,32
2640.0,1068440004#1,1
2640.0,182334378#0,1
2640.0,186602412#0,1
2640.0,238526531#0,19
2640.0,263217604#0,1
2640.0,300077497#0,2
2640.0,300077497#6,2
2640.0,30620492#0,18
2640.0,30620492#1,5
2640.0,35274074#0,4
2640.0,360843888,3
2640.0,484988951#0,3
2640.0,49073226#2,8
2640.0,49073272#3,1
2640.0,506322844#0,5
2640.0,51362429#0,9
2640.0,593847703#0,2
2640.0,593847704#0,1
2640.0,594658757#0,1
2640.0,594658760#0,2
2640.0,:3086736518_0,1
2640.0,:655375232_2,4
2640.0,:655375233_0,2
2640.0,:655375238_6,1
2640.0,:cluster622618015_622618108_622618112_622618144_#2more_17,1
2640.0,:cluster622618015_622618108_622618112_622618144_#2more_37,1
2640.0,:cluster_3431431575_4777363357_655375231_6982059025_5,1
2660.0,-300077497#5,25
2660.0,-300077497#8,4
2660.0,-35274074#2,6
2660.0,-51362429#1,9
2660.0,-593847703#3,19
2660.0,-E0,19
2660.0,1068234498#0,32
2660.0,1068440004#1,1
2660.0,182334378#0,1
2660.0,238526531#0,19
2660.0,244450512#4,2
2660.0,263217604#0,1
2660.0,300077497#0,2
2660.0,300077497#6,1
2660.0,30620492#0,18
2660.0,30620492#1,4
2660.0,35274074#0,1
2660.0,360018417,1
2660.0,484988951#0,4
2660.0,49073226#2,9
2660.0,506322844#0,6
2660.0,51362429#0,13
2660.0,593847703#0,5
2660.0,593849718#0,1
2660.0,594658757#0,1
2660.0,594658760#0,2
2660.0,:3086736518_0,1
2660.0,:3208478121_3,1
2660.0,:3208478128_0,1
2660.0,:655375238_3,1
2660.0,:655375239_3,1
2660.0,:cluster_2038168688_655375573_23,1
2660.0,:cluster_2038168688_655375573_24,1
2660.0,:cluster_2038168688_655375573_3,1
2660.0,:cluster_2038168688_655375573_6,1
2660.0,:cluster_2528018119_655375236_17,1
2660.0,:cluster_2528018119_655375236_3,2
2660.0,:cluster_9383263990_9383263991_9383263992_9383263993_13,1
2680.0,-300077497#5,25
2680.0,-300077497#8,4
2680.0,-35274074#2,3
2680.0,-51362429#1,7
2680.0,-593847703#3,18
2680.0,-E0,19
2680.0,1068234498#0,26
2680.0,1068234499#0,1
2680.0,1068440004#1,1
2680.0,182334378#0,1
2680.0,186602412#0,2
2680.0,196961377#3,2
2680.0,238526531#0,24
2680.0,244450512#5,3
2680.0,288878926#0,4
2680.0,300077497#0,5
2680.0,300077497#6,2
2680.0,30620492#0,17
2680.0,30620492#1,5
2680.0,35274074#0,3
2680.0,484988951#0,3
2680.0,49073226#2,5
2680.0,506322844#0,7
2680.0,506322846#0,2
2680.0,51362429#0,14
2680.0,593849711#0,1
2680.0,594658757#0,2
2680.0,594658760#0,2
2680.0,:1973482489_8,1
2680.0,:2444664370_0,1
2680.0,:3086736518_0,1
2680.0,:655375233_4,1
2680.0,:655375238_1,1
2680.0,:cluster_3431431575_4777363357_655375231_6982059025_3,2
2680.0,:cluster_3431431575_4777363357_655375231_6982059025_5,1
2680.0,:cluster_5372642442_631668976_631668981_631669076_45,2
2700.0,-300077497#5,27
2700.0,-300077497#8,1
2700.0,-35274074#2,3
2700.0,-51362429#1,1
2700.0,-593847703#3,18
2700.0,-E0,19
2700.0,1068234498#0,23
2700.0,1068234499#0,2
2700.0,182334378#0,1
2700.0,186602412#0,1
2700.0,238526531#0,28
2700.0,244450512#5,3
2700.0,288135626#0,1
2700.0,288878926#0,8
2700.0,300077497#0,1
2700.0,300077497#6,2
2700.0,30620492#0,18
2700.0,30620492#1,5
2700.0,35274074#0,4
2700.0,484988951#0,4
2700.0,49073226#2,4
2700.0,506322844#0,7
2700.0,506322846#0,2
2700.0,51362429#0,16
2700.0,593847702#0,1
2700.0,594658757#0,2
2700.0,594658760#0,2
2700.0,:1973482489_8,1
2700.0,:3086736518_0,1
2700.0,:cluster_2038168688_655375573_23,1
2700.0,:cluster_3431431575_4777363357_655375231_6982059025_3,3
2700.0,:cluster_623980147_623980152_9,1
2720.0,-1334905223#2,1
2720.0,-300077497#5,27
2720.0,-300077497#8,4
2720.0,-35274074#2,7
2720.0,-593847703#3,18
2720.0,-E0,19
2720.0,1068234498#0,28
2720.0,182334378#0,1
2720.0,186602412#0,1
2720.0,238526531#0,19
2720.0,244450512#5,3
2720.0,263217604#0,3
2720.0,288878926#0,13
2720.0,300077497#0,3
2720.0,300077497#6,4
2720.0,30620492#0,18
2720.0,30620492#1,5
2720.0,35274074#0,5
2720.0,484988951#0,4
2720.0,49073226#2,4
2720.0,49073272#3,1
2720.0,506322844#0,5
2720.0,51362429#0,17
2720.0,594658757#0,2
2720.0,594658760#0,2
2720.0,:3086736518_0,1
2720.0,:655375241_0,1
2720.0,:cluster_2038168688_655375573_25,1
2740.0,-300077497#5,27
2740.0,-300077497#8,4
2740.0,-35274074#2,12
2740.0,-593847703#3,18
2740.0,-E0,18
2740.0,1068234498#0,34
2740.0,182334378#0,1
2740.0,238526531#0,15
2740.0,244450512#5,3
2740.0,263217604#0,3
2740.0,288878926#0,13
2740.0,300077497#6,2
2740.0,30620492#0,18
2740.0,30620492#1,5
2740.0,35274074#0,5
2740.0,484988951#0,4
2740.0,49073226#2,4
2740.0,49073272#1,1
2740.0,49073272#3,1
2740.0,506322844#0,5
2740.0,51362429#0,13
2740.0,593847703#0,1
2740.0,594658757#0,2
2740.0,594658760#0,2
2740.0,:3086736518_0,2
2740.0,:3086736518_6,1
2740.0,:655375232_2,2
2740.0,:655375238_0,1
2740.0,:655375239_3,1
2760.0,-300077497#5,21
2760.0,-300077497#8,4
2760.0,-35274074#2,4
2760.0,-593847703#3,22
2760.0,-E0,19
2760.0,1068234498#0,33
2760.0,238526531#0,17
2760.0,288135626#0,1
2760.0,288878926#0,11
2760.0,300077497#0,3
2760.0,300077497#6,2
2760.0,30620492#0,18
2760.0,30620492#1,5
2760.0,360018417,2
2760.0,360843888,1
2760.0,484988951#0,3
2760.0,49073226#2,4
2760.0,506322844#0,5
2760.0,506322846#0,5
2760.0,51362429#0,12
2760.0,51362430,3
2760.0,593847703#0,6
2760.0,593847704#0,1
2760.0,593849711#0,2
2760.0,594658757#0,1
2760.0,594658760#0,3
2760.0,:3086736518_0,1
2760.0,:655375238_3,1
2760.0,:cluster3086736522_655375108_655375247_655375401_#1more_17,1
2760.0,:cluster_2528018119_655375236_17,1
2760.0,:cluster_2528018119_655375236_19,1
2760.0,:cluster_2528018119_655375236_3,1
2760.0,:cluster_5372642442_631668976_631668981_631669076_26,1
2760.0,:cluster_5372642442_631668976_631668981_631669076_45,1
2780.0,-300077497#5,22
2780.0,-300077497#8,1
2780.0,-35274074#2,3
2780.0,-51362429#1,1
2780.0,-593847703#3,17
2780.0,-E0,19
2780.0,1068234498#0,25
2780.0,1068234499#0,1
2780.0,1068440004#1,1
2780.0,182334378#0,1
2780.0,186602412#0,3
2780.0,238526531#0,24
2780.0,288878926#0,5
2780.0,300077497#0,8
2780.0,300077497#6,4
2780.0,30620492#0,18
2780.0,30620492#1,5
2780.0,360843888,2
2780.0,484988951#0,4
2780.0,49073226#2,4
2780.0,506322844#0,5
2780.0,51362429#0,13
2780.0,51362430,2
2780.0,593847704#0,1
2780.0,594658760#0,3
2780.0,:3086736518_0,1
2780.0,:655375232_8,1
2780.0,:655375233_4,3
2780.0,:655375238_1,1
2780.0,:655375238_5,1
2780.0,:cluster622618015_622618108_622618112_622618144_#2more_49,2
2780.0,:cluster_2038168688_655375573_3,1
2780.0,:cluster_2528018119_655375236_17,2
2780.0,:cluster_5372642442_631668976_631668981_631669076_26,1
2780.0,:cluster_5372642442_631668976_631668981_631669076_45,2
2800.0,-300077497#5,25
2800.0,-300077497#8,2
2800.0,-35274074#2,6
2800.0,-51362429#1,5
2800.0,-593847703#3,17
2800.0,-E0,19
2800.0,1068234498#0,23
2800.0,186602412#0,1
2800.0,232003903#0,1
2800.0,238526531#0,21
2800.0,288878926#0,5
2800.0,300077497#0,5
2800.0,300077497#6,4
2800.0,30620492#0,18
2800.0,30620492#1,5
2800.0,35274074#0,4
2800.0,360843888,2
2800.0,484988951#0,5
2800.0,49073226#2,5
2800.0,506322844#0,2
2800.0,506322848#0,3
2800.0,51362429#0,13
2800.0,51362430,1
2800.0,593847702#0,1
2800.0,593847704#0,1
2800.0,594658760#0,3
2800.0,:3086736518_0,1
2800.0,:3086736518_4,1
2800.0,:655375238_1,1
2800.0,:655375239_5,1
2800.0,:cluster_2038168688_655375573_8,1
2800.0,:cluster_2038168688_655375573_9,1
2800.0,:cluster_9383263990_9383263991_9383263992_9383263993_7,1
2820.0,-1334905223#2,2
2820.0,-300077497#5,27
2820.0,-300077497#8,4
2820.0,-35274074#2,12
2820.0,-51362429#1,3
2820.0,-593847703#3,17
2820.0,-E0,19
2820.0,1068234498#0,28
2820.0,232003903#0,1
2820.0,238526531#0,13
2820.0,263217604#0,2
2820.0,288878926#0,5
2820.0,300077497#0,1
2820.0,300077497#6,4
2820.0,30620492#0,18
2820.0,30620492#1,5
2820.0,35274074#0,8
2820.0,360843888,2
2820.0,484988951#0,4
2820.0,49073226#2,7
2820.0,49073272#3,1
2820.0,506322840#0,3
2820.0,506322844#0,4
2820.0,51362429#0,15
2820.0,594658760#0,3
2820.0,:3086736518_0,1
2820.0,:3086736518_4,1
2820.0,:655375238_1,1
2820.0,:cluster622618015_622618108_622618112_622618144_#2more_39,1
2840.0,-300077497#5,23
2840.0,-300077497#8,4
2840.0,-35274074#2,7
2840.0,-51362429#1,3
2840.0,-593847703#3,19
2840.0,-E0,18
2840.0,1068234498#0,32
2840.0,238526531#0,13
2840.0,244450512#4,1
2840.0,244450512#5,1
2840.0,263217604#0,2
2840.0,288878926#0,5
2840.0,300077497#6,1
2840.0,30620492#0,18
2840.0,30620492#1,5
2840.0,35274074#0,5
2840.0,360018417,1
2840.0,484988951#0,3
2840.0,49073226#2,10
2840.0,506322844#0,7
2840.0,51362429#0,14
2840.0,51362430,1
2840.0,594658760#0,3
2840.0,:3086736518_4,1
2840.0,:3086736518_6,1
2840.0,:655375232_2,2
2840.0,:655375233_0,1
2840.0,:655375238_3,1
2840.0,:655375239_3,1
2840.0,:cluster_2038168688_655375573_23,1
2840.0,:cluster_2038168688_655375573_24,1
2840.0,:cluster_2038168688_655375573_3,1
2840.0,:cluster_2038168688_655375573_6,1
2840.0,:cluster_2528018119_655375236_17,1
2840.0,:cluster_2528018119_655375236_31,1
2840.0,:cluster_3431431575_4777363357_655375231_6982059025_5,1
2860.0,-300077497#5,16
2860.0,-300077497#8,4
2860.0,-35274074#2,2
2860.0,-51362429#1,3
2860.0,-593847703#3,24
2860.0,-E0,19
2860.0,1068234498#0,25
2860.0,1068234499#0,2
2860.0,1239087514,1
2860.0,182334378#0,1
2860.0,186602412#0,2
2860.0,196961377#3,1
2860.0,238526531#0,18
2860.0,244450512#4,1
2860.0,244450512#5,2
2860.0,288135626#0,1
2860.0,300077497#0,1
2860.0,300077497#6,4
2860.0,30620492#0,18
2860.0,30620492#1,5
2860.0,484988951#0,3
2860.0,49073226#2,10
2860.0,506322844#0,7
2860.0,506322846#0,6
2860.0,51362429#0,11
2860.0,593849711#0,1
2860.0,594658760#0,4
2860.0,:1973482489_3,1
2860.0,:2444664370_0,1
2860.0,:3086736518_0,2
2860.0,:3086736518_4,1
2860.0,:3086736518_6,1
2860.0,:655375232_2,5
2860.0,:cluster_2528018119_655375236_17,1
2860.0,:cluster_2528018119_655375236_31,1
2860.0,:cluster_3431431575_4777363357_655375231_6982059025_5,1
2860.0,:cluster_5372642442_631668976_631668981_631669076_45,2
2880.0,-300077497#5,20
2880.0,-35274074#2,2
2880.0,-51362429#1,4
2880.0,-593847703#3,22
2880.0,-E0,19
2880.0,1068234498#0,20
2880.0,1068234499#0,4
2880.0,182334378#0,2
2880.0,186602412#0,5
2880.0,238526531#0,25
2880.0,244450512#5,3
2880.0,288135626#0,1
2880.0,300077497#6,4
2880.0,30620492#0,18
2880.0,30620492#1,5
2880.0,35274074#0,1
2880.0,484988951#0,4
2880.0,49073226#2,11
2880.0,506322844#0,7
2880.0,51362429#0,15
2880.0,594658760#0,4
2880.0,:3086736518_0,2
2880.0,:3086736518_6,1
2880.0,:655375232_2,5
2880.0,:655375233_4,3
2880.0,:cluster_5372642442_631668976_631668981_631669076_22,1
2880.0,:cluster_5372642442_631668976_631668981_631669076_45,2
2900.0,-1334905223#2,1
2900.0,-300077497#5,25
2900.0,-35274074#2,8
2900.0,-51362429#1,9
2900.0,-593847703#3,19
2900.0,-E0,19
2900.0,1068234498#0,27
2900.0,182334378#0,2
2900.0,238526531#0,15
2900.0,244450512#5,3
2900.0,263217604#0,4
2900.0,300077497#0,5
2900.0,300077497#6,4
2900.0,30620492#0,18
2900.0,30620492#1,5
2900.0,35274074#0,1
2900.0,484988951#0,4
2900.0,49073226#2,10
2900.0,506322840#0,2
2900.0,506322844#0,2
2900.0,51362429#0,16
2900.0,593847704#0,2
2900.0,594658760#0,2
2900.0,:3086736518_0,2
2900.0,:655375232_2,5
2900.0,:655375233_4,1
2900.0,:655375239_5,1
2900.0,:655375241_0,2
2900.0,:cluster_2038168688_655375573_8,1
2900.0,:cluster_2528018119_655375236_29,1
2900.0,:cluster_2528018119_655375236_33,1
2900.0,:cluster_623980147_623980152_9,1
2920.0,-300077497#5,27
2920.0,-35274074#2,12
2920.0,-51362429#1,7
2920.0,-593847703#3,20
2920.0,-E0,19
2920.0,1068234498#0,27
2920.0,182334378#0,2
2920.0,238526531#0,12
2920.0,244450512#5,3
2920.0,263217604#0,5
2920.0,288878926#0,7
2920.0,300077497#0,4
2920.0,300077497#6,1
2920.0,30620492#0,18
2920.0,30620492#1,5
2920.0,35274074#0,1
2920.0,484988951#0,4
2920.0,49073226#2,5
2920.0,506322844#0,7
2920.0,51362429#0,17
2920.0,593849718#0,1
2920.0,593852345#0,1
2920.0,594658760#0,2
2920.0,:3086736518_0,2
2920.0,:655375232_2,5
2920.0,:655375233_4,1
2920.0,:655375238_0,1
2920.0,:655375239_3,1
2920.0,:cluster_3431431575_4777363357_655375231_6982059025_3,1
2920.0,:cluster_623980147_623980152_4,1
2940.0,-300077497#5,25
2940.0,-35274074#2,7
2940.0,-593847703#3,22
2940.0,-E0,18
2940.0,1068234498#0,20
2940.0,182334378#0,2
2940.0,238526531#0,13
2940.0,263217604#0,2
2940.0,288135626#0,3
2940.0,288878926#0,11
2940.0,300077497#6,2
2940.0,30620492#0,18
2940.0,30620492#1,5
2940.0,484988951#0,4
2940.0,49073226#2,6
2940.0,506322844#0,7
2940.0,506322846#0,1
2940.0,51362429#0,17
2940.0,51362430,3
2940.0,593849711#0,1
2940.0,593852345#0,1
2940.0,594658760#0,4
2940.0,:3086736518_0,2
2940.0,:3086736518_6,1
2940.0,:655375232_2,5
2940.0,:655375233_4,1
2940.0,:655375238_3,1
2940.0,:cluster3086736522_655375108_655375247_655375401_#1more_14,1
2940.0,:cluster_3431431575_4777363357_655375231_6982059025_3,2
2940.0,:cluster_5372642442_631668976_631668981_631669076_26,1
2940.0,:cluster_5372642442_631668976_631668981_631669076_45,2
2960.0,-300077497#5,24
2960.0,-35274074#2,6
2960.0,-593847703#3,22
2960.0,-E0,18
2960.0,1068234498#0,11
2960.0,1068234499#0,4
2960.0,182334378#0,2
2960.0,238526531#0,20
2960.0,288135626#0,1
2960.0,288878926#0,8
2960.0,300077497#6,4
2960.0,30620492#0,18
2960.0,30620492#1,5
2960.0,484988951#0,3
2960.0,49073226#2,5
2960.0,506322844#0,7
2960.0,51362429#0,14
2960.0,51362430,1
2960.0,593847703#0,7
2960.0,593852345#0,1
2960.0,594658760#0,6
2960.0,:3086736518_0,1
2960.0,:3086736518_6,1
2960.0,:655375232_2,1
2960.0,:655375233_0,1
2960.0,:655375233_4,1
2960.0,:cluster655375336_end_0_655375336_end_1_655375336_end_10_655375336_end_11_#8more_18,1
2960.0,:cluster_2528018119_655375236_17,1
2960.0,:cluster_2528018119_655375236_3,2
2960.0,:cluster_3431431575_4777363357_655375231_6982059025_5,1
2960.0,:cluster_5372642442_631668976_631668981_631669076_26,1
2960.0,:cluster_5372642442_631668976_631668981_631669076_45,2
2980.0,-300077497#5,25
2980.0,-300077497#8,1
2980.0,-35274074#2,9
2980.0,-593847703#3,21
2980.0,-E0,19
2980.0,1068234498#0,8
2980.0,1068234499#0,1
2980.0,1068440004#1,4
2980.0,182334378#0,2
2980.0,196961215#2,1
2980.0,238526531#0,18
2980.0,263217604#0,3
2980.0,288878926#0,8
2980.0,300077497#0,3
2980.0,300077497#6,4
2980.0,30620492#0,17
2980.0,30620492#1,5
2980.0,484988951#0,4
2980.0,49073226#2,5
2980.0,506322844#0,2
2980.0,506322848#0,3
2980.0,51362429#0,15
2980.0,593847703#0,8
2980.0,593847704#0,1
2980.0,594658760#0,3
2980.0,:3086736518_0,1
2980.0,:3086736518_4,1
2980.0,:655375232_2,1
2980.0,:655375233_4,2
2980.0,:655375238_1,1
2980.0,:655375239_5,2
2980.0,:cluster_2038168688_655375573_8,1
2980.0,:cluster_2528018119_655375236_12,1
2980.0,:cluster_2528018119_655375236_29,1
2980.0,:cluster_9383263990_9383263991_9383263992_9383263993_7,1
3000.0,-1334905223#2,2
3000.0,-300077497#5,27
3000.0,-300077497#8,4
3000.0,-35274074#2,12
3000.0,-51362429#1,3
3000.0,-593847703#3,17
3000.0,-E0,19
3000.0,1068234498#0,8
3000.0,1068440004#1,4
3000.0,182334378#0,2
3000.0,196961215#2,1
3000.0,238526531#0,13
3000.0,263217604#0,4
3000.0,288878926#0,8
3000.0,300077497#0,5
3000.0,300077497#6,4
3000.0,30620492#0,18
3000.0,30620492#1,5
3000.0,35274074#0,2
3000.0,484988951#0,3
3000.0,49073226#2,5
3000.0,506322840#0,1
3000.0,506322844#0,6
3000.0,51362429#0,16
3000.0,593847703#0,8
3000.0,593847704#0,1
3000.0,594658760#0,3
3000.0,:3086736518_0,1
3000.0,:655375232_2,1
3000.0,:655375241_0,1
3000.0,:cluster622618015_622618108_622618112_622618144_#2more_39,1
3000.0,:cluster_3431431575_4777363357_655375231_6982059025_3,2
3000.0,:cluster_3431431575_4777363357_655375231_6982059025_7,1
3020.0,-300077497#5,24
3020.0,-300077497#8,4
3020.0,-35274074#2,10
3020.0,-51362429#1,3
3020.0,-593847703#3,18
3020.0,-E0,19
3020.0,1068234498#0,8
3020.0,182334378#0,2
3020.0,196961215#2,1
3020.0,238526531#0,13
3020.0,263217604#0,4
3020.0,288878926#0,8
3020.0,300077497#0,2
3020.0,300077497#6,1
3020.0,30620492#0,18
3020.0,30620492#1,5
3020.0,360018417,1
3020.0,484988951#0,4
3020.0,49073226#2,10
3020.0,506322844#0,6
3020.0,506322846#0,1
3020.0,51362429#0,17
3020.0,593847702#0,4
3020.0,593847703#0,4
3020.0,594658760#0,3
3020.0,:3086736518_0,1
3020.0,:655375232_2,1
3020.0,:655375238_3,1
3020.0,:cluster_2038168688_655375573_23,1
3020.0,:cluster_2528018119_655375236_19,2
3020.0,:cluster_2528018119_655375236_3,2
3020.0,E1,1
3040.0,-300077497#5,22
3040.0,-300077497#8,4
3040.0,-35274074#2,7
3040.0,-51362429#1,3
3040.0,-593847703#3,19
3040.0,-E0,18
3040.0,182334378#0,4
3040.0,186602412#0,2
3040.0,196961215#2,1
3040.0,196961377#3,1
3040.0,238526531#0,18
3040.0,244450512#4,1
3040.0,288878926#0,2
3040.0,300077497#0,4
3040.0,300077497#6,2
3040.0,30620492#0,18
3040.0,30620492#1,5
3040.0,35274074#0,3
3040.0,484988951#0,4
3040.0,49073226#2,10
3040.0,506322844#0,6
3040.0,51362429#0,17
3040.0,593847702#0,4
3040.0,593849711#0,2
3040.0,594658757#0,1
3040.0,594658760#0,5
3040.0,:3086736518_0,1
3040.0,:3086736518_6,1
3040.0,:655375232_2,1
3040.0,:655375238_1,1
3040.0,:cluster_2528018119_655375236_31,1
3040.0,:cluster_5372642442_631668976_631668981_631669076_26,1
3040.0,:cluster_5372642442_631668976_631668981_631669076_45,2
3060.0,-300077497#5,18
3060.0,-300077497#8,2
3060.0,-35274074#2,6
3060.0,-51362429#1,3
3060.0,-593847703#3,23
3060.0,-E0,18
3060.0,1068440004#1,2
3060.0,182334378#0,7
3060.0,186602412#0,1
3060.0,196961215#2,1
3060.0,238526531#0,21
3060.0,244450512#5,1
3060.0,300077497#6,2
3060.0,30620492#0,18
3060.0,30620492#1,5
3060.0,35274074#0,4
3060.0,484988951#0,3
3060.0,49073226#2,10
3060.0,506322844#0,6
3060.0,506322846#0,2
3060.0,51362429#0,9
3060.0,593847702#0,4
3060.0,593847703#0,3
3060.0,593847704#0,1
3060.0,594658760#0,2
3060.0,:1973482489_3,1
3060.0,:3086736518_0,1
3060.0,:655375232_2,4
3060.0,:655375233_0,3
3060.0,:655375238_3,1
3060.0,:cluster655375336_end_0_655375336_end_1_655375336_end_10_655375336_end_11_#8more_13,1
3060.0,:cluster655375336_end_0_655375336_end_1_655375336_end_10_655375336_end_11_#8more_17,1
3060.0,:cluster_3431431575_4777363357_655375231_6982059025_5,1
3080.0,-300077497#5,25
3080.0,-300077497#8,1
3080.0,-35274074#2,12
3080.0,-49073264#1,1
3080.0,-51362429#1,3
3080.0,-593847703#3,24
3080.0,-E0,19
3080.0,1068440004#1,2
3080.0,182334378#0,7
3080.0,196961215#2,1
3080.0,238526531#0,8
3080.0,244450512#5,1
3080.0,263217604#0,1
3080.0,300077497#6,3
3080.0,30620492#0,18
3080.0,30620492#1,5
3080.0,35274074#0,4
3080.0,484988951#0,3
3080.0,49073226#2,10
3080.0,49073264#0,2
3080.0,49073272#3,1
3080.0,506322840#0,2
3080.0,506322844#0,2
3080.0,506322848#0,1
3080.0,51362429#0,12
3080.0,593847703#0,8
3080.0,593847704#0,1
3080.0,594658760#0,2
3080.0,:3086736518_0,1
3080.0,:655375232_2,2
3080.0,:655375238_5,1
3080.0,:655375239_5,1
3080.0,:655375241_0,2
3080.0,:cluster_3431431575_4777363357_655375231_6982059025_5,1
3080.0,:cluster_9383263990_9383263991_9383263992_9383263993_7,2
3100.0,-300077497#5,27
3100.0,-300077497#8,3
3100.0,-35274074#2,8
3100.0,-51362429#1,8
3100.0,-593847703#3,15
3100.0,-E0,19
3100.0,1068440004#1,2
3100.0,182334378#0,6
3100.0,196961215#2,1
3100.0,238526531#0,8
3100.0,244450512#5,1
3100.0,263217604#0,1
3100.0,300077497#6,2
3100.0,30620492#0,18
3100.0,30620492#1,5
3100.0,35274074#0,4
3100.0,484988951#0,3
3100.0,49073226#2,10
3100.0,49073272#3,1
3100.0,506322844#0,6
3100.0,51362429#0,15
3100.0,593847703#0,8
3100.0,593847704#0,1
3100.0,594658760#0,2
3100.0,:3086736518_0,1
3100.0,:655375232_2,2
3100.0,:655375232_8,1
3100.0,:655375233_4,2
3100.0,:655375238_3,1
3100.0,:655375239_3,1
3100.0,:cluster622618015_622618108_622618112_622618144_#2more_17,1
3100.0,:cluster655375336_end_0_655375336_end_1_655375336_end_10_655375336_end_11_#8more_6,1
3120.0,-300077497#5,20
3120.0,-300077497#8,3
3120.0,-35274074#2,1
3120.0,-51362429#1,9
3120.0,-593847703#3,20
3120.0,-E0,19
3120.0,182334378#0,6
3120.0,196961215#2,1
3120.0,232003903#0,1
3120.0,238526531#0,7
3120.0,300077497#0,7
3120.0,300077497#6,2
3120.0,30620492#0,18
3120.0,30620492#1,5
3120.0,360018417,1
3120.0,484988951#0,3
3120.0,49073226#2,10
3120.0,506322844#0,7
3120.0,506322846#0,4
3120.0,51362429#0,16
3120.0,51362430,1
3120.0,593847704#0,1
3120.0,594658760#0,3
3120.0,:3086736518_0,1
3120.0,:655375232_2,2
3120.0,:655375233_4,2
3120.0,:655375233_8,2
3120.0,:655375238_3,1
3120.0,:cluster_2528018119_655375236_17,1
3120.0,:cluster_2528018119_655375236_27,1
3120.0,:cluster_2528018119_655375236_31,1
3140.0,-300077497#5,22
3140.0,-35274074#2,1
3140.0,-51362429#1,8
3140.0,-593847703#3,21
3140.0,-E0,18
3140.0,182334378#0,7
3140.0,182334379#0,1
3140.0,186602412#0,4
3140.0,232003903#0,1
3140.0,238526531#0,7
3140.0,288878926#0,3
3140.0,300077497#0,2
3140.0,300077497#6,3
3140.0,30620492#0,18
3140.0,30620492#1,5
3140.0,35274074#0,1
3140.0,484988951#0,3
3140.0,49073226#2,7
3140.0,506322844#0,7
3140.0,506322846#0,2
3140.0,51362429#0,17
3140.0,593847704#0,1
3140.0,593849711#0,1
3140.0,594658760#0,3
3140.0,:3086736518_0,1
3140.0,:3086736518_6,1
3140.0,:655375232_2,2
3140.0,:655375233_4,2
3140.0,:655375233_8,2
3140.0,:655375238_1,1
3140.0,:655375238_5,1
3140.0,:cluster_2038168688_655375573_3,1
3140.0,:cluster_3431431575_4777363357_655375231_6982059025_3,1
3140.0,:cluster_623980147_623980152_9,1
3160.0,-300077497#5,24
3160.0,-300077497#8,1
3160.0,-35274074#2,3
3160.0,-51362429#1,4
3160.0,-593847703#3,21
3160.0,-E0,18
3160.0,182334378#0,6
3160.0,186602412#0,3
3160.0,232003903#0,1
3160.0,238526531#0,5
3160.0,263217604#0,2
3160.0,288878926#0,10
3160.0,300077497#6,4
3160.0,30620492#0,18
3160.0,30620492#1,5
3160.0,35274074#0,3
3160.0,484988951#0,3
3160.0,49073226#2,3
3160.0,506322844#0,1
3160.0,51362429#0,13
3160.0,593847704#0,1
3160.0,594658760#0,3
3160.0,:1973482489_8,1
3160.0,:3086736518_0,3
3160.0,:3086736518_6,1
3160.0,:655375232_2,2
3160.0,:655375233_0,2
3160.0,:655375233_4,2
3160.0,:655375233_8,2
3160.0,:655375238_5,1
3160.0,:655375239_5,2
3160.0,:cluster_3431431575_4777363357_655375231_6982059025_3,2
3160.0,:cluster_623980147_623980152_4,1
3180.0,-300077497#5,27
3180.0,-300077497#8,4
3180.0,-35274074#2,7
3180.0,-51362429#1,2
3180.0,-593847703#3,21
3180.0,-E0,19
3180.0,182334378#0,4
3180.0,232003903#0,2
3180.0,263217604#0,2
3180.0,288878926#0,13
3180.0,300077497#6,4
3180.0,30620492#0,18
3180.0,30620492#1,5
3180.0,35274074#0,3
3180.0,484988951#0,2
3180.0,49073226#2,5
3180.0,506322844#0,4
3180.0,506322848#0,1
3180.0,51362429#0,14
3180.0,594658760#0,3
3180.0,:3086736518_0,3
3180.0,:3086736518_6,1
3180.0,:655375232_2,2
3180.0,:655375233_0,2
3180.0,:655375233_4,2
3180.0,:655375233_8,2
3180.0,:cluster622618015_622618108_622618112_622618144_#2more_37,1
3180.0,:cluster655375336_end_0_655375336_end_1_655375336_end_10_655375336_end_11_#8more_39,1
3200.0,-300077497#5,26
3200.0,-300077497#8,4
3200.0,-35274074#2,1
3200.0,-51362429#1,1
3200.0,-593847703#3,18
3200.0,-E0,19
3200.0,1239087514,1
3200.0,182334378#0,1
3200.0,232003903#0,1
3200.0,263217604#0,2
3200.0,288878926#0,13
3200.0,300077497#6,1
3200.0,30620492#0,18
3200.0,30620492#1,5
3200.0,360018417,1
3200.0,49073226#2,8
3200.0,506322844#0,5
3200.0,506322846#0,1
3200.0,51362429#0,15
3200.0,51362430,2
3200.0,593847702#0,3
3200.0,593847703#0,2
3200.0,593847704#0,1
3200.0,594658760#0,3
3200.0,:3086736518_0,3
3200.0,:3086736518_4,1
3200.0,:3086736518_6,1
3200.0,:655375232_2,2
3200.0,:655375232_8,1
3200.0,:655375233_4,1
3200.0,:655375238_3,1
3200.0,:655375239_3,1
3200.0,:cluster655375336_end_0_655375336_end_1_655375336_end_10_655375336_end_11_#8more_39,1
3200.0,:cluster_2038168688_655375573_23,1
3200.0,:cluster_2038168688_655375573_3,1
3200.0,:cluster_3208478133_655375293_655375296_9631728504_#1more_10,1
3220.0,-300077497#5,25
3220.0,-300077497#8,4
3220.0,-51362429#1,4
3220.0,-593847703#3,19
3220.0,-E0,19
3220.0,186602412#0,3
3220.0,196961377#3,1
3220.0,244450512#4,1
3220.0,288878926#0,7
3220.0,300077497#0,2
3220.0,30620492#0,17
3220.0,30620492#1,5
3220.0,484988951#0,1
3220.0,49073226#2,10
3220.0,506322844#0,6
3220.0,51362429#0,15
3220.0,51362430,1
3220.0,593847702#0,3
3220.0,593847704#0,1
3220.0,593849711#0,1
3220.0,594658760#0,4
3220.0,:3086736518_0,3
3220.0,:3086736518_6,1
3220.0,:655375232_2,2
3220.0,:cluster622618015_622618108_622618112_622618144_#2more_0,1
3220.0,:cluster655375336_end_0_655375336_end_1_655375336_end_10_655375336_end_11_#8more_39,1
3220.0,:cluster_3431431575_4777363357_655375231_6982059025_7,2
3220.0,:cluster_9383263990_9383263991_9383263992_9383263993_13,1
3240.0,-300077497#5,26
3240.0,-300077497#8,3
3240.0,-51362429#1,4
3240.0,-593847703#3,19
3240.0,-E0,19
3240.0,244450512#5,1
3240.0,288878926#0,5
3240.0,30620492#0,18
3240.0,30620492#1,5
3240.0,35274074#0,1
3240.0,484988951#0,1
3240.0,49073226#2,13
3240.0,506322844#0,6
3240.0,51362429#0,15
3240.0,593847702#0,3
3240.0,593847704#0,1
3240.0,594658760#0,4
3240.0,:3086736518_0,3
3240.0,:3086736518_6,1
3240.0,:655375232_2,2
3240.0,:cluster655375336_end_0_655375336_end_1_655375336_end_10_655375336_end_11_#8more_39,1
3240.0,:cluster_2038168688_655375573_23,1
3240.0,:cluster_9383263990_9383263991_9383263992_9383263993_13,1
3260.0,-300077497#5,27
3260.0,-300077497#8,4
3260.0,-51362429#1,4
3260.0,-593847703#3,19
3260.0,-E0,19
3260.0,186602412#0,1
3260.0,244450512#5,1
3260.0,263217604#0,1
3260.0,288878926#0,5
3260.0,30620492#0,18
3260.0,30620492#1,5
3260.0,35274074#0,1
3260.0,484988951#0,1
3260.0,49073226#2,13
3260.0,49073264#0,1
3260.0,49073272#3,2
3260.0,506322844#0,5
3260.0,51362429#0,11
3260.0,593847703#0,2
3260.0,593847704#0,1
3260.0,594658760#0,4
3260.0,:3086736518_0,2
3260.0,:3086736518_6,1
3260.0,:655375232_2,3
3260.0,:655375233_0,2
3260.0,:cluster655375336_end_0_655375336_end_1_655375336_end_10_655375336_end_11_#8more_39,1
3280.0,-300077497#5,27
3280.0,-300077497#8,4
3280.0,-51362429#1,4
3280.0,-593847703#3,19
3280.0,-E0,19
3280.0,244450512#5,1
3280.0,263217604#0,1
3280.0,288878926#0,5
3280.0,30620492#0,18
3280.0,30620492#1,5
3280.0,35274074#0,1
3280.0,484988951#0,1
3280.0,49073226#2,13
3280.0,49073272#3,3
3280.0,506322844#0,5
3280.0,51362429#0,7
3280.0,593847703#0,11
3280.0,594658760#0,4
3280.0,:3086736518_0,2
3280.0,:3086736518_6,1
3280.0,:cluster622618015_622618108_622618112_622618144_#2more_17,1
3280.0,:cluster655375336_end_0_655375336_end_1_655375336_end_10_655375336_end_11_#8more_39,1
3300.0,-300077497#5,25
3300.0,-300077497#8,4
3300.0,-51362429#1,4
3300.0,-593847703#3,14
3300.0,-E0,19
3300.0,288878926#0,3
3300.0,300077497#0,6
3300.0,30620492#0,18
3300.0,30620492#1,5
3300.0,360018417,3
3300.0,484988951#0,1
3300.0,49073226#2,13
3300.0,506322844#0,5
3300.0,506322846#0,1
3300.0,51362429#0,7
3300.0,51362430,1
3300.0,593847703#0,3
3300.0,593847704#0,1
3300.0,593849711#0,1
3300.0,594658760#0,5
3300.0,:3086736518_0,2
3300.0,:3086736518_4,1
3300.0,:3086736518_6,1
3300.0,:655375233_2,1
3300.0,:655375233_4,1
3300.0,:cluster655375336_end_0_655375336_end_1_655375336_end_10_655375336_end_11_#8more_39,1
3300.0,:cluster_2528018119_655375236_17,2
3300.0,:cluster_2528018119_655375236_3,2
3320.0,-300077497#5,21
3320.0,-300077497#8,4
3320.0,-51362429#1,6
3320.0,-593847703#3,18
3320.0,-E0,19
3320.0,300077497#0,5
3320.0,30620492#0,18
3320.0,30620492#1,5
3320.0,35274074#0,2
3320.0,484988951#0,2
3320.0,49073226#2,13
3320.0,506322844#0,5
3320.0,506322846#0,2
3320.0,51362429#0,7
3320.0,593847702#0,2
3320.0,593847704#0,2
3320.0,594658760#0,5
3320.0,:3086736518_0,2
3320.0,:3086736518_6,1
3320.0,:655375238_6,1
3320.0,:cluster622618015_622618108_622618112_622618144_#2more_49,2
3320.0,:cluster655375336_end_0_655375336_end_1_655375336_end_10_655375336_end_11_#8more_39,1
3320.0,:cluster_2038168688_655375573_3,1
3320.0,:cluster_2528018119_655375236_17,1
3340.0,-300077497#5,24
3340.0,-300077497#8,1
3340.0,-51362429#1,6
3340.0,-593847703#3,19
3340.0,-E0,19
3340.0,186602412#0,3
3340.0,232003903#0,1
3340.0,300077497#0,2
3340.0,30620492#0,18
3340.0,30620492#1,5
3340.0,35274074#0,3
3340.0,484988951#0,2
3340.0,49073226#2,13
3340.0,49073272#1,2
3340.0,506322844#0,2
3340.0,506322846#0,1
3340.0,51362429#0,7
3340.0,593847704#0,2
3340.0,594658760#0,5
3340.0,:1973482489_8,1
3340.0,:3086736518_0,2
3340.0,:3086736518_6,1
3340.0,:655375238_1,1
3340.0,:655375238_5,1
3340.0,:655375239_5,2
3340.0,:cluster655375336_end_0_655375336_end_1_655375336_end_10_655375336_end_11_#8more_39,1
3360.0,-300077497#5,27
3360.0,-300077497#8,4
3360.0,-51362429#1,6
3360.0,-593847703#3,19
3360.0,-E0,19
3360.0,232003903#0,1
3360.0,263217604#0,2
3360.0,300077497#0,1
3360.0,30620492#0,18
3360.0,30620492#1,5
3360.0,35274074#0,5
3360.0,484988951#0,2
3360.0,49073226#2,13
3360.0,49073272#3,2
3360.0,506322844#0,3
3360.0,51362429#0,5
3360.0,594658760#0,5
3360.0,:3086736518_6,1
3360.0,:655375232_2,2
3360.0,:655375233_0,2
3360.0,:655375238_6,1
3360.0,:cluster622618015_622618108_622618112_622618144_#2more_37,2
3360.0,:cluster655375336_end_0_655375336_end_1_655375336_end_10_655375336_end_11_#8more_39,1
3380.0,-300077497#5,23
3380.0,-300077497#8,4
3380.0,-51362429#1,6
3380.0,-593847703#3,21
3380.0,-E0,19
3380.0,263217604#0,2
3380.0,288878926#0,4
3380.0,300077497#0,3
3380.0,30620492#0,18
3380.0,30620492#1,5
3380.0,35274074#0,3
3380.0,360018417,1
3380.0,484988951#0,2
3380.0,49073226#2,8
3380.0,49073272#1,1
3380.0,49073272#3,1
3380.0,506322844#0,5
3380.0,506322846#0,1
3380.0,51362430,1
3380.0,593847703#0,5
3380.0,594658760#0,4
3380.0,:3208478121_3,1
3380.0,:cluster622618015_622618108_622618112_622618144_#2more_39,1
3380.0,:cluster655375336_end_0_655375336_end_1_655375336_end_10_655375336_end_11_#8more_39,1
3380.0,:cluster_2038168688_655375573_23,1
3380.0,:cluster_2038168688_655375573_3,1
3380.0,:cluster_2038168688_655375573_6,1
3380.0,:cluster_2528018119_655375236_17,2
3380.0,:cluster_2528018119_655375236_3,1
3380.0,:cluster_623980147_623980152_9,1
3400.0,-300077497#5,18
3400.0,-300077497#8,4
3400.0,-51362429#1,3
3400.0,-593847703#3,23
3400.0,-E0,20
3400.0,182334378#0,1
3400.0,186602412#0,2
3400.0,196961377#3,3
3400.0,288878926#0,5
3400.0,300077497#0,6
3400.0,30620492#0,18
3400.0,30620492#1,5
3400.0,35274074#0,2
3400.0,49073226#2,6
3400.0,506322844#0,5
3400.0,506322846#0,4
3400.0,593849711#0,2
3400.0,594658760#0,6
3400.0,:1973482489_8,1
3400.0,:3086736518_4,1
3400.0,:619136999_3,1
3400.0,:655375233_4,1
3400.0,:cluster_2038168688_655375573_3,1
3400.0,:cluster_2528018119_655375236_17,2
3400.0,:cluster_3431431575_4777363357_655375231_6982059025_3,1
3400.0,:cluster_623980147_623980152_4,1
3420.0,-300077497#5,22
3420.0,-51362429#1,3
3420.0,-593847703#3,22
3420.0,-E0,20
3420.0,182334378#0,1
3420.0,186602412#0,5
3420.0,288878926#0,10
3420.0,300077497#0,2
3420.0,30620492#0,18
3420.0,30620492#1,5
3420.0,35274074#0,2
3420.0,49073226#2,5
3420.0,506322844#0,5
3420.0,506322846#0,1
3420.0,593849711#0,2
3420.0,594658760#0,6
3420.0,:1973482489_3,1
3420.0,:655375238_1,1
3420.0,:cluster_3431431575_4777363357_655375231_6982059025_3,1
3440.0,-300077497#5,27
3440.0,-300077497#8,1
3440.0,-593847703#3,22
3440.0,-E0,20
3440.0,186602412#0,1
3440.0,263217604#0,1
3440.0,288878926#0,12
3440.0,30620492#0,18
3440.0,30620492#1,5
3440.0,35274074#0,4
3440.0,49073226#2,7
3440.0,506322844#0,2
3440.0,51362430,1
3440.0,594658760#0,6
3440.0,:655375238_6,1
3440.0,:655375239_5,1
3460.0,-300077497#5,27
3460.0,-300077497#8,4
3460.0,-593847703#3,22
3460.0,-E0,14
3460.0,263217604#0,1
3460.0,288878926#0,12
3460.0,30620492#0,18
3460.0,30620492#1,5
3460.0,35274074#0,5
3460.0,49073226#2,8
3460.0,506322844#0,6
3460.0,593847704#0,5
3460.0,594658760#0,6
3460.0,:3086736518_6,1
3480.0,-300077497#5,24
3480.0,-300077497#8,4
3480.0,-593847703#3,25
3480.0,-E0,17
3480.0,288878926#0,10
3480.0,30620492#0,18
3480.0,30620492#1,5
3480.0,49073226#2,8
3480.0,506322844#0,6
3480.0,506322846#0,5
3480.0,593847704#0,4
3480.0,593849711#0,2
3480.0,593849718#0,1
3480.0,594658757#0,1
3480.0,594658760#0,6
3500.0,-300077497#5,24
3500.0,-300077497#8,1
3500.0,-593847703#3,24
3500.0,-E0,19
3500.0,186602412#0,4
3500.0,288878926#0,4
3500.0,30620492#0,18
3500.0,30620492#1,5
3500.0,49073226#2,8
3500.0,506322844#0,6
3500.0,593847704#0,4
3500.0,594658757#0,1
3500.0,594658760#0,6
3500.0,:655375233_4,2
3500.0,:655375238_5,1
3500.0,:cluster_2528018119_655375236_17,1
3520.0,-300077497#5,25
3520.0,-300077497#8,4
3520.0,-51362429#1,7
3520.0,-593847703#3,19
3520.0,-E0,19
3520.0,263217604#0,1
3520.0,288878926#0,4
3520.0,30620492#0,17
3520.0,30620492#1,5
3520.0,49073226#2,8
3520.0,506322844#0,5
3520.0,593847704#0,5
3520.0,594658757#0,1
3520.0,594658760#0,6
3520.0,:3086736518_4,1
3540.0,-300077497#5,27
3540.0,-300077497#8,4
3540.0,-51362429#1,7
3540.0,-593847703#3,19
3540.0,-E0,19
3540.0,1068440004#1,1
3540.0,263217604#0,2
3540.0,288878926#0,4
3540.0,30620492#0,18
3540.0,30620492#1,5
3540.0,49073226#2,8
3540.0,506322844#0,5
3540.0,593847704#0,3
3540.0,594658760#0,6
3540.0,:3086736518_4,1
3540.0,:cluster622618015_622618108_622618112_622618144_#2more_39,2
3560.0,-300077497#5,24
3560.0,-300077497#8,4
3560.0,-51362429#1,7
3560.0,-593847703#3,21
3560.0,-E0,17
3560.0,1068440004#1,1
3560.0,263217604#0,2
3560.0,288878926#0,4
3560.0,30620492#0,18
3560.0,30620492#1,5
3560.0,49073226#2,8
3560.0,506322844#0,5
3560.0,593852345#0,1
3560.0,594658760#0,6
3560.0,:3086736518_4,1
3560.0,:3086736518_6,2
3560.0,:cluster_2528018119_655375236_17,1
3580.0,-300077497#5,23
3580.0,-300077497#8,4
3580.0,-51362429#1,7
3580.0,-593847703#3,23
3580.0,-E0,19
3580.0,1068440004#1,1
3580.0,196961215#2,1
3580.0,244450512#4,2
3580.0,30620492#0,18
3580.0,30620492#1,5
3580.0,49073226#2,8
3580.0,506322844#0,5
3580.0,594658760#0,6
3580.0,:3086736518_4,1
3580.0,:3086736518_6,2
3600.0,-300077497#5,27
3600.0,-51362429#1,7
3600.0,-593847703#3,23
3600.0,-E0,19
3600.0,1068440004#1,1
3600.0,196961215#2,1
3600.0,244450512#5,2
3600.0,30620492#0,18
3600.0,30620492#1,5
3600.0,49073226#2,8
3600.0,506322844#0,5
3600.0,594658760#0,6
3600.0,:3086736518_4,1
3600.0,:3086736518_6,2
3620.0,-300077497#5,27
3620.0,-300077497#8,4
3620.0,-51362429#1,8
3620.0,-593847703#3,20
3620.0,-E0,19
3620.0,1068440004#1,1
3620.0,244450512#5,2
3620.0,288878926#0,7
3620.0,30620492#0,18
3620.0,30620492#1,5
3620.0,49073226#2,1
3620.0,506322844#0,5
3620.0,593847704#0,3
3620.0,594658760#0,6
3620.0,:655375239_6,1
3620.0,:cluster_3431431575_4777363357_655375231_6982059025_3,1
3620.0,:cluster_623980147_623980152_4,1
3640.0,-300077497#5,27
3640.0,-300077497#8,4
3640.0,-593847703#3,20
3640.0,-E0,19
3640.0,244450512#5,2
3640.0,263217604#0,1
3640.0,288878926#0,12
3640.0,30620492#0,18
3640.0,30620492#1,5
3640.0,49073226#2,4
3640.0,49073272#3,1
3640.0,506322844#0,7
3640.0,593847702#0,1
3640.0,593849718#0,2
3640.0,594658760#0,6
3640.0,:cluster_3431431575_4777363357_655375231_6982059025_3,1
3640.0,:cluster_623980147_623980152_9,1
3660.0,-300077497#5,19
3660.0,-300077497#8,4
3660.0,-593847703#3,24
3660.0,-E0,17
3660.0,182334378#0,2
3660.0,288878926#0,11
3660.0,30620492#0,18
3660.0,30620492#1,5
3660.0,360018417,1
3660.0,49073226#2,5
3660.0,506322844#0,7
3660.0,51362430,2
3660.0,593847702#0,1
3660.0,593849711#0,1
3660.0,594658760#0,7
3660.0,:3086736518_6,2
3660.0,:cluster_2528018119_655375236_17,1
3660.0,:cluster_2528018119_655375236_19,1
3680.0,-300077497#5,19
3680.0,-593847703#3,26
3680.0,-E0,14
3680.0,232003903#0,2
3680.0,288878926#0,5
3680.0,30620492#0,18
3680.0,30620492#1,5
3680.0,49073226#2,7
3680.0,506322844#0,7
3680.0,593847702#0,1
3680.0,593847704#0,5
3680.0,594658760#0,6
3680.0,:655375238_5,2
3680.0,:cluster622618015_622618108_622618112_622618144_#2more_49,1
3680.0,:cluster655375336_end_0_655375336_end_1_655375336_end_10_655375336_end_11_#8more_39,1
3680.0,:cluster655375336_end_0_655375336_end_1_655375336_end_10_655375336_end_11_#8more_6,1
3700.0,-300077497#5,22
3700.0,-300077497#8,1
3700.0,-593847703#3,26
3700.0,-E0,19
3700.0,232003903#0,2
3700.0,263217604#0,2
3700.0,288878926#0,5
3700.0,30620492#0,18
3700.0,30620492#1,5
3700.0,49073226#2,7
3700.0,49073264#0,1
3700.0,506322844#0,3
3700.0,593847704#0,5
3700.0,594658760#0,6
3700.0,:655375238_5,1
3700.0,:655375239_5,1
3700.0,:cluster655375336_end_0_655375336_end_1_655375336_end_10_655375336_end_11_#8more_6,1
3720.0,-300077497#5,27
3720.0,-300077497#8,4
3720.0,-51362429#1,2
3720.0,-593847703#3,18
3720.0,-E0,19
3720.0,232003903#0,2
3720.0,263217604#0,2
3720.0,288878926#0,5
3720.0,30620492#0,18
3720.0,30620492#1,5
3720.0,49073226#2,7
3720.0,506322844#0,3
3720.0,593847704#0,3
3720.0,594658760#0,4
3720.0,:655375232_8,1
3720.0,:655375233_4,4
3720.0,:cluster622618015_622618108_622618112_622618144_#2more_17,1
3720.0,:cluster622618015_622618108_622618112_622618144_#2more_37,1
3720.0,:cluster622618015_622618108_622618112_622618144_#2more_39,1
3720.0,:cluster655375336_end_0_655375336_end_1_655375336_end_10_655375336_end_11_#8more_13,1
3720.0,:cluster655375336_end_0_655375336_end_1_655375336_end_10_655375336_end_11_#8more_18,1
3720.0,:cluster655375336_end_0_655375336_end_1_655375336_end_10_655375336_end_11_#8more_6,1
3720.0,:cluster_3431431575_4777363357_655375231_6982059025_3,1
3740.0,-300077497#5,23
3740.0,-300077497#8,4
3740.0,-51362429#1,4
3740.0,-593847703#3,20
3740.0,-E0,19
3740.0,263217604#0,2
3740.0,288878926#0,5
3740.0,30620492#0,18
3740.0,30620492#1,5
3740.0,360018417,1
3740.0,49073226#2,9
3740.0,49073264#0,1
3740.0,49695736#0,2
3740.0,506322844#0,6
3740.0,51362430,3
3740.0,593847704#0,1
3740.0,594658760#0,3
3740.0,:3086736518_4,1
3740.0,:3208478121_3,1
3740.0,:655375233_4,1
3740.0,:655375233_8,1
3740.0,:cluster_2528018119_655375236_17,2
3760.0,-300077497#5,20
3760.0,-300077497#8,4
3760.0,-49073264#1,1
3760.0,-51362429#1,4
3760.0,-593847703#3,25
3760.0,-E0,18
3760.0,196961377#3,2
3760.0,30620492#0,18
3760.0,30620492#1,5
3760.0,484988951#0,1
3760.0,49073226#2,9
3760.0,49695736#0,2
3760.0,506322844#0,6
3760.0,593847704#0,1
3760.0,593849711#0,1
3760.0,594658757#0,1
3760.0,594658760#0,4
3760.0,:3086736518_4,1
3760.0,:3086736518_6,1
3760.0,:655375233_4,1
3760.0,:655375233_8,1
3760.0,:cluster_3431431575_4777363357_655375231_6982059025_7,2
3780.0,-300077497#5,23
3780.0,-49073264#1,1
3780.0,-51362429#1,4
3780.0,-593847703#3,26
3780.0,-E0,17
3780.0,30620492#0,18
3780.0,30620492#1,5
3780.0,49073226#2,12
3780.0,49695736#0,2
3780.0,506322844#0,6
3780.0,593847704#0,1
3780.0,594658757#0,1
3780.0,594658760#0,4
3780.0,:3086736518_4,1
3780.0,:3086736518_6,2
3780.0,:655375233_4,1
3780.0,:655375233_8,1
3800.0,-300077497#5,27
3800.0,-300077497#8,1
3800.0,-49073264#1,1
3800.0,-51362429#1,4
3800.0,-593847703#3,28
3800.0,-E0,19
3800.0,1068440004#1,1
3800.0,263217604#0,3
3800.0,30620492#0,18
3800.0,30620492#1,5
3800.0,49073226#2,12
3800.0,506322844#0,2
3800.0,593847704#0,1
3800.0,594658757#0,1
3800.0,594658760#0,3
3800.0,:3086736518_4,1
3800.0,:3086736518_6,2
3800.0,:655375233_4,1
3800.0,:655375233_8,1
3800.0,:655375239_5,1
3820.0,-300077497#5,27
3820.0,-300077497#8,3
3820.0,-51362429#1,6
3820.0,-593847703#3,23
3820.0,-E0,19
3820.0,1068440004#1,1
3820.0,263217604#0,4
3820.0,30620492#0,17
3820.0,30620492#1,5
3820.0,49073226#2,12
3820.0,49073264#0,1
3820.0,506322844#0,6
3820.0,594658757#0,1
3820.0,594658760#0,3
3820.0,:3086736518_6,2
3820.0,:655375233_4,5
3820.0,:655375233_8,1
3840.0,-300077497#5,21
3840.0,-300077497#8,3
3840.0,-49073264#1,1
3840.0,-51362429#1,6
3840.0,-593847703#3,27
3840.0,-E0,19
3840.0,182334378#0,2
3840.0,288878926#0,2
3840.0,30620492#0,18
3840.0,30620492#1,5
3840.0,360843888,1
3840.0,49073226#2,10
3840.0,506322844#0,7
3840.0,593847704#0,2
3840.0,594658757#0,1
3840.0,594658760#0,5
3840.0,:655375233_4,5
3840.0,:655375233_8,2
3840.0,:cluster3086736522_655375108_655375247_655375401_#1more_17,1
3860.0,-300077497#5,23
3860.0,-49073264#1,1
3860.0,-51362429#1,3
3860.0,-593847703#3,27
3860.0,-E0,19
3860.0,288878926#0,5
3860.0,30620492#0,18
3860.0,30620492#1,5
3860.0,360843888,2
3860.0,49073226#2,5
3860.0,506322844#0,7
3860.0,593847704#0,2
3860.0,594658757#0,1
3860.0,594658760#0,5
3860.0,:655375233_4,5
3860.0,:655375233_8,2
3860.0,:655375238_5,1
3860.0,:cluster655375336_end_0_655375336_end_1_655375336_end_10_655375336_end_11_#8more_6,2
3860.0,:cluster_3431431575_4777363357_655375231_6982059025_3,1
3860.0,:cluster_623980147_623980152_9,1
3880.0,-300077497#5,25
3880.0,-49073264#1,1
3880.0,-593847703#3,27
3880.0,-E0,13
3880.0,232003903#0,2
3880.0,263217604#0,2
3880.0,288878926#0,12
3880.0,30620492#0,18
3880.0,30620492#1,5
3880.0,360843888,2
3880.0,49073226#2,2
3880.0,506322844#0,3
3880.0,593847704#0,7
3880.0,594658757#0,1
3880.0,594658760#0,5
3880.0,:655375233_4,5
3880.0,:655375233_8,2
3880.0,:655375239_5,1
3880.0,:655375239_6,1
3880.0,:cluster_623980147_623980152_4,1
3900.0,-300077497#5,27
3900.0,-300077497#8,4
3900.0,-593847703#3,27
3900.0,-E0,18
3900.0,232003903#0,2
3900.0,263217604#0,3
3900.0,288878926#0,13
3900.0,30620492#0,18
3900.0,30620492#1,5
3900.0,360843888,2
3900.0,49073226#2,2
3900.0,506322844#0,1
3900.0,593847704#0,5
3900.0,594658757#0,1
3900.0,594658760#0,5
3900.0,:655375233_4,5
3900.0,:655375233_8,2
3900.0,:cluster622618015_622618108_622618112_622618144_#2more_17,1
3900.0,:cluster622618015_622618108_622618112_622618144_#2more_37,1
3900.0,:cluster622618015_622618108_622618112_622618144_#2more_39,1
3920.0,-300077497#5,25
3920.0,-300077497#8,4
3920.0,-593847703#3,26
3920.0,-E0,19
3920.0,182334378#0,1
3920.0,244450512#4,1
3920.0,244450512#5,1
3920.0,263217604#0,3
3920.0,288878926#0,13
3920.0,30620492#0,18
3920.0,30620492#1,3
3920.0,360018417,1
3920.0,49073226#2,2
3920.0,49073272#3,1
3920.0,506322844#0,1
3920.0,51362430,2
3920.0,593849718#0,3
3920.0,594658757#0,1
3920.0,594658760#0,5
3920.0,:3086736518_4,1
3920.0,:3208478121_3,1
3920.0,:655375232_8,1
3920.0,:655375233_4,5
3920.0,:655375233_8,2
3920.0,:cluster_9383263990_9383263991_9383263992_9383263993_13,2
3940.0,-300077497#5,25
3940.0,-300077497#8,4
3940.0,-51362429#1,4
3940.0,-593847703#3,25
3940.0,-E0,19
3940.0,196961377#3,3
3940.0,244450512#4,1
3940.0,244450512#5,2
3940.0,288878926#0,7
3940.0,30620492#0,12
3940.0,30620492#1,5
3940.0,484988951#0,2
3940.0,49073226#2,2
3940.0,506322842#0,2
3940.0,506322844#0,5
3940.0,51362430,1
3940.0,593847702#0,2
3940.0,593849711#0,1
3940.0,594658757#0,1
3940.0,594658760#0,6
3940.0,:655375233_4,4
3940.0,:cluster622618015_622618108_622618112_622618144_#2more_0,1
3940.0,:cluster_2664674491_655375287_655375288_1,1
3960.0,-300077497#5,25
3960.0,-300077497#8,2
3960.0,-593847703#3,26
3960.0,-E0,19
3960.0,182334378#0,1
3960.0,244450512#5,3
3960.0,288878926#0,5
3960.0,30620492#0,17
3960.0,30620492#1,5
3960.0,49073226#2,9
3960.0,506322842#0,2
3960.0,506322844#0,6
3960.0,593847702#0,2
3960.0,593849711#0,1
3960.0,594658757#0,1
3960.0,594658760#0,6
3960.0,:3208478128_0,1
3960.0,:655375233_4,4
3980.0,-300077497#5,26
3980.0,-300077497#8,2
3980.0,-35274074#2,1
3980.0,-593847703#3,26
3980.0,-E0,14
3980.0,182334378#0,1
3980.0,244450512#5,3
3980.0,263217604#0,2
3980.0,288878926#0,5
3980.0,30620492#0,18
3980.0,30620492#1,5
3980.0,49073226#2,9
3980.0,506322844#0,1
3980.0,593847704#0,4
3980.0,593852345#0,1
3980.0,594658757#0,1
3980.0,594658760#0,6
3980.0,:3086736518_6,1
3980.0,:3208478128_0,1
3980.0,:655375233_4,4
3980.0,:655375238_5,1
3980.0,:655375239_5,1
3980.0,:cluster_5372642442_631668976_631668981_631669076_47,1
3980.0,:cluster_623980090_623980094_0,1
4000.0,-300077497#5,27
4000.0,-300077497#8,4
4000.0,-35274074#2,1
4000.0,-593847703#3,26
4000.0,-E0,18
4000.0,1068234499#0,1
4000.0,196961215#2,2
4000.0,244450512#5,3
4000.0,263217604#0,2
4000.0,288878926#0,5
4000.0,30620492#0,18
4000.0,30620492#1,5
4000.0,49073226#2,9
4000.0,593849718#0,2
4000.0,594658757#0,1
4000.0,594658760#0,6
4000.0,:3208478128_0,1
4000.0,:655375233_4,4
4000.0,:cluster622618015_622618108_622618112_622618144_#2more_39,2
4020.0,-300077497#5,22
4020.0,-300077497#8,4
4020.0,-35274074#2,1
4020.0,-593847703#3,29
4020.0,-E0,20
4020.0,1068234499#0,1
4020.0,196961215#2,2
4020.0,288878926#0,3
4020.0,30620492#0,14
4020.0,30620492#1,3
4020.0,49073226#2,9
4020.0,506322844#0,4
4020.0,51362430,4
4020.0,593849711#0,1
4020.0,594658757#0,2
4020.0,594658760#0,5
4020.0,:2749340167_0,1
4020.0,:3086736518_4,2
4020.0,:655375233_4,4
4020.0,:cluster655375336_end_0_655375336_end_1_655375336_end_10_655375336_end_11_#8more_17,1
4020.0,:cluster_9383263990_9383263991_9383263992_9383263993_13,1
4040.0,-300077497#5,24
4040.0,-300077497#8,1
4040.0,-35274074#2,1
4040.0,-51362429#1,9
4040.0,-593847703#3,23
4040.0,-E0,20
4040.0,1068234499#0,1
4040.0,196961215#2,2
4040.0,30620492#0,16
4040.0,30620492#1,5
4040.0,49073226#2,12
4040.0,506322844#0,5
4040.0,594658757#0,2
4040.0,594658760#0,5
4040.0,:655375232_8,1
4040.0,:655375233_4,1
4040.0,:655375238_5,1
4040.0,:cluster655375336_end_0_655375336_end_1_655375336_end_10_655375336_end_11_#8more_17,1
4040.0,:cluster_3431431575_4777363357_655375231_6982059025_3,1
4040.0,:cluster_3431431575_4777363357_655375231_6982059025_7,1
4060.0,-300077497#5,27
4060.0,-300077497#8,3
4060.0,-51362429#1,9
4060.0,-593847703#3,23
4060.0,-E0,20
4060.0,182334378#0,1
4060.0,196961215#2,2
4060.0,263217604#0,1
4060.0,30620492#0,17
4060.0,30620492#1,5
4060.0,49073226#2,14
4060.0,506322844#0,1
4060.0,594658757#0,2
4060.0,594658760#0,5
4060.0,:655375233_4,1
4060.0,:655375239_5,1
4060.0,:cluster655375336_end_0_655375336_end_1_655375336_end_10_655375336_end_11_#8more_17,1
4060.0,:cluster_3431431575_4777363357_655375231_6982059025_3,1
4080.0,-300077497#5,27
4080.0,-300077497#8,4
4080.0,-51362429#1,9
4080.0,-593847703#3,23
4080.0,-E0,16
4080.0,182334378#0,1
4080.0,263217604#0,1
4080.0,288878926#0,5
4080.0,30620492#0,18
4080.0,30620492#1,5
4080.0,49073226#2,10
4080.0,506322844#0,1
4080.0,593847704#0,1
4080.0,594658757#0,2
4080.0,594658760#0,5
4080.0,:3086736518_6,2
4080.0,:655375233_4,1
4080.0,:cluster655375336_end_0_655375336_end_1_655375336_end_10_655375336_end_11_#8more_17,1
4080.0,:cluster_3431431575_4777363357_655375231_6982059025_3,1
4080.0,:cluster_623980147_623980152_9,1
4100.0,-300077497#5,24
4100.0,-300077497#8,4
4100.0,-51362429#1,5
4100.0,-593847703#3,24
4100.0,-E0,16
4100.0,182334378#0,2
4100.0,263217604#0,1
4100.0,288878926#0,12
4100.0,30620492#0,18
4100.0,30620492#1,3
4100.0,49073226#2,4
4100.0,506322844#0,2
4100.0,593847704#0,1
4100.0,593849718#0,1
4100.0,594658757#0,1
4100.0,594658760#0,4
4100.0,:655375233_4,1
4100.0,:cluster622618015_622618108_622618112_622618144_#2more_39,2
4100.0,:cluster655375336_end_0_655375336_end_1_655375336_end_10_655375336_end_11_#8more_17,1
4100.0,:cluster655375336_end_0_655375336_end_1_655375336_end_10_655375336_end_11_#8more_21,1
4100.0,:cluster_2528018119_655375236_17,1
4100.0,:cluster_3431431575_4777363357_655375231_6982059025_3,4
4100.0,:cluster_623980147_623980152_4,1
4100.0,:cluster_9383263990_9383263991_9383263992_9383263993_13,1
4120.0,-300077497#5,24
4120.0,-300077497#8,4
4120.0,-51362429#1,3
4120.0,-593847703#3,25
4120.0,-E0,20
4120.0,182334378#0,2
4120.0,288878926#0,7
4120.0,30620492#0,14
4120.0,30620492#1,5
4120.0,49073226#2,7
4120.0,506322844#0,5
4120.0,593847704#0,1
4120.0,593849711#0,1
4120.0,594658757#0,1
4120.0,594658760#0,3
4120.0,:655375233_4,1
4120.0,:cluster622618015_622618108_622618112_622618144_#2more_0,1
4120.0,:cluster655375336_end_0_655375336_end_1_655375336_end_10_655375336_end_11_#8more_17,1
4120.0,:cluster_3431431575_4777363357_655375231_6982059025_3,2
4120.0,:cluster_623980147_623980152_9,1
4140.0,-300077497#5,27
4140.0,-300077497#8,1
4140.0,-51362429#1,9
4140.0,-593847703#3,17
4140.0,-E0,20
4140.0,182334378#0,2
4140.0,288878926#0,9
4140.0,30620492#0,17
4140.0,30620492#1,4
4140.0,49073226#2,6
4140.0,506322844#0,6
4140.0,593847704#0,1
4140.0,594658757#0,1
4140.0,594658760#0,3
4140.0,:2749340167_0,1
4140.0,:655375232_8,1
4140.0,:655375233_4,1
4140.0,:cluster655375336_end_0_655375336_end_1_655375336_end_10_655375336_end_11_#8more_17,1
4140.0,:cluster_3431431575_4777363357_655375231_6982059025_3,1
4160.0,-300077497#5,27
4160.0,-300077497#8,4
4160.0,-51362429#1,8
4160.0,-593847703#3,17
4160.0,-E0,20
4160.0,182334378#0,2
4160.0,263217604#0,2
4160.0,288878926#0,9
4160.0,30620492#0,18
4160.0,30620492#1,5
4160.0,49073226#2,8
4160.0,506322844#0,1
4160.0,593847704#0,1
4160.0,594658757#0,1
4160.0,594658760#0,3
4160.0,:655375233_4,1
4160.0,:cluster655375336_end_0_655375336_end_1_655375336_end_10_655375336_end_11_#8more_17,1
4160.0,:cluster_3431431575_4777363357_655375231_6982059025_3,1
4180.0,-300077497#5,27
4180.0,-300077497#8,4
4180.0,-51362429#1,8
4180.0,-593847703#3,17
4180.0,-E0,18
4180.0,182334378#0,2
4180.0,263217604#0,2
4180.0,288878926#0,9
4180.0,30620492#0,18
4180.0,30620492#1,5
4180.0,49073226#2,8
4180.0,506322844#0,1
4180.0,593849718#0,1
4180.0,594658757#0,1
4180.0,594658760#0,3
4180.0,:3086736518_6,2
4180.0,:655375233_4,1
4180.0,:cluster655375336_end_0_655375336_end_1_655375336_end_10_655375336_end_11_#8more_17,1
4180.0,:cluster_3431431575_4777363357_655375231_6982059025_3,1
4200.0,-300077497#5,23
4200.0,-300077497#8,4
4200.0,-51362429#1,8
4200.0,-593847703#3,19
4200.0,-E0,15
4200.0,182334378#0,4
4200.0,288878926#0,7
4200.0,30620492#0,14
4200.0,30620492#1,4
4200.0,49073226#2,8
4200.0,506322844#0,5
4200.0,593847704#0,5
4200.0,593849711#0,1
4200.0,594658760#0,4
4200.0,:2749340167_0,1
4200.0,:655375233_4,1
4200.0,:cluster655375336_end_0_655375336_end_1_655375336_end_10_655375336_end_11_#8more_17,2
4200.0,:cluster655375336_end_0_655375336_end_1_655375336_end_10_655375336_end_11_#8more_21,1
4200.0,:cluster_3431431575_4777363357_655375231_6982059025_3,1
4220.0,-300077497#5,25
4220.0,-300077497#8,1
4220.0,-51362429#1,8
4220.0,-593847703#3,19
4220.0,-E0,19
4220.0,182334378#0,4
4220.0,288878926#0,1
4220.0,30620492#0,17
4220.0,30620492#1,3
4220.0,49073226#2,8
4220.0,506322844#0,6
4220.0,593847704#0,5
4220.0,594658760#0,3
4220.0,:655375233_4,1
4220.0,:655375238_5,1
4220.0,:cluster_3431431575_4777363357_655375231_6982059025_3,1
4220.0,:cluster_9383263990_9383263991_9383263992_9383263993_13,1
4240.0,-300077497#5,27
4240.0,-300077497#8,2
4240.0,-51362429#1,9
4240.0,-593847703#3,18
4240.0,-E0,19
4240.0,182334378#0,4
4240.0,263217604#0,2
4240.0,288878926#0,1
4240.0,30620492#0,16
4240.0,30620492#1,5
4240.0,49073226#2,8
4240.0,506322844#0,2
4240.0,593847704#0,5
4240.0,594658760#0,3
4240.0,:655375233_4,1
4240.0,:655375239_5,1
4240.0,:cluster_3431431575_4777363357_655375231_6982059025_3,1
4260.0,-300077497#5,27
4260.0,-300077497#8,4
4260.0,-51362429#1,9
4260.0,-593847703#3,18
4260.0,-E0,19
4260.0,182334378#0,4
4260.0,263217604#0,2
4260.0,288878926#0,1
4260.0,30620492#0,18
4260.0,30620492#1,5
4260.0,49073226#2,8
4260.0,506322844#0,1
4260.0,593847704#0,4
4260.0,594658760#0,3
4260.0,:655375233_4,1
4260.0,:cluster622618015_622618108_622618112_622618144_#2more_39,1
4260.0,:cluster_3431431575_4777363357_655375231_6982059025_3,1
4280.0,-300077497#5,27
4280.0,-300077497#8,4
4280.0,-51362429#1,9
4280.0,-593847703#3,18
4280.0,-E0,18
4280.0,182334378#0,4
4280.0,263217604#0,2
4280.0,288878926#0,1
4280.0,30620492#0,18
4280.0,30620492#1,3
4280.0,49073226#2,8
4280.0,506322844#0,1
4280.0,593849718#0,1
4280.0,594658760#0,3
4280.0,:3086736518_6,1
4280.0,:655375233_4,1
4280.0,:cluster_3431431575_4777363357_655375231_6982059025_3,1
4280.0,:cluster_9383263990_9383263991_9383263992_9383263993_13,2
4300.0,-300077497#5,27
4300.0,-300077497#8,4
4300.0,-51362429#1,9
4300.0,-593847703#3,18
4300.0,-E0,13
4300.0,182334378#0,4
4300.0,30620492#0,13
4300.0,30620492#1,5
4300.0,49073226#2,8
4300.0,506322842#0,1
4300.0,506322844#0,5
4300.0,593847704#0,5
4300.0,594658757#0,1
4300.0,594658760#0,4
4300.0,:655375233_4,1
4300.0,:cluster_3431431575_4777363357_655375231_6982059025_3,1
4320.0,-300077497#5,27
4320.0,-300077497#8,4
4320.0,-51362429#1,9
4320.0,-593847703#3,18
4320.0,-E0,19
4320.0,232003903#0,1
4320.0,288878926#0,5
4320.0,30620492#0,17
4320.0,30620492#1,5
4320.0,49073226#2,3
4320.0,506322842#0,1
4320.0,506322844#0,6
4320.0,51362430,1
4320.0,593847704#0,5
4320.0,594658757#0,1
4320.0,594658760#0,4
4320.0,:655375233_4,1
4320.0,:cluster655375336_end_0_655375336_end_1_655375336_end_10_655375336_end_11_#8more_6,1
4320.0,:cluster_623980147_623980152_9,1
4340.0,-300077497#5,27
4340.0,-300077497#8,4
4340.0,-51362429#1,2
4340.0,-593847703#3,16
4340.0,-E0,19
4340.0,263217604#0,2
4340.0,288878926#0,10
4340.0,30620492#0,18
4340.0,30620492#1,5
4340.0,49073226#2,4
4340.0,506322844#0,4
4340.0,51362430,2
4340.0,593847704#0,5
4340.0,594658757#0,1
4340.0,594658760#0,4
4340.0,:655375232_8,1
4340.0,:655375233_4,2
4340.0,:cluster_3431431575_4777363357_655375231_6982059025_3,2
4340.0,:cluster_5372642442_631668976_631668981_631669076_36,1
4340.0,:cluster_623980147_623980152_4,1
4360.0,-300077497#5,27
4360.0,-300077497#8,4
4360.0,-593847703#3,15
4360.0,-E0,19
4360.0,1068234499#0,1
4360.0,263217604#0,2
4360.0,288878926#0,13
4360.0,30620492#0,18
4360.0,30620492#1,5
4360.0,49073226#2,9
4360.0,506322844#0,4
4360.0,593849718#0,3
4360.0,594658757#0,1
4360.0,594658760#0,4
4360.0,:cluster622618015_622618108_622618112_622618144_#2more_37,1
4360.0,:cluster622618015_622618108_622618112_622618144_#2more_39,2
4360.0,:cluster_3431431575_4777363357_655375231_6982059025_3,2
4380.0,-300077497#5,24
4380.0,-300077497#8,4
4380.0,-593847703#3,18
4380.0,-E0,19
4380.0,1068234499#0,1
4380.0,288878926#0,11
4380.0,30620492#0,17
4380.0,30620492#1,5
4380.0,360018417,1
4380.0,49073226#2,10
4380.0,506322844#0,5
4380.0,593849711#0,1
4380.0,594658757#0,3
4380.0,594658760#0,4
4380.0,:cluster_3431431575_4777363357_655375231_6982059025_3,1
4400.0,-300077497#5,26
4400.0,-300077497#8,1
4400.0,-593847703#3,18
4400.0,-E0,13
4400.0,1068234499#0,1
4400.0,288878926#0,5
4400.0,30620492#0,16
4400.0,30620492#1,5
4400.0,49073226#2,10
4400.0,506322842#0,1
4400.0,506322844#0,6
4400.0,593847704#0,6
4400.0,594658757#0,3
4400.0,594658760#0,4
4400.0,:655375238_5,1
4400.0,:cluster622618015_622618108_622618112_622618144_#2more_49,1
4400.0,:cluster_3431431575_4777363357_655375231_6982059025_3,1
4420.0,-300077497#5,27
4420.0,-300077497#8,4
4420.0,-593847703#3,19
4420.0,-E0,19
4420.0,263217604#0,1
4420.0,288878926#0,5
4420.0,30620492#0,18
4420.0,30620492#1,5
4420.0,49073226#2,10
4420.0,506322844#0,2
4420.0,506322846#0,1
4420.0,593847704#0,6
4420.0,594658760#0,1
4420.0,:cluster655375336_end_0_655375336_end_1_655375336_end_10_655375336_end_11_#8more_17,1
4420.0,:cluster655375336_end_0_655375336_end_1_655375336_end_10_655375336_end_11_#8more_21,1
4420.0,:cluster_3431431575_4777363357_655375231_6982059025_3,1
4440.0,-300077497#5,27
4440.0,-300077497#8,4
4440.0,-593847703#3,17
4440.0,-E0,20
4440.0,263217604#0,1
4440.0,288135626#0,1
4440.0,288878926#0,5
4440.0,30620492#0,18
4440.0,30620492#1,5
4440.0,49073226#2,10
4440.0,506322844#0,2
4440.0,593847704#0,5
4440.0,594658760#0,1
4440.0,:655375233_4,2
4440.0,:cluster622618015_622618108_622618112_622618144_#2more_39,1
4440.0,:cluster655375336_end_0_655375336_end_1_655375336_end_10_655375336_end_11_#8more_21,1
4440.0,:cluster_3431431575_4777363357_655375231_6982059025_3,1
4460.0,-300077497#5,23
4460.0,-300077497#8,4
4460.0,-49073264#1,1
4460.0,-51362429#1,6
4460.0,-593847703#3,15
4460.0,-E0,20
4460.0,263217604#0,1
4460.0,288878926#0,5
4460.0,30620492#0,18
4460.0,30620492#1,3
4460.0,49073226#2,10
4460.0,49073264#0,1
4460.0,506322844#0,2
4460.0,593849718#0,1
4460.0,594658760#0,1
4460.0,:3086736518_4,1
4460.0,:cluster655375336_end_0_655375336_end_1_655375336_end_10_655375336_end_11_#8more_21,1
4460.0,:cluster_2528018119_655375236_17,2
4460.0,:cluster_3431431575_4777363357_655375231_6982059025_3,1
4460.0,:cluster_9383263990_9383263991_9383263992_9383263993_13,2
4480.0,-300077497#5,17
4480.0,-300077497#8,4
4480.0,-49073264#1,2
4480.0,-51362429#1,6
4480.0,-593847703#3,21
4480.0,-E0,20
4480.0,182334378#0,2
4480.0,30620492#0,15
4480.0,30620492#1,5
4480.0,49073226#2,10
4480.0,506322844#0,5
4480.0,593849711#0,1
4480.0,594658760#0,2
4480.0,:3086736518_4,1
4480.0,:cluster655375336_end_0_655375336_end_1_655375336_end_10_655375336_end_11_#8more_21,1
4480.0,:cluster_3431431575_4777363357_655375231_6982059025_3,1
4500.0,-300077497#5,20
4500.0,-49073264#1,2
4500.0,-51362429#1,6
4500.0,-593847703#3,22
4500.0,-E0,15
4500.0,30620492#0,18
4500.0,30620492#1,5
4500.0,49073226#2,10
4500.0,506322844#0,5
4500.0,594658760#0,2
4500.0,:3086736518_4,1
4500.0,:3086736518_6,2
4500.0,:cluster655375336_end_0_655375336_end_1_655375336_end_10_655375336_end_11_#8more_21,1
4500.0,:cluster655375336_end_0_655375336_end_1_655375336_end_10_655375336_end_11_#8more_6,2
4500.0,:cluster_3431431575_4777363357_655375231_6982059025_3,1
4520.0,-300077497#5,25
4520.0,-49073264#1,2
4520.0,-51362429#1,6
4520.0,-593847703#3,22
4520.0,-E0,18
4520.0,232003903#0,1
4520.0,30620492#0,18
4520.0,30620492#1,5
4520.0,49073226#2,10
4520.0,594658760#0,2
4520.0,:3086736518_4,1
4520.0,:3086736518_6,2
4520.0,:cluster11510670762_4554226152_1,1
4520.0,:cluster_3431431575_4777363357_655375231_6982059025_3,1
4540.0,-300077497#5,25
4540.0,-51362429#1,6
4540.0,-593847703#3,20
4540.0,-E0,19
4540.0,288878926#0,1
4540.0,30620492#0,18
4540.0,30620492#1,5
4540.0,484988951#0,2
4540.0,49073226#2,8
4540.0,594658760#0,2
4540.0,:3086736518_6,2
4540.0,:655375232_8,1
4540.0,:655375233_2,1
4540.0,:655375233_4,1
4540.0,:cluster_3431431575_4777363357_655375231_6982059025_3,1
4540.0,:cluster_623980147_623980152_4,1
4560.0,-300077497#5,20
4560.0,-51362429#1,8
4560.0,-593847703#3,19
4560.0,-E0,19
4560.0,288878926#0,6
4560.0,30620492#0,14
4560.0,30620492#1,4
4560.0,49073226#2,5
4560.0,506322844#0,5
4560.0,593847702#0,1
4560.0,593847704#0,2
4560.0,593849711#0,2
4560.0,594658760#0,2
4560.0,:655375233_4,2
4560.0,:cluster_2528018119_655375236_17,1
4560.0,:cluster_3431431575_4777363357_655375231_6982059025_3,1
4580.0,-300077497#5,15
4580.0,-51362429#1,3
4580.0,-593847703#3,23
4580.0,-E0,19
4580.0,182334378#0,1
4580.0,288878926#0,6
4580.0,30620492#0,16
4580.0,30620492#1,5
4580.0,49073226#2,3
4580.0,506322844#0,5
4580.0,593847702#0,1
4580.0,593847704#0,2
4580.0,594658760#0,2
4580.0,:655375233_4,2
4580.0,:cluster_2528018119_655375236_17,1
4580.0,:cluster_3431431575_4777363357_655375231_6982059025_3,2
4600.0,-300077497#5,16
4600.0,-300077497#8,1
4600.0,-593847703#3,24
4600.0,-E0,15
4600.0,182334378#0,1
4600.0,263217604#0,1
4600.0,288878926#0,12
4600.0,30620492#0,17
4600.0,30620492#1,5
4600.0,49073226#2,2
4600.0,49073272#3,1
4600.0,506322844#0,1
4600.0,593847704#0,4
4600.0,594658760#0,2
4600.0,:3086736518_6,1
4600.0,:655375233_4,2
4600.0,:655375238_5,1
4600.0,:655375239_5,1
4620.0,-300077497#5,20
4620.0,-593847703#3,24
4620.0,-E0,15
4620.0,263217604#0,1
4620.0,288878926#0,12
4620.0,30620492#0,18
4620.0,30620492#1,5
4620.0,49073226#2,2
4620.0,49073272#3,1
4620.0,593847704#0,5
4620.0,594658760#0,2
4620.0,:655375233_4,2
4620.0,:cluster622618015_622618108_622618112_622618144_#2more_37,1
4620.0,:cluster622618015_622618108_622618112_622618144_#2more_42,1
4640.0,-300077497#5,16
4640.0,-49073264#1,1
4640.0,-593847703#3,26
4640.0,-E0,19
4640.0,196961215#2,1
4640.0,263217604#0,1
4640.0,288878926#0,12
4640.0,30620492#0,18
4640.0,30620492#1,3
4640.0,360018417,1
4640.0,49073226#2,2
4640.0,49073272#3,1
4640.0,593849718#0,2
4640.0,594658760#0,2
4640.0,:3208478121_3,1
4640.0,:655375233_4,2
4640.0,:cluster_2528018119_655375236_17,2
4640.0,:cluster_9383263990_9383263991_9383263992_9383263993_13,2
4660.0,-300077497#5,9
4660.0,-49073264#1,1
4660.0,-51362429#1,3
4660.0,-593847703#3,26
4660.0,-E0,19
4660.0,182334378#0,1
4660.0,196961215#2,1
4660.0,196961377#3,3
4660.0,288878926#0,6
4660.0,30620492#0,13
4660.0,30620492#1,5
4660.0,49073226#2,3
4660.0,506322844#0,5
4660.0,593847704#0,1
4660.0,593849711#0,2
4660.0,594658760#0,3
4660.0,:655375232_8,1
4660.0,:cluster_3431431575_4777363357_655375231_6982059025_3,1
4680.0,-300077497#5,6
4680.0,-49073264#1,1
4680.0,-51362429#1,1
4680.0,-593847703#3,28
4680.0,-E0,19
4680.0,182334378#0,2
4680.0,196961215#2,1
4680.0,288878926#0,4
4680.0,30620492#0,16
4680.0,30620492#1,5
4680.0,49073226#2,7
4680.0,506322844#0,7
4680.0,593847704#0,1
4680.0,593849711#0,1
4680.0,594658760#0,3
4700.0,-300077497#5,8
4700.0,-49073264#1,1
4700.0,-51362429#1,1
4700.0,-593847703#3,28
4700.0,-E0,17
4700.0,182334378#0,2
4700.0,196961215#2,1
4700.0,263217604#0,5
4700.0,288878926#0,4
4700.0,30620492#0,18
4700.0,30620492#1,5
4700.0,49073226#2,7
4700.0,593847704#0,1
4700.0,594658760#0,3
4700.0,:3086736518_6,2
4720.0,-300077497#5,8
4720.0,-51362429#1,1
4720.0,-593847703#3,28
4720.0,-E0,13
4720.0,182334378#0,1
4720.0,196961215#2,1
4720.0,263217604#0,5
4720.0,288878926#0,4
4720.0,30620492#0,18
4720.0,30620492#1,5
4720.0,49073226#2,7
4720.0,49073272#3,1
4720.0,593849718#0,1
4720.0,594658760#0,2
4720.0,:cluster622618015_622618108_622618112_622618144_#2more_39,2
4720.0,:cluster655375336_end_0_655375336_end_1_655375336_end_10_655375336_end_11_#8more_39,1
4740.0,-300077497#5,1
4740.0,-51362429#1,1
4740.0,-593847703#3,34
4740.0,-E0,19
4740.0,196961215#2,1
4740.0,263217604#0,3
4740.0,288878926#0,2
4740.0,30620492#0,14
4740.0,30620492#1,3
4740.0,360018417,1
4740.0,49073226#2,7
4740.0,506322844#0,5
4740.0,593849711#0,1
4740.0,594658760#0,4
4740.0,:2749340167_0,1
4740.0,:cluster_2528018119_655375236_31,1
4760.0,-51362429#1,4
4760.0,-593847703#3,25
4760.0,-E0,19
4760.0,182334378#0,1
4760.0,196961215#2,1
4760.0,30620492#0,16
4760.0,30620492#1,4
4760.0,49073226#2,7
4760.0,506322844#0,5
4760.0,593849711#0,1
4760.0,594658760#0,7
4760.0,:3086736518_4,1
4760.0,:655375232_8,1
4760.0,:655375233_4,2
4760.0,:cluster_9383263990_9383263991_9383263992_9383263993_13,1
4780.0,-51362429#1,6
4780.0,-593847703#3,25
4780.0,-E0,19
4780.0,182334378#0,1
4780.0,263217604#0,2
4780.0,288878926#0,4
4780.0,30620492#0,17
4780.0,30620492#1,5
4780.0,49073226#2,3
4780.0,506322844#0,2
4780.0,594658760#0,7
4780.0,:655375239_5,1
4780.0,:655375239_6,1
4780.0,:cluster_3431431575_4777363357_655375231_6982059025_3,1
4780.0,:cluster_623980147_623980152_4,1
4800.0,-300077497#5,3
4800.0,-593847703#3,25
4800.0,-E0,18
4800.0,182334378#0,1
4800.0,263217604#0,3
4800.0,288878926#0,11
4800.0,30620492#0,18
4800.0,30620492#1,5
4800.0,49073226#2,4
4800.0,594658760#0,7
4800.0,:3086736518_6,1
4820.0,-593847703#3,27
4820.0,-E0,13
4820.0,182334378#0,1
4820.0,263217604#0,3
4820.0,288878926#0,13
4820.0,30620492#0,18
4820.0,30620492#1,3
4820.0,49073226#2,2
4820.0,593847704#0,2
4820.0,594658760#0,7
4820.0,:cluster622618015_622618108_622618112_622618144_#2more_39,1
4820.0,:cluster_2528018119_655375236_17,1
4820.0,:cluster_9383263990_9383263991_9383263992_9383263993_13,2
4840.0,-593847703#3,28
4840.0,-E0,19
4840.0,288878926#0,7
4840.0,30620492#0,13
4840.0,30620492#1,5
4840.0,49073226#2,2
4840.0,506322844#0,5
4840.0,593847704#0,2
4840.0,593849711#0,1
4840.0,594658757#0,2
4840.0,594658760#0,8
4840.0,:cluster622618015_622618108_622618112_622618144_#2more_0,1
4860.0,-51362429#1,1
4860.0,-593847703#3,20
4860.0,-E0,19
4860.0,288878926#0,5
4860.0,30620492#0,17
4860.0,30620492#1,5
4860.0,49073226#2,2
4860.0,506322844#0,6
4860.0,593847704#0,2
4860.0,594658757#0,2
4860.0,594658760#0,8
4860.0,:655375232_8,1
4860.0,:655375233_2,1
4860.0,:655375233_4,3
4880.0,-300077497#5,4
4880.0,-593847703#3,17
4880.0,-E0,19
4880.0,263217604#0,2
4880.0,288878926#0,5
4880.0,30620492#0,18
4880.0,30620492#1,5
4880.0,49073226#2,6
4880.0,49073272#1,1
4880.0,593847704#0,2
4880.0,594658757#0,2
4880.0,594658760#0,8
4900.0,-300077497#5,4
4900.0,-593847703#3,17
4900.0,-E0,19
4900.0,263217604#0,2
4900.0,288878926#0,5
4900.0,30620492#0,18
4900.0,30620492#1,5
4900.0,49073226#2,6
4900.0,49073272#3,1
4900.0,593849718#0,2
4900.0,594658757#0,2
4900.0,594658760#0,8
4920.0,-593847703#3,20
4920.0,-E0,13
4920.0,182334378#0,1
4920.0,288878926#0,3
4920.0,30620492#0,14
4920.0,30620492#1,4
4920.0,360018417,1
4920.0,49073226#2,6
4920.0,506322844#0,4
4920.0,593847704#0,5
4920.0,593849711#0,1
4920.0,594658757#0,2
4920.0,594658760#0,10
4920.0,:cluster_9383263990_9383263991_9383263992_9383263993_13,1
4940.0,-593847703#3,20
4940.0,-E0,18
4940.0,182334378#0,1
4940.0,30620492#0,15
4940.0,30620492#1,5
4940.0,49073226#2,6
4940.0,506322844#0,5
4940.0,593847704#0,5
4940.0,593849711#0,1
4940.0,594658757#0,1
4940.0,594658760#0,9
4940.0,:2749340167_0,1
4940.0,:cluster655375336_end_0_655375336_end_1_655375336_end_10_655375336_end_11_#8more_17,1
4960.0,-300077497#5,1
4960.0,-300077497#8,1
4960.0,-593847703#3,16
4960.0,-E0,20
4960.0,30620492#0,18
4960.0,30620492#1,5
4960.0,49073226#2,6
4960.0,506322844#0,1
4960.0,593847704#0,5
4960.0,594658757#0,1
4960.0,594658760#0,9
4960.0,:2749340167_0,1
4960.0,:655375233_4,4
4960.0,:655375238_5,1
4960.0,:655375239_5,1
4980.0,-300077497#5,5
4980.0,-593847703#3,9
4980.0,-E0,20
4980.0,30620492#0,18
4980.0,30620492#1,5
4980.0,49073226#2,7
4980.0,593847704#0,4
4980.0,594658757#0,1
4980.0,594658760#0,9
4980.0,:2749340167_0,1
4980.0,:cluster622618015_622618108_622618112_622618144_#2more_39,1
5000.0,-300077497#5,1
5000.0,-593847703#3,11
5000.0,-E0,20
5000.0,30620492#0,18
5000.0,30620492#1,3
5000.0,49073226#2,7
5000.0,594658757#0,1
5000.0,594658760#0,9
5000.0,:2749340167_0,1
5000.0,:cluster_2528018119_655375236_17,2
5000.0,:cluster_9383263990_9383263991_9383263992_9383263993_13,2
5020.0,-593847703#3,14
5020.0,-E0,14
5020.0,288878926#0,4
5020.0,30620492#0,14
5020.0,30620492#1,5
5020.0,49073226#2,1
5020.0,506322844#0,5
5020.0,593847704#0,3
5020.0,593849711#0,1
5020.0,594658757#0,1
5020.0,594658760#0,9
5020.0,:3086736518_6,1
5020.0,:cluster_623980147_623980152_4,1
5040.0,-593847703#3,14
5040.0,-E0,17
5040.0,288878926#0,4
5040.0,30620492#0,18
5040.0,30620492#1,5
5040.0,506322844#0,5
5040.0,593847704#0,4
5040.0,594658757#0,1
5040.0,594658760#0,9
5060.0,-300077497#5,4
5060.0,-593847703#3,12
5060.0,-E0,19
5060.0,263217604#0,1
5060.0,288878926#0,4
5060.0,30620492#0,18
5060.0,30620492#1,5
5060.0,593847704#0,4
5060.0,594658757#0,1
5060.0,594658760#0,9
5060.0,:655375233_4,2
5080.0,-300077497#5,4
5080.0,-593847703#3,2
5080.0,-E0,19
5080.0,263217604#0,1
5080.0,288878926#0,4
5080.0,30620492#0,18
5080.0,30620492#1,5
5080.0,593849718#0,4
5080.0,594658757#0,1
5080.0,594658760#0,9
5100.0,-593847703#3,4
5100.0,-E0,19
5100.0,182334378#0,2
5100.0,288878926#0,2
5100.0,30620492#0,14
5100.0,30620492#1,4
5100.0,506322844#0,4
5100.0,593849711#0,1
5100.0,594658757#0,2
5100.0,594658760#0,9
5100.0,:cluster_9383263990_9383263991_9383263992_9383263993_13,1
5120.0,-593847703#3,4
5120.0,-E0,15
5120.0,182334378#0,2
5120.0,30620492#0,16
5120.0,30620492#1,4
5120.0,506322844#0,5
5120.0,593847704#0,2
5120.0,594658757#0,2
5120.0,594658760#0,9
5120.0,:3086736518_6,1
5120.0,:cluster_9383263990_9383263991_9383263992_9383263993_13,1
5140.0,-300077497#5,1
5140.0,-300077497#8,1
5140.0,-593847703#3,4
5140.0,-E0,16
5140.0,182334378#0,1
5140.0,263217604#0,2
5140.0,30620492#0,17
5140.0,30620492#1,5
5140.0,593847704#0,5
5140.0,594658757#0,2
5140.0,594658760#0,9
5140.0,:655375238_5,1
5140.0,:655375239_6,1
5160.0,-300077497#5,3
5160.0,-593847703#3,4
5160.0,-E0,20
5160.0,182334378#0,1
5160.0,263217604#0,3
5160.0,30620492#0,18
5160.0,30620492#1,5
5160.0,593847704#0,3
5160.0,594658757#0,1
5160.0,594658760#0,8
5160.0,:cluster622618015_622618108_622618112_622618144_#2more_39,2
5180.0,-E0,20
5180.0,182334378#0,2
5180.0,263217604#0,3
5180.0,30620492#0,18
5180.0,30620492#1,3
5180.0,506322844#0,1
5180.0,594658757#0,1
5180.0,594658760#0,8
5180.0,:cluster_2528018119_655375236_17,1
5180.0,:cluster_2528018119_655375236_31,1
5180.0,:cluster_9383263990_9383263991_9383263992_9383263993_13,1
5200.0,-593847703#3,1
5200.0,-E0,20
5200.0,182334378#0,3
5200.0,30620492#0,12
5200.0,30620492#1,5
5200.0,506322844#0,5
5200.0,594658757#0,2
5200.0,594658760#0,10
5200.0,:cluster_9383263990_9383263991_9383263992_9383263993_13,1
5220.0,-593847703#3,1
5220.0,-E0,18
5220.0,182334378#0,3
5220.0,30620492#0,18
5220.0,30620492#1,5
5220.0,506322844#0,5
5220.0,594658757#0,2
5220.0,594658760#0,10
5220.0,:3086736518_6,2
5220.0,:cluster_9383263990_9383263991_9383263992_9383263993_13,1
5240.0,-300077497#5,5
5240.0,-593847703#3,1
5240.0,-E0,12
5240.0,182334378#0,3
5240.0,30620492#0,18
5240.0,30620492#1,5
5240.0,593847704#0,5
5240.0,594658757#0,1
5240.0,594658760#0,9
5240.0,:655375238_5,1
5240.0,:cluster655375336_end_0_655375336_end_1_655375336_end_10_655375336_end_11_#8more_17,1
5240.0,:cluster655375336_end_0_655375336_end_1_655375336_end_10_655375336_end_11_#8more_21,1
5260.0,-300077497#5,6
5260.0,-593847703#3,1
5260.0,-E0,19
5260.0,182334378#0,1
5260.0,30620492#0,18
5260.0,30620492#1,5
5260.0,593849718#0,3
5260.0,594658760#0,8
5260.0,:cluster622618015_622618108_622618112_622618144_#2more_39,2
5280.0,-593847703#3,5
5280.0,-E0,19
5280.0,182334378#0,1
5280.0,30620492#0,14
5280.0,30620492#1,4
5280.0,506322844#0,5
5280.0,594658760#0,8
5300.0,-593847703#3,5
5300.0,-E0,19
5300.0,182334378#0,1
5300.0,30620492#0,16
5300.0,30620492#1,5
5300.0,506322844#0,5
5300.0,594658760#0,8
5320.0,-300077497#8,1
5320.0,-593847703#3,5
5320.0,-E0,18
5320.0,182334378#0,1
5320.0,263217604#0,2
5320.0,30620492#0,18
5320.0,30620492#1,5
5320.0,506322844#0,1
5320.0,594658760#0,8
5320.0,:3086736518_6,1
5320.0,:655375239_5,1
5340.0,-300077497#5,3
5340.0,-593847703#3,5
5340.0,-E0,12
5340.0,182334378#0,1
5340.0,263217604#0,2
5340.0,30620492#0,18
5340.0,30620492#1,5
5340.0,593847704#0,4
5340.0,594658760#0,8
5340.0,:cluster622618015_622618108_622618112_622618144_#2more_39,2
5360.0,-593847703#3,7
5360.0,-E0,19
5360.0,182334378#0,1
5360.0,263217604#0,2
5360.0,30620492#0,18
5360.0,30620492#1,3
5360.0,49695736#0,1
5360.0,506322844#0,1
5360.0,594658760#0,1
5360.0,:cluster_2528018119_655375236_17,1
5360.0,:cluster_9383263990_9383263991_9383263992_9383263993_13,1
5380.0,-E0,19
5380.0,182334378#0,1
5380.0,30620492#0,12
5380.0,30620492#1,5
5380.0,49695736#0,1
5380.0,506322842#0,1
5380.0,506322844#0,5
5380.0,594658760#0,3
5380.0,:655375233_4,4
5400.0,-E0,19
5400.0,182334378#0,1
5400.0,30620492#0,17
5400.0,30620492#1,4
5400.0,49695736#0,1
5400.0,506322842#0,2
5400.0,506322844#0,6
5400.0,594658760#0,3
5420.0,-300077497#5,4
5420.0,-593847703#3,1
5420.0,-E0,19
5420.0,182334378#0,1
5420.0,263217604#0,2
5420.0,30620492#0,17
5420.0,30620492#1,5
5420.0,506322846#2,1
5420.0,594658760#0,3
5420.0,:cluster_5372642442_631668976_631668981_631669076_47,1
5440.0,-300077497#5,4
5440.0,-593847703#3,2
5440.0,-E0,14
5440.0,1068234499#0,1
5440.0,182334378#0,1
5440.0,263217604#0,2
5440.0,30620492#0,18
5440.0,30620492#1,5
5440.0,593847704#0,2
5440.0,594658760#0,3
5440.0,:cluster622618015_622618108_622618112_622618144_#2more_39,1
5460.0,-593847703#3,5
5460.0,-E0,18
5460.0,1068234499#0,1
5460.0,30620492#0,14
5460.0,30620492#1,4
5460.0,506322844#0,5
5460.0,594658760#0,5
5460.0,:cluster655375336_end_0_655375336_end_1_655375336_end_10_655375336_end_11_#8more_39,1
5480.0,-593847703#3,1
5480.0,-593847705,1
5480.0,-E0,19
5480.0,1068234499#0,1
5480.0,30620492#0,16
5480.0,30620492#1,5
5480.0,506322844#0,5
5480.0,594658760#0,5
5480.0,:655375233_4,3
5500.0,-300077497#5,1
5500.0,-E0,19
5500.0,182334378#0,1
5500.0,263217604#0,2
5500.0,30620492#0,17
5500.0,30620492#1,5
5500.0,506322844#0,1
5500.0,594658760#0,5
5500.0,:655375238_5,1
5500.0,:655375239_5,1
5520.0,-300077497#5,4
5520.0,-E0,19
5520.0,182334378#0,1
5520.0,263217604#0,2
5520.0,30620492#0,18
5520.0,30620492#1,5
5520.0,594658760#0,5
5540.0,-593847703#3,1
5540.0,-E0,13
5540.0,182334378#0,2
5540.0,263217604#0,2
5540.0,30620492#0,18
5540.0,30620492#1,3
5540.0,593847704#0,1
5540.0,594658760#0,5
5540.0,:cluster_2528018119_655375236_17,2
5540.0,:cluster_9383263990_9383263991_9383263992_9383263993_13,2
5560.0,-593847703#3,3
5560.0,-E0,16
5560.0,182334378#0,2
5560.0,30620492#0,13
5560.0,30620492#1,5
5560.0,506322844#0,5
5560.0,593847704#0,1
5560.0,594658760#0,3
5560.0,:cluster655375336_end_0_655375336_end_1_655375336_end_10_655375336_end_11_#8more_17,1
5580.0,-593847703#3,1
5580.0,-E0,20
5580.0,182334378#0,1
5580.0,30620492#0,17
5580.0,30620492#1,5
5580.0,506322844#0,6
5580.0,593847704#0,1
5580.0,594658760#0,3
5580.0,:655375233_4,2
5600.0,-300077497#5,4
5600.0,-E0,20
5600.0,182334378#0,1
5600.0,263217604#0,2
5600.0,30620492#0,18
5600.0,30620492#1,5
5600.0,593847704#0,1
5600.0,594658760#0,3
5620.0,-300077497#5,4
5620.0,-E0,20
5620.0,182334378#0,1
5620.0,263217604#0,2
5620.0,30620492#0,18
5620.0,30620492#1,5
5620.0,593849718#0,1
5620.0,594658760#0,3
5640.0,-593847703#3,4
5640.0,-E0,16
5640.0,182334378#0,1
5640.0,30620492#0,14
5640.0,30620492#1,4
5640.0,506322844#0,5
5640.0,593847704#0,1
5640.0,594658757#0,1
5640.0,594658760#0,4
5660.0,-593847703#3,4
5660.0,-E0,15
5660.0,30620492#0,16
5660.0,30620492#1,4
5660.0,506322844#0,5
5660.0,593847704#0,1
5660.0,594658757#0,1
5660.0,594658760#0,4
5660.0,:cluster_9383263990_9383263991_9383263992_9383263993_13,1
5680.0,-300077497#5,1
5680.0,-300077497#8,1
5680.0,-593847703#3,4
5680.0,-E0,18
5680.0,263217604#0,1
5680.0,30620492#0,17
5680.0,30620492#1,5
5680.0,506322844#0,1
5680.0,593847704#0,1
5680.0,594658757#0,1
5680.0,594658760#0,4
5680.0,:655375238_5,1
5680.0,:655375239_5,1
5700.0,-300077497#5,5
5700.0,-E0,19
5700.0,263217604#0,1
5700.0,30620492#0,18
5700.0,30620492#1,5
5700.0,594658760#0,3
5700.0,:cluster622618015_622618108_622618112_622618144_#2more_39,1
5700.0,:cluster655375336_end_0_655375336_end_1_655375336_end_10_655375336_end_11_#8more_21,1
5720.0,-300077497#5,1
5720.0,-593847703#3,1
5720.0,-E0,20
5720.0,182334378#0,1
5720.0,263217604#0,1
5720.0,30620492#0,18
5720.0,30620492#1,3
5720.0,506322844#0,1
5720.0,594658760#0,3
5720.0,:cluster_2528018119_655375236_17,2
5720.0,:cluster_9383263990_9383263991_9383263992_9383263993_13,1
5740.0,-593847703#3,4
5740.0,-E0,18
5740.0,182334378#0,1
5740.0,30620492#0,13
5740.0,30620492#1,5
5740.0,506322844#0,5
5740.0,594658760#0,4
5740.0,:3086736518_6,1
5760.0,-593847703#3,4
5760.0,-E0,15
5760.0,30620492#0,17
5760.0,30620492#1,5
5760.0,506322844#0,6
5760.0,593847704#0,3
5760.0,594658760#0,4
5760.0,:cluster655375336_end_0_655375336_end_1_655375336_end_10_655375336_end_11_#8more_5,1
5780.0,-300077497#5,5
5780.0,-593847703#3,4
5780.0,-E0,16
5780.0,263217604#0,1
5780.0,30620492#0,18
5780.0,30620492#1,5
5780.0,593847704#0,3
5780.0,594658760#0,4
5800.0,-300077497#5,5
5800.0,-E0,16
5800.0,263217604#0,1
5800.0,30620492#0,18
5800.0,30620492#1,5
5800.0,593849718#0,3
5800.0,594658760#0,4
5820.0,-593847703#3,5
5820.0,-E0,19
5820.0,30620492#0,14
5820.0,30620492#1,4
5820.0,506322844#0,5
5820.0,594658757#0,1
5820.0,594658760#0,1
5840.0,-593847703#3,5
5840.0,-E0,18
5840.0,30620492#0,15
5840.0,30620492#1,3
5840.0,506322844#0,6
5840.0,594658757#0,1
5840.0,594658760#0,1
5840.0,:2749340167_0,1
5840.0,:3086736518_6,1
5840.0,:cluster_9383263990_9383263991_9383263992_9383263993_13,1
5860.0,-300077497#5,1
5860.0,-300077497#8,1
5860.0,-593847703#3,5
5860.0,-E0,13
5860.0,263217604#0,2
5860.0,30620492#0,17
5860.0,30620492#1,5
5860.0,506322844#0,1
5860.0,593847704#0,2
5860.0,594658757#0,1
5860.0,594658760#0,1
5860.0,:655375238_5,1
5860.0,:655375239_5,1
5880.0,-300077497#5,5
5880.0,-593847703#3,5
5880.0,-E0,13
5880.0,263217604#0,2
5880.0,30620492#0,18
5880.0,30620492#1,5
5880.0,594658757#0,1
5880.0,594658760#0,1
5880.0,:cluster622618015_622618108_622618112_622618144_#2more_39,2
5900.0,-300077497#5,1
5900.0,-593847703#3,2
5900.0,-E0,15
5900.0,263217604#0,2
5900.0,30620492#0,18
5900.0,30620492#1,3
5900.0,506322844#0,1
5900.0,:655375233_4,1
5900.0,:cluster_2528018119_655375236_17,2
5900.0,:cluster_9383263990_9383263991_9383263992_9383263993_13,1
5920.0,-593847703#3,5
5920.0,-E0,15
5920.0,30620492#0,12
5920.0,30620492#1,5
5920.0,506322842#0,1
5920.0,506322844#0,5
5920.0,594658757#0,2
5940.0,-593847703#3,5
5940.0,-E0,17
5940.0,30620492#0,18
5940.0,30620492#1,5
5940.0,506322842#0,1
5940.0,506322844#0,5
5960.0,-300077497#5,5
5960.0,-593847703#3,5
5960.0,-E0,11
5960.0,30620492#0,18
5960.0,30620492#1,5
5960.0,593847704#0,4
5960.0,:cluster_5372642442_631668976_631668981_631669076_36,1
5980.0,-300077497#5,5
5980.0,-593847703#3,5
5980.0,-E0,11
5980.0,1068234499#0,1
5980.0,30620492#0,18
5980.0,30620492#1,5
5980.0,593849718#0,3
5980.0,:cluster622618015_622618108_622618112_622618144_#2more_39,1
6000.0,-593847703#3,5
6000.0,-E0,11
6000.0,1068234499#0,1
6000.0,182334378#0,1
6000.0,30620492#0,14
6000.0,30620492#1,4
6000.0,506322844#0,5
6000.0,:655375233_4,4
6020.0,-E0,12
6020.0,1068234499#0,1
6020.0,30620492#0,15
6020.0,30620492#1,5
6020.0,506322844#0,6
6040.0,-300077497#5,1
6040.0,-300077497#8,1
6040.0,-593847703#3,1
6040.0,-E0,12
6040.0,263217604#0,1
6040.0,30620492#0,18
6040.0,30620492#1,5
6040.0,506322844#0,1
6040.0,:655375238_5,1
6040.0,:655375239_5,1
6060.0,-300077497#5,5
6060.0,-593847703#3,1
6060.0,-E0,6
6060.0,263217604#0,1
6060.0,30620492#0,18
6060.0,30620492#1,5
6060.0,593847704#0,1
6080.0,-300077497#5,1
6080.0,-593847703#3,3
6080.0,263217604#0,1
6080.0,30620492#0,18
6080.0,30620492#1,3
6080.0,506322844#0,1
6080.0,:cluster_2528018119_655375236_17,2
6080.0,:cluster_9383263990_9383263991_9383263992_9383263993_13,1
6100.0,-593847703#3,4
6100.0,30620492#0,12
6100.0,30620492#1,4
6100.0,506322844#0,6
6100.0,594658757#0,1
6100.0,:655375233_4,2
6100.0,:cluster_9383263990_9383263991_9383263992_9383263993_13,1
6120.0,-E0,1
6120.0,30620492#0,17
6120.0,30620492#1,5
6120.0,506322844#0,7
6140.0,-300077497#5,4
6140.0,263217604#0,3
6140.0,30620492#0,18
6140.0,30620492#1,5
6160.0,-300077497#5,4
6160.0,263217604#0,3
6160.0,30620492#0,18
6160.0,30620492#1,5
6180.0,-593847703#3,2
6180.0,182334378#0,1
6180.0,30620492#0,14
6180.0,30620492#1,3
6180.0,360843888,1
6180.0,506322844#0,5
6180.0,594658757#0,1
6180.0,594658760#0,1
6180.0,:cluster655375336_end_0_655375336_end_1_655375336_end_10_655375336_end_11_#8more_39,1
6180.0,:cluster_9383263990_9383263991_9383263992_9383263993_13,1
6200.0,-593847703#3,2
6200.0,-E0,2
6200.0,182334378#0,1
6200.0,30620492#0,14
6200.0,30620492#1,5
6200.0,360843888,1
6200.0,506322844#0,7
6220.0,-300077497#5,1
6220.0,-300077497#8,1
6220.0,263217604#0,2
6220.0,30620492#0,18
6220.0,30620492#1,5
6220.0,360843888,1
6220.0,506322844#0,1
6220.0,:655375238_5,1
6220.0,:655375239_5,1
6240.0,-300077497#5,5
6240.0,263217604#0,2
6240.0,30620492#0,18
6240.0,30620492#1,5
6240.0,360843888,1
6260.0,-300077497#5,2
6260.0,-593847703#3,2
6260.0,244450512#5,1
6260.0,263217604#0,2
6260.0,30620492#0,18
6260.0,30620492#1,3
6260.0,:cluster_2528018119_655375236_31,1
6260.0,:cluster_9383263990_9383263991_9383263992_9383263993_13,2
6280.0,-593847703#3,3
6280.0,-E0,2
6280.0,244450512#5,1
6280.0,30620492#0,13
6280.0,30620492#1,5
6280.0,506322844#0,5
6280.0,594658757#0,1
6280.0,594658760#0,1
6300.0,-593847703#3,3
6300.0,244450512#5,1
6300.0,30620492#0,18
6300.0,30620492#1,5
6300.0,506322844#0,5
6320.0,-300077497#5,5
6320.0,244450512#5,1
6320.0,30620492#0,18
6320.0,30620492#1,5
6340.0,-300077497#5,5
6340.0,244450512#5,1
6340.0,30620492#0,18
6340.0,30620492#1,5
6360.0,-593847703#3,3
6360.0,-E0,2
6360.0,182334378#0,1
6360.0,30620492#0,14
6360.0,30620492#1,4
6360.0,506322844#0,5
6380.0,-593847703#3,3
6380.0,-E0,1
6380.0,30620492#0,15
6380.0,30620492#1,5
6380.0,506322844#0,6
6400.0,-300077497#5,1
6400.0,-300077497#8,1
6400.0,-593847703#3,3
6400.0,263217604#0,2
6400.0,30620492#0,18
6400.0,30620492#1,5
6400.0,506322844#0,1
6400.0,:655375239_5,1
6420.0,-300077497#5,4
6420.0,263217604#0,2
6420.0,30620492#0,18
6420.0,30620492#1,5
6440.0,-593847703#3,2
6440.0,263217604#0,2
6440.0,30620492#0,18
6440.0,30620492#1,3
6440.0,:cluster_2528018119_655375236_17,2
6440.0,:cluster_9383263990_9383263991_9383263992_9383263993_13,2
6460.0,-593847703#3,4
6460.0,30620492#0,13
6460.0,30620492#1,5
6460.0,506322844#0,5
6460.0,594658757#0,1
6460.0,594658760#0,1
6480.0,-593847703#3,4
6480.0,-E0,2
6480.0,30620492#0,18
6480.0,30620492#1,5
6480.0,506322844#0,5
6500.0,-300077497#5,4
6500.0,-593847703#3,4
6500.0,263217604#0,1
6500.0,30620492#0,18
6500.0,30620492#1,5
6520.0,-300077497#5,4
6520.0,263217604#0,1
6520.0,30620492#0,18
6520.0,30620492#1,5
6520.0,:655375233_4,3
6540.0,-593847703#3,3
6540.0,-E0,1
6540.0,30620492#0,14
6540.0,30620492#1,2
6540.0,506322842#0,1
6540.0,506322844#0,4
6540.0,594658760#0,1
6540.0,:2749340167_0,1
6540.0,:cluster_9383263990_9383263991_9383263992_9383263993_13,1
6560.0,-593847703#3,3
6560.0,30620492#0,15
6560.0,30620492#1,5
6560.0,506322842#0,1
6560.0,506322844#0,5
6560.0,594658760#0,1
6580.0,-300077497#5,1
6580.0,-300077497#8,1
6580.0,-35274074#2,1
6580.0,-593847703#3,3
6580.0,-E0,1
6580.0,30620492#0,18
6580.0,30620492#1,5
6580.0,506322844#0,1
6580.0,:655375238_5,1
6580.0,:655375239_5,1
6600.0,-300077497#5,6
6600.0,-593847703#3,3
6600.0,30620492#0,18
6600.0,30620492#1,5
6620.0,-300077497#5,2
6620.0,-593847703#3,2
6620.0,182334378#0,1
6620.0,30620492#0,18
6620.0,30620492#1,3
6620.0,:655375233_4,2
6620.0,:cluster_2528018119_655375236_17,1
6620.0,:cluster_2528018119_655375236_19,1
6620.0,:cluster_9383263990_9383263991_9383263992_9383263993_13,2
6640.0,-593847703#3,2
6640.0,-E0,2
6640.0,30620492#0,11
6640.0,30620492#1,4
6640.0,506322844#0,7
6640.0,:2749340167_0,1
6660.0,-593847703#3,2
6660.0,30620492#0,15
6660.0,30620492#1,5
6660.0,506322844#0,9
6680.0,-300077497#5,5
6680.0,-593847703#3,2
6680.0,263217604#0,4
6680.0,30620492#0,18
6680.0,30620492#1,5
6700.0,-300077497#5,5
6700.0,-593847703#3,2
6700.0,263217604#0,4
6700.0,30620492#0,18
6700.0,30620492#1,5
6720.0,-593847703#3,6
6720.0,-E0,1
6720.0,30620492#0,14
6720.0,30620492#1,4
6720.0,360843888,1
6720.0,506322844#0,5
6720.0,594658760#0,2
6720.0,:cluster3086736522_655375108_655375247_655375401_#1more_14,1
6740.0,30620492#0,15
6740.0,30620492#1,5
6740.0,360843888,1
6740.0,506322844#0,6
6740.0,594658760#0,3
6760.0,-300077497#5,1
6760.0,-300077497#8,1
6760.0,263217604#0,2
6760.0,30620492#0,18
6760.0,30620492#1,5
6760.0,360843888,1
6760.0,506322844#0,1
6760.0,594658760#0,2
6760.0,:655375239_5,1
6760.0,:cluster655375336_end_0_655375336_end_1_655375336_end_10_655375336_end_11_#8more_17,1
6780.0,-300077497#5,4
6780.0,-E0,1
6780.0,263217604#0,2
6780.0,30620492#0,18
6780.0,30620492#1,5
6780.0,360843888,1
6800.0,182334378#0,1
6800.0,244450512#5,1
6800.0,263217604#0,2
6800.0,30620492#0,18
6800.0,30620492#1,3
6800.0,506322844#0,1
6800.0,:cluster_2528018119_655375236_17,1
6800.0,:cluster_2528018119_655375236_19,1
6800.0,:cluster_2528018119_655375236_31,1
6800.0,:cluster_9383263990_9383263991_9383263992_9383263993_13,1
6820.0,-593847703#3,1
6820.0,-E0,3
6820.0,244450512#5,1
6820.0,30620492#0,13
6820.0,30620492#1,4
6820.0,506322844#0,5
6820.0,594658757#0,1
6820.0,594658760#0,1
6820.0,:cluster_9383263990_9383263991_9383263992_9383263993_13,1
6840.0,-E0,1
6840.0,244450512#5,1
6840.0,30620492#0,17
6840.0,30620492#1,5
6840.0,506322844#0,6
6840.0,:cluster655375336_end_0_655375336_end_1_655375336_end_10_655375336_end_11_#8more_17,1
6860.0,-300077497#5,4
6860.0,244450512#5,1
6860.0,263217604#0,2
6860.0,30620492#0,18
6860.0,30620492#1,5
6880.0,-300077497#5,4
6880.0,244450512#5,1
6880.0,263217604#0,2
6880.0,30620492#0,18
6880.0,30620492#1,5
6900.0,-593847703#3,3
6900.0,30620492#0,14
6900.0,30620492#1,3
6900.0,506322842#0,1
6900.0,506322844#0,4
6900.0,594658757#0,1
6900.0,594658760#0,1
6900.0,:cluster655375336_end_0_655375336_end_1_655375336_end_10_655375336_end_11_#8more_30,1
6900.0,:cluster655375336_end_0_655375336_end_1_655375336_end_10_655375336_end_11_#8more_5,1
6900.0,:cluster_9383263990_9383263991_9383263992_9383263993_13,1
6920.0,-593847703#3,3
6920.0,30620492#0,14
6920.0,30620492#1,4
6920.0,506322842#0,1
6920.0,506322844#0,7
6920.0,594658757#0,1
6920.0,594658760#0,1
6940.0,-300077497#5,1
6940.0,-300077497#8,1
6940.0,263217604#0,3
6940.0,30620492#0,17
6940.0,30620492#1,5
6940.0,506322844#0,1
6940.0,506322846#0,1
6940.0,594658757#0,1
6940.0,594658760#0,1
6940.0,:655375239_5,1
6960.0,-300077497#5,4
6960.0,-E0,2
6960.0,263217604#0,3
6960.0,288135626#0,1
6960.0,30620492#0,18
6960.0,30620492#1,5
6980.0,-593847703#3,2
6980.0,182334378#0,1
6980.0,263217604#0,3
6980.0,30620492#0,18
6980.0,30620492#1,3
6980.0,:cluster_2528018119_655375236_17,1
6980.0,:cluster_2528018119_655375236_31,1
6980.0,:cluster_9383263990_9383263991_9383263992_9383263993_13,2
7000.0,-593847703#3,3
7000.0,-E0,2
7000.0,30620492#0,11
7000.0,30620492#1,4
7000.0,506322842#0,2
7000.0,506322844#0,5
7000.0,594658757#0,2
7000.0,594658760#0,1
7000.0,:cluster_9383263990_9383263991_9383263992_9383263993_13,1
7020.0,-593847703#3,3
7020.0,30620492#0,15
7020.0,30620492#1,5
7020.0,506322842#0,2
7020.0,506322844#0,7
7020.0,594658757#0,2
7020.0,594658760#0,1
7040.0,-300077497#5,5
7040.0,-E0,1
7040.0,263217604#0,2
7040.0,30620492#0,18
7040.0,30620492#1,5
7040.0,506322846#2,1
7040.0,594658757#0,1
7040.0,:655375233_4,3
7040.0,:cluster_5372642442_631668976_631668981_631669076_36,1
7060.0,-300077497#5,5
7060.0,1068234499#0,2
7060.0,263217604#0,2
7060.0,30620492#0,18
7060.0,30620492#1,5
7080.0,-593847703#3,3
7080.0,1068234499#0,2
7080.0,182334378#0,2
7080.0,30620492#0,14
7080.0,30620492#1,4
7080.0,506322844#0,5
7080.0,594658757#0,2
7100.0,-593847703#3,3
7100.0,-E0,2
7100.0,1068234499#0,2
7100.0,30620492#0,16
7100.0,30620492#1,5
7100.0,506322844#0,5
7100.0,594658757#0,2
7120.0,-300077497#5,1
7120.0,-300077497#8,1
7120.0,-593847703#3,5
7120.0,30620492#0,18
7120.0,30620492#1,5
7120.0,506322844#0,1
7120.0,594658757#0,2
7120.0,:655375238_5,1
7120.0,:655375239_5,1
7140.0,-300077497#5,5
7140.0,-593847703#3,3
7140.0,30620492#0,18
7140.0,30620492#1,5
7140.0,594658757#0,1
7140.0,:655375233_4,2
7140.0,:cluster655375336_end_0_655375336_end_1_655375336_end_10_655375336_end_11_#8more_21,1
7160.0,-300077497#5,1
7160.0,-593847703#3,2
7160.0,30620492#0,18
7160.0,30620492#1,3
7160.0,:cluster_2528018119_655375236_17,1
7160.0,:cluster_2528018119_655375236_19,1
7160.0,:cluster_9383263990_9383263991_9383263992_9383263993_13,2
7180.0,-593847703#3,3
7180.0,-E0,2
7180.0,30620492#0,12
7180.0,30620492#1,5
7180.0,506322842#0,1
7180.0,506322844#0,5
7200.0,-593847703#3,3
7200.0,30620492#0,16
7200.0,30620492#1,5
7200.0,506322842#0,1
7200.0,506322844#0,7
7220.0,-300077497#5,5
7220.0,-593847703#3,3
7220.0,263217604#0,3
7220.0,30620492#0,18
7220.0,30620492#1,5
7240.0,-300077497#5,5
7240.0,-593847703#3,3
7240.0,263217604#0,3
7240.0,30620492#0,18
7240.0,30620492#1,5
7260.0,-593847703#3,4
7260.0,182334378#0,1
7260.0,30620492#0,14
7260.0,30620492#1,3
7260.0,506322844#0,4
7260.0,594658757#0,1
7260.0,594658760#0,2
7260.0,:2749340167_0,1
7260.0,:cluster_9383263990_9383263991_9383263992_9383263993_13,1
7280.0,-593847703#3,4
7280.0,-E0,1
7280.0,30620492#0,14
7280.0,30620492#1,5
7280.0,506322844#0,6
7280.0,594658757#0,1
7280.0,594658760#0,2
7280.0,:2749340167_0,1
7300.0,-300077497#8,2
7300.0,-593847703#3,4
7300.0,263217604#0,1
7300.0,30620492#0,18
7300.0,30620492#1,5
7300.0,506322844#0,1
7300.0,594658757#0,1
7300.0,594658760#0,2
7300.0,:2749340167_0,1
7300.0,:655375238_5,1
7300.0,:655375239_5,1
7320.0,-300077497#5,5
7320.0,-593847703#3,4
7320.0,263217604#0,1
7320.0,30620492#0,18
7320.0,30620492#1,5
7320.0,594658757#0,1
7320.0,594658760#0,2
7320.0,:2749340167_0,1
7340.0,-300077497#5,1
7340.0,-593847703#3,6
7340.0,-E0,2
7340.0,263217604#0,1
7340.0,30620492#0,18
7340.0,30620492#1,3
7340.0,:2749340167_0,1
7340.0,:cluster655375336_end_0_655375336_end_1_655375336_end_10_655375336_end_11_#8more_17,1
7340.0,:cluster_2528018119_655375236_17,2
7340.0,:cluster_9383263990_9383263991_9383263992_9383263993_13,2
7360.0,-E0,1
7360.0,30620492#0,12
7360.0,30620492#1,4
7360.0,506322844#0,7
7360.0,594658757#0,1
7360.0,:2749340167_0,1
7380.0,30620492#0,16
7380.0,30620492#1,5
7380.0,506322844#0,8
7380.0,594658757#0,1
7400.0,-300077497#5,4
7400.0,263217604#0,4
7400.0,30620492#0,18
7400.0,30620492#1,5
7400.0,594658757#0,1
7420.0,-300077497#5,4
7420.0,263217604#0,4
7420.0,30620492#0,18
7420.0,30620492#1,5
7440.0,-593847703#3,3
7440.0,182334378#0,1
7440.0,30620492#0,14
7440.0,30620492#1,4
7440.0,506322844#0,5
7440.0,594658757#0,2
7440.0,594658760#0,1
7440.0,:cluster3086736522_655375108_655375247_655375401_#1more_16,1
7460.0,-E0,4
7460.0,182334378#0,1
7460.0,30620492#0,15
7460.0,30620492#1,4
7460.0,506322844#0,6
7460.0,:cluster_9383263990_9383263991_9383263992_9383263993_13,1
7480.0,-300077497#8,1
7480.0,-E0,1
7480.0,263217604#0,3
7480.0,30620492#0,17
7480.0,30620492#1,5
7480.0,506322844#0,1
7480.0,:655375238_5,1
7480.0,:655375239_5,1
7500.0,-300077497#5,4
7500.0,263217604#0,3
7500.0,30620492#0,18
7500.0,30620492#1,5
7520.0,-593847703#3,2
7520.0,263217604#0,3
7520.0,30620492#0,18
7520.0,30620492#1,3
7520.0,:cluster_2528018119_655375236_17,2
7520.0,:cluster_9383263990_9383263991_9383263992_9383263993_13,2
7540.0,-593847703#3,4
7540.0,30620492#0,13
7540.0,30620492#1,5
7540.0,506322844#0,5
7540.0,594658757#0,1
7540.0,594658760#0,2
7560.0,30620492#0,18
7560.0,30620492#1,5
7560.0,506322844#0,5
7560.0,594658757#0,1
7560.0,594658760#0,2
7560.0,:655375233_4,3
7580.0,-300077497#5,4
7580.0,263217604#0,1
7580.0,30620492#0,18
7580.0,30620492#1,5
7580.0,594658757#0,1
7580.0,594658760#0,2
7600.0,-300077497#5,4
7600.0,-E0,1
7600.0,263217604#0,1
7600.0,30620492#0,18
7600.0,30620492#1,5
7600.0,594658760#0,1
7600.0,:cluster655375336_end_0_655375336_end_1_655375336_end_10_655375336_end_11_#8more_17,1
7620.0,-593847703#3,3
7620.0,-E0,1
7620.0,182334378#0,1
7620.0,30620492#0,14
7620.0,30620492#1,4
7620.0,506322844#0,5
7620.0,594658760#0,1
7640.0,-593847703#3,3
7640.0,-E0,1
7640.0,182334378#0,1
7640.0,30620492#0,15
7640.0,30620492#1,4
7640.0,506322844#0,6
7640.0,:cluster_9383263990_9383263991_9383263992_9383263993_13,1
7660.0,-300077497#5,1
7660.0,-300077497#8,1
7660.0,-593847703#3,1
7660.0,-E0,1
7660.0,263217604#0,2
7660.0,30620492#0,17
7660.0,30620492#1,5
7660.0,506322844#0,1
7660.0,:655375233_4,2
7660.0,:655375238_5,1
7660.0,:655375239_5,1
7680.0,-300077497#5,5
7680.0,263217604#0,2
7680.0,30620492#0,18
7680.0,30620492#1,5
7700.0,-300077497#5,1
7700.0,-593847703#3,2
7700.0,263217604#0,2
7700.0,30620492#0,18
7700.0,30620492#1,3
7700.0,:cluster_2528018119_655375236_17,1
7700.0,:cluster_2528018119_655375236_19,1
7700.0,:cluster_9383263990_9383263991_9383263992_9383263993_13,2
7720.0,-593847703#3,3
7720.0,182334378#0,2
7720.0,30620492#0,11
7720.0,30620492#1,5
7720.0,506322844#0,7
7720.0,594658757#0,1
7720.0,594658760#0,1
7740.0,-593847703#3,3
7740.0,-E0,1
7740.0,30620492#0,17
7740.0,30620492#1,5
7740.0,506322844#0,7
7740.0,594658757#0,1
7740.0,594658760#0,1
7760.0,-300077497#5,5
7760.0,-593847703#3,3
7760.0,263217604#0,2
7760.0,30620492#0,18
7760.0,30620492#1,5
7760.0,594658757#0,1
7760.0,594658760#0,1
7780.0,-300077497#5,5
7780.0,263217604#0,2
7780.0,30620492#0,18
7780.0,30620492#1,5
7780.0,594658757#0,1
7780.0,594658760#0,1
7800.0,-593847703#3,4
7800.0,-E0,1
7800.0,182334378#0,1
7800.0,30620492#0,14
7800.0,30620492#1,3
7800.0,360843888,1
7800.0,506322842#0,1
7800.0,506322844#0,3
7800.0,:2749340167_0,1
7800.0,:cluster3086736522_655375108_655375247_655375401_#1more_17,1
7800.0,:cluster_9383263990_9383263991_9383263992_9383263993_13,1
7820.0,-593847703#3,4
7820.0,182334378#0,1
7820.0,30620492#0,13
7820.0,30620492#1,5
7820.0,360843888,2
7820.0,506322842#0,1
7820.0,506322844#0,7
7840.0,-300077497#8,1
7840.0,-593847703#3,4
7840.0,182334378#0,1
7840.0,263217604#0,3
7840.0,30620492#0,18
7840.0,30620492#1,5
7840.0,360843888,2
7840.0,506322846#0,1
7840.0,:655375238_5,1
7840.0,:655375239_5,2
7860.0,-300077497#5,4
7860.0,-593847703#3,4
7860.0,-E0,1
7860.0,263217604#0,3
7860.0,288135626#0,1
7860.0,30620492#0,18
7860.0,30620492#1,5
7860.0,360843888,2
7880.0,-593847703#3,2
7880.0,244450512#4,2
7880.0,263217604#0,3
7880.0,30620492#0,18
7880.0,30620492#1,3
7880.0,506322844#0,1
7880.0,:655375233_4,1
7880.0,:cluster_2528018119_655375236_17,1
7880.0,:cluster_2528018119_655375236_31,1
7880.0,:cluster_9383263990_9383263991_9383263992_9383263993_13,1
7900.0,-593847703#3,3
7900.0,-E0,1
7900.0,244450512#5,2
7900.0,30620492#0,11
7900.0,30620492#1,5
7900.0,506322842#0,1
7900.0,506322844#0,6
7900.0,594658760#0,2
7900.0,:cluster655375336_end_0_655375336_end_1_655375336_end_10_655375336_end_11_#8more_21,1
7920.0,-593847703#3,3
7920.0,244450512#5,2
7920.0,30620492#0,18
7920.0,30620492#1,5
7920.0,506322842#0,1
7920.0,506322844#0,6
7940.0,-300077497#5,4
7940.0,-593847703#3,3
7940.0,244450512#5,2
7940.0,263217604#0,2
7940.0,30620492#0,18
7940.0,30620492#1,5
7940.0,:655375238_2,1
7960.0,-300077497#5,5
7960.0,-593847703#3,3
7960.0,244450512#5,2
7960.0,263217604#0,2
7960.0,30620492#0,18
7960.0,30620492#1,5
7980.0,-593847703#3,4
7980.0,182334378#0,1
7980.0,30620492#0,14
7980.0,30620492#1,4
7980.0,506322844#0,5
7980.0,51362430,2
7980.0,594658757#0,1
7980.0,594658760#0,1
8000.0,-593847703#3,3
8000.0,-E0,2
8000.0,30620492#0,13
8000.0,30620492#1,4
8000.0,506322844#0,8
8000.0,51362429#0,2
8000.0,:cluster_9383263990_9383263991_9383263992_9383263993_13,1
8020.0,-300077497#5,1
8020.0,-300077497#8,1
8020.0,-593847703#3,3
8020.0,263217604#0,4
8020.0,30620492#0,17
8020.0,30620492#1,5
8020.0,506322844#0,1
8020.0,51362429#0,2
8020.0,:655375239_5,1
8020.0,:655375239_6,1
8040.0,-300077497#5,4
8040.0,-593847703#3,3
8040.0,263217604#0,5
8040.0,30620492#0,18
8040.0,30620492#1,5
8040.0,:655375232_2,2
8060.0,-593847703#3,3
8060.0,182334378#0,1
8060.0,263217604#0,5
8060.0,30620492#0,18
8060.0,30620492#1,3
8060.0,:cluster_2528018119_655375236_17,2
8060.0,:cluster_2528018119_655375236_31,1
8060.0,:cluster_9383263990_9383263991_9383263992_9383263993_13,2
8080.0,-593847703#3,1
8080.0,-E0,1
8080.0,30620492#0,13
8080.0,30620492#1,5
8080.0,506322844#0,5
8080.0,594658757#0,5
8080.0,:655375233_4,4
8100.0,-E0,3
8100.0,30620492#0,18
8100.0,30620492#1,5
8100.0,506322844#0,5
8100.0,594658757#0,1
8100.0,:cluster655375336_end_0_655375336_end_1_655375336_end_10_655375336_end_11_#8more_21,1
8120.0,-300077497#5,4
8120.0,263217604#0,1
8120.0,30620492#0,18
8120.0,30620492#1,5
8120.0,594658757#0,1
8140.0,-300077497#5,4
8140.0,263217604#0,1
8140.0,30620492#0,18
8140.0,30620492#1,5
8140.0,594658757#0,1
8160.0,-593847703#3,4
8160.0,30620492#0,14
8160.0,30620492#1,4
8160.0,506322844#0,5
8160.0,594658757#0,1
8160.0,594658760#0,1
8180.0,-593847703#3,2
8180.0,30620492#0,14
8180.0,30620492#1,4
8180.0,506322844#0,7
8180.0,594658760#0,1
8180.0,:655375233_4,2
8180.0,:cluster_9383263990_9383263991_9383263992_9383263993_13,1
8200.0,-300077497#8,1
8200.0,263217604#0,4
8200.0,30620492#0,17
8200.0,30620492#1,5
8200.0,506322844#0,1
8200.0,:655375238_5,1
8200.0,:655375239_5,1
8220.0,-300077497#5,4
8220.0,263217604#0,4
8220.0,30620492#0,18
8220.0,30620492#1,5
8240.0,-593847703#3,1
8240.0,182334378#0,1
8240.0,263217604#0,4
8240.0,30620492#0,18
8240.0,30620492#1,3
8240.0,:cluster_2528018119_655375236_17,2
8240.0,:cluster_9383263990_9383263991_9383263992_9383263993_10,1
8240.0,:cluster_9383263990_9383263991_9383263992_9383263993_13,1
8260.0,-593847703#3,3
8260.0,30620492#0,11
8260.0,30620492#1,3
8260.0,506322842#0,1
8260.0,506322844#0,6
8260.0,594658757#0,2
8260.0,594658760#0,2
8260.0,:2749340167_0,1
8260.0,:cluster_9383263990_9383263991_9383263992_9383263993_13,1
8280.0,-593847703#3,3
8280.0,30620492#0,15
8280.0,30620492#1,5
8280.0,506322842#0,1
8280.0,506322844#0,7
8280.0,594658757#0,1
8280.0,594658760#0,1
8280.0,:cluster655375336_end_0_655375336_end_1_655375336_end_10_655375336_end_11_#8more_17,1
8280.0,:cluster655375336_end_0_655375336_end_1_655375336_end_10_655375336_end_11_#8more_21,1
8300.0,-300077497#5,4
8300.0,-E0,2
8300.0,263217604#0,3
8300.0,30620492#0,15
8300.0,30620492#1,5
8300.0,:cluster_5372642442_631668976_631668981_631669076_36,1
8320.0,-300077497#5,4
8320.0,1068234499#0,1
8320.0,263217604#0,3
8320.0,30620492#0,15
8320.0,30620492#1,5
8340.0,-593847703#3,4
8340.0,1068234499#0,1
8340.0,30620492#0,11
8340.0,30620492#1,4
8340.0,506322844#0,4
8340.0,594658757#0,1
8340.0,594658760#0,2
8340.0,:cluster_9383263990_9383263991_9383263992_9383263993_13,1
8360.0,-593847703#3,4
8360.0,-E0,2
8360.0,1068234499#0,1
8360.0,30620492#0,10
8360.0,30620492#1,5
8360.0,506322844#0,5
8360.0,594658760#0,1
8380.0,-300077497#5,1
8380.0,-300077497#8,1
8380.0,-593847703#3,4
8380.0,-E0,1
8380.0,182334378#0,1
8380.0,30620492#0,10
8380.0,30620492#1,5
8380.0,506322844#0,1
8380.0,:655375238_5,1
8380.0,:655375239_5,1
8400.0,-300077497#5,5
8400.0,182334378#0,1
8400.0,30620492#0,10
8400.0,30620492#1,5
8420.0,-300077497#5,1
8420.0,-593847703#3,2
8420.0,-E0,1
8420.0,30620492#0,10
8420.0,30620492#1,3
8420.0,:cluster_2528018119_655375236_17,2
8420.0,:cluster_9383263990_9383263991_9383263992_9383263993_10,1
8420.0,:cluster_9383263990_9383263991_9383263992_9383263993_13,1
8440.0,-593847703#3,5
8440.0,30620492#0,3
8440.0,30620492#1,4
8440.0,506322842#0,1
8440.0,506322844#0,5
8440.0,:2749340167_0,1
8440.0,:cluster_9383263990_9383263991_9383263992_9383263993_13,1
8460.0,-593847703#3,5
8460.0,30620492#1,5
8460.0,506322842#0,1
8460.0,506322844#0,8
8460.0,:2749340167_0,1
8480.0,-300077497#5,4
8480.0,-593847703#3,5
8480.0,263217604#0,4
8480.0,30620492#1,5
8480.0,:2749340167_0,1
8480.0,:cluster_5372642442_631668976_631668981_631669076_36,1
8500.0,-300077497#5,4
8500.0,1068234499#0,1
8500.0,263217604#0,4
8500.0,30620492#1,5
8500.0,:2749340167_0,1
8520.0,-593847703#3,4
8520.0,1068234499#0,1
8520.0,30620492#1,1
8520.0,506322844#0,5
8520.0,594658757#0,2
8520.0,594658760#0,2
8540.0,-593847703#3,4
8540.0,1068234499#0,1
8540.0,30620492#1,1
8540.0,506322844#0,5
8540.0,594658757#0,2
8540.0,594658760#0,2
8560.0,-300077497#5,1
8560.0,-300077497#8,1
8560.0,-593847703#3,4
8560.0,-E0,1
8560.0,182334378#0,1
8560.0,30620492#1,1
8560.0,506322844#0,1
8560.0,594658757#0,1
8560.0,594658760#0,1
8560.0,:655375238_5,1
8560.0,:655375239_5,1
8580.0,-300077497#5,5
8580.0,-593847703#3,4
8580.0,-E0,1
8580.0,182334378#0,1
8580.0,30620492#1,1
8600.0,-300077497#5,1
8600.0,-593847703#3,2
8600.0,182334378#0,1
8600.0,:655375233_4,4
8600.0,:cluster_2528018119_655375236_17,1
8600.0,:cluster_2528018119_655375236_19,1
8600.0,:cluster_9383263990_9383263991_9383263992_9383263993_13,1
