time,edge_id,vehicle_count
60.0,-300077497#5,2
60.0,-360018417,5
60.0,-51362429#1,2
60.0,-51362430,4
60.0,-593847703#3,3
60.0,-E0,17
60.0,1068234498#0,22
60.0,1068234499#0,2
60.0,1068440001,5
60.0,1068440004#1,20
60.0,1068440006#0,2
60.0,1334905223#0,1
60.0,182334378#0,18
60.0,196961377#0,8
60.0,238526531#0,1
60.0,244450512#1,2
60.0,260881642#0,3
60.0,263217603#0,1
60.0,288135626#0,3
60.0,300077497#0,2
60.0,30620492#0,15
60.0,30620492#1,5
60.0,484988951#0,3
60.0,48794887#0,2
60.0,49695736#0,2
60.0,506322841#4,1
60.0,506322842#0,9
60.0,506322844#0,5
60.0,506322846#2,4
60.0,51362429#0,10
60.0,593847703#0,1
60.0,593847704#0,1
60.0,593847705,1
60.0,593849711#2,7
60.0,594658760#0,2
60.0,594658762#0,12
60.0,668037874,1
60.0,:655375232_11,1
60.0,:656132414_2,1
60.0,:cluster11510670762_4554226152_0,1
60.0,:cluster619136880_619136881_cluster_4510442270_5296993511_5296993513_619136931_#1more_12,1
60.0,:cluster619136880_619136881_cluster_4510442270_5296993511_5296993513_619136931_#1more_8,1
60.0,:cluster655375228_655375240_0,1
60.0,:cluster655375336_end_0_655375336_end_1_655375336_end_10_655375336_end_11_#8more_10,1
60.0,:cluster655375336_end_0_655375336_end_1_655375336_end_10_655375336_end_11_#8more_12,1
60.0,:cluster655375336_end_0_655375336_end_1_655375336_end_10_655375336_end_11_#8more_25,2
60.0,:cluster_2528018119_655375236_17,1
60.0,:cluster_2528018119_655375236_19,1
60.0,:cluster_2528018119_655375236_4,1
60.0,:cluster_3208478133_655375293_655375296_9631728504_#1more_8,4
60.0,:cluster_3431431575_4777363357_655375231_6982059025_7,1
60.0,:cluster_5372642442_631668976_631668981_631669076_22,3
60.0,:cluster_5372642442_631668976_631668981_631669076_45,1
60.0,:cluster_9383263990_9383263991_9383263992_9383263993_0,1
60.0,E0,2
80.0,-360018417,5
80.0,-51362429#1,2
80.0,-51362430,4
80.0,-593847703#3,3
80.0,-594658757#2,1
80.0,-E0,19
80.0,1068234498#0,18
80.0,1068234499#0,9
80.0,1068440001,4
80.0,1068440004#1,27
80.0,1068440006#0,3
80.0,1334904386#0,1
80.0,1334905223#0,1
80.0,182334378#0,20
80.0,182334379#0,1
80.0,196961377#0,14
80.0,238526531#0,5
80.0,244450512#1,2
80.0,260881642#0,3
80.0,263217603#0,1
80.0,288135626#0,4
80.0,288135628#0,1
80.0,300077497#0,1
80.0,30620492#0,18
80.0,30620492#1,5
80.0,35274074#0,2
80.0,484988951#0,4
80.0,48794887#0,3
80.0,49073226#2,4
80.0,49695736#0,9
80.0,506322841#4,1
80.0,506322842#0,14
80.0,506322844#0,5
80.0,506322846#2,6
80.0,51289045#5,1
80.0,51362429#0,14
80.0,593844221#0,1
80.0,593847702#0,1
80.0,593847704#0,1
80.0,593847705,1
80.0,593849711#2,9
80.0,594658760#0,2
80.0,594658762#0,11
80.0,668037874,2
80.0,:2444664370_0,1
80.0,:656132414_2,1
80.0,:cluster11510670762_4554226152_0,1
80.0,:cluster619136880_619136881_cluster_4510442270_5296993511_5296993513_619136931_#1more_12,1
80.0,:cluster655375228_655375240_0,1
80.0,:cluster655375228_655375240_13,1
80.0,:cluster655375336_end_0_655375336_end_1_655375336_end_10_655375336_end_11_#8more_10,1
80.0,:cluster655375336_end_0_655375336_end_1_655375336_end_10_655375336_end_11_#8more_12,2
80.0,:cluster655375336_end_0_655375336_end_1_655375336_end_10_655375336_end_11_#8more_25,2
80.0,:cluster_2664674491_655375287_655375288_5,1
80.0,:cluster_3208478133_655375293_655375296_9631728504_#1more_8,3
80.0,:cluster_5372642442_631668976_631668981_631669076_26,1
80.0,:cluster_5372642442_631668976_631668981_631669076_45,1
80.0,E0,2
100.0,-300077497#5,1
100.0,-300077497#8,1
100.0,-35274074#2,3
100.0,-360018417,1
100.0,-51362430,5
100.0,-593847703#3,5
100.0,-594658757#2,2
100.0,-E0,19
100.0,1068234498#0,24
100.0,1068234499#0,9
100.0,1068440001,5
100.0,1068440004#1,23
100.0,1068440006#0,3
100.0,1334904386#0,1
100.0,182334378#0,18
100.0,186602412#0,1
100.0,196961377#0,17
100.0,238526531#0,3
100.0,244450512#1,2
100.0,260881642#0,2
100.0,263217603#0,4
100.0,288135626#0,3
100.0,288135628#0,1
100.0,288878926#0,3
100.0,300077497#0,2
100.0,303647015#0,1
100.0,30620492#0,18
100.0,30620492#1,5
100.0,35274074#0,1
100.0,484988951#0,4
100.0,48794887#0,2
100.0,49073226#2,3
100.0,49073272#4,3
100.0,49695736#0,6
100.0,506322841#4,1
100.0,506322842#0,4
100.0,506322844#0,2
100.0,506322846#0,11
100.0,506322846#2,2
100.0,506322848#0,1
100.0,506322851#0,1
100.0,51362429#0,16
100.0,51392936#0,1
100.0,593847702#0,6
100.0,593847704#0,1
100.0,593847705,1
100.0,593849711#2,13
100.0,593849718#0,1
100.0,594658760#0,3
100.0,594658762#0,14
100.0,668037874,3
100.0,:2444664370_0,1
100.0,:3208478121_0,1
100.0,:655375233_8,4
100.0,:655375238_5,1
100.0,:655375239_5,1
100.0,:cluster11510670762_4554226152_0,1
100.0,:cluster619136880_619136881_cluster_4510442270_5296993511_5296993513_619136931_#1more_12,1
100.0,:cluster619136880_619136881_cluster_4510442270_5296993511_5296993513_619136931_#1more_8,1
100.0,:cluster655375336_end_0_655375336_end_1_655375336_end_10_655375336_end_11_#8more_10,2
100.0,:cluster655375336_end_0_655375336_end_1_655375336_end_10_655375336_end_11_#8more_25,1
100.0,:cluster655375336_end_0_655375336_end_1_655375336_end_10_655375336_end_11_#8more_41,1
100.0,:cluster_2038168688_655375573_17,2
100.0,:cluster_2038168688_655375573_8,1
100.0,:cluster_2528018119_655375236_12,2
100.0,:cluster_2528018119_655375236_20,1
100.0,:cluster_2528018119_655375236_32,1
100.0,:cluster_2528018119_655375236_33,1
100.0,:cluster_2664674491_655375287_655375288_5,1
100.0,:cluster_3208478133_655375293_655375296_9631728504_#1more_8,4
100.0,:cluster_9383263990_9383263991_9383263992_9383263993_7,1
100.0,E0,1
120.0,-300077497#5,8
120.0,-300077497#8,1
120.0,-35274074#2,5
120.0,-51362430,6
120.0,-593847703#3,7
120.0,-594658757#2,2
120.0,-E0,19
120.0,1068234498#0,29
120.0,1068234499#0,8
120.0,1068440001,9
120.0,1068440004#1,26
120.0,1334904386#0,2
120.0,182334378#0,20
120.0,196961377#0,24
120.0,232003903#0,3
120.0,244450512#1,3
120.0,260881642#0,3
120.0,263217603#0,4
120.0,288135626#0,1
120.0,288878926#0,6
120.0,300077497#0,7
120.0,303647015#0,1
120.0,30620492#0,18
120.0,30620492#1,5
120.0,314800955,1
120.0,35274074#0,2
120.0,484988951#0,4
120.0,48794887#0,2
120.0,49695736#0,1
120.0,506322841#3,1
120.0,506322842#0,1
120.0,506322844#0,3
120.0,506322846#0,2
120.0,506322846#2,7
120.0,506322851#0,6
120.0,506322853#0,1
120.0,51362429#0,17
120.0,593844221#0,1
120.0,593847702#0,7
120.0,593847705,1
120.0,593849711#2,17
120.0,593849718#0,2
120.0,594658760#0,3
120.0,594658762#0,19
120.0,668037874,2
120.0,:1973482489_4,1
120.0,:2444664370_0,2
120.0,:655375238_6,1
120.0,:655375241_0,1
120.0,:cluster11510670762_4554226152_0,1
120.0,:cluster3086736522_655375108_655375247_655375401_#1more_11,1
120.0,:cluster619136880_619136881_cluster_4510442270_5296993511_5296993513_619136931_#1more_12,2
120.0,:cluster619136880_619136881_cluster_4510442270_5296993511_5296993513_619136931_#1more_8,1
120.0,:cluster622618015_622618108_622618112_622618144_#2more_39,1
120.0,:cluster_2528018119_655375236_12,2
120.0,:cluster_2528018119_655375236_20,1
120.0,:cluster_2528018119_655375236_32,1
120.0,:cluster_2528018119_655375236_33,1
120.0,:cluster_2528018119_655375236_8,1
120.0,:cluster_2528018119_655375236_9,1
120.0,:cluster_3208478133_655375293_655375296_9631728504_#1more_8,5
120.0,:cluster_5372642442_631668976_631668981_631669076_33,2
120.0,:cluster_5372642442_631668976_631668981_631669076_36,1
120.0,E0,1
140.0,-300077497#5,4
140.0,-35274074#2,5
140.0,-360018417,5
140.0,-51362430,12
140.0,-593847703#3,11
140.0,-E0,18
140.0,1068234498#0,32
140.0,1068234499#0,11
140.0,1068440001,8
140.0,1068440004#1,33
140.0,1334904386#0,2
140.0,182334378#0,18
140.0,196961377#0,20
140.0,244450512#1,3
140.0,263217603#0,1
140.0,288135626#0,3
140.0,288135628#0,1
140.0,288878926#0,6
140.0,300077497#0,5
140.0,303647015#0,3
140.0,30620492#0,18
140.0,30620492#1,5
140.0,314800955,1
140.0,35274074#0,7
140.0,484988951#0,4
140.0,48794887#0,2
140.0,49073272#4,2
140.0,49695736#0,8
140.0,506322840#0,1
140.0,506322841#4,1
140.0,506322842#0,3
140.0,506322844#0,6
140.0,506322846#0,3
140.0,506322846#2,6
140.0,506322851#0,2
140.0,506322851#2,1
140.0,506322853#0,7
140.0,51362429#0,14
140.0,51362430,3
140.0,593844216#0,1
140.0,593847702#0,7
140.0,593847703#0,1
140.0,593849711#2,18
140.0,594658760#0,3
140.0,594658762#0,23
140.0,668037874,4
140.0,:2444664370_0,2
140.0,:3086736518_0,1
140.0,:3086736518_6,1
140.0,:655375232_2,2
140.0,:655375233_0,1
140.0,:cluster11510670762_4554226152_0,2
140.0,:cluster655375228_655375240_0,1
140.0,:cluster655375228_655375240_13,1
140.0,:cluster655375336_end_0_655375336_end_1_655375336_end_10_655375336_end_11_#8more_40,2
140.0,:cluster_2038168688_655375573_23,1
140.0,:cluster_2038168688_655375573_3,1
140.0,:cluster_2038168688_655375573_6,1
140.0,:cluster_2528018119_655375236_17,1
140.0,:cluster_2528018119_655375236_19,1
140.0,:cluster_2528018119_655375236_9,1
140.0,:cluster_9383263990_9383263991_9383263992_9383263993_19,1
160.0,-186602412#3,1
160.0,-35274074#2,4
160.0,-360018417,5
160.0,-51362429#1,1
160.0,-51362430,19
160.0,-593847703#3,16
160.0,-593847704#2,3
160.0,-594658757#2,3
160.0,-E0,19
160.0,1068234498#0,26
160.0,1068234499#0,15
160.0,1068440001,8
160.0,1068440004#1,33
160.0,1334904386#0,7
160.0,182334378#0,12
160.0,186602412#0,3
160.0,196961377#0,21
160.0,238526531#0,5
160.0,244450512#1,3
160.0,263217603#0,2
160.0,288135626#0,6
160.0,288135628#0,1
160.0,300077497#0,2
160.0,300077497#6,4
160.0,30620492#0,17
160.0,30620492#1,5
160.0,484988951#0,3
160.0,48794887#0,2
160.0,49695736#0,9
160.0,506322840#0,1
160.0,506322841#4,1
160.0,506322842#0,3
160.0,506322844#0,7
160.0,506322846#0,9
160.0,506322846#2,12
160.0,506322853#0,10
160.0,51362429#0,15
160.0,51362430,1
160.0,51392936#0,1
160.0,593844216#0,1
160.0,593847702#0,7
160.0,593847703#0,5
160.0,593849711#0,1
160.0,593849711#2,15
160.0,594658760#0,3
160.0,594658762#0,22
160.0,668037874,3
160.0,:2444664370_0,1
160.0,:3086736518_0,1
160.0,:3086736518_6,1
160.0,:655375232_2,1
160.0,:655375232_6,2
160.0,:cluster11510670762_4554226152_0,2
160.0,:cluster619136880_619136881_cluster_4510442270_5296993511_5296993513_619136931_#1more_12,2
160.0,:cluster619136880_619136881_cluster_4510442270_5296993511_5296993513_619136931_#1more_8,1
160.0,:cluster655375228_655375240_0,1
160.0,:cluster655375228_655375240_2,1
160.0,:cluster655375336_end_0_655375336_end_1_655375336_end_10_655375336_end_11_#8more_40,2
160.0,:cluster_2038168688_655375573_23,1
160.0,:cluster_5372642442_631668976_631668981_631669076_45,2
160.0,:cluster_9383263990_9383263991_9383263992_9383263993_13,1
160.0,E0,1
180.0,-35274074#2,4
180.0,-360018417,5
180.0,-51362429#1,1
180.0,-51362430,19
180.0,-593847701,1
180.0,-593847703#3,9
180.0,-594658757#2,5
180.0,-E0,19
180.0,1068234498#0,23
180.0,1068234499#0,15
180.0,1068440001,8
180.0,1068440004#1,33
180.0,1068440006#0,2
180.0,1334904386#0,13
180.0,1334905223#0,1
180.0,182334378#0,10
180.0,182334379#0,1
180.0,186602412#0,5
180.0,196961377#0,25
180.0,232003903#0,2
180.0,238526531#0,13
180.0,244450512#1,3
180.0,263217603#0,2
180.0,288135626#0,6
180.0,300077497#0,1
180.0,300077497#6,4
180.0,30620492#0,18
180.0,30620492#1,5
180.0,35274074#0,2
180.0,484988951#0,2
180.0,48794887#0,2
180.0,49073226#2,3
180.0,49695736#0,11
180.0,506322841#4,1
180.0,506322842#0,7
180.0,506322844#0,7
180.0,506322846#0,3
180.0,506322846#2,18
180.0,506322853#0,10
180.0,51362429#0,17
180.0,593844216#0,1
180.0,593847702#0,7
180.0,593849711#2,14
180.0,594658760#0,3
180.0,594658762#0,20
180.0,668037874,5
180.0,:1973482489_8,1
180.0,:2444664370_0,1
180.0,:3086736518_0,1
180.0,:3086736518_3,1
180.0,:3086736518_6,1
180.0,:655375232_2,1
180.0,:655375232_6,1
180.0,:655375233_2,1
180.0,:655375233_4,3
180.0,:656132414_3,1
180.0,:cluster11510670762_4554226152_0,2
180.0,:cluster_3431431575_4777363357_655375231_6982059025_7,2
180.0,:cluster_5372642442_631668976_631668981_631669076_45,1
180.0,:cluster_9383263990_9383263991_9383263992_9383263993_13,1
180.0,E0,2
200.0,-300077497#5,6
200.0,-300077497#8,1
200.0,-35274074#2,8
200.0,-51362429#1,1
200.0,-51362430,19
200.0,-593847703#3,16
200.0,-594658757#2,5
200.0,-E0,19
200.0,1068234498#0,28
200.0,1068234499#0,9
200.0,1068440001,8
200.0,1068440004#1,27
200.0,1068440006#0,1
200.0,1334904386#0,1
200.0,182334378#0,16
200.0,182334379#0,1
200.0,186602412#0,1
200.0,196961377#0,28
200.0,232003903#0,1
200.0,238526531#0,1
200.0,244450512#1,3
200.0,263217603#0,2
200.0,263217604#0,2
200.0,288135626#0,5
200.0,288135628#0,1
200.0,300077497#0,6
200.0,300077497#6,4
200.0,303647015#0,12
200.0,30620492#0,18
200.0,30620492#1,5
200.0,35274074#0,3
200.0,484988951#0,5
200.0,48794887#0,2
200.0,49073226#2,6
200.0,49073272#4,5
200.0,506322840#0,3
200.0,506322841#4,1
200.0,506322842#0,5
200.0,506322844#0,2
200.0,506322846#0,1
200.0,506322846#2,5
200.0,506322848#0,2
200.0,506322851#0,1
200.0,506322851#2,2
200.0,506322853#0,10
200.0,51362429#0,17
200.0,51362430,2
200.0,593842812#2,1
200.0,593844216#0,1
200.0,593847702#0,2
200.0,593847704#0,1
200.0,593849711#2,16
200.0,593849718#0,2
200.0,594658760#0,4
200.0,594658762#0,26
200.0,668037874,4
200.0,:2444664370_0,2
200.0,:3086736518_0,1
200.0,:3086736518_4,1
200.0,:3086736518_6,1
200.0,:655375232_2,1
200.0,:655375232_6,1
200.0,:655375232_8,1
200.0,:655375233_8,4
200.0,:655375239_6,1
200.0,:655375241_0,3
200.0,:cluster11510670762_4554226152_0,2
200.0,:cluster11510670762_4554226152_1,1
200.0,:cluster3086736522_655375108_655375247_655375401_#1more_8,1
200.0,:cluster622618015_622618108_622618112_622618144_#2more_31,2
200.0,:cluster655375336_end_0_655375336_end_1_655375336_end_10_655375336_end_11_#8more_40,1
200.0,:cluster_2038168688_655375573_21,1
200.0,:cluster_2038168688_655375573_25,1
200.0,:cluster_2528018119_655375236_12,1
200.0,:cluster_2528018119_655375236_25,1
200.0,:cluster_2528018119_655375236_29,1
200.0,:cluster_2528018119_655375236_9,1
200.0,:cluster_3431431575_4777363357_655375231_6982059025_3,1
200.0,:cluster_5372642442_631668976_631668981_631669076_33,1
200.0,E0,2
220.0,-300077497#5,10
220.0,-35274074#2,12
220.0,-360018417,2
220.0,-51362430,19
220.0,-593847703#3,19
220.0,-E0,19
220.0,1068234498#0,32
220.0,1068234499#0,7
220.0,1068440001,8
220.0,1068440004#1,25
220.0,1334904386#0,2
220.0,1334905223#0,1
220.0,182334378#0,21
220.0,182334379#0,1
220.0,196961377#0,23
220.0,196961377#3,1
220.0,244450512#1,3
220.0,263217603#0,3
220.0,263217604#0,3
220.0,288135626#0,2
220.0,288135628#0,1
220.0,300077497#0,10
220.0,303647015#0,4
220.0,30620492#0,18
220.0,30620492#1,5
220.0,314800955,1
220.0,35274074#0,6
220.0,484988951#0,5
220.0,48794887#0,1
220.0,49073226#2,8
220.0,49073272#3,1
220.0,506322841#3,1
220.0,506322841#4,1
220.0,506322842#0,3
220.0,506322844#0,7
220.0,506322846#0,1
220.0,506322846#2,5
220.0,506322851#0,2
220.0,506322851#2,2
220.0,506322853#0,13
220.0,51362429#0,17
220.0,51362430,6
220.0,51392936#0,1
220.0,593844216#0,1
220.0,593844221#0,1
220.0,593847702#0,11
220.0,593849711#2,16
220.0,594658760#0,5
220.0,594658762#0,32
220.0,668037874,4
220.0,:1973482489_4,1
220.0,:3086736518_0,1
220.0,:3086736518_4,1
220.0,:3086736518_6,1
220.0,:3208478121_0,1
220.0,:619136999_2,1
220.0,:655375232_2,1
220.0,:655375232_6,1
220.0,:655375232_8,1
220.0,:655375238_6,1
220.0,:655375239_3,1
220.0,:cluster11510670762_4554226152_0,2
220.0,:cluster3086736522_655375108_655375247_655375401_#1more_11,1
220.0,:cluster_2038168688_655375573_17,1
220.0,E0,2
240.0,-300077497#5,4
240.0,-35274074#2,12
240.0,-360018417,5
240.0,-51362430,19
240.0,-593847703#3,24
240.0,-E0,19
240.0,1068234498#0,28
240.0,1068234499#0,11
240.0,1068440001,8
240.0,1068440004#1,32
240.0,1334904386#0,2
240.0,1334905223#0,1
240.0,182334378#0,26
240.0,196961377#0,20
240.0,232003903#0,1
240.0,238526531#0,1
240.0,244450512#1,3
240.0,260881642#0,4
240.0,263217603#0,2
240.0,288135626#0,3
240.0,300077497#6,3
240.0,30620492#0,18
240.0,30620492#1,5
240.0,314800955,1
240.0,360018417,1
240.0,360843888,1
240.0,484988951#0,5
240.0,48794887#0,2
240.0,49073226#2,8
240.0,49695736#0,3
240.0,506322841#4,1
240.0,506322842#0,6
240.0,506322844#0,8
240.0,506322846#0,8
240.0,506322846#2,5
240.0,506322853#0,17
240.0,51362429#0,15
240.0,51362430,6
240.0,593844216#0,1
240.0,593844221#0,1
240.0,593847702#0,11
240.0,593849711#2,16
240.0,594658760#0,7
240.0,594658762#0,27
240.0,668037874,4
240.0,:2444664370_0,1
240.0,:3086736518_0,1
240.0,:3086736518_4,1
240.0,:3086736518_6,1
240.0,:655375232_2,2
240.0,:655375232_6,1
240.0,:655375232_8,1
240.0,:655375233_0,1
240.0,:655375238_0,1
240.0,:cluster11510670762_4554226152_0,2
240.0,:cluster622618015_622618108_622618112_622618144_#2more_49,1
240.0,:cluster655375228_655375240_0,1
240.0,:cluster_2038168688_655375573_23,1
240.0,:cluster_5372642442_631668976_631668981_631669076_22,2
240.0,:cluster_5372642442_631668976_631668981_631669076_26,1
240.0,:cluster_5372642442_631668976_631668981_631669076_45,2
240.0,:cluster_9383263990_9383263991_9383263992_9383263993_0,1
240.0,E0,1
260.0,-300077497#5,1
260.0,-35274074#2,11
260.0,-360018417,5
260.0,-51362430,19
260.0,-593847703#3,26
260.0,-594658757#2,3
260.0,-E0,19
260.0,1068234498#0,24
260.0,1068234499#0,13
260.0,1068440001,8
260.0,1068440004#1,33
260.0,1334904386#0,3
260.0,1334905223#0,1
260.0,182334378#0,20
260.0,186602412#0,5
260.0,196961377#0,25
260.0,232003903#0,2
260.0,238526531#0,8
260.0,244450512#1,3
260.0,260881642#0,3
260.0,263217603#0,1
260.0,288135626#0,4
260.0,288135628#0,1
260.0,300077497#0,2
260.0,300077497#6,5
260.0,30620492#0,18
260.0,30620492#1,5
260.0,360843888,1
260.0,484988951#0,2
260.0,48794887#0,2
260.0,49073226#2,8
260.0,49695736#0,3
260.0,506322841#4,1
260.0,506322842#0,14
260.0,506322844#0,8
260.0,506322846#0,2
260.0,506322846#2,9
260.0,506322853#0,17
260.0,51362429#0,15
260.0,51362430,4
260.0,593844216#0,1
260.0,593844221#0,1
260.0,593847702#0,11
260.0,593849711#0,1
260.0,593849711#2,17
260.0,594658760#0,7
260.0,594658762#0,20
260.0,668037874,4
260.0,:1973482489_3,1
260.0,:2444664370_0,1
260.0,:3086736518_0,1
260.0,:3086736518_4,1
260.0,:3086736518_6,1
260.0,:655375232_2,4
260.0,:655375232_6,1
260.0,:655375232_8,1
260.0,:cluster11510670762_4554226152_0,2
260.0,:cluster655375228_655375240_2,1
260.0,:cluster655375336_end_0_655375336_end_1_655375336_end_10_655375336_end_11_#8more_10,1
260.0,:cluster655375336_end_0_655375336_end_1_655375336_end_10_655375336_end_11_#8more_12,1
260.0,:cluster_2528018119_655375236_3,1
260.0,:cluster_3431431575_4777363357_655375231_6982059025_7,1
260.0,:cluster_5372642442_631668976_631668981_631669076_45,2
260.0,:cluster_9383263990_9383263991_9383263992_9383263993_0,1
260.0,E0,1
280.0,-300077497#5,1
280.0,-35274074#2,12
280.0,-360018417,1
280.0,-51362429#1,4
280.0,-51362430,19
280.0,-593847703#3,26
280.0,-594658757#2,10
280.0,-E0,19
280.0,1068234498#0,22
280.0,1068234499#0,6
280.0,1068440001,8
280.0,1068440004#1,33
280.0,1334904386#0,2
280.0,182334378#0,12
280.0,186602412#0,1
280.0,196961377#0,27
280.0,232003903#0,2
280.0,238526531#0,7
280.0,244450512#1,2
280.0,260881642#0,2
280.0,263217603#0,1
280.0,263217604#0,3
280.0,288135626#0,5
280.0,288135628#0,1
280.0,300077497#0,4
280.0,300077497#6,5
280.0,303647015#0,3
280.0,30620492#0,18
280.0,30620492#1,5
280.0,360843888,1
280.0,484988951#0,4
280.0,48794887#0,2
280.0,49073226#2,13
280.0,49073272#4,3
280.0,49695736#0,1
280.0,506322841#4,1
280.0,506322842#0,11
280.0,506322844#0,3
280.0,506322846#0,5
280.0,506322846#2,4
280.0,506322848#0,1
280.0,506322851#0,2
280.0,506322853#0,17
280.0,51362429#0,15
280.0,51392936#0,1
280.0,593844216#0,1
280.0,593844221#0,1
280.0,593847702#0,3
280.0,593849711#2,15
280.0,593849718#0,2
280.0,594658760#0,7
280.0,594658762#0,22
280.0,668037874,4
280.0,:2444664370_0,1
280.0,:3086736518_0,1
280.0,:3086736518_3,1
280.0,:3086736518_6,1
280.0,:3208478121_0,1
280.0,:655375232_2,4
280.0,:655375232_6,2
280.0,:655375232_8,1
280.0,:655375233_4,2
280.0,:655375238_1,1
280.0,:655375238_5,1
280.0,:655375239_5,1
280.0,:cluster11510670762_4554226152_0,2
280.0,:cluster622618015_622618108_622618112_622618144_#2more_31,6
280.0,:cluster655375336_end_0_655375336_end_1_655375336_end_10_655375336_end_11_#8more_12,1
280.0,:cluster655375336_end_0_655375336_end_1_655375336_end_10_655375336_end_11_#8more_40,1
280.0,:cluster_2038168688_655375573_12,1
280.0,:cluster_2038168688_655375573_17,1
280.0,:cluster_2038168688_655375573_21,1
280.0,:cluster_2038168688_655375573_9,1
280.0,:cluster_2528018119_655375236_12,1
280.0,:cluster_2528018119_655375236_25,2
280.0,:cluster_2528018119_655375236_28,1
280.0,:cluster_2528018119_655375236_29,1
280.0,:cluster_2528018119_655375236_33,1
280.0,:cluster_2664674491_655375287_655375288_5,1
280.0,:cluster_9383263990_9383263991_9383263992_9383263993_7,2
280.0,E0,1
300.0,-1334905223#2,1
300.0,-300077497#5,6
300.0,-35274074#2,12
300.0,-51362429#1,8
300.0,-51362430,19
300.0,-593847703#3,29
300.0,-594658757#2,15
300.0,-E0,19
300.0,1068234498#0,26
300.0,1068234499#0,3
300.0,1068440001,8
300.0,1068440004#1,31
300.0,1068440006#0,1
300.0,1334904386#0,1
300.0,182334378#0,13
300.0,196961377#0,27
300.0,232003903#0,2
300.0,238526531#0,7
300.0,244450512#1,2
300.0,260881642#0,2
300.0,263217603#0,1
300.0,263217604#0,6
300.0,288135626#0,2
300.0,300077497#0,10
300.0,300077497#6,5
300.0,303647015#0,2
300.0,30620492#0,18
300.0,30620492#1,5
300.0,35274074#0,2
300.0,360843888,1
300.0,484988951#0,4
300.0,48794887#0,1
300.0,49073226#2,13
300.0,49073272#4,1
300.0,49695736#0,2
300.0,506322841#4,1
300.0,506322842#0,5
300.0,506322844#0,3
300.0,506322846#0,2
300.0,506322846#2,7
300.0,506322847#0,1
300.0,506322851#0,3
300.0,506322853#0,19
300.0,51362429#0,15
300.0,593842812#0,1
300.0,593844221#0,1
300.0,593847702#0,1
300.0,593847704#0,1
300.0,593849711#2,19
300.0,594658760#0,6
300.0,594658762#0,29
300.0,668037874,4
300.0,:3086736518_0,1
300.0,:655375232_2,4
300.0,:655375232_6,1
300.0,:655375233_8,2
300.0,:655375238_6,1
300.0,:cluster11510670762_4554226152_0,2
300.0,:cluster3086736522_655375108_655375247_655375401_#1more_11,1
300.0,:cluster622618015_622618108_622618112_622618144_#2more_39,2
300.0,:cluster655375336_end_0_655375336_end_1_655375336_end_10_655375336_end_11_#8more_18,1
300.0,:cluster_2038168688_655375573_30,1
300.0,:cluster_2528018119_655375236_12,1
300.0,:cluster_2528018119_655375236_29,1
300.0,:cluster_2528018119_655375236_33,1
300.0,:cluster_5372642442_631668976_631668981_631669076_33,2
300.0,E0,1
320.0,-300077497#5,6
320.0,-35274074#2,12
320.0,-360018417,5
320.0,-506322847#4,1
320.0,-51362429#1,8
320.0,-51362430,19
320.0,-593847703#3,30
320.0,-594658757#2,6
320.0,-E0,19
320.0,1068234498#0,32
320.0,1068234499#0,4
320.0,1068440001,8
320.0,1068440004#1,23
320.0,1334904386#0,1
320.0,182334378#0,12
320.0,196961377#0,20
320.0,232003903#0,1
320.0,238526531#0,7
320.0,244450512#1,2
320.0,244450512#5,1
320.0,263217604#0,6
320.0,288135626#0,3
320.0,300077497#0,7
320.0,300077497#6,1
320.0,303647015#0,8
320.0,30620492#0,18
320.0,30620492#1,5
320.0,484988951#0,4
320.0,49073226#2,13
320.0,49073272#4,2
320.0,49695736#0,2
320.0,506322842#0,5
320.0,506322844#0,7
320.0,506322846#2,3
320.0,506322851#0,1
320.0,506322851#2,6
320.0,506322853#0,19
320.0,51362429#0,15
320.0,51362430,2
320.0,593842812#2,1
320.0,593844216#0,1
320.0,593844221#0,1
320.0,593847702#0,13
320.0,593849711#2,20
320.0,594658760#0,6
320.0,594658762#0,31
320.0,668037874,4
320.0,:3086736518_0,1
320.0,:655375232_2,4
320.0,:655375232_6,1
320.0,:655375238_0,1
320.0,:655375239_3,1
320.0,:cluster11510670762_4554226152_0,2
320.0,:cluster3086736522_655375108_655375247_655375401_#1more_11,2
320.0,:cluster655375228_655375240_0,1
320.0,:cluster655375228_655375240_13,1
320.0,:cluster655375336_end_0_655375336_end_1_655375336_end_10_655375336_end_11_#8more_12,1
320.0,:cluster655375336_end_0_655375336_end_1_655375336_end_10_655375336_end_11_#8more_40,1
320.0,:cluster655375336_end_0_655375336_end_1_655375336_end_10_655375336_end_11_#8more_6,1
320.0,:cluster_2038168688_655375573_23,1
320.0,:cluster_2038168688_655375573_3,1
320.0,:cluster_2038168688_655375573_30,1
320.0,:cluster_2038168688_655375573_6,1
320.0,:cluster_3208478133_655375293_655375296_9631728504_#1more_10,1
340.0,-300077497#5,6
340.0,-35274074#2,12
340.0,-360018417,5
340.0,-51362429#1,6
340.0,-51362430,19
340.0,-593847703#3,30
340.0,-593847704#2,1
340.0,-594658757#2,13
340.0,-E0,18
340.0,1068234498#0,27
340.0,1068234499#0,8
340.0,1068440001,8
340.0,1068440004#1,31
340.0,1334904386#0,4
340.0,1334905223#0,2
340.0,182334378#0,10
340.0,186602412#0,2
340.0,196961377#0,22
340.0,238526531#0,12
340.0,244450512#1,2
340.0,244450512#4,2
340.0,244450512#5,1
340.0,288878926#0,3
340.0,300077497#0,1
340.0,300077497#6,4
340.0,303647015#0,1
340.0,30620492#0,18
340.0,30620492#1,5
340.0,360843888,1
340.0,484988951#0,4
340.0,49073226#2,8
340.0,49695736#0,2
340.0,506322840#0,2
340.0,506322842#0,5
340.0,506322844#0,7
340.0,506322846#2,2
340.0,506322851#2,7
340.0,506322853#0,19
340.0,51362429#0,15
340.0,51362430,4
340.0,593842812#2,1
340.0,593844216#0,1
340.0,593844221#0,1
340.0,593847702#0,13
340.0,593849711#2,20
340.0,594658757#0,1
340.0,594658760#0,7
340.0,594658762#0,23
340.0,668037874,3
340.0,:3086736518_0,1
340.0,:3086736518_6,1
340.0,:655375232_2,4
340.0,:655375232_6,1
340.0,:656132414_3,1
340.0,:cluster11510670762_4554226152_0,2
340.0,:cluster619136880_619136881_cluster_4510442270_5296993511_5296993513_619136931_#1more_12,1
340.0,:cluster619136880_619136881_cluster_4510442270_5296993511_5296993513_619136931_#1more_8,1
340.0,:cluster622618015_622618108_622618112_622618144_#2more_2,1
340.0,:cluster655375228_655375240_2,1
340.0,:cluster655375336_end_0_655375336_end_1_655375336_end_10_655375336_end_11_#8more_10,1
340.0,:cluster655375336_end_0_655375336_end_1_655375336_end_10_655375336_end_11_#8more_12,1
340.0,:cluster_2038168688_655375573_27,1
340.0,:cluster_2038168688_655375573_30,1
340.0,:cluster_2038168688_655375573_6,1
340.0,:cluster_2664674491_655375287_655375288_1,1
340.0,:cluster_3431431575_4777363357_655375231_6982059025_3,2
340.0,:cluster_3431431575_4777363357_655375231_6982059025_7,1
340.0,:cluster_5372642442_631668976_631668981_631669076_26,1
340.0,:cluster_5372642442_631668976_631668981_631669076_45,2
360.0,-300077497#5,6
360.0,-35274074#2,12
360.0,-360018417,5
360.0,-51362429#1,3
360.0,-51362430,19
360.0,-593847703#3,30
360.0,-594658757#2,18
360.0,-E0,18
360.0,1068234498#0,21
360.0,1068234499#0,8
360.0,1068440001,8
360.0,1068440004#1,33
360.0,1334904386#0,7
360.0,1334905223#0,1
360.0,182334378#0,11
360.0,186602412#0,1
360.0,196961377#0,26
360.0,238526531#0,20
360.0,244450512#1,2
360.0,244450512#4,1
360.0,244450512#5,3
360.0,263217603#0,1
360.0,288878926#0,6
360.0,300077497#0,1
360.0,300077497#6,4
360.0,30620492#0,18
360.0,30620492#1,5
360.0,484988951#0,4
360.0,49073226#2,4
360.0,49695736#0,2
360.0,506322840#0,1
360.0,506322842#0,5
360.0,506322844#0,7
360.0,506322846#2,2
360.0,506322851#2,7
360.0,506322853#0,19
360.0,51362429#0,16
360.0,51362430,2
360.0,593842812#2,1
360.0,593844216#0,1
360.0,593847702#0,13
360.0,593847703#0,5
360.0,593847704#0,1
360.0,593849711#2,20
360.0,594658757#0,1
360.0,594658760#0,7
360.0,594658762#0,18
360.0,668037874,4
360.0,:3086736518_0,1
360.0,:3208478128_0,1
360.0,:655375232_2,2
360.0,:655375232_6,1
360.0,:655375233_0,1
360.0,:cluster11510670762_4554226152_0,2
360.0,:cluster622618015_622618108_622618112_622618144_#2more_45,1
360.0,:cluster655375336_end_0_655375336_end_1_655375336_end_10_655375336_end_11_#8more_12,2
360.0,:cluster655375336_end_0_655375336_end_1_655375336_end_10_655375336_end_11_#8more_30,1
360.0,:cluster_2038168688_655375573_30,1
360.0,:cluster_2038168688_655375573_6,1
360.0,:cluster_3431431575_4777363357_655375231_6982059025_3,3
360.0,:cluster_5372642442_631668976_631668981_631669076_45,2
360.0,:cluster_623980147_623980152_9,1
380.0,-300077497#5,11
380.0,-300077497#8,1
380.0,-35274074#2,12
380.0,-49073264#1,1
380.0,-51362429#1,4
380.0,-51362430,19
380.0,-593847703#3,29
380.0,-594658757#2,20
380.0,-E0,19
380.0,1068234498#0,28
380.0,1068234499#0,6
380.0,1068440001,8
380.0,1068440004#1,33
380.0,1068440006#0,4
380.0,1334904386#0,1
380.0,182334378#0,15
380.0,196961377#0,27
380.0,238526531#0,19
380.0,244450512#1,2
380.0,244450512#4,1
380.0,244450512#5,3
380.0,263217603#0,1
380.0,263217604#0,3
380.0,288878926#0,13
380.0,300077497#0,2
380.0,300077497#6,4
380.0,303647015#0,6
380.0,30620492#0,18
380.0,30620492#1,5
380.0,484988951#0,3
380.0,49073226#2,8
380.0,49073272#4,3
380.0,49695736#0,2
380.0,506322840#0,1
380.0,506322842#0,5
380.0,506322844#0,2
380.0,506322846#2,3
380.0,506322848#0,1
380.0,506322851#2,7
380.0,506322853#0,19
380.0,51362429#0,17
380.0,593844216#0,1
380.0,593844221#0,1
380.0,593847703#0,4
380.0,593847704#0,1
380.0,593849711#2,11
380.0,593849718#0,7
380.0,594658757#0,1
380.0,594658760#0,7
380.0,594658762#0,23
380.0,668037874,4
380.0,:3086736518_0,1
380.0,:3208478128_0,1
380.0,:655375232_2,2
380.0,:655375232_6,2
380.0,:655375233_4,2
380.0,:655375239_5,1
380.0,:655375241_0,1
380.0,:cluster11510670762_4554226152_0,2
380.0,:cluster_2038168688_655375573_30,1
380.0,:cluster_2038168688_655375573_6,1
380.0,:cluster_3431431575_4777363357_655375231_6982059025_3,1
380.0,:cluster_623980147_623980152_4,1
400.0,-1334905223#2,1
400.0,-300077497#5,13
400.0,-35274074#2,12
400.0,-360018417,2
400.0,-51362429#1,4
400.0,-51362430,19
400.0,-593847703#3,24
400.0,-594658757#2,15
400.0,-E0,19
400.0,1068234498#0,32
400.0,1068234499#0,6
400.0,1068440001,8
400.0,1068440004#1,33
400.0,1068440006#0,2
400.0,1239087514,1
400.0,1334904386#0,2
400.0,182334378#0,18
400.0,196961377#0,23
400.0,232003903#0,1
400.0,238526531#0,16
400.0,244450512#1,2
400.0,244450512#4,1
400.0,244450512#5,3
400.0,263217603#0,1
400.0,263217604#0,5
400.0,288878926#0,15
400.0,300077497#6,1
400.0,303647015#0,4
400.0,30620492#0,18
400.0,30620492#1,5
400.0,484988951#0,4
400.0,49073226#2,8
400.0,49073272#4,1
400.0,49695736#0,1
400.0,506322842#0,5
400.0,506322844#0,5
400.0,506322846#2,2
400.0,506322851#2,7
400.0,506322853#0,19
400.0,51362429#0,17
400.0,593842812#2,1
400.0,593844221#0,1
400.0,593847703#0,4
400.0,593849711#2,15
400.0,593849718#0,1
400.0,594658757#0,1
400.0,594658760#0,7
400.0,594658762#0,23
400.0,668037874,4
400.0,:3086736518_0,1
400.0,:3086736518_4,2
400.0,:3208478128_0,1
400.0,:619136999_2,1
400.0,:655375232_2,2
400.0,:655375232_6,2
400.0,:655375232_8,2
400.0,:655375233_2,1
400.0,:655375233_4,1
400.0,:655375238_0,1
400.0,:655375239_3,1
400.0,:655375241_0,1
400.0,:cluster11510670762_4554226152_0,2
400.0,:cluster3086736522_655375108_655375247_655375401_#1more_11,2
400.0,:cluster_2038168688_655375573_30,1
400.0,:cluster_2038168688_655375573_6,1
400.0,:cluster_2038168688_655375573_9,1
400.0,:cluster_2528018119_655375236_33,1
400.0,:cluster_9383263990_9383263991_9383263992_9383263993_7,1
420.0,-300077497#5,13
420.0,-35274074#2,5
420.0,-360018417,5
420.0,-51362429#1,4
420.0,-51362430,18
420.0,-593847703#3,25
420.0,-594658757#2,10
420.0,-E0,19
420.0,1068234498#0,29
420.0,1068234499#0,6
420.0,1068440001,6
420.0,1068440004#1,26
420.0,1068440006#0,1
420.0,1239087514,1
420.0,1334904386#0,2
420.0,1334905223#0,1
420.0,182334378#0,23
420.0,196961377#0,20
420.0,232003903#0,2
420.0,238526531#0,17
420.0,244450512#1,2
420.0,260881642#0,3
420.0,288135626#0,3
420.0,288878926#0,11
420.0,300077497#0,4
420.0,300077497#6,2
420.0,303647015#0,6
420.0,30620492#0,18
420.0,30620492#1,5
420.0,360843888,1
420.0,484988951#0,5
420.0,49073226#2,8
420.0,49073272#4,1
420.0,49695736#0,1
420.0,506322840#0,1
420.0,506322842#0,5
420.0,506322844#0,5
420.0,506322846#0,1
420.0,506322846#2,3
420.0,506322848#0,1
420.0,506322851#2,7
420.0,506322853#0,19
420.0,51362429#0,17
420.0,51362430,4
420.0,593842812#2,1
420.0,593844221#0,3
420.0,593847702#0,1
420.0,593849711#0,1
420.0,593849711#2,15
420.0,594658757#0,1
420.0,594658760#0,6
420.0,594658762#0,17
420.0,668037874,4
420.0,:3086736518_0,1
420.0,:3086736518_4,2
420.0,:655375232_2,2
420.0,:655375232_6,2
420.0,:655375232_8,2
420.0,:655375233_4,1
420.0,:655375233_8,7
420.0,:655375238_3,1
420.0,:656132414_2,1
420.0,:cluster11510670762_4554226152_0,2
420.0,:cluster3086736522_655375108_655375247_655375401_#1more_14,1
420.0,:cluster3086736522_655375108_655375247_655375401_#1more_17,1
420.0,:cluster622618015_622618108_622618112_622618144_#2more_45,2
420.0,:cluster655375228_655375240_0,1
420.0,:cluster655375336_end_0_655375336_end_1_655375336_end_10_655375336_end_11_#8more_13,2
420.0,:cluster_2664674491_655375287_655375288_5,1
420.0,:cluster_5372642442_631668976_631668981_631669076_22,2
420.0,:cluster_5372642442_631668976_631668981_631669076_45,2
420.0,:cluster_9383263990_9383263991_9383263992_9383263993_19,1
440.0,-300077497#5,13
440.0,-35274074#2,3
440.0,-360018417,5
440.0,-51362429#1,4
440.0,-51362430,16
440.0,-593847703#3,25
440.0,-593847704#2,1
440.0,-594658757#2,10
440.0,-E0,18
440.0,1068234498#0,25
440.0,1068234499#0,12
440.0,1068440001,8
440.0,1068440004#1,33
440.0,1068440006#0,1
440.0,1334904386#0,2
440.0,1334905223#0,1
440.0,182334378#0,23
440.0,186602412#0,1
440.0,196961377#0,25
440.0,232003903#0,2
440.0,238526531#0,24
440.0,244450512#1,2
440.0,260881642#0,3
440.0,288878926#0,4
440.0,300077497#6,4
440.0,30620492#0,18
440.0,30620492#1,5
440.0,35274074#0,1
440.0,360843888,2
440.0,484988951#0,5
440.0,49073226#2,8
440.0,49695736#0,5
440.0,506322840#0,1
440.0,506322842#0,5
440.0,506322844#0,5
440.0,506322846#0,1
440.0,506322846#2,3
440.0,506322848#0,1
440.0,506322851#2,7
440.0,506322853#0,18
440.0,51362429#0,17
440.0,51362430,5
440.0,593842812#2,1
440.0,593844221#0,1
440.0,593847702#0,1
440.0,593849711#2,15
440.0,594658757#0,1
440.0,594658760#0,5
440.0,594658762#0,9
440.0,668037874,4
440.0,:3086736518_0,1
440.0,:3086736518_4,2
440.0,:3086736518_6,1
440.0,:655375232_2,2
440.0,:655375232_6,2
440.0,:655375232_8,2
440.0,:655375233_4,1
440.0,:655375233_8,7
440.0,:655375238_2,1
440.0,:cluster11510670762_4554226152_0,2
440.0,:cluster619136880_619136881_cluster_4510442270_5296993511_5296993513_619136931_#1more_12,1
440.0,:cluster655375228_655375240_0,1
440.0,:cluster655375228_655375240_13,1
440.0,:cluster655375336_end_0_655375336_end_1_655375336_end_10_655375336_end_11_#8more_10,1
440.0,:cluster655375336_end_0_655375336_end_1_655375336_end_10_655375336_end_11_#8more_12,1
440.0,:cluster655375336_end_0_655375336_end_1_655375336_end_10_655375336_end_11_#8more_25,2
440.0,:cluster_2038168688_655375573_23,1
440.0,:cluster_2038168688_655375573_3,1
440.0,:cluster_3208478133_655375293_655375296_9631728504_#1more_8,1
440.0,:cluster_5372642442_631668976_631668981_631669076_26,1
440.0,:cluster_5372642442_631668976_631668981_631669076_45,2
460.0,-300077497#5,16
460.0,-300077497#8,1
460.0,-35274074#2,5
460.0,-360018417,1
460.0,-51362429#1,4
460.0,-51362430,19
460.0,-593847703#3,26
460.0,-594658757#2,12
460.0,-E0,19
460.0,1068234498#0,24
460.0,1068234499#0,11
460.0,1068440001,7
460.0,1068440004#1,33
460.0,1068440006#0,1
460.0,1334904386#0,4
460.0,182334378#0,16
460.0,186602412#0,2
460.0,196961377#0,28
460.0,232003903#0,2
460.0,238526531#0,21
460.0,244450512#1,2
460.0,260881642#0,3
460.0,263217604#0,1
460.0,288878926#0,4
460.0,300077497#0,2
460.0,300077497#6,4
460.0,303647015#0,2
460.0,30620492#0,16
460.0,30620492#1,5
460.0,360843888,2
460.0,484988951#0,3
460.0,49073226#2,8
460.0,49073272#4,3
460.0,49695736#0,2
460.0,506322840#0,1
460.0,506322842#0,4
460.0,506322844#0,2
460.0,506322846#0,1
460.0,506322846#2,2
460.0,506322848#0,2
460.0,506322851#2,7
460.0,506322853#0,18
460.0,51362429#0,14
460.0,51362430,5
460.0,593842812#2,1
460.0,593844221#0,1
460.0,593849711#2,15
460.0,593849718#0,1
460.0,594658757#0,1
460.0,594658760#0,5
460.0,594658762#0,7
460.0,668037874,4
460.0,:1973482489_8,1
460.0,:3086736518_0,1
460.0,:3086736518_4,2
460.0,:3086736518_6,1
460.0,:3208478121_0,1
460.0,:655375232_2,5
460.0,:655375232_6,2
460.0,:655375232_8,2
460.0,:655375233_0,1
460.0,:655375233_4,1
460.0,:655375233_8,7
460.0,:655375238_5,1
460.0,:655375239_5,2
460.0,:cluster655375336_end_0_655375336_end_1_655375336_end_10_655375336_end_11_#8more_10,1
460.0,:cluster655375336_end_0_655375336_end_1_655375336_end_10_655375336_end_11_#8more_12,1
460.0,:cluster655375336_end_0_655375336_end_1_655375336_end_10_655375336_end_11_#8more_40,1
460.0,:cluster_2038168688_655375573_21,1
460.0,:cluster_2038168688_655375573_8,1
460.0,:cluster_2528018119_655375236_12,2
460.0,:cluster_2528018119_655375236_20,1
460.0,:cluster_2528018119_655375236_32,1
460.0,:cluster_2664674491_655375287_655375288_5,1
460.0,:cluster_3208478133_655375293_655375296_9631728504_#1more_8,3
460.0,:cluster_3431431575_4777363357_655375231_6982059025_5,1
460.0,:cluster_9383263990_9383263991_9383263992_9383263993_7,2
480.0,-1334905223#2,1
480.0,-300077497#5,25
480.0,-300077497#8,1
480.0,-35274074#2,12
480.0,-51362429#1,7
480.0,-51362430,14
480.0,-593847703#3,26
480.0,-594658757#2,13
480.0,-E0,19
480.0,1068234498#0,28
480.0,1068234499#0,11
480.0,1068440001,4
480.0,1068440004#1,33
480.0,1068440006#0,1
480.0,1334904386#0,5
480.0,182334378#0,16
480.0,182334379#0,1
480.0,196961377#0,28
480.0,232003903#0,2
480.0,238526531#0,13
480.0,244450512#1,2
480.0,260881642#0,2
480.0,263217604#0,2
480.0,288878926#0,4
480.0,300077497#0,7
480.0,300077497#6,4
480.0,303647015#0,2
480.0,30620492#0,18
480.0,30620492#1,5
480.0,360843888,2
480.0,484988951#0,5
480.0,49073226#2,8
480.0,49695736#0,2
480.0,506322842#0,4
480.0,506322844#0,2
480.0,506322846#2,2
480.0,506322851#2,6
480.0,506322853#0,19
480.0,51362429#0,16
480.0,51362430,2
480.0,593842812#2,1
480.0,593844221#0,1
480.0,593849711#2,12
480.0,594658757#0,1
480.0,594658760#0,5
480.0,594658762#0,7
480.0,668037874,4
480.0,:3086736518_0,1
480.0,:3086736518_4,2
480.0,:3086736518_6,1
480.0,:655375232_2,5
480.0,:655375232_6,3
480.0,:655375232_8,2
480.0,:655375233_0,1
480.0,:655375233_4,1
480.0,:655375233_8,7
480.0,:655375241_0,1
480.0,:656132414_2,1
480.0,:cluster11510670762_4554226152_0,2
480.0,:cluster3086736522_655375108_655375247_655375401_#1more_11,1
480.0,:cluster655375336_end_0_655375336_end_1_655375336_end_10_655375336_end_11_#8more_10,2
480.0,:cluster655375336_end_0_655375336_end_1_655375336_end_10_655375336_end_11_#8more_25,1
480.0,:cluster_2038168688_655375573_30,1
480.0,:cluster_2528018119_655375236_12,2
480.0,:cluster_2528018119_655375236_20,1
480.0,:cluster_3208478133_655375293_655375296_9631728504_#1more_8,2
500.0,-300077497#5,26
500.0,-35274074#2,12
500.0,-360018417,5
500.0,-51362429#1,7
500.0,-51362430,14
500.0,-593847703#3,27
500.0,-594658757#2,3
500.0,-E0,19
500.0,1068234498#0,31
500.0,1068234499#0,10
500.0,1068440001,9
500.0,1068440004#1,33
500.0,1239087514,1
500.0,1334904386#0,7
500.0,1334905223#0,1
500.0,182334378#0,20
500.0,182334379#0,1
500.0,196961377#0,21
500.0,196961377#3,1
500.0,238526531#0,13
500.0,244450512#1,2
500.0,244450512#4,1
500.0,244450512#5,1
500.0,263217604#0,2
500.0,288878926#0,4
500.0,300077497#0,6
500.0,300077497#6,1
500.0,303647015#0,8
500.0,30620492#0,18
500.0,30620492#1,5
500.0,35274074#0,1
500.0,484988951#0,5
500.0,49073226#2,8
500.0,49073272#4,1
500.0,49695736#0,1
500.0,506322842#0,3
500.0,506322844#0,6
500.0,506322846#2,4
500.0,506322851#2,6
500.0,506322853#0,19
500.0,51362429#0,17
500.0,51362430,3
500.0,593844221#0,1
500.0,593849711#2,17
500.0,594658757#0,1
500.0,594658760#0,5
500.0,594658762#0,5
500.0,668037874,4
500.0,:3086736518_0,1
500.0,:3086736518_4,2
500.0,:3086736518_6,1
500.0,:655375232_2,5
500.0,:655375232_6,3
500.0,:655375232_8,2
500.0,:655375233_0,1
500.0,:655375233_4,1
500.0,:655375233_8,7
500.0,:655375238_6,1
500.0,:655375239_3,2
500.0,:cluster11510670762_4554226152_0,2
500.0,:cluster3086736522_655375108_655375247_655375401_#1more_11,2
500.0,:cluster655375228_655375240_0,1
500.0,:cluster_2038168688_655375573_30,1
500.0,:cluster_3208478133_655375293_655375296_9631728504_#1more_1,1
500.0,:cluster_3208478133_655375293_655375296_9631728504_#1more_8,2
500.0,E1,1
520.0,-300077497#5,27
520.0,-35274074#2,10
520.0,-360018417,5
520.0,-51362429#1,7
520.0,-51362430,18
520.0,-593847703#3,27
520.0,-593847704#2,1
520.0,-594658757#2,5
520.0,-E0,19
520.0,1068234498#0,26
520.0,1068234499#0,11
520.0,1068440001,9
520.0,1068440004#1,33
520.0,1334904386#0,8
520.0,1334905223#0,1
520.0,182334378#0,15
520.0,196961377#0,22
520.0,238526531#0,18
520.0,244450512#1,2
520.0,244450512#4,1
520.0,244450512#5,2
520.0,288135626#0,2
520.0,300077497#6,4
520.0,303647015#0,1
520.0,30620492#0,18
520.0,30620492#1,5
520.0,484988951#0,5
520.0,49073226#2,8
520.0,49695736#0,4
520.0,506322842#0,3
520.0,506322844#0,6
520.0,506322846#0,2
520.0,506322846#2,3
520.0,506322851#2,6
520.0,506322853#0,19
520.0,51362429#0,17
520.0,51362430,4
520.0,593844221#0,1
520.0,593849711#2,17
520.0,594658757#0,1
520.0,594658760#0,6
520.0,668037874,3
520.0,:1973482489_8,1
520.0,:3086736518_0,1
520.0,:3086736518_4,2
520.0,:3086736518_6,1
520.0,:655375232_2,5
520.0,:655375232_6,3
520.0,:655375232_8,2
520.0,:655375233_0,1
520.0,:655375233_4,1
520.0,:655375233_8,7
520.0,:655375239_3,2
520.0,:cluster11510670762_4554226152_0,2
520.0,:cluster619136880_619136881_cluster_4510442270_5296993511_5296993513_619136931_#1more_12,2
520.0,:cluster622618015_622618108_622618112_622618144_#2more_49,1
520.0,:cluster655375336_end_0_655375336_end_1_655375336_end_10_655375336_end_11_#8more_10,1
520.0,:cluster655375336_end_0_655375336_end_1_655375336_end_10_655375336_end_11_#8more_12,1
520.0,:cluster655375336_end_0_655375336_end_1_655375336_end_10_655375336_end_11_#8more_40,1
520.0,:cluster_2038168688_655375573_23,1
520.0,:cluster_2038168688_655375573_30,1
520.0,:cluster_2038168688_655375573_6,2
520.0,:cluster_5372642442_631668976_631668981_631669076_45,2
520.0,E1,1
540.0,-300077497#5,27
540.0,-35274074#2,11
540.0,-360018417,5
540.0,-51362429#1,7
540.0,-51362430,19
540.0,-593847703#3,27
540.0,-594658757#2,13
540.0,-E0,19
540.0,1068234498#0,25
540.0,1068234499#0,13
540.0,1068440001,9
540.0,1068440004#1,33
540.0,1334904386#0,10
540.0,182334378#0,11
540.0,186602412#0,2
540.0,196961377#0,26
540.0,238526531#0,25
540.0,244450512#1,2
540.0,244450512#5,3
540.0,300077497#6,4
540.0,30620492#0,18
540.0,30620492#1,5
540.0,484988951#0,5
540.0,49073226#2,8
540.0,49695736#0,4
540.0,506322842#0,3
540.0,506322844#0,6
540.0,506322846#0,2
540.0,506322846#2,4
540.0,506322851#2,6
540.0,506322853#0,19
540.0,51362429#0,17
540.0,51362430,4
540.0,593844221#0,1
540.0,593849711#2,17
540.0,594658757#0,1
540.0,594658760#0,6
540.0,668037874,4
540.0,:3086736518_0,1
540.0,:3086736518_4,2
540.0,:3086736518_6,1
540.0,:655375232_2,5
540.0,:655375232_6,3
540.0,:655375232_8,2
540.0,:655375233_0,1
540.0,:655375233_4,1
540.0,:655375233_8,7
540.0,:655375239_3,2
540.0,:cluster11510670762_4554226152_0,2
540.0,:cluster655375336_end_0_655375336_end_1_655375336_end_10_655375336_end_11_#8more_40,2
540.0,:cluster_5372642442_631668976_631668981_631669076_45,1
540.0,E1,1
560.0,-1334905223#2,2
560.0,-300077497#5,27
560.0,-300077497#8,4
560.0,-35274074#2,12
560.0,-51362429#1,7
560.0,-51362430,19
560.0,-593847703#3,27
560.0,-594658757#2,18
560.0,-E0,19
560.0,1068234498#0,26
560.0,1068234499#0,10
560.0,1068440001,9
560.0,1068440004#1,33
560.0,1334904386#0,2
560.0,182334378#0,13
560.0,186602412#0,2
560.0,196961377#0,27
560.0,238526531#0,20
560.0,244450512#1,2
560.0,244450512#5,3
560.0,263217604#0,1
560.0,300077497#0,5
560.0,300077497#6,4
560.0,303647015#0,10
560.0,30620492#0,18
560.0,30620492#1,5
560.0,484988951#0,5
560.0,49073226#2,7
560.0,49073272#4,5
560.0,506322840#0,2
560.0,506322844#0,5
560.0,506322846#0,2
560.0,506322846#2,2
560.0,506322851#2,6
560.0,506322853#0,19
560.0,51362429#0,17
560.0,51362430,4
560.0,593844221#0,1
560.0,593849711#2,20
560.0,594658757#0,1
560.0,594658760#0,6
560.0,668037874,4
560.0,:3086736518_0,1
560.0,:3086736518_4,2
560.0,:3086736518_6,1
560.0,:655375232_2,5
560.0,:655375232_6,3
560.0,:655375232_8,2
560.0,:655375233_0,1
560.0,:655375233_4,1
560.0,:655375233_8,7
560.0,:cluster11510670762_4554226152_0,2
560.0,:cluster3086736522_655375108_655375247_655375401_#1more_8,1
560.0,:cluster_2038168688_655375573_30,1
560.0,:cluster_2038168688_655375573_9,1
560.0,:cluster_2528018119_655375236_12,1
560.0,:cluster_2528018119_655375236_29,2
560.0,:cluster_623980147_623980152_9,1
580.0,-300077497#5,27
580.0,-300077497#8,4
580.0,-35274074#2,12
580.0,-360018417,2
580.0,-51362429#1,8
580.0,-51362430,19
580.0,-593847703#3,29
580.0,-594658757#2,12
580.0,-E0,19
580.0,1068234498#0,28
580.0,1068234499#0,4
580.0,1068440001,9
580.0,1068440004#1,33
580.0,1334904386#0,3
580.0,1334905223#0,1
580.0,182334378#0,16
580.0,196961377#0,23
580.0,238526531#0,20
580.0,244450512#1,2
580.0,244450512#5,3
580.0,263217604#0,1
580.0,288135626#0,2
580.0,288878926#0,7
580.0,300077497#0,6
580.0,300077497#6,1
580.0,303647015#0,4
580.0,30620492#0,18
580.0,30620492#1,5
580.0,35274074#0,4
580.0,484988951#0,5
580.0,49073272#1,1
580.0,49073272#4,1
580.0,506322844#0,5
580.0,506322846#2,2
580.0,506322851#2,6
580.0,506322853#0,19
580.0,51362429#0,17
580.0,51362430,4
580.0,593844221#0,1
580.0,593849711#2,18
580.0,594658757#0,1
580.0,594658760#0,6
580.0,668037874,4
580.0,:3086736518_0,1
580.0,:3086736518_4,2
580.0,:3086736518_6,1
580.0,:619136999_2,1
580.0,:655375232_2,5
580.0,:655375232_6,3
580.0,:655375232_8,2
580.0,:655375233_0,1
580.0,:655375233_4,1
580.0,:655375233_8,7
580.0,:655375238_0,1
580.0,:655375239_3,1
580.0,:655375241_0,1
580.0,:cluster11510670762_4554226152_0,2
580.0,:cluster3086736522_655375108_655375247_655375401_#1more_11,2
580.0,:cluster655375336_end_0_655375336_end_1_655375336_end_10_655375336_end_11_#8more_40,1
580.0,:cluster_2038168688_655375573_30,1
580.0,:cluster_3431431575_4777363357_655375231_6982059025_3,1
580.0,:cluster_623980147_623980152_4,1
600.0,-300077497#5,25
600.0,-300077497#8,4
600.0,-35274074#2,9
600.0,-360018417,5
600.0,-51362430,19
600.0,-593847703#3,25
600.0,-594658757#2,7
600.0,-E0,19
600.0,1068234498#0,28
600.0,1068234499#0,6
600.0,1068440001,9
600.0,1068440004#1,33
600.0,1334904386#0,4
600.0,182334378#0,19
600.0,196961377#0,20
600.0,238526531#0,21
600.0,244450512#1,2
600.0,260881642#0,3
600.0,288135626#0,1
600.0,288878926#0,8
600.0,300077497#6,2
600.0,303647015#0,6
600.0,30620492#0,18
600.0,30620492#1,5
600.0,360018417,1
600.0,360843888,1
600.0,484988951#0,5
600.0,49073226#2,4
600.0,506322844#0,5
600.0,506322846#0,2
600.0,506322846#2,2
600.0,506322851#2,6
600.0,506322853#0,19
600.0,51362429#0,17
600.0,51362430,7
600.0,593844221#0,1
600.0,593847702#0,1
600.0,593849711#0,1
600.0,593849711#2,21
600.0,594658757#0,1
600.0,594658760#0,6
600.0,668037874,4
600.0,:3086736518_0,1
600.0,:3086736518_4,2
600.0,:3086736518_6,1
600.0,:655375232_2,5
600.0,:655375232_6,3
600.0,:655375232_8,2
600.0,:655375233_0,1
600.0,:655375233_2,1
600.0,:655375233_4,3
600.0,:655375233_8,7
600.0,:655375238_3,1
600.0,:cluster11510670762_4554226152_0,2
600.0,:cluster622618015_622618108_622618112_622618144_#2more_0,1
600.0,:cluster_2038168688_655375573_30,1
600.0,:cluster_2038168688_655375573_6,2
600.0,:cluster_2528018119_655375236_17,2
600.0,:cluster_2664674491_655375287_655375288_5,1
600.0,:cluster_3431431575_4777363357_655375231_6982059025_3,1
600.0,:cluster_5372642442_631668976_631668981_631669076_26,1
600.0,:cluster_5372642442_631668976_631668981_631669076_45,2
600.0,:cluster_623980147_623980152_9,1
620.0,-300077497#5,25
620.0,-300077497#8,4
620.0,-35274074#2,9
620.0,-360018417,5
620.0,-51362430,19
620.0,-593847703#3,27
620.0,-594658757#2,7
620.0,-E0,19
620.0,1068234498#0,24
620.0,1068234499#0,7
620.0,1068440001,9
620.0,1068440004#1,33
620.0,1334904386#0,4
620.0,182334378#0,19
620.0,186602412#0,1
620.0,196961377#0,26
620.0,238526531#0,29
620.0,244450512#1,2
620.0,260881642#0,4
620.0,288878926#0,9
620.0,300077497#6,4
620.0,30620492#0,18
620.0,30620492#1,5
620.0,360843888,1
620.0,484988951#0,5
620.0,506322844#0,5
620.0,506322846#0,2
620.0,506322846#2,2
620.0,506322851#2,6
620.0,506322853#0,19
620.0,51362429#0,17
620.0,51362430,7
620.0,593844221#0,1
620.0,593847702#0,1
620.0,593849711#2,21
620.0,594658757#0,1
620.0,594658760#0,6
620.0,668037874,3
620.0,:3086736518_0,1
620.0,:3086736518_4,2
620.0,:3086736518_6,1
620.0,:655375232_2,5
620.0,:655375232_6,3
620.0,:655375232_8,2
620.0,:655375233_0,1
620.0,:655375233_2,1
620.0,:655375233_4,3
620.0,:655375233_8,7
620.0,:cluster11510670762_4554226152_0,2
620.0,:cluster622618015_622618108_622618112_622618144_#2more_49,1
620.0,:cluster_5372642442_631668976_631668981_631669076_26,1
620.0,:cluster_5372642442_631668976_631668981_631669076_45,1
640.0,-300077497#5,27
640.0,-300077497#8,4
640.0,-35274074#2,12
640.0,-360018417,1
640.0,-51362430,19
640.0,-593847703#3,28
640.0,-594658757#2,10
640.0,-E0,19
640.0,1068234498#0,24
640.0,1068234499#0,6
640.0,1068440001,9
640.0,1068440004#1,33
640.0,182334378#0,13
640.0,186602412#0,2
640.0,196961377#0,27
640.0,238526531#0,24
640.0,244450512#1,3
640.0,260881642#0,3
640.0,288878926#0,9
640.0,300077497#0,1
640.0,300077497#6,4
640.0,303647015#0,4
640.0,30620492#0,18
640.0,30620492#1,5
640.0,360843888,1
640.0,484988951#0,5
640.0,49073272#4,3
640.0,506322844#0,4
640.0,506322846#2,2
640.0,506322848#0,2
640.0,506322851#2,6
640.0,506322853#0,19
640.0,51362429#0,17
640.0,51362430,7
640.0,593844221#0,1
640.0,593849711#2,21
640.0,593849718#0,1
640.0,594658757#0,1
640.0,594658760#0,6
640.0,668037874,4
640.0,:3086736518_0,1
640.0,:3086736518_4,2
640.0,:3086736518_6,1
640.0,:3208478121_0,1
640.0,:655375232_2,5
640.0,:655375232_6,3
640.0,:655375232_8,2
640.0,:655375233_0,1
640.0,:655375233_2,1
640.0,:655375233_4,3
640.0,:655375233_8,7
640.0,:cluster11510670762_4554226152_0,2
640.0,:cluster655375336_end_0_655375336_end_1_655375336_end_10_655375336_end_11_#8more_12,2
640.0,:cluster655375336_end_0_655375336_end_1_655375336_end_10_655375336_end_11_#8more_40,1
640.0,:cluster_2038168688_655375573_9,1
640.0,:cluster_9383263990_9383263991_9383263992_9383263993_7,2
660.0,-1334905223#2,2
660.0,-300077497#5,27
660.0,-300077497#8,4
660.0,-35274074#2,12
660.0,-51362430,19
660.0,-593847703#3,30
660.0,-594658757#2,17
660.0,-E0,19
660.0,1068234498#0,28
660.0,1068234499#0,3
660.0,1068440001,9
660.0,1068440004#1,33
660.0,1068440006#0,1
660.0,1334904386#0,2
660.0,182334378#0,4
660.0,196961377#0,27
660.0,238526531#0,22
660.0,244450512#1,3
660.0,260881642#0,2
660.0,288878926#0,9
660.0,300077497#0,2
660.0,300077497#6,4
660.0,30620492#0,18
660.0,30620492#1,5
660.0,360843888,1
660.0,484988951#0,5
660.0,49073272#4,1
660.0,506322840#0,1
660.0,506322844#0,5
660.0,506322846#2,2
660.0,506322851#2,6
660.0,506322853#0,19
660.0,51362429#0,16
660.0,51362430,7
660.0,593844221#0,1
660.0,593849711#2,21
660.0,594658760#0,6
660.0,668037874,4
660.0,:3086736518_0,2
660.0,:3086736518_4,2
660.0,:3086736518_6,1
660.0,:655375232_2,4
660.0,:655375232_6,2
660.0,:655375232_8,2
660.0,:655375233_0,2
660.0,:655375233_2,1
660.0,:655375233_4,3
660.0,:655375233_8,7
660.0,:655375241_0,1
660.0,:cluster11510670762_4554226152_0,2
660.0,:cluster3086736522_655375108_655375247_655375401_#1more_11,1
660.0,:cluster655375336_end_0_655375336_end_1_655375336_end_10_655375336_end_11_#8more_40,2
680.0,-300077497#5,24
680.0,-300077497#8,4
680.0,-35274074#2,8
680.0,-360018417,5
680.0,-51362430,19
680.0,-593847703#3,32
680.0,-594658757#2,10
680.0,-E0,19
680.0,1068234498#0,35
680.0,1068234499#0,3
680.0,1068440001,9
680.0,1068440004#1,33
680.0,1068440006#0,1
680.0,1334904386#0,5
680.0,196961377#0,20
680.0,238526531#0,22
680.0,244450512#1,3
680.0,244450512#5,1
680.0,288878926#0,9
680.0,300077497#6,1
680.0,303647015#0,8
680.0,30620492#0,18
680.0,30620492#1,5
680.0,484988951#0,2
680.0,49073226#2,3
680.0,49073272#4,2
680.0,506322844#0,5
680.0,506322846#2,2
680.0,506322851#2,6
680.0,506322853#0,19
680.0,51362429#0,17
680.0,51362430,4
680.0,593844221#0,1
680.0,593849711#2,22
680.0,594658760#0,6
680.0,668037874,4
680.0,:3086736518_0,2
680.0,:3086736518_4,2
680.0,:3086736518_6,1
680.0,:655375232_11,1
680.0,:655375232_2,4
680.0,:655375232_6,1
680.0,:655375232_8,2
680.0,:655375233_0,2
680.0,:655375233_2,1
680.0,:655375233_4,3
680.0,:655375233_8,7
680.0,:655375238_3,1
680.0,:655375239_3,1
680.0,:cluster11510670762_4554226152_0,2
680.0,:cluster3086736522_655375108_655375247_655375401_#1more_11,2
680.0,:cluster655375336_end_0_655375336_end_1_655375336_end_10_655375336_end_11_#8more_31,1
680.0,:cluster_2528018119_655375236_31,1
680.0,:cluster_3431431575_4777363357_655375231_6982059025_7,2
700.0,-300077497#5,24
700.0,-300077497#8,4
700.0,-35274074#2,6
700.0,-360018417,5
700.0,-51362429#1,2
700.0,-51362430,19
700.0,-593847703#3,31
700.0,-593847704#2,5
700.0,-594658757#2,9
700.0,-E0,19
700.0,1068234498#0,28
700.0,1068234499#0,5
700.0,1068440001,9
700.0,1068440004#1,33
700.0,1068440006#0,1
700.0,1334904386#0,5
700.0,196961377#0,22
700.0,238526531#0,26
700.0,244450512#1,3
700.0,244450512#5,1
700.0,288135626#0,2
700.0,288878926#0,2
700.0,300077497#6,1
700.0,303647015#0,2
700.0,30620492#0,18
700.0,30620492#1,5
700.0,484988951#0,5
700.0,49073226#2,8
700.0,506322844#0,5
700.0,506322846#2,2
700.0,506322851#2,6
700.0,506322853#0,19
700.0,51362429#0,17
700.0,51362430,2
700.0,593844221#0,1
700.0,593849711#2,21
700.0,594658760#0,6
700.0,668037874,3
700.0,:2444664370_0,1
700.0,:3086736518_0,2
700.0,:3086736518_4,1
700.0,:3086736518_6,1
700.0,:655375232_2,4
700.0,:655375232_6,2
700.0,:655375232_8,1
700.0,:655375233_0,2
700.0,:655375233_2,1
700.0,:655375233_4,3
700.0,:655375233_8,7
700.0,:cluster11510670762_4554226152_0,2
700.0,:cluster619136880_619136881_cluster_4510442270_5296993511_5296993513_619136931_#1more_12,1
700.0,:cluster619136880_619136881_cluster_4510442270_5296993511_5296993513_619136931_#1more_8,1
700.0,:cluster622618015_622618108_622618112_622618144_#2more_2,1
700.0,:cluster_3208478133_655375293_655375296_9631728504_#1more_10,1
700.0,:cluster_5372642442_631668976_631668981_631669076_45,2
720.0,-300077497#5,27
720.0,-300077497#8,1
720.0,-35274074#2,5
720.0,-360018417,5
720.0,-51362429#1,3
720.0,-51362430,19
720.0,-593847703#3,31
720.0,-593847704#2,1
720.0,-594658757#2,9
720.0,-E0,19
720.0,1068234498#0,24
720.0,1068234499#0,8
720.0,1068440001,9
720.0,1068440004#1,30
720.0,1068440006#0,1
720.0,1334904386#0,5
720.0,196961377#0,26
720.0,238526531#0,30
720.0,244450512#1,3
720.0,244450512#5,1
720.0,288135626#0,2
720.0,300077497#6,1
720.0,30620492#0,18
720.0,30620492#1,5
720.0,484988951#0,5
720.0,49073226#2,8
720.0,506322844#0,5
720.0,506322846#2,3
720.0,506322851#2,6
720.0,506322853#0,19
720.0,51362429#0,17
720.0,51362430,3
720.0,593844221#0,1
720.0,593847702#0,7
720.0,593847703#0,2
720.0,593849711#2,21
720.0,594658760#0,6
720.0,668037874,4
720.0,:3086736518_0,2
720.0,:3086736518_4,1
720.0,:3086736518_6,1
720.0,:655375232_2,4
720.0,:655375232_6,2
720.0,:655375232_8,1
720.0,:655375233_4,3
720.0,:655375233_8,4
720.0,:655375238_2,1
720.0,:cluster11510670762_4554226152_0,2
720.0,:cluster_5372642442_631668976_631668981_631669076_45,1
740.0,-1334905223#2,2
740.0,-300077497#5,27
740.0,-300077497#8,4
740.0,-35274074#2,9
740.0,-51362429#1,3
740.0,-51362430,19
740.0,-593847703#3,32
740.0,-594658757#2,9
740.0,-E0,19
740.0,1068234498#0,27
740.0,1068234499#0,2
740.0,1068440001,9
740.0,1068440004#1,30
740.0,1068440006#0,1
740.0,196961377#0,27
740.0,238526531#0,17
740.0,244450512#1,3
740.0,244450512#5,1
740.0,263217604#0,1
740.0,300077497#0,6
740.0,300077497#6,1
740.0,303647015#0,5
740.0,30620492#0,18
740.0,30620492#1,5
740.0,484988951#0,5
740.0,49073226#2,8
740.0,49073272#4,4
740.0,506322840#0,2
740.0,506322844#0,5
740.0,506322846#2,2
740.0,506322848#0,2
740.0,506322851#2,6
740.0,506322853#0,19
740.0,51362429#0,17
740.0,51362430,3
740.0,593844221#0,1
740.0,593847703#0,2
740.0,593849711#2,21
740.0,593849718#0,2
740.0,594658760#0,4
740.0,668037874,4
740.0,:3086736518_0,2
740.0,:3086736518_4,1
740.0,:3086736518_6,1
740.0,:655375232_2,4
740.0,:655375232_6,2
740.0,:655375232_8,1
740.0,:655375233_4,3
740.0,:655375233_8,7
740.0,:655375238_2,1
740.0,:655375238_3,1
740.0,:655375241_0,1
740.0,:cluster11510670762_4554226152_0,2
740.0,:cluster_2038168688_655375573_25,1
740.0,:cluster_2528018119_655375236_29,1
740.0,:cluster_9383263990_9383263991_9383263992_9383263993_7,1
760.0,-300077497#5,27
760.0,-300077497#8,4
760.0,-35274074#2,11
760.0,-360018417,2
760.0,-51362429#1,3
760.0,-51362430,19
760.0,-593847703#3,32
760.0,-594658757#2,3
760.0,-E0,19
760.0,1068234498#0,34
760.0,1068234499#0,2
760.0,1068440001,9
760.0,1068440004#1,33
760.0,1068440006#0,2
760.0,1239087514,1
760.0,196961377#0,24
760.0,238526531#0,16
760.0,244450512#1,3
760.0,244450512#5,1
760.0,263217604#0,2
760.0,300077497#0,1
760.0,300077497#6,2
760.0,303647015#0,4
760.0,30620492#0,17
760.0,30620492#1,5
760.0,484988951#0,5
760.0,49073226#2,8
760.0,49073272#4,1
760.0,49695736#0,1
760.0,506322844#0,5
760.0,506322846#2,2
760.0,506322851#2,6
760.0,506322853#0,18
760.0,51362429#0,15
760.0,51362430,3
760.0,593844221#0,1
760.0,593847703#0,3
760.0,593849711#2,21
760.0,594658760#0,3
760.0,668037874,4
760.0,:3086736518_0,2
760.0,:3086736518_4,1
760.0,:3086736518_6,1
760.0,:619136999_2,1
760.0,:655375232_2,2
760.0,:655375232_8,1
760.0,:655375233_0,1
760.0,:655375233_4,3
760.0,:655375233_8,7
760.0,:655375238_0,1
760.0,:655375238_2,1
760.0,:655375238_3,1
760.0,:655375239_3,1
760.0,:cluster11510670762_4554226152_0,2
760.0,:cluster3086736522_655375108_655375247_655375401_#1more_11,2
780.0,-300077497#5,26
780.0,-300077497#8,4
780.0,-35274074#2,11
780.0,-360018417,5
780.0,-51362429#1,4
780.0,-51362430,19
780.0,-593847703#3,32
780.0,-E0,19
780.0,1068234498#0,29
780.0,1068234499#0,2
780.0,1068440001,9
780.0,1068440004#1,33
780.0,196961377#0,20
780.0,232003903#0,1
780.0,238526531#0,17
780.0,244450512#1,2
780.0,260881642#0,3
780.0,288135626#0,2
780.0,300077497#0,5
780.0,303647015#0,4
780.0,30620492#0,18
780.0,30620492#1,5
780.0,360843888,1
780.0,484988951#0,3
780.0,49073226#2,8
780.0,49695736#0,1
780.0,506322844#0,5
780.0,506322846#2,3
780.0,506322851#2,5
780.0,506322853#0,19
780.0,51362429#0,14
780.0,51362430,3
780.0,593844221#0,1
780.0,593849711#2,21
780.0,594658757#0,1
780.0,594658760#0,3
780.0,668037874,4
780.0,:3086736518_0,3
780.0,:3086736518_4,1
780.0,:3086736518_6,1
780.0,:655375232_2,4
780.0,:655375233_0,1
780.0,:655375233_4,3
780.0,:655375233_8,7
780.0,:655375238_2,1
780.0,:655375238_3,1
780.0,:cluster11510670762_4554226152_0,1
780.0,:cluster622618015_622618108_622618112_622618144_#2more_49,1
780.0,:cluster655375336_end_0_655375336_end_1_655375336_end_10_655375336_end_11_#8more_31,1
780.0,:cluster_2528018119_655375236_17,1
780.0,:cluster_3208478133_655375293_655375296_9631728504_#1more_8,1
780.0,:cluster_3431431575_4777363357_655375231_6982059025_7,1
780.0,:cluster_5372642442_631668976_631668981_631669076_45,2
800.0,-300077497#5,26
800.0,-300077497#8,4
800.0,-35274074#2,11
800.0,-360018417,5
800.0,-51362429#1,8
800.0,-51362430,18
800.0,-593847703#3,32
800.0,-E0,19
800.0,1068234498#0,23
800.0,1068234499#0,4
800.0,1068440001,9
800.0,1068440004#1,33
800.0,196961377#0,26
800.0,232003903#0,2
800.0,238526531#0,25
800.0,244450512#1,2
800.0,260881642#0,3
800.0,288135626#0,1
800.0,288878926#0,2
800.0,30620492#0,18
800.0,30620492#1,5
800.0,35274074#0,3
800.0,360843888,1
800.0,484988951#0,3
800.0,49073226#2,10
800.0,49695736#0,1
800.0,506322844#0,5
800.0,506322846#0,1
800.0,506322846#2,2
800.0,506322851#2,5
800.0,506322853#0,19
800.0,51362429#0,17
800.0,593844221#0,1
800.0,593847704#0,1
800.0,593849711#2,16
800.0,594658757#0,1
800.0,594658760#0,3
800.0,668037874,1
800.0,:3086736518_0,3
800.0,:3086736518_6,1
800.0,:655375232_2,4
800.0,:655375232_6,1
800.0,:655375233_0,1
800.0,:655375233_4,5
800.0,:655375233_8,7
800.0,:655375238_2,1
800.0,:655375238_3,1
800.0,:cluster11510670762_4554226152_0,2
800.0,:cluster_2038168688_655375573_24,1
800.0,:cluster_3208478133_655375293_655375296_9631728504_#1more_8,1
800.0,:cluster_3431431575_4777363357_655375231_6982059025_3,1
800.0,:cluster_5372642442_631668976_631668981_631669076_22,1
800.0,:cluster_5372642442_631668976_631668981_631669076_45,2
800.0,:cluster_623980147_623980152_9,1
820.0,-300077497#5,27
820.0,-300077497#8,4
820.0,-35274074#2,11
820.0,-360018417,1
820.0,-51362429#1,7
820.0,-51362430,18
820.0,-593847703#3,32
820.0,-E0,19
820.0,1068234498#0,20
820.0,1068234499#0,4
820.0,1068440001,8
820.0,1068440004#1,33
820.0,186602412#0,3
820.0,196961377#0,27
820.0,232003903#0,2
820.0,238526531#0,25
820.0,244450512#1,2
820.0,260881642#0,3
820.0,288878926#0,9
820.0,300077497#0,2
820.0,30620492#0,18
820.0,30620492#1,5
820.0,360843888,1
820.0,484988951#0,4
820.0,49073226#2,4
820.0,49073272#4,4
820.0,49695736#0,1
820.0,506322844#0,4
820.0,506322846#0,2
820.0,506322846#2,2
820.0,506322848#0,3
820.0,506322851#2,5
820.0,506322853#0,19
820.0,51362429#0,17
820.0,593847704#0,1
820.0,593849711#2,16
820.0,594658757#0,1
820.0,594658760#0,3
820.0,:3086736518_0,3
820.0,:3086736518_6,1
820.0,:655375232_2,4
820.0,:655375232_6,1
820.0,:655375233_0,1
820.0,:655375233_4,4
820.0,:655375233_8,7
820.0,:655375238_3,1
820.0,:655375238_5,1
820.0,:cluster11510670762_4554226152_0,1
820.0,:cluster655375336_end_0_655375336_end_1_655375336_end_10_655375336_end_11_#8more_25,2
820.0,:cluster_2038168688_655375573_9,1
820.0,:cluster_2528018119_655375236_12,1
820.0,:cluster_2528018119_655375236_29,1
820.0,:cluster_2664674491_655375287_655375288_5,1
820.0,:cluster_3208478133_655375293_655375296_9631728504_#1more_8,2
820.0,:cluster_3431431575_4777363357_655375231_6982059025_3,2
820.0,:cluster_623980147_623980152_4,1
820.0,:cluster_9383263990_9383263991_9383263992_9383263993_7,1
840.0,-1334905223#2,2
840.0,-300077497#5,27
840.0,-300077497#8,4
840.0,-35274074#2,11
840.0,-51362429#1,2
840.0,-51362430,14
840.0,-593847703#3,32
840.0,-E0,19
840.0,1068234498#0,28
840.0,1068234499#0,2
840.0,1068440001,4
840.0,1068440004#1,33
840.0,182334379#0,1
840.0,196961377#0,27
840.0,232003903#0,2
840.0,238526531#0,25
840.0,244450512#1,2
840.0,260881642#0,2
840.0,263217604#0,2
840.0,288878926#0,13
840.0,300077497#0,7
840.0,300077497#6,1
840.0,30620492#0,18
840.0,30620492#1,5
840.0,360843888,1
840.0,484988951#0,4
840.0,49073226#2,8
840.0,49073272#4,1
840.0,49695736#0,5
840.0,506322844#0,5
840.0,506322851#2,5
840.0,506322853#0,17
840.0,51362429#0,17
840.0,593849711#2,16
840.0,594658757#0,1
840.0,594658760#0,3
840.0,668037874,2
840.0,:3086736518_0,3
840.0,:3086736518_6,1
840.0,:655375232_2,4
840.0,:655375232_6,1
840.0,:655375233_0,1
840.0,:655375233_4,4
840.0,:655375233_8,7
840.0,:655375238_3,1
840.0,:655375238_5,1
840.0,:656132414_2,1
840.0,:cluster11510670762_4554226152_0,1
840.0,:cluster622618015_622618108_622618112_622618144_#2more_42,1
840.0,:cluster655375336_end_0_655375336_end_1_655375336_end_10_655375336_end_11_#8more_25,2
840.0,:cluster_2528018119_655375236_12,2
840.0,:cluster_3208478133_655375293_655375296_9631728504_#1more_8,1
860.0,-300077497#5,27
860.0,-300077497#8,4
860.0,-35274074#2,11
860.0,-360018417,5
860.0,-49073264#1,1
860.0,-51362429#1,2
860.0,-51362430,14
860.0,-593847703#3,32
860.0,-E0,19
860.0,1068234498#0,33
860.0,1068234499#0,2
860.0,1068440001,7
860.0,1068440004#1,33
860.0,182334379#0,1
860.0,196961377#0,20
860.0,238526531#0,25
860.0,244450512#1,2
860.0,244450512#4,1
860.0,263217604#0,2
860.0,288878926#0,13
860.0,300077497#0,8
860.0,30620492#0,18
860.0,30620492#1,5
860.0,484988951#0,4
860.0,49073226#2,8
860.0,49073272#4,2
860.0,49695736#0,5
860.0,506322844#0,5
860.0,506322851#2,4
860.0,506322853#0,18
860.0,51362429#0,17
860.0,51362430,2
860.0,593849711#2,16
860.0,594658757#0,1
860.0,594658760#0,3
860.0,668037874,2
860.0,:3086736518_0,3
860.0,:3086736518_6,1
860.0,:655375232_2,4
860.0,:655375232_6,1
860.0,:655375233_0,1
860.0,:655375233_4,4
860.0,:655375233_8,7
860.0,:655375238_1,1
860.0,:655375238_3,1
860.0,:655375238_5,1
860.0,:cluster11510670762_4554226152_0,2
880.0,-300077497#5,27
880.0,-300077497#8,4
880.0,-35274074#2,11
880.0,-360018417,5
880.0,-49073264#1,1
880.0,-51362429#1,2
880.0,-51362430,16
880.0,-593847703#3,32
880.0,-E0,19
880.0,1068234498#0,33
880.0,1068234499#0,3
880.0,1068440001,9
880.0,1068440004#1,33
880.0,196961377#0,21
880.0,238526531#0,26
880.0,244450512#1,2
880.0,244450512#4,1
880.0,244450512#5,1
880.0,288878926#0,7
880.0,300077497#0,8
880.0,30620492#0,18
880.0,30620492#1,5
880.0,484988951#0,5
880.0,49073226#2,8
880.0,49695736#0,5
880.0,506322844#0,5
880.0,506322851#2,3
880.0,506322853#0,19
880.0,51362429#0,17
880.0,51362430,1
880.0,593847704#0,1
880.0,593849711#0,1
880.0,593849711#2,16
880.0,594658757#0,1
880.0,594658760#0,4
880.0,:3086736518_0,3
880.0,:3086736518_6,1
880.0,:655375232_2,4
880.0,:655375232_6,1
880.0,:655375233_0,1
880.0,:655375233_4,4
880.0,:655375233_8,7
880.0,:655375238_1,1
880.0,:655375238_3,1
880.0,:655375238_5,1
880.0,:cluster11510670762_4554226152_0,2
880.0,:cluster619136880_619136881_cluster_4510442270_5296993511_5296993513_619136931_#1more_12,1
880.0,:cluster622618015_622618108_622618112_622618144_#2more_0,1
900.0,-300077497#5,27
900.0,-300077497#8,4
900.0,-35274074#2,11
900.0,-360018417,5
900.0,-49073264#1,1
900.0,-51362429#1,3
900.0,-51362430,19
900.0,-593847703#3,31
900.0,-E0,19
900.0,1068234498#0,35
900.0,1068234499#0,3
900.0,1068440001,9
900.0,1068440004#1,33
900.0,196961377#0,22
900.0,238526531#0,26
900.0,244450512#1,2
900.0,244450512#5,2
900.0,288878926#0,5
900.0,300077497#0,8
900.0,30620492#0,18
900.0,30620492#1,5
900.0,484988951#0,5
900.0,49073226#2,8
900.0,49695736#0,5
900.0,506322844#0,5
900.0,506322851#2,3
900.0,506322853#0,19
900.0,51362429#0,17
900.0,51362430,1
900.0,593847704#0,1
900.0,593849711#2,13
900.0,594658757#0,1
900.0,594658760#0,4
900.0,:3086736518_0,3
900.0,:3086736518_4,1
900.0,:3086736518_6,1
900.0,:655375232_2,4
900.0,:655375232_4,1
900.0,:655375232_6,2
900.0,:655375233_0,1
900.0,:655375233_4,4
900.0,:655375233_8,7
900.0,:655375238_1,1
900.0,:655375238_3,1
900.0,:655375238_5,1
900.0,:cluster11510670762_4554226152_0,2
920.0,-300077497#5,27
920.0,-300077497#8,4
920.0,-35274074#2,11
920.0,-49073264#1,1
920.0,-506322847#4,1
920.0,-51362429#1,3
920.0,-51362430,19
920.0,-593847701,1
920.0,-593847703#3,30
920.0,-593847705,1
920.0,-E0,19
920.0,1068234498#0,37
920.0,1068234499#0,1
920.0,1068440001,9
920.0,1068440004#1,33
920.0,196961377#0,22
920.0,238526531#0,25
920.0,244450512#1,2
920.0,244450512#5,2
920.0,288878926#0,5
920.0,300077497#0,13
920.0,30620492#0,18
920.0,30620492#1,5
920.0,484988951#0,5
920.0,49073226#2,8
920.0,49073272#4,4
920.0,506322844#0,5
920.0,506322851#2,3
920.0,506322853#0,19
920.0,51362429#0,17
920.0,51362430,1
920.0,593847704#0,1
920.0,593849711#2,13
920.0,594658757#0,1
920.0,594658760#0,4
920.0,:3086736518_0,3
920.0,:3086736518_4,1
920.0,:3086736518_6,1
920.0,:655375232_2,4
920.0,:655375232_4,1
920.0,:655375232_6,2
920.0,:655375233_0,1
920.0,:655375233_2,1
920.0,:655375233_4,3
920.0,:655375233_8,7
920.0,:655375238_1,1
920.0,:655375238_3,1
920.0,:655375238_5,1
920.0,:cluster11510670762_4554226152_0,2
920.0,:cluster_2528018119_655375236_28,1
940.0,-300077497#5,27
940.0,-300077497#8,4
940.0,-35274074#2,11
940.0,-360018417,2
940.0,-506322847#4,1
940.0,-51362429#1,3
940.0,-51362430,19
940.0,-593847701,1
940.0,-593847703#3,31
940.0,-593847705,1
940.0,-E0,19
940.0,1068234498#0,37
940.0,1068234499#0,1
940.0,1068440001,9
940.0,1068440004#1,33
940.0,196961377#0,20
940.0,196961377#3,2
940.0,238526531#0,25
940.0,244450512#1,2
940.0,244450512#5,2
940.0,288878926#0,5
940.0,300077497#0,13
940.0,30620492#0,18
940.0,30620492#1,5
940.0,484988951#0,5
940.0,49073226#2,8
940.0,49073264#0,1
940.0,49073272#4,1
940.0,506322844#0,5
940.0,506322851#2,3
940.0,506322853#0,13
940.0,51362429#0,17
940.0,51362430,1
940.0,593849711#2,13
940.0,594658757#0,1
940.0,594658760#0,4
940.0,668037874,1
940.0,:3086736518_0,3
940.0,:3086736518_4,1
940.0,:3086736518_6,1
940.0,:655375232_2,4
940.0,:655375232_4,1
940.0,:655375232_6,2
940.0,:655375233_0,1
940.0,:655375233_2,1
940.0,:655375233_4,3
940.0,:655375233_8,7
940.0,:655375238_1,1
940.0,:655375238_3,1
940.0,:655375238_5,1
940.0,:cluster11510670762_4554226152_0,2
940.0,:cluster619136880_619136881_cluster_4510442270_5296993511_5296993513_619136931_#1more_8,1
940.0,:cluster619136899_619136900_cluster_619136929_619136942_6,1
960.0,-300077497#5,27
960.0,-300077497#8,4
960.0,-35274074#2,11
960.0,-360018417,5
960.0,-49073264#1,1
960.0,-51362429#1,3
960.0,-51362430,17
960.0,-593847701,1
960.0,-593847703#3,31
960.0,-593847704#2,1
960.0,-593847705,1
960.0,-E0,19
960.0,1068234498#0,37
960.0,1068234499#0,1
960.0,1068440001,7
960.0,1068440004#1,33
960.0,196961377#0,19
960.0,196961377#3,1
960.0,238526531#0,25
960.0,244450512#1,3
960.0,260881642#0,3
960.0,288878926#0,3
960.0,300077497#0,13
960.0,30620492#0,18
960.0,30620492#1,5
960.0,484988951#0,5
960.0,49073226#2,8
960.0,49695736#0,1
960.0,506322844#0,5
960.0,506322853#0,16
960.0,51362429#0,17
960.0,51362430,3
960.0,593844221#0,1
960.0,593849711#0,1
960.0,593849711#2,13
960.0,594658757#0,1
960.0,594658760#0,4
960.0,:1973482489_8,1
960.0,:3086736518_0,3
960.0,:3086736518_4,1
960.0,:3086736518_6,1
960.0,:655375232_2,4
960.0,:655375232_4,1
960.0,:655375232_6,2
960.0,:655375233_0,1
960.0,:655375233_2,1
960.0,:655375233_4,3
960.0,:655375233_8,7
960.0,:655375238_1,1
960.0,:655375238_3,1
960.0,:655375238_5,1
960.0,:cluster622618015_622618108_622618112_622618144_#2more_26,1
960.0,:cluster_3208478133_655375293_655375296_9631728504_#1more_8,4
980.0,-300077497#5,26
980.0,-300077497#8,4
980.0,-35274074#2,11
980.0,-360018417,5
980.0,-49073264#1,1
980.0,-51362429#1,3
980.0,-51362430,16
980.0,-593847701,1
980.0,-593847703#3,31
980.0,-593847705,1
980.0,-E0,19
980.0,1068234498#0,37
980.0,1068234499#0,1
980.0,1068440001,7
980.0,1068440004#1,33
980.0,196961377#0,19
980.0,238526531#0,25
980.0,244450512#1,2
980.0,260881642#0,3
980.0,300077497#0,13
980.0,30620492#0,18
980.0,30620492#1,5
980.0,484988951#0,5
980.0,49073226#2,8
980.0,49695736#0,1
980.0,506322844#0,5
980.0,506322853#0,16
980.0,51362429#0,17
980.0,51362430,3
980.0,593844221#0,1
980.0,593849711#2,13
980.0,594658757#0,1
980.0,594658760#0,4
980.0,:3086736518_0,3
980.0,:3086736518_4,1
980.0,:3086736518_6,1
980.0,:655375232_2,4
980.0,:655375232_4,1
980.0,:655375232_6,2
980.0,:655375233_0,1
980.0,:655375233_2,1
980.0,:655375233_4,3
980.0,:655375233_8,7
980.0,:655375238_1,1
980.0,:655375238_3,1
980.0,:655375238_5,1
980.0,:cluster11510670762_4554226152_0,1
980.0,:cluster_2528018119_655375236_17,1
980.0,:cluster_2664674491_655375287_655375288_5,1
980.0,:cluster_3208478133_655375293_655375296_9631728504_#1more_8,5
1000.0,-300077497#5,26
1000.0,-300077497#8,4
1000.0,-35274074#2,11
1000.0,-360018417,1
1000.0,-49073264#1,1
1000.0,-51362429#1,3
1000.0,-51362430,18
1000.0,-593847701,1
1000.0,-593847703#3,32
1000.0,-593847705,1
1000.0,-E0,19
1000.0,1068234498#0,37
1000.0,1068234499#0,1
1000.0,1068440001,7
1000.0,1068440004#1,33
1000.0,196961377#0,19
1000.0,238526531#0,25
1000.0,244450512#1,2
1000.0,260881642#0,2
1000.0,300077497#0,14
1000.0,30620492#0,18
1000.0,30620492#1,5
1000.0,484988951#0,5
1000.0,49073226#2,8
1000.0,49073272#4,4
1000.0,506322844#0,5
1000.0,506322853#0,16
1000.0,51362429#0,17
1000.0,51362430,3
1000.0,593844221#0,1
1000.0,593849711#2,13
1000.0,594658757#0,1
1000.0,594658760#0,4
1000.0,:3086736518_0,3
1000.0,:3086736518_4,1
1000.0,:3086736518_6,1
1000.0,:655375232_2,4
1000.0,:655375232_4,1
1000.0,:655375232_6,2
1000.0,:655375233_0,1
1000.0,:655375233_2,1
1000.0,:655375233_4,3
1000.0,:655375233_8,7
1000.0,:655375238_1,1
1000.0,:655375238_3,1
1000.0,:655375238_5,1
1000.0,:656132414_2,1
1000.0,:cluster11510670762_4554226152_0,1
1000.0,:cluster_2664674491_655375287_655375288_5,1
1000.0,:cluster_3208478133_655375293_655375296_9631728504_#1more_8,5
1020.0,-300077497#5,27
1020.0,-300077497#8,4
1020.0,-35274074#2,11
1020.0,-51362429#1,3
1020.0,-51362430,18
1020.0,-593847701,1
1020.0,-593847703#3,33
1020.0,-593847705,1
1020.0,-E0,19
1020.0,1068234498#0,37
1020.0,1068440001,6
1020.0,1068440004#1,33
1020.0,196961377#0,19
1020.0,238526531#0,25
1020.0,244450512#1,3
1020.0,260881642#0,2
1020.0,300077497#0,10
1020.0,300077497#6,1
1020.0,30620492#0,18
1020.0,30620492#1,5
1020.0,35274074#0,4
1020.0,484988951#0,5
1020.0,49073226#2,8
1020.0,49695736#0,3
1020.0,506322844#0,5
1020.0,506322853#0,13
1020.0,51362429#0,17
1020.0,51362430,3
1020.0,593844221#0,1
1020.0,593847703#0,1
1020.0,593847704#0,1
1020.0,593849711#2,13
1020.0,594658757#0,1
1020.0,594658760#0,4
1020.0,668037874,1
1020.0,:3086736518_0,2
1020.0,:3086736518_4,1
1020.0,:655375232_2,4
1020.0,:655375232_4,1
1020.0,:655375232_6,2
1020.0,:655375233_0,1
1020.0,:655375233_2,1
1020.0,:655375233_4,3
1020.0,:655375233_8,7
1020.0,:655375238_1,1
1020.0,:cluster11510670762_4554226152_0,2
1020.0,:cluster619136880_619136881_cluster_4510442270_5296993511_5296993513_619136931_#1more_8,1
1020.0,:cluster619136899_619136900_cluster_619136929_619136942_6,1
1020.0,:cluster622618015_622618108_622618112_622618144_#2more_17,1
1020.0,:cluster655375336_end_0_655375336_end_1_655375336_end_10_655375336_end_11_#8more_25,1
1020.0,:cluster_2528018119_655375236_20,1
1020.0,:cluster_2528018119_655375236_32,1
1040.0,-300077497#5,26
1040.0,-300077497#8,4
1040.0,-35274074#2,12
1040.0,-360018417,4
1040.0,-51362429#1,1
1040.0,-51362430,16
1040.0,-593847701,1
1040.0,-593847703#3,33
1040.0,-593847705,1
1040.0,-E0,19
1040.0,1068234498#0,37
1040.0,1068440001,9
1040.0,1068440004#1,32
1040.0,196961377#0,12
1040.0,196961377#3,6
1040.0,238526531#0,24
1040.0,244450512#1,3
1040.0,288878926#0,4
1040.0,300077497#0,7
1040.0,30620492#0,18
1040.0,30620492#1,5
1040.0,35274074#0,6
1040.0,484988951#0,5
1040.0,49073226#2,3
1040.0,49073272#4,1
1040.0,49695736#0,3
1040.0,506322844#0,5
1040.0,506322853#0,11
1040.0,51362429#0,17
1040.0,51362430,3
1040.0,593847702#0,4
1040.0,593849711#2,13
1040.0,593849718#0,1
1040.0,594658757#0,1
1040.0,594658760#0,3
1040.0,:3086736518_0,2
1040.0,:3086736518_4,1
1040.0,:619136999_2,1
1040.0,:655375232_2,4
1040.0,:655375232_4,1
1040.0,:655375232_6,2
1040.0,:655375233_0,1
1040.0,:655375233_2,1
1040.0,:655375233_4,2
1040.0,:655375233_8,4
1040.0,:655375238_6,1
1040.0,:cluster11510670762_4554226152_0,2
1040.0,:cluster_2038168688_655375573_23,1
1040.0,:cluster_2038168688_655375573_24,1
1040.0,:cluster_2038168688_655375573_3,1
1040.0,:cluster_2038168688_655375573_6,1
1040.0,:cluster_2528018119_655375236_17,1
1040.0,:cluster_3431431575_4777363357_655375231_6982059025_3,2
1040.0,:cluster_623980147_623980152_4,1
1060.0,-300077497#5,25
1060.0,-300077497#8,4
1060.0,-35274074#2,12
1060.0,-360018417,5
1060.0,-51362430,18
1060.0,-593847701,1
1060.0,-593847703#3,34
1060.0,-593847704#2,2
1060.0,-593847705,1
1060.0,-E0,18
1060.0,1068234498#0,36
1060.0,1068440001,10
1060.0,1068440004#1,33
1060.0,186602412#0,2
1060.0,196961377#0,12
1060.0,196961377#3,5
1060.0,238526531#0,25
1060.0,244450512#1,3
1060.0,288878926#0,5
1060.0,30620492#0,18
1060.0,30620492#1,4
1060.0,35274074#0,3
1060.0,484988951#0,5
1060.0,49695736#0,3
1060.0,506322844#0,5
1060.0,506322846#0,9
1060.0,506322853#0,11
1060.0,51362429#0,17
1060.0,51362430,3
1060.0,593847702#0,4
1060.0,593849711#2,13
1060.0,594658757#0,1
1060.0,594658760#0,1
1060.0,:1973482489_8,1
1060.0,:3086736518_0,2
1060.0,:3086736518_4,1
1060.0,:3086736518_6,1
1060.0,:655375232_2,4
1060.0,:655375232_4,1
1060.0,:655375232_6,2
1060.0,:655375233_0,1
1060.0,:655375233_2,1
1060.0,:655375233_4,2
1060.0,:655375233_8,4
1060.0,:cluster11510670762_4554226152_0,2
1060.0,:cluster622618015_622618108_622618112_622618144_#2more_2,1
1060.0,:cluster622618015_622618108_622618112_622618144_#2more_26,1
1060.0,:cluster655375336_end_0_655375336_end_1_655375336_end_10_655375336_end_11_#8more_18,1
1060.0,:cluster_2038168688_655375573_23,1
1060.0,:cluster_2038168688_655375573_3,1
1060.0,:cluster_2528018119_655375236_17,1
1080.0,-300077497#5,25
1080.0,-300077497#8,4
1080.0,-35274074#2,11
1080.0,-360018417,5
1080.0,-51362430,19
1080.0,-593847701,1
1080.0,-593847703#3,35
1080.0,-593847705,1
1080.0,-E0,18
1080.0,1068234498#0,36
1080.0,1068440001,10
1080.0,1068440004#1,34
1080.0,186602412#0,5
1080.0,196961377#0,12
1080.0,196961377#3,2
1080.0,232003903#0,1
1080.0,238526531#0,25
1080.0,244450512#1,3
1080.0,288878926#0,2
1080.0,30620492#0,16
1080.0,30620492#1,5
1080.0,484988951#0,5
1080.0,49695736#0,3
1080.0,506322844#0,6
1080.0,506322846#0,7
1080.0,506322853#0,11
1080.0,51362429#0,16
1080.0,51362430,3
1080.0,593847702#0,4
1080.0,593847703#0,2
1080.0,593849711#0,1
1080.0,593849711#2,13
1080.0,594658757#0,1
1080.0,594658760#0,1
1080.0,:1973482489_3,1
1080.0,:3086736518_0,2
1080.0,:3086736518_4,1
1080.0,:3086736518_6,1
1080.0,:655375232_11,1
1080.0,:655375232_6,2
1080.0,:655375233_0,2
1080.0,:655375233_2,1
1080.0,:655375233_4,2
1080.0,:655375233_8,4
1080.0,:655375238_2,1
1080.0,:cluster11510670762_4554226152_0,2
1080.0,:cluster622618015_622618108_622618112_622618144_#2more_49,1
1100.0,-300077497#5,27
1100.0,-300077497#8,4
1100.0,-35274074#2,11
1100.0,-51362429#1,1
1100.0,-51362430,19
1100.0,-593847701,1
1100.0,-593847703#3,35
1100.0,-593847705,1
1100.0,-E0,19
1100.0,1068234498#0,36
1100.0,1068440001,10
1100.0,1068440004#1,34
1100.0,1068440006#0,1
1100.0,186602412#0,4
1100.0,196961377#0,12
1100.0,196961377#3,2
1100.0,238526531#0,24
1100.0,244450512#1,3
1100.0,263217604#0,1
1100.0,288878926#0,2
1100.0,300077497#0,3
1100.0,30620492#0,18
1100.0,30620492#1,5
1100.0,484988951#0,3
1100.0,49073272#4,5
1100.0,506322844#0,4
1100.0,506322846#0,1
1100.0,506322853#0,11
1100.0,51362429#0,16
1100.0,51362430,4
1100.0,593847703#0,2
1100.0,593849711#2,9
1100.0,594658760#0,1
1100.0,:3086736518_0,3
1100.0,:3086736518_4,1
1100.0,:3086736518_6,1
1100.0,:655375232_11,1
1100.0,:655375232_6,3
1100.0,:655375233_0,2
1100.0,:655375233_2,1
1100.0,:655375233_4,2
1100.0,:655375233_8,4
1100.0,:655375238_3,1
1100.0,:cluster11510670762_4554226152_0,2
1100.0,:cluster_3431431575_4777363357_655375231_6982059025_3,1
1100.0,:cluster_3431431575_4777363357_655375231_6982059025_5,1
1120.0,-300077497#5,27
1120.0,-300077497#8,4
1120.0,-35274074#2,8
1120.0,-360018417,1
1120.0,-51362430,19
1120.0,-593847703#3,35
1120.0,-E0,19
1120.0,1068234498#0,36
1120.0,1068440001,10
1120.0,1068440004#1,34
1120.0,1068440006#0,2
1120.0,196961377#0,7
1120.0,196961377#3,6
1120.0,238526531#0,23
1120.0,244450512#1,3
1120.0,263217604#0,1
1120.0,288878926#0,2
1120.0,300077497#6,2
1120.0,30620492#0,18
1120.0,30620492#1,5
1120.0,35274074#0,3
1120.0,484988951#0,5
1120.0,49073226#2,2
1120.0,49073272#4,1
1120.0,506322844#0,5
1120.0,506322853#0,6
1120.0,51362429#0,17
1120.0,51362430,2
1120.0,593847703#0,2
1120.0,593849711#2,9
1120.0,594658760#0,1
1120.0,668037874,1
1120.0,:3086736518_0,3
1120.0,:3086736518_3,1
1120.0,:3086736518_4,1
1120.0,:3086736518_6,1
1120.0,:619136999_0,1
1120.0,:655375232_11,1
1120.0,:655375232_6,2
1120.0,:655375232_8,1
1120.0,:655375233_0,2
1120.0,:655375233_2,1
1120.0,:655375233_4,2
1120.0,:655375233_8,4
1120.0,:655375238_3,1
1120.0,:655375239_3,1
1120.0,:cluster11510670762_4554226152_0,2
1120.0,:cluster619136880_619136881_cluster_4510442270_5296993511_5296993513_619136931_#1more_12,1
1120.0,:cluster619136899_619136900_cluster_619136929_619136942_6,1
1140.0,-300077497#5,26
1140.0,-300077497#8,4
1140.0,-35274074#2,1
1140.0,-360018417,5
1140.0,-51362430,19
1140.0,-593847703#3,36
1140.0,-E0,19
1140.0,1068234498#0,34
1140.0,1068440001,5
1140.0,1068440004#1,34
1140.0,1068440006#0,1
1140.0,196961377#0,6
1140.0,196961377#3,6
1140.0,232003903#0,1
1140.0,238526531#0,25
1140.0,244450512#1,2
1140.0,260881642#0,4
1140.0,300077497#0,2
1140.0,300077497#6,3
1140.0,30620492#0,18
1140.0,30620492#1,5
1140.0,360843888,1
1140.0,484988951#0,5
1140.0,49073226#2,2
1140.0,506322844#0,5
1140.0,506322846#0,3
1140.0,506322853#0,6
1140.0,51362429#0,17
1140.0,51362430,2
1140.0,593844221#0,1
1140.0,593849711#0,1
1140.0,593849711#2,9
1140.0,594658760#0,1
1140.0,:3086736518_0,3
1140.0,:3086736518_3,1
1140.0,:3086736518_4,1
1140.0,:3086736518_6,1
1140.0,:655375232_11,1
1140.0,:655375232_6,2
1140.0,:655375232_8,1
1140.0,:655375233_0,2
1140.0,:655375233_2,1
1140.0,:655375233_4,2
1140.0,:655375233_8,4
1140.0,:cluster11510670762_4554226152_0,1
1140.0,:cluster622618015_622618108_622618112_622618144_#2more_2,1
1140.0,:cluster622618015_622618108_622618112_622618144_#2more_26,1
1140.0,:cluster_2664674491_655375287_655375288_5,1
1140.0,:cluster_3208478133_655375293_655375296_9631728504_#1more_8,5
1160.0,-300077497#5,27
1160.0,-300077497#8,3
1160.0,-360018417,5
1160.0,-51362430,16
1160.0,-593847703#3,36
1160.0,-E0,19
1160.0,1068234498#0,32
1160.0,1068440001,6
1160.0,1068440004#1,34
1160.0,186602412#0,2
1160.0,196961377#0,6
1160.0,232003903#0,2
1160.0,238526531#0,26
1160.0,244450512#1,3
1160.0,260881642#0,3
1160.0,300077497#6,4
1160.0,30620492#0,18
1160.0,30620492#1,5
1160.0,360843888,1
1160.0,484988951#0,5
1160.0,49073226#2,2
1160.0,49695736#0,2
1160.0,506322844#0,5
1160.0,506322846#0,2
1160.0,506322853#0,6
1160.0,51362429#0,17
1160.0,51362430,2
1160.0,593844221#0,1
1160.0,593849711#0,1
1160.0,593849711#2,9
1160.0,594658760#0,1
1160.0,:3086736518_0,3
1160.0,:3086736518_3,1
1160.0,:3086736518_4,1
1160.0,:3086736518_6,1
1160.0,:655375232_11,1
1160.0,:655375232_6,2
1160.0,:655375232_8,1
1160.0,:655375233_0,2
1160.0,:655375233_2,1
1160.0,:655375233_4,2
1160.0,:655375233_8,4
1160.0,:cluster11510670762_4554226152_0,1
1160.0,:cluster622618015_622618108_622618112_622618144_#2more_49,2
1160.0,:cluster_3208478133_655375293_655375296_9631728504_#1more_8,5
1180.0,-300077497#5,27
1180.0,-300077497#8,4
1180.0,-35274074#2,3
1180.0,-360018417,1
1180.0,-51362430,15
1180.0,-593847703#3,36
1180.0,-E0,19
1180.0,1068234498#0,33
1180.0,1068234499#0,1
1180.0,1068440001,9
1180.0,1068440004#1,34
1180.0,186602412#0,2
1180.0,196961377#0,6
1180.0,232003903#0,2
1180.0,238526531#0,23
1180.0,244450512#1,2
1180.0,260881642#0,3
1180.0,300077497#0,2
1180.0,300077497#6,4
1180.0,30620492#0,18
1180.0,30620492#1,5
1180.0,360843888,1
1180.0,484988951#0,5
1180.0,49073226#2,2
1180.0,49073272#4,3
1180.0,506322844#0,5
1180.0,506322853#0,6
1180.0,51362429#0,17
1180.0,51362430,2
1180.0,593844221#0,1
1180.0,593849711#2,9
1180.0,594658760#0,1
1180.0,:3086736518_0,3
1180.0,:3086736518_3,1
1180.0,:3086736518_4,1
1180.0,:3086736518_6,1
1180.0,:3208478121_0,1
1180.0,:655375232_11,1
1180.0,:655375232_6,2
1180.0,:655375232_8,1
1180.0,:655375233_0,2
1180.0,:655375233_2,1
1180.0,:655375233_4,2
1180.0,:655375233_8,4
1180.0,:cluster11510670762_4554226152_0,1
1180.0,:cluster_2528018119_655375236_12,1
1180.0,:cluster_2664674491_655375287_655375288_5,1
1180.0,:cluster_3208478133_655375293_655375296_9631728504_#1more_8,5
1200.0,-300077497#5,27
1200.0,-300077497#8,4
1200.0,-35274074#2,9
1200.0,-51362430,19
1200.0,-593847703#3,36
1200.0,-E0,19
1200.0,1068234498#0,34
1200.0,1068440001,9
1200.0,1068440004#1,34
1200.0,196961377#0,6
1200.0,232003903#0,2
1200.0,238526531#0,16
1200.0,244450512#1,3
1200.0,260881642#0,2
1200.0,300077497#0,2
1200.0,300077497#6,4
1200.0,30620492#0,18
1200.0,30620492#1,5
1200.0,35274074#0,2
1200.0,360843888,1
1200.0,484988951#0,5
1200.0,49073226#2,2
1200.0,49073272#4,1
1200.0,506322844#0,5
1200.0,506322853#0,3
1200.0,51362429#0,17
1200.0,51362430,2
1200.0,593849711#2,8
1200.0,594658760#0,1
1200.0,668037874,1
1200.0,:3086736518_0,3
1200.0,:3086736518_3,1
1200.0,:3086736518_4,1
1200.0,:3086736518_6,1
1200.0,:655375232_11,1
1200.0,:655375232_6,3
1200.0,:655375232_8,1
1200.0,:655375233_0,2
1200.0,:655375233_2,1
1200.0,:655375233_4,2
1200.0,:655375233_8,4
1200.0,:cluster11510670762_4554226152_0,1
1200.0,:cluster619136880_619136881_cluster_4510442270_5296993511_5296993513_619136931_#1more_8,1
1200.0,:cluster619136899_619136900_cluster_619136929_619136942_6,1
1200.0,:cluster655375336_end_0_655375336_end_1_655375336_end_10_655375336_end_11_#8more_25,2
1200.0,:cluster_2038168688_655375573_25,1
1200.0,:cluster_3208478133_655375293_655375296_9631728504_#1more_8,4
1220.0,-300077497#5,27
1220.0,-300077497#8,4
1220.0,-35274074#2,8
1220.0,-51362429#1,1
1220.0,-51362430,19
1220.0,-593847703#3,33
1220.0,-E0,19
1220.0,1068234498#0,36
1220.0,1068440001,8
1220.0,1068440004#1,34
1220.0,1068440006#0,4
1220.0,196961377#0,4
1220.0,196961377#3,5
1220.0,238526531#0,15
1220.0,244450512#1,3
1220.0,244450512#5,1
1220.0,300077497#6,2
1220.0,30620492#0,18
1220.0,30620492#1,5
1220.0,484988951#0,5
1220.0,49073226#2,2
1220.0,49073272#4,1
1220.0,49695736#0,6
1220.0,506322844#0,5
1220.0,51362429#0,17
1220.0,51362430,4
1220.0,593849711#2,5
1220.0,594658760#0,1
1220.0,:3086736518_0,3
1220.0,:3086736518_3,1
1220.0,:3086736518_4,1
1220.0,:3086736518_6,1
1220.0,:619136999_0,1
1220.0,:655375232_11,1
1220.0,:655375232_6,2
1220.0,:655375232_8,1
1220.0,:655375233_0,2
1220.0,:655375233_2,1
1220.0,:655375233_4,4
1220.0,:655375233_8,4
1220.0,:655375239_3,1
1220.0,:cluster11510670762_4554226152_0,2
1220.0,:cluster619136880_619136881_cluster_4510442270_5296993511_5296993513_619136931_#1more_12,1
1220.0,:cluster_2038168688_655375573_23,1
1220.0,:cluster_2038168688_655375573_24,1
1240.0,-300077497#5,26
1240.0,-300077497#8,4
1240.0,-35274074#2,3
1240.0,-51362430,19
1240.0,-593847703#3,34
1240.0,-E0,19
1240.0,1068234498#0,29
1240.0,1068234499#0,1
1240.0,1068440001,8
1240.0,1068440004#1,34
1240.0,1068440006#0,4
1240.0,186602412#0,2
1240.0,196961377#0,4
1240.0,196961377#3,1
1240.0,238526531#0,20
1240.0,244450512#1,3
1240.0,244450512#5,1
1240.0,300077497#6,4
1240.0,30620492#0,18
1240.0,30620492#1,5
1240.0,484988951#0,5
1240.0,49073226#2,3
1240.0,49695736#0,6
1240.0,506322844#0,5
1240.0,51362429#0,17
1240.0,51362430,4
1240.0,593849711#0,1
1240.0,593849711#2,5
1240.0,594658760#0,1
1240.0,:3086736518_0,3
1240.0,:3086736518_3,1
1240.0,:3086736518_4,1
1240.0,:3086736518_6,1
1240.0,:655375232_11,1
1240.0,:655375232_6,2
1240.0,:655375232_8,1
1240.0,:655375233_0,2
1240.0,:655375233_2,1
1240.0,:655375233_4,4
1240.0,:655375233_8,4
1240.0,:cluster11510670762_4554226152_0,2
1240.0,:cluster622618015_622618108_622618112_622618144_#2more_49,3
1240.0,:cluster_5372642442_631668976_631668981_631669076_45,2
1260.0,-300077497#5,26
1260.0,-300077497#8,4
1260.0,-35274074#2,3
1260.0,-51362430,19
1260.0,-593847703#3,34
1260.0,-E0,19
1260.0,1068234498#0,24
1260.0,1068234499#0,1
1260.0,1068440001,8
1260.0,1068440004#1,34
1260.0,1068440006#0,1
1260.0,196961377#0,4
1260.0,232003903#0,2
1260.0,238526531#0,28
1260.0,244450512#1,3
1260.0,244450512#5,1
1260.0,300077497#6,4
1260.0,30620492#0,18
1260.0,30620492#1,5
1260.0,484988951#0,5
1260.0,49073226#2,3
1260.0,49695736#0,6
1260.0,506322844#0,5
1260.0,51362429#0,17
1260.0,51362430,4
1260.0,593847704#0,1
1260.0,593849711#2,5
1260.0,594658760#0,1
1260.0,:3086736518_0,3
1260.0,:3086736518_3,1
1260.0,:3086736518_4,1
1260.0,:3086736518_6,1
1260.0,:655375232_11,1
1260.0,:655375232_6,2
1260.0,:655375232_8,1
1260.0,:655375233_0,2
1260.0,:655375233_2,1
1260.0,:655375233_4,4
1260.0,:655375233_8,4
1260.0,:cluster11510670762_4554226152_0,2
1260.0,:cluster655375336_end_0_655375336_end_1_655375336_end_10_655375336_end_11_#8more_47,1
1260.0,:cluster_5372642442_631668976_631668981_631669076_45,2
1280.0,-300077497#5,27
1280.0,-300077497#8,4
1280.0,-35274074#2,9
1280.0,-51362430,19
1280.0,-593847703#3,34
1280.0,-E0,19
1280.0,1068234498#0,30
1280.0,1068440001,8
1280.0,1068440004#1,34
1280.0,1068440006#0,1
1280.0,182334379#0,1
1280.0,196961377#0,4
1280.0,238526531#0,14
1280.0,244450512#1,3
1280.0,244450512#5,1
1280.0,288878926#0,3
1280.0,300077497#0,5
1280.0,300077497#6,4
1280.0,30620492#0,18
1280.0,30620492#1,5
1280.0,484988951#0,5
1280.0,506322840#0,2
1280.0,506322844#0,5
1280.0,506322848#0,1
1280.0,51362429#0,17
1280.0,51362430,7
1280.0,593847704#0,1
1280.0,593849711#2,5
1280.0,594658760#0,1
1280.0,:3086736518_0,3
1280.0,:3086736518_3,1
1280.0,:3086736518_4,1
1280.0,:3086736518_6,1
1280.0,:655375232_11,1
1280.0,:655375232_6,2
1280.0,:655375232_8,1
1280.0,:655375233_0,2
1280.0,:655375233_2,1
1280.0,:655375233_4,4
1280.0,:655375233_8,4
1280.0,:655375241_0,3
1280.0,:cluster11510670762_4554226152_0,2
1280.0,:cluster_2038168688_655375573_8,1
1280.0,:cluster_2038168688_655375573_9,1
1280.0,:cluster_2528018119_655375236_12,1
1280.0,:cluster_9383263990_9383263991_9383263992_9383263993_7,2
1300.0,-1334905223#2,1
1300.0,-300077497#5,27
1300.0,-300077497#8,4
1300.0,-35274074#2,11
1300.0,-51362430,19
1300.0,-593847703#3,34
1300.0,-E0,19
1300.0,1068234498#0,34
1300.0,1068440001,8
1300.0,1068440004#1,34
1300.0,1068440006#0,1
1300.0,182334379#0,1
1300.0,196961377#3,4
1300.0,238526531#0,12
1300.0,244450512#1,3
1300.0,244450512#5,1
1300.0,288878926#0,3
1300.0,300077497#0,1
1300.0,300077497#6,1
1300.0,30620492#0,18
1300.0,30620492#1,5
1300.0,35274074#0,5
1300.0,484988951#0,5
1300.0,49073272#3,1
1300.0,506322844#0,5
1300.0,51362429#0,17
1300.0,51362430,7
1300.0,593849711#2,5
1300.0,594658760#0,1
1300.0,:3086736518_0,3
1300.0,:3086736518_3,1
1300.0,:3086736518_4,1
1300.0,:3086736518_6,1
1300.0,:655375232_11,1
1300.0,:655375232_6,2
1300.0,:655375232_8,1
1300.0,:655375233_0,2
1300.0,:655375233_2,1
1300.0,:655375233_4,4
1300.0,:655375233_8,4
1300.0,:655375239_3,1
1300.0,:cluster11510670762_4554226152_0,2
1320.0,-300077497#5,26
1320.0,-300077497#8,4
1320.0,-35274074#2,5
1320.0,-51362430,17
1320.0,-593847703#3,35
1320.0,-593847704#2,2
1320.0,-E0,19
1320.0,1068234498#0,32
1320.0,1068440001,3
1320.0,1068440004#1,34
1320.0,1068440006#0,1
1320.0,196961377#3,3
1320.0,238526531#0,14
1320.0,244450512#1,2
1320.0,244450512#5,1
1320.0,260881642#0,3
1320.0,288135626#0,3
1320.0,288878926#0,1
1320.0,300077497#6,2
1320.0,30620492#0,18
1320.0,30620492#1,5
1320.0,360018417,1
1320.0,484988951#0,5
1320.0,49695736#0,2
1320.0,506322844#0,5
1320.0,506322846#0,5
1320.0,51362429#0,17
1320.0,51362430,7
1320.0,593844221#0,1
1320.0,593849711#2,5
1320.0,594658760#0,1
1320.0,:3086736518_0,3
1320.0,:3086736518_3,1
1320.0,:3086736518_4,1
1320.0,:3086736518_6,1
1320.0,:655375232_11,1
1320.0,:655375232_6,2
1320.0,:655375232_8,1
1320.0,:655375233_0,2
1320.0,:655375233_2,1
1320.0,:655375233_4,4
1320.0,:655375233_8,4
1320.0,:655375238_3,1
1320.0,:656132414_2,1
1320.0,:cluster11510670762_4554226152_0,1
1320.0,:cluster622618015_622618108_622618112_622618144_#2more_26,1
1320.0,:cluster_3208478133_655375293_655375296_9631728504_#1more_8,4
1320.0,:cluster_5372642442_631668976_631668981_631669076_22,2
1320.0,:cluster_5372642442_631668976_631668981_631669076_26,1
1320.0,:cluster_5372642442_631668976_631668981_631669076_45,1
1340.0,-300077497#5,27
1340.0,-300077497#8,3
1340.0,-35274074#2,4
1340.0,-51362430,14
1340.0,-593847703#3,35
1340.0,-593847705,1
1340.0,-E0,19
1340.0,1068234498#0,25
1340.0,1068234499#0,5
1340.0,1068440001,7
1340.0,1068440004#1,33
1340.0,186602412#0,4
1340.0,232003903#0,1
1340.0,238526531#0,21
1340.0,244450512#1,2
1340.0,260881642#0,3
1340.0,300077497#6,4
1340.0,30620492#0,18
1340.0,30620492#1,5
1340.0,484988951#0,5
1340.0,49695736#0,3
1340.0,506322844#0,5
1340.0,51362429#0,17
1340.0,51362430,7
1340.0,593844221#0,2
1340.0,593847702#0,3
1340.0,593849711#0,1
1340.0,593849711#2,5
1340.0,594658760#0,1
1340.0,:3086736518_0,3
1340.0,:3086736518_3,1
1340.0,:3086736518_4,1
1340.0,:3086736518_6,1
1340.0,:655375232_11,1
1340.0,:655375232_6,2
1340.0,:655375232_8,1
1340.0,:655375233_0,2
1340.0,:655375233_2,1
1340.0,:655375233_4,3
1340.0,:655375233_8,2
1340.0,:cluster11510670762_4554226152_0,1
1340.0,:cluster622618015_622618108_622618112_622618144_#2more_49,1
1340.0,:cluster_2664674491_655375287_655375288_5,1
1340.0,:cluster_3208478133_655375293_655375296_9631728504_#1more_8,4
1340.0,:cluster_5372642442_631668976_631668981_631669076_26,1
1340.0,:cluster_5372642442_631668976_631668981_631669076_45,2
1360.0,-300077497#5,27
1360.0,-300077497#8,4
1360.0,-35274074#2,7
1360.0,-51362430,17
1360.0,-593847703#3,35
1360.0,-593847705,1
1360.0,-E0,19
1360.0,1068234498#0,22
1360.0,1068234499#0,3
1360.0,1068440001,7
1360.0,1068440004#1,35
1360.0,1068440006#0,2
1360.0,232003903#0,1
1360.0,238526531#0,21
1360.0,244450512#1,2
1360.0,260881642#0,3
1360.0,300077497#0,2
1360.0,300077497#6,4
1360.0,30620492#0,18
1360.0,30620492#1,5
1360.0,484988951#0,5
1360.0,506322844#0,5
1360.0,506322848#0,2
1360.0,51362429#0,17
1360.0,51362430,7
1360.0,593844221#0,2
1360.0,593847702#0,1
1360.0,593847703#0,2
1360.0,593849711#2,5
1360.0,593849718#0,3
1360.0,:3086736518_0,3
1360.0,:3086736518_3,1
1360.0,:3086736518_4,1
1360.0,:3086736518_6,1
1360.0,:655375233_4,3
1360.0,:655375233_8,2
1360.0,:656132414_2,1
1360.0,:cluster11510670762_4554226152_0,2
1360.0,:cluster_2528018119_655375236_12,2
1360.0,:cluster_2528018119_655375236_32,1
1360.0,:cluster_3208478133_655375293_655375296_9631728504_#1more_8,4
1360.0,:cluster_3431431575_4777363357_655375231_6982059025_3,2
1360.0,:cluster_9383263990_9383263991_9383263992_9383263993_7,1
1380.0,-1334905223#2,2
1380.0,-300077497#5,27
1380.0,-300077497#8,4
1380.0,-35274074#2,12
1380.0,-51362430,16
1380.0,-593847703#3,35
1380.0,-593847705,1
1380.0,-E0,19
1380.0,1068234498#0,26
1380.0,1068440001,10
1380.0,1068440004#1,35
1380.0,1068440006#0,1
1380.0,232003903#0,2
1380.0,238526531#0,15
1380.0,244450512#1,3
1380.0,260881642#0,2
1380.0,263217604#0,1
1380.0,300077497#0,5
1380.0,300077497#6,4
1380.0,30620492#0,17
1380.0,30620492#1,5
1380.0,35274074#0,3
1380.0,484988951#0,4
1380.0,49073226#2,2
1380.0,506322844#0,5
1380.0,51362429#0,16
1380.0,51362430,7
1380.0,593844221#0,2
1380.0,593847702#0,1
1380.0,593847703#0,3
1380.0,593847704#0,1
1380.0,593849711#2,5
1380.0,:3086736518_0,3
1380.0,:3086736518_3,1
1380.0,:3086736518_4,1
1380.0,:655375233_4,3
1380.0,:655375233_8,2
1380.0,:cluster11510670762_4554226152_0,2
1380.0,:cluster_3208478133_655375293_655375296_9631728504_#1more_8,4
1380.0,:cluster_3431431575_4777363357_655375231_6982059025_5,1
1400.0,-300077497#5,26
1400.0,-300077497#8,4
1400.0,-35274074#2,10
1400.0,-51362430,19
1400.0,-593847703#3,36
1400.0,-593847705,1
1400.0,-E0,19
1400.0,1068234498#0,33
1400.0,1068440001,10
1400.0,1068440004#1,35
1400.0,1068440006#0,1
1400.0,238526531#0,15
1400.0,244450512#1,3
1400.0,263217604#0,1
1400.0,300077497#0,2
1400.0,300077497#6,1
1400.0,30620492#0,18
1400.0,30620492#1,5
1400.0,484988951#0,3
1400.0,49073226#2,2
1400.0,506322844#0,5
1400.0,506322846#0,1
1400.0,51362429#0,11
1400.0,51362430,7
1400.0,593844221#0,2
1400.0,593847702#0,1
1400.0,593847703#0,7
1400.0,593847705,1
1400.0,593849711#2,5
1400.0,:3086736518_3,1
1400.0,:3086736518_4,1
1400.0,:655375233_4,3
1400.0,:655375233_8,2
1400.0,:655375238_3,1
1400.0,:655375239_3,1
1400.0,:cluster11510670762_4554226152_0,2
1400.0,:cluster_2038168688_655375573_23,1
1400.0,:cluster_2038168688_655375573_3,1
1400.0,:cluster_2528018119_655375236_3,2
1400.0,:cluster_3208478133_655375293_655375296_9631728504_#1more_8,4
1400.0,:cluster_3431431575_4777363357_655375231_6982059025_5,1
1420.0,-300077497#5,26
1420.0,-300077497#8,4
1420.0,-35274074#2,6
1420.0,-51362429#1,2
1420.0,-51362430,19
1420.0,-593847703#3,36
1420.0,-593847705,1
1420.0,-E0,19
1420.0,1068234498#0,25
1420.0,1068440001,10
1420.0,1068440004#1,35
1420.0,1068440006#0,1
1420.0,186602412#0,3
1420.0,238526531#0,20
1420.0,244450512#1,3
1420.0,288135626#0,1
1420.0,300077497#0,8
1420.0,300077497#6,3
1420.0,30620492#0,18
1420.0,30620492#1,5
1420.0,35274074#0,2
1420.0,484988951#0,3
1420.0,49073226#2,6
1420.0,506322844#0,5
1420.0,51362429#0,15
1420.0,593844221#0,2
1420.0,593847702#0,1
1420.0,593847705,1
1420.0,593849711#2,1
1420.0,594658760#0,1
1420.0,:3086736518_3,1
1420.0,:655375232_8,1
1420.0,:655375233_4,3
1420.0,:655375233_8,2
1420.0,:655375238_1,1
1420.0,:cluster11510670762_4554226152_0,2
1420.0,:cluster_3208478133_655375293_655375296_9631728504_#1more_8,4
1420.0,:cluster_3431431575_4777363357_655375231_6982059025_3,1
1420.0,:cluster_3431431575_4777363357_655375231_6982059025_5,1
1420.0,:cluster_5372642442_631668976_631668981_631669076_22,1
1420.0,:cluster_5372642442_631668976_631668981_631669076_26,1
1420.0,:cluster_5372642442_631668976_631668981_631669076_45,2
1440.0,-300077497#5,27
1440.0,-300077497#8,3
1440.0,-35274074#2,6
1440.0,-51362429#1,4
1440.0,-51362430,19
1440.0,-593847703#3,36
1440.0,-E0,19
1440.0,1068234498#0,18
1440.0,1068234499#0,3
1440.0,1068440001,10
1440.0,1068440004#1,35
1440.0,238526531#0,28
1440.0,244450512#1,3
1440.0,288135626#0,1
1440.0,300077497#0,3
1440.0,300077497#6,3
1440.0,30620492#0,18
1440.0,30620492#1,5
1440.0,35274074#0,4
1440.0,484988951#0,4
1440.0,49073226#2,8
1440.0,506322844#0,5
1440.0,506322846#0,2
1440.0,51362429#0,17
1440.0,593844221#0,2
1440.0,593847702#0,3
1440.0,593847704#0,3
1440.0,593847705,1
1440.0,593849711#2,1
1440.0,594658760#0,1
1440.0,:1973482489_8,1
1440.0,:cluster11510670762_4554226152_0,2
1440.0,:cluster655375336_end_0_655375336_end_1_655375336_end_10_655375336_end_11_#8more_31,1
1440.0,:cluster_2038168688_655375573_23,1
1440.0,:cluster_3208478133_655375293_655375296_9631728504_#1more_8,4
1440.0,:cluster_5372642442_631668976_631668981_631669076_45,1
1460.0,-300077497#5,27
1460.0,-300077497#8,4
1460.0,-35274074#2,10
1460.0,-51362429#1,4
1460.0,-51362430,19
1460.0,-593847703#3,36
1460.0,-E0,19
1460.0,1068234498#0,24
1460.0,1068440001,10
1460.0,1068440004#1,24
1460.0,186602412#0,3
1460.0,238526531#0,15
1460.0,244450512#1,3
1460.0,300077497#0,4
1460.0,300077497#6,4
1460.0,30620492#0,18
1460.0,30620492#1,5
1460.0,35274074#0,7
1460.0,484988951#0,4
1460.0,49073226#2,8
1460.0,506322840#0,3
1460.0,506322844#0,5
1460.0,506322848#0,2
1460.0,51362429#0,17
1460.0,51362430,1
1460.0,593844221#0,2
1460.0,593847702#0,10
1460.0,593847704#0,3
1460.0,593847705,1
1460.0,593849711#2,1
1460.0,593849718#0,1
1460.0,594658760#0,1
1460.0,:655375241_0,2
1460.0,:cluster11510670762_4554226152_0,2
1460.0,:cluster622618015_622618108_622618112_622618144_#2more_31,1
1460.0,:cluster_2038168688_655375573_25,1
1460.0,:cluster_2038168688_655375573_9,1
1460.0,:cluster_3208478133_655375293_655375296_9631728504_#1more_8,4
1480.0,-1334905223#2,2
1480.0,-300077497#5,27
1480.0,-300077497#8,4
1480.0,-35274074#2,12
1480.0,-51362429#1,4
1480.0,-51362430,19
1480.0,-593847703#3,36
1480.0,-E0,19
1480.0,1068234498#0,30
1480.0,1068440001,10
1480.0,1068440004#1,30
1480.0,238526531#0,14
1480.0,244450512#1,3
1480.0,300077497#0,2
1480.0,300077497#6,1
1480.0,30620492#0,18
1480.0,30620492#1,5
1480.0,35274074#0,7
1480.0,484988951#0,5
1480.0,49073226#2,8
1480.0,506322844#0,5
1480.0,506322848#0,1
1480.0,51362429#0,17
1480.0,593844221#0,2
1480.0,593847702#0,9
1480.0,593847705,1
1480.0,593849711#2,1
1480.0,593849718#0,3
1480.0,594658760#0,1
1480.0,:655375238_0,1
1480.0,:655375239_3,1
1480.0,:cluster11510670762_4554226152_0,2
1480.0,:cluster_3208478133_655375293_655375296_9631728504_#1more_8,4
1500.0,-300077497#5,27
1500.0,-300077497#8,4
1500.0,-35274074#2,6
1500.0,-51362429#1,4
1500.0,-51362430,19
1500.0,-593847703#3,36
1500.0,-E0,19
1500.0,1068234498#0,31
1500.0,1068440001,10
1500.0,1068440004#1,33
1500.0,238526531#0,15
1500.0,244450512#1,2
1500.0,260881642#0,2
1500.0,288135626#0,1
1500.0,288878926#0,2
1500.0,300077497#6,2
1500.0,30620492#0,18
1500.0,30620492#1,5
1500.0,484988951#0,3
1500.0,49073226#2,6
1500.0,506322844#0,5
1500.0,506322846#0,6
1500.0,506322848#0,1
1500.0,51362429#0,9
1500.0,593844221#0,2
1500.0,593847702#0,9
1500.0,593847703#0,4
1500.0,593847705,1
1500.0,593849711#2,1
1500.0,594658760#0,1
1500.0,:1973482489_3,1
1500.0,:655375233_0,1
1500.0,:655375238_3,1
1500.0,:cluster11510670762_4554226152_0,2
1500.0,:cluster_2664674491_655375287_655375288_5,1
1500.0,:cluster_3208478133_655375293_655375296_9631728504_#1more_8,4
1500.0,:cluster_3431431575_4777363357_655375231_6982059025_5,1
1500.0,:cluster_5372642442_631668976_631668981_631669076_26,1
1500.0,:cluster_5372642442_631668976_631668981_631669076_45,2
1520.0,-300077497#5,27
1520.0,-300077497#8,4
1520.0,-35274074#2,5
1520.0,-51362429#1,1
1520.0,-51362430,19
1520.0,-593847703#3,36
1520.0,-593847704#2,1
1520.0,-E0,19
1520.0,1068234498#0,25
1520.0,1068234499#0,1
1520.0,1068440001,10
1520.0,1068440004#1,33
1520.0,186602412#0,4
1520.0,238526531#0,22
1520.0,244450512#1,2
1520.0,260881642#0,3
1520.0,288878926#0,5
1520.0,300077497#0,4
1520.0,300077497#6,4
1520.0,30620492#0,18
1520.0,30620492#1,5
1520.0,484988951#0,4
1520.0,49073226#2,3
1520.0,506322844#0,5
1520.0,506322848#0,1
1520.0,51362429#0,15
1520.0,593844221#0,2
1520.0,593847702#0,9
1520.0,593847705,1
1520.0,594658760#0,1
1520.0,:1973482489_8,1
1520.0,:cluster11510670762_4554226152_0,2
1520.0,:cluster_2664674491_655375287_655375288_5,1
1520.0,:cluster_3208478133_655375293_655375296_9631728504_#1more_8,4
1520.0,:cluster_5372642442_631668976_631668981_631669076_22,1
1520.0,:cluster_5372642442_631668976_631668981_631669076_45,2
1520.0,:cluster_623980147_623980152_9,1
1540.0,-300077497#5,27
1540.0,-300077497#8,4
1540.0,-35274074#2,8
1540.0,-51362429#1,4
1540.0,-51362430,19
1540.0,-593847703#3,28
1540.0,-E0,19
1540.0,1068234498#0,22
1540.0,1068440001,10
1540.0,1068440004#1,33
1540.0,238526531#0,19
1540.0,244450512#1,2
1540.0,260881642#0,2
1540.0,288878926#0,9
1540.0,300077497#0,1
1540.0,300077497#6,4
1540.0,30620492#0,18
1540.0,30620492#1,5
1540.0,35274074#0,3
1540.0,484988951#0,4
1540.0,49073226#2,1
1540.0,49073272#1,1
1540.0,506322844#0,5
1540.0,506322848#0,4
1540.0,51362429#0,16
1540.0,593844221#0,2
1540.0,593847702#0,1
1540.0,593847705,1
1540.0,593849718#0,2
1540.0,594658760#0,1
1540.0,:3086736518_3,1
1540.0,:655375232_8,1
1540.0,:655375238_6,1
1540.0,:cluster11510670762_4554226152_0,2
1540.0,:cluster622618015_622618108_622618112_622618144_#2more_31,5
1540.0,:cluster_2038168688_655375573_8,1
1540.0,:cluster_2038168688_655375573_9,1
1540.0,:cluster_2528018119_655375236_29,1
1540.0,:cluster_2664674491_655375287_655375288_5,1
1540.0,:cluster_3208478133_655375293_655375296_9631728504_#1more_8,4
1540.0,:cluster_3431431575_4777363357_655375231_6982059025_3,1
1540.0,:cluster_623980147_623980152_4,1
1560.0,-1334905223#2,2
1560.0,-300077497#5,27
1560.0,-300077497#8,4
1560.0,-35274074#2,12
1560.0,-51362430,19
1560.0,-593847703#3,28
1560.0,-E0,19
1560.0,1068234498#0,27
1560.0,1068440001,10
1560.0,1068440004#1,22
1560.0,238526531#0,14
1560.0,244450512#1,3
1560.0,260881642#0,2
1560.0,288878926#0,13
1560.0,300077497#0,2
1560.0,300077497#6,4
1560.0,30620492#0,18
1560.0,30620492#1,5
1560.0,35274074#0,4
1560.0,484988951#0,4
1560.0,49073226#2,4
1560.0,49073272#3,1
1560.0,506322844#0,5
1560.0,506322848#0,1
1560.0,51362429#0,17
1560.0,593844221#0,2
1560.0,593847702#0,10
1560.0,593847705,1
1560.0,594658760#0,1
1560.0,:655375233_8,1
1560.0,:655375241_0,2
1560.0,:cluster11510670762_4554226152_0,2
1560.0,:cluster622618015_622618108_622618112_622618144_#2more_39,1
1560.0,:cluster_3208478133_655375293_655375296_9631728504_#1more_8,4
1580.0,-300077497#5,25
1580.0,-300077497#8,4
1580.0,-35274074#2,8
1580.0,-51362430,19
1580.0,-593847703#3,30
1580.0,-E0,19
1580.0,1068234498#0,31
1580.0,1068440001,10
1580.0,1068440004#1,27
1580.0,238526531#0,14
1580.0,244450512#1,3
1580.0,288878926#0,13
1580.0,300077497#6,1
1580.0,30620492#0,18
1580.0,30620492#1,5
1580.0,360018417,1
1580.0,484988951#0,4
1580.0,49073226#2,4
1580.0,506322844#0,5
1580.0,506322848#0,1
1580.0,51362429#0,17
1580.0,593844221#0,2
1580.0,593847702#0,11
1580.0,593847705,1
1580.0,594658760#0,1
1580.0,:655375238_3,1
1580.0,:655375239_3,1
1580.0,:cluster11510670762_4554226152_0,2
1580.0,:cluster_2038168688_655375573_23,1
1580.0,:cluster_2038168688_655375573_24,1
1580.0,:cluster_2038168688_655375573_3,1
1580.0,:cluster_2038168688_655375573_6,1
1580.0,:cluster_3208478133_655375293_655375296_9631728504_#1more_8,4
1600.0,-300077497#5,24
1600.0,-300077497#8,4
1600.0,-35274074#2,3
1600.0,-51362430,19
1600.0,-593847703#3,30
1600.0,-593847704#2,4
1600.0,-E0,19
1600.0,1068234498#0,24
1600.0,1068234499#0,1
1600.0,1068440001,10
1600.0,1068440004#1,33
1600.0,186602412#0,2
1600.0,196961377#3,1
1600.0,238526531#0,19
1600.0,244450512#1,3
1600.0,288878926#0,7
1600.0,300077497#6,4
1600.0,30620492#0,18
1600.0,30620492#1,5
1600.0,484988951#0,3
1600.0,49073226#2,4
1600.0,506322844#0,5
1600.0,506322846#0,1
1600.0,506322848#0,1
1600.0,51362429#0,8
1600.0,593844221#0,2
1600.0,593847702#0,11
1600.0,593847703#0,2
1600.0,594658760#0,1
1600.0,:1973482489_8,1
1600.0,:3086736518_0,1
1600.0,:655375232_2,2
1600.0,:655375233_0,2
1600.0,:cluster11510670762_4554226152_0,2
1600.0,:cluster_2528018119_655375236_17,1
1600.0,:cluster_3208478133_655375293_655375296_9631728504_#1more_8,4
1600.0,:cluster_3431431575_4777363357_655375231_6982059025_5,1
1600.0,:cluster_5372642442_631668976_631668981_631669076_26,1
1600.0,:cluster_5372642442_631668976_631668981_631669076_45,2
1620.0,-300077497#5,25
1620.0,-300077497#8,1
1620.0,-35274074#2,3
1620.0,-51362430,19
1620.0,-593847703#3,32
1620.0,-E0,19
1620.0,1068234498#0,18
1620.0,1068234499#0,1
1620.0,1068440001,10
1620.0,1068440004#1,33
1620.0,238526531#0,27
1620.0,244450512#1,3
1620.0,288878926#0,5
1620.0,300077497#6,4
1620.0,30620492#0,18
1620.0,30620492#1,5
1620.0,484988951#0,4
1620.0,49073226#2,4
1620.0,506322844#0,5
1620.0,506322846#0,1
1620.0,506322848#0,1
1620.0,51362429#0,12
1620.0,593844221#0,2
1620.0,593847702#0,11
1620.0,593847703#0,4
1620.0,593847705,1
1620.0,594658760#0,1
1620.0,:2444664370_0,1
1620.0,:cluster11510670762_4554226152_0,2
1620.0,:cluster_3208478133_655375293_655375296_9631728504_#1more_8,4
1620.0,:cluster_5372642442_631668976_631668981_631669076_45,1
1640.0,-300077497#5,27
1640.0,-300077497#8,5
1640.0,-35274074#2,9
1640.0,-51362429#1,3
1640.0,-51362430,19
1640.0,-593847703#3,24
1640.0,-E0,19
1640.0,1068234498#0,23
1640.0,1068440001,10
1640.0,1068440004#1,33
1640.0,186602412#0,1
1640.0,238526531#0,12
1640.0,244450512#1,3
1640.0,288878926#0,5
1640.0,300077497#0,2
1640.0,300077497#6,4
1640.0,30620492#0,18
1640.0,30620492#1,5
1640.0,484988951#0,4
1640.0,49073226#2,4
1640.0,506322840#0,3
1640.0,506322844#0,4
1640.0,506322848#0,2
1640.0,51362429#0,14
1640.0,593844221#0,1
1640.0,593847702#0,2
1640.0,593847703#0,3
1640.0,593847705,1
1640.0,593849718#0,6
1640.0,594658760#0,1
1640.0,:655375232_8,1
1640.0,:655375233_2,1
1640.0,:655375233_4,1
1640.0,:655375241_0,2
1640.0,:cluster11510670762_4554226152_0,2
1640.0,:cluster_2038168688_655375573_25,1
1640.0,:cluster_2038168688_655375573_9,1
1640.0,:cluster_3208478133_655375293_655375296_9631728504_#1more_8,4
1640.0,:cluster_9383263990_9383263991_9383263992_9383263993_7,1
1660.0,-1334905223#2,1
1660.0,-300077497#5,27
1660.0,-300077497#8,5
1660.0,-35274074#2,11
1660.0,-51362429#1,3
1660.0,-51362430,19
1660.0,-593847703#3,24
1660.0,-E0,19
1660.0,1068234498#0,30
1660.0,1068440001,10
1660.0,1068440004#1,23
1660.0,1239087513,1
1660.0,238526531#0,10
1660.0,244450512#1,3
1660.0,288878926#0,5
1660.0,300077497#6,2
1660.0,30620492#0,18
1660.0,30620492#1,5
1660.0,484988951#0,4
1660.0,49073226#2,6
1660.0,49695736#0,4
1660.0,506322844#0,5
1660.0,51362429#0,15
1660.0,593847702#0,9
1660.0,593847703#0,3
1660.0,593847705,1
1660.0,594658760#0,1
1660.0,:655375233_8,4
1660.0,:655375238_3,1
1660.0,:655375239_3,1
1660.0,:cluster11510670762_4554226152_0,1
1660.0,:cluster_2528018119_655375236_32,1
1680.0,-300077497#5,22
1680.0,-300077497#8,5
1680.0,-35274074#2,4
1680.0,-51362429#1,2
1680.0,-51362430,16
1680.0,-593847703#3,26
1680.0,-593847704#2,1
1680.0,-E0,18
1680.0,1068234498#0,28
1680.0,1068440001,5
1680.0,1068440004#1,25
1680.0,182334378#0,1
1680.0,238526531#0,11
1680.0,244450512#1,2
1680.0,260881642#0,3
1680.0,288135626#0,3
1680.0,288878926#0,3
1680.0,300077497#0,4
1680.0,300077497#6,2
1680.0,30620492#0,17
1680.0,30620492#1,5
1680.0,484988951#0,4
1680.0,49073226#2,7
1680.0,49695736#0,9
1680.0,506322844#0,5
1680.0,51362429#0,16
1680.0,593847702#0,15
1680.0,593847704#0,1
1680.0,593847705,1
1680.0,594658760#0,1
1680.0,:655375238_3,1
1680.0,:656132414_2,1
1680.0,:cluster655375336_end_0_655375336_end_1_655375336_end_10_655375336_end_11_#8more_25,2
1680.0,:cluster_2528018119_655375236_17,1
1680.0,:cluster_2528018119_655375236_19,1
1680.0,:cluster_2664674491_655375287_655375288_5,1
1680.0,:cluster_3208478133_655375293_655375296_9631728504_#1more_8,2
1680.0,:cluster_5372642442_631668976_631668981_631669076_22,1
1680.0,:cluster_5372642442_631668976_631668981_631669076_45,1
1700.0,-300077497#5,21
1700.0,-300077497#8,1
1700.0,-35274074#2,4
1700.0,-51362429#1,2
1700.0,-51362430,11
1700.0,-593847703#3,30
1700.0,-E0,18
1700.0,1068234498#0,21
1700.0,1068234499#0,5
1700.0,1068440001,3
1700.0,1068440004#1,33
1700.0,232003903#0,1
1700.0,238526531#0,17
1700.0,244450512#1,3
1700.0,260881642#0,3
1700.0,288135626#0,3
1700.0,300077497#6,3
1700.0,30620492#0,18
1700.0,30620492#1,5
1700.0,484988951#0,4
1700.0,49073226#2,7
1700.0,49695736#0,14
1700.0,506322844#0,5
1700.0,506322846#0,2
1700.0,51362429#0,13
1700.0,593844221#0,1
1700.0,593847702#0,15
1700.0,593847703#0,1
1700.0,593847704#0,1
1700.0,594658760#0,1
1700.0,:3086736518_0,2
1700.0,:3086736518_6,1
1700.0,:655375232_2,2
1700.0,:655375233_0,1
1700.0,:655375238_1,1
1700.0,:655375238_5,2
1700.0,:656132414_2,1
1700.0,:cluster11510670762_4554226152_0,1
1700.0,:cluster655375336_end_0_655375336_end_1_655375336_end_10_655375336_end_11_#8more_25,2
1700.0,:cluster_2038168688_655375573_3,1
1700.0,:cluster_3208478133_655375293_655375296_9631728504_#1more_8,4
1700.0,:cluster_5372642442_631668976_631668981_631669076_22,1
1700.0,:cluster_5372642442_631668976_631668981_631669076_26,1
1700.0,:cluster_5372642442_631668976_631668981_631669076_45,1
1720.0,-300077497#5,24
1720.0,-300077497#8,1
1720.0,-35274074#2,7
1720.0,-51362429#1,2
1720.0,-51362430,9
1720.0,-593847703#3,30
1720.0,-E0,19
1720.0,1068234498#0,20
1720.0,1068234499#0,7
1720.0,1068440001,8
1720.0,1068440004#1,33
1720.0,182334378#0,1
1720.0,186602412#0,2
1720.0,232003903#0,1
1720.0,238526531#0,16
1720.0,244450512#1,3
1720.0,260881642#0,3
1720.0,300077497#0,2
1720.0,300077497#6,3
1720.0,30620492#0,18
1720.0,30620492#1,5
1720.0,35274074#0,2
1720.0,484988951#0,3
1720.0,49073226#2,7
1720.0,49695736#0,11
1720.0,506322844#0,2
1720.0,506322848#0,1
1720.0,51362429#0,9
1720.0,593844221#0,1
1720.0,593847702#0,6
1720.0,593847703#0,9
1720.0,593847704#0,1
1720.0,593847705,1
1720.0,593849718#0,2
1720.0,594658760#0,1
1720.0,:1973482489_3,1
1720.0,:3086736518_0,2
1720.0,:3086736518_6,1
1720.0,:655375232_2,1
1720.0,:655375238_5,1
1720.0,:655375239_5,1
1720.0,:cluster11510670762_4554226152_0,1
1720.0,:cluster622618015_622618108_622618112_622618144_#2more_31,6
1720.0,:cluster622618015_622618108_622618112_622618144_#2more_35,1
1720.0,:cluster655375336_end_0_655375336_end_1_655375336_end_10_655375336_end_11_#8more_25,1
1720.0,:cluster_2038168688_655375573_8,1
1720.0,:cluster_2528018119_655375236_12,2
1720.0,:cluster_2528018119_655375236_20,1
1720.0,:cluster_2528018119_655375236_32,1
1720.0,:cluster_3208478133_655375293_655375296_9631728504_#1more_8,5
1720.0,:cluster_3431431575_4777363357_655375231_6982059025_5,1
1720.0,:cluster_9383263990_9383263991_9383263992_9383263993_7,1
1740.0,-300077497#5,27
1740.0,-300077497#8,4
1740.0,-35274074#2,12
1740.0,-51362429#1,1
1740.0,-51362430,8
1740.0,-593847703#3,24
1740.0,-E0,19
1740.0,1068234498#0,24
1740.0,1068234499#0,7
1740.0,1068440001,9
1740.0,1068440004#1,33
1740.0,182334378#0,1
1740.0,182334379#0,1
1740.0,232003903#0,1
1740.0,238526531#0,9
1740.0,244450512#1,3
1740.0,260881642#0,2
1740.0,288878926#0,4
1740.0,300077497#0,4
1740.0,300077497#6,3
1740.0,30620492#0,18
1740.0,30620492#1,5
1740.0,35274074#0,5
1740.0,484988951#0,4
1740.0,49073226#2,3
1740.0,49073272#3,2
1740.0,49695736#0,5
1740.0,506322840#0,1
1740.0,506322844#0,5
1740.0,51362429#0,13
1740.0,593844221#0,1
1740.0,593847702#0,1
1740.0,593847703#0,7
1740.0,593847705,1
1740.0,593852345#0,1
1740.0,:3086736518_0,2
1740.0,:3086736518_6,1
1740.0,:655375232_2,1
1740.0,:655375232_8,1
1740.0,:655375233_4,3
1740.0,:655375238_1,1
1740.0,:655375241_0,1
1740.0,:cluster11510670762_4554226152_0,1
1740.0,:cluster622618015_622618108_622618112_622618144_#2more_39,1
1740.0,:cluster_2528018119_655375236_12,2
1740.0,:cluster_2528018119_655375236_20,1
1740.0,:cluster_2528018119_655375236_32,1
1740.0,:cluster_3208478133_655375293_655375296_9631728504_#1more_8,5
1740.0,:cluster_3431431575_4777363357_655375231_6982059025_3,2
1760.0,-300077497#5,24
1760.0,-300077497#8,4
1760.0,-35274074#2,11
1760.0,-51362430,8
1760.0,-593847703#3,24
1760.0,-E0,19
1760.0,1068234498#0,33
1760.0,1068234499#0,7
1760.0,1068440001,9
1760.0,1068440004#1,27
1760.0,182334378#0,2
1760.0,182334379#0,1
1760.0,238526531#0,9
1760.0,244450512#1,3
1760.0,288878926#0,10
1760.0,300077497#0,6
1760.0,30620492#0,18
1760.0,30620492#1,5
1760.0,35274074#0,7
1760.0,360018417,1
1760.0,484988951#0,4
1760.0,49073226#2,3
1760.0,49695736#0,3
1760.0,506322844#0,5
1760.0,506322846#0,1
1760.0,51362429#0,13
1760.0,51362430,1
1760.0,593844221#0,1
1760.0,593847702#0,3
1760.0,593847703#0,4
1760.0,593847704#0,1
1760.0,593847705,1
1760.0,593852345#0,1
1760.0,:3086736518_0,2
1760.0,:3086736518_6,1
1760.0,:3208478121_3,1
1760.0,:655375232_2,1
1760.0,:655375233_8,4
1760.0,:cluster11510670762_4554226152_0,1
1760.0,:cluster_2038168688_655375573_23,1
1760.0,:cluster_2038168688_655375573_3,1
1760.0,:cluster_2038168688_655375573_6,1
1760.0,:cluster_2528018119_655375236_17,1
1760.0,:cluster_2528018119_655375236_3,1
1760.0,:cluster_3208478133_655375293_655375296_9631728504_#1more_8,5
1760.0,:cluster_3431431575_4777363357_655375231_6982059025_3,1
1760.0,:cluster_623980147_623980152_4,1
1780.0,-300077497#5,22
1780.0,-300077497#8,4
1780.0,-35274074#2,11
1780.0,-51362430,8
1780.0,-593847703#3,27
1780.0,-E0,19
1780.0,1068234498#0,22
1780.0,1068234499#0,9
1780.0,1068440001,8
1780.0,1068440004#1,23
1780.0,182334378#0,1
1780.0,186602412#0,2
1780.0,196961377#3,2
1780.0,238526531#0,14
1780.0,244450512#1,3
1780.0,288135626#0,1
1780.0,288878926#0,7
1780.0,300077497#0,4
1780.0,300077497#6,2
1780.0,30620492#0,18
1780.0,30620492#1,5
1780.0,35274074#0,2
1780.0,484988951#0,4
1780.0,49073226#2,1
1780.0,49695736#0,8
1780.0,506322844#0,5
1780.0,506322846#0,10
1780.0,51362429#0,15
1780.0,593847702#0,13
1780.0,593847704#0,1
1780.0,593847705,1
1780.0,593849711#0,1
1780.0,593852345#0,1
1780.0,:1973482489_3,1
1780.0,:2444664370_0,1
1780.0,:3086736518_0,2
1780.0,:3086736518_6,1
1780.0,:655375232_2,1
1780.0,:cluster11510670762_4554226152_0,2
1780.0,:cluster622618015_622618108_622618112_622618144_#2more_0,1
1780.0,:cluster655375336_end_0_655375336_end_1_655375336_end_10_655375336_end_11_#8more_25,1
1780.0,:cluster_2038168688_655375573_3,1
1780.0,:cluster_5372642442_631668976_631668981_631669076_26,1
1780.0,:cluster_5372642442_631668976_631668981_631669076_45,2
1780.0,:cluster_623980147_623980152_9,1
1800.0,-300077497#5,24
1800.0,-35274074#2,11
1800.0,-51362430,8
1800.0,-593847703#3,29
1800.0,-E0,18
1800.0,1068234498#0,14
1800.0,1068234499#0,9
1800.0,1068440001,8
1800.0,1068440004#1,31
1800.0,182334378#0,1
1800.0,186602412#0,4
1800.0,196961215#2,1
1800.0,238526531#0,22
1800.0,244450512#1,3
1800.0,288135626#0,3
1800.0,288878926#0,7
1800.0,300077497#0,1
1800.0,300077497#6,2
1800.0,30620492#0,18
1800.0,30620492#1,5
1800.0,35274074#0,1
1800.0,484988951#0,3
1800.0,49695736#0,9
1800.0,506322844#0,5
1800.0,506322846#0,8
1800.0,51362429#0,15
1800.0,593847702#0,13
1800.0,593847704#0,1
1800.0,:2444664370_0,1
1800.0,:3086736518_0,1
1800.0,:3086736518_6,2
1800.0,:655375232_2,3
1800.0,:655375233_0,2
1800.0,:655375238_6,1
1800.0,:cluster11510670762_4554226152_0,2
1800.0,:cluster_5372642442_631668976_631668981_631669076_45,1
1820.0,-1334905223#2,1
1820.0,-300077497#5,26
1820.0,-300077497#8,3
1820.0,-35274074#2,11
1820.0,-51362430,8
1820.0,-593847703#3,29
1820.0,-E0,18
1820.0,1068234498#0,14
1820.0,1068234499#0,8
1820.0,1068440001,8
1820.0,1068440004#1,33
1820.0,182334378#0,1
1820.0,186602412#0,4
1820.0,196961215#2,1
1820.0,238526531#0,19
1820.0,244450512#1,3
1820.0,263217604#0,1
1820.0,288135626#0,1
1820.0,288878926#0,7
1820.0,300077497#0,6
1820.0,300077497#6,3
1820.0,30620492#0,18
1820.0,30620492#1,5
1820.0,35274074#0,3
1820.0,484988951#0,4
1820.0,49073226#2,1
1820.0,49073272#3,1
1820.0,49695736#0,1
1820.0,506322844#0,2
1820.0,506322846#0,1
1820.0,51362429#0,13
1820.0,593847703#0,8
1820.0,593847704#0,2
1820.0,593847705,1
1820.0,593849718#0,6
1820.0,:1973482489_8,1
1820.0,:2444664370_0,2
1820.0,:3086736518_0,1
1820.0,:3086736518_6,1
1820.0,:655375232_2,2
1820.0,:655375238_5,1
1820.0,:655375239_5,1
1820.0,:cluster11510670762_4554226152_0,2
1820.0,:cluster622618015_622618108_622618112_622618144_#2more_31,1
1820.0,:cluster_2528018119_655375236_12,2
1820.0,:cluster_2528018119_655375236_20,1
1820.0,:cluster_2528018119_655375236_32,1
1820.0,:cluster_9383263990_9383263991_9383263992_9383263993_7,1
1840.0,-300077497#5,27
1840.0,-300077497#8,4
1840.0,-35274074#2,12
1840.0,-51362430,8
1840.0,-593847703#3,25
1840.0,-E0,19
1840.0,1068234498#0,14
1840.0,1068234499#0,5
1840.0,1068440001,8
1840.0,1068440004#1,33
1840.0,182334378#0,1
1840.0,196961215#2,1
1840.0,238526531#0,18
1840.0,244450512#1,3
1840.0,263217604#0,2
1840.0,288135626#0,1
1840.0,288878926#0,7
1840.0,300077497#0,6
1840.0,30620492#0,18
1840.0,30620492#1,5
1840.0,35274074#0,10
1840.0,484988951#0,4
1840.0,49073226#2,1
1840.0,49073272#3,1
1840.0,506322844#0,5
1840.0,51362429#0,13
1840.0,593847703#0,6
1840.0,593847705,1
1840.0,593849718#0,2
1840.0,:2444664370_0,1
1840.0,:3086736518_0,1
1840.0,:3086736518_6,1
1840.0,:655375232_2,2
1840.0,:655375233_2,1
1840.0,:655375233_4,3
1840.0,:cluster11510670762_4554226152_0,2
1840.0,:cluster_2528018119_655375236_29,2
1860.0,-300077497#5,24
1860.0,-300077497#8,4
1860.0,-35274074#2,11
1860.0,-51362429#1,4
1860.0,-51362430,6
1860.0,-593847703#3,22
1860.0,-E0,19
1860.0,1068234498#0,8
1860.0,1068234499#0,7
1860.0,1068440001,3
1860.0,1068440004#1,31
1860.0,182334378#0,1
1860.0,196961215#2,1
1860.0,238526531#0,19
1860.0,244450512#1,2
1860.0,260881642#0,3
1860.0,288135626#0,3
1860.0,288878926#0,5
1860.0,300077497#0,6
1860.0,300077497#6,2
1860.0,30620492#0,18
1860.0,30620492#1,5
1860.0,35274074#0,1
1860.0,360018417,1
1860.0,360843888,1
1860.0,484988951#0,3
1860.0,49073226#2,1
1860.0,49695736#0,3
1860.0,506322844#0,7
1860.0,506322846#0,8
1860.0,51362429#0,14
1860.0,593844221#0,1
1860.0,593847702#0,2
1860.0,593847705,1
1860.0,593849711#0,2
1860.0,:3086736518_0,1
1860.0,:3086736518_6,1
1860.0,:655375232_2,2
1860.0,:655375233_8,2
1860.0,:655375238_3,1
1860.0,:656132414_2,1
1860.0,:cluster11510670762_4554226152_0,1
1860.0,:cluster3086736522_655375108_655375247_655375401_#1more_17,1
1860.0,:cluster655375336_end_0_655375336_end_1_655375336_end_10_655375336_end_11_#8more_25,2
1860.0,:cluster_2038168688_655375573_23,1
1860.0,:cluster_2038168688_655375573_24,1
1860.0,:cluster_2038168688_655375573_3,1
1860.0,:cluster_2528018119_655375236_17,1
1860.0,:cluster_2528018119_655375236_31,1
1860.0,:cluster_2664674491_655375287_655375288_5,1
1860.0,:cluster_3208478133_655375293_655375296_9631728504_#1more_8,1
1860.0,:cluster_3431431575_4777363357_655375231_6982059025_3,2
1860.0,:cluster_3431431575_4777363357_655375231_6982059025_5,1
1860.0,:cluster_5372642442_631668976_631668981_631669076_22,1
1860.0,:cluster_5372642442_631668976_631668981_631669076_45,1
1880.0,-300077497#5,21
1880.0,-300077497#8,1
1880.0,-35274074#2,11
1880.0,-593847703#3,26
1880.0,-E0,19
1880.0,1068234499#0,9
1880.0,1068440001,1
1880.0,1068440004#1,22
1880.0,182334378#0,3
1880.0,186602412#0,4
1880.0,196961215#2,1
1880.0,238526531#0,26
1880.0,244450512#1,2
1880.0,260881642#0,4
1880.0,288135626#0,1
1880.0,300077497#0,2
1880.0,300077497#6,3
1880.0,30620492#0,18
1880.0,30620492#1,5
1880.0,35274074#0,1
1880.0,360843888,2
1880.0,484988951#0,4
1880.0,49073226#2,7
1880.0,49695736#0,11
1880.0,506322844#0,7
1880.0,506322846#0,5
1880.0,51362429#0,16
1880.0,593847702#0,14
1880.0,593847705,1
1880.0,:1973482489_8,1
1880.0,:2444664370_0,1
1880.0,:3086736518_0,1
1880.0,:3086736518_6,1
1880.0,:655375232_2,2
1880.0,:655375238_1,1
1880.0,:655375238_5,1
1880.0,:cluster11510670762_4554226152_0,1
1880.0,:cluster622618015_622618108_622618112_622618144_#2more_49,1
1880.0,:cluster655375336_end_0_655375336_end_1_655375336_end_10_655375336_end_11_#8more_25,3
1880.0,:cluster_2038168688_655375573_23,1
1880.0,:cluster_2038168688_655375573_3,1
1880.0,:cluster_2528018119_655375236_17,1
1880.0,:cluster_3208478133_655375293_655375296_9631728504_#1more_8,2
1880.0,:cluster_5372642442_631668976_631668981_631669076_45,2
1900.0,-300077497#5,24
1900.0,-300077497#8,1
1900.0,-35274074#2,12
1900.0,-593847703#3,27
1900.0,-E0,19
1900.0,1068234499#0,7
1900.0,1068440004#1,29
1900.0,182334378#0,3
1900.0,186602412#0,4
1900.0,196961215#2,1
1900.0,238526531#0,22
1900.0,244450512#1,3
1900.0,260881642#0,3
1900.0,263217604#0,2
1900.0,288135626#0,1
1900.0,300077497#0,4
1900.0,300077497#6,3
1900.0,30620492#0,18
1900.0,30620492#1,5
1900.0,360843888,2
1900.0,484988951#0,4
1900.0,49073226#2,7
1900.0,49073264#0,1
1900.0,49073272#1,1
1900.0,49695736#0,10
1900.0,506322844#0,2
1900.0,506322846#0,1
1900.0,506322848#0,2
1900.0,51362429#0,17
1900.0,593844221#0,2
1900.0,593847702#0,6
1900.0,593847705,1
1900.0,593849718#0,1
1900.0,:1973482489_8,1
1900.0,:2444664370_0,1
1900.0,:3086736518_0,1
1900.0,:3086736518_6,1
1900.0,:655375232_2,2
1900.0,:655375238_1,1
1900.0,:655375238_5,1
1900.0,:655375239_5,1
1900.0,:cluster622618015_622618108_622618112_622618144_#2more_31,5
1900.0,:cluster655375336_end_0_655375336_end_1_655375336_end_10_655375336_end_11_#8more_25,2
1900.0,:cluster_2038168688_655375573_9,1
1900.0,:cluster_2528018119_655375236_12,2
1900.0,:cluster_2528018119_655375236_20,1
1900.0,:cluster_3208478133_655375293_655375296_9631728504_#1more_8,1
1900.0,:cluster_9383263990_9383263991_9383263992_9383263993_7,2
1920.0,-1334905223#2,2
1920.0,-300077497#5,27
1920.0,-300077497#8,4
1920.0,-35274074#2,12
1920.0,-593847703#3,27
1920.0,-E0,19
1920.0,1068234499#0,8
1920.0,1068440004#1,33
1920.0,182334378#0,3
1920.0,196961215#2,1
1920.0,238526531#0,21
1920.0,244450512#1,3
1920.0,260881642#0,3
1920.0,263217604#0,3
1920.0,300077497#0,7
1920.0,300077497#6,3
1920.0,30620492#0,18
1920.0,30620492#1,5
1920.0,35274074#0,3
1920.0,360843888,2
1920.0,484988951#0,3
1920.0,49073226#2,7
1920.0,49073272#3,1
1920.0,49695736#0,6
1920.0,506322844#0,2
1920.0,51362429#0,13
1920.0,593844221#0,1
1920.0,593847703#0,6
1920.0,:2444664370_0,1
1920.0,:3086736518_6,1
1920.0,:655375232_2,3
1920.0,:655375233_0,3
1920.0,:655375238_1,1
1920.0,:655375239_6,1
1920.0,:655375241_0,1
1920.0,:cluster622618015_622618108_622618112_622618144_#2more_17,1
1920.0,:cluster655375336_end_0_655375336_end_1_655375336_end_10_655375336_end_11_#8more_25,1
1920.0,:cluster_2528018119_655375236_12,2
1920.0,:cluster_2528018119_655375236_20,1
1920.0,:cluster_2528018119_655375236_32,1
1920.0,:cluster_3431431575_4777363357_655375231_6982059025_5,1
1940.0,-300077497#5,23
1940.0,-300077497#8,4
1940.0,-35274074#2,12
1940.0,-593847703#3,27
1940.0,-E0,19
1940.0,1068234499#0,8
1940.0,1068440004#1,33
1940.0,182334378#0,3
1940.0,196961215#2,1
1940.0,238526531#0,21
1940.0,244450512#1,3
1940.0,244450512#4,1
1940.0,244450512#5,1
1940.0,263217604#0,4
1940.0,300077497#0,7
1940.0,30620492#0,18
1940.0,30620492#1,5
1940.0,35274074#0,6
1940.0,360018417,1
1940.0,484988951#0,4
1940.0,49073226#2,7
1940.0,49695736#0,5
1940.0,506322844#0,5
1940.0,506322846#0,1
1940.0,51362429#0,15
1940.0,593844221#0,1
1940.0,593847703#0,4
1940.0,593847705,1
1940.0,593849718#0,1
1940.0,:2444664370_0,1
1940.0,:655375232_2,3
1940.0,:655375233_2,1
1940.0,:655375233_4,1
1940.0,:655375238_6,1
1940.0,:cluster_2038168688_655375573_23,1
1940.0,:cluster_2038168688_655375573_3,1
1940.0,:cluster_2038168688_655375573_6,1
1940.0,:cluster_2528018119_655375236_17,2
1940.0,:cluster_2528018119_655375236_3,2
1960.0,-300077497#5,22
1960.0,-300077497#8,4
1960.0,-35274074#2,12
1960.0,-51362429#1,5
1960.0,-593847703#3,21
1960.0,-E0,19
1960.0,1068234499#0,9
1960.0,1068440004#1,33
1960.0,182334378#0,4
1960.0,186602412#0,2
1960.0,196961215#2,1
1960.0,196961377#3,1
1960.0,238526531#0,21
1960.0,244450512#1,3
1960.0,244450512#5,2
1960.0,300077497#0,4
1960.0,300077497#6,2
1960.0,30620492#0,18
1960.0,30620492#1,5
1960.0,35274074#0,2
1960.0,484988951#0,4
1960.0,49073226#2,7
1960.0,49695736#0,5
1960.0,506322844#0,5
1960.0,506322846#0,10
1960.0,51362429#0,16
1960.0,593847702#0,1
1960.0,593847704#0,1
1960.0,593847705,1
1960.0,594658757#0,1
1960.0,594658760#0,3
1960.0,:1973482489_3,1
1960.0,:3086736518_4,1
1960.0,:655375232_2,3
1960.0,:655375233_4,1
1960.0,:cluster655375336_end_0_655375336_end_1_655375336_end_10_655375336_end_11_#8more_25,1
1960.0,:cluster_2038168688_655375573_23,1
1960.0,:cluster_2038168688_655375573_3,1
1960.0,:cluster_2528018119_655375236_17,1
1980.0,-300077497#5,23
1980.0,-35274074#2,12
1980.0,-51362429#1,1
1980.0,-593847703#3,22
1980.0,-E0,19
1980.0,1068234499#0,9
1980.0,1068440004#1,26
1980.0,182334378#0,6
1980.0,186602412#0,5
1980.0,238526531#0,21
1980.0,244450512#1,3
1980.0,244450512#5,2
1980.0,288878926#0,6
1980.0,300077497#0,2
1980.0,300077497#6,2
1980.0,30620492#0,17
1980.0,30620492#1,4
1980.0,484988951#0,4
1980.0,49073226#2,4
1980.0,49695736#0,6
1980.0,506322844#0,6
1980.0,506322846#0,9
1980.0,51362429#0,17
1980.0,593847702#0,1
1980.0,593847704#0,1
1980.0,593847705,1
1980.0,594658757#0,1
1980.0,594658760#0,3
1980.0,:2749340167_0,1
1980.0,:3086736518_4,1
1980.0,:655375232_2,3
1980.0,:655375233_4,1
1980.0,:655375233_8,7
1980.0,:655375238_6,1
1980.0,:cluster_3431431575_4777363357_655375231_6982059025_3,1
1980.0,:cluster_623980147_623980152_9,1
2000.0,-300077497#5,26
2000.0,-300077497#8,2
2000.0,-35274074#2,11
2000.0,-593847703#3,22
2000.0,-E0,18
2000.0,1068234499#0,7
2000.0,1068440004#1,27
2000.0,182334378#0,5
2000.0,186602412#0,4
2000.0,238526531#0,20
2000.0,244450512#1,3
2000.0,244450512#5,2
2000.0,263217604#0,1
2000.0,288878926#0,13
2000.0,300077497#0,5
2000.0,300077497#6,3
2000.0,30620492#0,17
2000.0,30620492#1,5
2000.0,35274074#0,3
2000.0,484988951#0,4
2000.0,49073272#3,1
2000.0,506322844#0,2
2000.0,506322846#0,2
2000.0,51362429#0,18
2000.0,51362430,1
2000.0,593847704#0,1
2000.0,593847705,1
2000.0,594658757#0,1
2000.0,594658760#0,3
2000.0,:1973482489_8,1
2000.0,:3086736518_4,1
2000.0,:3086736518_6,1
2000.0,:655375232_2,3
2000.0,:655375233_4,1
2000.0,:655375233_8,7
2000.0,:655375238_1,1
2000.0,:655375238_5,1
2000.0,:655375239_5,2
2000.0,:cluster_2038168688_655375573_8,1
2000.0,:cluster_2528018119_655375236_12,1
2000.0,:cluster_2528018119_655375236_29,1
2020.0,-300077497#5,27
2020.0,-300077497#8,4
2020.0,-35274074#2,12
2020.0,-593847703#3,22
2020.0,-E0,18
2020.0,1068234499#0,1
2020.0,1068440004#1,29
2020.0,182334378#0,4
2020.0,186602412#0,1
2020.0,238526531#0,20
2020.0,244450512#1,3
2020.0,244450512#5,2
2020.0,263217604#0,1
2020.0,288878926#0,13
2020.0,300077497#0,7
2020.0,30620492#0,18
2020.0,30620492#1,5
2020.0,35274074#0,8
2020.0,484988951#0,4
2020.0,49073272#3,2
2020.0,49695736#0,1
2020.0,506322844#0,6
2020.0,51362429#0,15
2020.0,:3086736518_0,1
2020.0,:3086736518_4,1
2020.0,:3086736518_6,1
2020.0,:655375232_2,4
2020.0,:655375233_0,2
2020.0,:655375233_4,1
2020.0,:655375233_8,7
2020.0,:655375238_6,1
2020.0,:cluster655375336_end_0_655375336_end_1_655375336_end_10_655375336_end_11_#8more_21,1
2020.0,:cluster_2528018119_655375236_29,1
2020.0,:cluster_3431431575_4777363357_655375231_6982059025_5,1
2040.0,-300077497#5,19
2040.0,-300077497#8,4
2040.0,-35274074#2,11
2040.0,-593847703#3,26
2040.0,-E0,19
2040.0,1068234499#0,1
2040.0,1068440004#1,29
2040.0,182334378#0,3
2040.0,232003903#0,2
2040.0,238526531#0,20
2040.0,244450512#1,3
2040.0,260881642#0,3
2040.0,288878926#0,11
2040.0,300077497#0,1
2040.0,300077497#6,3
2040.0,30620492#0,18
2040.0,30620492#1,5
2040.0,360018417,2
2040.0,484988951#0,4
2040.0,49695736#0,1
2040.0,506322844#0,6
2040.0,506322846#0,8
2040.0,51362429#0,16
2040.0,51362430,2
2040.0,593849711#0,1
2040.0,594658760#0,1
2040.0,:3086736518_0,1
2040.0,:3086736518_4,1
2040.0,:3086736518_6,1
2040.0,:655375232_2,4
2040.0,:655375233_0,2
2040.0,:655375233_4,1
2040.0,:655375233_8,7
2040.0,:655375238_3,1
2040.0,:cluster655375336_end_0_655375336_end_1_655375336_end_10_655375336_end_11_#8more_6,1
2040.0,:cluster_2038168688_655375573_23,1
2040.0,:cluster_2528018119_655375236_17,1
2040.0,:cluster_2528018119_655375236_31,1
2040.0,E1,1
2060.0,-300077497#5,20
2060.0,-300077497#8,1
2060.0,-35274074#2,11
2060.0,-593847703#3,25
2060.0,-E0,19
2060.0,1068234499#0,1
2060.0,1068440004#1,29
2060.0,182334378#0,4
2060.0,186602412#0,4
2060.0,232003903#0,2
2060.0,238526531#0,20
2060.0,244450512#1,2
2060.0,260881642#0,3
2060.0,288878926#0,5
2060.0,300077497#0,1
2060.0,300077497#6,4
2060.0,30620492#0,18
2060.0,30620492#1,5
2060.0,484988951#0,5
2060.0,49073226#2,2
2060.0,49695736#0,1
2060.0,506322844#0,6
2060.0,506322846#0,2
2060.0,51362429#0,17
2060.0,594658760#0,1
2060.0,:1973482489_3,1
2060.0,:3086736518_0,1
2060.0,:3086736518_4,1
2060.0,:3086736518_6,1
2060.0,:655375232_2,4
2060.0,:655375232_8,1
2060.0,:655375233_0,2
2060.0,:655375233_4,1
2060.0,:655375233_8,7
2060.0,:655375238_5,1
2060.0,:cluster622618015_622618108_622618112_622618144_#2more_49,2
2060.0,:cluster655375336_end_0_655375336_end_1_655375336_end_10_655375336_end_11_#8more_6,1
2080.0,-300077497#5,23
2080.0,-300077497#8,1
2080.0,-35274074#2,12
2080.0,-593847703#3,26
2080.0,-E0,19
2080.0,1068440004#1,26
2080.0,182334378#0,4
2080.0,186602412#0,1
2080.0,232003903#0,2
2080.0,238526531#0,19
2080.0,263217604#0,2
2080.0,288878926#0,5
2080.0,300077497#0,2
2080.0,300077497#6,4
2080.0,30620492#0,18
2080.0,30620492#1,5
2080.0,484988951#0,5
2080.0,49073226#2,3
2080.0,506322844#0,3
2080.0,51362429#0,17
2080.0,593847702#0,2
2080.0,594658760#0,1
2080.0,:3086736518_0,1
2080.0,:3086736518_4,1
2080.0,:3086736518_6,1
2080.0,:655375232_2,4
2080.0,:655375233_0,1
2080.0,:655375233_4,1
2080.0,:655375233_8,4
2080.0,:655375239_5,1
2080.0,:cluster622618015_622618108_622618112_622618144_#2more_29,1
2080.0,:cluster622618015_622618108_622618112_622618144_#2more_31,3
2080.0,:cluster655375336_end_0_655375336_end_1_655375336_end_10_655375336_end_11_#8more_6,1
2100.0,-300077497#5,27
2100.0,-300077497#8,3
2100.0,-35274074#2,12
2100.0,-593847703#3,27
2100.0,-E0,19
2100.0,1068440004#1,26
2100.0,182334378#0,4
2100.0,232003903#0,2
2100.0,238526531#0,19
2100.0,263217604#0,3
2100.0,288878926#0,5
2100.0,300077497#0,2
2100.0,300077497#6,4
2100.0,30620492#0,18
2100.0,30620492#1,5
2100.0,484988951#0,5
2100.0,49073226#2,3
2100.0,49073272#3,1
2100.0,506322844#0,3
2100.0,51362429#0,17
2100.0,593847702#0,1
2100.0,593849718#0,1
2100.0,:3086736518_0,1
2100.0,:3086736518_4,1
2100.0,:3086736518_6,1
2100.0,:655375232_2,4
2100.0,:655375233_0,1
2100.0,:655375233_4,1
2100.0,:655375233_8,3
2100.0,:cluster655375336_end_0_655375336_end_1_655375336_end_10_655375336_end_11_#8more_6,1
2120.0,-300077497#5,23
2120.0,-300077497#8,3
2120.0,-35274074#2,8
2120.0,-593847703#3,29
2120.0,-E0,19
2120.0,1068440004#1,26
2120.0,182334378#0,4
2120.0,238526531#0,19
2120.0,263217604#0,3
2120.0,288878926#0,5
2120.0,300077497#6,1
2120.0,30620492#0,18
2120.0,30620492#1,5
2120.0,360018417,1
2120.0,484988951#0,5
2120.0,49073226#2,3
2120.0,506322844#0,5
2120.0,51362429#0,17
2120.0,51362430,3
2120.0,593847702#0,1
2120.0,:3086736518_0,1
2120.0,:3086736518_4,1
2120.0,:3086736518_6,1
2120.0,:655375232_2,3
2120.0,:655375233_0,2
2120.0,:655375233_4,1
2120.0,:655375233_8,3
2120.0,:655375238_3,1
2120.0,:655375239_3,1
2120.0,:cluster_2528018119_655375236_19,1
2120.0,:cluster_2528018119_655375236_31,1
2140.0,-300077497#5,19
2140.0,-300077497#8,3
2140.0,-35274074#2,3
2140.0,-593847703#3,32
2140.0,-E0,19
2140.0,1068440004#1,26
2140.0,182334378#0,7
2140.0,196961377#3,1
2140.0,238526531#0,19
2140.0,300077497#6,4
2140.0,30620492#0,18
2140.0,30620492#1,5
2140.0,484988951#0,5
2140.0,49073226#2,3
2140.0,506322844#0,5
2140.0,51362429#0,17
2140.0,51362430,3
2140.0,593847702#0,1
2140.0,593849711#0,1
2140.0,594658757#0,2
2140.0,594658760#0,1
2140.0,:3086736518_0,1
2140.0,:3086736518_4,1
2140.0,:3086736518_6,1
2140.0,:655375232_2,3
2140.0,:655375233_0,2
2140.0,:655375233_4,1
2140.0,:655375233_8,3
2160.0,-300077497#5,21
2160.0,-35274074#2,3
2160.0,-51362429#1,1
2160.0,-593847703#3,28
2160.0,-E0,19
2160.0,1068440004#1,26
2160.0,182334378#0,6
2160.0,238526531#0,19
2160.0,300077497#6,4
2160.0,30620492#0,18
2160.0,30620492#1,5
2160.0,484988951#0,5
2160.0,49073226#2,3
2160.0,506322844#0,5
2160.0,51362429#0,17
2160.0,51362430,4
2160.0,593847702#0,2
2160.0,594658757#0,2
2160.0,594658760#0,1
2160.0,:3086736518_0,1
2160.0,:3086736518_3,1
2160.0,:3086736518_6,1
2160.0,:655375232_2,3
2160.0,:655375232_8,1
2160.0,:655375233_0,2
2160.0,:655375233_4,2
2160.0,:655375233_8,2
2160.0,:cluster_3431431575_4777363357_655375231_6982059025_3,2
2180.0,-300077497#5,26
2180.0,-300077497#8,1
2180.0,-35274074#2,9
2180.0,-51362429#1,2
2180.0,-593847703#3,28
2180.0,-E0,19
2180.0,1068440004#1,16
2180.0,182334378#0,6
2180.0,238526531#0,11
2180.0,263217604#0,1
2180.0,300077497#6,4
2180.0,30620492#0,18
2180.0,30620492#1,5
2180.0,484988951#0,5
2180.0,49073226#2,7
2180.0,506322844#0,1
2180.0,51362429#0,17
2180.0,51362430,4
2180.0,593847702#0,6
2180.0,593847703#0,2
2180.0,593847704#0,1
2180.0,593849718#0,1
2180.0,594658757#0,2
2180.0,594658760#0,1
2180.0,:3086736518_0,1
2180.0,:3086736518_6,1
2180.0,:655375232_2,3
2180.0,:655375233_8,4
2180.0,:655375239_5,1
2180.0,:cluster622618015_622618108_622618112_622618144_#2more_31,2
2180.0,:cluster_2038168688_655375573_8,1
2200.0,-300077497#5,27
2200.0,-300077497#8,1
2200.0,-35274074#2,10
2200.0,-51362429#1,2
2200.0,-593847703#3,28
2200.0,-E0,19
2200.0,1068440004#1,16
2200.0,182334378#0,6
2200.0,238526531#0,9
2200.0,263217604#0,2
2200.0,288878926#0,1
2200.0,300077497#6,2
2200.0,30620492#0,18
2200.0,30620492#1,5
2200.0,35274074#0,1
2200.0,484988951#0,5
2200.0,49073226#2,5
2200.0,49073272#3,1
2200.0,506322844#0,6
2200.0,51362429#0,17
2200.0,51362430,4
2200.0,593847702#0,10
2200.0,593847703#0,2
2200.0,594658757#0,1
2200.0,:3086736518_0,1
2200.0,:3086736518_6,1
2200.0,:655375232_2,3
2200.0,:655375239_3,1
2200.0,:cluster655375336_end_0_655375336_end_1_655375336_end_10_655375336_end_11_#8more_13,1
2200.0,:cluster655375336_end_0_655375336_end_1_655375336_end_10_655375336_end_11_#8more_19,1
2200.0,:cluster_623980147_623980152_4,1
2220.0,-300077497#5,22
2220.0,-300077497#8,1
2220.0,-35274074#2,3
2220.0,-593847703#3,32
2220.0,-E0,19
2220.0,1068440004#1,18
2220.0,182334378#0,7
2220.0,238526531#0,9
2220.0,288878926#0,5
2220.0,300077497#0,2
2220.0,300077497#6,1
2220.0,30620492#0,18
2220.0,30620492#1,5
2220.0,360018417,1
2220.0,360843888,1
2220.0,484988951#0,5
2220.0,49073226#2,1
2220.0,49695736#0,1
2220.0,506322844#0,9
2220.0,506322846#0,1
2220.0,51362429#0,14
2220.0,51362430,4
2220.0,593847702#0,10
2220.0,593847703#0,1
2220.0,593849711#0,2
2220.0,:3086736518_0,2
2220.0,:3086736518_6,1
2220.0,:655375232_2,2
2220.0,:655375233_0,3
2220.0,:cluster3086736522_655375108_655375247_655375401_#1more_17,1
2220.0,:cluster_623980147_623980152_9,1
2220.0,E1,1
2240.0,-300077497#5,22
2240.0,-593847703#3,33
2240.0,-E0,19
2240.0,1068440004#1,18
2240.0,182334378#0,7
2240.0,238526531#0,9
2240.0,288878926#0,1
2240.0,300077497#0,5
2240.0,300077497#6,4
2240.0,30620492#0,18
2240.0,30620492#1,5
2240.0,360843888,2
2240.0,484988951#0,3
2240.0,49695736#0,1
2240.0,506322844#0,9
2240.0,506322846#0,2
2240.0,51362429#0,10
2240.0,51362430,4
2240.0,593847702#0,10
2240.0,593847703#0,5
2240.0,593847705,1
2240.0,:3086736518_0,2
2240.0,:3086736518_6,1
2240.0,:cluster622618015_622618108_622618112_622618144_#2more_49,1
2240.0,:cluster_3431431575_4777363357_655375231_6982059025_5,1
2260.0,-300077497#5,22
2260.0,-300077497#8,1
2260.0,-35274074#2,3
2260.0,-51362429#1,1
2260.0,-593847703#3,27
2260.0,-E0,19
2260.0,1068440004#1,18
2260.0,182334378#0,7
2260.0,182334379#0,1
2260.0,186602412#0,1
2260.0,238526531#0,5
2260.0,263217604#0,4
2260.0,288878926#0,3
2260.0,300077497#6,4
2260.0,30620492#0,18
2260.0,30620492#1,5
2260.0,35274074#0,4
2260.0,360843888,2
2260.0,484988951#0,2
2260.0,49073226#2,5
2260.0,506322844#0,2
2260.0,51362429#0,12
2260.0,593847702#0,1
2260.0,593847703#0,4
2260.0,593847705,1
2260.0,593849718#0,3
2260.0,:3086736518_0,2
2260.0,:3086736518_4,1
2260.0,:3086736518_6,1
2260.0,:655375232_8,1
2260.0,:655375233_4,3
2260.0,:655375238_1,1
2260.0,:655375238_5,1
2260.0,:655375239_5,1
2260.0,:655375239_6,1
2260.0,:cluster622618015_622618108_622618112_622618144_#2more_31,6
2260.0,:cluster_2038168688_655375573_8,1
2280.0,-300077497#5,27
2280.0,-300077497#8,4
2280.0,-35274074#2,9
2280.0,-51362429#1,3
2280.0,-593847703#3,25
2280.0,-E0,19
2280.0,1068440004#1,12
2280.0,182334378#0,7
2280.0,182334379#0,1
2280.0,263217604#0,5
2280.0,288878926#0,3
2280.0,300077497#6,4
2280.0,30620492#0,18
2280.0,30620492#1,4
2280.0,35274074#0,5
2280.0,360843888,2
2280.0,484988951#0,4
2280.0,49073226#2,8
2280.0,506322844#0,3
2280.0,51362429#0,14
2280.0,593847703#0,4
2280.0,593847705,1
2280.0,:3086736518_0,2
2280.0,:3086736518_6,1
2280.0,:655375233_4,1
2280.0,:655375233_8,6
2280.0,:cluster622618015_622618108_622618112_622618144_#2more_42,1
2300.0,-300077497#5,23
2300.0,-300077497#8,4
2300.0,-35274074#2,3
2300.0,-49073264#1,1
2300.0,-51362429#1,3
2300.0,-593847703#3,26
2300.0,-E0,19
2300.0,1068440004#1,11
2300.0,182334378#0,7
2300.0,182334379#0,1
2300.0,244450512#4,2
2300.0,263217604#0,5
2300.0,288878926#0,3
2300.0,300077497#0,2
2300.0,300077497#6,2
2300.0,30620492#0,16
2300.0,30620492#1,5
2300.0,35274074#0,1
2300.0,484988951#0,4
2300.0,49073226#2,8
2300.0,506322844#0,6
2300.0,506322846#0,1
2300.0,51362429#0,16
2300.0,593847705,1
2300.0,:3086736518_0,2
2300.0,:3086736518_6,1
2300.0,:655375233_4,1
2300.0,:655375233_8,7
2300.0,:cluster_2038168688_655375573_23,1
2300.0,:cluster_2038168688_655375573_3,1
2300.0,:cluster_2038168688_655375573_6,1
2300.0,:cluster_2528018119_655375236_17,3
2300.0,:cluster_2528018119_655375236_3,2
2320.0,-300077497#5,22
2320.0,-300077497#8,4
2320.0,-49073264#1,1
2320.0,-51362429#1,3
2320.0,-593847703#3,31
2320.0,-E0,19
2320.0,1068440004#1,11
2320.0,182334378#0,7
2320.0,186602412#0,3
2320.0,238526531#0,1
2320.0,244450512#4,2
2320.0,244450512#5,2
2320.0,300077497#0,2
2320.0,300077497#6,2
2320.0,30620492#0,18
2320.0,30620492#1,5
2320.0,35274074#0,1
2320.0,484988951#0,4
2320.0,49073226#2,8
2320.0,506322844#0,6
2320.0,506322846#0,1
2320.0,51362429#0,16
2320.0,594658757#0,1
2320.0,594658760#0,1
2320.0,:1973482489_8,1
2320.0,:3086736518_0,2
2320.0,:3086736518_6,1
2320.0,:655375232_2,1
2320.0,:655375233_0,1
2320.0,:655375233_4,1
2320.0,:655375233_8,7
2320.0,:655375238_6,1
2320.0,:cluster_2664674491_655375287_655375288_1,1
2340.0,-300077497#5,27
2340.0,-49073264#1,1
2340.0,-51362429#1,3
2340.0,-593847703#3,31
2340.0,-E0,19
2340.0,1068440004#1,13
2340.0,182334378#0,7
2340.0,238526531#0,1
2340.0,244450512#4,1
2340.0,244450512#5,3
2340.0,300077497#0,1
2340.0,300077497#6,2
2340.0,30620492#0,18
2340.0,30620492#1,5
2340.0,484988951#0,3
2340.0,49073226#2,8
2340.0,506322844#0,6
2340.0,506322846#0,2
2340.0,51362429#0,14
2340.0,:3086736518_0,3
2340.0,:3086736518_6,1
2340.0,:3208478128_0,1
2340.0,:655375232_2,5
2340.0,:655375233_0,1
2340.0,:655375233_4,1
2340.0,:655375233_8,7
2340.0,:655375238_6,1
2360.0,-300077497#5,27
2360.0,-300077497#8,4
2360.0,-49073264#1,1
2360.0,-51362429#1,3
2360.0,-593847703#3,28
2360.0,-E0,19
2360.0,1068440004#1,13
2360.0,182334378#0,7
2360.0,186602412#0,2
2360.0,244450512#4,1
2360.0,244450512#5,3
2360.0,263217604#0,1
2360.0,300077497#6,2
2360.0,30620492#0,18
2360.0,30620492#1,5
2360.0,35274074#0,2
2360.0,484988951#0,4
2360.0,49073226#2,8
2360.0,506322844#0,5
2360.0,51362429#0,16
2360.0,:3086736518_0,3
2360.0,:3086736518_6,1
2360.0,:3208478128_0,1
2360.0,:655375232_2,5
2360.0,:655375232_8,1
2360.0,:655375233_0,1
2360.0,:655375233_4,3
2360.0,:655375233_8,7
2380.0,-300077497#5,27
2380.0,-300077497#8,4
2380.0,-51362429#1,5
2380.0,-593847703#3,27
2380.0,-E0,19
2380.0,1068440004#1,12
2380.0,182334378#0,7
2380.0,244450512#4,1
2380.0,244450512#5,3
2380.0,263217604#0,2
2380.0,30620492#0,18
2380.0,30620492#1,5
2380.0,35274074#0,2
2380.0,484988951#0,4
2380.0,49073226#2,8
2380.0,506322844#0,5
2380.0,51362429#0,17
2380.0,593847702#0,5
2380.0,593847703#0,1
2380.0,:3086736518_0,3
2380.0,:3086736518_6,1
2380.0,:3208478128_0,1
2380.0,:655375232_2,5
2380.0,:655375233_4,2
2380.0,:655375233_8,4
2400.0,-300077497#5,20
2400.0,-300077497#8,4
2400.0,-51362429#1,5
2400.0,-593847703#3,31
2400.0,-E0,19
2400.0,1068440004#1,8
2400.0,1239087514,1
2400.0,182334378#0,9
2400.0,30620492#0,18
2400.0,30620492#1,5
2400.0,484988951#0,4
2400.0,49073226#2,8
2400.0,506322844#0,5
2400.0,506322846#0,2
2400.0,51362429#0,17
2400.0,51362430,3
2400.0,593847702#0,10
2400.0,594658760#0,2
2400.0,:3086736518_0,3
2400.0,:3086736518_6,1
2400.0,:655375232_2,5
2400.0,:655375233_4,2
2400.0,:655375233_8,3
2400.0,:656132414_3,1
2400.0,:cluster_2528018119_655375236_17,1
2420.0,-300077497#5,22
2420.0,-300077497#8,1
2420.0,-51362429#1,5
2420.0,-593847703#3,32
2420.0,-E0,19
2420.0,1068440004#1,8
2420.0,182334378#0,8
2420.0,186602412#0,1
2420.0,232003903#0,1
2420.0,30620492#0,18
2420.0,30620492#1,5
2420.0,484988951#0,5
2420.0,49073226#2,8
2420.0,506322844#0,5
2420.0,51362429#0,17
2420.0,51362430,4
2420.0,593847702#0,10
2420.0,594658760#0,2
2420.0,:3086736518_0,3
2420.0,:3086736518_6,1
2420.0,:655375232_2,5
2420.0,:655375233_4,2
2420.0,:655375233_8,3
2420.0,:655375238_5,1
2440.0,-300077497#5,25
2440.0,-300077497#8,2
2440.0,-51362429#1,4
2440.0,-593847703#3,32
2440.0,-E0,19
2440.0,1068440004#1,8
2440.0,182334378#0,8
2440.0,232003903#0,1
2440.0,288878926#0,3
2440.0,30620492#0,18
2440.0,30620492#1,5
2440.0,484988951#0,5
2440.0,49073226#2,4
2440.0,49073272#3,1
2440.0,506322844#0,2
2440.0,51362429#0,17
2440.0,51362430,3
2440.0,593847702#0,2
2440.0,593849718#0,1
2440.0,594658760#0,2
2440.0,:3086736518_0,3
2440.0,:3086736518_6,1
2440.0,:655375232_2,5
2440.0,:655375233_0,1
2440.0,:655375233_4,2
2440.0,:655375233_8,3
2440.0,:655375239_5,1
2440.0,:cluster622618015_622618108_622618112_622618144_#2more_31,6
2440.0,:cluster_3431431575_4777363357_655375231_6982059025_3,1
2440.0,:cluster_623980147_623980152_4,1
2460.0,-300077497#5,27
2460.0,-300077497#8,4
2460.0,-593847703#3,30
2460.0,-E0,19
2460.0,1068440004#1,8
2460.0,182334378#0,7
2460.0,232003903#0,1
2460.0,288878926#0,10
2460.0,30620492#0,18
2460.0,30620492#1,5
2460.0,35274074#0,1
2460.0,484988951#0,5
2460.0,49073226#2,3
2460.0,49073272#3,1
2460.0,506322844#0,5
2460.0,51362429#0,17
2460.0,51362430,3
2460.0,594658760#0,2
2460.0,:3086736518_0,3
2460.0,:3086736518_4,1
2460.0,:3086736518_6,1
2460.0,:655375232_2,5
2460.0,:655375233_0,1
2460.0,:655375233_4,3
2460.0,:655375233_8,3
2480.0,-300077497#5,24
2480.0,-300077497#8,4
2480.0,-51362429#1,1
2480.0,-593847703#3,29
2480.0,-E0,19
2480.0,1068440004#1,8
2480.0,1239087514,1
2480.0,182334378#0,6
2480.0,288878926#0,13
2480.0,30620492#0,18
2480.0,30620492#1,5
2480.0,360018417,1
2480.0,484988951#0,5
2480.0,506322844#0,6
2480.0,51362429#0,17
2480.0,51362430,4
2480.0,594658760#0,2
2480.0,:3086736518_0,3
2480.0,:3086736518_6,1
2480.0,:655375232_2,5
2480.0,:655375233_0,1
2480.0,:655375233_2,1
2480.0,:655375233_4,4
2480.0,:655375233_8,3
2480.0,:cluster_2038168688_655375573_23,1
2480.0,:cluster_2528018119_655375236_17,1
2480.0,:cluster_3431431575_4777363357_655375231_6982059025_3,1
2500.0,-300077497#5,24
2500.0,-300077497#8,4
2500.0,-593847703#3,30
2500.0,-E0,19
2500.0,1068440004#1,8
2500.0,182334378#0,6
2500.0,186602412#0,1
2500.0,196961377#3,1
2500.0,288878926#0,7
2500.0,30620492#0,18
2500.0,30620492#1,5
2500.0,484988951#0,5
2500.0,49073226#2,2
2500.0,506322844#0,6
2500.0,51362429#0,17
2500.0,51362430,5
2500.0,593849711#0,1
2500.0,594658760#0,2
2500.0,:3086736518_0,3
2500.0,:3086736518_6,1
2500.0,:655375232_2,5
2500.0,:655375233_0,1
2500.0,:655375233_2,1
2500.0,:655375233_4,4
2500.0,:655375233_8,3
2500.0,:cluster622618015_622618108_622618112_622618144_#2more_0,1
2520.0,-300077497#5,25
2520.0,-300077497#8,1
2520.0,-593847703#3,32
2520.0,-E0,19
2520.0,1068440004#1,8
2520.0,182334378#0,6
2520.0,288878926#0,5
2520.0,30620492#0,18
2520.0,30620492#1,5
2520.0,484988951#0,5
2520.0,49073226#2,2
2520.0,506322844#0,6
2520.0,51362429#0,17
2520.0,51362430,5
2520.0,594658760#0,2
2520.0,:3086736518_0,3
2520.0,:3086736518_6,1
2520.0,:655375232_2,5
2520.0,:655375233_0,1
2520.0,:655375233_2,1
2520.0,:655375233_4,4
2520.0,:655375233_8,3
2540.0,-300077497#5,26
2540.0,-300077497#8,2
2540.0,-593847703#3,32
2540.0,-E0,19
2540.0,1068440004#1,8
2540.0,182334378#0,6
2540.0,263217604#0,1
2540.0,288878926#0,5
2540.0,30620492#0,18
2540.0,30620492#1,5
2540.0,484988951#0,5
2540.0,49073226#2,2
2540.0,506322844#0,4
2540.0,51362429#0,16
2540.0,51362430,5
2540.0,593847703#0,2
2540.0,593847704#0,1
2540.0,594658760#0,2
2540.0,:3086736518_0,2
2540.0,:655375232_2,4
2540.0,:655375233_0,2
2540.0,:655375233_2,1
2540.0,:655375233_4,4
2540.0,:655375233_8,3
2540.0,:655375238_5,1
2540.0,:655375239_5,1
2560.0,-300077497#5,27
2560.0,-300077497#8,4
2560.0,-593847703#3,32
2560.0,-E0,19
2560.0,1068440004#1,8
2560.0,182334378#0,6
2560.0,263217604#0,1
2560.0,288878926#0,5
2560.0,30620492#0,18
2560.0,30620492#1,5
2560.0,484988951#0,5
2560.0,49073226#2,2
2560.0,506322844#0,5
2560.0,51362429#0,17
2560.0,51362430,4
2560.0,593847703#0,2
2560.0,593849718#0,1
2560.0,594658760#0,2
2560.0,:3086736518_0,2
2560.0,:655375232_2,4
2560.0,:655375233_0,2
2560.0,:655375233_2,1
2560.0,:655375233_4,4
2560.0,:655375233_8,3
2580.0,-300077497#5,25
2580.0,-300077497#8,4
2580.0,-51362429#1,2
2580.0,-593847703#3,29
2580.0,-E0,19
2580.0,1068440004#1,8
2580.0,182334378#0,6
2580.0,288878926#0,3
2580.0,300077497#0,2
2580.0,30620492#0,18
2580.0,30620492#1,5
2580.0,484988951#0,5
2580.0,49073226#2,2
2580.0,506322844#0,5
2580.0,51362429#0,17
2580.0,51362430,4
2580.0,593847702#0,2
2580.0,593847704#0,1
2580.0,593849711#0,1
2580.0,594658760#0,3
2580.0,:3086736518_0,2
2580.0,:655375232_2,4
2580.0,:655375233_0,2
2580.0,:655375233_4,4
2580.0,:655375233_8,3
2580.0,:cluster622618015_622618108_622618112_622618144_#2more_0,1
2580.0,:cluster_3431431575_4777363357_655375231_6982059025_3,1
2600.0,-300077497#5,22
2600.0,-300077497#8,2
2600.0,-593847703#3,33
2600.0,-E0,19
2600.0,1068440004#1,4
2600.0,182334378#0,7
2600.0,30620492#0,17
2600.0,30620492#1,5
2600.0,484988951#0,5
2600.0,49073226#2,5
2600.0,506322844#0,6
2600.0,506322846#0,2
2600.0,51362429#0,17
2600.0,51362430,4
2600.0,593847702#0,3
2600.0,593847704#0,2
2600.0,594658760#0,3
2600.0,:3086736518_0,2
2600.0,:655375232_2,4
2600.0,:655375233_0,2
2600.0,:655375233_4,4
2600.0,:655375233_8,6
2620.0,-300077497#5,24
2620.0,-300077497#8,2
2620.0,-593847703#3,33
2620.0,-E0,18
2620.0,1068440004#1,4
2620.0,182334378#0,7
2620.0,186602412#0,2
2620.0,263217604#0,1
2620.0,30620492#0,18
2620.0,30620492#1,5
2620.0,484988951#0,5
2620.0,49073226#2,5
2620.0,49073264#0,1
2620.0,506322844#0,2
2620.0,51362429#0,17
2620.0,51362430,4
2620.0,593847704#0,2
2620.0,593849718#0,1
2620.0,594658760#0,3
2620.0,:3086736518_0,2
2620.0,:3086736518_6,1
2620.0,:655375232_2,4
2620.0,:655375233_0,2
2620.0,:655375233_4,4
2620.0,:655375233_8,6
2620.0,:655375238_5,1
2620.0,:655375239_5,1
2620.0,:cluster622618015_622618108_622618112_622618144_#2more_34,1
2640.0,-300077497#5,27
2640.0,-300077497#8,4
2640.0,-49073264#1,1
2640.0,-593847703#3,33
2640.0,-E0,18
2640.0,1068440004#1,4
2640.0,182334378#0,6
2640.0,263217604#0,1
2640.0,30620492#0,18
2640.0,30620492#1,5
2640.0,484988951#0,4
2640.0,49073226#2,5
2640.0,506322844#0,5
2640.0,51362429#0,14
2640.0,51362430,4
2640.0,593847703#0,1
2640.0,594658760#0,3
2640.0,:3086736518_0,3
2640.0,:3086736518_6,1
2640.0,:655375232_2,5
2640.0,:655375233_0,2
2640.0,:655375233_4,4
2640.0,:655375233_8,6
2640.0,:cluster622618015_622618108_622618112_622618144_#2more_17,1
2640.0,:cluster622618015_622618108_622618112_622618144_#2more_37,2
2640.0,:cluster655375336_end_0_655375336_end_1_655375336_end_10_655375336_end_11_#8more_5,1
2640.0,:cluster_3431431575_4777363357_655375231_6982059025_5,1
2660.0,-300077497#5,26
2660.0,-300077497#8,4
2660.0,-593847703#3,34
2660.0,-E0,19
2660.0,1068440004#1,4
2660.0,182334378#0,5
2660.0,263217604#0,1
2660.0,300077497#0,1
2660.0,30620492#0,18
2660.0,30620492#1,5
2660.0,360018417,1
2660.0,484988951#0,3
2660.0,49073226#2,11
2660.0,506322844#0,5
2660.0,51362429#0,16
2660.0,51362430,1
2660.0,593849711#0,1
2660.0,594658760#0,3
2660.0,:3086736518_0,3
2660.0,:3086736518_6,1
2660.0,:3208478121_3,1
2660.0,:655375232_2,5
2660.0,:655375233_0,2
2660.0,:655375233_4,4
2660.0,:655375233_8,6
2680.0,-300077497#5,25
2680.0,-300077497#8,4
2680.0,-51362429#1,3
2680.0,-593847703#3,32
2680.0,-E0,19
2680.0,1068440004#1,4
2680.0,182334378#0,3
2680.0,196961377#3,2
2680.0,288878926#0,3
2680.0,30620492#0,18
2680.0,30620492#1,5
2680.0,35274074#0,1
2680.0,484988951#0,4
2680.0,49073226#2,6
2680.0,506322844#0,5
2680.0,51362429#0,17
2680.0,51362430,2
2680.0,593847702#0,1
2680.0,593849711#0,1
2680.0,594658760#0,4
2680.0,:3086736518_0,3
2680.0,:3086736518_6,1
2680.0,:655375232_2,5
2680.0,:655375233_0,2
2680.0,:655375233_4,3
2680.0,:655375233_8,5
2680.0,:cluster622618015_622618108_622618112_622618144_#2more_0,1
2680.0,:cluster_3431431575_4777363357_655375231_6982059025_3,1
2680.0,:cluster_623980147_623980152_4,1
2700.0,-300077497#5,25
2700.0,-300077497#8,3
2700.0,-593847703#3,33
2700.0,-E0,19
2700.0,182334378#0,3
2700.0,288878926#0,9
2700.0,30620492#0,18
2700.0,30620492#1,5
2700.0,484988951#0,5
2700.0,49073226#2,5
2700.0,506322844#0,5
2700.0,51362429#0,17
2700.0,51362430,1
2700.0,593847702#0,6
2700.0,593847703#0,1
2700.0,594658760#0,4
2700.0,:1973482489_3,1
2700.0,:3086736518_0,3
2700.0,:3086736518_6,1
2700.0,:655375232_2,5
2700.0,:655375233_0,1
2700.0,:655375233_4,1
2700.0,:655375233_8,4
2720.0,-300077497#5,27
2720.0,-300077497#8,4
2720.0,-593847703#3,33
2720.0,-E0,19
2720.0,182334378#0,1
2720.0,263217604#0,1
2720.0,288878926#0,13
2720.0,30620492#0,18
2720.0,30620492#1,5
2720.0,484988951#0,5
2720.0,49073226#2,1
2720.0,49073272#1,1
2720.0,49073272#3,1
2720.0,506322844#0,5
2720.0,51362429#0,17
2720.0,51362430,1
2720.0,593847702#0,1
2720.0,593847703#0,1
2720.0,594658760#0,3
2720.0,:3086736518_0,3
2720.0,:3086736518_6,1
2720.0,:655375232_2,5
2720.0,:655375233_0,1
2720.0,:655375233_4,1
2720.0,:655375233_8,1
2720.0,:655375239_6,1
2720.0,:cluster622618015_622618108_622618112_622618144_#2more_29,1
2720.0,:cluster622618015_622618108_622618112_622618144_#2more_35,1
2720.0,:cluster655375336_end_0_655375336_end_1_655375336_end_10_655375336_end_11_#8more_6,2
2740.0,-300077497#5,27
2740.0,-300077497#8,4
2740.0,-593847703#3,33
2740.0,-E0,19
2740.0,1239087514,1
2740.0,196961215#2,1
2740.0,263217604#0,2
2740.0,288878926#0,13
2740.0,30620492#0,18
2740.0,30620492#1,5
2740.0,484988951#0,5
2740.0,49073226#2,1
2740.0,49073272#3,3
2740.0,506322844#0,5
2740.0,51362429#0,16
2740.0,51362430,3
2740.0,593847702#0,1
2740.0,593847703#0,1
2740.0,594658760#0,3
2740.0,:3086736518_0,3
2740.0,:3086736518_6,1
2740.0,:655375232_2,5
2740.0,:655375233_0,2
2740.0,:655375233_4,1
2740.0,:655375233_8,1
2760.0,-300077497#5,26
2760.0,-300077497#8,4
2760.0,-593847703#3,34
2760.0,-E0,19
2760.0,196961215#2,1
2760.0,288878926#0,11
2760.0,300077497#0,1
2760.0,30620492#0,18
2760.0,30620492#1,5
2760.0,360018417,3
2760.0,360843888,1
2760.0,484988951#0,5
2760.0,49073226#2,1
2760.0,506322844#0,5
2760.0,51362429#0,17
2760.0,51362430,3
2760.0,593847702#0,1
2760.0,593849711#0,1
2760.0,594658760#0,3
2760.0,:3086736518_0,3
2760.0,:3086736518_6,1
2760.0,:655375232_2,5
2760.0,:655375233_0,2
2760.0,:655375233_4,1
2760.0,:655375233_8,1
2760.0,:cluster3086736522_655375108_655375247_655375401_#1more_17,1
2780.0,-300077497#5,26
2780.0,-300077497#8,3
2780.0,-51362429#1,2
2780.0,-593847703#3,29
2780.0,-E0,19
2780.0,196961215#2,1
2780.0,196961377#3,1
2780.0,288878926#0,5
2780.0,30620492#0,18
2780.0,30620492#1,5
2780.0,360843888,2
2780.0,484988951#0,5
2780.0,49073226#2,1
2780.0,506322844#0,5
2780.0,51362429#0,17
2780.0,51362430,3
2780.0,593847702#0,2
2780.0,594658760#0,3
2780.0,:3086736518_0,3
2780.0,:3086736518_6,1
2780.0,:655375232_2,5
2780.0,:655375232_8,1
2780.0,:655375233_0,2
2780.0,:655375233_4,3
2780.0,:655375233_8,1
2780.0,:cluster622618015_622618108_622618112_622618144_#2more_49,2
2780.0,:cluster_2038168688_655375573_24,1
2800.0,-300077497#5,26
2800.0,-300077497#8,3
2800.0,-51362429#1,6
2800.0,-593847703#3,28
2800.0,-E0,19
2800.0,186602412#0,1
2800.0,196961215#2,1
2800.0,288878926#0,5
2800.0,30620492#0,18
2800.0,30620492#1,5
2800.0,360843888,2
2800.0,484988951#0,5
2800.0,49073226#2,2
2800.0,49073272#1,2
2800.0,506322844#0,5
2800.0,51362429#0,17
2800.0,51362430,3
2800.0,593847702#0,1
2800.0,593847703#0,2
2800.0,594658760#0,3
2800.0,:3086736518_0,3
2800.0,:3086736518_6,1
2800.0,:655375232_2,5
2800.0,:655375238_5,1
2820.0,-300077497#5,27
2820.0,-300077497#8,4
2820.0,-51362429#1,1
2820.0,-593847703#3,28
2820.0,-E0,19
2820.0,196961215#2,1
2820.0,288878926#0,5
2820.0,30620492#0,18
2820.0,30620492#1,5
2820.0,360843888,2
2820.0,484988951#0,5
2820.0,49073226#2,7
2820.0,49073272#3,2
2820.0,506322844#0,5
2820.0,51362429#0,17
2820.0,51362430,3
2820.0,593847703#0,2
2820.0,593852345#0,1
2820.0,594658760#0,3
2820.0,:3086736518_0,3
2820.0,:3086736518_6,1
2820.0,:655375232_2,5
2840.0,-300077497#5,23
2840.0,-300077497#8,4
2840.0,-51362429#1,1
2840.0,-593847703#3,30
2840.0,-E0,19
2840.0,196961215#2,2
2840.0,244450512#4,2
2840.0,288878926#0,5
2840.0,300077497#0,2
2840.0,30620492#0,18
2840.0,30620492#1,5
2840.0,360018417,1
2840.0,484988951#0,5
2840.0,49073226#2,7
2840.0,506322844#0,5
2840.0,51362429#0,17
2840.0,51362430,3
2840.0,594658760#0,3
2840.0,:3086736518_0,2
2840.0,:3086736518_6,1
2840.0,:3208478121_3,1
2840.0,:655375232_2,4
2840.0,:655375233_0,2
2840.0,:cluster_2528018119_655375236_17,1
2840.0,:cluster_2528018119_655375236_19,1
2860.0,-300077497#5,21
2860.0,-300077497#8,4
2860.0,-51362429#1,1
2860.0,-593847703#3,32
2860.0,-E0,19
2860.0,1239087514,1
2860.0,196961215#2,2
2860.0,196961377#3,2
2860.0,244450512#5,2
2860.0,300077497#0,1
2860.0,30620492#0,18
2860.0,30620492#1,5
2860.0,35274074#0,2
2860.0,484988951#0,4
2860.0,49073226#2,7
2860.0,506322844#0,5
2860.0,51362429#0,15
2860.0,51362430,3
2860.0,593847703#0,8
2860.0,593847705,1
2860.0,593849711#0,1
2860.0,594658760#0,3
2860.0,:3086736518_6,1
2860.0,:655375232_2,2
2860.0,:cluster_2528018119_655375236_3,2
2860.0,:cluster_3208478133_655375293_655375296_9631728504_#1more_10,1
2860.0,:cluster_3431431575_4777363357_655375231_6982059025_5,1
2880.0,-300077497#5,24
2880.0,-51362429#1,1
2880.0,-593847703#3,29
2880.0,-E0,19
2880.0,196961215#2,2
2880.0,244450512#5,2
2880.0,300077497#0,7
2880.0,30620492#0,18
2880.0,30620492#1,5
2880.0,35274074#0,1
2880.0,484988951#0,4
2880.0,49073226#2,8
2880.0,506322844#0,5
2880.0,506322846#0,1
2880.0,51362429#0,16
2880.0,51362430,3
2880.0,593847704#0,1
2880.0,593847705,1
2880.0,594658760#0,3
2880.0,:1973482489_3,1
2880.0,:3086736518_4,1
2880.0,:3086736518_6,1
2880.0,:655375232_2,2
2880.0,:655375233_4,3
2880.0,:cluster_3431431575_4777363357_655375231_6982059025_5,1
2900.0,-300077497#5,27
2900.0,-300077497#8,3
2900.0,-51362429#1,7
2900.0,-593847703#3,25
2900.0,-E0,19
2900.0,196961215#2,1
2900.0,244450512#5,2
2900.0,263217604#0,2
2900.0,300077497#0,5
2900.0,30620492#0,17
2900.0,30620492#1,5
2900.0,35274074#0,2
2900.0,484988951#0,4
2900.0,49073226#2,12
2900.0,506322844#0,2
2900.0,51362429#0,17
2900.0,593847704#0,1
2900.0,593847705,1
2900.0,594658760#0,3
2900.0,:3086736518_4,1
2900.0,:3086736518_6,1
2900.0,:655375232_2,2
2900.0,:655375238_6,1
2900.0,:655375239_5,1
2900.0,:cluster_623980147_623980152_3,1
2900.0,:cluster_623980147_623980152_4,1
2920.0,-300077497#5,27
2920.0,-300077497#8,4
2920.0,-51362429#1,6
2920.0,-593847703#3,25
2920.0,-E0,19
2920.0,244450512#5,2
2920.0,263217604#0,3
2920.0,288878926#0,8
2920.0,30620492#0,18
2920.0,30620492#1,5
2920.0,35274074#0,8
2920.0,484988951#0,4
2920.0,49073226#2,8
2920.0,49073264#0,1
2920.0,506322844#0,5
2920.0,51362429#0,17
2920.0,593847705,1
2920.0,594658760#0,3
2920.0,:3086736518_4,1
2920.0,:3086736518_6,1
2920.0,:655375232_2,2
2920.0,:cluster_623980147_623980152_9,1
2940.0,-300077497#5,24
2940.0,-300077497#8,4
2940.0,-49073264#1,1
2940.0,-51362429#1,3
2940.0,-593847703#3,28
2940.0,-E0,19
2940.0,288878926#0,11
2940.0,30620492#0,18
2940.0,30620492#1,5
2940.0,360843888,1
2940.0,484988951#0,4
2940.0,49073226#2,7
2940.0,506322844#0,5
2940.0,506322846#0,7
2940.0,51362429#0,17
2940.0,51362430,2
2940.0,593847705,1
2940.0,593849711#0,1
2940.0,594658760#0,5
2940.0,:3086736518_4,1
2940.0,:3086736518_6,1
2940.0,:655375232_2,2
2940.0,:cluster_2038168688_655375573_3,1
2940.0,:cluster_3431431575_4777363357_655375231_6982059025_3,1
2960.0,-300077497#5,26
2960.0,-300077497#8,1
2960.0,-49073264#1,1
2960.0,-51362429#1,1
2960.0,-593847703#3,28
2960.0,-E0,19
2960.0,186602412#0,6
2960.0,288878926#0,9
2960.0,30620492#0,18
2960.0,30620492#1,5
2960.0,360843888,1
2960.0,484988951#0,3
2960.0,49073226#2,5
2960.0,506322844#0,5
2960.0,506322846#0,2
2960.0,51362429#0,10
2960.0,593847703#0,7
2960.0,594658760#0,5
2960.0,:3086736518_0,1
2960.0,:3086736518_4,1
2960.0,:3086736518_6,1
2960.0,:655375233_0,2
2960.0,:655375238_5,1
2960.0,:cluster_2528018119_655375236_3,1
2960.0,:cluster_3431431575_4777363357_655375231_6982059025_3,2
2960.0,:cluster_3431431575_4777363357_655375231_6982059025_5,1
2980.0,-300077497#5,27
2980.0,-300077497#8,4
2980.0,-49073264#1,1
2980.0,-593847703#3,26
2980.0,-E0,19
2980.0,1068440004#1,1
2980.0,182334379#0,1
2980.0,288878926#0,9
2980.0,30620492#0,18
2980.0,30620492#1,5
2980.0,35274074#0,1
2980.0,360843888,1
2980.0,484988951#0,4
2980.0,49073226#2,10
2980.0,506322844#0,3
2980.0,51362429#0,13
2980.0,593847703#0,8
2980.0,594658760#0,4
2980.0,:3086736518_0,1
2980.0,:3086736518_6,1
2980.0,:655375232_8,1
2980.0,:655375233_4,2
3000.0,-300077497#5,27
3000.0,-300077497#8,4
3000.0,-51362429#1,7
3000.0,-593847703#3,22
3000.0,-E0,19
3000.0,1068440004#1,1
3000.0,182334379#0,1
3000.0,288878926#0,9
3000.0,30620492#0,18
3000.0,30620492#1,5
3000.0,35274074#0,1
3000.0,360843888,1
3000.0,484988951#0,3
3000.0,49073226#2,10
3000.0,506322844#0,5
3000.0,51362429#0,14
3000.0,593847703#0,8
3000.0,594658760#0,4
3000.0,:3086736518_0,1
3000.0,:3086736518_6,1
3000.0,:cluster622618015_622618108_622618112_622618144_#2more_17,1
3000.0,:cluster_3431431575_4777363357_655375231_6982059025_5,1
3020.0,-300077497#5,26
3020.0,-300077497#8,4
3020.0,-51362429#1,7
3020.0,-593847703#3,23
3020.0,-E0,19
3020.0,182334379#0,1
3020.0,288878926#0,9
3020.0,300077497#0,2
3020.0,30620492#0,18
3020.0,30620492#1,5
3020.0,484988951#0,3
3020.0,49073226#2,10
3020.0,506322844#0,5
3020.0,51362429#0,16
3020.0,593847702#0,1
3020.0,593847703#0,4
3020.0,594658760#0,3
3020.0,:3086736518_0,1
3020.0,:3086736518_6,1
3020.0,:3208478128_0,1
3020.0,:cluster_2038168688_655375573_23,1
3020.0,:cluster_2528018119_655375236_3,2
3040.0,-300077497#5,25
3040.0,-300077497#8,4
3040.0,-51362429#1,7
3040.0,-593847703#3,24
3040.0,-E0,19
3040.0,186602412#0,1
3040.0,238526531#0,1
3040.0,244450512#5,1
3040.0,288878926#0,3
3040.0,300077497#0,6
3040.0,30620492#0,18
3040.0,30620492#1,5
3040.0,35274074#0,1
3040.0,484988951#0,4
3040.0,49073226#2,10
3040.0,506322844#0,5
3040.0,51362429#0,16
3040.0,593847702#0,1
3040.0,593849711#0,1
3040.0,594658760#0,3
3040.0,:3086736518_0,1
3040.0,:3086736518_6,1
3040.0,:655375238_6,1
3040.0,:cluster622618015_622618108_622618112_622618144_#2more_0,1
3060.0,-300077497#5,26
3060.0,-300077497#8,2
3060.0,-51362429#1,7
3060.0,-593847703#3,24
3060.0,-E0,19
3060.0,238526531#0,1
3060.0,244450512#5,1
3060.0,288878926#0,1
3060.0,300077497#0,1
3060.0,30620492#0,18
3060.0,30620492#1,5
3060.0,35274074#0,2
3060.0,484988951#0,3
3060.0,49073226#2,10
3060.0,506322844#0,5
3060.0,506322846#0,1
3060.0,51362429#0,9
3060.0,593847702#0,1
3060.0,593847703#0,6
3060.0,593847704#0,1
3060.0,594658760#0,3
3060.0,:1973482489_8,1
3060.0,:3086736518_0,1
3060.0,:655375232_2,2
3060.0,:655375233_0,2
3060.0,:655375238_1,1
3060.0,:655375238_5,1
3060.0,:cluster_2038168688_655375573_23,1
3060.0,:cluster_2038168688_655375573_3,1
3060.0,:cluster_3431431575_4777363357_655375231_6982059025_5,1
3080.0,-300077497#5,27
3080.0,-300077497#8,4
3080.0,-51362429#1,7
3080.0,-593847703#3,24
3080.0,-E0,19
3080.0,186602412#0,3
3080.0,244450512#5,1
3080.0,288878926#0,1
3080.0,30620492#0,18
3080.0,30620492#1,5
3080.0,35274074#0,4
3080.0,484988951#0,4
3080.0,49073226#2,10
3080.0,49073272#3,1
3080.0,506322844#0,5
3080.0,506322847#0,1
3080.0,51362429#0,12
3080.0,593847703#0,8
3080.0,593847704#0,1
3080.0,594658760#0,3
3080.0,:3086736518_0,1
3080.0,:655375232_2,1
3100.0,-300077497#5,27
3100.0,-300077497#8,4
3100.0,-506322847#4,1
3100.0,-51362429#1,9
3100.0,-593847703#3,18
3100.0,-E0,19
3100.0,244450512#5,1
3100.0,288878926#0,1
3100.0,30620492#0,18
3100.0,30620492#1,5
3100.0,35274074#0,4
3100.0,484988951#0,4
3100.0,49073226#2,10
3100.0,49073272#3,1
3100.0,506322844#0,5
3100.0,51362429#0,15
3100.0,593847702#0,1
3100.0,593847703#0,8
3100.0,593849718#0,1
3100.0,594658760#0,3
3100.0,:3086736518_0,1
3100.0,:655375232_2,1
3100.0,:655375232_8,1
3100.0,:655375233_4,1
3120.0,-300077497#5,26
3120.0,-300077497#8,4
3120.0,-51362429#1,10
3120.0,-593847703#3,19
3120.0,-E0,19
3120.0,300077497#0,7
3120.0,30620492#0,18
3120.0,30620492#1,5
3120.0,360018417,1
3120.0,484988951#0,4
3120.0,49073226#2,10
3120.0,506322844#0,5
3120.0,506322846#0,4
3120.0,51362429#0,16
3120.0,51362430,1
3120.0,593847702#0,1
3120.0,594658760#0,3
3120.0,:1973482489_3,1
3120.0,:3086736518_0,1
3120.0,:655375232_2,1
3120.0,:655375233_4,1
3120.0,:cluster_2528018119_655375236_3,1
3140.0,-300077497#5,26
3140.0,-300077497#8,3
3140.0,-51362429#1,10
3140.0,-593847703#3,19
3140.0,-E0,18
3140.0,186602412#0,4
3140.0,288878926#0,2
3140.0,300077497#0,2
3140.0,30620492#0,18
3140.0,30620492#1,5
3140.0,35274074#0,2
3140.0,484988951#0,4
3140.0,49073226#2,7
3140.0,506322844#0,5
3140.0,506322846#0,1
3140.0,51362429#0,17
3140.0,593847702#0,1
3140.0,594658760#0,3
3140.0,:3086736518_0,1
3140.0,:3086736518_6,1
3140.0,:655375232_2,1
3140.0,:655375233_4,1
3140.0,:655375238_1,1
3140.0,:655375238_5,1
3140.0,:cluster_2038168688_655375573_3,2
3140.0,:cluster_623980147_623980152_4,1
3160.0,-300077497#5,27
3160.0,-300077497#8,4
3160.0,-51362429#1,3
3160.0,-593847703#3,19
3160.0,-E0,18
3160.0,186602412#0,2
3160.0,288878926#0,9
3160.0,30620492#0,18
3160.0,30620492#1,5
3160.0,35274074#0,3
3160.0,484988951#0,3
3160.0,49073226#2,5
3160.0,49073264#0,1
3160.0,506322844#0,5
3160.0,506322846#0,2
3160.0,51362429#0,10
3160.0,593847703#0,3
3160.0,594658760#0,3
3160.0,:1973482489_8,1
3160.0,:3086736518_0,2
3160.0,:3086736518_6,1
3160.0,:655375232_2,2
3160.0,:655375233_0,2
3160.0,:655375233_4,1
3160.0,:cluster_3431431575_4777363357_655375231_6982059025_3,3
3160.0,:cluster_3431431575_4777363357_655375231_6982059025_5,1
3180.0,-300077497#5,27
3180.0,-300077497#8,4
3180.0,-51362429#1,2
3180.0,-593847703#3,19
3180.0,-E0,19
3180.0,186602412#0,1
3180.0,288878926#0,13
3180.0,30620492#0,18
3180.0,30620492#1,5
3180.0,35274074#0,3
3180.0,484988951#0,4
3180.0,49073226#2,5
3180.0,49073272#1,1
3180.0,506322844#0,5
3180.0,51362429#0,10
3180.0,593847703#0,10
3180.0,594658760#0,3
3180.0,:3086736518_0,1
3180.0,:3086736518_6,1
3180.0,:655375233_4,1
3180.0,:cluster622618015_622618108_622618112_622618144_#2more_17,1
3200.0,-300077497#5,27
3200.0,-300077497#8,4
3200.0,-51362429#1,4
3200.0,-593847703#3,13
3200.0,-E0,19
3200.0,288878926#0,13
3200.0,300077497#0,2
3200.0,30620492#0,17
3200.0,30620492#1,4
3200.0,360018417,1
3200.0,484988951#0,3
3200.0,49073226#2,8
3200.0,506322844#0,5
3200.0,506322846#0,1
3200.0,51362429#0,14
3200.0,593847703#0,6
3200.0,594658760#0,3
3200.0,:2749340167_0,1
3200.0,:3086736518_0,1
3200.0,:3086736518_4,1
3200.0,:3086736518_6,1
3200.0,:655375232_8,1
3200.0,:655375233_4,1
3200.0,:cluster_2038168688_655375573_23,1
3200.0,:cluster_2038168688_655375573_3,1
3200.0,:cluster_2528018119_655375236_3,2
3220.0,-300077497#5,22
3220.0,-300077497#8,4
3220.0,-51362429#1,7
3220.0,-593847703#3,17
3220.0,-E0,19
3220.0,186602412#0,3
3220.0,196961377#3,1
3220.0,288878926#0,7
3220.0,300077497#0,7
3220.0,30620492#0,17
3220.0,30620492#1,5
3220.0,35274074#0,2
3220.0,484988951#0,3
3220.0,49073226#2,8
3220.0,506322844#0,5
3220.0,51362429#0,14
3220.0,593849711#0,1
3220.0,594658760#0,3
3220.0,:3086736518_0,1
3220.0,:3086736518_6,1
3220.0,:655375238_1,1
3220.0,:cluster622618015_622618108_622618112_622618144_#2more_0,1
3220.0,:cluster_2528018119_655375236_17,1
3220.0,:cluster_3431431575_4777363357_655375231_6982059025_5,1
3240.0,-300077497#5,22
3240.0,-300077497#8,3
3240.0,-51362429#1,7
3240.0,-593847703#3,19
3240.0,-E0,19
3240.0,288878926#0,5
3240.0,30620492#0,18
3240.0,30620492#1,5
3240.0,35274074#0,3
3240.0,484988951#0,3
3240.0,49073226#2,8
3240.0,506322844#0,5
3240.0,506322846#0,5
3240.0,51362429#0,16
3240.0,594658760#0,3
3240.0,:3086736518_0,1
3240.0,:3086736518_6,1
3240.0,:655375238_1,1
3240.0,:655375238_5,1
3240.0,:cluster_2038168688_655375573_3,1
3240.0,:cluster_3431431575_4777363357_655375231_6982059025_5,1
3260.0,-300077497#5,27
3260.0,-300077497#8,4
3260.0,-51362429#1,7
3260.0,-593847703#3,19
3260.0,-E0,19
3260.0,186602412#0,5
3260.0,288878926#0,5
3260.0,30620492#0,18
3260.0,30620492#1,5
3260.0,35274074#0,4
3260.0,484988951#0,4
3260.0,49073226#2,8
3260.0,506322844#0,4
3260.0,51362429#0,13
3260.0,593847703#0,1
3260.0,594658760#0,3
3260.0,:3086736518_0,2
3260.0,:3086736518_6,1
3260.0,:655375232_2,2
3260.0,:655375239_6,1
3280.0,-300077497#5,27
3280.0,-300077497#8,4
3280.0,-51362429#1,7
3280.0,-593847703#3,19
3280.0,-E0,19
3280.0,263217604#0,2
3280.0,288878926#0,5
3280.0,30620492#0,18
3280.0,30620492#1,5
3280.0,35274074#0,4
3280.0,484988951#0,3
3280.0,49073226#2,8
3280.0,506322844#0,5
3280.0,51362429#0,12
3280.0,593847703#0,9
3280.0,593849718#0,1
3280.0,594658760#0,3
3280.0,:3086736518_0,2
3280.0,:cluster_3431431575_4777363357_655375231_6982059025_5,1
3300.0,-300077497#5,27
3300.0,-300077497#8,4
3300.0,-51362429#1,8
3300.0,-593847703#3,15
3300.0,-E0,19
3300.0,288878926#0,3
3300.0,300077497#0,7
3300.0,30620492#0,18
3300.0,30620492#1,5
3300.0,360843888,1
3300.0,484988951#0,3
3300.0,49073226#2,8
3300.0,506322844#0,6
3300.0,506322846#0,4
3300.0,51362429#0,15
3300.0,593849711#0,1
3300.0,594658757#0,1
3300.0,594658760#0,3
3300.0,:3086736518_0,2
3300.0,:3086736518_3,1
3300.0,:655375232_8,1
3300.0,:cluster_2528018119_655375236_3,2
3320.0,-300077497#5,24
3320.0,-300077497#8,4
3320.0,-51362429#1,9
3320.0,-593847703#3,17
3320.0,-E0,19
3320.0,186602412#0,3
3320.0,300077497#0,2
3320.0,30620492#0,18
3320.0,30620492#1,5
3320.0,35274074#0,3
3320.0,360843888,1
3320.0,484988951#0,4
3320.0,49073226#2,8
3320.0,506322844#0,6
3320.0,506322846#0,2
3320.0,51362429#0,16
3320.0,593847704#0,1
3320.0,594658757#0,1
3320.0,594658760#0,3
3320.0,:3086736518_0,2
3320.0,:655375238_1,1
3320.0,:cluster_2038168688_655375573_3,1
3320.0,:cluster_2528018119_655375236_17,1
3340.0,-300077497#5,24
3340.0,-300077497#8,4
3340.0,-51362429#1,9
3340.0,-593847703#3,18
3340.0,-E0,19
3340.0,186602412#0,3
3340.0,263217604#0,1
3340.0,30620492#0,18
3340.0,30620492#1,5
3340.0,35274074#0,3
3340.0,360843888,1
3340.0,484988951#0,4
3340.0,49073226#2,8
3340.0,506322844#0,5
3340.0,506322846#0,2
3340.0,51362429#0,17
3340.0,593847704#0,1
3340.0,594658760#0,2
3340.0,:1973482489_3,1
3340.0,:3086736518_0,2
3340.0,:cluster655375336_end_0_655375336_end_1_655375336_end_10_655375336_end_11_#8more_19,1
3360.0,-300077497#5,27
3360.0,-300077497#8,4
3360.0,-51362429#1,9
3360.0,-593847703#3,18
3360.0,-E0,18
3360.0,1068440004#1,1
3360.0,186602412#0,1
3360.0,263217604#0,1
3360.0,30620492#0,18
3360.0,30620492#1,5
3360.0,35274074#0,3
3360.0,360843888,1
3360.0,484988951#0,4
3360.0,49073226#2,8
3360.0,506322844#0,6
3360.0,51362429#0,15
3360.0,594658760#0,2
3360.0,:3086736518_0,1
3360.0,:3086736518_6,1
3360.0,:655375232_2,2
3360.0,:655375233_0,1
3360.0,:cluster622618015_622618108_622618112_622618144_#2more_52,1
3380.0,-300077497#5,27
3380.0,-300077497#8,4
3380.0,-51362429#1,7
3380.0,-593847703#3,18
3380.0,-E0,19
3380.0,1068440004#1,1
3380.0,263217604#0,1
3380.0,288878926#0,4
3380.0,300077497#0,3
3380.0,30620492#0,18
3380.0,30620492#1,5
3380.0,484988951#0,3
3380.0,49073226#2,3
3380.0,506322844#0,7
3380.0,51362429#0,8
3380.0,593847703#0,6
3380.0,593852345#0,1
3380.0,594658760#0,2
3380.0,:3086736518_0,2
3380.0,:3086736518_6,1
3380.0,:3208478128_0,1
3380.0,:cluster_2038168688_655375573_23,1
3380.0,:cluster_2038168688_655375573_24,1
3380.0,:cluster_2038168688_655375573_3,1
3380.0,:cluster_2528018119_655375236_3,1
3380.0,:cluster_3431431575_4777363357_655375231_6982059025_3,2
3380.0,:cluster_3431431575_4777363357_655375231_6982059025_5,1
3380.0,:cluster_623980147_623980152_9,1
3400.0,-300077497#5,21
3400.0,-300077497#8,4
3400.0,-593847703#3,20
3400.0,-E0,19
3400.0,1068440004#1,1
3400.0,186602412#0,3
3400.0,244450512#5,1
3400.0,288878926#0,5
3400.0,300077497#0,6
3400.0,30620492#0,18
3400.0,30620492#1,5
3400.0,35274074#0,2
3400.0,484988951#0,4
3400.0,49073226#2,4
3400.0,506322844#0,7
3400.0,51362429#0,12
3400.0,593849711#0,1
3400.0,593852345#0,1
3400.0,594658757#0,1
3400.0,594658760#0,2
3400.0,:3086736518_0,2
3400.0,:3086736518_4,1
3400.0,:3086736518_6,1
3400.0,:655375233_4,1
3400.0,:655375238_6,1
3400.0,:cluster622618015_622618108_622618112_622618144_#2more_0,1
3400.0,:cluster_2038168688_655375573_3,1
3400.0,:cluster_2528018119_655375236_17,1
3400.0,:cluster_2528018119_655375236_31,1
3400.0,:cluster_3431431575_4777363357_655375231_6982059025_3,1
3400.0,:cluster_623980147_623980152_4,1
3420.0,-300077497#5,16
3420.0,-300077497#8,2
3420.0,-51362429#1,2
3420.0,-593847703#3,20
3420.0,-E0,19
3420.0,182334378#0,3
3420.0,186602412#0,2
3420.0,244450512#5,1
3420.0,288878926#0,10
3420.0,30620492#0,18
3420.0,30620492#1,5
3420.0,35274074#0,3
3420.0,484988951#0,4
3420.0,49073226#2,3
3420.0,506322844#0,7
3420.0,506322846#0,4
3420.0,51362429#0,15
3420.0,593852345#0,1
3420.0,594658757#0,1
3420.0,594658760#0,2
3420.0,:3086736518_0,2
3420.0,:3086736518_6,1
3420.0,:655375233_8,1
3420.0,:655375238_5,2
3420.0,:cluster_2038168688_655375573_23,1
3440.0,-300077497#5,25
3440.0,-300077497#8,1
3440.0,-593847703#3,20
3440.0,-E0,19
3440.0,182334378#0,1
3440.0,186602412#0,3
3440.0,196961215#2,1
3440.0,244450512#5,1
3440.0,263217604#0,3
3440.0,288878926#0,12
3440.0,30620492#0,18
3440.0,30620492#1,5
3440.0,35274074#0,3
3440.0,484988951#0,4
3440.0,49073226#2,3
3440.0,49073272#1,1
3440.0,506322844#0,2
3440.0,51362429#0,16
3440.0,51362430,2
3440.0,594658757#0,1
3440.0,594658760#0,2
3440.0,:3086736518_0,2
3440.0,:3086736518_6,1
3440.0,:655375239_6,1
3460.0,-300077497#5,27
3460.0,-593847703#3,20
3460.0,-E0,19
3460.0,182334378#0,1
3460.0,196961215#2,1
3460.0,244450512#5,1
3460.0,263217604#0,5
3460.0,288878926#0,12
3460.0,30620492#0,18
3460.0,30620492#1,5
3460.0,35274074#0,3
3460.0,484988951#0,5
3460.0,49073226#2,3
3460.0,49073272#3,1
3460.0,506322844#0,5
3460.0,51362429#0,17
3460.0,594658757#0,1
3460.0,594658760#0,2
3460.0,:3086736518_0,2
3460.0,:3086736518_6,1
3480.0,-300077497#5,20
3480.0,-593847703#3,24
3480.0,-E0,19
3480.0,182334378#0,1
3480.0,196961215#2,1
3480.0,263217604#0,1
3480.0,288878926#0,10
3480.0,300077497#0,1
3480.0,30620492#0,17
3480.0,30620492#1,5
3480.0,360018417,1
3480.0,360843888,1
3480.0,484988951#0,3
3480.0,49073226#2,3
3480.0,506322844#0,7
3480.0,506322846#0,3
3480.0,51362429#0,11
3480.0,51362430,1
3480.0,593847703#0,7
3480.0,593847704#0,1
3480.0,593849711#0,1
3480.0,594658757#0,1
3480.0,594658760#0,4
3480.0,:655375233_0,2
3480.0,:cluster3086736522_655375108_655375247_655375401_#1more_14,1
3480.0,:cluster655375336_end_0_655375336_end_1_655375336_end_10_655375336_end_11_#8more_6,2
3480.0,:cluster_2528018119_655375236_19,1
3480.0,:cluster_2528018119_655375236_3,1
3500.0,-300077497#5,19
3500.0,-593847703#3,22
3500.0,-E0,19
3500.0,182334378#0,1
3500.0,186602412#0,2
3500.0,196961215#2,1
3500.0,232003903#0,2
3500.0,288878926#0,4
3500.0,300077497#0,8
3500.0,30620492#0,18
3500.0,30620492#1,5
3500.0,35274074#0,1
3500.0,360843888,1
3500.0,484988951#0,3
3500.0,49073226#2,6
3500.0,506322844#0,7
3500.0,51362429#0,14
3500.0,593847704#0,1
3500.0,594658757#0,1
3500.0,594658760#0,6
3500.0,:655375233_4,2
3500.0,:655375238_1,1
3500.0,:cluster622618015_622618108_622618112_622618144_#2more_49,1
3500.0,:cluster_2528018119_655375236_17,1
3500.0,:cluster_2528018119_655375236_19,1
3500.0,:cluster_2528018119_655375236_3,1
3520.0,-300077497#5,20
3520.0,-300077497#8,1
3520.0,-51362429#1,5
3520.0,-593847703#3,17
3520.0,-E0,19
3520.0,182334378#0,2
3520.0,196961215#2,1
3520.0,232003903#0,2
3520.0,263217604#0,2
3520.0,288878926#0,4
3520.0,300077497#0,3
3520.0,30620492#0,18
3520.0,30620492#1,5
3520.0,35274074#0,6
3520.0,360843888,1
3520.0,484988951#0,4
3520.0,49073226#2,8
3520.0,506322844#0,2
3520.0,506322846#0,1
3520.0,51362429#0,15
3520.0,593847704#0,1
3520.0,594658757#0,1
3520.0,594658760#0,6
3520.0,:3086736518_4,1
3520.0,:655375238_1,1
3520.0,:655375238_5,1
3520.0,:655375239_5,1
3540.0,-300077497#5,27
3540.0,-300077497#8,2
3540.0,-51362429#1,5
3540.0,-593847703#3,17
3540.0,-E0,19
3540.0,182334378#0,2
3540.0,196961215#2,1
3540.0,232003903#0,2
3540.0,263217604#0,2
3540.0,288878926#0,4
3540.0,300077497#0,3
3540.0,30620492#0,18
3540.0,30620492#1,5
3540.0,35274074#0,6
3540.0,360843888,1
3540.0,484988951#0,4
3540.0,49073226#2,8
3540.0,506322844#0,3
3540.0,51362429#0,16
3540.0,594658757#0,1
3540.0,594658760#0,6
3540.0,:3086736518_4,1
3540.0,:655375238_6,1
3540.0,:cluster622618015_622618108_622618112_622618144_#2more_39,1
3560.0,-300077497#5,23
3560.0,-300077497#8,2
3560.0,-51362429#1,5
3560.0,-593847703#3,19
3560.0,-E0,17
3560.0,182334378#0,2
3560.0,196961215#2,1
3560.0,263217604#0,2
3560.0,288878926#0,4
3560.0,30620492#0,18
3560.0,30620492#1,5
3560.0,35274074#0,6
3560.0,484988951#0,4
3560.0,49073226#2,8
3560.0,506322844#0,7
3560.0,506322846#0,1
3560.0,51362429#0,17
3560.0,51362430,2
3560.0,594658757#0,1
3560.0,594658760#0,6
3560.0,:3086736518_4,1
3560.0,:3086736518_6,2
3560.0,:3208478128_0,1
3560.0,:cluster_2038168688_655375573_23,1
3560.0,:cluster_2038168688_655375573_3,1
3560.0,:cluster_2038168688_655375573_6,1
3560.0,:cluster_2528018119_655375236_17,2
3580.0,-300077497#5,19
3580.0,-300077497#8,2
3580.0,-51362429#1,5
3580.0,-593847703#3,25
3580.0,-E0,19
3580.0,186602412#0,3
3580.0,196961215#2,1
3580.0,244450512#5,1
3580.0,30620492#0,18
3580.0,30620492#1,5
3580.0,484988951#0,3
3580.0,49073226#2,8
3580.0,506322844#0,7
3580.0,506322846#0,6
3580.0,51362429#0,11
3580.0,51362430,1
3580.0,594658757#0,3
3580.0,594658760#0,6
3580.0,:1973482489_3,1
3580.0,:3086736518_0,2
3580.0,:3086736518_4,1
3580.0,:3086736518_6,2
3580.0,:655375232_2,5
3580.0,:cluster655375336_end_0_655375336_end_1_655375336_end_10_655375336_end_11_#8more_6,1
3580.0,:cluster_3431431575_4777363357_655375231_6982059025_5,1
3600.0,-300077497#5,21
3600.0,-51362429#1,5
3600.0,-593847703#3,25
3600.0,-E0,19
3600.0,186602412#0,5
3600.0,196961215#2,1
3600.0,244450512#5,1
3600.0,30620492#0,18
3600.0,30620492#1,5
3600.0,484988951#0,3
3600.0,49073226#2,10
3600.0,506322844#0,7
3600.0,51362429#0,16
3600.0,594658757#0,3
3600.0,594658760#0,6
3600.0,:3086736518_0,2
3600.0,:3086736518_4,1
3600.0,:3086736518_6,2
3600.0,:655375232_2,5
3620.0,-300077497#5,26
3620.0,-300077497#8,1
3620.0,-51362429#1,8
3620.0,-593847703#3,20
3620.0,-E0,19
3620.0,244450512#5,1
3620.0,263217604#0,2
3620.0,288878926#0,7
3620.0,30620492#0,18
3620.0,30620492#1,5
3620.0,484988951#0,3
3620.0,49073226#2,3
3620.0,506322844#0,2
3620.0,51362429#0,16
3620.0,593847704#0,2
3620.0,594658757#0,3
3620.0,594658760#0,6
3620.0,:3086736518_0,2
3620.0,:3086736518_4,1
3620.0,:655375232_2,5
3620.0,:655375233_4,1
3620.0,:655375238_5,1
3620.0,:655375239_5,1
3620.0,:cluster_3431431575_4777363357_655375231_6982059025_3,1
3620.0,:cluster_3431431575_4777363357_655375231_6982059025_5,1
3620.0,:cluster_623980147_623980152_4,1
3640.0,-300077497#5,27
3640.0,-300077497#8,4
3640.0,-593847703#3,20
3640.0,-E0,19
3640.0,244450512#5,1
3640.0,263217604#0,2
3640.0,288878926#0,13
3640.0,30620492#0,18
3640.0,30620492#1,5
3640.0,484988951#0,4
3640.0,49073226#2,6
3640.0,506322844#0,5
3640.0,51362429#0,17
3640.0,593849718#0,1
3640.0,594658757#0,3
3640.0,594658760#0,5
3640.0,:3086736518_0,2
3640.0,:3086736518_4,1
3640.0,:655375232_2,5
3640.0,:655375233_4,1
3640.0,:cluster_3431431575_4777363357_655375231_6982059025_3,1
3660.0,-300077497#5,23
3660.0,-300077497#8,4
3660.0,-593847703#3,24
3660.0,-E0,19
3660.0,288878926#0,11
3660.0,30620492#0,18
3660.0,30620492#1,5
3660.0,484988951#0,4
3660.0,49073226#2,7
3660.0,506322844#0,5
3660.0,51362429#0,17
3660.0,51362430,1
3660.0,593849711#0,1
3660.0,594658757#0,3
3660.0,594658760#0,7
3660.0,:3086736518_0,2
3660.0,:3086736518_4,1
3660.0,:655375232_2,5
3660.0,:655375233_4,1
3680.0,-300077497#5,24
3680.0,-300077497#8,1
3680.0,-593847703#3,25
3680.0,-E0,19
3680.0,288878926#0,5
3680.0,30620492#0,18
3680.0,30620492#1,5
3680.0,484988951#0,5
3680.0,49073226#2,7
3680.0,506322844#0,5
3680.0,51362429#0,11
3680.0,593847703#0,6
3680.0,594658757#0,3
3680.0,594658760#0,7
3680.0,:3086736518_0,2
3680.0,:3086736518_4,1
3680.0,:655375232_2,3
3680.0,:655375233_0,2
3680.0,:655375233_4,1
3680.0,:655375238_5,1
3700.0,-300077497#5,26
3700.0,-300077497#8,2
3700.0,-593847703#3,25
3700.0,-E0,19
3700.0,288878926#0,5
3700.0,30620492#0,18
3700.0,30620492#1,5
3700.0,484988951#0,3
3700.0,49073226#2,9
3700.0,506322844#0,2
3700.0,51362429#0,13
3700.0,593847703#0,13
3700.0,594658757#0,3
3700.0,594658760#0,7
3700.0,:3086736518_0,2
3700.0,:3086736518_4,1
3700.0,:655375232_2,1
3700.0,:655375233_4,1
3700.0,:655375238_5,1
3700.0,:655375239_5,1
3720.0,-300077497#5,27
3720.0,-300077497#8,4
3720.0,-51362429#1,5
3720.0,-593847703#3,16
3720.0,-E0,19
3720.0,263217604#0,1
3720.0,288878926#0,5
3720.0,30620492#0,18
3720.0,30620492#1,5
3720.0,484988951#0,4
3720.0,49073226#2,9
3720.0,506322844#0,5
3720.0,51362429#0,13
3720.0,593847703#0,13
3720.0,594658757#0,2
3720.0,594658760#0,6
3720.0,:3086736518_0,2
3720.0,:3086736518_4,1
3720.0,:655375232_2,1
3720.0,:655375232_8,1
3720.0,:655375233_4,4
3720.0,:cluster655375336_end_0_655375336_end_1_655375336_end_10_655375336_end_11_#8more_18,1
3740.0,-300077497#5,23
3740.0,-300077497#8,4
3740.0,-51362429#1,8
3740.0,-593847703#3,18
3740.0,-E0,19
3740.0,263217604#0,1
3740.0,288878926#0,5
3740.0,300077497#0,2
3740.0,30620492#0,18
3740.0,30620492#1,5
3740.0,484988951#0,4
3740.0,49073226#2,10
3740.0,506322844#0,5
3740.0,51362429#0,15
3740.0,593847703#0,8
3740.0,594658757#0,2
3740.0,594658760#0,5
3740.0,:3086736518_0,2
3740.0,:3086736518_4,1
3740.0,:655375232_2,1
3740.0,:655375233_4,1
3740.0,:655375233_8,2
3740.0,:cluster_2528018119_655375236_17,2
3740.0,:cluster_2528018119_655375236_3,2
3740.0,:cluster_2528018119_655375236_4,1
3760.0,-300077497#5,22
3760.0,-300077497#8,4
3760.0,-51362429#1,8
3760.0,-593847703#3,21
3760.0,-E0,19
3760.0,182334379#0,1
3760.0,244450512#4,1
3760.0,300077497#0,10
3760.0,30620492#0,18
3760.0,30620492#1,5
3760.0,35274074#0,1
3760.0,484988951#0,3
3760.0,49073226#2,10
3760.0,506322844#0,5
3760.0,51362429#0,16
3760.0,593849711#0,1
3760.0,594658757#0,2
3760.0,594658760#0,5
3760.0,:3086736518_0,2
3760.0,:3086736518_4,1
3760.0,:655375232_2,1
3760.0,:655375233_4,1
3760.0,:655375233_8,2
3760.0,:655375238_6,1
3780.0,-300077497#5,26
3780.0,-51362429#1,8
3780.0,-593847703#3,21
3780.0,-E0,19
3780.0,186602412#0,1
3780.0,238526531#0,1
3780.0,244450512#5,1
3780.0,300077497#0,7
3780.0,30620492#0,17
3780.0,30620492#1,5
3780.0,35274074#0,2
3780.0,484988951#0,2
3780.0,49073226#2,10
3780.0,506322844#0,6
3780.0,506322846#0,1
3780.0,51362429#0,13
3780.0,594658757#0,2
3780.0,594658760#0,5
3780.0,:3086736518_0,2
3780.0,:3086736518_4,1
3780.0,:655375232_2,4
3780.0,:655375233_0,1
3780.0,:655375233_4,1
3780.0,:655375233_8,2
3780.0,:655375238_1,1
3800.0,-300077497#5,27
3800.0,-300077497#8,4
3800.0,-51362429#1,8
3800.0,-593847703#3,21
3800.0,-E0,19
3800.0,186602412#0,1
3800.0,244450512#5,1
3800.0,263217604#0,1
3800.0,300077497#0,2
3800.0,30620492#0,18
3800.0,30620492#1,5
3800.0,35274074#0,7
3800.0,49073226#2,10
3800.0,506322844#0,4
3800.0,51362429#0,14
3800.0,594658757#0,2
3800.0,594658760#0,5
3800.0,:3086736518_0,3
3800.0,:3086736518_4,1
3800.0,:655375232_2,3
3800.0,:655375233_0,2
3800.0,:655375233_4,1
3800.0,:655375233_8,2
3800.0,:655375238_1,1
3820.0,-300077497#5,27
3820.0,-300077497#8,4
3820.0,-51362429#1,9
3820.0,-593847703#3,19
3820.0,-E0,19
3820.0,244450512#5,1
3820.0,263217604#0,2
3820.0,30620492#0,18
3820.0,30620492#1,5
3820.0,35274074#0,10
3820.0,49073226#2,10
3820.0,506322844#0,6
3820.0,51362429#0,14
3820.0,594658757#0,2
3820.0,594658760#0,5
3820.0,:3086736518_0,3
3820.0,:655375232_2,3
3820.0,:655375233_0,2
3820.0,:655375233_4,3
3820.0,:655375233_8,2
3840.0,-300077497#5,26
3840.0,-300077497#8,4
3840.0,-51362429#1,9
3840.0,-593847703#3,20
3840.0,-E0,19
3840.0,288878926#0,2
3840.0,30620492#0,18
3840.0,30620492#1,5
3840.0,360843888,1
3840.0,49073226#2,8
3840.0,506322844#0,6
3840.0,506322846#0,8
3840.0,51362429#0,14
3840.0,51362430,1
3840.0,594658757#0,3
3840.0,594658760#0,5
3840.0,:3086736518_0,3
3840.0,:655375232_2,3
3840.0,:655375233_0,2
3840.0,:655375233_4,3
3840.0,:655375233_8,2
3840.0,:cluster_2038168688_655375573_23,1
3840.0,:cluster_2038168688_655375573_24,1
3860.0,-300077497#5,27
3860.0,-300077497#8,3
3860.0,-51362429#1,5
3860.0,-593847703#3,20
3860.0,-E0,19
3860.0,186602412#0,4
3860.0,288878926#0,5
3860.0,30620492#0,18
3860.0,30620492#1,5
3860.0,360843888,1
3860.0,49073226#2,4
3860.0,506322844#0,6
3860.0,506322846#0,3
3860.0,51362429#0,14
3860.0,593847704#0,1
3860.0,594658757#0,3
3860.0,594658760#0,5
3860.0,:1973482489_8,1
3860.0,:3086736518_0,3
3860.0,:655375232_2,3
3860.0,:655375233_0,2
3860.0,:655375233_4,3
3860.0,:655375233_8,2
3860.0,:cluster_3431431575_4777363357_655375231_6982059025_3,2
3860.0,:cluster_623980147_623980152_4,1
3880.0,-300077497#5,27
3880.0,-300077497#8,4
3880.0,-593847703#3,20
3880.0,-E0,17
3880.0,186602412#0,1
3880.0,263217604#0,1
3880.0,288878926#0,12
3880.0,30620492#0,18
3880.0,30620492#1,5
3880.0,360843888,1
3880.0,49073226#2,5
3880.0,506322844#0,5
3880.0,51362429#0,13
3880.0,593847704#0,2
3880.0,594658757#0,3
3880.0,594658760#0,5
3880.0,:3086736518_0,3
3880.0,:3086736518_6,1
3880.0,:655375232_2,4
3880.0,:655375233_0,2
3880.0,:655375233_4,3
3880.0,:655375233_8,2
3900.0,-300077497#5,27
3900.0,-300077497#8,4
3900.0,-593847703#3,20
3900.0,-E0,19
3900.0,263217604#0,1
3900.0,288878926#0,13
3900.0,30620492#0,18
3900.0,30620492#1,5
3900.0,360843888,1
3900.0,49073226#2,4
3900.0,506322844#0,5
3900.0,51362429#0,13
3900.0,594658757#0,3
3900.0,594658760#0,5
3900.0,:3086736518_0,3
3900.0,:3086736518_6,1
3900.0,:655375232_2,4
3900.0,:655375233_0,2
3900.0,:655375233_4,3
3900.0,:655375233_8,2
3900.0,:cluster622618015_622618108_622618112_622618144_#2more_39,1
3900.0,:cluster622618015_622618108_622618112_622618144_#2more_52,1
3920.0,-300077497#5,27
3920.0,-300077497#8,4
3920.0,-593847703#3,17
3920.0,-E0,19
3920.0,196961215#2,1
3920.0,244450512#5,1
3920.0,263217604#0,1
3920.0,288878926#0,13
3920.0,30620492#0,18
3920.0,30620492#1,5
3920.0,49073226#2,4
3920.0,506322844#0,5
3920.0,51362429#0,13
3920.0,594658757#0,3
3920.0,594658760#0,5
3920.0,:3086736518_0,3
3920.0,:3086736518_4,1
3920.0,:3086736518_6,1
3920.0,:655375232_2,4
3920.0,:655375232_8,1
3920.0,:655375233_0,2
3920.0,:655375233_4,4
3920.0,:655375233_8,2
3940.0,-300077497#5,27
3940.0,-300077497#8,4
3940.0,-51362429#1,5
3940.0,-593847703#3,17
3940.0,-E0,19
3940.0,196961215#2,1
3940.0,244450512#5,1
3940.0,288878926#0,7
3940.0,30620492#0,18
3940.0,30620492#1,5
3940.0,49073226#2,4
3940.0,506322844#0,5
3940.0,51362429#0,13
3940.0,593847702#0,2
3940.0,593847703#0,2
3940.0,593849711#0,1
3940.0,594658757#0,4
3940.0,594658760#0,4
3940.0,:3086736518_0,3
3940.0,:3086736518_6,1
3940.0,:655375232_2,4
3940.0,:655375233_4,1
3940.0,:cluster622618015_622618108_622618112_622618144_#2more_0,1
3960.0,-300077497#5,26
3960.0,-300077497#8,4
3960.0,-51362429#1,2
3960.0,-593847703#3,18
3960.0,-E0,19
3960.0,196961215#2,1
3960.0,244450512#5,1
3960.0,288878926#0,5
3960.0,300077497#0,1
3960.0,30620492#0,18
3960.0,30620492#1,5
3960.0,49073226#2,7
3960.0,506322844#0,5
3960.0,51362429#0,13
3960.0,593847702#0,2
3960.0,593847703#0,1
3960.0,594658757#0,4
3960.0,594658760#0,4
3960.0,:3086736518_0,3
3960.0,:3086736518_6,1
3960.0,:655375232_2,4
3960.0,:655375233_4,1
3980.0,-300077497#5,27
3980.0,-300077497#8,3
3980.0,-51362429#1,2
3980.0,-593847703#3,18
3980.0,-E0,19
3980.0,196961215#2,1
3980.0,244450512#5,1
3980.0,288878926#0,5
3980.0,30620492#0,18
3980.0,30620492#1,5
3980.0,35274074#0,1
3980.0,49073226#2,7
3980.0,49073272#3,2
3980.0,506322844#0,4
3980.0,51362429#0,13
3980.0,593847703#0,1
3980.0,594658757#0,4
3980.0,594658760#0,4
3980.0,:3086736518_0,3
3980.0,:3086736518_6,1
3980.0,:655375232_2,4
3980.0,:655375233_4,1
3980.0,:655375239_5,1
4000.0,-300077497#5,27
4000.0,-300077497#8,4
4000.0,-51362429#1,2
4000.0,-593847703#3,18
4000.0,-E0,19
4000.0,196961215#2,1
4000.0,244450512#5,1
4000.0,288878926#0,5
4000.0,30620492#0,18
4000.0,30620492#1,5
4000.0,35274074#0,1
4000.0,49073226#2,7
4000.0,49073272#3,2
4000.0,506322844#0,5
4000.0,51362429#0,11
4000.0,593847703#0,8
4000.0,593847704#0,1
4000.0,594658757#0,4
4000.0,594658760#0,4
4000.0,:655375232_2,1
4000.0,:655375233_0,1
4000.0,:655375233_4,1
4020.0,-300077497#5,21
4020.0,-300077497#8,4
4020.0,-51362429#1,2
4020.0,-593847703#3,20
4020.0,-E0,19
4020.0,196961215#2,1
4020.0,288878926#0,3
4020.0,300077497#0,7
4020.0,30620492#0,18
4020.0,30620492#1,5
4020.0,360018417,2
4020.0,49073226#2,7
4020.0,506322844#0,5
4020.0,506322846#0,1
4020.0,51362429#0,11
4020.0,51362430,1
4020.0,593849711#0,1
4020.0,594658757#0,3
4020.0,594658760#0,4
4020.0,:3086736518_4,1
4020.0,:655375232_2,1
4020.0,:655375233_4,2
4020.0,:cluster_2528018119_655375236_17,1
4020.0,:cluster_2528018119_655375236_19,1
4020.0,:cluster_2528018119_655375236_3,2
4040.0,-300077497#5,20
4040.0,-300077497#8,1
4040.0,-51362429#1,8
4040.0,-593847703#3,19
4040.0,-E0,19
4040.0,182334378#0,1
4040.0,196961215#2,1
4040.0,300077497#0,5
4040.0,30620492#0,18
4040.0,30620492#1,5
4040.0,49073226#2,8
4040.0,506322844#0,5
4040.0,506322846#0,2
4040.0,51362429#0,11
4040.0,593847702#0,1
4040.0,593849711#0,1
4040.0,594658757#0,3
4040.0,594658760#0,4
4040.0,:655375232_2,1
4040.0,:655375238_1,1
4040.0,:655375238_5,1
4040.0,:cluster622618015_622618108_622618112_622618144_#2more_49,1
4040.0,:cluster_2038168688_655375573_3,1
4040.0,:cluster_2528018119_655375236_17,1
4060.0,-300077497#5,22
4060.0,-300077497#8,1
4060.0,-51362429#1,8
4060.0,-593847703#3,20
4060.0,-E0,19
4060.0,186602412#0,3
4060.0,196961215#2,1
4060.0,232003903#0,1
4060.0,30620492#0,18
4060.0,30620492#1,5
4060.0,35274074#0,6
4060.0,49073226#2,8
4060.0,49073264#0,1
4060.0,506322844#0,2
4060.0,51362429#0,11
4060.0,594658757#0,3
4060.0,594658760#0,4
4060.0,:655375232_2,1
4060.0,:655375238_1,1
4060.0,:655375238_5,1
4060.0,:655375239_5,1
4080.0,-300077497#5,27
4080.0,-300077497#8,3
4080.0,-51362429#1,6
4080.0,-593847703#3,20
4080.0,-E0,16
4080.0,232003903#0,1
4080.0,263217604#0,1
4080.0,288878926#0,4
4080.0,30620492#0,17
4080.0,30620492#1,4
4080.0,35274074#0,6
4080.0,49073226#2,4
4080.0,506322844#0,3
4080.0,51362429#0,11
4080.0,593847704#0,2
4080.0,594658757#0,3
4080.0,594658760#0,4
4080.0,:2749340167_0,1
4080.0,:3086736518_6,1
4080.0,:655375232_2,1
4080.0,:655375238_6,1
4080.0,:655375239_6,1
4080.0,:cluster622618015_622618108_622618112_622618144_#2more_17,1
4080.0,:cluster_3431431575_4777363357_655375231_6982059025_3,2
4080.0,:cluster_623980147_623980152_9,1
4100.0,-300077497#5,24
4100.0,-300077497#8,3
4100.0,-593847703#3,22
4100.0,-E0,13
4100.0,263217604#0,2
4100.0,288878926#0,11
4100.0,30620492#0,18
4100.0,30620492#1,5
4100.0,35274074#0,3
4100.0,49073226#2,4
4100.0,506322844#0,5
4100.0,506322846#0,1
4100.0,51362429#0,1
4100.0,51362430,1
4100.0,593847703#0,5
4100.0,593849718#0,2
4100.0,594658757#0,3
4100.0,594658760#0,4
4100.0,:3086736518_0,2
4100.0,:655375233_0,4
4100.0,:cluster622618015_622618108_622618112_622618144_#2more_39,2
4100.0,:cluster_2038168688_655375573_23,1
4100.0,:cluster_2038168688_655375573_24,1
4100.0,:cluster_2038168688_655375573_3,1
4100.0,:cluster_2528018119_655375236_17,1
4100.0,:cluster_3431431575_4777363357_655375231_6982059025_3,1
4100.0,:cluster_623980147_623980152_4,1
4120.0,-300077497#5,21
4120.0,-300077497#8,3
4120.0,-593847703#3,25
4120.0,-E0,19
4120.0,186602412#0,3
4120.0,288878926#0,7
4120.0,300077497#0,7
4120.0,30620492#0,18
4120.0,30620492#1,5
4120.0,49073226#2,4
4120.0,506322844#0,5
4120.0,506322846#0,3
4120.0,51362429#0,1
4120.0,593847703#0,1
4120.0,593849711#0,2
4120.0,594658757#0,1
4120.0,594658760#0,4
4120.0,:1973482489_3,1
4120.0,:3086736518_0,1
4120.0,:cluster_2528018119_655375236_17,1
4120.0,:cluster_2528018119_655375236_3,2
4120.0,:cluster_623980147_623980152_9,1
4140.0,-300077497#5,23
4140.0,-51362429#1,2
4140.0,-593847703#3,18
4140.0,-E0,19
4140.0,186602412#0,2
4140.0,288878926#0,9
4140.0,300077497#0,7
4140.0,30620492#0,18
4140.0,30620492#1,5
4140.0,35274074#0,2
4140.0,49073226#2,2
4140.0,506322844#0,5
4140.0,51362429#0,1
4140.0,593847704#0,1
4140.0,594658757#0,1
4140.0,594658760#0,4
4140.0,:3086736518_0,1
4140.0,:3086736518_3,1
4140.0,:655375232_8,1
4140.0,:655375238_1,1
4140.0,:cluster_3431431575_4777363357_655375231_6982059025_3,2
4160.0,-300077497#5,26
4160.0,-300077497#8,3
4160.0,-593847703#3,18
4160.0,-E0,19
4160.0,288878926#0,9
4160.0,300077497#0,5
4160.0,30620492#0,18
4160.0,30620492#1,5
4160.0,35274074#0,4
4160.0,49073226#2,7
4160.0,506322844#0,2
4160.0,51362429#0,1
4160.0,593847704#0,2
4160.0,594658757#0,1
4160.0,594658760#0,4
4160.0,:3086736518_0,1
4160.0,:655375238_1,1
4160.0,:655375238_5,1
4160.0,:655375239_6,1
4180.0,-300077497#5,27
4180.0,-300077497#8,4
4180.0,-593847703#3,18
4180.0,-E0,18
4180.0,263217604#0,2
4180.0,288878926#0,9
4180.0,30620492#0,18
4180.0,30620492#1,5
4180.0,35274074#0,10
4180.0,49073226#2,7
4180.0,49073264#0,2
4180.0,49695736#0,1
4180.0,506322844#0,7
4180.0,51362429#0,1
4180.0,594658757#0,1
4180.0,594658760#0,3
4180.0,:3086736518_0,1
4180.0,:3086736518_6,1
4200.0,-300077497#5,23
4200.0,-300077497#8,4
4200.0,-49073264#1,2
4200.0,-593847703#3,22
4200.0,-E0,18
4200.0,288878926#0,7
4200.0,30620492#0,18
4200.0,30620492#1,5
4200.0,360843888,1
4200.0,49073226#2,7
4200.0,49695736#0,1
4200.0,506322844#0,7
4200.0,506322846#0,8
4200.0,593847703#0,1
4200.0,593847704#0,1
4200.0,593849711#0,1
4200.0,594658760#0,3
4200.0,:655375233_0,1
4200.0,:cluster655375336_end_0_655375336_end_1_655375336_end_10_655375336_end_11_#8more_17,1
4200.0,:cluster655375336_end_0_655375336_end_1_655375336_end_10_655375336_end_11_#8more_21,1
4200.0,:cluster_2038168688_655375573_23,1
4200.0,:cluster_2038168688_655375573_24,1
4220.0,-300077497#5,22
4220.0,-300077497#8,1
4220.0,-49073264#1,2
4220.0,-593847703#3,23
4220.0,-E0,20
4220.0,182334378#0,1
4220.0,186602412#0,5
4220.0,288878926#0,1
4220.0,300077497#0,2
4220.0,30620492#0,18
4220.0,30620492#1,5
4220.0,360843888,1
4220.0,49073226#2,7
4220.0,49695736#0,2
4220.0,506322844#0,7
4220.0,506322846#0,4
4220.0,593847704#0,1
4220.0,594658760#0,1
4220.0,:1973482489_8,1
4220.0,:655375238_5,1
4220.0,:cluster655375336_end_0_655375336_end_1_655375336_end_10_655375336_end_11_#8more_18,1
4220.0,:cluster_2528018119_655375236_17,1
4240.0,-300077497#5,24
4240.0,-300077497#8,3
4240.0,-49073264#1,2
4240.0,-51362429#1,1
4240.0,-593847703#3,18
4240.0,-E0,20
4240.0,1068440004#1,1
4240.0,186602412#0,2
4240.0,263217604#0,2
4240.0,288878926#0,1
4240.0,30620492#0,18
4240.0,30620492#1,5
4240.0,35274074#0,2
4240.0,360843888,1
4240.0,49073226#2,7
4240.0,506322844#0,3
4240.0,593847702#0,1
4240.0,593847704#0,2
4240.0,594658760#0,1
4240.0,:3086736518_4,2
4240.0,:655375232_8,1
4240.0,:655375233_4,2
4240.0,:655375239_5,1
4240.0,:cluster655375336_end_0_655375336_end_1_655375336_end_10_655375336_end_11_#8more_6,1
4260.0,-300077497#5,27
4260.0,-300077497#8,4
4260.0,-49073264#1,1
4260.0,-51362429#1,5
4260.0,-593847703#3,18
4260.0,-E0,20
4260.0,232003903#0,1
4260.0,263217604#0,3
4260.0,288878926#0,1
4260.0,30620492#0,18
4260.0,30620492#1,5
4260.0,35274074#0,2
4260.0,360843888,1
4260.0,49073226#2,7
4260.0,506322844#0,5
4260.0,593847702#0,1
4260.0,593847704#0,1
4260.0,594658760#0,1
4260.0,:cluster622618015_622618108_622618112_622618144_#2more_17,2
4260.0,:cluster622618015_622618108_622618112_622618144_#2more_37,1
4260.0,:cluster622618015_622618108_622618112_622618144_#2more_39,1
4280.0,-300077497#5,24
4280.0,-300077497#8,4
4280.0,-51362429#1,5
4280.0,-593847703#3,19
4280.0,-E0,19
4280.0,263217604#0,3
4280.0,288878926#0,1
4280.0,30620492#0,18
4280.0,30620492#1,5
4280.0,360018417,1
4280.0,49073226#2,7
4280.0,506322844#0,5
4280.0,506322846#0,1
4280.0,51362430,1
4280.0,593847702#0,1
4280.0,594658760#0,1
4280.0,:3086736518_6,1
4280.0,:3208478121_3,1
4280.0,:3208478128_0,1
4280.0,:cluster_2038168688_655375573_23,1
4280.0,:cluster_2528018119_655375236_17,1
4280.0,:cluster_2528018119_655375236_31,1
4300.0,-300077497#5,18
4300.0,-300077497#8,4
4300.0,-51362429#1,5
4300.0,-593847703#3,25
4300.0,-E0,15
4300.0,182334378#0,2
4300.0,186602412#0,2
4300.0,196961377#3,2
4300.0,244450512#4,2
4300.0,244450512#5,1
4300.0,30620492#0,18
4300.0,30620492#1,5
4300.0,49073226#2,8
4300.0,506322844#0,5
4300.0,593847702#0,1
4300.0,593847704#0,4
4300.0,594658757#0,1
4300.0,594658760#0,1
4320.0,-300077497#5,22
4320.0,-51362429#1,5
4320.0,-593847703#3,25
4320.0,-E0,19
4320.0,1068440004#1,1
4320.0,244450512#5,3
4320.0,288878926#0,5
4320.0,30620492#0,18
4320.0,30620492#1,5
4320.0,49073226#2,2
4320.0,506322844#0,5
4320.0,51362430,1
4320.0,593847702#0,1
4320.0,593847704#0,4
4320.0,594658757#0,1
4320.0,594658760#0,1
4320.0,:cluster_623980147_623980152_9,1
4340.0,-300077497#5,27
4340.0,-300077497#8,2
4340.0,-51362429#1,1
4340.0,-593847703#3,20
4340.0,-E0,19
4340.0,1068440004#1,1
4340.0,244450512#5,3
4340.0,288878926#0,9
4340.0,30620492#0,18
4340.0,30620492#1,5
4340.0,49073226#2,5
4340.0,49073272#3,1
4340.0,506322844#0,2
4340.0,593847704#0,4
4340.0,594658757#0,1
4340.0,594658760#0,1
4340.0,:3086736518_4,1
4340.0,:655375232_8,1
4340.0,:655375233_4,2
4340.0,:655375239_5,1
4360.0,-300077497#5,27
4360.0,-300077497#8,4
4360.0,-593847703#3,17
4360.0,-E0,19
4360.0,244450512#5,3
4360.0,263217604#0,1
4360.0,288878926#0,13
4360.0,30620492#0,18
4360.0,30620492#1,5
4360.0,49073226#2,7
4360.0,49073272#3,2
4360.0,506322844#0,7
4360.0,593847702#0,1
4360.0,593852345#0,1
4360.0,594658757#0,1
4360.0,594658760#0,1
4360.0,:3086736518_4,1
4360.0,:cluster622618015_622618108_622618112_622618144_#2more_39,1
4360.0,:cluster_3431431575_4777363357_655375231_6982059025_3,1
4380.0,-300077497#5,23
4380.0,-300077497#8,4
4380.0,-593847703#3,21
4380.0,-E0,19
4380.0,196961215#2,1
4380.0,288878926#0,11
4380.0,30620492#0,18
4380.0,30620492#1,4
4380.0,360018417,2
4380.0,49073226#2,8
4380.0,506322844#0,8
4380.0,51362430,3
4380.0,593847702#0,1
4380.0,593849711#0,1
4380.0,594658757#0,1
4380.0,594658760#0,2
4380.0,:3086736518_4,1
4400.0,-300077497#5,23
4400.0,-300077497#8,1
4400.0,-593847703#3,22
4400.0,-E0,17
4400.0,182334378#0,1
4400.0,196961215#2,1
4400.0,288878926#0,5
4400.0,30620492#0,17
4400.0,30620492#1,5
4400.0,49073226#2,11
4400.0,506322844#0,8
4400.0,593847702#0,1
4400.0,594658757#0,1
4400.0,594658760#0,2
4400.0,:3086736518_4,1
4400.0,:3086736518_6,2
4400.0,:655375238_5,1
4400.0,:cluster622618015_622618108_622618112_622618144_#2more_49,2
4420.0,-300077497#5,26
4420.0,-300077497#8,1
4420.0,-593847703#3,22
4420.0,-E0,20
4420.0,1068440004#1,1
4420.0,182334378#0,1
4420.0,196961215#2,1
4420.0,263217604#0,3
4420.0,288878926#0,5
4420.0,30620492#0,18
4420.0,30620492#1,5
4420.0,49073226#2,11
4420.0,49073272#3,1
4420.0,506322844#0,2
4420.0,:3086736518_4,1
4420.0,:3086736518_6,2
4420.0,:655375238_5,1
4420.0,:655375239_5,1
4440.0,-300077497#5,27
4440.0,-300077497#8,4
4440.0,-51362429#1,1
4440.0,-593847703#3,19
4440.0,-E0,20
4440.0,1068440004#1,1
4440.0,196961215#2,1
4440.0,232003903#0,1
4440.0,263217604#0,5
4440.0,288878926#0,5
4440.0,30620492#0,18
4440.0,30620492#1,5
4440.0,49073226#2,11
4440.0,49073272#3,1
4440.0,506322844#0,5
4440.0,:3086736518_6,2
4440.0,:655375233_2,2
4440.0,:655375233_4,1
4460.0,-300077497#5,23
4460.0,-300077497#8,4
4460.0,-51362429#1,5
4460.0,-593847703#3,18
4460.0,-E0,20
4460.0,196961215#2,1
4460.0,263217604#0,5
4460.0,288878926#0,5
4460.0,30620492#0,18
4460.0,30620492#1,5
4460.0,360018417,1
4460.0,49073226#2,11
4460.0,506322844#0,5
4460.0,51362430,1
4460.0,593847702#0,2
4460.0,593852345#0,1
4460.0,:655375233_8,1
4460.0,:cluster622618015_622618108_622618112_622618144_#2more_39,1
4460.0,:cluster_2528018119_655375236_17,2
4480.0,-300077497#5,23
4480.0,-300077497#8,4
4480.0,-51362429#1,5
4480.0,-593847703#3,20
4480.0,-E0,20
4480.0,196961215#2,2
4480.0,196961377#3,1
4480.0,244450512#4,2
4480.0,30620492#0,18
4480.0,30620492#1,5
4480.0,360843888,1
4480.0,49073226#2,12
4480.0,506322844#0,5
4480.0,593847702#0,3
4480.0,593849711#0,1
4480.0,594658757#0,1
4480.0,:cluster_2664674491_655375287_655375288_1,1
4500.0,-300077497#5,25
4500.0,-51362429#1,5
4500.0,-593847703#3,22
4500.0,-E0,14
4500.0,196961215#2,2
4500.0,244450512#5,3
4500.0,30620492#0,18
4500.0,30620492#1,5
4500.0,49073226#2,12
4500.0,506322844#0,5
4500.0,593847702#0,3
4500.0,593847704#0,4
4500.0,594658757#0,1
4500.0,:3086736518_6,2
4500.0,:3208478128_0,1
4520.0,-300077497#5,27
4520.0,-300077497#8,4
4520.0,-49073264#1,1
4520.0,-51362429#1,5
4520.0,-593847703#3,22
4520.0,-E0,17
4520.0,196961215#2,2
4520.0,244450512#5,3
4520.0,30620492#0,18
4520.0,30620492#1,5
4520.0,49073226#2,12
4520.0,49073272#3,2
4520.0,506322844#0,4
4520.0,593847704#0,6
4520.0,594658757#0,1
4520.0,:3208478128_0,1
4540.0,-300077497#5,27
4540.0,-300077497#8,4
4540.0,-51362429#1,5
4540.0,-593847703#3,20
4540.0,-E0,19
4540.0,244450512#5,3
4540.0,288878926#0,1
4540.0,30620492#0,18
4540.0,30620492#1,5
4540.0,49073226#2,10
4540.0,49073272#3,3
4540.0,506322844#0,5
4540.0,593849718#0,3
4540.0,594658757#0,1
4540.0,:3208478128_0,1
4540.0,:655375233_4,2
4540.0,:cluster622618015_622618108_622618112_622618144_#2more_39,1
4540.0,:cluster622618015_622618108_622618112_622618144_#2more_52,1
4540.0,:cluster_623980147_623980152_3,1
4540.0,:cluster_623980147_623980152_4,1
4540.0,:cluster_623980147_623980152_8,1
4560.0,-300077497#5,22
4560.0,-300077497#8,4
4560.0,-51362429#1,9
4560.0,-593847703#3,22
4560.0,-E0,19
4560.0,288878926#0,8
4560.0,30620492#0,18
4560.0,30620492#1,5
4560.0,360018417,3
4560.0,49073226#2,5
4560.0,506322844#0,5
4560.0,51362430,3
4560.0,593849711#0,1
4560.0,593852345#0,1
4560.0,594658757#0,1
4560.0,:656132414_3,1
4580.0,-300077497#5,24
4580.0,-51362429#1,4
4580.0,-593847703#3,22
4580.0,-E0,19
4580.0,196961377#3,1
4580.0,288878926#0,7
4580.0,30620492#0,18
4580.0,30620492#1,5
4580.0,49073226#2,5
4580.0,506322844#0,5
4580.0,593852345#0,1
4580.0,594658757#0,1
4580.0,:655375238_5,1
4580.0,:cluster622618015_622618108_622618112_622618144_#2more_49,2
4580.0,:cluster_2528018119_655375236_17,1
4580.0,:cluster_3431431575_4777363357_655375231_6982059025_3,2
4580.0,:cluster_3431431575_4777363357_655375231_6982059025_7,1
4580.0,:cluster_623980147_623980152_4,1
4600.0,-300077497#5,26
4600.0,-300077497#8,2
4600.0,-593847703#3,23
4600.0,-E0,15
4600.0,288878926#0,13
4600.0,30620492#0,18
4600.0,30620492#1,5
4600.0,49073226#2,6
4600.0,506322844#0,2
4600.0,593847704#0,2
4600.0,593852345#0,1
4600.0,594658757#0,1
4600.0,:3086736518_6,2
4600.0,:655375239_5,1
4600.0,:cluster_3431431575_4777363357_655375231_6982059025_3,1
4620.0,-300077497#5,27
4620.0,-300077497#8,4
4620.0,-593847703#3,23
4620.0,-E0,15
4620.0,196961215#2,1
4620.0,288878926#0,13
4620.0,30620492#0,18
4620.0,30620492#1,5
4620.0,49073226#2,7
4620.0,506322844#0,2
4620.0,593847704#0,4
4620.0,594658757#0,1
4620.0,:cluster622618015_622618108_622618112_622618144_#2more_39,1
4640.0,-300077497#5,26
4640.0,-300077497#8,4
4640.0,-49073264#1,1
4640.0,-593847703#3,24
4640.0,-E0,19
4640.0,196961215#2,1
4640.0,288878926#0,13
4640.0,30620492#0,18
4640.0,30620492#1,3
4640.0,360018417,1
4640.0,49073226#2,7
4640.0,506322844#0,2
4640.0,594658757#0,1
4640.0,:3086736515_0,1
4640.0,:3208478121_3,1
4640.0,:cluster_9383263990_9383263991_9383263992_9383263993_13,2
4660.0,-300077497#5,26
4660.0,-300077497#8,4
4660.0,-49073264#1,2
4660.0,-51362429#1,6
4660.0,-593847703#3,17
4660.0,-E0,19
4660.0,196961215#2,1
4660.0,196961377#3,2
4660.0,288878926#0,7
4660.0,30620492#0,15
4660.0,30620492#1,5
4660.0,49073226#2,7
4660.0,506322844#0,5
4660.0,593849711#0,1
4660.0,594658757#0,1
4660.0,:655375232_8,1
4660.0,:cluster622618015_622618108_622618112_622618144_#2more_0,1
4680.0,-300077497#5,27
4680.0,-300077497#8,3
4680.0,-49073264#1,2
4680.0,-51362429#1,7
4680.0,-593847703#3,17
4680.0,-E0,19
4680.0,196961215#2,1
4680.0,288878926#0,5
4680.0,30620492#0,18
4680.0,30620492#1,5
4680.0,49073226#2,7
4680.0,506322844#0,5
4680.0,594658757#0,1
4700.0,-300077497#5,27
4700.0,-300077497#8,4
4700.0,-49073264#1,2
4700.0,-51362429#1,7
4700.0,-593847703#3,17
4700.0,-E0,17
4700.0,196961215#2,1
4700.0,288878926#0,5
4700.0,30620492#0,18
4700.0,30620492#1,5
4700.0,49073226#2,7
4700.0,506322844#0,4
4700.0,594658757#0,1
4700.0,:3086736518_6,2
4720.0,-300077497#5,27
4720.0,-300077497#8,4
4720.0,-51362429#1,7
4720.0,-593847703#3,17
4720.0,-E0,14
4720.0,196961215#2,1
4720.0,288878926#0,5
4720.0,30620492#0,18
4720.0,30620492#1,5
4720.0,49073226#2,7
4720.0,49073272#3,1
4720.0,506322844#0,4
4720.0,593847704#0,3
4720.0,594658757#0,1
4720.0,:cluster622618015_622618108_622618112_622618144_#2more_39,2
4740.0,-300077497#5,26
4740.0,-300077497#8,4
4740.0,-51362429#1,7
4740.0,-593847703#3,18
4740.0,-E0,19
4740.0,196961215#2,1
4740.0,288878926#0,3
4740.0,30620492#0,17
4740.0,30620492#1,5
4740.0,360018417,1
4740.0,49073226#2,7
4740.0,506322844#0,5
4740.0,593849711#0,2
4740.0,594658757#0,1
4760.0,-300077497#5,24
4760.0,-300077497#8,3
4760.0,-51362429#1,9
4760.0,-593847703#3,16
4760.0,-E0,19
4760.0,196961215#2,1
4760.0,30620492#0,18
4760.0,30620492#1,5
4760.0,49073226#2,7
4760.0,506322844#0,5
4760.0,593847702#0,1
4760.0,594658757#0,1
4760.0,:655375233_4,1
4760.0,:cluster_2528018119_655375236_17,1
4780.0,-300077497#5,24
4780.0,-300077497#8,4
4780.0,-51362429#1,8
4780.0,-593847703#3,17
4780.0,-E0,19
4780.0,288878926#0,4
4780.0,30620492#0,18
4780.0,30620492#1,5
4780.0,49073226#2,4
4780.0,49073272#1,1
4780.0,506322844#0,4
4780.0,594658757#0,1
4780.0,:3086736518_4,1
4780.0,:cluster_3431431575_4777363357_655375231_6982059025_3,1
4800.0,-300077497#5,27
4800.0,-300077497#8,4
4800.0,-593847703#3,17
4800.0,-E0,18
4800.0,288878926#0,10
4800.0,30620492#0,18
4800.0,30620492#1,5
4800.0,49073226#2,4
4800.0,49073272#3,1
4800.0,506322844#0,1
4800.0,:3086736518_4,1
4800.0,:3086736518_6,1
4800.0,:cluster_3431431575_4777363357_655375231_6982059025_3,2
4800.0,:cluster_623980147_623980152_9,1
4820.0,-300077497#5,23
4820.0,-300077497#8,4
4820.0,-593847703#3,19
4820.0,-E0,16
4820.0,288878926#0,13
4820.0,30620492#0,18
4820.0,30620492#1,3
4820.0,360018417,1
4820.0,49073226#2,4
4820.0,506322844#0,1
4820.0,:3086736518_4,1
4820.0,:3086736518_6,2
4820.0,:cluster_2528018119_655375236_17,2
4820.0,:cluster_9383263990_9383263991_9383263992_9383263993_13,2
4840.0,-300077497#5,22
4840.0,-300077497#8,4
4840.0,-593847703#3,21
4840.0,-E0,19
4840.0,196961377#3,1
4840.0,288878926#0,7
4840.0,30620492#0,14
4840.0,30620492#1,5
4840.0,49073226#2,4
4840.0,506322844#0,5
4840.0,593849711#0,1
4840.0,:3086736518_4,1
4840.0,:3086736518_6,2
4840.0,:cluster_2528018119_655375236_17,1
4860.0,-300077497#5,23
4860.0,-51362429#1,1
4860.0,-593847703#3,20
4860.0,-E0,19
4860.0,288878926#0,5
4860.0,30620492#0,18
4860.0,30620492#1,5
4860.0,49073226#2,4
4860.0,506322844#0,5
4860.0,593847704#0,1
4860.0,:3086736518_4,1
4860.0,:3086736518_6,1
4860.0,:655375232_8,1
4860.0,:655375233_4,3
4880.0,-300077497#5,26
4880.0,-300077497#8,1
4880.0,-51362429#1,1
4880.0,-593847703#3,17
4880.0,-E0,19
4880.0,288878926#0,5
4880.0,30620492#0,18
4880.0,30620492#1,5
4880.0,49073226#2,7
4880.0,593847704#0,2
4880.0,:3086736518_4,1
4880.0,:655375233_4,4
4880.0,:655375238_5,1
4900.0,-300077497#5,27
4900.0,-300077497#8,1
4900.0,-51362429#1,1
4900.0,-593847703#3,17
4900.0,-E0,19
4900.0,288878926#0,5
4900.0,30620492#0,18
4900.0,30620492#1,5
4900.0,49073226#2,7
4900.0,49073272#3,1
4900.0,593849718#0,1
4900.0,:3086736518_4,1
4900.0,:655375233_4,4
4920.0,-300077497#5,21
4920.0,-300077497#8,1
4920.0,-51362429#1,1
4920.0,-593847703#3,21
4920.0,-E0,17
4920.0,1068440004#1,1
4920.0,288878926#0,3
4920.0,30620492#0,14
4920.0,30620492#1,4
4920.0,360018417,1
4920.0,49073226#2,7
4920.0,506322844#0,5
4920.0,593849711#0,1
4920.0,:3086736518_4,1
4920.0,:3086736518_6,2
4920.0,:655375233_4,4
4920.0,:cluster_2528018119_655375236_17,1
4940.0,-300077497#5,19
4940.0,-51362429#1,1
4940.0,-593847703#3,25
4940.0,-E0,19
4940.0,1068440004#1,1
4940.0,30620492#0,15
4940.0,30620492#1,5
4940.0,49073226#2,7
4940.0,506322844#0,6
4940.0,:3086736518_4,1
4940.0,:3086736518_6,2
4940.0,:655375233_4,4
4960.0,-300077497#5,19
4960.0,-300077497#8,1
4960.0,-51362429#1,2
4960.0,-593847703#3,22
4960.0,-E0,19
4960.0,1068440004#1,1
4960.0,263217604#0,3
4960.0,30620492#0,18
4960.0,30620492#1,5
4960.0,49073226#2,7
4960.0,506322844#0,1
4960.0,:3086736518_4,2
4960.0,:3086736518_6,2
4960.0,:655375232_8,1
4960.0,:655375233_2,1
4960.0,:655375233_4,3
4960.0,:655375239_5,1
4980.0,-300077497#5,22
4980.0,-51362429#1,7
4980.0,-593847703#3,20
4980.0,-E0,19
4980.0,263217604#0,3
4980.0,30620492#0,18
4980.0,30620492#1,5
4980.0,49073226#2,7
4980.0,593847702#0,2
4980.0,:3086736518_4,1
4980.0,:655375233_4,1
4980.0,:655375233_8,1
4980.0,:cluster622618015_622618108_622618112_622618144_#2more_39,2
5000.0,-300077497#5,19
5000.0,-51362429#1,7
5000.0,-593847703#3,21
5000.0,-E0,19
5000.0,263217604#0,3
5000.0,30620492#0,18
5000.0,30620492#1,3
5000.0,49073226#2,7
5000.0,593847702#0,2
5000.0,:3086736518_4,1
5000.0,:655375233_4,1
5000.0,:655375233_8,1
5000.0,:cluster_2528018119_655375236_17,1
5000.0,:cluster_2528018119_655375236_31,1
5000.0,:cluster_9383263990_9383263991_9383263992_9383263993_10,1
5000.0,:cluster_9383263990_9383263991_9383263992_9383263993_13,1
5020.0,-300077497#5,12
5020.0,-51362429#1,3
5020.0,-593847703#3,28
5020.0,-E0,17
5020.0,232003903#0,1
5020.0,288878926#0,4
5020.0,30620492#0,11
5020.0,30620492#1,5
5020.0,49073226#2,3
5020.0,506322842#0,1
5020.0,506322844#0,6
5020.0,51362430,1
5020.0,593847702#0,2
5020.0,593849711#0,1
5020.0,594658760#0,3
5020.0,:3086736518_4,1
5020.0,:3086736518_6,2
5020.0,:655375233_4,1
5020.0,:655375233_8,1
5020.0,:cluster_3431431575_4777363357_655375231_6982059025_3,2
5020.0,:cluster_623980147_623980152_4,1
5040.0,-300077497#5,12
5040.0,-593847703#3,28
5040.0,-E0,19
5040.0,288878926#0,9
5040.0,30620492#0,18
5040.0,30620492#1,5
5040.0,49073226#2,3
5040.0,506322842#0,1
5040.0,506322844#0,6
5040.0,593847702#0,2
5040.0,594658760#0,3
5040.0,:3086736518_4,1
5040.0,:3086736518_6,2
5040.0,:655375233_4,1
5040.0,:655375233_8,1
5040.0,:cluster_3431431575_4777363357_655375231_6982059025_7,1
5060.0,-300077497#5,16
5060.0,-49073264#1,1
5060.0,-593847703#3,26
5060.0,-E0,19
5060.0,263217604#0,3
5060.0,288878926#0,13
5060.0,30620492#0,18
5060.0,30620492#1,5
5060.0,49073272#3,1
5060.0,594658760#0,3
5060.0,:3086736518_3,1
5060.0,:3086736518_6,2
5060.0,:655375232_8,1
5060.0,:655375233_4,2
5060.0,:655375233_8,1
5080.0,-300077497#5,16
5080.0,-51362429#1,3
5080.0,-593847703#3,25
5080.0,-E0,19
5080.0,263217604#0,3
5080.0,288878926#0,13
5080.0,30620492#0,18
5080.0,30620492#1,5
5080.0,49073272#3,1
5080.0,593847702#0,1
5080.0,593847704#0,1
5080.0,594658760#0,3
5080.0,:655375233_4,1
5080.0,:cluster622618015_622618108_622618112_622618144_#2more_39,2
5100.0,-300077497#5,15
5100.0,-593847703#3,26
5100.0,-E0,19
5100.0,288878926#0,11
5100.0,30620492#0,14
5100.0,30620492#1,4
5100.0,360018417,2
5100.0,360843888,1
5100.0,49073226#2,3
5100.0,506322844#0,5
5100.0,593847702#0,1
5100.0,593849711#0,2
5100.0,594658760#0,5
5100.0,:655375233_4,1
5120.0,-300077497#5,11
5120.0,-593847703#3,29
5120.0,-E0,15
5120.0,288878926#0,5
5120.0,30620492#0,16
5120.0,30620492#1,4
5120.0,360843888,1
5120.0,49073226#2,3
5120.0,506322844#0,5
5120.0,593847702#0,1
5120.0,593847704#0,2
5120.0,594658760#0,5
5120.0,:3086736518_6,2
5120.0,:655375233_4,1
5120.0,:cluster622618015_622618108_622618112_622618144_#2more_49,2
5120.0,:cluster_2528018119_655375236_17,1
5120.0,:cluster_9383263990_9383263991_9383263992_9383263993_13,1
5140.0,-300077497#5,12
5140.0,-300077497#8,1
5140.0,-593847703#3,30
5140.0,-E0,17
5140.0,263217604#0,1
5140.0,288878926#0,5
5140.0,30620492#0,17
5140.0,30620492#1,5
5140.0,360843888,1
5140.0,49073226#2,3
5140.0,49073272#1,1
5140.0,506322844#0,1
5140.0,593847704#0,5
5140.0,594658760#0,5
5140.0,:655375233_4,1
5140.0,:655375238_5,1
5140.0,:655375239_5,1
5160.0,-300077497#5,16
5160.0,-593847703#3,30
5160.0,-E0,19
5160.0,263217604#0,1
5160.0,288878926#0,5
5160.0,30620492#0,18
5160.0,30620492#1,5
5160.0,360843888,1
5160.0,49073226#2,3
5160.0,49073272#3,1
5160.0,593847704#0,3
5160.0,594658760#0,4
5160.0,:655375233_4,1
5160.0,:cluster622618015_622618108_622618112_622618144_#2more_39,2
5180.0,-300077497#5,13
5180.0,-51362429#1,3
5180.0,-593847703#3,24
5180.0,-E0,19
5180.0,244450512#5,1
5180.0,263217604#0,1
5180.0,288878926#0,5
5180.0,30620492#0,18
5180.0,30620492#1,3
5180.0,360018417,1
5180.0,49073226#2,5
5180.0,593847702#0,2
5180.0,594658760#0,4
5180.0,:655375232_8,1
5180.0,:cluster_2528018119_655375236_17,1
5180.0,:cluster_3431431575_4777363357_655375231_6982059025_3,1
5180.0,:cluster_9383263990_9383263991_9383263992_9383263993_13,2
5200.0,-300077497#5,8
5200.0,-51362429#1,3
5200.0,-593847703#3,29
5200.0,-E0,19
5200.0,196961377#3,1
5200.0,244450512#5,1
5200.0,30620492#0,13
5200.0,30620492#1,5
5200.0,49073226#2,7
5200.0,506322844#0,5
5200.0,593847702#0,2
5200.0,593849711#0,1
5200.0,594658757#0,1
5200.0,594658760#0,4
5200.0,:cluster_2528018119_655375236_17,1
5220.0,-300077497#5,6
5220.0,-51362429#1,3
5220.0,-593847703#3,32
5220.0,-E0,17
5220.0,244450512#5,1
5220.0,30620492#0,17
5220.0,30620492#1,4
5220.0,49073226#2,7
5220.0,506322844#0,6
5220.0,593847702#0,2
5220.0,593847704#0,1
5220.0,594658757#0,1
5220.0,594658760#0,4
5220.0,:2749340167_0,1
5220.0,:3086736518_6,1
5240.0,-300077497#5,10
5240.0,-49073264#1,1
5240.0,-51362429#1,3
5240.0,-593847703#3,32
5240.0,-E0,15
5240.0,244450512#5,1
5240.0,263217604#0,2
5240.0,30620492#0,17
5240.0,30620492#1,5
5240.0,49073226#2,6
5240.0,49073272#3,1
5240.0,593847704#0,5
5240.0,594658760#0,3
5240.0,:cluster655375336_end_0_655375336_end_1_655375336_end_10_655375336_end_11_#8more_17,1
5240.0,:cluster655375336_end_0_655375336_end_1_655375336_end_10_655375336_end_11_#8more_21,1
5240.0,:cluster_623980147_623980152_9,1
5260.0,-300077497#5,10
5260.0,-593847703#3,32
5260.0,-E0,19
5260.0,244450512#5,1
5260.0,263217604#0,2
5260.0,288878926#0,7
5260.0,30620492#0,18
5260.0,30620492#1,5
5260.0,49073226#2,2
5260.0,49073272#3,1
5260.0,593849718#0,3
5260.0,594658760#0,2
5260.0,:cluster622618015_622618108_622618112_622618144_#2more_39,2
5260.0,:cluster_623980147_623980152_4,1
5280.0,-300077497#5,6
5280.0,-51362429#1,3
5280.0,-593847703#3,26
5280.0,-E0,19
5280.0,182334378#0,1
5280.0,288878926#0,8
5280.0,30620492#0,14
5280.0,30620492#1,4
5280.0,360018417,1
5280.0,506322844#0,4
5280.0,593844221#0,1
5280.0,593847702#0,2
5280.0,593849711#0,1
5280.0,594658760#0,4
5280.0,:3086736518_4,1
5280.0,:655375232_8,1
5280.0,:655375233_2,1
5280.0,:655375233_4,1
5280.0,:cluster_9383263990_9383263991_9383263992_9383263993_13,1
5300.0,-593847703#3,29
5300.0,-E0,19
5300.0,182334378#0,2
5300.0,288878926#0,5
5300.0,30620492#0,16
5300.0,30620492#1,4
5300.0,49073226#2,3
5300.0,506322844#0,5
5300.0,593844221#0,1
5300.0,593847702#0,3
5300.0,594658760#0,4
5300.0,:cluster622618015_622618108_622618112_622618144_#2more_49,1
5300.0,:cluster_2528018119_655375236_17,1
5300.0,:cluster_2528018119_655375236_19,1
5300.0,:cluster_9383263990_9383263991_9383263992_9383263993_13,1
5320.0,-300077497#5,1
5320.0,-593847703#3,30
5320.0,-E0,18
5320.0,182334378#0,3
5320.0,263217604#0,2
5320.0,288878926#0,5
5320.0,30620492#0,17
5320.0,30620492#1,5
5320.0,49073226#2,3
5320.0,49073264#0,1
5320.0,49073272#1,1
5320.0,49073272#3,1
5320.0,506322844#0,1
5320.0,593844221#0,1
5320.0,594658760#0,4
5320.0,:3086736518_6,1
5320.0,:655375238_5,1
5320.0,:655375239_6,1
5340.0,-300077497#5,3
5340.0,-49073264#1,1
5340.0,-593847703#3,30
5340.0,-E0,13
5340.0,182334378#0,3
5340.0,263217604#0,3
5340.0,288878926#0,5
5340.0,30620492#0,18
5340.0,30620492#1,5
5340.0,49073226#2,3
5340.0,49073272#3,2
5340.0,593844221#0,1
5340.0,593847704#0,4
5340.0,594658760#0,4
5340.0,:cluster622618015_622618108_622618112_622618144_#2more_39,2
5360.0,-593847703#3,31
5360.0,-E0,19
5360.0,182334378#0,4
5360.0,263217604#0,3
5360.0,288878926#0,5
5360.0,30620492#0,18
5360.0,30620492#1,3
5360.0,360018417,1
5360.0,49073226#2,3
5360.0,593844221#0,1
5360.0,593849718#0,2
5360.0,:3208478121_3,1
5360.0,:cluster_2528018119_655375236_17,1
5360.0,:cluster_9383263990_9383263991_9383263992_9383263993_13,2
5380.0,-51362429#1,1
5380.0,-593847703#3,24
5380.0,-E0,19
5380.0,182334378#0,4
5380.0,196961377#3,2
5380.0,30620492#0,12
5380.0,30620492#1,5
5380.0,49073226#2,3
5380.0,506322842#0,1
5380.0,506322844#0,5
5380.0,593844221#0,1
5380.0,593849711#0,1
5380.0,594658757#0,1
5380.0,594658760#0,2
5380.0,:655375232_8,1
5380.0,:655375233_4,3
5400.0,-51362429#1,1
5400.0,-593847703#3,20
5400.0,-E0,19
5400.0,182334378#0,4
5400.0,30620492#0,17
5400.0,30620492#1,5
5400.0,49073226#2,7
5400.0,506322842#0,1
5400.0,506322844#0,6
5400.0,593844221#0,1
5400.0,593847702#0,1
5400.0,594658757#0,1
5400.0,594658760#0,2
5420.0,-300077497#5,3
5420.0,-51362429#1,1
5420.0,-593847703#3,20
5420.0,-E0,19
5420.0,182334378#0,4
5420.0,263217604#0,3
5420.0,30620492#0,18
5420.0,30620492#1,5
5420.0,49073226#2,7
5420.0,49073272#3,1
5420.0,506322846#2,1
5420.0,593844221#0,1
5420.0,594658757#0,1
5420.0,594658760#0,2
5440.0,-300077497#5,3
5440.0,-51362429#1,1
5440.0,-593847703#3,20
5440.0,-E0,13
5440.0,1068234499#0,1
5440.0,182334378#0,4
5440.0,263217604#0,3
5440.0,30620492#0,18
5440.0,30620492#1,5
5440.0,49073226#2,7
5440.0,49073272#3,1
5440.0,593844221#0,1
5440.0,593847704#0,5
5440.0,594658757#0,1
5440.0,594658760#0,2
5440.0,:cluster622618015_622618108_622618112_622618144_#2more_39,1
5460.0,-51362429#1,1
5460.0,-593847703#3,22
5460.0,-E0,17
5460.0,1068234499#0,1
5460.0,182334378#0,2
5460.0,30620492#0,14
5460.0,30620492#1,2
5460.0,360018417,1
5460.0,49073226#2,7
5460.0,506322844#0,5
5460.0,593847704#0,2
5460.0,594658757#0,1
5460.0,594658760#0,4
5460.0,:cluster3086736522_655375108_655375247_655375401_#1more_14,1
5460.0,:cluster655375336_end_0_655375336_end_1_655375336_end_10_655375336_end_11_#8more_39,1
5460.0,:cluster655375336_end_0_655375336_end_1_655375336_end_10_655375336_end_11_#8more_46,1
5460.0,:cluster655375336_end_0_655375336_end_1_655375336_end_10_655375336_end_11_#8more_5,1
5460.0,:cluster_9383263990_9383263991_9383263992_9383263993_13,2
5480.0,-593847703#3,18
5480.0,-E0,20
5480.0,1068234499#0,1
5480.0,182334378#0,2
5480.0,288878926#0,2
5480.0,30620492#0,14
5480.0,30620492#1,5
5480.0,49073226#2,4
5480.0,506322844#0,7
5480.0,593847704#0,2
5480.0,593849711#0,1
5480.0,594658757#0,1
5480.0,594658760#0,5
5480.0,:655375233_10,1
5480.0,:655375233_4,2
5480.0,:cluster_3431431575_4777363357_655375231_6982059025_3,1
5480.0,:cluster_623980147_623980152_9,1
5500.0,-300077497#5,1
5500.0,-593847703#3,11
5500.0,-E0,20
5500.0,182334378#0,2
5500.0,263217604#0,3
5500.0,288878926#0,8
5500.0,30620492#0,18
5500.0,30620492#1,5
5500.0,49073226#2,1
5500.0,506322844#0,1
5500.0,593847704#0,3
5500.0,594658757#0,1
5500.0,594658760#0,5
5500.0,:655375238_5,1
5500.0,:655375239_5,1
5500.0,:cluster622618015_622618108_622618112_622618144_#2more_34,1
5520.0,-300077497#5,4
5520.0,-49073264#1,1
5520.0,-593847703#3,11
5520.0,-E0,20
5520.0,182334378#0,2
5520.0,263217604#0,3
5520.0,288878926#0,9
5520.0,30620492#0,18
5520.0,30620492#1,5
5520.0,593847704#0,1
5520.0,594658757#0,1
5520.0,594658760#0,5
5520.0,:cluster622618015_622618108_622618112_622618144_#2more_39,2
5540.0,-300077497#5,1
5540.0,-49073264#1,1
5540.0,-593847703#3,13
5540.0,-E0,14
5540.0,182334378#0,2
5540.0,263217604#0,3
5540.0,288878926#0,9
5540.0,30620492#0,18
5540.0,30620492#1,3
5540.0,593847704#0,3
5540.0,594658757#0,1
5540.0,594658760#0,5
5540.0,:cluster_2528018119_655375236_31,1
5540.0,:cluster_9383263990_9383263991_9383263992_9383263993_13,2
5560.0,-49073264#1,1
5560.0,-593847703#3,14
5560.0,-E0,16
5560.0,182334378#0,3
5560.0,244450512#4,1
5560.0,288878926#0,3
5560.0,30620492#0,13
5560.0,30620492#1,5
5560.0,506322844#0,5
5560.0,593847704#0,3
5560.0,593849711#0,1
5560.0,594658760#0,4
5560.0,:cluster655375336_end_0_655375336_end_1_655375336_end_10_655375336_end_11_#8more_17,1
5560.0,:cluster_2664674491_655375287_655375288_1,1
5580.0,-49073264#1,1
5580.0,-593847703#3,12
5580.0,-E0,20
5580.0,182334378#0,2
5580.0,244450512#5,2
5580.0,288878926#0,1
5580.0,30620492#0,18
5580.0,30620492#1,4
5580.0,506322844#0,6
5580.0,593847704#0,3
5580.0,594658760#0,4
5580.0,:655375233_4,2
5600.0,-300077497#5,4
5600.0,-49073264#1,1
5600.0,-593847703#3,3
5600.0,-E0,20
5600.0,182334378#0,2
5600.0,244450512#5,2
5600.0,263217604#0,2
5600.0,288878926#0,1
5600.0,30620492#0,17
5600.0,30620492#1,5
5600.0,593847704#0,3
5600.0,594658760#0,4
5620.0,-300077497#5,4
5620.0,-593847703#3,3
5620.0,-E0,20
5620.0,182334378#0,2
5620.0,244450512#5,2
5620.0,263217604#0,2
5620.0,288878926#0,1
5620.0,30620492#0,18
5620.0,30620492#1,5
5620.0,593849718#0,3
5620.0,594658760#0,4
5640.0,-593847703#3,7
5640.0,-E0,16
5640.0,182334378#0,2
5640.0,30620492#0,14
5640.0,30620492#1,4
5640.0,506322844#0,4
5640.0,593844221#0,2
5640.0,593847704#0,1
5640.0,594658760#0,6
5640.0,:cluster_9383263990_9383263991_9383263992_9383263993_13,1
5660.0,-593847703#3,7
5660.0,-E0,15
5660.0,30620492#0,16
5660.0,30620492#1,4
5660.0,506322844#0,5
5660.0,593847704#0,2
5660.0,594658760#0,6
5660.0,:cluster655375336_end_0_655375336_end_1_655375336_end_10_655375336_end_11_#8more_30,2
5660.0,:cluster655375336_end_0_655375336_end_1_655375336_end_10_655375336_end_11_#8more_39,1
5660.0,:cluster655375336_end_0_655375336_end_1_655375336_end_10_655375336_end_11_#8more_5,1
5660.0,:cluster_9383263990_9383263991_9383263992_9383263993_13,1
5680.0,-300077497#8,1
5680.0,-593847703#3,7
5680.0,-E0,20
5680.0,263217604#0,2
5680.0,30620492#0,17
5680.0,30620492#1,5
5680.0,506322844#0,2
5680.0,593847704#0,2
5680.0,594658760#0,6
5680.0,:655375239_5,1
5680.0,:cluster655375336_end_0_655375336_end_1_655375336_end_10_655375336_end_11_#8more_30,1
5700.0,-300077497#5,4
5700.0,-E0,20
5700.0,263217604#0,2
5700.0,30620492#0,18
5700.0,30620492#1,5
5700.0,594658760#0,6
5700.0,:cluster622618015_622618108_622618112_622618144_#2more_39,2
5700.0,:cluster655375336_end_0_655375336_end_1_655375336_end_10_655375336_end_11_#8more_30,1
5720.0,-593847703#3,2
5720.0,-E0,20
5720.0,263217604#0,2
5720.0,30620492#0,18
5720.0,30620492#1,3
5720.0,594658760#0,6
5720.0,:cluster655375336_end_0_655375336_end_1_655375336_end_10_655375336_end_11_#8more_30,1
5720.0,:cluster_2528018119_655375236_17,2
5720.0,:cluster_9383263990_9383263991_9383263992_9383263993_13,2
5740.0,-593847703#3,4
5740.0,-E0,18
5740.0,30620492#0,11
5740.0,30620492#1,5
5740.0,506322842#0,1
5740.0,506322844#0,6
5740.0,594658757#0,1
5740.0,594658760#0,7
5740.0,:3086736518_6,2
5740.0,:cluster655375336_end_0_655375336_end_1_655375336_end_10_655375336_end_11_#8more_30,1
5760.0,-593847703#3,4
5760.0,-E0,13
5760.0,30620492#0,16
5760.0,30620492#1,5
5760.0,506322842#0,1
5760.0,506322844#0,7
5760.0,593847704#0,3
5760.0,594658757#0,1
5760.0,594658760#0,7
5760.0,:cluster655375336_end_0_655375336_end_1_655375336_end_10_655375336_end_11_#8more_46,1
5780.0,-300077497#5,3
5780.0,-593847703#3,4
5780.0,-E0,19
5780.0,263217604#0,4
5780.0,30620492#0,18
5780.0,30620492#1,5
5780.0,593847704#0,3
5780.0,594658757#0,1
5780.0,594658760#0,7
5780.0,:655375238_2,1
5800.0,-300077497#5,4
5800.0,-E0,19
5800.0,263217604#0,4
5800.0,30620492#0,18
5800.0,30620492#1,5
5800.0,593849718#0,3
5800.0,594658757#0,1
5800.0,594658760#0,7
5820.0,-593847703#3,2
5820.0,-E0,19
5820.0,182334378#0,2
5820.0,30620492#0,14
5820.0,30620492#1,4
5820.0,360843888,1
5820.0,506322844#0,4
5820.0,594658757#0,2
5820.0,594658760#0,9
5820.0,:cluster_9383263990_9383263991_9383263992_9383263993_13,1
5840.0,-593847703#3,2
5840.0,-E0,18
5840.0,182334378#0,2
5840.0,30620492#0,16
5840.0,30620492#1,5
5840.0,360843888,1
5840.0,506322844#0,5
5840.0,594658757#0,2
5840.0,594658760#0,9
5840.0,:3086736518_6,1
5860.0,-300077497#8,1
5860.0,-593847703#3,2
5860.0,-E0,14
5860.0,182334378#0,1
5860.0,263217604#0,2
5860.0,30620492#0,18
5860.0,30620492#1,5
5860.0,360843888,1
5860.0,506322844#0,1
5860.0,593847704#0,2
5860.0,594658757#0,2
5860.0,594658760#0,8
5860.0,:655375239_5,1
5860.0,:cluster655375336_end_0_655375336_end_1_655375336_end_10_655375336_end_11_#8more_5,1
5880.0,-300077497#5,3
5880.0,-593847703#3,2
5880.0,-E0,19
5880.0,263217604#0,2
5880.0,30620492#0,18
5880.0,30620492#1,5
5880.0,360843888,1
5880.0,594658757#0,2
5880.0,594658760#0,8
5880.0,:cluster622618015_622618108_622618112_622618144_#2more_39,2
5900.0,-593847703#3,2
5900.0,-E0,19
5900.0,244450512#5,1
5900.0,263217604#0,2
5900.0,30620492#0,18
5900.0,30620492#1,3
5900.0,594658757#0,2
5900.0,594658760#0,8
5900.0,:cluster_2528018119_655375236_17,1
5900.0,:cluster_9383263990_9383263991_9383263992_9383263993_13,2
5920.0,-593847703#3,3
5920.0,-E0,19
5920.0,244450512#5,1
5920.0,30620492#0,13
5920.0,30620492#1,5
5920.0,506322844#0,5
5920.0,594658757#0,2
5920.0,594658760#0,10
5940.0,-593847703#3,3
5940.0,-E0,19
5940.0,244450512#5,1
5940.0,30620492#0,18
5940.0,30620492#1,5
5940.0,506322844#0,5
5940.0,594658757#0,2
5940.0,594658760#0,10
5960.0,-300077497#5,3
5960.0,-593847703#3,3
5960.0,-E0,11
5960.0,244450512#5,1
5960.0,263217604#0,2
5960.0,30620492#0,18
5960.0,30620492#1,5
5960.0,593847704#0,4
5960.0,594658757#0,2
5960.0,594658760#0,10
5980.0,-300077497#5,3
5980.0,-593847703#3,3
5980.0,-E0,15
5980.0,244450512#5,1
5980.0,263217604#0,2
5980.0,30620492#0,18
5980.0,30620492#1,5
5980.0,593849718#0,3
5980.0,594658757#0,2
5980.0,594658760#0,10
6000.0,-593847703#3,2
6000.0,-E0,19
6000.0,182334378#0,1
6000.0,30620492#0,14
6000.0,30620492#1,3
6000.0,506322844#0,5
6000.0,593844221#0,1
6000.0,594658757#0,2
6000.0,594658760#0,12
6000.0,:655375233_4,2
6000.0,:cluster_9383263990_9383263991_9383263992_9383263993_10,1
6020.0,-E0,20
6020.0,182334378#0,1
6020.0,30620492#0,15
6020.0,30620492#1,4
6020.0,506322842#0,1
6020.0,506322844#0,5
6020.0,594658757#0,2
6020.0,594658760#0,12
6020.0,:cluster_9383263990_9383263991_9383263992_9383263993_13,1
6040.0,-300077497#5,1
6040.0,-300077497#8,1
6040.0,-E0,20
6040.0,182334378#0,1
6040.0,263217604#0,2
6040.0,30620492#0,17
6040.0,30620492#1,5
6040.0,506322844#0,1
6040.0,506322846#0,1
6040.0,594658757#0,2
6040.0,594658760#0,12
6040.0,:655375239_6,1
6060.0,-300077497#5,2
6060.0,-E0,14
6060.0,182334378#0,1
6060.0,263217604#0,4
6060.0,288135626#0,1
6060.0,30620492#0,18
6060.0,30620492#1,5
6060.0,593847704#0,4
6060.0,594658757#0,1
6060.0,594658760#0,12
6060.0,:3086736518_6,1
6080.0,-593847703#3,3
6080.0,-E0,14
6080.0,182334378#0,1
6080.0,263217604#0,4
6080.0,30620492#0,18
6080.0,30620492#1,3
6080.0,506322844#0,1
6080.0,593849718#0,2
6080.0,594658760#0,11
6080.0,:cluster622618015_622618108_622618112_622618144_#2more_39,1
6080.0,:cluster655375336_end_0_655375336_end_1_655375336_end_10_655375336_end_11_#8more_17,1
6080.0,:cluster_9383263990_9383263991_9383263992_9383263993_13,1
6100.0,-593847703#3,1
6100.0,-E0,19
6100.0,30620492#0,13
6100.0,30620492#1,5
6100.0,506322844#0,5
6100.0,594658757#0,2
6100.0,594658760#0,13
6100.0,:655375233_4,2
6120.0,-E0,19
6120.0,30620492#0,16
6120.0,30620492#1,5
6120.0,506322842#0,1
6120.0,506322844#0,6
6120.0,594658757#0,2
6120.0,594658760#0,13
6140.0,-300077497#5,5
6140.0,-E0,19
6140.0,263217604#0,1
6140.0,30620492#0,18
6140.0,30620492#1,5
6140.0,594658757#0,2
6140.0,594658760#0,13
6140.0,:cluster_5372642442_631668976_631668981_631669076_47,1
6160.0,-300077497#5,5
6160.0,-E0,15
6160.0,263217604#0,1
6160.0,30620492#0,18
6160.0,30620492#1,5
6160.0,593847704#0,2
6160.0,594658757#0,2
6160.0,594658760#0,13
6160.0,:3086736518_6,2
6160.0,:cluster_2528018119_655375236_28,1
6180.0,-593847703#3,5
6180.0,-E0,16
6180.0,30620492#0,14
6180.0,30620492#1,4
6180.0,506322844#0,5
6180.0,593847704#0,4
6180.0,594658757#0,3
6180.0,594658760#0,13
6180.0,:cluster655375336_end_0_655375336_end_1_655375336_end_10_655375336_end_11_#8more_39,1
6200.0,-593847703#3,5
6200.0,-E0,19
6200.0,30620492#0,16
6200.0,30620492#1,5
6200.0,506322844#0,5
6200.0,593847704#0,4
6200.0,594658757#0,3
6200.0,594658760#0,13
6220.0,-300077497#5,1
6220.0,-300077497#8,1
6220.0,-E0,19
6220.0,263217604#0,1
6220.0,30620492#0,17
6220.0,30620492#1,5
6220.0,506322844#0,1
6220.0,593847704#0,4
6220.0,594658757#0,3
6220.0,594658760#0,13
6220.0,:655375238_5,1
6220.0,:655375239_5,1
6240.0,-300077497#5,5
6240.0,-E0,19
6240.0,263217604#0,1
6240.0,30620492#0,18
6240.0,30620492#1,5
6240.0,593847704#0,2
6240.0,594658757#0,3
6240.0,594658760#0,13
6240.0,:cluster622618015_622618108_622618112_622618144_#2more_39,2
6260.0,-300077497#5,1
6260.0,-593847703#3,2
6260.0,-E0,17
6260.0,263217604#0,1
6260.0,30620492#0,18
6260.0,30620492#1,3
6260.0,594658757#0,3
6260.0,594658760#0,13
6260.0,:3086736518_6,2
6260.0,:cluster_2528018119_655375236_17,2
6260.0,:cluster_9383263990_9383263991_9383263992_9383263993_13,2
6280.0,-593847703#3,4
6280.0,-E0,13
6280.0,182334378#0,1
6280.0,30620492#0,13
6280.0,30620492#1,5
6280.0,506322844#0,5
6280.0,593847704#0,6
6280.0,594658757#0,4
6280.0,594658760#0,13
6300.0,-593847703#3,4
6300.0,-E0,19
6300.0,182334378#0,1
6300.0,30620492#0,18
6300.0,30620492#1,5
6300.0,506322844#0,5
6300.0,593847704#0,6
6300.0,594658757#0,1
6300.0,594658760#0,10
6300.0,:cluster655375336_end_0_655375336_end_1_655375336_end_10_655375336_end_11_#8more_17,1
6320.0,-300077497#5,5
6320.0,-E0,20
6320.0,182334378#0,1
6320.0,30620492#0,18
6320.0,30620492#1,5
6320.0,593847704#0,6
6320.0,594658757#0,1
6320.0,594658760#0,10
6340.0,-300077497#5,5
6340.0,-E0,20
6340.0,182334378#0,1
6340.0,30620492#0,18
6340.0,30620492#1,5
6340.0,593849718#0,3
6340.0,594658757#0,1
6340.0,594658760#0,10
6340.0,:cluster622618015_622618108_622618112_622618144_#2more_39,3
6360.0,-593847703#3,5
6360.0,-E0,19
6360.0,182334378#0,1
6360.0,30620492#0,14
6360.0,30620492#1,4
6360.0,506322844#0,5
6360.0,594658757#0,1
6360.0,594658760#0,10
6360.0,:3086736518_6,1
6380.0,-593847703#3,5
6380.0,-E0,15
6380.0,182334378#0,1
6380.0,30620492#0,16
6380.0,30620492#1,5
6380.0,506322844#0,5
6380.0,593847704#0,1
6380.0,594658757#0,1
6380.0,594658760#0,10
6400.0,-300077497#5,1
6400.0,-300077497#8,1
6400.0,-593847703#3,5
6400.0,-E0,20
6400.0,263217604#0,1
6400.0,30620492#0,17
6400.0,30620492#1,5
6400.0,506322844#0,1
6400.0,593847704#0,1
6400.0,594658760#0,9
6400.0,:655375238_5,1
6400.0,:655375239_5,1
6420.0,-300077497#5,4
6420.0,-E0,20
6420.0,263217604#0,2
6420.0,30620492#0,18
6420.0,30620492#1,5
6420.0,594658760#0,9
6420.0,:655375233_4,1
6420.0,:cluster622618015_622618108_622618112_622618144_#2more_39,1
6440.0,-593847703#3,2
6440.0,-E0,20
6440.0,263217604#0,2
6440.0,30620492#0,18
6440.0,30620492#1,3
6440.0,594658760#0,9
6440.0,:cluster_2528018119_655375236_17,2
6440.0,:cluster_9383263990_9383263991_9383263992_9383263993_13,2
6460.0,-593847703#3,4
6460.0,-E0,20
6460.0,30620492#0,13
6460.0,30620492#1,5
6460.0,506322844#0,5
6460.0,594658760#0,11
6480.0,-593847703#3,4
6480.0,-E0,14
6480.0,30620492#0,16
6480.0,30620492#1,5
6480.0,506322842#0,1
6480.0,506322844#0,6
6480.0,593847704#0,5
6480.0,594658760#0,11
6500.0,-300077497#5,4
6500.0,-593847703#3,4
6500.0,-E0,18
6500.0,263217604#0,2
6500.0,30620492#0,18
6500.0,30620492#1,5
6500.0,593847704#0,5
6500.0,594658760#0,7
6500.0,:cluster655375336_end_0_655375336_end_1_655375336_end_10_655375336_end_11_#8more_17,1
6500.0,:cluster_5372642442_631668976_631668981_631669076_36,1
6520.0,-300077497#5,4
6520.0,-E0,19
6520.0,1068234499#0,1
6520.0,263217604#0,2
6520.0,30620492#0,18
6520.0,30620492#1,5
6520.0,593849718#0,3
6520.0,594658760#0,7
6520.0,:655375233_4,4
6520.0,:cluster622618015_622618108_622618112_622618144_#2more_39,2
6540.0,-593847703#3,2
6540.0,-E0,19
6540.0,1068234499#0,1
6540.0,182334378#0,2
6540.0,30620492#0,13
6540.0,30620492#1,4
6540.0,506322844#0,5
6540.0,594658757#0,2
6540.0,594658760#0,7
6540.0,:2749340167_0,1
6560.0,-593847703#3,2
6560.0,-E0,19
6560.0,1068234499#0,1
6560.0,182334378#0,2
6560.0,30620492#0,16
6560.0,30620492#1,5
6560.0,506322844#0,5
6560.0,594658757#0,2
6560.0,594658760#0,7
6580.0,-300077497#8,1
6580.0,-593847703#3,3
6580.0,-E0,13
6580.0,182334378#0,2
6580.0,263217604#0,2
6580.0,30620492#0,18
6580.0,30620492#1,5
6580.0,593847704#0,3
6580.0,594658757#0,2
6580.0,594658760#0,7
6580.0,:655375238_5,1
6580.0,:655375239_5,1
6600.0,-300077497#5,3
6600.0,-593847703#3,3
6600.0,-E0,14
6600.0,263217604#0,2
6600.0,30620492#0,18
6600.0,30620492#1,5
6600.0,593847704#0,1
6600.0,594658757#0,2
6600.0,594658760#0,7
6600.0,:cluster622618015_622618108_622618112_622618144_#2more_39,2
6620.0,-593847703#3,2
6620.0,-E0,19
6620.0,182334378#0,1
6620.0,263217604#0,2
6620.0,30620492#0,18
6620.0,30620492#1,3
6620.0,594658757#0,2
6620.0,594658760#0,7
6620.0,:655375233_4,2
6620.0,:cluster_2528018119_655375236_17,1
6620.0,:cluster_9383263990_9383263991_9383263992_9383263993_13,2
6640.0,-E0,19
6640.0,182334378#0,1
6640.0,30620492#0,13
6640.0,30620492#1,5
6640.0,506322844#0,5
6640.0,594658757#0,2
6640.0,594658760#0,9
6660.0,-E0,19
6660.0,182334378#0,1
6660.0,30620492#0,18
6660.0,30620492#1,5
6660.0,506322844#0,5
6660.0,594658757#0,2
6660.0,594658760#0,9
6680.0,-300077497#5,5
6680.0,-E0,15
6680.0,182334378#0,1
6680.0,30620492#0,18
6680.0,30620492#1,5
6680.0,593847704#0,1
6680.0,594658757#0,2
6680.0,594658760#0,9
6680.0,:3086736518_6,1
6700.0,-300077497#5,5
6700.0,-E0,11
6700.0,182334378#0,1
6700.0,30620492#0,18
6700.0,30620492#1,5
6700.0,593849718#0,1
6700.0,594658757#0,1
6700.0,594658760#0,8
6700.0,:cluster622618015_622618108_622618112_622618144_#2more_39,1
6700.0,:cluster655375336_end_0_655375336_end_1_655375336_end_10_655375336_end_11_#8more_21,1
6720.0,-593847703#3,5
6720.0,-E0,19
6720.0,30620492#0,14
6720.0,30620492#1,4
6720.0,506322844#0,5
6720.0,594658757#0,1
6720.0,594658760#0,8
6740.0,-E0,19
6740.0,30620492#0,16
6740.0,30620492#1,5
6740.0,506322844#0,5
6740.0,594658757#0,1
6740.0,594658760#0,8
6760.0,-300077497#5,1
6760.0,-300077497#8,1
6760.0,-E0,19
6760.0,263217604#0,1
6760.0,30620492#0,18
6760.0,30620492#1,5
6760.0,506322844#0,1
6760.0,594658757#0,1
6760.0,594658760#0,8
6760.0,:655375239_5,1
6780.0,-300077497#5,4
6780.0,-E0,17
6780.0,263217604#0,1
6780.0,30620492#0,18
6780.0,30620492#1,5
6780.0,594658757#0,1
6780.0,594658760#0,8
6780.0,:3086736518_6,1
6800.0,-593847703#3,2
6800.0,-E0,14
6800.0,263217604#0,1
6800.0,30620492#0,18
6800.0,30620492#1,3
6800.0,506322844#0,1
6800.0,593847704#0,2
6800.0,593849718#0,1
6800.0,594658757#0,1
6800.0,594658760#0,8
6800.0,:cluster622618015_622618108_622618112_622618144_#2more_39,1
6800.0,:cluster_2528018119_655375236_17,2
6800.0,:cluster_9383263990_9383263991_9383263992_9383263993_13,1
6820.0,-593847703#3,4
6820.0,-E0,18
6820.0,30620492#0,13
6820.0,30620492#1,5
6820.0,506322844#0,5
6820.0,593847704#0,2
6820.0,594658757#0,1
6820.0,594658760#0,9
6840.0,-E0,19
6840.0,30620492#0,17
6840.0,30620492#1,5
6840.0,506322844#0,6
6840.0,593847704#0,2
6840.0,594658760#0,8
6840.0,:cluster655375336_end_0_655375336_end_1_655375336_end_10_655375336_end_11_#8more_21,1
6860.0,-300077497#5,2
6860.0,-E0,20
6860.0,263217604#0,4
6860.0,30620492#0,18
6860.0,30620492#1,5
6860.0,593847704#0,2
6860.0,594658760#0,8
6880.0,-300077497#5,2
6880.0,-E0,19
6880.0,263217604#0,4
6880.0,30620492#0,18
6880.0,30620492#1,5
6880.0,593849718#0,2
6880.0,594658760#0,8
6880.0,:3086736518_6,1
6900.0,-593847703#3,2
6900.0,-E0,14
6900.0,30620492#0,14
6900.0,30620492#1,4
6900.0,506322844#0,5
6900.0,593847704#0,4
6900.0,594658757#0,2
6900.0,594658760#0,10
6920.0,-593847703#3,2
6920.0,-E0,14
6920.0,30620492#0,15
6920.0,30620492#1,4
6920.0,506322844#0,6
6920.0,593847704#0,4
6920.0,594658757#0,2
6920.0,594658760#0,10
6920.0,:2749340167_0,1
6940.0,-300077497#8,1
6940.0,-E0,14
6940.0,263217604#0,4
6940.0,30620492#0,16
6940.0,30620492#1,5
6940.0,593847704#0,4
6940.0,594658757#0,2
6940.0,594658760#0,10
6940.0,:655375238_5,1
6940.0,:655375239_6,1
6960.0,-300077497#5,2
6960.0,-E0,16
6960.0,263217604#0,5
6960.0,30620492#0,18
6960.0,30620492#1,5
6960.0,593847704#0,2
6960.0,594658760#0,8
6960.0,:cluster622618015_622618108_622618112_622618144_#2more_39,2
6960.0,:cluster655375336_end_0_655375336_end_1_655375336_end_10_655375336_end_11_#8more_17,1
6960.0,:cluster655375336_end_0_655375336_end_1_655375336_end_10_655375336_end_11_#8more_21,1
6980.0,-593847703#3,1
6980.0,-E0,18
6980.0,182334378#0,1
6980.0,263217604#0,5
6980.0,30620492#0,18
6980.0,30620492#1,3
6980.0,506322844#0,1
6980.0,594658760#0,8
6980.0,:cluster_9383263990_9383263991_9383263992_9383263993_13,1
7000.0,-593847703#3,1
7000.0,-E0,14
7000.0,30620492#0,13
7000.0,30620492#1,5
7000.0,506322844#0,5
7000.0,593847704#0,4
7000.0,594658757#0,3
7000.0,594658760#0,10
7020.0,-593847703#3,1
7020.0,-E0,14
7020.0,30620492#0,18
7020.0,30620492#1,5
7020.0,506322844#0,5
7020.0,593847704#0,4
7020.0,594658757#0,3
7020.0,594658760#0,10
7040.0,-300077497#5,4
7040.0,-E0,16
7040.0,263217604#0,1
7040.0,30620492#0,18
7040.0,30620492#1,5
7040.0,593847704#0,4
7040.0,594658757#0,2
7040.0,594658760#0,9
7040.0,:655375233_4,1
7060.0,-300077497#5,4
7060.0,-E0,20
7060.0,263217604#0,1
7060.0,30620492#0,18
7060.0,30620492#1,5
7060.0,593849718#0,3
7060.0,594658760#0,7
7080.0,-593847703#3,3
7080.0,-E0,20
7080.0,182334378#0,1
7080.0,30620492#0,14
7080.0,30620492#1,3
7080.0,506322844#0,5
7080.0,594658760#0,8
7080.0,:2749340167_0,1
7100.0,-593847703#3,3
7100.0,-E0,14
7100.0,182334378#0,1
7100.0,30620492#0,16
7100.0,30620492#1,4
7100.0,506322844#0,5
7100.0,593847704#0,5
7100.0,594658760#0,8
7100.0,:3086736518_6,1
7100.0,:cluster_9383263990_9383263991_9383263992_9383263993_13,1
7120.0,-300077497#5,1
7120.0,-300077497#8,1
7120.0,-593847703#3,3
7120.0,-E0,15
7120.0,263217604#0,2
7120.0,30620492#0,17
7120.0,30620492#1,5
7120.0,506322844#0,1
7120.0,593847704#0,6
7120.0,594658760#0,8
7120.0,:655375239_5,1
7140.0,-300077497#5,4
7140.0,-593847703#3,1
7140.0,-E0,15
7140.0,263217604#0,2
7140.0,30620492#0,18
7140.0,30620492#1,5
7140.0,593847704#0,4
7140.0,594658760#0,7
7140.0,:655375233_4,2
7140.0,:cluster622618015_622618108_622618112_622618144_#2more_39,2
7140.0,:cluster655375336_end_0_655375336_end_1_655375336_end_10_655375336_end_11_#8more_17,1
7160.0,-593847703#3,1
7160.0,-E0,19
7160.0,182334378#0,1
7160.0,263217604#0,2
7160.0,30620492#0,18
7160.0,30620492#1,3
7160.0,593849718#0,1
7160.0,594658760#0,4
7160.0,:cluster_2528018119_655375236_17,2
7160.0,:cluster_9383263990_9383263991_9383263992_9383263993_13,2
7180.0,-593847703#3,3
7180.0,-E0,19
7180.0,182334378#0,1
7180.0,30620492#0,12
7180.0,30620492#1,5
7180.0,506322842#0,1
7180.0,506322844#0,5
7180.0,594658757#0,2
7180.0,594658760#0,4
7200.0,-593847703#3,3
7200.0,-E0,15
7200.0,182334378#0,1
7200.0,30620492#0,18
7200.0,30620492#1,5
7200.0,506322842#0,1
7200.0,506322844#0,5
7200.0,593847704#0,1
7200.0,594658757#0,2
7200.0,594658760#0,4
7220.0,-300077497#5,4
7220.0,-593847703#3,3
7220.0,-E0,4
7220.0,182334378#0,1
7220.0,263217604#0,1
7220.0,30620492#0,18
7220.0,30620492#1,5
7220.0,593847704#0,1
7220.0,594658757#0,2
7220.0,594658760#0,4
7220.0,:cluster_5372642442_631668976_631668981_631669076_36,1
7240.0,-300077497#5,4
7240.0,-593847703#3,3
7240.0,-E0,2
7240.0,1068234499#0,1
7240.0,263217604#0,1
7240.0,30620492#0,18
7240.0,30620492#1,5
7240.0,593849718#0,1
7240.0,594658760#0,2
7240.0,:cluster655375336_end_0_655375336_end_1_655375336_end_10_655375336_end_11_#8more_17,1
7240.0,:cluster655375336_end_0_655375336_end_1_655375336_end_10_655375336_end_11_#8more_21,1
7260.0,-593847703#3,4
7260.0,-E0,1
7260.0,1068234499#0,1
7260.0,30620492#0,14
7260.0,30620492#1,3
7260.0,506322842#0,1
7260.0,506322844#0,4
7260.0,594658760#0,1
7260.0,:cluster_9383263990_9383263991_9383263992_9383263993_13,1
7280.0,-593847703#3,4
7280.0,-E0,1
7280.0,1068234499#0,1
7280.0,30620492#0,14
7280.0,30620492#1,5
7280.0,506322842#0,1
7280.0,506322844#0,6
7300.0,-300077497#5,1
7300.0,-300077497#8,1
7300.0,-593847703#3,5
7300.0,263217604#0,1
7300.0,30620492#0,18
7300.0,30620492#1,5
7300.0,506322844#0,1
7300.0,506322846#0,1
7300.0,:655375238_5,1
7300.0,:655375239_5,1
7320.0,-300077497#5,5
7320.0,-593847703#3,5
7320.0,263217604#0,1
7320.0,288135626#0,1
7320.0,30620492#0,18
7320.0,30620492#1,5
7340.0,-300077497#5,1
7340.0,-593847703#3,7
7340.0,1068234499#0,1
7340.0,263217604#0,1
7340.0,30620492#0,18
7340.0,30620492#1,3
7340.0,:cluster_2528018119_655375236_17,1
7340.0,:cluster_2528018119_655375236_31,1
7340.0,:cluster_9383263990_9383263991_9383263992_9383263993_13,2
7360.0,-E0,1
7360.0,1068234499#0,1
7360.0,30620492#0,11
7360.0,30620492#1,4
7360.0,506322842#0,1
7360.0,506322844#0,6
7360.0,594658757#0,1
7360.0,:cluster_9383263990_9383263991_9383263992_9383263993_13,1
7380.0,1068234499#0,1
7380.0,30620492#0,15
7380.0,30620492#1,5
7380.0,506322842#0,1
7380.0,506322844#0,8
7380.0,594658757#0,1
7400.0,-300077497#5,5
7400.0,-593847703#3,1
7400.0,263217604#0,4
7400.0,30620492#0,18
7400.0,30620492#1,5
7400.0,594658757#0,1
7420.0,-300077497#5,5
7420.0,-593847703#3,1
7420.0,263217604#0,4
7420.0,30620492#0,18
7420.0,30620492#1,5
7440.0,-593847703#3,6
7440.0,30620492#0,14
7440.0,30620492#1,4
7440.0,360843888,1
7440.0,506322844#0,5
7440.0,594658757#0,2
7440.0,594658760#0,1
7460.0,-E0,2
7460.0,30620492#0,15
7460.0,30620492#1,5
7460.0,360843888,1
7460.0,506322844#0,6
7460.0,:655375233_4,2
7460.0,:cluster655375336_end_0_655375336_end_1_655375336_end_10_655375336_end_11_#8more_21,1
7480.0,-300077497#8,2
7480.0,263217604#0,2
7480.0,30620492#0,18
7480.0,30620492#1,5
7480.0,360843888,1
7480.0,506322844#0,1
7480.0,:655375239_5,1
7500.0,-300077497#5,4
7500.0,263217604#0,2
7500.0,30620492#0,18
7500.0,30620492#1,5
7500.0,360843888,1
7520.0,-593847703#3,2
7520.0,244450512#5,1
7520.0,263217604#0,2
7520.0,30620492#0,18
7520.0,30620492#1,3
7520.0,:cluster_2528018119_655375236_17,2
7520.0,:cluster_9383263990_9383263991_9383263992_9383263993_13,2
7540.0,-593847703#3,4
7540.0,244450512#5,1
7540.0,30620492#0,13
7540.0,30620492#1,4
7540.0,506322844#0,5
7540.0,594658757#0,1
7540.0,594658760#0,1
7540.0,:cluster_9383263990_9383263991_9383263992_9383263993_13,1
7560.0,244450512#5,1
7560.0,30620492#0,17
7560.0,30620492#1,5
7560.0,506322844#0,6
7560.0,594658757#0,1
7560.0,594658760#0,1
7560.0,:655375233_4,4
7580.0,-300077497#5,5
7580.0,244450512#5,1
7580.0,263217604#0,1
7580.0,30620492#0,18
7580.0,30620492#1,5
7580.0,594658757#0,1
7580.0,594658760#0,1
7600.0,-300077497#5,5
7600.0,-E0,1
7600.0,244450512#5,1
7600.0,263217604#0,1
7600.0,30620492#0,18
7600.0,30620492#1,5
7600.0,:cluster655375336_end_0_655375336_end_1_655375336_end_10_655375336_end_11_#8more_17,1
7620.0,-593847703#3,4
7620.0,182334378#0,1
7620.0,30620492#0,14
7620.0,30620492#1,4
7620.0,506322844#0,5
7620.0,593844221#0,1
7620.0,594658757#0,1
7640.0,-593847703#3,4
7640.0,-E0,1
7640.0,182334378#0,1
7640.0,30620492#0,16
7640.0,30620492#1,5
7640.0,506322844#0,5
7640.0,593844221#0,1
7660.0,-300077497#8,1
7660.0,-593847703#3,2
7660.0,263217604#0,1
7660.0,30620492#0,18
7660.0,30620492#1,5
7660.0,506322844#0,1
7660.0,:655375233_4,2
7660.0,:655375238_5,1
7660.0,:655375239_5,1
7660.0,:cluster655375336_end_0_655375336_end_1_655375336_end_10_655375336_end_11_#8more_30,1
7660.0,:cluster655375336_end_0_655375336_end_1_655375336_end_10_655375336_end_11_#8more_39,1
7680.0,-300077497#5,4
7680.0,-E0,2
7680.0,263217604#0,1
7680.0,30620492#0,18
7680.0,30620492#1,5
7700.0,-593847703#3,1
7700.0,182334378#0,1
7700.0,263217604#0,1
7700.0,30620492#0,18
7700.0,30620492#1,3
7700.0,506322844#0,1
7700.0,:cluster_2528018119_655375236_17,1
7700.0,:cluster_2528018119_655375236_19,1
7700.0,:cluster_9383263990_9383263991_9383263992_9383263993_13,1
7720.0,-593847703#3,2
7720.0,182334378#0,2
7720.0,30620492#0,11
7720.0,30620492#1,2
7720.0,506322842#0,2
7720.0,506322844#0,5
7720.0,594658760#0,1
7720.0,:2749340167_0,1
7720.0,:cluster_9383263990_9383263991_9383263992_9383263993_10,1
7720.0,:cluster_9383263990_9383263991_9383263992_9383263993_13,1
7740.0,-593847703#3,2
7740.0,-E0,1
7740.0,30620492#0,14
7740.0,30620492#1,5
7740.0,506322842#0,3
7740.0,506322844#0,7
7740.0,594658760#0,1
7760.0,-300077497#5,5
7760.0,-593847703#3,2
7760.0,263217604#0,2
7760.0,30620492#0,18
7760.0,30620492#1,5
7760.0,506322846#2,2
7760.0,594658760#0,1
7760.0,:cluster_5372642442_631668976_631668981_631669076_36,1
7780.0,-300077497#5,5
7780.0,1068234499#0,2
7780.0,263217604#0,2
7780.0,288135626#0,1
7780.0,30620492#0,18
7780.0,30620492#1,5
7780.0,594658760#0,1
7800.0,-593847703#3,4
7800.0,1068234499#0,3
7800.0,182334378#0,1
7800.0,30620492#0,14
7800.0,30620492#1,4
7800.0,506322844#0,5
7800.0,594658757#0,2
7820.0,-593847703#3,4
7820.0,-E0,2
7820.0,1068234499#0,3
7820.0,182334378#0,1
7820.0,30620492#0,15
7820.0,30620492#1,5
7820.0,506322844#0,6
7840.0,-300077497#5,1
7840.0,-300077497#8,2
7840.0,-593847703#3,6
7840.0,182334378#0,1
7840.0,263217604#0,1
7840.0,30620492#0,18
7840.0,30620492#1,5
7840.0,506322844#0,1
7840.0,:655375239_5,1
7840.0,:cluster_2528018119_655375236_9,1
7860.0,-300077497#5,5
7860.0,-593847703#3,6
7860.0,-E0,2
7860.0,263217604#0,1
7860.0,30620492#0,18
7860.0,30620492#1,5
7880.0,-300077497#5,1
7880.0,-593847703#3,2
7880.0,263217604#0,1
7880.0,30620492#0,18
7880.0,30620492#1,3
7880.0,:cluster_2528018119_655375236_17,2
7880.0,:cluster_9383263990_9383263991_9383263992_9383263993_13,2
7900.0,-593847703#3,5
7900.0,30620492#0,11
7900.0,30620492#1,4
7900.0,506322844#0,7
7900.0,594658760#0,1
7900.0,:2749340167_0,1
7920.0,-593847703#3,5
7920.0,30620492#0,17
7920.0,30620492#1,5
7920.0,506322844#0,7
7940.0,-300077497#5,5
7940.0,-593847703#3,5
7940.0,263217604#0,2
7940.0,30620492#0,18
7940.0,30620492#1,5
7960.0,-300077497#5,5
7960.0,-593847703#3,5
7960.0,263217604#0,2
7960.0,30620492#0,18
7960.0,30620492#1,5
7980.0,-593847703#3,5
7980.0,30620492#0,14
7980.0,30620492#1,3
7980.0,506322844#0,5
7980.0,594658757#0,2
7980.0,:2749340167_0,1
7980.0,:655375233_4,1
8000.0,-593847703#3,3
8000.0,-E0,1
8000.0,30620492#0,15
8000.0,30620492#1,5
8000.0,506322844#0,6
8000.0,:cluster655375336_end_0_655375336_end_1_655375336_end_10_655375336_end_11_#8more_21,1
8020.0,-300077497#5,1
8020.0,-300077497#8,1
8020.0,-593847703#3,3
8020.0,263217604#0,1
8020.0,30620492#0,18
8020.0,30620492#1,5
8020.0,506322844#0,1
8020.0,:655375238_5,1
8020.0,:655375239_5,1
8040.0,-300077497#5,5
8040.0,-593847703#3,3
8040.0,263217604#0,1
8040.0,30620492#0,18
8040.0,30620492#1,5
8060.0,-300077497#5,1
8060.0,-593847703#3,5
8060.0,263217604#0,1
8060.0,30620492#0,18
8060.0,30620492#1,3
8060.0,:cluster_2528018119_655375236_17,2
8060.0,:cluster_9383263990_9383263991_9383263992_9383263993_13,2
8080.0,-593847703#3,3
8080.0,-E0,1
8080.0,30620492#0,12
8080.0,30620492#1,4
8080.0,506322844#0,6
8080.0,594658760#0,1
8080.0,:655375233_4,3
8080.0,:cluster_9383263990_9383263991_9383263992_9383263993_13,1
8100.0,-E0,1
8100.0,30620492#0,17
8100.0,30620492#1,5
8100.0,506322844#0,7
8120.0,-300077497#5,3
8120.0,263217604#0,4
8120.0,30620492#0,18
8120.0,30620492#1,5
8140.0,-300077497#5,3
8140.0,263217604#0,4
8140.0,30620492#0,18
8140.0,30620492#1,5
8160.0,-593847703#3,2
8160.0,182334378#0,1
8160.0,263217604#0,1
8160.0,30620492#0,14
8160.0,30620492#1,4
8160.0,506322844#0,4
8160.0,594658757#0,1
8160.0,594658760#0,2
8160.0,:cluster_9383263990_9383263991_9383263992_9383263993_13,1
8180.0,-E0,1
8180.0,30620492#0,15
8180.0,30620492#1,5
8180.0,506322844#0,6
8180.0,594658757#0,1
8180.0,594658760#0,3
8180.0,:655375233_4,2
8200.0,-300077497#5,1
8200.0,-300077497#8,1
8200.0,-E0,1
8200.0,263217604#0,1
8200.0,30620492#0,18
8200.0,30620492#1,5
8200.0,49695736#0,1
8200.0,506322844#0,1
8200.0,:655375238_5,1
8200.0,:655375239_5,1
8220.0,-300077497#5,5
8220.0,-593847703#3,1
8220.0,263217604#0,1
8220.0,30620492#0,18
8220.0,30620492#1,5
8240.0,-300077497#5,1
8240.0,-593847703#3,3
8240.0,263217604#0,1
8240.0,30620492#0,18
8240.0,30620492#1,3
8240.0,:cluster_2528018119_655375236_17,2
8240.0,:cluster_9383263990_9383263991_9383263992_9383263993_13,2
8260.0,-593847703#3,6
8260.0,244450512#4,1
8260.0,30620492#0,10
8260.0,30620492#1,4
8260.0,506322842#0,2
8260.0,506322844#0,5
8260.0,:2749340167_0,1
8260.0,:cluster_9383263990_9383263991_9383263992_9383263993_13,1
8280.0,-593847703#3,6
8280.0,244450512#5,1
8280.0,30620492#0,16
8280.0,30620492#1,5
8280.0,506322842#0,2
8280.0,506322844#0,6
8300.0,-300077497#5,4
8300.0,244450512#5,1
8300.0,263217604#0,2
8300.0,30620492#0,18
8300.0,30620492#1,5
8300.0,:655375238_2,1
8300.0,:cluster_5372642442_631668976_631668981_631669076_36,1
8320.0,-300077497#5,5
8320.0,244450512#5,1
8320.0,263217604#0,2
8320.0,30620492#0,18
8320.0,30620492#1,5
8320.0,:cluster_2528018119_655375236_8,1
8340.0,-593847703#3,5
8340.0,-E0,1
8340.0,182334378#0,1
8340.0,30620492#0,14
8340.0,30620492#1,3
8340.0,506322844#0,5
8340.0,594658757#0,2
8340.0,:2749340167_0,1
8360.0,-593847703#3,5
8360.0,-E0,1
8360.0,30620492#0,16
8360.0,30620492#1,5
8360.0,506322844#0,5
8360.0,594658757#0,1
8380.0,-300077497#5,1
8380.0,-300077497#8,1
8380.0,-593847703#3,5
8380.0,-E0,1
8380.0,30620492#0,18
8380.0,30620492#1,5
8380.0,:655375238_5,1
8380.0,:655375239_5,2
8400.0,-300077497#5,5
8400.0,30620492#0,18
8400.0,30620492#1,5
8420.0,-300077497#5,2
8420.0,-593847703#3,1
8420.0,182334378#0,1
8420.0,30620492#0,18
8420.0,30620492#1,3
8420.0,506322844#0,1
8420.0,:cluster_2528018119_655375236_17,1
8420.0,:cluster_9383263990_9383263991_9383263992_9383263993_13,1
8440.0,-593847703#3,4
8440.0,30620492#0,11
8440.0,30620492#1,5
8440.0,506322844#0,6
8440.0,:2749340167_0,1
8460.0,-593847703#3,4
8460.0,30620492#0,17
8460.0,30620492#1,5
8460.0,506322844#0,6
8460.0,:2749340167_0,1
8480.0,-300077497#5,5
8480.0,-593847703#3,4
8480.0,263217604#0,1
8480.0,30620492#0,18
8480.0,30620492#1,5
8480.0,:2749340167_0,1
8500.0,-300077497#5,5
8500.0,263217604#0,1
8500.0,30620492#0,18
8500.0,30620492#1,5
8500.0,:2749340167_0,1
8520.0,-593847703#3,5
8520.0,30620492#0,15
8520.0,30620492#1,3
8520.0,506322844#0,5
8520.0,594658760#0,1
8520.0,:cluster_9383263990_9383263991_9383263992_9383263993_13,1
8540.0,-593847703#3,5
8540.0,30620492#0,15
8540.0,30620492#1,5
8540.0,506322844#0,7
8540.0,594658760#0,1
8560.0,-300077497#5,1
8560.0,-593847703#3,5
8560.0,263217604#0,4
8560.0,30620492#0,18
8560.0,30620492#1,5
8560.0,506322844#0,1
8560.0,:655375239_5,1
8560.0,:cluster_2528018119_655375236_33,1
8580.0,-300077497#5,3
8580.0,-593847703#3,6
8580.0,263217604#0,4
8580.0,30620492#0,18
8580.0,30620492#1,5
8600.0,-593847703#3,4
8600.0,263217604#0,4
8600.0,30620492#0,18
8600.0,30620492#1,3
8600.0,506322844#0,1
8600.0,:655375233_4,4
8600.0,:cluster_2528018119_655375236_17,1
8600.0,:cluster_9383263990_9383263991_9383263992_9383263993_13,1
8620.0,-593847703#3,2
8620.0,244450512#4,1
8620.0,30620492#0,12
8620.0,30620492#1,5
8620.0,506322844#0,5
8620.0,594658757#0,1
8620.0,594658760#0,2
8620.0,:2749340167_0,1
8640.0,-593847703#3,2
8640.0,244450512#5,1
8640.0,30620492#0,18
8640.0,30620492#1,5
8640.0,506322844#0,5
8640.0,594658757#0,1
8640.0,594658760#0,2
8640.0,:2749340167_0,1
8660.0,-300077497#5,5
8660.0,-593847703#3,2
8660.0,244450512#5,1
8660.0,30620492#0,18
8660.0,30620492#1,5
8660.0,594658760#0,1
8660.0,:2749340167_0,1
8660.0,:cluster655375336_end_0_655375336_end_1_655375336_end_10_655375336_end_11_#8more_17,1
8660.0,:cluster655375336_end_0_655375336_end_1_655375336_end_10_655375336_end_11_#8more_21,1
8680.0,-300077497#5,5
8680.0,-593847703#3,2
8680.0,-E0,2
8680.0,244450512#5,1
8680.0,30620492#0,18
8680.0,30620492#1,5
8680.0,:2749340167_0,1
8700.0,-593847703#3,3
8700.0,-E0,2
8700.0,182334378#0,1
8700.0,30620492#0,15
8700.0,30620492#1,4
8700.0,506322844#0,5
8700.0,:655375233_4,2
8720.0,30620492#0,16
8720.0,30620492#1,5
8720.0,506322844#0,6
8740.0,-300077497#8,1
8740.0,263217604#0,2
8740.0,30620492#0,18
8740.0,30620492#1,5
8740.0,506322844#0,1
8740.0,:655375238_5,1
8740.0,:655375239_5,1
8760.0,-300077497#5,4
8760.0,263217604#0,2
8760.0,30620492#0,18
8760.0,30620492#1,5
8780.0,-593847703#3,2
8780.0,263217604#0,2
8780.0,30620492#0,18
8780.0,30620492#1,3
8780.0,:cluster_2528018119_655375236_19,1
8780.0,:cluster_2528018119_655375236_31,1
8780.0,:cluster_9383263990_9383263991_9383263992_9383263993_13,2
8800.0,-593847703#3,2
8800.0,30620492#0,11
8800.0,30620492#1,4
8800.0,506322844#0,6
8800.0,594658757#0,1
8800.0,594658760#0,1
8800.0,:2749340167_0,1
8800.0,:cluster655375336_end_0_655375336_end_1_655375336_end_10_655375336_end_11_#8more_39,1
8800.0,:cluster655375336_end_0_655375336_end_1_655375336_end_10_655375336_end_11_#8more_5,1
8800.0,:cluster_9383263990_9383263991_9383263992_9383263993_13,1
8820.0,30620492#0,17
8820.0,30620492#1,5
8820.0,506322844#0,7
8820.0,594658757#0,1
8820.0,594658760#0,1
8840.0,-300077497#5,3
8840.0,263217604#0,4
8840.0,30620492#0,18
8840.0,30620492#1,5
8840.0,594658757#0,1
8840.0,594658760#0,1
8860.0,-300077497#5,3
8860.0,-E0,2
8860.0,263217604#0,4
8860.0,30620492#0,18
8860.0,30620492#1,5
8880.0,-593847703#3,3
8880.0,30620492#0,14
8880.0,30620492#1,4
8880.0,506322844#0,5
8880.0,594658757#0,1
8880.0,594658760#0,2
8880.0,:cluster3086736522_655375108_655375247_655375401_#1more_14,1
8900.0,-593847703#3,3
8900.0,30620492#0,15
8900.0,30620492#1,4
8900.0,506322844#0,6
8900.0,594658757#0,1
8900.0,594658760#0,3
8900.0,:cluster_9383263990_9383263991_9383263992_9383263993_13,1
8920.0,-300077497#5,1
8920.0,-300077497#8,2
8920.0,263217604#0,2
8920.0,30620492#0,17
8920.0,30620492#1,5
8920.0,506322844#0,1
8920.0,594658757#0,1
8920.0,594658760#0,3
8920.0,:655375239_5,1
8940.0,-300077497#5,5
8940.0,-E0,2
8940.0,263217604#0,2
8940.0,30620492#0,18
8940.0,30620492#1,5
8940.0,594658760#0,2
8960.0,-300077497#5,1
8960.0,-593847703#3,2
8960.0,-E0,1
8960.0,263217604#0,2
8960.0,30620492#0,18
8960.0,30620492#1,3
8960.0,506322844#0,1
8960.0,:cluster_2528018119_655375236_19,1
8960.0,:cluster_2528018119_655375236_31,1
8960.0,:cluster_9383263990_9383263991_9383263992_9383263993_13,1
8980.0,-593847703#3,2
8980.0,182334378#0,3
8980.0,30620492#0,11
8980.0,30620492#1,4
8980.0,506322844#0,7
8980.0,594658760#0,2
8980.0,:2749340167_0,1
9000.0,-593847703#3,2
9000.0,-E0,3
9000.0,30620492#0,16
9000.0,30620492#1,5
9000.0,506322844#0,8
9000.0,594658760#0,2
9020.0,-300077497#5,4
9020.0,263217604#0,4
9020.0,30620492#0,18
9020.0,30620492#1,5
9020.0,594658760#0,2
9040.0,-300077497#5,4
9040.0,263217604#0,4
9040.0,30620492#0,18
9040.0,30620492#1,5
9040.0,594658760#0,1
9040.0,:cluster655375336_end_0_655375336_end_1_655375336_end_10_655375336_end_11_#8more_17,1
9060.0,-593847703#3,3
9060.0,-E0,1
9060.0,30620492#0,14
9060.0,30620492#1,3
9060.0,506322842#0,1
9060.0,506322844#0,4
9060.0,594658757#0,2
9060.0,594658760#0,2
9060.0,:cluster_9383263990_9383263991_9383263992_9383263993_13,1
9080.0,-593847703#3,3
9080.0,30620492#0,10
9080.0,30620492#1,5
9080.0,506322842#0,1
9080.0,506322844#0,9
9080.0,594658757#0,2
9080.0,594658760#0,2
9100.0,-593847703#3,3
9100.0,263217604#0,5
9100.0,30620492#0,10
9100.0,30620492#1,5
9100.0,506322844#0,1
9100.0,506322846#0,1
9100.0,594658757#0,2
9100.0,594658760#0,2
9100.0,:655375238_5,1
9100.0,:655375239_5,1
9100.0,:655375239_6,1
9120.0,-300077497#5,3
9120.0,-E0,1
9120.0,263217604#0,6
9120.0,288135626#0,1
9120.0,30620492#0,10
9120.0,30620492#1,5
9120.0,594658757#0,1
9120.0,594658760#0,1
9120.0,:655375233_4,2
9120.0,:cluster655375336_end_0_655375336_end_1_655375336_end_10_655375336_end_11_#8more_21,1
9140.0,-593847703#3,2
9140.0,-E0,1
9140.0,1068234499#0,1
9140.0,263217604#0,6
9140.0,30620492#0,10
9140.0,30620492#1,3
9140.0,:cluster655375336_end_0_655375336_end_1_655375336_end_10_655375336_end_11_#8more_17,1
9140.0,:cluster_2528018119_655375236_17,1
9140.0,:cluster_9383263990_9383263991_9383263992_9383263993_13,2
9160.0,-593847703#3,3
9160.0,1068234499#0,1
9160.0,244450512#4,1
9160.0,30620492#0,5
9160.0,30620492#1,4
9160.0,506322844#0,5
9160.0,594658757#0,1
9160.0,594658760#0,3
9160.0,:cluster655375336_end_0_655375336_end_1_655375336_end_10_655375336_end_11_#8more_21,1
9160.0,:cluster_9383263990_9383263991_9383263992_9383263993_13,1
9180.0,-593847703#3,3
9180.0,-E0,2
9180.0,1068234499#0,1
9180.0,244450512#5,1
9180.0,30620492#0,4
9180.0,30620492#1,5
9180.0,506322844#0,6
9200.0,-300077497#5,5
9200.0,-593847703#3,4
9200.0,244450512#5,1
9200.0,263217604#0,1
9200.0,30620492#0,4
9200.0,30620492#1,5
9220.0,-300077497#5,5
9220.0,-593847703#3,2
9220.0,244450512#5,1
9220.0,263217604#0,1
9220.0,30620492#0,4
9220.0,30620492#1,5
9220.0,:655375233_4,2
9240.0,-593847703#3,4
9240.0,182334378#0,1
9240.0,30620492#1,4
9240.0,506322844#0,5
9240.0,51362430,1
9240.0,594658760#0,1
9260.0,-593847703#3,4
9260.0,30620492#1,2
9260.0,484988951#0,1
9260.0,506322844#0,6
9260.0,594658760#0,1
9260.0,:cluster_9383263990_9383263991_9383263992_9383263993_13,1
9280.0,-300077497#5,1
9280.0,-300077497#8,1
9280.0,-593847703#3,4
9280.0,263217604#0,2
9280.0,30620492#1,2
9280.0,506322844#0,1
9280.0,51362429#0,1
9280.0,594658760#0,1
9280.0,:655375238_5,1
9280.0,:655375239_5,1
9300.0,-300077497#5,5
9300.0,-593847703#3,4
9300.0,263217604#0,2
9300.0,30620492#1,2
9300.0,594658760#0,1
9320.0,-300077497#5,1
9320.0,-593847703#3,6
9320.0,263217604#0,2
9320.0,506322844#0,1
9320.0,:cluster_2528018119_655375236_17,1
9320.0,:cluster_2528018119_655375236_31,1
9320.0,:cluster_9383263990_9383263991_9383263992_9383263993_13,1
9340.0,182334378#0,2
9340.0,506322844#0,2
9340.0,594658760#0,1
9340.0,:cluster655375336_end_0_655375336_end_1_655375336_end_10_655375336_end_11_#8more_17,1
9360.0,182334378#0,2
9360.0,506322844#0,2
9380.0,-300077497#5,1
9380.0,-E0,2
9380.0,263217604#0,1
9400.0,-300077497#5,1
9400.0,263217604#0,1
