time,edge_id,vehicle_count
60.0,-360018417,5
60.0,-51362429#1,1
60.0,-51362430,6
60.0,-593847703#3,7
60.0,-E0,18
60.0,1068234498#0,23
60.0,1068234499#0,2
60.0,1068440001,5
60.0,1068440004#1,17
60.0,1068440006#0,2
60.0,1334905223#0,1
60.0,182334378#0,18
60.0,196961377#0,7
60.0,238526531#0,1
60.0,244450512#1,3
60.0,260881642#0,4
60.0,263217603#0,2
60.0,288135626#0,2
60.0,300077497#0,1
60.0,30620492#0,15
60.0,30620492#1,5
60.0,360843888,1
60.0,484988951#0,4
60.0,48794887#0,2
60.0,49695736#0,2
60.0,506322840#0,1
60.0,506322841#3,1
60.0,506322842#0,2
60.0,506322844#0,6
60.0,506322846#2,12
60.0,51362429#0,9
60.0,593844221#0,1
60.0,593847703#0,1
60.0,593847704#0,1
60.0,593849711#2,8
60.0,594658762#0,9
60.0,668037874,1
60.0,:3086736518_0,1
60.0,:655375232_11,1
60.0,:656132414_2,1
60.0,:cluster11510670762_4554226152_0,1
60.0,:cluster3086736522_655375108_655375247_655375401_#1more_17,1
60.0,:cluster619136880_619136881_cluster_4510442270_5296993511_5296993513_619136931_#1more_12,1
60.0,:cluster655375228_655375240_0,1
60.0,:cluster655375228_655375240_2,1
60.0,:cluster655375336_end_0_655375336_end_1_655375336_end_10_655375336_end_11_#8more_12,2
60.0,:cluster655375336_end_0_655375336_end_1_655375336_end_10_655375336_end_11_#8more_25,2
60.0,:cluster_2528018119_655375236_3,1
60.0,:cluster_3208478133_655375293_655375296_9631728504_#1more_8,3
60.0,:cluster_5372642442_631668976_631668981_631669076_22,4
60.0,E0,2
80.0,-360018417,5
80.0,-51362429#1,1
80.0,-51362430,8
80.0,-593847703#3,2
80.0,-594658757#2,3
80.0,-E0,19
80.0,1068234498#0,19
80.0,1068234499#0,8
80.0,1068440001,6
80.0,1068440004#1,22
80.0,1068440006#0,2
80.0,1334905223#0,2
80.0,182334378#0,17
80.0,196961377#0,12
80.0,238526531#0,4
80.0,244450512#1,2
80.0,260881642#0,3
80.0,263217603#0,1
80.0,288135626#0,5
80.0,288135628#0,1
80.0,300077497#0,1
80.0,30620492#0,18
80.0,30620492#1,5
80.0,314800955,1
80.0,35274074#0,2
80.0,360843888,2
80.0,484988951#0,3
80.0,48794887#0,2
80.0,49073226#2,3
80.0,49695736#0,8
80.0,506322840#0,1
80.0,506322841#3,1
80.0,506322842#0,3
80.0,506322844#0,6
80.0,506322846#2,18
80.0,51362429#0,12
80.0,51392936#0,1
80.0,593844221#0,1
80.0,593847702#0,1
80.0,593847704#0,2
80.0,593849711#2,11
80.0,594658762#0,7
80.0,668037874,2
80.0,:2444664370_0,1
80.0,:3086736518_0,1
80.0,:3086736518_3,1
80.0,:655375233_4,1
80.0,:656132414_2,1
80.0,:cluster11510670762_4554226152_0,1
80.0,:cluster619136880_619136881_cluster_4510442270_5296993511_5296993513_619136931_#1more_12,1
80.0,:cluster655375228_655375240_0,1
80.0,:cluster655375336_end_0_655375336_end_1_655375336_end_10_655375336_end_11_#8more_12,2
80.0,:cluster655375336_end_0_655375336_end_1_655375336_end_10_655375336_end_11_#8more_40,1
80.0,:cluster_2664674491_655375287_655375288_5,1
80.0,:cluster_3208478133_655375293_655375296_9631728504_#1more_8,3
80.0,:cluster_3431431575_4777363357_655375231_6982059025_5,1
80.0,:cluster_5372642442_631668976_631668981_631669076_26,1
80.0,:cluster_5372642442_631668976_631668981_631669076_45,2
80.0,:cluster_9383263990_9383263991_9383263992_9383263993_0,1
80.0,E0,1
100.0,-300077497#5,1
100.0,-300077497#8,2
100.0,-35274074#2,1
100.0,-360018417,1
100.0,-51362430,11
100.0,-593847703#3,5
100.0,-594658757#2,7
100.0,-E0,19
100.0,1068234498#0,22
100.0,1068234499#0,7
100.0,1068440001,6
100.0,1068440004#1,19
100.0,1068440006#0,2
100.0,1334904386#0,2
100.0,182334378#0,14
100.0,196961377#0,15
100.0,238526531#0,2
100.0,244450512#1,3
100.0,260881642#0,3
100.0,263217603#0,1
100.0,263217604#0,1
100.0,288135626#0,6
100.0,288135628#0,1
100.0,288878926#0,3
100.0,300077497#0,2
100.0,30620492#0,18
100.0,30620492#1,5
100.0,35274074#0,1
100.0,360843888,2
100.0,484988951#0,4
100.0,48794887#0,1
100.0,49073226#2,1
100.0,49073272#4,3
100.0,49695736#0,7
100.0,506322841#4,1
100.0,506322842#0,1
100.0,506322844#0,1
100.0,506322846#0,3
100.0,506322846#2,4
100.0,506322848#0,3
100.0,506322851#0,4
100.0,51362429#0,16
100.0,593844221#0,1
100.0,593847702#0,6
100.0,593847704#0,4
100.0,593849711#2,14
100.0,593849718#0,1
100.0,594658760#0,1
100.0,594658762#0,8
100.0,668037874,3
100.0,:1973482489_8,1
100.0,:2444664370_0,1
100.0,:3086736518_0,1
100.0,:3208478121_0,1
100.0,:655375233_8,4
100.0,:655375239_5,1
100.0,:cluster11510670762_4554226152_0,1
100.0,:cluster619136880_619136881_cluster_4510442270_5296993511_5296993513_619136931_#1more_12,1
100.0,:cluster619136880_619136881_cluster_4510442270_5296993511_5296993513_619136931_#1more_8,1
100.0,:cluster655375336_end_0_655375336_end_1_655375336_end_10_655375336_end_11_#8more_10,2
100.0,:cluster655375336_end_0_655375336_end_1_655375336_end_10_655375336_end_11_#8more_25,1
100.0,:cluster_2038168688_655375573_17,1
100.0,:cluster_2038168688_655375573_21,1
100.0,:cluster_2528018119_655375236_12,2
100.0,:cluster_2528018119_655375236_20,1
100.0,:cluster_2528018119_655375236_32,1
100.0,:cluster_3208478133_655375293_655375296_9631728504_#1more_8,4
100.0,:cluster_9383263990_9383263991_9383263992_9383263993_7,2
100.0,E0,1
120.0,-300077497#5,7
120.0,-300077497#8,1
120.0,-35274074#2,5
120.0,-51362430,17
120.0,-593847703#3,8
120.0,-594658757#2,6
120.0,-E0,19
120.0,1068234498#0,29
120.0,1068234499#0,8
120.0,1068440001,6
120.0,1068440004#1,24
120.0,1334904386#0,3
120.0,182334378#0,18
120.0,196961377#0,23
120.0,232003903#0,3
120.0,244450512#1,2
120.0,260881642#0,3
120.0,263217603#0,1
120.0,263217604#0,1
120.0,288135626#0,4
120.0,288878926#0,4
120.0,300077497#0,8
120.0,300077497#6,1
120.0,303647015#0,1
120.0,30620492#0,18
120.0,30620492#1,5
120.0,35274074#0,1
120.0,360843888,2
120.0,484988951#0,4
120.0,48794887#0,2
120.0,49073272#4,1
120.0,49695736#0,1
120.0,506322841#4,1
120.0,506322842#0,1
120.0,506322844#0,3
120.0,506322846#0,1
120.0,506322846#2,2
120.0,506322851#0,1
120.0,506322851#2,1
120.0,506322853#0,3
120.0,51362429#0,17
120.0,51392936#0,1
120.0,593844221#0,1
120.0,593847702#0,7
120.0,593847704#0,2
120.0,593849711#2,18
120.0,593849718#0,3
120.0,594658762#0,13
120.0,668037874,1
120.0,:2444664370_0,2
120.0,:3086736518_0,1
120.0,:655375238_1,1
120.0,:655375238_5,1
120.0,:cluster11510670762_4554226152_0,1
120.0,:cluster3086736522_655375108_655375247_655375401_#1more_11,1
120.0,:cluster619136880_619136881_cluster_4510442270_5296993511_5296993513_619136931_#1more_12,1
120.0,:cluster619136880_619136881_cluster_4510442270_5296993511_5296993513_619136931_#1more_8,1
120.0,:cluster622618015_622618108_622618112_622618144_#2more_39,2
120.0,:cluster_2528018119_655375236_12,2
120.0,:cluster_2528018119_655375236_25,1
120.0,:cluster_3208478133_655375293_655375296_9631728504_#1more_8,5
120.0,:cluster_5372642442_631668976_631668981_631669076_36,1
120.0,E0,2
140.0,-300077497#5,6
140.0,-35274074#2,5
140.0,-360018417,4
140.0,-49073264#1,1
140.0,-51362430,16
140.0,-593847703#3,10
140.0,-E0,18
140.0,1068234498#0,35
140.0,1068234499#0,10
140.0,1068440001,8
140.0,1068440004#1,31
140.0,1334904386#0,3
140.0,182334378#0,22
140.0,196961377#0,19
140.0,244450512#1,2
140.0,244450512#4,2
140.0,263217603#0,1
140.0,263217604#0,1
140.0,288135626#0,3
140.0,288135628#0,1
140.0,288878926#0,4
140.0,300077497#0,6
140.0,303647015#0,6
140.0,30620492#0,18
140.0,30620492#1,4
140.0,35274074#0,4
140.0,360018417,1
140.0,484988951#0,4
140.0,48794887#0,2
140.0,49073272#4,3
140.0,49695736#0,7
140.0,506322841#4,1
140.0,506322842#0,5
140.0,506322844#0,7
140.0,506322846#0,1
140.0,506322846#2,4
140.0,506322853#0,3
140.0,51362429#0,13
140.0,51362430,2
140.0,593844216#0,1
140.0,593847702#0,7
140.0,593847703#0,1
140.0,593849711#2,20
140.0,594658762#0,16
140.0,668037874,4
140.0,:2444664370_0,2
140.0,:3086736518_0,1
140.0,:3086736518_6,1
140.0,:619136999_2,1
140.0,:655375232_2,3
140.0,:655375233_0,1
140.0,:655375238_6,1
140.0,:cluster11510670762_4554226152_0,2
140.0,:cluster619136880_619136881_cluster_4510442270_5296993511_5296993513_619136931_#1more_8,1
140.0,:cluster655375228_655375240_0,1
140.0,:cluster655375228_655375240_13,1
140.0,:cluster655375336_end_0_655375336_end_1_655375336_end_10_655375336_end_11_#8more_12,1
140.0,:cluster655375336_end_0_655375336_end_1_655375336_end_10_655375336_end_11_#8more_40,1
140.0,:cluster_2038168688_655375573_23,1
140.0,:cluster_2038168688_655375573_6,1
140.0,:cluster_2528018119_655375236_17,1
140.0,:cluster_2528018119_655375236_19,1
140.0,:cluster_9383263990_9383263991_9383263992_9383263993_13,1
140.0,E0,1
160.0,-186602412#3,1
160.0,-300077497#5,3
160.0,-35274074#2,4
160.0,-360018417,5
160.0,-49073264#1,1
160.0,-51362429#1,1
160.0,-51362430,18
160.0,-593847703#3,12
160.0,-593847704#2,3
160.0,-594658757#2,6
160.0,-E0,19
160.0,1068234498#0,30
160.0,1068234499#0,12
160.0,1068440001,8
160.0,1068440004#1,33
160.0,1334904386#0,6
160.0,1334905223#0,1
160.0,182334378#0,13
160.0,186602412#0,3
160.0,196961377#0,22
160.0,196961377#3,1
160.0,238526531#0,3
160.0,244450512#1,2
160.0,244450512#4,1
160.0,244450512#5,2
160.0,263217603#0,2
160.0,288135626#0,7
160.0,288135628#0,1
160.0,300077497#0,2
160.0,300077497#6,4
160.0,30620492#0,17
160.0,30620492#1,5
160.0,484988951#0,3
160.0,48794887#0,2
160.0,49695736#0,8
160.0,506322840#0,1
160.0,506322841#4,1
160.0,506322842#0,11
160.0,506322844#0,7
160.0,506322846#0,6
160.0,506322846#2,4
160.0,506322853#0,3
160.0,51362429#0,14
160.0,51392936#0,1
160.0,593844216#0,1
160.0,593847702#0,7
160.0,593847703#0,5
160.0,593847705,1
160.0,593849711#2,17
160.0,594658760#0,1
160.0,594658762#0,13
160.0,668037874,3
160.0,:1973482489_3,1
160.0,:2444664370_0,1
160.0,:3086736518_0,1
160.0,:3086736518_6,1
160.0,:655375232_2,3
160.0,:655375232_4,1
160.0,:655375232_6,2
160.0,:655375238_3,1
160.0,:cluster11510670762_4554226152_0,2
160.0,:cluster619136880_619136881_cluster_4510442270_5296993511_5296993513_619136931_#1more_12,1
160.0,:cluster619136880_619136881_cluster_4510442270_5296993511_5296993513_619136931_#1more_8,1
160.0,:cluster655375228_655375240_0,1
160.0,:cluster655375336_end_0_655375336_end_1_655375336_end_10_655375336_end_11_#8more_10,1
160.0,:cluster655375336_end_0_655375336_end_1_655375336_end_10_655375336_end_11_#8more_12,1
160.0,:cluster_2528018119_655375236_17,1
160.0,:cluster_2528018119_655375236_19,1
160.0,:cluster_3431431575_4777363357_655375231_6982059025_7,1
160.0,:cluster_5372642442_631668976_631668981_631669076_45,3
160.0,:cluster_9383263990_9383263991_9383263992_9383263993_0,1
160.0,:cluster_9383263990_9383263991_9383263992_9383263993_13,1
160.0,E0,1
180.0,-300077497#5,3
180.0,-35274074#2,4
180.0,-360018417,5
180.0,-49073264#1,1
180.0,-51362429#1,1
180.0,-51362430,19
180.0,-593847703#3,6
180.0,-594658757#2,10
180.0,-E0,19
180.0,1068234498#0,26
180.0,1068234499#0,12
180.0,1068440001,8
180.0,1068440004#1,33
180.0,1068440006#0,6
180.0,1334904386#0,9
180.0,1334905223#0,1
180.0,182334378#0,11
180.0,186602412#0,5
180.0,196961377#0,26
180.0,238526531#0,11
180.0,244450512#1,2
180.0,244450512#5,3
180.0,263217603#0,2
180.0,288135626#0,7
180.0,300077497#0,2
180.0,300077497#6,5
180.0,30620492#0,18
180.0,30620492#1,5
180.0,314800955,1
180.0,35274074#0,2
180.0,484988951#0,3
180.0,48794887#0,2
180.0,49073226#2,5
180.0,49695736#0,9
180.0,506322841#4,1
180.0,506322842#0,13
180.0,506322844#0,7
180.0,506322846#2,3
180.0,506322853#0,3
180.0,51362429#0,16
180.0,593844216#0,1
180.0,593847702#0,7
180.0,593847705,1
180.0,593849711#2,13
180.0,594658760#0,1
180.0,594658762#0,11
180.0,668037874,3
180.0,:2444664370_0,1
180.0,:3086736518_0,1
180.0,:3086736518_4,1
180.0,:3086736518_6,1
180.0,:655375232_2,3
180.0,:655375232_8,1
180.0,:655375233_4,4
180.0,:cluster11510670762_4554226152_0,2
180.0,:cluster655375228_655375240_13,1
180.0,:cluster655375336_end_0_655375336_end_1_655375336_end_10_655375336_end_11_#8more_40,1
180.0,:cluster_3431431575_4777363357_655375231_6982059025_5,1
180.0,:cluster_5372642442_631668976_631668981_631669076_45,2
180.0,:cluster_9383263990_9383263991_9383263992_9383263993_13,1
180.0,E0,2
200.0,-1334905223#2,3
200.0,-300077497#5,8
200.0,-300077497#8,1
200.0,-35274074#2,9
200.0,-49073264#1,1
200.0,-51362429#1,5
200.0,-51362430,19
200.0,-593847703#3,9
200.0,-594658757#2,11
200.0,-E0,19
200.0,1068234498#0,32
200.0,1068234499#0,9
200.0,1068440001,8
200.0,1068440004#1,27
200.0,1068440006#0,4
200.0,182334378#0,17
200.0,196961377#0,29
200.0,238526531#0,2
200.0,244450512#1,2
200.0,244450512#5,3
200.0,263217603#0,2
200.0,263217604#0,3
200.0,288135626#0,5
200.0,288135628#0,1
200.0,300077497#0,5
200.0,300077497#6,5
200.0,303647015#0,8
200.0,30620492#0,18
200.0,30620492#1,5
200.0,35274074#0,4
200.0,484988951#0,4
200.0,48794887#0,1
200.0,49073226#2,7
200.0,49073272#4,4
200.0,506322841#4,1
200.0,506322842#0,6
200.0,506322844#0,2
200.0,506322846#0,7
200.0,506322846#2,5
200.0,506322848#0,1
200.0,506322853#0,3
200.0,51362429#0,17
200.0,51362430,1
200.0,593842812#2,1
200.0,593844216#0,1
200.0,593847702#0,2
200.0,593847704#0,2
200.0,593847705,1
200.0,593849711#2,15
200.0,593849718#0,1
200.0,594658760#0,1
200.0,594658762#0,16
200.0,668037874,4
200.0,:1973482489_4,1
200.0,:2444664370_0,2
200.0,:3086736518_0,1
200.0,:3086736518_6,1
200.0,:655375232_2,3
200.0,:655375233_8,4
200.0,:655375238_1,1
200.0,:655375239_5,1
200.0,:cluster11510670762_4554226152_0,2
200.0,:cluster3086736522_655375108_655375247_655375401_#1more_8,1
200.0,:cluster655375336_end_0_655375336_end_1_655375336_end_10_655375336_end_11_#8more_40,1
200.0,:cluster_2038168688_655375573_17,1
200.0,:cluster_2038168688_655375573_21,1
200.0,:cluster_2038168688_655375573_25,1
200.0,:cluster_2528018119_655375236_12,2
200.0,:cluster_2528018119_655375236_20,1
200.0,:cluster_2528018119_655375236_25,1
200.0,:cluster_3431431575_4777363357_655375231_6982059025_3,1
200.0,:cluster_5372642442_631668976_631668981_631669076_36,1
200.0,:cluster_9383263990_9383263991_9383263992_9383263993_7,1
200.0,E0,2
220.0,-300077497#5,11
220.0,-35274074#2,12
220.0,-360018417,2
220.0,-51362429#1,5
220.0,-51362430,19
220.0,-593847703#3,10
220.0,-594658757#2,5
220.0,-E0,19
220.0,1068234498#0,35
220.0,1068234499#0,9
220.0,1068440001,8
220.0,1068440004#1,26
220.0,1239087514,1
220.0,1334904386#0,1
220.0,1334905223#0,1
220.0,182334378#0,24
220.0,196961377#0,23
220.0,196961377#3,2
220.0,232003903#0,1
220.0,244450512#1,2
220.0,244450512#5,3
220.0,263217603#0,2
220.0,263217604#0,4
220.0,288135626#0,8
220.0,288135628#0,1
220.0,300077497#0,9
220.0,300077497#6,1
220.0,303647015#0,4
220.0,30620492#0,18
220.0,30620492#1,5
220.0,35274074#0,6
220.0,484988951#0,5
220.0,48794887#0,2
220.0,49073226#2,8
220.0,49073272#4,1
220.0,506322841#4,1
220.0,506322842#0,3
220.0,506322844#0,5
220.0,506322846#0,2
220.0,506322846#2,3
220.0,506322851#0,2
220.0,506322851#2,1
220.0,506322853#0,3
220.0,51362429#0,17
220.0,51362430,2
220.0,593844216#0,1
220.0,593844221#0,1
220.0,593847702#0,10
220.0,593847705,1
220.0,593849711#2,16
220.0,593849718#0,1
220.0,594658762#0,21
220.0,668037874,4
220.0,:1973482489_4,1
220.0,:3086736518_0,1
220.0,:3086736518_6,1
220.0,:619136999_2,1
220.0,:655375232_2,3
220.0,:655375238_6,1
220.0,:655375239_3,1
220.0,:cluster11510670762_4554226152_0,2
220.0,:cluster3086736522_655375108_655375247_655375401_#1more_11,2
220.0,:cluster_2038168688_655375573_30,1
220.0,:cluster_2528018119_655375236_12,1
220.0,:cluster_2528018119_655375236_29,1
220.0,:cluster_5372642442_631668976_631668981_631669076_33,1
220.0,:cluster_5372642442_631668976_631668981_631669076_36,2
220.0,:cluster_5372642442_631668976_631668981_631669076_47,1
220.0,E0,2
240.0,-300077497#5,6
240.0,-35274074#2,12
240.0,-360018417,5
240.0,-51362429#1,5
240.0,-51362430,19
240.0,-593847703#3,12
240.0,-E0,19
240.0,1068234498#0,30
240.0,1068234499#0,17
240.0,1068440001,8
240.0,1068440004#1,33
240.0,1334904386#0,1
240.0,1334905223#0,2
240.0,182334378#0,26
240.0,196961377#0,20
240.0,232003903#0,2
240.0,238526531#0,1
240.0,244450512#1,2
240.0,260881642#0,3
240.0,263217603#0,1
240.0,288135626#0,4
240.0,300077497#0,1
240.0,300077497#6,3
240.0,303647015#0,5
240.0,30620492#0,18
240.0,30620492#1,5
240.0,35274074#0,2
240.0,360843888,1
240.0,484988951#0,5
240.0,48794887#0,1
240.0,49073226#2,8
240.0,506322841#4,1
240.0,506322842#0,7
240.0,506322844#0,5
240.0,506322846#0,4
240.0,506322846#2,6
240.0,506322853#0,7
240.0,51362429#0,17
240.0,51362430,6
240.0,593844216#0,1
240.0,593844221#0,1
240.0,593847702#0,10
240.0,593849711#2,16
240.0,594658757#0,2
240.0,594658760#0,1
240.0,594658762#0,20
240.0,668037874,4
240.0,:2444664370_0,2
240.0,:3086736518_0,1
240.0,:3086736518_6,1
240.0,:655375232_2,2
240.0,:655375233_0,2
240.0,:655375238_0,1
240.0,:655375239_3,2
240.0,:655375241_0,1
240.0,:cluster11510670762_4554226152_0,2
240.0,:cluster622618015_622618108_622618112_622618144_#2more_49,2
240.0,:cluster655375228_655375240_0,1
240.0,:cluster655375228_655375240_2,1
240.0,:cluster_2038168688_655375573_23,1
240.0,:cluster_2038168688_655375573_3,1
240.0,:cluster_2038168688_655375573_30,1
240.0,:cluster_2038168688_655375573_6,2
240.0,:cluster_2528018119_655375236_19,1
240.0,:cluster_5372642442_631668976_631668981_631669076_26,1
240.0,:cluster_5372642442_631668976_631668981_631669076_45,1
240.0,E0,1
240.0,E1,1
260.0,-1334905223#2,1
260.0,-35274074#2,12
260.0,-360018417,5
260.0,-51362429#1,5
260.0,-51362430,19
260.0,-593847703#3,18
260.0,-594658757#2,2
260.0,-E0,19
260.0,1068234498#0,22
260.0,1068234499#0,18
260.0,1068440001,8
260.0,1068440004#1,33
260.0,1334904386#0,2
260.0,1334905223#0,2
260.0,182334378#0,21
260.0,186602412#0,4
260.0,196961377#0,26
260.0,232003903#0,2
260.0,238526531#0,8
260.0,244450512#1,2
260.0,260881642#0,3
260.0,263217603#0,1
260.0,288135626#0,3
260.0,288135628#0,1
260.0,300077497#0,1
260.0,300077497#6,5
260.0,30620492#0,18
260.0,30620492#1,5
260.0,360843888,1
260.0,484988951#0,3
260.0,48794887#0,2
260.0,49073226#2,8
260.0,49695736#0,3
260.0,506322841#4,1
260.0,506322842#0,11
260.0,506322844#0,5
260.0,506322846#0,2
260.0,506322846#2,9
260.0,506322853#0,7
260.0,51362429#0,15
260.0,51362430,5
260.0,593844216#0,1
260.0,593844221#0,1
260.0,593847702#0,10
260.0,593847703#0,7
260.0,593847704#0,1
260.0,593849711#2,16
260.0,594658757#0,2
260.0,594658760#0,1
260.0,594658762#0,18
260.0,668037874,4
260.0,:1973482489_8,1
260.0,:2444664370_0,2
260.0,:3086736518_0,1
260.0,:655375232_2,1
260.0,:655375239_3,2
260.0,:cluster11510670762_4554226152_0,2
260.0,:cluster655375228_655375240_0,1
260.0,:cluster655375228_655375240_2,1
260.0,:cluster655375336_end_0_655375336_end_1_655375336_end_10_655375336_end_11_#8more_12,2
260.0,:cluster655375336_end_0_655375336_end_1_655375336_end_10_655375336_end_11_#8more_40,1
260.0,:cluster_2038168688_655375573_24,1
260.0,:cluster_2038168688_655375573_6,1
260.0,:cluster_2528018119_655375236_3,1
260.0,:cluster_2664674491_655375287_655375288_5,1
260.0,:cluster_5372642442_631668976_631668981_631669076_22,1
260.0,:cluster_5372642442_631668976_631668981_631669076_26,1
260.0,:cluster_5372642442_631668976_631668981_631669076_45,2
260.0,E0,1
260.0,E1,1
280.0,-300077497#5,1
280.0,-300077497#8,1
280.0,-35274074#2,12
280.0,-360018417,1
280.0,-51362429#1,9
280.0,-51362430,19
280.0,-593847703#3,17
280.0,-594658757#2,6
280.0,-E0,19
280.0,-E1,1
280.0,1068234498#0,20
280.0,1068234499#0,13
280.0,1068440001,8
280.0,1068440004#1,33
280.0,1068440006#0,1
280.0,1334904386#0,4
280.0,182334378#0,13
280.0,186602412#0,3
280.0,196961377#0,27
280.0,232003903#0,2
280.0,238526531#0,9
280.0,244450512#1,2
280.0,260881642#0,3
280.0,263217603#0,1
280.0,288135626#0,6
280.0,288135628#0,1
280.0,300077497#0,4
280.0,300077497#6,5
280.0,303647015#0,2
280.0,30620492#0,18
280.0,30620492#1,5
280.0,314800955,1
280.0,360843888,1
280.0,484988951#0,4
280.0,48794887#0,2
280.0,49073226#2,8
280.0,49073272#4,3
280.0,506322841#4,1
280.0,506322842#0,7
280.0,506322844#0,2
280.0,506322846#0,5
280.0,506322846#2,2
280.0,506322848#0,2
280.0,506322851#0,2
280.0,506322853#0,7
280.0,51362429#0,16
280.0,51362430,3
280.0,593844216#0,1
280.0,593844221#0,1
280.0,593847702#0,2
280.0,593847703#0,6
280.0,593847704#0,1
280.0,593849711#2,12
280.0,593849718#0,3
280.0,594658757#0,2
280.0,594658760#0,1
280.0,594658762#0,21
280.0,668037874,4
280.0,:2444664370_0,2
280.0,:3086736518_0,1
280.0,:3086736518_4,1
280.0,:3208478121_0,1
280.0,:655375232_2,1
280.0,:655375233_2,1
280.0,:655375238_5,1
280.0,:655375239_5,1
280.0,:cluster11510670762_4554226152_0,2
280.0,:cluster3086736522_655375108_655375247_655375401_#1more_8,1
280.0,:cluster622618015_622618108_622618112_622618144_#2more_31,5
280.0,:cluster655375336_end_0_655375336_end_1_655375336_end_10_655375336_end_11_#8more_10,1
280.0,:cluster655375336_end_0_655375336_end_1_655375336_end_10_655375336_end_11_#8more_12,1
280.0,:cluster655375336_end_0_655375336_end_1_655375336_end_10_655375336_end_11_#8more_40,1
280.0,:cluster_2038168688_655375573_9,1
280.0,:cluster_2528018119_655375236_12,1
280.0,:cluster_2528018119_655375236_25,1
280.0,:cluster_2528018119_655375236_29,1
280.0,:cluster_2528018119_655375236_33,1
280.0,:cluster_2528018119_655375236_9,1
280.0,:cluster_9383263990_9383263991_9383263992_9383263993_7,1
280.0,E0,1
300.0,-1334905223#2,3
300.0,-300077497#5,8
300.0,-300077497#8,1
300.0,-35274074#2,12
300.0,-51362429#1,10
300.0,-51362430,19
300.0,-593847703#3,21
300.0,-594658757#2,7
300.0,-E0,19
300.0,-E1,1
300.0,1068234498#0,28
300.0,1068234499#0,9
300.0,1068440001,8
300.0,1068440004#1,31
300.0,1068440006#0,1
300.0,1334904386#0,6
300.0,182334378#0,18
300.0,196961377#0,27
300.0,232003903#0,2
300.0,238526531#0,6
300.0,244450512#1,3
300.0,260881642#0,2
300.0,263217603#0,1
300.0,263217604#0,1
300.0,288135626#0,3
300.0,300077497#0,12
300.0,300077497#6,5
300.0,303647015#0,4
300.0,30620492#0,18
300.0,30620492#1,5
300.0,360843888,1
300.0,484988951#0,5
300.0,48794887#0,1
300.0,49073226#2,8
300.0,49073272#4,1
300.0,506322840#0,1
300.0,506322842#0,10
300.0,506322844#0,3
300.0,506322846#0,2
300.0,506322846#2,2
300.0,506322851#0,3
300.0,506322853#0,9
300.0,51362429#0,16
300.0,51362430,2
300.0,593842812#0,1
300.0,593844221#0,1
300.0,593847702#0,1
300.0,593847703#0,6
300.0,593849711#2,15
300.0,594658757#0,2
300.0,594658760#0,1
300.0,594658762#0,26
300.0,668037874,4
300.0,:3086736518_0,1
300.0,:655375232_2,1
300.0,:655375233_8,2
300.0,:655375241_0,1
300.0,:cluster11510670762_4554226152_0,2
300.0,:cluster3086736522_655375108_655375247_655375401_#1more_11,1
300.0,:cluster622618015_622618108_622618112_622618144_#2more_39,1
300.0,:cluster_2528018119_655375236_12,1
300.0,:cluster_2528018119_655375236_29,1
300.0,E0,1
320.0,-300077497#5,10
320.0,-35274074#2,12
320.0,-360018417,5
320.0,-51362429#1,10
320.0,-51362430,19
320.0,-593847703#3,21
320.0,-E0,19
320.0,1068234498#0,35
320.0,1068234499#0,9
320.0,1068440001,8
320.0,1068440004#1,23
320.0,1068440006#0,1
320.0,1334904386#0,6
320.0,182334378#0,22
320.0,196961377#0,20
320.0,238526531#0,6
320.0,244450512#1,3
320.0,244450512#5,1
320.0,263217604#0,1
320.0,300077497#0,13
320.0,300077497#6,2
320.0,303647015#0,6
320.0,30620492#0,18
320.0,30620492#1,5
320.0,35274074#0,1
320.0,484988951#0,5
320.0,49073226#2,8
320.0,49073272#4,2
320.0,506322842#0,7
320.0,506322844#0,7
320.0,506322846#2,6
320.0,506322853#0,12
320.0,51362429#0,16
320.0,51362430,5
320.0,593842812#2,1
320.0,593844221#0,1
320.0,593847702#0,12
320.0,593847703#0,2
320.0,593849711#2,15
320.0,594658757#0,2
320.0,594658760#0,1
320.0,594658762#0,24
320.0,668037874,4
320.0,:1973482489_4,1
320.0,:3086736518_0,1
320.0,:655375232_2,1
320.0,:655375239_3,1
320.0,:656132414_3,1
320.0,:cluster11510670762_4554226152_0,2
320.0,:cluster655375228_655375240_13,1
320.0,:cluster655375228_655375240_2,1
320.0,:cluster655375336_end_0_655375336_end_1_655375336_end_10_655375336_end_11_#8more_12,1
320.0,:cluster655375336_end_0_655375336_end_1_655375336_end_10_655375336_end_11_#8more_40,2
320.0,:cluster_2528018119_655375236_3,2
340.0,-300077497#5,12
340.0,-35274074#2,9
340.0,-360018417,5
340.0,-51362429#1,8
340.0,-51362430,19
340.0,-593847703#3,21
340.0,-594658757#2,6
340.0,-E0,18
340.0,1068234498#0,26
340.0,1068234499#0,12
340.0,1068440001,8
340.0,1068440004#1,31
340.0,1068440006#0,1
340.0,1334904386#0,10
340.0,1334905223#0,2
340.0,182334378#0,18
340.0,196961377#0,22
340.0,238526531#0,11
340.0,244450512#1,3
340.0,244450512#4,1
340.0,244450512#5,1
340.0,288135626#0,1
340.0,288878926#0,4
340.0,300077497#0,10
340.0,300077497#6,5
340.0,30620492#0,18
340.0,30620492#1,5
340.0,484988951#0,4
340.0,49073226#2,2
340.0,506322840#0,1
340.0,506322842#0,7
340.0,506322844#0,7
340.0,506322846#0,1
340.0,506322846#2,12
340.0,506322853#0,12
340.0,51362429#0,17
340.0,51362430,6
340.0,593842812#2,1
340.0,593844221#0,1
340.0,593847702#0,12
340.0,593849711#2,15
340.0,594658757#0,2
340.0,594658760#0,1
340.0,594658762#0,16
340.0,668037874,5
340.0,:3086736518_0,1
340.0,:3086736518_6,1
340.0,:655375232_2,1
340.0,:cluster11510670762_4554226152_0,2
340.0,:cluster619136880_619136881_cluster_4510442270_5296993511_5296993513_619136931_#1more_12,1
340.0,:cluster622618015_622618108_622618112_622618144_#2more_45,1
340.0,:cluster655375228_655375240_0,2
340.0,:cluster655375336_end_0_655375336_end_1_655375336_end_10_655375336_end_11_#8more_12,2
340.0,:cluster_3431431575_4777363357_655375231_6982059025_3,2
340.0,:cluster_5372642442_631668976_631668981_631669076_45,2
340.0,:cluster_623980147_623980152_4,1
360.0,-300077497#5,9
360.0,-35274074#2,9
360.0,-360018417,5
360.0,-51362430,19
360.0,-593847703#3,24
360.0,-593847704#2,1
360.0,-594658757#2,10
360.0,-E0,19
360.0,1068234498#0,20
360.0,1068234499#0,14
360.0,1068440001,8
360.0,1068440004#1,33
360.0,1068440006#0,1
360.0,1334904386#0,14
360.0,1334905223#0,2
360.0,182334378#0,13
360.0,186602412#0,1
360.0,196961377#0,26
360.0,238526531#0,16
360.0,244450512#1,3
360.0,244450512#5,2
360.0,288135626#0,3
360.0,288878926#0,8
360.0,300077497#0,10
360.0,300077497#6,5
360.0,30620492#0,18
360.0,30620492#1,5
360.0,484988951#0,3
360.0,49073226#2,5
360.0,506322842#0,7
360.0,506322844#0,7
360.0,506322846#2,18
360.0,506322853#0,12
360.0,51362429#0,13
360.0,51362430,4
360.0,593842812#2,1
360.0,593847702#0,12
360.0,593847703#0,7
360.0,593849711#2,17
360.0,594658757#0,2
360.0,594658760#0,1
360.0,594658762#0,11
360.0,668037874,4
360.0,:3086736518_0,1
360.0,:3086736518_6,1
360.0,:655375232_2,1
360.0,:655375233_0,2
360.0,:cluster11510670762_4554226152_0,2
360.0,:cluster655375336_end_0_655375336_end_1_655375336_end_10_655375336_end_11_#8more_30,1
360.0,:cluster655375336_end_0_655375336_end_1_655375336_end_10_655375336_end_11_#8more_40,2
360.0,:cluster655375336_end_0_655375336_end_1_655375336_end_10_655375336_end_11_#8more_6,2
360.0,:cluster_3431431575_4777363357_655375231_6982059025_3,1
360.0,:cluster_3431431575_4777363357_655375231_6982059025_5,1
360.0,:cluster_5372642442_631668976_631668981_631669076_45,1
380.0,-300077497#5,15
380.0,-300077497#8,1
380.0,-35274074#2,12
380.0,-51362429#1,3
380.0,-51362430,19
380.0,-593847703#3,26
380.0,-594658757#2,12
380.0,-E0,19
380.0,1068234498#0,26
380.0,1068234499#0,6
380.0,1068440001,8
380.0,1068440004#1,34
380.0,1068440006#0,2
380.0,1239087514,1
380.0,1334904386#0,1
380.0,182334378#0,18
380.0,196961377#0,27
380.0,238526531#0,8
380.0,244450512#1,3
380.0,244450512#5,2
380.0,263217604#0,2
380.0,288878926#0,14
380.0,300077497#0,16
380.0,300077497#6,5
380.0,303647015#0,13
380.0,30620492#0,18
380.0,30620492#1,5
380.0,484988951#0,4
380.0,49073226#2,6
380.0,49073272#4,4
380.0,506322840#0,3
380.0,506322842#0,3
380.0,506322844#0,2
380.0,506322846#0,2
380.0,506322846#2,2
380.0,506322848#0,1
380.0,506322851#0,2
380.0,506322851#2,1
380.0,506322853#0,12
380.0,51362429#0,15
380.0,51362430,2
380.0,593844221#0,1
380.0,593847703#0,6
380.0,593849711#2,12
380.0,593849718#0,6
380.0,594658757#0,2
380.0,594658760#0,1
380.0,594658762#0,11
380.0,668037874,4
380.0,:2444664370_0,1
380.0,:3086736518_0,1
380.0,:3086736518_6,1
380.0,:655375232_2,1
380.0,:655375233_4,1
380.0,:655375239_5,1
380.0,:655375241_0,2
380.0,:cluster11510670762_4554226152_0,2
380.0,:cluster3086736522_655375108_655375247_655375401_#1more_8,2
380.0,:cluster655375336_end_0_655375336_end_1_655375336_end_10_655375336_end_11_#8more_46,1
380.0,:cluster_2038168688_655375573_17,1
380.0,:cluster_2038168688_655375573_30,1
380.0,:cluster_2528018119_655375236_12,1
380.0,:cluster_2528018119_655375236_29,1
400.0,-300077497#5,19
400.0,-35274074#2,12
400.0,-360018417,2
400.0,-51362429#1,3
400.0,-51362430,19
400.0,-593847703#3,22
400.0,-594658757#2,7
400.0,-E0,20
400.0,1068234498#0,33
400.0,1068234499#0,7
400.0,1068440001,8
400.0,1068440004#1,34
400.0,1239087514,1
400.0,1334904386#0,2
400.0,182334378#0,22
400.0,196961377#0,23
400.0,232003903#0,1
400.0,238526531#0,8
400.0,244450512#1,3
400.0,244450512#5,2
400.0,263217604#0,2
400.0,288135626#0,1
400.0,288878926#0,14
400.0,300077497#0,16
400.0,300077497#6,2
400.0,303647015#0,4
400.0,30620492#0,18
400.0,30620492#1,5
400.0,484988951#0,4
400.0,49073226#2,9
400.0,49073272#4,1
400.0,506322842#0,3
400.0,506322844#0,5
400.0,506322846#2,2
400.0,506322853#0,15
400.0,51362429#0,17
400.0,51362430,2
400.0,593844221#0,1
400.0,593847702#0,1
400.0,593847703#0,6
400.0,593847704#0,2
400.0,593849711#2,16
400.0,594658757#0,2
400.0,594658760#0,1
400.0,594658762#0,11
400.0,668037874,4
400.0,:3086736518_0,1
400.0,:3086736518_6,1
400.0,:619136999_2,1
400.0,:655375232_2,1
400.0,:655375238_0,1
400.0,:655375239_3,1
400.0,:cluster11510670762_4554226152_0,2
400.0,:cluster3086736522_655375108_655375247_655375401_#1more_11,2
400.0,:cluster_2038168688_655375573_30,1
400.0,:cluster_5372642442_631668976_631668981_631669076_47,2
420.0,-300077497#5,18
420.0,-35274074#2,12
420.0,-360018417,5
420.0,-51362429#1,3
420.0,-51362430,19
420.0,-593847703#3,23
420.0,-593847704#2,1
420.0,-594658757#2,2
420.0,-E0,20
420.0,1068234498#0,30
420.0,1068234499#0,9
420.0,1068440001,8
420.0,1068440004#1,23
420.0,1334904386#0,2
420.0,1334905223#0,2
420.0,182334378#0,26
420.0,196961377#0,20
420.0,232003903#0,1
420.0,238526531#0,8
420.0,244450512#1,3
420.0,260881642#0,3
420.0,288135626#0,4
420.0,288878926#0,11
420.0,300077497#0,13
420.0,303647015#0,5
420.0,30620492#0,18
420.0,30620492#1,5
420.0,35274074#0,3
420.0,360843888,1
420.0,484988951#0,5
420.0,49073226#2,9
420.0,506322842#0,3
420.0,506322844#0,5
420.0,506322846#2,3
420.0,506322853#0,15
420.0,51362429#0,17
420.0,51362430,4
420.0,593844221#0,1
420.0,593847702#0,12
420.0,593847704#0,1
420.0,593849711#0,1
420.0,593849711#2,16
420.0,594658757#0,2
420.0,594658760#0,1
420.0,594658762#0,6
420.0,668037874,4
420.0,:2444664370_0,1
420.0,:3086736518_0,1
420.0,:3086736518_6,1
420.0,:655375232_2,1
420.0,:655375238_6,1
420.0,:cluster11510670762_4554226152_0,2
420.0,:cluster3086736522_655375108_655375247_655375401_#1more_17,1
420.0,:cluster622618015_622618108_622618112_622618144_#2more_45,1
420.0,:cluster655375228_655375240_2,1
420.0,:cluster_2038168688_655375573_23,1
420.0,:cluster_2038168688_655375573_30,1
420.0,:cluster_2038168688_655375573_6,1
420.0,:cluster_5372642442_631668976_631668981_631669076_45,1
440.0,-300077497#5,18
440.0,-35274074#2,11
440.0,-360018417,5
440.0,-51362429#1,3
440.0,-51362430,18
440.0,-593847703#3,23
440.0,-594658757#2,2
440.0,-E0,20
440.0,1068234498#0,25
440.0,1068234499#0,13
440.0,1068440001,6
440.0,1068440004#1,31
440.0,1334904386#0,2
440.0,182334378#0,23
440.0,186602412#0,1
440.0,196961377#0,26
440.0,232003903#0,1
440.0,238526531#0,15
440.0,244450512#1,3
440.0,260881642#0,3
440.0,288878926#0,5
440.0,300077497#0,9
440.0,300077497#6,5
440.0,30620492#0,18
440.0,30620492#1,5
440.0,360843888,2
440.0,484988951#0,5
440.0,49073226#2,9
440.0,506322840#0,2
440.0,506322842#0,3
440.0,506322844#0,5
440.0,506322846#0,2
440.0,506322846#2,2
440.0,506322853#0,14
440.0,51362429#0,17
440.0,51362430,4
440.0,593844221#0,1
440.0,593847702#0,12
440.0,593847704#0,1
440.0,593849711#2,16
440.0,594658757#0,1
440.0,594658760#0,1
440.0,668037874,4
440.0,:1973482489_3,1
440.0,:2444664370_0,1
440.0,:3086736518_0,1
440.0,:3086736518_6,1
440.0,:655375232_2,1
440.0,:656132414_2,1
440.0,:cluster11510670762_4554226152_0,2
440.0,:cluster655375336_end_0_655375336_end_1_655375336_end_10_655375336_end_11_#8more_12,2
440.0,:cluster655375336_end_0_655375336_end_1_655375336_end_10_655375336_end_11_#8more_25,1
440.0,:cluster655375336_end_0_655375336_end_1_655375336_end_10_655375336_end_11_#8more_6,1
440.0,:cluster_2038168688_655375573_30,1
440.0,:cluster_2038168688_655375573_6,2
440.0,:cluster_3208478133_655375293_655375296_9631728504_#1more_8,1
440.0,:cluster_5372642442_631668976_631668981_631669076_45,2
460.0,-300077497#5,20
460.0,-300077497#8,1
460.0,-35274074#2,12
460.0,-360018417,1
460.0,-51362429#1,3
460.0,-51362430,17
460.0,-593847703#3,24
460.0,-594658757#2,9
460.0,-E0,20
460.0,1068234498#0,24
460.0,1068234499#0,8
460.0,1068440001,8
460.0,1068440004#1,33
460.0,1334904386#0,1
460.0,182334378#0,15
460.0,186602412#0,1
460.0,196961377#0,27
460.0,232003903#0,2
460.0,238526531#0,16
460.0,244450512#1,2
460.0,260881642#0,4
460.0,288878926#0,5
460.0,300077497#0,12
460.0,300077497#6,5
460.0,303647015#0,2
460.0,30620492#0,16
460.0,30620492#1,5
460.0,360843888,2
460.0,484988951#0,3
460.0,49073226#2,9
460.0,49073272#4,3
460.0,506322842#0,4
460.0,506322844#0,2
460.0,506322846#0,1
460.0,506322846#2,2
460.0,506322848#0,2
460.0,506322853#0,14
460.0,51362429#0,12
460.0,51362430,4
460.0,593844221#0,1
460.0,593847702#0,4
460.0,593847703#0,5
460.0,593847704#0,1
460.0,593849711#2,17
460.0,593849718#0,2
460.0,594658757#0,1
460.0,594658760#0,1
460.0,668037874,5
460.0,:1973482489_8,1
460.0,:2444664370_0,1
460.0,:3086736518_0,1
460.0,:3086736518_6,1
460.0,:3208478121_0,1
460.0,:655375232_2,1
460.0,:655375233_0,2
460.0,:655375238_5,1
460.0,:655375239_5,1
460.0,:cluster11510670762_4554226152_0,2
460.0,:cluster622618015_622618108_622618112_622618144_#2more_31,6
460.0,:cluster655375336_end_0_655375336_end_1_655375336_end_10_655375336_end_11_#8more_10,1
460.0,:cluster655375336_end_0_655375336_end_1_655375336_end_10_655375336_end_11_#8more_12,1
460.0,:cluster_2038168688_655375573_9,1
460.0,:cluster_2528018119_655375236_12,1
460.0,:cluster_2528018119_655375236_29,1
460.0,:cluster_3208478133_655375293_655375296_9631728504_#1more_8,1
460.0,:cluster_3431431575_4777363357_655375231_6982059025_7,1
460.0,:cluster_9383263990_9383263991_9383263992_9383263993_7,1
480.0,-1334905223#2,1
480.0,-300077497#5,24
480.0,-300077497#8,1
480.0,-35274074#2,12
480.0,-51362429#1,5
480.0,-51362430,17
480.0,-593847703#3,24
480.0,-594658757#2,12
480.0,-E0,20
480.0,1068234498#0,29
480.0,1068234499#0,9
480.0,1068440001,9
480.0,1068440004#1,33
480.0,1068440006#0,2
480.0,1334904386#0,4
480.0,182334378#0,13
480.0,196961377#0,27
480.0,232003903#0,2
480.0,238526531#0,16
480.0,244450512#1,3
480.0,260881642#0,2
480.0,263217604#0,4
480.0,288878926#0,5
480.0,300077497#0,14
480.0,300077497#6,5
480.0,303647015#0,1
480.0,30620492#0,18
480.0,30620492#1,5
480.0,360843888,2
480.0,484988951#0,4
480.0,49073226#2,13
480.0,506322842#0,3
480.0,506322844#0,3
480.0,506322846#2,4
480.0,506322853#0,14
480.0,51362429#0,14
480.0,593844221#0,1
480.0,593847703#0,9
480.0,593847704#0,1
480.0,593847705,1
480.0,593849711#2,12
480.0,594658757#0,1
480.0,594658760#0,1
480.0,668037874,5
480.0,:655375232_11,1
480.0,:655375232_2,1
480.0,:cluster11510670762_4554226152_0,2
480.0,:cluster3086736522_655375108_655375247_655375401_#1more_11,1
480.0,:cluster622618015_622618108_622618112_622618144_#2more_39,1
480.0,:cluster655375336_end_0_655375336_end_1_655375336_end_10_655375336_end_11_#8more_10,1
480.0,:cluster655375336_end_0_655375336_end_1_655375336_end_10_655375336_end_11_#8more_12,1
480.0,:cluster_3208478133_655375293_655375296_9631728504_#1more_8,1
500.0,-300077497#5,25
500.0,-35274074#2,12
500.0,-360018417,4
500.0,-51362429#1,9
500.0,-51362430,19
500.0,-593847703#3,19
500.0,-594658757#2,3
500.0,-E0,20
500.0,1068234498#0,33
500.0,1068234499#0,9
500.0,1068440001,9
500.0,1068440004#1,33
500.0,1239087514,2
500.0,1334904386#0,5
500.0,182334378#0,18
500.0,182334379#0,1
500.0,196961377#0,19
500.0,238526531#0,16
500.0,244450512#1,3
500.0,244450512#5,1
500.0,263217604#0,4
500.0,288878926#0,5
500.0,300077497#0,10
500.0,303647015#0,8
500.0,30620492#0,18
500.0,30620492#1,5
500.0,35274074#0,1
500.0,484988951#0,4
500.0,49073226#2,13
500.0,49073272#4,3
500.0,506322842#0,3
500.0,506322844#0,6
500.0,506322846#2,2
500.0,506322853#0,14
500.0,51362429#0,14
500.0,51362430,2
500.0,593844221#0,1
500.0,593847703#0,2
500.0,593847705,1
500.0,593849711#2,15
500.0,594658757#0,1
500.0,594658760#0,1
500.0,668037874,5
500.0,:2444664370_0,1
500.0,:3086736518_3,1
500.0,:3086736518_4,1
500.0,:3208478128_0,1
500.0,:619136999_2,1
500.0,:655375232_2,1
500.0,:655375238_6,1
500.0,:655375239_3,1
500.0,:cluster11510670762_4554226152_0,2
500.0,:cluster3086736522_655375108_655375247_655375401_#1more_11,2
500.0,:cluster_2528018119_655375236_3,2
500.0,:cluster_3208478133_655375293_655375296_9631728504_#1more_8,1
520.0,-300077497#5,25
520.0,-35274074#2,12
520.0,-360018417,5
520.0,-51362429#1,9
520.0,-51362430,19
520.0,-593847703#3,19
520.0,-593847704#2,3
520.0,-594658757#2,7
520.0,-E0,20
520.0,1068234498#0,26
520.0,1068234499#0,11
520.0,1068440001,9
520.0,1068440004#1,21
520.0,1239087514,1
520.0,1334904386#0,7
520.0,182334378#0,7
520.0,196961377#0,21
520.0,238526531#0,18
520.0,244450512#1,3
520.0,244450512#4,1
520.0,244450512#5,2
520.0,288135626#0,2
520.0,300077497#0,5
520.0,300077497#6,4
520.0,303647015#0,1
520.0,30620492#0,18
520.0,30620492#1,5
520.0,484988951#0,5
520.0,49073226#2,13
520.0,506322842#0,3
520.0,506322844#0,6
520.0,506322846#0,5
520.0,506322846#2,2
520.0,506322853#0,14
520.0,51362429#0,14
520.0,51362430,4
520.0,593844221#0,1
520.0,593847702#0,10
520.0,593847705,1
520.0,593849711#2,16
520.0,594658757#0,1
520.0,594658760#0,3
520.0,668037874,3
520.0,:2444664370_0,2
520.0,:3086736518_3,1
520.0,:3086736518_4,1
520.0,:655375232_2,1
520.0,:655375233_8,2
520.0,:655375238_1,1
520.0,:656132414_3,1
520.0,:cluster11510670762_4554226152_0,2
520.0,:cluster619136880_619136881_cluster_4510442270_5296993511_5296993513_619136931_#1more_12,1
520.0,:cluster619136880_619136881_cluster_4510442270_5296993511_5296993513_619136931_#1more_8,1
520.0,:cluster655375336_end_0_655375336_end_1_655375336_end_10_655375336_end_11_#8more_10,1
520.0,:cluster655375336_end_0_655375336_end_1_655375336_end_10_655375336_end_11_#8more_12,1
520.0,:cluster_2038168688_655375573_3,1
520.0,:cluster_2664674491_655375287_655375288_1,1
520.0,:cluster_3208478133_655375293_655375296_9631728504_#1more_8,1
520.0,:cluster_5372642442_631668976_631668981_631669076_26,1
520.0,:cluster_5372642442_631668976_631668981_631669076_45,1
540.0,-300077497#5,24
540.0,-35274074#2,12
540.0,-360018417,5
540.0,-51362429#1,9
540.0,-51362430,19
540.0,-593847703#3,20
540.0,-594658757#2,12
540.0,-E0,20
540.0,1068234498#0,23
540.0,1068234499#0,14
540.0,1068440001,9
540.0,1068440004#1,26
540.0,1334904386#0,10
540.0,186602412#0,5
540.0,196961377#0,26
540.0,238526531#0,25
540.0,244450512#1,3
540.0,244450512#5,3
540.0,288135626#0,1
540.0,300077497#6,4
540.0,30620492#0,18
540.0,30620492#1,5
540.0,35274074#0,2
540.0,484988951#0,5
540.0,49073226#2,13
540.0,506322842#0,3
540.0,506322844#0,6
540.0,506322846#0,3
540.0,506322846#2,3
540.0,506322853#0,14
540.0,51362429#0,14
540.0,51362430,6
540.0,593844221#0,1
540.0,593847702#0,12
540.0,593847705,1
540.0,593849711#2,17
540.0,594658757#0,1
540.0,594658760#0,3
540.0,668037874,4
540.0,:2444664370_0,1
540.0,:3086736518_3,1
540.0,:3086736518_4,1
540.0,:3208478128_0,1
540.0,:655375232_2,1
540.0,:cluster11510670762_4554226152_0,2
540.0,:cluster655375336_end_0_655375336_end_1_655375336_end_10_655375336_end_11_#8more_40,1
540.0,:cluster_2038168688_655375573_23,1
540.0,:cluster_3208478133_655375293_655375296_9631728504_#1more_8,1
540.0,:cluster_5372642442_631668976_631668981_631669076_45,1
560.0,-1334905223#2,1
560.0,-300077497#5,26
560.0,-300077497#8,3
560.0,-35274074#2,12
560.0,-51362429#1,9
560.0,-51362430,19
560.0,-593847703#3,20
560.0,-594658757#2,12
560.0,-E0,20
560.0,1068234498#0,24
560.0,1068234499#0,9
560.0,1068440001,9
560.0,1068440004#1,33
560.0,186602412#0,4
560.0,196961377#0,28
560.0,238526531#0,22
560.0,244450512#1,3
560.0,244450512#5,3
560.0,263217604#0,1
560.0,300077497#0,5
560.0,300077497#6,4
560.0,303647015#0,10
560.0,30620492#0,18
560.0,30620492#1,5
560.0,35274074#0,2
560.0,484988951#0,5
560.0,49073226#2,12
560.0,49073272#4,4
560.0,506322840#0,2
560.0,506322842#0,3
560.0,506322844#0,4
560.0,506322846#2,2
560.0,506322853#0,14
560.0,51362429#0,6
560.0,51362430,6
560.0,593844221#0,1
560.0,593847703#0,3
560.0,593849711#2,19
560.0,593849718#0,6
560.0,594658757#0,1
560.0,594658760#0,2
560.0,668037874,4
560.0,:2444664370_0,1
560.0,:3086736518_0,1
560.0,:3086736518_3,1
560.0,:3086736518_4,1
560.0,:3208478128_0,1
560.0,:655375232_2,2
560.0,:655375233_0,1
560.0,:655375238_5,1
560.0,:655375241_0,1
560.0,:cluster11510670762_4554226152_0,2
560.0,:cluster3086736522_655375108_655375247_655375401_#1more_8,1
560.0,:cluster_2528018119_655375236_29,1
560.0,:cluster_3208478133_655375293_655375296_9631728504_#1more_8,1
560.0,:cluster_623980147_623980152_9,1
580.0,-300077497#5,27
580.0,-300077497#8,4
580.0,-35274074#2,12
580.0,-360018417,2
580.0,-51362429#1,8
580.0,-51362430,19
580.0,-593847703#3,20
580.0,-594658757#2,6
580.0,-E0,20
580.0,1068234498#0,31
580.0,1068234499#0,9
580.0,1068440001,9
580.0,1068440004#1,34
580.0,1068440006#0,2
580.0,196961377#0,23
580.0,196961377#3,1
580.0,238526531#0,22
580.0,244450512#1,3
580.0,244450512#5,3
580.0,263217604#0,1
580.0,288878926#0,7
580.0,300077497#0,3
580.0,300077497#6,2
580.0,303647015#0,4
580.0,30620492#0,18
580.0,30620492#1,5
580.0,35274074#0,2
580.0,484988951#0,4
580.0,49073226#2,5
580.0,49073272#4,1
580.0,506322842#0,3
580.0,506322844#0,5
580.0,506322846#2,2
580.0,506322853#0,14
580.0,51362429#0,4
580.0,51362430,6
580.0,593844221#0,1
580.0,593847703#0,7
580.0,593847705,1
580.0,593849711#2,17
580.0,594658757#0,1
580.0,594658760#0,1
580.0,668037874,4
580.0,:2444664370_0,1
580.0,:3086736518_3,1
580.0,:3086736518_4,1
580.0,:3208478128_0,1
580.0,:619136999_2,1
580.0,:655375232_6,1
580.0,:655375238_0,1
580.0,:655375239_3,1
580.0,:cluster11510670762_4554226152_0,2
580.0,:cluster3086736522_655375108_655375247_655375401_#1more_11,2
580.0,:cluster_3208478133_655375293_655375296_9631728504_#1more_8,1
580.0,:cluster_3431431575_4777363357_655375231_6982059025_3,1
580.0,:cluster_3431431575_4777363357_655375231_6982059025_7,1
580.0,:cluster_623980147_623980152_4,1
600.0,-300077497#5,27
600.0,-300077497#8,4
600.0,-35274074#2,7
600.0,-360018417,5
600.0,-51362429#1,4
600.0,-51362430,19
600.0,-593847703#3,15
600.0,-594658757#2,1
600.0,-E0,20
600.0,1068234498#0,28
600.0,1068234499#0,9
600.0,1068440001,9
600.0,1068440004#1,34
600.0,1068440006#0,1
600.0,196961377#0,20
600.0,232003903#0,2
600.0,238526531#0,23
600.0,244450512#1,3
600.0,260881642#0,3
600.0,288135626#0,3
600.0,288878926#0,9
600.0,300077497#0,5
600.0,300077497#6,2
600.0,303647015#0,5
600.0,30620492#0,18
600.0,30620492#1,5
600.0,360843888,1
600.0,484988951#0,2
600.0,49073226#2,6
600.0,506322842#0,3
600.0,506322844#0,5
600.0,506322846#0,2
600.0,506322846#2,2
600.0,506322853#0,14
600.0,51362429#0,8
600.0,51362430,3
600.0,593844221#0,1
600.0,593847704#0,1
600.0,593847705,1
600.0,593849711#0,1
600.0,593849711#2,16
600.0,594658757#0,1
600.0,594658760#0,1
600.0,668037874,4
600.0,:2444664370_0,1
600.0,:3086736518_3,1
600.0,:655375233_2,1
600.0,:655375238_3,1
600.0,:655375244_1,1
600.0,:656132414_3,1
600.0,:cluster11510670762_4554226152_0,2
600.0,:cluster622618015_622618108_622618112_622618144_#2more_26,1
600.0,:cluster622618015_622618108_622618112_622618144_#2more_45,2
600.0,:cluster622618015_622618108_622618112_622618144_#2more_5,1
600.0,:cluster655375336_end_0_655375336_end_1_655375336_end_10_655375336_end_11_#8more_31,1
600.0,:cluster_3208478133_655375293_655375296_9631728504_#1more_8,1
600.0,:cluster_3431431575_4777363357_655375231_6982059025_3,5
600.0,:cluster_3431431575_4777363357_655375231_6982059025_5,1
600.0,:cluster_5372642442_631668976_631668981_631669076_22,2
600.0,:cluster_5372642442_631668976_631668981_631669076_26,1
600.0,:cluster_5372642442_631668976_631668981_631669076_45,1
620.0,-300077497#5,23
620.0,-300077497#8,4
620.0,-35274074#2,6
620.0,-360018417,5
620.0,-51362429#1,2
620.0,-51362430,19
620.0,-593847703#3,17
620.0,-593847704#2,2
620.0,-594658757#2,1
620.0,-E0,20
620.0,1068234498#0,29
620.0,1068234499#0,14
620.0,1068440001,9
620.0,1068440004#1,24
620.0,1068440006#0,1
620.0,196961377#0,26
620.0,232003903#0,2
620.0,238526531#0,29
620.0,244450512#1,2
620.0,260881642#0,4
620.0,288878926#0,8
620.0,300077497#6,4
620.0,30620492#0,18
620.0,30620492#1,5
620.0,35274074#0,2
620.0,360843888,1
620.0,484988951#0,2
620.0,49073226#2,10
620.0,506322842#0,3
620.0,506322844#0,5
620.0,506322846#0,2
620.0,506322846#2,2
620.0,506322853#0,14
620.0,51362429#0,10
620.0,593844221#0,1
620.0,593847702#0,8
620.0,593847704#0,2
620.0,593847705,1
620.0,593849711#2,16
620.0,594658757#0,1
620.0,594658760#0,1
620.0,668037874,3
620.0,:2444664370_0,1
620.0,:655375233_8,3
620.0,:cluster11510670762_4554226152_0,2
620.0,:cluster622618015_622618108_622618112_622618144_#2more_49,1
620.0,:cluster655375336_end_0_655375336_end_1_655375336_end_10_655375336_end_11_#8more_47,1
620.0,:cluster_2038168688_655375573_3,1
620.0,:cluster_2528018119_655375236_17,1
620.0,:cluster_2528018119_655375236_31,1
620.0,:cluster_2664674491_655375287_655375288_5,1
620.0,:cluster_3208478133_655375293_655375296_9631728504_#1more_8,1
620.0,:cluster_3431431575_4777363357_655375231_6982059025_3,3
620.0,:cluster_3431431575_4777363357_655375231_6982059025_7,1
640.0,-300077497#5,23
640.0,-300077497#8,4
640.0,-35274074#2,9
640.0,-360018417,1
640.0,-51362429#1,2
640.0,-51362430,19
640.0,-593847703#3,18
640.0,-594658757#2,1
640.0,-E0,20
640.0,1068234498#0,29
640.0,1068234499#0,10
640.0,1068440001,9
640.0,1068440004#1,26
640.0,1068440006#0,1
640.0,182334378#0,1
640.0,186602412#0,3
640.0,196961377#0,27
640.0,232003903#0,2
640.0,238526531#0,23
640.0,244450512#1,2
640.0,260881642#0,3
640.0,288878926#0,8
640.0,300077497#0,2
640.0,300077497#6,4
640.0,30620492#0,18
640.0,30620492#1,5
640.0,360843888,1
640.0,484988951#0,3
640.0,49073226#2,12
640.0,49073272#4,3
640.0,506322842#0,2
640.0,506322844#0,5
640.0,506322846#0,1
640.0,506322846#2,3
640.0,506322848#0,3
640.0,506322853#0,14
640.0,51362429#0,13
640.0,593844221#0,1
640.0,593847702#0,4
640.0,593847704#0,2
640.0,593847705,1
640.0,593849711#2,16
640.0,593849718#0,4
640.0,594658757#0,1
640.0,594658760#0,1
640.0,668037874,3
640.0,:1973482489_8,1
640.0,:2444664370_0,1
640.0,:3208478121_0,1
640.0,:cluster11510670762_4554226152_0,2
640.0,:cluster622618015_622618108_622618112_622618144_#2more_31,5
640.0,:cluster655375336_end_0_655375336_end_1_655375336_end_10_655375336_end_11_#8more_47,1
640.0,:cluster_2038168688_655375573_21,1
640.0,:cluster_2528018119_655375236_12,1
640.0,:cluster_2528018119_655375236_29,1
640.0,:cluster_3208478133_655375293_655375296_9631728504_#1more_8,1
640.0,:cluster_3431431575_4777363357_655375231_6982059025_3,2
640.0,:cluster_3431431575_4777363357_655375231_6982059025_5,1
640.0,:cluster_9383263990_9383263991_9383263992_9383263993_7,1
660.0,-1334905223#2,1
660.0,-300077497#5,27
660.0,-300077497#8,4
660.0,-35274074#2,12
660.0,-49073264#1,1
660.0,-51362429#1,2
660.0,-51362430,19
660.0,-593847703#3,18
660.0,-E0,20
660.0,1068234498#0,30
660.0,1068234499#0,9
660.0,1068440001,9
660.0,1068440004#1,27
660.0,1068440006#0,1
660.0,182334378#0,1
660.0,196961377#0,27
660.0,232003903#0,2
660.0,238526531#0,18
660.0,244450512#1,3
660.0,260881642#0,2
660.0,288878926#0,8
660.0,300077497#0,5
660.0,300077497#6,4
660.0,30620492#0,18
660.0,30620492#1,5
660.0,360843888,1
660.0,484988951#0,3
660.0,49073226#2,12
660.0,506322840#0,1
660.0,506322842#0,1
660.0,506322844#0,5
660.0,506322846#0,1
660.0,506322846#2,2
660.0,506322853#0,14
660.0,51362429#0,11
660.0,593844221#0,1
660.0,593847703#0,1
660.0,593849711#2,16
660.0,594658757#0,1
660.0,594658760#0,1
660.0,668037874,3
660.0,:2444664370_0,1
660.0,:3086736518_0,1
660.0,:655375232_2,2
660.0,:655375233_0,1
660.0,:cluster11510670762_4554226152_0,2
660.0,:cluster3086736522_655375108_655375247_655375401_#1more_11,1
660.0,:cluster622618015_622618108_622618112_622618144_#2more_39,2
660.0,:cluster655375336_end_0_655375336_end_1_655375336_end_10_655375336_end_11_#8more_47,1
660.0,:cluster_2038168688_655375573_30,1
660.0,:cluster_2038168688_655375573_9,1
660.0,:cluster_3208478133_655375293_655375296_9631728504_#1more_8,1
660.0,:cluster_3431431575_4777363357_655375231_6982059025_3,2
660.0,:cluster_3431431575_4777363357_655375231_6982059025_5,1
680.0,-300077497#5,27
680.0,-300077497#8,4
680.0,-35274074#2,11
680.0,-360018417,5
680.0,-51362429#1,3
680.0,-51362430,19
680.0,-593847703#3,18
680.0,-E0,20
680.0,1068234498#0,33
680.0,1068234499#0,9
680.0,1068440001,9
680.0,1068440004#1,27
680.0,1239087514,1
680.0,196961377#0,20
680.0,238526531#0,18
680.0,244450512#1,3
680.0,244450512#5,1
680.0,288135626#0,1
680.0,288878926#0,8
680.0,300077497#0,2
680.0,300077497#6,1
680.0,30620492#0,18
680.0,30620492#1,5
680.0,484988951#0,3
680.0,49073226#2,12
680.0,49073272#4,2
680.0,506322842#0,1
680.0,506322844#0,6
680.0,506322846#2,2
680.0,506322848#0,1
680.0,506322853#0,14
680.0,51362429#0,11
680.0,51362430,3
680.0,593844221#0,1
680.0,593847703#0,3
680.0,593847705,1
680.0,593849711#2,14
680.0,594658757#0,1
680.0,594658760#0,1
680.0,668037874,3
680.0,:2444664370_0,1
680.0,:655375232_6,1
680.0,:655375239_3,1
680.0,:cluster11510670762_4554226152_0,2
680.0,:cluster655375336_end_0_655375336_end_1_655375336_end_10_655375336_end_11_#8more_31,1
680.0,:cluster_2038168688_655375573_30,1
680.0,:cluster_2528018119_655375236_3,1
680.0,:cluster_3431431575_4777363357_655375231_6982059025_3,2
680.0,:cluster_3431431575_4777363357_655375231_6982059025_5,1
700.0,-300077497#5,26
700.0,-300077497#8,4
700.0,-35274074#2,12
700.0,-360018417,5
700.0,-51362429#1,6
700.0,-51362430,19
700.0,-593847703#3,15
700.0,-593847704#2,1
700.0,-E0,20
700.0,1068234498#0,21
700.0,1068234499#0,11
700.0,1068440001,9
700.0,1068440004#1,27
700.0,1068440006#0,1
700.0,196961377#0,22
700.0,238526531#0,23
700.0,244450512#1,3
700.0,244450512#5,1
700.0,288135626#0,5
700.0,288878926#0,2
700.0,300077497#0,2
700.0,30620492#0,18
700.0,30620492#1,5
700.0,35274074#0,2
700.0,484988951#0,5
700.0,49073226#2,12
700.0,49695736#0,1
700.0,506322842#0,1
700.0,506322844#0,6
700.0,506322846#2,3
700.0,506322848#0,1
700.0,506322853#0,14
700.0,51362429#0,14
700.0,51362430,1
700.0,593847702#0,1
700.0,593847705,1
700.0,593849711#0,1
700.0,593849711#2,13
700.0,594658757#0,1
700.0,594658760#0,1
700.0,:2444664370_0,1
700.0,:3086736518_3,1
700.0,:655375233_4,1
700.0,:655375238_1,1
700.0,:cluster11510670762_4554226152_0,2
700.0,:cluster619136880_619136881_cluster_4510442270_5296993511_5296993513_619136931_#1more_12,1
700.0,:cluster_2528018119_655375236_17,1
700.0,:cluster_3431431575_4777363357_655375231_6982059025_3,2
700.0,:cluster_5372642442_631668976_631668981_631669076_26,1
700.0,:cluster_5372642442_631668976_631668981_631669076_45,2
720.0,-300077497#5,24
720.0,-300077497#8,4
720.0,-35274074#2,12
720.0,-360018417,5
720.0,-51362429#1,8
720.0,-51362430,19
720.0,-593847703#3,17
720.0,-E0,20
720.0,1068234498#0,23
720.0,1068234499#0,15
720.0,1068440001,9
720.0,1068440004#1,21
720.0,1068440006#0,1
720.0,196961377#0,23
720.0,238526531#0,30
720.0,244450512#1,3
720.0,244450512#5,1
720.0,288135626#0,1
720.0,30620492#0,18
720.0,30620492#1,5
720.0,484988951#0,3
720.0,49073226#2,12
720.0,49695736#0,1
720.0,506322842#0,1
720.0,506322844#0,6
720.0,506322846#0,4
720.0,506322846#2,2
720.0,506322848#0,1
720.0,506322853#0,14
720.0,51362429#0,15
720.0,51362430,1
720.0,593847702#0,3
720.0,593847704#0,1
720.0,593847705,1
720.0,593849711#2,15
720.0,594658757#0,1
720.0,594658760#0,1
720.0,:1973482489_3,1
720.0,:2444664370_0,1
720.0,:655375233_8,4
720.0,:cluster11510670762_4554226152_0,2
720.0,:cluster_3431431575_4777363357_655375231_6982059025_3,2
720.0,:cluster_3431431575_4777363357_655375231_6982059025_5,1
740.0,-1334905223#2,1
740.0,-300077497#5,26
740.0,-300077497#8,2
740.0,-35274074#2,12
740.0,-51362429#1,8
740.0,-51362430,19
740.0,-593847703#3,20
740.0,-E0,20
740.0,1068234498#0,28
740.0,1068234499#0,7
740.0,1068440001,9
740.0,1068440004#1,16
740.0,1068440006#0,1
740.0,186602412#0,3
740.0,196961377#0,23
740.0,238526531#0,24
740.0,244450512#1,3
740.0,244450512#5,1
740.0,263217604#0,1
740.0,300077497#0,7
740.0,30620492#0,18
740.0,30620492#1,5
740.0,484988951#0,4
740.0,49073226#2,12
740.0,49073272#3,1
740.0,49073272#4,4
740.0,506322840#0,2
740.0,506322842#0,1
740.0,506322844#0,2
740.0,506322846#2,3
740.0,506322848#0,1
740.0,506322853#0,13
740.0,51362429#0,17
740.0,593847702#0,3
740.0,593847704#0,1
740.0,593847705,1
740.0,593849711#2,17
740.0,593849718#0,2
740.0,594658760#0,1
740.0,668037874,1
740.0,:655375238_5,1
740.0,:655375239_5,2
740.0,:655375241_0,1
740.0,:cluster11510670762_4554226152_0,2
740.0,:cluster622618015_622618108_622618112_622618144_#2more_31,5
740.0,:cluster655375336_end_0_655375336_end_1_655375336_end_10_655375336_end_11_#8more_6,1
740.0,:cluster_3431431575_4777363357_655375231_6982059025_3,2
740.0,:cluster_9383263990_9383263991_9383263992_9383263993_5,1
740.0,:cluster_9383263990_9383263991_9383263992_9383263993_7,1
760.0,-300077497#5,27
760.0,-300077497#8,4
760.0,-35274074#2,11
760.0,-360018417,2
760.0,-51362429#1,8
760.0,-51362430,19
760.0,-593847703#3,20
760.0,-E0,20
760.0,1068234498#0,32
760.0,1068234499#0,7
760.0,1068440001,8
760.0,1068440004#1,16
760.0,1239087513,1
760.0,1239087514,1
760.0,196961377#0,23
760.0,238526531#0,23
760.0,244450512#1,3
760.0,244450512#5,1
760.0,263217604#0,1
760.0,30620492#0,17
760.0,30620492#1,5
760.0,35274074#0,1
760.0,484988951#0,4
760.0,49073226#2,12
760.0,49073272#3,2
760.0,49073272#4,1
760.0,506322844#0,6
760.0,506322846#2,2
760.0,506322853#0,8
760.0,51362429#0,15
760.0,51362430,1
760.0,593847702#0,1
760.0,593849711#2,17
760.0,594658760#0,1
760.0,668037874,2
760.0,:619136999_2,1
760.0,:655375232_2,2
760.0,:655375233_0,1
760.0,:655375238_2,1
760.0,:655375238_3,1
760.0,:655375239_3,2
760.0,:cluster11510670762_4554226152_0,1
760.0,:cluster_2038168688_655375573_30,1
760.0,:cluster_3431431575_4777363357_655375231_6982059025_3,2
780.0,-300077497#5,27
780.0,-300077497#8,4
780.0,-35274074#2,11
780.0,-360018417,5
780.0,-51362429#1,8
780.0,-51362430,15
780.0,-593847703#3,20
780.0,-E0,20
780.0,1068234498#0,34
780.0,1068234499#0,7
780.0,1068440001,7
780.0,1068440004#1,16
780.0,196961377#0,22
780.0,238526531#0,24
780.0,244450512#1,2
780.0,260881642#0,3
780.0,288135626#0,2
780.0,300077497#0,1
780.0,30620492#0,18
780.0,30620492#1,5
780.0,360018417,2
780.0,360843888,1
780.0,484988951#0,3
780.0,49073226#2,13
780.0,49695736#0,1
780.0,506322844#0,6
780.0,506322846#0,1
780.0,506322846#2,2
780.0,506322853#0,8
780.0,51362429#0,9
780.0,51362430,1
780.0,593844221#0,2
780.0,593847702#0,1
780.0,593847703#0,6
780.0,593849711#2,17
780.0,594658760#0,1
780.0,:3086736518_0,1
780.0,:655375232_2,1
780.0,:655375238_2,1
780.0,:655375238_3,1
780.0,:656132414_2,1
780.0,:cluster11510670762_4554226152_0,1
780.0,:cluster_2038168688_655375573_30,1
780.0,:cluster_2528018119_655375236_3,1
780.0,:cluster_3208478133_655375293_655375296_9631728504_#1more_8,3
780.0,:cluster_3431431575_4777363357_655375231_6982059025_3,2
780.0,:cluster_3431431575_4777363357_655375231_6982059025_5,1
800.0,-300077497#5,27
800.0,-300077497#8,4
800.0,-35274074#2,11
800.0,-360018417,5
800.0,-51362429#1,9
800.0,-51362430,17
800.0,-593847703#3,20
800.0,-E0,20
800.0,1068234498#0,33
800.0,1068234499#0,9
800.0,1068440001,7
800.0,1068440004#1,16
800.0,1068440006#0,1
800.0,186602412#0,1
800.0,196961377#0,22
800.0,238526531#0,26
800.0,244450512#1,2
800.0,260881642#0,3
800.0,288878926#0,2
800.0,300077497#0,5
800.0,30620492#0,18
800.0,30620492#1,5
800.0,360843888,1
800.0,484988951#0,5
800.0,49073226#2,10
800.0,49695736#0,1
800.0,506322844#0,6
800.0,506322846#2,2
800.0,506322853#0,8
800.0,51362429#0,10
800.0,593844221#0,2
800.0,593847702#0,1
800.0,593849711#2,14
800.0,594658760#0,1
800.0,:3086736518_0,1
800.0,:655375232_2,1
800.0,:655375233_4,1
800.0,:655375238_1,1
800.0,:655375238_2,1
800.0,:655375238_3,1
800.0,:cluster11510670762_4554226152_0,1
800.0,:cluster622618015_622618108_622618112_622618144_#2more_49,1
800.0,:cluster655375336_end_0_655375336_end_1_655375336_end_10_655375336_end_11_#8more_31,1
800.0,:cluster_2038168688_655375573_3,1
800.0,:cluster_2038168688_655375573_30,1
800.0,:cluster_2664674491_655375287_655375288_5,1
800.0,:cluster_3208478133_655375293_655375296_9631728504_#1more_8,5
800.0,:cluster_3431431575_4777363357_655375231_6982059025_3,2
800.0,:cluster_623980147_623980152_9,1
820.0,-300077497#5,27
820.0,-300077497#8,4
820.0,-35274074#2,11
820.0,-360018417,1
820.0,-51362429#1,8
820.0,-51362430,17
820.0,-593847703#3,20
820.0,-E0,20
820.0,1068234498#0,34
820.0,1068234499#0,7
820.0,1068440001,9
820.0,1068440004#1,14
820.0,186602412#0,1
820.0,196961377#0,22
820.0,232003903#0,2
820.0,238526531#0,26
820.0,244450512#1,2
820.0,260881642#0,2
820.0,263217604#0,1
820.0,288878926#0,9
820.0,300077497#0,2
820.0,30620492#0,18
820.0,30620492#1,5
820.0,35274074#0,5
820.0,360843888,1
820.0,484988951#0,4
820.0,49073226#2,4
820.0,49073272#4,3
820.0,506322844#0,5
820.0,506322846#2,3
820.0,506322853#0,8
820.0,51362429#0,10
820.0,593849711#2,14
820.0,593849718#0,1
820.0,594658760#0,1
820.0,:3086736518_0,1
820.0,:3208478121_0,1
820.0,:655375232_2,1
820.0,:655375233_4,1
820.0,:655375233_8,2
820.0,:655375238_2,1
820.0,:655375238_3,1
820.0,:655375238_6,1
820.0,:cluster11510670762_4554226152_0,1
820.0,:cluster655375336_end_0_655375336_end_1_655375336_end_10_655375336_end_11_#8more_25,3
820.0,:cluster_2038168688_655375573_30,1
820.0,:cluster_2528018119_655375236_29,1
820.0,:cluster_2664674491_655375287_655375288_5,1
820.0,:cluster_3208478133_655375293_655375296_9631728504_#1more_8,4
820.0,:cluster_3431431575_4777363357_655375231_6982059025_3,2
820.0,:cluster_3431431575_4777363357_655375231_6982059025_7,1
820.0,:cluster_623980147_623980152_4,1
840.0,-300077497#5,27
840.0,-300077497#8,4
840.0,-35274074#2,11
840.0,-51362429#1,3
840.0,-51362430,17
840.0,-593847703#3,20
840.0,-E0,20
840.0,1068234498#0,34
840.0,1068234499#0,7
840.0,1068440001,5
840.0,1068440004#1,9
840.0,196961377#0,22
840.0,232003903#0,2
840.0,238526531#0,26
840.0,244450512#1,3
840.0,260881642#0,2
840.0,263217604#0,1
840.0,288878926#0,13
840.0,300077497#0,3
840.0,300077497#6,1
840.0,30620492#0,18
840.0,30620492#1,5
840.0,35274074#0,7
840.0,360843888,1
840.0,484988951#0,4
840.0,49073226#2,9
840.0,49695736#0,5
840.0,506322844#0,5
840.0,506322853#0,5
840.0,51362429#0,14
840.0,593847704#0,1
840.0,593849711#2,14
840.0,594658760#0,1
840.0,668037874,1
840.0,:3086736518_0,1
840.0,:655375232_2,1
840.0,:655375233_4,1
840.0,:655375233_8,7
840.0,:655375238_0,1
840.0,:655375238_2,1
840.0,:655375238_3,1
840.0,:cluster11510670762_4554226152_0,1
840.0,:cluster619136880_619136881_cluster_4510442270_5296993511_5296993513_619136931_#1more_8,1
840.0,:cluster619136899_619136900_cluster_619136929_619136942_6,1
840.0,:cluster655375336_end_0_655375336_end_1_655375336_end_10_655375336_end_11_#8more_25,2
840.0,:cluster_2038168688_655375573_30,1
840.0,:cluster_2528018119_655375236_20,1
840.0,:cluster_2528018119_655375236_32,1
840.0,:cluster_3431431575_4777363357_655375231_6982059025_3,1
860.0,-300077497#5,27
860.0,-300077497#8,4
860.0,-35274074#2,11
860.0,-360018417,3
860.0,-51362429#1,3
860.0,-51362430,15
860.0,-593847703#3,20
860.0,-E0,20
860.0,1068234498#0,34
860.0,1068234499#0,7
860.0,1068440001,7
860.0,1068440004#1,9
860.0,196961377#0,17
860.0,196961377#3,4
860.0,238526531#0,26
860.0,244450512#1,3
860.0,244450512#4,1
860.0,263217604#0,1
860.0,288878926#0,13
860.0,300077497#0,4
860.0,30620492#0,18
860.0,30620492#1,5
860.0,35274074#0,6
860.0,484988951#0,3
860.0,49073226#2,9
860.0,49073272#4,2
860.0,49695736#0,4
860.0,506322844#0,5
860.0,506322853#0,2
860.0,51362429#0,16
860.0,51362430,2
860.0,593849711#2,14
860.0,593849718#0,1
860.0,:3086736518_0,1
860.0,:619136999_0,1
860.0,:655375232_2,1
860.0,:655375233_4,1
860.0,:655375233_8,7
860.0,:655375238_2,1
860.0,:655375238_3,1
860.0,:655375238_6,1
860.0,:cluster11510670762_4554226152_0,2
860.0,:cluster619136880_619136881_cluster_4510442270_5296993511_5296993513_619136931_#1more_12,1
860.0,:cluster_2038168688_655375573_23,1
860.0,:cluster_2038168688_655375573_3,1
860.0,:cluster_2038168688_655375573_30,1
860.0,:cluster_2038168688_655375573_6,2
860.0,:cluster_3431431575_4777363357_655375231_6982059025_3,1
880.0,-300077497#5,27
880.0,-300077497#8,4
880.0,-35274074#2,11
880.0,-360018417,5
880.0,-51362429#1,3
880.0,-51362430,17
880.0,-593847703#3,20
880.0,-593847704#2,2
880.0,-E0,20
880.0,1068234498#0,37
880.0,1068234499#0,7
880.0,1068440001,9
880.0,1068440004#1,9
880.0,186602412#0,2
880.0,196961377#0,15
880.0,196961377#3,5
880.0,238526531#0,26
880.0,244450512#1,3
880.0,244450512#5,1
880.0,288878926#0,7
880.0,30620492#0,18
880.0,30620492#1,5
880.0,35274074#0,4
880.0,484988951#0,3
880.0,49073226#2,9
880.0,49695736#0,4
880.0,506322844#0,5
880.0,506322846#0,4
880.0,506322853#0,2
880.0,51362429#0,13
880.0,593849711#2,14
880.0,594658757#0,1
880.0,:1973482489_3,1
880.0,:3086736518_0,1
880.0,:655375232_2,2
880.0,:655375233_0,2
880.0,:655375233_4,1
880.0,:655375233_8,7
880.0,:655375238_2,1
880.0,:655375238_3,1
880.0,:cluster11510670762_4554226152_0,2
880.0,:cluster622618015_622618108_622618112_622618144_#2more_2,1
880.0,:cluster622618015_622618108_622618112_622618144_#2more_26,1
880.0,:cluster_2038168688_655375573_23,1
880.0,:cluster_2038168688_655375573_3,1
880.0,:cluster_2038168688_655375573_30,1
880.0,:cluster_2038168688_655375573_6,2
880.0,:cluster_3431431575_4777363357_655375231_6982059025_3,1
880.0,:cluster_3431431575_4777363357_655375231_6982059025_5,1
900.0,-300077497#5,27
900.0,-300077497#8,4
900.0,-35274074#2,11
900.0,-360018417,5
900.0,-51362429#1,7
900.0,-51362430,19
900.0,-593847703#3,19
900.0,-E0,20
900.0,1068234498#0,37
900.0,1068234499#0,7
900.0,1068440001,9
900.0,1068440004#1,9
900.0,186602412#0,5
900.0,196961377#0,15
900.0,196961377#3,2
900.0,238526531#0,26
900.0,244450512#1,3
900.0,244450512#5,1
900.0,288878926#0,5
900.0,30620492#0,18
900.0,30620492#1,5
900.0,484988951#0,4
900.0,49073226#2,9
900.0,49695736#0,4
900.0,506322844#0,5
900.0,506322846#0,4
900.0,506322853#0,2
900.0,51362429#0,14
900.0,593849711#0,2
900.0,593849711#2,10
900.0,594658757#0,1
900.0,:1973482489_8,1
900.0,:3086736518_0,1
900.0,:3086736518_4,1
900.0,:655375232_2,2
900.0,:655375233_0,2
900.0,:655375233_4,1
900.0,:655375233_8,7
900.0,:655375238_2,1
900.0,:655375238_3,1
900.0,:cluster11510670762_4554226152_0,2
900.0,:cluster622618015_622618108_622618112_622618144_#2more_49,1
900.0,:cluster_2038168688_655375573_30,1
900.0,:cluster_2038168688_655375573_6,2
900.0,:cluster_3431431575_4777363357_655375231_6982059025_3,1
920.0,-300077497#5,27
920.0,-300077497#8,4
920.0,-35274074#2,11
920.0,-51362429#1,9
920.0,-51362430,19
920.0,-593847703#3,17
920.0,-E0,20
920.0,1068234498#0,37
920.0,1068234499#0,6
920.0,1068440001,9
920.0,1068440004#1,9
920.0,186602412#0,3
920.0,196961377#0,15
920.0,196961377#3,2
920.0,238526531#0,26
920.0,244450512#1,3
920.0,244450512#5,1
920.0,288878926#0,5
920.0,300077497#0,4
920.0,30620492#0,18
920.0,30620492#1,5
920.0,484988951#0,4
920.0,49073226#2,9
920.0,49073272#4,4
920.0,506322844#0,5
920.0,506322853#0,2
920.0,51362429#0,17
920.0,593847702#0,6
920.0,593849711#2,10
920.0,594658757#0,1
920.0,:3086736518_0,1
920.0,:3086736518_4,1
920.0,:655375232_2,2
920.0,:655375233_0,2
920.0,:655375238_2,1
920.0,:655375238_3,1
920.0,:cluster11510670762_4554226152_0,2
920.0,:cluster622618015_622618108_622618112_622618144_#2more_31,1
920.0,:cluster_2038168688_655375573_30,1
920.0,:cluster_2038168688_655375573_6,2
920.0,:cluster_2528018119_655375236_8,1
920.0,:cluster_3431431575_4777363357_655375231_6982059025_3,1
940.0,-300077497#5,27
940.0,-300077497#8,4
940.0,-35274074#2,11
940.0,-360018417,1
940.0,-51362429#1,9
940.0,-51362430,19
940.0,-593847703#3,18
940.0,-E0,20
940.0,1068234498#0,37
940.0,1068234499#0,6
940.0,1068440001,9
940.0,196961377#0,10
940.0,196961377#3,6
940.0,238526531#0,26
940.0,244450512#1,3
940.0,244450512#5,1
940.0,288878926#0,5
940.0,30620492#0,18
940.0,30620492#1,5
940.0,35274074#0,4
940.0,484988951#0,4
940.0,49073226#2,9
940.0,49073272#4,1
940.0,506322844#0,5
940.0,51362429#0,17
940.0,593847702#0,14
940.0,593847703#0,2
940.0,593849711#2,10
940.0,594658757#0,1
940.0,:3086736518_0,1
940.0,:3086736518_4,1
940.0,:619136999_0,1
940.0,:655375232_2,2
940.0,:655375238_2,1
940.0,:655375238_3,1
940.0,:cluster11510670762_4554226152_0,2
940.0,:cluster_2038168688_655375573_30,1
940.0,:cluster_2038168688_655375573_6,2
940.0,:cluster_3431431575_4777363357_655375231_6982059025_3,1
960.0,-300077497#5,27
960.0,-300077497#8,4
960.0,-35274074#2,11
960.0,-360018417,5
960.0,-51362429#1,9
960.0,-51362430,17
960.0,-593847703#3,18
960.0,-E0,20
960.0,1068234498#0,37
960.0,1068234499#0,6
960.0,1068440001,6
960.0,1068440004#1,1
960.0,196961377#0,5
960.0,196961377#3,7
960.0,238526531#0,26
960.0,244450512#1,2
960.0,260881642#0,3
960.0,288878926#0,3
960.0,300077497#0,2
960.0,30620492#0,18
960.0,30620492#1,5
960.0,484988951#0,4
960.0,49073226#2,9
960.0,49695736#0,2
960.0,506322844#0,5
960.0,506322846#0,3
960.0,51362429#0,17
960.0,51362430,1
960.0,593844221#0,1
960.0,593847702#0,14
960.0,593849711#0,2
960.0,593849711#2,10
960.0,:3086736518_0,1
960.0,:3086736518_4,1
960.0,:655375232_2,2
960.0,:655375238_2,1
960.0,:655375238_3,1
960.0,:cluster11510670762_4554226152_0,1
960.0,:cluster622618015_622618108_622618112_622618144_#2more_26,1
960.0,:cluster_2038168688_655375573_23,1
960.0,:cluster_2038168688_655375573_30,1
960.0,:cluster_2038168688_655375573_6,2
960.0,:cluster_3208478133_655375293_655375296_9631728504_#1more_8,3
960.0,:cluster_3431431575_4777363357_655375231_6982059025_3,1
980.0,-300077497#5,27
980.0,-300077497#8,4
980.0,-35274074#2,11
980.0,-360018417,5
980.0,-51362429#1,9
980.0,-51362430,15
980.0,-593847703#3,18
980.0,-E0,20
980.0,1068234498#0,37
980.0,1068234499#0,6
980.0,1068440001,7
980.0,1068440004#1,1
980.0,186602412#0,3
980.0,196961377#0,5
980.0,196961377#3,2
980.0,238526531#0,26
980.0,244450512#1,2
980.0,260881642#0,3
980.0,30620492#0,18
980.0,30620492#1,5
980.0,484988951#0,3
980.0,49073226#2,9
980.0,49695736#0,2
980.0,506322844#0,5
980.0,506322846#0,1
980.0,51362429#0,9
980.0,593844221#0,1
980.0,593847702#0,14
980.0,593847703#0,5
980.0,593849711#2,10
980.0,:3086736518_0,2
980.0,:3086736518_4,1
980.0,:655375232_2,1
980.0,:655375233_0,3
980.0,:655375238_2,1
980.0,:655375238_3,1
980.0,:cluster11510670762_4554226152_0,1
980.0,:cluster622618015_622618108_622618112_622618144_#2more_26,1
980.0,:cluster622618015_622618108_622618112_622618144_#2more_49,3
980.0,:cluster_2038168688_655375573_3,1
980.0,:cluster_2038168688_655375573_30,1
980.0,:cluster_2038168688_655375573_6,2
980.0,:cluster_2664674491_655375287_655375288_5,1
980.0,:cluster_3208478133_655375293_655375296_9631728504_#1more_8,5
980.0,:cluster_3431431575_4777363357_655375231_6982059025_3,1
980.0,:cluster_3431431575_4777363357_655375231_6982059025_5,1
1000.0,-300077497#5,27
1000.0,-300077497#8,4
1000.0,-35274074#2,11
1000.0,-360018417,1
1000.0,-51362429#1,9
1000.0,-51362430,17
1000.0,-593847703#3,18
1000.0,-E0,20
1000.0,1068234498#0,37
1000.0,1068234499#0,6
1000.0,1068440001,8
1000.0,1068440004#1,1
1000.0,186602412#0,2
1000.0,196961377#0,5
1000.0,238526531#0,26
1000.0,244450512#1,3
1000.0,260881642#0,3
1000.0,300077497#0,2
1000.0,30620492#0,18
1000.0,30620492#1,5
1000.0,484988951#0,4
1000.0,49073226#2,10
1000.0,49073272#4,4
1000.0,506322844#0,5
1000.0,51362429#0,13
1000.0,593844221#0,1
1000.0,593847702#0,5
1000.0,593847703#0,8
1000.0,593849711#2,10
1000.0,593849718#0,4
1000.0,:3086736518_0,1
1000.0,:3086736518_4,1
1000.0,:655375238_2,1
1000.0,:655375238_3,1
1000.0,:656132414_2,1
1000.0,:cluster11510670762_4554226152_0,1
1000.0,:cluster622618015_622618108_622618112_622618144_#2more_29,1
1000.0,:cluster622618015_622618108_622618112_622618144_#2more_31,4
1000.0,:cluster_2038168688_655375573_30,1
1000.0,:cluster_2038168688_655375573_6,2
1000.0,:cluster_3208478133_655375293_655375296_9631728504_#1more_8,5
1000.0,:cluster_3431431575_4777363357_655375231_6982059025_3,1
1020.0,-300077497#5,26
1020.0,-300077497#8,4
1020.0,-35274074#2,11
1020.0,-51362429#1,9
1020.0,-51362430,18
1020.0,-593847703#3,19
1020.0,-E0,20
1020.0,1068234498#0,37
1020.0,1068234499#0,6
1020.0,1068440001,6
1020.0,1068440004#1,1
1020.0,196961377#0,5
1020.0,238526531#0,26
1020.0,244450512#1,3
1020.0,260881642#0,2
1020.0,30620492#0,18
1020.0,30620492#1,5
1020.0,35274074#0,2
1020.0,484988951#0,4
1020.0,49073226#2,10
1020.0,49073272#3,1
1020.0,49695736#0,4
1020.0,506322844#0,5
1020.0,51362429#0,15
1020.0,593847703#0,8
1020.0,593847704#0,1
1020.0,593849711#2,10
1020.0,:3086736518_0,1
1020.0,:3086736518_4,1
1020.0,:655375238_2,1
1020.0,:655375238_3,1
1020.0,:656132414_2,1
1020.0,:cluster11510670762_4554226152_0,2
1020.0,:cluster655375336_end_0_655375336_end_1_655375336_end_10_655375336_end_11_#8more_25,2
1020.0,:cluster_2038168688_655375573_30,1
1020.0,:cluster_2038168688_655375573_6,2
1020.0,:cluster_2528018119_655375236_20,1
1020.0,:cluster_3431431575_4777363357_655375231_6982059025_3,1
1040.0,-300077497#5,26
1040.0,-300077497#8,4
1040.0,-35274074#2,11
1040.0,-360018417,1
1040.0,-51362429#1,8
1040.0,-51362430,17
1040.0,-593847703#3,19
1040.0,-E0,20
1040.0,1068234498#0,37
1040.0,1068234499#0,6
1040.0,1068440001,8
1040.0,196961377#3,2
1040.0,238526531#0,26
1040.0,244450512#1,3
1040.0,288878926#0,4
1040.0,300077497#0,5
1040.0,30620492#0,18
1040.0,30620492#1,5
1040.0,360018417,1
1040.0,484988951#0,3
1040.0,49073226#2,5
1040.0,49073272#4,2
1040.0,49695736#0,3
1040.0,506322844#0,5
1040.0,51362429#0,15
1040.0,593847702#0,1
1040.0,593847703#0,4
1040.0,593849711#2,10
1040.0,:3086736518_0,1
1040.0,:3086736518_4,1
1040.0,:3208478121_3,1
1040.0,:655375238_2,1
1040.0,:655375238_3,1
1040.0,:655375238_6,1
1040.0,:cluster11510670762_4554226152_0,2
1040.0,:cluster_2038168688_655375573_23,1
1040.0,:cluster_2038168688_655375573_3,1
1040.0,:cluster_2038168688_655375573_30,1
1040.0,:cluster_2038168688_655375573_6,2
1040.0,:cluster_2528018119_655375236_3,2
1040.0,:cluster_3431431575_4777363357_655375231_6982059025_3,2
1040.0,:cluster_3431431575_4777363357_655375231_6982059025_5,1
1040.0,:cluster_623980147_623980152_9,1
1060.0,-300077497#5,25
1060.0,-300077497#8,4
1060.0,-35274074#2,11
1060.0,-360018417,1
1060.0,-51362429#1,1
1060.0,-51362430,19
1060.0,-593847703#3,19
1060.0,-E0,20
1060.0,1068234498#0,37
1060.0,1068234499#0,6
1060.0,1068440001,8
1060.0,186602412#0,2
1060.0,196961377#3,3
1060.0,238526531#0,26
1060.0,244450512#1,3
1060.0,288878926#0,5
1060.0,300077497#0,10
1060.0,30620492#0,17
1060.0,30620492#1,5
1060.0,484988951#0,4
1060.0,49073226#2,4
1060.0,49695736#0,3
1060.0,506322844#0,5
1060.0,506322846#0,1
1060.0,51362429#0,16
1060.0,593847702#0,1
1060.0,593849711#0,1
1060.0,593849711#2,10
1060.0,:3086736518_0,1
1060.0,:3086736518_4,1
1060.0,:655375238_1,1
1060.0,:655375238_3,1
1060.0,:655375238_5,1
1060.0,:cluster11510670762_4554226152_0,2
1060.0,:cluster622618015_622618108_622618112_622618144_#2more_0,1
1060.0,:cluster622618015_622618108_622618112_622618144_#2more_26,1
1060.0,:cluster_2038168688_655375573_30,1
1060.0,:cluster_2038168688_655375573_6,2
1060.0,:cluster_2528018119_655375236_17,2
1060.0,:cluster_3431431575_4777363357_655375231_6982059025_3,3
1060.0,:cluster_623980147_623980152_4,1
1080.0,-300077497#5,22
1080.0,-300077497#8,4
1080.0,-35274074#2,11
1080.0,-360018417,1
1080.0,-51362430,19
1080.0,-593847703#3,24
1080.0,-E0,18
1080.0,1068234498#0,37
1080.0,1068234499#0,6
1080.0,1068440001,8
1080.0,186602412#0,1
1080.0,238526531#0,25
1080.0,244450512#1,3
1080.0,288878926#0,11
1080.0,300077497#0,10
1080.0,30620492#0,18
1080.0,30620492#1,5
1080.0,484988951#0,4
1080.0,49073226#2,2
1080.0,49695736#0,3
1080.0,506322844#0,5
1080.0,506322846#0,1
1080.0,51362429#0,12
1080.0,593847702#0,1
1080.0,593847703#0,2
1080.0,593847704#0,1
1080.0,593849711#0,1
1080.0,593849711#2,10
1080.0,:3086736518_0,1
1080.0,:3086736518_4,1
1080.0,:3086736518_6,1
1080.0,:655375232_2,2
1080.0,:655375233_0,2
1080.0,:655375238_1,1
1080.0,:655375238_3,1
1080.0,:655375238_5,1
1080.0,:cluster11510670762_4554226152_0,2
1080.0,:cluster622618015_622618108_622618112_622618144_#2more_49,1
1080.0,:cluster_2038168688_655375573_30,1
1100.0,-300077497#5,26
1100.0,-300077497#8,2
1100.0,-35274074#2,11
1100.0,-51362429#1,2
1100.0,-51362430,19
1100.0,-593847703#3,25
1100.0,-E0,19
1100.0,1068234498#0,35
1100.0,1068234499#0,5
1100.0,1068440001,8
1100.0,186602412#0,1
1100.0,238526531#0,26
1100.0,244450512#1,3
1100.0,288878926#0,13
1100.0,300077497#0,13
1100.0,30620492#0,18
1100.0,30620492#1,5
1100.0,484988951#0,3
1100.0,49073272#3,1
1100.0,506322844#0,2
1100.0,51362429#0,10
1100.0,593847703#0,8
1100.0,593847704#0,1
1100.0,593847705,1
1100.0,593849711#2,7
1100.0,:3086736518_4,1
1100.0,:3086736518_6,1
1100.0,:655375232_11,1
1100.0,:655375238_1,1
1100.0,:655375238_3,1
1100.0,:655375238_5,1
1100.0,:655375239_5,2
1100.0,:cluster11510670762_4554226152_0,2
1100.0,:cluster_2038168688_655375573_30,1
1100.0,:cluster_3431431575_4777363357_655375231_6982059025_5,1
1120.0,-300077497#5,27
1120.0,-300077497#8,4
1120.0,-35274074#2,12
1120.0,-51362429#1,2
1120.0,-51362430,19
1120.0,-593847703#3,16
1120.0,-E0,19
1120.0,1068234498#0,35
1120.0,1068234499#0,5
1120.0,1068440001,8
1120.0,238526531#0,24
1120.0,244450512#1,3
1120.0,288878926#0,13
1120.0,300077497#0,8
1120.0,30620492#0,18
1120.0,30620492#1,5
1120.0,35274074#0,5
1120.0,484988951#0,4
1120.0,49073226#2,5
1120.0,49073272#3,1
1120.0,506322840#0,1
1120.0,506322844#0,6
1120.0,51362429#0,12
1120.0,593847703#0,8
1120.0,593847705,1
1120.0,593849711#2,6
1120.0,593849718#0,1
1120.0,:3086736518_4,1
1120.0,:3086736518_6,1
1120.0,:655375232_8,2
1120.0,:655375233_4,3
1120.0,:655375238_6,1
1120.0,:cluster11510670762_4554226152_0,2
1120.0,:cluster_2038168688_655375573_25,1
1120.0,:cluster_3431431575_4777363357_655375231_6982059025_3,1
1140.0,-300077497#5,25
1140.0,-300077497#8,4
1140.0,-35274074#2,12
1140.0,-51362429#1,5
1140.0,-51362430,19
1140.0,-593847703#3,16
1140.0,-593847704#2,1
1140.0,-E0,19
1140.0,1068234498#0,35
1140.0,1068234499#0,5
1140.0,1068440001,3
1140.0,238526531#0,24
1140.0,244450512#1,2
1140.0,260881642#0,3
1140.0,288878926#0,10
1140.0,300077497#0,8
1140.0,300077497#6,1
1140.0,30620492#0,18
1140.0,30620492#1,5
1140.0,35274074#0,2
1140.0,360018417,1
1140.0,484988951#0,4
1140.0,49073226#2,7
1140.0,506322844#0,6
1140.0,506322846#0,8
1140.0,51362429#0,13
1140.0,593844221#0,1
1140.0,593847705,1
1140.0,593849711#2,6
1140.0,:3086736518_4,1
1140.0,:3086736518_6,1
1140.0,:655375233_4,1
1140.0,:655375238_6,1
1140.0,:cluster11510670762_4554226152_0,1
1140.0,:cluster622618015_622618108_622618112_622618144_#2more_2,2
1140.0,:cluster_2038168688_655375573_23,1
1140.0,:cluster_2038168688_655375573_25,1
1140.0,:cluster_2038168688_655375573_3,1
1140.0,:cluster_2528018119_655375236_17,2
1140.0,:cluster_2528018119_655375236_3,1
1140.0,:cluster_2664674491_655375287_655375288_5,1
1140.0,:cluster_3208478133_655375293_655375296_9631728504_#1more_8,5
1160.0,-300077497#5,25
1160.0,-300077497#8,4
1160.0,-35274074#2,12
1160.0,-51362429#1,5
1160.0,-51362430,12
1160.0,-593847703#3,18
1160.0,-593847704#2,3
1160.0,-E0,19
1160.0,1068234498#0,33
1160.0,1068234499#0,5
1160.0,1068440001,8
1160.0,186602412#0,5
1160.0,238526531#0,26
1160.0,244450512#1,2
1160.0,260881642#0,3
1160.0,288878926#0,5
1160.0,300077497#0,3
1160.0,300077497#6,1
1160.0,30620492#0,18
1160.0,30620492#1,5
1160.0,35274074#0,3
1160.0,484988951#0,4
1160.0,49073226#2,7
1160.0,49695736#0,2
1160.0,506322844#0,6
1160.0,506322846#0,8
1160.0,51362429#0,15
1160.0,593844221#0,1
1160.0,593847705,1
1160.0,593849711#2,6
1160.0,:1973482489_3,1
1160.0,:3086736518_4,1
1160.0,:3086736518_6,1
1160.0,:655375233_4,1
1160.0,:655375238_6,1
1160.0,:cluster11510670762_4554226152_0,1
1160.0,:cluster622618015_622618108_622618112_622618144_#2more_49,1
1160.0,:cluster_2038168688_655375573_25,1
1160.0,:cluster_2664674491_655375287_655375288_5,1
1160.0,:cluster_3208478133_655375293_655375296_9631728504_#1more_8,5
1180.0,-300077497#5,27
1180.0,-300077497#8,3
1180.0,-35274074#2,12
1180.0,-51362429#1,5
1180.0,-51362430,16
1180.0,-593847703#3,18
1180.0,-E0,19
1180.0,1068234498#0,32
1180.0,1068234499#0,7
1180.0,1068440001,9
1180.0,186602412#0,5
1180.0,238526531#0,26
1180.0,244450512#1,3
1180.0,260881642#0,3
1180.0,263217604#0,2
1180.0,288878926#0,5
1180.0,300077497#0,2
1180.0,300077497#6,1
1180.0,30620492#0,18
1180.0,30620492#1,5
1180.0,35274074#0,4
1180.0,484988951#0,3
1180.0,49073226#2,7
1180.0,506322844#0,2
1180.0,506322846#0,5
1180.0,51362429#0,12
1180.0,593844221#0,1
1180.0,593847703#0,1
1180.0,593849711#2,6
1180.0,:3086736518_0,2
1180.0,:3086736518_4,1
1180.0,:3086736518_6,1
1180.0,:655375232_2,2
1180.0,:655375233_0,1
1180.0,:655375233_4,1
1180.0,:655375238_1,1
1180.0,:655375239_5,1
1180.0,:cluster11510670762_4554226152_0,1
1180.0,:cluster_2038168688_655375573_25,1
1180.0,:cluster_3208478133_655375293_655375296_9631728504_#1more_8,5
1180.0,:cluster_3431431575_4777363357_655375231_6982059025_5,1
1200.0,-300077497#5,27
1200.0,-300077497#8,4
1200.0,-35274074#2,12
1200.0,-51362429#1,6
1200.0,-51362430,19
1200.0,-593847703#3,18
1200.0,-E0,19
1200.0,1068234498#0,35
1200.0,1068234499#0,5
1200.0,1068440001,9
1200.0,186602412#0,3
1200.0,238526531#0,26
1200.0,244450512#1,3
1200.0,260881642#0,2
1200.0,263217604#0,2
1200.0,288878926#0,5
1200.0,300077497#0,2
1200.0,300077497#6,2
1200.0,30620492#0,18
1200.0,30620492#1,5
1200.0,35274074#0,7
1200.0,484988951#0,4
1200.0,49073226#2,7
1200.0,506322844#0,5
1200.0,51362429#0,15
1200.0,593844221#0,1
1200.0,593847703#0,3
1200.0,593847705,1
1200.0,593849711#2,4
1200.0,:3086736518_0,2
1200.0,:3086736518_4,1
1200.0,:3086736518_6,1
1200.0,:655375232_11,1
1200.0,:655375232_2,4
1200.0,:655375233_4,1
1200.0,:cluster11510670762_4554226152_0,1
1200.0,:cluster655375336_end_0_655375336_end_1_655375336_end_10_655375336_end_11_#8more_25,2
1200.0,:cluster_3208478133_655375293_655375296_9631728504_#1more_8,3
1220.0,-300077497#5,27
1220.0,-300077497#8,4
1220.0,-35274074#2,11
1220.0,-51362429#1,9
1220.0,-51362430,19
1220.0,-593847703#3,18
1220.0,-E0,19
1220.0,1068234498#0,35
1220.0,1068234499#0,5
1220.0,1068440001,8
1220.0,238526531#0,26
1220.0,244450512#1,3
1220.0,263217604#0,2
1220.0,288878926#0,5
1220.0,300077497#0,1
1220.0,30620492#0,18
1220.0,30620492#1,5
1220.0,35274074#0,3
1220.0,484988951#0,4
1220.0,49073226#2,7
1220.0,49695736#0,5
1220.0,506322844#0,5
1220.0,51362429#0,17
1220.0,593847705,1
1220.0,593849711#2,2
1220.0,:3086736518_0,2
1220.0,:3086736518_4,1
1220.0,:3086736518_6,1
1220.0,:655375232_2,4
1220.0,:655375233_4,1
1220.0,:cluster11510670762_4554226152_0,2
1220.0,:cluster_2038168688_655375573_23,1
1220.0,:cluster_2038168688_655375573_24,1
1220.0,:cluster_2038168688_655375573_3,1
1220.0,:cluster_2038168688_655375573_6,1
1240.0,-300077497#5,27
1240.0,-300077497#8,4
1240.0,-35274074#2,11
1240.0,-51362429#1,9
1240.0,-51362430,19
1240.0,-593847703#3,18
1240.0,-593847704#2,3
1240.0,-E0,19
1240.0,1068234498#0,37
1240.0,1068234499#0,5
1240.0,1068440001,8
1240.0,186602412#0,3
1240.0,238526531#0,26
1240.0,244450512#1,3
1240.0,244450512#4,1
1240.0,30620492#0,18
1240.0,30620492#1,5
1240.0,484988951#0,4
1240.0,49073226#2,7
1240.0,49695736#0,5
1240.0,506322844#0,5
1240.0,506322846#0,4
1240.0,51362429#0,18
1240.0,593847705,1
1240.0,593849711#0,1
1240.0,593849711#2,2
1240.0,594658757#0,1
1240.0,:3086736518_0,2
1240.0,:3086736518_4,1
1240.0,:3086736518_6,1
1240.0,:655375232_2,4
1240.0,:655375233_4,1
1240.0,:cluster11510670762_4554226152_0,2
1240.0,:cluster_2038168688_655375573_23,1
1260.0,-300077497#5,27
1260.0,-300077497#8,4
1260.0,-35274074#2,11
1260.0,-51362429#1,9
1260.0,-51362430,19
1260.0,-593847703#3,18
1260.0,-E0,19
1260.0,1068234498#0,37
1260.0,1068234499#0,5
1260.0,1068440001,8
1260.0,186602412#0,4
1260.0,238526531#0,26
1260.0,244450512#1,3
1260.0,244450512#5,1
1260.0,30620492#0,18
1260.0,30620492#1,5
1260.0,484988951#0,4
1260.0,49073226#2,7
1260.0,49695736#0,5
1260.0,506322844#0,5
1260.0,51362429#0,18
1260.0,593847705,1
1260.0,593849711#2,2
1260.0,594658757#0,1
1260.0,:3086736518_0,2
1260.0,:3086736518_4,1
1260.0,:3086736518_6,1
1260.0,:655375232_2,4
1260.0,:655375233_4,1
1260.0,:cluster11510670762_4554226152_0,2
1280.0,-300077497#5,27
1280.0,-300077497#8,4
1280.0,-35274074#2,12
1280.0,-51362429#1,9
1280.0,-51362430,19
1280.0,-593847703#3,18
1280.0,-E0,18
1280.0,1068234498#0,37
1280.0,1068234499#0,5
1280.0,1068440001,8
1280.0,238526531#0,25
1280.0,244450512#1,3
1280.0,244450512#5,1
1280.0,288878926#0,6
1280.0,300077497#0,5
1280.0,30620492#0,18
1280.0,30620492#1,5
1280.0,484988951#0,4
1280.0,506322844#0,5
1280.0,51362429#0,18
1280.0,593849711#2,2
1280.0,594658757#0,1
1280.0,:3086736518_0,2
1280.0,:3086736518_4,1
1280.0,:3086736518_6,2
1280.0,:655375232_2,4
1280.0,:655375233_0,1
1280.0,:655375233_4,1
1280.0,:cluster11510670762_4554226152_0,2
1280.0,:cluster_623980147_623980152_4,1
1300.0,-300077497#5,27
1300.0,-300077497#8,4
1300.0,-35274074#2,12
1300.0,-51362429#1,2
1300.0,-51362430,19
1300.0,-593847703#3,20
1300.0,-E0,19
1300.0,1068234498#0,37
1300.0,1068234499#0,3
1300.0,1068440001,8
1300.0,238526531#0,25
1300.0,244450512#1,3
1300.0,244450512#5,1
1300.0,288878926#0,8
1300.0,30620492#0,18
1300.0,30620492#1,5
1300.0,35274074#0,5
1300.0,484988951#0,4
1300.0,49073226#2,3
1300.0,506322844#0,5
1300.0,51362429#0,18
1300.0,593847703#0,1
1300.0,593849711#2,2
1300.0,594658757#0,1
1300.0,:3086736518_0,2
1300.0,:3086736518_4,1
1300.0,:3086736518_6,2
1300.0,:655375232_2,4
1300.0,:655375233_4,1
1300.0,:cluster11510670762_4554226152_0,2
1300.0,:cluster_3431431575_4777363357_655375231_6982059025_3,2
1300.0,:cluster_623980147_623980152_4,1
1320.0,-300077497#5,23
1320.0,-300077497#8,4
1320.0,-35274074#2,12
1320.0,-51362429#1,1
1320.0,-51362430,18
1320.0,-593847703#3,20
1320.0,-593847704#2,1
1320.0,-E0,19
1320.0,1068234498#0,37
1320.0,1068234499#0,3
1320.0,1068440001,3
1320.0,238526531#0,25
1320.0,244450512#1,2
1320.0,260881642#0,4
1320.0,288878926#0,11
1320.0,30620492#0,18
1320.0,30620492#1,5
1320.0,484988951#0,4
1320.0,49073226#2,5
1320.0,49695736#0,1
1320.0,506322844#0,5
1320.0,506322846#0,5
1320.0,51362429#0,18
1320.0,51362430,1
1320.0,593844221#0,1
1320.0,594658757#0,1
1320.0,:3086736518_0,2
1320.0,:3086736518_6,2
1320.0,:655375232_2,4
1320.0,:655375232_8,1
1320.0,:655375233_4,3
1320.0,:656132414_2,1
1320.0,:cluster11510670762_4554226152_0,1
1320.0,:cluster622618015_622618108_622618112_622618144_#2more_2,1
1320.0,:cluster_2528018119_655375236_17,1
1320.0,:cluster_2664674491_655375287_655375288_5,1
1320.0,:cluster_3208478133_655375293_655375296_9631728504_#1more_8,4
1340.0,-300077497#5,25
1340.0,-35274074#2,12
1340.0,-51362429#1,3
1340.0,-51362430,13
1340.0,-593847703#3,18
1340.0,-E0,19
1340.0,1068234498#0,37
1340.0,1068234499#0,3
1340.0,1068440001,8
1340.0,186602412#0,4
1340.0,238526531#0,25
1340.0,244450512#1,3
1340.0,260881642#0,3
1340.0,288878926#0,5
1340.0,30620492#0,18
1340.0,30620492#1,5
1340.0,484988951#0,5
1340.0,49073226#2,6
1340.0,49695736#0,3
1340.0,506322844#0,5
1340.0,51362429#0,18
1340.0,593844221#0,1
1340.0,593847704#0,2
1340.0,594658757#0,1
1340.0,:3086736518_0,2
1340.0,:3086736518_4,1
1340.0,:655375232_2,4
1340.0,:655375233_4,2
1340.0,:655375238_5,2
1340.0,:cluster_3208478133_655375293_655375296_9631728504_#1more_8,4
1340.0,:cluster_3431431575_4777363357_655375231_6982059025_3,1
1360.0,-300077497#5,27
1360.0,-300077497#8,3
1360.0,-35274074#2,11
1360.0,-51362429#1,3
1360.0,-51362430,18
1360.0,-593847703#3,19
1360.0,-E0,19
1360.0,1068234498#0,37
1360.0,1068234499#0,2
1360.0,1068440001,7
1360.0,238526531#0,25
1360.0,244450512#1,2
1360.0,260881642#0,2
1360.0,288878926#0,5
1360.0,300077497#0,2
1360.0,30620492#0,17
1360.0,30620492#1,4
1360.0,484988951#0,5
1360.0,49073226#2,7
1360.0,506322844#0,2
1360.0,51362429#0,18
1360.0,593844221#0,1
1360.0,593847704#0,2
1360.0,594658757#0,1
1360.0,:2749340167_0,1
1360.0,:3086736518_0,2
1360.0,:3086736518_4,1
1360.0,:655375232_2,4
1360.0,:655375233_4,2
1360.0,:655375238_2,1
1360.0,:655375239_5,1
1360.0,:cluster11510670762_4554226152_0,1
1360.0,:cluster_2528018119_655375236_32,1
1360.0,:cluster_2664674491_655375287_655375288_5,1
1360.0,:cluster_3208478133_655375293_655375296_9631728504_#1more_8,5
1380.0,-300077497#5,27
1380.0,-300077497#8,4
1380.0,-35274074#2,12
1380.0,-51362429#1,3
1380.0,-51362430,17
1380.0,-593847703#3,19
1380.0,-E0,18
1380.0,1068234498#0,37
1380.0,1068234499#0,2
1380.0,1068440001,9
1380.0,182334378#0,1
1380.0,238526531#0,24
1380.0,244450512#1,3
1380.0,260881642#0,2
1380.0,288878926#0,5
1380.0,30620492#0,17
1380.0,30620492#1,5
1380.0,35274074#0,2
1380.0,484988951#0,5
1380.0,49073226#2,7
1380.0,506322844#0,5
1380.0,51362429#0,18
1380.0,593844221#0,1
1380.0,593847704#0,1
1380.0,594658757#0,1
1380.0,:3086736518_0,2
1380.0,:3086736518_4,1
1380.0,:3086736518_6,1
1380.0,:655375232_2,4
1380.0,:655375233_4,2
1380.0,:655375238_2,1
1380.0,:655375238_6,1
1380.0,:cluster11510670762_4554226152_0,1
1380.0,:cluster622618015_622618108_622618112_622618144_#2more_42,1
1380.0,:cluster_3208478133_655375293_655375296_9631728504_#1more_8,5
1400.0,-300077497#5,27
1400.0,-300077497#8,4
1400.0,-35274074#2,11
1400.0,-49073264#1,1
1400.0,-51362429#1,3
1400.0,-51362430,18
1400.0,-593847703#3,19
1400.0,-E0,19
1400.0,1068234498#0,37
1400.0,1068234499#0,2
1400.0,1068440001,8
1400.0,238526531#0,24
1400.0,244450512#1,3
1400.0,288878926#0,5
1400.0,300077497#0,1
1400.0,30620492#0,18
1400.0,30620492#1,5
1400.0,484988951#0,3
1400.0,49073226#2,7
1400.0,49695736#0,5
1400.0,506322844#0,5
1400.0,506322846#0,1
1400.0,51362429#0,11
1400.0,593847703#0,9
1400.0,594658757#0,1
1400.0,:3086736518_0,1
1400.0,:3086736518_4,1
1400.0,:3086736518_6,1
1400.0,:655375233_0,2
1400.0,:655375233_4,2
1400.0,:655375238_2,1
1400.0,:655375238_3,1
1400.0,:cluster11510670762_4554226152_0,2
1400.0,:cluster655375336_end_0_655375336_end_1_655375336_end_10_655375336_end_11_#8more_25,1
1400.0,:cluster_2038168688_655375573_23,1
1400.0,:cluster_2038168688_655375573_3,1
1400.0,:cluster_2528018119_655375236_3,1
1400.0,:cluster_3431431575_4777363357_655375231_6982059025_5,1
1420.0,-300077497#5,24
1420.0,-300077497#8,4
1420.0,-35274074#2,11
1420.0,-49073264#1,1
1420.0,-51362429#1,3
1420.0,-51362430,19
1420.0,-593847703#3,18
1420.0,-593847704#2,1
1420.0,-E0,19
1420.0,1068234498#0,35
1420.0,1068234499#0,2
1420.0,1068440001,8
1420.0,182334379#0,1
1420.0,186602412#0,2
1420.0,238526531#0,26
1420.0,244450512#1,3
1420.0,300077497#0,7
1420.0,30620492#0,18
1420.0,30620492#1,5
1420.0,35274074#0,1
1420.0,484988951#0,4
1420.0,49073226#2,8
1420.0,49695736#0,6
1420.0,506322844#0,5
1420.0,51362429#0,14
1420.0,593847703#0,1
1420.0,594658757#0,1
1420.0,:1973482489_8,1
1420.0,:3086736518_0,1
1420.0,:3086736518_4,1
1420.0,:3086736518_6,1
1420.0,:655375232_8,1
1420.0,:655375233_4,3
1420.0,:655375238_2,1
1420.0,:655375238_3,1
1420.0,:655375238_6,1
1420.0,:cluster11510670762_4554226152_0,2
1420.0,:cluster_2528018119_655375236_17,1
1420.0,:cluster_2528018119_655375236_19,1
1420.0,:cluster_2528018119_655375236_3,2
1440.0,-300077497#5,24
1440.0,-300077497#8,4
1440.0,-35274074#2,11
1440.0,-49073264#1,1
1440.0,-51362429#1,9
1440.0,-51362430,19
1440.0,-593847703#3,15
1440.0,-E0,19
1440.0,1068234498#0,35
1440.0,1068234499#0,2
1440.0,1068440001,8
1440.0,182334378#0,1
1440.0,182334379#0,1
1440.0,186602412#0,1
1440.0,238526531#0,26
1440.0,244450512#1,3
1440.0,300077497#0,5
1440.0,30620492#0,18
1440.0,30620492#1,5
1440.0,35274074#0,1
1440.0,484988951#0,4
1440.0,49073226#2,8
1440.0,49695736#0,6
1440.0,506322844#0,5
1440.0,506322846#0,3
1440.0,51362429#0,17
1440.0,593847702#0,1
1440.0,594658757#0,1
1440.0,:3086736518_0,1
1440.0,:3086736518_6,1
1440.0,:655375233_4,1
1440.0,:655375238_2,1
1440.0,:655375238_3,1
1440.0,:655375238_6,1
1440.0,:cluster11510670762_4554226152_0,2
1440.0,:cluster_2038168688_655375573_23,1
1460.0,-300077497#5,27
1460.0,-300077497#8,4
1460.0,-35274074#2,11
1460.0,-49073264#1,1
1460.0,-51362429#1,9
1460.0,-51362430,19
1460.0,-593847703#3,17
1460.0,-E0,19
1460.0,1068234498#0,35
1460.0,1068440001,8
1460.0,182334379#0,1
1460.0,186602412#0,4
1460.0,238526531#0,26
1460.0,244450512#1,3
1460.0,300077497#0,8
1460.0,30620492#0,18
1460.0,30620492#1,5
1460.0,35274074#0,4
1460.0,484988951#0,4
1460.0,49073226#2,8
1460.0,49073272#3,1
1460.0,506322844#0,5
1460.0,51362429#0,17
1460.0,594658757#0,1
1460.0,:3086736518_0,1
1460.0,:3086736518_6,1
1460.0,:655375233_4,1
1460.0,:655375238_1,1
1460.0,:655375238_3,1
1460.0,:655375239_6,1
1460.0,:cluster11510670762_4554226152_0,2
1460.0,:cluster_3208478133_655375293_655375296_9631728504_#1more_10,1
1480.0,-300077497#5,27
1480.0,-300077497#8,4
1480.0,-35274074#2,12
1480.0,-51362429#1,9
1480.0,-51362430,19
1480.0,-593847703#3,17
1480.0,-E0,19
1480.0,1068234498#0,35
1480.0,1068440001,8
1480.0,182334379#0,1
1480.0,238526531#0,25
1480.0,244450512#1,3
1480.0,263217604#0,1
1480.0,300077497#0,1
1480.0,30620492#0,18
1480.0,30620492#1,5
1480.0,35274074#0,11
1480.0,484988951#0,5
1480.0,49073226#2,8
1480.0,49073272#3,1
1480.0,506322844#0,5
1480.0,51362429#0,17
1480.0,594658757#0,1
1480.0,:3086736518_0,1
1480.0,:3086736518_6,1
1480.0,:655375233_4,1
1480.0,:655375238_6,1
1480.0,:cluster11510670762_4554226152_0,2
1500.0,-300077497#5,23
1500.0,-300077497#8,4
1500.0,-35274074#2,7
1500.0,-51362429#1,9
1500.0,-51362430,17
1500.0,-593847703#3,21
1500.0,-E0,19
1500.0,1068234498#0,34
1500.0,1068440001,5
1500.0,182334379#0,1
1500.0,238526531#0,25
1500.0,244450512#1,2
1500.0,260881642#0,3
1500.0,288878926#0,2
1500.0,300077497#6,2
1500.0,30620492#0,18
1500.0,30620492#1,5
1500.0,35274074#0,1
1500.0,360018417,1
1500.0,360843888,1
1500.0,484988951#0,3
1500.0,49073226#2,6
1500.0,49695736#0,3
1500.0,506322844#0,5
1500.0,506322846#0,8
1500.0,51362429#0,10
1500.0,593844221#0,1
1500.0,593847703#0,1
1500.0,593847704#0,1
1500.0,594658757#0,1
1500.0,:3086736518_0,2
1500.0,:655375232_2,4
1500.0,:655375233_0,1
1500.0,:655375233_4,1
1500.0,:cluster655375336_end_0_655375336_end_1_655375336_end_10_655375336_end_11_#8more_25,1
1500.0,:cluster_2038168688_655375573_24,1
1500.0,:cluster_2038168688_655375573_3,2
1500.0,:cluster_2038168688_655375573_6,1
1500.0,:cluster_2528018119_655375236_3,1
1500.0,:cluster_3208478133_655375293_655375296_9631728504_#1more_8,2
1500.0,:cluster_3431431575_4777363357_655375231_6982059025_5,1
1520.0,-300077497#5,21
1520.0,-300077497#8,1
1520.0,-35274074#2,7
1520.0,-51362429#1,4
1520.0,-51362430,11
1520.0,-593847703#3,24
1520.0,-593847704#2,2
1520.0,-E0,19
1520.0,1068234498#0,34
1520.0,1068440001,4
1520.0,186602412#0,5
1520.0,238526531#0,26
1520.0,244450512#1,2
1520.0,260881642#0,4
1520.0,288878926#0,4
1520.0,300077497#0,4
1520.0,300077497#6,2
1520.0,30620492#0,18
1520.0,30620492#1,5
1520.0,360843888,1
1520.0,484988951#0,4
1520.0,49073226#2,5
1520.0,49695736#0,6
1520.0,506322844#0,5
1520.0,506322846#0,7
1520.0,51362429#0,13
1520.0,593844221#0,2
1520.0,593847703#0,1
1520.0,593847704#0,1
1520.0,594658757#0,1
1520.0,:1973482489_3,1
1520.0,:3086736518_0,1
1520.0,:655375232_2,2
1520.0,:655375233_4,1
1520.0,:655375238_1,1
1520.0,:655375238_5,1
1520.0,:656132414_2,1
1520.0,:cluster11510670762_4554226152_0,1
1520.0,:cluster622618015_622618108_622618112_622618144_#2more_49,1
1520.0,:cluster_2528018119_655375236_19,1
1520.0,:cluster_3208478133_655375293_655375296_9631728504_#1more_8,5
1520.0,:cluster_3431431575_4777363357_655375231_6982059025_3,1
1520.0,:cluster_5372642442_631668976_631668981_631669076_45,1
1520.0,:cluster_623980147_623980152_4,1
1540.0,-300077497#5,23
1540.0,-300077497#8,2
1540.0,-35274074#2,9
1540.0,-51362429#1,5
1540.0,-51362430,11
1540.0,-593847703#3,17
1540.0,-E0,19
1540.0,1068234498#0,36
1540.0,1068440001,8
1540.0,182334378#0,1
1540.0,186602412#0,4
1540.0,238526531#0,22
1540.0,244450512#1,3
1540.0,260881642#0,4
1540.0,288878926#0,11
1540.0,300077497#0,2
1540.0,300077497#6,2
1540.0,30620492#0,18
1540.0,30620492#1,5
1540.0,35274074#0,5
1540.0,360843888,1
1540.0,484988951#0,4
1540.0,49073226#2,3
1540.0,49695736#0,6
1540.0,506322844#0,2
1540.0,51362429#0,15
1540.0,593844221#0,1
1540.0,593847703#0,1
1540.0,593847704#0,1
1540.0,594658757#0,1
1540.0,:1973482489_3,1
1540.0,:3086736518_0,1
1540.0,:655375232_2,2
1540.0,:655375232_8,1
1540.0,:655375238_2,1
1540.0,:655375238_5,1
1540.0,:655375239_5,2
1540.0,:656132414_2,1
1540.0,:cluster11510670762_4554226152_0,1
1540.0,:cluster_2038168688_655375573_8,1
1540.0,:cluster_2528018119_655375236_20,1
1540.0,:cluster_3208478133_655375293_655375296_9631728504_#1more_8,5
1540.0,:cluster_3431431575_4777363357_655375231_6982059025_3,2
1540.0,:cluster_5372642442_631668976_631668981_631669076_45,1
1560.0,-300077497#5,27
1560.0,-300077497#8,4
1560.0,-35274074#2,12
1560.0,-51362429#1,1
1560.0,-51362430,18
1560.0,-593847703#3,17
1560.0,-E0,19
1560.0,1068234498#0,36
1560.0,1068440001,9
1560.0,182334378#0,1
1560.0,238526531#0,20
1560.0,244450512#1,3
1560.0,260881642#0,2
1560.0,288878926#0,13
1560.0,300077497#0,6
1560.0,300077497#6,2
1560.0,30620492#0,18
1560.0,30620492#1,5
1560.0,35274074#0,7
1560.0,360843888,1
1560.0,484988951#0,4
1560.0,49073226#2,8
1560.0,506322844#0,6
1560.0,51362429#0,16
1560.0,593844221#0,1
1560.0,593847703#0,1
1560.0,:3086736518_0,1
1560.0,:655375232_2,2
1560.0,:655375238_1,1
1560.0,:cluster11510670762_4554226152_0,1
1560.0,:cluster622618015_622618108_622618112_622618144_#2more_39,1
1560.0,:cluster_3208478133_655375293_655375296_9631728504_#1more_8,5
1560.0,:cluster_5372642442_631668976_631668981_631669076_45,1
1580.0,-300077497#5,23
1580.0,-300077497#8,4
1580.0,-35274074#2,11
1580.0,-51362429#1,1
1580.0,-51362430,19
1580.0,-593847703#3,19
1580.0,-E0,18
1580.0,1068234498#0,36
1580.0,1068440001,9
1580.0,238526531#0,22
1580.0,244450512#1,3
1580.0,244450512#5,1
1580.0,288878926#0,13
1580.0,300077497#0,1
1580.0,30620492#0,18
1580.0,30620492#1,4
1580.0,35274074#0,10
1580.0,484988951#0,4
1580.0,49073226#2,8
1580.0,506322844#0,7
1580.0,506322846#0,1
1580.0,51362429#0,17
1580.0,593844221#0,1
1580.0,:3086736518_0,1
1580.0,:3086736518_6,1
1580.0,:655375232_2,2
1580.0,:655375238_3,1
1580.0,:cluster11510670762_4554226152_0,1
1580.0,:cluster655375336_end_0_655375336_end_1_655375336_end_10_655375336_end_11_#8more_25,2
1580.0,:cluster655375336_end_0_655375336_end_1_655375336_end_10_655375336_end_11_#8more_6,1
1580.0,:cluster_2038168688_655375573_23,1
1580.0,:cluster_2038168688_655375573_3,1
1580.0,:cluster_2038168688_655375573_6,1
1580.0,:cluster_2528018119_655375236_17,1
1580.0,:cluster_2528018119_655375236_31,1
1580.0,:cluster_3208478133_655375293_655375296_9631728504_#1more_8,3
1580.0,:cluster_9383263990_9383263991_9383263992_9383263993_13,1
1600.0,-300077497#5,23
1600.0,-300077497#8,4
1600.0,-35274074#2,11
1600.0,-51362429#1,1
1600.0,-51362430,19
1600.0,-593847703#3,20
1600.0,-593847704#2,2
1600.0,-E0,18
1600.0,1068234498#0,30
1600.0,1068440001,8
1600.0,186602412#0,3
1600.0,238526531#0,27
1600.0,244450512#1,3
1600.0,244450512#5,1
1600.0,288878926#0,7
1600.0,30620492#0,17
1600.0,30620492#1,5
1600.0,35274074#0,1
1600.0,484988951#0,4
1600.0,49073226#2,8
1600.0,49695736#0,6
1600.0,506322844#0,7
1600.0,506322846#0,10
1600.0,51362429#0,9
1600.0,51362430,1
1600.0,593847703#0,4
1600.0,593849711#0,2
1600.0,:1973482489_8,1
1600.0,:3086736518_6,1
1600.0,:655375232_2,4
1600.0,:655375233_0,3
1600.0,:656132414_3,1
1600.0,:cluster11510670762_4554226152_0,2
1600.0,:cluster_5372642442_631668976_631668981_631669076_26,1
1600.0,:cluster_9383263990_9383263991_9383263992_9383263993_13,1
1620.0,-300077497#5,27
1620.0,-35274074#2,10
1620.0,-51362429#1,1
1620.0,-51362430,19
1620.0,-593847703#3,20
1620.0,-E0,19
1620.0,1068234498#0,31
1620.0,1068440001,8
1620.0,186602412#0,4
1620.0,238526531#0,28
1620.0,244450512#1,3
1620.0,244450512#5,1
1620.0,288878926#0,5
1620.0,300077497#0,2
1620.0,30620492#0,18
1620.0,30620492#1,5
1620.0,484988951#0,3
1620.0,49073226#2,9
1620.0,49695736#0,6
1620.0,506322844#0,7
1620.0,506322846#0,4
1620.0,51362429#0,13
1620.0,593847703#0,9
1620.0,:1973482489_3,1
1620.0,:3086736518_0,1
1620.0,:3086736518_6,1
1620.0,:655375238_2,1
1620.0,:cluster11510670762_4554226152_0,2
1620.0,:cluster_3431431575_4777363357_655375231_6982059025_7,1
1620.0,:cluster_9383263990_9383263991_9383263992_9383263993_13,1
1640.0,-1334905223#2,1
1640.0,-300077497#5,27
1640.0,-300077497#8,4
1640.0,-35274074#2,12
1640.0,-51362429#1,4
1640.0,-51362430,19
1640.0,-593847703#3,14
1640.0,-E0,19
1640.0,1068234498#0,32
1640.0,1068440001,8
1640.0,186602412#0,3
1640.0,238526531#0,23
1640.0,244450512#1,3
1640.0,244450512#5,1
1640.0,263217604#0,2
1640.0,288878926#0,5
1640.0,300077497#0,6
1640.0,30620492#0,18
1640.0,30620492#1,5
1640.0,35274074#0,2
1640.0,484988951#0,4
1640.0,49073226#2,10
1640.0,506322844#0,5
1640.0,51362429#0,13
1640.0,593847703#0,9
1640.0,:3086736518_0,1
1640.0,:3086736518_4,1
1640.0,:3086736518_6,1
1640.0,:655375232_8,1
1640.0,:655375233_4,1
1640.0,:655375238_2,1
1640.0,:655375241_0,2
1640.0,:cluster11510670762_4554226152_0,2
1660.0,-300077497#5,27
1660.0,-300077497#8,4
1660.0,-35274074#2,11
1660.0,-51362429#1,7
1660.0,-51362430,19
1660.0,-593847703#3,14
1660.0,-E0,19
1660.0,1068234498#0,34
1660.0,1068440001,8
1660.0,238526531#0,23
1660.0,244450512#1,3
1660.0,244450512#5,1
1660.0,263217604#0,2
1660.0,288878926#0,5
1660.0,30620492#0,18
1660.0,30620492#1,5
1660.0,35274074#0,8
1660.0,484988951#0,4
1660.0,49073226#2,10
1660.0,506322844#0,6
1660.0,51362429#0,13
1660.0,593847703#0,9
1660.0,:3086736518_0,1
1660.0,:3086736518_6,1
1660.0,:655375238_2,1
1660.0,:655375238_3,1
1660.0,:cluster11510670762_4554226152_0,2
1680.0,-300077497#5,21
1680.0,-300077497#8,4
1680.0,-35274074#2,11
1680.0,-51362429#1,7
1680.0,-51362430,18
1680.0,-593847703#3,20
1680.0,-E0,19
1680.0,1068234498#0,32
1680.0,1068440001,4
1680.0,1239087513,1
1680.0,238526531#0,25
1680.0,244450512#1,2
1680.0,260881642#0,3
1680.0,288135626#0,1
1680.0,288878926#0,3
1680.0,300077497#0,7
1680.0,30620492#0,18
1680.0,30620492#1,5
1680.0,484988951#0,4
1680.0,49073226#2,10
1680.0,49695736#0,2
1680.0,506322844#0,6
1680.0,506322846#0,8
1680.0,51362429#0,15
1680.0,51362430,1
1680.0,593844221#0,1
1680.0,593849711#0,1
1680.0,594658757#0,1
1680.0,594658760#0,1
1680.0,:3086736518_0,1
1680.0,:3086736518_6,1
1680.0,:655375238_2,1
1680.0,:655375238_3,1
1680.0,:cluster655375336_end_0_655375336_end_1_655375336_end_10_655375336_end_11_#8more_25,2
1680.0,:cluster_2528018119_655375236_27,1
1680.0,:cluster_2528018119_655375236_3,1
1680.0,:cluster_2664674491_655375287_655375288_5,1
1680.0,:cluster_3208478133_655375293_655375296_9631728504_#1more_8,1
1680.0,:cluster_5372642442_631668976_631668981_631669076_45,1
1700.0,-300077497#5,22
1700.0,-300077497#8,2
1700.0,-35274074#2,11
1700.0,-51362429#1,7
1700.0,-51362430,10
1700.0,-593847703#3,21
1700.0,-E0,19
1700.0,1068234498#0,32
1700.0,1068234499#0,1
1700.0,1068440001,2
1700.0,182334379#0,1
1700.0,186602412#0,4
1700.0,238526531#0,28
1700.0,244450512#1,2
1700.0,260881642#0,4
1700.0,300077497#0,4
1700.0,30620492#0,18
1700.0,30620492#1,5
1700.0,35274074#0,1
1700.0,484988951#0,4
1700.0,49073226#2,10
1700.0,49695736#0,10
1700.0,506322844#0,6
1700.0,506322846#0,1
1700.0,51362429#0,12
1700.0,593844221#0,1
1700.0,593847703#0,1
1700.0,593847704#0,1
1700.0,594658757#0,1
1700.0,594658760#0,1
1700.0,:1973482489_8,1
1700.0,:3086736518_0,2
1700.0,:3086736518_6,1
1700.0,:655375232_2,2
1700.0,:655375238_1,1
1700.0,:655375238_3,1
1700.0,:655375238_5,1
1700.0,:656132414_2,1
1700.0,:cluster11510670762_4554226152_0,1
1700.0,:cluster_2038168688_655375573_23,1
1700.0,:cluster_2038168688_655375573_3,1
1700.0,:cluster_3208478133_655375293_655375296_9631728504_#1more_8,4
1700.0,:cluster_5372642442_631668976_631668981_631669076_26,1
1720.0,-300077497#5,26
1720.0,-300077497#8,1
1720.0,-35274074#2,11
1720.0,-51362429#1,7
1720.0,-51362430,11
1720.0,-593847703#3,21
1720.0,-E0,19
1720.0,1068234498#0,34
1720.0,1068440001,6
1720.0,1068440004#1,1
1720.0,186602412#0,2
1720.0,238526531#0,27
1720.0,263217604#0,1
1720.0,300077497#0,3
1720.0,300077497#6,1
1720.0,30620492#0,18
1720.0,30620492#1,5
1720.0,35274074#0,3
1720.0,484988951#0,3
1720.0,49073226#2,10
1720.0,49695736#0,7
1720.0,506322844#0,3
1720.0,506322848#0,1
1720.0,51362429#0,8
1720.0,593844221#0,1
1720.0,593847703#0,8
1720.0,593847704#0,2
1720.0,594658760#0,1
1720.0,:1973482489_3,1
1720.0,:3086736518_0,2
1720.0,:655375238_1,1
1720.0,:655375238_5,1
1720.0,:655375239_5,1
1720.0,:cluster11510670762_4554226152_0,1
1720.0,:cluster655375336_end_0_655375336_end_1_655375336_end_10_655375336_end_11_#8more_25,1
1720.0,:cluster_2528018119_655375236_12,1
1720.0,:cluster_2528018119_655375236_20,1
1720.0,:cluster_2528018119_655375236_32,1
1720.0,:cluster_3208478133_655375293_655375296_9631728504_#1more_8,4
1720.0,:cluster_3431431575_4777363357_655375231_6982059025_5,1
1720.0,:cluster_9383263990_9383263991_9383263992_9383263993_7,2
1740.0,-300077497#5,27
1740.0,-300077497#8,4
1740.0,-35274074#2,12
1740.0,-51362429#1,7
1740.0,-51362430,16
1740.0,-593847703#3,16
1740.0,-E0,19
1740.0,1068234498#0,36
1740.0,1068440001,6
1740.0,1068440004#1,1
1740.0,238526531#0,25
1740.0,263217604#0,2
1740.0,288878926#0,4
1740.0,300077497#0,6
1740.0,300077497#6,1
1740.0,30620492#0,18
1740.0,30620492#1,5
1740.0,35274074#0,7
1740.0,484988951#0,4
1740.0,49073226#2,7
1740.0,49695736#0,1
1740.0,506322844#0,5
1740.0,506322847#0,1
1740.0,51362429#0,12
1740.0,593844221#0,1
1740.0,593847703#0,8
1740.0,594658760#0,1
1740.0,:3086736518_0,2
1740.0,:3086736518_4,1
1740.0,:655375232_8,1
1740.0,:655375233_2,1
1740.0,:655375233_4,1
1740.0,:655375238_1,1
1740.0,:cluster11510670762_4554226152_0,1
1740.0,:cluster622618015_622618108_622618112_622618144_#2more_37,1
1740.0,:cluster622618015_622618108_622618112_622618144_#2more_39,1
1740.0,:cluster_2528018119_655375236_12,1
1740.0,:cluster_2528018119_655375236_20,1
1740.0,:cluster_2528018119_655375236_32,1
1740.0,:cluster_3208478133_655375293_655375296_9631728504_#1more_8,5
1740.0,:cluster_3431431575_4777363357_655375231_6982059025_3,1
1760.0,-300077497#5,24
1760.0,-300077497#8,4
1760.0,-35274074#2,12
1760.0,-506322847#4,1
1760.0,-51362429#1,3
1760.0,-51362430,15
1760.0,-593847703#3,17
1760.0,-E0,19
1760.0,1068234498#0,38
1760.0,1068440001,10
1760.0,238526531#0,25
1760.0,263217604#0,2
1760.0,288878926#0,10
1760.0,300077497#0,5
1760.0,30620492#0,18
1760.0,30620492#1,5
1760.0,35274074#0,10
1760.0,360018417,1
1760.0,484988951#0,4
1760.0,49073226#2,5
1760.0,506322844#0,5
1760.0,51362429#0,12
1760.0,593844221#0,1
1760.0,593847702#0,2
1760.0,593847703#0,4
1760.0,594658760#0,1
1760.0,:3086736518_0,2
1760.0,:3086736518_4,1
1760.0,:655375238_6,1
1760.0,:cluster11510670762_4554226152_0,1
1760.0,:cluster_2038168688_655375573_3,2
1760.0,:cluster_2038168688_655375573_6,2
1760.0,:cluster_2528018119_655375236_17,1
1760.0,:cluster_2528018119_655375236_19,1
1760.0,:cluster_2528018119_655375236_3,2
1760.0,:cluster_3208478133_655375293_655375296_9631728504_#1more_8,5
1760.0,:cluster_3431431575_4777363357_655375231_6982059025_3,2
1760.0,:cluster_623980147_623980152_9,1
1780.0,-300077497#5,23
1780.0,-300077497#8,4
1780.0,-35274074#2,12
1780.0,-51362430,19
1780.0,-593847703#3,18
1780.0,-E0,19
1780.0,1068234498#0,35
1780.0,1068234499#0,2
1780.0,1068440001,9
1780.0,182334378#0,1
1780.0,186602412#0,1
1780.0,196961377#3,1
1780.0,238526531#0,26
1780.0,244450512#4,1
1780.0,288135626#0,2
1780.0,288878926#0,7
1780.0,300077497#0,5
1780.0,300077497#6,1
1780.0,30620492#0,18
1780.0,30620492#1,5
1780.0,35274074#0,6
1780.0,484988951#0,4
1780.0,49073226#2,7
1780.0,49695736#0,5
1780.0,506322844#0,5
1780.0,506322846#0,11
1780.0,51362429#0,15
1780.0,593847702#0,2
1780.0,593849711#0,1
1780.0,594658757#0,1
1780.0,594658760#0,1
1780.0,:1973482489_8,1
1780.0,:3086736518_0,2
1780.0,:3086736518_4,1
1780.0,:cluster11510670762_4554226152_0,2
1780.0,:cluster655375336_end_0_655375336_end_1_655375336_end_10_655375336_end_11_#8more_25,1
1780.0,:cluster_2038168688_655375573_24,1
1780.0,:cluster_2038168688_655375573_6,1
1780.0,:cluster_2528018119_655375236_17,1
1780.0,:cluster_623980147_623980152_4,1
1800.0,-300077497#5,25
1800.0,-300077497#8,2
1800.0,-35274074#2,11
1800.0,-51362430,18
1800.0,-593847703#3,19
1800.0,-E0,18
1800.0,1068234498#0,36
1800.0,1068234499#0,4
1800.0,1068440001,10
1800.0,182334378#0,1
1800.0,186602412#0,4
1800.0,238526531#0,26
1800.0,244450512#5,1
1800.0,288878926#0,8
1800.0,300077497#6,1
1800.0,30620492#0,18
1800.0,30620492#1,5
1800.0,35274074#0,4
1800.0,484988951#0,3
1800.0,49073226#2,5
1800.0,49695736#0,6
1800.0,506322844#0,5
1800.0,506322846#0,11
1800.0,51362429#0,14
1800.0,593847702#0,2
1800.0,594658757#0,1
1800.0,594658760#0,1
1800.0,:1973482489_3,1
1800.0,:3086736518_0,1
1800.0,:3086736518_4,1
1800.0,:3086736518_6,1
1800.0,:655375232_2,2
1800.0,:655375233_0,1
1800.0,:655375238_3,1
1800.0,:cluster11510670762_4554226152_0,2
1800.0,:cluster_2038168688_655375573_23,1
1800.0,:cluster_2038168688_655375573_3,1
1800.0,:cluster_3431431575_4777363357_655375231_6982059025_5,1
1820.0,-300077497#5,27
1820.0,-300077497#8,4
1820.0,-35274074#2,12
1820.0,-49073264#1,1
1820.0,-51362430,19
1820.0,-593847703#3,19
1820.0,-E0,18
1820.0,1068234498#0,37
1820.0,1068234499#0,2
1820.0,1068440001,10
1820.0,182334378#0,1
1820.0,186602412#0,5
1820.0,238526531#0,23
1820.0,244450512#5,1
1820.0,288878926#0,8
1820.0,300077497#0,6
1820.0,300077497#6,3
1820.0,30620492#0,18
1820.0,30620492#1,5
1820.0,35274074#0,4
1820.0,484988951#0,4
1820.0,49073226#2,5
1820.0,49073264#0,1
1820.0,506322844#0,5
1820.0,506322846#0,7
1820.0,51362429#0,10
1820.0,593847703#0,10
1820.0,594658757#0,1
1820.0,594658760#0,1
1820.0,:3086736518_0,1
1820.0,:3086736518_4,1
1820.0,:3086736518_6,1
1820.0,:655375232_2,1
1820.0,:655375241_0,1
1820.0,:cluster11510670762_4554226152_0,2
1820.0,:cluster_2528018119_655375236_12,1
1820.0,:cluster_2528018119_655375236_29,1
1840.0,-300077497#5,27
1840.0,-300077497#8,4
1840.0,-35274074#2,12
1840.0,-51362429#1,1
1840.0,-51362430,19
1840.0,-593847703#3,16
1840.0,-E0,20
1840.0,1068234498#0,37
1840.0,1068440001,10
1840.0,182334378#0,1
1840.0,186602412#0,4
1840.0,238526531#0,23
1840.0,244450512#5,1
1840.0,288878926#0,8
1840.0,300077497#0,4
1840.0,30620492#0,18
1840.0,30620492#1,5
1840.0,35274074#0,8
1840.0,484988951#0,4
1840.0,49073226#2,5
1840.0,506322844#0,6
1840.0,51362429#0,12
1840.0,593847703#0,10
1840.0,:1973482489_8,1
1840.0,:3086736518_0,1
1840.0,:3086736518_4,1
1840.0,:3086736518_6,1
1840.0,:655375232_2,1
1840.0,:655375233_4,2
1840.0,:655375238_1,1
1840.0,:655375238_6,1
1840.0,:cluster11510670762_4554226152_0,2
1840.0,:cluster622618015_622618108_622618112_622618144_#2more_17,1
1840.0,:cluster655375336_end_0_655375336_end_1_655375336_end_10_655375336_end_11_#8more_21,1
1860.0,-300077497#5,20
1860.0,-300077497#8,4
1860.0,-35274074#2,8
1860.0,-51362429#1,6
1860.0,-51362430,18
1860.0,-593847703#3,16
1860.0,-E0,20
1860.0,1068234498#0,34
1860.0,1068440001,5
1860.0,182334378#0,1
1860.0,238526531#0,25
1860.0,288878926#0,6
1860.0,300077497#0,7
1860.0,300077497#6,2
1860.0,30620492#0,18
1860.0,30620492#1,5
1860.0,484988951#0,3
1860.0,49073226#2,5
1860.0,49695736#0,3
1860.0,506322844#0,6
1860.0,506322846#0,8
1860.0,51362429#0,13
1860.0,51362430,1
1860.0,593844221#0,1
1860.0,593847703#0,1
1860.0,593849711#0,1
1860.0,:3086736518_0,1
1860.0,:3086736518_6,1
1860.0,:655375232_2,1
1860.0,:655375238_3,1
1860.0,:656132414_2,1
1860.0,:cluster655375336_end_0_655375336_end_1_655375336_end_10_655375336_end_11_#8more_21,1
1860.0,:cluster655375336_end_0_655375336_end_1_655375336_end_10_655375336_end_11_#8more_25,1
1860.0,:cluster_2038168688_655375573_3,2
1860.0,:cluster_2528018119_655375236_17,1
1860.0,:cluster_2528018119_655375236_19,1
1860.0,:cluster_2528018119_655375236_3,2
1860.0,:cluster_3208478133_655375293_655375296_9631728504_#1more_8,2
1860.0,:cluster_3431431575_4777363357_655375231_6982059025_3,2
1860.0,:cluster_3431431575_4777363357_655375231_6982059025_5,1
1860.0,:cluster_5372642442_631668976_631668981_631669076_45,1
1880.0,-300077497#5,21
1880.0,-35274074#2,8
1880.0,-51362429#1,6
1880.0,-51362430,11
1880.0,-593847703#3,19
1880.0,-E0,20
1880.0,1068234498#0,33
1880.0,1068440001,3
1880.0,182334378#0,2
1880.0,186602412#0,4
1880.0,238526531#0,27
1880.0,300077497#0,7
1880.0,300077497#6,3
1880.0,30620492#0,18
1880.0,30620492#1,5
1880.0,484988951#0,4
1880.0,49073226#2,7
1880.0,49695736#0,11
1880.0,506322844#0,6
1880.0,506322846#0,4
1880.0,51362429#0,15
1880.0,:1973482489_8,1
1880.0,:3086736518_0,1
1880.0,:3086736518_6,1
1880.0,:655375232_2,1
1880.0,:655375238_1,1
1880.0,:655375238_5,1
1880.0,:656132414_2,1
1880.0,:cluster11510670762_4554226152_0,1
1880.0,:cluster655375336_end_0_655375336_end_1_655375336_end_10_655375336_end_11_#8more_21,1
1880.0,:cluster655375336_end_0_655375336_end_1_655375336_end_10_655375336_end_11_#8more_25,2
1880.0,:cluster_2038168688_655375573_3,1
1880.0,:cluster_3208478133_655375293_655375296_9631728504_#1more_8,2
1900.0,-300077497#5,23
1900.0,-300077497#8,1
1900.0,-35274074#2,11
1900.0,-51362429#1,6
1900.0,-51362430,6
1900.0,-593847703#3,19
1900.0,-E0,20
1900.0,1068234498#0,33
1900.0,1068440001,8
1900.0,182334378#0,2
1900.0,186602412#0,3
1900.0,238526531#0,21
1900.0,263217604#0,1
1900.0,300077497#0,4
1900.0,300077497#6,3
1900.0,30620492#0,17
1900.0,30620492#1,5
1900.0,35274074#0,5
1900.0,484988951#0,4
1900.0,49073226#2,7
1900.0,49695736#0,9
1900.0,506322844#0,2
1900.0,506322848#0,1
1900.0,51362429#0,16
1900.0,593844221#0,1
1900.0,:3086736518_0,1
1900.0,:3086736518_6,1
1900.0,:655375232_2,1
1900.0,:655375238_1,1
1900.0,:655375238_5,1
1900.0,:655375239_5,1
1900.0,:656132414_2,1
1900.0,:cluster11510670762_4554226152_0,1
1900.0,:cluster655375336_end_0_655375336_end_1_655375336_end_10_655375336_end_11_#8more_21,1
1900.0,:cluster655375336_end_0_655375336_end_1_655375336_end_10_655375336_end_11_#8more_25,1
1900.0,:cluster_2038168688_655375573_8,1
1900.0,:cluster_2528018119_655375236_20,1
1900.0,:cluster_2528018119_655375236_32,1
1900.0,:cluster_3208478133_655375293_655375296_9631728504_#1more_8,5
1900.0,:cluster_9383263990_9383263991_9383263992_9383263993_7,1
1920.0,-300077497#5,27
1920.0,-300077497#8,4
1920.0,-35274074#2,12
1920.0,-51362429#1,6
1920.0,-51362430,8
1920.0,-593847703#3,19
1920.0,-E0,20
1920.0,1068234498#0,34
1920.0,1068440001,9
1920.0,182334378#0,3
1920.0,238526531#0,21
1920.0,263217604#0,1
1920.0,300077497#0,8
1920.0,300077497#6,3
1920.0,30620492#0,18
1920.0,30620492#1,5
1920.0,35274074#0,9
1920.0,484988951#0,3
1920.0,49073226#2,8
1920.0,49695736#0,4
1920.0,506322844#0,4
1920.0,51362429#0,11
1920.0,593844221#0,1
1920.0,593847703#0,5
1920.0,593847704#0,1
1920.0,:3086736518_0,2
1920.0,:655375232_2,2
1920.0,:655375238_1,1
1920.0,:cluster11510670762_4554226152_0,1
1920.0,:cluster655375336_end_0_655375336_end_1_655375336_end_10_655375336_end_11_#8more_21,1
1920.0,:cluster_2528018119_655375236_20,1
1920.0,:cluster_3208478133_655375293_655375296_9631728504_#1more_8,5
1920.0,:cluster_3431431575_4777363357_655375231_6982059025_5,1
1940.0,-300077497#5,23
1940.0,-300077497#8,4
1940.0,-35274074#2,12
1940.0,-51362429#1,6
1940.0,-51362430,8
1940.0,-593847703#3,19
1940.0,-E0,20
1940.0,1068234498#0,34
1940.0,1068440001,9
1940.0,182334378#0,3
1940.0,238526531#0,21
1940.0,263217604#0,1
1940.0,300077497#0,7
1940.0,30620492#0,18
1940.0,30620492#1,5
1940.0,35274074#0,12
1940.0,484988951#0,4
1940.0,49073226#2,8
1940.0,49695736#0,1
1940.0,506322844#0,5
1940.0,51362429#0,13
1940.0,593844221#0,1
1940.0,593847703#0,2
1940.0,593849718#0,1
1940.0,:3086736518_0,2
1940.0,:655375232_2,2
1940.0,:655375233_4,2
1940.0,:655375238_6,1
1940.0,:cluster11510670762_4554226152_0,1
1940.0,:cluster655375336_end_0_655375336_end_1_655375336_end_10_655375336_end_11_#8more_21,1
1940.0,:cluster_2038168688_655375573_23,1
1940.0,:cluster_2038168688_655375573_24,1
1940.0,:cluster_2038168688_655375573_3,1
1940.0,:cluster_2038168688_655375573_6,1
1940.0,:cluster_2528018119_655375236_17,2
1940.0,:cluster_2528018119_655375236_3,1
1940.0,:cluster_3208478133_655375293_655375296_9631728504_#1more_8,5
1960.0,-300077497#5,18
1960.0,-300077497#8,4
1960.0,-35274074#2,12
1960.0,-51362429#1,10
1960.0,-51362430,8
1960.0,-593847703#3,20
1960.0,-E0,20
1960.0,1068234498#0,28
1960.0,1068440001,9
1960.0,182334378#0,5
1960.0,186602412#0,2
1960.0,238526531#0,25
1960.0,300077497#0,2
1960.0,30620492#0,18
1960.0,30620492#1,5
1960.0,35274074#0,8
1960.0,484988951#0,4
1960.0,49073226#2,8
1960.0,49695736#0,1
1960.0,506322844#0,5
1960.0,506322846#0,11
1960.0,51362429#0,16
1960.0,593844221#0,1
1960.0,594658757#0,1
1960.0,:1973482489_8,1
1960.0,:3086736518_0,2
1960.0,:3086736518_3,1
1960.0,:3086736518_4,1
1960.0,:655375232_2,2
1960.0,:655375238_1,1
1960.0,:cluster11510670762_4554226152_0,1
1960.0,:cluster655375336_end_0_655375336_end_1_655375336_end_10_655375336_end_11_#8more_21,1
1960.0,:cluster655375336_end_0_655375336_end_1_655375336_end_10_655375336_end_11_#8more_25,2
1960.0,:cluster_2038168688_655375573_23,1
1960.0,:cluster_2038168688_655375573_3,1
1960.0,:cluster_3208478133_655375293_655375296_9631728504_#1more_8,3
1960.0,:cluster_5372642442_631668976_631668981_631669076_45,2
1980.0,-300077497#5,22
1980.0,-35274074#2,11
1980.0,-51362429#1,6
1980.0,-51362430,8
1980.0,-593847703#3,20
1980.0,-E0,20
1980.0,1068234498#0,28
1980.0,1068234499#0,1
1980.0,1068440001,8
1980.0,182334378#0,5
1980.0,186602412#0,5
1980.0,238526531#0,28
1980.0,288135626#0,1
1980.0,288878926#0,6
1980.0,30620492#0,18
1980.0,30620492#1,5
1980.0,35274074#0,3
1980.0,484988951#0,4
1980.0,49073226#2,4
1980.0,49695736#0,7
1980.0,506322844#0,5
1980.0,506322846#0,13
1980.0,51362429#0,17
1980.0,594658757#0,1
1980.0,:1973482489_3,1
1980.0,:3086736518_0,2
1980.0,:3086736518_3,1
1980.0,:3086736518_4,1
1980.0,:655375232_2,2
1980.0,:655375238_3,1
1980.0,:cluster11510670762_4554226152_0,2
1980.0,:cluster655375336_end_0_655375336_end_1_655375336_end_10_655375336_end_11_#8more_21,1
1980.0,:cluster_2038168688_655375573_3,1
1980.0,:cluster_3431431575_4777363357_655375231_6982059025_3,2
2000.0,-1334905223#2,1
2000.0,-300077497#5,27
2000.0,-300077497#8,1
2000.0,-35274074#2,12
2000.0,-51362430,8
2000.0,-593847703#3,20
2000.0,-E0,20
2000.0,1068234498#0,33
2000.0,1068440001,8
2000.0,182334378#0,5
2000.0,186602412#0,5
2000.0,238526531#0,24
2000.0,263217604#0,1
2000.0,288878926#0,12
2000.0,300077497#0,6
2000.0,300077497#6,1
2000.0,30620492#0,18
2000.0,30620492#1,5
2000.0,35274074#0,3
2000.0,484988951#0,4
2000.0,49073226#2,5
2000.0,506322840#0,1
2000.0,506322844#0,2
2000.0,506322846#0,8
2000.0,51362429#0,17
2000.0,594658757#0,1
2000.0,:3086736518_0,2
2000.0,:3086736518_3,1
2000.0,:3086736518_4,1
2000.0,:655375232_2,2
2000.0,:655375239_5,1
2000.0,:655375241_0,1
2000.0,:cluster11510670762_4554226152_0,2
2000.0,:cluster655375336_end_0_655375336_end_1_655375336_end_10_655375336_end_11_#8more_21,1
2000.0,:cluster_2528018119_655375236_12,2
2000.0,:cluster_2528018119_655375236_20,1
2000.0,:cluster_623980147_623980152_9,1
2020.0,-300077497#5,27
2020.0,-300077497#8,3
2020.0,-35274074#2,12
2020.0,-51362430,8
2020.0,-593847703#3,20
2020.0,-E0,20
2020.0,1068234498#0,35
2020.0,1068440001,8
2020.0,182334378#0,5
2020.0,186602412#0,6
2020.0,238526531#0,24
2020.0,263217604#0,2
2020.0,288878926#0,13
2020.0,300077497#0,3
2020.0,30620492#0,18
2020.0,30620492#1,5
2020.0,35274074#0,8
2020.0,484988951#0,3
2020.0,49073226#2,5
2020.0,506322844#0,6
2020.0,506322846#0,1
2020.0,51362429#0,10
2020.0,593847703#0,6
2020.0,594658757#0,1
2020.0,:3086736518_3,1
2020.0,:3086736518_4,1
2020.0,:655375232_2,2
2020.0,:655375233_0,4
2020.0,:655375238_6,1
2020.0,:cluster11510670762_4554226152_0,2
2020.0,:cluster655375336_end_0_655375336_end_1_655375336_end_10_655375336_end_11_#8more_21,1
2020.0,:cluster_3431431575_4777363357_655375231_6982059025_5,1
2040.0,-300077497#5,26
2040.0,-300077497#8,3
2040.0,-35274074#2,9
2040.0,-51362430,6
2040.0,-593847703#3,21
2040.0,-E0,20
2040.0,1068234498#0,33
2040.0,1068440001,5
2040.0,182334378#0,5
2040.0,238526531#0,25
2040.0,288135626#0,1
2040.0,288878926#0,11
2040.0,300077497#0,8
2040.0,300077497#6,1
2040.0,30620492#0,18
2040.0,30620492#1,5
2040.0,35274074#0,2
2040.0,360843888,1
2040.0,484988951#0,4
2040.0,49073226#2,5
2040.0,49695736#0,3
2040.0,506322844#0,6
2040.0,506322846#0,6
2040.0,51362429#0,12
2040.0,593847703#0,1
2040.0,593849711#0,1
2040.0,594658757#0,1
2040.0,594658760#0,1
2040.0,:3086736518_3,1
2040.0,:3086736518_4,1
2040.0,:655375232_2,1
2040.0,:cluster655375336_end_0_655375336_end_1_655375336_end_10_655375336_end_11_#8more_21,1
2040.0,:cluster655375336_end_0_655375336_end_1_655375336_end_10_655375336_end_11_#8more_25,2
2040.0,:cluster_2038168688_655375573_3,2
2040.0,:cluster_2528018119_655375236_3,2
2040.0,:cluster_3208478133_655375293_655375296_9631728504_#1more_8,2
2040.0,:cluster_5372642442_631668976_631668981_631669076_26,1
2060.0,-300077497#5,23
2060.0,-300077497#8,2
2060.0,-35274074#2,9
2060.0,-51362429#1,3
2060.0,-593847703#3,18
2060.0,-E0,20
2060.0,1068234498#0,32
2060.0,1068234499#0,1
2060.0,1068440001,2
2060.0,182334378#0,5
2060.0,186602412#0,5
2060.0,238526531#0,27
2060.0,288878926#0,5
2060.0,300077497#0,5
2060.0,300077497#6,1
2060.0,30620492#0,18
2060.0,30620492#1,5
2060.0,35274074#0,1
2060.0,360843888,1
2060.0,484988951#0,3
2060.0,49073226#2,6
2060.0,49695736#0,12
2060.0,506322844#0,6
2060.0,506322846#0,6
2060.0,51362429#0,14
2060.0,593844221#0,1
2060.0,593847702#0,1
2060.0,593847704#0,1
2060.0,594658757#0,1
2060.0,594658760#0,1
2060.0,:655375232_2,1
2060.0,:655375238_6,1
2060.0,:cluster655375336_end_0_655375336_end_1_655375336_end_10_655375336_end_11_#8more_21,1
2060.0,:cluster655375336_end_0_655375336_end_1_655375336_end_10_655375336_end_11_#8more_25,1
2060.0,:cluster_2038168688_655375573_23,1
2060.0,:cluster_2528018119_655375236_17,1
2060.0,:cluster_2528018119_655375236_19,1
2060.0,:cluster_3208478133_655375293_655375296_9631728504_#1more_8,2
2060.0,:cluster_3431431575_4777363357_655375231_6982059025_3,1
2060.0,:cluster_3431431575_4777363357_655375231_6982059025_5,1
2060.0,:cluster_5372642442_631668976_631668981_631669076_45,1
2080.0,-300077497#5,23
2080.0,-300077497#8,4
2080.0,-35274074#2,10
2080.0,-51362429#1,3
2080.0,-593847703#3,19
2080.0,-E0,20
2080.0,1068234498#0,31
2080.0,182334378#0,6
2080.0,186602412#0,5
2080.0,238526531#0,23
2080.0,263217604#0,1
2080.0,288878926#0,5
2080.0,300077497#0,2
2080.0,300077497#6,2
2080.0,30620492#0,18
2080.0,30620492#1,5
2080.0,35274074#0,6
2080.0,360843888,1
2080.0,484988951#0,4
2080.0,49073226#2,7
2080.0,49073272#3,1
2080.0,49695736#0,11
2080.0,506322844#0,4
2080.0,506322846#0,1
2080.0,506322848#0,2
2080.0,51362429#0,16
2080.0,593847704#0,1
2080.0,594658757#0,1
2080.0,594658760#0,1
2080.0,:1973482489_8,1
2080.0,:655375232_2,1
2080.0,:655375238_3,1
2080.0,:cluster655375336_end_0_655375336_end_1_655375336_end_10_655375336_end_11_#8more_21,1
2080.0,:cluster655375336_end_0_655375336_end_1_655375336_end_10_655375336_end_11_#8more_25,3
2080.0,:cluster_2528018119_655375236_12,1
2080.0,:cluster_2528018119_655375236_20,1
2080.0,:cluster_2528018119_655375236_32,1
2080.0,:cluster_9383263990_9383263991_9383263992_9383263993_7,1
2100.0,-300077497#5,27
2100.0,-300077497#8,4
2100.0,-35274074#2,12
2100.0,-51362429#1,3
2100.0,-593847703#3,19
2100.0,-E0,18
2100.0,1068234498#0,31
2100.0,182334378#0,4
2100.0,186602412#0,1
2100.0,238526531#0,21
2100.0,263217604#0,3
2100.0,288878926#0,5
2100.0,300077497#0,8
2100.0,300077497#6,3
2100.0,30620492#0,18
2100.0,30620492#1,5
2100.0,35274074#0,7
2100.0,360843888,1
2100.0,484988951#0,4
2100.0,49073226#2,7
2100.0,49073272#3,1
2100.0,49695736#0,8
2100.0,506322844#0,2
2100.0,51362429#0,17
2100.0,594658757#0,1
2100.0,:3086736518_6,2
2100.0,:655375232_2,1
2100.0,:655375238_6,1
2100.0,:cluster622618015_622618108_622618112_622618144_#2more_52,1
2100.0,:cluster655375336_end_0_655375336_end_1_655375336_end_10_655375336_end_11_#8more_21,1
2100.0,:cluster655375336_end_0_655375336_end_1_655375336_end_10_655375336_end_11_#8more_6,1
2100.0,:cluster_2528018119_655375236_12,1
2100.0,:cluster_2528018119_655375236_20,1
2120.0,-300077497#5,24
2120.0,-300077497#8,4
2120.0,-35274074#2,12
2120.0,-51362429#1,3
2120.0,-593847703#3,22
2120.0,-E0,15
2120.0,1068234498#0,31
2120.0,182334378#0,4
2120.0,196961215#2,1
2120.0,238526531#0,21
2120.0,244450512#4,1
2120.0,263217604#0,3
2120.0,288878926#0,5
2120.0,300077497#0,5
2120.0,30620492#0,18
2120.0,30620492#1,5
2120.0,35274074#0,11
2120.0,360018417,1
2120.0,484988951#0,3
2120.0,49073226#2,7
2120.0,49695736#0,4
2120.0,506322844#0,5
2120.0,51362429#0,11
2120.0,593847703#0,3
2120.0,593847704#0,2
2120.0,593849718#0,1
2120.0,:655375232_2,2
2120.0,:655375233_0,2
2120.0,:655375238_1,1
2120.0,:cluster622618015_622618108_622618112_622618144_#2more_39,2
2120.0,:cluster655375336_end_0_655375336_end_1_655375336_end_10_655375336_end_11_#8more_21,2
2120.0,:cluster655375336_end_0_655375336_end_1_655375336_end_10_655375336_end_11_#8more_6,1
2120.0,:cluster_2038168688_655375573_23,1
2120.0,:cluster_2038168688_655375573_24,1
2120.0,:cluster_2038168688_655375573_3,1
2120.0,:cluster_2038168688_655375573_6,1
2120.0,:cluster_2528018119_655375236_17,1
2120.0,:cluster_3431431575_4777363357_655375231_6982059025_5,1
2140.0,-300077497#5,22
2140.0,-300077497#8,4
2140.0,-35274074#2,10
2140.0,-51362429#1,3
2140.0,-593847703#3,24
2140.0,-E0,19
2140.0,1068234498#0,29
2140.0,182334378#0,4
2140.0,182334379#0,1
2140.0,186602412#0,3
2140.0,196961215#2,1
2140.0,196961377#3,1
2140.0,238526531#0,26
2140.0,244450512#4,1
2140.0,244450512#5,1
2140.0,300077497#0,4
2140.0,300077497#6,3
2140.0,30620492#0,18
2140.0,30620492#1,5
2140.0,35274074#0,2
2140.0,484988951#0,4
2140.0,49073226#2,7
2140.0,49695736#0,4
2140.0,506322844#0,5
2140.0,506322846#0,12
2140.0,51362429#0,12
2140.0,51362430,1
2140.0,593847703#0,2
2140.0,593847704#0,2
2140.0,593849711#0,1
2140.0,594658757#0,1
2140.0,594658760#0,1
2140.0,:cluster_2038168688_655375573_23,1
2140.0,:cluster_2038168688_655375573_3,1
2140.0,:cluster_2038168688_655375573_6,1
2140.0,:cluster_2528018119_655375236_17,1
2140.0,:cluster_2528018119_655375236_3,2
2140.0,:cluster_5372642442_631668976_631668981_631669076_45,1
2160.0,-300077497#5,24
2160.0,-300077497#8,1
2160.0,-35274074#2,10
2160.0,-51362429#1,6
2160.0,-593847703#3,19
2160.0,-E0,19
2160.0,1068234498#0,29
2160.0,182334378#0,4
2160.0,186602412#0,5
2160.0,196961215#2,1
2160.0,238526531#0,29
2160.0,244450512#5,2
2160.0,300077497#0,5
2160.0,300077497#6,3
2160.0,30620492#0,18
2160.0,30620492#1,5
2160.0,35274074#0,2
2160.0,484988951#0,3
2160.0,49073226#2,7
2160.0,49695736#0,4
2160.0,506322844#0,5
2160.0,506322846#0,10
2160.0,51362429#0,14
2160.0,593847704#0,2
2160.0,594658757#0,1
2160.0,594658760#0,1
2160.0,:1973482489_8,1
2160.0,:3086736518_4,1
2160.0,:655375232_8,1
2160.0,:655375233_4,2
2160.0,:655375238_1,1
2160.0,:cluster_3431431575_4777363357_655375231_6982059025_5,1
2180.0,-1334905223#2,1
2180.0,-300077497#5,27
2180.0,-300077497#8,4
2180.0,-35274074#2,12
2180.0,-51362429#1,9
2180.0,-593847703#3,19
2180.0,-E0,19
2180.0,1068234498#0,31
2180.0,182334378#0,4
2180.0,186602412#0,5
2180.0,196961215#2,1
2180.0,238526531#0,23
2180.0,244450512#5,2
2180.0,263217604#0,1
2180.0,300077497#0,7
2180.0,300077497#6,3
2180.0,30620492#0,18
2180.0,30620492#1,5
2180.0,35274074#0,4
2180.0,484988951#0,3
2180.0,49073226#2,7
2180.0,506322844#0,3
2180.0,506322846#0,3
2180.0,51362429#0,16
2180.0,593847704#0,2
2180.0,594658757#0,1
2180.0,594658760#0,1
2180.0,:1973482489_3,1
2180.0,:3086736518_4,1
2180.0,:655375238_1,1
2180.0,:655375241_0,2
2180.0,:cluster_9383263990_9383263991_9383263992_9383263993_7,1
2200.0,-300077497#5,27
2200.0,-300077497#8,4
2200.0,-35274074#2,11
2200.0,-51362429#1,9
2200.0,-593847703#3,19
2200.0,-E0,18
2200.0,1068234498#0,32
2200.0,182334378#0,4
2200.0,186602412#0,2
2200.0,238526531#0,23
2200.0,244450512#5,2
2200.0,263217604#0,1
2200.0,288878926#0,1
2200.0,30620492#0,17
2200.0,30620492#1,5
2200.0,35274074#0,12
2200.0,484988951#0,1
2200.0,49073226#2,6
2200.0,506322844#0,5
2200.0,51362429#0,17
2200.0,593849718#0,2
2200.0,594658760#0,1
2200.0,:3086736518_4,1
2200.0,:3086736518_6,1
2200.0,:655375238_3,1
2200.0,:cluster655375336_end_0_655375336_end_1_655375336_end_10_655375336_end_11_#8more_19,1
2200.0,:cluster_623980147_623980152_4,1
2200.0,:cluster_623980147_623980152_8,1
2220.0,-300077497#5,20
2220.0,-300077497#8,4
2220.0,-35274074#2,4
2220.0,-51362429#1,6
2220.0,-593847703#3,24
2220.0,-E0,17
2220.0,1068234498#0,32
2220.0,1068440004#1,1
2220.0,182334378#0,6
2220.0,238526531#0,24
2220.0,288135626#0,2
2220.0,288878926#0,7
2220.0,300077497#6,2
2220.0,30620492#0,18
2220.0,30620492#1,5
2220.0,360843888,1
2220.0,484988951#0,1
2220.0,49073226#2,3
2220.0,506322844#0,5
2220.0,506322846#0,8
2220.0,51362429#0,13
2220.0,51362430,2
2220.0,593849711#0,1
2220.0,594658760#0,1
2220.0,:3086736518_0,2
2220.0,:3086736518_4,1
2220.0,:3086736518_6,2
2220.0,:655375232_2,2
2220.0,:655375238_3,1
2220.0,:cluster_2038168688_655375573_23,1
2220.0,:cluster_2038168688_655375573_24,1
2220.0,:cluster_2038168688_655375573_3,1
2220.0,:cluster_2038168688_655375573_6,1
2220.0,:cluster_2528018119_655375236_17,1
2220.0,:cluster_5372642442_631668976_631668981_631669076_26,1
2220.0,:cluster_5372642442_631668976_631668981_631669076_45,1
2240.0,-300077497#5,20
2240.0,-300077497#8,1
2240.0,-35274074#2,3
2240.0,-51362429#1,4
2240.0,-593847703#3,26
2240.0,-E0,19
2240.0,1068234498#0,32
2240.0,1068234499#0,2
2240.0,1068440004#1,1
2240.0,182334378#0,2
2240.0,186602412#0,5
2240.0,232003903#0,2
2240.0,238526531#0,27
2240.0,288878926#0,4
2240.0,300077497#6,4
2240.0,30620492#0,18
2240.0,30620492#1,5
2240.0,360843888,1
2240.0,484988951#0,1
2240.0,506322844#0,5
2240.0,506322846#0,6
2240.0,51362429#0,11
2240.0,593847704#0,1
2240.0,594658760#0,1
2240.0,:1973482489_8,1
2240.0,:3086736518_0,2
2240.0,:3086736518_4,1
2240.0,:3086736518_6,2
2240.0,:655375232_2,5
2240.0,:655375238_5,1
2240.0,:cluster655375336_end_0_655375336_end_1_655375336_end_10_655375336_end_11_#8more_6,1
2240.0,:cluster_2528018119_655375236_17,1
2240.0,:cluster_3431431575_4777363357_655375231_6982059025_3,2
2240.0,:cluster_3431431575_4777363357_655375231_6982059025_7,1
2260.0,-300077497#5,23
2260.0,-300077497#8,1
2260.0,-35274074#2,5
2260.0,-51362429#1,1
2260.0,-593847703#3,22
2260.0,-E0,19
2260.0,1068234498#0,33
2260.0,1068440004#1,1
2260.0,182334378#0,2
2260.0,186602412#0,4
2260.0,232003903#0,2
2260.0,238526531#0,21
2260.0,288878926#0,8
2260.0,300077497#0,2
2260.0,300077497#6,4
2260.0,30620492#0,18
2260.0,30620492#1,5
2260.0,360843888,1
2260.0,49073226#2,4
2260.0,506322844#0,2
2260.0,506322848#0,2
2260.0,51362429#0,11
2260.0,593847704#0,2
2260.0,594658760#0,1
2260.0,:3086736518_0,2
2260.0,:3086736518_4,1
2260.0,:3086736518_6,1
2260.0,:655375232_2,5
2260.0,:655375232_8,1
2260.0,:655375233_4,3
2260.0,:655375238_5,1
2260.0,:655375239_5,1
2260.0,:cluster655375336_end_0_655375336_end_1_655375336_end_10_655375336_end_11_#8more_6,1
2260.0,:cluster_2038168688_655375573_8,1
2260.0,:cluster_9383263990_9383263991_9383263992_9383263993_7,1
2280.0,-300077497#5,27
2280.0,-300077497#8,4
2280.0,-35274074#2,12
2280.0,-51362429#1,2
2280.0,-593847703#3,20
2280.0,-E0,19
2280.0,1068234498#0,34
2280.0,182334378#0,2
2280.0,232003903#0,2
2280.0,238526531#0,14
2280.0,288878926#0,8
2280.0,300077497#0,2
2280.0,300077497#6,4
2280.0,30620492#0,18
2280.0,30620492#1,5
2280.0,360843888,1
2280.0,49073226#2,7
2280.0,506322844#0,2
2280.0,51362429#0,11
2280.0,593847704#0,1
2280.0,594658760#0,1
2280.0,:3086736518_0,2
2280.0,:3086736518_4,1
2280.0,:3086736518_6,1
2280.0,:655375232_2,5
2280.0,:655375233_4,2
2280.0,:655375233_8,1
2280.0,:cluster622618015_622618108_622618112_622618144_#2more_42,1
2280.0,:cluster655375336_end_0_655375336_end_1_655375336_end_10_655375336_end_11_#8more_6,1
2280.0,:cluster_9383263990_9383263991_9383263992_9383263993_20,1
2300.0,-300077497#5,25
2300.0,-300077497#8,4
2300.0,-35274074#2,8
2300.0,-49073264#1,1
2300.0,-51362429#1,2
2300.0,-593847703#3,22
2300.0,-E0,19
2300.0,1068234498#0,35
2300.0,182334378#0,2
2300.0,238526531#0,14
2300.0,244450512#5,1
2300.0,288878926#0,8
2300.0,300077497#6,2
2300.0,30620492#0,18
2300.0,30620492#1,5
2300.0,49073226#2,7
2300.0,506322844#0,5
2300.0,51362429#0,11
2300.0,51362430,3
2300.0,594658760#0,1
2300.0,:3086736518_0,2
2300.0,:3086736518_4,1
2300.0,:3086736518_6,1
2300.0,:655375232_2,5
2300.0,:655375233_4,2
2300.0,:655375233_8,1
2300.0,:655375239_3,1
2320.0,-300077497#5,24
2320.0,-300077497#8,4
2320.0,-35274074#2,2
2320.0,-49073264#1,1
2320.0,-51362429#1,2
2320.0,-593847703#3,23
2320.0,-E0,18
2320.0,1068234498#0,27
2320.0,1068234499#0,1
2320.0,182334378#0,2
2320.0,238526531#0,19
2320.0,244450512#5,1
2320.0,288878926#0,2
2320.0,300077497#6,4
2320.0,30620492#0,18
2320.0,30620492#1,5
2320.0,49073226#2,10
2320.0,506322844#0,5
2320.0,51362429#0,11
2320.0,593849711#0,1
2320.0,594658760#0,1
2320.0,:3086736518_0,2
2320.0,:3086736518_4,1
2320.0,:3086736518_6,2
2320.0,:655375232_2,4
2320.0,:655375233_0,1
2320.0,:655375233_4,2
2320.0,:655375233_8,1
2320.0,:cluster622618015_622618108_622618112_622618144_#2more_0,1
2320.0,:cluster_5372642442_631668976_631668981_631669076_26,1
2320.0,:cluster_5372642442_631668976_631668981_631669076_45,1
2340.0,-300077497#5,25
2340.0,-35274074#2,2
2340.0,-49073264#1,1
2340.0,-51362429#1,2
2340.0,-593847703#3,24
2340.0,-E0,18
2340.0,1068234498#0,22
2340.0,1068234499#0,1
2340.0,238526531#0,26
2340.0,244450512#5,1
2340.0,300077497#6,4
2340.0,30620492#0,18
2340.0,30620492#1,5
2340.0,49073226#2,10
2340.0,506322844#0,5
2340.0,506322846#0,1
2340.0,51362429#0,11
2340.0,594658760#0,1
2340.0,:3086736518_0,2
2340.0,:3086736518_4,1
2340.0,:3086736518_6,2
2340.0,:655375232_2,3
2340.0,:655375233_0,2
2340.0,:655375233_4,2
2340.0,:655375233_8,1
2340.0,:655375238_5,1
2340.0,:cluster655375336_end_0_655375336_end_1_655375336_end_10_655375336_end_11_#8more_3,1
2340.0,:cluster655375336_end_0_655375336_end_1_655375336_end_10_655375336_end_11_#8more_6,1
2340.0,:cluster_5372642442_631668976_631668981_631669076_45,2
2360.0,-1334905223#2,1
2360.0,-300077497#5,27
2360.0,-300077497#8,3
2360.0,-35274074#2,8
2360.0,-49073264#1,1
2360.0,-51362429#1,3
2360.0,-593847703#3,22
2360.0,-E0,19
2360.0,1068234498#0,29
2360.0,1068440004#1,1
2360.0,186602412#0,1
2360.0,238526531#0,14
2360.0,244450512#5,1
2360.0,263217604#0,2
2360.0,300077497#0,1
2360.0,300077497#6,4
2360.0,30620492#0,18
2360.0,30620492#1,5
2360.0,35274074#0,1
2360.0,49073226#2,10
2360.0,506322840#0,2
2360.0,506322844#0,2
2360.0,506322848#0,1
2360.0,51362429#0,11
2360.0,51362430,1
2360.0,594658760#0,1
2360.0,:3086736518_0,2
2360.0,:3086736518_3,1
2360.0,:3086736518_6,2
2360.0,:655375232_2,3
2360.0,:655375232_8,1
2360.0,:655375233_0,2
2360.0,:655375233_4,2
2360.0,:655375233_8,1
2360.0,:655375239_5,1
2360.0,:655375241_0,2
2360.0,:cluster_2038168688_655375573_25,1
2360.0,:cluster_9383263990_9383263991_9383263992_9383263993_7,1
2380.0,-300077497#5,27
2380.0,-300077497#8,4
2380.0,-35274074#2,11
2380.0,-51362429#1,7
2380.0,-593847703#3,18
2380.0,-E0,19
2380.0,1068234498#0,32
2380.0,238526531#0,11
2380.0,244450512#5,1
2380.0,263217604#0,2
2380.0,300077497#6,1
2380.0,30620492#0,18
2380.0,30620492#1,5
2380.0,35274074#0,1
2380.0,49073226#2,11
2380.0,49073272#1,1
2380.0,506322844#0,5
2380.0,51362429#0,11
2380.0,593847702#0,2
2380.0,593847703#0,2
2380.0,594658760#0,1
2380.0,:3086736518_0,2
2380.0,:3086736518_6,1
2380.0,:655375232_2,3
2380.0,:655375233_4,2
2380.0,:655375233_8,1
2380.0,:655375238_3,1
2380.0,:655375239_3,1
2380.0,:cluster622618015_622618108_622618112_622618144_#2more_39,1
2400.0,-300077497#5,19
2400.0,-300077497#8,4
2400.0,-35274074#2,4
2400.0,-51362429#1,7
2400.0,-593847703#3,25
2400.0,-E0,19
2400.0,1068234498#0,26
2400.0,238526531#0,12
2400.0,288135626#0,2
2400.0,300077497#0,2
2400.0,300077497#6,2
2400.0,30620492#0,18
2400.0,30620492#1,5
2400.0,360018417,1
2400.0,360843888,1
2400.0,49073226#2,11
2400.0,506322844#0,5
2400.0,506322846#0,1
2400.0,51362429#0,11
2400.0,51362430,1
2400.0,593847702#0,2
2400.0,594658760#0,2
2400.0,:3086736518_0,2
2400.0,:3086736518_6,1
2400.0,:655375232_2,3
2400.0,:655375233_4,1
2400.0,:655375233_8,1
2400.0,:cluster_2528018119_655375236_17,1
2400.0,:cluster_5372642442_631668976_631668981_631669076_22,1
2400.0,:cluster_5372642442_631668976_631668981_631669076_26,1
2400.0,:cluster_5372642442_631668976_631668981_631669076_45,2
2420.0,-300077497#5,20
2420.0,-300077497#8,1
2420.0,-35274074#2,3
2420.0,-51362429#1,7
2420.0,-593847703#3,27
2420.0,-E0,19
2420.0,1068234498#0,23
2420.0,1068234499#0,3
2420.0,238526531#0,19
2420.0,300077497#6,3
2420.0,30620492#0,18
2420.0,30620492#1,5
2420.0,360843888,1
2420.0,484988951#0,1
2420.0,49073226#2,11
2420.0,506322844#0,5
2420.0,506322846#0,1
2420.0,51362429#0,11
2420.0,593847702#0,2
2420.0,593849711#0,1
2420.0,594658760#0,2
2420.0,:3086736518_0,2
2420.0,:3086736518_6,1
2420.0,:655375232_2,3
2420.0,:655375233_4,1
2420.0,:655375233_8,1
2420.0,:655375238_5,1
2420.0,:cluster_2038168688_655375573_3,1
2420.0,:cluster_5372642442_631668976_631668981_631669076_22,1
2420.0,:cluster_5372642442_631668976_631668981_631669076_45,3
2440.0,-300077497#5,23
2440.0,-300077497#8,1
2440.0,-35274074#2,5
2440.0,-51362429#1,6
2440.0,-593847703#3,27
2440.0,-E0,19
2440.0,1068234498#0,21
2440.0,1068234499#0,1
2440.0,186602412#0,1
2440.0,238526531#0,18
2440.0,288878926#0,3
2440.0,300077497#0,2
2440.0,300077497#6,4
2440.0,30620492#0,18
2440.0,30620492#1,5
2440.0,360843888,1
2440.0,49073226#2,8
2440.0,49073272#1,1
2440.0,49073272#3,1
2440.0,506322844#0,2
2440.0,506322848#0,2
2440.0,51362429#0,6
2440.0,594658760#0,2
2440.0,:3086736518_0,4
2440.0,:3086736518_6,1
2440.0,:655375232_2,5
2440.0,:655375233_0,1
2440.0,:655375233_4,1
2440.0,:655375233_8,1
2440.0,:655375238_5,1
2440.0,:655375239_5,1
2440.0,:cluster_2038168688_655375573_8,1
2440.0,:cluster_2528018119_655375236_12,1
2440.0,:cluster_2528018119_655375236_29,1
2440.0,:cluster_3431431575_4777363357_655375231_6982059025_3,1
2440.0,:cluster_623980147_623980152_4,1
2440.0,:cluster_9383263990_9383263991_9383263992_9383263993_7,1
2460.0,-1334905223#2,2
2460.0,-300077497#5,27
2460.0,-300077497#8,3
2460.0,-35274074#2,12
2460.0,-51362429#1,4
2460.0,-593847703#3,25
2460.0,-E0,19
2460.0,1068234498#0,29
2460.0,238526531#0,10
2460.0,263217604#0,2
2460.0,288878926#0,9
2460.0,300077497#0,5
2460.0,300077497#6,4
2460.0,30620492#0,18
2460.0,30620492#1,5
2460.0,360843888,1
2460.0,49073226#2,3
2460.0,49073272#3,2
2460.0,506322844#0,3
2460.0,51362429#0,6
2460.0,594658760#0,1
2460.0,:3086736518_0,4
2460.0,:3086736518_4,1
2460.0,:3086736518_6,1
2460.0,:655375232_2,5
2460.0,:655375233_0,1
2460.0,:655375233_2,1
2460.0,:655375233_4,1
2460.0,:655375233_8,1
2460.0,:655375241_0,2
2460.0,:cluster_3431431575_4777363357_655375231_6982059025_3,2
2460.0,:cluster_623980147_623980152_9,1
2480.0,-300077497#5,26
2480.0,-300077497#8,3
2480.0,-35274074#2,10
2480.0,-51362429#1,8
2480.0,-593847703#3,19
2480.0,-E0,19
2480.0,1068234498#0,33
2480.0,238526531#0,10
2480.0,244450512#5,1
2480.0,263217604#0,2
2480.0,288878926#0,13
2480.0,300077497#0,1
2480.0,300077497#6,1
2480.0,30620492#0,18
2480.0,30620492#1,5
2480.0,360018417,1
2480.0,49073226#2,4
2480.0,49695736#0,1
2480.0,506322844#0,7
2480.0,51362429#0,6
2480.0,593847702#0,2
2480.0,:3086736518_0,4
2480.0,:3086736518_6,1
2480.0,:3208478121_3,1
2480.0,:655375232_2,5
2480.0,:655375232_8,1
2480.0,:655375238_3,1
2480.0,:655375239_3,1
2480.0,:cluster_2528018119_655375236_17,1
2480.0,:cluster_3431431575_4777363357_655375231_6982059025_3,1
2500.0,-300077497#5,24
2500.0,-300077497#8,3
2500.0,-35274074#2,5
2500.0,-51362429#1,7
2500.0,-593847703#3,21
2500.0,-E0,19
2500.0,1068234498#0,24
2500.0,1068234499#0,3
2500.0,182334378#0,1
2500.0,196961377#3,2
2500.0,238526531#0,15
2500.0,244450512#5,1
2500.0,288135626#0,2
2500.0,288878926#0,7
2500.0,300077497#6,3
2500.0,30620492#0,17
2500.0,30620492#1,5
2500.0,49073226#2,7
2500.0,49695736#0,1
2500.0,506322844#0,8
2500.0,51362429#0,6
2500.0,593847702#0,2
2500.0,593849711#0,1
2500.0,594658760#0,2
2500.0,:3086736518_0,4
2500.0,:3086736518_6,1
2500.0,:655375232_2,5
2500.0,:655375238_3,1
2500.0,:cluster622618015_622618108_622618112_622618144_#2more_0,1
2500.0,:cluster_2038168688_655375573_3,1
2500.0,:cluster_5372642442_631668976_631668981_631669076_26,1
2500.0,:cluster_5372642442_631668976_631668981_631669076_45,2
2520.0,-300077497#5,27
2520.0,-35274074#2,5
2520.0,-51362429#1,7
2520.0,-593847703#3,21
2520.0,-E0,19
2520.0,1068234498#0,20
2520.0,1068234499#0,5
2520.0,182334378#0,1
2520.0,186602412#0,1
2520.0,238526531#0,23
2520.0,244450512#5,1
2520.0,288135626#0,1
2520.0,288878926#0,6
2520.0,300077497#6,4
2520.0,30620492#0,18
2520.0,30620492#1,5
2520.0,49073226#2,7
2520.0,49695736#0,2
2520.0,506322844#0,8
2520.0,51362429#0,6
2520.0,593847702#0,2
2520.0,594658760#0,1
2520.0,:3086736518_0,4
2520.0,:3086736518_6,1
2520.0,:655375232_2,5
2520.0,:cluster_5372642442_631668976_631668981_631669076_45,1
2540.0,-300077497#5,27
2540.0,-300077497#8,4
2540.0,-35274074#2,11
2540.0,-51362429#1,7
2540.0,-593847703#3,23
2540.0,-E0,19
2540.0,1068234498#0,22
2540.0,1239087514,1
2540.0,238526531#0,13
2540.0,244450512#5,1
2540.0,263217604#0,4
2540.0,288878926#0,6
2540.0,300077497#0,6
2540.0,300077497#6,4
2540.0,30620492#0,18
2540.0,30620492#1,5
2540.0,49073226#2,7
2540.0,49073272#3,2
2540.0,506322840#0,1
2540.0,506322844#0,5
2540.0,506322848#0,1
2540.0,51362429#0,3
2540.0,593847703#0,6
2540.0,594658760#0,1
2540.0,:3086736518_0,2
2540.0,:3086736518_6,1
2540.0,:655375232_2,3
2540.0,:655375233_0,1
2540.0,:655375241_0,2
2540.0,:cluster_2038168688_655375573_8,1
2560.0,-300077497#5,27
2560.0,-300077497#8,4
2560.0,-35274074#2,12
2560.0,-51362429#1,7
2560.0,-593847703#3,23
2560.0,-E0,19
2560.0,1068234498#0,25
2560.0,238526531#0,13
2560.0,244450512#5,1
2560.0,263217604#0,4
2560.0,288878926#0,6
2560.0,300077497#0,4
2560.0,300077497#6,1
2560.0,30620492#0,18
2560.0,30620492#1,5
2560.0,49073226#2,7
2560.0,49073272#3,2
2560.0,506322844#0,5
2560.0,51362429#0,3
2560.0,593847703#0,7
2560.0,594658760#0,1
2560.0,:3086736518_0,2
2560.0,:655375232_2,3
2560.0,:655375238_0,1
2560.0,:655375239_3,1
2560.0,:cluster622618015_622618108_622618112_622618144_#2more_39,1
2560.0,:cluster_3431431575_4777363357_655375231_6982059025_7,1
2580.0,-300077497#5,27
2580.0,-300077497#8,4
2580.0,-35274074#2,7
2580.0,-51362429#1,10
2580.0,-593847703#3,15
2580.0,-E0,19
2580.0,1068234498#0,29
2580.0,238526531#0,15
2580.0,288135626#0,1
2580.0,288878926#0,4
2580.0,300077497#0,7
2580.0,300077497#6,2
2580.0,30620492#0,18
2580.0,30620492#1,5
2580.0,360018417,2
2580.0,49073226#2,8
2580.0,506322844#0,5
2580.0,51362429#0,3
2580.0,51362430,1
2580.0,593847702#0,2
2580.0,593849711#0,1
2580.0,594658757#0,2
2580.0,594658760#0,3
2580.0,:3086736518_0,2
2580.0,:655375232_2,3
2580.0,:655375233_4,3
2580.0,:655375238_3,1
2580.0,:cluster_5372642442_631668976_631668981_631669076_45,1
2580.0,E1,1
2600.0,-300077497#5,23
2600.0,-300077497#8,4
2600.0,-35274074#2,7
2600.0,-51362429#1,10
2600.0,-593847703#3,18
2600.0,-E0,19
2600.0,1068234498#0,24
2600.0,1068234499#0,1
2600.0,182334378#0,1
2600.0,238526531#0,21
2600.0,300077497#6,3
2600.0,30620492#0,18
2600.0,30620492#1,5
2600.0,35274074#0,3
2600.0,49073226#2,9
2600.0,506322844#0,5
2600.0,506322846#0,2
2600.0,51362429#0,3
2600.0,593847702#0,2
2600.0,593847704#0,1
2600.0,593849711#0,1
2600.0,594658757#0,2
2600.0,594658760#0,3
2600.0,:3086736518_0,2
2600.0,:655375232_2,3
2600.0,:655375233_4,3
2600.0,:655375238_1,1
2600.0,:cluster622618015_622618108_622618112_622618144_#2more_49,1
2600.0,:cluster_2038168688_655375573_3,1
2600.0,:cluster_5372642442_631668976_631668981_631669076_26,1
2600.0,:cluster_5372642442_631668976_631668981_631669076_45,2
2620.0,-300077497#5,24
2620.0,-300077497#8,1
2620.0,-35274074#2,9
2620.0,-51362429#1,10
2620.0,-593847703#3,18
2620.0,-E0,18
2620.0,1068234498#0,21
2620.0,186602412#0,3
2620.0,232003903#0,1
2620.0,238526531#0,19
2620.0,300077497#0,1
2620.0,300077497#6,4
2620.0,30620492#0,18
2620.0,30620492#1,5
2620.0,35274074#0,1
2620.0,49073226#2,9
2620.0,49073272#1,1
2620.0,49073272#3,1
2620.0,506322844#0,4
2620.0,506322846#0,2
2620.0,506322848#0,3
2620.0,51362429#0,3
2620.0,593847704#0,1
2620.0,594658757#0,2
2620.0,594658760#0,3
2620.0,:1973482489_8,1
2620.0,:3086736518_0,2
2620.0,:3086736518_6,1
2620.0,:655375232_2,3
2620.0,:655375233_4,3
2620.0,:655375238_5,2
2620.0,:655375239_5,1
2620.0,:cluster_2038168688_655375573_8,1
2620.0,:cluster_9383263990_9383263991_9383263992_9383263993_7,1
2640.0,-1334905223#2,2
2640.0,-300077497#5,27
2640.0,-300077497#8,4
2640.0,-35274074#2,12
2640.0,-51362429#1,10
2640.0,-593847703#3,18
2640.0,-E0,18
2640.0,1068234498#0,28
2640.0,232003903#0,1
2640.0,238526531#0,13
2640.0,300077497#0,1
2640.0,300077497#6,4
2640.0,30620492#0,18
2640.0,30620492#1,5
2640.0,35274074#0,1
2640.0,49073226#2,9
2640.0,49073272#3,2
2640.0,506322840#0,1
2640.0,506322844#0,5
2640.0,593847703#0,5
2640.0,594658757#0,2
2640.0,594658760#0,3
2640.0,:3086736518_0,1
2640.0,:3086736518_6,1
2640.0,:655375233_0,2
2640.0,:655375233_4,3
2640.0,:655375241_0,3
2640.0,:cluster622618015_622618108_622618112_622618144_#2more_37,1
2660.0,-300077497#5,27
2660.0,-300077497#8,4
2660.0,-35274074#2,7
2660.0,-51362429#1,10
2660.0,-593847703#3,18
2660.0,-E0,19
2660.0,1068234498#0,36
2660.0,238526531#0,13
2660.0,300077497#0,2
2660.0,300077497#6,2
2660.0,30620492#0,18
2660.0,30620492#1,5
2660.0,360018417,1
2660.0,49073226#2,9
2660.0,49073272#3,1
2660.0,506322844#0,5
2660.0,51362430,1
2660.0,593847703#0,4
2660.0,593847704#0,1
2660.0,594658757#0,1
2660.0,594658760#0,2
2660.0,:3208478121_3,1
2660.0,:655375233_4,3
2660.0,:655375239_3,1
2660.0,:cluster655375336_end_0_655375336_end_1_655375336_end_10_655375336_end_11_#8more_17,1
2660.0,:cluster655375336_end_0_655375336_end_1_655375336_end_10_655375336_end_11_#8more_19,1
2660.0,:cluster_2038168688_655375573_23,1
2660.0,:cluster_2528018119_655375236_3,2
2680.0,-300077497#5,27
2680.0,-300077497#8,4
2680.0,-35274074#2,3
2680.0,-51362429#1,8
2680.0,-593847703#3,17
2680.0,-E0,20
2680.0,1068234498#0,27
2680.0,1068234499#0,2
2680.0,1068440004#1,2
2680.0,186602412#0,1
2680.0,196961377#3,3
2680.0,238526531#0,18
2680.0,288135626#0,1
2680.0,288878926#0,3
2680.0,300077497#0,5
2680.0,300077497#6,2
2680.0,30620492#0,18
2680.0,30620492#1,5
2680.0,35274074#0,3
2680.0,49073226#2,6
2680.0,49695736#0,1
2680.0,506322844#0,5
2680.0,593847704#0,1
2680.0,593849711#0,1
2680.0,594658760#0,1
2680.0,:655375233_2,1
2680.0,:655375233_4,3
2680.0,:cluster622618015_622618108_622618112_622618144_#2more_0,1
2680.0,:cluster_3431431575_4777363357_655375231_6982059025_3,1
2680.0,:cluster_5372642442_631668976_631668981_631669076_45,2
2700.0,-300077497#5,26
2700.0,-300077497#8,4
2700.0,-35274074#2,1
2700.0,-51362429#1,1
2700.0,-593847703#3,18
2700.0,-E0,20
2700.0,1068234498#0,22
2700.0,1068234499#0,3
2700.0,186602412#0,1
2700.0,238526531#0,25
2700.0,288135626#0,2
2700.0,288878926#0,8
2700.0,300077497#6,4
2700.0,30620492#0,18
2700.0,30620492#1,5
2700.0,35274074#0,1
2700.0,49073226#2,4
2700.0,49695736#0,1
2700.0,506322844#0,5
2700.0,506322846#0,5
2700.0,593847704#0,1
2700.0,593849711#0,1
2700.0,594658760#0,1
2700.0,:3086736518_4,1
2700.0,:655375233_2,1
2700.0,:655375233_4,2
2700.0,:655375233_8,2
2700.0,:cluster_2038168688_655375573_24,1
2700.0,:cluster_3431431575_4777363357_655375231_6982059025_3,3
2700.0,:cluster_5372642442_631668976_631668981_631669076_45,2
2700.0,:cluster_623980147_623980152_9,1
2720.0,-300077497#5,26
2720.0,-300077497#8,3
2720.0,-35274074#2,7
2720.0,-593847703#3,19
2720.0,-E0,19
2720.0,1068234498#0,24
2720.0,186602412#0,4
2720.0,238526531#0,15
2720.0,288878926#0,13
2720.0,300077497#0,4
2720.0,300077497#6,4
2720.0,30620492#0,18
2720.0,30620492#1,5
2720.0,35274074#0,1
2720.0,49073226#2,4
2720.0,506322840#0,2
2720.0,506322844#0,5
2720.0,593847704#0,1
2720.0,594658760#0,1
2720.0,:3086736518_4,1
2720.0,:3086736518_6,1
2720.0,:655375233_2,1
2720.0,:655375233_4,2
2720.0,:655375233_8,2
2720.0,:655375238_5,1
2720.0,:655375241_0,2
2720.0,:cluster_2038168688_655375573_8,1
2720.0,:cluster_2528018119_655375236_29,1
2720.0,:cluster_9383263990_9383263991_9383263992_9383263993_7,1
2740.0,-1334905223#2,1
2740.0,-300077497#5,27
2740.0,-300077497#8,4
2740.0,-35274074#2,12
2740.0,-593847703#3,19
2740.0,-E0,18
2740.0,1068234498#0,27
2740.0,238526531#0,10
2740.0,288878926#0,13
2740.0,300077497#0,3
2740.0,300077497#6,1
2740.0,30620492#0,18
2740.0,30620492#1,5
2740.0,35274074#0,1
2740.0,49073226#2,4
2740.0,506322844#0,7
2740.0,593849718#0,1
2740.0,594658760#0,1
2740.0,:3086736518_4,1
2740.0,:3086736518_6,2
2740.0,:655375233_2,1
2740.0,:655375233_4,2
2740.0,:655375233_8,2
2740.0,:655375238_0,1
2740.0,:655375239_3,1
2760.0,-300077497#5,26
2760.0,-300077497#8,4
2760.0,-35274074#2,7
2760.0,-593847703#3,20
2760.0,-E0,19
2760.0,1068234498#0,26
2760.0,238526531#0,12
2760.0,288135626#0,2
2760.0,288878926#0,11
2760.0,300077497#6,1
2760.0,30620492#0,18
2760.0,30620492#1,5
2760.0,49073226#2,4
2760.0,506322844#0,7
2760.0,506322846#0,1
2760.0,593849711#0,1
2760.0,594658760#0,1
2760.0,:3086736518_4,1
2760.0,:3086736518_6,2
2760.0,:655375233_2,1
2760.0,:655375233_4,2
2760.0,:655375233_8,2
2760.0,:655375238_3,1
2760.0,:cluster_5372642442_631668976_631668981_631669076_22,1
2760.0,:cluster_5372642442_631668976_631668981_631669076_26,1
2780.0,-300077497#5,22
2780.0,-300077497#8,3
2780.0,-35274074#2,5
2780.0,-51362429#1,2
2780.0,-593847703#3,20
2780.0,-E0,19
2780.0,1068234498#0,21
2780.0,1068234499#0,3
2780.0,238526531#0,18
2780.0,288878926#0,5
2780.0,300077497#6,4
2780.0,30620492#0,18
2780.0,30620492#1,5
2780.0,49073226#2,4
2780.0,506322844#0,7
2780.0,593847702#0,1
2780.0,593847704#0,1
2780.0,594658760#0,1
2780.0,:3086736518_4,1
2780.0,:3086736518_6,2
2780.0,:655375233_4,2
2780.0,:655375233_8,2
2780.0,:cluster_2528018119_655375236_17,1
2780.0,:cluster_2528018119_655375236_31,1
2780.0,:cluster_5372642442_631668976_631668981_631669076_45,2
2800.0,-300077497#5,22
2800.0,-300077497#8,3
2800.0,-35274074#2,8
2800.0,-51362429#1,2
2800.0,-593847703#3,20
2800.0,-E0,19
2800.0,1068234498#0,22
2800.0,232003903#0,1
2800.0,238526531#0,15
2800.0,263217604#0,2
2800.0,288878926#0,5
2800.0,300077497#0,2
2800.0,300077497#6,4
2800.0,30620492#0,18
2800.0,30620492#1,4
2800.0,49073226#2,6
2800.0,49073272#3,1
2800.0,506322844#0,6
2800.0,506322848#0,2
2800.0,593847702#0,1
2800.0,593847704#0,3
2800.0,594658760#0,1
2800.0,:655375233_4,2
2800.0,:655375233_8,1
2800.0,:655375238_5,1
2800.0,:cluster_2038168688_655375573_8,1
2800.0,:cluster_2038168688_655375573_9,1
2800.0,:cluster_2528018119_655375236_29,1
2800.0,:cluster_9383263990_9383263991_9383263992_9383263993_7,1
2820.0,-1334905223#2,2
2820.0,-300077497#5,27
2820.0,-300077497#8,4
2820.0,-35274074#2,12
2820.0,-49073264#1,1
2820.0,-51362429#1,1
2820.0,-593847703#3,20
2820.0,-E0,19
2820.0,1068234498#0,25
2820.0,232003903#0,1
2820.0,238526531#0,9
2820.0,263217604#0,4
2820.0,288878926#0,5
2820.0,300077497#0,3
2820.0,300077497#6,4
2820.0,30620492#0,16
2820.0,30620492#1,5
2820.0,49073226#2,7
2820.0,49073272#3,1
2820.0,506322840#0,1
2820.0,506322844#0,4
2820.0,593847704#0,2
2820.0,594658760#0,1
2820.0,:655375233_4,2
2820.0,:655375233_8,1
2820.0,:655375241_0,1
2820.0,:cluster622618015_622618108_622618112_622618144_#2more_43,1
2840.0,-300077497#5,23
2840.0,-300077497#8,4
2840.0,-35274074#2,9
2840.0,-51362429#1,1
2840.0,-593847703#3,22
2840.0,-E0,13
2840.0,1068234498#0,33
2840.0,238526531#0,9
2840.0,263217604#0,4
2840.0,288878926#0,5
2840.0,300077497#6,1
2840.0,30620492#0,18
2840.0,30620492#1,4
2840.0,360018417,1
2840.0,49073226#2,7
2840.0,506322842#0,1
2840.0,506322844#0,5
2840.0,51362430,1
2840.0,593847704#0,4
2840.0,593849718#0,1
2840.0,593852345#0,1
2840.0,594658760#0,1
2840.0,:655375233_4,2
2840.0,:655375233_8,1
2840.0,:655375238_3,1
2840.0,:655375239_3,1
2840.0,:cluster622618015_622618108_622618112_622618144_#2more_39,1
2840.0,:cluster_2528018119_655375236_17,2
2860.0,-300077497#5,20
2860.0,-300077497#8,4
2860.0,-35274074#2,4
2860.0,-51362429#1,1
2860.0,-593847703#3,27
2860.0,-E0,18
2860.0,1068234498#0,29
2860.0,1068234499#0,3
2860.0,182334378#0,1
2860.0,196961215#2,1
2860.0,196961377#3,1
2860.0,238526531#0,13
2860.0,244450512#4,2
2860.0,288135626#0,1
2860.0,300077497#6,4
2860.0,30620492#0,17
2860.0,30620492#1,5
2860.0,49073226#2,8
2860.0,506322842#0,1
2860.0,506322844#0,5
2860.0,593847704#0,4
2860.0,593849711#0,1
2860.0,594658760#0,2
2860.0,:655375233_4,2
2860.0,:655375233_8,1
2860.0,:cluster_2664674491_655375287_655375288_1,1
2860.0,:cluster_5372642442_631668976_631668981_631669076_26,1
2860.0,:cluster_5372642442_631668976_631668981_631669076_45,2
2880.0,-300077497#5,24
2880.0,-35274074#2,4
2880.0,-51362429#1,1
2880.0,-593847703#3,23
2880.0,-E0,20
2880.0,1068234498#0,23
2880.0,1068234499#0,4
2880.0,182334378#0,1
2880.0,196961215#2,1
2880.0,238526531#0,21
2880.0,244450512#5,3
2880.0,300077497#6,4
2880.0,30620492#0,18
2880.0,30620492#1,5
2880.0,49073226#2,8
2880.0,506322842#0,1
2880.0,506322844#0,5
2880.0,593847704#0,4
2880.0,594658760#0,1
2880.0,:3086736518_4,1
2880.0,:655375232_8,1
2880.0,:655375233_4,4
2880.0,:655375233_8,1
2880.0,:cluster_5372642442_631668976_631668981_631669076_45,2
2900.0,-1334905223#2,1
2900.0,-300077497#5,27
2900.0,-300077497#8,2
2900.0,-35274074#2,10
2900.0,-51362429#1,9
2900.0,-593847703#3,21
2900.0,-E0,20
2900.0,1068234498#0,28
2900.0,182334378#0,1
2900.0,238526531#0,8
2900.0,244450512#5,3
2900.0,263217604#0,2
2900.0,300077497#0,4
2900.0,300077497#6,4
2900.0,30620492#0,18
2900.0,30620492#1,5
2900.0,49073226#2,7
2900.0,506322840#0,1
2900.0,506322844#0,2
2900.0,506322848#0,1
2900.0,593847702#0,1
2900.0,593847704#0,4
2900.0,594658760#0,1
2900.0,:655375239_6,1
2900.0,:655375241_0,3
2900.0,:cluster_2038168688_655375573_21,1
2900.0,:cluster_2038168688_655375573_25,1
2900.0,:cluster_623980147_623980152_3,1
2900.0,:cluster_623980147_623980152_9,1
2900.0,:cluster_9383263990_9383263991_9383263992_9383263993_7,2
2920.0,-1334905223#2,1
2920.0,-300077497#5,27
2920.0,-300077497#8,3
2920.0,-35274074#2,12
2920.0,-51362429#1,2
2920.0,-593847703#3,21
2920.0,-E0,20
2920.0,1068234498#0,31
2920.0,182334378#0,1
2920.0,238526531#0,6
2920.0,244450512#5,3
2920.0,263217604#0,4
2920.0,288878926#0,8
2920.0,300077497#0,2
2920.0,300077497#6,1
2920.0,30620492#0,18
2920.0,30620492#1,5
2920.0,49073226#2,5
2920.0,49073264#0,1
2920.0,49073272#3,1
2920.0,506322844#0,5
2920.0,593847702#0,1
2920.0,593849718#0,1
2920.0,594658760#0,1
2920.0,:655375238_0,1
2920.0,:655375239_3,1
2920.0,:cluster622618015_622618108_622618112_622618144_#2more_39,1
2920.0,:cluster_2038168688_655375573_30,1
2920.0,:cluster_3431431575_4777363357_655375231_6982059025_3,3
2940.0,-300077497#5,19
2940.0,-300077497#8,3
2940.0,-35274074#2,7
2940.0,-49073264#1,1
2940.0,-593847703#3,24
2940.0,-E0,15
2940.0,1068234498#0,26
2940.0,182334378#0,4
2940.0,238526531#0,7
2940.0,263217604#0,1
2940.0,288135626#0,1
2940.0,288878926#0,11
2940.0,300077497#6,2
2940.0,30620492#0,18
2940.0,30620492#1,5
2940.0,360018417,1
2940.0,360843888,1
2940.0,49073226#2,5
2940.0,506322844#0,5
2940.0,51362430,3
2940.0,593847702#0,1
2940.0,593847704#0,3
2940.0,593849711#0,2
2940.0,594658760#0,1
2940.0,:3086736518_6,1
2940.0,:655375238_3,1
2940.0,:cluster3086736522_655375108_655375247_655375401_#1more_17,2
2940.0,:cluster_2528018119_655375236_17,2
2940.0,:cluster_5372642442_631668976_631668981_631669076_26,1
2940.0,:cluster_5372642442_631668976_631668981_631669076_45,2
2960.0,-300077497#5,19
2960.0,-35274074#2,6
2960.0,-49073264#1,1
2960.0,-593847703#3,27
2960.0,-E0,18
2960.0,1068234498#0,18
2960.0,1068234499#0,1
2960.0,182334378#0,4
2960.0,238526531#0,15
2960.0,288878926#0,8
2960.0,300077497#6,4
2960.0,30620492#0,18
2960.0,30620492#1,5
2960.0,360843888,4
2960.0,49073226#2,5
2960.0,506322844#0,5
2960.0,593847702#0,1
2960.0,593847704#0,4
2960.0,:655375238_5,1
2960.0,:cluster622618015_622618108_622618112_622618144_#2more_49,1
2960.0,:cluster655375336_end_0_655375336_end_1_655375336_end_10_655375336_end_11_#8more_17,1
2960.0,:cluster_5372642442_631668976_631668981_631669076_26,1
2960.0,:cluster_5372642442_631668976_631668981_631669076_45,2
2980.0,-300077497#5,21
2980.0,-300077497#8,1
2980.0,-35274074#2,9
2980.0,-49073264#1,1
2980.0,-593847703#3,25
2980.0,-E0,20
2980.0,1068234498#0,15
2980.0,182334378#0,4
2980.0,238526531#0,12
2980.0,288878926#0,8
2980.0,300077497#0,1
2980.0,300077497#6,4
2980.0,30620492#0,18
2980.0,30620492#1,5
2980.0,360843888,4
2980.0,49073226#2,5
2980.0,49073272#3,1
2980.0,506322840#0,1
2980.0,506322844#0,2
2980.0,506322848#0,2
2980.0,593847704#0,4
2980.0,:655375233_4,2
2980.0,:655375238_5,1
2980.0,:655375239_5,1
2980.0,:cluster_2038168688_655375573_8,1
2980.0,:cluster_2528018119_655375236_12,1
2980.0,:cluster_9383263990_9383263991_9383263992_9383263993_7,1
3000.0,-1334905223#2,1
3000.0,-300077497#5,27
3000.0,-300077497#8,1
3000.0,-35274074#2,12
3000.0,-51362429#1,3
3000.0,-593847703#3,21
3000.0,-E0,20
3000.0,1068234498#0,15
3000.0,182334378#0,4
3000.0,238526531#0,9
3000.0,263217604#0,2
3000.0,288878926#0,8
3000.0,300077497#0,2
3000.0,300077497#6,4
3000.0,30620492#0,18
3000.0,30620492#1,5
3000.0,360843888,4
3000.0,49073226#2,5
3000.0,49073272#3,1
3000.0,506322844#0,3
3000.0,593847702#0,1
3000.0,593847704#0,2
3000.0,:cluster622618015_622618108_622618112_622618144_#2more_17,1
3000.0,:cluster622618015_622618108_622618112_622618144_#2more_39,2
3000.0,:cluster_3431431575_4777363357_655375231_6982059025_3,2
3020.0,-300077497#5,23
3020.0,-300077497#8,1
3020.0,-35274074#2,8
3020.0,-51362429#1,2
3020.0,-593847703#3,23
3020.0,-E0,20
3020.0,1068234498#0,15
3020.0,182334378#0,4
3020.0,238526531#0,9
3020.0,244450512#4,3
3020.0,244450512#5,1
3020.0,263217604#0,2
3020.0,288878926#0,8
3020.0,300077497#6,1
3020.0,30620492#0,18
3020.0,30620492#1,4
3020.0,360018417,1
3020.0,49073226#2,8
3020.0,49073272#3,1
3020.0,506322844#0,5
3020.0,593847702#0,1
3020.0,:3208478121_3,1
3020.0,:655375238_3,1
3020.0,:655375239_3,1
3020.0,:cluster_2528018119_655375236_17,2
3020.0,:cluster_9383263990_9383263991_9383263992_9383263993_13,1
3040.0,-300077497#5,23
3040.0,-300077497#8,1
3040.0,-35274074#2,7
3040.0,-51362429#1,2
3040.0,-593847703#3,25
3040.0,-E0,16
3040.0,1068234498#0,5
3040.0,1068234499#0,1
3040.0,182334378#0,4
3040.0,196961377#3,3
3040.0,238526531#0,14
3040.0,244450512#4,1
3040.0,244450512#5,3
3040.0,288135626#0,1
3040.0,288878926#0,2
3040.0,30620492#0,17
3040.0,30620492#1,5
3040.0,49073226#2,8
3040.0,506322844#0,7
3040.0,593847702#0,1
3040.0,593847704#0,2
3040.0,593849711#0,1
3040.0,594658757#0,1
3040.0,:2444664370_0,1
3040.0,:3086736518_6,1
3040.0,:3208478128_0,1
3040.0,:cluster622618015_622618108_622618112_622618144_#2more_0,1
3040.0,:cluster_5372642442_631668976_631668981_631669076_45,2
3040.0,:cluster_9383263990_9383263991_9383263992_9383263993_13,1
3060.0,-300077497#5,22
3060.0,-35274074#2,2
3060.0,-51362429#1,2
3060.0,-593847703#3,28
3060.0,-E0,15
3060.0,1068234499#0,3
3060.0,182334378#0,4
3060.0,238526531#0,21
3060.0,244450512#4,1
3060.0,244450512#5,3
3060.0,300077497#6,4
3060.0,30620492#0,18
3060.0,30620492#1,5
3060.0,49073226#2,8
3060.0,506322844#0,7
3060.0,593847702#0,1
3060.0,593847704#0,5
3060.0,593849711#0,1
3060.0,:3208478128_0,1
3060.0,:cluster655375336_end_0_655375336_end_1_655375336_end_10_655375336_end_11_#8more_21,1
3060.0,:cluster_9383263990_9383263991_9383263992_9383263993_13,1
3080.0,-1334905223#2,2
3080.0,-300077497#5,26
3080.0,-300077497#8,1
3080.0,-35274074#2,8
3080.0,-51362429#1,2
3080.0,-593847703#3,28
3080.0,-E0,19
3080.0,182334378#0,4
3080.0,238526531#0,7
3080.0,244450512#4,1
3080.0,244450512#5,3
3080.0,263217604#0,3
3080.0,300077497#0,3
3080.0,300077497#6,4
3080.0,30620492#0,18
3080.0,30620492#1,5
3080.0,49073226#2,8
3080.0,49073272#3,1
3080.0,506322840#0,3
3080.0,506322844#0,2
3080.0,593847704#0,5
3080.0,:3208478128_0,1
3080.0,:655375238_5,1
3080.0,:655375239_5,1
3080.0,:655375241_0,1
3080.0,:cluster_2038168688_655375573_25,1
3080.0,:cluster_9383263990_9383263991_9383263992_9383263993_7,1
3100.0,-300077497#5,27
3100.0,-300077497#8,4
3100.0,-35274074#2,12
3100.0,-51362429#1,7
3100.0,-593847703#3,20
3100.0,-E0,19
3100.0,182334378#0,4
3100.0,238526531#0,4
3100.0,244450512#4,1
3100.0,244450512#5,3
3100.0,263217604#0,4
3100.0,300077497#6,2
3100.0,30620492#0,18
3100.0,30620492#1,5
3100.0,49073226#2,8
3100.0,49073272#3,1
3100.0,506322844#0,5
3100.0,593849718#0,3
3100.0,:3086736518_4,1
3100.0,:3208478128_0,1
3100.0,:655375232_8,1
3100.0,:655375233_4,1
3100.0,:655375238_0,1
3100.0,:655375239_3,1
3100.0,:cluster622618015_622618108_622618112_622618144_#2more_39,2
3120.0,-300077497#5,22
3120.0,-300077497#8,4
3120.0,-35274074#2,5
3120.0,-51362429#1,9
3120.0,-593847703#3,24
3120.0,-E0,19
3120.0,1239087514,1
3120.0,182334378#0,5
3120.0,238526531#0,4
3120.0,300077497#6,3
3120.0,30620492#0,17
3120.0,30620492#1,5
3120.0,360018417,1
3120.0,360843888,1
3120.0,49073226#2,8
3120.0,506322844#0,7
3120.0,51362430,4
3120.0,594658757#0,1
3120.0,594658760#0,2
3120.0,:655375233_4,1
3140.0,-300077497#5,24
3140.0,-300077497#8,1
3140.0,-35274074#2,4
3140.0,-51362429#1,8
3140.0,-593847703#3,24
3140.0,-E0,17
3140.0,182334378#0,5
3140.0,238526531#0,4
3140.0,288878926#0,2
3140.0,300077497#6,4
3140.0,30620492#0,18
3140.0,30620492#1,5
3140.0,360843888,1
3140.0,49073226#2,9
3140.0,506322844#0,8
3140.0,593849711#0,1
3140.0,594658757#0,1
3140.0,594658760#0,2
3140.0,:3086736518_6,2
3140.0,:655375233_4,1
3140.0,:655375238_5,1
3140.0,:cluster_3431431575_4777363357_655375231_6982059025_3,1
3140.0,:cluster_3431431575_4777363357_655375231_6982059025_7,1
3140.0,:cluster_623980147_623980152_9,1
3160.0,-300077497#5,27
3160.0,-300077497#8,1
3160.0,-35274074#2,7
3160.0,-51362429#1,6
3160.0,-593847703#3,24
3160.0,-E0,15
3160.0,1068440004#1,2
3160.0,182334378#0,5
3160.0,263217604#0,3
3160.0,288878926#0,9
3160.0,300077497#6,4
3160.0,30620492#0,18
3160.0,30620492#1,5
3160.0,360843888,1
3160.0,49073226#2,5
3160.0,506322844#0,3
3160.0,593847704#0,5
3160.0,:655375233_4,1
3160.0,:655375239_5,1
3160.0,:cluster655375336_end_0_655375336_end_1_655375336_end_10_655375336_end_11_#8more_17,1
3160.0,:cluster_2038168688_655375573_8,1
3160.0,:cluster_3431431575_4777363357_655375231_6982059025_3,1
3160.0,:cluster_623980147_623980152_4,1
3180.0,-300077497#5,27
3180.0,-300077497#8,4
3180.0,-35274074#2,8
3180.0,-51362429#1,5
3180.0,-593847703#3,24
3180.0,-E0,19
3180.0,1068440004#1,2
3180.0,182334378#0,1
3180.0,232003903#0,2
3180.0,263217604#0,3
3180.0,288878926#0,13
3180.0,300077497#6,4
3180.0,30620492#0,18
3180.0,30620492#1,5
3180.0,360843888,1
3180.0,49073226#2,4
3180.0,506322844#0,5
3180.0,593847704#0,4
3180.0,:655375233_4,1
3180.0,:cluster622618015_622618108_622618112_622618144_#2more_42,1
3180.0,:cluster655375336_end_0_655375336_end_1_655375336_end_10_655375336_end_11_#8more_6,1
3200.0,-300077497#5,26
3200.0,-300077497#8,4
3200.0,-35274074#2,2
3200.0,-49073264#1,1
3200.0,-51362429#1,5
3200.0,-593847703#3,20
3200.0,-E0,19
3200.0,1068440004#1,2
3200.0,1239087514,1
3200.0,244450512#5,1
3200.0,263217604#0,3
3200.0,288878926#0,13
3200.0,300077497#6,1
3200.0,30620492#0,18
3200.0,30620492#1,5
3200.0,49073226#2,7
3200.0,506322844#0,5
3200.0,51362430,3
3200.0,593847704#0,1
3200.0,593849718#0,2
3200.0,:655375232_8,1
3200.0,:655375233_4,1
3200.0,:655375238_3,1
3220.0,-300077497#5,26
3220.0,-300077497#8,4
3220.0,-49073264#1,1
3220.0,-51362429#1,7
3220.0,-593847703#3,20
3220.0,-E0,19
3220.0,244450512#5,1
3220.0,288878926#0,7
3220.0,300077497#6,1
3220.0,30620492#0,18
3220.0,30620492#1,5
3220.0,49073226#2,10
3220.0,506322844#0,5
3220.0,593847702#0,2
3220.0,593847704#0,1
3220.0,593849711#0,2
3220.0,594658760#0,3
3220.0,:cluster_3431431575_4777363357_655375231_6982059025_7,1
3240.0,-300077497#5,27
3240.0,-300077497#8,3
3240.0,-49073264#1,1
3240.0,-51362429#1,7
3240.0,-593847703#3,20
3240.0,-E0,18
3240.0,244450512#5,1
3240.0,288878926#0,5
3240.0,300077497#6,1
3240.0,30620492#0,18
3240.0,30620492#1,5
3240.0,49073226#2,11
3240.0,506322844#0,5
3240.0,593847702#0,2
3240.0,593847704#0,1
3240.0,594658760#0,3
3240.0,:3086736518_6,1
3260.0,-300077497#5,27
3260.0,-300077497#8,4
3260.0,-49073264#1,1
3260.0,-51362429#1,7
3260.0,-593847703#3,20
3260.0,-E0,13
3260.0,244450512#5,1
3260.0,288878926#0,5
3260.0,300077497#6,1
3260.0,30620492#0,18
3260.0,30620492#1,5
3260.0,49073226#2,11
3260.0,49073272#3,2
3260.0,506322844#0,5
3260.0,593847704#0,5
3260.0,594658760#0,3
3280.0,-300077497#5,27
3280.0,-300077497#8,4
3280.0,-51362429#1,7
3280.0,-593847703#3,20
3280.0,-E0,19
3280.0,244450512#5,1
3280.0,288878926#0,5
3280.0,30620492#0,18
3280.0,30620492#1,5
3280.0,49073226#2,11
3280.0,49073264#0,1
3280.0,49073272#3,2
3280.0,506322844#0,5
3280.0,593849718#0,3
3280.0,:cluster622618015_622618108_622618112_622618144_#2more_39,1
3300.0,-300077497#5,26
3300.0,-300077497#8,4
3300.0,-49073264#1,1
3300.0,-51362429#1,8
3300.0,-593847703#3,18
3300.0,-E0,19
3300.0,288878926#0,3
3300.0,30620492#0,18
3300.0,30620492#1,5
3300.0,360018417,2
3300.0,49073226#2,11
3300.0,506322844#0,5
3300.0,51362430,1
3300.0,593849711#0,1
3300.0,:655375232_8,1
3300.0,:655375233_2,1
3320.0,-300077497#5,26
3320.0,-300077497#8,3
3320.0,-49073264#1,1
3320.0,-51362429#1,9
3320.0,-593847703#3,17
3320.0,-E0,19
3320.0,30620492#0,18
3320.0,30620492#1,5
3320.0,49073226#2,12
3320.0,506322844#0,5
3320.0,593847702#0,1
3320.0,593849711#0,1
3320.0,:655375233_4,1
3320.0,:cluster622618015_622618108_622618112_622618144_#2more_49,1
3320.0,:cluster_2528018119_655375236_17,1
3340.0,-300077497#5,26
3340.0,-300077497#8,4
3340.0,-49073264#1,1
3340.0,-51362429#1,9
3340.0,-593847703#3,18
3340.0,-E0,19
3340.0,30620492#0,18
3340.0,30620492#1,5
3340.0,49073226#2,12
3340.0,49073264#0,1
3340.0,506322844#0,5
3340.0,:655375233_4,1
3360.0,-300077497#5,27
3360.0,-300077497#8,4
3360.0,-51362429#1,9
3360.0,-593847703#3,18
3360.0,-E0,13
3360.0,30620492#0,18
3360.0,30620492#1,5
3360.0,49073226#2,12
3360.0,506322844#0,5
3360.0,593847704#0,5
3360.0,:655375233_4,1
3360.0,:cluster622618015_622618108_622618112_622618144_#2more_17,2
3380.0,-300077497#5,27
3380.0,-300077497#8,4
3380.0,-51362429#1,8
3380.0,-593847703#3,18
3380.0,-E0,18
3380.0,288878926#0,4
3380.0,30620492#0,18
3380.0,30620492#1,5
3380.0,360018417,1
3380.0,49073226#2,7
3380.0,506322844#0,5
3380.0,593849718#0,1
3380.0,:655375233_4,1
3380.0,:cluster_3431431575_4777363357_655375231_6982059025_3,1
3380.0,:cluster_623980147_623980152_9,1
3400.0,-300077497#5,26
3400.0,-300077497#8,4
3400.0,-51362429#1,2
3400.0,-593847703#3,16
3400.0,-593847705,1
3400.0,-E0,19
3400.0,196961377#3,1
3400.0,288878926#0,5
3400.0,30620492#0,18
3400.0,30620492#1,5
3400.0,49073226#2,4
3400.0,506322844#0,5
3400.0,593849711#0,1
3400.0,:655375232_8,1
3400.0,:655375233_2,1
3400.0,:cluster_2528018119_655375236_17,1
3400.0,:cluster_3431431575_4777363357_655375231_6982059025_3,3
3400.0,:cluster_623980147_623980152_4,1
3420.0,-300077497#5,23
3420.0,-300077497#8,4
3420.0,-51362429#1,3
3420.0,-593847703#3,15
3420.0,-E0,19
3420.0,288878926#0,10
3420.0,30620492#0,17
3420.0,30620492#1,4
3420.0,49073226#2,5
3420.0,506322844#0,5
3420.0,593847702#0,1
3420.0,593847704#0,2
3420.0,:2749340167_0,1
3440.0,-300077497#5,26
3440.0,-300077497#8,1
3440.0,-49073264#1,1
3440.0,-593847703#3,15
3440.0,-E0,19
3440.0,288878926#0,12
3440.0,30620492#0,17
3440.0,30620492#1,5
3440.0,49073226#2,6
3440.0,506322844#0,3
3440.0,593847704#0,2
3440.0,:655375238_5,1
3440.0,:655375239_5,1
3460.0,-300077497#5,27
3460.0,-300077497#8,4
3460.0,-593847703#3,15
3460.0,-E0,14
3460.0,182334378#0,1
3460.0,288878926#0,12
3460.0,30620492#0,18
3460.0,30620492#1,5
3460.0,49073226#2,6
3460.0,49073272#3,2
3460.0,506322844#0,6
3460.0,593847704#0,4
3460.0,:3086736518_6,1
3480.0,-300077497#5,20
3480.0,-300077497#8,4
3480.0,-593847703#3,21
3480.0,-E0,18
3480.0,288878926#0,10
3480.0,30620492#0,18
3480.0,30620492#1,5
3480.0,360018417,2
3480.0,49073226#2,6
3480.0,506322844#0,6
3480.0,593847704#0,3
3480.0,593849711#0,1
3480.0,:cluster_2528018119_655375236_31,1
3500.0,-300077497#5,19
3500.0,-300077497#8,1
3500.0,-593847703#3,20
3500.0,-E0,19
3500.0,232003903#0,1
3500.0,288878926#0,4
3500.0,30620492#0,18
3500.0,30620492#1,5
3500.0,49073226#2,6
3500.0,506322844#0,6
3500.0,593847704#0,3
3500.0,:655375233_4,2
3500.0,:655375238_5,1
3500.0,:cluster622618015_622618108_622618112_622618144_#2more_49,2
3500.0,:cluster_2528018119_655375236_19,1
3500.0,:cluster_2528018119_655375236_31,1
3520.0,-300077497#5,21
3520.0,-300077497#8,2
3520.0,-51362429#1,5
3520.0,-593847703#3,15
3520.0,-E0,19
3520.0,182334378#0,2
3520.0,232003903#0,2
3520.0,263217604#0,1
3520.0,288878926#0,4
3520.0,30620492#0,18
3520.0,30620492#1,5
3520.0,49073226#2,7
3520.0,506322844#0,2
3520.0,593847704#0,4
3520.0,:655375239_5,1
3540.0,-300077497#5,27
3540.0,-300077497#8,3
3540.0,-51362429#1,5
3540.0,-593847703#3,15
3540.0,-E0,19
3540.0,182334378#0,2
3540.0,232003903#0,2
3540.0,263217604#0,1
3540.0,288878926#0,4
3540.0,30620492#0,18
3540.0,30620492#1,5
3540.0,49073226#2,7
3540.0,506322844#0,3
3540.0,593847704#0,2
3540.0,:cluster622618015_622618108_622618112_622618144_#2more_37,1
3540.0,:cluster622618015_622618108_622618112_622618144_#2more_39,1
3560.0,-300077497#5,23
3560.0,-300077497#8,3
3560.0,-51362429#1,5
3560.0,-593847703#3,16
3560.0,-E0,15
3560.0,182334378#0,3
3560.0,263217604#0,1
3560.0,288878926#0,4
3560.0,30620492#0,18
3560.0,30620492#1,5
3560.0,360018417,1
3560.0,49073226#2,7
3560.0,49073272#3,1
3560.0,506322844#0,6
3560.0,51362430,2
3560.0,593847704#0,2
3560.0,:3086736518_6,2
3560.0,:3208478121_3,1
3560.0,:cluster_2528018119_655375236_17,2
3580.0,-300077497#5,20
3580.0,-300077497#8,3
3580.0,-51362429#1,5
3580.0,-593847703#3,20
3580.0,-E0,15
3580.0,196961377#3,3
3580.0,232003903#0,1
3580.0,244450512#4,1
3580.0,30620492#0,18
3580.0,30620492#1,5
3580.0,49073226#2,9
3580.0,506322844#0,6
3580.0,593847704#0,5
3580.0,:cluster655375336_end_0_655375336_end_1_655375336_end_10_655375336_end_11_#8more_6,1
3580.0,:cluster_2528018119_655375236_17,1
3600.0,-300077497#5,21
3600.0,-51362429#1,5
3600.0,-593847703#3,22
3600.0,-E0,19
3600.0,232003903#0,1
3600.0,244450512#5,1
3600.0,30620492#0,18
3600.0,30620492#1,5
3600.0,484988951#0,1
3600.0,49073226#2,9
3600.0,506322844#0,6
3600.0,51362430,1
3600.0,593847704#0,5
3620.0,-300077497#5,25
3620.0,-300077497#8,1
3620.0,-51362429#1,8
3620.0,-593847703#3,15
3620.0,-E0,19
3620.0,244450512#5,1
3620.0,263217604#0,2
3620.0,288878926#0,6
3620.0,30620492#0,18
3620.0,30620492#1,5
3620.0,484988951#0,1
3620.0,49073226#2,3
3620.0,506322844#0,2
3620.0,593847704#0,5
3620.0,:655375232_8,1
3620.0,:655375233_4,1
3620.0,:655375238_5,1
3620.0,:cluster_3431431575_4777363357_655375231_6982059025_3,1
3620.0,:cluster_3431431575_4777363357_655375231_6982059025_7,1
3620.0,:cluster_623980147_623980152_4,1
3640.0,-300077497#5,27
3640.0,-300077497#8,2
3640.0,-51362429#1,1
3640.0,-593847703#3,15
3640.0,-E0,19
3640.0,244450512#5,1
3640.0,263217604#0,3
3640.0,288878926#0,13
3640.0,30620492#0,18
3640.0,30620492#1,5
3640.0,49073226#2,5
3640.0,49073272#1,1
3640.0,506322844#0,6
3640.0,593849718#0,3
3640.0,593852345#0,1
3640.0,:655375233_4,1
3640.0,:cluster_3431431575_4777363357_655375231_6982059025_3,3
3660.0,-300077497#5,19
3660.0,-300077497#8,2
3660.0,-593847703#3,21
3660.0,-E0,17
3660.0,288878926#0,11
3660.0,30620492#0,18
3660.0,30620492#1,5
3660.0,360018417,1
3660.0,360843888,1
3660.0,49073226#2,8
3660.0,506322844#0,6
3660.0,51362430,1
3660.0,593849711#0,1
3660.0,593852345#0,1
3660.0,594658757#0,1
3660.0,594658760#0,1
3660.0,:3086736518_6,2
3660.0,:655375233_4,1
3660.0,:cluster_2528018119_655375236_19,1
3660.0,:cluster_2528018119_655375236_31,1
3660.0,:cluster_3431431575_4777363357_655375231_6982059025_3,1
3680.0,-300077497#5,21
3680.0,-593847703#3,21
3680.0,-E0,14
3680.0,196961215#2,1
3680.0,288878926#0,5
3680.0,30620492#0,18
3680.0,30620492#1,5
3680.0,360843888,1
3680.0,49073226#2,9
3680.0,506322844#0,6
3680.0,593847704#0,6
3680.0,594658757#0,1
3680.0,594658760#0,1
3680.0,:655375233_4,1
3680.0,:cluster622618015_622618108_622618112_622618144_#2more_49,1
3680.0,:cluster655375336_end_0_655375336_end_1_655375336_end_10_655375336_end_11_#8more_5,1
3680.0,:cluster655375336_end_0_655375336_end_1_655375336_end_10_655375336_end_11_#8more_6,1
3680.0,:cluster_3431431575_4777363357_655375231_6982059025_3,1
3700.0,-300077497#5,22
3700.0,-300077497#8,2
3700.0,-593847703#3,21
3700.0,-E0,19
3700.0,196961215#2,1
3700.0,232003903#0,1
3700.0,263217604#0,1
3700.0,288878926#0,5
3700.0,30620492#0,18
3700.0,30620492#1,5
3700.0,360843888,1
3700.0,49073226#2,9
3700.0,506322844#0,2
3700.0,593847704#0,6
3700.0,594658757#0,1
3700.0,594658760#0,1
3700.0,:655375233_4,1
3700.0,:655375239_5,1
3700.0,:cluster_3431431575_4777363357_655375231_6982059025_3,1
3720.0,-300077497#5,27
3720.0,-300077497#8,3
3720.0,-51362429#1,3
3720.0,-593847703#3,14
3720.0,-E0,19
3720.0,196961215#2,1
3720.0,232003903#0,1
3720.0,263217604#0,2
3720.0,288878926#0,5
3720.0,30620492#0,18
3720.0,30620492#1,5
3720.0,360843888,1
3720.0,49073226#2,9
3720.0,506322844#0,3
3720.0,593847704#0,5
3720.0,594658760#0,1
3720.0,:655375232_8,1
3720.0,:655375233_4,3
3720.0,:cluster622618015_622618108_622618112_622618144_#2more_39,2
3720.0,:cluster655375336_end_0_655375336_end_1_655375336_end_10_655375336_end_11_#8more_19,1
3720.0,:cluster_3431431575_4777363357_655375231_6982059025_3,1
3740.0,-300077497#5,23
3740.0,-300077497#8,4
3740.0,-51362429#1,6
3740.0,-593847703#3,16
3740.0,-E0,19
3740.0,196961215#2,1
3740.0,244450512#4,1
3740.0,263217604#0,2
3740.0,288878926#0,5
3740.0,30620492#0,16
3740.0,30620492#1,5
3740.0,49073226#2,9
3740.0,506322844#0,6
3740.0,51362430,1
3740.0,593849718#0,1
3740.0,593852345#0,1
3740.0,594658760#0,1
3740.0,:655375233_4,1
3740.0,:655375233_8,1
3740.0,:cluster_2528018119_655375236_17,2
3740.0,:cluster_3431431575_4777363357_655375231_6982059025_3,1
3760.0,-300077497#5,21
3760.0,-300077497#8,4
3760.0,-51362429#1,6
3760.0,-593847703#3,20
3760.0,-E0,18
3760.0,196961215#2,2
3760.0,244450512#4,1
3760.0,244450512#5,1
3760.0,30620492#0,18
3760.0,30620492#1,5
3760.0,49073226#2,9
3760.0,506322844#0,6
3760.0,593849711#0,1
3760.0,594658760#0,2
3760.0,:3086736518_6,1
3760.0,:655375233_4,1
3760.0,:655375233_8,1
3760.0,:cluster_3431431575_4777363357_655375231_6982059025_3,1
3760.0,:cluster_3431431575_4777363357_655375231_6982059025_7,1
3780.0,-300077497#5,25
3780.0,-51362429#1,6
3780.0,-593847703#3,20
3780.0,-E0,13
3780.0,196961215#2,2
3780.0,244450512#5,2
3780.0,30620492#0,18
3780.0,30620492#1,5
3780.0,49073226#2,10
3780.0,506322844#0,6
3780.0,593847704#0,5
3780.0,594658760#0,2
3780.0,:655375233_4,1
3780.0,:655375233_8,1
3780.0,:cluster_3431431575_4777363357_655375231_6982059025_3,1
3800.0,-300077497#5,27
3800.0,-300077497#8,4
3800.0,-51362429#1,6
3800.0,-593847703#3,20
3800.0,-E0,19
3800.0,1068440004#1,1
3800.0,196961215#2,2
3800.0,244450512#5,2
3800.0,263217604#0,1
3800.0,30620492#0,18
3800.0,30620492#1,5
3800.0,49073226#2,10
3800.0,506322844#0,4
3800.0,593847704#0,5
3800.0,:655375233_4,1
3800.0,:655375233_8,1
3800.0,:cluster655375336_end_0_655375336_end_1_655375336_end_10_655375336_end_11_#8more_17,1
3800.0,:cluster_3431431575_4777363357_655375231_6982059025_3,1
3820.0,-300077497#5,27
3820.0,-300077497#8,4
3820.0,-51362429#1,7
3820.0,-593847703#3,16
3820.0,-E0,20
3820.0,1068440004#1,1
3820.0,196961215#2,2
3820.0,244450512#5,2
3820.0,263217604#0,1
3820.0,30620492#0,18
3820.0,30620492#1,5
3820.0,49073226#2,10
3820.0,506322844#0,5
3820.0,593847702#0,2
3820.0,593849718#0,4
3820.0,:655375232_8,1
3820.0,:655375233_2,1
3820.0,:655375233_4,1
3820.0,:cluster622618015_622618108_622618112_622618144_#2more_39,1
3820.0,:cluster_3431431575_4777363357_655375231_6982059025_3,1
3840.0,-300077497#5,21
3840.0,-300077497#8,4
3840.0,-51362429#1,9
3840.0,-593847703#3,20
3840.0,-E0,20
3840.0,288878926#0,4
3840.0,30620492#0,18
3840.0,30620492#1,5
3840.0,49073226#2,8
3840.0,506322844#0,6
3840.0,51362430,2
3840.0,593847702#0,3
3840.0,594658757#0,1
3840.0,:3086736518_4,1
3840.0,:655375233_4,1
3840.0,:655375233_8,1
3840.0,:cluster_3431431575_4777363357_655375231_6982059025_3,1
3860.0,-300077497#5,23
3860.0,-300077497#8,1
3860.0,-51362429#1,4
3860.0,-593847703#3,20
3860.0,-E0,20
3860.0,288878926#0,6
3860.0,30620492#0,18
3860.0,30620492#1,5
3860.0,49073226#2,4
3860.0,506322844#0,6
3860.0,593847702#0,3
3860.0,594658757#0,1
3860.0,:3086736518_4,1
3860.0,:655375233_4,1
3860.0,:655375233_8,1
3860.0,:655375238_5,1
3860.0,:cluster_3431431575_4777363357_655375231_6982059025_3,3
3860.0,:cluster_3431431575_4777363357_655375231_6982059025_7,2
3860.0,:cluster_623980147_623980152_9,1
3880.0,-300077497#5,26
3880.0,-300077497#8,1
3880.0,-593847703#3,20
3880.0,-E0,17
3880.0,263217604#0,1
3880.0,288878926#0,13
3880.0,30620492#0,18
3880.0,30620492#1,5
3880.0,49073226#2,5
3880.0,49073264#0,1
3880.0,49073272#1,2
3880.0,506322844#0,2
3880.0,594658757#0,1
3880.0,:3086736518_4,1
3880.0,:3086736518_6,2
3880.0,:655375233_4,1
3880.0,:655375233_8,1
3880.0,:655375238_5,1
3880.0,:655375239_5,1
3880.0,:cluster_3431431575_4777363357_655375231_6982059025_3,2
3900.0,-300077497#5,27
3900.0,-300077497#8,4
3900.0,-593847703#3,20
3900.0,-E0,19
3900.0,263217604#0,1
3900.0,288878926#0,13
3900.0,30620492#0,18
3900.0,30620492#1,5
3900.0,49073226#2,7
3900.0,49073272#3,2
3900.0,506322844#0,5
3900.0,594658757#0,1
3900.0,:3086736518_4,1
3900.0,:3086736518_6,2
3900.0,:655375233_4,1
3900.0,:655375233_8,1
3900.0,:cluster622618015_622618108_622618112_622618144_#2more_17,1
3920.0,-300077497#5,26
3920.0,-300077497#8,4
3920.0,-51362429#1,1
3920.0,-593847703#3,18
3920.0,-E0,19
3920.0,263217604#0,1
3920.0,288878926#0,13
3920.0,30620492#0,18
3920.0,30620492#1,5
3920.0,360018417,1
3920.0,49073226#2,7
3920.0,506322844#0,5
3920.0,594658757#0,1
3920.0,:3086736518_6,2
3920.0,:3208478121_3,1
3920.0,:655375232_8,1
3920.0,:655375233_4,3
3920.0,:655375233_8,1
3940.0,-300077497#5,26
3940.0,-300077497#8,4
3940.0,-51362429#1,2
3940.0,-593847703#3,18
3940.0,-E0,19
3940.0,196961377#3,2
3940.0,288878926#0,7
3940.0,30620492#0,18
3940.0,30620492#1,5
3940.0,49073226#2,7
3940.0,506322844#0,5
3940.0,593847704#0,2
3940.0,593849711#0,2
3940.0,594658757#0,2
3940.0,:3086736518_4,1
3940.0,:655375233_4,2
3940.0,:655375233_8,1
3960.0,-300077497#5,27
3960.0,-300077497#8,3
3960.0,-51362429#1,2
3960.0,-593847703#3,18
3960.0,-E0,19
3960.0,288878926#0,5
3960.0,30620492#0,18
3960.0,30620492#1,5
3960.0,49073226#2,7
3960.0,506322844#0,5
3960.0,593847704#0,2
3960.0,594658757#0,2
3960.0,:3086736518_4,1
3960.0,:655375233_4,2
3960.0,:655375233_8,1
3980.0,-300077497#5,27
3980.0,-300077497#8,4
3980.0,-51362429#1,2
3980.0,-593847703#3,18
3980.0,-E0,17
3980.0,288878926#0,5
3980.0,30620492#0,18
3980.0,30620492#1,5
3980.0,49073226#2,7
3980.0,506322844#0,5
3980.0,593847704#0,2
3980.0,594658757#0,2
3980.0,:3086736518_4,1
3980.0,:3086736518_6,2
3980.0,:655375233_4,2
3980.0,:655375233_8,1
4000.0,-300077497#5,27
4000.0,-300077497#8,4
4000.0,-51362429#1,2
4000.0,-593847703#3,18
4000.0,-E0,19
4000.0,288878926#0,5
4000.0,30620492#0,18
4000.0,30620492#1,5
4000.0,49073226#2,7
4000.0,506322844#0,5
4000.0,593849718#0,2
4000.0,594658757#0,2
4000.0,:3086736518_4,1
4000.0,:3086736518_6,2
4000.0,:655375233_4,2
4000.0,:655375233_8,1
4020.0,-300077497#5,24
4020.0,-300077497#8,4
4020.0,-51362429#1,2
4020.0,-593847703#3,17
4020.0,-E0,19
4020.0,288878926#0,3
4020.0,30620492#0,18
4020.0,30620492#1,5
4020.0,49073226#2,7
4020.0,506322844#0,5
4020.0,593849711#0,1
4020.0,594658757#0,2
4020.0,:3086736518_4,1
4020.0,:3086736518_6,2
4020.0,:655375232_8,1
4020.0,:655375233_4,3
4020.0,:655375233_8,1
4020.0,:cluster_2528018119_655375236_17,2
4040.0,-300077497#5,19
4040.0,-300077497#8,2
4040.0,-51362429#1,5
4040.0,-593847703#3,22
4040.0,-E0,19
4040.0,182334378#0,2
4040.0,30620492#0,17
4040.0,30620492#1,5
4040.0,49073226#2,7
4040.0,506322844#0,5
4040.0,593847704#0,2
4040.0,594658757#0,2
4040.0,:3086736518_4,1
4040.0,:655375233_4,2
4040.0,:655375233_8,1
4040.0,:655375238_5,2
4060.0,-300077497#5,23
4060.0,-300077497#8,2
4060.0,-51362429#1,5
4060.0,-593847703#3,22
4060.0,-E0,19
4060.0,232003903#0,2
4060.0,30620492#0,18
4060.0,30620492#1,5
4060.0,49073226#2,7
4060.0,506322844#0,2
4060.0,593847704#0,2
4060.0,594658757#0,2
4060.0,:3086736518_4,1
4060.0,:655375233_4,2
4060.0,:655375233_8,1
4060.0,:655375238_5,1
4060.0,:655375239_5,1
4080.0,-300077497#5,27
4080.0,-300077497#8,4
4080.0,-51362429#1,3
4080.0,-593847703#3,22
4080.0,-E0,17
4080.0,232003903#0,2
4080.0,288878926#0,3
4080.0,30620492#0,18
4080.0,30620492#1,5
4080.0,49073226#2,3
4080.0,506322844#0,6
4080.0,594658757#0,2
4080.0,:3086736518_4,1
4080.0,:3086736518_6,2
4080.0,:655375233_4,2
4080.0,:655375233_8,1
4080.0,:cluster622618015_622618108_622618112_622618144_#2more_39,2
4080.0,:cluster_3431431575_4777363357_655375231_6982059025_3,2
4080.0,:cluster_623980147_623980152_9,1
4100.0,-300077497#5,23
4100.0,-300077497#8,4
4100.0,-593847703#3,24
4100.0,-E0,19
4100.0,288878926#0,10
4100.0,30620492#0,18
4100.0,30620492#1,5
4100.0,49073226#2,1
4100.0,506322844#0,7
4100.0,51362430,2
4100.0,594658757#0,1
4100.0,:3086736518_4,1
4100.0,:3086736518_6,2
4100.0,:655375233_4,2
4100.0,:655375233_8,1
4100.0,:cluster655375336_end_0_655375336_end_1_655375336_end_10_655375336_end_11_#8more_21,1
4100.0,:cluster_2528018119_655375236_17,2
4100.0,:cluster_623980147_623980152_4,1
4120.0,-300077497#5,20
4120.0,-300077497#8,4
4120.0,-593847703#3,29
4120.0,-E0,20
4120.0,288878926#0,7
4120.0,30620492#0,18
4120.0,30620492#1,5
4120.0,49073226#2,1
4120.0,506322844#0,7
4120.0,593849711#0,2
4120.0,594658757#0,1
4120.0,:3086736518_4,1
4120.0,:3086736518_6,2
4120.0,:655375233_4,2
4120.0,:655375233_8,1
4140.0,-300077497#5,22
4140.0,-51362429#1,2
4140.0,-593847703#3,26
4140.0,-E0,20
4140.0,288878926#0,6
4140.0,30620492#0,18
4140.0,30620492#1,5
4140.0,506322844#0,7
4140.0,593847702#0,1
4140.0,593847704#0,1
4140.0,594658757#0,1
4140.0,:3086736518_6,1
4140.0,:655375232_8,1
4140.0,:655375233_2,1
4140.0,:655375233_4,1
4140.0,:655375233_8,1
4140.0,:cluster_3431431575_4777363357_655375231_6982059025_3,2
4160.0,-300077497#5,26
4160.0,-300077497#8,2
4160.0,-593847703#3,26
4160.0,-E0,20
4160.0,263217604#0,2
4160.0,288878926#0,6
4160.0,30620492#0,18
4160.0,30620492#1,5
4160.0,49073226#2,5
4160.0,49073264#0,1
4160.0,49073272#3,1
4160.0,506322844#0,2
4160.0,593847704#0,2
4160.0,594658757#0,1
4160.0,:655375233_4,1
4160.0,:655375238_5,1
4160.0,:655375239_5,1
4160.0,:cluster622618015_622618108_622618112_622618144_#2more_34,1
4180.0,-300077497#5,27
4180.0,-300077497#8,4
4180.0,-49073264#1,1
4180.0,-593847703#3,26
4180.0,-E0,18
4180.0,263217604#0,2
4180.0,288878926#0,6
4180.0,30620492#0,18
4180.0,30620492#1,5
4180.0,49073226#2,5
4180.0,49073272#3,1
4180.0,506322844#0,6
4180.0,593847704#0,1
4180.0,593849718#0,1
4180.0,594658757#0,1
4180.0,:3086736518_6,1
4180.0,:655375233_4,1
4180.0,:cluster622618015_622618108_622618112_622618144_#2more_17,1
4200.0,-300077497#5,21
4200.0,-300077497#8,4
4200.0,-593847703#3,31
4200.0,-E0,14
4200.0,182334378#0,1
4200.0,288878926#0,4
4200.0,30620492#0,18
4200.0,30620492#1,5
4200.0,360018417,1
4200.0,360843888,1
4200.0,49073226#2,5
4200.0,506322844#0,6
4200.0,593847704#0,6
4200.0,593849711#0,1
4200.0,:655375233_4,1
4200.0,:cluster3086736522_655375108_655375247_655375401_#1more_17,1
4200.0,:cluster655375336_end_0_655375336_end_1_655375336_end_10_655375336_end_11_#8more_21,1
4220.0,-300077497#5,22
4220.0,-300077497#8,1
4220.0,-593847703#3,31
4220.0,-E0,19
4220.0,182334378#0,1
4220.0,30620492#0,18
4220.0,30620492#1,5
4220.0,360843888,2
4220.0,49073226#2,5
4220.0,506322844#0,6
4220.0,593847704#0,6
4220.0,:655375233_4,1
4220.0,:655375238_5,1
4220.0,:cluster_2528018119_655375236_17,1
4240.0,-300077497#5,25
4240.0,-300077497#8,1
4240.0,-51362429#1,3
4240.0,-593847703#3,22
4240.0,-E0,19
4240.0,263217604#0,1
4240.0,30620492#0,18
4240.0,30620492#1,5
4240.0,360843888,2
4240.0,49073226#2,5
4240.0,506322844#0,2
4240.0,593847704#0,6
4240.0,:3086736518_3,1
4240.0,:3086736518_4,1
4240.0,:655375232_8,1
4240.0,:655375233_2,1
4240.0,:655375233_4,2
4240.0,:655375238_5,1
4240.0,:655375239_5,1
4240.0,:cluster655375336_end_0_655375336_end_1_655375336_end_10_655375336_end_11_#8more_6,1
4240.0,:cluster_3431431575_4777363357_655375231_6982059025_3,2
4260.0,-300077497#5,27
4260.0,-300077497#8,4
4260.0,-51362429#1,6
4260.0,-593847703#3,22
4260.0,-E0,19
4260.0,232003903#0,1
4260.0,263217604#0,1
4260.0,30620492#0,18
4260.0,30620492#1,5
4260.0,360843888,2
4260.0,49073226#2,8
4260.0,506322844#0,6
4260.0,593847702#0,1
4260.0,593847704#0,5
4260.0,:cluster622618015_622618108_622618112_622618144_#2more_37,1
4260.0,:cluster622618015_622618108_622618112_622618144_#2more_39,1
4280.0,-300077497#5,23
4280.0,-300077497#8,4
4280.0,-51362429#1,6
4280.0,-593847703#3,24
4280.0,-E0,18
4280.0,244450512#4,2
4280.0,263217604#0,1
4280.0,30620492#0,18
4280.0,30620492#1,5
4280.0,360018417,1
4280.0,49073226#2,8
4280.0,49073264#0,1
4280.0,506322844#0,6
4280.0,51362430,1
4280.0,593847702#0,1
4280.0,:3086736518_6,1
4280.0,:cluster_2528018119_655375236_17,1
4280.0,:cluster_2528018119_655375236_19,1
4300.0,-300077497#5,19
4300.0,-300077497#8,4
4300.0,-49073264#1,1
4300.0,-51362429#1,6
4300.0,-593847703#3,28
4300.0,-E0,13
4300.0,182334378#0,2
4300.0,196961377#3,1
4300.0,244450512#4,1
4300.0,244450512#5,2
4300.0,30620492#0,18
4300.0,30620492#1,5
4300.0,49073226#2,9
4300.0,506322844#0,6
4300.0,593847702#0,1
4300.0,593847704#0,6
4320.0,-300077497#5,23
4320.0,-49073264#1,1
4320.0,-51362429#1,6
4320.0,-593847703#3,28
4320.0,-E0,19
4320.0,1068440004#1,1
4320.0,244450512#5,3
4320.0,288878926#0,5
4320.0,30620492#0,18
4320.0,30620492#1,5
4320.0,49073226#2,3
4320.0,506322844#0,6
4320.0,51362430,1
4320.0,593847702#0,1
4320.0,593847704#0,6
4320.0,:cluster_623980147_623980152_9,1
4340.0,-300077497#5,27
4340.0,-300077497#8,3
4340.0,-49073264#1,2
4340.0,-51362429#1,1
4340.0,-593847703#3,24
4340.0,-E0,19
4340.0,1068440004#1,1
4340.0,244450512#5,3
4340.0,263217604#0,1
4340.0,288878926#0,10
4340.0,30620492#0,17
4340.0,30620492#1,5
4340.0,49073226#2,4
4340.0,593847704#0,6
4340.0,:3086736518_4,1
4340.0,:655375232_8,1
4340.0,:655375233_4,1
4340.0,:cluster_3431431575_4777363357_655375231_6982059025_3,1
4340.0,:cluster_623980147_623980152_4,1
4360.0,-300077497#5,27
4360.0,-300077497#8,3
4360.0,-51362429#1,2
4360.0,-593847703#3,22
4360.0,-E0,19
4360.0,244450512#5,3
4360.0,263217604#0,1
4360.0,288878926#0,13
4360.0,30620492#0,18
4360.0,30620492#1,5
4360.0,49073226#2,7
4360.0,593847702#0,1
4360.0,593849718#0,3
4360.0,:cluster622618015_622618108_622618112_622618144_#2more_39,3
4380.0,-300077497#5,24
4380.0,-300077497#8,3
4380.0,-51362429#1,2
4380.0,-593847703#3,25
4380.0,-E0,19
4380.0,288878926#0,11
4380.0,30620492#0,14
4380.0,30620492#1,4
4380.0,49073226#2,7
4380.0,506322844#0,4
4380.0,51362430,3
4380.0,593847702#0,1
4380.0,593849711#0,1
4380.0,594658760#0,1
4380.0,:cluster_9383263990_9383263991_9383263992_9383263993_13,1
4400.0,-300077497#5,25
4400.0,-51362429#1,2
4400.0,-593847703#3,26
4400.0,-E0,13
4400.0,1068440004#1,1
4400.0,288878926#0,5
4400.0,30620492#0,15
4400.0,30620492#1,4
4400.0,49073226#2,8
4400.0,506322844#0,6
4400.0,593847702#0,1
4400.0,593847704#0,6
4400.0,:2749340167_0,1
4400.0,:655375238_5,1
4400.0,:cluster_3431431575_4777363357_655375231_6982059025_7,2
4420.0,-300077497#5,26
4420.0,-300077497#8,2
4420.0,-51362429#1,2
4420.0,-593847703#3,26
4420.0,-E0,18
4420.0,1068440004#1,1
4420.0,263217604#0,2
4420.0,288878926#0,5
4420.0,30620492#0,17
4420.0,30620492#1,5
4420.0,49073226#2,10
4420.0,49073264#0,1
4420.0,593847704#0,6
4420.0,:655375238_5,1
4420.0,:655375239_5,1
4440.0,-300077497#5,27
4440.0,-300077497#8,3
4440.0,-51362429#1,2
4440.0,-593847703#3,23
4440.0,-E0,19
4440.0,1068440004#1,1
4440.0,263217604#0,2
4440.0,288878926#0,5
4440.0,30620492#0,18
4440.0,30620492#1,5
4440.0,49073226#2,10
4440.0,593847704#0,5
4440.0,:3086736518_4,1
4440.0,:655375233_4,2
4440.0,:cluster622618015_622618108_622618112_622618144_#2more_17,1
4440.0,:cluster622618015_622618108_622618112_622618144_#2more_42,1
4460.0,-300077497#5,24
4460.0,-300077497#8,3
4460.0,-49073264#1,1
4460.0,-51362429#1,7
4460.0,-593847703#3,22
4460.0,-E0,19
4460.0,182334378#0,1
4460.0,263217604#0,2
4460.0,288878926#0,5
4460.0,30620492#0,18
4460.0,30620492#1,3
4460.0,49073226#2,10
4460.0,593849718#0,2
4460.0,:655375233_8,1
4460.0,:cluster_2528018119_655375236_17,1
4460.0,:cluster_9383263990_9383263991_9383263992_9383263993_13,2
4480.0,-300077497#5,24
4480.0,-300077497#8,3
4480.0,-49073264#1,1
4480.0,-51362429#1,7
4480.0,-593847703#3,23
4480.0,-E0,19
4480.0,30620492#0,12
4480.0,30620492#1,5
4480.0,49073226#2,10
4480.0,506322842#0,1
4480.0,506322844#0,5
4480.0,51362430,1
4480.0,593847702#0,1
4480.0,593849711#0,1
4480.0,594658760#0,2
4500.0,-300077497#5,27
4500.0,-49073264#1,1
4500.0,-51362429#1,7
4500.0,-593847703#3,23
4500.0,-E0,14
4500.0,30620492#0,17
4500.0,30620492#1,5
4500.0,49073226#2,11
4500.0,506322842#0,1
4500.0,506322844#0,6
4500.0,593847702#0,1
4500.0,593847704#0,3
4500.0,594658760#0,2
4500.0,:3086736518_6,1
4520.0,-300077497#5,27
4520.0,-300077497#8,4
4520.0,-49073264#1,1
4520.0,-51362429#1,7
4520.0,-593847703#3,23
4520.0,-E0,18
4520.0,263217604#0,1
4520.0,30620492#0,18
4520.0,30620492#1,5
4520.0,49073226#2,11
4520.0,49073272#3,1
4520.0,506322844#0,1
4520.0,593847704#0,4
4520.0,594658760#0,2
4520.0,:cluster_5372642442_631668976_631668981_631669076_36,1
4540.0,-300077497#5,27
4540.0,-300077497#8,4
4540.0,-51362429#1,7
4540.0,-593847703#3,21
4540.0,-E0,19
4540.0,1068234499#0,1
4540.0,263217604#0,1
4540.0,288878926#0,1
4540.0,30620492#0,18
4540.0,30620492#1,5
4540.0,49073226#2,10
4540.0,49073272#3,2
4540.0,506322844#0,1
4540.0,593849718#0,2
4540.0,594658760#0,2
4540.0,:655375233_4,2
4540.0,:cluster622618015_622618108_622618112_622618144_#2more_39,1
4560.0,-300077497#5,21
4560.0,-300077497#8,4
4560.0,-51362429#1,9
4560.0,-593847703#3,20
4560.0,-E0,19
4560.0,1068234499#0,1
4560.0,182334378#0,1
4560.0,288878926#0,5
4560.0,30620492#0,14
4560.0,30620492#1,4
4560.0,360018417,2
4560.0,49073226#2,6
4560.0,506322844#0,5
4560.0,593849711#0,1
4560.0,594658760#0,3
4560.0,:2749340167_0,1
4560.0,:3086736518_4,1
4560.0,:655375233_4,1
4580.0,-300077497#5,21
4580.0,-51362429#1,3
4580.0,-593847703#3,22
4580.0,-E0,19
4580.0,1068234499#0,1
4580.0,232003903#0,1
4580.0,288878926#0,6
4580.0,30620492#0,17
4580.0,30620492#1,5
4580.0,49073226#2,3
4580.0,506322844#0,5
4580.0,594658760#0,3
4580.0,:3086736518_4,1
4580.0,:655375233_4,1
4580.0,:655375238_5,2
4580.0,:cluster622618015_622618108_622618112_622618144_#2more_49,2
4580.0,:cluster_3431431575_4777363357_655375231_6982059025_3,2
4580.0,:cluster_623980147_623980152_4,1
4600.0,-300077497#5,23
4600.0,-300077497#8,2
4600.0,-593847703#3,22
4600.0,-E0,17
4600.0,1068234499#0,1
4600.0,232003903#0,1
4600.0,288878926#0,12
4600.0,30620492#0,18
4600.0,30620492#1,5
4600.0,49073226#2,3
4600.0,506322844#0,1
4600.0,594658760#0,3
4600.0,:3086736518_4,1
4600.0,:3086736518_6,2
4600.0,:655375233_4,1
4600.0,:655375238_5,1
4600.0,:655375239_5,1
4620.0,-300077497#5,27
4620.0,-300077497#8,1
4620.0,-593847703#3,22
4620.0,-E0,19
4620.0,1068234499#0,1
4620.0,232003903#0,1
4620.0,288878926#0,12
4620.0,30620492#0,18
4620.0,30620492#1,5
4620.0,49073226#2,3
4620.0,594658760#0,3
4620.0,:3086736518_4,1
4620.0,:3086736518_6,2
4620.0,:655375233_4,1
4640.0,-300077497#5,27
4640.0,-300077497#8,1
4640.0,-593847703#3,22
4640.0,-E0,19
4640.0,1068234499#0,1
4640.0,288878926#0,12
4640.0,30620492#0,18
4640.0,30620492#1,3
4640.0,49073226#2,3
4640.0,506322844#0,1
4640.0,51362430,1
4640.0,594658760#0,3
4640.0,:3086736518_4,1
4640.0,:3086736518_6,2
4640.0,:655375233_4,1
4640.0,:cluster_9383263990_9383263991_9383263992_9383263993_13,1
4660.0,-300077497#5,22
4660.0,-300077497#8,1
4660.0,-593847703#3,19
4660.0,-E0,19
4660.0,1068234499#0,1
4660.0,288878926#0,6
4660.0,30620492#0,11
4660.0,30620492#1,4
4660.0,49073226#2,5
4660.0,506322842#0,2
4660.0,506322844#0,5
4660.0,593847704#0,3
4660.0,593849711#0,2
4660.0,594658760#0,3
4660.0,:2749340167_0,1
4660.0,:3086736518_4,2
4660.0,:655375232_8,1
4660.0,:655375233_4,2
4660.0,:cluster655375336_end_0_655375336_end_1_655375336_end_10_655375336_end_11_#8more_6,1
4660.0,:cluster_2528018119_655375236_17,1
4660.0,:cluster_3431431575_4777363357_655375231_6982059025_3,1
4680.0,-300077497#5,23
4680.0,-593847703#3,20
4680.0,-E0,19
4680.0,1068234499#0,1
4680.0,288878926#0,4
4680.0,30620492#0,16
4680.0,30620492#1,5
4680.0,49073226#2,7
4680.0,506322842#0,2
4680.0,506322844#0,6
4680.0,51362430,1
4680.0,593847704#0,3
4680.0,594658760#0,3
4680.0,:3086736518_4,2
4680.0,:655375233_4,2
4700.0,-300077497#5,26
4700.0,-593847703#3,21
4700.0,-E0,17
4700.0,263217604#0,3
4700.0,288878926#0,4
4700.0,30620492#0,18
4700.0,30620492#1,5
4700.0,484988951#0,1
4700.0,49073226#2,7
4700.0,506322846#2,2
4700.0,593847704#0,3
4700.0,594658760#0,3
4700.0,:3086736518_4,2
4700.0,:3086736518_6,2
4700.0,:655375233_4,2
4720.0,-300077497#5,26
4720.0,-593847703#3,21
4720.0,-E0,18
4720.0,1068234499#0,1
4720.0,263217604#0,3
4720.0,288878926#0,4
4720.0,30620492#0,18
4720.0,30620492#1,5
4720.0,49073226#2,8
4720.0,49073264#0,1
4720.0,593849718#0,2
4720.0,594658760#0,3
4720.0,:2444664370_0,1
4720.0,:3086736518_4,2
4720.0,:3086736518_6,2
4720.0,:655375233_4,2
4740.0,-300077497#5,19
4740.0,-49073264#1,1
4740.0,-593847703#3,28
4740.0,-E0,19
4740.0,1068234499#0,2
4740.0,288878926#0,2
4740.0,30620492#0,14
4740.0,30620492#1,3
4740.0,49073226#2,8
4740.0,506322842#0,2
4740.0,506322844#0,1
4740.0,593849711#0,2
4740.0,594658757#0,2
4740.0,594658760#0,4
4740.0,:2749340167_0,1
4740.0,:3086736518_4,2
4740.0,:3086736518_6,2
4740.0,:655375233_4,2
4740.0,:cluster_9383263990_9383263991_9383263992_9383263993_13,2
4760.0,-300077497#5,17
4760.0,-49073264#1,1
4760.0,-51362429#1,4
4760.0,-593847703#3,22
4760.0,-E0,19
4760.0,1068234499#0,2
4760.0,30620492#0,14
4760.0,30620492#1,5
4760.0,49073226#2,8
4760.0,506322842#0,2
4760.0,506322844#0,5
4760.0,594658757#0,2
4760.0,594658760#0,4
4760.0,:3086736518_4,1
4760.0,:3086736518_6,2
4760.0,:655375233_2,1
4760.0,:655375233_4,4
4760.0,:cluster_2528018119_655375236_17,1
4760.0,:cluster_3431431575_4777363357_655375231_6982059025_3,1
4780.0,-300077497#5,17
4780.0,-300077497#8,1
4780.0,-35274074#2,1
4780.0,-49073264#1,1
4780.0,-51362429#1,3
4780.0,-593847703#3,23
4780.0,-593847705,1
4780.0,-E0,19
4780.0,182334378#0,2
4780.0,263217604#0,3
4780.0,288878926#0,3
4780.0,30620492#0,18
4780.0,30620492#1,5
4780.0,49073226#2,5
4780.0,506322846#0,1
4780.0,593847704#0,1
4780.0,594658757#0,2
4780.0,594658760#0,4
4780.0,:3086736518_4,1
4780.0,:3086736518_6,1
4780.0,:655375233_2,1
4780.0,:655375233_4,3
4780.0,:655375239_5,1
4780.0,:cluster_3431431575_4777363357_655375231_6982059025_3,1
4780.0,:cluster_623980147_623980152_4,1
4800.0,-300077497#5,20
4800.0,-593847703#3,23
4800.0,-593847705,1
4800.0,-E0,18
4800.0,182334378#0,2
4800.0,263217604#0,3
4800.0,288135626#0,1
4800.0,288878926#0,10
4800.0,30620492#0,18
4800.0,30620492#1,5
4800.0,49073226#2,3
4800.0,594658757#0,2
4800.0,594658760#0,3
4800.0,:3086736518_4,1
4800.0,:3086736518_6,2
4800.0,:655375233_2,1
4800.0,:655375233_4,3
4800.0,:cluster622618015_622618108_622618112_622618144_#2more_17,1
4800.0,:cluster622618015_622618108_622618112_622618144_#2more_39,1
4820.0,-300077497#5,16
4820.0,-593847703#3,25
4820.0,-593847705,1
4820.0,-E0,18
4820.0,1068234499#0,1
4820.0,182334378#0,2
4820.0,263217604#0,3
4820.0,288878926#0,13
4820.0,30620492#0,18
4820.0,30620492#1,3
4820.0,506322844#0,1
4820.0,594658757#0,2
4820.0,594658760#0,3
4820.0,:3086736518_4,1
4820.0,:3086736518_6,2
4820.0,:655375233_2,1
4820.0,:655375233_4,3
4820.0,:cluster_2528018119_655375236_17,2
4820.0,:cluster_9383263990_9383263991_9383263992_9383263993_13,1
4840.0,-300077497#5,7
4840.0,-593847703#3,31
4840.0,-593847705,1
4840.0,-E0,19
4840.0,1068234499#0,1
4840.0,182334378#0,3
4840.0,288878926#0,7
4840.0,30620492#0,12
4840.0,30620492#1,5
4840.0,506322842#0,1
4840.0,506322844#0,5
4840.0,593849711#0,2
4840.0,594658757#0,2
4840.0,594658760#0,6
4840.0,:3086736518_4,1
4840.0,:3086736518_6,2
4840.0,:655375233_2,1
4840.0,:655375233_4,3
4840.0,:cluster_2528018119_655375236_17,1
4840.0,:cluster_2528018119_655375236_19,1
4840.0,:cluster_2528018119_655375236_31,1
4860.0,-300077497#5,4
4860.0,-51362429#1,3
4860.0,-593847703#3,29
4860.0,-E0,19
4860.0,1068234499#0,1
4860.0,182334378#0,6
4860.0,288878926#0,5
4860.0,30620492#0,18
4860.0,30620492#1,5
4860.0,506322842#0,1
4860.0,506322844#0,5
4860.0,594658757#0,2
4860.0,594658760#0,6
4860.0,:3086736518_4,1
4860.0,:3086736518_6,2
4860.0,:655375232_8,2
4860.0,:655375233_2,3
4860.0,:655375233_4,2
4880.0,-300077497#5,6
4880.0,-593847703#3,28
4880.0,-E0,19
4880.0,182334378#0,7
4880.0,263217604#0,3
4880.0,288878926#0,5
4880.0,30620492#0,18
4880.0,30620492#1,5
4880.0,49073226#2,6
4880.0,593847702#0,2
4880.0,593847704#0,1
4880.0,594658757#0,2
4880.0,594658760#0,6
4880.0,:3086736518_4,1
4880.0,:3086736518_6,1
4880.0,:655375233_4,1
4880.0,:cluster622618015_622618108_622618112_622618144_#2more_34,1
4880.0,:cluster_5372642442_631668976_631668981_631669076_47,1
4900.0,-300077497#5,6
4900.0,-49073264#1,1
4900.0,-593847703#3,28
4900.0,-E0,19
4900.0,1068234499#0,1
4900.0,182334378#0,7
4900.0,263217604#0,3
4900.0,288878926#0,5
4900.0,30620492#0,18
4900.0,30620492#1,5
4900.0,49073226#2,6
4900.0,593847702#0,2
4900.0,593849718#0,1
4900.0,594658757#0,2
4900.0,594658760#0,6
4900.0,:3086736518_4,1
4900.0,:3086736518_6,1
4900.0,:655375233_4,1
4920.0,-593847703#3,33
4920.0,-E0,18
4920.0,1068234499#0,1
4920.0,182334378#0,7
4920.0,288878926#0,3
4920.0,30620492#0,14
4920.0,30620492#1,4
4920.0,49073226#2,6
4920.0,506322844#0,5
4920.0,593847702#0,2
4920.0,593849711#0,1
4920.0,594658757#0,4
4920.0,594658760#0,7
4920.0,:3086736518_4,1
4920.0,:3086736518_6,2
4920.0,:655375233_4,1
4920.0,:cluster_2528018119_655375236_17,1
4940.0,-593847703#3,34
4940.0,-E0,19
4940.0,1068234499#0,1
4940.0,182334378#0,7
4940.0,30620492#0,16
4940.0,30620492#1,5
4940.0,49073226#2,6
4940.0,506322844#0,5
4940.0,593847702#0,2
4940.0,594658757#0,4
4940.0,594658760#0,7
4940.0,:3086736518_4,1
4940.0,:3086736518_6,2
4940.0,:655375233_4,1
4960.0,-300077497#5,1
4960.0,-300077497#8,1
4960.0,-51362429#1,1
4960.0,-593847703#3,30
4960.0,-E0,19
4960.0,182334378#0,8
4960.0,30620492#0,18
4960.0,30620492#1,5
4960.0,49073226#2,6
4960.0,49073264#0,1
4960.0,49073272#1,1
4960.0,506322844#0,1
4960.0,594658757#0,4
4960.0,594658760#0,7
4960.0,:3086736518_6,2
4960.0,:655375232_8,1
4960.0,:655375233_2,1
4960.0,:655375233_4,3
4960.0,:655375238_5,1
4960.0,:655375239_5,1
4980.0,-300077497#5,5
4980.0,-51362429#1,4
4980.0,-593847703#3,25
4980.0,-E0,19
4980.0,182334378#0,8
4980.0,30620492#0,18
4980.0,30620492#1,5
4980.0,49073226#2,7
4980.0,49073272#3,1
4980.0,593847702#0,1
4980.0,594658757#0,4
4980.0,594658760#0,7
4980.0,:3086736518_4,2
4980.0,:3086736518_6,1
4980.0,:655375233_4,2
4980.0,:cluster622618015_622618108_622618112_622618144_#2more_17,1
4980.0,:cluster622618015_622618108_622618112_622618144_#2more_39,1
5000.0,-300077497#5,1
5000.0,-51362429#1,4
5000.0,-593847703#3,27
5000.0,-E0,19
5000.0,182334378#0,8
5000.0,30620492#0,18
5000.0,30620492#1,3
5000.0,360018417,1
5000.0,49073226#2,7
5000.0,593847702#0,1
5000.0,594658757#0,4
5000.0,594658760#0,7
5000.0,:3086736518_4,2
5000.0,:3086736518_6,1
5000.0,:655375233_4,2
5000.0,:cluster_2528018119_655375236_17,1
5000.0,:cluster_2528018119_655375236_31,1
5000.0,:cluster_9383263990_9383263991_9383263992_9383263993_13,2
5020.0,-593847703#3,29
5020.0,-E0,18
5020.0,182334378#0,9
5020.0,196961377#3,1
5020.0,288878926#0,4
5020.0,30620492#0,13
5020.0,30620492#1,5
5020.0,49073226#2,3
5020.0,506322844#0,5
5020.0,593847702#0,1
5020.0,593849711#0,1
5020.0,594658757#0,4
5020.0,594658760#0,7
5020.0,:3086736518_4,2
5020.0,:3086736518_6,2
5020.0,:655375233_4,2
5020.0,:cluster_3431431575_4777363357_655375231_6982059025_3,2
5020.0,:cluster_623980147_623980152_4,1
5040.0,-593847703#3,29
5040.0,-E0,19
5040.0,182334378#0,8
5040.0,288878926#0,8
5040.0,30620492#0,18
5040.0,30620492#1,5
5040.0,506322844#0,5
5040.0,593847702#0,1
5040.0,594658757#0,4
5040.0,594658760#0,7
5040.0,:3086736518_4,2
5040.0,:3086736518_6,2
5040.0,:655375233_4,2
5060.0,-300077497#5,5
5060.0,-49073264#1,1
5060.0,-593847703#3,27
5060.0,-E0,19
5060.0,182334378#0,8
5060.0,288878926#0,8
5060.0,30620492#0,18
5060.0,30620492#1,5
5060.0,594658757#0,3
5060.0,594658760#0,7
5060.0,:3086736518_4,1
5060.0,:3086736518_6,2
5060.0,:655375232_8,2
5060.0,:655375233_4,3
5080.0,-300077497#5,5
5080.0,-51362429#1,5
5080.0,-593847703#3,19
5080.0,-E0,19
5080.0,182334378#0,8
5080.0,288878926#0,8
5080.0,30620492#0,18
5080.0,30620492#1,5
5080.0,593847702#0,1
5080.0,593847704#0,2
5080.0,594658757#0,3
5080.0,594658760#0,7
5080.0,:3086736518_4,1
5080.0,:3086736518_6,1
5100.0,-49073264#1,1
5100.0,-593847703#3,24
5100.0,-E0,19
5100.0,182334378#0,8
5100.0,288878926#0,6
5100.0,30620492#0,14
5100.0,30620492#1,4
5100.0,49073226#2,5
5100.0,506322842#0,1
5100.0,506322844#0,3
5100.0,593847702#0,1
5100.0,593849711#0,1
5100.0,594658757#0,3
5100.0,594658760#0,6
5100.0,:3086736518_4,1
5100.0,:3086736518_6,1
5100.0,:cluster_9383263990_9383263991_9383263992_9383263993_13,1
5120.0,-49073264#1,1
5120.0,-593847703#3,24
5120.0,-E0,18
5120.0,182334378#0,8
5120.0,30620492#0,15
5120.0,30620492#1,5
5120.0,49073226#2,5
5120.0,506322842#0,1
5120.0,506322844#0,5
5120.0,593847702#0,1
5120.0,594658757#0,3
5120.0,594658760#0,6
5120.0,:3086736518_4,1
5120.0,:3086736518_6,2
5140.0,-300077497#5,1
5140.0,-49073264#1,1
5140.0,-593847703#3,24
5140.0,-E0,19
5140.0,182334378#0,7
5140.0,263217604#0,2
5140.0,30620492#0,17
5140.0,30620492#1,5
5140.0,49073226#2,5
5140.0,49073264#0,1
5140.0,506322844#0,1
5140.0,506322846#0,1
5140.0,594658757#0,3
5140.0,594658760#0,6
5140.0,:3086736518_4,1
5140.0,:3086736518_6,2
5140.0,:655375238_5,1
5140.0,:655375239_5,1
5160.0,-300077497#5,4
5160.0,-593847703#3,24
5160.0,-E0,19
5160.0,182334378#0,7
5160.0,263217604#0,2
5160.0,288135626#0,1
5160.0,30620492#0,18
5160.0,30620492#1,5
5160.0,49073226#2,5
5160.0,594658757#0,3
5160.0,594658760#0,6
5160.0,:3086736518_4,1
5160.0,:3086736518_6,2
5160.0,:cluster622618015_622618108_622618112_622618144_#2more_17,2
5180.0,-51362429#1,2
5180.0,-593847703#3,15
5180.0,-E0,19
5180.0,1068234499#0,1
5180.0,182334378#0,8
5180.0,263217604#0,2
5180.0,30620492#0,18
5180.0,30620492#1,3
5180.0,49073226#2,6
5180.0,593847702#0,1
5180.0,593847704#0,1
5180.0,594658757#0,3
5180.0,594658760#0,6
5180.0,:3086736518_4,1
5180.0,:3086736518_6,1
5180.0,:cluster_2528018119_655375236_17,2
5180.0,:cluster_3431431575_4777363357_655375231_6982059025_3,1
5180.0,:cluster_9383263990_9383263991_9383263992_9383263993_13,2
5200.0,-51362429#1,2
5200.0,-593847703#3,17
5200.0,-E0,19
5200.0,1068234499#0,1
5200.0,182334378#0,8
5200.0,30620492#0,12
5200.0,30620492#1,5
5200.0,49073226#2,7
5200.0,506322842#0,1
5200.0,506322844#0,5
5200.0,593847702#0,1
5200.0,593847704#0,2
5200.0,594658757#0,4
5200.0,594658760#0,7
5200.0,:3086736518_4,1
5220.0,-51362429#1,2
5220.0,-593847703#3,17
5220.0,-E0,17
5220.0,1068234499#0,1
5220.0,182334378#0,8
5220.0,30620492#0,16
5220.0,30620492#1,4
5220.0,49073226#2,7
5220.0,506322842#0,1
5220.0,506322844#0,7
5220.0,593847702#0,1
5220.0,593847704#0,2
5220.0,594658757#0,4
5220.0,594658760#0,7
5220.0,:2749340167_0,1
5220.0,:3086736518_4,1
5220.0,:3086736518_6,2
5240.0,-300077497#5,4
5240.0,-51362429#1,2
5240.0,-593847703#3,18
5240.0,-E0,18
5240.0,182334378#0,8
5240.0,263217604#0,3
5240.0,30620492#0,17
5240.0,30620492#1,5
5240.0,49073226#2,6
5240.0,593847704#0,2
5240.0,593852345#0,1
5240.0,594658757#0,3
5240.0,594658760#0,6
5240.0,:3086736518_4,1
5240.0,:3086736518_6,2
5240.0,:cluster655375336_end_0_655375336_end_1_655375336_end_10_655375336_end_11_#8more_17,1
5240.0,:cluster655375336_end_0_655375336_end_1_655375336_end_10_655375336_end_11_#8more_21,1
5240.0,:cluster_5372642442_631668976_631668981_631669076_36,1
5240.0,:cluster_623980147_623980152_9,1
5260.0,-300077497#5,4
5260.0,-593847703#3,18
5260.0,-E0,20
5260.0,1068234499#0,1
5260.0,182334378#0,8
5260.0,263217604#0,3
5260.0,288878926#0,7
5260.0,30620492#0,18
5260.0,30620492#1,5
5260.0,49073226#2,1
5260.0,593849718#0,2
5260.0,593852345#0,1
5260.0,594658757#0,3
5260.0,594658760#0,6
5260.0,:3086736518_4,1
5260.0,:3086736518_6,2
5260.0,:cluster655375336_end_0_655375336_end_1_655375336_end_10_655375336_end_11_#8more_17,1
5260.0,:cluster_623980147_623980152_4,1
5280.0,-593847703#3,12
5280.0,-E0,20
5280.0,1068234499#0,1
5280.0,182334378#0,8
5280.0,288878926#0,7
5280.0,30620492#0,14
5280.0,30620492#1,4
5280.0,506322844#0,5
5280.0,593847704#0,2
5280.0,593849711#0,1
5280.0,593852345#0,1
5280.0,594658757#0,5
5280.0,594658760#0,6
5280.0,:655375233_4,2
5280.0,:cluster3086736522_655375108_655375247_655375401_#1more_16,1
5280.0,:cluster655375336_end_0_655375336_end_1_655375336_end_10_655375336_end_11_#8more_17,1
5280.0,:cluster_3431431575_4777363357_655375231_6982059025_3,1
5300.0,-593847703#3,12
5300.0,-E0,20
5300.0,1068234499#0,1
5300.0,182334378#0,8
5300.0,288878926#0,2
5300.0,30620492#0,16
5300.0,30620492#1,5
5300.0,506322844#0,5
5300.0,593847704#0,2
5300.0,593852345#0,1
5300.0,594658757#0,6
5300.0,594658760#0,6
5300.0,:cluster655375336_end_0_655375336_end_1_655375336_end_10_655375336_end_11_#8more_17,1
5320.0,-300077497#5,1
5320.0,-300077497#8,1
5320.0,-593847703#3,13
5320.0,-E0,19
5320.0,182334378#0,8
5320.0,196961215#2,1
5320.0,263217604#0,1
5320.0,288878926#0,2
5320.0,30620492#0,18
5320.0,30620492#1,5
5320.0,593847704#0,2
5320.0,594658757#0,6
5320.0,594658760#0,6
5320.0,:3086736518_6,1
5320.0,:655375239_5,2
5320.0,:cluster655375336_end_0_655375336_end_1_655375336_end_10_655375336_end_11_#8more_17,1
5340.0,-300077497#5,4
5340.0,-593847703#3,13
5340.0,-E0,14
5340.0,182334378#0,8
5340.0,196961215#2,1
5340.0,263217604#0,1
5340.0,288878926#0,2
5340.0,30620492#0,18
5340.0,30620492#1,5
5340.0,593847704#0,6
5340.0,594658757#0,6
5340.0,594658760#0,6
5340.0,:cluster622618015_622618108_622618112_622618144_#2more_39,2
5340.0,:cluster655375336_end_0_655375336_end_1_655375336_end_10_655375336_end_11_#8more_17,1
5360.0,-593847703#3,15
5360.0,-E0,20
5360.0,182334378#0,8
5360.0,196961215#2,1
5360.0,263217604#0,1
5360.0,288878926#0,2
5360.0,30620492#0,18
5360.0,30620492#1,3
5360.0,593849718#0,3
5360.0,594658757#0,4
5360.0,594658760#0,3
5360.0,:cluster_2528018119_655375236_17,2
5360.0,:cluster_9383263990_9383263991_9383263992_9383263993_13,2
5380.0,-593847703#3,9
5380.0,-E0,20
5380.0,182334378#0,8
5380.0,196961215#2,1
5380.0,30620492#0,13
5380.0,30620492#1,5
5380.0,506322844#0,5
5380.0,594658757#0,5
5380.0,594658760#0,3
5380.0,:655375233_4,4
5400.0,-593847703#3,7
5400.0,-E0,20
5400.0,182334378#0,8
5400.0,196961215#2,1
5400.0,30620492#0,18
5400.0,30620492#1,5
5400.0,506322844#0,5
5400.0,594658757#0,5
5400.0,594658760#0,3
5420.0,-300077497#5,4
5420.0,-593847703#3,7
5420.0,-E0,20
5420.0,182334378#0,8
5420.0,196961215#2,1
5420.0,263217604#0,1
5420.0,30620492#0,18
5420.0,30620492#1,5
5420.0,594658757#0,5
5420.0,594658760#0,3
5440.0,-300077497#5,4
5440.0,-593847703#3,7
5440.0,-E0,15
5440.0,182334378#0,6
5440.0,196961215#2,1
5440.0,263217604#0,1
5440.0,30620492#0,18
5440.0,30620492#1,5
5440.0,593847704#0,4
5440.0,594658757#0,5
5440.0,594658760#0,3
5440.0,:cluster622618015_622618108_622618112_622618144_#2more_39,1
5460.0,-593847703#3,11
5460.0,-E0,19
5460.0,182334378#0,2
5460.0,196961215#2,1
5460.0,30620492#0,14
5460.0,30620492#1,4
5460.0,506322844#0,5
5460.0,593847704#0,1
5460.0,594658757#0,6
5460.0,594658760#0,3
5480.0,-593847703#3,7
5480.0,-E0,19
5480.0,182334378#0,2
5480.0,288878926#0,1
5480.0,30620492#0,16
5480.0,30620492#1,5
5480.0,506322844#0,5
5480.0,593847704#0,1
5480.0,594658757#0,6
5480.0,594658760#0,3
5480.0,:655375233_4,4
5500.0,-300077497#5,1
5500.0,-300077497#8,1
5500.0,-593847703#3,1
5500.0,-E0,19
5500.0,182334378#0,2
5500.0,288878926#0,1
5500.0,30620492#0,18
5500.0,30620492#1,5
5500.0,506322844#0,1
5500.0,593847704#0,1
5500.0,594658757#0,6
5500.0,594658760#0,3
5500.0,:655375238_5,1
5500.0,:655375239_5,1
5520.0,-300077497#5,5
5520.0,-593847703#3,1
5520.0,-E0,19
5520.0,182334378#0,2
5520.0,288878926#0,1
5520.0,30620492#0,18
5520.0,30620492#1,5
5520.0,594658757#0,6
5520.0,594658760#0,3
5520.0,:cluster622618015_622618108_622618112_622618144_#2more_39,1
5540.0,-300077497#5,1
5540.0,-593847703#3,3
5540.0,-E0,13
5540.0,182334378#0,2
5540.0,288878926#0,1
5540.0,30620492#0,18
5540.0,30620492#1,3
5540.0,506322844#0,1
5540.0,593847704#0,2
5540.0,594658757#0,6
5540.0,594658760#0,3
5540.0,:cluster_2528018119_655375236_17,1
5540.0,:cluster_2528018119_655375236_31,1
5540.0,:cluster_9383263990_9383263991_9383263992_9383263993_13,1
5560.0,-593847703#3,5
5560.0,-E0,16
5560.0,182334378#0,3
5560.0,30620492#0,13
5560.0,30620492#1,5
5560.0,506322844#0,5
5560.0,593847704#0,2
5560.0,594658757#0,4
5560.0,594658760#0,1
5560.0,:cluster655375336_end_0_655375336_end_1_655375336_end_10_655375336_end_11_#8more_17,1
5560.0,:cluster655375336_end_0_655375336_end_1_655375336_end_10_655375336_end_11_#8more_21,1
5580.0,-593847703#3,3
5580.0,-E0,19
5580.0,182334378#0,3
5580.0,30620492#0,17
5580.0,30620492#1,5
5580.0,506322844#0,6
5580.0,593847704#0,2
5580.0,594658757#0,4
5580.0,594658760#0,1
5580.0,:655375233_4,2
5600.0,-300077497#5,4
5600.0,-E0,19
5600.0,182334378#0,3
5600.0,263217604#0,2
5600.0,30620492#0,18
5600.0,30620492#1,5
5600.0,593847704#0,2
5600.0,594658757#0,4
5600.0,594658760#0,1
5620.0,-300077497#5,4
5620.0,-E0,19
5620.0,182334378#0,3
5620.0,263217604#0,2
5620.0,30620492#0,18
5620.0,30620492#1,5
5620.0,593849718#0,2
5620.0,594658757#0,4
5620.0,594658760#0,1
5640.0,-593847703#3,4
5640.0,-E0,15
5640.0,182334378#0,3
5640.0,30620492#0,14
5640.0,30620492#1,2
5640.0,506322844#0,5
5640.0,593847704#0,2
5640.0,594658757#0,4
5640.0,594658760#0,3
5640.0,:cluster_9383263990_9383263991_9383263992_9383263993_13,2
5660.0,-593847703#3,4
5660.0,-E0,8
5660.0,30620492#0,14
5660.0,30620492#1,5
5660.0,506322844#0,5
5660.0,593847704#0,2
5660.0,594658757#0,4
5660.0,594658760#0,3
5660.0,:cluster655375336_end_0_655375336_end_1_655375336_end_10_655375336_end_11_#8more_39,1
5660.0,:cluster655375336_end_0_655375336_end_1_655375336_end_10_655375336_end_11_#8more_5,1
5660.0,:cluster_9383263990_9383263991_9383263992_9383263993_13,2
5680.0,-300077497#8,1
5680.0,-593847703#3,4
5680.0,-E0,13
5680.0,263217604#0,1
5680.0,30620492#0,18
5680.0,30620492#1,5
5680.0,506322844#0,3
5680.0,593847704#0,2
5680.0,594658757#0,4
5680.0,594658760#0,3
5680.0,:655375238_5,1
5680.0,:655375239_5,1
5700.0,-300077497#5,5
5700.0,-E0,14
5700.0,263217604#0,2
5700.0,30620492#0,18
5700.0,30620492#1,5
5700.0,594658757#0,3
5700.0,594658760#0,2
5700.0,:cluster622618015_622618108_622618112_622618144_#2more_39,2
5700.0,:cluster655375336_end_0_655375336_end_1_655375336_end_10_655375336_end_11_#8more_21,1
5720.0,-300077497#5,1
5720.0,-593847703#3,2
5720.0,-E0,16
5720.0,263217604#0,2
5720.0,30620492#0,18
5720.0,30620492#1,3
5720.0,506322844#0,1
5720.0,594658757#0,1
5720.0,:cluster655375336_end_0_655375336_end_1_655375336_end_10_655375336_end_11_#8more_17,1
5720.0,:cluster655375336_end_0_655375336_end_1_655375336_end_10_655375336_end_11_#8more_21,2
5720.0,:cluster_2528018119_655375236_17,2
5720.0,:cluster_9383263990_9383263991_9383263992_9383263993_13,1
5740.0,-593847703#3,4
5740.0,-E0,18
5740.0,182334378#0,1
5740.0,244450512#4,1
5740.0,30620492#0,13
5740.0,30620492#1,5
5740.0,506322844#0,5
5740.0,593847704#0,1
5740.0,594658757#0,1
5760.0,-593847703#3,4
5760.0,-E0,14
5760.0,244450512#5,1
5760.0,30620492#0,17
5760.0,30620492#1,5
5760.0,506322844#0,6
5760.0,593847704#0,2
5760.0,594658757#0,1
5760.0,:cluster655375336_end_0_655375336_end_1_655375336_end_10_655375336_end_11_#8more_5,1
5780.0,-300077497#5,4
5780.0,-593847703#3,4
5780.0,-E0,15
5780.0,244450512#5,1
5780.0,263217604#0,2
5780.0,30620492#0,18
5780.0,30620492#1,5
5780.0,593847704#0,2
5780.0,594658757#0,1
5800.0,-300077497#5,4
5800.0,-E0,15
5800.0,244450512#5,1
5800.0,263217604#0,2
5800.0,30620492#0,18
5800.0,30620492#1,5
5800.0,593849718#0,1
5800.0,594658757#0,1
5820.0,-593847703#3,3
5820.0,-E0,16
5820.0,182334378#0,1
5820.0,30620492#0,14
5820.0,30620492#1,4
5820.0,506322844#0,5
5820.0,593844221#0,1
5820.0,594658757#0,1
5820.0,594658760#0,1
5840.0,-593847703#3,3
5840.0,-E0,17
5840.0,30620492#0,16
5840.0,30620492#1,5
5840.0,506322844#0,5
5840.0,594658757#0,1
5840.0,594658760#0,1
5840.0,:3086736518_6,1
5860.0,-300077497#8,1
5860.0,-593847703#3,3
5860.0,-E0,12
5860.0,263217604#0,1
5860.0,30620492#0,18
5860.0,30620492#1,5
5860.0,593847704#0,3
5860.0,594658757#0,1
5860.0,594658760#0,1
5860.0,:655375238_5,1
5860.0,:655375239_5,2
5880.0,-300077497#5,4
5880.0,-593847703#3,3
5880.0,-E0,12
5880.0,263217604#0,1
5880.0,30620492#0,18
5880.0,30620492#1,5
5880.0,593847704#0,1
5880.0,594658757#0,1
5880.0,594658760#0,1
5880.0,:cluster622618015_622618108_622618112_622618144_#2more_39,2
5900.0,-593847703#3,2
5900.0,-E0,14
5900.0,263217604#0,1
5900.0,30620492#0,18
5900.0,30620492#1,3
5900.0,:cluster_2528018119_655375236_17,2
5900.0,:cluster_9383263990_9383263991_9383263992_9383263993_10,1
5900.0,:cluster_9383263990_9383263991_9383263992_9383263993_13,1
5920.0,-593847703#3,4
5920.0,-E0,14
5920.0,30620492#0,12
5920.0,30620492#1,5
5920.0,506322842#0,1
5920.0,506322844#0,5
5920.0,594658760#0,1
5940.0,-593847703#3,4
5940.0,-E0,15
5940.0,30620492#0,17
5940.0,30620492#1,5
5940.0,506322842#0,1
5940.0,506322844#0,6
5960.0,-300077497#5,5
5960.0,-593847703#3,4
5960.0,-E0,7
5960.0,263217604#0,1
5960.0,30620492#0,18
5960.0,30620492#1,5
5960.0,593847704#0,1
5960.0,:cluster_5372642442_631668976_631668981_631669076_36,1
5980.0,-300077497#5,5
5980.0,-593847703#3,4
5980.0,1068234499#0,1
5980.0,263217604#0,1
5980.0,30620492#0,18
5980.0,30620492#1,5
5980.0,593849718#0,1
6000.0,-593847703#3,5
6000.0,1068234499#0,1
6000.0,30620492#0,14
6000.0,30620492#1,4
6000.0,506322844#0,5
6000.0,594658760#0,1
6000.0,:655375233_4,4
6020.0,1068234499#0,1
6020.0,30620492#0,14
6020.0,30620492#1,5
6020.0,506322844#0,7
6020.0,594658760#0,1
6040.0,-300077497#8,1
6040.0,-593847703#3,1
6040.0,263217604#0,3
6040.0,30620492#0,18
6040.0,30620492#1,5
6040.0,506322844#0,1
6040.0,594658760#0,1
6040.0,:655375238_5,1
6040.0,:655375239_5,1
6060.0,-300077497#5,4
6060.0,-593847703#3,1
6060.0,263217604#0,3
6060.0,30620492#0,18
6060.0,30620492#1,5
6060.0,594658760#0,1
6080.0,-593847703#3,3
6080.0,-E0,1
6080.0,263217604#0,3
6080.0,30620492#0,18
6080.0,30620492#1,3
6080.0,506322844#0,1
6080.0,:cluster_2528018119_655375236_17,1
6080.0,:cluster_2528018119_655375236_31,1
6080.0,:cluster_9383263990_9383263991_9383263992_9383263993_13,1
6100.0,-593847703#3,2
6100.0,182334378#0,1
6100.0,30620492#0,13
6100.0,30620492#1,4
6100.0,506322844#0,5
6100.0,594658757#0,2
6100.0,:655375233_4,2
6100.0,:cluster655375336_end_0_655375336_end_1_655375336_end_10_655375336_end_11_#8more_21,1
6100.0,:cluster_9383263990_9383263991_9383263992_9383263993_13,1
6120.0,-E0,1
6120.0,182334378#0,1
6120.0,30620492#0,16
6120.0,30620492#1,5
6120.0,506322842#0,1
6120.0,506322844#0,6
6140.0,-300077497#5,5
6140.0,263217604#0,1
6140.0,30620492#0,18
6140.0,30620492#1,5
6140.0,:cluster655375336_end_0_655375336_end_1_655375336_end_10_655375336_end_11_#8more_39,1
6140.0,:cluster_5372642442_631668976_631668981_631669076_36,1
6160.0,-300077497#5,5
6160.0,1068234499#0,1
6160.0,263217604#0,1
6160.0,30620492#0,18
6160.0,30620492#1,5
6180.0,-593847703#3,5
6180.0,1068234499#0,1
6180.0,30620492#0,14
6180.0,30620492#1,4
6180.0,506322844#0,4
6180.0,594658760#0,1
6180.0,:cluster_9383263990_9383263991_9383263992_9383263993_13,1
6200.0,-593847703#3,5
6200.0,-E0,1
6200.0,1068234499#0,1
6200.0,30620492#0,14
6200.0,30620492#1,5
6200.0,506322844#0,6
6200.0,:2749340167_0,1
6220.0,-300077497#8,1
6220.0,-593847703#3,1
6220.0,263217604#0,2
6220.0,30620492#0,18
6220.0,30620492#1,5
6220.0,506322844#0,1
6220.0,:2749340167_0,1
6220.0,:655375238_5,1
6220.0,:655375239_5,1
6240.0,-300077497#5,4
6240.0,-593847703#3,1
6240.0,263217604#0,2
6240.0,30620492#0,18
6240.0,30620492#1,5
6240.0,:2749340167_0,1
6260.0,-593847703#3,3
6260.0,263217604#0,2
6260.0,30620492#0,18
6260.0,30620492#1,3
6260.0,:2749340167_0,1
6260.0,:cluster_2528018119_655375236_17,2
6260.0,:cluster_9383263990_9383263991_9383263992_9383263993_13,2
6280.0,-593847703#3,5
6280.0,30620492#0,12
6280.0,30620492#1,4
6280.0,506322844#0,6
6280.0,594658760#0,2
6280.0,:2749340167_0,1
6280.0,:cluster_9383263990_9383263991_9383263992_9383263993_13,1
6300.0,-593847703#3,5
6300.0,30620492#0,15
6300.0,30620492#1,5
6300.0,506322844#0,8
6300.0,:2749340167_0,1
6320.0,-300077497#5,4
6320.0,263217604#0,4
6320.0,30620492#0,18
6320.0,30620492#1,5
6320.0,:2749340167_0,1
6340.0,-300077497#5,4
6340.0,263217604#0,4
6340.0,30620492#0,18
6340.0,30620492#1,5
6340.0,:2749340167_0,1
6360.0,-593847703#3,2
6360.0,-E0,1
6360.0,30620492#0,15
6360.0,30620492#1,3
6360.0,506322844#0,5
6360.0,594658757#0,2
6360.0,594658760#0,2
6360.0,:2749340167_0,1
6360.0,:cluster655375336_end_0_655375336_end_1_655375336_end_10_655375336_end_11_#8more_5,1
6380.0,-593847703#3,2
6380.0,30620492#0,15
6380.0,30620492#1,4
6380.0,506322844#0,7
6380.0,594658757#0,1
6380.0,594658760#0,1
6380.0,:cluster655375336_end_0_655375336_end_1_655375336_end_10_655375336_end_11_#8more_17,1
6380.0,:cluster655375336_end_0_655375336_end_1_655375336_end_10_655375336_end_11_#8more_21,1
6380.0,:cluster_9383263990_9383263991_9383263992_9383263993_13,1
6400.0,-300077497#5,1
6400.0,-593847703#3,2
6400.0,-E0,3
6400.0,263217604#0,4
6400.0,30620492#0,17
6400.0,30620492#1,5
6400.0,506322844#0,1
6400.0,:655375238_5,1
6400.0,:655375239_6,1
6420.0,-300077497#5,3
6420.0,263217604#0,5
6420.0,30620492#0,18
6420.0,30620492#1,5
6440.0,-593847703#3,2
6440.0,263217604#0,5
6440.0,30620492#0,18
6440.0,30620492#1,3
6440.0,:cluster_2528018119_655375236_17,1
6440.0,:cluster_9383263990_9383263991_9383263992_9383263993_13,2
6460.0,-593847703#3,3
6460.0,30620492#0,13
6460.0,30620492#1,4
6460.0,506322844#0,5
6460.0,594658757#0,1
6460.0,594658760#0,4
6460.0,:cluster_9383263990_9383263991_9383263992_9383263993_13,1
6480.0,-593847703#3,3
6480.0,-E0,2
6480.0,30620492#0,14
6480.0,30620492#1,4
6480.0,506322842#0,1
6480.0,506322844#0,8
6480.0,594658760#0,1
6480.0,:2749340167_0,1
6480.0,:cluster655375336_end_0_655375336_end_1_655375336_end_10_655375336_end_11_#8more_17,2
6500.0,-300077497#5,5
6500.0,-593847703#3,3
6500.0,263217604#0,3
6500.0,30620492#0,17
6500.0,30620492#1,5
6500.0,:655375238_2,1
6520.0,-300077497#5,6
6520.0,263217604#0,3
6520.0,30620492#0,18
6520.0,30620492#1,5
6520.0,:655375233_4,3
6540.0,-593847703#3,5
6540.0,-E0,1
6540.0,30620492#0,14
6540.0,30620492#1,4
6540.0,506322844#0,5
6540.0,594658760#0,2
6540.0,:cluster3086736522_655375108_655375247_655375401_#1more_14,1
6560.0,-593847703#3,5
6560.0,30620492#0,15
6560.0,30620492#1,5
6560.0,506322844#0,6
6560.0,594658760#0,3
6580.0,-300077497#5,1
6580.0,-300077497#8,1
6580.0,-593847703#3,5
6580.0,-E0,3
6580.0,263217604#0,1
6580.0,30620492#0,18
6580.0,30620492#1,5
6580.0,506322844#0,1
6580.0,:655375238_5,1
6580.0,:655375239_5,1
6600.0,-300077497#5,5
6600.0,-593847703#3,5
6600.0,263217604#0,1
6600.0,30620492#0,18
6600.0,30620492#1,5
6620.0,-300077497#5,1
6620.0,-593847703#3,3
6620.0,182334378#0,2
6620.0,263217604#0,1
6620.0,30620492#0,18
6620.0,30620492#1,3
6620.0,506322844#0,1
6620.0,:655375233_4,2
6620.0,:cluster_2528018119_655375236_19,1
6620.0,:cluster_2528018119_655375236_31,1
6620.0,:cluster_9383263990_9383263991_9383263992_9383263993_13,1
6640.0,-593847703#3,1
6640.0,-E0,3
6640.0,30620492#0,11
6640.0,30620492#1,4
6640.0,506322842#0,1
6640.0,506322844#0,5
6640.0,594658760#0,1
6640.0,:2749340167_0,1
6640.0,:cluster_9383263990_9383263991_9383263992_9383263993_13,1
6660.0,-593847703#3,1
6660.0,30620492#0,17
6660.0,30620492#1,5
6660.0,506322842#0,1
6660.0,506322844#0,6
6680.0,-300077497#5,6
6680.0,-593847703#3,1
6680.0,263217604#0,1
6680.0,30620492#0,18
6680.0,30620492#1,5
6700.0,-300077497#5,6
6700.0,-593847703#3,1
6700.0,263217604#0,1
6700.0,30620492#0,18
6700.0,30620492#1,5
6720.0,-593847703#3,7
6720.0,30620492#0,14
6720.0,30620492#1,3
6720.0,506322842#0,1
6720.0,506322844#0,4
6720.0,594658757#0,1
6720.0,:cluster_9383263990_9383263991_9383263992_9383263993_13,1
6740.0,30620492#0,14
6740.0,30620492#1,5
6740.0,506322842#0,1
6740.0,506322844#0,6
6740.0,594658757#0,1
6760.0,-300077497#5,1
6760.0,-300077497#8,1
6760.0,263217604#0,2
6760.0,30620492#0,18
6760.0,30620492#1,5
6760.0,506322844#0,1
6760.0,506322846#0,1
6760.0,:655375239_5,1
6760.0,:cluster655375336_end_0_655375336_end_1_655375336_end_10_655375336_end_11_#8more_21,1
6780.0,-300077497#5,4
6780.0,263217604#0,2
6780.0,288135626#0,1
6780.0,30620492#0,18
6780.0,30620492#1,5
6800.0,-593847703#3,2
6800.0,1068234499#0,1
6800.0,263217604#0,2
6800.0,30620492#0,18
6800.0,30620492#1,3
6800.0,506322844#0,1
6800.0,:cluster_2528018119_655375236_17,2
6800.0,:cluster_9383263990_9383263991_9383263992_9383263993_13,1
6820.0,-593847703#3,4
6820.0,1068234499#0,1
6820.0,30620492#0,12
6820.0,30620492#1,3
6820.0,506322844#0,6
6820.0,594658757#0,1
6820.0,594658760#0,1
6820.0,:2749340167_0,1
6820.0,:cluster_9383263990_9383263991_9383263992_9383263993_13,1
6840.0,-E0,1
6840.0,1068234499#0,1
6840.0,30620492#0,16
6840.0,30620492#1,5
6840.0,506322844#0,8
6840.0,:cluster655375336_end_0_655375336_end_1_655375336_end_10_655375336_end_11_#8more_17,1
6860.0,-300077497#5,5
6860.0,-593847703#3,1
6860.0,263217604#0,3
6860.0,30620492#0,18
6860.0,30620492#1,5
6880.0,-300077497#5,5
6880.0,-593847703#3,1
6880.0,263217604#0,3
6880.0,30620492#0,18
6880.0,30620492#1,5
6900.0,-593847703#3,6
6900.0,30620492#0,14
6900.0,30620492#1,4
6900.0,506322844#0,5
6900.0,594658757#0,1
6900.0,594658760#0,2
6920.0,-593847703#3,6
6920.0,30620492#0,16
6920.0,30620492#1,5
6920.0,506322844#0,5
6920.0,594658757#0,1
6920.0,594658760#0,2
6940.0,-300077497#5,1
6940.0,-300077497#8,1
6940.0,30620492#0,18
6940.0,30620492#1,5
6940.0,506322844#0,1
6940.0,594658757#0,1
6940.0,594658760#0,2
6940.0,:655375233_4,1
6940.0,:655375238_5,1
6940.0,:655375239_5,1
6960.0,-300077497#5,5
6960.0,-E0,2
6960.0,30620492#0,18
6960.0,30620492#1,5
6960.0,:cluster655375336_end_0_655375336_end_1_655375336_end_10_655375336_end_11_#8more_17,1
6980.0,-300077497#5,1
6980.0,-593847703#3,1
6980.0,182334378#0,1
6980.0,30620492#0,18
6980.0,30620492#1,3
6980.0,:cluster_2528018119_655375236_17,2
6980.0,:cluster_9383263990_9383263991_9383263992_9383263993_13,2
7000.0,-593847703#3,4
7000.0,30620492#0,13
7000.0,30620492#1,4
7000.0,506322844#0,6
7020.0,-593847703#3,4
7020.0,30620492#0,17
7020.0,30620492#1,5
7020.0,506322844#0,6
7040.0,-300077497#5,5
7040.0,263217604#0,1
7040.0,30620492#0,18
7040.0,30620492#1,5
7040.0,:655375233_4,4
7060.0,-300077497#5,5
7060.0,263217604#0,1
7060.0,30620492#0,18
7060.0,30620492#1,5
7080.0,-593847703#3,4
7080.0,182334378#0,1
7080.0,30620492#0,14
7080.0,30620492#1,3
7080.0,506322842#0,1
7080.0,506322844#0,3
7080.0,594658757#0,1
7080.0,:cluster_9383263990_9383263991_9383263992_9383263993_13,2
7100.0,-593847703#3,4
7100.0,-E0,1
7100.0,30620492#0,13
7100.0,30620492#1,5
7100.0,506322842#0,1
7100.0,506322844#0,7
7100.0,594658757#0,1
7120.0,-300077497#5,1
7120.0,-300077497#8,1
7120.0,-593847703#3,4
7120.0,263217604#0,3
7120.0,30620492#0,18
7120.0,30620492#1,5
7120.0,506322844#0,1
7120.0,506322846#0,1
7120.0,594658757#0,1
7120.0,:655375239_5,1
7140.0,-300077497#5,4
7140.0,-593847703#3,2
7140.0,263217604#0,3
7140.0,288135626#0,1
7140.0,30620492#0,18
7140.0,30620492#1,5
7140.0,:655375233_4,2
7140.0,:cluster655375336_end_0_655375336_end_1_655375336_end_10_655375336_end_11_#8more_21,1
7160.0,-300077497#5,1
7160.0,-593847703#3,1
7160.0,1068234499#0,1
7160.0,263217604#0,3
7160.0,30620492#0,18
7160.0,30620492#1,3
7160.0,506322844#0,1
7160.0,:cluster_2528018119_655375236_17,1
7160.0,:cluster_2528018119_655375236_31,1
7160.0,:cluster_9383263990_9383263991_9383263992_9383263993_13,1
7180.0,-593847703#3,3
7180.0,-E0,1
7180.0,1068234499#0,1
7180.0,30620492#0,13
7180.0,30620492#1,4
7180.0,506322844#0,5
7180.0,594658757#0,2
7180.0,594658760#0,1
7180.0,:cluster_9383263990_9383263991_9383263992_9383263993_13,1
7200.0,-593847703#3,3
7200.0,1068234499#0,1
7200.0,30620492#0,17
7200.0,30620492#1,5
7200.0,506322844#0,6
7200.0,594658757#0,2
7200.0,594658760#0,1
7220.0,-300077497#5,5
7220.0,-593847703#3,4
7220.0,-E0,1
7220.0,263217604#0,1
7220.0,30620492#0,18
7220.0,30620492#1,5
7220.0,594658757#0,1
7220.0,:cluster655375336_end_0_655375336_end_1_655375336_end_10_655375336_end_11_#8more_21,1
7240.0,-300077497#5,5
7240.0,-593847703#3,4
7240.0,-E0,1
7240.0,263217604#0,1
7240.0,30620492#0,18
7240.0,30620492#1,5
7260.0,-593847703#3,5
7260.0,30620492#0,14
7260.0,30620492#1,3
7260.0,506322844#0,4
7260.0,594658760#0,1
7260.0,:2749340167_0,1
7260.0,:cluster_9383263990_9383263991_9383263992_9383263993_13,1
7280.0,-593847703#3,5
7280.0,30620492#0,14
7280.0,30620492#1,4
7280.0,506322844#0,7
7280.0,594658760#0,1
7280.0,:2749340167_0,1
7300.0,-300077497#5,1
7300.0,-300077497#8,1
7300.0,-593847703#3,5
7300.0,263217604#0,2
7300.0,30620492#0,18
7300.0,30620492#1,5
7300.0,506322844#0,1
7300.0,594658760#0,1
7300.0,:655375238_5,1
7300.0,:655375239_5,1
7320.0,-300077497#5,5
7320.0,-593847703#3,5
7320.0,263217604#0,2
7320.0,30620492#0,18
7320.0,30620492#1,5
7320.0,594658760#0,1
7340.0,-300077497#5,1
7340.0,-593847703#3,7
7340.0,-E0,1
7340.0,263217604#0,2
7340.0,30620492#0,18
7340.0,30620492#1,3
7340.0,:cluster_2528018119_655375236_17,2
7340.0,:cluster_9383263990_9383263991_9383263992_9383263993_10,1
7340.0,:cluster_9383263990_9383263991_9383263992_9383263993_13,1
7360.0,30620492#0,12
7360.0,30620492#1,5
7360.0,506322842#0,1
7360.0,506322844#0,5
7360.0,594658757#0,2
7360.0,:655375233_4,1
7380.0,30620492#0,18
7380.0,30620492#1,5
7380.0,506322842#0,1
7380.0,506322844#0,5
7380.0,594658757#0,2
7400.0,-300077497#5,4
7400.0,263217604#0,1
7400.0,30620492#0,18
7400.0,30620492#1,5
7400.0,594658757#0,2
7400.0,:655375238_2,1
7420.0,-300077497#5,5
7420.0,263217604#0,1
7420.0,30620492#0,18
7420.0,30620492#1,5
7420.0,594658757#0,1
7440.0,-593847703#3,3
7440.0,182334378#0,2
7440.0,30620492#0,14
7440.0,30620492#1,3
7440.0,506322844#0,4
7440.0,594658760#0,1
7440.0,:2749340167_0,1
7440.0,:cluster_9383263990_9383263991_9383263992_9383263993_13,1
7460.0,-E0,1
7460.0,182334378#0,2
7460.0,30620492#0,16
7460.0,30620492#1,5
7460.0,506322844#0,5
7480.0,-300077497#5,1
7480.0,-300077497#8,2
7480.0,-E0,2
7480.0,30620492#0,18
7480.0,30620492#1,5
7480.0,506322844#0,1
7480.0,:655375239_5,1
7500.0,-300077497#5,5
7500.0,30620492#0,18
7500.0,30620492#1,5
7520.0,-300077497#5,1
7520.0,-593847703#3,2
7520.0,30620492#0,18
7520.0,30620492#1,3
7520.0,:cluster_2528018119_655375236_17,2
7520.0,:cluster_9383263990_9383263991_9383263992_9383263993_13,2
7540.0,-593847703#3,5
7540.0,30620492#0,10
7540.0,30620492#1,4
7540.0,506322842#0,2
7540.0,506322844#0,6
7540.0,:2749340167_0,1
7560.0,-593847703#3,1
7560.0,30620492#0,16
7560.0,30620492#1,5
7560.0,506322842#0,2
7560.0,506322844#0,6
7560.0,:655375233_4,4
7580.0,-300077497#5,4
7580.0,263217604#0,2
7580.0,30620492#0,18
7580.0,30620492#1,5
7580.0,506322846#2,2
7600.0,-300077497#5,4
7600.0,1068234499#0,1
7600.0,263217604#0,2
7600.0,30620492#0,18
7600.0,30620492#1,5
7600.0,:2444664370_0,1
7620.0,-593847703#3,4
7620.0,1068234499#0,2
7620.0,30620492#0,14
7620.0,30620492#1,4
7620.0,506322844#0,5
7620.0,594658757#0,1
7620.0,594658760#0,1
7640.0,-593847703#3,4
7640.0,-E0,2
7640.0,1068234499#0,2
7640.0,30620492#0,12
7640.0,30620492#1,5
7640.0,506322842#0,2
7640.0,506322844#0,7
7660.0,-300077497#5,1
7660.0,-300077497#8,1
7660.0,-593847703#3,4
7660.0,263217604#0,3
7660.0,30620492#0,17
7660.0,30620492#1,5
7660.0,506322844#0,1
7660.0,506322846#0,2
7660.0,:655375233_4,2
7660.0,:655375238_5,1
7660.0,:655375239_5,1
7680.0,-300077497#5,5
7680.0,263217604#0,3
7680.0,288135626#0,2
7680.0,30620492#0,18
7680.0,30620492#1,5
7700.0,-300077497#5,1
7700.0,-593847703#3,2
7700.0,1068234499#0,2
7700.0,263217604#0,3
7700.0,30620492#0,18
7700.0,30620492#1,3
7700.0,506322844#0,1
7700.0,:cluster_2528018119_655375236_17,1
7700.0,:cluster_2528018119_655375236_31,1
7700.0,:cluster_9383263990_9383263991_9383263992_9383263993_13,1
7720.0,-593847703#3,4
7720.0,1068234499#0,2
7720.0,182334378#0,1
7720.0,30620492#0,13
7720.0,30620492#1,4
7720.0,506322844#0,5
7720.0,594658757#0,3
7720.0,:cluster_9383263990_9383263991_9383263992_9383263993_13,1
7740.0,-593847703#3,4
7740.0,1068234499#0,2
7740.0,30620492#0,17
7740.0,30620492#1,5
7740.0,506322844#0,6
7740.0,594658757#0,3
7760.0,-300077497#5,3
7760.0,-593847703#3,6
7760.0,263217604#0,3
7760.0,30620492#0,18
7760.0,30620492#1,5
7760.0,594658757#0,3
7780.0,-300077497#5,3
7780.0,263217604#0,3
7780.0,30620492#0,18
7780.0,30620492#1,5
7780.0,594658757#0,3
7800.0,-593847703#3,3
7800.0,30620492#0,14
7800.0,30620492#1,3
7800.0,506322844#0,4
7800.0,594658757#0,3
7800.0,594658760#0,2
7800.0,:2749340167_0,1
7800.0,:cluster_9383263990_9383263991_9383263992_9383263993_13,1
7820.0,-593847703#3,3
7820.0,-E0,2
7820.0,30620492#0,11
7820.0,30620492#1,4
7820.0,506322844#0,7
7820.0,:2749340167_0,1
7820.0,:cluster655375336_end_0_655375336_end_1_655375336_end_10_655375336_end_11_#8more_17,1
7840.0,-300077497#5,1
7840.0,-300077497#8,1
7840.0,-593847703#3,3
7840.0,263217604#0,2
7840.0,30620492#0,11
7840.0,30620492#1,5
7840.0,506322844#0,1
7840.0,:655375238_5,1
7840.0,:655375239_5,1
7860.0,-300077497#5,5
7860.0,-593847703#3,3
7860.0,263217604#0,2
7860.0,30620492#0,11
7860.0,30620492#1,5
7880.0,-300077497#5,1
7880.0,-593847703#3,2
7880.0,263217604#0,2
7880.0,30620492#0,11
7880.0,30620492#1,3
7880.0,:cluster_2528018119_655375236_17,1
7880.0,:cluster_2528018119_655375236_19,1
7880.0,:cluster_9383263990_9383263991_9383263992_9383263993_13,2
7900.0,-593847703#3,4
7900.0,182334378#0,1
7900.0,30620492#0,6
7900.0,30620492#1,5
7900.0,506322844#0,5
7900.0,594658757#0,2
7920.0,-593847703#3,4
7920.0,-E0,1
7920.0,30620492#0,6
7920.0,30620492#1,5
7920.0,506322844#0,5
7920.0,594658757#0,1
7940.0,-300077497#5,5
7940.0,-593847703#3,4
7940.0,30620492#0,6
7940.0,30620492#1,5
7940.0,594658757#0,1
7960.0,-300077497#5,5
7960.0,-593847703#3,4
7960.0,30620492#0,6
7960.0,30620492#1,5
7960.0,594658757#0,1
7980.0,-593847703#3,3
7980.0,-E0,1
7980.0,30620492#0,2
7980.0,30620492#1,3
7980.0,506322842#0,1
7980.0,506322844#0,3
7980.0,:655375233_4,1
7980.0,:cluster_9383263990_9383263991_9383263992_9383263993_10,1
7980.0,:cluster_9383263990_9383263991_9383263992_9383263993_13,1
8000.0,-593847703#3,2
8000.0,30620492#1,4
8000.0,506322842#0,2
8000.0,506322844#0,5
8020.0,-300077497#5,1
8020.0,-300077497#8,1
8020.0,-35274074#2,1
8020.0,-593847703#3,2
8020.0,30620492#1,4
8020.0,506322844#0,1
8020.0,506322846#0,1
8020.0,:655375238_5,1
8020.0,:655375239_5,1
8040.0,-300077497#5,6
8040.0,-593847703#3,2
8040.0,288135626#0,1
8040.0,30620492#1,4
8060.0,-300077497#5,2
8060.0,-593847703#3,4
8060.0,1068234499#0,1
8060.0,30620492#1,2
8060.0,:cluster_2528018119_655375236_17,2
8060.0,:cluster_9383263990_9383263991_9383263992_9383263993_13,2
8080.0,-593847703#3,4
8080.0,1068234499#0,1
8080.0,506322844#0,4
8080.0,:655375233_4,4
