time,edge_id,vehicle_count
60.0,-300077497#5,1
60.0,-360018417,5
60.0,-51362429#1,2
60.0,-51362430,6
60.0,-593847703#3,11
60.0,-E0,18
60.0,1068234498#0,22
60.0,1068234499#0,4
60.0,1068440001,5
60.0,1068440004#1,19
60.0,1068440006#0,1
60.0,1334905223#0,1
60.0,182334378#0,21
60.0,196961377#0,11
60.0,238526531#0,1
60.0,244450512#1,2
60.0,260881642#0,3
60.0,263217603#0,2
60.0,288135626#0,3
60.0,288135628#0,1
60.0,300077497#0,2
60.0,30620492#0,15
60.0,30620492#1,5
60.0,360843888,1
60.0,484988951#0,4
60.0,48794887#0,3
60.0,49073272#4,1
60.0,49695736#0,2
60.0,506322840#0,1
60.0,506322841#4,1
60.0,506322842#0,11
60.0,506322844#0,8
60.0,506322846#2,5
60.0,51362429#0,9
60.0,51392936#0,1
60.0,593847703#0,1
60.0,593847704#0,1
60.0,593847705,1
60.0,593849711#2,12
60.0,594658760#0,1
60.0,594658762#0,14
60.0,668037874,3
60.0,:655375232_11,1
60.0,:656132414_2,1
60.0,:cluster11510670762_4554226152_0,1
60.0,:cluster619136880_619136881_cluster_4510442270_5296993511_5296993513_619136931_#1more_12,1
60.0,:cluster619136880_619136881_cluster_4510442270_5296993511_5296993513_619136931_#1more_8,1
60.0,:cluster655375228_655375240_0,1
60.0,:cluster655375228_655375240_13,1
60.0,:cluster655375336_end_0_655375336_end_1_655375336_end_10_655375336_end_11_#8more_10,2
60.0,:cluster655375336_end_0_655375336_end_1_655375336_end_10_655375336_end_11_#8more_25,2
60.0,:cluster_2528018119_655375236_19,1
60.0,:cluster_2528018119_655375236_3,1
60.0,:cluster_2664674491_655375287_655375288_5,1
60.0,:cluster_3208478133_655375293_655375296_9631728504_#1more_8,4
60.0,:cluster_5372642442_631668976_631668981_631669076_22,3
60.0,:cluster_5372642442_631668976_631668981_631669076_45,1
60.0,:cluster_9383263990_9383263991_9383263992_9383263993_19,1
60.0,E0,3
80.0,-360018417,5
80.0,-51362430,9
80.0,-593847703#3,5
80.0,-E0,19
80.0,1068234498#0,18
80.0,1068234499#0,11
80.0,1068440001,3
80.0,1068440004#1,26
80.0,1068440006#0,3
80.0,1334905223#0,1
80.0,182334378#0,25
80.0,196961377#0,19
80.0,238526531#0,4
80.0,244450512#1,3
80.0,260881642#0,3
80.0,263217603#0,2
80.0,288135626#0,2
80.0,288135628#0,1
80.0,300077497#0,1
80.0,30620492#0,18
80.0,30620492#1,5
80.0,35274074#0,1
80.0,360843888,1
80.0,484988951#0,3
80.0,48794887#0,3
80.0,49073226#2,4
80.0,49695736#0,11
80.0,506322841#3,1
80.0,506322841#4,1
80.0,506322842#0,15
80.0,506322844#0,8
80.0,506322846#2,5
80.0,51362429#0,14
80.0,51392936#0,1
80.0,593844221#0,1
80.0,593847702#0,3
80.0,593847704#0,2
80.0,593847705,1
80.0,593849711#2,14
80.0,594658760#0,2
80.0,594658762#0,14
80.0,668037874,4
80.0,:2444664370_0,1
80.0,:655375233_4,3
80.0,:655375238_1,1
80.0,:656132414_2,1
80.0,:cluster655375228_655375240_0,1
80.0,:cluster655375228_655375240_13,1
80.0,:cluster655375336_end_0_655375336_end_1_655375336_end_10_655375336_end_11_#8more_10,1
80.0,:cluster655375336_end_0_655375336_end_1_655375336_end_10_655375336_end_11_#8more_40,1
80.0,:cluster_2038168688_655375573_3,1
80.0,:cluster_3208478133_655375293_655375296_9631728504_#1more_8,3
80.0,:cluster_3431431575_4777363357_655375231_6982059025_5,1
80.0,:cluster_5372642442_631668976_631668981_631669076_22,1
80.0,:cluster_5372642442_631668976_631668981_631669076_26,1
80.0,:cluster_5372642442_631668976_631668981_631669076_45,2
80.0,:cluster_9383263990_9383263991_9383263992_9383263993_19,1
80.0,E0,3
100.0,-300077497#5,1
100.0,-300077497#8,1
100.0,-35274074#2,3
100.0,-360018417,1
100.0,-51362430,7
100.0,-593847703#3,8
100.0,-594658757#2,2
100.0,-E0,19
100.0,1068234498#0,15
100.0,1068234499#0,7
100.0,1068440001,6
100.0,1068440004#1,23
100.0,1068440006#0,3
100.0,1334904386#0,3
100.0,182334378#0,20
100.0,186602412#0,2
100.0,196961377#0,21
100.0,232003903#0,1
100.0,238526531#0,5
100.0,244450512#1,2
100.0,260881642#0,4
100.0,263217603#0,2
100.0,263217604#0,3
100.0,288135626#0,5
100.0,288135628#0,1
100.0,288878926#0,3
100.0,300077497#0,3
100.0,30620492#0,18
100.0,30620492#1,5
100.0,35274074#0,2
100.0,360843888,1
100.0,484988951#0,4
100.0,48794887#0,3
100.0,49073226#2,1
100.0,49073272#4,3
100.0,49695736#0,7
100.0,506322841#3,1
100.0,506322841#4,1
100.0,506322842#0,13
100.0,506322844#0,2
100.0,506322846#0,6
100.0,506322846#2,2
100.0,506322848#0,1
100.0,51362429#0,16
100.0,593847702#0,6
100.0,593847704#0,4
100.0,593847705,1
100.0,593849711#2,15
100.0,593849718#0,2
100.0,594658760#0,2
100.0,594658762#0,19
100.0,668037874,3
100.0,:2444664370_0,1
100.0,:3208478121_0,1
100.0,:655375233_8,4
100.0,:655375238_5,1
100.0,:655375239_5,1
100.0,:656132414_2,1
100.0,:cluster11510670762_4554226152_0,1
100.0,:cluster619136880_619136881_cluster_4510442270_5296993511_5296993513_619136931_#1more_12,1
100.0,:cluster619136880_619136881_cluster_4510442270_5296993511_5296993513_619136931_#1more_8,1
100.0,:cluster622618015_622618108_622618112_622618144_#2more_31,1
100.0,:cluster655375336_end_0_655375336_end_1_655375336_end_10_655375336_end_11_#8more_10,1
100.0,:cluster655375336_end_0_655375336_end_1_655375336_end_10_655375336_end_11_#8more_12,1
100.0,:cluster655375336_end_0_655375336_end_1_655375336_end_10_655375336_end_11_#8more_25,3
100.0,:cluster_2038168688_655375573_17,2
100.0,:cluster_2038168688_655375573_21,1
100.0,:cluster_2528018119_655375236_12,2
100.0,:cluster_2528018119_655375236_20,1
100.0,:cluster_2528018119_655375236_28,1
100.0,:cluster_2528018119_655375236_8,1
100.0,:cluster_3208478133_655375293_655375296_9631728504_#1more_8,4
100.0,:cluster_5372642442_631668976_631668981_631669076_47,1
100.0,:cluster_623980147_623980152_4,1
100.0,E0,3
120.0,-1334905223#2,2
120.0,-300077497#5,7
120.0,-35274074#2,8
120.0,-51362430,12
120.0,-593847703#3,10
120.0,-594658757#2,2
120.0,-E0,19
120.0,1068234498#0,21
120.0,1068234499#0,11
120.0,1068440001,6
120.0,1068440004#1,26
120.0,1068440006#0,2
120.0,1334904386#0,2
120.0,182334378#0,20
120.0,196961377#0,27
120.0,232003903#0,2
120.0,244450512#1,2
120.0,260881642#0,2
120.0,263217603#0,1
120.0,263217604#0,5
120.0,288135626#0,2
120.0,288135628#0,1
120.0,288878926#0,5
120.0,300077497#0,7
120.0,300077497#6,1
120.0,303647015#0,1
120.0,30620492#0,18
120.0,30620492#1,5
120.0,314800955,1
120.0,35274074#0,2
120.0,360843888,1
120.0,484988951#0,4
120.0,48794887#0,3
120.0,49695736#0,5
120.0,506322841#3,1
120.0,506322841#4,1
120.0,506322842#0,4
120.0,506322844#0,3
120.0,506322846#0,5
120.0,506322846#2,5
120.0,506322851#0,5
120.0,51362429#0,17
120.0,593844221#0,2
120.0,593847702#0,5
120.0,593847704#0,2
120.0,593847705,1
120.0,593849711#2,16
120.0,593849718#0,4
120.0,594658760#0,2
120.0,594658762#0,25
120.0,668037874,4
120.0,:1973482489_4,1
120.0,:2444664370_0,2
120.0,:655375238_1,1
120.0,:655375238_5,1
120.0,:655375241_0,2
120.0,:cluster11510670762_4554226152_0,1
120.0,:cluster3086736522_655375108_655375247_655375401_#1more_11,1
120.0,:cluster622618015_622618108_622618112_622618144_#2more_39,2
120.0,:cluster_2038168688_655375573_21,1
120.0,:cluster_2528018119_655375236_12,2
120.0,:cluster_2528018119_655375236_20,1
120.0,:cluster_2528018119_655375236_32,1
120.0,:cluster_3208478133_655375293_655375296_9631728504_#1more_8,5
120.0,:cluster_5372642442_631668976_631668981_631669076_33,2
120.0,:cluster_5372642442_631668976_631668981_631669076_36,1
120.0,:cluster_5372642442_631668976_631668981_631669076_47,1
120.0,E0,2
140.0,-300077497#5,8
140.0,-35274074#2,11
140.0,-360018417,5
140.0,-51362430,16
140.0,-593847703#3,12
140.0,-594658757#2,2
140.0,-E0,18
140.0,1068234498#0,29
140.0,1068234499#0,14
140.0,1068440001,6
140.0,1068440004#1,33
140.0,1068440006#0,2
140.0,1334904386#0,2
140.0,182334378#0,16
140.0,196961377#0,19
140.0,244450512#1,2
140.0,244450512#5,1
140.0,263217603#0,2
140.0,263217604#0,5
140.0,288135626#0,6
140.0,288135628#0,1
140.0,288878926#0,5
140.0,300077497#0,10
140.0,303647015#0,1
140.0,30620492#0,18
140.0,30620492#1,5
140.0,314800955,1
140.0,35274074#0,2
140.0,484988951#0,4
140.0,48794887#0,4
140.0,49073272#4,3
140.0,49695736#0,6
140.0,506322841#4,1
140.0,506322842#0,5
140.0,506322844#0,7
140.0,506322846#0,3
140.0,506322846#2,4
140.0,506322851#0,4
140.0,506322851#2,1
140.0,506322853#0,5
140.0,51362429#0,14
140.0,51362430,3
140.0,593844221#0,1
140.0,593847702#0,5
140.0,593847703#0,1
140.0,593849711#2,18
140.0,594658760#0,2
140.0,594658762#0,30
140.0,668037874,4
140.0,:2444664370_0,2
140.0,:3086736518_0,1
140.0,:3086736518_6,1
140.0,:655375232_2,2
140.0,:655375233_0,1
140.0,:655375238_6,1
140.0,:656132414_2,1
140.0,:cluster11510670762_4554226152_0,2
140.0,:cluster655375228_655375240_13,1
140.0,:cluster655375228_655375240_2,1
140.0,:cluster655375336_end_0_655375336_end_1_655375336_end_10_655375336_end_11_#8more_10,1
140.0,:cluster655375336_end_0_655375336_end_1_655375336_end_10_655375336_end_11_#8more_12,1
140.0,:cluster655375336_end_0_655375336_end_1_655375336_end_10_655375336_end_11_#8more_40,1
140.0,:cluster_2038168688_655375573_23,1
140.0,:cluster_2038168688_655375573_3,1
140.0,:cluster_2038168688_655375573_6,1
140.0,:cluster_2528018119_655375236_17,1
140.0,:cluster_3208478133_655375293_655375296_9631728504_#1more_8,1
140.0,E0,3
160.0,-186602412#3,1
160.0,-35274074#2,11
160.0,-360018417,5
160.0,-51362429#1,1
160.0,-51362430,17
160.0,-593847703#3,20
160.0,-593847704#2,4
160.0,-594658757#2,4
160.0,-E0,19
160.0,1068234498#0,26
160.0,1068234499#0,18
160.0,1068440001,9
160.0,1068440004#1,34
160.0,1068440006#0,2
160.0,1334904386#0,6
160.0,1334905223#0,1
160.0,182334378#0,13
160.0,186602412#0,3
160.0,196961377#0,21
160.0,238526531#0,5
160.0,244450512#1,2
160.0,244450512#4,2
160.0,244450512#5,1
160.0,263217603#0,2
160.0,288135626#0,4
160.0,288135628#0,1
160.0,300077497#0,2
160.0,30620492#0,18
160.0,30620492#1,5
160.0,35274074#0,3
160.0,360843888,1
160.0,484988951#0,4
160.0,48794887#0,3
160.0,49695736#0,10
160.0,506322840#0,1
160.0,506322841#4,1
160.0,506322842#0,9
160.0,506322844#0,7
160.0,506322846#0,6
160.0,506322846#2,6
160.0,506322853#0,10
160.0,51362429#0,13
160.0,51392936#0,1
160.0,593847702#0,5
160.0,593847703#0,8
160.0,593847705,1
160.0,593849711#0,1
160.0,593849711#2,17
160.0,594658757#0,1
160.0,594658760#0,2
160.0,594658762#0,22
160.0,668037874,3
160.0,:2444664370_0,2
160.0,:3086736518_0,1
160.0,:3086736518_6,1
160.0,:655375232_2,2
160.0,:655375232_6,2
160.0,:655375238_6,1
160.0,:cluster11510670762_4554226152_0,2
160.0,:cluster619136880_619136881_cluster_4510442270_5296993511_5296993513_619136931_#1more_12,1
160.0,:cluster619136880_619136881_cluster_4510442270_5296993511_5296993513_619136931_#1more_8,1
160.0,:cluster655375228_655375240_0,1
160.0,:cluster655375228_655375240_13,1
160.0,:cluster655375336_end_0_655375336_end_1_655375336_end_10_655375336_end_11_#8more_12,1
160.0,:cluster655375336_end_0_655375336_end_1_655375336_end_10_655375336_end_11_#8more_40,2
160.0,:cluster_2038168688_655375573_23,1
160.0,:cluster_2038168688_655375573_3,1
160.0,:cluster_2664674491_655375287_655375288_1,1
160.0,:cluster_5372642442_631668976_631668981_631669076_26,1
160.0,:cluster_5372642442_631668976_631668981_631669076_45,2
160.0,:cluster_9383263990_9383263991_9383263992_9383263993_19,1
160.0,E0,3
180.0,-35274074#2,9
180.0,-360018417,5
180.0,-51362429#1,1
180.0,-51362430,19
180.0,-593847703#3,12
180.0,-594658757#2,7
180.0,-E0,19
180.0,1068234498#0,21
180.0,1068234499#0,18
180.0,1068440001,9
180.0,1068440004#1,34
180.0,1068440006#0,6
180.0,1334904386#0,11
180.0,1334905223#0,2
180.0,182334378#0,12
180.0,186602412#0,4
180.0,196961377#0,25
180.0,232003903#0,1
180.0,238526531#0,13
180.0,244450512#1,2
180.0,244450512#4,1
180.0,244450512#5,3
180.0,263217603#0,2
180.0,288135626#0,4
180.0,300077497#6,4
180.0,30620492#0,18
180.0,30620492#1,5
180.0,484988951#0,3
180.0,48794887#0,4
180.0,49073226#2,4
180.0,49695736#0,11
180.0,506322841#4,1
180.0,506322842#0,14
180.0,506322844#0,7
180.0,506322846#0,5
180.0,506322846#2,7
180.0,506322853#0,10
180.0,51362429#0,14
180.0,51362430,1
180.0,51392936#0,1
180.0,593847702#0,5
180.0,593847703#0,5
180.0,593847705,1
180.0,593849711#2,14
180.0,594658757#0,1
180.0,594658760#0,2
180.0,594658762#0,18
180.0,668037874,4
180.0,:1973482489_8,1
180.0,:2444664370_0,2
180.0,:3086736518_0,1
180.0,:3086736518_4,1
180.0,:3086736518_6,1
180.0,:3208478128_0,1
180.0,:655375232_2,2
180.0,:655375232_8,1
180.0,:655375233_2,1
180.0,:655375233_4,4
180.0,:cluster11510670762_4554226152_0,2
180.0,:cluster_3431431575_4777363357_655375231_6982059025_5,1
180.0,:cluster_5372642442_631668976_631668981_631669076_45,1
180.0,E0,4
200.0,-1334905223#2,1
200.0,-300077497#5,4
200.0,-300077497#8,1
200.0,-35274074#2,12
200.0,-51362429#1,5
200.0,-51362430,19
200.0,-593847703#3,15
200.0,-594658757#2,9
200.0,-E0,19
200.0,1068234498#0,27
200.0,1068234499#0,12
200.0,1068440001,9
200.0,1068440004#1,28
200.0,1068440006#0,5
200.0,182334378#0,19
200.0,186602412#0,3
200.0,196961377#0,27
200.0,232003903#0,1
200.0,238526531#0,3
200.0,244450512#1,2
200.0,244450512#4,1
200.0,244450512#5,3
200.0,263217603#0,1
200.0,263217604#0,4
200.0,288135626#0,4
200.0,300077497#0,6
200.0,300077497#6,4
200.0,303647015#0,11
200.0,30620492#0,18
200.0,30620492#1,5
200.0,484988951#0,4
200.0,48794887#0,3
200.0,49073226#2,6
200.0,49073272#1,1
200.0,49073272#4,4
200.0,506322840#0,2
200.0,506322841#4,1
200.0,506322842#0,7
200.0,506322844#0,1
200.0,506322846#0,4
200.0,506322846#2,5
200.0,506322848#0,2
200.0,506322851#2,1
200.0,506322853#0,10
200.0,51362429#0,15
200.0,51362430,1
200.0,593847702#0,3
200.0,593847703#0,5
200.0,593847704#0,1
200.0,593847705,1
200.0,593849711#2,15
200.0,593849718#0,1
200.0,594658757#0,1
200.0,594658760#0,2
200.0,594658762#0,24
200.0,668037874,4
200.0,:1973482489_4,2
200.0,:2444664370_0,2
200.0,:3086736518_0,1
200.0,:3086736518_6,1
200.0,:3208478128_0,1
200.0,:655375232_2,2
200.0,:655375233_8,4
200.0,:655375239_5,1
200.0,:655375241_0,1
200.0,:cluster11510670762_4554226152_0,2
200.0,:cluster_2038168688_655375573_21,1
200.0,:cluster_2528018119_655375236_12,2
200.0,:cluster_2528018119_655375236_20,1
200.0,:cluster_2528018119_655375236_25,1
200.0,:cluster_2528018119_655375236_28,1
200.0,:cluster_2528018119_655375236_33,1
200.0,:cluster_2528018119_655375236_9,1
200.0,:cluster_3431431575_4777363357_655375231_6982059025_3,1
200.0,:cluster_3431431575_4777363357_655375231_6982059025_5,1
200.0,:cluster_5372642442_631668976_631668981_631669076_36,1
200.0,:cluster_9383263990_9383263991_9383263992_9383263993_7,2
200.0,E0,3
220.0,-1334905223#2,1
220.0,-300077497#5,7
220.0,-35274074#2,12
220.0,-360018417,2
220.0,-51362429#1,4
220.0,-51362430,19
220.0,-593847703#3,21
220.0,-594658757#2,3
220.0,-E0,19
220.0,1068234498#0,32
220.0,1068234499#0,7
220.0,1068440001,9
220.0,1068440004#1,24
220.0,1068440006#0,1
220.0,1239087514,1
220.0,182334378#0,27
220.0,196961377#0,23
220.0,232003903#0,1
220.0,238526531#0,3
220.0,244450512#1,2
220.0,244450512#4,1
220.0,244450512#5,3
220.0,263217603#0,2
220.0,263217604#0,5
220.0,288135626#0,2
220.0,300077497#0,10
220.0,303647015#0,4
220.0,30620492#0,18
220.0,30620492#1,5
220.0,314800955,1
220.0,35274074#0,3
220.0,484988951#0,5
220.0,48794887#0,4
220.0,49073226#2,8
220.0,49073272#3,1
220.0,49073272#4,1
220.0,506322841#3,1
220.0,506322841#4,1
220.0,506322842#0,9
220.0,506322844#0,5
220.0,506322846#0,2
220.0,506322846#2,4
220.0,506322851#0,6
220.0,506322851#2,1
220.0,506322853#0,11
220.0,51362429#0,16
220.0,51362430,2
220.0,593847702#0,13
220.0,593847703#0,5
220.0,593847705,1
220.0,593849711#2,16
220.0,593849718#0,1
220.0,594658757#0,1
220.0,594658760#0,3
220.0,594658762#0,31
220.0,668037874,4
220.0,:2444664370_0,1
220.0,:3086736518_0,1
220.0,:3086736518_6,1
220.0,:3208478128_0,1
220.0,:619136999_2,1
220.0,:655375232_2,2
220.0,:655375239_3,1
220.0,:cluster11510670762_4554226152_0,2
220.0,:cluster3086736522_655375108_655375247_655375401_#1more_11,2
220.0,:cluster655375336_end_0_655375336_end_1_655375336_end_10_655375336_end_11_#8more_31,1
220.0,:cluster_2038168688_655375573_30,1
220.0,:cluster_2528018119_655375236_28,1
220.0,:cluster_2528018119_655375236_29,1
220.0,:cluster_2528018119_655375236_33,1
220.0,:cluster_5372642442_631668976_631668981_631669076_33,1
220.0,E0,3
240.0,-300077497#5,6
240.0,-35274074#2,12
240.0,-360018417,5
240.0,-51362429#1,4
240.0,-51362430,18
240.0,-593847703#3,24
240.0,-E0,18
240.0,1068234498#0,30
240.0,1068234499#0,11
240.0,1068440001,7
240.0,1068440004#1,33
240.0,1334905223#0,2
240.0,182334378#0,27
240.0,196961377#0,20
240.0,232003903#0,2
240.0,238526531#0,4
240.0,244450512#1,2
240.0,244450512#5,1
240.0,260881642#0,3
240.0,263217603#0,2
240.0,263217604#0,2
240.0,288135626#0,2
240.0,300077497#0,7
240.0,300077497#6,3
240.0,303647015#0,3
240.0,30620492#0,18
240.0,30620492#1,5
240.0,314800955,1
240.0,35274074#0,1
240.0,360018417,1
240.0,360843888,1
240.0,484988951#0,4
240.0,48794887#0,4
240.0,49073226#2,8
240.0,49695736#0,1
240.0,506322841#3,1
240.0,506322841#4,1
240.0,506322842#0,13
240.0,506322844#0,5
240.0,506322846#0,3
240.0,506322846#2,6
240.0,506322851#2,1
240.0,506322853#0,18
240.0,51362429#0,16
240.0,51362430,4
240.0,593844221#0,1
240.0,593847702#0,13
240.0,593847703#0,1
240.0,593849711#2,17
240.0,594658757#0,1
240.0,594658760#0,3
240.0,594658762#0,27
240.0,668037874,4
240.0,:3086736518_6,2
240.0,:655375232_2,3
240.0,:655375233_0,2
240.0,:656132414_3,1
240.0,:cluster11510670762_4554226152_0,1
240.0,:cluster3086736522_655375108_655375247_655375401_#1more_17,2
240.0,:cluster655375228_655375240_0,1
240.0,:cluster655375228_655375240_2,1
240.0,:cluster655375336_end_0_655375336_end_1_655375336_end_10_655375336_end_11_#8more_47,1
240.0,:cluster_2038168688_655375573_3,1
240.0,:cluster_2038168688_655375573_30,1
240.0,:cluster_2038168688_655375573_6,2
240.0,:cluster_2664674491_655375287_655375288_5,1
240.0,:cluster_3208478133_655375293_655375296_9631728504_#1more_16,2
240.0,:cluster_3208478133_655375293_655375296_9631728504_#1more_8,3
240.0,:cluster_5372642442_631668976_631668981_631669076_26,1
240.0,:cluster_5372642442_631668976_631668981_631669076_45,1
240.0,E0,3
260.0,-300077497#5,4
260.0,-35274074#2,12
260.0,-360018417,5
260.0,-51362429#1,4
260.0,-51362430,17
260.0,-593847703#3,26
260.0,-E0,18
260.0,1068234498#0,25
260.0,1068234499#0,13
260.0,1068440001,5
260.0,1068440004#1,34
260.0,1239087514,1
260.0,1334905223#0,2
260.0,182334378#0,23
260.0,186602412#0,4
260.0,196961377#0,26
260.0,232003903#0,2
260.0,238526531#0,11
260.0,244450512#1,2
260.0,260881642#0,4
260.0,263217603#0,2
260.0,288135626#0,1
260.0,300077497#0,6
260.0,300077497#6,5
260.0,30620492#0,18
260.0,30620492#1,5
260.0,360843888,5
260.0,484988951#0,3
260.0,48794887#0,3
260.0,49073226#2,8
260.0,49695736#0,4
260.0,506322840#0,1
260.0,506322841#3,1
260.0,506322841#4,1
260.0,506322842#0,19
260.0,506322844#0,5
260.0,506322846#0,1
260.0,506322846#2,10
260.0,506322853#0,19
260.0,51362429#0,13
260.0,51362430,3
260.0,593847702#0,13
260.0,593847703#0,9
260.0,593847704#0,2
260.0,593847705,1
260.0,593849711#0,1
260.0,593849711#2,17
260.0,594658757#0,1
260.0,594658760#0,3
260.0,594658762#0,20
260.0,668037874,4
260.0,:655375232_2,3
260.0,:656132414_2,1
260.0,:cluster11510670762_4554226152_0,2
260.0,:cluster655375228_655375240_0,1
260.0,:cluster655375336_end_0_655375336_end_1_655375336_end_10_655375336_end_11_#8more_12,1
260.0,:cluster655375336_end_0_655375336_end_1_655375336_end_10_655375336_end_11_#8more_40,2
260.0,:cluster655375336_end_0_655375336_end_1_655375336_end_10_655375336_end_11_#8more_47,1
260.0,:cluster_2038168688_655375573_24,1
260.0,:cluster_2038168688_655375573_6,1
260.0,:cluster_2664674491_655375287_655375288_5,1
260.0,:cluster_3208478133_655375293_655375296_9631728504_#1more_16,2
260.0,:cluster_3208478133_655375293_655375296_9631728504_#1more_8,2
260.0,:cluster_3431431575_4777363357_655375231_6982059025_7,2
260.0,:cluster_5372642442_631668976_631668981_631669076_45,2
260.0,E0,3
280.0,-300077497#5,5
280.0,-300077497#8,1
280.0,-35274074#2,12
280.0,-360018417,1
280.0,-51362429#1,7
280.0,-51362430,14
280.0,-593847703#3,26
280.0,-594658757#2,2
280.0,-E0,19
280.0,1068234498#0,22
280.0,1068234499#0,9
280.0,1068440001,5
280.0,1068440004#1,34
280.0,1068440006#0,2
280.0,1334904386#0,2
280.0,182334378#0,22
280.0,186602412#0,2
280.0,196961377#0,27
280.0,232003903#0,2
280.0,238526531#0,11
280.0,244450512#1,2
280.0,260881642#0,3
280.0,263217603#0,5
280.0,300077497#0,9
280.0,300077497#6,5
280.0,30620492#0,18
280.0,30620492#1,5
280.0,360843888,5
280.0,484988951#0,2
280.0,48794887#0,3
280.0,49073226#2,12
280.0,49073272#4,3
280.0,49695736#0,4
280.0,506322841#3,1
280.0,506322841#4,1
280.0,506322842#0,18
280.0,506322844#0,2
280.0,506322846#0,4
280.0,506322846#2,3
280.0,506322848#0,2
280.0,506322851#0,3
280.0,506322853#0,19
280.0,51362429#0,16
280.0,51362430,1
280.0,51392936#0,1
280.0,593844221#0,1
280.0,593847702#0,5
280.0,593847703#0,6
280.0,593847704#0,2
280.0,593847705,1
280.0,593849711#2,13
280.0,593849718#0,2
280.0,593852345#0,1
280.0,594658757#0,1
280.0,594658760#0,3
280.0,594658762#0,22
280.0,668037874,4
280.0,:2444664370_0,1
280.0,:3086736518_3,1
280.0,:3208478121_0,1
280.0,:655375232_2,3
280.0,:655375233_4,2
280.0,:655375238_5,1
280.0,:655375239_5,1
280.0,:656132414_2,1
280.0,:cluster11510670762_4554226152_0,1
280.0,:cluster3086736522_655375108_655375247_655375401_#1more_8,1
280.0,:cluster622618015_622618108_622618112_622618144_#2more_31,5
280.0,:cluster655375336_end_0_655375336_end_1_655375336_end_10_655375336_end_11_#8more_12,1
280.0,:cluster655375336_end_0_655375336_end_1_655375336_end_10_655375336_end_11_#8more_25,1
280.0,:cluster655375336_end_0_655375336_end_1_655375336_end_10_655375336_end_11_#8more_40,1
280.0,:cluster655375336_end_0_655375336_end_1_655375336_end_10_655375336_end_11_#8more_47,1
280.0,:cluster_2038168688_655375573_17,1
280.0,:cluster_2038168688_655375573_9,1
280.0,:cluster_2528018119_655375236_12,2
280.0,:cluster_2528018119_655375236_20,1
280.0,:cluster_2528018119_655375236_25,1
280.0,:cluster_2528018119_655375236_9,1
280.0,:cluster_2664674491_655375287_655375288_5,1
280.0,:cluster_3208478133_655375293_655375296_9631728504_#1more_8,1
280.0,:cluster_3431431575_4777363357_655375231_6982059025_5,1
280.0,:cluster_3431431575_4777363357_655375231_6982059025_7,1
280.0,:cluster_9383263990_9383263991_9383263992_9383263993_7,1
280.0,E0,3
300.0,-1334905223#2,1
300.0,-300077497#5,13
300.0,-300077497#8,1
300.0,-35274074#2,12
300.0,-51362429#1,9
300.0,-51362430,12
300.0,-593847703#3,24
300.0,-594658757#2,3
300.0,-E0,19
300.0,1068234498#0,26
300.0,1068234499#0,9
300.0,1068440001,5
300.0,1068440004#1,32
300.0,1068440006#0,2
300.0,1334904386#0,2
300.0,182334378#0,23
300.0,196961215#2,1
300.0,196961377#0,27
300.0,232003903#0,2
300.0,238526531#0,11
300.0,244450512#1,3
300.0,260881642#0,2
300.0,263217603#0,5
300.0,300077497#0,15
300.0,300077497#6,5
300.0,303647015#0,2
300.0,30620492#0,18
300.0,30620492#1,5
300.0,360843888,5
300.0,484988951#0,4
300.0,48794887#0,3
300.0,49073226#2,13
300.0,49695736#0,1
300.0,506322841#4,1
300.0,506322842#0,15
300.0,506322844#0,3
300.0,506322846#0,4
300.0,506322846#2,2
300.0,506322851#0,4
300.0,506322851#2,3
300.0,506322853#0,19
300.0,51362429#0,17
300.0,593844221#0,1
300.0,593847702#0,1
300.0,593847703#0,6
300.0,593847704#0,1
300.0,593847705,1
300.0,593849711#2,15
300.0,594658757#0,1
300.0,594658760#0,3
300.0,594658762#0,29
300.0,668037874,4
300.0,:1973482489_4,2
300.0,:3086736518_4,1
300.0,:655375232_2,3
300.0,:655375233_4,2
300.0,:655375233_8,2
300.0,:656132414_2,1
300.0,:cluster11510670762_4554226152_0,2
300.0,:cluster3086736522_655375108_655375247_655375401_#1more_11,1
300.0,:cluster622618015_622618108_622618112_622618144_#2more_39,2
300.0,:cluster655375336_end_0_655375336_end_1_655375336_end_10_655375336_end_11_#8more_47,1
300.0,:cluster_2038168688_655375573_17,1
300.0,:cluster_2528018119_655375236_12,2
300.0,:cluster_2528018119_655375236_20,1
300.0,:cluster_3208478133_655375293_655375296_9631728504_#1more_8,4
300.0,:cluster_5372642442_631668976_631668981_631669076_33,2
300.0,:cluster_5372642442_631668976_631668981_631669076_36,1
300.0,E0,3
320.0,-300077497#5,14
320.0,-35274074#2,12
320.0,-360018417,5
320.0,-51362429#1,9
320.0,-51362430,15
320.0,-593847703#3,24
320.0,-E0,19
320.0,1068234498#0,33
320.0,1068234499#0,10
320.0,1068440001,8
320.0,1068440004#1,29
320.0,1068440006#0,1
320.0,1334904386#0,2
320.0,182334378#0,18
320.0,196961215#2,1
320.0,196961377#0,20
320.0,232003903#0,1
320.0,238526531#0,11
320.0,244450512#1,3
320.0,244450512#4,3
320.0,244450512#5,1
320.0,263217603#0,2
320.0,288135626#0,2
320.0,300077497#0,13
320.0,303647015#0,3
320.0,30620492#0,18
320.0,30620492#1,4
320.0,35274074#0,2
320.0,484988951#0,4
320.0,49073226#2,13
320.0,49073272#4,2
320.0,49695736#0,2
320.0,506322840#0,1
320.0,506322842#0,13
320.0,506322844#0,5
320.0,506322846#2,8
320.0,506322851#0,3
320.0,506322851#2,8
320.0,506322853#0,19
320.0,51362429#0,17
320.0,51362430,3
320.0,593844221#0,1
320.0,593847702#0,1
320.0,593847703#0,5
320.0,593847705,1
320.0,593849711#2,17
320.0,594658757#0,1
320.0,594658760#0,3
320.0,594658762#0,31
320.0,668037874,4
320.0,:3086736518_4,1
320.0,:3208478128_0,1
320.0,:655375232_2,3
320.0,:655375233_4,2
320.0,:655375233_8,6
320.0,:655375238_6,1
320.0,:656132414_3,1
320.0,:cluster11510670762_4554226152_0,2
320.0,:cluster655375228_655375240_0,1
320.0,:cluster655375228_655375240_13,1
320.0,:cluster655375336_end_0_655375336_end_1_655375336_end_10_655375336_end_11_#8more_10,1
320.0,:cluster655375336_end_0_655375336_end_1_655375336_end_10_655375336_end_11_#8more_12,2
320.0,:cluster655375336_end_0_655375336_end_1_655375336_end_10_655375336_end_11_#8more_25,1
320.0,:cluster655375336_end_0_655375336_end_1_655375336_end_10_655375336_end_11_#8more_6,2
320.0,:cluster_2038168688_655375573_3,1
320.0,:cluster_3208478133_655375293_655375296_9631728504_#1more_8,1
320.0,:cluster_9383263990_9383263991_9383263992_9383263993_19,1
340.0,-300077497#5,15
340.0,-35274074#2,12
340.0,-360018417,5
340.0,-51362429#1,8
340.0,-51362430,18
340.0,-593847703#3,24
340.0,-593847704#2,1
340.0,-594658757#2,4
340.0,-E0,18
340.0,1068234498#0,24
340.0,1068234499#0,13
340.0,1068440001,9
340.0,1068440004#1,34
340.0,1068440006#0,1
340.0,1239087514,1
340.0,1334904386#0,3
340.0,1334905223#0,1
340.0,182334378#0,17
340.0,186602412#0,1
340.0,196961377#0,22
340.0,232003903#0,1
340.0,238526531#0,15
340.0,244450512#1,3
340.0,244450512#4,1
340.0,244450512#5,3
340.0,263217603#0,1
340.0,288135626#0,3
340.0,288878926#0,3
340.0,300077497#0,12
340.0,30620492#0,17
340.0,30620492#1,5
340.0,35274074#0,1
340.0,484988951#0,3
340.0,49073226#2,7
340.0,49695736#0,4
340.0,506322842#0,13
340.0,506322844#0,5
340.0,506322846#0,4
340.0,506322846#2,7
340.0,506322851#0,3
340.0,506322851#2,8
340.0,506322853#0,19
340.0,51362429#0,17
340.0,51362430,6
340.0,593847702#0,1
340.0,593847705,1
340.0,593849711#0,1
340.0,593849711#2,17
340.0,594658757#0,1
340.0,594658760#0,3
340.0,594658762#0,23
340.0,668037874,3
340.0,:1973482489_3,1
340.0,:2444664370_0,1
340.0,:3086736518_4,1
340.0,:3086736518_6,1
340.0,:3208478128_0,1
340.0,:655375232_2,3
340.0,:655375233_4,2
340.0,:655375233_8,6
340.0,:655375238_1,1
340.0,:cluster11510670762_4554226152_0,2
340.0,:cluster619136880_619136881_cluster_4510442270_5296993511_5296993513_619136931_#1more_12,1
340.0,:cluster619136880_619136881_cluster_4510442270_5296993511_5296993513_619136931_#1more_8,1
340.0,:cluster622618015_622618108_622618112_622618144_#2more_5,1
340.0,:cluster655375228_655375240_0,1
340.0,:cluster655375228_655375240_2,1
340.0,:cluster655375336_end_0_655375336_end_1_655375336_end_10_655375336_end_11_#8more_10,1
340.0,:cluster655375336_end_0_655375336_end_1_655375336_end_10_655375336_end_11_#8more_12,1
340.0,:cluster655375336_end_0_655375336_end_1_655375336_end_10_655375336_end_11_#8more_25,1
340.0,:cluster_2038168688_655375573_23,1
340.0,:cluster_2038168688_655375573_3,1
340.0,:cluster_3208478133_655375293_655375296_9631728504_#1more_10,1
340.0,:cluster_3431431575_4777363357_655375231_6982059025_3,1
340.0,:cluster_3431431575_4777363357_655375231_6982059025_7,2
340.0,:cluster_5372642442_631668976_631668981_631669076_26,1
340.0,:cluster_5372642442_631668976_631668981_631669076_45,2
340.0,:cluster_623980147_623980152_4,1
340.0,:cluster_9383263990_9383263991_9383263992_9383263993_0,1
360.0,-300077497#5,15
360.0,-35274074#2,12
360.0,-360018417,5
360.0,-51362429#1,6
360.0,-51362430,18
360.0,-593847703#3,24
360.0,-594658757#2,6
360.0,-E0,19
360.0,1068234498#0,22
360.0,1068234499#0,13
360.0,1068440001,9
360.0,1068440004#1,34
360.0,1068440006#0,1
360.0,1334904386#0,7
360.0,182334378#0,13
360.0,186602412#0,4
360.0,196961377#0,27
360.0,238526531#0,23
360.0,244450512#1,3
360.0,244450512#4,1
360.0,244450512#5,3
360.0,263217603#0,2
360.0,288135626#0,3
360.0,288878926#0,7
360.0,300077497#0,5
360.0,300077497#6,2
360.0,30620492#0,18
360.0,30620492#1,5
360.0,35274074#0,2
360.0,484988951#0,4
360.0,49073226#2,6
360.0,49695736#0,5
360.0,506322842#0,13
360.0,506322844#0,5
360.0,506322846#0,4
360.0,506322846#2,7
360.0,506322851#0,3
360.0,506322851#2,8
360.0,506322853#0,19
360.0,51362429#0,15
360.0,51362430,5
360.0,593847702#0,1
360.0,593849711#2,17
360.0,593849718#0,1
360.0,594658757#0,1
360.0,594658760#0,3
360.0,594658762#0,19
360.0,668037874,4
360.0,:1973482489_8,1
360.0,:2444664370_0,1
360.0,:3086736518_0,1
360.0,:3086736518_4,1
360.0,:3086736518_6,1
360.0,:3208478128_0,1
360.0,:655375232_2,5
360.0,:655375233_0,2
360.0,:655375233_4,2
360.0,:655375233_8,6
360.0,:cluster11510670762_4554226152_0,2
360.0,:cluster655375228_655375240_13,1
360.0,:cluster655375336_end_0_655375336_end_1_655375336_end_10_655375336_end_11_#8more_10,1
360.0,:cluster655375336_end_0_655375336_end_1_655375336_end_10_655375336_end_11_#8more_12,1
360.0,:cluster_2038168688_655375573_3,1
360.0,:cluster_3431431575_4777363357_655375231_6982059025_3,1
360.0,:cluster_5372642442_631668976_631668981_631669076_45,1
380.0,-1334905223#2,1
380.0,-300077497#5,21
380.0,-300077497#8,1
380.0,-35274074#2,12
380.0,-51362429#1,4
380.0,-51362430,19
380.0,-593847703#3,24
380.0,-594658757#2,7
380.0,-E0,19
380.0,1068234498#0,28
380.0,1068234499#0,10
380.0,1068440001,9
380.0,1068440004#1,34
380.0,1239087514,1
380.0,1334904386#0,2
380.0,182334378#0,16
380.0,186602412#0,4
380.0,196961377#0,27
380.0,238526531#0,22
380.0,244450512#1,3
380.0,244450512#4,1
380.0,244450512#5,3
380.0,263217603#0,4
380.0,288135626#0,1
380.0,288878926#0,13
380.0,300077497#0,7
380.0,300077497#6,2
380.0,303647015#0,6
380.0,30620492#0,18
380.0,30620492#1,5
380.0,35274074#0,4
380.0,484988951#0,5
380.0,49073226#2,5
380.0,49073272#4,3
380.0,506322842#0,13
380.0,506322844#0,2
380.0,506322846#2,2
380.0,506322851#0,8
380.0,506322851#2,8
380.0,506322853#0,19
380.0,51362429#0,17
380.0,51362430,2
380.0,593849711#2,14
380.0,594658757#0,1
380.0,594658760#0,2
380.0,594658762#0,25
380.0,668037874,4
380.0,:2444664370_0,2
380.0,:3086736518_0,1
380.0,:3086736518_4,1
380.0,:3086736518_6,1
380.0,:3208478128_0,1
380.0,:655375232_2,5
380.0,:655375232_6,1
380.0,:655375232_8,1
380.0,:655375233_0,2
380.0,:655375233_2,1
380.0,:655375233_4,1
380.0,:655375233_8,6
380.0,:655375238_1,1
380.0,:655375239_5,1
380.0,:655375241_0,1
380.0,:cluster11510670762_4554226152_0,2
380.0,:cluster3086736522_655375108_655375247_655375401_#1more_8,1
380.0,:cluster_2528018119_655375236_12,1
380.0,:cluster_2528018119_655375236_29,2
380.0,:cluster_3431431575_4777363357_655375231_6982059025_3,1
380.0,:cluster_623980147_623980152_9,1
400.0,-1334905223#2,1
400.0,-300077497#5,24
400.0,-35274074#2,12
400.0,-360018417,1
400.0,-51362429#1,7
400.0,-51362430,19
400.0,-593847703#3,21
400.0,-594658757#2,1
400.0,-E0,19
400.0,1068234498#0,34
400.0,1068234499#0,7
400.0,1068440001,9
400.0,1068440004#1,34
400.0,1334904386#0,2
400.0,182334378#0,18
400.0,196961377#0,23
400.0,238526531#0,21
400.0,244450512#1,3
400.0,244450512#4,1
400.0,244450512#5,3
400.0,263217603#0,4
400.0,263217604#0,1
400.0,288878926#0,14
400.0,300077497#0,12
400.0,303647015#0,6
400.0,30620492#0,18
400.0,30620492#1,5
400.0,35274074#0,7
400.0,484988951#0,5
400.0,49073226#2,7
400.0,49073272#4,1
400.0,49695736#0,2
400.0,506322842#0,13
400.0,506322844#0,7
400.0,506322846#2,3
400.0,506322851#0,8
400.0,506322851#2,8
400.0,506322853#0,19
400.0,51362429#0,17
400.0,51362430,3
400.0,593847702#0,6
400.0,593849711#2,17
400.0,594658757#0,1
400.0,594658762#0,32
400.0,668037874,4
400.0,:3086736518_0,1
400.0,:3086736518_6,1
400.0,:3208478121_0,1
400.0,:3208478128_0,1
400.0,:619136999_2,1
400.0,:655375232_2,5
400.0,:655375232_6,1
400.0,:655375233_0,2
400.0,:655375233_4,1
400.0,:655375233_8,2
400.0,:655375238_6,1
400.0,:cluster11510670762_4554226152_0,2
400.0,:cluster3086736522_655375108_655375247_655375401_#1more_11,2
400.0,:cluster_2528018119_655375236_29,1
420.0,-300077497#5,24
420.0,-35274074#2,12
420.0,-360018417,5
420.0,-51362429#1,7
420.0,-51362430,18
420.0,-593847703#3,21
420.0,-E0,19
420.0,1068234498#0,29
420.0,1068234499#0,7
420.0,1068440001,7
420.0,1068440004#1,28
420.0,1334904386#0,2
420.0,1334905223#0,1
420.0,182334378#0,19
420.0,196961377#0,20
420.0,238526531#0,23
420.0,244450512#1,3
420.0,244450512#5,1
420.0,260881642#0,3
420.0,263217603#0,1
420.0,288135626#0,2
420.0,288878926#0,11
420.0,300077497#0,3
420.0,300077497#6,3
420.0,303647015#0,1
420.0,30620492#0,18
420.0,30620492#1,5
420.0,35274074#0,2
420.0,360843888,1
420.0,484988951#0,5
420.0,49073226#2,7
420.0,49695736#0,2
420.0,506322842#0,13
420.0,506322844#0,7
420.0,506322846#0,8
420.0,506322846#2,2
420.0,506322851#0,8
420.0,506322851#2,8
420.0,506322853#0,19
420.0,51362429#0,17
420.0,51362430,4
420.0,593844221#0,1
420.0,593847702#0,11
420.0,593849711#2,17
420.0,594658757#0,1
420.0,594658762#0,27
420.0,668037874,4
420.0,:3086736518_0,1
420.0,:3086736518_6,1
420.0,:655375232_2,5
420.0,:655375232_6,1
420.0,:655375233_0,2
420.0,:655375233_4,1
420.0,:655375233_8,3
420.0,:655375238_0,1
420.0,:656132414_3,1
420.0,:cluster11510670762_4554226152_0,1
420.0,:cluster622618015_622618108_622618112_622618144_#2more_2,1
420.0,:cluster622618015_622618108_622618112_622618144_#2more_45,1
420.0,:cluster655375228_655375240_0,1
420.0,:cluster655375228_655375240_13,1
420.0,:cluster_2038168688_655375573_24,1
420.0,:cluster_2038168688_655375573_3,1
420.0,:cluster_3208478133_655375293_655375296_9631728504_#1more_16,2
420.0,:cluster_3208478133_655375293_655375296_9631728504_#1more_8,3
420.0,:cluster_5372642442_631668976_631668981_631669076_26,1
420.0,:cluster_5372642442_631668976_631668981_631669076_45,1
420.0,:cluster_9383263990_9383263991_9383263992_9383263993_0,1
440.0,-300077497#5,24
440.0,-35274074#2,11
440.0,-360018417,5
440.0,-51362429#1,7
440.0,-51362430,17
440.0,-593847703#3,21
440.0,-E0,19
440.0,1068234498#0,26
440.0,1068234499#0,9
440.0,1068440001,6
440.0,1068440004#1,33
440.0,1334904386#0,2
440.0,1334905223#0,2
440.0,182334378#0,22
440.0,186602412#0,5
440.0,196961377#0,26
440.0,238526531#0,29
440.0,244450512#1,3
440.0,260881642#0,4
440.0,263217603#0,1
440.0,288878926#0,5
440.0,300077497#0,3
440.0,300077497#6,5
440.0,30620492#0,18
440.0,30620492#1,5
440.0,360843888,1
440.0,484988951#0,5
440.0,49073226#2,7
440.0,49695736#0,2
440.0,506322842#0,13
440.0,506322844#0,7
440.0,506322846#0,5
440.0,506322846#2,2
440.0,506322851#0,8
440.0,506322851#2,8
440.0,506322853#0,19
440.0,51362429#0,17
440.0,51362430,5
440.0,593844221#0,1
440.0,593847702#0,11
440.0,593849711#2,17
440.0,594658757#0,1
440.0,594658762#0,20
440.0,668037874,4
440.0,:1973482489_3,1
440.0,:3086736518_0,1
440.0,:3086736518_6,1
440.0,:655375232_2,5
440.0,:655375232_6,1
440.0,:655375233_0,2
440.0,:655375233_4,1
440.0,:655375233_8,3
440.0,:cluster11510670762_4554226152_0,1
440.0,:cluster655375228_655375240_0,1
440.0,:cluster655375336_end_0_655375336_end_1_655375336_end_10_655375336_end_11_#8more_12,2
440.0,:cluster655375336_end_0_655375336_end_1_655375336_end_10_655375336_end_11_#8more_25,2
440.0,:cluster_3208478133_655375293_655375296_9631728504_#1more_16,3
440.0,:cluster_3208478133_655375293_655375296_9631728504_#1more_8,3
440.0,:cluster_5372642442_631668976_631668981_631669076_45,1
460.0,-300077497#5,25
460.0,-300077497#8,2
460.0,-35274074#2,12
460.0,-360018417,1
460.0,-51362429#1,7
460.0,-51362430,16
460.0,-593847703#3,22
460.0,-594658757#2,4
460.0,-E0,19
460.0,1068234498#0,27
460.0,1068234499#0,6
460.0,1068440001,6
460.0,1068440004#1,33
460.0,1239087514,1
460.0,1334904386#0,2
460.0,182334378#0,16
460.0,186602412#0,4
460.0,196961377#0,27
460.0,238526531#0,25
460.0,244450512#1,3
460.0,260881642#0,2
460.0,263217603#0,1
460.0,263217604#0,2
460.0,288878926#0,5
460.0,300077497#0,5
460.0,300077497#6,5
460.0,303647015#0,2
460.0,30620492#0,18
460.0,30620492#1,5
460.0,360843888,1
460.0,484988951#0,5
460.0,49073226#2,7
460.0,49073272#3,1
460.0,49073272#4,3
460.0,49695736#0,2
460.0,506322842#0,12
460.0,506322844#0,2
460.0,506322846#2,3
460.0,506322848#0,2
460.0,506322851#0,8
460.0,506322851#2,8
460.0,506322853#0,18
460.0,51362429#0,17
460.0,51362430,6
460.0,593844221#0,1
460.0,593847702#0,3
460.0,593849711#2,17
460.0,593849718#0,2
460.0,594658757#0,1
460.0,594658762#0,22
460.0,668037874,4
460.0,:3086736518_0,1
460.0,:3086736518_6,1
460.0,:3208478121_0,1
460.0,:655375232_2,4
460.0,:655375232_6,1
460.0,:655375233_0,3
460.0,:655375233_4,1
460.0,:655375233_8,3
460.0,:655375239_5,1
460.0,:656132414_3,1
460.0,:cluster622618015_622618108_622618112_622618144_#2more_31,5
460.0,:cluster655375336_end_0_655375336_end_1_655375336_end_10_655375336_end_11_#8more_10,1
460.0,:cluster655375336_end_0_655375336_end_1_655375336_end_10_655375336_end_11_#8more_12,1
460.0,:cluster655375336_end_0_655375336_end_1_655375336_end_10_655375336_end_11_#8more_25,1
460.0,:cluster_2038168688_655375573_30,1
460.0,:cluster_2528018119_655375236_12,2
460.0,:cluster_2528018119_655375236_20,1
460.0,:cluster_2528018119_655375236_32,1
460.0,:cluster_3208478133_655375293_655375296_9631728504_#1more_8,3
460.0,:cluster_9383263990_9383263991_9383263992_9383263993_7,2
480.0,-300077497#5,27
480.0,-300077497#8,4
480.0,-35274074#2,12
480.0,-51362429#1,8
480.0,-51362430,13
480.0,-593847703#3,22
480.0,-594658757#2,3
480.0,-E0,19
480.0,1068234498#0,28
480.0,1068234499#0,6
480.0,1068440001,4
480.0,1068440004#1,33
480.0,1334904386#0,2
480.0,182334378#0,17
480.0,196961377#0,27
480.0,238526531#0,25
480.0,244450512#1,3
480.0,260881642#0,2
480.0,263217603#0,1
480.0,263217604#0,3
480.0,288878926#0,5
480.0,300077497#0,12
480.0,300077497#6,5
480.0,303647015#0,1
480.0,30620492#0,18
480.0,30620492#1,5
480.0,360843888,1
480.0,484988951#0,5
480.0,49073226#2,7
480.0,49073272#3,1
480.0,49695736#0,3
480.0,506322842#0,12
480.0,506322844#0,5
480.0,506322846#2,2
480.0,506322851#0,8
480.0,506322851#2,7
480.0,506322853#0,19
480.0,51362429#0,17
480.0,51362430,8
480.0,593844221#0,1
480.0,593849711#2,16
480.0,594658762#0,29
480.0,668037874,4
480.0,:3086736518_0,1
480.0,:3086736518_6,1
480.0,:655375232_2,4
480.0,:655375232_6,1
480.0,:655375233_0,3
480.0,:655375233_4,1
480.0,:655375233_8,3
480.0,:cluster11510670762_4554226152_0,1
480.0,:cluster3086736522_655375108_655375247_655375401_#1more_11,1
480.0,:cluster655375336_end_0_655375336_end_1_655375336_end_10_655375336_end_11_#8more_12,2
480.0,:cluster655375336_end_0_655375336_end_1_655375336_end_10_655375336_end_11_#8more_25,1
480.0,:cluster_2038168688_655375573_30,1
480.0,:cluster_2528018119_655375236_12,2
480.0,:cluster_2528018119_655375236_20,1
480.0,:cluster_3208478133_655375293_655375296_9631728504_#1more_8,3
500.0,-300077497#5,27
500.0,-300077497#8,4
500.0,-35274074#2,12
500.0,-360018417,5
500.0,-51362429#1,9
500.0,-51362430,11
500.0,-593847703#3,19
500.0,-594658757#2,1
500.0,-E0,19
500.0,1068234498#0,31
500.0,1068234499#0,6
500.0,1068440001,7
500.0,1068440004#1,33
500.0,1334904386#0,2
500.0,182334378#0,18
500.0,196961377#0,20
500.0,238526531#0,25
500.0,244450512#1,3
500.0,244450512#5,1
500.0,263217604#0,3
500.0,288878926#0,5
500.0,300077497#0,11
500.0,303647015#0,2
500.0,30620492#0,18
500.0,30620492#1,5
500.0,360018417,1
500.0,484988951#0,5
500.0,49073226#2,7
500.0,49073272#4,2
500.0,49695736#0,2
500.0,506322840#0,1
500.0,506322842#0,12
500.0,506322844#0,5
500.0,506322846#2,2
500.0,506322851#0,7
500.0,506322851#2,8
500.0,506322853#0,19
500.0,51362429#0,17
500.0,51362430,8
500.0,593844221#0,1
500.0,593849711#2,16
500.0,594658762#0,31
500.0,668037874,4
500.0,:3086736518_0,1
500.0,:3086736518_6,1
500.0,:655375232_2,4
500.0,:655375232_6,1
500.0,:655375233_0,3
500.0,:655375233_4,3
500.0,:655375233_8,3
500.0,:655375238_6,1
500.0,:655375239_3,2
500.0,:656132414_2,1
500.0,:cluster11510670762_4554226152_0,2
500.0,:cluster3086736522_655375108_655375247_655375401_#1more_11,1
500.0,:cluster655375228_655375240_13,1
500.0,:cluster655375228_655375240_2,1
500.0,:cluster_2038168688_655375573_30,1
500.0,:cluster_3208478133_655375293_655375296_9631728504_#1more_8,3
520.0,-300077497#5,27
520.0,-300077497#8,4
520.0,-35274074#2,12
520.0,-360018417,5
520.0,-51362429#1,9
520.0,-51362430,17
520.0,-593847703#3,19
520.0,-594658757#2,1
520.0,-E0,19
520.0,1068234498#0,34
520.0,1068234499#0,8
520.0,1068440001,8
520.0,1068440004#1,31
520.0,1334904386#0,2
520.0,1334905223#0,1
520.0,182334378#0,19
520.0,196961377#0,22
520.0,196961377#3,1
520.0,238526531#0,25
520.0,244450512#1,3
520.0,244450512#4,1
520.0,244450512#5,1
520.0,300077497#0,3
520.0,30620492#0,18
520.0,30620492#1,5
520.0,35274074#0,3
520.0,484988951#0,5
520.0,49073226#2,7
520.0,49695736#0,6
520.0,506322840#0,1
520.0,506322842#0,12
520.0,506322844#0,5
520.0,506322846#0,3
520.0,506322846#2,2
520.0,506322851#0,7
520.0,506322851#2,8
520.0,506322853#0,19
520.0,51362429#0,17
520.0,51362430,8
520.0,593849711#0,1
520.0,593849711#2,16
520.0,594658762#0,23
520.0,668037874,3
520.0,:3086736518_0,1
520.0,:3086736518_6,1
520.0,:655375232_2,4
520.0,:655375232_6,1
520.0,:655375233_0,3
520.0,:655375233_4,3
520.0,:655375233_8,5
520.0,:655375238_6,1
520.0,:655375239_3,1
520.0,:cluster11510670762_4554226152_0,2
520.0,:cluster619136880_619136881_cluster_4510442270_5296993511_5296993513_619136931_#1more_12,1
520.0,:cluster619136880_619136881_cluster_4510442270_5296993511_5296993513_619136931_#1more_8,1
520.0,:cluster655375228_655375240_0,1
520.0,:cluster655375228_655375240_13,1
520.0,:cluster655375336_end_0_655375336_end_1_655375336_end_10_655375336_end_11_#8more_12,1
520.0,:cluster655375336_end_0_655375336_end_1_655375336_end_10_655375336_end_11_#8more_40,2
520.0,:cluster_2038168688_655375573_3,1
520.0,:cluster_2038168688_655375573_30,1
520.0,:cluster_2038168688_655375573_6,1
520.0,:cluster_2664674491_655375287_655375288_1,2
520.0,E1,1
540.0,-300077497#5,27
540.0,-300077497#8,4
540.0,-35274074#2,10
540.0,-360018417,5
540.0,-51362429#1,9
540.0,-51362430,19
540.0,-593847703#3,19
540.0,-594658757#2,8
540.0,-E0,19
540.0,1068234498#0,37
540.0,1068234499#0,8
540.0,1068440001,8
540.0,1068440004#1,33
540.0,1334904386#0,5
540.0,1334905223#0,2
540.0,182334378#0,12
540.0,186602412#0,4
540.0,196961377#0,26
540.0,238526531#0,25
540.0,244450512#1,3
540.0,244450512#5,3
540.0,300077497#6,4
540.0,30620492#0,18
540.0,30620492#1,5
540.0,484988951#0,5
540.0,49073226#2,7
540.0,49695736#0,6
540.0,506322842#0,12
540.0,506322844#0,5
540.0,506322846#0,4
540.0,506322846#2,2
540.0,506322851#0,7
540.0,506322851#2,8
540.0,506322853#0,19
540.0,51362429#0,17
540.0,51362430,8
540.0,593847704#0,1
540.0,593849711#2,16
540.0,594658762#0,18
540.0,668037874,4
540.0,:1973482489_3,1
540.0,:3086736518_0,1
540.0,:3086736518_6,1
540.0,:3208478128_0,1
540.0,:655375232_2,4
540.0,:655375232_6,1
540.0,:655375233_0,3
540.0,:655375233_4,3
540.0,:655375233_8,5
540.0,:655375239_3,1
540.0,:cluster11510670762_4554226152_0,2
540.0,:cluster655375336_end_0_655375336_end_1_655375336_end_10_655375336_end_11_#8more_10,1
540.0,:cluster655375336_end_0_655375336_end_1_655375336_end_10_655375336_end_11_#8more_40,1
540.0,:cluster_2038168688_655375573_30,1
540.0,:cluster_2038168688_655375573_6,1
540.0,E1,1
560.0,-300077497#5,26
560.0,-300077497#8,4
560.0,-35274074#2,12
560.0,-51362429#1,9
560.0,-51362430,19
560.0,-593847703#3,20
560.0,-594658757#2,14
560.0,-E0,19
560.0,1068234498#0,37
560.0,1068234499#0,6
560.0,1068440001,8
560.0,1068440004#1,33
560.0,1334904386#0,3
560.0,182334378#0,9
560.0,186602412#0,4
560.0,196961377#0,28
560.0,238526531#0,24
560.0,244450512#1,3
560.0,244450512#5,3
560.0,300077497#0,5
560.0,300077497#6,4
560.0,303647015#0,5
560.0,30620492#0,18
560.0,30620492#1,5
560.0,484988951#0,5
560.0,49073226#2,6
560.0,49073272#4,4
560.0,506322842#0,10
560.0,506322844#0,5
560.0,506322846#2,2
560.0,506322851#0,7
560.0,506322851#2,8
560.0,506322853#0,19
560.0,51362429#0,16
560.0,51362430,8
560.0,593847704#0,1
560.0,593849711#2,16
560.0,594658762#0,25
560.0,668037874,4
560.0,:1973482489_4,1
560.0,:3086736518_0,1
560.0,:3086736518_6,1
560.0,:3208478128_0,1
560.0,:655375232_2,4
560.0,:655375232_6,1
560.0,:655375233_0,3
560.0,:655375233_4,3
560.0,:655375233_8,5
560.0,:655375238_1,1
560.0,:cluster11510670762_4554226152_0,2
560.0,:cluster_2038168688_655375573_30,1
560.0,:cluster_2528018119_655375236_12,1
560.0,:cluster_2528018119_655375236_29,1
560.0,:cluster_623980147_623980152_4,1
580.0,-300077497#5,26
580.0,-300077497#8,4
580.0,-35274074#2,12
580.0,-360018417,2
580.0,-51362429#1,8
580.0,-51362430,19
580.0,-593847703#3,20
580.0,-594658757#2,9
580.0,-E0,19
580.0,1068234498#0,37
580.0,1068234499#0,2
580.0,1068440001,8
580.0,1068440004#1,33
580.0,1334904386#0,2
580.0,182334378#0,15
580.0,196961377#0,23
580.0,196961377#3,1
580.0,238526531#0,24
580.0,244450512#1,3
580.0,244450512#5,3
580.0,288878926#0,7
580.0,300077497#0,5
580.0,303647015#0,5
580.0,30620492#0,18
580.0,30620492#1,5
580.0,35274074#0,6
580.0,484988951#0,4
580.0,49073264#0,1
580.0,49073272#4,1
580.0,506322842#0,10
580.0,506322844#0,5
580.0,506322846#2,2
580.0,506322851#0,7
580.0,506322851#2,8
580.0,506322853#0,19
580.0,51362429#0,15
580.0,51362430,8
580.0,593847703#0,1
580.0,593849711#2,16
580.0,594658762#0,31
580.0,668037874,4
580.0,:2444664370_0,1
580.0,:3086736518_0,1
580.0,:3086736518_6,1
580.0,:3208478128_0,1
580.0,:619136999_2,1
580.0,:655375232_2,5
580.0,:655375232_6,1
580.0,:655375233_0,3
580.0,:655375233_4,3
580.0,:655375233_8,5
580.0,:655375238_0,1
580.0,:655375239_3,1
580.0,:cluster11510670762_4554226152_0,2
580.0,:cluster3086736522_655375108_655375247_655375401_#1more_11,2
580.0,:cluster655375336_end_0_655375336_end_1_655375336_end_10_655375336_end_11_#8more_40,1
580.0,:cluster_2038168688_655375573_30,1
580.0,:cluster_3431431575_4777363357_655375231_6982059025_3,1
580.0,:cluster_3431431575_4777363357_655375231_6982059025_5,1
600.0,-300077497#5,25
600.0,-300077497#8,3
600.0,-35274074#2,11
600.0,-360018417,5
600.0,-49073264#1,1
600.0,-51362430,18
600.0,-593847703#3,18
600.0,-593847704#2,1
600.0,-594658757#2,4
600.0,-E0,19
600.0,1068234498#0,36
600.0,1068234499#0,3
600.0,1068440001,6
600.0,1068440004#1,33
600.0,1239087514,1
600.0,1334904386#0,3
600.0,1334905223#0,2
600.0,182334378#0,20
600.0,196961377#0,20
600.0,238526531#0,25
600.0,244450512#1,2
600.0,260881642#0,3
600.0,288878926#0,8
600.0,300077497#0,1
600.0,300077497#6,1
600.0,303647015#0,5
600.0,30620492#0,18
600.0,30620492#1,5
600.0,484988951#0,4
600.0,49073226#2,9
600.0,506322840#0,1
600.0,506322842#0,10
600.0,506322844#0,5
600.0,506322846#0,4
600.0,506322846#2,2
600.0,506322851#0,7
600.0,506322851#2,8
600.0,506322853#0,19
600.0,51362429#0,17
600.0,51362430,3
600.0,593844221#0,3
600.0,593847702#0,2
600.0,593847704#0,1
600.0,593849711#2,16
600.0,594658762#0,25
600.0,668037874,4
600.0,:3086736518_0,1
600.0,:3086736518_4,2
600.0,:3086736518_6,1
600.0,:655375232_2,5
600.0,:655375232_6,2
600.0,:655375232_8,1
600.0,:655375233_0,3
600.0,:655375233_2,1
600.0,:655375233_4,1
600.0,:655375233_8,4
600.0,:655375238_2,1
600.0,:cluster11510670762_4554226152_0,1
600.0,:cluster622618015_622618108_622618112_622618144_#2more_2,1
600.0,:cluster622618015_622618108_622618112_622618144_#2more_26,1
600.0,:cluster655375228_655375240_0,2
600.0,:cluster_2038168688_655375573_30,1
600.0,:cluster_2038168688_655375573_6,2
600.0,:cluster_3208478133_655375293_655375296_9631728504_#1more_16,1
600.0,:cluster_3208478133_655375293_655375296_9631728504_#1more_8,1
600.0,:cluster_3431431575_4777363357_655375231_6982059025_3,2
600.0,E1,1
620.0,-300077497#5,26
620.0,-300077497#8,2
620.0,-35274074#2,12
620.0,-360018417,5
620.0,-49073264#1,1
620.0,-51362430,15
620.0,-593847703#3,18
620.0,-593847704#2,3
620.0,-593847705,1
620.0,-594658757#2,4
620.0,-E0,19
620.0,1068234498#0,36
620.0,1068234499#0,3
620.0,1068440001,6
620.0,1068440004#1,27
620.0,1334904386#0,3
620.0,1334905223#0,1
620.0,182334378#0,23
620.0,186602412#0,2
620.0,196961377#0,26
620.0,238526531#0,25
620.0,244450512#1,3
620.0,260881642#0,3
620.0,288878926#0,8
620.0,300077497#6,1
620.0,30620492#0,18
620.0,30620492#1,5
620.0,484988951#0,2
620.0,49073226#2,8
620.0,506322842#0,10
620.0,506322844#0,5
620.0,506322846#0,3
620.0,506322846#2,3
620.0,506322851#0,7
620.0,506322851#2,8
620.0,506322853#0,19
620.0,51362429#0,17
620.0,51362430,2
620.0,593844221#0,3
620.0,593847702#0,7
620.0,593847704#0,2
620.0,593849711#2,17
620.0,594658762#0,17
620.0,668037874,4
620.0,:3086736518_0,1
620.0,:3086736518_4,2
620.0,:3086736518_6,1
620.0,:655375232_2,5
620.0,:655375232_6,2
620.0,:655375232_8,1
620.0,:655375233_0,3
620.0,:655375233_8,6
620.0,:655375238_5,1
620.0,:cluster11510670762_4554226152_0,1
620.0,:cluster622618015_622618108_622618112_622618144_#2more_49,1
620.0,:cluster655375228_655375240_0,2
620.0,:cluster_3208478133_655375293_655375296_9631728504_#1more_8,5
620.0,:cluster_3431431575_4777363357_655375231_6982059025_7,2
620.0,:cluster_9383263990_9383263991_9383263992_9383263993_0,1
640.0,-300077497#5,27
640.0,-300077497#8,4
640.0,-35274074#2,12
640.0,-360018417,1
640.0,-49073264#1,1
640.0,-51362430,16
640.0,-593847703#3,19
640.0,-593847705,1
640.0,-594658757#2,4
640.0,-E0,19
640.0,1068234498#0,36
640.0,1068234499#0,2
640.0,1068440001,6
640.0,1068440004#1,29
640.0,182334378#0,21
640.0,186602412#0,3
640.0,196961377#0,27
640.0,238526531#0,24
640.0,244450512#1,2
640.0,260881642#0,3
640.0,263217603#0,1
640.0,288878926#0,8
640.0,300077497#0,1
640.0,300077497#6,1
640.0,303647015#0,3
640.0,30620492#0,17
640.0,30620492#1,5
640.0,484988951#0,4
640.0,49073226#2,12
640.0,49073272#4,4
640.0,49695736#0,4
640.0,506322842#0,8
640.0,506322844#0,4
640.0,506322846#0,1
640.0,506322846#2,2
640.0,506322851#0,7
640.0,506322851#2,8
640.0,506322853#0,19
640.0,51362429#0,17
640.0,593847702#0,4
640.0,593847704#0,3
640.0,593849711#2,21
640.0,593849718#0,2
640.0,594658762#0,15
640.0,668037874,4
640.0,:3086736518_0,1
640.0,:3086736518_4,2
640.0,:655375232_2,5
640.0,:655375232_6,2
640.0,:655375232_8,1
640.0,:655375233_0,3
640.0,:655375233_8,2
640.0,:655375238_2,1
640.0,:656132414_2,1
640.0,:cluster11510670762_4554226152_0,1
640.0,:cluster622618015_622618108_622618112_622618144_#2more_31,6
640.0,:cluster655375336_end_0_655375336_end_1_655375336_end_10_655375336_end_11_#8more_10,1
640.0,:cluster655375336_end_0_655375336_end_1_655375336_end_10_655375336_end_11_#8more_12,1
640.0,:cluster655375336_end_0_655375336_end_1_655375336_end_10_655375336_end_11_#8more_25,3
640.0,:cluster_2038168688_655375573_30,1
640.0,:cluster_2664674491_655375287_655375288_5,1
640.0,:cluster_3208478133_655375293_655375296_9631728504_#1more_8,2
660.0,-300077497#5,27
660.0,-300077497#8,4
660.0,-35274074#2,12
660.0,-51362430,12
660.0,-593847703#3,20
660.0,-593847705,1
660.0,-594658757#2,3
660.0,-E0,18
660.0,1068234498#0,36
660.0,1068234499#0,2
660.0,1068440001,4
660.0,1068440004#1,33
660.0,182334378#0,21
660.0,196961377#0,27
660.0,238526531#0,24
660.0,244450512#1,3
660.0,260881642#0,2
660.0,263217603#0,1
660.0,288135626#0,1
660.0,288878926#0,8
660.0,300077497#0,6
660.0,300077497#6,1
660.0,30620492#0,18
660.0,30620492#1,5
660.0,35274074#0,1
660.0,484988951#0,4
660.0,49073226#2,12
660.0,49695736#0,5
660.0,506322842#0,7
660.0,506322844#0,5
660.0,506322846#2,2
660.0,506322851#0,7
660.0,506322851#2,8
660.0,506322853#0,19
660.0,51362429#0,13
660.0,593847702#0,2
660.0,593847703#0,5
660.0,593847704#0,1
660.0,593849711#2,21
660.0,594658762#0,15
660.0,668037874,4
660.0,:3086736518_0,1
660.0,:3086736518_4,2
660.0,:3086736518_6,1
660.0,:655375232_2,3
660.0,:655375232_6,2
660.0,:655375232_8,1
660.0,:655375233_0,1
660.0,:655375238_2,1
660.0,:656132414_2,1
660.0,:cluster11510670762_4554226152_0,1
660.0,:cluster3086736522_655375108_655375247_655375401_#1more_11,1
660.0,:cluster622618015_622618108_622618112_622618144_#2more_17,1
660.0,:cluster622618015_622618108_622618112_622618144_#2more_37,1
660.0,:cluster622618015_622618108_622618112_622618144_#2more_42,1
660.0,:cluster655375336_end_0_655375336_end_1_655375336_end_10_655375336_end_11_#8more_10,1
660.0,:cluster655375336_end_0_655375336_end_1_655375336_end_10_655375336_end_11_#8more_12,1
660.0,:cluster655375336_end_0_655375336_end_1_655375336_end_10_655375336_end_11_#8more_25,3
660.0,:cluster_2038168688_655375573_30,1
660.0,:cluster_2528018119_655375236_20,1
660.0,:cluster_2528018119_655375236_32,1
660.0,:cluster_3208478133_655375293_655375296_9631728504_#1more_8,1
660.0,:cluster_5372642442_631668976_631668981_631669076_36,1
680.0,-300077497#5,25
680.0,-300077497#8,4
680.0,-35274074#2,12
680.0,-360018417,5
680.0,-49073264#1,1
680.0,-51362429#1,1
680.0,-51362430,13
680.0,-593847703#3,20
680.0,-593847705,1
680.0,-594658757#2,2
680.0,-E0,19
680.0,1068234498#0,36
680.0,1068234499#0,4
680.0,1068440001,7
680.0,1068440004#1,33
680.0,1068440006#0,3
680.0,1334904386#0,1
680.0,182334378#0,20
680.0,196961377#0,20
680.0,238526531#0,24
680.0,244450512#1,3
680.0,288878926#0,8
680.0,300077497#0,5
680.0,303647015#0,2
680.0,30620492#0,18
680.0,30620492#1,5
680.0,35274074#0,4
680.0,360018417,1
680.0,484988951#0,4
680.0,49073226#2,13
680.0,49073272#4,2
680.0,49695736#0,7
680.0,506322840#0,1
680.0,506322842#0,7
680.0,506322844#0,5
680.0,506322846#2,3
680.0,506322851#0,7
680.0,506322851#2,8
680.0,506322853#0,19
680.0,51362429#0,11
680.0,593847702#0,2
680.0,593847703#0,8
680.0,593847705,1
680.0,593849711#2,16
680.0,594658762#0,13
680.0,668037874,4
680.0,:3086736518_4,2
680.0,:3086736518_6,1
680.0,:655375232_11,1
680.0,:655375232_6,2
680.0,:655375238_2,1
680.0,:655375238_6,1
680.0,:656132414_2,1
680.0,:cluster11510670762_4554226152_0,2
680.0,:cluster655375228_655375240_0,1
680.0,:cluster655375228_655375240_13,1
680.0,:cluster_2038168688_655375573_23,1
680.0,:cluster_2038168688_655375573_30,1
680.0,:cluster_2038168688_655375573_6,2
680.0,:cluster_2528018119_655375236_17,1
680.0,:cluster_2528018119_655375236_19,1
680.0,:cluster_2528018119_655375236_3,1
700.0,-300077497#5,25
700.0,-300077497#8,4
700.0,-35274074#2,12
700.0,-360018417,5
700.0,-49073264#1,1
700.0,-51362429#1,6
700.0,-51362430,17
700.0,-593847703#3,17
700.0,-593847704#2,1
700.0,-594658757#2,2
700.0,-E0,19
700.0,1068234498#0,34
700.0,1068234499#0,4
700.0,1068440001,9
700.0,1068440004#1,33
700.0,1068440006#0,6
700.0,1334904386#0,1
700.0,1334905223#0,1
700.0,182334378#0,17
700.0,186602412#0,1
700.0,196961377#0,22
700.0,196961377#3,1
700.0,238526531#0,26
700.0,244450512#1,3
700.0,288878926#0,2
700.0,300077497#0,8
700.0,30620492#0,18
700.0,30620492#1,5
700.0,35274074#0,3
700.0,484988951#0,4
700.0,49073226#2,13
700.0,49695736#0,7
700.0,506322840#0,1
700.0,506322842#0,7
700.0,506322844#0,5
700.0,506322846#0,4
700.0,506322846#2,2
700.0,506322851#0,7
700.0,506322851#2,8
700.0,506322853#0,19
700.0,51362429#0,11
700.0,51362430,2
700.0,593847702#0,2
700.0,593847704#0,1
700.0,593847705,1
700.0,593849711#0,2
700.0,593849711#2,12
700.0,594658762#0,5
700.0,668037874,3
700.0,:1973482489_3,1
700.0,:3086736518_4,1
700.0,:3086736518_6,1
700.0,:655375232_8,1
700.0,:655375233_4,1
700.0,:655375238_2,1
700.0,:655375238_6,1
700.0,:cluster11510670762_4554226152_0,2
700.0,:cluster619136880_619136881_cluster_4510442270_5296993511_5296993513_619136931_#1more_12,1
700.0,:cluster619136880_619136881_cluster_4510442270_5296993511_5296993513_619136931_#1more_8,1
700.0,:cluster655375228_655375240_0,1
700.0,:cluster655375228_655375240_13,1
700.0,:cluster655375336_end_0_655375336_end_1_655375336_end_10_655375336_end_11_#8more_10,1
700.0,:cluster655375336_end_0_655375336_end_1_655375336_end_10_655375336_end_11_#8more_12,1
700.0,:cluster655375336_end_0_655375336_end_1_655375336_end_10_655375336_end_11_#8more_40,1
700.0,:cluster_2038168688_655375573_23,1
700.0,:cluster_2038168688_655375573_30,1
700.0,:cluster_2038168688_655375573_6,2
700.0,:cluster_2528018119_655375236_17,1
700.0,:cluster_2528018119_655375236_31,1
720.0,-300077497#5,25
720.0,-300077497#8,3
720.0,-35274074#2,12
720.0,-360018417,5
720.0,-49073264#1,1
720.0,-51362429#1,9
720.0,-51362430,19
720.0,-593847703#3,18
720.0,-594658757#2,7
720.0,-E0,19
720.0,1068234498#0,34
720.0,1068234499#0,4
720.0,1068440001,9
720.0,1068440004#1,27
720.0,1068440006#0,6
720.0,1334904386#0,6
720.0,1334905223#0,1
720.0,182334378#0,14
720.0,186602412#0,5
720.0,196961377#0,26
720.0,238526531#0,26
720.0,244450512#1,3
720.0,300077497#0,3
720.0,30620492#0,18
720.0,30620492#1,5
720.0,35274074#0,3
720.0,484988951#0,5
720.0,49073226#2,13
720.0,49695736#0,7
720.0,506322840#0,1
720.0,506322842#0,7
720.0,506322844#0,5
720.0,506322846#0,4
720.0,506322846#2,2
720.0,506322851#0,7
720.0,506322851#2,8
720.0,506322853#0,19
720.0,51362429#0,11
720.0,51362430,1
720.0,593847702#0,2
720.0,593847704#0,2
720.0,593847705,1
720.0,593849711#2,15
720.0,668037874,4
720.0,:1973482489_8,1
720.0,:3086736518_6,1
720.0,:655375233_4,1
720.0,:655375233_8,6
720.0,:655375238_6,1
720.0,:cluster11510670762_4554226152_0,2
720.0,:cluster655375336_end_0_655375336_end_1_655375336_end_10_655375336_end_11_#8more_12,1
720.0,:cluster_2038168688_655375573_30,1
720.0,:cluster_2038168688_655375573_6,2
740.0,-300077497#5,27
740.0,-300077497#8,3
740.0,-35274074#2,11
740.0,-49073264#1,1
740.0,-51362429#1,9
740.0,-51362430,19
740.0,-593847703#3,19
740.0,-594658757#2,12
740.0,-E0,19
740.0,1068234498#0,34
740.0,1068234499#0,2
740.0,1068440001,9
740.0,1068440004#1,29
740.0,1068440006#0,6
740.0,1334904386#0,2
740.0,182334378#0,8
740.0,186602412#0,3
740.0,196961377#0,27
740.0,238526531#0,25
740.0,244450512#1,3
740.0,300077497#0,6
740.0,303647015#0,6
740.0,30620492#0,18
740.0,30620492#1,5
740.0,35274074#0,7
740.0,484988951#0,5
740.0,49073226#2,13
740.0,49073272#4,4
740.0,506322842#0,7
740.0,506322844#0,3
740.0,506322846#2,3
740.0,506322851#0,7
740.0,506322851#2,8
740.0,506322853#0,19
740.0,51362429#0,11
740.0,51362430,1
740.0,593847704#0,2
740.0,593847705,1
740.0,593849711#2,16
740.0,668037874,5
740.0,:3086736518_6,1
740.0,:655375233_4,1
740.0,:655375233_8,7
740.0,:655375238_2,1
740.0,:655375239_5,1
740.0,:655375241_0,1
740.0,:cluster11510670762_4554226152_0,2
740.0,:cluster655375336_end_0_655375336_end_1_655375336_end_10_655375336_end_11_#8more_10,1
740.0,:cluster655375336_end_0_655375336_end_1_655375336_end_10_655375336_end_11_#8more_12,1
740.0,:cluster655375336_end_0_655375336_end_1_655375336_end_10_655375336_end_11_#8more_40,1
740.0,:cluster_2038168688_655375573_30,1
740.0,:cluster_2038168688_655375573_6,2
740.0,:cluster_2528018119_655375236_20,1
740.0,:cluster_3208478133_655375293_655375296_9631728504_#1more_10,1
760.0,-300077497#5,27
760.0,-300077497#8,4
760.0,-35274074#2,12
760.0,-360018417,2
760.0,-51362429#1,9
760.0,-51362430,19
760.0,-593847703#3,19
760.0,-594658757#2,8
760.0,-E0,19
760.0,1068234498#0,36
760.0,1068234499#0,2
760.0,1068440001,9
760.0,1068440004#1,33
760.0,1068440006#0,4
760.0,1239087514,1
760.0,1334904386#0,4
760.0,182334378#0,14
760.0,196961377#0,24
760.0,238526531#0,24
760.0,244450512#1,3
760.0,263217604#0,1
760.0,300077497#0,1
760.0,303647015#0,4
760.0,30620492#0,18
760.0,30620492#1,5
760.0,35274074#0,12
760.0,484988951#0,5
760.0,49073226#2,13
760.0,49073272#4,1
760.0,506322842#0,7
760.0,506322844#0,6
760.0,506322846#0,1
760.0,506322846#2,2
760.0,506322851#0,7
760.0,506322851#2,8
760.0,506322853#0,18
760.0,51362429#0,10
760.0,51362430,2
760.0,593849711#2,16
760.0,593849718#0,2
760.0,668037874,5
760.0,:3086736518_6,1
760.0,:619136999_2,1
760.0,:655375232_2,1
760.0,:655375233_0,1
760.0,:655375233_4,1
760.0,:655375233_8,7
760.0,:655375238_2,1
760.0,:655375238_6,1
760.0,:cluster11510670762_4554226152_0,2
760.0,:cluster3086736522_655375108_655375247_655375401_#1more_11,2
760.0,:cluster_2038168688_655375573_24,1
760.0,:cluster_2038168688_655375573_25,1
760.0,:cluster_3208478133_655375293_655375296_9631728504_#1more_11,1
780.0,-300077497#5,27
780.0,-300077497#8,4
780.0,-35274074#2,12
780.0,-360018417,5
780.0,-51362429#1,9
780.0,-51362430,17
780.0,-593847703#3,19
780.0,-594658757#2,4
780.0,-E0,19
780.0,1068234498#0,36
780.0,1068234499#0,2
780.0,1068440001,5
780.0,1068440004#1,33
780.0,1068440006#0,2
780.0,1334904386#0,5
780.0,182334378#0,19
780.0,186602412#0,2
780.0,196961377#0,20
780.0,196961377#3,1
780.0,232003903#0,3
780.0,238526531#0,24
780.0,244450512#1,3
780.0,260881642#0,3
780.0,303647015#0,5
780.0,30620492#0,18
780.0,30620492#1,5
780.0,35274074#0,2
780.0,484988951#0,5
780.0,49073226#2,13
780.0,49073272#4,1
780.0,506322842#0,7
780.0,506322844#0,6
780.0,506322846#0,8
780.0,506322846#2,2
780.0,506322851#0,7
780.0,506322851#2,7
780.0,506322853#0,19
780.0,51362429#0,5
780.0,51362430,3
780.0,593844216#0,1
780.0,593844221#0,1
780.0,593849711#2,16
780.0,594658760#0,1
780.0,668037874,5
780.0,:3086736518_6,1
780.0,:655375232_2,1
780.0,:655375233_0,1
780.0,:655375233_4,1
780.0,:655375233_8,7
780.0,:655375238_2,1
780.0,:656132414_2,1
780.0,:cluster11510670762_4554226152_0,1
780.0,:cluster_2038168688_655375573_23,1
780.0,:cluster_2038168688_655375573_24,1
780.0,:cluster_2038168688_655375573_25,1
780.0,:cluster_2038168688_655375573_3,1
780.0,:cluster_2038168688_655375573_6,1
780.0,:cluster_3208478133_655375293_655375296_9631728504_#1more_8,5
780.0,:cluster_5372642442_631668976_631668981_631669076_45,1
800.0,-300077497#5,27
800.0,-300077497#8,4
800.0,-35274074#2,12
800.0,-360018417,5
800.0,-51362429#1,9
800.0,-51362430,15
800.0,-593847703#3,18
800.0,-594658757#2,4
800.0,-E0,19
800.0,1068234498#0,34
800.0,1068234499#0,2
800.0,1068440001,9
800.0,1068440004#1,33
800.0,1068440006#0,3
800.0,1334904386#0,5
800.0,182334378#0,21
800.0,186602412#0,6
800.0,196961377#0,25
800.0,232003903#0,3
800.0,238526531#0,27
800.0,244450512#1,2
800.0,260881642#0,3
800.0,288878926#0,2
800.0,30620492#0,18
800.0,30620492#1,5
800.0,484988951#0,5
800.0,49073226#2,10
800.0,49695736#0,1
800.0,506322842#0,7
800.0,506322844#0,6
800.0,506322846#0,8
800.0,506322846#2,2
800.0,506322851#0,6
800.0,506322851#2,8
800.0,506322853#0,19
800.0,51362429#0,5
800.0,51362430,3
800.0,593844216#0,1
800.0,593844221#0,1
800.0,593849711#2,15
800.0,668037874,4
800.0,:3086736518_6,1
800.0,:655375232_2,1
800.0,:655375233_0,1
800.0,:655375233_4,2
800.0,:655375233_8,7
800.0,:655375238_2,1
800.0,:cluster11510670762_4554226152_0,1
800.0,:cluster619136880_619136881_cluster_4510442270_5296993511_5296993513_619136931_#1more_12,1
800.0,:cluster_2038168688_655375573_25,1
800.0,:cluster_3208478133_655375293_655375296_9631728504_#1more_8,5
800.0,:cluster_623980147_623980152_4,1
820.0,-300077497#5,27
820.0,-300077497#8,4
820.0,-35274074#2,12
820.0,-360018417,1
820.0,-51362429#1,6
820.0,-51362430,19
820.0,-593847703#3,19
820.0,-594658757#2,4
820.0,-E0,19
820.0,1068234498#0,33
820.0,1068234499#0,2
820.0,1068440001,9
820.0,1068440004#1,33
820.0,1068440006#0,3
820.0,182334378#0,21
820.0,186602412#0,5
820.0,196961377#0,27
820.0,232003903#0,3
820.0,238526531#0,26
820.0,244450512#1,2
820.0,260881642#0,3
820.0,263217604#0,1
820.0,288878926#0,9
820.0,303647015#0,4
820.0,30620492#0,18
820.0,30620492#1,5
820.0,484988951#0,2
820.0,49073226#2,7
820.0,49073272#4,3
820.0,506322842#0,7
820.0,506322844#0,5
820.0,506322846#0,1
820.0,506322846#2,2
820.0,506322848#0,1
820.0,506322851#0,6
820.0,506322851#2,8
820.0,506322853#0,19
820.0,51362429#0,7
820.0,51362430,1
820.0,593844216#0,1
820.0,593844221#0,1
820.0,593849711#2,15
820.0,668037874,4
820.0,:1973482489_8,1
820.0,:3086736518_6,1
820.0,:3208478121_0,1
820.0,:655375232_2,1
820.0,:655375233_0,1
820.0,:655375233_4,2
820.0,:655375233_8,7
820.0,:655375238_2,1
820.0,:cluster11510670762_4554226152_0,1
820.0,:cluster3086736522_655375108_655375247_655375401_#1more_8,1
820.0,:cluster655375336_end_0_655375336_end_1_655375336_end_10_655375336_end_11_#8more_12,2
820.0,:cluster655375336_end_0_655375336_end_1_655375336_end_10_655375336_end_11_#8more_25,2
820.0,:cluster_2038168688_655375573_25,1
820.0,:cluster_2664674491_655375287_655375288_5,1
820.0,:cluster_3208478133_655375293_655375296_9631728504_#1more_8,3
820.0,:cluster_3431431575_4777363357_655375231_6982059025_3,2
820.0,:cluster_3431431575_4777363357_655375231_6982059025_5,1
820.0,:cluster_9383263990_9383263991_9383263992_9383263993_7,1
840.0,-300077497#5,27
840.0,-300077497#8,4
840.0,-35274074#2,12
840.0,-51362429#1,3
840.0,-51362430,17
840.0,-593847703#3,19
840.0,-594658757#2,7
840.0,-E0,19
840.0,1068234498#0,33
840.0,1068234499#0,2
840.0,1068440001,6
840.0,1068440004#1,33
840.0,1068440006#0,3
840.0,182334378#0,17
840.0,196961377#0,27
840.0,232003903#0,3
840.0,238526531#0,25
840.0,244450512#1,3
840.0,260881642#0,2
840.0,263217604#0,1
840.0,288878926#0,13
840.0,300077497#0,3
840.0,30620492#0,18
840.0,30620492#1,5
840.0,484988951#0,3
840.0,49073226#2,8
840.0,49073272#4,1
840.0,49695736#0,2
840.0,506322842#0,7
840.0,506322844#0,5
840.0,506322846#2,3
840.0,506322851#0,6
840.0,506322851#2,8
840.0,506322853#0,19
840.0,51362429#0,12
840.0,593844216#0,1
840.0,593844221#0,1
840.0,593849711#2,15
840.0,668037874,4
840.0,:3086736518_6,1
840.0,:655375232_2,1
840.0,:655375233_0,1
840.0,:655375233_4,2
840.0,:655375233_8,7
840.0,:655375238_2,1
840.0,:655375241_0,1
840.0,:656132414_2,1
840.0,:cluster11510670762_4554226152_0,2
840.0,:cluster3086736522_655375108_655375247_655375401_#1more_11,1
840.0,:cluster655375336_end_0_655375336_end_1_655375336_end_10_655375336_end_11_#8more_10,1
840.0,:cluster655375336_end_0_655375336_end_1_655375336_end_10_655375336_end_11_#8more_12,2
840.0,:cluster_2038168688_655375573_25,1
840.0,:cluster_3208478133_655375293_655375296_9631728504_#1more_8,3
840.0,:cluster_3431431575_4777363357_655375231_6982059025_3,1
840.0,:cluster_3431431575_4777363357_655375231_6982059025_5,1
860.0,-300077497#5,27
860.0,-300077497#8,4
860.0,-35274074#2,12
860.0,-360018417,5
860.0,-51362429#1,3
860.0,-51362430,16
860.0,-593847703#3,19
860.0,-594658757#2,2
860.0,-E0,19
860.0,1068234498#0,33
860.0,1068234499#0,2
860.0,1068440001,9
860.0,1068440004#1,33
860.0,1068440006#0,3
860.0,1334904386#0,1
860.0,182334378#0,16
860.0,196961377#0,20
860.0,238526531#0,25
860.0,244450512#1,3
860.0,263217604#0,1
860.0,288878926#0,13
860.0,300077497#0,2
860.0,303647015#0,7
860.0,30620492#0,18
860.0,30620492#1,5
860.0,35274074#0,2
860.0,484988951#0,3
860.0,49073226#2,9
860.0,49073272#4,2
860.0,49695736#0,4
860.0,506322842#0,7
860.0,506322844#0,5
860.0,506322846#2,2
860.0,506322851#0,6
860.0,506322851#2,8
860.0,506322853#0,19
860.0,51362429#0,15
860.0,51362430,2
860.0,593844216#0,2
860.0,593849711#2,15
860.0,668037874,4
860.0,:3086736518_6,1
860.0,:655375232_2,1
860.0,:655375233_0,1
860.0,:655375233_4,2
860.0,:655375233_8,7
860.0,:655375238_2,1
860.0,:cluster11510670762_4554226152_0,2
860.0,:cluster3086736522_655375108_655375247_655375401_#1more_11,1
860.0,:cluster655375336_end_0_655375336_end_1_655375336_end_10_655375336_end_11_#8more_12,1
860.0,:cluster655375336_end_0_655375336_end_1_655375336_end_10_655375336_end_11_#8more_40,2
860.0,:cluster_2038168688_655375573_23,1
860.0,:cluster_2038168688_655375573_25,1
860.0,:cluster_3431431575_4777363357_655375231_6982059025_5,1
880.0,-300077497#5,27
880.0,-300077497#8,4
880.0,-35274074#2,12
880.0,-360018417,5
880.0,-51362429#1,3
880.0,-51362430,18
880.0,-593847703#3,19
880.0,-594658757#2,3
880.0,-E0,19
880.0,1068234498#0,32
880.0,1068234499#0,3
880.0,1068440001,9
880.0,1068440004#1,33
880.0,1068440006#0,1
880.0,1239087514,1
880.0,1334904386#0,3
880.0,182334378#0,20
880.0,186602412#0,1
880.0,196961377#0,22
880.0,238526531#0,25
880.0,244450512#1,3
880.0,244450512#4,1
880.0,288878926#0,7
880.0,303647015#0,1
880.0,30620492#0,18
880.0,30620492#1,5
880.0,484988951#0,2
880.0,49073226#2,9
880.0,49695736#0,4
880.0,506322842#0,7
880.0,506322844#0,5
880.0,506322846#0,2
880.0,506322846#2,3
880.0,506322851#0,6
880.0,506322851#2,8
880.0,506322853#0,19
880.0,51362429#0,13
880.0,593842812#2,1
880.0,593849711#0,1
880.0,593849711#2,15
880.0,668037874,3
880.0,:1973482489_8,1
880.0,:3086736518_0,1
880.0,:3086736518_6,1
880.0,:655375232_2,1
880.0,:655375233_0,2
880.0,:655375233_4,2
880.0,:655375233_8,7
880.0,:655375238_2,1
880.0,:cluster11510670762_4554226152_0,2
880.0,:cluster11510670762_4554226152_1,1
880.0,:cluster619136880_619136881_cluster_4510442270_5296993511_5296993513_619136931_#1more_12,1
880.0,:cluster619136880_619136881_cluster_4510442270_5296993511_5296993513_619136931_#1more_8,1
880.0,:cluster_2038168688_655375573_23,1
880.0,:cluster_2038168688_655375573_25,1
880.0,:cluster_3208478133_655375293_655375296_9631728504_#1more_1,1
880.0,:cluster_3431431575_4777363357_655375231_6982059025_5,1
900.0,-300077497#5,27
900.0,-300077497#8,4
900.0,-35274074#2,12
900.0,-360018417,5
900.0,-51362429#1,7
900.0,-51362430,19
900.0,-593847703#3,17
900.0,-594658757#2,5
900.0,-E0,19
900.0,1068234498#0,34
900.0,1068234499#0,3
900.0,1068440001,9
900.0,1068440004#1,33
900.0,1068440006#0,1
900.0,1334904386#0,5
900.0,182334378#0,17
900.0,186602412#0,2
900.0,196961377#0,26
900.0,238526531#0,25
900.0,244450512#1,3
900.0,244450512#5,1
900.0,288878926#0,5
900.0,30620492#0,18
900.0,30620492#1,5
900.0,484988951#0,5
900.0,49073226#2,10
900.0,49695736#0,4
900.0,506322842#0,7
900.0,506322844#0,5
900.0,506322846#2,2
900.0,506322851#0,6
900.0,506322851#2,8
900.0,506322853#0,19
900.0,51362429#0,14
900.0,51362430,1
900.0,593844221#0,1
900.0,593849711#2,11
900.0,668037874,4
900.0,:3086736518_0,1
900.0,:3086736518_4,1
900.0,:3086736518_6,1
900.0,:655375232_2,1
900.0,:655375233_0,2
900.0,:655375233_4,3
900.0,:655375233_8,7
900.0,:655375238_2,1
900.0,:cluster11510670762_4554226152_0,2
900.0,:cluster655375336_end_0_655375336_end_1_655375336_end_10_655375336_end_11_#8more_12,2
900.0,:cluster655375336_end_0_655375336_end_1_655375336_end_10_655375336_end_11_#8more_40,1
900.0,:cluster_2038168688_655375573_25,1
900.0,:cluster_3208478133_655375293_655375296_9631728504_#1more_1,1
920.0,-300077497#5,27
920.0,-300077497#8,4
920.0,-35274074#2,12
920.0,-51362429#1,9
920.0,-51362430,19
920.0,-593847703#3,17
920.0,-594658757#2,11
920.0,-E0,19
920.0,1068234498#0,35
920.0,1068234499#0,2
920.0,1068440001,9
920.0,1068440004#1,33
920.0,1068440006#0,1
920.0,1334904386#0,3
920.0,182334378#0,11
920.0,196961377#0,27
920.0,238526531#0,25
920.0,244450512#1,3
920.0,244450512#5,1
920.0,288878926#0,5
920.0,300077497#0,5
920.0,303647015#0,5
920.0,30620492#0,18
920.0,30620492#1,5
920.0,484988951#0,4
920.0,49073226#2,10
920.0,49073272#4,4
920.0,506322842#0,7
920.0,506322844#0,5
920.0,506322846#2,3
920.0,506322851#0,6
920.0,506322851#2,8
920.0,506322853#0,19
920.0,51362429#0,16
920.0,593844221#0,1
920.0,593847702#0,4
920.0,593847703#0,1
920.0,593849711#2,16
920.0,668037874,4
920.0,:3086736518_0,1
920.0,:3086736518_6,1
920.0,:655375232_2,1
920.0,:655375233_0,1
920.0,:655375233_4,2
920.0,:655375233_8,3
920.0,:655375238_2,1
920.0,:cluster11510670762_4554226152_0,2
920.0,:cluster3086736522_655375108_655375247_655375401_#1more_8,1
920.0,:cluster655375336_end_0_655375336_end_1_655375336_end_10_655375336_end_11_#8more_10,1
920.0,:cluster655375336_end_0_655375336_end_1_655375336_end_10_655375336_end_11_#8more_40,1
920.0,:cluster_2038168688_655375573_25,1
920.0,:cluster_3208478133_655375293_655375296_9631728504_#1more_1,1
940.0,-300077497#5,27
940.0,-300077497#8,4
940.0,-35274074#2,12
940.0,-360018417,2
940.0,-51362429#1,9
940.0,-51362430,19
940.0,-593847703#3,18
940.0,-594658757#2,10
940.0,-E0,19
940.0,1068234498#0,36
940.0,1068234499#0,1
940.0,1068440001,9
940.0,1068440004#1,27
940.0,1068440006#0,1
940.0,1334904386#0,6
940.0,182334378#0,10
940.0,196961377#0,23
940.0,238526531#0,25
940.0,244450512#1,3
940.0,244450512#5,1
940.0,288878926#0,5
940.0,303647015#0,4
940.0,30620492#0,17
940.0,30620492#1,5
940.0,35274074#0,4
940.0,484988951#0,4
940.0,49073226#2,10
940.0,506322842#0,7
940.0,506322844#0,6
940.0,506322846#2,2
940.0,506322851#0,6
940.0,506322851#2,8
940.0,506322853#0,19
940.0,51362429#0,17
940.0,593844221#0,1
940.0,593847702#0,11
940.0,593847703#0,1
940.0,593849711#2,17
940.0,668037874,4
940.0,:3086736518_0,1
940.0,:3086736518_6,1
940.0,:3208478121_0,1
940.0,:619136999_2,1
940.0,:655375232_2,1
940.0,:655375233_4,1
940.0,:655375233_8,2
940.0,:655375238_2,1
940.0,:655375239_3,1
940.0,:cluster11510670762_4554226152_0,2
940.0,:cluster3086736522_655375108_655375247_655375401_#1more_11,2
940.0,:cluster_2038168688_655375573_25,1
940.0,:cluster_3208478133_655375293_655375296_9631728504_#1more_1,1
960.0,-300077497#5,27
960.0,-300077497#8,4
960.0,-35274074#2,12
960.0,-360018417,5
960.0,-51362429#1,9
960.0,-51362430,19
960.0,-593847703#3,18
960.0,-594658757#2,6
960.0,-E0,19
960.0,1068234498#0,36
960.0,1068234499#0,1
960.0,1068440001,9
960.0,1068440004#1,34
960.0,1334904386#0,6
960.0,182334378#0,9
960.0,196961377#0,20
960.0,232003903#0,1
960.0,238526531#0,25
960.0,244450512#1,3
960.0,260881642#0,3
960.0,288878926#0,3
960.0,300077497#0,1
960.0,303647015#0,7
960.0,30620492#0,18
960.0,30620492#1,5
960.0,484988951#0,4
960.0,49073226#2,10
960.0,49073272#4,2
960.0,506322842#0,5
960.0,506322844#0,6
960.0,506322846#0,4
960.0,506322846#2,2
960.0,506322851#0,6
960.0,506322851#2,8
960.0,506322853#0,19
960.0,51362429#0,17
960.0,51362430,1
960.0,593844221#0,1
960.0,593847702#0,13
960.0,593849711#0,1
960.0,593849711#2,17
960.0,668037874,4
960.0,:3086736518_0,1
960.0,:3086736518_6,1
960.0,:655375232_2,1
960.0,:655375233_4,1
960.0,:655375238_2,1
960.0,:cluster11510670762_4554226152_0,2
960.0,:cluster655375336_end_0_655375336_end_1_655375336_end_10_655375336_end_11_#8more_40,1
960.0,:cluster_2038168688_655375573_25,1
960.0,:cluster_3208478133_655375293_655375296_9631728504_#1more_1,1
980.0,-300077497#5,27
980.0,-300077497#8,4
980.0,-35274074#2,12
980.0,-360018417,5
980.0,-51362429#1,9
980.0,-51362430,19
980.0,-593847703#3,18
980.0,-594658757#2,6
980.0,-E0,19
980.0,1068234498#0,36
980.0,1068234499#0,1
980.0,1068440001,9
980.0,1068440004#1,34
980.0,1334904386#0,7
980.0,182334378#0,9
980.0,186602412#0,3
980.0,196961377#0,25
980.0,232003903#0,1
980.0,238526531#0,25
980.0,244450512#1,2
980.0,260881642#0,3
980.0,30620492#0,18
980.0,30620492#1,5
980.0,484988951#0,3
980.0,49073226#2,10
980.0,506322842#0,5
980.0,506322844#0,6
980.0,506322846#0,1
980.0,506322846#2,2
980.0,506322851#0,6
980.0,506322851#2,8
980.0,506322853#0,19
980.0,51362429#0,8
980.0,593844221#0,1
980.0,593847702#0,13
980.0,593847703#0,7
980.0,593847704#0,1
980.0,593849711#2,17
980.0,668037874,4
980.0,:3086736518_0,2
980.0,:655375232_2,1
980.0,:655375233_0,2
980.0,:655375233_4,1
980.0,:655375238_2,1
980.0,:cluster11510670762_4554226152_0,2
980.0,:cluster619136880_619136881_cluster_4510442270_5296993511_5296993513_619136931_#1more_12,1
980.0,:cluster_2038168688_655375573_25,1
980.0,:cluster_3208478133_655375293_655375296_9631728504_#1more_1,1
980.0,:cluster_3431431575_4777363357_655375231_6982059025_5,1
1000.0,-300077497#5,27
1000.0,-300077497#8,4
1000.0,-35274074#2,12
1000.0,-360018417,1
1000.0,-51362429#1,9
1000.0,-51362430,19
1000.0,-593847703#3,18
1000.0,-594658757#2,6
1000.0,-E0,19
1000.0,1068234498#0,36
1000.0,1068234499#0,1
1000.0,1068440001,9
1000.0,1068440004#1,34
1000.0,1068440006#0,2
1000.0,182334378#0,9
1000.0,186602412#0,1
1000.0,196961377#0,27
1000.0,232003903#0,1
1000.0,238526531#0,25
1000.0,244450512#1,2
1000.0,260881642#0,3
1000.0,263217604#0,1
1000.0,303647015#0,6
1000.0,30620492#0,18
1000.0,30620492#1,5
1000.0,484988951#0,3
1000.0,49073226#2,11
1000.0,49073272#4,3
1000.0,506322842#0,4
1000.0,506322844#0,5
1000.0,506322846#0,1
1000.0,506322846#2,2
1000.0,506322851#0,6
1000.0,506322851#2,8
1000.0,506322853#0,19
1000.0,51362429#0,14
1000.0,593844221#0,1
1000.0,593847702#0,5
1000.0,593847703#0,11
1000.0,593847704#0,1
1000.0,593849711#2,15
1000.0,593849718#0,3
1000.0,668037874,4
1000.0,:3086736518_0,1
1000.0,:3208478121_0,1
1000.0,:655375233_4,1
1000.0,:655375238_2,1
1000.0,:cluster11510670762_4554226152_0,2
1000.0,:cluster3086736522_655375108_655375247_655375401_#1more_8,1
1000.0,:cluster622618015_622618108_622618112_622618144_#2more_31,5
1000.0,:cluster_2038168688_655375573_25,1
1000.0,:cluster_3208478133_655375293_655375296_9631728504_#1more_1,1
1020.0,-300077497#5,26
1020.0,-300077497#8,4
1020.0,-35274074#2,12
1020.0,-51362429#1,9
1020.0,-51362430,19
1020.0,-593847703#3,19
1020.0,-594658757#2,7
1020.0,-E0,19
1020.0,1068234498#0,36
1020.0,1068234499#0,1
1020.0,1068440001,9
1020.0,1068440004#1,34
1020.0,1068440006#0,2
1020.0,1334904386#0,2
1020.0,182334378#0,3
1020.0,196961377#0,27
1020.0,232003903#0,1
1020.0,238526531#0,25
1020.0,244450512#1,3
1020.0,260881642#0,2
1020.0,263217604#0,1
1020.0,288135626#0,1
1020.0,30620492#0,18
1020.0,30620492#1,5
1020.0,484988951#0,4
1020.0,49073226#2,11
1020.0,49073272#4,1
1020.0,506322842#0,4
1020.0,506322844#0,5
1020.0,506322846#2,2
1020.0,506322851#0,6
1020.0,506322851#2,8
1020.0,506322853#0,19
1020.0,51362429#0,14
1020.0,593844221#0,1
1020.0,593847703#0,11
1020.0,593849711#2,15
1020.0,668037874,4
1020.0,:3086736518_0,1
1020.0,:655375233_4,1
1020.0,:655375238_2,1
1020.0,:cluster11510670762_4554226152_0,2
1020.0,:cluster3086736522_655375108_655375247_655375401_#1more_11,1
1020.0,:cluster622618015_622618108_622618112_622618144_#2more_39,1
1020.0,:cluster655375336_end_0_655375336_end_1_655375336_end_10_655375336_end_11_#8more_10,1
1020.0,:cluster655375336_end_0_655375336_end_1_655375336_end_10_655375336_end_11_#8more_12,1
1020.0,:cluster_2038168688_655375573_25,1
1020.0,:cluster_3208478133_655375293_655375296_9631728504_#1more_1,1
1040.0,-300077497#5,26
1040.0,-300077497#8,3
1040.0,-35274074#2,12
1040.0,-360018417,4
1040.0,-51362429#1,8
1040.0,-51362430,19
1040.0,-593847703#3,19
1040.0,-594658757#2,1
1040.0,-E0,19
1040.0,1068234498#0,36
1040.0,1068234499#0,2
1040.0,1068440001,9
1040.0,1068440004#1,27
1040.0,1068440006#0,2
1040.0,1334904386#0,5
1040.0,196961377#0,19
1040.0,238526531#0,25
1040.0,244450512#1,3
1040.0,263217604#0,1
1040.0,288878926#0,4
1040.0,300077497#0,2
1040.0,303647015#0,7
1040.0,30620492#0,18
1040.0,30620492#1,5
1040.0,484988951#0,4
1040.0,49073226#2,6
1040.0,49073272#4,3
1040.0,506322842#0,4
1040.0,506322844#0,5
1040.0,506322846#2,3
1040.0,506322851#0,6
1040.0,506322851#2,8
1040.0,506322853#0,19
1040.0,51362429#0,16
1040.0,51362430,1
1040.0,593844221#0,1
1040.0,593847703#0,7
1040.0,593849711#2,15
1040.0,668037874,4
1040.0,:3086736518_0,1
1040.0,:619136999_2,1
1040.0,:655375233_4,1
1040.0,:655375233_8,7
1040.0,:655375238_2,1
1040.0,:655375238_5,1
1040.0,:cluster11510670762_4554226152_0,2
1040.0,:cluster_2038168688_655375573_25,1
1040.0,:cluster_2528018119_655375236_3,2
1040.0,:cluster_3208478133_655375293_655375296_9631728504_#1more_1,1
1040.0,:cluster_3431431575_4777363357_655375231_6982059025_3,1
1040.0,:cluster_623980147_623980152_9,1
1060.0,-300077497#5,25
1060.0,-300077497#8,4
1060.0,-35274074#2,11
1060.0,-360018417,5
1060.0,-51362429#1,1
1060.0,-51362430,19
1060.0,-593847703#3,19
1060.0,-593847704#2,1
1060.0,-594658757#2,1
1060.0,-E0,18
1060.0,1068234498#0,36
1060.0,1068234499#0,2
1060.0,1068440001,9
1060.0,1068440004#1,33
1060.0,1334904386#0,5
1060.0,196961377#0,21
1060.0,238526531#0,25
1060.0,244450512#1,3
1060.0,288878926#0,5
1060.0,300077497#0,10
1060.0,30620492#0,17
1060.0,30620492#1,5
1060.0,484988951#0,4
1060.0,49073226#2,4
1060.0,506322842#0,4
1060.0,506322844#0,5
1060.0,506322846#2,2
1060.0,506322851#0,6
1060.0,506322851#2,8
1060.0,506322853#0,18
1060.0,51362429#0,17
1060.0,593844221#0,1
1060.0,593849711#0,1
1060.0,593849711#2,15
1060.0,594658760#0,1
1060.0,668037874,3
1060.0,:3086736518_0,1
1060.0,:3086736518_6,1
1060.0,:655375233_4,1
1060.0,:655375233_8,7
1060.0,:655375238_1,1
1060.0,:655375238_5,1
1060.0,:cluster11510670762_4554226152_0,2
1060.0,:cluster619136880_619136881_cluster_4510442270_5296993511_5296993513_619136931_#1more_12,1
1060.0,:cluster619136880_619136881_cluster_4510442270_5296993511_5296993513_619136931_#1more_8,1
1060.0,:cluster622618015_622618108_622618112_622618144_#2more_0,1
1060.0,:cluster655375336_end_0_655375336_end_1_655375336_end_10_655375336_end_11_#8more_31,1
1060.0,:cluster655375336_end_0_655375336_end_1_655375336_end_10_655375336_end_11_#8more_34,1
1060.0,:cluster_2038168688_655375573_25,1
1060.0,:cluster_2528018119_655375236_17,2
1060.0,:cluster_3208478133_655375293_655375296_9631728504_#1more_1,1
1060.0,:cluster_3431431575_4777363357_655375231_6982059025_3,3
1060.0,:cluster_623980147_623980152_4,1
1060.0,:cluster_9383263990_9383263991_9383263992_9383263993_13,1
1080.0,-300077497#5,21
1080.0,-300077497#8,4
1080.0,-35274074#2,12
1080.0,-360018417,5
1080.0,-51362430,19
1080.0,-593847703#3,24
1080.0,-594658757#2,1
1080.0,-E0,18
1080.0,1068234498#0,36
1080.0,1068234499#0,2
1080.0,1068440001,9
1080.0,1068440004#1,33
1080.0,1334904386#0,5
1080.0,196961377#0,25
1080.0,238526531#0,24
1080.0,244450512#1,3
1080.0,288878926#0,10
1080.0,300077497#0,10
1080.0,30620492#0,18
1080.0,30620492#1,5
1080.0,484988951#0,4
1080.0,49073226#2,2
1080.0,49695736#0,1
1080.0,506322842#0,4
1080.0,506322844#0,5
1080.0,506322851#0,6
1080.0,506322851#2,8
1080.0,506322853#0,18
1080.0,51362429#0,13
1080.0,51362430,1
1080.0,593844216#0,1
1080.0,593844221#0,1
1080.0,593849711#2,15
1080.0,668037874,4
1080.0,:3086736518_0,1
1080.0,:3086736518_6,1
1080.0,:655375232_2,3
1080.0,:655375233_0,1
1080.0,:655375233_4,1
1080.0,:655375233_8,7
1080.0,:655375238_1,1
1080.0,:655375238_5,1
1080.0,:cluster11510670762_4554226152_0,2
1080.0,:cluster655375336_end_0_655375336_end_1_655375336_end_10_655375336_end_11_#8more_30,1
1080.0,:cluster655375336_end_0_655375336_end_1_655375336_end_10_655375336_end_11_#8more_6,1
1080.0,:cluster_9383263990_9383263991_9383263992_9383263993_13,1
1100.0,-300077497#5,26
1100.0,-300077497#8,2
1100.0,-35274074#2,12
1100.0,-51362429#1,2
1100.0,-51362430,19
1100.0,-593847703#3,27
1100.0,-594658757#2,1
1100.0,-E0,19
1100.0,1068234498#0,36
1100.0,1068440001,9
1100.0,1068440004#1,33
1100.0,196961377#0,28
1100.0,238526531#0,24
1100.0,244450512#1,3
1100.0,288878926#0,12
1100.0,300077497#0,10
1100.0,303647015#0,4
1100.0,30620492#0,18
1100.0,30620492#1,5
1100.0,484988951#0,3
1100.0,49073272#4,5
1100.0,506322842#0,4
1100.0,506322844#0,2
1100.0,506322851#0,5
1100.0,506322851#2,8
1100.0,506322853#0,19
1100.0,51362429#0,13
1100.0,51362430,1
1100.0,593844216#0,1
1100.0,593844221#0,1
1100.0,593849711#2,12
1100.0,668037874,5
1100.0,:3086736518_0,1
1100.0,:3086736518_6,1
1100.0,:655375232_11,1
1100.0,:655375232_2,2
1100.0,:655375233_0,2
1100.0,:655375233_4,1
1100.0,:655375233_8,7
1100.0,:655375238_1,1
1100.0,:655375238_5,1
1100.0,:655375239_5,2
1100.0,:cluster11510670762_4554226152_0,2
1100.0,:cluster_3431431575_4777363357_655375231_6982059025_5,1
1120.0,-300077497#5,27
1120.0,-300077497#8,4
1120.0,-35274074#2,12
1120.0,-360018417,2
1120.0,-51362430,19
1120.0,-593847703#3,26
1120.0,-E0,19
1120.0,1068234498#0,35
1120.0,1068440001,9
1120.0,1068440004#1,33
1120.0,196961377#0,23
1120.0,196961377#3,1
1120.0,238526531#0,25
1120.0,244450512#1,3
1120.0,263217604#0,1
1120.0,288878926#0,12
1120.0,300077497#0,4
1120.0,300077497#6,1
1120.0,303647015#0,1
1120.0,30620492#0,18
1120.0,30620492#1,5
1120.0,35274074#0,6
1120.0,484988951#0,4
1120.0,49073226#2,4
1120.0,49073272#4,1
1120.0,506322842#0,4
1120.0,506322844#0,5
1120.0,506322851#0,5
1120.0,506322851#2,8
1120.0,506322853#0,19
1120.0,51362429#0,15
1120.0,593844216#0,1
1120.0,593844221#0,1
1120.0,593849711#2,14
1120.0,668037874,5
1120.0,:3086736518_0,1
1120.0,:3086736518_6,1
1120.0,:619136999_2,1
1120.0,:655375232_2,2
1120.0,:655375233_0,2
1120.0,:655375233_4,3
1120.0,:655375233_8,7
1120.0,:655375238_1,1
1120.0,:cluster11510670762_4554226152_0,2
1120.0,:cluster_3431431575_4777363357_655375231_6982059025_3,1
1140.0,-300077497#5,23
1140.0,-300077497#8,4
1140.0,-35274074#2,12
1140.0,-360018417,5
1140.0,-51362430,19
1140.0,-593847703#3,29
1140.0,-593847704#2,1
1140.0,-E0,19
1140.0,1068234498#0,34
1140.0,1068440001,9
1140.0,1068440004#1,33
1140.0,182334378#0,1
1140.0,196961377#0,20
1140.0,238526531#0,26
1140.0,244450512#1,3
1140.0,260881642#0,4
1140.0,288878926#0,10
1140.0,30620492#0,18
1140.0,30620492#1,5
1140.0,35274074#0,1
1140.0,484988951#0,4
1140.0,49073226#2,6
1140.0,506322842#0,4
1140.0,506322844#0,5
1140.0,506322846#0,6
1140.0,506322851#0,5
1140.0,506322851#2,8
1140.0,506322853#0,19
1140.0,51362429#0,17
1140.0,593844216#0,1
1140.0,593844221#0,1
1140.0,593849711#0,1
1140.0,593849711#2,16
1140.0,594658760#0,1
1140.0,668037874,5
1140.0,:3086736518_0,1
1140.0,:3086736518_6,1
1140.0,:655375232_2,2
1140.0,:655375233_0,2
1140.0,:655375233_4,3
1140.0,:655375233_8,7
1140.0,:cluster11510670762_4554226152_0,1
1140.0,:cluster622618015_622618108_622618112_622618144_#2more_26,1
1140.0,:cluster_2038168688_655375573_23,1
1140.0,:cluster_2038168688_655375573_24,1
1140.0,:cluster_2038168688_655375573_3,1
1140.0,:cluster_2038168688_655375573_6,1
1140.0,:cluster_3208478133_655375293_655375296_9631728504_#1more_8,1
1160.0,-300077497#5,22
1160.0,-300077497#8,1
1160.0,-35274074#2,12
1160.0,-360018417,5
1160.0,-51362430,18
1160.0,-593847703#3,31
1160.0,-593847704#2,3
1160.0,-E0,19
1160.0,1068234498#0,33
1160.0,1068234499#0,1
1160.0,1068440001,9
1160.0,1068440004#1,33
1160.0,186602412#0,4
1160.0,196961377#0,25
1160.0,232003903#0,1
1160.0,238526531#0,27
1160.0,244450512#1,3
1160.0,260881642#0,3
1160.0,288135626#0,1
1160.0,288878926#0,3
1160.0,30620492#0,18
1160.0,30620492#1,5
1160.0,484988951#0,4
1160.0,49073226#2,6
1160.0,506322842#0,4
1160.0,506322844#0,5
1160.0,506322846#0,5
1160.0,506322851#0,5
1160.0,506322851#2,8
1160.0,506322853#0,19
1160.0,51362429#0,17
1160.0,593842812#2,1
1160.0,593844221#0,1
1160.0,593849711#2,18
1160.0,594658760#0,1
1160.0,668037874,4
1160.0,:3086736518_0,1
1160.0,:3086736518_6,1
1160.0,:655375232_2,2
1160.0,:655375233_0,2
1160.0,:655375233_4,3
1160.0,:655375233_8,7
1160.0,:655375238_5,2
1160.0,:cluster11510670762_4554226152_0,2
1160.0,:cluster619136880_619136881_cluster_4510442270_5296993511_5296993513_619136931_#1more_12,1
1160.0,:cluster622618015_622618108_622618112_622618144_#2more_49,1
1160.0,:cluster_3208478133_655375293_655375296_9631728504_#1more_8,1
1180.0,-300077497#5,25
1180.0,-300077497#8,2
1180.0,-35274074#2,11
1180.0,-360018417,1
1180.0,-51362430,19
1180.0,-593847703#3,31
1180.0,-E0,19
1180.0,1068234498#0,34
1180.0,1068440001,9
1180.0,1068440004#1,33
1180.0,186602412#0,3
1180.0,196961377#0,27
1180.0,232003903#0,1
1180.0,238526531#0,26
1180.0,244450512#1,3
1180.0,260881642#0,3
1180.0,288878926#0,3
1180.0,300077497#0,2
1180.0,30620492#0,18
1180.0,30620492#1,5
1180.0,484988951#0,4
1180.0,49073226#2,6
1180.0,49073272#4,3
1180.0,506322842#0,4
1180.0,506322844#0,2
1180.0,506322851#0,5
1180.0,506322851#2,8
1180.0,506322853#0,19
1180.0,51362429#0,17
1180.0,593842812#2,1
1180.0,593844221#0,1
1180.0,593849711#2,18
1180.0,594658760#0,1
1180.0,668037874,4
1180.0,:3086736518_0,1
1180.0,:3086736518_6,1
1180.0,:3208478121_0,1
1180.0,:655375232_2,2
1180.0,:655375233_0,2
1180.0,:655375233_4,3
1180.0,:655375233_8,7
1180.0,:655375238_2,1
1180.0,:655375238_5,1
1180.0,:655375239_5,1
1180.0,:cluster11510670762_4554226152_0,2
1180.0,:cluster_3208478133_655375293_655375296_9631728504_#1more_8,1
1180.0,:cluster_9383263990_9383263991_9383263992_9383263993_7,1
1200.0,-300077497#5,27
1200.0,-300077497#8,4
1200.0,-35274074#2,12
1200.0,-51362429#1,1
1200.0,-51362430,19
1200.0,-593847703#3,31
1200.0,-E0,19
1200.0,1068234498#0,36
1200.0,1068440001,9
1200.0,1068440004#1,33
1200.0,196961377#0,27
1200.0,232003903#0,1
1200.0,238526531#0,25
1200.0,244450512#1,3
1200.0,260881642#0,2
1200.0,263217604#0,1
1200.0,288878926#0,3
1200.0,300077497#0,1
1200.0,300077497#6,1
1200.0,30620492#0,18
1200.0,30620492#1,5
1200.0,484988951#0,4
1200.0,49073226#2,6
1200.0,49073272#4,1
1200.0,506322842#0,3
1200.0,506322844#0,5
1200.0,506322851#0,5
1200.0,506322851#2,8
1200.0,506322853#0,19
1200.0,51362429#0,17
1200.0,593842812#2,1
1200.0,593844221#0,1
1200.0,593849711#2,14
1200.0,594658760#0,1
1200.0,668037874,4
1200.0,:3086736518_0,1
1200.0,:3086736518_6,1
1200.0,:655375232_11,1
1200.0,:655375232_2,2
1200.0,:655375232_6,2
1200.0,:655375233_0,2
1200.0,:655375233_4,3
1200.0,:655375233_8,7
1200.0,:655375238_5,1
1200.0,:cluster11510670762_4554226152_0,2
1200.0,:cluster_2038168688_655375573_30,1
1200.0,:cluster_3208478133_655375293_655375296_9631728504_#1more_8,1
1220.0,-300077497#5,24
1220.0,-300077497#8,4
1220.0,-35274074#2,11
1220.0,-360018417,5
1220.0,-51362429#1,3
1220.0,-51362430,19
1220.0,-593847703#3,28
1220.0,-E0,19
1220.0,1068234498#0,37
1220.0,1068440001,9
1220.0,1068440004#1,33
1220.0,1068440006#0,3
1220.0,196961377#0,20
1220.0,238526531#0,25
1220.0,244450512#1,3
1220.0,263217604#0,1
1220.0,288878926#0,3
1220.0,30620492#0,18
1220.0,30620492#1,5
1220.0,484988951#0,4
1220.0,49073226#2,8
1220.0,49073272#4,2
1220.0,506322842#0,3
1220.0,506322844#0,5
1220.0,506322851#0,5
1220.0,506322851#2,8
1220.0,506322853#0,19
1220.0,51362429#0,17
1220.0,51362430,1
1220.0,593842812#2,1
1220.0,593844221#0,1
1220.0,593847702#0,1
1220.0,593849711#2,14
1220.0,594658760#0,1
1220.0,668037874,4
1220.0,:3086736518_0,1
1220.0,:3086736518_6,1
1220.0,:655375232_2,2
1220.0,:655375232_8,1
1220.0,:655375233_0,2
1220.0,:655375233_2,2
1220.0,:655375233_4,2
1220.0,:655375233_8,7
1220.0,:655375238_3,1
1220.0,:655375238_5,1
1220.0,:cluster11510670762_4554226152_0,2
1220.0,:cluster_2038168688_655375573_30,1
1220.0,:cluster_2528018119_655375236_17,1
1220.0,:cluster_3208478133_655375293_655375296_9631728504_#1more_8,1
1240.0,-300077497#5,20
1240.0,-300077497#8,4
1240.0,-35274074#2,11
1240.0,-360018417,5
1240.0,-51362429#1,6
1240.0,-51362430,19
1240.0,-593847703#3,30
1240.0,-E0,19
1240.0,1068234498#0,36
1240.0,1068440001,9
1240.0,1068440004#1,29
1240.0,1068440006#0,3
1240.0,196961377#0,22
1240.0,238526531#0,26
1240.0,244450512#1,3
1240.0,30620492#0,18
1240.0,30620492#1,5
1240.0,484988951#0,5
1240.0,49073226#2,8
1240.0,506322842#0,3
1240.0,506322844#0,5
1240.0,506322851#0,5
1240.0,506322851#2,8
1240.0,506322853#0,19
1240.0,51362429#0,17
1240.0,593842812#2,1
1240.0,593844221#0,1
1240.0,593847702#0,11
1240.0,593847703#0,2
1240.0,593849711#2,15
1240.0,594658760#0,2
1240.0,668037874,3
1240.0,:3086736518_0,1
1240.0,:3086736518_6,1
1240.0,:655375232_2,2
1240.0,:655375233_8,3
1240.0,:655375238_3,1
1240.0,:655375238_5,1
1240.0,:cluster11510670762_4554226152_0,2
1240.0,:cluster619136880_619136881_cluster_4510442270_5296993511_5296993513_619136931_#1more_12,1
1240.0,:cluster619136880_619136881_cluster_4510442270_5296993511_5296993513_619136931_#1more_8,1
1240.0,:cluster_2038168688_655375573_30,1
1240.0,:cluster_2528018119_655375236_17,2
1240.0,:cluster_3208478133_655375293_655375296_9631728504_#1more_10,1
1240.0,:cluster_3208478133_655375293_655375296_9631728504_#1more_8,1
1260.0,-300077497#5,24
1260.0,-35274074#2,11
1260.0,-360018417,5
1260.0,-51362429#1,6
1260.0,-51362430,19
1260.0,-593847703#3,33
1260.0,-E0,19
1260.0,1068234498#0,37
1260.0,1068440001,9
1260.0,1068440004#1,26
1260.0,1068440006#0,1
1260.0,196961377#0,26
1260.0,232003903#0,2
1260.0,238526531#0,26
1260.0,244450512#1,3
1260.0,300077497#0,2
1260.0,30620492#0,18
1260.0,30620492#1,5
1260.0,484988951#0,5
1260.0,49073226#2,8
1260.0,506322842#0,3
1260.0,506322844#0,5
1260.0,506322851#0,5
1260.0,506322851#2,8
1260.0,506322853#0,19
1260.0,51362429#0,17
1260.0,51362430,1
1260.0,593842812#2,1
1260.0,593844221#0,1
1260.0,593847702#0,20
1260.0,593849711#2,16
1260.0,594658760#0,2
1260.0,668037874,4
1260.0,:3086736518_0,1
1260.0,:3086736518_6,1
1260.0,:655375232_2,2
1260.0,:655375238_3,1
1260.0,:655375238_5,1
1260.0,:cluster11510670762_4554226152_0,2
1260.0,:cluster_2038168688_655375573_30,1
1260.0,:cluster_3208478133_655375293_655375296_9631728504_#1more_8,1
1280.0,-300077497#5,27
1280.0,-300077497#8,4
1280.0,-35274074#2,12
1280.0,-49073264#1,1
1280.0,-51362429#1,6
1280.0,-51362430,19
1280.0,-593847703#3,33
1280.0,-E0,19
1280.0,1068234498#0,38
1280.0,1068440001,9
1280.0,1068440004#1,33
1280.0,1068440006#0,1
1280.0,196961377#0,27
1280.0,238526531#0,25
1280.0,244450512#1,3
1280.0,288878926#0,6
1280.0,300077497#6,1
1280.0,30620492#0,18
1280.0,30620492#1,5
1280.0,35274074#0,1
1280.0,484988951#0,5
1280.0,49073226#2,1
1280.0,49073272#4,4
1280.0,506322842#0,3
1280.0,506322844#0,4
1280.0,506322851#0,5
1280.0,506322851#2,8
1280.0,506322853#0,19
1280.0,51362429#0,15
1280.0,51362430,3
1280.0,593842812#2,1
1280.0,593844221#0,1
1280.0,593847702#0,2
1280.0,593849711#2,16
1280.0,593849718#0,9
1280.0,594658760#0,2
1280.0,668037874,4
1280.0,:3086736518_0,1
1280.0,:3086736518_6,1
1280.0,:655375232_2,3
1280.0,:655375233_0,1
1280.0,:655375238_1,1
1280.0,:cluster11510670762_4554226152_0,2
1280.0,:cluster622618015_622618108_622618112_622618144_#2more_31,5
1280.0,:cluster_2038168688_655375573_8,1
1280.0,:cluster_3208478133_655375293_655375296_9631728504_#1more_8,1
1280.0,:cluster_623980147_623980152_9,1
1300.0,-300077497#5,27
1300.0,-300077497#8,4
1300.0,-35274074#2,11
1300.0,-360018417,2
1300.0,-51362430,19
1300.0,-593847703#3,33
1300.0,-E0,19
1300.0,1068234498#0,38
1300.0,1068440001,9
1300.0,1068440004#1,33
1300.0,1068440006#0,1
1300.0,196961377#0,23
1300.0,238526531#0,24
1300.0,244450512#1,3
1300.0,288878926#0,9
1300.0,30620492#0,18
1300.0,30620492#1,5
1300.0,35274074#0,2
1300.0,484988951#0,3
1300.0,49073226#2,3
1300.0,49073272#4,1
1300.0,506322842#0,2
1300.0,506322844#0,5
1300.0,506322851#0,5
1300.0,506322851#2,8
1300.0,506322853#0,19
1300.0,51362429#0,13
1300.0,51362430,1
1300.0,593842812#2,1
1300.0,593844221#0,1
1300.0,593847703#0,8
1300.0,593847704#0,1
1300.0,593849711#2,16
1300.0,594658760#0,2
1300.0,668037874,4
1300.0,:3086736518_0,2
1300.0,:619136999_2,1
1300.0,:cluster11510670762_4554226152_0,2
1300.0,:cluster_2038168688_655375573_30,1
1300.0,:cluster_2038168688_655375573_8,1
1300.0,:cluster_3208478133_655375293_655375296_9631728504_#1more_8,1
1300.0,:cluster_3431431575_4777363357_655375231_6982059025_3,1
1300.0,:cluster_3431431575_4777363357_655375231_6982059025_5,1
1300.0,:cluster_623980147_623980152_4,1
1320.0,-300077497#5,26
1320.0,-300077497#8,4
1320.0,-35274074#2,12
1320.0,-360018417,5
1320.0,-51362430,19
1320.0,-593847703#3,31
1320.0,-593847704#2,1
1320.0,-E0,19
1320.0,1068234498#0,35
1320.0,1068440001,9
1320.0,1068440004#1,33
1320.0,1068440006#0,2
1320.0,196961377#0,20
1320.0,238526531#0,25
1320.0,244450512#1,3
1320.0,260881642#0,3
1320.0,288878926#0,11
1320.0,300077497#0,6
1320.0,30620492#0,18
1320.0,30620492#1,5
1320.0,484988951#0,3
1320.0,49073226#2,6
1320.0,506322842#0,2
1320.0,506322844#0,5
1320.0,506322846#0,1
1320.0,506322851#0,5
1320.0,506322851#2,8
1320.0,506322853#0,19
1320.0,51362429#0,16
1320.0,593842812#2,1
1320.0,593844221#0,1
1320.0,593847704#0,1
1320.0,593849711#2,12
1320.0,594658760#0,2
1320.0,668037874,4
1320.0,:3086736518_0,2
1320.0,:3086736518_4,1
1320.0,:655375233_2,1
1320.0,:655375233_4,1
1320.0,:cluster11510670762_4554226152_0,2
1320.0,:cluster622618015_622618108_622618112_622618144_#2more_2,1
1320.0,:cluster_2038168688_655375573_30,1
1320.0,:cluster_2038168688_655375573_6,1
1320.0,:cluster_3208478133_655375293_655375296_9631728504_#1more_8,1
1320.0,:cluster_3431431575_4777363357_655375231_6982059025_3,1
1320.0,:cluster_3431431575_4777363357_655375231_6982059025_5,1
1320.0,:cluster_5372642442_631668976_631668981_631669076_26,1
1320.0,:cluster_5372642442_631668976_631668981_631669076_45,1
1340.0,-300077497#5,27
1340.0,-300077497#8,3
1340.0,-35274074#2,12
1340.0,-360018417,5
1340.0,-51362429#1,6
1340.0,-51362430,19
1340.0,-593847703#3,26
1340.0,-593847704#2,4
1340.0,-E0,19
1340.0,1068234498#0,34
1340.0,1068440001,9
1340.0,1068440004#1,31
1340.0,1068440006#0,1
1340.0,196961377#0,26
1340.0,232003903#0,1
1340.0,238526531#0,28
1340.0,244450512#1,2
1340.0,260881642#0,3
1340.0,288878926#0,4
1340.0,300077497#0,3
1340.0,30620492#0,18
1340.0,30620492#1,5
1340.0,35274074#0,1
1340.0,484988951#0,4
1340.0,49073226#2,7
1340.0,506322842#0,2
1340.0,506322844#0,5
1340.0,506322846#0,1
1340.0,506322851#0,5
1340.0,506322851#2,8
1340.0,506322853#0,19
1340.0,51362429#0,17
1340.0,593842812#2,1
1340.0,593844221#0,1
1340.0,593847702#0,1
1340.0,593847704#0,1
1340.0,593849711#2,15
1340.0,594658760#0,2
1340.0,668037874,4
1340.0,:3086736518_0,2
1340.0,:655375233_8,2
1340.0,:655375238_6,1
1340.0,:cluster11510670762_4554226152_0,2
1340.0,:cluster_2038168688_655375573_30,1
1340.0,:cluster_2038168688_655375573_6,1
1340.0,:cluster_3208478133_655375293_655375296_9631728504_#1more_8,1
1360.0,-300077497#5,27
1360.0,-300077497#8,4
1360.0,-35274074#2,12
1360.0,-360018417,1
1360.0,-51362429#1,6
1360.0,-51362430,19
1360.0,-593847703#3,26
1360.0,-E0,19
1360.0,1068234498#0,34
1360.0,1068440001,9
1360.0,1068440004#1,24
1360.0,186602412#0,1
1360.0,196961377#0,27
1360.0,232003903#0,2
1360.0,238526531#0,26
1360.0,244450512#1,3
1360.0,260881642#0,4
1360.0,288878926#0,4
1360.0,30620492#0,17
1360.0,30620492#1,5
1360.0,35274074#0,3
1360.0,484988951#0,4
1360.0,49073226#2,7
1360.0,49073264#0,1
1360.0,49073272#4,3
1360.0,506322842#0,2
1360.0,506322844#0,5
1360.0,506322846#0,1
1360.0,506322848#0,1
1360.0,506322851#0,5
1360.0,506322851#2,8
1360.0,506322853#0,19
1360.0,51362429#0,17
1360.0,593842812#2,1
1360.0,593844221#0,1
1360.0,593847702#0,6
1360.0,593847704#0,1
1360.0,593849711#2,17
1360.0,594658760#0,2
1360.0,668037874,4
1360.0,:1973482489_3,1
1360.0,:3086736518_0,2
1360.0,:3208478121_0,1
1360.0,:cluster11510670762_4554226152_0,2
1360.0,:cluster622618015_622618108_622618112_622618144_#2more_31,4
1360.0,:cluster_2038168688_655375573_30,1
1360.0,:cluster_2038168688_655375573_6,1
1360.0,:cluster_3208478133_655375293_655375296_9631728504_#1more_8,1
1360.0,:cluster_9383263990_9383263991_9383263992_9383263993_7,1
1380.0,-1334905223#2,1
1380.0,-300077497#5,27
1380.0,-300077497#8,4
1380.0,-35274074#2,12
1380.0,-51362429#1,6
1380.0,-51362430,19
1380.0,-593847703#3,26
1380.0,-E0,18
1380.0,1068234498#0,34
1380.0,1068440001,9
1380.0,1068440004#1,31
1380.0,186602412#0,1
1380.0,196961377#0,28
1380.0,232003903#0,2
1380.0,238526531#0,26
1380.0,244450512#1,3
1380.0,260881642#0,2
1380.0,288878926#0,4
1380.0,30620492#0,18
1380.0,30620492#1,5
1380.0,35274074#0,3
1380.0,484988951#0,4
1380.0,49073226#2,7
1380.0,49073272#4,1
1380.0,506322842#0,2
1380.0,506322844#0,5
1380.0,506322851#0,5
1380.0,506322851#2,8
1380.0,506322853#0,18
1380.0,51362429#0,17
1380.0,593842812#2,1
1380.0,593844221#0,1
1380.0,593849711#2,18
1380.0,594658760#0,2
1380.0,668037874,4
1380.0,:3086736518_0,2
1380.0,:3086736518_6,1
1380.0,:cluster11510670762_4554226152_0,2
1380.0,:cluster622618015_622618108_622618112_622618144_#2more_17,1
1380.0,:cluster622618015_622618108_622618112_622618144_#2more_39,1
1380.0,:cluster_2038168688_655375573_30,1
1380.0,:cluster_2038168688_655375573_6,1
1380.0,:cluster_3208478133_655375293_655375296_9631728504_#1more_8,1
1400.0,-300077497#5,25
1400.0,-300077497#8,4
1400.0,-35274074#2,12
1400.0,-360018417,5
1400.0,-51362429#1,6
1400.0,-51362430,19
1400.0,-593847703#3,27
1400.0,-E0,19
1400.0,1068234498#0,34
1400.0,1068440001,9
1400.0,1068440004#1,34
1400.0,182334378#0,1
1400.0,196961377#0,20
1400.0,196961377#3,1
1400.0,238526531#0,26
1400.0,244450512#1,3
1400.0,288878926#0,4
1400.0,300077497#0,1
1400.0,30620492#0,18
1400.0,30620492#1,5
1400.0,484988951#0,3
1400.0,49073226#2,7
1400.0,49073272#4,2
1400.0,49695736#0,1
1400.0,506322842#0,2
1400.0,506322844#0,5
1400.0,506322851#0,4
1400.0,506322851#2,8
1400.0,506322853#0,19
1400.0,51362429#0,13
1400.0,51362430,2
1400.0,593847703#0,6
1400.0,593849711#2,18
1400.0,594658760#0,2
1400.0,668037874,4
1400.0,:3086736518_0,1
1400.0,:3086736518_6,1
1400.0,:655375233_0,2
1400.0,:cluster11510670762_4554226152_0,2
1400.0,:cluster_2038168688_655375573_23,1
1400.0,:cluster_2038168688_655375573_3,1
1400.0,:cluster_2038168688_655375573_30,1
1400.0,:cluster_2038168688_655375573_6,2
1400.0,:cluster_2528018119_655375236_17,1
1400.0,:cluster_2528018119_655375236_3,1
1420.0,-300077497#5,23
1420.0,-300077497#8,4
1420.0,-35274074#2,12
1420.0,-360018417,5
1420.0,-51362429#1,9
1420.0,-51362430,19
1420.0,-593847703#3,27
1420.0,-E0,19
1420.0,1068234498#0,35
1420.0,1068440001,9
1420.0,1068440004#1,34
1420.0,1068440006#0,3
1420.0,182334378#0,1
1420.0,186602412#0,2
1420.0,196961377#0,22
1420.0,238526531#0,26
1420.0,244450512#1,3
1420.0,300077497#0,5
1420.0,30620492#0,18
1420.0,30620492#1,5
1420.0,484988951#0,4
1420.0,49073226#2,7
1420.0,49695736#0,1
1420.0,506322842#0,2
1420.0,506322844#0,5
1420.0,506322851#0,4
1420.0,506322851#2,8
1420.0,506322853#0,19
1420.0,51362429#0,15
1420.0,593849711#2,12
1420.0,594658760#0,2
1420.0,668037874,3
1420.0,:3086736518_0,1
1420.0,:3086736518_6,1
1420.0,:655375233_4,1
1420.0,:655375238_1,1
1420.0,:cluster11510670762_4554226152_0,2
1420.0,:cluster619136880_619136881_cluster_4510442270_5296993511_5296993513_619136931_#1more_12,1
1420.0,:cluster619136880_619136881_cluster_4510442270_5296993511_5296993513_619136931_#1more_8,1
1420.0,:cluster622618015_622618108_622618112_622618144_#2more_49,1
1420.0,:cluster_2038168688_655375573_3,1
1420.0,:cluster_2038168688_655375573_30,1
1420.0,:cluster_2038168688_655375573_6,2
1420.0,:cluster_2528018119_655375236_19,1
1420.0,:cluster_2528018119_655375236_31,1
1440.0,-300077497#5,26
1440.0,-300077497#8,1
1440.0,-35274074#2,12
1440.0,-360018417,5
1440.0,-51362429#1,9
1440.0,-51362430,19
1440.0,-593847703#3,26
1440.0,-E0,19
1440.0,1068234498#0,36
1440.0,1068440001,9
1440.0,1068440004#1,34
1440.0,1068440006#0,2
1440.0,182334378#0,3
1440.0,186602412#0,1
1440.0,196961377#0,26
1440.0,238526531#0,26
1440.0,244450512#1,3
1440.0,300077497#0,3
1440.0,30620492#0,18
1440.0,30620492#1,5
1440.0,35274074#0,1
1440.0,484988951#0,4
1440.0,49073226#2,7
1440.0,49695736#0,1
1440.0,506322842#0,2
1440.0,506322844#0,5
1440.0,506322846#0,1
1440.0,506322851#0,4
1440.0,506322851#2,8
1440.0,506322853#0,19
1440.0,51362429#0,16
1440.0,593849711#2,15
1440.0,594658760#0,2
1440.0,668037874,1
1440.0,:3086736518_0,1
1440.0,:3086736518_6,1
1440.0,:655375233_4,2
1440.0,:655375238_1,1
1440.0,:cluster11510670762_4554226152_0,2
1440.0,:cluster655375336_end_0_655375336_end_1_655375336_end_10_655375336_end_11_#8more_31,1
1440.0,:cluster_2038168688_655375573_30,1
1440.0,:cluster_2038168688_655375573_6,2
1460.0,-300077497#5,27
1460.0,-300077497#8,4
1460.0,-35274074#2,12
1460.0,-51362429#1,9
1460.0,-51362430,17
1460.0,-593847703#3,26
1460.0,-E0,19
1460.0,1068234498#0,36
1460.0,1068440001,7
1460.0,1068440004#1,28
1460.0,1068440006#0,1
1460.0,1239087513,1
1460.0,182334378#0,3
1460.0,186602412#0,1
1460.0,196961377#0,27
1460.0,238526531#0,26
1460.0,244450512#1,3
1460.0,263217604#0,1
1460.0,300077497#0,1
1460.0,30620492#0,18
1460.0,30620492#1,5
1460.0,35274074#0,5
1460.0,484988951#0,4
1460.0,49073226#2,7
1460.0,49073272#4,4
1460.0,49695736#0,1
1460.0,506322842#0,2
1460.0,506322844#0,5
1460.0,506322851#0,4
1460.0,506322851#2,8
1460.0,506322853#0,19
1460.0,51362429#0,17
1460.0,51362430,2
1460.0,593849711#2,16
1460.0,594658760#0,1
1460.0,:3086736518_0,1
1460.0,:3086736518_6,1
1460.0,:655375233_4,2
1460.0,:655375233_8,6
1460.0,:cluster11510670762_4554226152_0,1
1460.0,:cluster655375336_end_0_655375336_end_1_655375336_end_10_655375336_end_11_#8more_25,2
1460.0,:cluster_2038168688_655375573_30,1
1460.0,:cluster_2038168688_655375573_6,2
1480.0,-300077497#5,27
1480.0,-300077497#8,4
1480.0,-35274074#2,12
1480.0,-360018417,2
1480.0,-51362429#1,9
1480.0,-51362430,16
1480.0,-593847703#3,26
1480.0,-E0,19
1480.0,1068234498#0,36
1480.0,1068440001,9
1480.0,1068440004#1,33
1480.0,1068440006#0,1
1480.0,1239087513,1
1480.0,182334378#0,3
1480.0,196961377#0,23
1480.0,238526531#0,26
1480.0,244450512#1,3
1480.0,263217604#0,2
1480.0,300077497#0,3
1480.0,30620492#0,18
1480.0,30620492#1,5
1480.0,35274074#0,6
1480.0,484988951#0,5
1480.0,49073226#2,7
1480.0,49073272#4,1
1480.0,506322842#0,2
1480.0,506322844#0,6
1480.0,506322851#0,4
1480.0,506322851#2,8
1480.0,506322853#0,16
1480.0,51362429#0,17
1480.0,51362430,1
1480.0,593849711#2,16
1480.0,594658760#0,1
1480.0,668037874,2
1480.0,:3086736518_0,1
1480.0,:3086736518_6,1
1480.0,:619136999_2,1
1480.0,:655375233_4,2
1480.0,:655375233_8,6
1480.0,:cluster11510670762_4554226152_0,1
1480.0,:cluster619136880_619136881_cluster_4510442270_5296993511_5296993513_619136931_#1more_12,1
1480.0,:cluster_2038168688_655375573_30,1
1480.0,:cluster_2038168688_655375573_6,2
1500.0,-300077497#5,27
1500.0,-300077497#8,4
1500.0,-35274074#2,12
1500.0,-360018417,5
1500.0,-51362429#1,9
1500.0,-51362430,17
1500.0,-593847703#3,26
1500.0,-E0,19
1500.0,1068234498#0,36
1500.0,1068440001,4
1500.0,1068440004#1,33
1500.0,1068440006#0,1
1500.0,182334378#0,3
1500.0,196961377#0,20
1500.0,238526531#0,26
1500.0,244450512#1,2
1500.0,260881642#0,3
1500.0,288878926#0,2
1500.0,30620492#0,18
1500.0,30620492#1,5
1500.0,35274074#0,3
1500.0,360843888,1
1500.0,484988951#0,3
1500.0,49073226#2,5
1500.0,49695736#0,4
1500.0,506322842#0,2
1500.0,506322844#0,6
1500.0,506322846#0,4
1500.0,506322851#0,2
1500.0,506322851#2,6
1500.0,506322853#0,19
1500.0,51362429#0,13
1500.0,51362430,1
1500.0,593849711#2,16
1500.0,594658757#0,1
1500.0,594658760#0,1
1500.0,668037874,2
1500.0,:2690921409_0,1
1500.0,:3086736518_0,1
1500.0,:3086736518_6,1
1500.0,:655375232_2,1
1500.0,:655375233_0,2
1500.0,:655375233_4,2
1500.0,:655375233_8,6
1500.0,:656132414_2,1
1500.0,:cluster619136880_619136881_cluster_4510442270_5296993511_5296993513_619136931_#1more_12,1
1500.0,:cluster655375336_end_0_655375336_end_1_655375336_end_10_655375336_end_11_#8more_25,1
1500.0,:cluster_2038168688_655375573_23,1
1500.0,:cluster_2038168688_655375573_3,1
1500.0,:cluster_2038168688_655375573_30,1
1500.0,:cluster_2038168688_655375573_6,2
1500.0,:cluster_2664674491_655375287_655375288_5,1
1500.0,:cluster_3208478133_655375293_655375296_9631728504_#1more_8,3
1500.0,:cluster_3431431575_4777363357_655375231_6982059025_5,1
1520.0,-300077497#5,23
1520.0,-300077497#8,4
1520.0,-35274074#2,12
1520.0,-360018417,5
1520.0,-51362429#1,5
1520.0,-51362430,9
1520.0,-593847703#3,29
1520.0,-E0,19
1520.0,1068234498#0,36
1520.0,1068440001,8
1520.0,1068440004#1,33
1520.0,1068440006#0,1
1520.0,182334378#0,3
1520.0,186602412#0,4
1520.0,196961377#0,23
1520.0,232003903#0,1
1520.0,238526531#0,26
1520.0,244450512#1,2
1520.0,260881642#0,3
1520.0,288878926#0,5
1520.0,30620492#0,18
1520.0,30620492#1,5
1520.0,360843888,1
1520.0,484988951#0,4
1520.0,49073226#2,4
1520.0,49695736#0,7
1520.0,506322842#0,2
1520.0,506322844#0,6
1520.0,506322846#0,3
1520.0,506322851#0,1
1520.0,506322851#2,8
1520.0,506322853#0,19
1520.0,51362429#0,16
1520.0,593844221#0,1
1520.0,593849711#2,12
1520.0,594658757#0,1
1520.0,594658760#0,1
1520.0,:1973482489_8,1
1520.0,:3086736518_0,1
1520.0,:3086736518_6,1
1520.0,:655375232_2,1
1520.0,:655375233_0,2
1520.0,:655375233_4,2
1520.0,:655375233_8,6
1520.0,:cluster11510670762_4554226152_0,1
1520.0,:cluster_2038168688_655375573_30,1
1520.0,:cluster_2038168688_655375573_6,2
1520.0,:cluster_2528018119_655375236_31,1
1520.0,:cluster_2664674491_655375287_655375288_5,1
1520.0,:cluster_3208478133_655375293_655375296_9631728504_#1more_8,5
1520.0,:cluster_3431431575_4777363357_655375231_6982059025_3,1
1520.0,:cluster_623980147_623980152_9,1
1540.0,-300077497#5,23
1540.0,-300077497#8,3
1540.0,-35274074#2,12
1540.0,-360018417,1
1540.0,-51362429#1,2
1540.0,-51362430,14
1540.0,-593847703#3,26
1540.0,-E0,19
1540.0,1068234498#0,36
1540.0,1068440001,8
1540.0,1068440004#1,33
1540.0,182334378#0,4
1540.0,186602412#0,1
1540.0,196961377#0,23
1540.0,232003903#0,2
1540.0,238526531#0,26
1540.0,244450512#1,2
1540.0,260881642#0,4
1540.0,263217604#0,1
1540.0,288878926#0,11
1540.0,300077497#0,2
1540.0,30620492#0,18
1540.0,30620492#1,5
1540.0,360843888,1
1540.0,484988951#0,4
1540.0,49073226#2,3
1540.0,49073272#4,3
1540.0,49695736#0,5
1540.0,506322842#0,2
1540.0,506322844#0,5
1540.0,506322851#0,1
1540.0,506322851#2,8
1540.0,506322853#0,19
1540.0,51362429#0,17
1540.0,593844221#0,1
1540.0,593849711#2,15
1540.0,594658757#0,1
1540.0,594658760#0,1
1540.0,:3086736518_0,1
1540.0,:3086736518_4,1
1540.0,:3086736518_6,1
1540.0,:3208478121_0,1
1540.0,:655375232_2,1
1540.0,:655375233_0,2
1540.0,:655375233_4,2
1540.0,:655375233_8,6
1540.0,:655375238_5,1
1540.0,:cluster11510670762_4554226152_0,1
1540.0,:cluster_2038168688_655375573_30,1
1540.0,:cluster_2038168688_655375573_6,2
1540.0,:cluster_2528018119_655375236_20,2
1540.0,:cluster_2664674491_655375287_655375288_5,1
1540.0,:cluster_3208478133_655375293_655375296_9631728504_#1more_8,5
1540.0,:cluster_3431431575_4777363357_655375231_6982059025_3,1
1540.0,:cluster_623980147_623980152_4,1
1560.0,-300077497#5,27
1560.0,-300077497#8,4
1560.0,-35274074#2,12
1560.0,-51362430,18
1560.0,-593847703#3,26
1560.0,-E0,19
1560.0,1068234498#0,36
1560.0,1068440001,9
1560.0,1068440004#1,32
1560.0,182334378#0,4
1560.0,196961377#0,23
1560.0,232003903#0,2
1560.0,238526531#0,26
1560.0,244450512#1,3
1560.0,260881642#0,2
1560.0,263217604#0,1
1560.0,288878926#0,13
1560.0,300077497#0,6
1560.0,30620492#0,18
1560.0,30620492#1,5
1560.0,35274074#0,2
1560.0,360843888,1
1560.0,484988951#0,4
1560.0,49073226#2,5
1560.0,506322842#0,2
1560.0,506322844#0,5
1560.0,506322851#0,1
1560.0,506322851#2,8
1560.0,506322853#0,17
1560.0,51362429#0,17
1560.0,593844221#0,1
1560.0,593849711#2,16
1560.0,594658757#0,1
1560.0,594658760#0,1
1560.0,668037874,1
1560.0,:3086736518_0,1
1560.0,:3086736518_4,1
1560.0,:3086736518_6,1
1560.0,:655375232_2,1
1560.0,:655375233_0,2
1560.0,:655375233_4,2
1560.0,:655375233_8,7
1560.0,:655375238_1,1
1560.0,:cluster11510670762_4554226152_0,1
1560.0,:cluster619136880_619136881_cluster_4510442270_5296993511_5296993513_619136931_#1more_8,1
1560.0,:cluster_2038168688_655375573_30,1
1560.0,:cluster_2038168688_655375573_6,2
1560.0,:cluster_3208478133_655375293_655375296_9631728504_#1more_8,5
1580.0,-300077497#5,27
1580.0,-300077497#8,4
1580.0,-35274074#2,12
1580.0,-360018417,3
1580.0,-51362430,19
1580.0,-593847703#3,26
1580.0,-E0,19
1580.0,1068234498#0,36
1580.0,1068440001,9
1580.0,1068440004#1,33
1580.0,182334378#0,4
1580.0,196961377#0,19
1580.0,196961377#3,3
1580.0,238526531#0,26
1580.0,244450512#1,3
1580.0,263217604#0,1
1580.0,288878926#0,13
1580.0,30620492#0,18
1580.0,30620492#1,5
1580.0,35274074#0,7
1580.0,484988951#0,4
1580.0,49073226#2,5
1580.0,49073272#4,2
1580.0,506322842#0,2
1580.0,506322844#0,6
1580.0,506322851#0,1
1580.0,506322851#2,7
1580.0,506322853#0,14
1580.0,51362429#0,18
1580.0,51362430,2
1580.0,593844221#0,1
1580.0,593849711#2,16
1580.0,594658757#0,1
1580.0,594658760#0,1
1580.0,:3086736518_0,1
1580.0,:3086736518_4,1
1580.0,:3086736518_6,1
1580.0,:3208478128_0,1
1580.0,:619136999_2,1
1580.0,:655375232_2,1
1580.0,:655375233_0,2
1580.0,:655375233_4,2
1580.0,:655375233_8,7
1580.0,:cluster11510670762_4554226152_0,1
1580.0,:cluster619136880_619136881_cluster_4510442270_5296993511_5296993513_619136931_#1more_12,1
1580.0,:cluster655375336_end_0_655375336_end_1_655375336_end_10_655375336_end_11_#8more_25,2
1580.0,:cluster_2038168688_655375573_23,1
1580.0,:cluster_2038168688_655375573_3,1
1580.0,:cluster_2038168688_655375573_30,1
1580.0,:cluster_2038168688_655375573_6,2
1580.0,:cluster_3208478133_655375293_655375296_9631728504_#1more_8,3
1600.0,-300077497#5,25
1600.0,-300077497#8,4
1600.0,-35274074#2,10
1600.0,-360018417,5
1600.0,-51362430,17
1600.0,-593847703#3,27
1600.0,-593847704#2,4
1600.0,-E0,19
1600.0,1068234498#0,36
1600.0,1068440001,10
1600.0,1068440004#1,33
1600.0,182334378#0,4
1600.0,186602412#0,2
1600.0,196961377#0,19
1600.0,196961377#3,2
1600.0,238526531#0,26
1600.0,244450512#1,3
1600.0,244450512#5,1
1600.0,288878926#0,6
1600.0,300077497#6,1
1600.0,30620492#0,18
1600.0,30620492#1,5
1600.0,484988951#0,5
1600.0,49073226#2,5
1600.0,49695736#0,6
1600.0,506322842#0,1
1600.0,506322844#0,6
1600.0,506322846#0,4
1600.0,506322851#2,3
1600.0,506322853#0,18
1600.0,51362429#0,18
1600.0,51362430,1
1600.0,593849711#0,1
1600.0,593849711#2,16
1600.0,594658757#0,1
1600.0,594658760#0,2
1600.0,:1973482489_3,1
1600.0,:2877022366_0,1
1600.0,:3086736518_0,1
1600.0,:3086736518_4,1
1600.0,:3086736518_6,1
1600.0,:655375232_2,1
1600.0,:655375233_0,2
1600.0,:655375233_4,2
1600.0,:655375233_8,7
1600.0,:cluster11510670762_4554226152_0,2
1600.0,:cluster622618015_622618108_622618112_622618144_#2more_0,1
1600.0,:cluster622618015_622618108_622618112_622618144_#2more_26,1
1600.0,:cluster_2038168688_655375573_23,1
1600.0,:cluster_2038168688_655375573_3,1
1600.0,:cluster_2038168688_655375573_30,1
1600.0,:cluster_2038168688_655375573_6,2
1600.0,:cluster_2528018119_655375236_17,1
1620.0,-300077497#5,23
1620.0,-300077497#8,4
1620.0,-35274074#2,12
1620.0,-360018417,5
1620.0,-51362429#1,2
1620.0,-51362430,18
1620.0,-593847703#3,30
1620.0,-E0,19
1620.0,1068234498#0,36
1620.0,1068440001,10
1620.0,1068440004#1,33
1620.0,1068440006#0,1
1620.0,182334378#0,4
1620.0,186602412#0,4
1620.0,196961377#0,19
1620.0,238526531#0,25
1620.0,244450512#1,3
1620.0,244450512#5,1
1620.0,288878926#0,4
1620.0,300077497#6,1
1620.0,30620492#0,18
1620.0,30620492#1,5
1620.0,484988951#0,5
1620.0,49073226#2,5
1620.0,49695736#0,6
1620.0,506322842#0,1
1620.0,506322844#0,6
1620.0,506322846#0,2
1620.0,506322851#2,3
1620.0,506322853#0,19
1620.0,51362429#0,18
1620.0,51362430,1
1620.0,593849711#0,1
1620.0,593849711#2,12
1620.0,594658757#0,1
1620.0,594658760#0,2
1620.0,:1973482489_8,1
1620.0,:3086736518_0,1
1620.0,:3086736518_4,1
1620.0,:3086736518_6,1
1620.0,:655375232_11,1
1620.0,:655375232_2,1
1620.0,:655375233_0,2
1620.0,:655375233_4,2
1620.0,:655375233_8,7
1620.0,:cluster11510670762_4554226152_0,2
1640.0,-300077497#5,27
1640.0,-300077497#8,4
1640.0,-35274074#2,11
1640.0,-51362429#1,5
1640.0,-51362430,19
1640.0,-593847703#3,26
1640.0,-E0,19
1640.0,1068234498#0,35
1640.0,1068440001,10
1640.0,1068440004#1,33
1640.0,1239087514,1
1640.0,182334378#0,4
1640.0,196961377#0,19
1640.0,238526531#0,25
1640.0,244450512#1,3
1640.0,244450512#5,1
1640.0,263217604#0,1
1640.0,288878926#0,4
1640.0,300077497#0,6
1640.0,300077497#6,1
1640.0,30620492#0,18
1640.0,30620492#1,5
1640.0,484988951#0,5
1640.0,49073226#2,7
1640.0,49073272#4,4
1640.0,506322842#0,1
1640.0,506322844#0,3
1640.0,506322851#2,3
1640.0,506322853#0,19
1640.0,51362429#0,18
1640.0,51362430,1
1640.0,593847702#0,1
1640.0,593847704#0,1
1640.0,593849711#2,14
1640.0,594658757#0,1
1640.0,594658760#0,2
1640.0,:3086736518_0,1
1640.0,:3086736518_6,1
1640.0,:655375232_2,1
1640.0,:655375233_0,2
1640.0,:655375233_4,3
1640.0,:655375233_8,6
1640.0,:655375238_2,1
1640.0,:cluster11510670762_4554226152_0,2
1660.0,-300077497#5,27
1660.0,-300077497#8,4
1660.0,-35274074#2,11
1660.0,-360018417,2
1660.0,-51362429#1,6
1660.0,-51362430,19
1660.0,-593847703#3,26
1660.0,-E0,19
1660.0,1068234498#0,35
1660.0,1068440001,10
1660.0,1068440004#1,29
1660.0,182334378#0,4
1660.0,196961377#0,15
1660.0,196961377#3,3
1660.0,238526531#0,24
1660.0,244450512#1,3
1660.0,244450512#5,1
1660.0,263217604#0,1
1660.0,288878926#0,4
1660.0,30620492#0,18
1660.0,30620492#1,4
1660.0,35274074#0,6
1660.0,484988951#0,5
1660.0,49073226#2,7
1660.0,49073272#1,1
1660.0,49073272#4,1
1660.0,506322844#0,5
1660.0,506322851#2,3
1660.0,506322853#0,13
1660.0,51362429#0,18
1660.0,51362430,2
1660.0,593847702#0,7
1660.0,593849711#2,16
1660.0,594658757#0,1
1660.0,594658760#0,2
1660.0,:3086736518_0,1
1660.0,:3086736518_6,1
1660.0,:655375232_2,1
1660.0,:655375233_0,2
1660.0,:655375233_4,1
1660.0,:655375233_8,4
1660.0,:655375238_2,1
1660.0,:655375238_3,1
1660.0,:cluster11510670762_4554226152_0,2
1660.0,:cluster619136880_619136881_cluster_4510442270_5296993511_5296993513_619136931_#1more_12,2
1660.0,:cluster619136899_619136900_cluster_619136929_619136942_6,2
1660.0,:cluster_2038168688_655375573_30,1
1680.0,-300077497#5,25
1680.0,-300077497#8,4
1680.0,-35274074#2,11
1680.0,-360018417,5
1680.0,-51362429#1,6
1680.0,-51362430,19
1680.0,-593847703#3,28
1680.0,-593847704#2,1
1680.0,-E0,19
1680.0,1068234498#0,34
1680.0,1068440001,5
1680.0,1068440004#1,32
1680.0,182334378#0,4
1680.0,196961377#0,12
1680.0,196961377#3,5
1680.0,238526531#0,25
1680.0,244450512#1,2
1680.0,260881642#0,3
1680.0,288878926#0,2
1680.0,30620492#0,17
1680.0,30620492#1,5
1680.0,360018417,1
1680.0,484988951#0,5
1680.0,49073226#2,7
1680.0,49695736#0,2
1680.0,506322844#0,5
1680.0,506322846#0,4
1680.0,506322853#0,16
1680.0,51362429#0,18
1680.0,51362430,3
1680.0,593844221#0,1
1680.0,593847702#0,9
1680.0,593849711#2,18
1680.0,594658757#0,1
1680.0,594658760#0,3
1680.0,:3086736518_0,1
1680.0,:3086736518_6,1
1680.0,:655375232_2,1
1680.0,:655375233_0,2
1680.0,:655375233_4,1
1680.0,:655375233_8,3
1680.0,:655375238_2,1
1680.0,:655375238_3,1
1680.0,:cluster11510670762_4554226152_0,1
1680.0,:cluster622618015_622618108_622618112_622618144_#2more_26,1
1680.0,:cluster655375336_end_0_655375336_end_1_655375336_end_10_655375336_end_11_#8more_25,1
1680.0,:cluster_2038168688_655375573_30,1
1680.0,:cluster_2038168688_655375573_6,2
1680.0,:cluster_2664674491_655375287_655375288_5,1
1680.0,:cluster_3208478133_655375293_655375296_9631728504_#1more_8,2
1700.0,-300077497#5,26
1700.0,-300077497#8,3
1700.0,-35274074#2,11
1700.0,-360018417,5
1700.0,-51362429#1,6
1700.0,-51362430,13
1700.0,-593847703#3,30
1700.0,-E0,19
1700.0,1068234498#0,34
1700.0,1068234499#0,1
1700.0,1068440001,3
1700.0,1068440004#1,33
1700.0,182334378#0,3
1700.0,186602412#0,3
1700.0,196961377#0,12
1700.0,238526531#0,26
1700.0,244450512#1,2
1700.0,260881642#0,3
1700.0,30620492#0,18
1700.0,30620492#1,5
1700.0,484988951#0,5
1700.0,49073226#2,7
1700.0,49695736#0,9
1700.0,506322844#0,5
1700.0,506322853#0,16
1700.0,51362429#0,16
1700.0,51362430,3
1700.0,593844221#0,2
1700.0,593847702#0,9
1700.0,593847704#0,1
1700.0,593849711#0,2
1700.0,593849711#2,19
1700.0,594658757#0,1
1700.0,594658760#0,3
1700.0,:3086736518_0,2
1700.0,:655375232_2,2
1700.0,:655375233_0,2
1700.0,:655375233_4,1
1700.0,:655375233_8,3
1700.0,:655375238_3,1
1700.0,:cluster622618015_622618108_622618112_622618144_#2more_49,3
1700.0,:cluster_2038168688_655375573_30,1
1700.0,:cluster_2038168688_655375573_6,2
1700.0,:cluster_2664674491_655375287_655375288_5,1
1700.0,:cluster_3208478133_655375293_655375296_9631728504_#1more_8,4
1720.0,-300077497#5,26
1720.0,-300077497#8,3
1720.0,-35274074#2,12
1720.0,-360018417,1
1720.0,-51362429#1,7
1720.0,-51362430,11
1720.0,-593847703#3,30
1720.0,-E0,19
1720.0,1068234498#0,35
1720.0,1068440001,6
1720.0,1068440004#1,34
1720.0,182334378#0,2
1720.0,196961377#0,12
1720.0,232003903#0,1
1720.0,238526531#0,25
1720.0,244450512#1,2
1720.0,260881642#0,4
1720.0,300077497#0,2
1720.0,300077497#6,1
1720.0,30620492#0,18
1720.0,30620492#1,5
1720.0,484988951#0,4
1720.0,49073226#2,7
1720.0,49073272#4,4
1720.0,49695736#0,7
1720.0,506322844#0,5
1720.0,506322846#0,2
1720.0,506322853#0,16
1720.0,51362429#0,16
1720.0,51362430,2
1720.0,593844221#0,1
1720.0,593847702#0,1
1720.0,593847704#0,1
1720.0,593849711#2,15
1720.0,593849718#0,4
1720.0,594658757#0,1
1720.0,594658760#0,2
1720.0,:3086736518_0,2
1720.0,:655375232_2,3
1720.0,:655375232_4,1
1720.0,:655375232_6,2
1720.0,:655375233_0,2
1720.0,:655375233_4,1
1720.0,:655375233_8,3
1720.0,:655375238_5,1
1720.0,:cluster11510670762_4554226152_0,1
1720.0,:cluster622618015_622618108_622618112_622618144_#2more_31,4
1720.0,:cluster655375336_end_0_655375336_end_1_655375336_end_10_655375336_end_11_#8more_25,1
1720.0,:cluster_2038168688_655375573_25,1
1720.0,:cluster_2528018119_655375236_12,1
1720.0,:cluster_2528018119_655375236_20,1
1720.0,:cluster_2528018119_655375236_32,1
1720.0,:cluster_3208478133_655375293_655375296_9631728504_#1more_8,4
1720.0,:cluster_3431431575_4777363357_655375231_6982059025_5,1
1740.0,-300077497#5,27
1740.0,-300077497#8,4
1740.0,-35274074#2,12
1740.0,-51362429#1,7
1740.0,-51362430,16
1740.0,-593847703#3,27
1740.0,-E0,19
1740.0,1068234498#0,36
1740.0,1068440001,7
1740.0,1068440004#1,34
1740.0,1068440006#0,3
1740.0,182334378#0,2
1740.0,186602412#0,2
1740.0,196961377#0,12
1740.0,232003903#0,1
1740.0,238526531#0,25
1740.0,244450512#1,3
1740.0,260881642#0,2
1740.0,288878926#0,4
1740.0,300077497#0,6
1740.0,300077497#6,1
1740.0,30620492#0,18
1740.0,30620492#1,5
1740.0,35274074#0,3
1740.0,484988951#0,5
1740.0,49073226#2,3
1740.0,49695736#0,1
1740.0,506322844#0,5
1740.0,506322853#0,13
1740.0,51362429#0,17
1740.0,51362430,1
1740.0,593844221#0,1
1740.0,593849711#2,14
1740.0,594658757#0,1
1740.0,594658760#0,2
1740.0,668037874,1
1740.0,:3086736518_0,2
1740.0,:655375232_2,3
1740.0,:655375233_0,2
1740.0,:655375233_4,5
1740.0,:655375233_8,3
1740.0,:655375238_2,1
1740.0,:cluster11510670762_4554226152_0,1
1740.0,:cluster619136880_619136881_cluster_4510442270_5296993511_5296993513_619136931_#1more_8,1
1740.0,:cluster619136899_619136900_cluster_619136929_619136942_6,1
1740.0,:cluster622618015_622618108_622618112_622618144_#2more_39,1
1740.0,:cluster655375336_end_0_655375336_end_1_655375336_end_10_655375336_end_11_#8more_31,1
1740.0,:cluster_2528018119_655375236_12,1
1740.0,:cluster_2528018119_655375236_20,1
1740.0,:cluster_2528018119_655375236_32,1
1740.0,:cluster_3208478133_655375293_655375296_9631728504_#1more_8,5
1740.0,:cluster_3431431575_4777363357_655375231_6982059025_3,2
1760.0,-300077497#5,23
1760.0,-300077497#8,4
1760.0,-35274074#2,12
1760.0,-360018417,4
1760.0,-51362430,17
1760.0,-593847703#3,28
1760.0,-E0,19
1760.0,1068234498#0,36
1760.0,1068440001,9
1760.0,1068440004#1,30
1760.0,1239087514,2
1760.0,182334378#0,2
1760.0,196961377#0,5
1760.0,196961377#3,6
1760.0,238526531#0,25
1760.0,244450512#1,3
1760.0,288878926#0,10
1760.0,300077497#0,3
1760.0,30620492#0,18
1760.0,30620492#1,5
1760.0,35274074#0,5
1760.0,484988951#0,5
1760.0,49073226#2,4
1760.0,49073272#4,1
1760.0,506322844#0,5
1760.0,506322846#0,1
1760.0,506322853#0,10
1760.0,51362429#0,17
1760.0,51362430,3
1760.0,593844221#0,1
1760.0,593849711#2,15
1760.0,594658757#0,1
1760.0,594658760#0,2
1760.0,:3086736518_0,2
1760.0,:3086736518_4,1
1760.0,:619136999_2,1
1760.0,:655375232_2,3
1760.0,:655375233_0,2
1760.0,:655375233_4,4
1760.0,:655375233_8,7
1760.0,:655375238_2,1
1760.0,:655375238_6,1
1760.0,:cluster11510670762_4554226152_0,1
1760.0,:cluster619136880_619136881_cluster_4510442270_5296993511_5296993513_619136931_#1more_12,1
1760.0,:cluster_2038168688_655375573_23,1
1760.0,:cluster_2038168688_655375573_3,1
1760.0,:cluster_2038168688_655375573_6,1
1760.0,:cluster_2528018119_655375236_17,2
1760.0,:cluster_3208478133_655375293_655375296_9631728504_#1more_14,1
1760.0,:cluster_3208478133_655375293_655375296_9631728504_#1more_8,5
1760.0,:cluster_3431431575_4777363357_655375231_6982059025_3,2
1760.0,:cluster_623980147_623980152_9,1
1780.0,-300077497#5,23
1780.0,-300077497#8,4
1780.0,-35274074#2,11
1780.0,-360018417,5
1780.0,-51362430,19
1780.0,-593847703#3,30
1780.0,-593847704#2,3
1780.0,-E0,19
1780.0,1068234498#0,36
1780.0,1068440001,8
1780.0,1068440004#1,33
1780.0,182334378#0,2
1780.0,186602412#0,3
1780.0,196961377#0,3
1780.0,196961377#3,8
1780.0,238526531#0,25
1780.0,244450512#1,3
1780.0,288878926#0,6
1780.0,300077497#6,1
1780.0,30620492#0,18
1780.0,30620492#1,5
1780.0,484988951#0,4
1780.0,49073226#2,3
1780.0,49695736#0,5
1780.0,506322844#0,5
1780.0,506322846#0,8
1780.0,506322853#0,10
1780.0,51362429#0,18
1780.0,51362430,5
1780.0,593849711#2,16
1780.0,594658757#0,1
1780.0,594658760#0,1
1780.0,:1973482489_3,1
1780.0,:3086736518_0,2
1780.0,:3086736518_4,1
1780.0,:655375232_2,3
1780.0,:655375233_0,2
1780.0,:655375233_4,4
1780.0,:655375233_8,7
1780.0,:655375238_2,1
1780.0,:655375238_3,1
1780.0,:cluster11510670762_4554226152_0,2
1780.0,:cluster622618015_622618108_622618112_622618144_#2more_2,1
1780.0,:cluster622618015_622618108_622618112_622618144_#2more_26,1
1780.0,:cluster655375336_end_0_655375336_end_1_655375336_end_10_655375336_end_11_#8more_25,1
1780.0,:cluster_3208478133_655375293_655375296_9631728504_#1more_24,1
1780.0,:cluster_623980147_623980152_9,1
1800.0,-300077497#5,25
1800.0,-300077497#8,1
1800.0,-35274074#2,11
1800.0,-360018417,5
1800.0,-51362430,19
1800.0,-593847703#3,33
1800.0,-E0,18
1800.0,1068234498#0,36
1800.0,1068440001,8
1800.0,1068440004#1,33
1800.0,182334378#0,2
1800.0,186602412#0,5
1800.0,196961377#0,3
1800.0,196961377#3,5
1800.0,238526531#0,25
1800.0,244450512#1,3
1800.0,260881641,1
1800.0,288878926#0,8
1800.0,300077497#6,2
1800.0,30620492#0,18
1800.0,30620492#1,5
1800.0,484988951#0,5
1800.0,49695736#0,6
1800.0,506322844#0,5
1800.0,506322846#0,2
1800.0,506322853#0,10
1800.0,51362429#0,17
1800.0,51362430,4
1800.0,593847703#0,1
1800.0,593849711#0,1
1800.0,593849711#2,16
1800.0,594658757#0,1
1800.0,594658760#0,1
1800.0,:3086736518_0,2
1800.0,:3086736518_4,1
1800.0,:3086736518_6,1
1800.0,:655375232_2,3
1800.0,:655375233_0,1
1800.0,:655375233_4,4
1800.0,:655375233_8,7
1800.0,:cluster11510670762_4554226152_0,2
1800.0,:cluster622618015_622618108_622618112_622618144_#2more_49,1
1820.0,-300077497#5,27
1820.0,-300077497#8,4
1820.0,-35274074#2,12
1820.0,-51362430,19
1820.0,-593847703#3,33
1820.0,-E0,19
1820.0,1068234498#0,36
1820.0,1068440001,8
1820.0,1068440004#1,33
1820.0,182334378#0,2
1820.0,182334379#0,1
1820.0,186602412#0,1
1820.0,196961377#0,3
1820.0,196961377#3,5
1820.0,238526531#0,24
1820.0,244450512#1,3
1820.0,244450512#5,1
1820.0,263217604#0,1
1820.0,288878926#0,8
1820.0,300077497#0,5
1820.0,300077497#6,2
1820.0,30620492#0,18
1820.0,30620492#1,5
1820.0,484988951#0,3
1820.0,49073272#4,5
1820.0,506322844#0,5
1820.0,506322853#0,10
1820.0,51362429#0,15
1820.0,51362430,3
1820.0,593847703#0,2
1820.0,593849711#2,17
1820.0,594658760#0,1
1820.0,:3086736518_0,3
1820.0,:3086736518_4,1
1820.0,:3086736518_6,1
1820.0,:655375232_2,5
1820.0,:655375233_0,2
1820.0,:655375233_4,4
1820.0,:655375233_8,7
1820.0,:cluster11510670762_4554226152_0,2
1820.0,:cluster_3431431575_4777363357_655375231_6982059025_5,1
1840.0,-300077497#5,27
1840.0,-300077497#8,4
1840.0,-35274074#2,12
1840.0,-51362429#1,1
1840.0,-51362430,19
1840.0,-593847703#3,33
1840.0,-E0,19
1840.0,1068234498#0,36
1840.0,1068440001,8
1840.0,1068440004#1,33
1840.0,182334378#0,2
1840.0,182334379#0,1
1840.0,196961377#0,3
1840.0,196961377#3,8
1840.0,238526531#0,24
1840.0,244450512#1,3
1840.0,244450512#5,1
1840.0,263217604#0,2
1840.0,288878926#0,8
1840.0,30620492#0,18
1840.0,30620492#1,5
1840.0,35274074#0,5
1840.0,484988951#0,4
1840.0,49073226#2,3
1840.0,506322844#0,5
1840.0,506322853#0,4
1840.0,51362429#0,17
1840.0,593847703#0,2
1840.0,593849711#2,14
1840.0,594658760#0,1
1840.0,668037874,1
1840.0,:3086736518_0,3
1840.0,:3086736518_4,1
1840.0,:3086736518_6,1
1840.0,:655375232_2,5
1840.0,:655375232_6,2
1840.0,:655375232_8,1
1840.0,:655375233_0,2
1840.0,:655375233_4,3
1840.0,:655375233_8,7
1840.0,:cluster11510670762_4554226152_0,2
1840.0,:cluster619136880_619136881_cluster_4510442270_5296993511_5296993513_619136931_#1more_8,1
1840.0,:cluster619136899_619136900_cluster_619136929_619136942_6,1
1860.0,-300077497#5,26
1860.0,-300077497#8,4
1860.0,-35274074#2,12
1860.0,-51362430,16
1860.0,-593847703#3,33
1860.0,-E0,19
1860.0,1068234498#0,35
1860.0,1068440001,5
1860.0,1068440004#1,33
1860.0,182334378#0,2
1860.0,196961377#0,3
1860.0,196961377#3,10
1860.0,238526531#0,26
1860.0,244450512#1,2
1860.0,260881642#0,2
1860.0,288878926#0,6
1860.0,300077497#0,2
1860.0,30620492#0,18
1860.0,30620492#1,5
1860.0,360843888,2
1860.0,484988951#0,4
1860.0,49073226#2,3
1860.0,49695736#0,3
1860.0,506322844#0,5
1860.0,506322846#0,5
1860.0,506322853#0,4
1860.0,51362429#0,17
1860.0,593844221#0,2
1860.0,593849711#0,1
1860.0,593849711#2,17
1860.0,594658760#0,1
1860.0,:3086736518_0,3
1860.0,:3086736518_4,1
1860.0,:3086736518_6,1
1860.0,:655375232_2,5
1860.0,:655375232_6,2
1860.0,:655375232_8,1
1860.0,:655375233_0,2
1860.0,:655375233_4,4
1860.0,:655375233_8,7
1860.0,:656132414_2,1
1860.0,:cluster11510670762_4554226152_0,1
1860.0,:cluster622618015_622618108_622618112_622618144_#2more_26,1
1860.0,:cluster_2664674491_655375287_655375288_5,1
1860.0,:cluster_3208478133_655375293_655375296_9631728504_#1more_8,2
1860.0,:cluster_3431431575_4777363357_655375231_6982059025_3,1
1880.0,-300077497#5,26
1880.0,-300077497#8,3
1880.0,-35274074#2,11
1880.0,-51362430,13
1880.0,-593847703#3,34
1880.0,-593847704#2,3
1880.0,-E0,19
1880.0,1068234498#0,35
1880.0,1068440001,8
1880.0,1068440004#1,33
1880.0,182334378#0,2
1880.0,186602412#0,4
1880.0,196961377#0,3
1880.0,196961377#3,8
1880.0,238526531#0,26
1880.0,244450512#1,2
1880.0,260881642#0,4
1880.0,30620492#0,18
1880.0,30620492#1,5
1880.0,360843888,2
1880.0,484988951#0,4
1880.0,49073226#2,4
1880.0,49695736#0,3
1880.0,506322844#0,5
1880.0,506322846#0,1
1880.0,506322853#0,4
1880.0,51362429#0,17
1880.0,593844221#0,2
1880.0,593849711#2,17
1880.0,594658760#0,1
1880.0,:3086736518_0,3
1880.0,:3086736518_4,1
1880.0,:3086736518_6,1
1880.0,:655375232_2,5
1880.0,:655375232_6,2
1880.0,:655375232_8,1
1880.0,:655375233_0,2
1880.0,:655375233_4,4
1880.0,:655375233_8,7
1880.0,:655375238_2,1
1880.0,:656132414_2,1
1880.0,:cluster11510670762_4554226152_0,2
1880.0,:cluster622618015_622618108_622618112_622618144_#2more_49,3
1880.0,:cluster_2038168688_655375573_23,1
1880.0,:cluster_3208478133_655375293_655375296_9631728504_#1more_8,3
1900.0,-300077497#5,27
1900.0,-300077497#8,4
1900.0,-35274074#2,11
1900.0,-51362430,17
1900.0,-593847703#3,34
1900.0,-E0,19
1900.0,1068234498#0,35
1900.0,1068440001,9
1900.0,1068440004#1,33
1900.0,182334378#0,2
1900.0,186602412#0,2
1900.0,196961377#0,3
1900.0,196961377#3,6
1900.0,238526531#0,25
1900.0,244450512#1,2
1900.0,260881642#0,3
1900.0,300077497#0,2
1900.0,30620492#0,18
1900.0,30620492#1,5
1900.0,360843888,2
1900.0,484988951#0,4
1900.0,49073226#2,4
1900.0,506322844#0,4
1900.0,506322853#0,4
1900.0,51362429#0,17
1900.0,593844221#0,2
1900.0,593849711#2,17
1900.0,594658760#0,1
1900.0,:3086736518_0,3
1900.0,:3086736518_4,1
1900.0,:3086736518_6,1
1900.0,:655375232_2,5
1900.0,:655375232_6,2
1900.0,:655375232_8,1
1900.0,:655375233_0,2
1900.0,:655375233_4,4
1900.0,:655375233_8,7
1900.0,:655375238_3,1
1900.0,:655375238_5,1
1900.0,:cluster11510670762_4554226152_0,2
1900.0,:cluster_2528018119_655375236_32,1
1900.0,:cluster_2664674491_655375287_655375288_5,1
1900.0,:cluster_3208478133_655375293_655375296_9631728504_#1more_8,3
1920.0,-300077497#5,27
1920.0,-300077497#8,4
1920.0,-35274074#2,11
1920.0,-51362430,19
1920.0,-593847703#3,34
1920.0,-E0,19
1920.0,1068234498#0,35
1920.0,1068440001,9
1920.0,1068440004#1,33
1920.0,182334378#0,2
1920.0,196961377#0,3
1920.0,196961377#3,6
1920.0,238526531#0,25
1920.0,244450512#1,3
1920.0,260881642#0,2
1920.0,300077497#0,2
1920.0,300077497#6,1
1920.0,30620492#0,18
1920.0,30620492#1,5
1920.0,360843888,2
1920.0,484988951#0,4
1920.0,49073226#2,4
1920.0,506322844#0,5
1920.0,506322853#0,2
1920.0,51362429#0,17
1920.0,593844221#0,2
1920.0,593849711#2,17
1920.0,594658760#0,1
1920.0,668037874,1
1920.0,:3086736518_0,3
1920.0,:3086736518_4,1
1920.0,:3086736518_6,1
1920.0,:655375232_2,5
1920.0,:655375232_6,2
1920.0,:655375232_8,1
1920.0,:655375233_0,2
1920.0,:655375233_4,4
1920.0,:655375233_8,7
1920.0,:655375238_1,1
1920.0,:655375238_3,1
1920.0,:655375238_5,1
1920.0,:cluster11510670762_4554226152_0,2
1920.0,:cluster619136880_619136881_cluster_4510442270_5296993511_5296993513_619136931_#1more_8,1
1920.0,:cluster622618015_622618108_622618112_622618144_#2more_37,1
1920.0,:cluster_3208478133_655375293_655375296_9631728504_#1more_8,3
1940.0,-300077497#5,27
1940.0,-300077497#8,4
1940.0,-35274074#2,11
1940.0,-51362430,19
1940.0,-593847703#3,34
1940.0,-E0,19
1940.0,1068234498#0,35
1940.0,1068440001,9
1940.0,1068440004#1,33
1940.0,182334378#0,2
1940.0,196961377#0,3
1940.0,196961377#3,10
1940.0,238526531#0,25
1940.0,244450512#1,3
1940.0,244450512#4,2
1940.0,300077497#0,2
1940.0,30620492#0,18
1940.0,30620492#1,5
1940.0,360018417,1
1940.0,484988951#0,4
1940.0,49073226#2,4
1940.0,506322844#0,5
1940.0,51362429#0,17
1940.0,593844221#0,2
1940.0,593849711#2,16
1940.0,594658760#0,1
1940.0,:3086736518_0,3
1940.0,:3086736518_4,1
1940.0,:3086736518_6,1
1940.0,:655375232_2,5
1940.0,:655375232_4,1
1940.0,:655375232_6,2
1940.0,:655375232_8,1
1940.0,:655375233_0,2
1940.0,:655375233_4,4
1940.0,:655375233_8,7
1940.0,:655375238_1,1
1940.0,:655375238_3,1
1940.0,:655375238_5,1
1940.0,:cluster11510670762_4554226152_0,2
1940.0,:cluster_3208478133_655375293_655375296_9631728504_#1more_8,3
1960.0,-300077497#5,27
1960.0,-300077497#8,4
1960.0,-35274074#2,11
1960.0,-51362430,19
1960.0,-593847703#3,34
1960.0,-E0,19
1960.0,1068234498#0,35
1960.0,1068440001,9
1960.0,1068440004#1,33
1960.0,182334378#0,2
1960.0,196961377#0,2
1960.0,196961377#3,5
1960.0,238526531#0,25
1960.0,244450512#1,3
1960.0,244450512#5,2
1960.0,300077497#0,2
1960.0,30620492#0,18
1960.0,30620492#1,5
1960.0,484988951#0,4
1960.0,49073226#2,4
1960.0,506322844#0,5
1960.0,51362429#0,17
1960.0,593844221#0,2
1960.0,593847702#0,1
1960.0,593849711#0,2
1960.0,593849711#2,16
1960.0,594658760#0,1
1960.0,:3086736518_0,3
1960.0,:3086736518_4,1
1960.0,:3086736518_6,1
1960.0,:655375232_2,5
1960.0,:655375232_4,1
1960.0,:655375232_6,2
1960.0,:655375232_8,1
1960.0,:655375233_0,2
1960.0,:655375233_4,4
1960.0,:655375233_8,7
1960.0,:655375238_1,1
1960.0,:655375238_3,1
1960.0,:655375238_5,1
1960.0,:cluster11510670762_4554226152_0,2
1960.0,:cluster622618015_622618108_622618112_622618144_#2more_26,1
1960.0,:cluster622618015_622618108_622618112_622618144_#2more_49,2
1960.0,:cluster_3208478133_655375293_655375296_9631728504_#1more_8,3
1980.0,-300077497#5,27
1980.0,-300077497#8,4
1980.0,-35274074#2,11
1980.0,-51362430,19
1980.0,-593847703#3,34
1980.0,-E0,19
1980.0,1068234498#0,35
1980.0,1068440001,9
1980.0,1068440004#1,33
1980.0,182334378#0,2
1980.0,196961377#0,2
1980.0,238526531#0,25
1980.0,244450512#1,3
1980.0,244450512#5,2
1980.0,288878926#0,4
1980.0,300077497#0,2
1980.0,30620492#0,17
1980.0,30620492#1,5
1980.0,484988951#0,4
1980.0,506322844#0,6
1980.0,51362429#0,17
1980.0,593844221#0,2
1980.0,593847702#0,4
1980.0,593847703#0,3
1980.0,593847705,1
1980.0,593849711#0,1
1980.0,593849711#2,16
1980.0,594658760#0,1
1980.0,:3086736518_0,2
1980.0,:3086736518_4,1
1980.0,:3086736518_6,1
1980.0,:655375232_2,5
1980.0,:655375232_4,1
1980.0,:655375232_6,2
1980.0,:655375232_8,1
1980.0,:655375233_4,4
1980.0,:655375233_8,4
1980.0,:655375238_1,1
1980.0,:655375238_3,1
1980.0,:655375238_5,1
1980.0,:cluster11510670762_4554226152_0,2
1980.0,:cluster_3208478133_655375293_655375296_9631728504_#1more_8,3
2000.0,-300077497#5,27
2000.0,-300077497#8,4
2000.0,-35274074#2,11
2000.0,-51362430,19
2000.0,-593847703#3,34
2000.0,-E0,19
2000.0,1068234498#0,34
2000.0,1068440001,9
2000.0,1068440004#1,33
2000.0,182334378#0,2
2000.0,196961377#0,2
2000.0,238526531#0,25
2000.0,244450512#1,3
2000.0,244450512#5,2
2000.0,263217604#0,1
2000.0,288878926#0,4
2000.0,300077497#0,2
2000.0,30620492#0,18
2000.0,30620492#1,5
2000.0,484988951#0,4
2000.0,49073272#3,1
2000.0,506322844#0,5
2000.0,51362429#0,17
2000.0,593844221#0,2
2000.0,593847703#0,3
2000.0,593847705,1
2000.0,593849711#2,16
2000.0,594658760#0,1
2000.0,:3086736518_0,2
2000.0,:3086736518_4,1
2000.0,:3086736518_6,1
2000.0,:655375232_2,5
2000.0,:655375232_4,1
2000.0,:655375232_6,2
2000.0,:655375232_8,1
2000.0,:655375233_4,4
2000.0,:655375233_8,4
2000.0,:655375238_1,1
2000.0,:655375238_3,1
2000.0,:655375238_5,1
2000.0,:cluster11510670762_4554226152_0,2
2000.0,:cluster_3208478133_655375293_655375296_9631728504_#1more_8,3
2020.0,-300077497#5,27
2020.0,-300077497#8,4
2020.0,-35274074#2,11
2020.0,-51362430,19
2020.0,-593847703#3,34
2020.0,-E0,19
2020.0,1068234498#0,34
2020.0,1068440001,9
2020.0,1068440004#1,33
2020.0,1068440006#0,1
2020.0,182334378#0,1
2020.0,196961377#3,2
2020.0,238526531#0,25
2020.0,244450512#1,3
2020.0,244450512#5,2
2020.0,263217604#0,1
2020.0,288878926#0,4
2020.0,300077497#0,2
2020.0,30620492#0,18
2020.0,30620492#1,5
2020.0,484988951#0,4
2020.0,49073272#3,1
2020.0,506322844#0,5
2020.0,51362429#0,15
2020.0,593844221#0,2
2020.0,593847703#0,6
2020.0,593849711#2,16
2020.0,:3086736518_0,1
2020.0,:3086736518_4,1
2020.0,:3086736518_6,1
2020.0,:655375232_2,2
2020.0,:655375232_4,1
2020.0,:655375232_6,1
2020.0,:655375232_8,1
2020.0,:655375233_0,3
2020.0,:655375233_4,4
2020.0,:655375233_8,4
2020.0,:655375238_1,1
2020.0,:655375238_3,1
2020.0,:655375238_5,1
2020.0,:cluster11510670762_4554226152_0,2
2020.0,:cluster_3208478133_655375293_655375296_9631728504_#1more_8,3
2040.0,-300077497#5,27
2040.0,-300077497#8,4
2040.0,-35274074#2,11
2040.0,-51362429#1,2
2040.0,-51362430,19
2040.0,-593847703#3,34
2040.0,-E0,19
2040.0,1068234498#0,36
2040.0,1068440001,9
2040.0,1068440004#1,33
2040.0,1068440006#0,3
2040.0,196961377#3,1
2040.0,232003903#0,1
2040.0,238526531#0,25
2040.0,244450512#1,3
2040.0,260881642#0,4
2040.0,288135626#0,1
2040.0,288878926#0,2
2040.0,300077497#0,9
2040.0,30620492#0,18
2040.0,30620492#1,5
2040.0,360018417,1
2040.0,484988951#0,4
2040.0,506322844#0,5
2040.0,51362429#0,16
2040.0,593844221#0,2
2040.0,593849711#0,2
2040.0,593849711#2,12
2040.0,594658757#0,1
2040.0,:3086736518_0,1
2040.0,:3086736518_4,1
2040.0,:3086736518_6,1
2040.0,:655375232_11,1
2040.0,:655375232_2,1
2040.0,:655375232_6,1
2040.0,:655375232_8,1
2040.0,:655375233_0,2
2040.0,:655375233_4,4
2040.0,:655375233_8,4
2040.0,:655375238_1,1
2040.0,:655375238_3,1
2040.0,:655375238_5,1
2040.0,:cluster11510670762_4554226152_0,2
2040.0,:cluster622618015_622618108_622618112_622618144_#2more_26,1
2040.0,:cluster_3208478133_655375293_655375296_9631728504_#1more_16,2
2040.0,:cluster_3208478133_655375293_655375296_9631728504_#1more_8,3
2060.0,-300077497#5,27
2060.0,-300077497#8,4
2060.0,-35274074#2,11
2060.0,-51362430,19
2060.0,-593847703#3,34
2060.0,-E0,19
2060.0,1068234498#0,36
2060.0,1068234499#0,1
2060.0,1068440001,9
2060.0,1068440004#1,33
2060.0,1068440006#0,3
2060.0,232003903#0,1
2060.0,238526531#0,25
2060.0,244450512#1,2
2060.0,260881642#0,2
2060.0,300077497#0,9
2060.0,30620492#0,18
2060.0,30620492#1,5
2060.0,484988951#0,4
2060.0,49073226#2,3
2060.0,506322844#0,5
2060.0,51362429#0,17
2060.0,593844221#0,2
2060.0,593847702#0,4
2060.0,593849711#0,1
2060.0,593849711#2,14
2060.0,594658757#0,1
2060.0,:3086736518_0,1
2060.0,:3086736518_4,1
2060.0,:3086736518_6,1
2060.0,:655375232_2,1
2060.0,:655375232_6,1
2060.0,:655375232_8,1
2060.0,:655375233_0,2
2060.0,:655375233_4,4
2060.0,:655375238_1,1
2060.0,:655375238_3,1
2060.0,:655375238_5,1
2060.0,:cluster11510670762_4554226152_0,2
2060.0,:cluster_2664674491_655375287_655375288_5,1
2060.0,:cluster_3208478133_655375293_655375296_9631728504_#1more_16,2
2060.0,:cluster_3208478133_655375293_655375296_9631728504_#1more_8,3
2080.0,-300077497#5,27
2080.0,-300077497#8,4
2080.0,-35274074#2,11
2080.0,-51362430,19
2080.0,-593847703#3,34
2080.0,-E0,19
2080.0,1068234498#0,36
2080.0,1068440001,9
2080.0,1068440004#1,32
2080.0,1068440006#0,3
2080.0,232003903#0,1
2080.0,238526531#0,25
2080.0,244450512#1,2
2080.0,260881642#0,3
2080.0,300077497#0,10
2080.0,30620492#0,18
2080.0,30620492#1,5
2080.0,484988951#0,4
2080.0,49073226#2,3
2080.0,506322844#0,5
2080.0,51362429#0,17
2080.0,593844221#0,2
2080.0,593847703#0,2
2080.0,593849711#2,15
2080.0,593849718#0,4
2080.0,594658757#0,1
2080.0,:3086736518_0,1
2080.0,:3086736518_4,1
2080.0,:3086736518_6,1
2080.0,:655375232_2,1
2080.0,:655375232_6,1
2080.0,:655375232_8,1
2080.0,:655375233_4,4
2080.0,:655375233_8,2
2080.0,:655375238_1,1
2080.0,:655375238_3,1
2080.0,:655375238_5,1
2080.0,:cluster11510670762_4554226152_0,2
2080.0,:cluster_2664674491_655375287_655375288_5,1
2080.0,:cluster_3208478133_655375293_655375296_9631728504_#1more_16,2
2080.0,:cluster_3208478133_655375293_655375296_9631728504_#1more_8,3
2100.0,-300077497#5,27
2100.0,-300077497#8,4
2100.0,-35274074#2,11
2100.0,-51362430,19
2100.0,-593847703#3,34
2100.0,-E0,19
2100.0,1068234498#0,36
2100.0,1068440001,9
2100.0,1068440004#1,32
2100.0,1068440006#0,2
2100.0,232003903#0,2
2100.0,238526531#0,25
2100.0,244450512#1,3
2100.0,260881642#0,2
2100.0,300077497#0,10
2100.0,30620492#0,18
2100.0,30620492#1,5
2100.0,484988951#0,4
2100.0,49073226#2,3
2100.0,506322844#0,5
2100.0,51362429#0,17
2100.0,593844221#0,2
2100.0,593847703#0,2
2100.0,593849711#2,15
2100.0,594658757#0,1
2100.0,:3086736518_0,1
2100.0,:3086736518_4,1
2100.0,:3086736518_6,1
2100.0,:655375232_2,1
2100.0,:655375232_6,1
2100.0,:655375232_8,1
2100.0,:655375233_4,4
2100.0,:655375233_8,2
2100.0,:655375238_1,1
2100.0,:655375238_3,1
2100.0,:655375238_5,1
2100.0,:cluster11510670762_4554226152_0,2
2100.0,:cluster_3208478133_655375293_655375296_9631728504_#1more_16,2
2100.0,:cluster_3208478133_655375293_655375296_9631728504_#1more_8,3
2120.0,-300077497#5,27
2120.0,-300077497#8,4
2120.0,-35274074#2,11
2120.0,-51362430,19
2120.0,-593847703#3,34
2120.0,-E0,19
2120.0,1068234498#0,36
2120.0,1068440001,9
2120.0,1068440004#1,32
2120.0,1239087514,1
2120.0,238526531#0,25
2120.0,244450512#1,3
2120.0,300077497#0,12
2120.0,30620492#0,18
2120.0,30620492#1,5
2120.0,484988951#0,3
2120.0,49073226#2,3
2120.0,506322844#0,5
2120.0,51362429#0,11
2120.0,51362430,2
2120.0,593844221#0,2
2120.0,593847703#0,3
2120.0,593849711#2,15
2120.0,594658757#0,1
2120.0,:3086736518_0,1
2120.0,:3086736518_4,1
2120.0,:3086736518_6,1
2120.0,:655375232_2,3
2120.0,:655375232_6,1
2120.0,:655375232_8,1
2120.0,:655375233_0,2
2120.0,:655375233_4,4
2120.0,:655375233_8,2
2120.0,:655375238_1,1
2120.0,:655375238_3,1
2120.0,:655375238_5,1
2120.0,:cluster11510670762_4554226152_0,2
2120.0,:cluster11510670762_4554226152_1,1
2120.0,:cluster_3208478133_655375293_655375296_9631728504_#1more_16,2
2120.0,:cluster_3208478133_655375293_655375296_9631728504_#1more_8,3
2120.0,:cluster_3431431575_4777363357_655375231_6982059025_5,1
2140.0,-300077497#5,27
2140.0,-300077497#8,4
2140.0,-35274074#2,11
2140.0,-51362429#1,2
2140.0,-51362430,19
2140.0,-593847703#3,33
2140.0,-E0,19
2140.0,1068234498#0,36
2140.0,1068440001,9
2140.0,1068440004#1,32
2140.0,1068440006#0,1
2140.0,238526531#0,25
2140.0,244450512#1,3
2140.0,300077497#0,17
2140.0,30620492#0,18
2140.0,30620492#1,5
2140.0,484988951#0,4
2140.0,49073226#2,4
2140.0,506322844#0,5
2140.0,51362429#0,15
2140.0,593844221#0,2
2140.0,593847703#0,2
2140.0,593847705,1
2140.0,593849711#2,12
2140.0,594658757#0,1
2140.0,:3086736518_0,1
2140.0,:3086736518_4,1
2140.0,:3086736518_6,1
2140.0,:655375232_11,1
2140.0,:655375233_4,4
2140.0,:655375233_8,2
2140.0,:655375238_1,1
2140.0,:655375238_3,1
2140.0,:655375238_5,1
2140.0,:cluster11510670762_4554226152_0,2
2140.0,:cluster_2528018119_655375236_3,1
2140.0,:cluster_3208478133_655375293_655375296_9631728504_#1more_16,2
2140.0,:cluster_3208478133_655375293_655375296_9631728504_#1more_8,3
2140.0,:cluster_3431431575_4777363357_655375231_6982059025_3,1
2160.0,-300077497#5,27
2160.0,-300077497#8,4
2160.0,-35274074#2,11
2160.0,-51362429#1,7
2160.0,-51362430,19
2160.0,-593847703#3,28
2160.0,-E0,19
2160.0,1068234498#0,34
2160.0,1068440001,9
2160.0,1068440004#1,32
2160.0,1068440006#0,1
2160.0,238526531#0,26
2160.0,244450512#1,3
2160.0,300077497#0,18
2160.0,30620492#0,18
2160.0,30620492#1,5
2160.0,484988951#0,4
2160.0,49073226#2,7
2160.0,506322844#0,5
2160.0,51362429#0,15
2160.0,593847704#0,1
2160.0,593847705,1
2160.0,593849711#2,14
2160.0,594658757#0,1
2160.0,:3086736518_0,1
2160.0,:3086736518_4,1
2160.0,:655375232_8,2
2160.0,:655375233_2,1
2160.0,:655375233_4,2
2160.0,:655375233_8,2
2160.0,:655375238_1,1
2160.0,:655375238_3,1
2160.0,:655375238_5,1
2160.0,:cluster11510670762_4554226152_0,2
2160.0,:cluster655375336_end_0_655375336_end_1_655375336_end_10_655375336_end_11_#8more_25,2
2160.0,:cluster_3208478133_655375293_655375296_9631728504_#1more_16,2
2160.0,:cluster_3208478133_655375293_655375296_9631728504_#1more_8,2
2180.0,-300077497#5,26
2180.0,-300077497#8,4
2180.0,-35274074#2,11
2180.0,-51362429#1,9
2180.0,-51362430,19
2180.0,-593847703#3,29
2180.0,-E0,19
2180.0,1068234498#0,34
2180.0,1068440001,8
2180.0,1068440004#1,28
2180.0,1068440006#0,1
2180.0,1239087513,1
2180.0,238526531#0,25
2180.0,244450512#1,3
2180.0,300077497#0,21
2180.0,30620492#0,18
2180.0,30620492#1,5
2180.0,484988951#0,4
2180.0,49073226#2,8
2180.0,49073272#1,1
2180.0,506322844#0,5
2180.0,51362429#0,15
2180.0,51362430,2
2180.0,593847704#0,2
2180.0,593847705,1
2180.0,593849711#2,16
2180.0,594658757#0,1
2180.0,:3086736518_0,1
2180.0,:655375233_4,1
2180.0,:655375233_8,7
2180.0,:655375238_1,1
2180.0,:655375238_3,1
2180.0,:655375238_5,1
2180.0,:cluster11510670762_4554226152_0,1
2180.0,:cluster_2528018119_655375236_20,1
2180.0,:cluster_3431431575_4777363357_655375231_6982059025_3,1
2180.0,:cluster_9383263990_9383263991_9383263992_9383263993_7,1
2200.0,-300077497#5,26
2200.0,-300077497#8,3
2200.0,-35274074#2,9
2200.0,-51362429#1,9
2200.0,-51362430,17
2200.0,-593847703#3,29
2200.0,-E0,19
2200.0,1068234498#0,35
2200.0,1068440001,9
2200.0,1068440004#1,32
2200.0,1239087513,1
2200.0,238526531#0,25
2200.0,244450512#1,3
2200.0,288878926#0,1
2200.0,300077497#0,23
2200.0,30620492#0,18
2200.0,30620492#1,5
2200.0,484988951#0,5
2200.0,49073226#2,6
2200.0,49073272#3,1
2200.0,506322844#0,4
2200.0,51362429#0,15
2200.0,51362430,1
2200.0,593847705,1
2200.0,593849711#2,16
2200.0,593849718#0,1
2200.0,593852345#0,1
2200.0,594658757#0,1
2200.0,:3086736518_0,1
2200.0,:655375233_4,1
2200.0,:655375233_8,7
2200.0,:655375238_1,1
2200.0,:655375238_2,1
2200.0,:655375238_5,1
2200.0,:cluster11510670762_4554226152_0,1
2200.0,:cluster655375336_end_0_655375336_end_1_655375336_end_10_655375336_end_11_#8more_31,1
2200.0,:cluster_3431431575_4777363357_655375231_6982059025_3,1
2200.0,:cluster_623980147_623980152_4,1
2220.0,-300077497#5,25
2220.0,-300077497#8,4
2220.0,-35274074#2,11
2220.0,-51362429#1,5
2220.0,-51362430,17
2220.0,-593847703#3,30
2220.0,-593847704#2,2
2220.0,-E0,18
2220.0,1068234498#0,36
2220.0,1068440001,6
2220.0,1068440004#1,33
2220.0,182334378#0,1
2220.0,232003903#0,1
2220.0,238526531#0,23
2220.0,244450512#1,3
2220.0,260881642#0,4
2220.0,288135626#0,2
2220.0,288878926#0,5
2220.0,300077497#0,17
2220.0,30620492#0,17
2220.0,30620492#1,5
2220.0,35274074#0,2
2220.0,360018417,1
2220.0,484988951#0,5
2220.0,49073226#2,5
2220.0,49695736#0,1
2220.0,506322844#0,5
2220.0,506322846#0,2
2220.0,51362429#0,13
2220.0,51362430,1
2220.0,593849711#2,16
2220.0,593852345#0,1
2220.0,594658757#0,1
2220.0,:3086736518_0,1
2220.0,:3086736518_6,1
2220.0,:655375232_2,1
2220.0,:655375233_0,1
2220.0,:655375233_4,1
2220.0,:655375233_8,7
2220.0,:655375238_2,1
2220.0,:655375238_6,1
2220.0,:cluster11510670762_4554226152_0,1
2220.0,:cluster622618015_622618108_622618112_622618144_#2more_2,1
2220.0,:cluster655375336_end_0_655375336_end_1_655375336_end_10_655375336_end_11_#8more_25,2
2220.0,:cluster_2038168688_655375573_3,2
2220.0,:cluster_3208478133_655375293_655375296_9631728504_#1more_8,3
2240.0,-300077497#5,23
2240.0,-300077497#8,3
2240.0,-35274074#2,12
2240.0,-51362429#1,4
2240.0,-51362430,12
2240.0,-593847703#3,31
2240.0,-593847704#2,2
2240.0,-E0,19
2240.0,1068234498#0,33
2240.0,1068234499#0,2
2240.0,1068440001,3
2240.0,1068440004#1,33
2240.0,182334378#0,2
2240.0,186602412#0,4
2240.0,232003903#0,1
2240.0,238526531#0,25
2240.0,244450512#1,2
2240.0,260881642#0,3
2240.0,288878926#0,5
2240.0,300077497#0,12
2240.0,300077497#6,1
2240.0,30620492#0,18
2240.0,30620492#1,5
2240.0,484988951#0,3
2240.0,49695736#0,10
2240.0,506322844#0,5
2240.0,506322846#0,5
2240.0,51362429#0,10
2240.0,51362430,1
2240.0,593849711#2,13
2240.0,593852345#0,1
2240.0,594658757#0,1
2240.0,:3086736518_0,1
2240.0,:3086736518_6,1
2240.0,:655375232_11,1
2240.0,:655375232_6,1
2240.0,:655375233_0,1
2240.0,:655375233_4,1
2240.0,:655375233_8,7
2240.0,:655375238_1,1
2240.0,:655375238_5,1
2240.0,:656132414_2,1
2240.0,:cluster11510670762_4554226152_0,1
2240.0,:cluster622618015_622618108_622618112_622618144_#2more_49,1
2240.0,:cluster655375336_end_0_655375336_end_1_655375336_end_10_655375336_end_11_#8more_25,3
2240.0,:cluster_2038168688_655375573_23,1
2240.0,:cluster_2528018119_655375236_17,1
2240.0,:cluster_2664674491_655375287_655375288_5,1
2240.0,:cluster_3208478133_655375293_655375296_9631728504_#1more_8,2
2240.0,:cluster_3431431575_4777363357_655375231_6982059025_3,2
2240.0,:cluster_3431431575_4777363357_655375231_6982059025_5,1
2240.0,:cluster_5372642442_631668976_631668981_631669076_45,1
2260.0,-300077497#5,23
2260.0,-300077497#8,4
2260.0,-35274074#2,12
2260.0,-51362429#1,1
2260.0,-51362430,9
2260.0,-593847703#3,29
2260.0,-E0,19
2260.0,1068234498#0,32
2260.0,1068440001,4
2260.0,1068440004#1,33
2260.0,1068440006#0,1
2260.0,182334378#0,3
2260.0,186602412#0,4
2260.0,232003903#0,1
2260.0,238526531#0,25
2260.0,244450512#1,2
2260.0,260881642#0,3
2260.0,288878926#0,9
2260.0,300077497#0,8
2260.0,300077497#6,1
2260.0,30620492#0,18
2260.0,30620492#1,5
2260.0,35274074#0,6
2260.0,484988951#0,3
2260.0,49073226#2,7
2260.0,49695736#0,13
2260.0,506322844#0,5
2260.0,506322848#0,1
2260.0,51362429#0,15
2260.0,593849711#2,13
2260.0,593852345#0,1
2260.0,594658757#0,1
2260.0,:3086736518_0,1
2260.0,:3086736518_6,1
2260.0,:655375233_0,1
2260.0,:655375233_4,3
2260.0,:655375233_8,7
2260.0,:655375238_6,1
2260.0,:cluster655375336_end_0_655375336_end_1_655375336_end_10_655375336_end_11_#8more_25,5
2260.0,:cluster_2528018119_655375236_12,2
2260.0,:cluster_2528018119_655375236_20,1
2260.0,:cluster_2528018119_655375236_32,1
2260.0,:cluster_2664674491_655375287_655375288_5,1
2260.0,:cluster_3208478133_655375293_655375296_9631728504_#1more_8,2
2260.0,:cluster_9383263990_9383263991_9383263992_9383263993_7,1
2280.0,-1334905223#2,1
2280.0,-300077497#5,27
2280.0,-300077497#8,4
2280.0,-35274074#2,12
2280.0,-51362430,5
2280.0,-593847703#3,29
2280.0,-E0,19
2280.0,1068234498#0,33
2280.0,1068440001,5
2280.0,1068440004#1,33
2280.0,182334378#0,3
2280.0,196961215#2,1
2280.0,232003903#0,2
2280.0,238526531#0,24
2280.0,244450512#1,2
2280.0,260881642#0,2
2280.0,288878926#0,9
2280.0,300077497#0,14
2280.0,300077497#6,2
2280.0,30620492#0,18
2280.0,30620492#1,5
2280.0,35274074#0,8
2280.0,484988951#0,4
2280.0,49073226#2,8
2280.0,49695736#0,10
2280.0,506322844#0,4
2280.0,51362429#0,15
2280.0,593844221#0,2
2280.0,593849711#2,15
2280.0,594658757#0,1
2280.0,:3086736518_0,1
2280.0,:3086736518_6,1
2280.0,:655375233_0,1
2280.0,:655375233_4,3
2280.0,:655375233_8,7
2280.0,:655375238_6,1
2280.0,:cluster11510670762_4554226152_0,1
2280.0,:cluster655375336_end_0_655375336_end_1_655375336_end_10_655375336_end_11_#8more_25,2
2280.0,:cluster_2528018119_655375236_12,2
2280.0,:cluster_2528018119_655375236_20,1
2280.0,:cluster_3208478133_655375293_655375296_9631728504_#1more_8,5
2300.0,-300077497#5,26
2300.0,-300077497#8,4
2300.0,-35274074#2,12
2300.0,-51362430,1
2300.0,-593847703#3,29
2300.0,-E0,19
2300.0,1068234498#0,35
2300.0,1068440001,9
2300.0,1068440004#1,33
2300.0,182334378#0,3
2300.0,196961215#2,1
2300.0,238526531#0,24
2300.0,244450512#1,2
2300.0,288878926#0,9
2300.0,300077497#0,12
2300.0,30620492#0,18
2300.0,30620492#1,5
2300.0,35274074#0,12
2300.0,484988951#0,4
2300.0,49073226#2,8
2300.0,49695736#0,9
2300.0,506322844#0,6
2300.0,506322846#0,1
2300.0,51362429#0,15
2300.0,51362430,2
2300.0,593844221#0,2
2300.0,593849711#2,16
2300.0,594658757#0,1
2300.0,:3086736518_0,1
2300.0,:3086736518_6,1
2300.0,:655375233_0,1
2300.0,:655375233_4,3
2300.0,:655375233_8,7
2300.0,:655375238_6,1
2300.0,:cluster11510670762_4554226152_0,1
2300.0,:cluster_2038168688_655375573_23,1
2300.0,:cluster_2038168688_655375573_3,1
2300.0,:cluster_2038168688_655375573_6,1
2300.0,:cluster_2528018119_655375236_17,1
2300.0,:cluster_3208478133_655375293_655375296_9631728504_#1more_8,5
2320.0,-300077497#5,25
2320.0,-300077497#8,4
2320.0,-35274074#2,12
2320.0,-51362430,1
2320.0,-593847703#3,31
2320.0,-593847704#2,2
2320.0,-E0,19
2320.0,1068234498#0,32
2320.0,1068234499#0,1
2320.0,1068440001,9
2320.0,1068440004#1,33
2320.0,182334378#0,3
2320.0,186602412#0,3
2320.0,196961215#2,1
2320.0,238526531#0,26
2320.0,244450512#1,2
2320.0,288135626#0,1
2320.0,288878926#0,2
2320.0,300077497#0,4
2320.0,30620492#0,18
2320.0,30620492#1,5
2320.0,35274074#0,7
2320.0,484988951#0,5
2320.0,49073226#2,8
2320.0,49695736#0,9
2320.0,506322844#0,6
2320.0,506322846#0,12
2320.0,51362429#0,15
2320.0,593844221#0,2
2320.0,593849711#0,1
2320.0,593849711#2,16
2320.0,594658757#0,1
2320.0,:3086736518_0,1
2320.0,:3086736518_6,1
2320.0,:655375232_2,1
2320.0,:655375233_0,1
2320.0,:655375233_4,3
2320.0,:655375233_8,7
2320.0,:655375238_1,1
2320.0,:cluster11510670762_4554226152_0,1
2320.0,:cluster622618015_622618108_622618112_622618144_#2more_0,1
2320.0,:cluster_2038168688_655375573_24,1
2320.0,:cluster_2038168688_655375573_6,1
2320.0,:cluster_3208478133_655375293_655375296_9631728504_#1more_8,5
2340.0,-300077497#5,26
2340.0,-300077497#8,3
2340.0,-35274074#2,11
2340.0,-51362430,1
2340.0,-593847703#3,31
2340.0,-E0,19
2340.0,1068234498#0,34
2340.0,1068234499#0,3
2340.0,1068440001,9
2340.0,1068440004#1,33
2340.0,182334378#0,3
2340.0,186602412#0,5
2340.0,196961215#2,1
2340.0,238526531#0,26
2340.0,244450512#1,2
2340.0,300077497#6,2
2340.0,30620492#0,18
2340.0,30620492#1,5
2340.0,35274074#0,4
2340.0,484988951#0,3
2340.0,49073226#2,8
2340.0,49695736#0,9
2340.0,506322844#0,6
2340.0,506322846#0,13
2340.0,51362429#0,13
2340.0,593849711#2,16
2340.0,594658757#0,1
2340.0,:1973482489_8,1
2340.0,:3086736518_0,2
2340.0,:3086736518_6,1
2340.0,:655375233_0,2
2340.0,:655375233_4,3
2340.0,:655375233_8,7
2340.0,:655375238_0,1
2340.0,:cluster11510670762_4554226152_0,1
2340.0,:cluster655375336_end_0_655375336_end_1_655375336_end_10_655375336_end_11_#8more_25,3
2340.0,:cluster_3208478133_655375293_655375296_9631728504_#1more_8,4
2340.0,:cluster_3431431575_4777363357_655375231_6982059025_5,1
2360.0,-300077497#5,27
2360.0,-300077497#8,4
2360.0,-35274074#2,11
2360.0,-51362429#1,4
2360.0,-51362430,1
2360.0,-593847703#3,28
2360.0,-E0,19
2360.0,1068234498#0,34
2360.0,1068234499#0,1
2360.0,1068440001,8
2360.0,1068440004#1,33
2360.0,1068440006#0,1
2360.0,182334378#0,3
2360.0,186602412#0,5
2360.0,196961215#2,1
2360.0,238526531#0,24
2360.0,244450512#1,2
2360.0,263217604#0,1
2360.0,300077497#0,6
2360.0,300077497#6,4
2360.0,30620492#0,18
2360.0,30620492#1,5
2360.0,35274074#0,4
2360.0,484988951#0,4
2360.0,49073226#2,8
2360.0,49695736#0,7
2360.0,506322844#0,5
2360.0,506322846#0,6
2360.0,51362429#0,16
2360.0,593849711#2,12
2360.0,:1973482489_3,1
2360.0,:3086736518_0,2
2360.0,:3086736518_4,1
2360.0,:3086736518_6,1
2360.0,:655375232_8,1
2360.0,:655375233_0,2
2360.0,:655375233_4,4
2360.0,:655375233_8,7
2360.0,:655375241_0,1
2360.0,:cluster11510670762_4554226152_0,2
2360.0,:cluster655375336_end_0_655375336_end_1_655375336_end_10_655375336_end_11_#8more_25,1
2360.0,:cluster_2528018119_655375236_12,2
2360.0,:cluster_2528018119_655375236_20,2
2380.0,-300077497#5,27
2380.0,-300077497#8,4
2380.0,-35274074#2,12
2380.0,-51362429#1,8
2380.0,-51362430,1
2380.0,-593847703#3,28
2380.0,-E0,19
2380.0,1068234498#0,35
2380.0,1068234499#0,1
2380.0,1068440001,8
2380.0,1068440004#1,31
2380.0,1068440006#0,1
2380.0,182334378#0,3
2380.0,186602412#0,5
2380.0,196961215#2,1
2380.0,238526531#0,23
2380.0,244450512#1,2
2380.0,263217604#0,1
2380.0,300077497#0,6
2380.0,30620492#0,18
2380.0,30620492#1,5
2380.0,35274074#0,11
2380.0,484988951#0,4
2380.0,49073226#2,8
2380.0,49695736#0,2
2380.0,506322844#0,5
2380.0,51362429#0,17
2380.0,593847702#0,7
2380.0,593847703#0,1
2380.0,593849711#2,17
2380.0,:3086736518_0,2
2380.0,:3086736518_6,1
2380.0,:655375233_0,1
2380.0,:655375233_4,2
2380.0,:655375233_8,2
2380.0,:655375239_3,1
2380.0,:cluster11510670762_4554226152_0,2
2380.0,:cluster_2528018119_655375236_12,2
2380.0,:cluster_2528018119_655375236_32,1
2400.0,-300077497#5,25
2400.0,-300077497#8,4
2400.0,-35274074#2,12
2400.0,-51362429#1,8
2400.0,-593847703#3,30
2400.0,-E0,19
2400.0,1068234498#0,34
2400.0,1068234499#0,1
2400.0,1068440001,4
2400.0,1068440004#1,25
2400.0,182334378#0,3
2400.0,196961215#2,1
2400.0,232003903#0,1
2400.0,238526531#0,24
2400.0,260881642#0,2
2400.0,300077497#0,2
2400.0,30620492#0,18
2400.0,30620492#1,5
2400.0,35274074#0,6
2400.0,360843888,1
2400.0,484988951#0,4
2400.0,49073226#2,8
2400.0,49695736#0,2
2400.0,506322844#0,5
2400.0,506322846#0,7
2400.0,51362429#0,17
2400.0,593844221#0,2
2400.0,593847702#0,15
2400.0,593847703#0,1
2400.0,593849711#2,18
2400.0,:1973482489_3,1
2400.0,:3086736518_0,2
2400.0,:3086736518_6,1
2400.0,:655375233_4,1
2400.0,:655375238_1,1
2400.0,:cluster_2038168688_655375573_23,1
2400.0,:cluster_2038168688_655375573_24,1
2400.0,:cluster_2038168688_655375573_6,1
2400.0,:cluster_3208478133_655375293_655375296_9631728504_#1more_8,5
2400.0,:cluster_5372642442_631668976_631668981_631669076_45,1
2420.0,-300077497#5,26
2420.0,-300077497#8,2
2420.0,-35274074#2,12
2420.0,-51362429#1,8
2420.0,-593847703#3,31
2420.0,-E0,19
2420.0,1068234498#0,33
2420.0,1068234499#0,1
2420.0,1068440004#1,27
2420.0,182334379#0,1
2420.0,186602412#0,4
2420.0,196961215#2,1
2420.0,232003903#0,2
2420.0,238526531#0,26
2420.0,300077497#6,2
2420.0,30620492#0,18
2420.0,30620492#1,5
2420.0,360843888,1
2420.0,484988951#0,4
2420.0,49073226#2,8
2420.0,49695736#0,9
2420.0,506322844#0,5
2420.0,506322846#0,11
2420.0,51362429#0,17
2420.0,593847702#0,15
2420.0,593849711#2,18
2420.0,:1973482489_8,1
2420.0,:3086736518_0,2
2420.0,:3086736518_6,1
2420.0,:655375233_4,1
2420.0,:655375238_5,1
2420.0,:cluster655375336_end_0_655375336_end_1_655375336_end_10_655375336_end_11_#8more_25,2
2420.0,:cluster_3208478133_655375293_655375296_9631728504_#1more_8,2
2440.0,-300077497#5,27
2440.0,-300077497#8,4
2440.0,-35274074#2,12
2440.0,-51362429#1,7
2440.0,-593847703#3,31
2440.0,-E0,19
2440.0,1068234498#0,33
2440.0,1068440004#1,27
2440.0,186602412#0,4
2440.0,232003903#0,2
2440.0,238526531#0,26
2440.0,288878926#0,4
2440.0,300077497#0,2
2440.0,300077497#6,2
2440.0,30620492#0,18
2440.0,30620492#1,5
2440.0,360843888,1
2440.0,484988951#0,3
2440.0,49073226#2,4
2440.0,49695736#0,9
2440.0,506322844#0,5
2440.0,506322846#0,4
2440.0,51362429#0,10
2440.0,593847701,1
2440.0,593847702#0,7
2440.0,593847703#0,9
2440.0,593847705,1
2440.0,593849711#2,18
2440.0,593849718#0,3
2440.0,:1973482489_3,1
2440.0,:3086736518_6,1
2440.0,:655375232_2,2
2440.0,:655375233_0,2
2440.0,:655375233_4,1
2440.0,:cluster622618015_622618108_622618112_622618144_#2more_31,5
2440.0,:cluster_2528018119_655375236_12,1
2440.0,:cluster_2528018119_655375236_20,1
2440.0,:cluster_2528018119_655375236_32,1
2440.0,:cluster_3431431575_4777363357_655375231_6982059025_3,1
2440.0,:cluster_3431431575_4777363357_655375231_6982059025_5,1
2440.0,:cluster_623980147_623980152_4,1
2440.0,:cluster_9383263990_9383263991_9383263992_9383263993_7,1
2460.0,-300077497#5,27
2460.0,-300077497#8,4
2460.0,-35274074#2,12
2460.0,-51362429#1,1
2460.0,-593847703#3,29
2460.0,-E0,19
2460.0,1068234498#0,33
2460.0,1068440004#1,27
2460.0,1068440006#0,3
2460.0,186602412#0,3
2460.0,232003903#0,2
2460.0,238526531#0,25
2460.0,263217604#0,3
2460.0,288878926#0,11
2460.0,300077497#0,6
2460.0,300077497#6,2
2460.0,30620492#0,18
2460.0,30620492#1,5
2460.0,35274074#0,2
2460.0,360843888,1
2460.0,484988951#0,4
2460.0,49073226#2,5
2460.0,49695736#0,2
2460.0,506322844#0,5
2460.0,506322847#0,1
2460.0,51362429#0,13
2460.0,593847701,1
2460.0,593847703#0,8
2460.0,593847705,1
2460.0,593849711#2,12
2460.0,:3086736518_4,1
2460.0,:655375232_2,2
2460.0,:655375233_4,2
2460.0,:655375238_6,1
2460.0,:cluster622618015_622618108_622618112_622618144_#2more_39,1
2460.0,:cluster_2528018119_655375236_12,1
2460.0,:cluster_2528018119_655375236_20,1
2460.0,:cluster_2528018119_655375236_32,1
2460.0,:cluster_3431431575_4777363357_655375231_6982059025_3,3
2480.0,-300077497#5,25
2480.0,-300077497#8,4
2480.0,-35274074#2,12
2480.0,-506322847#4,1
2480.0,-51362429#1,8
2480.0,-593847703#3,24
2480.0,-E0,19
2480.0,1068234498#0,35
2480.0,1068440004#1,27
2480.0,1068440006#0,3
2480.0,182334378#0,1
2480.0,238526531#0,25
2480.0,244450512#5,1
2480.0,263217604#0,3
2480.0,288878926#0,13
2480.0,300077497#0,6
2480.0,30620492#0,18
2480.0,30620492#1,5
2480.0,35274074#0,5
2480.0,484988951#0,4
2480.0,49073226#2,7
2480.0,506322844#0,5
2480.0,506322846#0,1
2480.0,51362429#0,13
2480.0,51362430,2
2480.0,593847701,1
2480.0,593847703#0,4
2480.0,593847705,1
2480.0,593849711#2,12
2480.0,:3086736518_4,1
2480.0,:655375232_2,2
2480.0,:655375238_6,1
2480.0,:cluster_2038168688_655375573_23,1
2480.0,:cluster_2038168688_655375573_3,1
2480.0,:cluster_2038168688_655375573_6,1
2480.0,:cluster_2528018119_655375236_17,1
2480.0,:cluster_2528018119_655375236_3,1
2500.0,-300077497#5,24
2500.0,-300077497#8,4
2500.0,-35274074#2,12
2500.0,-51362429#1,7
2500.0,-593847703#3,25
2500.0,-593847704#2,1
2500.0,-E0,19
2500.0,1068234498#0,35
2500.0,1068234499#0,3
2500.0,1068440004#1,16
2500.0,1239087514,1
2500.0,182334378#0,1
2500.0,186602412#0,3
2500.0,238526531#0,25
2500.0,244450512#4,2
2500.0,244450512#5,1
2500.0,288878926#0,7
2500.0,300077497#0,4
2500.0,300077497#6,1
2500.0,30620492#0,18
2500.0,30620492#1,5
2500.0,35274074#0,3
2500.0,484988951#0,4
2500.0,49073226#2,8
2500.0,506322844#0,5
2500.0,506322846#0,8
2500.0,51362429#0,15
2500.0,51362430,2
2500.0,593847701,1
2500.0,593847702#0,11
2500.0,593847705,1
2500.0,593849711#0,1
2500.0,593849711#2,12
2500.0,594658760#0,1
2500.0,:3086736518_4,1
2500.0,:655375232_2,2
2500.0,:655375238_1,1
2500.0,:cluster622618015_622618108_622618112_622618144_#2more_2,1
2500.0,:cluster_2038168688_655375573_23,1
2500.0,:cluster_2038168688_655375573_3,1
2520.0,-300077497#5,27
2520.0,-300077497#8,1
2520.0,-35274074#2,12
2520.0,-51362429#1,7
2520.0,-593847703#3,25
2520.0,-E0,18
2520.0,1068234498#0,38
2520.0,1068234499#0,3
2520.0,1068440004#1,17
2520.0,182334378#0,1
2520.0,186602412#0,4
2520.0,238526531#0,25
2520.0,244450512#5,3
2520.0,288878926#0,4
2520.0,300077497#0,2
2520.0,300077497#6,1
2520.0,30620492#0,17
2520.0,30620492#1,5
2520.0,484988951#0,5
2520.0,49073226#2,8
2520.0,506322844#0,5
2520.0,506322846#0,7
2520.0,51362429#0,16
2520.0,51362430,1
2520.0,593847701,1
2520.0,593847702#0,11
2520.0,593847705,1
2520.0,593849711#2,12
2520.0,:1973482489_8,1
2520.0,:3086736518_4,1
2520.0,:3086736518_6,1
2520.0,:655375232_2,2
2520.0,:655375238_1,1
2520.0,:655375238_6,1
2540.0,-300077497#5,27
2540.0,-300077497#8,4
2540.0,-35274074#2,12
2540.0,-51362429#1,7
2540.0,-593847703#3,25
2540.0,-E0,18
2540.0,1068234498#0,38
2540.0,1068440004#1,17
2540.0,186602412#0,4
2540.0,238526531#0,25
2540.0,244450512#5,3
2540.0,288878926#0,4
2540.0,300077497#0,3
2540.0,300077497#6,1
2540.0,30620492#0,18
2540.0,30620492#1,5
2540.0,35274074#0,4
2540.0,484988951#0,3
2540.0,49073226#2,8
2540.0,506322844#0,5
2540.0,51362429#0,10
2540.0,51362430,1
2540.0,593847703#0,4
2540.0,593849711#2,12
2540.0,593849718#0,7
2540.0,:1973482489_3,1
2540.0,:3086736518_0,1
2540.0,:3086736518_4,1
2540.0,:3086736518_6,1
2540.0,:655375233_0,4
2540.0,:cluster_3431431575_4777363357_655375231_6982059025_7,1
2560.0,-300077497#5,27
2560.0,-300077497#8,4
2560.0,-35274074#2,12
2560.0,-51362429#1,9
2560.0,-593847703#3,25
2560.0,-E0,19
2560.0,1068234498#0,38
2560.0,1068440004#1,17
2560.0,238526531#0,25
2560.0,244450512#5,3
2560.0,288878926#0,4
2560.0,30620492#0,18
2560.0,30620492#1,5
2560.0,35274074#0,4
2560.0,484988951#0,3
2560.0,49073226#2,9
2560.0,506322844#0,5
2560.0,51362429#0,15
2560.0,593847703#0,8
2560.0,593847705,1
2560.0,593849711#2,10
2560.0,:3086736518_4,1
2560.0,:3086736518_6,1
2560.0,:655375239_3,1
2560.0,:cluster_3431431575_4777363357_655375231_6982059025_7,1
2580.0,-300077497#5,25
2580.0,-300077497#8,4
2580.0,-35274074#2,12
2580.0,-51362429#1,9
2580.0,-593847703#3,24
2580.0,-593847704#2,1
2580.0,-E0,19
2580.0,1068234498#0,38
2580.0,1068440004#1,17
2580.0,182334379#0,1
2580.0,238526531#0,25
2580.0,288878926#0,2
2580.0,300077497#0,7
2580.0,30620492#0,18
2580.0,30620492#1,5
2580.0,484988951#0,4
2580.0,49073226#2,10
2580.0,506322844#0,5
2580.0,506322846#0,3
2580.0,51362429#0,16
2580.0,51362430,3
2580.0,593847705,1
2580.0,593849711#2,10
2580.0,:1973482489_3,1
2580.0,:3086736518_4,1
2580.0,:3086736518_6,1
2580.0,:655375233_4,2
2580.0,:cluster622618015_622618108_622618112_622618144_#2more_2,1
2580.0,:cluster_2528018119_655375236_31,1
2600.0,-300077497#5,27
2600.0,-300077497#8,2
2600.0,-35274074#2,11
2600.0,-51362429#1,9
2600.0,-593847703#3,24
2600.0,-E0,19
2600.0,1068234498#0,38
2600.0,1068440004#1,11
2600.0,186602412#0,1
2600.0,232003903#0,1
2600.0,238526531#0,26
2600.0,300077497#0,3
2600.0,30620492#0,18
2600.0,30620492#1,5
2600.0,484988951#0,5
2600.0,49073226#2,10
2600.0,506322844#0,5
2600.0,506322846#0,2
2600.0,51362429#0,17
2600.0,51362430,1
2600.0,593847705,1
2600.0,593849711#2,10
2600.0,:3086736518_4,1
2600.0,:3086736518_6,1
2600.0,:655375233_4,2
2600.0,:655375233_8,6
2600.0,:655375238_1,1
2600.0,:655375238_2,1
2600.0,:cluster_2038168688_655375573_23,1
2620.0,-300077497#5,27
2620.0,-300077497#8,4
2620.0,-35274074#2,11
2620.0,-51362429#1,9
2620.0,-593847703#3,24
2620.0,-E0,19
2620.0,1068234498#0,38
2620.0,1068440004#1,11
2620.0,186602412#0,3
2620.0,232003903#0,1
2620.0,238526531#0,24
2620.0,30620492#0,18
2620.0,30620492#1,5
2620.0,35274074#0,4
2620.0,484988951#0,5
2620.0,49073226#2,10
2620.0,506322844#0,5
2620.0,506322847#0,1
2620.0,51362429#0,17
2620.0,51362430,1
2620.0,593847705,1
2620.0,593849711#2,10
2620.0,:3086736518_4,1
2620.0,:3086736518_6,1
2620.0,:655375233_4,2
2620.0,:655375233_8,6
2620.0,:655375238_2,1
2620.0,:655375238_3,1
2640.0,-300077497#5,27
2640.0,-300077497#8,4
2640.0,-35274074#2,11
2640.0,-506322847#4,1
2640.0,-51362429#1,9
2640.0,-593847703#3,24
2640.0,-E0,19
2640.0,1068234498#0,38
2640.0,1068440004#1,11
2640.0,232003903#0,1
2640.0,238526531#0,24
2640.0,263217604#0,2
2640.0,30620492#0,18
2640.0,30620492#1,5
2640.0,35274074#0,4
2640.0,484988951#0,5
2640.0,49073226#2,10
2640.0,506322844#0,5
2640.0,51362429#0,12
2640.0,51362430,1
2640.0,593849711#2,10
2640.0,:3086736518_0,2
2640.0,:3086736518_4,1
2640.0,:3086736518_6,1
2640.0,:655375232_2,3
2640.0,:655375233_0,1
2640.0,:655375233_4,2
2640.0,:655375233_8,6
2640.0,:655375238_2,1
2640.0,:655375238_3,1
2660.0,-300077497#5,27
2660.0,-300077497#8,4
2660.0,-35274074#2,11
2660.0,-51362429#1,9
2660.0,-593847703#3,24
2660.0,-E0,19
2660.0,1068234498#0,38
2660.0,1068440004#1,11
2660.0,238526531#0,24
2660.0,263217604#0,2
2660.0,30620492#0,18
2660.0,30620492#1,5
2660.0,484988951#0,4
2660.0,49073226#2,12
2660.0,506322844#0,5
2660.0,506322846#0,1
2660.0,51362429#0,15
2660.0,51362430,1
2660.0,593849711#2,10
2660.0,:3086736518_0,2
2660.0,:3086736518_4,1
2660.0,:3086736518_6,1
2660.0,:655375232_2,3
2660.0,:655375233_0,1
2660.0,:655375233_4,2
2660.0,:655375233_8,6
2660.0,:655375238_2,1
2660.0,:655375238_3,1
2660.0,:cluster_2038168688_655375573_23,1
2660.0,:cluster_2038168688_655375573_24,1
2660.0,:cluster_2038168688_655375573_3,1
2660.0,:cluster_2038168688_655375573_6,1
2680.0,-300077497#5,27
2680.0,-300077497#8,4
2680.0,-35274074#2,11
2680.0,-51362429#1,8
2680.0,-593847703#3,24
2680.0,-E0,19
2680.0,1068234498#0,34
2680.0,1068440004#1,11
2680.0,186602412#0,3
2680.0,238526531#0,27
2680.0,244450512#4,1
2680.0,288878926#0,3
2680.0,30620492#0,18
2680.0,30620492#1,5
2680.0,484988951#0,4
2680.0,49073226#2,7
2680.0,506322844#0,5
2680.0,506322846#0,1
2680.0,51362429#0,16
2680.0,593849711#0,1
2680.0,593849711#2,10
2680.0,594658760#0,1
2680.0,:1973482489_3,1
2680.0,:3086736518_0,2
2680.0,:3086736518_4,1
2680.0,:3086736518_6,1
2680.0,:655375232_2,3
2680.0,:655375233_0,1
2680.0,:655375233_4,2
2680.0,:655375233_8,6
2680.0,:655375238_2,1
2680.0,:655375238_3,1
2680.0,:cluster622618015_622618108_622618112_622618144_#2more_0,1
2680.0,:cluster_3431431575_4777363357_655375231_6982059025_3,1
2680.0,:cluster_5372642442_631668976_631668981_631669076_26,1
2680.0,:cluster_623980147_623980152_4,1
2700.0,-300077497#5,27
2700.0,-300077497#8,4
2700.0,-35274074#2,11
2700.0,-51362429#1,3
2700.0,-593847703#3,24
2700.0,-E0,19
2700.0,1068234498#0,32
2700.0,1068440004#1,12
2700.0,238526531#0,29
2700.0,244450512#5,1
2700.0,288878926#0,8
2700.0,30620492#0,18
2700.0,30620492#1,5
2700.0,484988951#0,4
2700.0,49073226#2,4
2700.0,506322844#0,5
2700.0,51362429#0,17
2700.0,593847704#0,1
2700.0,593849711#2,10
2700.0,:3086736518_0,2
2700.0,:655375232_2,3
2700.0,:655375233_0,1
2700.0,:655375233_4,2
2700.0,:655375233_8,6
2700.0,:655375238_2,1
2700.0,:655375238_3,1
2700.0,:cluster_3431431575_4777363357_655375231_6982059025_3,3
2700.0,:cluster_5372642442_631668976_631668981_631669076_45,1
2700.0,:cluster_623980147_623980152_4,1
2720.0,-1334905223#2,2
2720.0,-300077497#5,27
2720.0,-300077497#8,4
2720.0,-35274074#2,11
2720.0,-593847703#3,24
2720.0,-E0,19
2720.0,1068234498#0,33
2720.0,1068440004#1,12
2720.0,238526531#0,25
2720.0,244450512#5,1
2720.0,288878926#0,13
2720.0,30620492#0,18
2720.0,30620492#1,5
2720.0,484988951#0,4
2720.0,49073226#2,6
2720.0,506322840#0,2
2720.0,506322844#0,5
2720.0,51362429#0,17
2720.0,593847704#0,1
2720.0,593849711#2,10
2720.0,:3086736518_0,2
2720.0,:655375232_2,3
2720.0,:655375233_0,1
2720.0,:655375233_4,2
2720.0,:655375233_8,6
2720.0,:655375238_2,1
2720.0,:655375238_3,1
2720.0,:655375241_0,1
2740.0,-300077497#5,27
2740.0,-300077497#8,4
2740.0,-35274074#2,11
2740.0,-593847703#3,24
2740.0,-E0,18
2740.0,1068234498#0,35
2740.0,1068440004#1,12
2740.0,238526531#0,25
2740.0,244450512#5,1
2740.0,288878926#0,13
2740.0,30620492#0,18
2740.0,30620492#1,5
2740.0,484988951#0,4
2740.0,49073226#2,6
2740.0,506322844#0,5
2740.0,51362429#0,13
2740.0,593849711#2,10
2740.0,:3086736518_0,4
2740.0,:3086736518_6,1
2740.0,:655375232_2,4
2740.0,:655375233_0,1
2740.0,:655375233_4,2
2740.0,:655375233_8,6
2740.0,:655375238_2,1
2740.0,:655375238_3,1
2760.0,-300077497#5,27
2760.0,-300077497#8,4
2760.0,-35274074#2,11
2760.0,-51362429#1,1
2760.0,-593847703#3,24
2760.0,-E0,18
2760.0,1068234498#0,36
2760.0,1068440004#1,12
2760.0,238526531#0,25
2760.0,288135626#0,2
2760.0,288878926#0,11
2760.0,30620492#0,18
2760.0,30620492#1,5
2760.0,484988951#0,4
2760.0,49073226#2,7
2760.0,506322844#0,5
2760.0,51362429#0,14
2760.0,51362430,1
2760.0,593849711#0,1
2760.0,593849711#2,8
2760.0,:3086736518_0,4
2760.0,:3086736518_6,1
2760.0,:655375232_11,1
2760.0,:655375232_2,6
2760.0,:655375233_0,1
2760.0,:655375233_4,2
2760.0,:655375233_8,6
2760.0,:655375238_2,1
2760.0,:655375238_3,1
2780.0,-300077497#5,26
2780.0,-300077497#8,4
2780.0,-35274074#2,11
2780.0,-51362429#1,5
2780.0,-593847703#3,21
2780.0,-593847704#2,1
2780.0,-E0,18
2780.0,1068234498#0,36
2780.0,1068234499#0,2
2780.0,1068440004#1,12
2780.0,238526531#0,25
2780.0,288878926#0,4
2780.0,30620492#0,18
2780.0,30620492#1,5
2780.0,484988951#0,4
2780.0,49073226#2,8
2780.0,506322844#0,5
2780.0,51362429#0,16
2780.0,593849711#2,6
2780.0,:3086736518_0,4
2780.0,:3086736518_3,1
2780.0,:3086736518_6,1
2780.0,:655375232_2,6
2780.0,:655375232_8,1
2780.0,:655375233_0,1
2780.0,:655375233_4,1
2780.0,:655375233_8,6
2780.0,:655375238_2,1
2780.0,:655375238_3,1
2780.0,:cluster_2528018119_655375236_17,1
2800.0,-300077497#5,26
2800.0,-300077497#8,4
2800.0,-35274074#2,11
2800.0,-51362429#1,6
2800.0,-593847703#3,21
2800.0,-593847705,1
2800.0,-E0,18
2800.0,1068234498#0,36
2800.0,1068440004#1,10
2800.0,238526531#0,25
2800.0,288878926#0,4
2800.0,300077497#0,2
2800.0,30620492#0,18
2800.0,30620492#1,5
2800.0,484988951#0,4
2800.0,49073226#2,8
2800.0,49073272#1,1
2800.0,506322844#0,5
2800.0,51362429#0,17
2800.0,593847704#0,1
2800.0,593849711#2,6
2800.0,:3086736518_0,4
2800.0,:3086736518_6,1
2800.0,:655375232_2,6
2800.0,:655375233_0,1
2800.0,:655375233_4,1
2800.0,:655375233_8,6
2800.0,:655375238_2,1
2800.0,:655375238_3,1
2800.0,:cluster622618015_622618108_622618112_622618144_#2more_31,1
2820.0,-300077497#5,27
2820.0,-300077497#8,4
2820.0,-35274074#2,11
2820.0,-51362429#1,6
2820.0,-593847703#3,21
2820.0,-593847705,1
2820.0,-E0,18
2820.0,1068234498#0,36
2820.0,1068440004#1,10
2820.0,238526531#0,25
2820.0,288878926#0,4
2820.0,300077497#0,2
2820.0,30620492#0,18
2820.0,30620492#1,4
2820.0,484988951#0,4
2820.0,49073226#2,8
2820.0,49073272#3,1
2820.0,506322844#0,4
2820.0,51362429#0,17
2820.0,593849711#2,6
2820.0,:3086736518_0,4
2820.0,:3086736518_6,1
2820.0,:655375232_2,6
2820.0,:655375233_0,1
2820.0,:655375233_4,1
2820.0,:655375233_8,6
2820.0,:655375238_3,1
2820.0,:655375238_5,1
2820.0,:cluster622618015_622618108_622618112_622618144_#2more_37,1
2840.0,-300077497#5,24
2840.0,-300077497#8,4
2840.0,-35274074#2,11
2840.0,-51362429#1,6
2840.0,-593847703#3,23
2840.0,-593847705,1
2840.0,-E0,18
2840.0,1068234498#0,36
2840.0,1068440004#1,10
2840.0,238526531#0,25
2840.0,288878926#0,4
2840.0,30620492#0,17
2840.0,30620492#1,5
2840.0,360018417,1
2840.0,484988951#0,4
2840.0,49073226#2,8
2840.0,506322844#0,5
2840.0,51362429#0,17
2840.0,593849711#2,6
2840.0,:3086736518_0,3
2840.0,:3086736518_6,1
2840.0,:3208478121_3,1
2840.0,:655375232_2,6
2840.0,:655375233_0,2
2840.0,:655375233_4,1
2840.0,:655375233_8,6
2840.0,:655375238_3,1
2840.0,:655375238_5,1
2840.0,:655375239_3,1
2840.0,:cluster_2528018119_655375236_31,1
2860.0,-300077497#5,23
2860.0,-300077497#8,4
2860.0,-35274074#2,11
2860.0,-51362429#1,6
2860.0,-593847703#3,24
2860.0,-593847705,1
2860.0,-E0,18
2860.0,1068234498#0,36
2860.0,1068440004#1,10
2860.0,1239087514,1
2860.0,196961377#3,2
2860.0,238526531#0,25
2860.0,30620492#0,18
2860.0,30620492#1,5
2860.0,484988951#0,4
2860.0,49073226#2,8
2860.0,506322844#0,5
2860.0,51362429#0,17
2860.0,593849711#2,6
2860.0,:3086736518_0,3
2860.0,:3086736518_6,1
2860.0,:655375232_2,6
2860.0,:655375233_0,2
2860.0,:655375233_4,1
2860.0,:655375233_8,6
2860.0,:655375238_3,1
2860.0,:655375238_5,1
2880.0,-300077497#5,26
2880.0,-300077497#8,1
2880.0,-35274074#2,11
2880.0,-51362429#1,9
2880.0,-593847703#3,22
2880.0,-E0,18
2880.0,1068234498#0,36
2880.0,1068440004#1,10
2880.0,238526531#0,25
2880.0,30620492#0,18
2880.0,30620492#1,5
2880.0,484988951#0,5
2880.0,49073226#2,8
2880.0,506322844#0,5
2880.0,51362429#0,17
2880.0,593847704#0,1
2880.0,593849711#2,3
2880.0,:3086736518_0,3
2880.0,:3086736518_6,1
2880.0,:655375232_2,6
2880.0,:655375233_0,2
2880.0,:655375233_4,3
2880.0,:655375233_8,6
2880.0,:655375238_3,1
2880.0,:655375238_5,1
2900.0,-300077497#5,27
2900.0,-300077497#8,4
2900.0,-35274074#2,11
2900.0,-51362429#1,10
2900.0,-593847703#3,20
2900.0,-E0,18
2900.0,1068234498#0,36
2900.0,1068440004#1,10
2900.0,238526531#0,22
2900.0,263217604#0,1
2900.0,300077497#6,2
2900.0,30620492#0,18
2900.0,30620492#1,5
2900.0,484988951#0,5
2900.0,49073226#2,8
2900.0,506322844#0,5
2900.0,506322848#0,1
2900.0,51362429#0,17
2900.0,593847704#0,1
2900.0,593849711#2,3
2900.0,:3086736518_0,3
2900.0,:3086736518_6,1
2900.0,:655375232_2,6
2900.0,:655375233_0,2
2900.0,:655375233_4,3
2900.0,:655375233_8,6
2900.0,:655375239_6,1
2900.0,:cluster_2038168688_655375573_8,1
2900.0,:cluster_623980147_623980152_9,1
2920.0,-300077497#5,27
2920.0,-300077497#8,4
2920.0,-35274074#2,12
2920.0,-51362429#1,4
2920.0,-593847703#3,20
2920.0,-E0,18
2920.0,1068234498#0,36
2920.0,1068440004#1,10
2920.0,238526531#0,22
2920.0,263217604#0,2
2920.0,288878926#0,7
2920.0,30620492#0,18
2920.0,30620492#1,5
2920.0,484988951#0,5
2920.0,49073226#2,4
2920.0,49073272#3,1
2920.0,506322844#0,5
2920.0,506322848#0,1
2920.0,51362429#0,17
2920.0,593849711#2,3
2920.0,:3086736518_0,3
2920.0,:3086736518_6,1
2920.0,:655375232_2,6
2920.0,:655375233_0,2
2920.0,:655375233_4,3
2920.0,:655375233_8,6
2920.0,:cluster_3431431575_4777363357_655375231_6982059025_3,3
2920.0,:cluster_623980147_623980152_4,1
2940.0,-300077497#5,27
2940.0,-300077497#8,4
2940.0,-35274074#2,12
2940.0,-593847703#3,20
2940.0,-E0,18
2940.0,1068234498#0,33
2940.0,1068440004#1,10
2940.0,238526531#0,24
2940.0,288878926#0,11
2940.0,30620492#0,18
2940.0,30620492#1,5
2940.0,360018417,1
2940.0,484988951#0,5
2940.0,49073226#2,6
2940.0,506322844#0,5
2940.0,506322848#0,1
2940.0,51362429#0,17
2940.0,593847703#0,1
2940.0,593849711#0,1
2940.0,593849711#2,3
2940.0,594658760#0,2
2940.0,:3086736518_0,3
2940.0,:3086736518_6,1
2940.0,:655375232_2,6
2940.0,:655375233_0,1
2940.0,:655375233_4,3
2940.0,:655375233_8,6
2940.0,:cluster_5372642442_631668976_631668981_631669076_45,1
2960.0,-300077497#5,24
2960.0,-300077497#8,4
2960.0,-35274074#2,12
2960.0,-593847703#3,22
2960.0,-593847704#2,2
2960.0,-E0,18
2960.0,1068234498#0,29
2960.0,1068440004#1,10
2960.0,238526531#0,27
2960.0,288135626#0,1
2960.0,288878926#0,8
2960.0,30620492#0,18
2960.0,30620492#1,5
2960.0,484988951#0,5
2960.0,49073226#2,3
2960.0,506322844#0,5
2960.0,506322848#0,1
2960.0,51362429#0,17
2960.0,593849711#2,3
2960.0,:3086736518_0,2
2960.0,:3086736518_6,1
2960.0,:655375232_2,6
2960.0,:655375233_0,2
2960.0,:655375233_4,3
2960.0,:655375233_8,6
2960.0,:cluster622618015_622618108_622618112_622618144_#2more_49,1
2960.0,:cluster655375336_end_0_655375336_end_1_655375336_end_10_655375336_end_11_#8more_13,1
2960.0,:cluster655375336_end_0_655375336_end_1_655375336_end_10_655375336_end_11_#8more_18,1
2960.0,:cluster_2528018119_655375236_17,1
2960.0,:cluster_5372642442_631668976_631668981_631669076_45,1
2980.0,-300077497#5,24
2980.0,-300077497#8,4
2980.0,-35274074#2,12
2980.0,-51362429#1,2
2980.0,-593847703#3,22
2980.0,-E0,18
2980.0,1068234498#0,33
2980.0,1068440004#1,11
2980.0,238526531#0,25
2980.0,288878926#0,8
2980.0,300077497#0,1
2980.0,30620492#0,18
2980.0,30620492#1,5
2980.0,484988951#0,5
2980.0,49073226#2,4
2980.0,506322844#0,5
2980.0,506322848#0,3
2980.0,51362429#0,17
2980.0,:3086736518_0,2
2980.0,:3086736518_4,1
2980.0,:3086736518_6,1
2980.0,:655375232_2,6
2980.0,:655375233_0,2
2980.0,:655375233_4,4
2980.0,:655375233_8,6
2980.0,:cluster_9383263990_9383263991_9383263992_9383263993_7,1
3000.0,-300077497#5,27
3000.0,-300077497#8,4
3000.0,-35274074#2,11
3000.0,-51362429#1,5
3000.0,-593847703#3,20
3000.0,-E0,18
3000.0,1068234498#0,34
3000.0,1068440004#1,11
3000.0,238526531#0,25
3000.0,288878926#0,8
3000.0,300077497#6,1
3000.0,30620492#0,18
3000.0,30620492#1,5
3000.0,484988951#0,5
3000.0,49073226#2,4
3000.0,506322844#0,5
3000.0,51362429#0,17
3000.0,593847702#0,5
3000.0,:3086736518_0,2
3000.0,:3086736518_4,1
3000.0,:3086736518_6,1
3000.0,:655375232_2,6
3000.0,:655375233_0,2
3000.0,:655375233_8,2
3000.0,:655375238_2,1
3000.0,:cluster_3431431575_4777363357_655375231_6982059025_3,2
3020.0,-300077497#5,24
3020.0,-300077497#8,4
3020.0,-35274074#2,11
3020.0,-51362429#1,4
3020.0,-593847703#3,21
3020.0,-E0,18
3020.0,1068234498#0,37
3020.0,1068440004#1,2
3020.0,238526531#0,24
3020.0,288878926#0,8
3020.0,300077497#0,2
3020.0,30620492#0,18
3020.0,30620492#1,5
3020.0,484988951#0,5
3020.0,49073226#2,7
3020.0,506322844#0,5
3020.0,51362429#0,17
3020.0,593847702#0,16
3020.0,:3086736518_0,2
3020.0,:3086736518_4,1
3020.0,:3086736518_6,1
3020.0,:655375232_2,6
3020.0,:655375238_2,1
3020.0,:655375238_3,1
3020.0,:cluster_2528018119_655375236_17,1
3020.0,:cluster_2528018119_655375236_19,1
3040.0,-300077497#5,23
3040.0,-300077497#8,4
3040.0,-35274074#2,11
3040.0,-51362429#1,4
3040.0,-593847703#3,23
3040.0,-593847704#2,3
3040.0,-E0,19
3040.0,1068234498#0,34
3040.0,1068234499#0,3
3040.0,1068440004#1,2
3040.0,182334378#0,1
3040.0,238526531#0,25
3040.0,288878926#0,2
3040.0,30620492#0,18
3040.0,30620492#1,5
3040.0,35274074#0,1
3040.0,484988951#0,5
3040.0,49073226#2,7
3040.0,506322844#0,5
3040.0,51362429#0,17
3040.0,593847702#0,16
3040.0,593849711#0,1
3040.0,:3086736518_0,2
3040.0,:3086736518_4,1
3040.0,:3086736518_6,1
3040.0,:655375232_2,6
3040.0,:655375238_2,1
3040.0,:655375238_3,1
3040.0,:655375238_6,1
3040.0,:cluster_5372642442_631668976_631668981_631669076_45,1
3060.0,-300077497#5,26
3060.0,-300077497#8,1
3060.0,-35274074#2,11
3060.0,-51362429#1,4
3060.0,-593847703#3,24
3060.0,-E0,19
3060.0,1068234498#0,33
3060.0,1068234499#0,3
3060.0,1068440004#1,2
3060.0,238526531#0,27
3060.0,30620492#0,18
3060.0,30620492#1,5
3060.0,484988951#0,4
3060.0,49073226#2,7
3060.0,506322844#0,5
3060.0,506322846#0,2
3060.0,51362429#0,11
3060.0,51362430,1
3060.0,593847702#0,16
3060.0,593847703#0,7
3060.0,:3086736518_0,1
3060.0,:3086736518_4,1
3060.0,:3086736518_6,1
3060.0,:655375232_2,1
3060.0,:655375233_0,5
3060.0,:655375238_3,1
3060.0,:cluster_3431431575_4777363357_655375231_6982059025_5,1
3080.0,-300077497#5,26
3080.0,-300077497#8,3
3080.0,-35274074#2,10
3080.0,-51362429#1,4
3080.0,-593847703#3,24
3080.0,-E0,19
3080.0,1068234498#0,33
3080.0,1068440004#1,2
3080.0,186602412#0,2
3080.0,238526531#0,22
3080.0,300077497#0,3
3080.0,300077497#6,4
3080.0,30620492#0,18
3080.0,30620492#1,5
3080.0,484988951#0,3
3080.0,49073226#2,10
3080.0,49073272#1,1
3080.0,49073272#3,2
3080.0,506322844#0,5
3080.0,51362429#0,15
3080.0,593847703#0,12
3080.0,593849718#0,6
3080.0,:3086736518_0,1
3080.0,:3086736518_4,1
3080.0,:3086736518_6,1
3080.0,:655375238_5,1
3080.0,:655375241_0,2
3080.0,:cluster622618015_622618108_622618112_622618144_#2more_31,1
3080.0,:cluster622618015_622618108_622618112_622618144_#2more_34,2
3080.0,:cluster_2038168688_655375573_8,1
3100.0,-300077497#5,27
3100.0,-300077497#8,4
3100.0,-35274074#2,12
3100.0,-49073264#1,1
3100.0,-51362429#1,9
3100.0,-593847703#3,18
3100.0,-E0,19
3100.0,1068234498#0,35
3100.0,1068440004#1,2
3100.0,238526531#0,21
3100.0,300077497#0,1
3100.0,300077497#6,2
3100.0,30620492#0,18
3100.0,30620492#1,5
3100.0,484988951#0,4
3100.0,49073226#2,10
3100.0,49073272#3,3
3100.0,506322844#0,5
3100.0,51362429#0,15
3100.0,593847703#0,12
3100.0,:3086736518_0,1
3100.0,:3086736518_4,1
3100.0,:3086736518_6,1
3100.0,:655375233_4,1
3100.0,:655375239_3,1
3100.0,:cluster622618015_622618108_622618112_622618144_#2more_17,1
3120.0,-300077497#5,21
3120.0,-300077497#8,4
3120.0,-35274074#2,6
3120.0,-51362429#1,9
3120.0,-593847703#3,22
3120.0,-E0,19
3120.0,1068234498#0,33
3120.0,238526531#0,23
3120.0,288135626#0,3
3120.0,300077497#0,8
3120.0,300077497#6,2
3120.0,30620492#0,18
3120.0,30620492#1,5
3120.0,360018417,3
3120.0,484988951#0,4
3120.0,49073226#2,10
3120.0,506322844#0,5
3120.0,51362429#0,16
3120.0,593847703#0,3
3120.0,:3086736518_0,1
3120.0,:3086736518_4,1
3120.0,:3086736518_6,1
3120.0,:655375233_4,1
3120.0,:655375233_8,2
3120.0,:cluster_2528018119_655375236_19,2
3120.0,:cluster_2528018119_655375236_3,1
3120.0,:cluster_5372642442_631668976_631668981_631669076_22,2
3120.0,:cluster_5372642442_631668976_631668981_631669076_45,1
3140.0,-300077497#5,21
3140.0,-300077497#8,1
3140.0,-35274074#2,6
3140.0,-51362429#1,8
3140.0,-593847703#3,24
3140.0,-E0,19
3140.0,1068234498#0,27
3140.0,1068234499#0,6
3140.0,182334378#0,2
3140.0,238526531#0,27
3140.0,288878926#0,2
3140.0,300077497#0,7
3140.0,300077497#6,2
3140.0,30620492#0,16
3140.0,30620492#1,5
3140.0,35274074#0,1
3140.0,484988951#0,4
3140.0,49073226#2,7
3140.0,506322844#0,5
3140.0,506322846#0,2
3140.0,51362429#0,17
3140.0,593849711#0,1
3140.0,:3086736518_0,1
3140.0,:3086736518_4,1
3140.0,:3086736518_6,1
3140.0,:655375233_4,1
3140.0,:655375233_8,2
3140.0,:655375238_1,1
3140.0,:655375238_5,1
3140.0,:cluster622618015_622618108_622618112_622618144_#2more_49,2
3140.0,:cluster_2038168688_655375573_23,1
3140.0,:cluster_2038168688_655375573_6,1
3140.0,:cluster_3431431575_4777363357_655375231_6982059025_3,1
3140.0,:cluster_5372642442_631668976_631668981_631669076_45,2
3140.0,:cluster_623980147_623980152_9,1
3160.0,-300077497#5,24
3160.0,-300077497#8,2
3160.0,-35274074#2,9
3160.0,-51362429#1,3
3160.0,-593847703#3,24
3160.0,-E0,19
3160.0,1068234498#0,29
3160.0,1068234499#0,2
3160.0,1068440004#1,1
3160.0,182334378#0,1
3160.0,186602412#0,3
3160.0,238526531#0,21
3160.0,288878926#0,9
3160.0,300077497#0,5
3160.0,300077497#6,2
3160.0,30620492#0,18
3160.0,30620492#1,5
3160.0,35274074#0,4
3160.0,484988951#0,3
3160.0,49073226#2,4
3160.0,506322844#0,2
3160.0,506322846#0,1
3160.0,506322848#0,1
3160.0,51362429#0,11
3160.0,:3086736518_0,2
3160.0,:3086736518_4,1
3160.0,:3086736518_6,1
3160.0,:655375232_2,3
3160.0,:655375233_0,1
3160.0,:655375233_4,1
3160.0,:655375233_8,2
3160.0,:655375238_1,1
3160.0,:655375239_5,1
3160.0,:cluster_2038168688_655375573_8,1
3160.0,:cluster_2038168688_655375573_9,1
3160.0,:cluster_2528018119_655375236_12,1
3160.0,:cluster_2528018119_655375236_29,1
3160.0,:cluster_3431431575_4777363357_655375231_6982059025_3,2
3160.0,:cluster_3431431575_4777363357_655375231_6982059025_5,1
3160.0,:cluster_623980147_623980152_4,1
3160.0,:cluster_9383263990_9383263991_9383263992_9383263993_7,2
3180.0,-300077497#5,27
3180.0,-300077497#8,4
3180.0,-35274074#2,12
3180.0,-51362429#1,1
3180.0,-593847703#3,25
3180.0,-E0,19
3180.0,1068234498#0,30
3180.0,1068440004#1,1
3180.0,232003903#0,1
3180.0,238526531#0,19
3180.0,288878926#0,13
3180.0,300077497#0,6
3180.0,300077497#6,2
3180.0,30620492#0,18
3180.0,30620492#1,5
3180.0,35274074#0,7
3180.0,484988951#0,4
3180.0,49073226#2,5
3180.0,506322844#0,5
3180.0,51362429#0,13
3180.0,:3086736518_0,2
3180.0,:3086736518_4,1
3180.0,:3086736518_6,1
3180.0,:655375232_2,3
3180.0,:655375233_0,1
3180.0,:655375233_4,1
3180.0,:655375233_8,2
3180.0,:655375238_1,1
3200.0,-300077497#5,25
3200.0,-300077497#8,4
3200.0,-35274074#2,9
3200.0,-51362429#1,1
3200.0,-593847703#3,23
3200.0,-E0,19
3200.0,1068234498#0,33
3200.0,1068440004#1,1
3200.0,238526531#0,19
3200.0,288878926#0,13
3200.0,300077497#6,2
3200.0,30620492#0,18
3200.0,30620492#1,5
3200.0,35274074#0,4
3200.0,484988951#0,4
3200.0,49073226#2,6
3200.0,506322844#0,5
3200.0,506322846#0,1
3200.0,51362429#0,15
3200.0,51362430,1
3200.0,593847704#0,1
3200.0,:3086736518_0,2
3200.0,:655375232_2,3
3200.0,:655375233_0,1
3200.0,:655375233_4,3
3200.0,:655375233_8,2
3200.0,:655375238_3,1
3200.0,:cluster_2038168688_655375573_23,1
3200.0,:cluster_2038168688_655375573_3,1
3200.0,:cluster_2038168688_655375573_6,1
3200.0,:cluster_2528018119_655375236_17,1
3200.0,:cluster_3431431575_4777363357_655375231_6982059025_3,1
3220.0,-300077497#5,24
3220.0,-300077497#8,4
3220.0,-35274074#2,4
3220.0,-51362429#1,1
3220.0,-593847703#3,24
3220.0,-593847704#2,1
3220.0,-E0,19
3220.0,1068234498#0,26
3220.0,1068234499#0,1
3220.0,186602412#0,3
3220.0,238526531#0,23
3220.0,288878926#0,7
3220.0,300077497#6,4
3220.0,30620492#0,18
3220.0,30620492#1,5
3220.0,484988951#0,3
3220.0,49073226#2,7
3220.0,506322844#0,5
3220.0,506322846#0,4
3220.0,51362429#0,17
3220.0,593847704#0,1
3220.0,593849711#0,2
3220.0,:1973482489_3,1
3220.0,:3086736518_0,2
3220.0,:655375232_2,3
3220.0,:655375233_0,1
3220.0,:655375233_4,3
3220.0,:655375233_8,3
3220.0,:cluster11510670762_4554226152_1,1
3220.0,:cluster_5372642442_631668976_631668981_631669076_26,1
3220.0,:cluster_5372642442_631668976_631668981_631669076_45,2
3240.0,-300077497#5,25
3240.0,-300077497#8,1
3240.0,-35274074#2,4
3240.0,-51362429#1,1
3240.0,-593847703#3,25
3240.0,-E0,19
3240.0,1068234498#0,24
3240.0,1068234499#0,1
3240.0,182334378#0,1
3240.0,186602412#0,3
3240.0,238526531#0,31
3240.0,288878926#0,5
3240.0,300077497#6,4
3240.0,30620492#0,18
3240.0,30620492#1,5
3240.0,484988951#0,5
3240.0,49073226#2,7
3240.0,506322844#0,5
3240.0,51362429#0,17
3240.0,593847704#0,1
3240.0,:3086736518_0,2
3240.0,:655375232_2,3
3240.0,:655375233_0,1
3240.0,:655375233_4,3
3240.0,:655375233_8,3
3240.0,:cluster_5372642442_631668976_631668981_631669076_45,1
3260.0,-1334905223#2,1
3260.0,-300077497#5,26
3260.0,-300077497#8,2
3260.0,-35274074#2,10
3260.0,-51362429#1,1
3260.0,-593847703#3,25
3260.0,-E0,18
3260.0,1068234498#0,27
3260.0,182334378#0,1
3260.0,238526531#0,16
3260.0,288878926#0,5
3260.0,300077497#0,1
3260.0,300077497#6,4
3260.0,30620492#0,18
3260.0,30620492#1,5
3260.0,484988951#0,5
3260.0,49073226#2,7
3260.0,506322840#0,2
3260.0,506322844#0,4
3260.0,506322848#0,1
3260.0,51362429#0,13
3260.0,593847704#0,1
3260.0,:3086736518_0,4
3260.0,:3086736518_6,1
3260.0,:655375232_2,5
3260.0,:655375233_0,1
3260.0,:655375233_4,3
3260.0,:655375233_8,3
3260.0,:655375238_5,1
3260.0,:655375239_5,1
3260.0,:655375241_0,2
3260.0,:cluster_2038168688_655375573_8,1
3260.0,:cluster_2038168688_655375573_9,1
3260.0,:cluster_9383263990_9383263991_9383263992_9383263993_7,2
3280.0,-300077497#5,27
3280.0,-300077497#8,4
3280.0,-35274074#2,11
3280.0,-51362429#1,1
3280.0,-593847703#3,25
3280.0,-E0,18
3280.0,1068234498#0,34
3280.0,182334378#0,1
3280.0,238526531#0,14
3280.0,288878926#0,5
3280.0,300077497#6,1
3280.0,30620492#0,18
3280.0,30620492#1,5
3280.0,484988951#0,4
3280.0,49073226#2,9
3280.0,506322844#0,5
3280.0,51362429#0,15
3280.0,593849718#0,1
3280.0,:3086736518_0,4
3280.0,:3086736518_6,1
3280.0,:655375232_2,6
3280.0,:655375233_0,1
3280.0,:655375233_4,3
3280.0,:655375233_8,3
3280.0,:655375238_3,1
3280.0,:655375239_3,1
3280.0,:655375241_0,2
3300.0,-300077497#5,20
3300.0,-300077497#8,4
3300.0,-35274074#2,3
3300.0,-51362429#1,3
3300.0,-593847703#3,28
3300.0,-593847704#2,1
3300.0,-E0,18
3300.0,1068234498#0,31
3300.0,232003903#0,1
3300.0,238526531#0,15
3300.0,288135626#0,3
3300.0,288878926#0,3
3300.0,300077497#6,2
3300.0,30620492#0,18
3300.0,30620492#1,5
3300.0,484988951#0,4
3300.0,49073226#2,9
3300.0,506322844#0,5
3300.0,51362429#0,17
3300.0,593849711#0,1
3300.0,:3086736518_0,4
3300.0,:3086736518_6,1
3300.0,:655375232_2,6
3300.0,:655375232_8,1
3300.0,:655375233_0,1
3300.0,:655375233_4,3
3300.0,:655375233_8,3
3300.0,:655375238_3,1
3300.0,:cluster655375336_end_0_655375336_end_1_655375336_end_10_655375336_end_11_#8more_3,1
3300.0,:cluster_5372642442_631668976_631668981_631669076_22,2
3300.0,:cluster_5372642442_631668976_631668981_631669076_45,1
3300.0,E1,1
3320.0,-300077497#5,22
3320.0,-35274074#2,2
3320.0,-51362429#1,5
3320.0,-593847703#3,28
3320.0,-E0,18
3320.0,1068234498#0,24
3320.0,1068234499#0,5
3320.0,232003903#0,1
3320.0,238526531#0,21
3320.0,300077497#6,4
3320.0,30620492#0,18
3320.0,30620492#1,5
3320.0,484988951#0,4
3320.0,49073226#2,9
3320.0,506322844#0,5
3320.0,51362429#0,17
3320.0,:3086736518_0,4
3320.0,:3086736518_6,1
3320.0,:655375232_2,6
3320.0,:655375233_0,1
3320.0,:655375233_4,2
3320.0,:655375233_8,4
3320.0,:655375238_5,2
3320.0,:cluster_5372642442_631668976_631668981_631669076_45,3
3340.0,-300077497#5,25
3340.0,-300077497#8,1
3340.0,-35274074#2,5
3340.0,-51362429#1,5
3340.0,-593847703#3,28
3340.0,-E0,18
3340.0,1068234498#0,22
3340.0,1068234499#0,2
3340.0,232003903#0,1
3340.0,238526531#0,19
3340.0,300077497#0,2
3340.0,300077497#6,4
3340.0,30620492#0,18
3340.0,30620492#1,5
3340.0,484988951#0,4
3340.0,49073226#2,9
3340.0,506322844#0,2
3340.0,506322848#0,2
3340.0,51362429#0,17
3340.0,:3086736518_0,4
3340.0,:3086736518_6,1
3340.0,:655375232_2,6
3340.0,:655375233_0,1
3340.0,:655375233_4,2
3340.0,:655375233_8,4
3340.0,:655375238_5,1
3340.0,:655375239_5,1
3340.0,:cluster_2038168688_655375573_8,1
3340.0,:cluster_2038168688_655375573_9,1
3340.0,:cluster_2528018119_655375236_12,1
3340.0,:cluster_2528018119_655375236_29,1
3340.0,:cluster_9383263990_9383263991_9383263992_9383263993_7,1
3360.0,-1334905223#2,2
3360.0,-300077497#5,27
3360.0,-300077497#8,4
3360.0,-35274074#2,12
3360.0,-51362429#1,5
3360.0,-593847703#3,28
3360.0,-E0,18
3360.0,1068234498#0,29
3360.0,232003903#0,1
3360.0,238526531#0,10
3360.0,263217604#0,3
3360.0,300077497#0,6
3360.0,300077497#6,4
3360.0,30620492#0,18
3360.0,30620492#1,5
3360.0,484988951#0,4
3360.0,49073226#2,9
3360.0,506322840#0,1
3360.0,506322844#0,3
3360.0,51362429#0,17
3360.0,:3086736518_0,4
3360.0,:3086736518_6,1
3360.0,:655375232_2,6
3360.0,:655375233_0,1
3360.0,:655375233_4,2
3360.0,:655375233_8,4
3360.0,:655375241_0,1
3380.0,-300077497#5,23
3380.0,-300077497#8,4
3380.0,-35274074#2,11
3380.0,-51362429#1,3
3380.0,-593847703#3,30
3380.0,-E0,18
3380.0,1068234498#0,36
3380.0,238526531#0,10
3380.0,263217604#0,3
3380.0,288878926#0,4
3380.0,300077497#6,1
3380.0,30620492#0,18
3380.0,30620492#1,5
3380.0,484988951#0,4
3380.0,49073226#2,4
3380.0,506322844#0,5
3380.0,51362429#0,17
3380.0,51362430,1
3380.0,:3086736518_0,4
3380.0,:3086736518_6,1
3380.0,:655375232_2,6
3380.0,:655375233_0,1
3380.0,:655375233_4,2
3380.0,:655375233_8,4
3380.0,:655375238_3,1
3380.0,:655375239_3,1
3380.0,:cluster_2528018119_655375236_17,1
3380.0,:cluster_2528018119_655375236_19,1
3380.0,:cluster_3431431575_4777363357_655375231_6982059025_3,2
3380.0,:cluster_623980147_623980152_9,1
3380.0,E1,1
3400.0,-300077497#5,22
3400.0,-300077497#8,4
3400.0,-35274074#2,6
3400.0,-593847703#3,29
3400.0,-E0,18
3400.0,1068234498#0,30
3400.0,1068234499#0,2
3400.0,182334378#0,1
3400.0,238526531#0,15
3400.0,288878926#0,5
3400.0,300077497#6,4
3400.0,30620492#0,18
3400.0,30620492#1,5
3400.0,484988951#0,5
3400.0,49073226#2,2
3400.0,506322844#0,5
3400.0,51362429#0,17
3400.0,593849711#0,2
3400.0,594658757#0,1
3400.0,594658760#0,2
3400.0,:3086736518_0,4
3400.0,:3086736518_4,1
3400.0,:3086736518_6,1
3400.0,:655375232_2,6
3400.0,:655375232_8,1
3400.0,:655375233_0,1
3400.0,:655375233_4,3
3400.0,:655375233_8,4
3400.0,:cluster_5372642442_631668976_631668981_631669076_45,2
3400.0,:cluster_623980147_623980152_4,1
3420.0,-300077497#5,25
3420.0,-35274074#2,6
3420.0,-51362429#1,1
3420.0,-593847703#3,30
3420.0,-E0,18
3420.0,1068234498#0,23
3420.0,1068234499#0,2
3420.0,1068440004#1,1
3420.0,182334378#0,1
3420.0,238526531#0,22
3420.0,288878926#0,8
3420.0,300077497#6,4
3420.0,30620492#0,18
3420.0,30620492#1,5
3420.0,484988951#0,5
3420.0,506322844#0,5
3420.0,51362429#0,17
3420.0,593847702#0,4
3420.0,593847703#0,1
3420.0,594658760#0,1
3420.0,:3086736518_0,4
3420.0,:3086736518_4,1
3420.0,:3086736518_6,1
3420.0,:655375232_2,6
3420.0,:655375233_4,1
3420.0,:cluster655375336_end_0_655375336_end_1_655375336_end_10_655375336_end_11_#8more_19,1
3420.0,:cluster_5372642442_631668976_631668981_631669076_45,2
3440.0,-1334905223#2,1
3440.0,-300077497#5,27
3440.0,-300077497#8,3
3440.0,-35274074#2,12
3440.0,-593847703#3,30
3440.0,-E0,18
3440.0,1068234498#0,29
3440.0,1068440004#1,1
3440.0,182334378#0,1
3440.0,238526531#0,14
3440.0,288878926#0,8
3440.0,300077497#0,2
3440.0,300077497#6,4
3440.0,30620492#0,17
3440.0,30620492#1,5
3440.0,484988951#0,5
3440.0,49073226#2,1
3440.0,49073272#1,2
3440.0,506322840#0,1
3440.0,506322844#0,4
3440.0,506322848#0,1
3440.0,51362429#0,17
3440.0,593847703#0,1
3440.0,593852345#0,2
3440.0,594658760#0,1
3440.0,:3086736518_0,4
3440.0,:3086736518_4,1
3440.0,:3086736518_6,1
3440.0,:655375232_2,6
3440.0,:655375233_4,1
3440.0,:655375233_8,1
3440.0,:655375239_5,1
3440.0,:655375241_0,1
3460.0,-300077497#5,27
3460.0,-300077497#8,4
3460.0,-35274074#2,11
3460.0,-593847703#3,30
3460.0,-E0,18
3460.0,1068234498#0,33
3460.0,1068440004#1,1
3460.0,182334378#0,1
3460.0,196961215#2,2
3460.0,238526531#0,14
3460.0,288878926#0,8
3460.0,300077497#6,1
3460.0,30620492#0,18
3460.0,30620492#1,5
3460.0,484988951#0,5
3460.0,49073226#2,1
3460.0,49073272#3,2
3460.0,506322844#0,6
3460.0,51362429#0,17
3460.0,593847703#0,1
3460.0,594658760#0,1
3460.0,:3086736518_0,4
3460.0,:3086736518_4,1
3460.0,:3086736518_6,1
3460.0,:655375232_2,6
3460.0,:655375233_4,1
3460.0,:655375233_8,1
3460.0,:655375238_0,1
3460.0,:655375238_3,1
3460.0,:655375239_3,1
3480.0,-300077497#5,24
3480.0,-300077497#8,4
3480.0,-35274074#2,4
3480.0,-593847703#3,33
3480.0,-E0,18
3480.0,1068234498#0,26
3480.0,1068440004#1,1
3480.0,182334378#0,1
3480.0,196961215#2,2
3480.0,238526531#0,16
3480.0,288135626#0,2
3480.0,288878926#0,6
3480.0,300077497#0,1
3480.0,300077497#6,2
3480.0,30620492#0,18
3480.0,30620492#1,5
3480.0,360018417,2
3480.0,484988951#0,5
3480.0,49073226#2,1
3480.0,506322844#0,6
3480.0,51362429#0,17
3480.0,593849711#0,2
3480.0,594658760#0,1
3480.0,:3086736518_0,4
3480.0,:3086736518_4,1
3480.0,:3086736518_6,1
3480.0,:655375232_2,5
3480.0,:655375233_0,1
3480.0,:655375233_4,1
3480.0,:655375233_8,1
3480.0,:655375238_3,1
3480.0,:cluster_5372642442_631668976_631668981_631669076_22,2
3480.0,:cluster_5372642442_631668976_631668981_631669076_26,1
3480.0,:cluster_5372642442_631668976_631668981_631669076_45,1
3500.0,-300077497#5,25
3500.0,-300077497#8,1
3500.0,-35274074#2,3
3500.0,-593847703#3,32
3500.0,-E0,18
3500.0,1068234498#0,23
3500.0,1068234499#0,5
3500.0,1068440004#1,1
3500.0,182334378#0,1
3500.0,196961215#2,2
3500.0,238526531#0,22
3500.0,300077497#6,4
3500.0,30620492#0,18
3500.0,30620492#1,5
3500.0,484988951#0,5
3500.0,49073226#2,1
3500.0,506322844#0,6
3500.0,506322846#0,1
3500.0,51362429#0,17
3500.0,594658760#0,1
3500.0,:3086736518_0,3
3500.0,:3086736518_4,1
3500.0,:3086736518_6,1
3500.0,:655375232_2,5
3500.0,:655375232_8,1
3500.0,:655375233_0,1
3500.0,:655375233_4,2
3500.0,:655375233_8,1
3500.0,:655375238_5,1
3500.0,:cluster622618015_622618108_622618112_622618144_#2more_49,2
3500.0,:cluster_5372642442_631668976_631668981_631669076_45,3
3520.0,-300077497#5,27
3520.0,-300077497#8,3
3520.0,-35274074#2,6
3520.0,-51362429#1,3
3520.0,-593847701,1
3520.0,-593847703#3,26
3520.0,-E0,18
3520.0,1068234498#0,26
3520.0,1068234499#0,2
3520.0,1068440004#1,1
3520.0,182334378#0,1
3520.0,186602412#0,1
3520.0,196961215#2,2
3520.0,238526531#0,19
3520.0,263217604#0,1
3520.0,300077497#0,2
3520.0,300077497#6,4
3520.0,30620492#0,18
3520.0,30620492#1,5
3520.0,484988951#0,5
3520.0,49073226#2,4
3520.0,506322844#0,2
3520.0,506322848#0,3
3520.0,51362429#0,17
3520.0,593847702#0,1
3520.0,593847703#0,2
3520.0,594658760#0,1
3520.0,:3086736518_0,3
3520.0,:3086736518_6,1
3520.0,:655375232_2,5
3520.0,:655375239_5,1
3520.0,:cluster622618015_622618108_622618112_622618144_#2more_34,1
3520.0,:cluster_2038168688_655375573_9,1
3520.0,:cluster_2528018119_655375236_12,1
3520.0,:cluster_2528018119_655375236_29,1
3520.0,:cluster_9383263990_9383263991_9383263992_9383263993_7,2
3540.0,-1334905223#2,3
3540.0,-300077497#5,27
3540.0,-300077497#8,4
3540.0,-35274074#2,12
3540.0,-49073264#1,2
3540.0,-593847701,1
3540.0,-593847703#3,26
3540.0,-E0,18
3540.0,1068234498#0,30
3540.0,182334378#0,1
3540.0,196961215#2,2
3540.0,238526531#0,11
3540.0,263217604#0,1
3540.0,300077497#0,6
3540.0,300077497#6,4
3540.0,30620492#0,18
3540.0,30620492#1,5
3540.0,484988951#0,5
3540.0,49073226#2,7
3540.0,506322840#0,1
3540.0,506322844#0,5
3540.0,51362429#0,17
3540.0,593847702#0,1
3540.0,593847703#0,2
3540.0,594658760#0,1
3540.0,:3086736518_0,3
3540.0,:3086736518_6,1
3540.0,:655375232_2,5
3540.0,:655375241_0,1
3560.0,-300077497#5,23
3560.0,-300077497#8,4
3560.0,-35274074#2,11
3560.0,-593847701,1
3560.0,-593847703#3,28
3560.0,-E0,17
3560.0,1068234498#0,30
3560.0,182334378#0,1
3560.0,196961215#2,2
3560.0,238526531#0,11
3560.0,263217604#0,1
3560.0,300077497#0,2
3560.0,300077497#6,1
3560.0,30620492#0,18
3560.0,30620492#1,5
3560.0,484988951#0,5
3560.0,49073226#2,7
3560.0,506322844#0,5
3560.0,51362429#0,17
3560.0,593847702#0,1
3560.0,594658760#0,1
3560.0,:3086736518_0,3
3560.0,:3086736518_6,1
3560.0,:655375232_2,5
3560.0,:655375238_3,1
3560.0,:655375239_3,1
3560.0,:cluster622618015_622618108_622618112_622618144_#2more_39,1
3560.0,:cluster_2528018119_655375236_17,2
3580.0,-300077497#5,22
3580.0,-300077497#8,4
3580.0,-35274074#2,7
3580.0,-593847701,1
3580.0,-593847703#3,31
3580.0,-E0,19
3580.0,1068234498#0,22
3580.0,1068234499#0,2
3580.0,196961215#2,2
3580.0,238526531#0,15
3580.0,288135626#0,1
3580.0,300077497#6,2
3580.0,30620492#0,18
3580.0,30620492#1,5
3580.0,35274074#0,2
3580.0,484988951#0,3
3580.0,49073226#2,7
3580.0,506322844#0,5
3580.0,51362429#0,12
3580.0,593847702#0,1
3580.0,593847703#0,8
3580.0,594658760#0,2
3580.0,:2444664370_0,1
3580.0,:3086736518_0,2
3580.0,:3086736518_6,1
3580.0,:655375232_2,3
3580.0,:655375233_0,2
3580.0,:655375238_3,1
3580.0,:cluster_3431431575_4777363357_655375231_6982059025_5,1
3580.0,:cluster_5372642442_631668976_631668981_631669076_45,3
3600.0,-300077497#5,25
3600.0,-35274074#2,7
3600.0,-593847701,1
3600.0,-593847703#3,32
3600.0,-E0,19
3600.0,1068234498#0,21
3600.0,1068234499#0,4
3600.0,186602412#0,1
3600.0,196961215#2,2
3600.0,238526531#0,23
3600.0,288135626#0,1
3600.0,300077497#0,4
3600.0,300077497#6,3
3600.0,30620492#0,18
3600.0,30620492#1,5
3600.0,484988951#0,4
3600.0,49073226#2,8
3600.0,506322844#0,5
3600.0,506322846#0,1
3600.0,51362429#0,15
3600.0,593847702#0,1
3600.0,593847703#0,6
3600.0,594658760#0,2
3600.0,:3086736518_0,2
3600.0,:3086736518_6,1
3600.0,:655375232_2,1
3600.0,:655375238_1,1
3600.0,:cluster_5372642442_631668976_631668981_631669076_45,2
3620.0,-1334905223#2,2
3620.0,-300077497#5,26
3620.0,-300077497#8,3
3620.0,-35274074#2,12
3620.0,-51362429#1,4
3620.0,-593847703#3,23
3620.0,-E0,19
3620.0,1068234498#0,24
3620.0,238526531#0,9
3620.0,263217604#0,1
3620.0,288878926#0,8
3620.0,300077497#0,5
3620.0,300077497#6,3
3620.0,30620492#0,18
3620.0,30620492#1,5
3620.0,35274074#0,5
3620.0,484988951#0,3
3620.0,49073226#2,1
3620.0,49073272#3,1
3620.0,506322840#0,2
3620.0,506322844#0,3
3620.0,506322848#0,3
3620.0,51362429#0,15
3620.0,593847703#0,6
3620.0,593847704#0,1
3620.0,594658760#0,2
3620.0,:3086736518_0,2
3620.0,:3086736518_6,1
3620.0,:655375232_2,1
3620.0,:655375232_8,1
3620.0,:655375233_4,2
3620.0,:655375238_5,1
3620.0,:655375241_0,1
3620.0,:cluster_2038168688_655375573_9,1
3620.0,:cluster_3431431575_4777363357_655375231_6982059025_3,1
3620.0,:cluster_3431431575_4777363357_655375231_6982059025_5,1
3620.0,:cluster_623980147_623980152_4,1
3620.0,:cluster_9383263990_9383263991_9383263992_9383263993_7,2
3640.0,-1334905223#2,2
3640.0,-300077497#5,27
3640.0,-300077497#8,4
3640.0,-35274074#2,12
3640.0,-593847703#3,23
3640.0,-E0,19
3640.0,1068234498#0,30
3640.0,238526531#0,8
3640.0,263217604#0,3
3640.0,288878926#0,13
3640.0,300077497#0,2
3640.0,300077497#6,2
3640.0,30620492#0,18
3640.0,30620492#1,5
3640.0,35274074#0,5
3640.0,484988951#0,4
3640.0,49073226#2,3
3640.0,49073272#3,2
3640.0,506322844#0,7
3640.0,51362429#0,16
3640.0,593847703#0,6
3640.0,594658760#0,2
3640.0,:3086736518_0,2
3640.0,:3086736518_6,1
3640.0,:655375232_2,1
3640.0,:655375233_4,2
3640.0,:655375238_0,1
3640.0,:655375239_3,1
3640.0,:655375241_0,1
3660.0,-300077497#5,22
3660.0,-300077497#8,4
3660.0,-35274074#2,7
3660.0,-593847703#3,27
3660.0,-E0,19
3660.0,1068234498#0,30
3660.0,238526531#0,10
3660.0,288135626#0,1
3660.0,288878926#0,11
3660.0,300077497#0,6
3660.0,300077497#6,2
3660.0,30620492#0,18
3660.0,30620492#1,5
3660.0,360018417,2
3660.0,360843888,1
3660.0,484988951#0,4
3660.0,49073226#2,3
3660.0,506322844#0,7
3660.0,506322846#0,5
3660.0,51362429#0,17
3660.0,593849711#0,2
3660.0,594658760#0,3
3660.0,:3086736518_0,2
3660.0,:3086736518_6,1
3660.0,:655375232_2,1
3660.0,:655375233_4,2
3660.0,:cluster3086736522_655375108_655375247_655375401_#1more_17,1
3660.0,:cluster_2528018119_655375236_17,1
3660.0,:cluster_5372642442_631668976_631668981_631669076_22,1
3660.0,:cluster_5372642442_631668976_631668981_631669076_26,1
3660.0,:cluster_5372642442_631668976_631668981_631669076_45,1
3680.0,-300077497#5,23
3680.0,-300077497#8,1
3680.0,-35274074#2,7
3680.0,-593847703#3,29
3680.0,-E0,19
3680.0,1068234498#0,26
3680.0,1068234499#0,2
3680.0,186602412#0,4
3680.0,238526531#0,17
3680.0,288878926#0,5
3680.0,300077497#0,1
3680.0,300077497#6,2
3680.0,30620492#0,18
3680.0,30620492#1,5
3680.0,360843888,2
3680.0,484988951#0,3
3680.0,49073226#2,3
3680.0,506322844#0,7
3680.0,506322846#0,2
3680.0,51362429#0,10
3680.0,593847701,1
3680.0,593847703#0,4
3680.0,593847705,1
3680.0,593849711#0,1
3680.0,594658760#0,3
3680.0,:3086736518_6,1
3680.0,:655375232_2,4
3680.0,:655375233_0,2
3680.0,:655375233_4,2
3680.0,:655375238_1,1
3680.0,:655375238_5,1
3680.0,:cluster622618015_622618108_622618112_622618144_#2more_49,2
3680.0,:cluster_2038168688_655375573_23,1
3680.0,:cluster_2038168688_655375573_3,1
3680.0,:cluster_3431431575_4777363357_655375231_6982059025_5,1
3680.0,:cluster_5372642442_631668976_631668981_631669076_45,2
3700.0,-300077497#5,26
3700.0,-300077497#8,2
3700.0,-35274074#2,9
3700.0,-593847703#3,29
3700.0,-E0,19
3700.0,1068234498#0,25
3700.0,186602412#0,4
3700.0,238526531#0,14
3700.0,263217604#0,2
3700.0,288878926#0,5
3700.0,300077497#0,2
3700.0,300077497#6,3
3700.0,30620492#0,18
3700.0,30620492#1,5
3700.0,35274074#0,2
3700.0,360843888,2
3700.0,484988951#0,4
3700.0,49073226#2,3
3700.0,506322844#0,2
3700.0,506322848#0,2
3700.0,51362429#0,13
3700.0,593847703#0,9
3700.0,593847705,1
3700.0,594658760#0,3
3700.0,:3086736518_6,1
3700.0,:655375232_2,1
3700.0,:655375233_4,2
3700.0,:655375239_5,1
3700.0,:cluster_2038168688_655375573_9,1
3700.0,:cluster_9383263990_9383263991_9383263992_9383263993_7,2
3720.0,-1334905223#2,2
3720.0,-300077497#5,27
3720.0,-300077497#8,4
3720.0,-35274074#2,11
3720.0,-51362429#1,2
3720.0,-593847703#3,20
3720.0,-E0,19
3720.0,1068234498#0,27
3720.0,238526531#0,9
3720.0,263217604#0,3
3720.0,288878926#0,5
3720.0,300077497#0,1
3720.0,300077497#6,5
3720.0,30620492#0,18
3720.0,30620492#1,5
3720.0,35274074#0,2
3720.0,360843888,2
3720.0,484988951#0,3
3720.0,49073226#2,3
3720.0,506322844#0,5
3720.0,51362429#0,14
3720.0,593847703#0,9
3720.0,593847704#0,1
3720.0,593847705,1
3720.0,594658760#0,1
3720.0,:3086736518_4,1
3720.0,:3086736518_6,1
3720.0,:655375232_2,1
3720.0,:655375232_8,2
3720.0,:655375233_4,4
3720.0,:655375241_0,2
3720.0,:cluster655375336_end_0_655375336_end_1_655375336_end_10_655375336_end_11_#8more_16,1
3720.0,:cluster_3431431575_4777363357_655375231_6982059025_3,1
3720.0,:cluster_3431431575_4777363357_655375231_6982059025_5,1
3740.0,-300077497#5,23
3740.0,-300077497#8,4
3740.0,-35274074#2,7
3740.0,-51362429#1,4
3740.0,-593847703#3,22
3740.0,-E0,19
3740.0,1068234498#0,32
3740.0,238526531#0,8
3740.0,244450512#4,2
3740.0,263217604#0,3
3740.0,288878926#0,5
3740.0,300077497#0,2
3740.0,300077497#6,1
3740.0,30620492#0,17
3740.0,30620492#1,5
3740.0,484988951#0,4
3740.0,49073226#2,7
3740.0,49073264#0,1
3740.0,506322844#0,5
3740.0,506322846#0,1
3740.0,51362429#0,15
3740.0,593847702#0,1
3740.0,593847703#0,5
3740.0,593847704#0,1
3740.0,593847705,1
3740.0,594658760#0,1
3740.0,:3086736518_6,1
3740.0,:655375232_2,1
3740.0,:655375238_3,1
3740.0,:655375239_3,1
3740.0,:cluster_2038168688_655375573_23,1
3740.0,:cluster_2528018119_655375236_17,2
3740.0,:cluster_2528018119_655375236_3,2
3760.0,-300077497#5,22
3760.0,-300077497#8,4
3760.0,-35274074#2,3
3760.0,-49073264#1,1
3760.0,-51362429#1,4
3760.0,-593847703#3,25
3760.0,-E0,19
3760.0,1068234498#0,23
3760.0,1068234499#0,3
3760.0,186602412#0,2
3760.0,238526531#0,13
3760.0,244450512#4,1
3760.0,244450512#5,2
3760.0,288135626#0,1
3760.0,300077497#0,6
3760.0,300077497#6,3
3760.0,30620492#0,18
3760.0,30620492#1,5
3760.0,35274074#0,2
3760.0,484988951#0,4
3760.0,49073226#2,7
3760.0,506322844#0,5
3760.0,51362429#0,16
3760.0,593847702#0,1
3760.0,593847704#0,1
3760.0,593847705,1
3760.0,593849711#0,1
3760.0,594658760#0,3
3760.0,:3086736518_6,1
3760.0,:655375232_2,1
3760.0,:655375238_6,1
3760.0,:cluster_5372642442_631668976_631668981_631669076_26,1
3760.0,:cluster_5372642442_631668976_631668981_631669076_45,2
3780.0,-300077497#5,24
3780.0,-35274074#2,3
3780.0,-49073264#1,1
3780.0,-51362429#1,4
3780.0,-593847703#3,28
3780.0,-E0,19
3780.0,1068234498#0,21
3780.0,1068234499#0,4
3780.0,186602412#0,1
3780.0,238526531#0,21
3780.0,244450512#5,3
3780.0,300077497#0,3
3780.0,300077497#6,3
3780.0,30620492#0,18
3780.0,30620492#1,5
3780.0,35274074#0,1
3780.0,484988951#0,4
3780.0,49073226#2,7
3780.0,506322844#0,5
3780.0,506322846#0,3
3780.0,51362429#0,13
3780.0,593847702#0,1
3780.0,593847703#0,1
3780.0,593847704#0,1
3780.0,593847705,1
3780.0,594658760#0,3
3780.0,:3086736518_0,1
3780.0,:3086736518_6,1
3780.0,:655375232_2,3
3780.0,:655375233_0,1
3780.0,:655375238_6,1
3780.0,:cluster_5372642442_631668976_631668981_631669076_22,1
3780.0,:cluster_5372642442_631668976_631668981_631669076_45,1
3800.0,-1334905223#2,3
3800.0,-300077497#5,26
3800.0,-300077497#8,2
3800.0,-35274074#2,8
3800.0,-49073264#1,1
3800.0,-51362429#1,4
3800.0,-593847703#3,28
3800.0,-E0,19
3800.0,1068234498#0,26
3800.0,1068440004#1,1
3800.0,186602412#0,1
3800.0,238526531#0,8
3800.0,244450512#5,3
3800.0,300077497#0,4
3800.0,300077497#6,4
3800.0,30620492#0,18
3800.0,30620492#1,5
3800.0,35274074#0,5
3800.0,484988951#0,4
3800.0,49073226#2,7
3800.0,49073272#3,1
3800.0,506322840#0,2
3800.0,506322844#0,4
3800.0,506322848#0,1
3800.0,51362429#0,12
3800.0,593847703#0,8
3800.0,593847704#0,2
3800.0,593847705,1
3800.0,594658760#0,2
3800.0,:655375232_2,3
3800.0,:655375238_5,1
3800.0,:655375239_5,1
3800.0,:655375241_0,1
3800.0,:cluster_2038168688_655375573_8,1
3800.0,:cluster_2528018119_655375236_29,1
3820.0,-300077497#5,27
3820.0,-300077497#8,4
3820.0,-35274074#2,12
3820.0,-51362429#1,5
3820.0,-593847703#3,22
3820.0,-E0,19
3820.0,1068234498#0,26
3820.0,1068440004#1,2
3820.0,238526531#0,5
3820.0,244450512#5,3
3820.0,263217604#0,1
3820.0,300077497#0,3
3820.0,300077497#6,1
3820.0,30620492#0,18
3820.0,30620492#1,5
3820.0,35274074#0,5
3820.0,484988951#0,3
3820.0,49073226#2,7
3820.0,49073272#3,1
3820.0,506322844#0,6
3820.0,51362429#0,12
3820.0,593847703#0,6
3820.0,593847705,1
3820.0,593852345#0,1
3820.0,594658760#0,1
3820.0,:3086736518_4,1
3820.0,:655375232_2,3
3820.0,:655375232_8,1
3820.0,:655375233_4,3
3820.0,:655375238_0,1
3820.0,:655375239_3,1
3820.0,:cluster622618015_622618108_622618112_622618144_#2more_39,1
3820.0,:cluster_3431431575_4777363357_655375231_6982059025_5,1
3840.0,-300077497#5,22
3840.0,-300077497#8,4
3840.0,-35274074#2,8
3840.0,-51362429#1,9
3840.0,-593847703#3,24
3840.0,-E0,19
3840.0,1068234498#0,18
3840.0,238526531#0,6
3840.0,288135626#0,3
3840.0,288878926#0,3
3840.0,300077497#0,6
3840.0,300077497#6,1
3840.0,30620492#0,18
3840.0,30620492#1,5
3840.0,360018417,1
3840.0,484988951#0,4
3840.0,49073226#2,6
3840.0,506322844#0,6
3840.0,506322846#0,5
3840.0,51362429#0,15
3840.0,51362430,3
3840.0,593847705,1
3840.0,594658757#0,1
3840.0,594658760#0,1
3840.0,:655375232_2,3
3840.0,:655375233_4,1
3840.0,:655375233_8,2
3840.0,:cluster_2528018119_655375236_17,1
3840.0,:cluster_5372642442_631668976_631668981_631669076_22,2
3840.0,:cluster_5372642442_631668976_631668981_631669076_45,2
3860.0,-300077497#5,24
3860.0,-300077497#8,1
3860.0,-35274074#2,8
3860.0,-51362429#1,1
3860.0,-593847703#3,25
3860.0,-E0,19
3860.0,1068234498#0,10
3860.0,1068234499#0,5
3860.0,186602412#0,3
3860.0,238526531#0,13
3860.0,288878926#0,5
3860.0,300077497#0,1
3860.0,300077497#6,1
3860.0,30620492#0,18
3860.0,30620492#1,5
3860.0,484988951#0,4
3860.0,49073226#2,4
3860.0,506322844#0,6
3860.0,506322846#0,2
3860.0,51362429#0,17
3860.0,51362430,2
3860.0,593847705,1
3860.0,594658757#0,1
3860.0,594658760#0,1
3860.0,:655375232_2,3
3860.0,:655375233_4,1
3860.0,:655375233_8,2
3860.0,:655375238_1,1
3860.0,:655375238_5,1
3860.0,:cluster622618015_622618108_622618112_622618144_#2more_49,1
3860.0,:cluster_2038168688_655375573_23,1
3860.0,:cluster_2038168688_655375573_3,1
3860.0,:cluster_3431431575_4777363357_655375231_6982059025_3,3
3860.0,:cluster_5372642442_631668976_631668981_631669076_26,1
3860.0,:cluster_5372642442_631668976_631668981_631669076_45,2
3860.0,:cluster_623980147_623980152_9,1
3880.0,-300077497#5,27
3880.0,-300077497#8,2
3880.0,-35274074#2,10
3880.0,-593847703#3,25
3880.0,-E0,18
3880.0,1068234498#0,7
3880.0,1068234499#0,1
3880.0,186602412#0,3
3880.0,238526531#0,11
3880.0,263217604#0,1
3880.0,288878926#0,12
3880.0,300077497#0,2
3880.0,300077497#6,2
3880.0,30620492#0,18
3880.0,30620492#1,5
3880.0,35274074#0,2
3880.0,484988951#0,5
3880.0,49073226#2,1
3880.0,506322844#0,2
3880.0,506322848#0,3
3880.0,51362429#0,15
3880.0,51362430,1
3880.0,593847704#0,1
3880.0,594658757#0,1
3880.0,594658760#0,1
3880.0,:3086736518_0,2
3880.0,:3086736518_6,1
3880.0,:655375232_2,3
3880.0,:655375233_0,1
3880.0,:655375233_4,1
3880.0,:655375233_8,2
3880.0,:655375239_5,1
3880.0,:cluster_2038168688_655375573_8,1
3880.0,:cluster_2528018119_655375236_12,1
3880.0,:cluster_2528018119_655375236_29,1
3880.0,:cluster_623980147_623980152_4,1
3880.0,:cluster_9383263990_9383263991_9383263992_9383263993_7,1
3900.0,-1334905223#2,2
3900.0,-300077497#5,27
3900.0,-300077497#8,4
3900.0,-35274074#2,11
3900.0,-593847703#3,25
3900.0,-E0,19
3900.0,1068234498#0,7
3900.0,238526531#0,7
3900.0,263217604#0,1
3900.0,288878926#0,13
3900.0,300077497#0,3
3900.0,300077497#6,4
3900.0,30620492#0,18
3900.0,30620492#1,5
3900.0,35274074#0,2
3900.0,484988951#0,4
3900.0,49073226#2,1
3900.0,506322840#0,1
3900.0,506322844#0,5
3900.0,51362429#0,16
3900.0,594658757#0,1
3900.0,594658760#0,1
3900.0,:3086736518_0,3
3900.0,:3086736518_6,1
3900.0,:655375232_2,2
3900.0,:655375233_0,2
3900.0,:655375233_4,1
3900.0,:655375233_8,2
3900.0,:655375238_3,1
3900.0,:655375241_0,2
3900.0,:cluster622618015_622618108_622618112_622618144_#2more_52,1
3920.0,-300077497#5,23
3920.0,-300077497#8,4
3920.0,-35274074#2,9
3920.0,-593847703#3,25
3920.0,-E0,19
3920.0,1068234498#0,7
3920.0,196961215#2,1
3920.0,238526531#0,6
3920.0,263217604#0,1
3920.0,288878926#0,13
3920.0,300077497#6,2
3920.0,30620492#0,18
3920.0,30620492#1,5
3920.0,484988951#0,4
3920.0,49073226#2,4
3920.0,506322844#0,5
3920.0,506322846#0,1
3920.0,51362429#0,17
3920.0,594658757#0,1
3920.0,594658760#0,1
3920.0,:3086736518_0,3
3920.0,:3086736518_3,1
3920.0,:3086736518_6,1
3920.0,:655375232_2,2
3920.0,:655375232_8,1
3920.0,:655375233_0,2
3920.0,:655375233_4,1
3920.0,:655375233_8,2
3920.0,:655375238_3,1
3920.0,:cluster_2038168688_655375573_23,1
3920.0,:cluster_2528018119_655375236_17,1
3920.0,:cluster_2528018119_655375236_19,1
3920.0,E1,1
3940.0,-300077497#5,18
3940.0,-300077497#8,4
3940.0,-35274074#2,4
3940.0,-51362429#1,2
3940.0,-593847703#3,27
3940.0,-E0,19
3940.0,1239087514,1
3940.0,182334378#0,1
3940.0,186602412#0,2
3940.0,196961215#2,1
3940.0,238526531#0,11
3940.0,288878926#0,7
3940.0,300077497#6,4
3940.0,30620492#0,18
3940.0,30620492#1,5
3940.0,484988951#0,4
3940.0,49073226#2,4
3940.0,506322844#0,5
3940.0,51362429#0,17
3940.0,593847702#0,2
3940.0,593847703#0,1
3940.0,593847704#0,1
3940.0,593849711#0,1
3940.0,594658757#0,2
3940.0,594658760#0,1
3940.0,:3086736518_0,3
3940.0,:3086736518_4,1
3940.0,:3086736518_6,1
3940.0,:655375232_2,2
3940.0,:655375233_4,1
3940.0,:cluster622618015_622618108_622618112_622618144_#2more_0,1
3940.0,:cluster655375336_end_0_655375336_end_1_655375336_end_10_655375336_end_11_#8more_6,1
3940.0,:cluster_5372642442_631668976_631668981_631669076_45,2
3960.0,-300077497#5,22
3960.0,-35274074#2,4
3960.0,-593847703#3,27
3960.0,-E0,19
3960.0,196961215#2,1
3960.0,238526531#0,13
3960.0,288878926#0,5
3960.0,300077497#0,1
3960.0,300077497#6,4
3960.0,30620492#0,18
3960.0,30620492#1,5
3960.0,484988951#0,5
3960.0,49073226#2,6
3960.0,506322844#0,5
3960.0,51362429#0,17
3960.0,51362430,2
3960.0,593847702#0,2
3960.0,593847704#0,1
3960.0,594658757#0,2
3960.0,594658760#0,1
3960.0,:3086736518_0,3
3960.0,:3086736518_4,1
3960.0,:3086736518_6,1
3960.0,:655375232_2,2
3960.0,:655375233_4,1
3980.0,-1334905223#2,2
3980.0,-300077497#5,27
3980.0,-300077497#8,1
3980.0,-35274074#2,10
3980.0,-593847703#3,27
3980.0,-E0,19
3980.0,196961215#2,1
3980.0,238526531#0,1
3980.0,288878926#0,5
3980.0,300077497#6,4
3980.0,30620492#0,18
3980.0,30620492#1,5
3980.0,484988951#0,5
3980.0,49073226#2,6
3980.0,49073272#3,1
3980.0,506322840#0,2
3980.0,506322844#0,2
3980.0,51362429#0,17
3980.0,51362430,2
3980.0,593847704#0,1
3980.0,593852345#0,1
3980.0,594658757#0,2
3980.0,594658760#0,1
3980.0,:3086736518_0,3
3980.0,:3086736518_4,1
3980.0,:3086736518_6,1
3980.0,:655375232_2,2
3980.0,:655375233_4,1
3980.0,:655375238_1,1
3980.0,:655375239_5,1
3980.0,:655375241_0,1
3980.0,:cluster_2038168688_655375573_25,1
4000.0,-300077497#5,27
4000.0,-300077497#8,3
4000.0,-35274074#2,10
4000.0,-593847703#3,27
4000.0,-E0,19
4000.0,196961215#2,2
4000.0,263217604#0,1
4000.0,288878926#0,5
4000.0,300077497#6,2
4000.0,30620492#0,18
4000.0,30620492#1,5
4000.0,35274074#0,1
4000.0,484988951#0,4
4000.0,49073226#2,6
4000.0,49073264#0,1
4000.0,49073272#3,1
4000.0,506322844#0,8
4000.0,51362429#0,7
4000.0,51362430,2
4000.0,593847703#0,12
4000.0,594658757#0,2
4000.0,594658760#0,1
4000.0,:3086736518_0,1
4000.0,:3086736518_4,1
4000.0,:3086736518_6,1
4000.0,:655375232_2,1
4000.0,:655375233_0,1
4000.0,:655375233_4,1
4000.0,:655375239_3,1
4000.0,:cluster_3431431575_4777363357_655375231_6982059025_5,1
4020.0,-300077497#5,23
4020.0,-300077497#8,3
4020.0,-35274074#2,3
4020.0,-49073264#1,1
4020.0,-593847703#3,29
4020.0,-E0,19
4020.0,196961215#2,2
4020.0,288878926#0,3
4020.0,300077497#0,7
4020.0,300077497#6,2
4020.0,30620492#0,18
4020.0,30620492#1,5
4020.0,360018417,1
4020.0,484988951#0,3
4020.0,49073226#2,9
4020.0,506322844#0,8
4020.0,506322846#0,1
4020.0,51362429#0,11
4020.0,593847703#0,4
4020.0,593849711#0,1
4020.0,594658757#0,2
4020.0,594658760#0,2
4020.0,:3086736518_0,1
4020.0,:3086736518_4,1
4020.0,:3086736518_6,1
4020.0,:655375232_2,1
4020.0,:655375232_8,1
4020.0,:655375233_4,2
4020.0,:cluster_2528018119_655375236_3,2
4040.0,-300077497#5,21
4040.0,-35274074#2,3
4040.0,-49073264#1,1
4040.0,-51362429#1,6
4040.0,-593847703#3,24
4040.0,-E0,19
4040.0,182334378#0,1
4040.0,186602412#0,1
4040.0,196961215#2,2
4040.0,300077497#0,10
4040.0,300077497#6,2
4040.0,30620492#0,18
4040.0,30620492#1,4
4040.0,484988951#0,3
4040.0,49073226#2,11
4040.0,506322844#0,9
4040.0,506322846#0,2
4040.0,51362429#0,13
4040.0,594658757#0,2
4040.0,594658760#0,1
4040.0,:3086736518_0,1
4040.0,:3086736518_4,1
4040.0,:3086736518_6,1
4040.0,:655375232_2,1
4040.0,:655375238_1,1
4040.0,:655375238_5,1
4040.0,:cluster_2528018119_655375236_17,2
4060.0,-300077497#5,23
4060.0,-300077497#8,1
4060.0,-35274074#2,3
4060.0,-49073264#1,1
4060.0,-51362429#1,6
4060.0,-593847703#3,26
4060.0,-E0,19
4060.0,186602412#0,2
4060.0,196961215#2,2
4060.0,232003903#0,1
4060.0,263217604#0,3
4060.0,300077497#0,5
4060.0,300077497#6,2
4060.0,30620492#0,17
4060.0,30620492#1,5
4060.0,35274074#0,5
4060.0,484988951#0,3
4060.0,49073226#2,11
4060.0,506322844#0,3
4060.0,51362429#0,15
4060.0,594658757#0,2
4060.0,594658760#0,1
4060.0,:3086736518_0,1
4060.0,:3086736518_4,1
4060.0,:3086736518_6,1
4060.0,:655375232_2,1
4060.0,:655375238_1,1
4060.0,:655375238_5,1
4060.0,:655375239_5,1
4060.0,:655375239_6,1
4080.0,-300077497#5,27
4080.0,-300077497#8,4
4080.0,-35274074#2,3
4080.0,-51362429#1,5
4080.0,-593847703#3,26
4080.0,-E0,19
4080.0,232003903#0,1
4080.0,263217604#0,5
4080.0,288878926#0,5
4080.0,300077497#0,4
4080.0,300077497#6,2
4080.0,30620492#0,18
4080.0,30620492#1,5
4080.0,35274074#0,6
4080.0,484988951#0,4
4080.0,49073226#2,7
4080.0,506322844#0,4
4080.0,51362429#0,16
4080.0,594658757#0,2
4080.0,594658760#0,1
4080.0,:3086736518_0,1
4080.0,:3086736518_4,1
4080.0,:3086736518_6,1
4080.0,:655375232_2,1
4080.0,:655375238_6,1
4080.0,:cluster622618015_622618108_622618112_622618144_#2more_17,1
4080.0,:cluster_3431431575_4777363357_655375231_6982059025_3,1
4080.0,:cluster_623980147_623980152_9,1
4100.0,-300077497#5,25
4100.0,-300077497#8,4
4100.0,-51362429#1,1
4100.0,-593847703#3,28
4100.0,-E0,19
4100.0,263217604#0,5
4100.0,288878926#0,12
4100.0,300077497#6,2
4100.0,30620492#0,18
4100.0,30620492#1,5
4100.0,35274074#0,7
4100.0,484988951#0,3
4100.0,49073226#2,3
4100.0,506322844#0,6
4100.0,506322846#0,1
4100.0,51362429#0,9
4100.0,51362430,1
4100.0,593847703#0,6
4100.0,594658757#0,2
4100.0,594658760#0,1
4100.0,:3086736518_0,1
4100.0,:3086736518_4,1
4100.0,:3086736518_6,1
4100.0,:655375232_2,2
4100.0,:655375233_0,2
4100.0,:655375239_3,1
4100.0,:cluster_2038168688_655375573_23,1
4100.0,:cluster_2038168688_655375573_3,1
4100.0,:cluster_2038168688_655375573_6,1
4100.0,:cluster_3431431575_4777363357_655375231_6982059025_3,2
4100.0,:cluster_3431431575_4777363357_655375231_6982059025_5,1
4100.0,:cluster_623980147_623980152_4,1
4120.0,-300077497#5,25
4120.0,-300077497#8,4
4120.0,-593847703#3,28
4120.0,-E0,19
4120.0,186602412#0,2
4120.0,244450512#4,2
4120.0,288878926#0,8
4120.0,300077497#0,9
4120.0,30620492#0,18
4120.0,30620492#1,5
4120.0,484988951#0,4
4120.0,49073226#2,5
4120.0,506322844#0,6
4120.0,506322846#0,8
4120.0,51362429#0,11
4120.0,593849711#0,1
4120.0,594658757#0,3
4120.0,594658760#0,3
4120.0,:1973482489_3,1
4120.0,:3086736518_0,1
4120.0,:3086736518_4,1
4120.0,:3086736518_6,1
4120.0,:cluster622618015_622618108_622618112_622618144_#2more_0,1
4120.0,:cluster_2528018119_655375236_3,1
4140.0,-300077497#5,25
4140.0,-300077497#8,2
4140.0,-51362429#1,5
4140.0,-593847703#3,21
4140.0,-E0,19
4140.0,186602412#0,5
4140.0,244450512#5,2
4140.0,288878926#0,10
4140.0,300077497#0,6
4140.0,30620492#0,18
4140.0,30620492#1,5
4140.0,35274074#0,3
4140.0,484988951#0,3
4140.0,49073226#2,2
4140.0,506322844#0,6
4140.0,506322846#0,2
4140.0,51362429#0,12
4140.0,593847702#0,1
4140.0,594658757#0,3
4140.0,594658760#0,3
4140.0,:3086736518_0,1
4140.0,:3086736518_6,1
4140.0,:655375232_8,1
4140.0,:655375238_6,1
4140.0,:cluster_3431431575_4777363357_655375231_6982059025_3,2
4140.0,:cluster_3431431575_4777363357_655375231_6982059025_5,1
4160.0,-300077497#5,26
4160.0,-300077497#8,2
4160.0,-51362429#1,3
4160.0,-593847703#3,21
4160.0,-E0,19
4160.0,186602412#0,1
4160.0,244450512#5,2
4160.0,263217604#0,2
4160.0,288878926#0,10
4160.0,300077497#0,1
4160.0,30620492#0,18
4160.0,30620492#1,5
4160.0,35274074#0,8
4160.0,484988951#0,3
4160.0,49073226#2,8
4160.0,49073272#3,1
4160.0,506322844#0,5
4160.0,51362429#0,15
4160.0,594658757#0,3
4160.0,594658760#0,3
4160.0,:3086736518_0,1
4160.0,:3086736518_6,1
4160.0,:655375238_1,1
4160.0,:655375238_5,1
4160.0,:655375239_5,2
4160.0,:655375239_6,1
4160.0,:cluster_3431431575_4777363357_655375231_6982059025_5,1
4180.0,-300077497#5,27
4180.0,-300077497#8,4
4180.0,-51362429#1,3
4180.0,-593847703#3,21
4180.0,-E0,19
4180.0,1068440004#1,1
4180.0,244450512#5,2
4180.0,263217604#0,5
4180.0,288878926#0,10
4180.0,30620492#0,18
4180.0,30620492#1,5
4180.0,35274074#0,10
4180.0,484988951#0,4
4180.0,49073226#2,8
4180.0,49073272#3,1
4180.0,506322844#0,6
4180.0,51362429#0,17
4180.0,593847704#0,1
4180.0,594658757#0,2
4180.0,594658760#0,2
4180.0,:3086736518_0,1
4180.0,:3086736518_6,1
4200.0,-300077497#5,23
4200.0,-300077497#8,4
4200.0,-51362429#1,3
4200.0,-593847703#3,24
4200.0,-E0,19
4200.0,1068440004#1,1
4200.0,182334378#0,1
4200.0,288878926#0,8
4200.0,30620492#0,18
4200.0,30620492#1,5
4200.0,360018417,2
4200.0,360843888,1
4200.0,484988951#0,3
4200.0,49073226#2,8
4200.0,506322844#0,6
4200.0,506322846#0,8
4200.0,51362429#0,10
4200.0,51362430,2
4200.0,593847703#0,3
4200.0,593847704#0,1
4200.0,593849711#0,1
4200.0,594658757#0,3
4200.0,594658760#0,4
4200.0,:3086736518_0,2
4200.0,:655375232_2,3
4200.0,:655375233_0,2
4200.0,:cluster3086736522_655375108_655375247_655375401_#1more_17,1
4200.0,:cluster_2038168688_655375573_23,1
4200.0,:cluster_2038168688_655375573_24,1
4200.0,:cluster_3431431575_4777363357_655375231_6982059025_5,1
4220.0,-300077497#5,24
4220.0,-300077497#8,1
4220.0,-51362429#1,3
4220.0,-593847703#3,24
4220.0,-E0,19
4220.0,1068440004#1,2
4220.0,182334378#0,1
4220.0,186602412#0,5
4220.0,288878926#0,2
4220.0,300077497#0,3
4220.0,30620492#0,18
4220.0,30620492#1,5
4220.0,360843888,2
4220.0,484988951#0,3
4220.0,49073226#2,9
4220.0,506322844#0,6
4220.0,506322846#0,3
4220.0,51362429#0,13
4220.0,593847703#0,5
4220.0,593847704#0,1
4220.0,594658757#0,3
4220.0,594658760#0,3
4220.0,:1973482489_3,1
4220.0,:3086736518_0,1
4220.0,:655375238_1,1
4220.0,:655375238_5,1
4220.0,:cluster622618015_622618108_622618112_622618144_#2more_49,2
4220.0,:cluster_2528018119_655375236_17,1
4220.0,:cluster_2528018119_655375236_3,1
4220.0,:cluster_3431431575_4777363357_655375231_6982059025_7,1
4240.0,-300077497#5,26
4240.0,-300077497#8,3
4240.0,-51362429#1,4
4240.0,-593847703#3,18
4240.0,-E0,19
4240.0,1068440004#1,2
4240.0,186602412#0,1
4240.0,263217604#0,1
4240.0,288878926#0,2
4240.0,300077497#0,2
4240.0,30620492#0,18
4240.0,30620492#1,5
4240.0,35274074#0,2
4240.0,360843888,2
4240.0,484988951#0,4
4240.0,49073226#2,10
4240.0,506322844#0,2
4240.0,51362429#0,14
4240.0,593847703#0,5
4240.0,593847704#0,2
4240.0,594658757#0,3
4240.0,594658760#0,3
4240.0,:3086736518_0,1
4240.0,:3086736518_4,1
4240.0,:655375232_8,2
4240.0,:655375233_4,2
4240.0,:655375238_1,1
4240.0,:655375239_5,1
4240.0,:cluster655375336_end_0_655375336_end_1_655375336_end_10_655375336_end_11_#8more_6,1
4260.0,-300077497#5,27
4260.0,-300077497#8,4
4260.0,-51362429#1,7
4260.0,-593847703#3,18
4260.0,-E0,19
4260.0,232003903#0,1
4260.0,263217604#0,2
4260.0,288878926#0,2
4260.0,30620492#0,18
4260.0,30620492#1,5
4260.0,35274074#0,5
4260.0,360843888,2
4260.0,484988951#0,3
4260.0,49073226#2,11
4260.0,506322844#0,6
4260.0,51362429#0,15
4260.0,593847702#0,2
4260.0,593847703#0,5
4260.0,594658757#0,3
4260.0,594658760#0,3
4260.0,:3086736518_0,1
4260.0,:3086736518_4,1
4260.0,:cluster622618015_622618108_622618112_622618144_#2more_39,1
4260.0,:cluster622618015_622618108_622618112_622618144_#2more_42,1
4260.0,:cluster_3431431575_4777363357_655375231_6982059025_5,1
4280.0,-300077497#5,23
4280.0,-300077497#8,4
4280.0,-49073264#1,1
4280.0,-51362429#1,7
4280.0,-593847703#3,20
4280.0,-E0,19
4280.0,244450512#4,1
4280.0,244450512#5,1
4280.0,263217604#0,2
4280.0,288878926#0,2
4280.0,300077497#0,2
4280.0,30620492#0,18
4280.0,30620492#1,5
4280.0,35274074#0,1
4280.0,484988951#0,4
4280.0,49073226#2,11
4280.0,506322844#0,6
4280.0,506322846#0,1
4280.0,51362429#0,17
4280.0,51362430,1
4280.0,593847702#0,2
4280.0,593847703#0,1
4280.0,594658757#0,3
4280.0,594658760#0,3
4280.0,:3086736518_0,1
4280.0,:3086736518_4,1
4280.0,:cluster_2038168688_655375573_23,1
4280.0,:cluster_2038168688_655375573_3,1
4280.0,:cluster_2038168688_655375573_6,1
4280.0,:cluster_2528018119_655375236_17,2
4280.0,:cluster_2528018119_655375236_3,2
4300.0,-300077497#5,23
4300.0,-300077497#8,4
4300.0,-49073264#1,1
4300.0,-51362429#1,7
4300.0,-593847703#3,22
4300.0,-E0,18
4300.0,186602412#0,2
4300.0,244450512#4,1
4300.0,244450512#5,2
4300.0,300077497#0,2
4300.0,30620492#0,18
4300.0,30620492#1,5
4300.0,35274074#0,2
4300.0,484988951#0,5
4300.0,49073226#2,11
4300.0,506322844#0,6
4300.0,506322846#0,2
4300.0,51362429#0,13
4300.0,593847702#0,2
4300.0,593847703#0,1
4300.0,593847705,1
4300.0,594658757#0,3
4300.0,594658760#0,4
4300.0,:1973482489_8,1
4300.0,:3086736518_0,1
4300.0,:3086736518_4,1
4300.0,:3086736518_6,1
4300.0,:655375232_2,2
4300.0,:655375233_0,2
4300.0,:655375238_1,1
4320.0,-300077497#5,27
4320.0,-49073264#1,1
4320.0,-51362429#1,7
4320.0,-593847703#3,22
4320.0,-E0,19
4320.0,186602412#0,1
4320.0,244450512#5,3
4320.0,288878926#0,6
4320.0,30620492#0,18
4320.0,30620492#1,5
4320.0,35274074#0,1
4320.0,484988951#0,5
4320.0,49073226#2,5
4320.0,506322844#0,6
4320.0,506322846#0,2
4320.0,51362429#0,8
4320.0,593847702#0,2
4320.0,593847703#0,9
4320.0,593847704#0,1
4320.0,593847705,1
4320.0,594658757#0,3
4320.0,594658760#0,4
4320.0,:3086736518_0,2
4320.0,:3086736518_4,1
4320.0,:3086736518_6,1
4320.0,:655375232_2,2
4320.0,:655375238_6,1
4340.0,-300077497#5,27
4340.0,-300077497#8,4
4340.0,-49073264#1,1
4340.0,-51362429#1,3
4340.0,-593847703#3,18
4340.0,-E0,19
4340.0,186602412#0,1
4340.0,244450512#5,3
4340.0,263217604#0,2
4340.0,288878926#0,12
4340.0,30620492#0,18
4340.0,30620492#1,5
4340.0,35274074#0,2
4340.0,484988951#0,3
4340.0,49073226#2,2
4340.0,49073272#3,1
4340.0,506322844#0,5
4340.0,51362429#0,12
4340.0,593847703#0,9
4340.0,593847704#0,2
4340.0,593847705,1
4340.0,593852345#0,1
4340.0,594658757#0,3
4340.0,594658760#0,3
4340.0,:3086736518_0,2
4340.0,:655375232_2,2
4340.0,:655375232_8,1
4340.0,:655375233_2,1
4340.0,:655375233_4,1
4340.0,:cluster_3431431575_4777363357_655375231_6982059025_3,2
4340.0,:cluster_3431431575_4777363357_655375231_6982059025_7,1
4340.0,:cluster_623980147_623980152_4,1
4360.0,-300077497#5,27
4360.0,-300077497#8,4
4360.0,-51362429#1,3
4360.0,-593847703#3,17
4360.0,-E0,19
4360.0,244450512#5,3
4360.0,263217604#0,2
4360.0,288878926#0,13
4360.0,30620492#0,17
4360.0,30620492#1,5
4360.0,35274074#0,2
4360.0,484988951#0,3
4360.0,49073226#2,8
4360.0,49073272#3,1
4360.0,506322844#0,5
4360.0,51362429#0,15
4360.0,593847702#0,1
4360.0,593847703#0,9
4360.0,593847705,1
4360.0,593852345#0,1
4360.0,594658757#0,3
4360.0,594658760#0,3
4360.0,:3086736518_0,2
4360.0,:655375232_2,2
4360.0,:cluster622618015_622618108_622618112_622618144_#2more_39,1
4360.0,:cluster622618015_622618108_622618112_622618144_#2more_52,1
4380.0,-300077497#5,25
4380.0,-300077497#8,4
4380.0,-51362429#1,3
4380.0,-593847703#3,20
4380.0,-E0,19
4380.0,182334379#0,1
4380.0,196961215#2,2
4380.0,288878926#0,11
4380.0,300077497#0,5
4380.0,30620492#0,18
4380.0,30620492#1,5
4380.0,360018417,1
4380.0,360843888,1
4380.0,484988951#0,3
4380.0,49073226#2,8
4380.0,506322844#0,5
4380.0,506322846#0,2
4380.0,51362429#0,15
4380.0,51362430,3
4380.0,593847702#0,1
4380.0,593847705,1
4380.0,593849711#0,2
4380.0,594658757#0,3
4380.0,594658760#0,4
4380.0,:3086736518_0,2
4380.0,:655375232_2,2
4380.0,:cluster_3431431575_4777363357_655375231_6982059025_5,1
4400.0,-300077497#5,27
4400.0,-300077497#8,2
4400.0,-51362429#1,3
4400.0,-593847703#3,20
4400.0,-E0,18
4400.0,186602412#0,1
4400.0,196961215#2,2
4400.0,238526531#0,1
4400.0,288878926#0,5
4400.0,300077497#0,2
4400.0,30620492#0,18
4400.0,30620492#1,5
4400.0,360843888,1
4400.0,484988951#0,3
4400.0,49073226#2,8
4400.0,506322844#0,5
4400.0,51362429#0,15
4400.0,51362430,1
4400.0,593847702#0,1
4400.0,594658757#0,3
4400.0,594658760#0,4
4400.0,:3086736518_0,1
4400.0,:3086736518_6,1
4400.0,:655375232_2,4
4400.0,:655375233_0,2
4400.0,:655375238_1,1
4400.0,:cluster622618015_622618108_622618112_622618144_#2more_49,1
4400.0,:cluster_2038168688_655375573_23,1
4400.0,:cluster_2038168688_655375573_3,1
4400.0,:cluster_3431431575_4777363357_655375231_6982059025_5,1
4420.0,-300077497#5,27
4420.0,-300077497#8,4
4420.0,-51362429#1,3
4420.0,-593847703#3,20
4420.0,-E0,18
4420.0,186602412#0,2
4420.0,196961215#2,2
4420.0,288878926#0,5
4420.0,30620492#0,18
4420.0,30620492#1,5
4420.0,35274074#0,3
4420.0,360843888,1
4420.0,484988951#0,3
4420.0,49073226#2,10
4420.0,49073272#1,1
4420.0,506322844#0,5
4420.0,506322848#0,1
4420.0,51362429#0,12
4420.0,593847703#0,10
4420.0,593847705,1
4420.0,594658757#0,3
4420.0,594658760#0,4
4420.0,:3086736518_0,1
4420.0,:3086736518_6,1
4420.0,:655375232_2,2
4420.0,:cluster_3431431575_4777363357_655375231_6982059025_7,1
4440.0,-300077497#5,27
4440.0,-300077497#8,4
4440.0,-51362429#1,3
4440.0,-593847703#3,17
4440.0,-E0,19
4440.0,196961215#2,2
4440.0,263217604#0,1
4440.0,288878926#0,5
4440.0,30620492#0,18
4440.0,30620492#1,5
4440.0,35274074#0,3
4440.0,360843888,1
4440.0,484988951#0,4
4440.0,49073226#2,11
4440.0,49073272#3,1
4440.0,506322844#0,5
4440.0,51362429#0,14
4440.0,593847703#0,8
4440.0,593847705,1
4440.0,594658757#0,3
4440.0,594658760#0,4
4440.0,:3086736518_0,1
4440.0,:3086736518_4,1
4440.0,:3086736518_6,1
4440.0,:655375232_2,2
4440.0,:655375233_4,2
4460.0,-300077497#5,24
4460.0,-300077497#8,4
4460.0,-51362429#1,6
4460.0,-593847703#3,14
4460.0,-E0,19
4460.0,196961215#2,2
4460.0,244450512#5,1
4460.0,263217604#0,1
4460.0,288878926#0,5
4460.0,300077497#0,2
4460.0,30620492#0,18
4460.0,30620492#1,5
4460.0,360018417,1
4460.0,484988951#0,3
4460.0,49073226#2,11
4460.0,506322844#0,5
4460.0,506322846#0,1
4460.0,51362429#0,15
4460.0,593847703#0,4
4460.0,593847704#0,2
4460.0,593847705,1
4460.0,594658757#0,3
4460.0,594658760#0,4
4460.0,:3086736518_0,1
4460.0,:3086736518_6,1
4460.0,:655375232_2,2
4460.0,:cluster622618015_622618108_622618112_622618144_#2more_52,1
4460.0,:cluster_2038168688_655375573_23,1
4460.0,:cluster_2038168688_655375573_3,1
4460.0,:cluster_2528018119_655375236_17,1
4460.0,:cluster_2528018119_655375236_19,1
4460.0,:cluster_2528018119_655375236_3,2
4460.0,:cluster_3431431575_4777363357_655375231_6982059025_5,1
4480.0,-300077497#5,22
4480.0,-300077497#8,4
4480.0,-51362429#1,6
4480.0,-593847703#3,16
4480.0,-E0,19
4480.0,182334378#0,1
4480.0,186602412#0,3
4480.0,196961215#2,3
4480.0,196961377#3,1
4480.0,244450512#5,1
4480.0,300077497#0,5
4480.0,30620492#0,18
4480.0,30620492#1,5
4480.0,35274074#0,3
4480.0,484988951#0,3
4480.0,49073226#2,11
4480.0,506322844#0,5
4480.0,51362429#0,16
4480.0,593847704#0,2
4480.0,593847705,1
4480.0,594658757#0,1
4480.0,594658760#0,5
4480.0,:3086736518_0,1
4480.0,:3086736518_6,1
4480.0,:655375232_2,2
4480.0,:cluster655375336_end_0_655375336_end_1_655375336_end_10_655375336_end_11_#8more_19,1
4480.0,:cluster_2528018119_655375236_17,1
4480.0,:cluster_3431431575_4777363357_655375231_6982059025_5,1
4500.0,-300077497#5,19
4500.0,-300077497#8,2
4500.0,-51362429#1,6
4500.0,-593847703#3,20
4500.0,-E0,19
4500.0,1068440004#1,2
4500.0,186602412#0,1
4500.0,196961215#2,3
4500.0,232003903#0,2
4500.0,244450512#5,1
4500.0,30620492#0,18
4500.0,30620492#1,5
4500.0,35274074#0,4
4500.0,484988951#0,4
4500.0,49073226#2,11
4500.0,506322844#0,5
4500.0,506322846#0,2
4500.0,51362429#0,17
4500.0,593847704#0,3
4500.0,593847705,1
4500.0,594658760#0,5
4500.0,:3086736518_0,1
4500.0,:3086736518_6,1
4500.0,:655375232_2,2
4500.0,:655375238_1,1
4500.0,:cluster655375336_end_0_655375336_end_1_655375336_end_10_655375336_end_11_#8more_6,1
4520.0,-300077497#5,25
4520.0,-300077497#8,2
4520.0,-51362429#1,6
4520.0,-593847703#3,20
4520.0,-E0,19
4520.0,1068440004#1,2
4520.0,196961215#2,3
4520.0,244450512#5,1
4520.0,30620492#0,18
4520.0,30620492#1,5
4520.0,35274074#0,5
4520.0,484988951#0,3
4520.0,49073226#2,11
4520.0,506322844#0,2
4520.0,51362429#0,9
4520.0,51362430,2
4520.0,593847703#0,8
4520.0,593847704#0,3
4520.0,594658760#0,5
4520.0,:3086736518_0,2
4520.0,:3086736518_6,1
4520.0,:655375233_0,2
4520.0,:655375238_4,1
4520.0,:655375239_5,1
4520.0,:cluster_3431431575_4777363357_655375231_6982059025_5,1
4540.0,-300077497#5,27
4540.0,-300077497#8,3
4540.0,-51362429#1,6
4540.0,-593847703#3,18
4540.0,-E0,19
4540.0,1068440004#1,2
4540.0,196961215#2,1
4540.0,244450512#5,1
4540.0,288878926#0,1
4540.0,30620492#0,18
4540.0,30620492#1,5
4540.0,35274074#0,6
4540.0,484988951#0,4
4540.0,49073226#2,12
4540.0,49073272#1,1
4540.0,49073272#3,2
4540.0,506322844#0,5
4540.0,51362429#0,12
4540.0,593847703#0,10
4540.0,594658760#0,5
4540.0,:3086736518_0,2
4540.0,:3086736518_6,1
4540.0,:655375233_4,2
4540.0,:cluster_623980147_623980152_3,2
4560.0,-300077497#5,21
4560.0,-300077497#8,3
4560.0,-51362429#1,11
4560.0,-593847703#3,20
4560.0,-E0,19
4560.0,1068440004#1,2
4560.0,288878926#0,8
4560.0,300077497#0,7
4560.0,30620492#0,18
4560.0,30620492#1,5
4560.0,360018417,3
4560.0,484988951#0,4
4560.0,49073226#2,6
4560.0,506322844#0,5
4560.0,506322846#0,6
4560.0,51362429#0,12
4560.0,51362430,1
4560.0,593849711#0,2
4560.0,594658760#0,5
4560.0,:3086736518_0,2
4560.0,:3086736518_6,1
4560.0,:655375233_4,1
4560.0,:cluster_2528018119_655375236_27,1
4560.0,:cluster_2528018119_655375236_3,2
4580.0,-300077497#5,24
4580.0,-51362429#1,6
4580.0,-593847703#3,20
4580.0,-E0,19
4580.0,186602412#0,5
4580.0,196961377#3,1
4580.0,238526531#0,1
4580.0,288878926#0,8
4580.0,300077497#0,5
4580.0,30620492#0,18
4580.0,30620492#1,5
4580.0,484988951#0,2
4580.0,49073226#2,3
4580.0,506322844#0,5
4580.0,506322846#0,1
4580.0,51362429#0,15
4580.0,594658760#0,5
4580.0,:3086736518_0,2
4580.0,:3086736518_6,1
4580.0,:655375233_4,1
4580.0,:655375233_8,2
4580.0,:655375238_1,1
4580.0,:cluster622618015_622618108_622618112_622618144_#2more_49,2
4580.0,:cluster_2038168688_655375573_23,1
4580.0,:cluster_2038168688_655375573_3,1
4580.0,:cluster_3431431575_4777363357_655375231_6982059025_3,2
4580.0,:cluster_3431431575_4777363357_655375231_6982059025_7,1
4580.0,:cluster_623980147_623980152_4,1
4600.0,-300077497#5,24
4600.0,-300077497#8,1
4600.0,-593847703#3,20
4600.0,-E0,19
4600.0,186602412#0,3
4600.0,263217604#0,1
4600.0,288878926#0,13
4600.0,30620492#0,18
4600.0,30620492#1,5
4600.0,35274074#0,6
4600.0,484988951#0,4
4600.0,49073226#2,7
4600.0,506322844#0,2
4600.0,506322848#0,1
4600.0,51362429#0,16
4600.0,594658760#0,5
4600.0,:3086736518_0,2
4600.0,:3086736518_6,1
4600.0,:655375233_4,1
4600.0,:655375233_8,2
4600.0,:655375238_5,1
4600.0,:655375239_5,1
4600.0,:cluster_3431431575_4777363357_655375231_6982059025_3,1
4620.0,-300077497#5,27
4620.0,-300077497#8,4
4620.0,-593847703#3,20
4620.0,-E0,19
4620.0,263217604#0,2
4620.0,288878926#0,13
4620.0,30620492#0,18
4620.0,30620492#1,5
4620.0,35274074#0,6
4620.0,484988951#0,3
4620.0,49073226#2,8
4620.0,506322844#0,4
4620.0,51362429#0,13
4620.0,593847704#0,1
4620.0,594658760#0,5
4620.0,:3086736518_0,3
4620.0,:3086736518_6,1
4620.0,:655375232_2,2
4620.0,:655375233_0,2
4620.0,:655375233_4,1
4620.0,:655375233_8,2
4620.0,:cluster_3431431575_4777363357_655375231_6982059025_5,1
4640.0,-300077497#5,24
4640.0,-300077497#8,4
4640.0,-593847703#3,21
4640.0,-E0,19
4640.0,182334378#0,1
4640.0,263217604#0,2
4640.0,288878926#0,13
4640.0,30620492#0,18
4640.0,30620492#1,5
4640.0,35274074#0,2
4640.0,360018417,1
4640.0,484988951#0,3
4640.0,49073226#2,8
4640.0,506322844#0,5
4640.0,506322846#0,1
4640.0,51362429#0,15
4640.0,594658760#0,4
4640.0,:3086736518_0,3
4640.0,:3086736518_6,1
4640.0,:655375232_2,2
4640.0,:655375233_0,2
4640.0,:655375233_4,1
4640.0,:655375233_8,2
4640.0,:cluster_2038168688_655375573_23,1
4640.0,:cluster_2038168688_655375573_3,1
4640.0,:cluster_2038168688_655375573_6,1
4640.0,:cluster_2528018119_655375236_17,1
4640.0,:cluster_3431431575_4777363357_655375231_6982059025_5,1
4660.0,-300077497#5,24
4660.0,-300077497#8,4
4660.0,-51362429#1,1
4660.0,-593847703#3,19
4660.0,-E0,19
4660.0,186602412#0,2
4660.0,196961377#3,1
4660.0,244450512#4,2
4660.0,288878926#0,7
4660.0,30620492#0,16
4660.0,30620492#1,5
4660.0,484988951#0,3
4660.0,49073226#2,8
4660.0,506322842#0,1
4660.0,506322844#0,5
4660.0,506322846#0,4
4660.0,51362429#0,17
4660.0,51362430,1
4660.0,593849711#0,1
4660.0,594658760#0,4
4660.0,:3086736518_0,3
4660.0,:3086736518_6,1
4660.0,:655375232_2,2
4660.0,:655375233_0,2
4660.0,:655375233_4,3
4660.0,:655375233_8,2
4660.0,:cluster622618015_622618108_622618112_622618144_#2more_0,1
4680.0,-300077497#5,26
4680.0,-300077497#8,1
4680.0,-51362429#1,1
4680.0,-593847703#3,20
4680.0,-E0,19
4680.0,186602412#0,3
4680.0,244450512#5,2
4680.0,288878926#0,5
4680.0,30620492#0,18
4680.0,30620492#1,5
4680.0,484988951#0,4
4680.0,49073226#2,8
4680.0,49695736#0,2
4680.0,506322842#0,1
4680.0,506322844#0,5
4680.0,51362429#0,17
4680.0,594658760#0,2
4680.0,:3086736518_0,3
4680.0,:3086736518_6,1
4680.0,:655375232_2,2
4680.0,:655375233_0,2
4680.0,:655375233_4,3
4680.0,:655375233_8,2
4680.0,:cluster_2038168688_655375573_23,1
4700.0,-300077497#5,27
4700.0,-300077497#8,3
4700.0,-51362429#1,1
4700.0,-593847703#3,22
4700.0,-E0,19
4700.0,186602412#0,1
4700.0,244450512#5,2
4700.0,288878926#0,5
4700.0,30620492#0,18
4700.0,30620492#1,5
4700.0,484988951#0,4
4700.0,49073226#2,8
4700.0,506322844#0,4
4700.0,506322846#2,1
4700.0,51362429#0,17
4700.0,594658760#0,2
4700.0,:3086736518_0,3
4700.0,:3086736518_6,1
4700.0,:655375232_2,2
4700.0,:655375233_0,2
4700.0,:655375233_4,3
4700.0,:655375233_8,2
4700.0,:655375239_5,1
4720.0,-300077497#5,27
4720.0,-300077497#8,4
4720.0,-51362429#1,1
4720.0,-593847703#3,22
4720.0,-E0,19
4720.0,1068234499#0,1
4720.0,244450512#5,2
4720.0,288878926#0,5
4720.0,30620492#0,18
4720.0,30620492#1,5
4720.0,484988951#0,3
4720.0,49073226#2,8
4720.0,506322844#0,5
4720.0,51362429#0,15
4720.0,593847704#0,1
4720.0,594658760#0,2
4720.0,:3086736518_0,3
4720.0,:655375232_2,4
4720.0,:655375233_0,2
4720.0,:655375233_4,3
4720.0,:655375233_8,2
4720.0,:cluster_3431431575_4777363357_655375231_6982059025_5,1
4740.0,-300077497#5,26
4740.0,-300077497#8,4
4740.0,-51362429#1,1
4740.0,-593847703#3,22
4740.0,-E0,19
4740.0,1068234499#0,1
4740.0,288878926#0,3
4740.0,30620492#0,18
4740.0,30620492#1,5
4740.0,484988951#0,2
4740.0,49073226#2,8
4740.0,506322844#0,5
4740.0,51362429#0,17
4740.0,51362430,2
4740.0,593849711#0,1
4740.0,594658760#0,2
4740.0,:3086736518_0,3
4740.0,:655375232_2,4
4740.0,:655375233_0,2
4740.0,:655375233_4,3
4740.0,:655375233_8,2
4740.0,:cluster_2528018119_655375236_17,1
4760.0,-300077497#5,23
4760.0,-300077497#8,4
4760.0,-51362429#1,5
4760.0,-593847703#3,21
4760.0,-E0,19
4760.0,1068234499#0,1
4760.0,30620492#0,18
4760.0,30620492#1,5
4760.0,484988951#0,4
4760.0,49073226#2,8
4760.0,506322844#0,5
4760.0,51362429#0,17
4760.0,593847702#0,2
4760.0,594658760#0,2
4760.0,:3086736518_0,3
4760.0,:655375232_2,4
4760.0,:655375233_0,2
4760.0,:655375233_4,4
4780.0,-300077497#5,26
4780.0,-300077497#8,3
4780.0,-51362429#1,4
4780.0,-593847703#3,22
4780.0,-E0,19
4780.0,288878926#0,3
4780.0,30620492#0,18
4780.0,30620492#1,5
4780.0,484988951#0,4
4780.0,49073226#2,5
4780.0,49073264#0,2
4780.0,506322844#0,2
4780.0,51362429#0,17
4780.0,593847703#0,2
4780.0,593847704#0,1
4780.0,594658760#0,2
4780.0,:3086736518_0,3
4780.0,:3086736518_4,1
4780.0,:655375232_2,4
4780.0,:655375233_4,2
4780.0,:655375238_5,1
4780.0,:655375239_5,1
4780.0,:cluster_3431431575_4777363357_655375231_6982059025_3,1
4800.0,-300077497#5,27
4800.0,-300077497#8,4
4800.0,-49073264#1,1
4800.0,-593847703#3,22
4800.0,-E0,19
4800.0,263217604#0,1
4800.0,288878926#0,9
4800.0,30620492#0,18
4800.0,30620492#1,5
4800.0,484988951#0,4
4800.0,49073226#2,3
4800.0,506322844#0,5
4800.0,51362429#0,17
4800.0,593847703#0,2
4800.0,594658760#0,2
4800.0,:3086736518_0,3
4800.0,:3086736518_4,1
4800.0,:655375232_2,4
4800.0,:655375233_4,2
4800.0,:cluster622618015_622618108_622618112_622618144_#2more_17,1
4800.0,:cluster622618015_622618108_622618112_622618144_#2more_37,1
4800.0,:cluster_623980147_623980152_9,1
4820.0,-300077497#5,23
4820.0,-300077497#8,4
4820.0,-593847703#3,24
4820.0,-E0,18
4820.0,263217604#0,1
4820.0,288878926#0,13
4820.0,300077497#0,2
4820.0,30620492#0,18
4820.0,30620492#1,5
4820.0,360018417,1
4820.0,484988951#0,4
4820.0,506322844#0,5
4820.0,51362429#0,17
4820.0,593847703#0,2
4820.0,594658760#0,2
4820.0,:3086736518_0,1
4820.0,:3086736518_4,1
4820.0,:3086736518_6,1
4820.0,:655375232_2,2
4820.0,:655375233_0,2
4820.0,:655375233_4,2
4820.0,:cluster_2528018119_655375236_17,2
4840.0,-300077497#5,20
4840.0,-300077497#8,4
4840.0,-593847703#3,29
4840.0,-E0,19
4840.0,196961377#3,1
4840.0,244450512#4,1
4840.0,288878926#0,7
4840.0,300077497#0,5
4840.0,30620492#0,18
4840.0,30620492#1,5
4840.0,35274074#0,2
4840.0,49073226#2,2
4840.0,506322844#0,5
4840.0,51362429#0,15
4840.0,593847703#0,3
4840.0,593847705,1
4840.0,593849711#0,2
4840.0,594658760#0,2
4840.0,:3086736518_0,1
4840.0,:3086736518_4,1
4840.0,:3086736518_6,1
4840.0,:655375232_2,1
4840.0,:655375233_4,2
4840.0,:cluster_2528018119_655375236_3,1
4840.0,:cluster_3431431575_4777363357_655375231_6982059025_7,1
4860.0,-300077497#5,24
4860.0,-51362429#1,3
4860.0,-593847703#3,24
4860.0,-E0,19
4860.0,244450512#5,1
4860.0,288878926#0,5
4860.0,300077497#0,5
4860.0,30620492#0,18
4860.0,30620492#1,5
4860.0,35274074#0,2
4860.0,49073226#2,3
4860.0,506322844#0,5
4860.0,506322846#0,1
4860.0,51362429#0,15
4860.0,593847705,1
4860.0,594658760#0,2
4860.0,:1973482489_8,1
4860.0,:3086736518_0,1
4860.0,:3086736518_4,1
4860.0,:3086736518_6,1
4860.0,:655375232_2,1
4860.0,:655375233_4,4
4860.0,:655375238_1,1
4880.0,-300077497#5,27
4880.0,-300077497#8,4
4880.0,-51362429#1,1
4880.0,-593847703#3,22
4880.0,-E0,19
4880.0,244450512#5,1
4880.0,288878926#0,5
4880.0,300077497#0,2
4880.0,30620492#0,18
4880.0,30620492#1,5
4880.0,35274074#0,5
4880.0,49073226#2,7
4880.0,506322844#0,2
4880.0,51362429#0,15
4880.0,593847704#0,1
4880.0,593847705,1
4880.0,594658760#0,2
4880.0,:3086736518_0,1
4880.0,:3086736518_4,2
4880.0,:655375232_2,1
4880.0,:655375233_2,1
4880.0,:655375233_4,2
4880.0,:655375238_6,1
4880.0,:655375239_6,1
4900.0,-300077497#5,27
4900.0,-300077497#8,4
4900.0,-51362429#1,1
4900.0,-593847703#3,22
4900.0,-E0,19
4900.0,244450512#5,1
4900.0,263217604#0,1
4900.0,288878926#0,5
4900.0,30620492#0,18
4900.0,30620492#1,5
4900.0,35274074#0,8
4900.0,49073226#2,7
4900.0,506322844#0,5
4900.0,51362429#0,15
4900.0,593847705,1
4900.0,593849718#0,1
4900.0,594658760#0,2
4900.0,:3086736518_0,1
4900.0,:3086736518_4,2
4900.0,:655375232_2,1
4900.0,:655375233_2,1
4900.0,:655375233_4,2
4920.0,-300077497#5,19
4920.0,-300077497#8,4
4920.0,-51362429#1,1
4920.0,-593847703#3,28
4920.0,-E0,18
4920.0,232003903#0,1
4920.0,288878926#0,3
4920.0,30620492#0,18
4920.0,30620492#1,5
4920.0,49073226#2,7
4920.0,506322844#0,5
4920.0,506322846#0,8
4920.0,51362429#0,13
4920.0,51362430,1
4920.0,593849711#0,1
4920.0,594658757#0,1
4920.0,594658760#0,2
4920.0,:3086736518_0,1
4920.0,:3086736518_4,2
4920.0,:3086736518_6,1
4920.0,:655375232_2,3
4920.0,:655375233_0,1
4920.0,:655375233_2,1
4920.0,:655375233_4,2
4920.0,:cluster_2528018119_655375236_17,1
4940.0,-300077497#5,21
4940.0,-300077497#8,1
4940.0,-51362429#1,1
4940.0,-593847703#3,29
4940.0,-E0,18
4940.0,1068440004#1,1
4940.0,186602412#0,5
4940.0,232003903#0,1
4940.0,300077497#0,1
4940.0,30620492#0,18
4940.0,30620492#1,5
4940.0,49073226#2,8
4940.0,506322844#0,5
4940.0,506322846#0,1
4940.0,51362429#0,7
4940.0,593847703#0,9
4940.0,593847705,2
4940.0,594658760#0,2
4940.0,:1973482489_3,1
4940.0,:3086736518_4,2
4940.0,:3086736518_6,1
4940.0,:655375233_0,1
4940.0,:655375233_2,1
4940.0,:655375233_4,2
4940.0,:655375238_5,1
4960.0,-300077497#5,24
4960.0,-300077497#8,1
4960.0,-51362429#1,2
4960.0,-593847703#3,26
4960.0,-E0,19
4960.0,1068440004#1,1
4960.0,232003903#0,1
4960.0,30620492#0,17
4960.0,30620492#1,4
4960.0,49073226#2,8
4960.0,506322844#0,2
4960.0,51362429#0,7
4960.0,593847703#0,9
4960.0,593847705,2
4960.0,594658760#0,2
4960.0,:2749340167_0,1
4960.0,:3086736518_3,1
4960.0,:3086736518_4,1
4960.0,:3086736518_6,1
4960.0,:655375232_8,1
4960.0,:655375233_2,2
4960.0,:655375233_4,2
4960.0,:655375238_1,1
4960.0,:655375238_5,1
4960.0,:655375239_5,1
4980.0,-300077497#5,27
4980.0,-300077497#8,4
4980.0,-51362429#1,8
4980.0,-593847703#3,23
4980.0,-E0,19
4980.0,232003903#0,1
4980.0,263217604#0,2
4980.0,30620492#0,17
4980.0,30620492#1,5
4980.0,35274074#0,1
4980.0,49073226#2,8
4980.0,506322844#0,4
4980.0,51362429#0,7
4980.0,593847702#0,2
4980.0,593847703#0,9
4980.0,593847705,2
4980.0,:3086736518_6,1
4980.0,:655375233_8,1
4980.0,:cluster622618015_622618108_622618112_622618144_#2more_42,1
4980.0,:cluster655375336_end_0_655375336_end_1_655375336_end_10_655375336_end_11_#8more_13,1
5000.0,-300077497#5,24
5000.0,-300077497#8,4
5000.0,-49073264#1,1
5000.0,-51362429#1,8
5000.0,-593847703#3,24
5000.0,-E0,19
5000.0,263217604#0,2
5000.0,300077497#0,2
5000.0,30620492#0,18
5000.0,30620492#1,5
5000.0,49073226#2,8
5000.0,49695736#0,1
5000.0,506322844#0,5
5000.0,51362429#0,7
5000.0,51362430,1
5000.0,593847702#0,3
5000.0,593847703#0,5
5000.0,593847705,2
5000.0,:3086736518_6,1
5000.0,:cluster_2038168688_655375573_23,1
5000.0,:cluster_2528018119_655375236_19,2
5000.0,:cluster_2528018119_655375236_3,2
5020.0,-300077497#5,22
5020.0,-300077497#8,4
5020.0,-49073264#1,1
5020.0,-51362429#1,5
5020.0,-593847703#3,24
5020.0,-E0,19
5020.0,182334378#0,2
5020.0,186602412#0,1
5020.0,288878926#0,4
5020.0,300077497#0,7
5020.0,30620492#0,18
5020.0,30620492#1,5
5020.0,35274074#0,1
5020.0,49073226#2,4
5020.0,49695736#0,1
5020.0,506322844#0,5
5020.0,51362429#0,7
5020.0,593847702#0,3
5020.0,593847705,2
5020.0,593849711#0,1
5020.0,594658760#0,2
5020.0,:3086736518_6,1
5020.0,:655375238_6,1
5020.0,:cluster_2528018119_655375236_17,2
5020.0,:cluster_3431431575_4777363357_655375231_6982059025_3,2
5020.0,:cluster_623980147_623980152_4,1
5040.0,-300077497#5,20
5040.0,-300077497#8,2
5040.0,-49073264#1,1
5040.0,-593847703#3,28
5040.0,-E0,19
5040.0,1068440004#1,2
5040.0,288878926#0,9
5040.0,300077497#0,2
5040.0,30620492#0,18
5040.0,30620492#1,5
5040.0,35274074#0,4
5040.0,49073226#2,5
5040.0,49695736#0,1
5040.0,506322844#0,5
5040.0,506322846#0,2
5040.0,51362429#0,1
5040.0,51362430,1
5040.0,593847702#0,3
5040.0,593847703#0,4
5040.0,593847704#0,1
5040.0,594658760#0,2
5040.0,:3086736518_0,1
5040.0,:655375232_2,1
5040.0,:655375233_0,1
5040.0,:655375238_1,1
5040.0,:cluster655375336_end_0_655375336_end_1_655375336_end_10_655375336_end_11_#8more_6,1
5060.0,-300077497#5,26
5060.0,-300077497#8,2
5060.0,-49073264#1,2
5060.0,-593847703#3,27
5060.0,-E0,19
5060.0,1068440004#1,4
5060.0,186602412#0,2
5060.0,288878926#0,13
5060.0,30620492#0,18
5060.0,30620492#1,5
5060.0,35274074#0,6
5060.0,49073226#2,2
5060.0,49073272#3,2
5060.0,506322844#0,2
5060.0,51362429#0,1
5060.0,51362430,1
5060.0,593847703#0,4
5060.0,593847704#0,1
5060.0,:3086736518_0,1
5060.0,:655375232_2,1
5060.0,:655375233_2,1
5060.0,:655375233_4,1
5060.0,:655375238_1,1
5060.0,:655375238_5,1
5060.0,:655375239_6,1
5080.0,-300077497#5,27
5080.0,-300077497#8,4
5080.0,-51362429#1,6
5080.0,-593847703#3,20
5080.0,-E0,19
5080.0,1068440004#1,4
5080.0,263217604#0,1
5080.0,288878926#0,13
5080.0,30620492#0,18
5080.0,30620492#1,5
5080.0,35274074#0,7
5080.0,484988951#0,1
5080.0,49073226#2,2
5080.0,49073272#3,2
5080.0,506322844#0,6
5080.0,51362429#0,1
5080.0,593847702#0,1
5080.0,593847703#0,4
5080.0,593847704#0,1
5080.0,593849718#0,1
5080.0,:3086736518_0,1
5080.0,:3086736518_4,1
5080.0,:655375232_2,1
5100.0,-300077497#5,24
5100.0,-300077497#8,4
5100.0,-51362429#1,2
5100.0,-593847703#3,22
5100.0,-E0,19
5100.0,288878926#0,11
5100.0,300077497#0,4
5100.0,30620492#0,18
5100.0,30620492#1,5
5100.0,360018417,2
5100.0,49073226#2,7
5100.0,49073264#0,1
5100.0,506322844#0,6
5100.0,506322846#0,6
5100.0,51362429#0,1
5100.0,593847702#0,5
5100.0,593849711#0,1
5100.0,594658757#0,1
5100.0,:3086736518_0,1
5100.0,:3086736518_4,1
5100.0,:655375232_2,1
5100.0,:cluster_2038168688_655375573_23,1
5100.0,:cluster_2528018119_655375236_31,1
5120.0,-300077497#5,25
5120.0,-300077497#8,1
5120.0,-49073264#1,1
5120.0,-51362429#1,2
5120.0,-593847703#3,22
5120.0,-E0,18
5120.0,186602412#0,4
5120.0,232003903#0,1
5120.0,288878926#0,5
5120.0,30620492#0,18
5120.0,30620492#1,5
5120.0,49073226#2,7
5120.0,506322844#0,6
5120.0,506322846#0,1
5120.0,51362429#0,1
5120.0,593847702#0,5
5120.0,594658757#0,1
5120.0,:1973482489_8,1
5120.0,:3086736518_0,1
5120.0,:3086736518_4,1
5120.0,:3086736518_6,1
5120.0,:655375232_2,1
5120.0,:655375238_1,1
5120.0,:655375238_5,2
5120.0,:cluster622618015_622618108_622618112_622618144_#2more_49,2
5120.0,:cluster_2038168688_655375573_23,1
5120.0,:cluster_2038168688_655375573_3,1
5140.0,-300077497#5,27
5140.0,-300077497#8,4
5140.0,-49073264#1,1
5140.0,-51362429#1,2
5140.0,-593847703#3,22
5140.0,-E0,18
5140.0,1068440004#1,1
5140.0,186602412#0,3
5140.0,232003903#0,1
5140.0,263217604#0,1
5140.0,288878926#0,5
5140.0,30620492#0,18
5140.0,30620492#1,5
5140.0,35274074#0,1
5140.0,49073226#2,7
5140.0,49073264#0,1
5140.0,49073272#1,2
5140.0,49073272#3,1
5140.0,506322844#0,4
5140.0,593847703#0,5
5140.0,593847704#0,1
5140.0,593847705,1
5140.0,:3086736518_4,1
5140.0,:3086736518_6,1
5140.0,:655375233_0,1
5140.0,:cluster622618015_622618108_622618112_622618144_#2more_29,1
5160.0,-300077497#5,27
5160.0,-300077497#8,4
5160.0,-51362429#1,2
5160.0,-593847703#3,22
5160.0,-E0,19
5160.0,1068440004#1,1
5160.0,232003903#0,1
5160.0,263217604#0,2
5160.0,288878926#0,5
5160.0,30620492#0,18
5160.0,30620492#1,5
5160.0,35274074#0,1
5160.0,49073226#2,7
5160.0,49073272#1,1
5160.0,49073272#3,3
5160.0,506322844#0,5
5160.0,593847703#0,3
5160.0,593847705,1
5160.0,:3086736518_4,1
5160.0,:3086736518_6,1
5160.0,:cluster622618015_622618108_622618112_622618144_#2more_17,2
5160.0,:cluster622618015_622618108_622618112_622618144_#2more_42,1
5180.0,-300077497#5,23
5180.0,-300077497#8,4
5180.0,-49073264#1,1
5180.0,-51362429#1,8
5180.0,-593847703#3,19
5180.0,-E0,19
5180.0,1068440004#1,1
5180.0,263217604#0,2
5180.0,288878926#0,5
5180.0,300077497#0,2
5180.0,30620492#0,18
5180.0,30620492#1,5
5180.0,360018417,1
5180.0,49073226#2,7
5180.0,49073272#1,1
5180.0,49073272#3,1
5180.0,506322844#0,5
5180.0,51362430,1
5180.0,593847704#0,1
5180.0,593847705,1
5180.0,:3208478121_3,1
5180.0,:cluster_2038168688_655375573_23,1
5180.0,:cluster_2528018119_655375236_17,2
5180.0,:cluster_2528018119_655375236_3,1
5200.0,-300077497#5,23
5200.0,-300077497#8,4
5200.0,-49073264#1,1
5200.0,-51362429#1,8
5200.0,-593847703#3,21
5200.0,-E0,19
5200.0,186602412#0,1
5200.0,196961377#3,3
5200.0,30620492#0,18
5200.0,30620492#1,5
5200.0,35274074#0,2
5200.0,49073226#2,8
5200.0,506322844#0,5
5200.0,593847702#0,1
5200.0,593847704#0,1
5200.0,593847705,1
5200.0,593849711#0,1
5200.0,594658757#0,1
5200.0,594658760#0,1
5200.0,:619136999_3,1
5200.0,:655375238_1,1
5220.0,-300077497#5,27
5220.0,-49073264#1,1
5220.0,-51362429#1,8
5220.0,-593847703#3,21
5220.0,-E0,18
5220.0,30620492#0,18
5220.0,30620492#1,5
5220.0,49073226#2,8
5220.0,506322844#0,5
5220.0,506322846#0,2
5220.0,593847702#0,1
5220.0,593847704#0,1
5220.0,593847705,1
5220.0,594658757#0,1
5220.0,594658760#0,1
5220.0,:1973482489_8,1
5220.0,:3086736518_6,1
5240.0,-300077497#5,27
5240.0,-300077497#8,4
5240.0,-49073264#1,1
5240.0,-51362429#1,8
5240.0,-593847703#3,21
5240.0,-E0,18
5240.0,186602412#0,2
5240.0,263217604#0,1
5240.0,30620492#0,18
5240.0,30620492#1,5
5240.0,49073226#2,7
5240.0,49073272#3,1
5240.0,506322844#0,5
5240.0,593847703#0,2
5240.0,593847704#0,1
5240.0,:3086736518_6,1
5240.0,:655375233_0,2
5240.0,:655375239_6,1
5240.0,:cluster655375336_end_0_655375336_end_1_655375336_end_10_655375336_end_11_#8more_16,1
5240.0,:cluster655375336_end_0_655375336_end_1_655375336_end_10_655375336_end_11_#8more_19,1
5240.0,:cluster_623980147_623980152_4,1
5260.0,-300077497#5,27
5260.0,-300077497#8,4
5260.0,-51362429#1,4
5260.0,-593847703#3,21
5260.0,-E0,19
5260.0,1068440004#1,2
5260.0,263217604#0,3
5260.0,288878926#0,7
5260.0,30620492#0,18
5260.0,30620492#1,4
5260.0,49073226#2,5
5260.0,49073272#3,1
5260.0,506322844#0,6
5260.0,593847703#0,1
5260.0,593849718#0,2
5280.0,-300077497#5,19
5280.0,-300077497#8,4
5280.0,-51362429#1,4
5280.0,-593847703#3,17
5280.0,-E0,19
5280.0,1068440004#1,2
5280.0,182334378#0,3
5280.0,288878926#0,10
5280.0,30620492#0,17
5280.0,30620492#1,5
5280.0,360018417,1
5280.0,360843888,1
5280.0,506322844#0,6
5280.0,593847702#0,1
5280.0,593849711#0,1
5280.0,:655375232_8,1
5280.0,:655375233_4,1
5280.0,:cluster3086736522_655375108_655375247_655375401_#1more_17,2
5280.0,:cluster655375336_end_0_655375336_end_1_655375336_end_10_655375336_end_11_#8more_6,1
5280.0,:cluster_2528018119_655375236_17,2
5280.0,:cluster_3431431575_4777363357_655375231_6982059025_3,2
5300.0,-300077497#5,18
5300.0,-593847703#3,21
5300.0,-E0,19
5300.0,182334378#0,1
5300.0,232003903#0,2
5300.0,288878926#0,8
5300.0,30620492#0,18
5300.0,30620492#1,5
5300.0,360843888,3
5300.0,49073226#2,4
5300.0,506322844#0,6
5300.0,593847702#0,3
5300.0,:655375233_8,1
5300.0,:655375238_5,2
5300.0,:cluster622618015_622618108_622618112_622618144_#2more_49,1
5300.0,:cluster_2528018119_655375236_17,1
5320.0,-300077497#5,21
5320.0,-300077497#8,1
5320.0,-593847703#3,22
5320.0,-E0,18
5320.0,182334378#0,1
5320.0,232003903#0,2
5320.0,263217604#0,1
5320.0,288878926#0,8
5320.0,30620492#0,18
5320.0,30620492#1,5
5320.0,360843888,3
5320.0,49073226#2,4
5320.0,49073272#1,1
5320.0,49073272#3,1
5320.0,506322844#0,2
5320.0,:3086736518_6,1
5320.0,:655375238_5,1
5320.0,:655375239_5,1
5320.0,:cluster622618015_622618108_622618112_622618144_#2more_35,1
5320.0,:cluster622618015_622618108_622618112_622618144_#2more_51,1
5340.0,-300077497#5,27
5340.0,-300077497#8,2
5340.0,-593847703#3,22
5340.0,-E0,11
5340.0,182334378#0,1
5340.0,196961215#2,2
5340.0,232003903#0,2
5340.0,263217604#0,2
5340.0,288878926#0,8
5340.0,30620492#0,18
5340.0,30620492#1,5
5340.0,360843888,3
5340.0,49073226#2,4
5340.0,49073272#3,2
5340.0,506322844#0,3
5340.0,593847704#0,2
5340.0,:cluster622618015_622618108_622618112_622618144_#2more_39,2
5360.0,-300077497#5,24
5360.0,-300077497#8,2
5360.0,-49073264#1,1
5360.0,-593847703#3,23
5360.0,-E0,17
5360.0,182334378#0,1
5360.0,196961215#2,2
5360.0,244450512#4,2
5360.0,263217604#0,2
5360.0,288878926#0,8
5360.0,30620492#0,18
5360.0,30620492#1,5
5360.0,360018417,1
5360.0,49073226#2,4
5360.0,506322844#0,8
5360.0,51362430,2
5360.0,:3208478121_3,1
5360.0,:3208478128_0,1
5360.0,:cluster_2528018119_655375236_17,1
5360.0,:cluster_2528018119_655375236_31,1
5380.0,-300077497#5,20
5380.0,-300077497#8,2
5380.0,-49073264#1,1
5380.0,-51362429#1,1
5380.0,-593847703#3,23
5380.0,-E0,19
5380.0,182334378#0,1
5380.0,196961215#2,2
5380.0,196961377#3,2
5380.0,244450512#4,1
5380.0,244450512#5,3
5380.0,288878926#0,2
5380.0,30620492#0,18
5380.0,30620492#1,5
5380.0,49073226#2,6
5380.0,506322844#0,8
5380.0,593849711#0,1
5380.0,594658760#0,1
5380.0,:655375232_8,1
5380.0,:655375233_4,3
5380.0,:cluster622618015_622618108_622618112_622618144_#2more_0,1
5380.0,:cluster655375336_end_0_655375336_end_1_655375336_end_10_655375336_end_11_#8more_6,1
5400.0,-300077497#5,20
5400.0,-49073264#1,1
5400.0,-51362429#1,3
5400.0,-593847703#3,22
5400.0,-E0,19
5400.0,182334378#0,1
5400.0,196961215#2,2
5400.0,244450512#5,3
5400.0,30620492#0,18
5400.0,30620492#1,5
5400.0,484988951#0,1
5400.0,49073226#2,9
5400.0,506322844#0,8
5400.0,593847704#0,1
5400.0,594658760#0,1
5400.0,:3086736518_4,1
5400.0,:3208478128_0,1
5420.0,-300077497#5,24
5420.0,-300077497#8,1
5420.0,-49073264#1,1
5420.0,-51362429#1,3
5420.0,-593847703#3,22
5420.0,-E0,19
5420.0,182334378#0,1
5420.0,196961215#2,2
5420.0,244450512#5,3
5420.0,263217604#0,4
5420.0,30620492#0,18
5420.0,30620492#1,5
5420.0,49073226#2,10
5420.0,506322844#0,2
5420.0,593847704#0,1
5420.0,594658760#0,1
5420.0,:3086736518_4,1
5420.0,:3208478128_0,1
5420.0,:655375239_6,1
5440.0,-300077497#5,27
5440.0,-300077497#8,1
5440.0,-51362429#1,3
5440.0,-593847703#3,22
5440.0,-E0,17
5440.0,182334378#0,1
5440.0,196961215#2,2
5440.0,244450512#5,3
5440.0,263217604#0,5
5440.0,30620492#0,18
5440.0,30620492#1,5
5440.0,49073226#2,10
5440.0,49073272#3,1
5440.0,506322844#0,5
5440.0,594658760#0,1
5440.0,:3086736518_4,1
5440.0,:3086736518_6,2
5440.0,:3208478128_0,1
5460.0,-300077497#5,21
5460.0,-300077497#8,1
5460.0,-51362429#1,3
5460.0,-593847703#3,27
5460.0,-E0,19
5460.0,1239087514,1
5460.0,196961215#2,2
5460.0,263217604#0,1
5460.0,30620492#0,18
5460.0,30620492#1,5
5460.0,360018417,1
5460.0,360843888,1
5460.0,49073226#2,10
5460.0,506322844#0,5
5460.0,51362430,3
5460.0,594658760#0,3
5460.0,:3086736518_4,1
5460.0,:3086736518_6,2
5460.0,:cluster3086736522_655375108_655375247_655375401_#1more_14,1
5460.0,:cluster_2528018119_655375236_17,1
5480.0,-300077497#5,22
5480.0,-51362429#1,4
5480.0,-593847703#3,25
5480.0,-E0,19
5480.0,288878926#0,4
5480.0,30620492#0,18
5480.0,30620492#1,5
5480.0,360843888,1
5480.0,484988951#0,1
5480.0,49073226#2,10
5480.0,506322844#0,5
5480.0,593849711#0,1
5480.0,594658760#0,5
5480.0,:3086736518_6,2
5480.0,:655375233_4,3
5480.0,:cluster_623980147_623980152_4,1
5500.0,-300077497#5,23
5500.0,-300077497#8,1
5500.0,-51362429#1,7
5500.0,-593847703#3,21
5500.0,-E0,19
5500.0,288878926#0,11
5500.0,30620492#0,18
5500.0,30620492#1,5
5500.0,360843888,1
5500.0,49073226#2,6
5500.0,506322844#0,2
5500.0,593847702#0,1
5500.0,593847704#0,3
5500.0,594658760#0,5
5500.0,:655375238_5,1
5500.0,:655375239_5,1
5500.0,:cluster_3431431575_4777363357_655375231_6982059025_3,1
5520.0,-300077497#5,27
5520.0,-300077497#8,3
5520.0,-51362429#1,5
5520.0,-593847703#3,21
5520.0,-E0,19
5520.0,1068440004#1,1
5520.0,263217604#0,2
5520.0,288878926#0,13
5520.0,30620492#0,18
5520.0,30620492#1,5
5520.0,360843888,1
5520.0,49073226#2,6
5520.0,49073272#3,1
5520.0,506322844#0,3
5520.0,593847704#0,1
5520.0,594658760#0,4
5520.0,:cluster622618015_622618108_622618112_622618144_#2more_39,2
5520.0,:cluster_3431431575_4777363357_655375231_6982059025_3,1
5540.0,-300077497#5,23
5540.0,-300077497#8,3
5540.0,-49073264#1,1
5540.0,-51362429#1,5
5540.0,-593847703#3,23
5540.0,-E0,13
5540.0,1068440004#1,2
5540.0,244450512#5,1
5540.0,263217604#0,2
5540.0,288878926#0,13
5540.0,30620492#0,18
5540.0,30620492#1,5
5540.0,360018417,1
5540.0,49073226#2,7
5540.0,506322844#0,8
5540.0,593847704#0,5
5540.0,594658760#0,3
5540.0,:3086736518_6,1
5540.0,:cluster_2528018119_655375236_17,1
5540.0,:cluster_2528018119_655375236_31,1
5560.0,-300077497#5,23
5560.0,-300077497#8,3
5560.0,-49073264#1,1
5560.0,-51362429#1,5
5560.0,-593847703#3,24
5560.0,-E0,17
5560.0,1068440004#1,2
5560.0,182334378#0,1
5560.0,196961377#3,1
5560.0,244450512#4,1
5560.0,244450512#5,1
5560.0,288878926#0,7
5560.0,30620492#0,18
5560.0,30620492#1,5
5560.0,49073226#2,7
5560.0,506322844#0,8
5560.0,593847704#0,6
5560.0,593849711#0,1
5560.0,594658760#0,1
5560.0,:cluster622618015_622618108_622618112_622618144_#2more_0,1
5560.0,:cluster655375336_end_0_655375336_end_1_655375336_end_10_655375336_end_11_#8more_17,1
5580.0,-300077497#5,26
5580.0,-49073264#1,1
5580.0,-51362429#1,5
5580.0,-593847703#3,22
5580.0,-E0,19
5580.0,1068440004#1,2
5580.0,182334378#0,1
5580.0,244450512#5,2
5580.0,288878926#0,5
5580.0,30620492#0,17
5580.0,30620492#1,5
5580.0,49073226#2,7
5580.0,506322844#0,8
5580.0,593847704#0,6
5580.0,594658760#0,1
5580.0,:655375233_2,1
5580.0,:655375233_4,1
5600.0,-300077497#5,27
5600.0,-300077497#8,4
5600.0,-49073264#1,1
5600.0,-51362429#1,9
5600.0,-593847703#3,18
5600.0,-E0,19
5600.0,1068440004#1,2
5600.0,182334378#0,1
5600.0,244450512#5,2
5600.0,263217604#0,3
5600.0,288878926#0,5
5600.0,30620492#0,18
5600.0,30620492#1,5
5600.0,49073226#2,7
5600.0,506322844#0,4
5600.0,593847704#0,7
5600.0,594658760#0,1
5600.0,:cluster622618015_622618108_622618112_622618144_#2more_34,1
5620.0,-300077497#5,27
5620.0,-300077497#8,4
5620.0,-49073264#1,1
5620.0,-51362429#1,9
5620.0,-593847703#3,19
5620.0,-E0,19
5620.0,182334378#0,1
5620.0,244450512#5,2
5620.0,263217604#0,3
5620.0,288878926#0,5
5620.0,30620492#0,18
5620.0,30620492#1,5
5620.0,49073226#2,7
5620.0,49073272#3,1
5620.0,506322844#0,5
5620.0,593847702#0,2
5620.0,593847704#0,1
5620.0,593849718#0,2
5620.0,:cluster622618015_622618108_622618112_622618144_#2more_39,3
5620.0,:cluster655375336_end_0_655375336_end_1_655375336_end_10_655375336_end_11_#8more_16,1
5640.0,-300077497#5,26
5640.0,-300077497#8,4
5640.0,-51362429#1,9
5640.0,-593847703#3,20
5640.0,-E0,16
5640.0,1068440004#1,1
5640.0,182334378#0,1
5640.0,288878926#0,2
5640.0,30620492#0,18
5640.0,30620492#1,5
5640.0,360018417,2
5640.0,360843888,1
5640.0,49073226#2,7
5640.0,506322844#0,5
5640.0,51362430,2
5640.0,593847702#0,2
5640.0,593847704#0,2
5640.0,593849711#0,1
5640.0,594658760#0,1
5640.0,:3086736518_6,1
5640.0,:cluster3086736522_655375108_655375247_655375401_#1more_17,1
5640.0,:cluster622618015_622618108_622618112_622618144_#2more_0,1
5660.0,-300077497#5,27
5660.0,-300077497#8,3
5660.0,-51362429#1,9
5660.0,-593847703#3,20
5660.0,-E0,17
5660.0,1068440004#1,1
5660.0,30620492#0,18
5660.0,30620492#1,5
5660.0,360843888,2
5660.0,49073226#2,7
5660.0,506322844#0,5
5660.0,593847702#0,2
5660.0,593847704#0,5
5660.0,594658760#0,1
5660.0,:cluster622618015_622618108_622618112_622618144_#2more_49,1
5660.0,:cluster_3431431575_4777363357_655375231_6982059025_7,2
5680.0,-300077497#5,27
5680.0,-300077497#8,4
5680.0,-51362429#1,9
5680.0,-593847703#3,20
5680.0,-E0,19
5680.0,1068440004#1,1
5680.0,30620492#0,18
5680.0,30620492#1,5
5680.0,360843888,2
5680.0,49073226#2,9
5680.0,49073264#0,1
5680.0,49073272#3,1
5680.0,506322844#0,6
5680.0,593847704#0,5
5680.0,594658760#0,1
5700.0,-300077497#5,27
5700.0,-300077497#8,4
5700.0,-51362429#1,9
5700.0,-593847703#3,15
5700.0,-E0,19
5700.0,1068440004#1,2
5700.0,263217604#0,1
5700.0,30620492#0,18
5700.0,30620492#1,5
5700.0,360843888,2
5700.0,49073226#2,9
5700.0,49073272#3,1
5700.0,506322844#0,5
5700.0,593847702#0,2
5700.0,593847704#0,4
5700.0,:3086736518_3,1
5700.0,:3086736518_4,1
5700.0,:cluster622618015_622618108_622618112_622618144_#2more_17,1
5700.0,:cluster622618015_622618108_622618112_622618144_#2more_39,1
5720.0,-300077497#5,23
5720.0,-300077497#8,4
5720.0,-51362429#1,7
5720.0,-593847703#3,17
5720.0,-E0,19
5720.0,244450512#4,1
5720.0,244450512#5,1
5720.0,263217604#0,1
5720.0,288878926#0,4
5720.0,30620492#0,18
5720.0,30620492#1,5
5720.0,360018417,1
5720.0,49073226#2,5
5720.0,506322844#0,5
5720.0,593847702#0,4
5720.0,:3086736518_3,1
5720.0,:3086736518_4,1
5720.0,:cluster_2528018119_655375236_17,2
5720.0,:cluster_3431431575_4777363357_655375231_6982059025_3,1
5720.0,:cluster_623980147_623980152_4,1
5740.0,-300077497#5,17
5740.0,-300077497#8,4
5740.0,-593847703#3,22
5740.0,-E0,19
5740.0,182334378#0,3
5740.0,196961377#3,1
5740.0,244450512#4,1
5740.0,244450512#5,2
5740.0,288878926#0,5
5740.0,30620492#0,18
5740.0,30620492#1,5
5740.0,49073226#2,5
5740.0,506322844#0,5
5740.0,593847702#0,4
5740.0,593849711#0,1
5740.0,:3086736518_3,1
5740.0,:3086736518_4,1
5740.0,:cluster622618015_622618108_622618112_622618144_#2more_0,1
5740.0,:cluster_3431431575_4777363357_655375231_6982059025_3,2
5760.0,-300077497#5,17
5760.0,-593847703#3,25
5760.0,-E0,19
5760.0,182334378#0,2
5760.0,244450512#5,3
5760.0,288878926#0,9
5760.0,30620492#0,18
5760.0,30620492#1,5
5760.0,506322844#0,5
5760.0,593847702#0,4
5760.0,:3086736518_3,1
5760.0,:3086736518_4,1
5760.0,:cluster655375336_end_0_655375336_end_1_655375336_end_10_655375336_end_11_#8more_6,2
5760.0,:cluster_623980147_623980152_9,1
5780.0,-300077497#5,23
5780.0,-300077497#8,1
5780.0,-49073264#1,1
5780.0,-593847703#3,25
5780.0,-E0,19
5780.0,1068440004#1,1
5780.0,182334378#0,1
5780.0,244450512#5,3
5780.0,288878926#0,10
5780.0,30620492#0,18
5780.0,30620492#1,5
5780.0,49073272#3,3
5780.0,506322844#0,2
5780.0,51362430,2
5780.0,:3086736518_3,1
5780.0,:3086736518_4,1
5780.0,:655375239_6,1
5800.0,-300077497#5,26
5800.0,-51362429#1,3
5800.0,-593847703#3,19
5800.0,-E0,19
5800.0,1068440004#1,1
5800.0,182334378#0,1
5800.0,244450512#5,3
5800.0,263217604#0,1
5800.0,288878926#0,10
5800.0,30620492#0,18
5800.0,30620492#1,5
5800.0,49073226#2,3
5800.0,49073272#3,3
5800.0,506322844#0,5
5800.0,593847704#0,1
5800.0,:3086736518_4,1
5800.0,:655375233_4,2
5820.0,-300077497#5,22
5820.0,-51362429#1,2
5820.0,-593847703#3,23
5820.0,-E0,19
5820.0,182334378#0,1
5820.0,288878926#0,8
5820.0,30620492#0,16
5820.0,30620492#1,5
5820.0,360018417,4
5820.0,49073226#2,7
5820.0,506322842#0,1
5820.0,506322844#0,6
5820.0,51362430,3
5820.0,593847702#0,1
5820.0,593849711#0,1
5820.0,594658757#0,1
5820.0,:cluster_9383263990_9383263991_9383263992_9383263993_13,1
5840.0,-300077497#5,21
5840.0,-51362429#1,2
5840.0,-593847703#3,23
5840.0,-E0,18
5840.0,182334378#0,1
5840.0,196961377#3,2
5840.0,288878926#0,2
5840.0,30620492#0,18
5840.0,30620492#1,5
5840.0,484988951#0,3
5840.0,49073226#2,7
5840.0,506322842#0,1
5840.0,506322844#0,6
5840.0,593847702#0,1
5840.0,594658757#0,1
5840.0,:3086736518_6,1
5840.0,:cluster622618015_622618108_622618112_622618144_#2more_49,2
5840.0,:cluster_2528018119_655375236_17,1
5840.0,:cluster_9383263990_9383263991_9383263992_9383263993_13,1
5860.0,-300077497#5,22
5860.0,-300077497#8,1
5860.0,-35274074#2,1
5860.0,-51362429#1,2
5860.0,-593847703#3,24
5860.0,-E0,14
5860.0,182334378#0,1
5860.0,263217604#0,1
5860.0,288878926#0,2
5860.0,30620492#0,18
5860.0,30620492#1,5
5860.0,49073226#2,10
5860.0,49073272#3,1
5860.0,506322844#0,3
5860.0,593847704#0,5
5860.0,594658757#0,1
5860.0,:655375238_5,1
5860.0,:655375239_5,1
5880.0,-300077497#5,27
5880.0,-300077497#8,2
5880.0,-51362429#1,2
5880.0,-593847703#3,24
5880.0,-E0,19
5880.0,263217604#0,4
5880.0,288878926#0,2
5880.0,30620492#0,18
5880.0,30620492#1,5
5880.0,49073226#2,10
5880.0,49073272#3,1
5880.0,506322844#0,2
5880.0,593847704#0,3
5880.0,594658757#0,1
5880.0,:655375238_2,1
5880.0,:cluster622618015_622618108_622618112_622618144_#2more_39,2
5900.0,-300077497#5,23
5900.0,-300077497#8,2
5900.0,-51362429#1,3
5900.0,-593847703#3,20
5900.0,-E0,19
5900.0,1068440004#1,1
5900.0,263217604#0,4
5900.0,288878926#0,2
5900.0,30620492#0,18
5900.0,30620492#1,5
5900.0,360018417,1
5900.0,49073226#2,10
5900.0,506322844#0,5
5900.0,:3086736518_4,1
5900.0,:655375232_8,1
5900.0,:655375233_2,1
5900.0,:655375233_4,2
5900.0,:655375238_2,1
5900.0,:cluster_2528018119_655375236_17,2
5920.0,-300077497#5,18
5920.0,-300077497#8,2
5920.0,-51362429#1,9
5920.0,-593847703#3,21
5920.0,-E0,19
5920.0,182334378#0,1
5920.0,196961377#3,1
5920.0,244450512#4,1
5920.0,30620492#0,18
5920.0,30620492#1,5
5920.0,49073226#2,10
5920.0,506322844#0,5
5920.0,593847702#0,1
5920.0,594658760#0,2
5920.0,:655375233_4,1
5920.0,:655375233_8,1
5920.0,:655375238_2,1
5920.0,:cluster_2528018119_655375236_17,2
5920.0,:cluster_2664674491_655375287_655375288_1,1
5940.0,-300077497#5,21
5940.0,-51362429#1,9
5940.0,-593847703#3,23
5940.0,-E0,19
5940.0,1068440004#1,1
5940.0,182334378#0,1
5940.0,244450512#5,2
5940.0,30620492#0,18
5940.0,30620492#1,5
5940.0,49073226#2,10
5940.0,506322844#0,5
5940.0,593847702#0,1
5940.0,594658760#0,1
5940.0,:655375233_4,1
5940.0,:655375233_8,1
5960.0,-300077497#5,27
5960.0,-300077497#8,1
5960.0,-49073264#1,1
5960.0,-51362429#1,6
5960.0,-593847703#3,23
5960.0,-E0,13
5960.0,1068440004#1,1
5960.0,182334378#0,1
5960.0,244450512#5,2
5960.0,288878926#0,6
5960.0,30620492#0,18
5960.0,30620492#1,5
5960.0,49073226#2,4
5960.0,506322844#0,2
5960.0,593847704#0,4
5960.0,594658760#0,1
5960.0,:655375233_4,1
5960.0,:655375233_8,1
5960.0,:655375239_5,1
5960.0,:cluster_3431431575_4777363357_655375231_6982059025_3,2
5960.0,:cluster_623980147_623980152_9,1
5980.0,-300077497#5,27
5980.0,-300077497#8,2
5980.0,-593847703#3,23
5980.0,-E0,18
5980.0,1068440004#1,1
5980.0,244450512#5,2
5980.0,263217604#0,2
5980.0,288878926#0,13
5980.0,30620492#0,18
5980.0,30620492#1,5
5980.0,49073226#2,5
5980.0,506322844#0,6
5980.0,593849718#0,4
5980.0,594658760#0,1
5980.0,:655375233_4,1
5980.0,:655375233_8,1
5980.0,:cluster_3431431575_4777363357_655375231_6982059025_3,1
6000.0,-300077497#5,27
6000.0,-300077497#8,2
6000.0,-593847703#3,20
6000.0,-E0,19
6000.0,1068440004#1,1
6000.0,288878926#0,11
6000.0,30620492#0,18
6000.0,30620492#1,5
6000.0,360843888,1
6000.0,49073226#2,6
6000.0,506322844#0,6
6000.0,51362430,2
6000.0,593849711#0,1
6000.0,594658760#0,1
6000.0,:655375232_8,1
6000.0,:655375233_2,1
6000.0,:655375233_4,2
6000.0,:655375233_8,1
6000.0,:cluster3086736522_655375108_655375247_655375401_#1more_17,1
6020.0,-300077497#5,27
6020.0,-300077497#8,2
6020.0,-51362429#1,2
6020.0,-593847703#3,18
6020.0,-E0,19
6020.0,288878926#0,5
6020.0,30620492#0,18
6020.0,30620492#1,5
6020.0,360843888,2
6020.0,49073226#2,9
6020.0,506322844#0,6
6020.0,593847702#0,3
6020.0,593847704#0,1
6020.0,594658760#0,1
6020.0,:655375233_8,1
6040.0,-300077497#5,27
6040.0,-300077497#8,3
6040.0,-51362429#1,2
6040.0,-593847703#3,18
6040.0,-E0,19
6040.0,263217604#0,3
6040.0,288878926#0,5
6040.0,30620492#0,18
6040.0,30620492#1,5
6040.0,360843888,2
6040.0,49073226#2,9
6040.0,49073264#0,1
6040.0,506322844#0,2
6040.0,593847704#0,1
6040.0,594658760#0,1
6040.0,:655375239_5,1
6040.0,:cluster622618015_622618108_622618112_622618144_#2more_34,1
6040.0,:cluster622618015_622618108_622618112_622618144_#2more_35,2
6060.0,-300077497#5,27
6060.0,-300077497#8,4
6060.0,-51362429#1,2
6060.0,-593847703#3,18
6060.0,-E0,13
6060.0,196961215#2,2
6060.0,263217604#0,4
6060.0,288878926#0,5
6060.0,30620492#0,18
6060.0,30620492#1,5
6060.0,360843888,2
6060.0,49073226#2,9
6060.0,506322844#0,5
6060.0,593847704#0,5
6060.0,594658760#0,1
6060.0,:3086736518_6,1
6060.0,:cluster622618015_622618108_622618112_622618144_#2more_17,2
6060.0,:cluster622618015_622618108_622618112_622618144_#2more_42,1
6080.0,-300077497#5,25
6080.0,-300077497#8,4
6080.0,-49073264#1,2
6080.0,-51362429#1,2
6080.0,-593847703#3,20
6080.0,-E0,17
6080.0,196961215#2,2
6080.0,244450512#4,1
6080.0,244450512#5,1
6080.0,263217604#0,4
6080.0,288878926#0,5
6080.0,30620492#0,18
6080.0,30620492#1,5
6080.0,360018417,1
6080.0,49073226#2,9
6080.0,49073264#0,1
6080.0,506322844#0,5
6080.0,593849718#0,2
6100.0,-300077497#5,22
6100.0,-300077497#8,4
6100.0,-49073264#1,3
6100.0,-51362429#1,2
6100.0,-593847703#3,21
6100.0,-E0,19
6100.0,196961215#2,2
6100.0,196961377#3,1
6100.0,244450512#4,1
6100.0,244450512#5,2
6100.0,30620492#0,18
6100.0,30620492#1,5
6100.0,49073226#2,9
6100.0,506322844#0,5
6100.0,593849711#0,1
6100.0,594658760#0,2
6100.0,:655375233_4,2
6100.0,:cluster655375336_end_0_655375336_end_1_655375336_end_10_655375336_end_11_#8more_18,1
6120.0,-300077497#5,22
6120.0,-49073264#1,3
6120.0,-51362429#1,10
6120.0,-593847703#3,16
6120.0,-E0,19
6120.0,1068440004#1,2
6120.0,196961215#2,2
6120.0,244450512#5,3
6120.0,30620492#0,18
6120.0,30620492#1,4
6120.0,49073226#2,9
6120.0,506322844#0,5
6120.0,594658760#0,1
6120.0,:655375238_5,2
6120.0,:cluster_3431431575_4777363357_655375231_6982059025_3,1
6140.0,-300077497#5,27
6140.0,-300077497#8,3
6140.0,-49073264#1,3
6140.0,-51362429#1,9
6140.0,-593847703#3,17
6140.0,-E0,19
6140.0,196961215#2,2
6140.0,244450512#5,3
6140.0,263217604#0,1
6140.0,30620492#0,17
6140.0,30620492#1,5
6140.0,49073226#2,10
6140.0,506322844#0,2
6140.0,593847702#0,1
6140.0,594658760#0,1
6140.0,:655375239_5,1
6140.0,:cluster622618015_622618108_622618112_622618144_#2more_34,1
6140.0,:cluster_3431431575_4777363357_655375231_6982059025_3,1
6160.0,-300077497#5,27
6160.0,-300077497#8,4
6160.0,-49073264#1,1
6160.0,-51362429#1,9
6160.0,-593847703#3,17
6160.0,-E0,15
6160.0,196961215#2,3
6160.0,244450512#5,3
6160.0,263217604#0,1
6160.0,30620492#0,18
6160.0,30620492#1,5
6160.0,49073226#2,10
6160.0,506322844#0,5
6160.0,593847704#0,3
6160.0,593849711#0,1
6160.0,594658760#0,1
6160.0,:3086736518_6,1
6160.0,:cluster_3431431575_4777363357_655375231_6982059025_3,1
6180.0,-300077497#5,24
6180.0,-300077497#8,4
6180.0,-51362429#1,9
6180.0,-593847703#3,20
6180.0,-E0,16
6180.0,288878926#0,3
6180.0,30620492#0,17
6180.0,30620492#1,5
6180.0,49073226#2,8
6180.0,506322844#0,6
6180.0,51362430,3
6180.0,593847704#0,5
6180.0,594658757#0,1
6180.0,594658760#0,1
6180.0,:cluster_3431431575_4777363357_655375231_6982059025_3,1
6180.0,:cluster_623980147_623980152_3,1
6180.0,:cluster_623980147_623980152_8,1
6180.0,:cluster_9383263990_9383263991_9383263992_9383263993_13,1
6200.0,-300077497#5,26
6200.0,-300077497#8,1
6200.0,-51362429#1,7
6200.0,-593847703#3,20
6200.0,-E0,20
6200.0,288878926#0,7
6200.0,30620492#0,18
6200.0,30620492#1,5
6200.0,49073226#2,6
6200.0,506322844#0,6
6200.0,593847704#0,5
6200.0,594658757#0,1
6200.0,:655375238_5,1
6200.0,:cluster_3431431575_4777363357_655375231_6982059025_3,1
6200.0,:cluster_623980147_623980152_4,1
6200.0,:cluster_9383263990_9383263991_9383263992_9383263993_13,1
6220.0,-300077497#5,27
6220.0,-300077497#8,4
6220.0,-51362429#1,9
6220.0,-593847703#3,13
6220.0,-E0,20
6220.0,263217604#0,1
6220.0,288878926#0,13
6220.0,30620492#0,18
6220.0,30620492#1,5
6220.0,49073226#2,3
6220.0,506322844#0,4
6220.0,593847702#0,3
6220.0,593847704#0,5
6220.0,594658757#0,1
6240.0,-300077497#5,27
6240.0,-300077497#8,4
6240.0,-49073264#1,1
6240.0,-51362429#1,5
6240.0,-593847703#3,13
6240.0,-E0,20
6240.0,263217604#0,1
6240.0,288878926#0,13
6240.0,30620492#0,18
6240.0,30620492#1,5
6240.0,49073226#2,7
6240.0,49073272#3,2
6240.0,506322844#0,5
6240.0,593847704#0,3
6240.0,594658757#0,1
6240.0,:cluster622618015_622618108_622618112_622618144_#2more_39,2
6260.0,-300077497#5,23
6260.0,-300077497#8,4
6260.0,-51362429#1,5
6260.0,-593847703#3,15
6260.0,-E0,18
6260.0,263217604#0,1
6260.0,288878926#0,13
6260.0,30620492#0,18
6260.0,30620492#1,5
6260.0,360018417,1
6260.0,49073226#2,7
6260.0,506322844#0,5
6260.0,593849718#0,1
6260.0,593852345#0,1
6260.0,594658757#0,1
6260.0,:3086736518_6,2
6260.0,:3208478121_3,1
6260.0,:cluster622618015_622618108_622618112_622618144_#2more_39,1
6260.0,:cluster_2528018119_655375236_17,2
6280.0,-300077497#5,22
6280.0,-300077497#8,4
6280.0,-51362429#1,5
6280.0,-593847703#3,18
6280.0,-E0,14
6280.0,196961215#2,1
6280.0,196961377#3,2
6280.0,288878926#0,7
6280.0,30620492#0,18
6280.0,30620492#1,5
6280.0,49073226#2,7
6280.0,506322844#0,5
6280.0,593847704#0,6
6280.0,593849711#0,1
6280.0,594658757#0,1
6280.0,594658760#0,1
6280.0,:cluster622618015_622618108_622618112_622618144_#2more_0,1
6300.0,-300077497#5,26
6300.0,-51362429#1,5
6300.0,-593847703#3,18
6300.0,-E0,19
6300.0,196961215#2,1
6300.0,288878926#0,5
6300.0,30620492#0,18
6300.0,30620492#1,5
6300.0,49073226#2,7
6300.0,506322844#0,5
6300.0,593847704#0,6
6320.0,-300077497#5,27
6320.0,-300077497#8,4
6320.0,-51362429#1,6
6320.0,-593847703#3,12
6320.0,-E0,19
6320.0,196961215#2,1
6320.0,288878926#0,5
6320.0,30620492#0,18
6320.0,30620492#1,5
6320.0,49073226#2,7
6320.0,506322844#0,5
6320.0,593847702#0,2
6320.0,593847704#0,6
6320.0,:655375232_8,1
6320.0,:655375233_10,1
6320.0,:655375233_4,1
6340.0,-300077497#5,27
6340.0,-300077497#8,4
6340.0,-51362429#1,8
6340.0,-593847703#3,12
6340.0,-E0,19
6340.0,196961215#2,1
6340.0,263217604#0,1
6340.0,288878926#0,5
6340.0,30620492#0,18
6340.0,30620492#1,5
6340.0,49073226#2,7
6340.0,506322844#0,5
6340.0,593847702#0,3
6340.0,593849718#0,2
6340.0,593852345#0,1
6340.0,:cluster622618015_622618108_622618112_622618144_#2more_39,3
6360.0,-300077497#5,18
6360.0,-300077497#8,4
6360.0,-51362429#1,8
6360.0,-593847703#3,19
6360.0,-E0,18
6360.0,196961215#2,2
6360.0,288878926#0,3
6360.0,30620492#0,18
6360.0,30620492#1,5
6360.0,360843888,1
6360.0,49073226#2,7
6360.0,506322844#0,5
6360.0,593847702#0,3
6360.0,593849711#0,1
6360.0,:3086736518_6,1
6360.0,:cluster_2528018119_655375236_19,1
6360.0,:cluster_2528018119_655375236_31,1
6380.0,-300077497#5,16
6380.0,-300077497#8,1
6380.0,-51362429#1,8
6380.0,-593847703#3,21
6380.0,-E0,13
6380.0,182334378#0,3
6380.0,196961215#2,2
6380.0,232003903#0,1
6380.0,30620492#0,18
6380.0,30620492#1,5
6380.0,360843888,1
6380.0,49073226#2,7
6380.0,506322844#0,5
6380.0,593847702#0,3
6380.0,593847704#0,6
6380.0,:655375238_5,1
6400.0,-300077497#5,19
6400.0,-300077497#8,2
6400.0,-51362429#1,8
6400.0,-593847703#3,21
6400.0,-E0,19
6400.0,182334378#0,2
6400.0,196961215#2,2
6400.0,232003903#0,2
6400.0,30620492#0,18
6400.0,30620492#1,5
6400.0,360843888,1
6400.0,49073226#2,7
6400.0,49073264#0,1
6400.0,49073272#1,1
6400.0,49073272#3,1
6400.0,506322844#0,2
6400.0,593847704#0,6
6400.0,:655375239_5,1
6420.0,-300077497#5,25
6420.0,-51362429#1,7
6420.0,-593847703#3,15
6420.0,-E0,19
6420.0,182334378#0,2
6420.0,232003903#0,2
6420.0,263217604#0,2
6420.0,288878926#0,5
6420.0,30620492#0,18
6420.0,30620492#1,5
6420.0,360843888,1
6420.0,49073226#2,3
6420.0,49073272#3,2
6420.0,506322844#0,4
6420.0,593847704#0,4
6420.0,:655375233_2,1
6420.0,:655375233_4,3
6420.0,:655375238_5,1
6420.0,:cluster622618015_622618108_622618112_622618144_#2more_17,1
6420.0,:cluster622618015_622618108_622618112_622618144_#2more_39,2
6420.0,:cluster_3431431575_4777363357_655375231_6982059025_3,2
6420.0,:cluster_623980147_623980152_9,1
6440.0,-300077497#5,22
6440.0,-593847703#3,14
6440.0,-E0,19
6440.0,1068440004#1,1
6440.0,1239087514,1
6440.0,244450512#5,1
6440.0,263217604#0,2
6440.0,288878926#0,12
6440.0,30620492#0,18
6440.0,30620492#1,5
6440.0,360018417,1
6440.0,49073226#2,4
6440.0,49073272#3,1
6440.0,506322844#0,6
6440.0,51362430,2
6440.0,593847702#0,2
6440.0,593849718#0,1
6440.0,:3086736518_4,1
6440.0,:3208478121_3,1
6440.0,:655375233_4,1
6440.0,:cluster_2528018119_655375236_17,2
6440.0,:cluster_3431431575_4777363357_655375231_6982059025_3,3
6440.0,:cluster_623980147_623980152_4,1
6460.0,-300077497#5,17
6460.0,-593847703#3,19
6460.0,-E0,19
6460.0,182334378#0,2
6460.0,196961377#3,2
6460.0,244450512#4,1
6460.0,244450512#5,1
6460.0,288878926#0,8
6460.0,30620492#0,18
6460.0,30620492#1,5
6460.0,484988951#0,1
6460.0,49073226#2,8
6460.0,506322844#0,6
6460.0,593847702#0,2
6460.0,593849711#0,1
6460.0,594658760#0,1
6460.0,:3086736518_4,1
6460.0,:655375233_4,1
6460.0,:655375233_8,1
6460.0,:cluster622618015_622618108_622618112_622618144_#2more_0,1
6460.0,:cluster622618015_622618108_622618112_622618144_#2more_26,1
6480.0,-300077497#5,17
6480.0,-593847703#3,19
6480.0,-E0,17
6480.0,1068440004#1,1
6480.0,244450512#5,2
6480.0,288878926#0,9
6480.0,30620492#0,17
6480.0,30620492#1,5
6480.0,49073226#2,6
6480.0,506322844#0,6
6480.0,51362430,2
6480.0,593847702#0,2
6480.0,593849711#0,1
6480.0,:3086736518_4,1
6480.0,:3086736518_6,2
6480.0,:655375233_4,1
6480.0,:655375233_8,1
6500.0,-300077497#5,23
6500.0,-300077497#8,1
6500.0,-593847703#3,19
6500.0,-E0,19
6500.0,1068440004#1,1
6500.0,244450512#5,2
6500.0,263217604#0,1
6500.0,288878926#0,9
6500.0,30620492#0,18
6500.0,30620492#1,5
6500.0,49073226#2,8
6500.0,49073272#3,2
6500.0,506322844#0,2
6500.0,:3086736518_4,1
6500.0,:3086736518_6,2
6500.0,:655375233_4,1
6500.0,:655375233_8,1
6500.0,:655375238_5,1
6500.0,:655375239_6,1
6520.0,-300077497#5,27
6520.0,-51362429#1,1
6520.0,-593847703#3,16
6520.0,-E0,19
6520.0,1068440004#1,1
6520.0,244450512#5,2
6520.0,263217604#0,2
6520.0,288878926#0,9
6520.0,30620492#0,18
6520.0,30620492#1,5
6520.0,49073226#2,8
6520.0,49073272#3,2
6520.0,506322844#0,7
6520.0,:3086736518_4,1
6520.0,:3086736518_6,2
6520.0,:655375232_8,1
6520.0,:655375233_4,2
6520.0,:655375233_8,1
6540.0,-300077497#5,23
6540.0,-51362429#1,2
6540.0,-593847703#3,18
6540.0,-E0,19
6540.0,288878926#0,7
6540.0,30620492#0,18
6540.0,30620492#1,5
6540.0,360018417,2
6540.0,360843888,1
6540.0,49073226#2,10
6540.0,506322844#0,7
6540.0,51362430,2
6540.0,593847702#0,2
6540.0,593847704#0,2
6540.0,593849711#0,1
6540.0,594658760#0,1
6540.0,:655375233_4,2
6540.0,:655375233_8,1
6560.0,-300077497#5,19
6560.0,-51362429#1,2
6560.0,-593847703#3,20
6560.0,-E0,19
6560.0,288878926#0,1
6560.0,30620492#0,18
6560.0,30620492#1,5
6560.0,360843888,1
6560.0,49073226#2,12
6560.0,506322844#0,7
6560.0,593847702#0,2
6560.0,593847704#0,2
6560.0,594658760#0,1
6560.0,:655375233_4,2
6560.0,:655375233_8,1
6560.0,:cluster622618015_622618108_622618112_622618144_#2more_49,2
6560.0,:cluster655375336_end_0_655375336_end_1_655375336_end_10_655375336_end_11_#8more_6,1
6560.0,:cluster_2528018119_655375236_17,1
6580.0,-300077497#5,20
6580.0,-300077497#8,1
6580.0,-51362429#1,2
6580.0,-593847703#3,21
6580.0,-E0,13
6580.0,1068440004#1,1
6580.0,232003903#0,1
6580.0,263217604#0,2
6580.0,288878926#0,1
6580.0,30620492#0,18
6580.0,30620492#1,5
6580.0,360843888,1
6580.0,49073226#2,12
6580.0,49073272#3,1
6580.0,506322844#0,3
6580.0,593847704#0,7
6580.0,593852345#0,1
6580.0,:3086736518_6,1
6580.0,:655375233_4,2
6580.0,:655375233_8,1
6580.0,:655375238_5,1
6580.0,:655375239_5,1
6600.0,-300077497#5,27
6600.0,-300077497#8,2
6600.0,-51362429#1,2
6600.0,-593847703#3,21
6600.0,-E0,17
6600.0,1068440004#1,1
6600.0,196961215#2,1
6600.0,232003903#0,1
6600.0,263217604#0,2
6600.0,288878926#0,1
6600.0,30620492#0,18
6600.0,30620492#1,5
6600.0,360843888,1
6600.0,49073226#2,12
6600.0,49073272#3,1
6600.0,506322844#0,3
6600.0,593847704#0,6
6600.0,:655375233_4,2
6600.0,:655375233_8,1
6600.0,:cluster622618015_622618108_622618112_622618144_#2more_39,2
6620.0,-300077497#5,23
6620.0,-300077497#8,2
6620.0,-51362429#1,2
6620.0,-593847703#3,21
6620.0,-E0,19
6620.0,1068440004#1,1
6620.0,196961215#2,1
6620.0,244450512#5,1
6620.0,263217604#0,2
6620.0,288878926#0,1
6620.0,30620492#0,18
6620.0,30620492#1,5
6620.0,360018417,1
6620.0,49073226#2,12
6620.0,49073264#0,1
6620.0,506322844#0,6
6620.0,51362430,1
6620.0,593849718#0,3
6620.0,:3086736518_4,1
6620.0,:655375233_4,3
6620.0,:655375233_8,1
6620.0,:cluster_2528018119_655375236_17,2
6640.0,-300077497#5,18
6640.0,-300077497#8,2
6640.0,-49073264#1,1
6640.0,-51362429#1,5
6640.0,-593847703#3,24
6640.0,-E0,19
6640.0,1068440004#1,1
6640.0,182334378#0,1
6640.0,196961215#2,1
6640.0,196961377#3,1
6640.0,244450512#4,1
6640.0,244450512#5,1
6640.0,30620492#0,18
6640.0,30620492#1,5
6640.0,49073226#2,13
6640.0,506322844#0,6
6640.0,593847702#0,1
6640.0,593847704#0,1
6640.0,594658760#0,1
6640.0,:655375233_4,2
6640.0,:cluster_2528018119_655375236_17,1
6660.0,-300077497#5,18
6660.0,-49073264#1,1
6660.0,-51362429#1,5
6660.0,-593847703#3,27
6660.0,-E0,19
6660.0,1068440004#1,1
6660.0,232003903#0,1
6660.0,244450512#5,2
6660.0,288878926#0,5
6660.0,30620492#0,18
6660.0,30620492#1,5
6660.0,49073226#2,8
6660.0,506322844#0,6
6660.0,593847702#0,1
6660.0,593847704#0,1
6660.0,:655375233_4,2
6660.0,:655375233_8,1
6660.0,:cluster_623980147_623980152_9,1
6680.0,-300077497#5,23
6680.0,-300077497#8,1
6680.0,-49073264#1,1
6680.0,-593847703#3,27
6680.0,-E0,15
6680.0,1068440004#1,1
6680.0,244450512#5,2
6680.0,263217604#0,1
6680.0,288878926#0,12
6680.0,30620492#0,18
6680.0,30620492#1,5
6680.0,49073226#2,4
6680.0,49073272#3,1
6680.0,506322844#0,2
6680.0,51362430,1
6680.0,593847704#0,3
6680.0,:3086736518_6,2
6680.0,:655375233_4,2
6680.0,:655375233_8,1
6680.0,:655375238_5,1
6680.0,:655375239_6,1
6680.0,:cluster_3431431575_4777363357_655375231_6982059025_3,2
6680.0,:cluster_623980147_623980152_4,1
6700.0,-300077497#5,27
6700.0,-593847703#3,27
6700.0,-E0,16
6700.0,1068440004#1,1
6700.0,244450512#5,2
6700.0,263217604#0,2
6700.0,288878926#0,13
6700.0,30620492#0,18
6700.0,30620492#1,5
6700.0,49073226#2,7
6700.0,49073264#0,1
6700.0,49073272#3,1
6700.0,506322844#0,7
6700.0,593849718#0,1
6700.0,593852345#0,1
6700.0,:655375233_4,2
6700.0,:655375233_8,1
6700.0,:cluster622618015_622618108_622618112_622618144_#2more_37,1
6700.0,:cluster622618015_622618108_622618112_622618144_#2more_39,2
6720.0,-300077497#5,27
6720.0,-49073264#1,1
6720.0,-593847703#3,27
6720.0,-E0,19
6720.0,1068440004#1,1
6720.0,196961215#2,1
6720.0,288878926#0,11
6720.0,30620492#0,18
6720.0,30620492#1,5
6720.0,360018417,2
6720.0,360843888,1
6720.0,49073226#2,7
6720.0,506322844#0,7
6720.0,51362430,2
6720.0,593849711#0,2
6720.0,594658760#0,1
6720.0,:655375233_4,2
6720.0,:655375233_8,1
6740.0,-300077497#5,25
6740.0,-49073264#1,1
6740.0,-51362429#1,2
6740.0,-593847703#3,24
6740.0,-E0,19
6740.0,1068440004#1,1
6740.0,196961215#2,1
6740.0,288878926#0,5
6740.0,30620492#0,18
6740.0,30620492#1,5
6740.0,360843888,1
6740.0,49073226#2,10
6740.0,506322844#0,7
6740.0,593847702#0,2
6740.0,594658760#0,1
6740.0,:655375232_8,1
6740.0,:cluster622618015_622618108_622618112_622618144_#2more_49,2
6740.0,:cluster_2528018119_655375236_17,1
6740.0,:cluster_3431431575_4777363357_655375231_6982059025_3,1
6760.0,-300077497#5,25
6760.0,-300077497#8,1
6760.0,-49073264#1,1
6760.0,-51362429#1,3
6760.0,-593847703#3,25
6760.0,-E0,19
6760.0,196961215#2,1
6760.0,263217604#0,4
6760.0,288878926#0,5
6760.0,30620492#0,18
6760.0,30620492#1,5
6760.0,360843888,1
6760.0,49073226#2,11
6760.0,49073272#3,1
6760.0,506322844#0,3
6760.0,593847702#0,1
6760.0,593852345#0,1
6760.0,:655375239_5,1
6760.0,:cluster655375336_end_0_655375336_end_1_655375336_end_10_655375336_end_11_#8more_16,1
6780.0,-300077497#5,27
6780.0,-300077497#8,4
6780.0,-51362429#1,3
6780.0,-593847703#3,25
6780.0,-E0,17
6780.0,1068440004#1,1
6780.0,196961215#2,2
6780.0,263217604#0,5
6780.0,288878926#0,5
6780.0,30620492#0,18
6780.0,30620492#1,4
6780.0,360843888,1
6780.0,49073226#2,11
6780.0,49073272#3,2
6780.0,506322844#0,5
6780.0,:3086736518_6,2
6780.0,:cluster622618015_622618108_622618112_622618144_#2more_17,1
6800.0,-300077497#5,25
6800.0,-300077497#8,4
6800.0,-51362429#1,3
6800.0,-593847703#3,27
6800.0,-E0,15
6800.0,1068440004#1,1
6800.0,196961215#2,2
6800.0,244450512#5,1
6800.0,263217604#0,5
6800.0,288878926#0,5
6800.0,30620492#0,17
6800.0,30620492#1,4
6800.0,360018417,1
6800.0,49073226#2,11
6800.0,506322842#0,1
6800.0,506322844#0,7
6800.0,593847704#0,2
6800.0,593849718#0,1
6800.0,:3208478121_3,1
6800.0,:cluster622618015_622618108_622618112_622618144_#2more_39,2
6820.0,-300077497#5,22
6820.0,-300077497#8,4
6820.0,-51362429#1,3
6820.0,-593847703#3,28
6820.0,-E0,19
6820.0,1068440004#1,2
6820.0,196961215#2,2
6820.0,196961377#3,2
6820.0,244450512#4,1
6820.0,244450512#5,1
6820.0,30620492#0,17
6820.0,30620492#1,5
6820.0,49073226#2,11
6820.0,506322842#0,1
6820.0,506322844#0,7
6820.0,593847704#0,2
6820.0,593849711#0,1
6820.0,594658757#0,1
6820.0,594658760#0,3
6820.0,:cluster_2528018119_655375236_17,1
6840.0,-300077497#5,25
6840.0,-51362429#1,5
6840.0,-593847703#3,21
6840.0,-E0,19
6840.0,1068440004#1,3
6840.0,196961215#2,2
6840.0,244450512#5,2
6840.0,30620492#0,18
6840.0,30620492#1,5
6840.0,49073226#2,11
6840.0,506322842#0,1
6840.0,506322844#0,7
6840.0,593847702#0,1
6840.0,593847704#0,2
6840.0,594658757#0,1
6840.0,594658760#0,2
6840.0,:3086736518_4,1
6840.0,:655375232_8,1
6840.0,:655375233_2,1
6840.0,:655375233_4,2
6860.0,-300077497#5,27
6860.0,-300077497#8,4
6860.0,-51362429#1,8
6860.0,-593847703#3,21
6860.0,-E0,19
6860.0,1068440004#1,1
6860.0,196961215#2,2
6860.0,244450512#5,2
6860.0,263217604#0,3
6860.0,30620492#0,18
6860.0,30620492#1,5
6860.0,49073226#2,11
6860.0,49073272#1,1
6860.0,49073272#3,1
6860.0,506322844#0,3
6860.0,593847702#0,3
6860.0,593847704#0,2
6860.0,594658757#0,1
6860.0,594658760#0,1
6860.0,:cluster_3431431575_4777363357_655375231_6982059025_3,1
6860.0,:cluster_5372642442_631668976_631668981_631669076_36,1
6880.0,-300077497#5,27
6880.0,-300077497#8,4
6880.0,-51362429#1,8
6880.0,-593847703#3,21
6880.0,-E0,18
6880.0,1068234499#0,1
6880.0,1068440004#1,1
6880.0,244450512#5,2
6880.0,263217604#0,3
6880.0,288878926#0,1
6880.0,30620492#0,18
6880.0,30620492#1,5
6880.0,49073226#2,9
6880.0,49073272#3,2
6880.0,506322844#0,3
6880.0,593847702#0,3
6880.0,593849718#0,2
6880.0,594658757#0,1
6880.0,594658760#0,1
6880.0,:3086736518_6,1
6880.0,:cluster_3431431575_4777363357_655375231_6982059025_3,1
6880.0,:cluster_623980147_623980152_3,1
6880.0,:cluster_623980147_623980152_4,1
6880.0,:cluster_623980147_623980152_8,1
6900.0,-300077497#5,22
6900.0,-300077497#8,4
6900.0,-51362429#1,6
6900.0,-593847703#3,24
6900.0,-E0,14
6900.0,1068234499#0,1
6900.0,1068440004#1,1
6900.0,263217604#0,1
6900.0,288878926#0,8
6900.0,30620492#0,15
6900.0,30620492#1,5
6900.0,360018417,2
6900.0,49073226#2,4
6900.0,506322842#0,1
6900.0,506322844#0,5
6900.0,51362430,2
6900.0,593847702#0,3
6900.0,593847704#0,5
6900.0,593849711#0,2
6900.0,594658757#0,1
6900.0,594658760#0,3
6900.0,:cluster_2528018119_655375236_17,1
6900.0,:cluster_2528018119_655375236_19,1
6900.0,:cluster_3431431575_4777363357_655375231_6982059025_3,2
6920.0,-300077497#5,22
6920.0,-300077497#8,1
6920.0,-593847703#3,25
6920.0,-E0,19
6920.0,1068234499#0,1
6920.0,1068440004#1,1
6920.0,232003903#0,1
6920.0,288878926#0,8
6920.0,30620492#0,17
6920.0,30620492#1,5
6920.0,49073226#2,6
6920.0,506322842#0,1
6920.0,506322844#0,6
6920.0,593847702#0,3
6920.0,593847704#0,5
6920.0,594658757#0,1
6920.0,594658760#0,4
6920.0,:655375238_5,1
6920.0,:cluster622618015_622618108_622618112_622618144_#2more_49,2
6920.0,:cluster_2528018119_655375236_17,2
6920.0,:cluster_3431431575_4777363357_655375231_6982059025_3,1
6920.0,:cluster_623980147_623980152_9,1
6940.0,-300077497#5,25
6940.0,-300077497#8,2
6940.0,-51362429#1,1
6940.0,-593847703#3,21
6940.0,-E0,19
6940.0,1068440004#1,1
6940.0,182334378#0,1
6940.0,232003903#0,1
6940.0,263217604#0,1
6940.0,288878926#0,13
6940.0,30620492#0,18
6940.0,30620492#1,5
6940.0,49073226#2,3
6940.0,49073264#0,1
6940.0,506322844#0,1
6940.0,506322846#0,1
6940.0,593847704#0,5
6940.0,594658757#0,1
6940.0,594658760#0,4
6940.0,:3086736518_4,1
6940.0,:655375232_8,1
6940.0,:655375233_2,1
6940.0,:655375233_4,2
6940.0,:655375239_5,1
6940.0,:cluster622618015_622618108_622618112_622618144_#2more_34,1
6940.0,:cluster622618015_622618108_622618112_622618144_#2more_35,1
6960.0,-300077497#5,27
6960.0,-300077497#8,2
6960.0,-51362429#1,1
6960.0,-593847703#3,20
6960.0,-E0,19
6960.0,1068440004#1,1
6960.0,182334378#0,1
6960.0,196961215#2,1
6960.0,232003903#0,1
6960.0,263217604#0,1
6960.0,288135626#0,1
6960.0,288878926#0,13
6960.0,30620492#0,18
6960.0,30620492#1,5
6960.0,49073226#2,7
6960.0,593847702#0,2
6960.0,593847704#0,4
6960.0,594658757#0,1
6960.0,594658760#0,3
6960.0,:cluster622618015_622618108_622618112_622618144_#2more_17,2
6960.0,:cluster622618015_622618108_622618112_622618144_#2more_39,1
6980.0,-300077497#5,26
6980.0,-300077497#8,2
6980.0,-51362429#1,1
6980.0,-593847703#3,21
6980.0,-E0,19
6980.0,1068234499#0,1
6980.0,182334378#0,1
6980.0,196961215#2,1
6980.0,263217604#0,1
6980.0,288878926#0,13
6980.0,30620492#0,18
6980.0,30620492#1,3
6980.0,49073226#2,7
6980.0,51362430,1
6980.0,593847702#0,3
6980.0,594658757#0,1
6980.0,594658760#0,3
6980.0,:cluster_9383263990_9383263991_9383263992_9383263993_13,2
7000.0,-300077497#5,25
7000.0,-300077497#8,2
7000.0,-51362429#1,1
7000.0,-593847703#3,22
7000.0,-E0,13
7000.0,1068234499#0,1
7000.0,182334378#0,1
7000.0,196961215#2,1
7000.0,288878926#0,7
7000.0,30620492#0,13
7000.0,30620492#1,5
7000.0,49073226#2,8
7000.0,506322844#0,5
7000.0,593847702#0,3
7000.0,593847704#0,6
7000.0,593849711#0,1
7000.0,594658757#0,2
7000.0,594658760#0,3
7000.0,:cluster622618015_622618108_622618112_622618144_#2more_0,1
7020.0,-300077497#5,27
7020.0,-51362429#1,1
7020.0,-593847703#3,22
7020.0,-E0,18
7020.0,1068234499#0,1
7020.0,196961215#2,1
7020.0,288878926#0,5
7020.0,30620492#0,18
7020.0,30620492#1,5
7020.0,49073226#2,8
7020.0,506322844#0,5
7020.0,593847702#0,3
7020.0,593847704#0,6
7020.0,594658757#0,2
7020.0,594658760#0,3
7040.0,-300077497#5,27
7040.0,-300077497#8,4
7040.0,-49073264#1,1
7040.0,-51362429#1,1
7040.0,-593847703#3,20
7040.0,-E0,20
7040.0,196961215#2,1
7040.0,288878926#0,5
7040.0,30620492#0,18
7040.0,30620492#1,5
7040.0,49073226#2,8
7040.0,49073272#3,2
7040.0,506322844#0,1
7040.0,593847704#0,6
7040.0,594658757#0,1
7040.0,594658760#0,2
7040.0,:3086736518_4,1
7040.0,:655375233_4,2
7040.0,:cluster655375336_end_0_655375336_end_1_655375336_end_10_655375336_end_11_#8more_21,1
7060.0,-300077497#5,27
7060.0,-300077497#8,4
7060.0,-51362429#1,8
7060.0,-593847703#3,15
7060.0,-E0,20
7060.0,196961215#2,1
7060.0,288878926#0,5
7060.0,30620492#0,18
7060.0,30620492#1,5
7060.0,49073226#2,8
7060.0,49073272#3,2
7060.0,506322844#0,1
7060.0,593849718#0,3
7060.0,594658757#0,1
7060.0,594658760#0,2
7060.0,:3086736518_4,1
7060.0,:cluster622618015_622618108_622618112_622618144_#2more_39,3
7060.0,:cluster655375336_end_0_655375336_end_1_655375336_end_10_655375336_end_11_#8more_21,1
7080.0,-300077497#5,20
7080.0,-300077497#8,4
7080.0,-51362429#1,8
7080.0,-593847703#3,20
7080.0,-E0,20
7080.0,182334378#0,1
7080.0,196961215#2,1
7080.0,288878926#0,3
7080.0,30620492#0,14
7080.0,30620492#1,4
7080.0,360018417,2
7080.0,49073226#2,8
7080.0,506322842#0,1
7080.0,506322844#0,4
7080.0,593849711#0,1
7080.0,594658757#0,1
7080.0,594658760#0,2
7080.0,:3086736518_4,1
7080.0,:cluster655375336_end_0_655375336_end_1_655375336_end_10_655375336_end_11_#8more_21,1
7080.0,:cluster_2528018119_655375236_17,1
7080.0,:cluster_9383263990_9383263991_9383263992_9383263993_13,1
7100.0,-300077497#5,22
7100.0,-300077497#8,1
7100.0,-51362429#1,8
7100.0,-593847703#3,21
7100.0,-E0,18
7100.0,196961215#2,1
7100.0,30620492#0,15
7100.0,30620492#1,3
7100.0,49073226#2,8
7100.0,506322842#0,2
7100.0,506322844#0,5
7100.0,593849711#0,1
7100.0,594658757#0,1
7100.0,594658760#0,2
7100.0,:3086736518_4,1
7100.0,:3086736518_6,2
7100.0,:655375238_5,1
7100.0,:cluster622618015_622618108_622618112_622618144_#2more_49,1
7100.0,:cluster655375336_end_0_655375336_end_1_655375336_end_10_655375336_end_11_#8more_21,1
7100.0,:cluster655375336_end_0_655375336_end_1_655375336_end_10_655375336_end_11_#8more_6,1
7100.0,:cluster_9383263990_9383263991_9383263992_9383263993_13,2
7120.0,-300077497#5,25
7120.0,-35274074#2,1
7120.0,-51362429#1,7
7120.0,-593847703#3,21
7120.0,-E0,19
7120.0,232003903#0,1
7120.0,263217604#0,3
7120.0,288878926#0,4
7120.0,30620492#0,16
7120.0,30620492#1,5
7120.0,49073226#2,4
7120.0,506322844#0,1
7120.0,506322846#0,1
7120.0,594658757#0,1
7120.0,594658760#0,2
7120.0,:3086736518_4,1
7120.0,:3086736518_6,2
7120.0,:655375238_5,1
7120.0,:655375239_5,1
7120.0,:cluster_3431431575_4777363357_655375231_6982059025_3,1
7120.0,:cluster_623980147_623980152_4,1
7140.0,-300077497#5,27
7140.0,-300077497#8,1
7140.0,-35274074#2,1
7140.0,-593847703#3,19
7140.0,-E0,19
7140.0,232003903#0,1
7140.0,263217604#0,3
7140.0,288135626#0,1
7140.0,288878926#0,11
7140.0,30620492#0,18
7140.0,30620492#1,5
7140.0,49073226#2,5
7140.0,594658757#0,1
7140.0,594658760#0,2
7140.0,:3086736518_6,2
7140.0,:655375232_8,1
7140.0,:655375233_4,2
7140.0,:cluster_3431431575_4777363357_655375231_6982059025_3,1
7160.0,-300077497#5,23
7160.0,-300077497#8,1
7160.0,-35274074#2,1
7160.0,-51362429#1,4
7160.0,-593847703#3,15
7160.0,-E0,19
7160.0,1068234499#0,1
7160.0,182334378#0,1
7160.0,263217604#0,3
7160.0,288878926#0,13
7160.0,30620492#0,18
7160.0,30620492#1,3
7160.0,49073226#2,5
7160.0,51362430,1
7160.0,593847704#0,2
7160.0,594658757#0,1
7160.0,594658760#0,2
7160.0,:3086736518_4,1
7160.0,:655375233_4,1
7160.0,:cluster_2528018119_655375236_17,2
7160.0,:cluster_9383263990_9383263991_9383263992_9383263993_10,1
7160.0,:cluster_9383263990_9383263991_9383263992_9383263993_13,1
7180.0,-300077497#5,21
7180.0,-300077497#8,1
7180.0,-35274074#2,1
7180.0,-51362429#1,2
7180.0,-593847703#3,19
7180.0,-E0,19
7180.0,1068234499#0,1
7180.0,288878926#0,7
7180.0,30620492#0,12
7180.0,30620492#1,5
7180.0,49073226#2,5
7180.0,506322842#0,1
7180.0,506322844#0,5
7180.0,51362430,1
7180.0,593847704#0,2
7180.0,593849711#0,1
7180.0,594658757#0,2
7180.0,594658760#0,4
7180.0,:3086736518_4,1
7180.0,:655375233_4,1
7180.0,:cluster622618015_622618108_622618112_622618144_#2more_0,1
7180.0,:cluster_3431431575_4777363357_655375231_6982059025_3,2
7180.0,:cluster_3431431575_4777363357_655375231_6982059025_7,1
7200.0,-300077497#5,23
7200.0,-51362429#1,2
7200.0,-593847703#3,19
7200.0,-E0,17
7200.0,1068234499#0,1
7200.0,288878926#0,5
7200.0,30620492#0,18
7200.0,30620492#1,4
7200.0,49073226#2,9
7200.0,506322842#0,1
7200.0,506322844#0,5
7200.0,593847704#0,2
7200.0,594658757#0,2
7200.0,594658760#0,4
7200.0,:3086736518_4,1
7200.0,:3086736518_6,2
7200.0,:655375233_4,1
7200.0,:cluster_9383263990_9383263991_9383263992_9383263993_13,1
7220.0,-300077497#5,26
7220.0,-51362429#1,2
7220.0,-593847703#3,19
7220.0,-E0,19
7220.0,1068234499#0,1
7220.0,263217604#0,3
7220.0,288878926#0,5
7220.0,30620492#0,17
7220.0,30620492#1,5
7220.0,49073226#2,9
7220.0,593847704#0,2
7220.0,594658757#0,2
7220.0,594658760#0,4
7220.0,:3086736518_4,1
7220.0,:3086736518_6,2
7220.0,:655375233_4,1
7220.0,:cluster_5372642442_631668976_631668981_631669076_36,1
7240.0,-300077497#5,26
7240.0,-51362429#1,2
7240.0,-593847703#3,19
7240.0,-E0,19
7240.0,1068234499#0,2
7240.0,263217604#0,3
7240.0,288878926#0,5
7240.0,30620492#0,18
7240.0,30620492#1,5
7240.0,49073226#2,9
7240.0,593849718#0,2
7240.0,594658757#0,2
7240.0,594658760#0,4
7240.0,:3086736518_4,1
7240.0,:3086736518_6,2
7240.0,:655375233_4,1
7260.0,-300077497#5,20
7260.0,-51362429#1,5
7260.0,-593847703#3,16
7260.0,-E0,19
7260.0,1068234499#0,2
7260.0,288878926#0,3
7260.0,30620492#0,14
7260.0,30620492#1,3
7260.0,49073226#2,9
7260.0,506322842#0,1
7260.0,506322844#0,3
7260.0,593847702#0,2
7260.0,593847704#0,2
7260.0,593849711#0,1
7260.0,594658757#0,2
7260.0,594658760#0,6
7260.0,:2749340167_0,1
7260.0,:3086736518_4,1
7260.0,:655375232_8,1
7260.0,:655375233_4,2
7260.0,:cluster3086736522_655375108_655375247_655375401_#1more_14,1
7260.0,:cluster_2528018119_655375236_17,2
7260.0,:cluster_9383263990_9383263991_9383263992_9383263993_13,1
7280.0,-300077497#5,18
7280.0,-51362429#1,6
7280.0,-593847703#3,20
7280.0,-E0,19
7280.0,1068234499#0,2
7280.0,30620492#0,15
7280.0,30620492#1,5
7280.0,49073226#2,9
7280.0,506322842#0,1
7280.0,506322844#0,5
7280.0,593847702#0,2
7280.0,593847704#0,2
7280.0,594658757#0,2
7280.0,594658760#0,7
7280.0,:3086736518_4,1
7280.0,:655375233_4,2
7300.0,-300077497#5,18
7300.0,-300077497#8,1
7300.0,-35274074#2,1
7300.0,-51362429#1,6
7300.0,-593847703#3,20
7300.0,-E0,17
7300.0,1068234499#0,2
7300.0,263217604#0,2
7300.0,30620492#0,15
7300.0,30620492#1,5
7300.0,49073226#2,9
7300.0,49073272#3,1
7300.0,506322844#0,1
7300.0,506322846#0,2
7300.0,593847704#0,2
7300.0,593852345#0,1
7300.0,594658757#0,2
7300.0,594658760#0,7
7300.0,:3086736518_4,1
7300.0,:3086736518_6,2
7300.0,:655375233_4,2
7300.0,:655375238_5,1
7300.0,:655375239_6,1
7320.0,-300077497#5,21
7320.0,-51362429#1,6
7320.0,-593847703#3,22
7320.0,-E0,18
7320.0,196961215#2,1
7320.0,263217604#0,4
7320.0,288135626#0,1
7320.0,30620492#0,18
7320.0,30620492#1,5
7320.0,49073226#2,9
7320.0,49073272#3,1
7320.0,593847704#0,1
7320.0,594658757#0,2
7320.0,594658760#0,7
7320.0,:3086736518_4,1
7320.0,:3086736518_6,2
7320.0,:655375233_4,2
7320.0,:cluster622618015_622618108_622618112_622618144_#2more_39,1
7320.0,:cluster_5372642442_631668976_631668981_631669076_47,1
7340.0,-300077497#5,17
7340.0,-51362429#1,6
7340.0,-593847703#3,24
7340.0,-E0,19
7340.0,1068234499#0,2
7340.0,196961215#2,1
7340.0,263217604#0,4
7340.0,30620492#0,18
7340.0,30620492#1,3
7340.0,360018417,1
7340.0,49073226#2,9
7340.0,594658757#0,1
7340.0,594658760#0,6
7340.0,:3086736518_4,1
7340.0,:3086736518_6,2
7340.0,:655375233_4,2
7340.0,:cluster_2528018119_655375236_17,1
7340.0,:cluster_2528018119_655375236_19,1
7340.0,:cluster_9383263990_9383263991_9383263992_9383263993_13,2
7360.0,-300077497#5,10
7360.0,-51362429#1,9
7360.0,-593847703#3,24
7360.0,-E0,19
7360.0,1068234499#0,2
7360.0,1239087514,1
7360.0,182334378#0,1
7360.0,196961377#3,1
7360.0,288878926#0,4
7360.0,30620492#0,13
7360.0,30620492#1,5
7360.0,49073226#2,3
7360.0,506322844#0,5
7360.0,593847704#0,1
7360.0,593849711#0,1
7360.0,594658757#0,2
7360.0,594658760#0,9
7360.0,:3086736518_4,1
7360.0,:3086736518_6,1
7360.0,:655375233_4,4
7360.0,:cluster622618015_622618108_622618112_622618144_#2more_0,1
7360.0,:cluster_2528018119_655375236_19,1
7360.0,:cluster_2528018119_655375236_31,1
7360.0,:cluster_623980147_623980152_4,1
7380.0,-300077497#5,6
7380.0,-51362429#1,3
7380.0,-593847703#3,27
7380.0,-E0,19
7380.0,1068234499#0,2
7380.0,182334378#0,4
7380.0,288878926#0,7
7380.0,30620492#0,16
7380.0,30620492#1,5
7380.0,49073226#2,4
7380.0,506322844#0,7
7380.0,593847704#0,2
7380.0,594658757#0,2
7380.0,594658760#0,9
7380.0,:3086736518_4,1
7380.0,:655375233_4,3
7380.0,:cluster_3431431575_4777363357_655375231_6982059025_3,2
7380.0,:cluster_623980147_623980152_4,1
7400.0,-300077497#5,10
7400.0,-593847703#3,29
7400.0,-E0,18
7400.0,182334378#0,4
7400.0,263217604#0,3
7400.0,288878926#0,13
7400.0,30620492#0,18
7400.0,30620492#1,5
7400.0,49073226#2,4
7400.0,593847704#0,2
7400.0,594658757#0,2
7400.0,594658760#0,9
7400.0,:3086736518_4,1
7400.0,:3086736518_6,1
7400.0,:655375233_4,3
7420.0,-300077497#5,10
7420.0,-593847703#3,29
7420.0,-E0,17
7420.0,182334378#0,4
7420.0,263217604#0,3
7420.0,288878926#0,13
7420.0,30620492#0,18
7420.0,30620492#1,5
7420.0,49073226#2,4
7420.0,593849718#0,2
7420.0,594658757#0,2
7420.0,594658760#0,9
7420.0,:3086736518_4,1
7420.0,:3086736518_6,2
7420.0,:655375233_4,3
7440.0,-300077497#5,4
7440.0,-593847703#3,33
7440.0,-E0,20
7440.0,182334378#0,5
7440.0,288878926#0,11
7440.0,30620492#0,14
7440.0,30620492#1,4
7440.0,49073226#2,4
7440.0,506322844#0,5
7440.0,593849711#0,2
7440.0,594658757#0,3
7440.0,594658760#0,9
7440.0,:3086736518_4,1
7440.0,:3086736518_6,2
7440.0,:655375233_4,3
7440.0,:cluster_2528018119_655375236_17,1
7460.0,-300077497#5,3
7460.0,-51362429#1,2
7460.0,-593847703#3,32
7460.0,-E0,20
7460.0,182334378#0,5
7460.0,288878926#0,6
7460.0,30620492#0,16
7460.0,30620492#1,4
7460.0,49073226#2,4
7460.0,506322844#0,5
7460.0,594658757#0,3
7460.0,594658760#0,9
7460.0,:3086736518_4,2
7460.0,:3086736518_6,2
7460.0,:655375233_4,3
7460.0,:cluster_9383263990_9383263991_9383263992_9383263993_13,1
7480.0,-300077497#5,3
7480.0,-300077497#8,1
7480.0,-51362429#1,2
7480.0,-593847703#3,31
7480.0,-E0,20
7480.0,182334378#0,5
7480.0,263217604#0,2
7480.0,288878926#0,6
7480.0,30620492#0,17
7480.0,30620492#1,5
7480.0,49073226#2,7
7480.0,506322844#0,1
7480.0,593847704#0,1
7480.0,594658757#0,3
7480.0,594658760#0,9
7480.0,:3086736518_4,1
7480.0,:3086736518_6,1
7480.0,:655375233_4,2
7480.0,:655375239_5,1
7480.0,:655375239_6,1
7500.0,-300077497#5,6
7500.0,-51362429#1,2
7500.0,-593847703#3,31
7500.0,-E0,20
7500.0,182334378#0,5
7500.0,263217604#0,3
7500.0,288878926#0,6
7500.0,30620492#0,18
7500.0,30620492#1,5
7500.0,49073226#2,7
7500.0,594658757#0,3
7500.0,594658760#0,9
7500.0,:3086736518_4,1
7500.0,:3086736518_6,1
7500.0,:655375233_4,2
7500.0,:cluster622618015_622618108_622618112_622618144_#2more_39,1
7520.0,-300077497#5,3
7520.0,-51362429#1,2
7520.0,-593847703#3,33
7520.0,-E0,19
7520.0,182334378#0,5
7520.0,263217604#0,3
7520.0,288878926#0,6
7520.0,30620492#0,18
7520.0,30620492#1,3
7520.0,49073226#2,7
7520.0,594658757#0,3
7520.0,594658760#0,9
7520.0,:3086736518_4,1
7520.0,:3086736518_6,2
7520.0,:655375233_4,2
7520.0,:cluster_2528018119_655375236_17,1
7520.0,:cluster_9383263990_9383263991_9383263992_9383263993_13,2
7540.0,-300077497#5,1
7540.0,-51362429#1,2
7540.0,-593847703#3,35
7540.0,-E0,19
7540.0,182334378#0,6
7540.0,30620492#0,12
7540.0,30620492#1,5
7540.0,49073226#2,7
7540.0,506322842#0,1
7540.0,506322844#0,5
7540.0,593849711#0,1
7540.0,594658757#0,5
7540.0,594658760#0,10
7540.0,:3086736518_4,1
7540.0,:3086736518_6,2
7540.0,:655375233_4,2
7540.0,:cluster622618015_622618108_622618112_622618144_#2more_0,1
7560.0,-300077497#5,1
7560.0,-51362429#1,3
7560.0,-593847703#3,31
7560.0,-E0,19
7560.0,182334378#0,6
7560.0,30620492#0,18
7560.0,30620492#1,5
7560.0,49073226#2,7
7560.0,506322842#0,1
7560.0,506322844#0,5
7560.0,594658757#0,5
7560.0,594658760#0,10
7560.0,:3086736518_4,1
7560.0,:3086736518_6,2
7560.0,:655375232_8,1
7560.0,:655375233_2,2
7560.0,:655375233_4,2
7580.0,-300077497#5,5
7580.0,-51362429#1,7
7580.0,-593847703#3,26
7580.0,-E0,19
7580.0,182334378#0,6
7580.0,263217604#0,1
7580.0,30620492#0,18
7580.0,30620492#1,5
7580.0,49073226#2,6
7580.0,49073272#1,1
7580.0,593847702#0,1
7580.0,593847704#0,2
7580.0,594658757#0,5
7580.0,594658760#0,10
7580.0,:cluster622618015_622618108_622618112_622618144_#2more_35,1
7580.0,:cluster_5372642442_631668976_631668981_631669076_36,1
7580.0,:cluster_623980147_623980152_9,1
7600.0,-300077497#5,5
7600.0,-51362429#1,3
7600.0,-593847703#3,26
7600.0,-E0,19
7600.0,1068234499#0,1
7600.0,182334378#0,6
7600.0,263217604#0,1
7600.0,288878926#0,7
7600.0,30620492#0,18
7600.0,30620492#1,5
7600.0,49073226#2,3
7600.0,49073272#3,1
7600.0,593847702#0,1
7600.0,593849718#0,2
7600.0,593852345#0,1
7600.0,594658757#0,5
7600.0,594658760#0,10
7600.0,:cluster_623980147_623980152_4,1
7620.0,-593847703#3,31
7620.0,-E0,13
7620.0,1068234499#0,1
7620.0,182334378#0,6
7620.0,288878926#0,9
7620.0,30620492#0,14
7620.0,30620492#1,2
7620.0,360018417,1
7620.0,49073226#2,2
7620.0,506322842#0,1
7620.0,506322844#0,4
7620.0,593847702#0,1
7620.0,593847704#0,4
7620.0,593849711#0,1
7620.0,593852345#0,1
7620.0,594658757#0,5
7620.0,594658760#0,11
7620.0,:2749340167_0,1
7620.0,:3086736518_6,1
7620.0,:cluster_623980147_623980152_4,1
7620.0,:cluster_9383263990_9383263991_9383263992_9383263993_13,1
7640.0,-593847703#3,31
7640.0,-E0,16
7640.0,1068234499#0,1
7640.0,182334378#0,6
7640.0,288878926#0,6
7640.0,30620492#0,15
7640.0,30620492#1,5
7640.0,506322842#0,1
7640.0,506322844#0,5
7640.0,593847702#0,1
7640.0,593847704#0,5
7640.0,593852345#0,1
7640.0,594658757#0,3
7640.0,594658760#0,8
7640.0,:cluster622618015_622618108_622618112_622618144_#2more_49,1
7640.0,:cluster655375336_end_0_655375336_end_1_655375336_end_10_655375336_end_11_#8more_17,2
7640.0,:cluster655375336_end_0_655375336_end_1_655375336_end_10_655375336_end_11_#8more_21,1
7660.0,-35274074#2,1
7660.0,-593847703#3,30
7660.0,-E0,20
7660.0,182334378#0,6
7660.0,196961215#2,1
7660.0,263217604#0,3
7660.0,288878926#0,6
7660.0,30620492#0,17
7660.0,30620492#1,5
7660.0,49073272#3,1
7660.0,506322844#0,1
7660.0,593847704#0,5
7660.0,594658757#0,2
7660.0,594658760#0,7
7660.0,:655375233_4,2
7660.0,:655375239_5,2
7660.0,:cluster655375336_end_0_655375336_end_1_655375336_end_10_655375336_end_11_#8more_21,1
7680.0,-300077497#5,3
7680.0,-51362429#1,1
7680.0,-593847703#3,21
7680.0,-E0,20
7680.0,182334378#0,5
7680.0,196961215#2,1
7680.0,263217604#0,4
7680.0,288878926#0,6
7680.0,30620492#0,18
7680.0,30620492#1,5
7680.0,49073226#2,1
7680.0,49073272#3,1
7680.0,593847702#0,1
7680.0,593847704#0,4
7680.0,594658757#0,2
7680.0,594658760#0,7
7680.0,:cluster622618015_622618108_622618112_622618144_#2more_39,2
7680.0,:cluster655375336_end_0_655375336_end_1_655375336_end_10_655375336_end_11_#8more_21,1
7680.0,:cluster_3431431575_4777363357_655375231_6982059025_3,1
7700.0,-593847703#3,23
7700.0,-E0,20
7700.0,182334378#0,5
7700.0,196961215#2,1
7700.0,263217604#0,4
7700.0,288878926#0,6
7700.0,30620492#0,18
7700.0,30620492#1,3
7700.0,360018417,1
7700.0,49073226#2,3
7700.0,49073264#0,1
7700.0,593847702#0,1
7700.0,594658757#0,2
7700.0,594658760#0,7
7700.0,:cluster655375336_end_0_655375336_end_1_655375336_end_10_655375336_end_11_#8more_21,1
7700.0,:cluster_2528018119_655375236_17,1
7700.0,:cluster_9383263990_9383263991_9383263992_9383263993_13,2
7720.0,-49073264#1,1
7720.0,-593847703#3,24
7720.0,-E0,16
7720.0,182334378#0,5
7720.0,196961215#2,1
7720.0,196961377#3,1
7720.0,30620492#0,13
7720.0,30620492#1,5
7720.0,49073226#2,3
7720.0,506322844#0,5
7720.0,593847702#0,1
7720.0,593847704#0,3
7720.0,593849711#0,1
7720.0,594658757#0,3
7720.0,594658760#0,10
7720.0,:3086736518_6,1
7720.0,:cluster622618015_622618108_622618112_622618144_#2more_0,1
7720.0,:cluster655375336_end_0_655375336_end_1_655375336_end_10_655375336_end_11_#8more_21,1
7740.0,-49073264#1,1
7740.0,-593847703#3,24
7740.0,-E0,16
7740.0,182334378#0,3
7740.0,196961215#2,1
7740.0,30620492#0,17
7740.0,30620492#1,4
7740.0,49073226#2,3
7740.0,506322844#0,6
7740.0,593847702#0,1
7740.0,593847704#0,6
7740.0,594658757#0,3
7740.0,594658760#0,10
7740.0,:cluster655375336_end_0_655375336_end_1_655375336_end_10_655375336_end_11_#8more_5,1
7740.0,:cluster_9383263990_9383263991_9383263992_9383263993_13,1
7760.0,-300077497#5,3
7760.0,-49073264#1,2
7760.0,-593847703#3,24
7760.0,-E0,19
7760.0,182334378#0,1
7760.0,196961215#2,1
7760.0,263217604#0,4
7760.0,30620492#0,17
7760.0,30620492#1,5
7760.0,49073226#2,3
7760.0,593847704#0,6
7760.0,594658757#0,3
7760.0,594658760#0,10
7780.0,-300077497#5,3
7780.0,-51362429#1,2
7780.0,-593847703#3,14
7780.0,-E0,19
7780.0,182334378#0,1
7780.0,196961215#2,1
7780.0,263217604#0,4
7780.0,30620492#0,18
7780.0,30620492#1,5
7780.0,49073226#2,3
7780.0,49073272#1,1
7780.0,593847702#0,1
7780.0,593849711#0,1
7780.0,593849718#0,4
7780.0,594658757#0,3
7780.0,594658760#0,10
7780.0,:cluster622618015_622618108_622618112_622618144_#2more_37,1
7780.0,:cluster_3431431575_4777363357_655375231_6982059025_3,1
7800.0,-593847703#3,17
7800.0,-E0,19
7800.0,182334378#0,1
7800.0,196961215#2,1
7800.0,30620492#0,14
7800.0,30620492#1,4
7800.0,360018417,2
7800.0,49073226#2,6
7800.0,506322844#0,5
7800.0,593847702#0,1
7800.0,594658757#0,5
7800.0,594658760#0,11
7800.0,:cluster3086736522_655375108_655375247_655375401_#1more_16,1
7820.0,-593847703#3,17
7820.0,-E0,17
7820.0,182334378#0,1
7820.0,288878926#0,3
7820.0,30620492#0,16
7820.0,30620492#1,5
7820.0,49073226#2,3
7820.0,506322844#0,5
7820.0,593847702#0,1
7820.0,593849711#0,1
7820.0,594658757#0,6
7820.0,594658760#0,11
7820.0,:3086736518_6,2
7820.0,:cluster622618015_622618108_622618112_622618144_#2more_49,1
7820.0,:cluster_623980147_623980152_4,1
7840.0,-300077497#8,2
7840.0,-593847703#3,17
7840.0,-E0,14
7840.0,182334378#0,1
7840.0,263217604#0,1
7840.0,288878926#0,7
7840.0,30620492#0,18
7840.0,30620492#1,5
7840.0,49073272#3,1
7840.0,593847704#0,5
7840.0,594658757#0,5
7840.0,594658760#0,10
7840.0,:655375238_5,1
7840.0,:655375239_5,1
7840.0,:cluster655375336_end_0_655375336_end_1_655375336_end_10_655375336_end_11_#8more_17,1
7840.0,:cluster655375336_end_0_655375336_end_1_655375336_end_10_655375336_end_11_#8more_21,1
7860.0,-300077497#5,4
7860.0,-593847703#3,17
7860.0,-E0,19
7860.0,263217604#0,1
7860.0,288878926#0,7
7860.0,30620492#0,18
7860.0,30620492#1,5
7860.0,49073272#3,1
7860.0,593847704#0,3
7860.0,594658757#0,5
7860.0,594658760#0,10
7860.0,:cluster622618015_622618108_622618112_622618144_#2more_39,2
7880.0,-593847703#3,7
7880.0,-E0,19
7880.0,263217604#0,1
7880.0,288878926#0,7
7880.0,30620492#0,18
7880.0,30620492#1,3
7880.0,360018417,1
7880.0,594658757#0,5
7880.0,594658760#0,10
7880.0,:655375233_4,2
7880.0,:cluster_2528018119_655375236_17,2
7880.0,:cluster_9383263990_9383263991_9383263992_9383263993_13,2
7900.0,-593847703#3,9
7900.0,-E0,19
7900.0,196961377#3,1
7900.0,288878926#0,1
7900.0,30620492#0,13
7900.0,30620492#1,5
7900.0,506322844#0,5
7900.0,593849711#0,1
7900.0,594658757#0,5
7900.0,594658760#0,11
7900.0,:cluster622618015_622618108_622618112_622618144_#2more_0,1
7920.0,-593847703#3,9
7920.0,-E0,18
7920.0,30620492#0,18
7920.0,30620492#1,5
7920.0,506322844#0,5
7920.0,594658757#0,5
7920.0,594658760#0,11
7920.0,:3086736518_6,1
7940.0,-300077497#5,5
7940.0,-593847703#3,9
7940.0,-E0,9
7940.0,30620492#0,18
7940.0,30620492#1,5
7940.0,593847704#0,2
7940.0,594658757#0,5
7940.0,594658760#0,11
7960.0,-300077497#5,5
7960.0,-593847703#3,9
7960.0,-E0,12
7960.0,30620492#0,18
7960.0,30620492#1,5
7960.0,49073264#0,1
7960.0,593849718#0,1
7960.0,594658757#0,5
7960.0,594658760#0,11
7980.0,-49073264#1,1
7980.0,-593847703#3,4
7980.0,-E0,19
7980.0,182334378#0,2
7980.0,30620492#0,14
7980.0,30620492#1,4
7980.0,506322844#0,5
7980.0,594658757#0,5
7980.0,594658760#0,11
7980.0,:655375233_4,3
8000.0,-49073264#1,1
8000.0,-593847703#3,1
8000.0,-E0,19
8000.0,182334378#0,2
8000.0,30620492#0,16
8000.0,30620492#1,5
8000.0,506322844#0,5
8000.0,594658757#0,5
8000.0,594658760#0,11
8020.0,-300077497#5,1
8020.0,-300077497#8,1
8020.0,-49073264#1,1
8020.0,-593847703#3,1
8020.0,-E0,19
8020.0,182334378#0,2
8020.0,263217604#0,1
8020.0,30620492#0,18
8020.0,30620492#1,5
8020.0,506322844#0,1
8020.0,594658757#0,5
8020.0,594658760#0,11
8020.0,:655375239_5,1
8040.0,-300077497#5,4
8040.0,-593847703#3,1
8040.0,-E0,13
8040.0,182334378#0,2
8040.0,263217604#0,1
8040.0,30620492#0,18
8040.0,30620492#1,5
8040.0,593847704#0,3
8040.0,594658757#0,5
8040.0,594658760#0,11
8040.0,:cluster622618015_622618108_622618112_622618144_#2more_17,1
8060.0,-593847703#3,3
8060.0,-E0,18
8060.0,263217604#0,1
8060.0,30620492#0,18
8060.0,30620492#1,3
8060.0,593849718#0,1
8060.0,594658757#0,5
8060.0,594658760#0,11
8060.0,:cluster_2528018119_655375236_17,1
8060.0,:cluster_2528018119_655375236_31,1
8060.0,:cluster_9383263990_9383263991_9383263992_9383263993_13,2
8080.0,-E0,19
8080.0,182334378#0,1
8080.0,30620492#0,13
8080.0,30620492#1,5
8080.0,506322844#0,5
8080.0,594658757#0,5
8080.0,594658760#0,12
8080.0,:655375233_4,4
8100.0,-E0,19
8100.0,182334378#0,1
8100.0,30620492#0,18
8100.0,30620492#1,5
8100.0,506322844#0,5
8100.0,594658757#0,5
8100.0,594658760#0,12
8120.0,-300077497#5,4
8120.0,-E0,19
8120.0,182334378#0,1
8120.0,263217604#0,1
8120.0,30620492#0,18
8120.0,30620492#1,5
8120.0,594658757#0,5
8120.0,594658760#0,12
8140.0,-300077497#5,4
8140.0,-E0,13
8140.0,182334378#0,1
8140.0,263217604#0,1
8140.0,30620492#0,18
8140.0,30620492#1,5
8140.0,593847704#0,5
8140.0,594658757#0,5
8140.0,594658760#0,12
8140.0,:3086736518_6,1
8160.0,-593847703#3,2
8160.0,-E0,17
8160.0,182334378#0,2
8160.0,30620492#0,14
8160.0,30620492#1,3
8160.0,506322842#0,1
8160.0,506322844#0,4
8160.0,593847704#0,4
8160.0,593849718#0,1
8160.0,594658757#0,5
8160.0,594658760#0,11
8160.0,:cluster_9383263990_9383263991_9383263992_9383263993_13,1
8180.0,-E0,20
8180.0,182334378#0,2
8180.0,30620492#0,15
8180.0,30620492#1,5
8180.0,506322842#0,1
8180.0,506322844#0,5
8180.0,593847704#0,4
8180.0,594658757#0,4
8180.0,594658760#0,10
8180.0,:655375233_4,2
8180.0,:cluster655375336_end_0_655375336_end_1_655375336_end_10_655375336_end_11_#8more_17,1
8200.0,-300077497#5,1
8200.0,-300077497#8,2
8200.0,-E0,20
8200.0,182334378#0,2
8200.0,30620492#0,18
8200.0,30620492#1,5
8200.0,506322844#0,1
8200.0,506322846#0,1
8200.0,593847704#0,4
8200.0,594658757#0,4
8200.0,594658760#0,10
8200.0,:655375239_5,1
8200.0,:cluster655375336_end_0_655375336_end_1_655375336_end_10_655375336_end_11_#8more_17,1
8220.0,-300077497#5,5
8220.0,-E0,20
8220.0,182334378#0,2
8220.0,288135626#0,1
8220.0,30620492#0,18
8220.0,30620492#1,5
8220.0,593847704#0,2
8220.0,594658757#0,4
8220.0,594658760#0,10
8220.0,:cluster622618015_622618108_622618112_622618144_#2more_39,2
8220.0,:cluster655375336_end_0_655375336_end_1_655375336_end_10_655375336_end_11_#8more_17,1
8240.0,-300077497#5,1
8240.0,-593847703#3,3
8240.0,-E0,16
8240.0,182334378#0,2
8240.0,30620492#0,18
8240.0,30620492#1,3
8240.0,506322844#0,1
8240.0,593847704#0,2
8240.0,594658757#0,4
8240.0,594658760#0,10
8240.0,:3086736518_6,2
8240.0,:cluster655375336_end_0_655375336_end_1_655375336_end_10_655375336_end_11_#8more_17,1
8240.0,:cluster_2528018119_655375236_17,2
8240.0,:cluster_9383263990_9383263991_9383263992_9383263993_13,1
8260.0,-593847703#3,5
8260.0,-E0,16
8260.0,182334378#0,1
8260.0,30620492#0,13
8260.0,30620492#1,5
8260.0,506322844#0,5
8260.0,593847704#0,6
8260.0,594658757#0,4
8260.0,594658760#0,10
8260.0,:cluster655375336_end_0_655375336_end_1_655375336_end_10_655375336_end_11_#8more_5,1
8280.0,-593847703#3,5
8280.0,-E0,19
8280.0,30620492#0,18
8280.0,30620492#1,5
8280.0,506322844#0,5
8280.0,593847704#0,6
8280.0,594658757#0,4
8280.0,594658760#0,10
8300.0,-300077497#5,3
8300.0,-E0,19
8300.0,263217604#0,2
8300.0,30620492#0,18
8300.0,30620492#1,5
8300.0,593847704#0,6
8300.0,594658757#0,4
8300.0,594658760#0,10
8320.0,-300077497#5,3
8320.0,-E0,19
8320.0,263217604#0,2
8320.0,30620492#0,18
8320.0,30620492#1,5
8320.0,593849718#0,3
8320.0,594658757#0,4
8320.0,594658760#0,10
8320.0,:cluster622618015_622618108_622618112_622618144_#2more_39,3
8340.0,-593847703#3,2
8340.0,-E0,17
8340.0,182334378#0,1
8340.0,30620492#0,14
8340.0,30620492#1,4
8340.0,506322844#0,5
8340.0,594658757#0,4
8340.0,594658760#0,12
8340.0,:3086736518_6,2
8360.0,-593847703#3,2
8360.0,-E0,15
8360.0,182334378#0,1
8360.0,30620492#0,16
8360.0,30620492#1,5
8360.0,506322844#0,5
8360.0,593847704#0,3
8360.0,594658757#0,4
8360.0,594658760#0,12
8380.0,-300077497#5,1
8380.0,-300077497#8,1
8380.0,-593847703#3,2
8380.0,-E0,20
8380.0,30620492#0,18
8380.0,30620492#1,5
8380.0,506322844#0,1
8380.0,593847704#0,3
8380.0,594658757#0,3
8380.0,594658760#0,11
8380.0,:655375238_5,1
8380.0,:655375239_5,1
8380.0,:cluster655375336_end_0_655375336_end_1_655375336_end_10_655375336_end_11_#8more_21,1
8400.0,-300077497#5,5
8400.0,-E0,20
8400.0,30620492#0,18
8400.0,30620492#1,5
8400.0,593847704#0,2
8400.0,594658757#0,3
8400.0,594658760#0,11
8400.0,:cluster622618015_622618108_622618112_622618144_#2more_39,1
8400.0,:cluster655375336_end_0_655375336_end_1_655375336_end_10_655375336_end_11_#8more_21,1
8420.0,-300077497#5,1
8420.0,-593847703#3,2
8420.0,-E0,20
8420.0,30620492#0,18
8420.0,30620492#1,3
8420.0,594658757#0,3
8420.0,594658760#0,11
8420.0,:cluster655375336_end_0_655375336_end_1_655375336_end_10_655375336_end_11_#8more_21,1
8420.0,:cluster_2528018119_655375236_17,2
8420.0,:cluster_9383263990_9383263991_9383263992_9383263993_13,2
8440.0,-593847703#3,5
8440.0,-E0,19
8440.0,30620492#0,12
8440.0,30620492#1,5
8440.0,506322842#0,1
8440.0,506322844#0,5
8440.0,594658757#0,3
8440.0,594658760#0,11
8440.0,:3086736518_6,1
8440.0,:cluster655375336_end_0_655375336_end_1_655375336_end_10_655375336_end_11_#8more_21,1
8460.0,-593847703#3,5
8460.0,-E0,14
8460.0,30620492#0,17
8460.0,30620492#1,5
8460.0,506322842#0,1
8460.0,506322844#0,6
8460.0,593847704#0,5
8460.0,594658757#0,3
8460.0,594658760#0,11
8460.0,:cluster655375336_end_0_655375336_end_1_655375336_end_10_655375336_end_11_#8more_21,1
8480.0,-300077497#5,5
8480.0,-593847703#3,5
8480.0,-E0,19
8480.0,263217604#0,1
8480.0,30620492#0,18
8480.0,30620492#1,5
8480.0,593847704#0,5
8480.0,594658757#0,2
8480.0,594658760#0,9
8480.0,:cluster655375336_end_0_655375336_end_1_655375336_end_10_655375336_end_11_#8more_17,1
8480.0,:cluster_5372642442_631668976_631668981_631669076_36,1
8500.0,-300077497#5,5
8500.0,-E0,20
8500.0,263217604#0,1
8500.0,30620492#0,18
8500.0,30620492#1,5
8500.0,593849718#0,3
8500.0,594658757#0,2
8500.0,594658760#0,9
8500.0,:cluster622618015_622618108_622618112_622618144_#2more_39,2
8500.0,:cluster_2528018119_655375236_28,1
8520.0,-593847703#3,6
8520.0,-E0,20
8520.0,30620492#0,14
8520.0,30620492#1,3
8520.0,506322844#0,4
8520.0,594658757#0,3
8520.0,594658760#0,9
8520.0,:2749340167_0,1
8520.0,:cluster_9383263990_9383263991_9383263992_9383263993_13,1
8540.0,-593847703#3,6
8540.0,-E0,20
8540.0,30620492#0,16
8540.0,30620492#1,5
8540.0,506322844#0,5
8540.0,594658757#0,3
8540.0,594658760#0,9
8560.0,-300077497#5,1
8560.0,-300077497#8,2
8560.0,-593847703#3,6
8560.0,-E0,13
8560.0,30620492#0,18
8560.0,30620492#1,5
8560.0,506322844#0,1
8560.0,593847704#0,2
8560.0,594658757#0,3
8560.0,594658760#0,9
8560.0,:655375239_5,1
8580.0,-300077497#5,5
8580.0,-593847703#3,6
8580.0,-E0,17
8580.0,30620492#0,18
8580.0,30620492#1,5
8580.0,594658757#0,1
8580.0,594658760#0,6
8580.0,:cluster622618015_622618108_622618112_622618144_#2more_39,2
8580.0,:cluster655375336_end_0_655375336_end_1_655375336_end_10_655375336_end_11_#8more_17,2
8580.0,:cluster655375336_end_0_655375336_end_1_655375336_end_10_655375336_end_11_#8more_21,2
8600.0,-300077497#5,1
8600.0,-593847703#3,4
8600.0,-E0,19
8600.0,30620492#0,18
8600.0,30620492#1,3
8600.0,594658757#0,1
8600.0,594658760#0,6
8600.0,:655375233_4,4
8600.0,:cluster655375336_end_0_655375336_end_1_655375336_end_10_655375336_end_11_#8more_17,1
8600.0,:cluster655375336_end_0_655375336_end_1_655375336_end_10_655375336_end_11_#8more_21,2
8600.0,:cluster_2528018119_655375236_17,2
8600.0,:cluster_9383263990_9383263991_9383263992_9383263993_13,2
8620.0,-593847703#3,4
8620.0,-E0,20
8620.0,30620492#0,13
8620.0,30620492#1,5
8620.0,506322844#0,5
8620.0,594658757#0,1
8620.0,594658760#0,6
8620.0,:cluster655375336_end_0_655375336_end_1_655375336_end_10_655375336_end_11_#8more_17,1
8620.0,:cluster655375336_end_0_655375336_end_1_655375336_end_10_655375336_end_11_#8more_21,1
8640.0,-593847703#3,4
8640.0,-E0,20
8640.0,30620492#0,18
8640.0,30620492#1,5
8640.0,506322844#0,5
8640.0,594658757#0,1
8640.0,594658760#0,6
8640.0,:cluster655375336_end_0_655375336_end_1_655375336_end_10_655375336_end_11_#8more_17,1
8640.0,:cluster655375336_end_0_655375336_end_1_655375336_end_10_655375336_end_11_#8more_21,1
8660.0,-300077497#5,3
8660.0,-593847703#3,4
8660.0,-E0,15
8660.0,263217604#0,2
8660.0,30620492#0,18
8660.0,30620492#1,5
8660.0,593847704#0,4
8660.0,594658757#0,1
8660.0,594658760#0,6
8660.0,:cluster655375336_end_0_655375336_end_1_655375336_end_10_655375336_end_11_#8more_17,1
8660.0,:cluster655375336_end_0_655375336_end_1_655375336_end_10_655375336_end_11_#8more_21,1
8680.0,-300077497#5,3
8680.0,-593847703#3,4
8680.0,-E0,18
8680.0,263217604#0,2
8680.0,30620492#0,18
8680.0,30620492#1,5
8680.0,593849718#0,3
8680.0,594658757#0,1
8680.0,594658760#0,6
8680.0,:cluster622618015_622618108_622618112_622618144_#2more_39,1
8700.0,-593847703#3,5
8700.0,-E0,19
8700.0,30620492#0,14
8700.0,30620492#1,3
8700.0,506322844#0,4
8700.0,594658757#0,1
8700.0,594658760#0,8
8700.0,:2749340167_0,1
8700.0,:655375233_4,2
8700.0,:cluster_9383263990_9383263991_9383263992_9383263993_13,1
8720.0,-E0,19
8720.0,30620492#0,16
8720.0,30620492#1,5
8720.0,506322844#0,5
8720.0,594658757#0,1
8720.0,594658760#0,8
8740.0,-300077497#5,1
8740.0,-300077497#8,1
8740.0,-E0,19
8740.0,30620492#0,18
8740.0,30620492#1,5
8740.0,594658757#0,1
8740.0,594658760#0,8
8740.0,:655375238_5,1
8740.0,:655375239_5,2
8760.0,-300077497#5,5
8760.0,-E0,15
8760.0,30620492#0,18
8760.0,30620492#1,5
8760.0,593847704#0,1
8760.0,594658757#0,1
8760.0,594658760#0,8
8760.0,:3086736518_6,1
8780.0,-300077497#5,2
8780.0,-593847703#3,2
8780.0,-E0,13
8780.0,30620492#0,18
8780.0,30620492#1,3
8780.0,506322844#0,1
8780.0,593849718#0,2
8780.0,594658760#0,6
8780.0,:cluster655375336_end_0_655375336_end_1_655375336_end_10_655375336_end_11_#8more_17,1
8780.0,:cluster655375336_end_0_655375336_end_1_655375336_end_10_655375336_end_11_#8more_21,1
8780.0,:cluster_2528018119_655375236_31,1
8780.0,:cluster_9383263990_9383263991_9383263992_9383263993_13,1
8800.0,-593847703#3,4
8800.0,-E0,19
8800.0,182334378#0,1
8800.0,30620492#0,13
8800.0,30620492#1,5
8800.0,506322844#0,5
8800.0,594658760#0,3
8820.0,-E0,19
8820.0,182334378#0,1
8820.0,30620492#0,17
8820.0,30620492#1,5
8820.0,506322844#0,6
8820.0,594658760#0,3
8840.0,-300077497#5,5
8840.0,-E0,19
8840.0,182334378#0,1
8840.0,263217604#0,1
8840.0,30620492#0,18
8840.0,30620492#1,5
8840.0,594658760#0,3
8860.0,-300077497#5,5
8860.0,-E0,17
8860.0,182334378#0,1
8860.0,263217604#0,1
8860.0,30620492#0,18
8860.0,30620492#1,5
8860.0,594658760#0,3
8860.0,:3086736518_6,1
8880.0,-593847703#3,4
8880.0,-E0,11
8880.0,30620492#0,14
8880.0,30620492#1,4
8880.0,506322844#0,5
8880.0,593847704#0,4
8880.0,594658757#0,1
8880.0,594658760#0,3
8880.0,:cluster655375336_end_0_655375336_end_1_655375336_end_10_655375336_end_11_#8more_39,1
8880.0,:cluster655375336_end_0_655375336_end_1_655375336_end_10_655375336_end_11_#8more_5,1
8900.0,-593847703#3,4
8900.0,-E0,18
8900.0,30620492#0,16
8900.0,30620492#1,5
8900.0,506322844#0,5
8900.0,593847704#0,4
8900.0,594658757#0,1
8900.0,594658760#0,3
8920.0,-300077497#5,1
8920.0,-300077497#8,1
8920.0,-E0,19
8920.0,30620492#0,18
8920.0,30620492#1,5
8920.0,506322844#0,1
8920.0,593847704#0,4
8920.0,594658757#0,1
8920.0,594658760#0,3
8920.0,:655375238_5,1
8920.0,:655375239_5,1
8940.0,-300077497#5,5
8940.0,-E0,19
8940.0,30620492#0,18
8940.0,30620492#1,5
8940.0,593847704#0,2
8940.0,594658757#0,1
8940.0,594658760#0,3
8940.0,:cluster622618015_622618108_622618112_622618144_#2more_39,2
8960.0,-300077497#5,1
8960.0,-593847703#3,2
8960.0,-E0,18
8960.0,30620492#0,18
8960.0,30620492#1,3
8960.0,506322844#0,1
8960.0,594658757#0,1
8960.0,594658760#0,3
8960.0,:3086736518_6,1
8960.0,:cluster_2528018119_655375236_17,1
8960.0,:cluster_2528018119_655375236_19,1
8960.0,:cluster_9383263990_9383263991_9383263992_9383263993_13,1
8980.0,-593847703#3,4
8980.0,-E0,10
8980.0,182334378#0,1
8980.0,30620492#0,13
8980.0,30620492#1,5
8980.0,506322844#0,5
8980.0,593847704#0,3
8980.0,594658757#0,1
8980.0,594658760#0,3
9000.0,-593847703#3,4
9000.0,-E0,16
9000.0,30620492#0,17
9000.0,30620492#1,5
9000.0,506322844#0,6
9000.0,593847704#0,3
9000.0,594658757#0,1
9000.0,594658760#0,3
9020.0,-300077497#5,4
9020.0,-E0,19
9020.0,263217604#0,2
9020.0,30620492#0,18
9020.0,30620492#1,5
9020.0,593847704#0,3
9020.0,594658757#0,1
9020.0,594658760#0,3
9040.0,-300077497#5,4
9040.0,-E0,19
9040.0,263217604#0,2
9040.0,30620492#0,18
9040.0,30620492#1,5
9040.0,593849718#0,3
9040.0,594658757#0,1
9040.0,594658760#0,3
9060.0,-593847703#3,4
9060.0,-E0,19
9060.0,30620492#0,14
9060.0,30620492#1,3
9060.0,506322842#0,1
9060.0,506322844#0,3
9060.0,594658757#0,2
9060.0,594658760#0,4
9060.0,:2749340167_0,1
9060.0,:cluster_9383263990_9383263991_9383263992_9383263993_13,1
9080.0,-593847703#3,4
9080.0,-E0,14
9080.0,30620492#0,15
9080.0,30620492#1,5
9080.0,506322842#0,1
9080.0,506322844#0,5
9080.0,593847704#0,3
9080.0,594658757#0,2
9080.0,594658760#0,4
9100.0,-300077497#5,1
9100.0,-300077497#8,1
9100.0,-593847703#3,4
9100.0,-E0,15
9100.0,30620492#0,18
9100.0,30620492#1,5
9100.0,506322844#0,1
9100.0,506322846#0,1
9100.0,593847704#0,3
9100.0,594658757#0,2
9100.0,594658760#0,3
9100.0,:655375238_5,1
9100.0,:655375239_5,1
9120.0,-300077497#5,5
9120.0,-E0,16
9120.0,288135626#0,1
9120.0,30620492#0,18
9120.0,30620492#1,5
9120.0,593847704#0,1
9120.0,594658757#0,1
9120.0,594658760#0,2
9120.0,:655375233_4,4
9120.0,:cluster622618015_622618108_622618112_622618144_#2more_39,2
9120.0,:cluster655375336_end_0_655375336_end_1_655375336_end_10_655375336_end_11_#8more_21,1
9140.0,-300077497#5,1
9140.0,-593847703#3,2
9140.0,-E0,19
9140.0,1068234499#0,1
9140.0,30620492#0,18
9140.0,30620492#1,3
9140.0,506322844#0,1
9140.0,:cluster655375336_end_0_655375336_end_1_655375336_end_10_655375336_end_11_#8more_17,1
9140.0,:cluster_2528018119_655375236_17,1
9140.0,:cluster_2528018119_655375236_31,1
9140.0,:cluster_9383263990_9383263991_9383263992_9383263993_13,1
9160.0,-593847703#3,4
9160.0,-E0,20
9160.0,1068234499#0,1
9160.0,182334378#0,1
9160.0,30620492#0,13
9160.0,30620492#1,5
9160.0,506322844#0,5
9180.0,-593847703#3,4
9180.0,-E0,15
9180.0,1068234499#0,1
9180.0,182334378#0,1
9180.0,30620492#0,17
9180.0,30620492#1,4
9180.0,506322844#0,6
9180.0,593847704#0,4
9180.0,:3086736518_6,1
9180.0,:cluster_9383263990_9383263991_9383263992_9383263993_13,1
9200.0,-300077497#5,2
9200.0,-593847703#3,5
9200.0,-E0,16
9200.0,263217604#0,5
9200.0,30620492#0,17
9200.0,30620492#1,5
9200.0,593847704#0,5
9220.0,-300077497#5,2
9220.0,-593847703#3,3
9220.0,-E0,16
9220.0,263217604#0,5
9220.0,30620492#0,18
9220.0,30620492#1,5
9220.0,593849718#0,3
9220.0,:655375233_4,2
9220.0,:cluster622618015_622618108_622618112_622618144_#2more_39,2
9240.0,-593847703#3,2
9240.0,-E0,16
9240.0,263217604#0,1
9240.0,30620492#0,14
9240.0,30620492#1,4
9240.0,506322844#0,5
9240.0,594658757#0,1
9240.0,594658760#0,2
9240.0,:cluster3086736522_655375108_655375247_655375401_#1more_14,1
9260.0,-593847703#3,2
9260.0,-E0,16
9260.0,30620492#0,16
9260.0,30620492#1,3
9260.0,506322844#0,5
9260.0,594658757#0,1
9260.0,594658760#0,4
9260.0,:cluster_9383263990_9383263991_9383263992_9383263993_10,1
9260.0,:cluster_9383263990_9383263991_9383263992_9383263993_13,1
9280.0,-300077497#5,1
9280.0,-300077497#8,2
9280.0,-35274074#2,1
9280.0,-593847703#3,2
9280.0,-E0,12
9280.0,263217604#0,1
9280.0,30620492#0,16
9280.0,30620492#1,5
9280.0,506322844#0,1
9280.0,593847704#0,2
9280.0,594658757#0,1
9280.0,594658760#0,4
9280.0,:3086736518_6,1
9280.0,:655375239_5,1
9300.0,-300077497#5,6
9300.0,-593847703#3,2
9300.0,-E0,11
9300.0,263217604#0,1
9300.0,30620492#0,18
9300.0,30620492#1,5
9300.0,593847704#0,2
9300.0,594658757#0,1
9300.0,594658760#0,4
9300.0,:cluster622618015_622618108_622618112_622618144_#2more_39,2
9320.0,-300077497#5,2
9320.0,-593847703#3,4
9320.0,-E0,13
9320.0,263217604#0,1
9320.0,30620492#0,18
9320.0,30620492#1,3
9320.0,506322844#0,1
9320.0,594658760#0,3
9320.0,:cluster_2528018119_655375236_17,2
9320.0,:cluster_9383263990_9383263991_9383263992_9383263993_13,1
9340.0,-593847703#3,3
9340.0,-E0,16
9340.0,30620492#0,11
9340.0,30620492#1,5
9340.0,506322842#0,2
9340.0,506322844#0,5
9340.0,594658760#0,1
9360.0,-593847703#3,3
9360.0,-E0,17
9360.0,30620492#0,16
9360.0,30620492#1,5
9360.0,506322842#0,2
9360.0,506322844#0,7
9380.0,-300077497#5,5
9380.0,-593847703#3,3
9380.0,-E0,15
9380.0,263217604#0,3
9380.0,30620492#0,18
9380.0,30620492#1,5
9380.0,:3086736518_6,2
9380.0,:cluster_5372642442_631668976_631668981_631669076_36,1
9400.0,-300077497#5,5
9400.0,-593847703#3,3
9400.0,-E0,5
9400.0,1068234499#0,1
9400.0,263217604#0,3
9400.0,30620492#0,18
9400.0,30620492#1,5
9400.0,593849718#0,1
9400.0,:cluster622618015_622618108_622618112_622618144_#2more_39,3
9420.0,-593847703#3,6
9420.0,1068234499#0,1
9420.0,182334378#0,2
9420.0,30620492#0,14
9420.0,30620492#1,4
9420.0,360843888,1
9420.0,506322844#0,4
9420.0,594658757#0,1
9420.0,594658760#0,1
9420.0,:cluster_9383263990_9383263991_9383263992_9383263993_13,1
9440.0,-E0,2
9440.0,1068234499#0,1
9440.0,30620492#0,14
9440.0,30620492#1,4
9440.0,360843888,1
9440.0,506322844#0,6
9440.0,594658757#0,1
9440.0,594658760#0,1
9440.0,:2749340167_0,1
9440.0,:cluster_9383263990_9383263991_9383263992_9383263993_13,1
9460.0,-300077497#5,1
9460.0,-300077497#8,1
9460.0,-593847703#3,1
9460.0,263217604#0,2
9460.0,30620492#0,17
9460.0,30620492#1,5
9460.0,360843888,1
9460.0,506322844#0,1
9460.0,594658757#0,1
9460.0,594658760#0,1
9460.0,:655375238_5,1
9460.0,:655375239_5,1
9480.0,-300077497#5,5
9480.0,-593847703#3,1
9480.0,263217604#0,2
9480.0,30620492#0,18
9480.0,30620492#1,5
9480.0,360843888,1
9480.0,594658757#0,1
9480.0,594658760#0,1
9500.0,-300077497#5,1
9500.0,-593847703#3,3
9500.0,-E0,1
9500.0,244450512#5,1
9500.0,263217604#0,2
9500.0,30620492#0,18
9500.0,30620492#1,3
9500.0,:cluster655375336_end_0_655375336_end_1_655375336_end_10_655375336_end_11_#8more_21,1
9500.0,:cluster_2528018119_655375236_17,2
9500.0,:cluster_9383263990_9383263991_9383263992_9383263993_13,2
9520.0,-593847703#3,6
9520.0,244450512#5,1
9520.0,30620492#0,11
9520.0,30620492#1,3
9520.0,506322842#0,1
9520.0,506322844#0,6
9520.0,594658760#0,2
9520.0,:2749340167_0,1
9520.0,:cluster_9383263990_9383263991_9383263992_9383263993_13,1
9540.0,244450512#5,1
9540.0,30620492#0,16
9540.0,30620492#1,5
9540.0,506322842#0,1
9540.0,506322844#0,7
9540.0,:655375233_4,2
9560.0,-300077497#5,4
9560.0,244450512#5,1
9560.0,263217604#0,3
9560.0,30620492#0,18
9560.0,30620492#1,5
9560.0,506322846#2,1
9580.0,-300077497#5,4
9580.0,1068234499#0,1
9580.0,244450512#5,1
9580.0,263217604#0,3
9580.0,30620492#0,18
9580.0,30620492#1,5
9600.0,-593847703#3,4
9600.0,-E0,1
9600.0,1068234499#0,1
9600.0,30620492#0,14
9600.0,30620492#1,3
9600.0,506322842#0,1
9600.0,506322844#0,4
9600.0,594658757#0,2
9600.0,594658760#0,1
9600.0,:cluster_9383263990_9383263991_9383263992_9383263993_13,1
9620.0,-593847703#3,4
9620.0,-E0,2
9620.0,1068234499#0,1
9620.0,30620492#0,13
9620.0,30620492#1,4
9620.0,49695736#0,1
9620.0,506322842#0,1
9620.0,506322844#0,7
9620.0,:2749340167_0,1
9640.0,-300077497#8,2
9640.0,-593847703#3,2
9640.0,263217604#0,2
9640.0,30620492#0,17
9640.0,30620492#1,5
9640.0,506322844#0,1
9640.0,506322846#0,1
9640.0,:655375233_4,3
9640.0,:655375238_5,1
9640.0,:655375239_5,1
9660.0,-300077497#5,5
9660.0,263217604#0,2
9660.0,288135626#0,1
9660.0,30620492#0,18
9660.0,30620492#1,5
9680.0,-300077497#5,1
9680.0,-593847703#3,2
9680.0,1068234499#0,1
9680.0,263217604#0,2
9680.0,30620492#0,18
9680.0,30620492#1,3
9680.0,506322844#0,1
9680.0,:cluster_2528018119_655375236_17,2
9680.0,:cluster_9383263990_9383263991_9383263992_9383263993_13,1
9700.0,-593847703#3,4
9700.0,-E0,1
9700.0,1068234499#0,1
9700.0,30620492#0,12
9700.0,30620492#1,4
9700.0,506322844#0,6
9700.0,594658757#0,2
9700.0,:2749340167_0,1
9720.0,-593847703#3,4
9720.0,1068234499#0,1
9720.0,30620492#0,17
9720.0,30620492#1,5
9720.0,506322844#0,6
9740.0,-300077497#5,4
9740.0,-593847703#3,3
9740.0,263217604#0,2
9740.0,30620492#0,18
9740.0,30620492#1,5
9740.0,:655375233_4,2
9760.0,-300077497#5,4
9760.0,263217604#0,2
9760.0,30620492#0,18
9760.0,30620492#1,5
9780.0,-593847703#3,3
9780.0,30620492#0,14
9780.0,30620492#1,3
9780.0,506322844#0,5
9780.0,594658757#0,1
9780.0,594658760#0,1
9780.0,:2749340167_0,1
9780.0,:cluster655375336_end_0_655375336_end_1_655375336_end_10_655375336_end_11_#8more_5,1
9800.0,-593847703#3,3
9800.0,30620492#0,15
9800.0,30620492#1,5
9800.0,506322844#0,6
9800.0,:cluster655375336_end_0_655375336_end_1_655375336_end_10_655375336_end_11_#8more_17,1
9800.0,:cluster655375336_end_0_655375336_end_1_655375336_end_10_655375336_end_11_#8more_21,1
9820.0,-300077497#5,1
9820.0,-300077497#8,2
9820.0,-593847703#3,3
9820.0,-E0,1
9820.0,263217604#0,1
9820.0,30620492#0,18
9820.0,30620492#1,5
9820.0,506322844#0,1
9820.0,:655375239_5,1
9840.0,-300077497#5,5
9840.0,-593847703#3,3
9840.0,263217604#0,1
9840.0,30620492#0,18
9840.0,30620492#1,5
9860.0,-300077497#5,1
9860.0,-593847703#3,2
9860.0,263217604#0,1
9860.0,30620492#0,18
9860.0,30620492#1,3
9860.0,:cluster_2528018119_655375236_17,2
9860.0,:cluster_9383263990_9383263991_9383263992_9383263993_13,2
9880.0,-593847703#3,5
9880.0,30620492#0,13
9880.0,30620492#1,3
9880.0,506322844#0,5
9880.0,594658757#0,1
9880.0,:cluster_9383263990_9383263991_9383263992_9383263993_13,2
9900.0,-593847703#3,5
9900.0,-E0,1
9900.0,30620492#0,16
9900.0,30620492#1,5
9900.0,506322844#0,7
9920.0,-300077497#5,5
9920.0,-593847703#3,5
9920.0,263217604#0,2
9920.0,30620492#0,18
9920.0,30620492#1,5
9940.0,-300077497#5,5
9940.0,-593847703#3,5
9940.0,263217604#0,2
9940.0,30620492#0,18
9940.0,30620492#1,5
9960.0,-593847703#3,2
9960.0,182334378#0,1
9960.0,30620492#0,14
9960.0,30620492#1,3
9960.0,506322844#0,4
9960.0,594658760#0,2
9960.0,:2749340167_0,1
9960.0,:cluster655375336_end_0_655375336_end_1_655375336_end_10_655375336_end_11_#8more_39,1
9960.0,:cluster_9383263990_9383263991_9383263992_9383263993_13,1
9980.0,-593847703#3,2
9980.0,30620492#0,15
9980.0,30620492#1,5
9980.0,506322844#0,6
9980.0,594658760#0,2
10000.0,-300077497#8,1
10000.0,-593847703#3,2
10000.0,-E0,2
10000.0,263217604#0,2
10000.0,30620492#0,18
10000.0,30620492#1,5
10000.0,506322844#0,1
10000.0,:655375238_5,1
10000.0,:655375239_5,1
10020.0,-300077497#5,4
10020.0,-593847703#3,2
10020.0,263217604#0,2
10020.0,30620492#0,18
10020.0,30620492#1,5
10040.0,-593847703#3,3
10040.0,182334378#0,1
10040.0,263217604#0,2
10040.0,30620492#0,18
10040.0,30620492#1,3
10040.0,:cluster_2528018119_655375236_17,2
10040.0,:cluster_9383263990_9383263991_9383263992_9383263993_13,2
10060.0,-E0,1
10060.0,30620492#0,13
10060.0,30620492#1,3
10060.0,506322844#0,6
10060.0,594658757#0,1
10060.0,594658760#0,1
10060.0,:cluster_9383263990_9383263991_9383263992_9383263993_10,1
10080.0,-E0,1
10080.0,30620492#0,15
10080.0,30620492#1,5
10080.0,506322842#0,1
10080.0,506322844#0,7
10100.0,-300077497#5,5
10100.0,263217604#0,2
10100.0,30620492#0,18
10100.0,30620492#1,5
10100.0,:cluster_5372642442_631668976_631668981_631669076_47,1
10120.0,-300077497#5,5
10120.0,-593847703#3,1
10120.0,263217604#0,2
10120.0,30620492#0,18
10120.0,30620492#1,5
10140.0,-593847703#3,4
10140.0,182334378#0,1
10140.0,30620492#0,14
10140.0,30620492#1,3
10140.0,506322844#0,5
10140.0,594658757#0,2
10140.0,:cluster655375336_end_0_655375336_end_1_655375336_end_10_655375336_end_11_#8more_5,1
10140.0,:cluster_9383263990_9383263991_9383263992_9383263993_13,1
10160.0,30620492#0,14
10160.0,30620492#1,5
10160.0,506322844#0,7
10160.0,594658757#0,2
10160.0,:655375233_4,3
10180.0,-300077497#5,1
10180.0,-300077497#8,1
10180.0,263217604#0,2
10180.0,30620492#0,18
10180.0,30620492#1,5
10180.0,506322844#0,1
10180.0,594658757#0,1
10180.0,:655375238_5,1
10180.0,:655375239_5,1
10180.0,:cluster655375336_end_0_655375336_end_1_655375336_end_10_655375336_end_11_#8more_21,1
10200.0,-300077497#5,5
10200.0,263217604#0,2
10200.0,30620492#0,18
10200.0,30620492#1,5
10220.0,-300077497#5,1
10220.0,-593847703#3,2
10220.0,263217604#0,2
10220.0,30620492#0,18
10220.0,30620492#1,3
10220.0,506322844#0,1
10220.0,:cluster_2528018119_655375236_19,1
10220.0,:cluster_2528018119_655375236_31,1
10220.0,:cluster_9383263990_9383263991_9383263992_9383263993_13,1
10240.0,-593847703#3,3
10240.0,-E0,2
10240.0,244450512#4,1
10240.0,30620492#0,13
10240.0,30620492#1,5
10240.0,506322844#0,5
10240.0,594658757#0,1
10260.0,-593847703#3,1
10260.0,-E0,1
10260.0,244450512#5,1
10260.0,30620492#0,18
10260.0,30620492#1,5
10260.0,506322844#0,5
10260.0,:655375233_4,2
10280.0,-300077497#5,4
10280.0,244450512#5,1
10280.0,263217604#0,1
10280.0,30620492#0,18
10280.0,30620492#1,5
10300.0,-300077497#5,4
10300.0,244450512#5,1
10300.0,263217604#0,1
10300.0,30620492#0,18
10300.0,30620492#1,5
10320.0,-593847703#3,2
10320.0,182334378#0,1
10320.0,30620492#0,14
10320.0,30620492#1,4
10320.0,506322844#0,4
10320.0,594658760#0,1
10320.0,:cluster655375336_end_0_655375336_end_1_655375336_end_10_655375336_end_11_#8more_30,1
10320.0,:cluster655375336_end_0_655375336_end_1_655375336_end_10_655375336_end_11_#8more_39,1
10320.0,:cluster_9383263990_9383263991_9383263992_9383263993_13,1
10340.0,-593847703#3,2
10340.0,-E0,3
10340.0,30620492#0,14
10340.0,30620492#1,4
10340.0,506322844#0,7
10340.0,594658760#0,1
10340.0,:cluster_9383263990_9383263991_9383263992_9383263993_13,1
10360.0,-300077497#8,1
10360.0,-593847703#3,2
10360.0,263217604#0,3
10360.0,30620492#0,17
10360.0,30620492#1,5
10360.0,594658760#0,1
10360.0,:655375238_5,1
10360.0,:655375239_5,1
10360.0,:655375239_6,2
10380.0,-300077497#5,3
10380.0,-E0,1
10380.0,263217604#0,5
10380.0,30620492#0,18
10380.0,30620492#1,5
10400.0,-593847703#3,2
10400.0,263217604#0,5
10400.0,30620492#0,18
10400.0,30620492#1,3
10400.0,:cluster_2528018119_655375236_17,1
10400.0,:cluster_9383263990_9383263991_9383263992_9383263993_13,2
10420.0,-593847703#3,3
10420.0,30620492#0,13
10420.0,30620492#1,4
10420.0,506322844#0,5
10420.0,594658757#0,1
10420.0,594658760#0,4
10420.0,:cluster_9383263990_9383263991_9383263992_9383263993_13,1
10440.0,-593847703#3,3
10440.0,30620492#0,16
10440.0,30620492#1,5
10440.0,506322844#0,7
10440.0,594658757#0,1
10440.0,594658760#0,4
10460.0,-300077497#5,4
10460.0,-593847703#3,3
10460.0,-E0,1
10460.0,263217604#0,3
10460.0,30620492#0,18
10460.0,30620492#1,5
10460.0,594658760#0,3
10480.0,-300077497#5,4
10480.0,-E0,1
10480.0,263217604#0,3
10480.0,30620492#0,18
10480.0,30620492#1,5
10500.0,-593847703#3,4
10500.0,30620492#0,14
10500.0,30620492#1,4
10500.0,506322844#0,4
10500.0,594658757#0,1
10500.0,594658760#0,2
10500.0,:cluster_9383263990_9383263991_9383263992_9383263993_13,1
10520.0,-593847703#3,4
10520.0,30620492#0,12
10520.0,30620492#1,4
10520.0,506322844#0,8
10520.0,594658757#0,1
10520.0,594658760#0,2
10520.0,:2749340167_0,1
10520.0,:cluster_9383263990_9383263991_9383263992_9383263993_13,1
10540.0,-300077497#5,1
10540.0,-300077497#8,1
10540.0,-593847703#3,4
10540.0,263217604#0,3
10540.0,30620492#0,17
10540.0,30620492#1,5
10540.0,506322844#0,1
10540.0,594658757#0,1
10540.0,594658760#0,2
10540.0,:655375238_5,1
10540.0,:655375239_5,1
10540.0,:655375239_6,1
10560.0,-300077497#5,5
10560.0,-593847703#3,4
10560.0,263217604#0,4
10560.0,30620492#0,18
10560.0,30620492#1,5
10560.0,594658760#0,1
10560.0,:cluster655375336_end_0_655375336_end_1_655375336_end_10_655375336_end_11_#8more_17,1
10560.0,:cluster655375336_end_0_655375336_end_1_655375336_end_10_655375336_end_11_#8more_21,1
10580.0,-300077497#5,1
10580.0,-593847703#3,2
10580.0,-E0,2
10580.0,263217604#0,4
10580.0,30620492#0,18
10580.0,30620492#1,3
10580.0,:cluster_2528018119_655375236_17,2
10580.0,:cluster_9383263990_9383263991_9383263992_9383263993_13,2
10600.0,-593847703#3,5
10600.0,244450512#4,1
10600.0,30620492#0,12
10600.0,30620492#1,4
10600.0,506322844#0,6
10600.0,594658757#0,1
10600.0,594658760#0,2
10600.0,:cluster_9383263990_9383263991_9383263992_9383263993_13,1
10620.0,-593847703#3,5
10620.0,244450512#5,1
10620.0,30620492#0,16
10620.0,30620492#1,5
10620.0,506322844#0,8
10620.0,594658757#0,1
10620.0,594658760#0,2
10640.0,-300077497#5,4
10640.0,-593847703#3,5
10640.0,-E0,1
10640.0,244450512#5,1
10640.0,263217604#0,4
10640.0,30620492#0,18
10640.0,30620492#1,5
10640.0,594658760#0,1
10640.0,:cluster655375336_end_0_655375336_end_1_655375336_end_10_655375336_end_11_#8more_21,1
10660.0,-300077497#5,4
10660.0,-593847703#3,5
10660.0,-E0,1
10660.0,244450512#5,1
10660.0,263217604#0,4
10660.0,30620492#0,18
10660.0,30620492#1,5
10680.0,-593847703#3,4
10680.0,182334378#0,1
10680.0,30620492#0,14
10680.0,30620492#1,4
10680.0,506322844#0,5
10680.0,51362430,1
10680.0,594658757#0,1
10680.0,594658760#0,2
10680.0,:655375233_4,4
10680.0,:cluster3086736522_655375108_655375247_655375401_#1more_30,1
10700.0,-E0,1
10700.0,30620492#0,14
10700.0,30620492#1,4
10700.0,506322844#0,7
10700.0,51362429#0,1
10700.0,594658757#0,2
10700.0,594658760#0,2
10700.0,:2749340167_0,1
10720.0,-300077497#5,1
10720.0,-300077497#8,1
10720.0,263217604#0,2
10720.0,30620492#0,17
10720.0,30620492#1,5
10720.0,506322844#0,1
10720.0,51362429#0,1
10720.0,594658757#0,2
10720.0,594658760#0,2
10720.0,:655375238_5,1
10720.0,:655375239_5,1
10740.0,-300077497#5,5
10740.0,263217604#0,2
10740.0,30620492#0,18
10740.0,30620492#1,5
10740.0,51362429#0,1
10740.0,594658757#0,2
10740.0,594658760#0,2
10760.0,-300077497#5,1
10760.0,-593847703#3,2
10760.0,-E0,2
10760.0,263217604#0,2
10760.0,30620492#0,18
10760.0,30620492#1,3
10760.0,:cluster655375336_end_0_655375336_end_1_655375336_end_10_655375336_end_11_#8more_17,1
10760.0,:cluster655375336_end_0_655375336_end_1_655375336_end_10_655375336_end_11_#8more_21,1
10760.0,:cluster_2528018119_655375236_17,2
10760.0,:cluster_9383263990_9383263991_9383263992_9383263993_10,1
10760.0,:cluster_9383263990_9383263991_9383263992_9383263993_13,1
10780.0,-593847703#3,2
10780.0,-E0,1
10780.0,30620492#0,11
10780.0,30620492#1,3
10780.0,506322842#0,3
10780.0,506322844#0,4
10780.0,594658760#0,2
10780.0,:2749340167_0,1
10780.0,:655375233_4,2
10780.0,:cluster_9383263990_9383263991_9383263992_9383263993_13,1
10800.0,30620492#0,16
10800.0,30620492#1,5
10800.0,506322842#0,3
10800.0,506322844#0,5
10800.0,594658760#0,2
10820.0,-300077497#5,5
10820.0,30620492#0,18
10820.0,30620492#1,5
10820.0,506322846#2,2
10820.0,594658760#0,2
10820.0,:cluster_5372642442_631668976_631668981_631669076_36,1
10840.0,-300077497#5,5
10840.0,1068234499#0,2
10840.0,30620492#0,18
10840.0,30620492#1,5
10840.0,594658760#0,1
10840.0,:2444664370_0,1
10860.0,-593847703#3,3
10860.0,-E0,1
10860.0,1068234499#0,3
10860.0,182334378#0,2
10860.0,30620492#0,14
10860.0,30620492#1,4
10860.0,506322844#0,5
10880.0,-593847703#3,3
10880.0,1068234499#0,3
10880.0,182334378#0,2
10880.0,30620492#0,15
10880.0,30620492#1,5
10880.0,506322844#0,6
10900.0,-300077497#8,1
10900.0,-593847703#3,2
10900.0,-E0,2
10900.0,263217604#0,3
10900.0,30620492#0,18
10900.0,30620492#1,5
10900.0,506322844#0,1
10900.0,:655375239_5,1
10900.0,:cluster_2528018119_655375236_28,1
10920.0,-300077497#5,3
10920.0,-593847703#3,3
10920.0,263217604#0,3
10920.0,30620492#0,18
10920.0,30620492#1,5
10940.0,-593847703#3,4
10940.0,182334378#0,1
10940.0,263217604#0,3
10940.0,30620492#0,18
10940.0,30620492#1,3
10940.0,:cluster_2528018119_655375236_31,1
10940.0,:cluster_9383263990_9383263991_9383263992_9383263993_13,2
10960.0,-593847703#3,4
10960.0,-E0,2
10960.0,30620492#0,13
10960.0,30620492#1,4
10960.0,506322844#0,5
10960.0,594658760#0,3
10960.0,:cluster_9383263990_9383263991_9383263992_9383263993_13,1
10980.0,-593847703#3,4
10980.0,30620492#0,16
10980.0,30620492#1,5
10980.0,506322844#0,7
10980.0,594658760#0,3
11000.0,-300077497#5,5
11000.0,263217604#0,2
11000.0,30620492#0,18
11000.0,30620492#1,5
11000.0,594658760#0,3
11020.0,-300077497#5,5
11020.0,-E0,1
11020.0,263217604#0,2
11020.0,30620492#0,18
11020.0,30620492#1,5
11020.0,594658760#0,2
11040.0,-593847703#3,4
11040.0,-E0,2
11040.0,182334378#0,1
11040.0,30620492#0,14
11040.0,30620492#1,3
11040.0,506322844#0,5
11040.0,594658760#0,2
11040.0,:cluster_9383263990_9383263991_9383263992_9383263993_13,1
11060.0,-593847703#3,4
11060.0,-E0,2
11060.0,182334378#0,1
11060.0,30620492#0,15
11060.0,30620492#1,5
11060.0,506322844#0,6
11080.0,-300077497#8,1
11080.0,-593847703#3,4
11080.0,-E0,1
11080.0,263217604#0,3
11080.0,30620492#0,18
11080.0,30620492#1,5
11080.0,:655375239_5,2
11100.0,-300077497#5,3
11100.0,263217604#0,3
11100.0,30620492#0,18
11100.0,30620492#1,5
11120.0,-593847703#3,2
11120.0,263217604#0,3
11120.0,30620492#0,18
11120.0,30620492#1,3
11120.0,:cluster_2528018119_655375236_17,1
11120.0,:cluster_9383263990_9383263991_9383263992_9383263993_13,2
11140.0,-593847703#3,3
11140.0,30620492#0,12
11140.0,30620492#1,5
11140.0,506322844#0,6
11140.0,594658757#0,2
11140.0,594658760#0,1
11160.0,-593847703#3,3
11160.0,30620492#0,18
11160.0,30620492#1,5
11160.0,506322844#0,6
11160.0,594658757#0,2
11160.0,594658760#0,1
11180.0,-300077497#5,4
11180.0,-593847703#3,3
11180.0,263217604#0,2
11180.0,30620492#0,18
11180.0,30620492#1,5
11180.0,594658757#0,2
11180.0,594658760#0,1
11200.0,-300077497#5,4
11200.0,263217604#0,2
11200.0,30620492#0,18
11200.0,30620492#1,5
11200.0,594658757#0,2
11200.0,594658760#0,1
11200.0,:655375233_4,3
11220.0,-593847703#3,4
11220.0,-E0,1
11220.0,30620492#0,14
11220.0,30620492#1,4
11220.0,506322844#0,5
11220.0,594658757#0,2
11220.0,594658760#0,1
11240.0,-593847703#3,4
11240.0,-E0,2
11240.0,30620492#0,14
11240.0,30620492#1,5
11240.0,506322844#0,7
11260.0,-300077497#5,1
11260.0,-300077497#8,1
11260.0,-593847703#3,4
11260.0,263217604#0,4
11260.0,30620492#0,17
11260.0,30620492#1,5
11260.0,506322844#0,1
11260.0,:655375239_6,1
11280.0,-300077497#5,3
11280.0,-593847703#3,4
11280.0,263217604#0,5
11280.0,30620492#0,18
11280.0,30620492#1,5
11300.0,-593847703#3,4
11300.0,263217604#0,5
11300.0,30620492#0,18
11300.0,30620492#1,3
11300.0,:655375233_4,2
11300.0,:cluster_2528018119_655375236_17,1
11300.0,:cluster_9383263990_9383263991_9383263992_9383263993_13,2
11320.0,30620492#0,12
11320.0,30620492#1,5
11320.0,506322844#0,6
11320.0,594658757#0,2
11320.0,594658760#0,2
11320.0,:cluster655375336_end_0_655375336_end_1_655375336_end_10_655375336_end_11_#8more_17,1
11340.0,-E0,3
11340.0,30620492#0,16
11340.0,30620492#1,5
11340.0,506322842#0,1
11340.0,506322844#0,7
11360.0,-300077497#5,5
11360.0,263217604#0,2
11360.0,30620492#0,18
11360.0,30620492#1,5
11360.0,:cluster_5372642442_631668976_631668981_631669076_36,1
11380.0,-300077497#5,5
11380.0,1068234499#0,1
11380.0,263217604#0,2
11380.0,30620492#0,18
11380.0,30620492#1,5
11400.0,-593847703#3,3
11400.0,1068234499#0,1
11400.0,182334378#0,2
11400.0,30620492#0,14
11400.0,30620492#1,3
11400.0,360843888,1
11400.0,506322842#0,1
11400.0,506322844#0,3
11400.0,594658760#0,1
11400.0,:2749340167_0,1
11400.0,:cluster_9383263990_9383263991_9383263992_9383263993_13,1
11420.0,-E0,1
11420.0,1068234499#0,1
11420.0,30620492#0,13
11420.0,30620492#1,5
11420.0,360843888,1
11420.0,506322842#0,1
11420.0,506322844#0,7
11440.0,-300077497#5,1
11440.0,-300077497#8,2
11440.0,-593847703#3,1
11440.0,263217604#0,2
11440.0,30620492#0,18
11440.0,30620492#1,5
11440.0,360843888,1
11440.0,506322844#0,1
11440.0,506322846#0,1
11440.0,:655375239_5,1
11460.0,-300077497#5,5
11460.0,-593847703#3,1
11460.0,263217604#0,2
11460.0,288135626#0,1
11460.0,30620492#0,18
11460.0,30620492#1,5
11460.0,360843888,1
11480.0,-300077497#5,1
11480.0,-593847703#3,2
11480.0,1068234499#0,1
11480.0,182334378#0,1
11480.0,244450512#5,1
11480.0,263217604#0,2
11480.0,30620492#0,18
11480.0,30620492#1,3
11480.0,:cluster_2528018119_655375236_17,2
11480.0,:cluster_9383263990_9383263991_9383263992_9383263993_13,2
11500.0,-593847703#3,5
11500.0,1068234499#0,1
11500.0,244450512#5,1
11500.0,30620492#0,12
11500.0,30620492#1,4
11500.0,506322842#0,1
11500.0,506322844#0,5
11500.0,594658757#0,1
11500.0,594658760#0,1
11500.0,:cluster_9383263990_9383263991_9383263992_9383263993_13,1
11520.0,-E0,2
11520.0,1068234499#0,1
11520.0,244450512#5,1
11520.0,30620492#0,15
11520.0,30620492#1,5
11520.0,506322842#0,1
11520.0,506322844#0,8
11540.0,-300077497#5,4
11540.0,-593847703#3,1
11540.0,244450512#5,1
11540.0,263217604#0,4
11540.0,30620492#0,18
11540.0,30620492#1,5
11540.0,506322846#2,1
11560.0,-300077497#5,4
11560.0,-593847703#3,1
11560.0,1068234499#0,1
11560.0,244450512#5,1
11560.0,263217604#0,4
11560.0,30620492#0,18
11560.0,30620492#1,5
11580.0,-593847703#3,5
11580.0,-E0,1
11580.0,1068234499#0,1
11580.0,263217604#0,2
11580.0,30620492#0,14
11580.0,30620492#1,4
11580.0,506322844#0,5
11580.0,594658760#0,2
11600.0,-593847703#3,5
11600.0,1068234499#0,1
11600.0,30620492#0,14
11600.0,30620492#1,4
11600.0,506322844#0,7
11600.0,594658760#0,4
11600.0,:cluster_9383263990_9383263991_9383263992_9383263993_13,1
11620.0,-593847703#3,1
11620.0,-E0,3
11620.0,263217604#0,4
11620.0,30620492#0,17
11620.0,30620492#1,5
11620.0,506322844#0,1
11620.0,:655375233_4,1
11620.0,:655375238_5,1
11620.0,:655375239_5,1
11620.0,:655375239_6,1
11640.0,-300077497#5,3
11640.0,-593847703#3,1
11640.0,263217604#0,5
11640.0,30620492#0,18
11640.0,30620492#1,5
11660.0,-593847703#3,3
11660.0,263217604#0,5
11660.0,30620492#0,18
11660.0,30620492#1,3
11660.0,:cluster_2528018119_655375236_17,1
11660.0,:cluster_9383263990_9383263991_9383263992_9383263993_13,2
11680.0,-593847703#3,4
11680.0,30620492#0,13
11680.0,30620492#1,5
11680.0,506322844#0,5
11680.0,594658757#0,1
11680.0,594658760#0,4
11700.0,-593847703#3,4
11700.0,30620492#0,18
11700.0,30620492#1,5
11700.0,506322844#0,5
11700.0,594658760#0,3
11700.0,:cluster655375336_end_0_655375336_end_1_655375336_end_10_655375336_end_11_#8more_17,1
11700.0,:cluster655375336_end_0_655375336_end_1_655375336_end_10_655375336_end_11_#8more_21,1
11720.0,-300077497#5,5
11720.0,-E0,1
11720.0,30620492#0,18
11720.0,30620492#1,5
11720.0,594658760#0,2
11720.0,:655375233_4,4
11740.0,-300077497#5,5
11740.0,30620492#0,18
11740.0,30620492#1,5
11740.0,594658760#0,2
11760.0,-593847703#3,4
11760.0,-E0,1
11760.0,30620492#0,14
11760.0,30620492#1,3
11760.0,506322842#0,1
11760.0,506322844#0,3
11760.0,594658760#0,2
11760.0,:2749340167_0,1
11760.0,:cluster_9383263990_9383263991_9383263992_9383263993_13,1
11780.0,-593847703#3,4
11780.0,-E0,1
11780.0,30620492#0,14
11780.0,30620492#1,4
11780.0,506322842#0,1
11780.0,506322844#0,6
11780.0,594658760#0,1
11780.0,:2749340167_0,1
11800.0,-300077497#8,1
11800.0,-35274074#2,1
11800.0,-593847703#3,4
11800.0,-E0,1
11800.0,263217604#0,3
11800.0,30620492#0,17
11800.0,30620492#1,5
11800.0,506322844#0,1
11800.0,:655375238_5,1
11800.0,:655375239_5,1
11820.0,-300077497#5,5
11820.0,-593847703#3,2
11820.0,263217604#0,3
11820.0,30620492#0,18
11820.0,30620492#1,5
11820.0,:655375233_4,2
11840.0,-300077497#5,1
11840.0,-593847703#3,2
11840.0,263217604#0,3
11840.0,30620492#0,18
11840.0,30620492#1,3
11840.0,506322844#0,1
11840.0,:cluster_2528018119_655375236_17,2
11840.0,:cluster_9383263990_9383263991_9383263992_9383263993_13,1
11860.0,-593847703#3,5
11860.0,30620492#0,11
11860.0,30620492#1,4
11860.0,506322842#0,1
11860.0,506322844#0,5
11860.0,594658757#0,1
11860.0,594658760#0,2
11860.0,:2749340167_0,1
11860.0,:cluster_9383263990_9383263991_9383263992_9383263993_13,1
11880.0,-593847703#3,5
11880.0,30620492#0,16
11880.0,30620492#1,5
11880.0,506322842#0,1
11880.0,506322844#0,7
11880.0,594658757#0,1
11880.0,594658760#0,2
11900.0,-300077497#5,5
11900.0,-593847703#3,5
11900.0,-E0,2
11900.0,263217604#0,3
11900.0,30620492#0,18
11900.0,30620492#1,5
11900.0,:cluster655375336_end_0_655375336_end_1_655375336_end_10_655375336_end_11_#8more_17,1
11920.0,-300077497#5,5
11920.0,-593847703#3,5
11920.0,263217604#0,3
11920.0,30620492#0,18
11920.0,30620492#1,5
11940.0,-593847703#3,4
11940.0,182334378#0,1
11940.0,30620492#0,14
11940.0,30620492#1,4
11940.0,506322844#0,4
11940.0,594658760#0,2
11940.0,:cluster3086736522_655375108_655375247_655375401_#1more_14,1
11940.0,:cluster_9383263990_9383263991_9383263992_9383263993_13,1
11960.0,-593847703#3,4
11960.0,30620492#0,14
11960.0,30620492#1,4
11960.0,506322844#0,7
11960.0,594658760#0,3
11960.0,:cluster_9383263990_9383263991_9383263992_9383263993_13,1
11980.0,-300077497#5,1
11980.0,-593847703#3,4
11980.0,263217604#0,4
11980.0,30620492#0,17
11980.0,30620492#1,5
11980.0,506322844#0,1
11980.0,594658760#0,2
11980.0,:655375238_5,1
11980.0,:655375239_6,1
12000.0,-300077497#5,3
12000.0,-593847703#3,4
12000.0,-E0,1
12000.0,263217604#0,5
12000.0,30620492#0,18
12000.0,30620492#1,5
12020.0,-593847703#3,6
12020.0,263217604#0,5
12020.0,30620492#0,18
12020.0,30620492#1,3
12020.0,:cluster_2528018119_655375236_17,1
12020.0,:cluster_9383263990_9383263991_9383263992_9383263993_13,2
12040.0,30620492#0,12
12040.0,30620492#1,4
12040.0,506322844#0,6
12040.0,594658757#0,1
12040.0,594658760#0,4
12040.0,:2749340167_0,1
12060.0,30620492#0,18
12060.0,30620492#1,5
12060.0,506322844#0,6
12060.0,594658757#0,1
12060.0,594658760#0,4
12080.0,-300077497#5,3
12080.0,263217604#0,3
12080.0,30620492#0,18
12080.0,30620492#1,5
12080.0,594658760#0,3
12080.0,:cluster655375336_end_0_655375336_end_1_655375336_end_10_655375336_end_11_#8more_17,1
12080.0,:cluster655375336_end_0_655375336_end_1_655375336_end_10_655375336_end_11_#8more_21,1
12100.0,-300077497#5,3
12100.0,-E0,1
12100.0,263217604#0,3
12100.0,30620492#0,18
12100.0,30620492#1,5
12100.0,594658760#0,1
12120.0,-593847703#3,2
12120.0,182334378#0,1
12120.0,30620492#0,14
12120.0,30620492#1,3
12120.0,506322842#0,1
12120.0,506322844#0,3
12120.0,594658757#0,1
12120.0,594658760#0,3
12120.0,:2749340167_0,1
12120.0,:cluster_9383263990_9383263991_9383263992_9383263993_13,1
12140.0,30620492#0,15
12140.0,30620492#1,5
12140.0,506322842#0,1
12140.0,506322844#0,5
12140.0,594658757#0,1
12140.0,594658760#0,3
12160.0,-300077497#8,2
12160.0,-35274074#2,1
12160.0,-E0,1
12160.0,263217604#0,1
12160.0,30620492#0,18
12160.0,30620492#1,5
12160.0,506322844#0,1
12160.0,594658760#0,2
12160.0,:655375239_5,1
12160.0,:cluster655375336_end_0_655375336_end_1_655375336_end_10_655375336_end_11_#8more_21,1
12180.0,-300077497#5,5
12180.0,-E0,2
12180.0,263217604#0,1
12180.0,30620492#0,18
12180.0,30620492#1,5
12200.0,-300077497#5,1
12200.0,-593847703#3,1
12200.0,182334378#0,1
12200.0,263217604#0,1
12200.0,30620492#0,18
12200.0,30620492#1,3
12200.0,:cluster_2528018119_655375236_17,2
12200.0,:cluster_9383263990_9383263991_9383263992_9383263993_13,2
12220.0,-593847703#3,4
12220.0,30620492#0,11
12220.0,30620492#1,3
12220.0,506322844#0,6
12220.0,594658760#0,1
12220.0,:2749340167_0,2
12220.0,:cluster655375336_end_0_655375336_end_1_655375336_end_10_655375336_end_11_#8more_39,1
12220.0,:cluster_9383263990_9383263991_9383263992_9383263993_13,1
12240.0,30620492#0,15
12240.0,30620492#1,5
12240.0,506322844#0,9
12240.0,594658760#0,1
12240.0,:655375233_4,4
12260.0,-300077497#5,3
12260.0,263217604#0,6
12260.0,30620492#0,18
12260.0,30620492#1,5
12260.0,594658760#0,1
12280.0,-300077497#5,3
12280.0,-E0,1
12280.0,263217604#0,6
12280.0,30620492#0,18
12280.0,30620492#1,5
12300.0,-593847703#3,2
12300.0,-E0,1
12300.0,263217604#0,1
12300.0,30620492#0,14
12300.0,30620492#1,4
12300.0,506322844#0,4
12300.0,594658757#0,2
12300.0,594658760#0,2
12300.0,:cluster3086736522_655375108_655375247_655375401_#1more_16,1
12300.0,:cluster_9383263990_9383263991_9383263992_9383263993_13,1
12320.0,-593847703#3,2
12320.0,30620492#0,14
12320.0,30620492#1,4
12320.0,506322844#0,7
12320.0,594658757#0,4
12320.0,594658760#0,2
12320.0,:cluster_9383263990_9383263991_9383263992_9383263993_13,1
12340.0,-300077497#8,1
12340.0,263217604#0,4
12340.0,30620492#0,16
12340.0,30620492#1,5
12340.0,506322844#0,1
12340.0,594658757#0,4
12340.0,594658760#0,2
12340.0,:655375233_4,2
12340.0,:655375238_5,1
12340.0,:655375239_5,1
12340.0,:655375239_6,1
12360.0,-300077497#5,4
12360.0,-E0,1
12360.0,263217604#0,5
12360.0,30620492#0,18
12360.0,30620492#1,5
12360.0,594658757#0,3
12360.0,594658760#0,1
12380.0,-593847703#3,2
12380.0,-E0,3
12380.0,263217604#0,5
12380.0,30620492#0,18
12380.0,30620492#1,3
12380.0,:cluster_2528018119_655375236_17,2
12380.0,:cluster_9383263990_9383263991_9383263992_9383263993_13,2
12400.0,-593847703#3,4
12400.0,30620492#0,10
12400.0,30620492#1,3
12400.0,506322842#0,2
12400.0,506322844#0,6
12400.0,594658757#0,2
12400.0,594658760#0,3
12400.0,:2749340167_0,1
12400.0,:cluster_9383263990_9383263991_9383263992_9383263993_13,1
12420.0,-593847703#3,4
12420.0,30620492#0,15
12420.0,30620492#1,5
12420.0,506322842#0,2
12420.0,506322844#0,8
12420.0,594658757#0,2
12420.0,594658760#0,3
12440.0,-300077497#5,4
12440.0,-593847703#3,4
12440.0,263217604#0,5
12440.0,30620492#0,18
12440.0,30620492#1,5
12440.0,594658757#0,2
12440.0,594658760#0,3
12440.0,:655375238_2,1
12460.0,-300077497#5,5
12460.0,263217604#0,5
12460.0,30620492#0,18
12460.0,30620492#1,5
12460.0,594658757#0,1
12460.0,594658760#0,2
12460.0,:cluster655375336_end_0_655375336_end_1_655375336_end_10_655375336_end_11_#8more_17,1
12460.0,:cluster655375336_end_0_655375336_end_1_655375336_end_10_655375336_end_11_#8more_21,1
12480.0,-593847703#3,4
12480.0,-E0,3
12480.0,263217604#0,1
12480.0,30620492#0,14
12480.0,30620492#1,3
12480.0,506322842#0,1
12480.0,506322844#0,4
12480.0,594658757#0,1
12480.0,594658760#0,3
12480.0,:cluster3086736522_655375108_655375247_655375401_#1more_30,1
12480.0,:cluster_9383263990_9383263991_9383263992_9383263993_13,1
12500.0,-593847703#3,4
12500.0,30620492#0,13
12500.0,30620492#1,5
12500.0,506322842#0,1
12500.0,506322844#0,7
12500.0,594658757#0,2
12500.0,594658760#0,4
12520.0,-300077497#5,1
12520.0,-300077497#8,1
12520.0,-593847703#3,4
12520.0,263217604#0,2
12520.0,30620492#0,18
12520.0,30620492#1,5
12520.0,506322844#0,1
12520.0,506322846#0,1
12520.0,594658757#0,2
12520.0,594658760#0,4
12520.0,:655375238_5,1
12520.0,:655375239_5,1
12540.0,-300077497#5,5
12540.0,-593847703#3,4
12540.0,-E0,1
12540.0,263217604#0,2
12540.0,288135626#0,1
12540.0,30620492#0,18
12540.0,30620492#1,5
12540.0,594658757#0,1
12540.0,594658760#0,3
12540.0,:cluster655375336_end_0_655375336_end_1_655375336_end_10_655375336_end_11_#8more_17,1
12560.0,-300077497#5,1
12560.0,-593847703#3,3
12560.0,-E0,2
12560.0,263217604#0,2
12560.0,30620492#0,18
12560.0,30620492#1,3
12560.0,:cluster655375336_end_0_655375336_end_1_655375336_end_10_655375336_end_11_#8more_17,2
12560.0,:cluster_2528018119_655375236_17,1
12560.0,:cluster_2528018119_655375236_31,1
12560.0,:cluster_9383263990_9383263991_9383263992_9383263993_13,2
12580.0,-593847703#3,4
12580.0,182334378#0,2
12580.0,30620492#0,13
12580.0,30620492#1,3
12580.0,506322844#0,6
12580.0,594658760#0,2
12580.0,:cluster_9383263990_9383263991_9383263992_9383263993_13,1
12600.0,-593847703#3,4
12600.0,-E0,1
12600.0,30620492#0,16
12600.0,30620492#1,5
12600.0,506322844#0,7
12600.0,:cluster655375336_end_0_655375336_end_1_655375336_end_10_655375336_end_11_#8more_5,1
12620.0,-300077497#5,3
12620.0,-593847703#3,4
12620.0,263217604#0,4
12620.0,30620492#0,18
12620.0,30620492#1,5
12640.0,-300077497#5,3
12640.0,-593847703#3,4
12640.0,263217604#0,4
12640.0,30620492#0,18
12640.0,30620492#1,5
12660.0,-593847703#3,1
12660.0,30620492#0,14
12660.0,30620492#1,3
12660.0,506322844#0,5
12660.0,594658757#0,1
12660.0,594658760#0,1
12660.0,:655375233_4,2
12660.0,:cluster3086736522_655375108_655375247_655375401_#1more_16,1
12660.0,:cluster3086736522_655375108_655375247_655375401_#1more_30,1
12660.0,:cluster_9383263990_9383263991_9383263992_9383263993_10,1
12680.0,30620492#0,13
12680.0,30620492#1,5
12680.0,506322842#0,1
12680.0,506322844#0,7
12680.0,594658757#0,3
12680.0,594658760#0,1
12700.0,-300077497#5,1
12700.0,-300077497#8,1
12700.0,263217604#0,3
12700.0,30620492#0,18
12700.0,30620492#1,5
12700.0,506322844#0,1
12700.0,506322846#0,1
12700.0,594658757#0,3
12700.0,594658760#0,1
12700.0,:655375239_5,1
12720.0,-300077497#5,4
12720.0,263217604#0,3
12720.0,288135626#0,1
12720.0,30620492#0,18
12720.0,30620492#1,5
12720.0,594658757#0,3
12720.0,594658760#0,1
12740.0,-593847703#3,1
12740.0,-E0,1
12740.0,1068234499#0,1
12740.0,182334378#0,1
12740.0,263217604#0,3
12740.0,30620492#0,18
12740.0,30620492#1,3
12740.0,506322844#0,1
12740.0,594658757#0,2
12740.0,:cluster_2528018119_655375236_17,2
12740.0,:cluster_9383263990_9383263991_9383263992_9383263993_13,1
12760.0,-E0,2
12760.0,1068234499#0,1
12760.0,182334378#0,1
12760.0,30620492#0,12
12760.0,30620492#1,4
12760.0,506322842#0,1
12760.0,506322844#0,5
12760.0,594658760#0,1
12760.0,:655375233_4,1
12760.0,:cluster655375336_end_0_655375336_end_1_655375336_end_10_655375336_end_11_#8more_17,1
12760.0,:cluster655375336_end_0_655375336_end_1_655375336_end_10_655375336_end_11_#8more_21,1
12760.0,:cluster_9383263990_9383263991_9383263992_9383263993_13,1
12780.0,1068234499#0,1
12780.0,182334378#0,1
12780.0,30620492#0,16
12780.0,30620492#1,5
12780.0,506322842#0,1
12780.0,506322844#0,6
12800.0,-300077497#5,4
12800.0,-593847703#3,1
12800.0,263217604#0,2
12800.0,30620492#0,16
12800.0,30620492#1,5
12800.0,:cluster_5372642442_631668976_631668981_631669076_36,1
12820.0,-300077497#5,4
12820.0,-593847703#3,1
12820.0,1068234499#0,1
12820.0,263217604#0,2
12820.0,30620492#0,16
12820.0,30620492#1,5
12840.0,-593847703#3,3
12840.0,1068234499#0,1
12840.0,182334378#0,2
12840.0,30620492#0,12
12840.0,30620492#1,4
12840.0,506322844#0,5
12840.0,594658757#0,1
12840.0,594658760#0,1
12860.0,-593847703#3,1
12860.0,-E0,2
12860.0,1068234499#0,1
12860.0,30620492#0,10
12860.0,30620492#1,5
12860.0,506322844#0,6
12860.0,594658757#0,1
12860.0,594658760#0,1
12860.0,:655375233_4,2
12880.0,-300077497#8,1
12880.0,182334378#0,1
12880.0,263217604#0,2
12880.0,30620492#0,10
12880.0,30620492#1,5
12880.0,506322844#0,1
12880.0,594658757#0,1
12880.0,594658760#0,1
12880.0,:655375238_5,1
12880.0,:655375239_5,1
12900.0,-300077497#5,4
12900.0,263217604#0,2
12900.0,30620492#0,10
12900.0,30620492#1,5
12900.0,594658757#0,1
12900.0,594658760#0,1
12920.0,-593847703#3,2
12920.0,-E0,1
12920.0,263217604#0,2
12920.0,30620492#0,10
12920.0,30620492#1,3
12920.0,:cluster655375336_end_0_655375336_end_1_655375336_end_10_655375336_end_11_#8more_17,1
12920.0,:cluster_2528018119_655375236_17,2
12920.0,:cluster_9383263990_9383263991_9383263992_9383263993_13,2
12940.0,-593847703#3,4
12940.0,30620492#0,4
12940.0,30620492#1,4
12940.0,506322844#0,6
12940.0,594658757#0,1
12940.0,594658760#0,1
12940.0,:cluster_9383263990_9383263991_9383263992_9383263993_13,1
12960.0,-593847703#3,4
12960.0,30620492#0,3
12960.0,30620492#1,5
12960.0,506322844#0,7
12980.0,-300077497#5,5
12980.0,263217604#0,2
12980.0,30620492#0,3
12980.0,30620492#1,5
13000.0,-300077497#5,5
13000.0,263217604#0,2
13000.0,30620492#0,3
13000.0,30620492#1,5
13020.0,-593847703#3,4
13020.0,182334378#0,1
13020.0,30620492#1,3
13020.0,506322844#0,5
13020.0,594658757#0,2
13040.0,-593847703#3,4
13040.0,-E0,2
13040.0,30620492#1,2
13040.0,506322844#0,6
13060.0,-300077497#8,2
13060.0,-593847703#3,4
13060.0,263217604#0,2
13060.0,30620492#1,2
13060.0,506322844#0,1
13060.0,:655375239_5,1
13080.0,-300077497#5,4
13080.0,263217604#0,2
13080.0,30620492#1,2
13100.0,-300077497#5,1
13100.0,-593847703#3,1
13100.0,263217604#0,2
13100.0,506322844#0,1
13100.0,:cluster_2528018119_655375236_17,1
13100.0,:cluster_2528018119_655375236_31,1
13100.0,:cluster_9383263990_9383263991_9383263992_9383263993_13,1
13120.0,-593847703#3,3
13120.0,-E0,1
13120.0,506322844#0,2
13120.0,594658760#0,2
13140.0,-593847703#3,3
13140.0,-E0,1
13140.0,506322844#0,2
13160.0,-300077497#5,2
13160.0,-593847703#3,3
13180.0,-300077497#5,2
